t_us,ax_g,ay_g,az_g,gx_dps,gy_dps,gz_dps,temp_c
265247994,0.253000,0.976000,0.107000,4.443000,7.939000,-16.183000,29.71
265260719,0.275000,0.971000,0.109000,4.305000,7.298000,-16.687000,29.66
265269064,0.277000,0.964000,0.118000,3.969000,7.496000,-16.290000,29.66
265276392,0.278000,0.961000,0.113000,3.679000,8.580000,-15.802000,29.61
265287983,0.283000,0.966000,0.114000,3.634000,10.260000,-15.191000,29.66
265297577,0.258000,0.968000,0.121000,3.344000,11.511000,-15.099000,29.66
265305801,0.252000,0.968000,0.123000,2.885000,9.817000,-15.206000,29.66
265315568,0.285000,0.962000,0.118000,1.969000,8.840000,-15.038000,29.66
265328541,0.299000,0.973000,0.118000,0.962000,10.015000,-15.420000,29.71
265335195,0.247000,0.986000,0.124000,-0.031000,9.359000,-14.214000,29.75
265346621,0.242000,0.993000,0.129000,-1.511000,6.427000,-13.511000,29.71
265358464,0.289000,0.984000,0.151000,-1.969000,5.878000,-11.740000,29.61
265368327,0.290000,0.977000,0.158000,-2.458000,8.748000,-9.298000,29.66
265377465,0.264000,0.991000,0.130000,-2.427000,11.466000,-7.176000,29.61
265389427,0.270000,1.024000,0.113000,-2.947000,13.389000,-6.183000,29.57
265400842,0.254000,1.014000,0.083000,-2.611000,13.313000,-5.115000,29.66
265406236,0.203000,1.007000,0.076000,-2.351000,10.305000,-4.824000,29.71
265416862,0.218000,1.021000,0.113000,-3.160000,6.351000,-5.817000,29.66
265426660,0.253000,1.010000,0.094000,-4.076000,3.176000,-5.420000,29.61
265437227,0.267000,0.975000,0.104000,-4.443000,2.794000,-5.420000,29.66
265444665,0.273000,0.995000,0.116000,-4.611000,2.870000,-4.992000,29.61
265457915,0.272000,1.006000,0.110000,-5.664000,2.366000,-5.023000,29.61
265470964,0.269000,0.999000,0.102000,-6.687000,3.802000,-5.298000,29.66
265479154,0.230000,1.018000,0.081000,-6.580000,3.435000,-5.908000,29.71
265484457,0.188000,1.037000,0.079000,-7.405000,-0.229000,-6.290000,29.75
265497605,0.209000,0.994000,0.117000,-6.977000,-2.718000,-5.939000,29.75
265511647,0.246000,0.997000,0.149000,-6.855000,-4.260000,-6.076000,29.61
265516683,0.234000,0.970000,0.130000,-5.710000,-4.229000,-4.458000,29.75
265528046,0.215000,0.958000,0.151000,-4.763000,-5.802000,-3.344000,29.71
265536380,0.217000,0.970000,0.131000,-4.092000,-6.931000,-2.351000,29.57
265547218,0.216000,0.979000,0.113000,-3.924000,-8.901000,-2.702000,29.66
265554850,0.235000,0.949000,0.116000,-2.870000,-9.710000,-2.580000,29.80
265567025,0.243000,0.937000,0.133000,-3.008000,-9.969000,-1.664000,29.66
265575743,0.232000,0.951000,0.119000,-1.649000,-8.687000,-0.901000,29.71
265588989,0.220000,0.968000,0.116000,-1.053000,-9.053000,-1.130000,29.71
265595133,0.248000,0.964000,0.096000,-1.038000,-10.931000,-1.145000,29.66
265607406,0.250000,0.979000,0.098000,-0.015000,-9.481000,-1.649000,29.71
265617599,0.224000,0.998000,0.113000,-0.702000,-8.443000,-2.427000,29.66
265627447,0.256000,0.980000,0.112000,-1.420000,-9.695000,-2.397000,29.71
265636547,0.279000,0.954000,0.120000,-1.160000,-7.466000,-3.069000,29.71
265647325,0.275000,0.989000,0.128000,-1.298000,-3.954000,-3.695000,29.75
265654464,0.250000,1.000000,0.119000,-2.168000,-1.817000,-4.656000,29.80
265664570,0.239000,0.992000,0.104000,-3.191000,-1.481000,-5.008000,29.66
265680245,0.219000,0.984000,0.088000,-3.191000,-1.832000,-5.298000,29.71
265691427,0.242000,0.990000,0.114000,-3.649000,-0.229000,-5.786000,29.80
265700936,0.250000,0.974000,0.126000,-3.328000,2.092000,-5.405000,29.66
265705479,0.246000,0.973000,0.127000,-3.237000,3.405000,-5.740000,29.71
265720353,0.241000,0.989000,0.123000,-3.725000,3.374000,-5.588000,29.75
265726493,0.248000,0.979000,0.110000,-4.855000,3.191000,-5.786000,29.57
265737498,0.253000,0.969000,0.097000,-4.885000,4.641000,-6.427000,29.71
265749118,0.266000,0.953000,0.099000,-5.847000,6.656000,-6.702000,29.66
265759634,0.260000,0.939000,0.086000,-6.473000,7.344000,-7.252000,29.71
265764065,0.254000,0.929000,0.093000,-5.939000,9.603000,-7.008000,29.66
265775133,0.235000,0.949000,0.098000,-5.756000,12.153000,-7.527000,29.66
265794315,0.201000,0.949000,0.102000,-6.183000,12.702000,-7.099000,29.71
265804167,0.246000,0.920000,0.120000,-6.504000,15.847000,-6.687000,29.66
265809933,0.245000,0.910000,0.110000,-5.878000,18.000000,-6.107000,29.75
265816731,0.238000,0.907000,0.102000,-5.969000,19.908000,-6.031000,29.66
265827897,0.227000,0.905000,0.090000,-5.786000,19.389000,-5.939000,29.75
265834421,0.216000,0.906000,0.093000,-5.679000,18.137000,-6.458000,29.61
265847941,0.211000,0.891000,0.084000,-5.344000,16.595000,-6.443000,29.66
265861203,0.179000,0.901000,0.081000,-4.702000,17.069000,-7.481000,29.61
265865815,0.195000,0.910000,0.072000,-5.374000,16.656000,-9.221000,29.80
265872636,0.208000,0.880000,0.113000,-5.908000,15.786000,-9.115000,29.75
265888472,0.219000,0.887000,0.086000,-6.427000,15.634000,-9.252000,29.71
265898978,0.234000,0.885000,0.082000,-5.389000,17.969000,-8.504000,29.66
265907355,0.226000,0.897000,0.094000,-5.603000,20.046000,-8.748000,29.75
265917932,0.213000,0.922000,0.073000,-6.153000,20.076000,-8.901000,29.61
265929741,0.218000,0.924000,0.078000,-6.565000,20.992000,-8.962000,29.66
265938429,0.201000,0.931000,0.091000,-5.664000,20.397000,-9.176000,29.71
265947543,0.196000,0.969000,0.088000,-6.779000,19.756000,-8.534000,29.66
265958700,0.230000,0.958000,0.088000,-7.771000,17.817000,-8.031000,29.61
265966946,0.262000,0.959000,0.083000,-6.733000,18.153000,-5.924000,29.71
265975613,0.232000,0.980000,0.111000,-7.176000,18.580000,-3.939000,29.75
265982631,0.251000,1.016000,0.131000,-7.954000,16.244000,-2.641000,29.71
266000828,0.287000,1.079000,0.121000,-9.756000,15.679000,-1.115000,29.66
266010071,0.268000,1.106000,0.104000,-10.824000,20.840000,0.580000,29.66
266017415,0.243000,1.123000,0.093000,-11.435000,19.756000,2.931000,29.71
266029489,0.306000,1.119000,0.074000,-11.084000,17.679000,6.443000,29.66
266037169,0.344000,1.174000,0.111000,-13.237000,16.489000,7.710000,29.71
266048298,0.368000,1.199000,0.167000,-13.969000,14.870000,9.191000,29.75
266060832,0.395000,1.207000,0.148000,-13.389000,15.649000,9.206000,29.61
266066509,0.448000,1.254000,0.185000,-15.908000,15.725000,8.397000,29.61
266074012,0.394000,1.264000,0.208000,-19.145000,14.840000,11.832000,29.75
266085333,0.452000,1.299000,0.137000,-22.198000,10.962000,12.901000,29.71
266101664,0.458000,1.318000,0.137000,-27.511000,8.229000,15.206000,29.75
266108184,0.487000,1.332000,0.195000,-31.618000,5.328000,18.641000,29.66
266117046,0.543000,1.274000,0.257000,-36.824000,3.191000,20.061000,29.71
266129326,0.559000,1.246000,0.279000,-39.573000,3.313000,24.748000,29.75
266138477,0.552000,1.262000,0.161000,-41.267000,4.992000,27.466000,29.71
266149215,0.529000,1.289000,0.208000,-44.137000,8.855000,28.458000,29.66
266158244,0.531000,1.307000,0.186000,-48.611000,11.221000,31.725000,29.66
266170131,0.552000,1.256000,0.206000,-51.023000,16.153000,37.481000,29.71
266175271,0.566000,1.154000,0.109000,-46.855000,20.672000,40.336000,29.75
266182493,0.650000,1.281000,0.351000,-57.298000,22.183000,44.565000,29.71
266197307,0.605000,1.331000,0.272000,-61.481000,27.344000,46.260000,29.66
266209487,0.728000,1.253000,0.323000,-65.695000,34.779000,47.450000,29.75
266214668,0.627000,1.323000,0.401000,-73.603000,36.092000,53.649000,29.71
266226886,0.486000,1.295000,0.301000,-81.740000,30.794000,57.985000,29.75
266238197,0.556000,1.185000,0.434000,-88.641000,24.870000,64.931000,29.71
266246908,0.477000,1.259000,0.394000,-93.527000,25.710000,71.649000,29.66
266255849,0.467000,1.289000,0.374000,-98.687000,20.107000,76.702000,29.66
266266606,0.534000,1.172000,0.455000,-102.611000,14.168000,83.252000,29.71
266277272,0.516000,1.166000,0.464000,-102.855000,13.206000,87.969000,29.75
266284369,0.499000,1.201000,0.501000,-106.779000,7.328000,91.802000,29.80
266299485,0.554000,1.125000,0.514000,-110.443000,-0.550000,97.389000,29.75
266311027,0.521000,1.097000,0.543000,-110.885000,1.527000,103.588000,29.75
266320238,0.548000,1.110000,0.518000,-113.618000,3.496000,108.763000,29.71
266326187,0.542000,1.007000,0.558000,-114.824000,2.550000,115.160000,29.75
266341134,0.490000,1.031000,0.539000,-116.031000,0.534000,118.534000,29.71
266348239,0.479000,0.995000,0.463000,-115.130000,-2.489000,121.634000,29.66
266355687,0.572000,0.911000,0.558000,-117.527000,-7.252000,126.641000,29.75
266367039,0.494000,0.956000,0.620000,-111.191000,-3.420000,115.573000,29.71
266377320,0.548000,0.864000,0.678000,-110.580000,-10.229000,120.687000,29.66
266385072,0.612000,0.805000,0.751000,-108.214000,-10.183000,118.611000,29.71
266396834,0.541000,0.772000,0.818000,-107.893000,-11.588000,121.985000,29.75
266405852,0.487000,0.831000,0.758000,-107.542000,-15.847000,124.061000,29.75
266419800,0.498000,0.782000,0.665000,-108.870000,-19.435000,126.702000,29.80
266424925,0.472000,0.796000,0.633000,-105.466000,-20.366000,127.313000,29.75
266442092,0.434000,0.792000,0.612000,-104.824000,-16.901000,128.382000,29.71
266454677,0.492000,0.748000,0.698000,-101.634000,-19.771000,127.527000,29.75
266456920,0.569000,0.652000,0.736000,-102.534000,-18.824000,127.954000,29.75
266469395,0.503000,0.674000,0.743000,-99.771000,-18.550000,127.786000,29.80
266478076,0.521000,0.669000,0.754000,-101.298000,-23.649000,127.756000,29.75
266486232,0.563000,0.654000,0.757000,-104.198000,-26.901000,128.443000,29.71
266496652,0.531000,0.649000,0.740000,-106.061000,-24.656000,127.878000,29.66
266503434,0.524000,0.635000,0.696000,-104.305000,-24.885000,127.191000,29.66
266520388,0.567000,0.527000,0.725000,-106.244000,-28.947000,127.359000,29.71
266528530,0.567000,0.542000,0.788000,-105.374000,-24.534000,126.198000,29.75
266534725,0.593000,0.533000,0.789000,-105.863000,-25.008000,124.702000,29.71
266550979,0.622000,0.507000,0.790000,-109.145000,-28.366000,122.290000,29.75
266562176,0.604000,0.493000,0.769000,-109.679000,-32.092000,117.740000,29.75
266566299,0.586000,0.502000,0.719000,-109.878000,-34.656000,113.603000,29.71
266577542,0.542000,0.457000,0.592000,-108.794000,-36.687000,109.130000,29.75
266588239,0.583000,0.453000,0.620000,-108.687000,-41.511000,105.053000,29.71
266597127,0.502000,0.388000,0.544000,-102.748000,-42.321000,99.221000,29.66
266603160,0.500000,0.393000,0.536000,-96.824000,-48.214000,94.153000,29.66
266615882,0.518000,0.330000,0.598000,-94.290000,-55.908000,89.435000,29.80
266629383,0.502000,0.208000,0.574000,-94.336000,-60.855000,85.954000,29.66
266640553,0.600000,0.150000,0.560000,-86.107000,-65.023000,87.237000,29.61
266646811,0.565000,0.237000,0.590000,-79.603000,-61.985000,83.573000,29.66
266659444,0.528000,0.253000,0.471000,-75.359000,-67.969000,76.473000,29.66
266669619,0.634000,0.223000,0.547000,-73.634000,-76.336000,72.214000,29.71
266676619,0.658000,0.159000,0.569000,-72.443000,-72.122000,67.802000,29.66
266688020,0.634000,0.035000,0.547000,-64.626000,-65.389000,68.885000,29.71
266698171,0.621000,0.118000,0.514000,-64.122000,-59.191000,67.145000,29.75
266707231,0.573000,0.149000,0.390000,-59.481000,-55.649000,67.038000,29.75
266716323,0.592000,0.160000,0.338000,-57.939000,-52.855000,63.420000,29.71
266723435,0.626000,0.117000,0.372000,-57.389000,-53.481000,59.069000,29.75
266741186,0.649000,0.019000,0.371000,-52.855000,-52.137000,55.115000,29.71
266747383,0.600000,0.070000,0.376000,-48.321000,-50.122000,52.611000,29.75
266756505,0.604000,-0.009000,0.390000,-46.931000,-51.267000,52.931000,29.75
266770002,0.546000,-0.051000,0.313000,-41.511000,-44.489000,51.878000,29.80
266777252,0.532000,0.093000,0.314000,-37.588000,-40.656000,49.740000,29.66
266786810,0.562000,-0.004000,0.288000,-34.870000,-39.130000,45.756000,29.71
266800512,0.635000,-0.026000,0.354000,-29.954000,-37.252000,40.382000,29.66
266807401,0.642000,-0.051000,0.362000,-26.427000,-35.099000,35.298000,29.66
266817778,0.646000,-0.102000,0.334000,-21.145000,-29.954000,30.092000,29.80
266823889,0.643000,-0.043000,0.308000,-16.565000,-24.427000,24.824000,29.75
266839998,0.613000,-0.033000,0.303000,-11.878000,-18.366000,18.565000,29.71
266855868,0.598000,-0.053000,0.315000,-8.504000,-13.405000,14.794000,29.75
266858782,0.520000,-0.026000,0.297000,-4.641000,-11.649000,11.527000,29.75
266865616,0.558000,0.001000,0.242000,-2.382000,-9.679000,8.885000,29.61
266878830,0.534000,-0.033000,0.214000,1.634000,-2.733000,6.840000,29.75
266887576,0.522000,0.009000,0.263000,3.511000,-4.366000,3.969000,29.71
266895849,0.676000,-0.029000,0.303000,6.198000,1.084000,1.481000,29.75
266909161,0.609000,-0.027000,0.305000,9.954000,12.061000,-0.427000,29.75
266919966,0.637000,-0.037000,0.413000,10.763000,14.473000,-4.412000,29.71
266926649,0.692000,-0.044000,0.392000,13.954000,25.237000,-8.550000,29.75
266933411,0.664000,-0.023000,0.383000,16.244000,33.664000,-12.611000,29.80
266948112,0.704000,-0.025000,0.400000,16.366000,37.313000,-17.267000,29.66
266959692,0.674000,-0.041000,0.312000,19.664000,46.290000,-22.672000,29.75
266965010,0.587000,0.031000,0.269000,23.603000,46.763000,-25.985000,29.71
266977292,0.604000,0.049000,0.301000,23.924000,44.168000,-32.885000,29.75
266989462,0.602000,0.003000,0.274000,27.954000,50.718000,-37.115000,29.71
266997433,0.592000,0.051000,0.329000,33.023000,52.565000,-40.687000,29.75
267009732,0.613000,0.058000,0.394000,31.878000,48.702000,-45.038000,29.75
267017086,0.710000,-0.012000,0.461000,33.466000,51.481000,-46.977000,29.71
267027048,0.628000,0.010000,0.431000,38.076000,61.069000,-50.015000,29.75
267035119,0.624000,0.119000,0.376000,38.855000,63.298000,-52.855000,29.71
267040997,0.666000,0.108000,0.340000,41.664000,67.267000,-57.908000,29.75
267060721,0.634000,0.126000,0.350000,44.779000,69.145000,-63.878000,29.66
267070019,0.625000,0.091000,0.416000,47.115000,64.260000,-67.985000,29.80
267075969,0.645000,0.054000,0.519000,49.466000,61.252000,-70.733000,29.75
267088695,0.628000,0.112000,0.523000,53.466000,66.931000,-71.603000,29.71
267097842,0.521000,0.195000,0.472000,55.008000,67.924000,-71.740000,29.75
267106401,0.562000,0.238000,0.454000,55.221000,65.878000,-72.412000,29.75
267117974,0.677000,0.204000,0.459000,56.122000,70.901000,-74.244000,29.71
267126278,0.622000,0.179000,0.517000,61.221000,80.046000,-78.779000,29.75
267137143,0.545000,0.281000,0.521000,62.824000,72.550000,-82.748000,29.71
267144274,0.618000,0.248000,0.570000,62.809000,66.305000,-86.168000,29.66
267158412,0.643000,0.278000,0.570000,66.489000,72.626000,-88.489000,29.75
267174376,0.628000,0.280000,0.624000,68.122000,78.870000,-87.542000,29.71
267178699,0.601000,0.285000,0.633000,68.840000,78.214000,-85.847000,29.75
267186497,0.572000,0.362000,0.646000,67.145000,76.260000,-86.427000,29.71
267198507,0.546000,0.338000,0.629000,69.985000,74.733000,-88.473000,29.75
267206196,0.508000,0.402000,0.617000,73.496000,66.366000,-90.443000,29.75
267218290,0.574000,0.374000,0.726000,75.328000,62.733000,-91.267000,29.71
267227018,0.627000,0.371000,0.724000,79.496000,65.252000,-94.931000,29.66
267239058,0.674000,0.335000,0.770000,79.313000,63.038000,-91.267000,29.61
267246016,0.527000,0.331000,0.688000,84.076000,58.702000,-89.298000,29.66
267253194,0.516000,0.498000,0.757000,83.252000,53.160000,-88.458000,29.71
267266714,0.530000,0.556000,0.730000,84.244000,54.366000,-91.557000,29.61
267276223,0.595000,0.576000,0.728000,85.511000,57.344000,-95.649000,29.66
267286321,0.500000,0.596000,0.714000,87.405000,57.756000,-100.656000,29.71
267298678,0.565000,0.593000,0.745000,90.962000,53.893000,-105.206000,29.66
267308859,0.605000,0.585000,0.760000,89.344000,55.802000,-104.321000,29.75
267317089,0.441000,0.696000,0.682000,89.450000,56.198000,-102.137000,29.71
267327805,0.470000,0.727000,0.710000,87.969000,53.313000,-98.366000,29.75
267340490,0.431000,0.746000,0.746000,82.626000,51.145000,-94.626000,29.71
267345165,0.396000,0.803000,0.755000,82.672000,50.534000,-93.328000,29.75
267354844,0.454000,0.808000,0.785000,80.641000,49.267000,-94.137000,29.61
267367860,0.456000,0.808000,0.761000,82.031000,54.443000,-91.221000,29.71
267379905,0.433000,0.829000,0.810000,86.031000,53.542000,-94.626000,29.75
267387402,0.575000,0.834000,0.885000,83.328000,47.160000,-95.908000,29.71
267401914,0.557000,0.779000,0.905000,83.130000,44.885000,-99.740000,29.66
267413031,0.490000,0.828000,0.886000,82.305000,40.931000,-101.618000,29.66
267415216,0.381000,0.894000,0.797000,81.252000,30.260000,-102.977000,29.61
267427097,0.340000,0.930000,0.711000,76.015000,24.687000,-101.389000,29.75
267437821,0.315000,0.975000,0.673000,78.168000,27.008000,-98.275000,29.61
267448469,0.354000,0.979000,0.653000,76.931000,26.305000,-97.908000,29.75
267456608,0.336000,0.998000,0.675000,76.443000,25.969000,-94.595000,29.71
267463677,0.374000,1.009000,0.744000,73.282000,31.786000,-88.901000,29.61
267480262,0.308000,1.048000,0.690000,70.626000,38.519000,-83.618000,29.66
267489355,0.286000,1.104000,0.626000,67.878000,41.939000,-80.137000,29.71
267499895,0.366000,1.087000,0.692000,63.206000,46.260000,-75.298000,29.75
267513184,0.370000,0.973000,0.758000,62.183000,48.382000,-74.321000,29.66
267519308,0.373000,0.994000,0.688000,62.550000,38.382000,-77.313000,29.71
267528909,0.491000,0.924000,0.795000,58.840000,23.405000,-81.908000,29.66
267537368,0.374000,0.946000,0.757000,59.313000,12.473000,-84.000000,29.61
267550539,0.297000,1.003000,0.685000,57.237000,-4.550000,-83.557000,29.75
267554726,0.302000,0.917000,0.689000,54.794000,-8.580000,-81.069000,29.75
267565702,0.197000,0.997000,0.577000,57.573000,-0.733000,-73.893000,29.71
267572659,0.152000,1.116000,0.460000,58.901000,0.916000,-72.183000,29.75
267594578,0.338000,1.096000,0.541000,54.275000,4.656000,-71.237000,29.61
267597637,0.426000,0.996000,0.659000,50.214000,13.221000,-68.504000,29.71
267607436,0.378000,0.932000,0.666000,46.458000,17.053000,-67.008000,29.66
267618902,0.363000,0.927000,0.650000,44.244000,14.107000,-65.740000,29.71
267626063,0.298000,0.968000,0.515000,42.672000,7.511000,-65.573000,29.66
267637639,0.289000,0.995000,0.471000,44.000000,1.725000,-66.153000,29.71
267649123,0.279000,1.003000,0.498000,43.099000,-2.397000,-67.038000,29.71
267656329,0.229000,0.980000,0.493000,43.206000,-8.412000,-66.092000,29.85
267664999,0.269000,1.012000,0.488000,42.229000,-10.412000,-63.679000,29.61
267674882,0.313000,1.009000,0.548000,39.221000,-10.137000,-59.588000,29.75
267689149,0.375000,0.977000,0.598000,35.756000,-6.412000,-56.611000,29.71
267705367,0.406000,0.957000,0.592000,33.344000,-0.214000,-51.527000,29.71
267707475,0.423000,0.979000,0.542000,28.382000,0.519000,-43.740000,29.75
267720331,0.384000,1.014000,0.430000,25.466000,-2.870000,-38.565000,29.61
267731605,0.433000,1.093000,0.460000,19.115000,-16.870000,-32.992000,29.75
267737514,0.553000,1.096000,0.558000,11.527000,-29.420000,-25.176000,29.75
267748634,0.568000,0.970000,0.608000,6.183000,-33.878000,-18.122000,29.71
267760614,0.527000,0.969000,0.632000,1.893000,-39.099000,-11.664000,29.66
267769373,0.493000,0.962000,0.652000,-2.015000,-40.489000,-8.809000,29.71
267776595,0.368000,0.947000,0.604000,-3.695000,-37.802000,-6.779000,29.75
267783673,0.347000,0.983000,0.500000,-5.588000,-43.328000,-4.977000,29.75
267801191,0.327000,1.000000,0.430000,-6.519000,-46.687000,-4.321000,29.71
267809722,0.380000,1.048000,0.507000,-9.908000,-45.374000,-2.916000,29.75
267816380,0.340000,1.027000,0.522000,-12.550000,-44.229000,3.832000,29.66
267831538,0.316000,1.029000,0.585000,-17.344000,-42.885000,9.832000,29.75
267839557,0.347000,1.070000,0.516000,-21.542000,-43.023000,17.939000,29.75
267849182,0.435000,1.077000,0.553000,-25.847000,-39.725000,21.145000,29.71
267858807,0.410000,1.070000,0.463000,-26.595000,-31.908000,26.473000,29.85
267867415,0.350000,1.116000,0.499000,-28.962000,-30.092000,28.031000,29.61
267873696,0.450000,1.113000,0.623000,-32.275000,-32.931000,29.679000,29.75
267885249,0.556000,1.002000,0.689000,-35.084000,-27.939000,33.588000,29.66
267897494,0.486000,1.067000,0.691000,-36.153000,-23.160000,38.672000,29.71
267907080,0.501000,1.064000,0.682000,-42.473000,-27.740000,40.901000,29.66
267917374,0.554000,1.074000,0.681000,-45.176000,-20.885000,47.649000,29.71
267929659,0.463000,1.170000,0.554000,-48.473000,-14.565000,52.595000,29.75
267937740,0.382000,1.181000,0.469000,-53.878000,-16.977000,56.214000,29.71
267943592,0.403000,1.163000,0.499000,-57.389000,-23.450000,60.794000,29.71
267959851,0.471000,1.052000,0.614000,-61.237000,-22.931000,65.313000,29.66
267968801,0.469000,1.050000,0.681000,-62.824000,-24.229000,70.656000,29.71
267975101,0.522000,0.977000,0.722000,-68.580000,-27.908000,74.229000,29.75
267986413,0.553000,0.979000,0.751000,-69.160000,-28.931000,76.824000,29.71
268003156,0.544000,1.071000,0.697000,-72.580000,-30.229000,78.412000,29.71
268012921,0.547000,1.058000,0.675000,-75.359000,-34.122000,80.397000,29.66
268016347,0.511000,1.064000,0.623000,-76.824000,-34.046000,83.939000,29.71
268031183,0.577000,1.064000,0.705000,-77.542000,-29.634000,87.786000,29.75
268039247,0.517000,0.820000,0.604000,-77.649000,-33.649000,97.695000,29.71
268044984,0.577000,0.855000,0.798000,-78.534000,-25.649000,102.916000,29.61
268056871,0.500000,0.926000,0.760000,-80.489000,-25.481000,108.718000,29.66
268067190,0.586000,0.872000,0.816000,-84.183000,-31.924000,112.595000,29.71
268075839,0.564000,0.941000,0.756000,-83.298000,-24.947000,116.137000,29.66
268087126,0.487000,0.957000,0.694000,-84.458000,-26.000000,116.580000,29.71
268094128,0.505000,0.905000,0.697000,-85.298000,-35.206000,116.107000,29.75
268111321,0.545000,0.897000,0.786000,-86.000000,-41.313000,115.069000,29.75
268117107,0.617000,0.846000,0.819000,-85.481000,-36.840000,115.206000,29.71
268128247,0.594000,0.779000,0.833000,-84.168000,-36.260000,117.145000,29.75
268139125,0.610000,0.772000,0.856000,-84.534000,-36.321000,116.855000,29.71
268147070,0.633000,0.794000,0.851000,-84.397000,-32.580000,118.229000,29.75
268158115,0.581000,0.782000,0.853000,-84.229000,-26.290000,118.183000,29.75
268170286,0.512000,0.820000,0.837000,-85.557000,-29.481000,118.366000,29.71
268178385,0.519000,0.797000,0.816000,-88.397000,-36.183000,117.969000,29.57
268187447,0.559000,0.695000,0.738000,-87.221000,-42.260000,116.733000,29.71
268194457,0.580000,0.726000,0.872000,-85.786000,-46.885000,113.053000,29.66
268213143,0.539000,0.669000,0.824000,-88.321000,-53.618000,113.969000,29.66
268221022,0.535000,0.609000,0.901000,-87.420000,-58.702000,114.412000,29.61
268227076,0.574000,0.638000,0.798000,-89.328000,-60.489000,115.328000,29.75
268241320,0.698000,0.575000,0.788000,-89.664000,-54.183000,114.901000,29.71
268249943,0.557000,0.606000,0.710000,-86.107000,-43.802000,113.863000,29.66
268256671,0.512000,0.590000,0.691000,-86.519000,-48.901000,112.443000,29.66
268269849,0.593000,0.539000,0.719000,-82.992000,-50.565000,107.847000,29.71
268281264,0.606000,0.458000,0.745000,-80.458000,-48.931000,101.008000,29.66
268283609,0.594000,0.366000,0.816000,-78.794000,-54.382000,98.321000,29.80
268294941,0.596000,0.354000,0.774000,-78.779000,-57.023000,95.985000,29.66
268308645,0.586000,0.376000,0.745000,-76.275000,-58.687000,96.534000,29.66
268322988,0.575000,0.383000,0.697000,-76.977000,-64.427000,97.939000,29.71
268327461,0.556000,0.379000,0.641000,-76.229000,-63.771000,98.198000,29.75
268336636,0.528000,0.396000,0.666000,-73.420000,-62.427000,97.802000,29.71
268349373,0.465000,0.379000,0.572000,-72.947000,-65.359000,96.321000,29.66
268354583,0.580000,0.321000,0.527000,-69.725000,-70.214000,92.733000,29.71
268367121,0.625000,0.282000,0.546000,-67.939000,-77.832000,88.107000,29.71
268376813,0.733000,0.164000,0.718000,-68.214000,-81.084000,87.664000,29.66
268385503,0.649000,0.182000,0.664000,-66.397000,-77.542000,87.313000,29.71
268395851,0.668000,0.278000,0.591000,-67.389000,-78.168000,86.702000,29.75
268403702,0.774000,0.244000,0.514000,-66.153000,-65.313000,86.382000,29.66
268417504,0.704000,0.224000,0.535000,-60.992000,-46.962000,85.466000,29.71
268427482,0.551000,0.281000,0.474000,-60.962000,-47.450000,86.275000,29.75
268437532,0.599000,0.118000,0.479000,-59.023000,-49.282000,83.939000,29.71
268451258,0.678000,0.112000,0.534000,-57.023000,-50.427000,81.496000,29.75
268456489,0.562000,0.058000,0.457000,-55.160000,-57.145000,79.221000,29.71
268467515,0.587000,0.066000,0.492000,-51.985000,-67.695000,75.878000,29.85
268476441,0.637000,0.112000,0.516000,-48.916000,-74.260000,71.359000,29.66
268487186,0.698000,0.035000,0.404000,-44.794000,-74.855000,65.710000,29.71
268497118,0.858000,0.002000,0.501000,-40.427000,-68.962000,58.519000,29.66
268504235,0.857000,0.021000,0.565000,-38.595000,-53.298000,54.534000,29.75
268520116,0.767000,0.034000,0.493000,-39.038000,-43.252000,51.725000,29.80
268528948,0.744000,0.046000,0.351000,-40.489000,-30.794000,49.863000,29.66
268536642,0.618000,0.124000,0.300000,-40.153000,-24.214000,49.695000,29.71
268550394,0.618000,0.111000,0.274000,-41.099000,-26.000000,46.641000,29.75
268558337,0.622000,0.037000,0.325000,-38.504000,-21.099000,44.443000,29.71
268568702,0.634000,-0.006000,0.434000,-37.588000,-20.809000,42.336000,29.71
268581415,0.688000,-0.074000,0.367000,-33.618000,-17.573000,41.359000,29.66
268588153,0.779000,-0.097000,0.462000,-30.427000,-9.145000,38.565000,29.80
268593411,0.686000,-0.053000,0.355000,-26.305000,-6.336000,31.481000,29.75
268605190,0.703000,-0.096000,0.319000,-24.275000,-7.786000,24.748000,29.75
268620984,0.689000,-0.034000,0.356000,-20.702000,-6.458000,17.618000,29.80
268631471,0.651000,-0.043000,0.333000,-19.954000,-10.855000,12.153000,29.75
268637246,0.577000,-0.123000,0.275000,-15.618000,-10.244000,7.298000,29.71
268649787,0.682000,-0.060000,0.370000,-12.672000,-9.847000,4.336000,29.75
268657662,0.715000,-0.081000,0.409000,-11.237000,-3.573000,0.824000,29.71
268665281,0.650000,-0.145000,0.268000,-6.382000,2.763000,-0.748000,29.71
268677508,0.603000,-0.003000,0.284000,-3.206000,11.053000,-2.198000,29.66
268690587,0.631000,0.023000,0.224000,-2.443000,16.595000,-4.076000,29.71
268695411,0.534000,-0.034000,0.183000,-1.496000,16.473000,-4.412000,29.75
268706818,0.613000,-0.060000,0.252000,-2.229000,9.542000,-7.954000,29.66
268719370,0.894000,-0.087000,0.371000,0.672000,24.687000,-13.771000,29.71
268729796,0.775000,-0.117000,0.381000,3.634000,42.824000,-17.817000,29.75
268735821,0.621000,-0.151000,0.370000,7.267000,45.344000,-19.725000,29.80
268746725,0.554000,-0.105000,0.359000,10.473000,26.473000,-24.580000,29.66
268758561,0.764000,-0.072000,0.373000,10.305000,28.260000,-29.878000,29.61
268767617,0.755000,-0.098000,0.380000,11.954000,38.519000,-37.802000,29.71
268778048,0.792000,-0.096000,0.366000,14.550000,35.878000,-47.786000,29.75
268789647,0.734000,-0.097000,0.375000,16.718000,35.115000,-52.580000,29.80
268797523,0.625000,-0.113000,0.500000,22.901000,32.763000,-55.511000,29.75
268803139,0.630000,-0.014000,0.377000,27.634000,30.916000,-52.489000,29.57
268816207,0.792000,-0.062000,0.483000,29.252000,46.031000,-46.947000,29.80
268829277,0.792000,-0.030000,0.470000,27.832000,57.802000,-44.748000,29.66
268838434,0.767000,-0.048000,0.311000,24.550000,59.634000,-45.618000,29.71
268848979,0.710000,-0.025000,0.272000,27.847000,62.534000,-50.107000,29.75
268860604,0.522000,0.170000,0.253000,35.038000,62.672000,-55.053000,29.80
268868242,0.529000,0.190000,0.359000,37.267000,51.389000,-57.160000,29.71
268875950,0.774000,0.001000,0.548000,37.237000,46.901000,-61.084000,29.66
268889798,0.927000,-0.058000,0.719000,40.397000,50.626000,-65.481000,29.71
268897430,0.962000,-0.088000,0.710000,40.855000,50.794000,-69.756000,29.75
268905377,0.817000,-0.076000,0.554000,43.802000,48.443000,-75.802000,29.66
268916965,0.606000,0.209000,0.395000,48.275000,42.656000,-79.374000,29.71
268926191,0.580000,0.262000,0.399000,48.198000,44.214000,-78.168000,29.75
268937215,0.650000,0.191000,0.514000,51.450000,48.260000,-77.435000,29.80
268946277,0.686000,0.216000,0.576000,49.420000,47.313000,-77.145000,29.66
268959912,0.769000,0.145000,0.562000,49.313000,46.916000,-75.725000,29.61
268968031,0.731000,0.181000,0.530000,48.702000,52.672000,-73.145000,29.71
268976147,0.659000,0.265000,0.506000,46.336000,56.260000,-68.412000,29.66
268988058,0.627000,0.314000,0.516000,47.206000,58.275000,-63.969000,29.80
269000019,0.654000,0.302000,0.633000,45.985000,60.855000,-59.817000,29.66
269006561,0.702000,0.206000,0.774000,45.908000,65.206000,-56.962000,29.75
269013383,0.671000,0.294000,0.702000,48.840000,63.160000,-56.290000,29.71
269029193,0.759000,0.318000,0.753000,47.389000,58.168000,-61.176000,29.66
269039962,0.788000,0.196000,0.699000,50.382000,60.382000,-66.031000,29.80
269046333,0.689000,0.276000,0.669000,53.511000,60.901000,-67.893000,29.66
269057266,0.648000,0.283000,0.676000,57.725000,53.908000,-70.611000,29.71
269070210,0.660000,0.321000,0.709000,60.427000,42.870000,-72.351000,29.61
269076850,0.753000,0.277000,0.836000,59.695000,36.794000,-73.588000,29.75
269087399,0.733000,0.398000,0.745000,63.160000,46.473000,-76.351000,29.80
269102440,0.719000,0.408000,0.703000,62.962000,52.015000,-79.420000,29.75
269106854,0.651000,0.454000,0.643000,64.992000,47.084000,-81.893000,29.66
269115354,0.685000,0.501000,0.710000,66.519000,45.603000,-86.000000,29.61
269122483,0.723000,0.508000,0.721000,64.290000,48.244000,-83.252000,29.85
269139289,0.659000,0.470000,0.720000,61.466000,58.305000,-80.229000,29.71
269148352,0.518000,0.571000,0.698000,61.084000,62.504000,-76.015000,29.66
269155956,0.455000,0.632000,0.707000,62.840000,62.611000,-74.855000,29.80
269169248,0.574000,0.531000,0.760000,63.954000,61.374000,-73.924000,29.71
269178097,0.643000,0.540000,0.909000,65.542000,56.733000,-77.069000,29.75
269190231,0.638000,0.489000,0.974000,68.015000,51.710000,-81.954000,29.71
269199215,0.608000,0.506000,0.840000,69.359000,50.702000,-80.000000,29.75
269206931,0.628000,0.588000,0.824000,70.244000,52.641000,-83.084000,29.75
269217400,0.638000,0.700000,0.800000,67.298000,51.267000,-86.290000,29.61
269224359,0.526000,0.665000,0.732000,61.771000,47.832000,-87.527000,29.75
269241405,0.562000,0.693000,0.780000,61.298000,49.267000,-86.824000,29.71
269251579,0.584000,0.653000,0.776000,62.519000,51.740000,-85.756000,29.75
269256547,0.390000,0.604000,0.703000,66.092000,51.420000,-83.206000,29.71
269270098,0.487000,0.700000,0.860000,65.160000,42.748000,-81.588000,29.71
269278122,0.514000,0.643000,0.758000,66.718000,45.618000,-79.756000,29.75
269283266,0.311000,0.727000,0.767000,66.885000,39.542000,-77.130000,29.71
269297441,0.495000,0.761000,0.939000,64.382000,31.573000,-76.641000,29.75
269309330,0.572000,0.667000,0.855000,64.733000,43.695000,-73.466000,29.66
269315152,0.396000,0.742000,0.775000,63.313000,47.893000,-70.748000,29.71
269326395,0.434000,0.830000,0.734000,61.710000,44.962000,-70.626000,29.75
269339472,0.395000,0.807000,0.614000,62.687000,51.618000,-72.275000,29.80
269353485,0.394000,0.847000,0.642000,63.359000,46.031000,-74.916000,29.66
269357660,0.661000,0.828000,0.875000,57.939000,37.511000,-78.611000,29.71
269366771,0.499000,0.727000,0.878000,58.031000,37.099000,-80.870000,29.66
269380351,0.346000,0.758000,0.866000,55.099000,23.267000,-81.191000,29.66
269385592,0.438000,0.793000,0.797000,55.221000,16.794000,-78.382000,29.71
269397015,0.355000,0.834000,0.638000,58.260000,17.130000,-76.870000,29.66
269407711,0.296000,0.940000,0.636000,54.168000,12.000000,-77.405000,29.66
269416437,0.502000,0.904000,0.781000,49.435000,11.237000,-75.588000,29.75
269423174,0.407000,0.851000,0.692000,49.191000,22.947000,-72.412000,29.85
269439014,0.311000,0.893000,0.673000,46.656000,25.160000,-69.771000,29.61
269448694,0.377000,0.871000,0.643000,43.420000,26.351000,-66.061000,29.57
269458248,0.349000,0.886000,0.620000,45.649000,29.313000,-65.847000,29.80
269468241,0.241000,0.896000,0.565000,45.466000,23.527000,-64.702000,29.75
269476916,0.370000,0.885000,0.667000,44.092000,13.282000,-63.786000,29.66
269488050,0.458000,0.839000,0.755000,42.702000,17.008000,-61.252000,29.61
269495419,0.360000,0.831000,0.765000,42.550000,20.244000,-56.916000,29.66
269507688,0.357000,0.891000,0.703000,42.321000,20.260000,-55.374000,29.75
269517979,0.281000,0.894000,0.646000,40.321000,24.260000,-53.496000,29.75
269525138,0.216000,0.951000,0.582000,37.634000,18.504000,-51.802000,29.66
269537433,0.269000,0.946000,0.503000,36.534000,12.641000,-52.794000,29.71
269552643,0.339000,0.880000,0.504000,36.794000,8.779000,-53.954000,29.75
269559923,0.299000,0.883000,0.643000,36.397000,7.359000,-54.183000,29.71
269566421,0.351000,0.955000,0.772000,35.802000,7.847000,-51.908000,29.66
269578064,0.344000,0.913000,0.732000,32.351000,10.901000,-49.053000,29.75
269585480,0.277000,0.883000,0.646000,29.389000,7.802000,-46.336000,29.71
269596586,0.298000,0.971000,0.554000,26.336000,5.328000,-44.901000,29.66
269609016,0.296000,0.976000,0.532000,23.145000,6.656000,-42.229000,29.71
269619057,0.292000,0.945000,0.562000,21.695000,7.069000,-40.519000,29.66
269623518,0.292000,0.961000,0.545000,21.237000,3.969000,-38.733000,29.75
269634797,0.366000,0.943000,0.591000,17.786000,0.489000,-34.947000,29.80
269647698,0.369000,0.933000,0.673000,14.947000,3.176000,-31.267000,29.66
269660983,0.337000,0.917000,0.634000,10.794000,3.481000,-27.420000,29.71
269666740,0.386000,0.960000,0.635000,8.458000,1.954000,-23.924000,29.66
269679600,0.412000,0.987000,0.589000,4.870000,0.626000,-22.229000,29.71
269686878,0.408000,0.985000,0.642000,2.931000,-4.397000,-22.153000,29.80
269695366,0.414000,0.981000,0.593000,1.649000,-4.626000,-21.710000,29.75
269707421,0.448000,1.003000,0.639000,-2.366000,-4.504000,-16.443000,29.71
269714852,0.430000,1.000000,0.699000,-6.641000,-5.802000,-7.588000,29.66
269725622,0.411000,0.921000,0.675000,-12.977000,-6.687000,2.168000,29.71
269732393,0.445000,0.885000,0.762000,-16.962000,-6.763000,9.282000,29.71
269748529,0.393000,1.025000,0.575000,-18.198000,-5.863000,15.878000,29.75
269759473,0.374000,1.021000,0.589000,-22.275000,-10.550000,18.244000,29.71
269767921,0.424000,1.003000,0.604000,-22.214000,-15.176000,20.015000,29.66
269779664,0.461000,0.993000,0.737000,-23.008000,-13.221000,22.092000,29.71
269796811,0.510000,1.022000,0.751000,-28.733000,-11.908000,25.771000,29.80
269799968,0.498000,0.923000,0.751000,-32.550000,-12.000000,29.832000,29.75
269804182,0.418000,1.001000,0.777000,-35.496000,-19.603000,33.969000,29.61
269818725,0.520000,0.973000,0.727000,-41.969000,-31.191000,37.985000,29.75
269827179,0.489000,0.964000,0.730000,-43.176000,-23.939000,44.748000,29.71
269833971,0.404000,1.092000,0.674000,-46.382000,-25.191000,51.405000,29.66
269845866,0.486000,1.077000,0.699000,-51.588000,-21.588000,55.908000,29.75
269861876,0.506000,1.059000,0.783000,-51.634000,-6.626000,61.069000,29.80
269872156,0.550000,1.077000,0.809000,-55.634000,-0.458000,62.901000,29.75
269874636,0.505000,0.970000,0.846000,-60.366000,-4.305000,66.061000,29.71
269891574,0.485000,0.985000,0.902000,-66.626000,-10.687000,69.466000,29.66
269902290,0.372000,1.185000,0.868000,-75.176000,-21.435000,75.405000,29.75
269903972,0.399000,1.113000,0.781000,-76.595000,-39.145000,74.321000,29.71
269919607,0.578000,1.019000,0.828000,-87.954000,-45.786000,78.275000,29.75
269927492,0.636000,1.064000,0.797000,-81.603000,-22.290000,84.031000,29.80
269936971,0.424000,1.167000,0.827000,-87.954000,-10.168000,87.542000,29.66
269947409,0.444000,0.986000,0.864000,-93.206000,-22.901000,91.817000,29.75
269955403,0.506000,0.933000,0.987000,-93.359000,-17.420000,95.542000,29.71
269973338,0.355000,1.008000,0.916000,-96.153000,-20.198000,100.336000,29.75
269980125,0.407000,0.941000,0.928000,-100.840000,-31.450000,103.084000,29.71
269986013,0.441000,0.963000,0.880000,-101.420000,-34.870000,102.901000,29.75
269998742,0.486000,0.921000,0.880000,-104.595000,-41.160000,103.160000,29.66
270011088,0.477000,0.838000,0.908000,-106.809000,-44.687000,104.489000,29.80
270016750,0.549000,0.838000,0.934000,-107.466000,-43.374000,107.084000,29.75
270026730,0.452000,0.875000,0.889000,-107.588000,-39.664000,108.000000,29.71
270040736,0.501000,0.775000,0.899000,-109.267000,-38.977000,107.878000,29.75
270047056,0.483000,0.771000,0.926000,-107.939000,-33.435000,109.389000,29.66
270053923,0.408000,0.787000,0.867000,-106.763000,-33.802000,107.481000,29.71
270070119,0.319000,0.779000,0.895000,-104.718000,-43.405000,104.550000,29.75
270086885,0.308000,0.785000,0.884000,-104.916000,-62.076000,100.748000,29.71
270091872,0.440000,0.604000,0.891000,-107.176000,-77.924000,98.870000,29.71
270100116,0.541000,0.524000,0.924000,-107.282000,-83.496000,99.939000,29.85
270117986,0.552000,0.569000,0.874000,-106.916000,-78.519000,101.969000,29.71
270120238,0.514000,0.621000,0.794000,-106.809000,-80.855000,101.664000,29.57
270125669,0.568000,0.586000,0.807000,-105.130000,-81.679000,99.389000,29.71
270139998,0.646000,0.482000,0.821000,-101.221000,-71.557000,97.298000,29.80
270151281,0.546000,0.462000,0.824000,-94.046000,-58.489000,93.008000,29.75
270154583,0.470000,0.433000,0.817000,-91.145000,-63.573000,91.344000,29.71
270166363,0.484000,0.316000,0.925000,-88.351000,-62.504000,90.977000,29.75
270182953,0.391000,0.479000,0.791000,-87.908000,-58.214000,94.412000,29.71
270193603,0.331000,0.447000,0.651000,-92.641000,-79.038000,94.794000,29.71
270198129,0.531000,0.416000,0.559000,-96.061000,-88.611000,93.267000,29.75
270211724,0.621000,0.336000,0.649000,-92.031000,-79.985000,91.634000,29.71
270219737,0.536000,0.256000,0.736000,-88.931000,-75.878000,90.641000,29.66
270225052,0.591000,0.195000,0.710000,-85.908000,-76.183000,91.527000,29.71
270237056,0.597000,0.149000,0.758000,-81.511000,-67.328000,92.565000,29.71
270245984,0.520000,0.253000,0.679000,-77.695000,-60.260000,91.893000,29.75
270255890,0.604000,0.258000,0.579000,-76.015000,-50.137000,88.718000,29.71
270267312,0.485000,0.278000,0.545000,-72.794000,-40.305000,88.046000,29.75
270274414,0.345000,0.264000,0.585000,-73.634000,-50.840000,84.534000,29.61
270291013,0.445000,0.204000,0.558000,-72.137000,-66.321000,80.641000,29.71
270297863,0.566000,0.105000,0.564000,-68.015000,-67.389000,77.832000,29.66
270308652,0.555000,0.162000,0.658000,-63.344000,-64.656000,73.481000,29.71
270319465,0.612000,0.089000,0.576000,-62.901000,-64.183000,72.977000,29.75
270327239,0.699000,0.057000,0.586000,-58.901000,-51.206000,72.977000,29.80
270337817,0.568000,0.098000,0.572000,-56.580000,-35.771000,72.779000,29.71
270346732,0.549000,0.118000,0.509000,-54.916000,-35.634000,70.641000,29.85
270357856,0.473000,0.136000,0.429000,-53.542000,-41.053000,66.718000,29.71
270363400,0.470000,0.144000,0.427000,-50.046000,-47.740000,59.725000,29.75
270377042,0.607000,0.055000,0.456000,-48.046000,-51.298000,52.794000,29.71
270389324,0.611000,-0.023000,0.514000,-41.695000,-47.344000,48.489000,29.80
270399591,0.473000,-0.025000,0.483000,-40.656000,-48.718000,47.603000,29.66
270406646,0.587000,-0.007000,0.555000,-39.969000,-53.863000,45.267000,29.75
270419700,0.728000,-0.076000,0.446000,-35.374000,-37.878000,42.427000,29.75
270429488,0.642000,0.082000,0.429000,-32.305000,-26.885000,35.130000,29.66
270435838,0.638000,0.042000,0.421000,-30.885000,-29.542000,29.160000,29.71
270452936,0.607000,-0.056000,0.417000,-28.137000,-24.366000,26.015000,29.75
270461356,0.496000,0.094000,0.343000,-28.962000,-22.595000,24.061000,29.71
270465301,0.575000,-0.005000,0.363000,-31.450000,-25.618000,23.511000,29.57
270476199,0.689000,-0.063000,0.409000,-30.244000,-16.794000,22.626000,29.75
270488308,0.594000,-0.079000,0.376000,-28.763000,-8.855000,22.397000,29.71
270498937,0.582000,-0.014000,0.403000,-28.809000,-4.916000,20.244000,29.75
270505067,0.633000,-0.076000,0.330000,-25.527000,3.634000,17.649000,29.66
270516839,0.526000,0.006000,0.244000,-19.115000,10.718000,13.695000,29.75
270530203,0.615000,-0.067000,0.325000,-20.107000,8.702000,9.847000,29.66
270536030,0.693000,-0.182000,0.453000,-17.191000,20.870000,9.908000,29.71
270547238,0.576000,-0.155000,0.385000,-11.832000,24.550000,6.763000,29.75
270558419,0.592000,-0.181000,0.406000,-9.435000,19.649000,1.649000,29.80
270566486,0.575000,-0.108000,0.390000,-2.916000,16.153000,-5.878000,29.75
270572883,0.516000,-0.066000,0.313000,2.779000,9.573000,-14.870000,29.75
270585183,0.452000,-0.040000,0.269000,7.008000,-2.733000,-23.664000,29.71
270601893,0.570000,0.022000,0.302000,10.947000,-11.084000,-30.443000,29.66
270607898,0.626000,-0.116000,0.325000,11.374000,-9.893000,-34.656000,29.75
270618181,0.642000,-0.126000,0.393000,13.267000,-2.962000,-35.710000,29.66
270632961,0.629000,-0.090000,0.364000,18.366000,9.038000,-38.473000,29.75
270638088,0.607000,-0.053000,0.391000,22.168000,23.298000,-38.809000,29.71
270645962,0.537000,-0.026000,0.350000,23.863000,28.656000,-41.893000,29.75
270658836,0.596000,-0.029000,0.355000,26.122000,28.366000,-45.740000,29.71
270670103,0.636000,-0.049000,0.342000,28.397000,32.855000,-50.534000,29.71
270674656,0.621000,-0.060000,0.406000,30.870000,34.046000,-55.191000,29.75
270686510,0.566000,-0.055000,0.380000,33.420000,24.947000,-59.893000,29.80
270696192,0.597000,-0.040000,0.391000,36.718000,23.908000,-63.252000,29.75
270706161,0.568000,0.029000,0.418000,39.725000,28.702000,-66.656000,29.75
270716206,0.639000,0.011000,0.370000,41.298000,32.168000,-66.763000,29.75
270732026,0.642000,0.055000,0.383000,44.153000,40.947000,-67.420000,29.75
270737289,0.597000,0.085000,0.417000,42.901000,46.824000,-65.420000,29.71
270746446,0.538000,0.052000,0.428000,43.359000,51.603000,-60.580000,29.75
270759777,0.568000,0.148000,0.482000,48.672000,55.481000,-57.954000,29.71
270765489,0.624000,0.058000,0.531000,49.771000,60.183000,-56.046000,29.71
270776465,0.587000,0.019000,0.478000,53.969000,58.000000,-58.351000,29.75
270783196,0.649000,0.230000,0.527000,58.763000,52.595000,-63.160000,29.80
270798454,0.667000,0.162000,0.631000,59.237000,54.687000,-68.656000,29.75
270809892,0.616000,0.052000,0.644000,64.412000,52.092000,-74.015000,29.75
270819473,0.635000,0.234000,0.583000,70.290000,47.557000,-82.275000,29.71
270828294,0.685000,0.166000,0.658000,72.473000,39.221000,-92.473000,29.66
270836271,0.775000,0.087000,0.756000,76.000000,42.809000,-101.496000,29.71
270846888,0.696000,0.181000,0.744000,81.435000,50.321000,-105.893000,29.75
270858190,0.577000,0.313000,0.643000,86.290000,50.275000,-107.038000,29.71
270869964,0.610000,0.321000,0.700000,85.115000,44.229000,-110.412000,29.71
270878392,0.662000,0.335000,0.661000,86.809000,43.389000,-113.740000,29.66
270884612,0.672000,0.359000,0.615000,85.267000,51.115000,-112.229000,29.80
270896751,0.620000,0.309000,0.724000,87.634000,59.679000,-112.779000,29.75
270910030,0.549000,0.448000,0.698000,87.023000,63.817000,-111.405000,29.66
270919919,0.517000,0.503000,0.582000,90.733000,60.107000,-114.107000,29.80
270925872,0.519000,0.623000,0.646000,90.550000,64.550000,-114.763000,29.75
270941399,0.586000,0.536000,0.774000,90.137000,66.229000,-114.656000,29.61
270950042,0.791000,0.405000,0.947000,88.366000,63.725000,-115.924000,29.75
270956144,0.722000,0.429000,0.863000,85.740000,65.145000,-118.412000,29.80
270970322,0.492000,0.515000,0.742000,88.931000,65.802000,-118.641000,29.71
270974539,0.396000,0.663000,0.719000,86.519000,59.298000,-116.107000,29.75
270986115,0.416000,0.736000,0.707000,83.252000,51.130000,-111.466000,29.71
270992784,0.438000,0.755000,0.708000,79.527000,56.779000,-103.557000,29.66
271005786,0.474000,0.758000,0.802000,76.336000,67.908000,-98.336000,29.66
271021699,0.552000,0.710000,0.788000,76.321000,74.504000,-94.931000,29.71
271026436,0.537000,0.784000,0.810000,73.908000,74.244000,-97.832000,29.75
271041015,0.403000,0.757000,0.781000,72.626000,70.229000,-99.023000,29.71
271048473,0.377000,0.827000,0.802000,71.527000,67.374000,-95.206000,29.66
271057188,0.394000,0.888000,0.840000,71.985000,69.954000,-91.664000,29.80
271065877,0.322000,0.881000,0.850000,67.954000,64.779000,-88.153000,29.80
271076549,0.308000,0.806000,0.888000,67.252000,55.969000,-88.046000,29.66
271084454,0.372000,0.861000,0.871000,65.084000,52.504000,-86.504000,29.80
271094620,0.361000,0.877000,0.861000,65.206000,52.702000,-84.382000,29.75
271108153,0.362000,0.976000,0.843000,64.198000,49.786000,-82.748000,29.85
271120592,0.336000,0.946000,0.910000,62.962000,50.611000,-83.206000,29.71
271126782,0.312000,0.988000,0.796000,62.412000,48.519000,-83.939000,29.66
271139077,0.455000,0.970000,0.822000,60.153000,45.817000,-87.267000,29.71
271151705,0.564000,0.823000,0.967000,56.550000,37.618000,-93.634000,29.75
271157462,0.395000,0.828000,0.955000,58.198000,37.008000,-94.611000,29.80
271167549,0.186000,0.928000,0.880000,56.763000,30.794000,-95.313000,29.80
271179589,0.276000,0.988000,0.881000,56.427000,22.458000,-91.786000,29.66
271187645,0.230000,0.992000,0.667000,52.794000,23.664000,-85.954000,29.80
271196563,0.202000,1.004000,0.696000,50.122000,24.626000,-82.000000,29.75
271203725,0.376000,1.073000,0.773000,46.611000,25.756000,-83.176000,29.75
271221050,0.409000,0.867000,0.764000,41.481000,30.687000,-81.023000,29.80
271230894,0.254000,0.913000,0.801000,41.710000,34.092000,-78.519000,29.75
271236389,0.261000,0.949000,0.829000,40.092000,29.618000,-75.557000,29.71
271249111,0.274000,0.927000,0.789000,38.672000,27.924000,-73.756000,29.75
271257463,0.255000,0.940000,0.759000,37.160000,21.985000,-70.992000,29.71
271267657,0.370000,0.895000,0.704000,36.275000,15.084000,-73.038000,29.61
271277715,0.314000,0.860000,0.725000,36.687000,15.176000,-72.733000,29.66
271290301,0.292000,0.920000,0.798000,33.099000,9.115000,-69.832000,29.71
271293850,0.373000,0.827000,0.742000,32.870000,19.344000,-63.908000,29.66
271305693,0.233000,0.849000,0.645000,33.176000,29.206000,-56.595000,29.75
271324285,0.183000,0.954000,0.545000,29.206000,23.649000,-51.634000,29.80
271333513,0.274000,0.950000,0.517000,24.076000,19.542000,-48.748000,29.75
271337462,0.317000,0.932000,0.590000,21.527000,18.992000,-47.084000,29.80
271347722,0.340000,0.913000,0.654000,19.679000,15.450000,-45.053000,29.75
271360409,0.392000,0.842000,0.748000,17.450000,11.695000,-42.214000,29.71
271365859,0.373000,0.798000,0.757000,17.328000,13.679000,-38.046000,29.80
271377512,0.311000,0.854000,0.639000,18.015000,12.504000,-36.260000,29.75
271388194,0.376000,0.963000,0.635000,16.031000,9.710000,-33.115000,29.71
271396610,0.391000,1.015000,0.651000,11.008000,9.695000,-26.412000,29.75
271402517,0.423000,0.995000,0.638000,6.000000,4.397000,-20.916000,29.75
271415209,0.536000,1.036000,0.690000,2.260000,0.427000,-13.435000,29.80
271430300,0.596000,1.011000,0.757000,-4.275000,-2.550000,-4.305000,29.75
271437170,0.536000,0.951000,0.762000,-8.122000,-0.137000,5.740000,29.71
271447569,0.496000,0.971000,0.752000,-9.924000,0.794000,11.679000,29.75
271457943,0.545000,0.970000,0.778000,-13.969000,-1.252000,16.809000,29.66
271467752,0.465000,0.998000,0.713000,-15.298000,1.893000,23.924000,29.71
271475623,0.374000,1.043000,0.726000,-19.160000,-4.076000,26.519000,29.85
271486812,0.449000,1.015000,0.716000,-23.145000,-14.901000,28.794000,29.71
271500199,0.522000,0.924000,0.759000,-24.275000,-12.504000,30.748000,29.75
271505259,0.385000,0.938000,0.795000,-24.580000,-15.527000,32.504000,29.75
271518802,0.378000,1.034000,0.714000,-26.321000,-23.954000,33.634000,29.71
271526159,0.453000,1.022000,0.700000,-29.679000,-33.679000,36.290000,29.75
271540099,0.463000,0.984000,0.801000,-31.924000,-32.198000,43.099000,29.80
271546059,0.400000,1.013000,0.721000,-32.229000,-18.092000,50.748000,29.66
271559685,0.327000,1.104000,0.660000,-35.053000,-15.359000,57.252000,29.75
271566655,0.408000,1.098000,0.673000,-38.824000,-20.382000,59.053000,29.71
271576185,0.527000,1.037000,0.737000,-41.802000,-20.260000,62.718000,29.85
271588568,0.574000,0.978000,0.838000,-44.031000,-17.679000,64.168000,29.71
271600311,0.474000,0.939000,0.890000,-46.015000,-16.824000,68.519000,29.75
271606303,0.417000,1.056000,0.818000,-49.160000,-20.534000,74.534000,29.75
271613174,0.420000,1.047000,0.750000,-54.687000,-24.122000,77.710000,29.71
271626949,0.442000,1.090000,0.807000,-59.420000,-29.618000,80.321000,29.66
271641763,0.466000,1.082000,0.728000,-61.557000,-26.931000,86.305000,29.71
271646848,0.471000,1.037000,0.840000,-71.420000,-29.069000,89.160000,29.66
271660321,0.452000,0.913000,0.862000,-62.046000,-24.748000,98.153000,29.75
271668293,0.464000,0.879000,0.960000,-67.099000,-24.061000,103.573000,29.61
271677193,0.508000,0.867000,0.885000,-64.809000,-17.908000,107.023000,29.75
271690711,0.467000,0.960000,0.840000,-69.481000,-15.115000,108.977000,29.61
271704412,0.425000,0.978000,0.840000,-70.641000,-16.000000,108.733000,29.85
271707025,0.482000,0.970000,0.861000,-71.084000,-12.733000,108.824000,29.66
271713895,0.457000,0.888000,0.816000,-74.779000,-12.718000,114.153000,29.80
271729533,0.396000,0.904000,0.772000,-76.718000,-15.008000,117.985000,29.75
271740144,0.395000,0.911000,0.826000,-80.901000,-22.763000,121.588000,29.71
271746322,0.492000,0.847000,0.849000,-87.252000,-26.611000,125.405000,29.80
271757296,0.518000,0.826000,0.831000,-88.137000,-15.802000,125.878000,29.75
271766866,0.417000,0.887000,0.728000,-90.702000,-19.679000,127.847000,29.80
271776147,0.479000,0.672000,0.962000,-95.053000,-28.962000,129.298000,29.75
271784280,0.474000,0.678000,1.008000,-89.634000,-17.939000,131.847000,29.61
271796912,0.416000,0.737000,0.969000,-89.771000,-13.573000,129.466000,29.71
271807510,0.372000,0.704000,0.862000,-89.206000,-29.176000,126.687000,29.75
271814120,0.427000,0.713000,0.782000,-87.893000,-37.313000,120.290000,29.80
271826378,0.463000,0.676000,0.832000,-88.626000,-40.412000,113.252000,29.75
271841510,0.515000,0.610000,0.859000,-89.298000,-50.626000,108.916000,29.71
271847962,0.504000,0.612000,0.831000,-89.420000,-59.679000,107.802000,29.61
271853755,0.421000,0.600000,0.871000,-87.527000,-60.000000,108.000000,29.75
271870554,0.465000,0.511000,0.761000,-86.916000,-62.153000,110.168000,29.71
271879701,0.424000,0.524000,0.810000,-85.053000,-59.084000,114.183000,29.66
271889545,0.451000,0.562000,0.840000,-86.534000,-66.275000,113.802000,29.71
271898452,0.460000,0.467000,0.748000,-85.863000,-68.031000,111.786000,29.71
271910739,0.509000,0.453000,0.769000,-84.412000,-64.046000,106.611000,29.66
271915123,0.571000,0.449000,0.609000,-78.809000,-61.298000,104.412000,29.71
271926589,0.646000,0.365000,0.714000,-77.832000,-50.000000,101.679000,29.66
271933577,0.539000,0.391000,0.721000,-74.305000,-44.855000,100.702000,29.71
271950253,0.574000,0.313000,0.768000,-73.908000,-42.855000,100.214000,29.71
271957140,0.555000,0.348000,0.822000,-72.244000,-36.153000,100.992000,29.75
271967507,0.323000,0.474000,0.669000,-71.664000,-40.000000,99.008000,29.80
271981596,0.417000,0.391000,0.580000,-74.397000,-51.405000,96.260000,29.75
271987283,0.671000,0.280000,0.576000,-72.947000,-52.321000,94.427000,29.71
271998549,0.601000,0.261000,0.740000,-71.618000,-40.000000,92.687000,29.71
272007538,0.541000,0.214000,0.650000,-71.252000,-42.489000,92.443000,29.75
272018939,0.681000,0.228000,0.693000,-69.069000,-39.435000,89.786000,29.80
272023587,0.569000,0.226000,0.626000,-66.550000,-33.389000,85.435000,29.75
272034609,0.656000,0.148000,0.626000,-64.504000,-33.237000,82.947000,29.71
272051070,0.566000,0.138000,0.672000,-60.229000,-31.649000,80.458000,29.71
272061704,0.493000,0.093000,0.622000,-56.412000,-39.573000,79.969000,29.75
272067276,0.530000,0.126000,0.713000,-54.977000,-43.695000,79.481000,29.71
272079502,0.527000,0.136000,0.645000,-53.420000,-42.046000,78.962000,29.66
272087601,0.609000,0.107000,0.526000,-51.145000,-39.206000,76.580000,29.71
272097463,0.682000,0.166000,0.545000,-52.046000,-35.084000,71.511000,29.71
272107383,0.606000,0.055000,0.532000,-52.580000,-33.450000,67.130000,29.66
272119342,0.635000,0.112000,0.524000,-53.771000,-36.656000,63.908000,29.71
272123971,0.682000,0.083000,0.596000,-55.481000,-36.275000,62.076000,29.75
272135600,0.701000,-0.036000,0.562000,-55.710000,-28.763000,61.313000,29.71
272147563,0.649000,-0.022000,0.571000,-52.321000,-18.031000,64.229000,29.71
272162709,0.532000,0.030000,0.541000,-50.290000,-12.702000,63.252000,29.75
272167118,0.548000,0.038000,0.467000,-48.794000,-10.519000,62.931000,29.80
272177094,0.644000,0.032000,0.518000,-48.305000,-12.443000,58.809000,29.66
272189472,0.573000,-0.072000,0.440000,-46.702000,-11.954000,54.260000,29.71
272195213,0.647000,-0.054000,0.521000,-44.672000,-17.038000,55.084000,29.75
272207163,0.679000,-0.110000,0.522000,-42.137000,-11.908000,48.519000,29.66
272217533,0.645000,-0.208000,0.505000,-35.969000,-9.985000,45.176000,29.71
272226379,0.580000,-0.103000,0.526000,-31.527000,-15.618000,36.260000,29.75
272236421,0.668000,-0.103000,0.522000,-29.969000,-14.229000,33.191000,29.71
272244800,0.800000,-0.127000,0.539000,-24.504000,-7.130000,28.931000,29.75
272256735,0.698000,-0.181000,0.482000,-22.458000,9.374000,30.244000,29.75
272266694,0.519000,-0.150000,0.482000,-20.015000,7.725000,28.763000,29.71
272278167,0.528000,-0.095000,0.365000,-18.443000,5.206000,28.076000,29.75
272291608,0.442000,-0.027000,0.319000,-15.267000,-2.214000,25.405000,29.80
272296812,0.468000,-0.093000,0.390000,-17.481000,-13.756000,23.466000,29.75
272308029,0.545000,-0.160000,0.428000,-13.802000,-15.557000,21.344000,29.75
272320233,0.743000,-0.180000,0.448000,-10.519000,-5.969000,17.725000,29.61
272327549,0.718000,-0.201000,0.436000,-2.641000,11.740000,13.817000,29.75
272333008,0.624000,-0.146000,0.426000,1.618000,18.824000,7.099000,29.80
272346947,0.735000,-0.165000,0.458000,6.015000,28.214000,1.405000,29.71
272360696,0.594000,-0.158000,0.416000,12.046000,38.962000,-2.198000,29.75
272369648,0.516000,-0.130000,0.429000,11.313000,34.382000,-3.649000,29.80
272377632,0.349000,-0.137000,0.413000,10.458000,14.122000,-7.008000,29.85
272389085,0.579000,-0.093000,0.423000,14.214000,6.046000,-15.206000,29.71
272400162,0.566000,-0.123000,0.458000,17.466000,11.878000,-17.557000,29.66
272405551,0.539000,-0.093000,0.411000,19.420000,11.328000,-20.840000,29.66
272418838,0.540000,-0.096000,0.423000,23.038000,15.924000,-25.878000,29.80
272430515,0.534000,-0.033000,0.388000,25.634000,15.740000,-30.931000,29.75
272435186,0.610000,-0.098000,0.417000,26.947000,19.344000,-34.443000,29.71
272446707,0.656000,-0.112000,0.457000,30.565000,29.038000,-36.992000,29.71
272464489,0.544000,-0.128000,0.484000,33.603000,34.443000,-40.031000,29.85
272474897,0.456000,-0.010000,0.403000,37.588000,31.679000,-43.053000,29.61
272476952,0.581000,0.026000,0.463000,38.061000,34.916000,-44.397000,29.85
272488010,0.569000,-0.058000,0.489000,42.519000,40.962000,-46.427000,29.80
272498847,0.522000,-0.064000,0.505000,45.908000,41.405000,-49.618000,29.71
272506427,0.524000,-0.010000,0.513000,48.534000,43.160000,-53.969000,29.75
272517513,0.557000,0.010000,0.440000,52.183000,41.802000,-59.084000,29.71
272527782,0.613000,-0.008000,0.496000,54.931000,41.435000,-65.618000,29.75
272535915,0.591000,0.008000,0.597000,58.229000,39.847000,-69.496000,29.71
272543084,0.568000,0.003000,0.646000,63.405000,40.305000,-73.786000,29.71
272556975,0.559000,0.008000,0.637000,65.771000,37.740000,-74.977000,29.75
272570709,0.609000,0.017000,0.589000,68.000000,39.313000,-77.389000,29.71
272579234,0.619000,0.060000,0.583000,72.504000,50.489000,-78.656000,29.75
272586910,0.487000,0.127000,0.513000,75.725000,47.847000,-81.695000,29.80
272600863,0.608000,0.145000,0.668000,73.191000,42.260000,-85.267000,29.75
272609562,0.608000,0.137000,0.577000,74.672000,45.282000,-86.962000,29.75
272616756,0.495000,0.236000,0.581000,78.153000,47.252000,-83.954000,29.71
272629418,0.473000,0.271000,0.661000,75.160000,44.107000,-82.412000,29.75
272641430,0.537000,0.243000,0.653000,77.511000,51.573000,-80.260000,29.71
272645145,0.482000,0.307000,0.646000,81.817000,55.878000,-80.290000,29.75
272657077,0.647000,0.344000,0.757000,79.573000,55.664000,-80.992000,29.75
272673298,0.677000,0.217000,0.794000,85.679000,70.443000,-82.336000,29.71
272682896,0.600000,0.267000,0.785000,85.435000,71.450000,-84.641000,29.75
272688854,0.559000,0.334000,0.759000,85.115000,66.046000,-87.481000,29.71
272701879,0.404000,0.434000,0.710000,91.588000,73.557000,-88.305000,29.66
272710041,0.153000,0.565000,0.679000,90.031000,46.870000,-90.519000,29.75
272716169,0.506000,0.444000,0.893000,89.527000,16.397000,-94.321000,29.71
272727486,0.594000,0.333000,0.927000,90.412000,18.321000,-94.290000,29.75
272738394,0.515000,0.396000,0.967000,90.427000,24.198000,-95.053000,29.71
272746882,0.514000,0.404000,0.937000,90.458000,16.519000,-95.344000,29.75
272753732,0.497000,0.460000,0.887000,91.008000,22.153000,-94.611000,29.66
272765980,0.354000,0.605000,0.766000,97.863000,27.527000,-94.840000,29.71
272781038,0.367000,0.626000,0.761000,95.817000,22.779000,-96.061000,29.66
272787709,0.417000,0.635000,0.656000,96.595000,28.061000,-94.885000,29.71
272794649,0.498000,0.615000,0.760000,96.824000,31.359000,-98.351000,29.66
272812749,0.572000,0.624000,0.843000,94.000000,22.931000,-101.786000,29.66
272818272,0.554000,0.617000,0.851000,91.450000,25.237000,-101.908000,29.71
272828383,0.416000,0.701000,0.948000,91.573000,24.901000,-103.481000,29.75
272837846,0.531000,0.691000,0.968000,89.908000,13.908000,-106.275000,29.80
272848622,0.528000,0.684000,0.962000,90.473000,15.023000,-108.061000,29.66
272854986,0.509000,0.723000,1.005000,90.214000,19.527000,-109.649000,29.71
272867951,0.459000,0.700000,0.912000,90.534000,20.122000,-110.794000,29.80
272880369,0.433000,0.801000,0.771000,88.718000,15.145000,-111.176000,29.75
272889556,0.354000,0.852000,0.715000,87.221000,18.061000,-108.260000,29.71
272896454,0.329000,0.896000,0.696000,82.885000,10.947000,-104.870000,29.75
272909798,0.556000,0.864000,0.882000,75.145000,10.061000,-97.145000,29.75
272920571,0.466000,0.854000,0.873000,73.588000,17.725000,-93.756000,29.71
272928060,0.332000,0.902000,0.885000,72.275000,17.878000,-89.069000,29.66
272935809,0.358000,0.968000,0.827000,74.382000,19.481000,-88.061000,29.71
272952135,0.574000,0.904000,0.820000,73.969000,26.397000,-88.336000,29.75
272957149,0.534000,0.854000,0.771000,73.099000,24.580000,-85.863000,29.71
272963898,0.469000,0.845000,0.863000,71.298000,21.939000,-85.252000,29.71
272979788,0.527000,0.883000,0.908000,69.130000,21.878000,-80.076000,29.66
272989926,0.370000,0.908000,0.767000,65.634000,21.359000,-76.260000,29.80
272996689,0.264000,0.981000,0.735000,62.672000,16.672000,-71.756000,29.75
273006972,0.435000,1.003000,0.780000,61.069000,19.542000,-69.130000,29.75
273021183,0.441000,1.010000,0.664000,63.038000,31.481000,-69.084000,29.66
273027080,0.399000,0.981000,0.611000,61.756000,33.115000,-69.771000,29.75
273038833,0.518000,0.995000,0.755000,55.679000,27.985000,-70.076000,29.80
273049049,0.459000,1.019000,0.712000,55.206000,29.664000,-68.733000,29.75
273056129,0.338000,0.946000,0.828000,47.282000,21.405000,-67.710000,29.61
273065836,0.302000,0.971000,0.795000,44.931000,13.756000,-64.275000,29.66
273072913,0.350000,0.933000,0.704000,40.992000,10.687000,-56.641000,29.75
273089598,0.326000,0.938000,0.591000,41.374000,9.221000,-54.397000,29.71
273099010,0.317000,0.942000,0.585000,40.092000,7.939000,-48.153000,29.85
273105004,0.294000,0.969000,0.536000,38.809000,11.282000,-42.977000,29.75
273117734,0.261000,0.973000,0.588000,35.267000,13.527000,-37.176000,29.66
273128378,0.248000,0.968000,0.590000,33.679000,19.267000,-32.901000,29.85
273139205,0.277000,0.961000,0.577000,31.588000,22.565000,-28.489000,29.80
273151081,0.329000,0.937000,0.559000,28.702000,21.221000,-25.344000,29.75
273160406,0.326000,0.882000,0.573000,27.221000,17.405000,-22.931000,29.71
273163123,0.322000,0.860000,0.586000,26.107000,12.870000,-21.359000,29.75
273175161,0.262000,0.859000,0.558000,25.053000,14.611000,-23.527000,29.66
273194570,0.335000,0.860000,0.544000,25.527000,9.847000,-20.901000,29.61
273200994,0.332000,0.918000,0.493000,23.191000,9.176000,-24.550000,29.75
273207593,0.390000,0.963000,0.472000,21.450000,4.504000,-24.214000,29.80
273218969,0.446000,0.986000,0.503000,18.763000,-1.069000,-22.244000,29.75
273230918,0.514000,0.962000,0.540000,18.000000,-5.786000,-19.649000,29.66
273237032,0.533000,0.887000,0.631000,15.954000,-10.672000,-15.893000,29.71
273248242,0.555000,0.946000,0.671000,15.023000,-13.634000,-11.817000,29.66
273256168,0.548000,0.917000,0.676000,12.275000,-14.092000,-7.985000,29.71
273265122,0.461000,0.888000,0.656000,10.702000,-16.977000,-5.817000,29.75
273277103,0.418000,0.885000,0.639000,6.550000,-17.557000,-4.534000,29.71
273289517,0.307000,0.904000,0.570000,3.878000,-17.740000,-0.779000,29.71
273299325,0.256000,0.879000,0.519000,1.481000,-22.947000,0.931000,29.75
273306181,0.249000,0.847000,0.482000,0.672000,-27.420000,1.282000,29.71
273317870,0.239000,0.893000,0.519000,1.786000,-24.809000,1.786000,29.66
273330383,0.232000,0.911000,0.497000,3.038000,-17.939000,3.954000,29.71
273336655,0.243000,0.885000,0.466000,4.870000,-12.916000,4.076000,29.71
273348015,0.206000,0.869000,0.458000,6.656000,-6.809000,4.305000,29.75
273362776,0.168000,0.880000,0.488000,8.763000,-4.977000,5.038000,29.80
273367327,0.134000,0.915000,0.432000,9.847000,-1.542000,5.038000,29.75
273375936,0.125000,0.910000,0.359000,11.710000,0.000000,5.038000,29.71
273383003,0.146000,0.941000,0.344000,10.962000,-1.496000,3.435000,29.61
273401661,0.155000,0.934000,0.363000,11.038000,-0.305000,3.176000,29.66
273408638,0.144000,0.903000,0.383000,11.634000,1.756000,2.458000,29.71
273415752,0.137000,0.847000,0.402000,12.351000,2.321000,3.420000,29.75
273428056,0.157000,0.883000,0.399000,12.855000,6.947000,2.809000,29.71
273437514,0.143000,0.880000,0.349000,13.771000,9.435000,3.099000,29.75
273446738,0.179000,0.900000,0.355000,13.191000,7.710000,2.580000,29.66
273459776,0.147000,0.898000,0.301000,14.137000,11.634000,1.939000,29.71
273468661,0.103000,0.894000,0.305000,14.870000,9.511000,0.321000,29.66
273474986,0.107000,0.889000,0.322000,13.511000,3.817000,-0.550000,29.80
273487200,0.153000,0.846000,0.377000,13.664000,1.344000,-1.176000,29.75
273498792,0.188000,0.804000,0.413000,13.282000,3.878000,-0.595000,29.66
273508144,0.166000,0.809000,0.422000,14.626000,7.573000,0.519000,29.71
273514781,0.131000,0.866000,0.322000,15.405000,5.908000,2.290000,29.66
273527144,0.221000,0.898000,0.318000,13.359000,2.046000,0.260000,29.71
273539334,0.213000,0.871000,0.282000,16.046000,8.473000,-0.427000,29.75
273548173,0.148000,0.894000,0.327000,15.725000,9.863000,-1.710000,29.75
273560527,0.159000,0.875000,0.338000,13.405000,8.076000,-0.931000,29.71
273572826,0.223000,0.849000,0.407000,10.809000,12.183000,-2.183000,29.75
273577240,0.129000,0.808000,0.421000,9.695000,18.076000,-0.122000,29.71
273585668,0.183000,0.864000,0.382000,10.168000,20.458000,5.252000,29.75
273592987,0.152000,0.882000,0.305000,9.511000,25.847000,3.878000,29.66
273611772,0.101000,0.910000,0.274000,12.122000,23.847000,4.336000,29.71
273618650,0.151000,0.930000,0.294000,11.420000,20.229000,2.565000,29.75
273628794,0.238000,0.878000,0.388000,10.641000,20.947000,1.053000,29.71
273643017,0.283000,0.819000,0.438000,11.939000,28.656000,3.099000,29.66
273649355,0.168000,0.822000,0.451000,14.321000,36.840000,6.275000,29.66
273659453,0.070000,0.875000,0.400000,16.336000,34.916000,8.260000,29.80
273671724,0.074000,0.897000,0.351000,16.275000,24.458000,9.603000,29.75
273679806,0.096000,0.892000,0.324000,16.916000,21.802000,9.939000,29.71
273685280,0.076000,0.942000,0.306000,17.573000,14.885000,9.573000,29.75
273696661,0.133000,0.933000,0.328000,14.580000,6.656000,6.351000,29.75
273710845,0.224000,0.908000,0.373000,15.679000,8.336000,4.748000,29.80
273720589,0.250000,0.890000,0.396000,17.130000,17.618000,3.573000,29.75
273726010,0.209000,0.924000,0.388000,18.000000,23.740000,4.427000,29.80
273739786,0.175000,0.923000,0.353000,17.344000,24.015000,5.359000,29.66
273750598,0.167000,0.935000,0.338000,16.595000,19.053000,7.130000,29.75
273756300,0.146000,0.968000,0.344000,15.603000,20.382000,7.069000,29.80
273768816,0.125000,0.988000,0.312000,14.473000,18.412000,7.664000,29.75
273779355,0.147000,0.969000,0.267000,13.450000,15.313000,6.977000,29.80
273783943,0.209000,0.985000,0.286000,11.985000,13.802000,6.489000,29.66
273795225,0.188000,0.978000,0.292000,10.366000,13.496000,6.137000,29.75
273802435,0.164000,0.956000,0.323000,9.053000,11.679000,7.008000,29.71
273817847,0.143000,0.947000,0.341000,8.168000,9.679000,7.313000,29.75
273824711,0.148000,0.954000,0.339000,7.618000,7.588000,7.771000,29.71
273836715,0.153000,0.952000,0.318000,6.916000,6.489000,8.031000,29.75
273848976,0.162000,0.959000,0.324000,6.489000,6.000000,8.061000,29.71
273859922,0.123000,0.977000,0.295000,7.145000,4.687000,7.084000,29.71
273865415,0.125000,0.977000,0.259000,6.489000,1.618000,5.573000,29.66
273876362,0.144000,0.957000,0.279000,6.168000,1.756000,4.962000,29.71
273887925,0.123000,0.949000,0.308000,6.153000,0.458000,5.038000,29.75
273894850,0.115000,0.940000,0.291000,6.122000,-5.710000,5.359000,29.66
273907412,0.159000,0.935000,0.329000,4.122000,-6.260000,4.840000,29.80
273921750,0.160000,0.956000,0.332000,3.450000,-5.084000,4.840000,29.75
273928359,0.150000,0.945000,0.309000,3.176000,-4.580000,4.382000,29.80
273938630,0.172000,0.955000,0.286000,2.901000,-4.550000,3.603000,29.66
273950060,0.151000,0.945000,0.260000,2.901000,-1.344000,2.061000,29.71
273958376,0.136000,0.950000,0.272000,3.191000,-3.527000,1.847000,29.80
273968971,0.145000,0.926000,0.282000,1.786000,-9.557000,1.588000,29.75
273980901,0.186000,0.911000,0.333000,1.344000,-9.038000,1.832000,29.71
273987827,0.172000,0.952000,0.324000,1.847000,-4.626000,1.023000,29.75
273994130,0.165000,0.941000,0.305000,0.168000,-6.000000,1.053000,29.75
274006780,0.191000,0.910000,0.298000,-0.947000,-6.000000,0.519000,29.85
274021451,0.189000,0.921000,0.283000,-0.840000,-4.015000,0.168000,29.75
274033639,0.167000,0.952000,0.268000,-1.160000,-4.733000,-1.252000,29.80
274035928,0.131000,0.962000,0.259000,-2.092000,-8.427000,-2.427000,29.66
274046602,0.146000,0.937000,0.256000,-2.321000,-15.374000,-3.847000,29.71
274054190,0.180000,0.920000,0.317000,-1.603000,-19.221000,-4.611000,29.75
274065112,0.247000,0.904000,0.320000,-1.466000,-20.305000,-4.153000,29.75
274079208,0.240000,0.877000,0.333000,-0.641000,-17.771000,-4.229000,29.80
274086820,0.198000,0.938000,0.273000,0.855000,-16.244000,-4.916000,29.85
274097321,0.175000,0.988000,0.257000,-0.718000,-16.626000,-6.672000,29.75
274103645,0.194000,0.953000,0.288000,-3.176000,-20.580000,-7.481000,29.75
274120622,0.232000,0.911000,0.339000,-3.405000,-20.382000,-7.298000,29.75
274136454,0.218000,0.917000,0.311000,-2.015000,-17.069000,-7.603000,29.80
274141707,0.167000,0.902000,0.229000,-0.137000,-18.107000,-6.977000,29.85
274147358,0.213000,0.937000,0.271000,-0.733000,-19.557000,-6.626000,29.80
274159590,0.200000,0.944000,0.289000,-0.489000,-15.985000,-6.595000,29.66
274168542,0.154000,0.900000,0.239000,1.389000,-15.389000,-4.977000,29.75
274175055,0.359000,0.984000,0.324000,0.885000,-22.168000,-5.908000,29.80
274186727,0.184000,0.969000,0.313000,-5.252000,-17.817000,-5.939000,29.75
274198424,0.192000,0.928000,0.306000,-4.046000,-14.275000,-5.634000,29.75
274205984,0.198000,0.951000,0.291000,-4.809000,-11.389000,-6.031000,29.66
274212977,0.173000,0.933000,0.285000,-6.702000,-11.053000,-5.450000,29.75
274229954,0.166000,0.929000,0.282000,-5.573000,-11.389000,-5.008000,29.71
274239220,0.187000,0.957000,0.261000,-7.603000,-11.099000,-4.427000,29.75
274246137,0.171000,0.954000,0.268000,-6.901000,-10.397000,-5.267000,29.80
274257941,0.149000,0.950000,0.277000,-6.366000,-12.198000,-4.015000,29.75
274269404,0.173000,0.912000,0.257000,-7.084000,-16.336000,-4.305000,29.66
274276503,0.182000,0.939000,0.254000,-4.183000,-13.588000,-3.298000,29.71
274289161,0.142000,0.992000,0.264000,-4.977000,-12.947000,-3.634000,29.85
274300358,0.129000,1.004000,0.267000,-6.168000,-14.412000,-4.794000,29.75
274304035,0.209000,0.962000,0.259000,-6.061000,-17.496000,-5.893000,29.66
274315006,0.232000,0.918000,0.331000,-7.557000,-14.427000,-7.038000,29.75
274328657,0.159000,0.972000,0.276000,-6.244000,-11.206000,-6.565000,29.80
274341333,0.127000,0.988000,0.238000,-6.840000,-11.374000,-8.763000,29.75
274347790,0.147000,0.989000,0.199000,-6.840000,-11.954000,-9.344000,29.71
274360068,0.159000,0.950000,0.283000,-6.397000,-12.168000,-9.618000,29.75
274371321,0.173000,0.888000,0.340000,-8.809000,-14.504000,-9.405000,29.75
274373640,0.179000,0.887000,0.298000,-5.954000,-15.634000,-9.282000,29.71
274389306,0.176000,0.925000,0.247000,-6.290000,-11.802000,-11.481000,29.66
274399527,0.114000,0.948000,0.140000,-3.115000,-8.046000,-13.130000,29.71
274405492,0.098000,1.002000,0.194000,-4.473000,-7.328000,-14.992000,29.75
274416661,0.117000,0.932000,0.287000,-6.366000,-5.756000,-14.626000,29.71
274429494,0.132000,0.874000,0.299000,-3.527000,-3.130000,-12.244000,29.71
274438937,0.129000,0.879000,0.371000,-3.145000,-0.611000,-8.870000,29.85
274446105,0.090000,0.877000,0.267000,0.275000,2.977000,-6.046000,29.71
274456942,0.109000,0.910000,0.261000,2.275000,2.519000,-6.565000,29.75
274469992,0.134000,0.893000,0.258000,4.321000,-0.962000,-5.008000,29.75
274475797,0.118000,0.916000,0.329000,5.420000,-0.687000,-4.473000,29.71
274487422,0.132000,0.885000,0.257000,8.229000,2.595000,-3.679000,29.75
274497582,0.112000,0.935000,0.283000,8.458000,8.641000,-3.618000,29.61
274506277,0.135000,0.969000,0.322000,7.008000,11.756000,-2.656000,29.75
274515305,0.180000,0.924000,0.363000,5.527000,16.977000,-2.031000,29.80
274522510,0.049000,0.928000,0.330000,4.656000,17.817000,-0.687000,29.80
274541952,0.019000,0.960000,0.272000,2.550000,9.786000,-0.794000,29.66
274548100,0.048000,0.958000,0.232000,0.977000,6.260000,-1.725000,29.80
274555202,0.094000,0.980000,0.242000,-0.580000,8.321000,-1.466000,29.85
274567428,0.125000,0.880000,0.327000,-1.573000,6.809000,4.824000,29.75
274578018,0.089000,0.830000,0.321000,-1.924000,8.015000,7.298000,29.80
274588509,0.038000,0.951000,0.201000,0.626000,9.908000,8.992000,29.75
274598106,0.086000,0.963000,0.219000,-0.137000,1.817000,9.634000,29.75
274607866,0.035000,0.876000,0.109000,3.237000,1.618000,6.916000,29.85
274614652,0.046000,0.970000,0.160000,4.748000,-2.183000,4.656000,29.75
274626884,0.134000,0.885000,0.152000,6.214000,-10.504000,1.038000,29.71
274636837,0.135000,0.878000,0.243000,8.473000,-4.214000,-2.015000,29.75
274651073,0.115000,0.918000,0.251000,10.840000,-4.458000,-5.939000,29.80
274657049,0.183000,0.842000,0.246000,12.473000,-7.252000,-8.855000,29.75
274668696,0.133000,0.865000,0.246000,15.802000,-6.153000,-10.534000,29.85
274676699,0.142000,0.906000,0.232000,16.794000,-13.008000,-12.763000,29.71
274686397,0.195000,0.860000,0.334000,14.168000,-17.832000,-11.634000,29.75
274697993,0.160000,0.843000,0.238000,18.321000,-14.977000,-11.328000,29.71
274710123,0.208000,0.941000,0.130000,20.641000,-7.878000,-13.115000,29.85
274716525,0.220000,0.992000,0.249000,17.985000,-4.000000,-15.252000,29.80
274723938,0.273000,0.928000,0.265000,17.267000,2.260000,-14.061000,29.80
274736802,0.325000,0.909000,0.327000,17.679000,14.031000,-12.916000,29.75
274748358,0.260000,0.913000,0.295000,15.985000,16.351000,-12.183000,29.80
274756767,0.253000,0.924000,0.308000,16.565000,13.817000,-13.359000,29.66
274771493,0.297000,0.936000,0.229000,16.779000,9.679000,-14.962000,29.75
274783207,0.249000,0.899000,0.138000,21.206000,11.313000,-17.405000,29.80
274787865,0.159000,1.023000,0.257000,19.679000,7.313000,-20.901000,29.75
274796404,0.228000,0.979000,0.270000,17.756000,5.466000,-21.542000,29.80
274806790,0.313000,0.986000,0.307000,16.519000,10.947000,-21.863000,29.66
274815441,0.320000,1.003000,0.339000,12.870000,19.847000,-20.244000,29.71
274826005,0.230000,0.923000,0.265000,9.542000,21.924000,-18.595000,29.71
274833065,0.116000,0.861000,0.062000,12.779000,23.679000,-17.695000,29.85
274853464,0.087000,1.039000,0.239000,10.366000,18.107000,-17.252000,29.80
274859303,0.187000,1.040000,0.350000,5.145000,8.611000,-13.115000,29.75
274872419,0.179000,0.881000,0.174000,11.878000,19.802000,-8.809000,29.80
274880767,0.151000,1.049000,0.352000,13.573000,22.840000,-7.649000,29.71
274886886,0.239000,1.093000,0.465000,6.962000,7.389000,-1.450000,29.66
274897262,0.197000,0.982000,0.228000,8.183000,12.076000,5.160000,29.80
274906317,0.101000,1.169000,0.156000,6.947000,12.672000,4.962000,29.75
274917032,0.205000,1.261000,0.162000,-2.061000,-0.382000,8.870000,29.71
274924084,0.207000,1.220000,0.202000,-7.206000,4.214000,11.954000,29.71
274938315,0.163000,1.264000,0.201000,-12.763000,2.718000,12.870000,29.75
274947882,0.255000,1.224000,0.368000,-21.771000,-4.916000,17.649000,29.61
274959856,0.158000,1.176000,0.348000,-26.061000,-4.412000,23.344000,29.75
274965708,0.268000,1.229000,0.147000,-29.695000,-5.695000,26.885000,29.71
274978145,0.370000,1.285000,0.269000,-35.023000,-2.122000,28.305000,29.71
274986218,0.313000,1.317000,0.274000,-41.115000,6.672000,34.901000,29.66
274997760,0.298000,1.338000,0.239000,-43.908000,11.863000,38.107000,29.71
275008141,0.397000,1.284000,0.296000,-51.328000,8.702000,38.626000,29.75
275019426,0.434000,1.229000,0.366000,-55.679000,4.992000,43.969000,29.71
275026403,0.426000,1.232000,0.383000,-59.084000,4.687000,49.603000,29.80
275033791,0.516000,1.246000,0.464000,-67.160000,1.405000,49.939000,29.85
275046866,0.602000,1.222000,0.429000,-70.214000,3.542000,50.855000,29.71
275061788,0.462000,1.250000,0.424000,-74.641000,9.511000,52.015000,29.66
275066628,0.480000,1.283000,0.355000,-81.206000,8.168000,55.252000,29.71
275079766,0.467000,1.157000,0.390000,-85.618000,11.847000,59.435000,29.71
275088688,0.484000,1.184000,0.465000,-88.351000,11.160000,62.397000,29.75
275097175,0.513000,1.170000,0.420000,-92.473000,13.527000,71.481000,29.80
275110710,0.614000,1.103000,0.618000,-97.389000,23.771000,77.466000,29.75
275116869,0.457000,1.056000,0.567000,-100.962000,41.252000,88.076000,29.71
275125813,0.431000,1.042000,0.524000,-104.473000,40.260000,94.412000,29.71
275135696,0.411000,1.148000,0.389000,-111.344000,35.069000,95.252000,29.66
275143946,0.437000,1.125000,0.465000,-109.115000,31.252000,95.511000,29.71
275158412,0.452000,1.048000,0.604000,-110.000000,25.008000,96.412000,29.75
275167095,0.531000,1.032000,0.830000,-111.038000,15.298000,95.802000,29.75
275178044,0.571000,0.943000,0.872000,-116.137000,16.183000,100.031000,29.71
275191748,0.517000,1.008000,0.813000,-120.015000,19.649000,101.267000,29.75
275197063,0.481000,1.118000,0.634000,-126.229000,12.748000,103.695000,29.66
275208650,0.436000,1.034000,0.619000,-130.092000,7.069000,106.550000,29.75
275219843,0.400000,1.046000,0.566000,-129.405000,10.092000,107.618000,29.85
275226308,0.396000,1.030000,0.645000,-133.527000,12.076000,109.267000,29.71
275236478,0.379000,1.010000,0.598000,-132.733000,8.885000,112.931000,29.66
275244231,0.421000,0.864000,0.559000,-130.550000,2.870000,115.359000,29.80
275257339,0.443000,0.830000,0.821000,-128.947000,5.695000,115.939000,29.75
275271849,0.356000,0.898000,0.700000,-128.641000,5.206000,118.733000,29.85
275276686,0.374000,0.804000,0.716000,-127.145000,1.115000,117.786000,29.80
275290991,0.475000,0.849000,0.773000,-128.092000,-2.824000,116.397000,29.75
275298378,0.435000,0.832000,0.819000,-130.565000,-1.817000,114.305000,29.85
275307278,0.341000,0.805000,0.766000,-129.344000,2.656000,113.634000,29.75
275319545,0.363000,0.712000,0.713000,-129.527000,-0.672000,112.153000,29.75
275331784,0.420000,0.696000,0.846000,-128.534000,-5.634000,112.137000,29.80
275337119,0.487000,0.687000,0.841000,-132.855000,-7.359000,110.107000,29.75
275343908,0.411000,0.622000,0.809000,-134.626000,-3.649000,110.305000,29.71
275358893,0.384000,0.692000,0.758000,-133.664000,-7.191000,109.756000,29.75
275371011,0.392000,0.670000,0.657000,-136.031000,-17.023000,105.557000,29.71
275377114,0.421000,0.553000,0.723000,-135.542000,-24.977000,102.809000,29.80
275387693,0.409000,0.590000,0.791000,-130.824000,-24.290000,98.687000,29.75
275398559,0.389000,0.567000,0.725000,-127.802000,-23.832000,96.656000,29.80
275407843,0.456000,0.433000,0.840000,-124.534000,-27.405000,93.786000,29.66
275415288,0.384000,0.389000,0.772000,-120.687000,-34.290000,93.466000,29.80
275427159,0.456000,0.336000,0.837000,-119.115000,-43.985000,92.092000,29.71
275438487,0.470000,0.404000,0.900000,-117.450000,-50.122000,91.588000,29.75
275444214,0.464000,0.312000,0.718000,-114.916000,-49.832000,90.534000,29.71
275458101,0.490000,0.304000,0.686000,-107.695000,-55.603000,87.420000,29.75
275466105,0.538000,0.361000,0.714000,-101.038000,-63.374000,82.092000,29.80
275480155,0.660000,0.198000,0.741000,-98.015000,-61.588000,78.519000,29.75
275483340,0.553000,0.189000,0.780000,-88.458000,-52.107000,71.985000,29.75
275498300,0.472000,0.337000,0.724000,-86.321000,-49.130000,70.336000,29.71
275509816,0.478000,0.223000,0.641000,-83.420000,-49.099000,66.809000,29.75
275516135,0.523000,0.240000,0.720000,-80.885000,-51.695000,63.176000,29.61
275530128,0.533000,0.211000,0.594000,-80.718000,-50.947000,61.649000,29.75
275542291,0.555000,0.142000,0.613000,-78.580000,-48.580000,60.137000,29.85
275545628,0.479000,0.157000,0.648000,-74.168000,-52.198000,58.183000,29.80
275557393,0.500000,0.116000,0.609000,-71.740000,-59.282000,56.824000,29.75
275569950,0.493000,0.073000,0.631000,-68.763000,-59.679000,57.725000,29.80
275580805,0.453000,0.112000,0.668000,-64.153000,-61.359000,53.863000,29.75
275587559,0.552000,0.086000,0.566000,-61.649000,-64.519000,52.687000,29.85
275600146,0.661000,0.019000,0.593000,-56.534000,-54.702000,49.511000,29.71
275612768,0.598000,0.036000,0.598000,-53.130000,-43.985000,43.466000,29.75
275617478,0.597000,0.000000,0.450000,-49.267000,-43.496000,39.847000,29.80
275628761,0.600000,-0.036000,0.532000,-45.832000,-45.084000,38.275000,29.75
275638079,0.438000,0.016000,0.546000,-41.267000,-45.756000,37.450000,29.75
275650362,0.454000,0.053000,0.506000,-38.427000,-52.718000,39.466000,29.80
275654675,0.590000,0.009000,0.572000,-37.344000,-50.137000,39.649000,29.75
275665189,0.646000,-0.000000,0.560000,-38.855000,-42.947000,41.939000,29.71
275677530,0.622000,-0.056000,0.500000,-37.542000,-37.893000,40.321000,29.85
275689534,0.513000,-0.086000,0.335000,-30.779000,-31.298000,35.237000,29.75
275696843,0.577000,0.064000,0.452000,-27.496000,-36.824000,29.282000,29.61
275708234,0.704000,-0.044000,0.549000,-27.527000,-35.893000,26.443000,29.75
275720948,0.630000,-0.113000,0.522000,-21.756000,-24.550000,22.565000,29.71
275726492,0.659000,-0.005000,0.665000,-19.679000,-23.634000,19.679000,29.75
275737608,0.537000,-0.013000,0.473000,-21.634000,-24.061000,20.641000,29.80
275747213,0.604000,-0.067000,0.393000,-22.504000,-24.641000,21.435000,29.71
275759629,0.560000,-0.045000,0.352000,-18.947000,-24.870000,18.550000,29.66
275765671,0.528000,-0.008000,0.375000,-19.542000,-33.847000,18.015000,29.71
275772497,0.645000,-0.085000,0.508000,-16.031000,-38.046000,14.901000,29.75
275786770,0.762000,-0.077000,0.581000,-14.855000,-28.244000,13.969000,29.75
275796916,0.716000,-0.126000,0.512000,-11.618000,-15.603000,11.267000,29.85
275805984,0.687000,-0.102000,0.509000,-10.275000,-12.244000,6.901000,29.75
275819921,0.636000,-0.057000,0.374000,-8.443000,-5.450000,3.160000,29.71
275831384,0.620000,-0.085000,0.333000,-2.489000,-2.397000,0.076000,29.66
275836682,0.664000,-0.087000,0.437000,-1.740000,-4.092000,-2.183000,29.80
275846659,0.717000,-0.149000,0.470000,-0.183000,-8.702000,-3.725000,29.66
275855760,0.611000,-0.148000,0.394000,2.504000,-6.641000,-3.206000,29.80
275868059,0.594000,-0.066000,0.434000,7.221000,-7.924000,-4.046000,29.71
275874353,0.791000,-0.132000,0.528000,6.611000,-7.145000,-4.489000,29.75
275886800,0.759000,-0.174000,0.580000,10.275000,0.412000,-10.198000,29.80
275899816,0.673000,-0.114000,0.414000,12.718000,-1.084000,-14.061000,29.75
275908542,0.682000,-0.140000,0.353000,18.153000,2.702000,-20.183000,29.71
275914797,0.592000,0.018000,0.398000,21.023000,-0.137000,-23.420000,29.71
275928093,0.664000,-0.018000,0.437000,21.740000,-3.466000,-23.084000,29.75
275935059,0.721000,-0.161000,0.488000,22.916000,-4.229000,-23.191000,29.80
275945584,0.820000,-0.139000,0.545000,24.366000,2.840000,-24.885000,29.75
275957999,0.780000,-0.086000,0.517000,26.977000,16.733000,-28.321000,29.80
275965351,0.668000,-0.068000,0.383000,29.374000,20.443000,-31.542000,29.71
275976021,0.642000,-0.002000,0.363000,32.168000,23.664000,-35.160000,29.75
275982911,0.722000,0.080000,0.427000,33.344000,30.000000,-36.443000,29.71
275999375,0.677000,-0.035000,0.522000,32.443000,35.603000,-35.710000,29.75
276010272,0.696000,-0.098000,0.577000,33.527000,35.695000,-34.412000,29.80
276016568,0.745000,0.007000,0.551000,33.710000,42.214000,-34.611000,29.80
276027247,0.713000,0.015000,0.395000,34.046000,52.916000,-35.328000,29.85
276039032,0.574000,0.119000,0.425000,35.069000,54.015000,-38.305000,29.71
276046392,0.614000,0.076000,0.404000,35.069000,48.107000,-40.061000,29.75
276058553,0.706000,0.089000,0.542000,39.496000,50.977000,-45.573000,29.80
276068321,0.709000,0.075000,0.580000,40.641000,50.672000,-52.855000,29.80
276078330,0.896000,-0.056000,0.697000,40.824000,61.618000,-58.763000,29.75
276084973,0.808000,-0.032000,0.591000,48.626000,75.893000,-62.275000,29.80
276096999,0.646000,0.064000,0.599000,51.954000,76.611000,-66.916000,29.66
276107800,0.493000,0.095000,0.586000,57.466000,65.969000,-67.817000,29.80
276118280,0.498000,0.200000,0.503000,59.191000,56.214000,-69.328000,29.71
276124882,0.607000,0.194000,0.588000,60.947000,53.695000,-69.618000,29.75
276145012,0.620000,0.111000,0.699000,60.076000,53.908000,-68.641000,29.71
276157100,0.614000,0.126000,0.606000,64.947000,56.840000,-71.481000,29.66
276159060,0.674000,0.169000,0.580000,67.389000,58.901000,-74.244000,29.89
276169399,0.624000,0.190000,0.667000,68.107000,59.038000,-76.412000,29.89
276179134,0.494000,0.237000,0.611000,67.863000,55.603000,-73.374000,29.75
276186659,0.479000,0.273000,0.621000,67.053000,53.405000,-68.931000,29.80
276194929,0.623000,0.343000,0.652000,67.435000,61.634000,-66.656000,29.75
276205873,0.686000,0.204000,0.750000,66.244000,70.809000,-63.832000,29.80
276212897,0.560000,0.239000,0.705000,70.718000,70.473000,-67.099000,29.80
276229033,0.594000,0.242000,0.739000,73.817000,64.962000,-74.076000,29.75
276237876,0.559000,0.325000,0.665000,81.863000,68.214000,-77.573000,29.61
276245688,0.517000,0.359000,0.737000,82.489000,62.580000,-78.931000,29.75
276258964,0.418000,0.325000,0.739000,86.962000,56.763000,-76.473000,29.71
276264315,0.464000,0.438000,0.769000,83.771000,52.397000,-72.840000,29.80
276278472,0.671000,0.412000,0.832000,80.748000,56.382000,-68.260000,29.75
276289377,0.629000,0.421000,0.757000,81.038000,63.588000,-68.809000,29.71
276300307,0.485000,0.462000,0.702000,80.321000,70.702000,-71.756000,29.85
276303955,0.428000,0.572000,0.676000,82.992000,74.733000,-72.366000,29.80
276314847,0.395000,0.551000,0.794000,87.527000,68.550000,-73.115000,29.71
276328456,0.474000,0.450000,0.917000,83.420000,51.939000,-68.794000,29.75
276336917,0.613000,0.416000,0.935000,87.038000,55.130000,-67.282000,29.71
276346793,0.500000,0.591000,0.739000,86.794000,59.160000,-65.374000,29.75
276359475,0.381000,0.667000,0.643000,84.321000,54.031000,-68.153000,29.80
276367484,0.381000,0.663000,0.698000,84.611000,46.153000,-70.916000,29.71
276373754,0.433000,0.642000,0.866000,86.870000,45.282000,-68.611000,29.75
276387350,0.407000,0.650000,0.833000,90.855000,51.740000,-67.908000,29.71
276395070,0.459000,0.675000,0.912000,87.374000,57.313000,-64.779000,29.75
276405443,0.490000,0.677000,0.942000,87.084000,56.076000,-65.786000,29.80
276416810,0.481000,0.665000,0.817000,88.947000,51.206000,-69.985000,29.75
276429601,0.395000,0.738000,0.749000,89.908000,43.237000,-75.282000,29.75
276439957,0.329000,0.826000,0.758000,87.023000,29.740000,-80.504000,29.71
276446354,0.356000,0.766000,0.862000,87.389000,22.412000,-78.611000,29.66
276457308,0.377000,0.789000,0.948000,87.145000,28.779000,-76.061000,29.71
276466916,0.397000,0.771000,0.830000,87.954000,40.595000,-71.527000,29.75
276477116,0.365000,0.795000,0.731000,87.557000,43.145000,-69.969000,29.66
276488024,0.328000,0.861000,0.833000,83.679000,43.481000,-71.115000,29.80
276496223,0.327000,0.857000,0.787000,82.168000,42.107000,-69.298000,29.75
276507475,0.258000,0.887000,0.725000,79.191000,41.527000,-67.099000,29.80
276513589,0.175000,0.946000,0.693000,76.443000,35.389000,-64.458000,29.75
276527339,0.198000,0.954000,0.660000,73.023000,25.832000,-62.168000,29.75
276540073,0.292000,0.933000,0.795000,68.015000,22.840000,-60.687000,29.71
276549595,0.378000,0.877000,0.817000,65.481000,29.176000,-57.573000,29.75
276556387,0.332000,0.904000,0.813000,65.863000,32.519000,-57.359000,29.80
276568898,0.335000,0.917000,0.797000,62.901000,27.817000,-59.145000,29.66
276579588,0.295000,0.860000,0.777000,62.534000,27.389000,-59.893000,29.75
276587560,0.283000,0.969000,0.718000,63.481000,26.168000,-64.611000,29.80
276596869,0.305000,0.989000,0.731000,60.794000,23.099000,-66.046000,29.66
276604835,0.235000,0.962000,0.748000,57.618000,21.298000,-65.649000,29.80
276615825,0.175000,0.969000,0.717000,54.763000,15.725000,-64.031000,29.66
276622679,0.239000,0.910000,0.751000,51.695000,7.405000,-61.924000,29.80
276637616,0.247000,0.874000,0.690000,51.618000,4.519000,-62.260000,29.80
276653937,0.257000,0.951000,0.695000,51.817000,7.130000,-60.947000,29.85
276658087,0.335000,0.940000,0.721000,48.656000,13.282000,-61.359000,29.80
276672356,0.260000,0.875000,0.637000,47.511000,19.985000,-60.290000,29.85
276684296,0.162000,0.950000,0.565000,44.885000,15.130000,-59.084000,29.75
276686208,0.201000,0.980000,0.622000,42.672000,10.534000,-58.763000,29.71
276696868,0.238000,0.920000,0.635000,39.130000,9.206000,-58.107000,29.75
276708776,0.187000,0.924000,0.645000,37.634000,7.191000,-55.145000,29.71
276716835,0.230000,0.958000,0.653000,33.771000,1.969000,-50.733000,29.75
276725141,0.176000,0.912000,0.615000,28.000000,4.824000,-44.351000,29.71
276732498,0.136000,0.931000,0.553000,24.275000,4.275000,-38.137000,29.71
276751548,0.159000,0.952000,0.535000,21.053000,3.496000,-33.725000,29.66
276760498,0.237000,0.911000,0.568000,19.359000,7.221000,-32.794000,29.71
276765813,0.251000,0.952000,0.534000,20.412000,13.252000,-33.328000,29.75
276778037,0.324000,0.928000,0.593000,17.496000,10.702000,-36.214000,29.75
276785306,0.334000,0.842000,0.616000,17.191000,9.191000,-36.412000,29.75
276796191,0.265000,0.886000,0.654000,14.763000,2.061000,-35.878000,29.75
276808565,0.279000,0.938000,0.706000,7.084000,-16.397000,-31.496000,29.80
276819588,0.321000,0.859000,0.679000,1.573000,-18.031000,-27.985000,29.75
276821762,0.294000,0.927000,0.637000,-1.115000,-13.893000,-25.969000,29.80
276834631,0.369000,0.969000,0.664000,-2.076000,0.931000,-26.305000,29.66
276851530,0.301000,0.981000,0.591000,-2.870000,11.435000,-24.473000,29.75
276860963,0.321000,0.942000,0.632000,-5.786000,2.397000,-23.145000,29.71
276867285,0.314000,0.927000,0.686000,-7.771000,-2.443000,-18.244000,29.75
276879543,0.309000,0.832000,0.768000,-11.176000,-6.504000,-11.221000,29.71
276890763,0.359000,0.989000,0.743000,-15.328000,-5.282000,-2.992000,29.75
276896196,0.361000,0.994000,0.666000,-20.000000,-2.565000,5.191000,29.71
276908832,0.288000,1.018000,0.654000,-23.420000,-1.160000,10.733000,29.71
276920987,0.224000,1.103000,0.692000,-27.740000,-8.977000,15.740000,29.75
276925236,0.423000,1.090000,0.714000,-33.130000,-7.954000,19.847000,29.71
276936574,0.509000,0.935000,0.782000,-34.015000,-3.863000,23.771000,29.66
276948885,0.411000,0.940000,0.835000,-36.779000,-4.534000,28.641000,29.80
276958569,0.318000,1.006000,0.909000,-43.634000,-11.023000,33.496000,29.80
276966348,0.420000,1.060000,0.822000,-51.191000,-21.893000,37.603000,29.75
276977565,0.379000,1.056000,0.757000,-56.031000,-27.969000,41.542000,29.71
276990999,0.320000,1.173000,0.664000,-59.435000,-28.687000,44.916000,29.75
276996582,0.353000,1.133000,0.798000,-65.420000,-29.863000,48.748000,29.80
277008398,0.364000,1.095000,0.866000,-64.855000,-22.229000,53.405000,29.71
277019283,0.454000,0.969000,0.940000,-73.740000,-23.695000,58.412000,29.85
277027622,0.362000,0.957000,0.948000,-76.092000,-17.847000,64.656000,29.71
277032671,0.331000,1.190000,0.834000,-79.496000,-19.878000,66.718000,29.85
277046617,0.327000,1.140000,0.718000,-84.855000,-19.450000,71.588000,29.80
277059169,0.245000,1.129000,0.768000,-89.908000,-18.748000,76.870000,29.80
277069288,0.321000,1.110000,0.862000,-94.198000,-24.824000,81.817000,29.85
277076161,0.413000,1.009000,0.883000,-100.198000,-19.542000,84.840000,29.71
277091322,0.390000,0.956000,0.923000,-102.550000,-13.618000,86.870000,29.75
277098837,0.306000,0.985000,0.938000,-104.809000,-19.679000,89.649000,29.80
277107402,0.260000,0.986000,0.889000,-109.893000,-32.519000,90.550000,29.80
277115874,0.331000,0.930000,0.920000,-112.489000,-40.412000,91.206000,29.75
277127766,0.265000,1.015000,0.903000,-112.656000,-44.061000,93.817000,29.89
277133888,0.304000,0.921000,0.875000,-117.847000,-55.435000,94.015000,29.75
277145363,0.419000,0.834000,0.880000,-117.237000,-51.939000,95.374000,29.80
277151028,0.373000,0.884000,0.913000,-117.756000,-48.702000,96.168000,29.75
277171234,0.260000,0.837000,0.879000,-117.038000,-58.015000,97.618000,29.85
277177577,0.394000,0.748000,0.903000,-120.046000,-61.985000,98.672000,29.80
277190043,0.350000,0.760000,0.933000,-117.145000,-58.061000,102.412000,29.75
277198061,0.334000,0.785000,0.825000,-116.534000,-60.443000,101.481000,29.71
277207271,0.360000,0.728000,0.880000,-116.092000,-63.618000,102.137000,29.75
277218300,0.273000,0.788000,0.920000,-117.878000,-68.458000,104.244000,29.66
277230847,0.429000,0.628000,0.888000,-121.634000,-71.282000,102.824000,29.80
277235180,0.440000,0.684000,0.899000,-117.038000,-60.870000,104.198000,29.75
277245161,0.318000,0.715000,0.804000,-119.206000,-65.405000,102.534000,29.80
277257628,0.511000,0.528000,0.769000,-117.084000,-69.832000,101.802000,29.75
277267809,0.547000,0.492000,0.978000,-113.481000,-60.855000,100.687000,29.75
277276533,0.368000,0.665000,0.861000,-113.557000,-57.130000,100.061000,29.71
277288663,0.429000,0.484000,0.759000,-113.282000,-56.092000,100.122000,29.75
277301908,0.417000,0.602000,0.803000,-111.237000,-64.168000,96.366000,29.71
277307211,0.427000,0.497000,0.757000,-110.321000,-71.038000,91.649000,29.75
277317652,0.529000,0.389000,0.787000,-106.336000,-73.221000,90.137000,29.75
277329833,0.656000,0.332000,0.842000,-104.153000,-67.405000,87.145000,29.80
277337913,0.386000,0.351000,0.878000,-97.099000,-60.168000,86.214000,29.66
277345514,0.329000,0.279000,0.788000,-98.580000,-73.374000,87.267000,29.71
277351133,0.455000,0.338000,0.791000,-95.679000,-74.382000,86.931000,29.85
277373265,0.506000,0.370000,0.647000,-91.466000,-61.725000,84.061000,29.75
277379484,0.464000,0.304000,0.609000,-91.008000,-61.313000,81.282000,29.80
277386305,0.558000,0.266000,0.614000,-89.756000,-59.191000,80.015000,29.75
277397852,0.532000,0.289000,0.609000,-87.771000,-56.229000,78.519000,29.71
277409359,0.501000,0.145000,0.681000,-86.168000,-52.321000,80.443000,29.75
277416792,0.477000,0.152000,0.719000,-84.550000,-49.573000,82.305000,29.75
277427664,0.529000,0.197000,0.669000,-82.992000,-41.267000,83.252000,29.71
277438743,0.499000,0.173000,0.580000,-83.160000,-42.382000,80.763000,29.75
277446305,0.483000,0.201000,0.521000,-79.527000,-43.573000,76.366000,29.80
277453470,0.487000,0.200000,0.510000,-79.878000,-47.206000,71.802000,29.75
277466725,0.615000,0.098000,0.601000,-76.840000,-44.977000,69.496000,29.85
277481778,0.560000,0.016000,0.601000,-74.198000,-42.244000,69.221000,29.71
277485930,0.424000,0.010000,0.650000,-72.534000,-41.618000,69.832000,29.75
277501126,0.393000,0.053000,0.598000,-69.847000,-48.687000,68.687000,29.71
277511946,0.485000,0.035000,0.475000,-67.634000,-50.870000,68.275000,29.75
277516641,0.559000,0.089000,0.507000,-63.786000,-48.656000,60.931000,29.75
277526542,0.703000,0.015000,0.507000,-60.748000,-44.031000,52.885000,29.61
277536830,0.617000,-0.070000,0.542000,-55.145000,-29.328000,49.252000,29.66
277545531,0.498000,0.047000,0.592000,-55.603000,-33.893000,42.107000,29.71
277554384,0.523000,0.028000,0.461000,-52.015000,-39.664000,38.427000,29.66
277570044,0.574000,-0.081000,0.454000,-48.183000,-35.313000,37.053000,29.75
277581856,0.526000,-0.050000,0.452000,-44.840000,-34.229000,37.008000,29.80
277588899,0.491000,0.022000,0.453000,-40.672000,-29.725000,35.740000,29.75
277595630,0.610000,-0.104000,0.497000,-37.282000,-30.290000,33.405000,29.80
277613791,0.682000,-0.217000,0.557000,-31.695000,-18.779000,30.885000,29.75
277619037,0.501000,-0.120000,0.500000,-25.130000,-12.214000,27.786000,29.75
277626502,0.483000,-0.113000,0.492000,-21.359000,-12.855000,23.924000,29.71
277639658,0.602000,-0.116000,0.428000,-17.237000,-9.282000,18.626000,29.75
277649371,0.495000,-0.088000,0.381000,-13.664000,-8.977000,12.031000,29.71
277655319,0.480000,-0.063000,0.345000,-11.969000,-20.718000,4.870000,29.75
277667280,0.648000,-0.099000,0.402000,-7.969000,-20.092000,1.618000,29.66
277676311,0.677000,-0.189000,0.490000,-4.809000,-8.855000,2.611000,29.80
277691076,0.572000,-0.161000,0.492000,-4.107000,-0.031000,4.366000,29.75
277697811,0.658000,-0.170000,0.504000,-3.191000,8.153000,4.641000,29.71
277710569,0.519000,-0.120000,0.345000,0.748000,18.489000,2.687000,29.85
277718323,0.420000,-0.012000,0.334000,2.580000,9.344000,-3.328000,29.66
277727474,0.672000,-0.094000,0.395000,1.985000,8.046000,-7.756000,29.71
277738032,0.617000,-0.195000,0.427000,7.847000,15.664000,-9.527000,29.85
277745931,0.601000,-0.121000,0.500000,10.977000,14.000000,-11.405000,29.71
277754505,0.666000,-0.200000,0.495000,14.809000,21.679000,-13.038000,29.75
277764834,0.691000,-0.178000,0.489000,20.763000,34.076000,-14.641000,29.75
277777746,0.540000,-0.119000,0.393000,24.504000,32.534000,-21.450000,29.71
277790086,0.589000,-0.082000,0.409000,24.244000,23.710000,-24.351000,29.75
277796370,0.698000,-0.178000,0.429000,27.237000,29.221000,-26.336000,29.71
277808209,0.636000,-0.152000,0.495000,32.290000,34.275000,-28.809000,29.75
277821035,0.599000,-0.150000,0.514000,37.084000,29.542000,-32.870000,29.75
277826386,0.642000,-0.152000,0.570000,39.588000,19.191000,-35.130000,29.80
277838470,0.541000,-0.081000,0.483000,40.153000,15.924000,-35.557000,29.85
277846999,0.700000,-0.038000,0.476000,40.443000,18.855000,-35.740000,29.71
277856037,0.752000,-0.047000,0.569000,41.878000,36.397000,-37.130000,29.80
277865849,0.636000,-0.007000,0.519000,44.183000,44.916000,-39.710000,29.85
277872907,0.673000,-0.044000,0.516000,44.702000,44.931000,-42.656000,29.71
277889827,0.548000,-0.023000,0.595000,48.000000,44.137000,-45.221000,29.75
277899070,0.558000,0.021000,0.622000,46.840000,30.458000,-45.603000,29.80
277906213,0.664000,-0.036000,0.571000,47.115000,29.969000,-46.336000,29.71
277917598,0.606000,0.037000,0.561000,50.061000,35.664000,-45.053000,29.66
277925612,0.659000,0.084000,0.503000,50.809000,38.641000,-46.076000,29.80
277937052,0.771000,0.080000,0.629000,52.641000,50.061000,-49.802000,29.75
277948343,0.708000,0.001000,0.665000,56.153000,58.718000,-53.038000,29.71
277957535,0.595000,0.035000,0.702000,61.771000,55.160000,-59.298000,29.75
277963957,0.621000,0.074000,0.702000,65.267000,45.328000,-65.053000,29.66
277974712,0.715000,-0.017000,0.758000,67.802000,48.214000,-67.008000,29.71
277991246,0.590000,0.138000,0.674000,70.397000,52.397000,-66.702000,29.75
278001672,0.514000,0.193000,0.645000,68.427000,44.473000,-63.985000,29.80
278006670,0.452000,0.268000,0.651000,67.176000,43.511000,-60.809000,29.80
278020075,0.599000,0.222000,0.729000,63.160000,41.969000,-58.779000,29.75
278028657,0.681000,0.126000,0.717000,67.237000,43.802000,-58.397000,29.71
278033858,0.617000,0.138000,0.741000,66.748000,43.618000,-58.641000,29.75
278047749,0.547000,0.252000,0.742000,73.160000,54.244000,-58.076000,29.80
278060554,0.494000,0.314000,0.661000,71.786000,51.725000,-56.351000,29.80
278064930,0.541000,0.325000,0.700000,71.893000,55.756000,-57.649000,29.75
278076595,0.521000,0.393000,0.751000,72.794000,57.786000,-58.458000,29.80
278083623,0.585000,0.265000,0.852000,70.809000,45.863000,-58.168000,29.75
278100194,0.675000,0.208000,0.856000,70.137000,50.504000,-57.496000,29.71
278108957,0.467000,0.377000,0.721000,70.275000,59.328000,-57.176000,29.75
278117680,0.412000,0.517000,0.598000,68.382000,58.076000,-53.573000,29.75
278131648,0.380000,0.550000,0.692000,67.008000,61.679000,-50.290000,29.80
278136614,0.404000,0.503000,0.719000,65.252000,67.649000,-46.015000,29.75
278146901,0.417000,0.458000,0.730000,63.191000,68.137000,-46.382000,29.80
278156961,0.473000,0.405000,0.826000,60.580000,52.962000,-49.466000,29.66
278166919,0.552000,0.318000,0.841000,58.504000,38.870000,-54.672000,29.85
278173422,0.625000,0.306000,0.876000,64.641000,43.802000,-57.221000,29.71
278186200,0.530000,0.375000,0.851000,73.542000,53.252000,-58.137000,29.75
278200365,0.384000,0.371000,0.850000,80.443000,54.443000,-57.557000,29.80
278208854,0.318000,0.425000,0.851000,87.313000,53.298000,-57.282000,29.75
278218295,0.279000,0.465000,0.780000,95.954000,56.992000,-56.947000,29.75
278229447,0.325000,0.520000,0.812000,96.397000,44.397000,-57.740000,29.80
278238279,0.543000,0.449000,0.833000,93.847000,42.275000,-60.733000,29.75
278247082,0.474000,0.488000,0.815000,100.931000,56.183000,-58.733000,29.71
278258241,0.240000,0.665000,0.724000,100.550000,50.595000,-58.687000,29.85
278266534,0.261000,0.709000,0.749000,97.344000,41.298000,-57.344000,29.75
278275593,0.348000,0.721000,0.835000,98.031000,44.153000,-59.084000,29.80
278287369,0.440000,0.686000,0.807000,92.031000,34.626000,-60.351000,29.75
278294306,0.523000,0.651000,0.909000,90.427000,34.397000,-62.718000,29.71
278309161,0.494000,0.688000,0.902000,91.221000,46.443000,-66.260000,29.75
278318208,0.316000,0.715000,0.819000,94.229000,44.000000,-68.824000,29.75
278329527,0.338000,0.710000,0.871000,92.458000,39.191000,-69.252000,29.71
278339378,0.312000,0.748000,0.856000,96.412000,47.481000,-69.344000,29.75
278348193,0.233000,0.840000,0.799000,95.557000,44.275000,-68.962000,29.80
278355318,0.197000,0.840000,0.796000,89.160000,29.603000,-68.153000,29.75
278365093,0.264000,0.812000,0.858000,89.282000,24.382000,-65.679000,29.66
278377309,0.345000,0.854000,0.844000,86.031000,27.466000,-62.656000,29.71
278384599,0.292000,0.887000,0.768000,81.221000,31.969000,-61.023000,29.85
278396479,0.208000,0.906000,0.757000,81.008000,28.061000,-59.695000,29.71
278411140,0.274000,0.905000,0.820000,79.985000,24.198000,-62.321000,29.66
278416853,0.331000,0.878000,0.817000,81.313000,24.656000,-65.282000,29.80
278423620,0.343000,0.847000,0.826000,79.695000,22.901000,-69.710000,29.71
278440023,0.343000,0.896000,0.885000,79.710000,21.237000,-72.168000,29.75
278447422,0.329000,0.925000,0.809000,76.626000,21.527000,-72.214000,29.71
278456748,0.235000,0.952000,0.807000,73.664000,22.962000,-73.069000,29.75
278468568,0.216000,0.960000,0.717000,67.282000,18.244000,-72.626000,29.75
278476343,0.224000,0.993000,0.717000,68.122000,16.794000,-71.450000,29.80
278486291,0.244000,0.958000,0.796000,66.321000,16.763000,-72.107000,29.85
278493193,0.209000,0.926000,0.708000,64.061000,13.374000,-67.557000,29.80
278509845,0.193000,0.889000,0.750000,58.763000,7.206000,-61.893000,29.75
278525471,0.223000,0.901000,0.771000,55.603000,10.855000,-57.359000,29.71
278527751,0.248000,0.948000,0.682000,53.084000,11.802000,-54.687000,29.75
278537086,0.235000,0.975000,0.639000,50.901000,11.618000,-54.992000,29.75
278549307,0.274000,0.950000,0.692000,51.863000,10.733000,-53.359000,29.80
278557361,0.289000,0.923000,0.734000,50.702000,11.756000,-54.748000,29.75
278567906,0.242000,0.895000,0.694000,50.855000,7.115000,-54.641000,29.85
278577863,0.218000,0.875000,0.657000,47.893000,-3.847000,-53.359000,29.85
278587346,0.185000,0.932000,0.655000,47.985000,-4.427000,-52.809000,29.85
278595425,0.256000,0.998000,0.583000,42.473000,-7.298000,-51.252000,29.71
278602465,0.247000,0.963000,0.580000,38.031000,-6.794000,-48.321000,29.75
278623475,0.288000,0.965000,0.646000,31.588000,-5.252000,-46.702000,29.71
278630441,0.263000,0.946000,0.621000,26.489000,-5.710000,-41.954000,29.75
278635809,0.322000,0.898000,0.678000,22.534000,1.969000,-39.176000,29.66
278649016,0.310000,0.921000,0.664000,20.443000,10.611000,-36.565000,29.71
278656456,0.294000,0.949000,0.634000,16.534000,10.916000,-37.802000,29.66
278666562,0.320000,0.956000,0.629000,12.641000,4.275000,-37.389000,29.85
278679457,0.327000,0.905000,0.628000,10.412000,2.321000,-35.099000,29.75
278690045,0.305000,0.908000,0.688000,8.916000,1.008000,-32.611000,29.80
278693173,0.347000,0.875000,0.781000,2.443000,-1.344000,-27.084000,29.80
278704864,0.294000,0.876000,0.719000,1.542000,11.130000,-19.435000,29.75
278717541,0.248000,0.927000,0.639000,-1.511000,10.229000,-15.649000,29.71
278732588,0.388000,0.961000,0.608000,-5.435000,12.595000,-12.733000,29.75
278737514,0.398000,1.000000,0.630000,-9.939000,20.595000,-10.290000,29.71
278746257,0.376000,0.928000,0.792000,-14.947000,24.901000,-10.565000,29.71
278756557,0.325000,0.916000,0.776000,-17.710000,22.626000,-11.176000,29.66
278764631,0.285000,0.893000,0.800000,-22.672000,3.740000,-15.588000,29.80
278775776,0.323000,0.884000,0.861000,-24.061000,-13.908000,-15.924000,29.75
278787199,0.278000,0.919000,0.799000,-22.809000,-26.702000,-9.908000,29.80
278795091,0.257000,0.917000,0.836000,-26.489000,-38.779000,-2.809000,29.71
278806361,0.180000,0.903000,0.826000,-34.137000,-34.336000,8.779000,29.66
278819637,0.220000,1.024000,0.732000,-41.603000,-30.656000,19.191000,29.71
278831886,0.316000,1.093000,0.645000,-49.099000,-22.198000,25.405000,29.66
278840846,0.353000,1.057000,0.621000,-55.603000,-8.504000,30.153000,29.80
278851027,0.321000,1.069000,0.731000,-58.351000,-8.901000,36.244000,29.89
278861581,0.249000,1.050000,0.852000,-70.107000,-17.527000,39.038000,29.85
278869446,0.263000,0.936000,0.969000,-73.573000,-26.260000,46.107000,29.80
278877384,0.302000,0.956000,0.912000,-78.305000,-25.969000,52.687000,29.85
278888812,0.287000,0.986000,0.865000,-79.466000,-26.305000,54.626000,29.80
278900953,0.272000,1.055000,0.814000,-83.130000,-34.397000,55.649000,29.75
278903096,0.351000,0.982000,0.861000,-86.672000,-32.748000,58.015000,29.85
278914653,0.273000,1.031000,0.843000,-85.481000,-29.588000,63.359000,29.80
278927087,0.228000,1.058000,0.858000,-91.802000,-32.595000,69.450000,29.66
278938237,0.300000,1.014000,0.906000,-99.099000,-33.084000,74.443000,29.71
278947467,0.302000,1.025000,0.807000,-99.832000,-27.847000,80.641000,29.66
278961367,0.344000,0.997000,0.846000,-103.817000,-24.061000,82.565000,29.75
278969817,0.249000,1.077000,0.906000,-108.534000,-29.969000,83.344000,29.71
278977295,0.333000,0.977000,0.838000,-110.580000,-35.756000,82.794000,29.66
278987299,0.467000,0.890000,0.957000,-111.695000,-31.023000,81.695000,29.71
278998268,0.209000,0.976000,0.957000,-110.412000,-30.244000,82.382000,29.75
279006901,0.157000,0.957000,0.998000,-114.168000,-50.305000,82.687000,29.66
279015227,0.398000,0.844000,0.998000,-116.641000,-55.725000,82.840000,29.80
279030360,0.378000,0.932000,0.932000,-111.878000,-45.863000,83.817000,29.75
279041183,0.392000,0.916000,0.842000,-113.786000,-45.466000,82.641000,29.71
279050232,0.469000,0.806000,0.939000,-115.374000,-38.580000,81.145000,29.66
279056612,0.385000,0.811000,1.004000,-110.260000,-21.908000,79.893000,29.66
279070084,0.439000,0.687000,0.960000,-107.878000,-22.122000,78.672000,29.71
279080374,0.415000,0.594000,1.056000,-103.008000,-19.160000,77.282000,29.75
279086885,0.368000,0.682000,0.923000,-98.458000,-18.855000,76.962000,29.80
279097550,0.400000,0.516000,0.938000,-91.878000,-19.618000,77.664000,29.75
279111425,0.312000,0.566000,0.948000,-85.389000,-18.183000,77.069000,29.75
279116026,0.160000,0.553000,0.920000,-83.435000,-23.786000,81.649000,29.80
279122989,0.089000,0.606000,0.885000,-81.878000,-33.344000,81.985000,29.66
279138738,0.043000,0.687000,0.754000,-81.649000,-42.992000,84.672000,29.71
279150366,-0.003000,0.744000,0.656000,-84.565000,-59.023000,85.420000,29.75
279157070,-0.014000,0.731000,0.597000,-92.397000,-88.061000,84.656000,29.75
279167570,0.348000,0.604000,0.678000,-96.321000,-107.908000,80.015000,29.71
279175842,0.796000,0.396000,0.876000,-95.313000,-87.832000,83.511000,29.75
279186444,0.489000,0.426000,1.007000,-94.641000,-49.511000,85.435000,29.71
279193893,0.270000,0.519000,0.849000,-95.053000,-47.313000,86.977000,29.66
279209307,0.349000,0.596000,0.738000,-98.656000,-52.962000,82.275000,29.80
279218634,0.375000,0.683000,0.671000,-99.344000,-47.099000,76.901000,29.80
279223615,0.288000,0.616000,0.622000,-98.305000,-50.992000,69.527000,29.75
279236694,0.420000,0.460000,0.800000,-99.008000,-52.763000,64.336000,29.80
279249448,0.278000,0.371000,0.856000,-94.580000,-55.969000,59.603000,29.75
279259081,0.406000,0.228000,0.884000,-95.664000,-74.748000,58.275000,29.75
279267392,0.382000,0.260000,0.947000,-89.817000,-70.550000,57.954000,29.71
279278408,0.209000,0.415000,0.731000,-85.176000,-72.443000,53.313000,29.75
279289497,0.516000,0.395000,0.534000,-86.321000,-78.137000,48.656000,29.80
279295695,0.712000,0.329000,0.619000,-85.313000,-62.504000,45.069000,29.75
279308421,0.417000,0.302000,0.721000,-81.160000,-48.870000,40.550000,29.71
279318330,0.487000,0.241000,0.695000,-81.298000,-52.153000,40.061000,29.75
279325326,0.506000,0.129000,0.809000,-77.939000,-39.084000,41.176000,29.75
279337077,0.204000,0.323000,0.658000,-72.702000,-43.588000,40.687000,29.80
279348679,0.539000,0.093000,0.572000,-76.305000,-59.847000,44.504000,29.75
279363063,0.631000,0.114000,0.653000,-73.420000,-46.046000,46.504000,29.75
279365347,0.376000,0.168000,0.616000,-72.611000,-43.618000,45.832000,29.75
279377084,0.332000,0.127000,0.575000,-73.466000,-56.519000,42.702000,29.75
279389598,0.491000,0.178000,0.659000,-68.550000,-51.634000,37.603000,29.71
279395093,0.433000,0.180000,0.491000,-63.527000,-50.534000,31.603000,29.75
279407721,0.838000,-0.029000,0.560000,-63.496000,-51.221000,27.969000,29.71
279422625,0.866000,-0.106000,0.741000,-56.763000,-19.099000,25.756000,29.85
279427112,0.510000,-0.016000,0.665000,-52.198000,-8.656000,28.092000,29.66
279432738,0.461000,-0.046000,0.630000,-52.504000,-22.137000,27.191000,29.71
279445167,0.440000,-0.004000,0.623000,-48.885000,-29.771000,25.695000,29.75
279457326,0.448000,0.030000,0.475000,-45.038000,-34.916000,23.359000,29.75
279467977,0.518000,-0.027000,0.536000,-40.992000,-35.557000,23.710000,29.75
279479067,0.408000,0.047000,0.550000,-35.023000,-32.626000,19.832000,29.75
279493649,0.431000,-0.018000,0.454000,-32.000000,-37.221000,16.885000,29.71
279499118,0.667000,-0.066000,0.429000,-28.397000,-35.695000,15.374000,29.75
279507976,0.590000,0.033000,0.446000,-27.481000,-24.214000,10.702000,29.71
279517575,0.639000,-0.052000,0.438000,-29.130000,-29.710000,7.237000,29.75
279529447,0.823000,-0.174000,0.545000,-27.954000,-17.802000,7.130000,29.75
279534231,0.529000,-0.140000,0.597000,-21.527000,-3.939000,8.779000,29.71
279545875,0.389000,-0.055000,0.523000,-18.840000,-11.725000,9.282000,29.75
279558626,0.445000,-0.017000,0.428000,-18.779000,-14.733000,11.725000,29.80
279573236,0.421000,0.038000,0.361000,-18.290000,-10.611000,11.069000,29.75
279577263,0.498000,0.046000,0.333000,-20.595000,-15.985000,7.710000,29.80
279587216,0.834000,-0.188000,0.323000,-18.733000,-11.740000,4.672000,29.71
279596587,0.675000,-0.173000,0.521000,-10.168000,12.275000,0.855000,29.85
279604337,0.415000,-0.103000,0.501000,-4.336000,6.855000,-0.947000,29.71
279619007,0.505000,-0.076000,0.455000,-0.260000,0.366000,-2.031000,29.66
279631513,0.518000,-0.099000,0.525000,2.916000,7.160000,-2.015000,29.80
279635830,0.509000,-0.103000,0.462000,6.046000,3.053000,-4.931000,29.71
279642946,0.783000,-0.100000,0.427000,8.885000,8.611000,-9.023000,29.66
279660077,0.688000,-0.138000,0.482000,15.466000,23.023000,-12.519000,29.80
279668521,0.377000,-0.060000,0.475000,19.023000,17.969000,-15.542000,29.75
279677650,0.421000,0.014000,0.453000,24.076000,8.427000,-18.809000,29.71
279688358,0.553000,0.075000,0.406000,25.878000,5.695000,-23.344000,29.80
279700615,0.613000,-0.056000,0.535000,26.672000,11.985000,-27.023000,29.66
279708040,0.642000,-0.022000,0.431000,27.511000,11.282000,-28.733000,29.71
279718626,0.892000,-0.112000,0.592000,29.511000,23.710000,-27.832000,29.75
279727486,0.486000,-0.062000,0.617000,33.679000,32.702000,-27.313000,29.71
279737296,0.476000,-0.040000,0.569000,34.351000,26.183000,-25.557000,29.75
279744372,0.576000,0.070000,0.486000,38.275000,34.443000,-27.603000,29.75
279757782,0.515000,0.126000,0.397000,39.466000,31.908000,-32.275000,29.71
279771155,0.566000,0.127000,0.441000,39.786000,27.115000,-37.405000,29.75
279780920,0.638000,0.045000,0.519000,42.458000,32.595000,-40.351000,29.71
279787696,0.632000,0.027000,0.616000,46.397000,37.344000,-40.718000,29.66
279800289,0.621000,-0.033000,0.719000,48.489000,37.405000,-39.527000,29.80
279807951,0.565000,-0.008000,0.675000,50.763000,37.099000,-39.450000,29.89
279816792,0.519000,0.150000,0.585000,53.679000,38.351000,-43.023000,29.75
279828282,0.524000,0.188000,0.573000,56.321000,37.023000,-47.863000,29.71
279835994,0.479000,0.217000,0.502000,61.359000,32.656000,-53.328000,29.66
279846498,0.564000,0.204000,0.558000,59.573000,27.206000,-54.794000,29.75
279853449,0.743000,0.088000,0.645000,59.679000,33.893000,-53.756000,29.80
279868432,0.722000,0.011000,0.758000,59.969000,49.725000,-50.916000,29.75
279879904,0.497000,0.141000,0.669000,61.771000,52.336000,-48.443000,29.80
279886632,0.440000,0.234000,0.611000,61.221000,47.985000,-47.664000,29.66
279897485,0.373000,0.407000,0.538000,63.893000,42.779000,-50.931000,29.80
279908604,0.437000,0.386000,0.513000,61.374000,40.504000,-51.649000,29.80
279916658,0.415000,0.318000,0.554000,63.267000,40.000000,-47.878000,29.66
279926697,0.586000,0.220000,0.656000,58.321000,37.267000,-45.878000,29.71
279937483,0.586000,0.209000,0.697000,55.817000,44.595000,-42.366000,29.75
279947779,0.408000,0.306000,0.741000,56.382000,47.008000,-36.824000,29.75
279955302,0.303000,0.397000,0.685000,58.977000,50.015000,-34.076000,29.75
279962443,0.344000,0.498000,0.632000,61.450000,44.183000,-32.153000,29.66
279983114,0.628000,0.438000,0.848000,56.794000,48.809000,-46.168000,29.80
279989789,0.664000,0.290000,0.809000,69.832000,49.924000,-54.122000,29.75
279995933,0.517000,0.404000,0.806000,75.191000,43.221000,-69.740000,29.71
280007475,0.450000,0.408000,0.850000,79.908000,32.611000,-77.679000,29.75
280015420,0.592000,0.302000,0.834000,83.786000,30.794000,-78.107000,29.75
280026977,0.616000,0.259000,0.945000,88.748000,46.122000,-74.672000,29.80
280038743,0.311000,0.412000,0.873000,95.115000,54.733000,-71.023000,29.75
280049211,0.179000,0.592000,0.716000,95.527000,39.359000,-70.107000,29.75
280057460,0.333000,0.637000,0.665000,90.061000,36.061000,-67.954000,29.66
280064454,0.449000,0.552000,0.679000,94.061000,47.420000,-69.634000,29.75
280080660,0.460000,0.637000,0.665000,95.618000,53.878000,-71.863000,29.71
280086444,0.429000,0.590000,0.807000,94.000000,54.824000,-74.504000,29.75
280098104,0.455000,0.531000,0.952000,97.557000,53.954000,-76.870000,29.71
280109770,0.429000,0.572000,0.875000,96.626000,42.794000,-78.321000,29.75
280117669,0.362000,0.602000,0.916000,97.435000,40.992000,-79.466000,29.75
280123430,0.308000,0.707000,0.749000,98.382000,39.756000,-77.771000,29.80
280137452,0.348000,0.771000,0.752000,96.656000,37.053000,-75.969000,29.75
280149181,0.315000,0.788000,0.841000,95.786000,40.473000,-76.504000,29.66
280155379,0.313000,0.789000,0.846000,95.634000,42.321000,-78.275000,29.66
280166350,0.388000,0.776000,0.850000,93.267000,37.282000,-83.817000,29.85
280179162,0.446000,0.720000,0.899000,91.206000,32.565000,-86.565000,29.80
280193675,0.393000,0.772000,0.879000,93.542000,31.511000,-89.237000,29.66
280197557,0.273000,0.826000,0.795000,90.046000,30.229000,-86.885000,29.71
280207079,0.243000,0.927000,0.805000,88.519000,31.282000,-83.420000,29.75
280220310,0.285000,0.997000,0.741000,81.985000,35.435000,-79.634000,29.89
280225994,0.268000,0.906000,0.830000,77.237000,39.160000,-75.740000,29.71
280237177,0.261000,0.893000,0.860000,73.954000,40.641000,-74.260000,29.66
280247080,0.252000,0.922000,0.866000,75.527000,39.893000,-73.252000,29.80
280257375,0.236000,0.898000,0.890000,74.198000,35.191000,-72.947000,29.75
280262846,0.316000,0.834000,0.860000,72.580000,31.496000,-70.611000,29.71
280276280,0.302000,0.850000,0.826000,71.710000,34.427000,-68.244000,29.71
280291648,0.258000,0.936000,0.776000,69.603000,34.137000,-69.710000,29.75
280298444,0.244000,0.949000,0.802000,65.954000,26.947000,-70.305000,29.71
280308315,0.239000,0.957000,0.820000,63.863000,24.321000,-70.916000,29.75
280318758,0.239000,0.946000,0.832000,60.733000,20.977000,-70.427000,29.71
280327598,0.211000,0.922000,0.812000,58.092000,16.015000,-68.855000,29.71
280335565,0.226000,0.906000,0.798000,54.656000,10.992000,-66.595000,29.75
280347610,0.231000,0.889000,0.752000,51.008000,8.046000,-61.557000,29.71
280358528,0.311000,0.902000,0.757000,49.893000,16.519000,-57.679000,29.75
280365077,0.251000,0.926000,0.683000,47.069000,22.122000,-55.985000,29.71
280378411,0.173000,0.967000,0.689000,44.824000,22.748000,-51.344000,29.80
280386977,0.187000,0.976000,0.677000,40.809000,20.962000,-46.901000,29.66
280400819,0.158000,0.966000,0.664000,37.542000,19.237000,-41.023000,29.71
280406348,0.156000,0.933000,0.654000,32.962000,14.687000,-36.107000,29.75
280420307,0.219000,0.920000,0.690000,29.863000,11.557000,-32.275000,29.71
280430485,0.246000,0.897000,0.670000,28.672000,13.130000,-28.794000,29.71
280437388,0.200000,0.867000,0.638000,26.977000,11.603000,-26.183000,29.75
280445253,0.244000,0.867000,0.639000,27.221000,11.725000,-22.550000,29.71
280457108,0.197000,0.878000,0.612000,29.206000,14.427000,-20.672000,29.75
280467528,0.151000,0.896000,0.609000,31.542000,16.382000,-20.595000,29.71
280474227,0.151000,0.925000,0.590000,30.565000,12.092000,-19.267000,29.66
280490672,0.201000,0.896000,0.565000,28.718000,8.885000,-17.282000,29.66
280507922,0.219000,0.907000,0.568000,27.298000,7.817000,-15.130000,29.71
280510199,0.166000,0.902000,0.547000,24.947000,7.710000,-11.603000,29.75
280514880,0.130000,0.901000,0.527000,24.427000,5.115000,-7.252000,29.71
280531098,0.198000,0.897000,0.493000,22.977000,3.191000,-4.626000,29.75
280535644,0.275000,0.880000,0.510000,22.214000,4.473000,-1.221000,29.75
280547177,0.291000,0.873000,0.528000,23.282000,9.664000,3.267000,29.71
280559461,0.269000,0.892000,0.585000,24.656000,12.260000,7.603000,29.75
280569535,0.281000,0.916000,0.588000,23.634000,10.870000,12.107000,29.80
280577310,0.386000,0.901000,0.622000,21.130000,7.954000,18.397000,29.75
280584636,0.479000,0.909000,0.654000,20.214000,10.351000,24.046000,29.85
280597705,0.502000,0.939000,0.649000,18.260000,13.023000,28.733000,29.71
280606578,0.422000,0.972000,0.612000,16.046000,14.519000,30.870000,29.75
280616912,0.287000,0.981000,0.553000,12.427000,9.130000,29.450000,29.80
280629796,0.168000,0.943000,0.554000,10.351000,-1.511000,27.298000,29.75
280637111,0.136000,0.909000,0.497000,10.122000,-16.718000,26.962000,29.85
280645643,0.182000,0.887000,0.517000,11.450000,-24.153000,24.046000,29.80
280660036,0.200000,0.909000,0.461000,15.603000,-19.450000,20.947000,29.75
280665657,0.180000,0.897000,0.422000,18.122000,-17.176000,18.779000,29.80
280675123,0.173000,0.926000,0.414000,20.504000,-16.412000,15.450000,29.75
280686998,0.082000,0.954000,0.387000,22.748000,-17.313000,12.534000,29.75
280700240,0.032000,0.943000,0.400000,22.550000,-26.244000,8.519000,29.71
280708952,0.086000,0.913000,0.411000,22.427000,-34.947000,7.053000,29.75
280716056,0.155000,0.910000,0.427000,22.534000,-35.130000,6.260000,29.71
280727097,0.144000,0.925000,0.382000,23.542000,-28.122000,6.473000,29.85
280739023,0.130000,0.934000,0.356000,24.290000,-19.405000,5.832000,29.75
280746885,0.118000,0.955000,0.323000,23.130000,-15.893000,6.351000,29.71
280757035,0.118000,0.948000,0.339000,21.679000,-13.237000,5.802000,29.66
280771553,0.138000,0.913000,0.333000,19.053000,-11.908000,6.702000,29.80
280777632,0.166000,0.900000,0.363000,17.374000,-7.542000,7.863000,29.75
280784667,0.185000,0.889000,0.348000,16.092000,-0.718000,8.046000,29.75
280798129,0.191000,0.875000,0.324000,15.527000,5.527000,6.992000,29.89
280809047,0.185000,0.892000,0.325000,15.603000,6.412000,5.969000,29.85
280817524,0.196000,0.904000,0.398000,12.748000,6.076000,5.863000,29.80
280827934,0.181000,0.853000,0.380000,11.939000,8.626000,7.252000,29.94
280837458,0.172000,0.864000,0.356000,11.908000,8.412000,8.443000,29.75
280847175,0.197000,0.896000,0.369000,10.443000,6.718000,10.031000,29.71
280858484,0.218000,0.896000,0.368000,9.069000,9.710000,11.893000,29.75
280866660,0.219000,0.884000,0.361000,8.931000,12.718000,12.733000,29.71
280877857,0.214000,0.884000,0.351000,8.076000,10.916000,14.382000,29.66
280883424,0.205000,0.898000,0.368000,7.008000,10.534000,14.641000,29.75
280897449,0.146000,0.904000,0.352000,5.740000,7.130000,15.527000,29.80
280909899,0.194000,0.890000,0.389000,2.366000,1.023000,15.374000,29.75
280918792,0.193000,0.867000,0.369000,1.542000,0.626000,16.962000,29.80
280925425,0.176000,0.859000,0.375000,1.573000,-0.229000,17.252000,29.75
280939363,0.147000,0.879000,0.357000,1.832000,-4.519000,16.397000,29.75
280948162,0.180000,0.888000,0.339000,2.504000,-7.282000,15.634000,29.80
280955709,0.170000,0.906000,0.338000,2.626000,-6.748000,13.802000,29.66
280968462,0.151000,0.916000,0.327000,4.000000,-5.511000,12.153000,29.80
280977117,0.136000,0.906000,0.337000,2.656000,-7.282000,11.893000,29.75
280987340,0.152000,0.908000,0.324000,1.542000,-8.275000,12.427000,29.75
280994801,0.134000,0.925000,0.304000,0.534000,-9.313000,12.580000,29.71
281009316,0.138000,0.949000,0.265000,1.130000,-8.702000,12.947000,29.85
281015776,0.165000,0.961000,0.276000,0.092000,-6.458000,13.099000,29.71
281027247,0.161000,0.926000,0.292000,1.450000,-6.641000,13.466000,29.75
281039336,0.193000,0.938000,0.348000,1.725000,-7.191000,12.198000,29.75
281049619,0.201000,0.936000,0.369000,2.076000,-6.275000,12.137000,29.80
281056115,0.241000,0.912000,0.376000,2.214000,-4.031000,11.313000,29.75
281067887,0.269000,0.922000,0.393000,1.542000,0.519000,9.679000,29.71
281080387,0.207000,0.960000,0.341000,2.137000,1.969000,9.573000,29.66
281086040,0.262000,0.964000,0.335000,1.115000,1.160000,6.763000,29.75
281093646,0.272000,0.957000,0.313000,1.313000,2.382000,5.053000,29.71
281107259,0.285000,0.957000,0.343000,1.069000,2.962000,2.580000,29.75
281116793,0.261000,0.959000,0.341000,0.870000,3.008000,1.359000,29.71
281127012,0.262000,0.932000,0.349000,0.397000,2.656000,0.916000,29.85
281139435,0.265000,0.934000,0.357000,0.198000,4.031000,0.885000,29.75
281146694,0.261000,0.927000,0.354000,0.198000,4.595000,1.176000,29.80
281156200,0.223000,0.922000,0.334000,0.458000,3.023000,0.962000,29.75
281167134,0.207000,0.923000,0.332000,0.794000,-0.321000,1.160000,29.80
281174910,0.224000,0.917000,0.340000,0.870000,-2.183000,1.359000,29.75
281186078,0.251000,0.908000,0.332000,0.260000,-2.794000,2.092000,29.75
281193422,0.244000,0.891000,0.351000,0.305000,0.122000,2.076000,29.71
281207502,0.206000,0.922000,0.328000,1.802000,1.695000,2.275000,29.75
281217747,0.195000,0.934000,0.331000,-0.412000,-0.718000,3.145000,29.71
281226769,0.211000,0.926000,0.302000,-0.916000,-2.183000,2.779000,29.75
281240764,0.213000,0.935000,0.299000,-0.901000,-0.382000,2.504000,29.75
281248139,0.202000,0.943000,0.289000,-1.496000,0.809000,2.733000,29.80
281253588,0.205000,0.914000,0.304000,-1.893000,0.611000,3.496000,29.85
281269201,0.202000,0.913000,0.313000,-2.519000,0.122000,4.534000,29.80
281275493,0.219000,0.929000,0.316000,-2.244000,1.252000,4.626000,29.75
281285593,0.205000,0.920000,0.328000,-2.672000,2.168000,4.718000,29.66
281290883,0.196000,0.930000,0.312000,-3.099000,-0.229000,5.176000,29.71
281309215,0.226000,0.931000,0.328000,-4.244000,-1.466000,4.443000,29.85
281318571,0.221000,0.927000,0.332000,-4.321000,-0.992000,4.244000,29.71
281325220,0.208000,0.937000,0.316000,-3.710000,-0.595000,3.817000,29.75
281337257,0.223000,0.944000,0.317000,-4.137000,-0.153000,2.748000,29.75
281349224,0.219000,0.945000,0.318000,-3.740000,-1.053000,2.198000,29.80
281358255,0.232000,0.933000,0.338000,-4.901000,-4.198000,2.351000,29.75
281368693,0.258000,0.912000,0.343000,-4.626000,-3.496000,2.458000,29.71
281377395,0.256000,0.905000,0.369000,-4.626000,-3.008000,3.695000,29.75
281385665,0.238000,0.905000,0.341000,-4.000000,-2.183000,4.366000,29.75
281395846,0.249000,0.932000,0.319000,-4.748000,-1.802000,4.092000,29.71
281403930,0.244000,0.927000,0.301000,-4.366000,-1.450000,4.305000,29.66
281419869,0.226000,0.920000,0.294000,-3.328000,1.282000,2.794000,29.71
281426723,0.199000,0.929000,0.308000,-2.260000,-0.794000,2.382000,29.75
281437542,0.212000,0.905000,0.312000,-2.580000,-4.000000,1.786000,29.75
281450402,0.241000,0.897000,0.335000,-2.550000,-5.115000,1.786000,29.80
281456151,0.243000,0.892000,0.335000,-2.046000,-3.130000,2.473000,29.75
281467298,0.228000,0.913000,0.322000,-1.298000,-0.626000,3.237000,29.80
281477678,0.229000,0.926000,0.320000,-0.947000,0.092000,2.534000,29.71
281487320,0.242000,0.926000,0.319000,-0.718000,0.901000,2.489000,29.75
281494669,0.234000,0.922000,0.302000,-0.427000,1.802000,2.000000,29.71
281510815,0.253000,0.925000,0.298000,-0.412000,1.069000,1.115000,29.75
281522380,0.246000,0.928000,0.315000,-1.069000,-1.817000,0.656000,29.71
281528654,0.252000,0.900000,0.317000,-1.115000,-3.740000,0.412000,29.71
281539061,0.247000,0.909000,0.315000,-0.580000,-4.153000,0.183000,29.75
281553402,0.247000,0.915000,0.333000,0.427000,-5.969000,0.412000,29.66
281558858,0.259000,0.905000,0.337000,1.282000,-7.695000,1.405000,29.66
281566375,0.265000,0.906000,0.336000,2.382000,-5.695000,1.618000,29.75
281575977,0.242000,0.919000,0.317000,3.618000,-4.107000,2.916000,29.80
281586224,0.226000,0.924000,0.301000,3.374000,-4.947000,2.947000,29.66
281593557,0.219000,0.931000,0.278000,3.389000,-8.565000,2.214000,29.80
281607403,0.255000,0.933000,0.316000,2.229000,-12.015000,1.878000,29.75
281620892,0.248000,0.929000,0.312000,2.443000,-10.626000,1.710000,29.75
281629417,0.234000,0.945000,0.302000,1.939000,-10.595000,1.053000,29.71
281635610,0.266000,0.935000,0.309000,0.992000,-10.962000,0.550000,29.75
281648573,0.273000,0.933000,0.313000,0.840000,-9.130000,0.763000,29.75
281654414,0.259000,0.951000,0.299000,0.855000,-5.557000,0.550000,29.75
281668531,0.245000,0.949000,0.288000,0.168000,-5.298000,0.321000,29.66
281678165,0.249000,0.942000,0.282000,0.046000,-4.061000,-0.046000,29.80
281686424,0.265000,0.928000,0.328000,0.137000,-2.275000,0.000000,29.75
281697289,0.254000,0.931000,0.328000,-0.198000,-0.443000,0.000000,29.80
281704887,0.250000,0.936000,0.310000,0.000000,1.649000,0.885000,29.85
281718247,0.232000,0.945000,0.296000,-0.412000,2.687000,0.489000,29.85
281729197,0.245000,0.937000,0.293000,-0.656000,1.084000,0.641000,29.71
281738681,0.258000,0.924000,0.310000,-2.092000,0.473000,0.885000,29.75
281747735,0.274000,0.908000,0.317000,-2.122000,2.565000,1.344000,29.89
281757147,0.250000,0.916000,0.313000,-2.809000,2.733000,1.435000,29.75
281767731,0.256000,0.919000,0.301000,-3.527000,3.817000,1.344000,29.66
281776869,0.257000,0.920000,0.283000,-3.542000,5.924000,1.313000,29.71
281786808,0.241000,0.925000,0.280000,-4.412000,6.122000,0.947000,29.75
281796682,0.248000,0.910000,0.286000,-5.924000,4.137000,0.473000,29.71
281803876,0.271000,0.870000,0.309000,-6.595000,3.160000,0.855000,29.75
281819517,0.270000,0.875000,0.318000,-6.916000,3.786000,0.641000,29.75
281827845,0.240000,0.896000,0.288000,-5.618000,3.832000,1.603000,29.80
281838499,0.262000,0.912000,0.284000,-5.695000,5.679000,1.557000,29.75
281848495,0.257000,0.899000,0.286000,-5.115000,7.405000,2.153000,29.80
281856840,0.245000,0.888000,0.309000,-4.046000,7.298000,2.351000,29.85
281867072,0.239000,0.883000,0.313000,-3.664000,3.679000,3.099000,29.85
281879475,0.286000,0.863000,0.339000,-3.649000,0.260000,3.740000,29.71
281887635,0.293000,0.873000,0.387000,-2.809000,0.702000,4.870000,29.75
281895820,0.269000,0.905000,0.347000,-2.260000,1.176000,5.481000,29.80
281903147,0.280000,0.917000,0.316000,-1.771000,1.084000,6.076000,29.75
281920166,0.318000,0.935000,0.327000,-1.908000,4.015000,5.084000,29.71
281928386,0.278000,0.943000,0.325000,-0.947000,9.069000,5.435000,29.80
281938575,0.021000,0.934000,0.231000,1.817000,3.908000,6.565000,29.66
281950925,0.201000,0.978000,0.340000,-3.939000,-11.511000,4.901000,29.80
281957328,0.256000,0.927000,0.314000,-4.046000,-10.992000,6.366000,29.66
281963904,0.259000,0.947000,0.320000,-2.504000,-4.763000,4.992000,29.80
281976756,0.264000,0.995000,0.301000,-3.206000,-2.977000,3.908000,29.80
281987341,0.300000,0.976000,0.290000,-4.427000,-4.168000,0.366000,29.85
281994379,0.323000,0.956000,0.279000,-4.061000,-0.824000,-2.214000,29.80
282010246,0.303000,0.935000,0.322000,-2.763000,5.985000,-4.656000,29.75
282021528,0.253000,0.923000,0.346000,-2.840000,5.252000,-5.924000,29.80
282028463,0.262000,0.930000,0.343000,-3.221000,3.664000,-7.023000,29.80
282035478,0.282000,0.937000,0.303000,-1.771000,5.924000,-8.153000,29.66
282049217,0.267000,0.956000,0.310000,-1.603000,9.313000,-7.771000,29.80
282057026,0.266000,0.915000,0.347000,-1.954000,10.351000,-7.069000,29.75
282069011,0.257000,0.914000,0.343000,-2.198000,12.672000,-6.076000,29.80
282080900,0.271000,0.915000,0.294000,-1.267000,13.603000,-5.679000,29.71
282088177,0.281000,0.914000,0.273000,-1.954000,16.290000,-5.725000,29.75
282093110,0.236000,0.923000,0.260000,-0.214000,15.847000,-6.855000,29.80
282104626,0.216000,0.940000,0.266000,-0.443000,14.076000,-8.443000,29.66
282118990,0.239000,0.938000,0.274000,0.183000,11.863000,-8.046000,29.80
282126574,0.240000,0.922000,0.300000,0.229000,10.122000,-7.710000,29.71
282136973,0.261000,0.892000,0.346000,-0.656000,5.939000,-5.832000,29.75
282148286,0.267000,0.882000,0.346000,0.733000,6.992000,-4.092000,29.71
282163527,0.236000,0.916000,0.309000,1.618000,7.038000,-3.557000,29.85
282165665,0.234000,0.945000,0.252000,2.229000,4.443000,-4.412000,29.71
282177323,0.269000,0.920000,0.230000,3.328000,2.748000,-6.031000,29.71
282187937,0.311000,0.907000,0.293000,4.260000,5.817000,-7.130000,29.75
282196691,0.240000,0.904000,0.351000,5.771000,9.756000,-6.122000,29.80
282203813,0.200000,0.943000,0.346000,4.260000,7.191000,-5.893000,29.75
282219731,0.235000,0.933000,0.296000,3.176000,5.053000,-5.786000,29.80
282230128,0.227000,0.948000,0.245000,3.511000,7.053000,-7.191000,29.80
282236360,0.254000,0.959000,0.224000,2.763000,6.626000,-10.015000,29.75
282245161,0.279000,0.959000,0.262000,2.122000,7.481000,-12.183000,29.71
282260904,0.220000,0.942000,0.331000,2.137000,8.916000,-12.794000,29.75
282266813,0.208000,0.937000,0.305000,1.969000,6.840000,-12.947000,29.71
282276817,0.235000,0.927000,0.349000,1.252000,3.221000,-12.412000,29.80
282286505,0.235000,0.930000,0.379000,1.863000,2.763000,-11.802000,29.75
282298188,0.209000,0.926000,0.331000,2.840000,0.229000,-11.191000,29.80
282307320,0.258000,0.938000,0.335000,2.107000,1.420000,-10.000000,29.75
282314673,0.233000,0.944000,0.316000,2.366000,6.351000,-7.634000,29.89
282330132,0.198000,0.941000,0.299000,0.794000,7.542000,-5.450000,29.85
282340167,0.177000,0.941000,0.266000,-0.580000,6.947000,-5.282000,29.75
282346984,0.184000,0.948000,0.265000,-0.611000,3.450000,-6.092000,29.71
282357894,0.247000,0.917000,0.290000,-0.901000,1.160000,-6.366000,29.75
282369015,0.272000,0.901000,0.344000,-0.824000,4.168000,-6.183000,29.89
282374942,0.226000,0.911000,0.346000,-2.031000,5.756000,-5.481000,29.75
282388527,0.191000,0.939000,0.285000,-2.931000,5.847000,-4.992000,29.85
282396521,0.187000,0.959000,0.264000,-2.885000,5.282000,-4.718000,29.71
282406133,0.194000,0.956000,0.244000,-3.237000,7.557000,-3.985000,29.75
282413242,0.192000,0.962000,0.234000,-3.817000,10.992000,-3.969000,29.80
282430409,0.210000,0.933000,0.265000,-4.229000,12.504000,-3.939000,29.75
282439634,0.216000,0.939000,0.282000,-4.992000,13.573000,-3.069000,29.75
282450819,0.209000,0.945000,0.264000,-5.099000,14.534000,-3.053000,29.80
282457645,0.219000,0.946000,0.292000,-6.290000,15.145000,-3.160000,29.75
282468573,0.205000,0.945000,0.261000,-7.863000,12.244000,-2.626000,29.89
282478261,0.259000,0.930000,0.236000,-7.328000,15.053000,-1.878000,29.75
282484918,0.232000,0.955000,0.261000,-6.947000,21.298000,-1.573000,29.75
282499994,0.234000,0.955000,0.256000,-7.466000,24.092000,-2.321000,29.80
282506954,0.254000,0.918000,0.308000,-8.321000,24.504000,-2.489000,29.66
282516095,0.226000,0.902000,0.291000,-7.298000,24.305000,-3.893000,29.80
282523034,0.199000,0.902000,0.285000,-7.008000,19.878000,-5.969000,29.75
282541658,0.213000,0.885000,0.303000,-7.573000,13.145000,-8.275000,29.75
282549996,0.218000,0.823000,0.275000,-6.504000,8.580000,-10.489000,29.71
282556290,0.190000,0.868000,0.255000,-3.206000,8.031000,-13.679000,29.75
282567541,0.144000,0.900000,0.253000,-2.046000,4.489000,-16.824000,29.80
282579275,0.126000,0.867000,0.240000,0.031000,0.107000,-18.672000,29.75
282588324,0.140000,0.858000,0.247000,2.000000,-3.374000,-20.641000,29.80
282595369,0.162000,0.847000,0.223000,3.603000,-8.122000,-22.229000,29.71
282608075,0.169000,0.841000,0.259000,4.763000,-8.519000,-23.359000,29.75
282617921,0.176000,0.821000,0.288000,6.840000,-11.832000,-23.298000,29.80
282625564,0.180000,0.844000,0.304000,6.916000,-13.405000,-23.557000,29.75
282632679,0.139000,0.847000,0.236000,9.359000,-13.160000,-23.542000,29.75
282646013,0.095000,0.882000,0.218000,11.603000,-14.641000,-24.000000,29.80
282659258,0.100000,0.886000,0.193000,13.496000,-14.977000,-23.969000,29.75
282666048,0.128000,0.899000,0.235000,13.756000,-13.908000,-22.824000,29.80
282676895,0.087000,0.901000,0.280000,15.145000,-10.763000,-21.008000,29.75
282689044,0.140000,0.903000,0.247000,14.931000,-12.550000,-20.122000,29.80
282696823,0.198000,0.895000,0.254000,13.527000,-11.740000,-18.748000,29.80
282709776,0.161000,0.920000,0.243000,13.847000,-8.427000,-18.504000,29.85
282717077,0.142000,0.945000,0.254000,12.397000,-9.969000,-18.947000,29.71
282727275,0.145000,0.929000,0.232000,12.672000,-12.061000,-19.679000,29.85
282734359,0.171000,0.908000,0.187000,13.847000,-11.939000,-20.214000,29.75
282752075,0.134000,0.977000,0.230000,13.649000,-12.824000,-21.817000,29.71
282762752,0.113000,0.988000,0.174000,13.191000,-20.168000,-24.061000,29.75
282772156,0.174000,1.021000,0.239000,11.771000,-25.679000,-27.084000,29.80
282778805,0.185000,1.029000,0.211000,11.435000,-33.527000,-29.282000,29.75
282790936,0.337000,1.045000,0.360000,6.718000,-38.489000,-33.023000,29.80
282797317,0.456000,0.993000,0.523000,-1.405000,-38.733000,-32.260000,29.85
282806420,0.369000,0.988000,0.514000,-7.099000,-32.947000,-31.450000,29.85
282817576,0.319000,1.092000,0.348000,-12.214000,-35.069000,-31.466000,29.80
282829309,0.302000,1.126000,0.193000,-14.107000,-29.649000,-25.405000,29.75
282835315,0.273000,1.188000,0.215000,-17.267000,-16.382000,-17.725000,29.66
282847305,0.252000,1.181000,0.133000,-22.244000,-9.496000,-8.733000,29.75
282858330,0.259000,1.111000,0.246000,-23.893000,-3.069000,-0.427000,29.75
282872282,0.347000,1.152000,0.411000,-34.550000,-4.733000,10.565000,29.80
282874424,0.326000,1.116000,0.410000,-39.664000,-0.397000,20.260000,29.85
282886488,0.383000,1.146000,0.343000,-42.046000,2.351000,24.718000,29.80
282896547,0.445000,1.207000,0.319000,-48.336000,-3.313000,28.626000,29.85
282907790,0.389000,1.182000,0.399000,-54.412000,-6.244000,32.458000,29.66
282916832,0.346000,1.117000,0.456000,-55.740000,-14.244000,39.221000,29.80
282928955,0.503000,1.125000,0.556000,-57.985000,-15.603000,40.397000,29.75
282936825,0.470000,1.178000,0.477000,-58.809000,-12.718000,46.290000,29.80
282943896,0.511000,1.121000,0.566000,-67.160000,-10.321000,51.160000,29.75
282961050,0.453000,1.132000,0.576000,-68.275000,-9.252000,57.069000,29.71
282970566,0.521000,1.246000,0.584000,-72.336000,-7.817000,60.641000,29.71
282976583,0.545000,1.273000,0.573000,-76.687000,-2.244000,64.870000,29.85
282989389,0.609000,1.185000,0.585000,-83.481000,-0.321000,68.275000,29.80
282995788,0.523000,1.099000,0.646000,-84.840000,8.336000,75.863000,29.75
283008789,0.464000,1.189000,0.618000,-88.336000,6.076000,81.405000,29.80
283016914,0.601000,1.141000,0.675000,-94.504000,10.168000,87.985000,29.80
283027568,0.538000,1.219000,0.658000,-95.878000,19.893000,94.000000,29.75
283033736,0.455000,1.206000,0.614000,-103.038000,19.634000,97.298000,29.71
283045874,0.541000,1.221000,0.688000,-109.954000,13.817000,98.275000,29.85
283056095,0.532000,1.139000,0.687000,-114.687000,15.405000,101.832000,29.71
283069620,0.520000,1.136000,0.772000,-119.847000,18.748000,103.420000,29.80
283076902,0.452000,1.160000,0.701000,-125.786000,13.206000,104.901000,29.85
283089281,0.565000,1.106000,0.767000,-131.099000,9.374000,104.076000,29.71
283097073,0.552000,1.110000,0.833000,-130.015000,20.244000,108.275000,29.85
283105293,0.466000,1.136000,0.739000,-134.687000,23.832000,108.000000,29.80
283116984,0.466000,1.061000,0.789000,-137.740000,22.779000,110.351000,29.85
283127389,0.422000,1.093000,0.850000,-137.206000,17.863000,109.160000,29.75
283134308,0.464000,0.925000,0.810000,-141.206000,15.374000,109.115000,29.71
283146497,0.430000,0.982000,0.766000,-136.244000,12.809000,107.527000,29.75
283162176,0.437000,0.994000,0.746000,-139.160000,11.740000,105.344000,29.71
283168406,0.380000,0.973000,0.745000,-137.374000,11.817000,104.611000,29.75
283178491,0.345000,0.928000,0.734000,-136.260000,6.687000,102.611000,29.75
283191395,0.378000,0.811000,0.834000,-137.130000,-1.985000,102.977000,29.71
283198074,0.310000,0.718000,0.888000,-134.504000,-13.496000,103.099000,29.75
283204869,0.318000,0.720000,0.919000,-131.160000,-26.122000,103.878000,29.80
283216765,0.280000,0.760000,0.904000,-130.931000,-33.588000,104.718000,29.75
283227509,0.350000,0.720000,0.803000,-131.481000,-39.710000,105.466000,29.75
283234111,0.295000,0.754000,0.765000,-130.168000,-42.366000,106.397000,29.80
283247005,0.325000,0.696000,0.809000,-131.924000,-50.763000,104.595000,29.75
283260021,0.498000,0.504000,0.886000,-134.321000,-57.069000,105.344000,29.80
283269056,0.546000,0.435000,0.919000,-131.328000,-49.817000,106.718000,29.85
283279303,0.474000,0.464000,0.847000,-126.229000,-45.649000,106.763000,29.80
283293072,0.407000,0.447000,0.740000,-121.282000,-51.954000,104.244000,29.80
283298276,0.448000,0.409000,0.763000,-114.931000,-57.832000,102.015000,29.66
283304760,0.363000,0.487000,0.903000,-109.466000,-58.870000,99.252000,29.71
283317976,0.284000,0.342000,0.815000,-107.725000,-70.168000,96.061000,29.75
283327367,0.356000,0.380000,0.770000,-103.221000,-81.069000,96.504000,29.85
283333898,0.394000,0.341000,0.749000,-100.427000,-84.198000,98.458000,29.85
283347165,0.468000,0.282000,0.713000,-99.634000,-85.557000,98.641000,29.85
283360404,0.577000,0.271000,0.689000,-95.435000,-75.282000,96.122000,29.80
283368627,0.518000,0.352000,0.716000,-91.710000,-65.252000,93.771000,29.75
283375104,0.470000,0.333000,0.642000,-92.260000,-68.046000,89.496000,29.80
283390334,0.666000,0.144000,0.689000,-88.931000,-61.878000,87.740000,29.75
283397739,0.496000,0.239000,0.704000,-83.511000,-56.855000,88.443000,29.75
283405872,0.449000,0.235000,0.666000,-81.160000,-60.382000,85.802000,29.71
283416410,0.474000,0.203000,0.697000,-76.840000,-57.817000,85.802000,29.75
283428025,0.332000,0.353000,0.730000,-75.542000,-52.168000,85.069000,29.80
283435139,0.507000,0.245000,0.528000,-83.710000,-53.511000,87.725000,29.75
283447625,0.640000,0.158000,0.470000,-87.282000,-49.237000,87.298000,29.89
283462757,0.456000,0.269000,0.562000,-86.824000,-45.954000,81.695000,29.80
283468783,0.518000,0.152000,0.487000,-92.336000,-57.359000,79.557000,29.75
283475681,0.631000,-0.031000,0.615000,-90.076000,-55.008000,74.947000,29.71
283487504,0.526000,0.098000,0.626000,-83.191000,-57.206000,68.519000,29.75
283497445,0.637000,-0.015000,0.615000,-84.000000,-63.481000,61.771000,29.71
283509573,0.777000,-0.148000,0.629000,-77.160000,-54.229000,54.366000,29.80
283519729,0.572000,-0.044000,0.604000,-70.046000,-49.649000,44.214000,29.75
283527458,0.610000,-0.124000,0.517000,-63.695000,-58.916000,35.435000,29.80
283535596,0.654000,-0.171000,0.548000,-55.008000,-59.985000,28.351000,29.85
283542666,0.502000,-0.065000,0.564000,-50.626000,-61.511000,21.084000,29.80
283559943,0.489000,-0.107000,0.520000,-46.992000,-75.115000,17.328000,29.85
283568460,0.734000,-0.173000,0.537000,-43.618000,-74.061000,18.336000,29.75
283575055,0.729000,-0.184000,0.450000,-38.855000,-60.061000,20.427000,29.80
283588892,0.587000,-0.150000,0.469000,-37.450000,-50.748000,23.603000,29.75
283597453,0.438000,-0.126000,0.394000,-33.237000,-49.282000,25.618000,29.80
283608732,0.586000,-0.090000,0.396000,-31.832000,-49.649000,26.962000,29.75
283617587,0.574000,-0.104000,0.341000,-27.954000,-39.573000,25.527000,29.85
283628020,0.675000,-0.140000,0.397000,-28.015000,-39.481000,25.985000,29.71
283636125,0.635000,-0.197000,0.413000,-26.947000,-35.328000,25.496000,29.75
283642930,0.642000,-0.216000,0.349000,-24.824000,-35.221000,25.786000,29.80
283661319,0.598000,-0.111000,0.322000,-23.084000,-34.870000,24.198000,29.85
283669469,0.580000,-0.095000,0.299000,-21.985000,-35.008000,22.687000,29.71
283676424,0.675000,-0.161000,0.379000,-17.969000,-31.863000,19.847000,29.71
283689270,0.695000,-0.195000,0.358000,-14.061000,-25.756000,15.359000,29.85
283695342,0.794000,-0.217000,0.416000,-9.282000,-23.008000,9.176000,29.89
283706886,0.743000,-0.260000,0.453000,-5.634000,-20.550000,3.435000,29.75
283718687,0.619000,-0.205000,0.393000,-1.878000,-25.878000,-2.046000,29.75
283727911,0.694000,-0.163000,0.300000,0.336000,-26.885000,-5.863000,29.80
283737098,0.604000,-0.110000,0.276000,4.214000,-21.084000,-10.061000,29.75
283743899,0.661000,-0.109000,0.312000,4.168000,-18.977000,-11.084000,29.71
283760734,0.722000,-0.215000,0.336000,5.649000,-9.099000,-11.176000,29.75
283769908,0.673000,-0.181000,0.393000,9.313000,-2.015000,-12.977000,29.80
283776652,0.630000,-0.195000,0.373000,11.405000,-8.885000,-15.954000,29.80
283792103,0.700000,-0.203000,0.415000,15.344000,-0.626000,-18.061000,29.85
283799063,0.641000,-0.109000,0.293000,17.389000,6.076000,-17.023000,29.80
283809591,0.732000,-0.136000,0.294000,18.000000,13.420000,-17.954000,29.85
283817517,0.657000,-0.111000,0.259000,19.450000,15.420000,-20.794000,29.75
283829283,0.733000,-0.138000,0.337000,20.275000,20.565000,-23.786000,29.71
283833537,0.725000,-0.167000,0.362000,23.740000,27.405000,-26.382000,29.75
283845372,0.719000,-0.144000,0.375000,26.977000,30.763000,-30.656000,29.71
283856955,0.649000,-0.140000,0.385000,28.748000,31.573000,-32.733000,29.85
283871749,0.770000,-0.157000,0.444000,32.534000,34.748000,-36.351000,29.80
283877449,0.723000,-0.172000,0.424000,34.824000,33.649000,-35.740000,29.85
283885338,0.680000,-0.152000,0.463000,37.359000,37.160000,-38.504000,29.75
283896914,0.715000,-0.084000,0.395000,40.626000,40.534000,-39.115000,29.71
283906258,0.726000,-0.072000,0.355000,42.870000,48.702000,-41.145000,29.85
283917270,0.666000,-0.076000,0.373000,44.580000,50.840000,-41.802000,29.85
283928324,0.643000,-0.035000,0.412000,47.405000,54.321000,-42.443000,29.71
283934663,0.642000,-0.007000,0.401000,50.015000,57.084000,-42.076000,29.66
283946604,0.685000,-0.009000,0.497000,52.992000,57.313000,-43.939000,29.80
283957140,0.655000,0.007000,0.433000,53.389000,52.473000,-46.290000,29.85
283968249,0.693000,0.089000,0.448000,54.534000,53.435000,-49.878000,29.71
283974679,0.695000,0.119000,0.493000,53.618000,55.664000,-52.840000,29.85
283986093,0.720000,0.006000,0.551000,55.817000,60.489000,-57.740000,29.85
283998048,0.654000,0.065000,0.472000,58.473000,59.710000,-62.092000,29.80
284006677,0.707000,0.087000,0.442000,60.550000,58.427000,-65.588000,29.85
284018390,0.647000,0.098000,0.530000,65.618000,69.863000,-63.084000,29.75
284025321,0.492000,0.190000,0.531000,68.656000,67.802000,-60.076000,29.75
284036315,0.655000,0.125000,0.636000,68.870000,66.275000,-56.947000,29.75
284043172,0.604000,0.127000,0.669000,71.023000,76.046000,-56.000000,29.80
284057814,0.543000,0.184000,0.550000,72.748000,76.443000,-59.740000,29.75
284069613,0.563000,0.238000,0.506000,77.313000,69.573000,-64.916000,29.71
284075457,0.655000,0.268000,0.599000,79.267000,60.153000,-69.863000,29.75
284087429,0.671000,0.118000,0.684000,80.519000,59.237000,-72.137000,29.85
284099466,0.637000,0.174000,0.776000,86.565000,66.229000,-74.947000,29.80
284107145,0.614000,0.323000,0.678000,86.244000,67.756000,-76.229000,29.85
284116549,0.583000,0.330000,0.628000,85.771000,65.252000,-80.198000,29.80
284126670,0.582000,0.387000,0.635000,87.863000,61.405000,-86.305000,29.85
284135176,0.560000,0.406000,0.606000,89.649000,49.160000,-91.252000,29.75
284145147,0.650000,0.294000,0.769000,87.252000,44.046000,-94.763000,29.89
284151028,0.616000,0.375000,0.867000,90.489000,54.076000,-94.702000,29.75
284167735,0.529000,0.378000,0.835000,94.855000,61.969000,-98.626000,29.80
284177992,0.513000,0.504000,0.766000,91.710000,62.183000,-100.427000,29.85
284188862,0.521000,0.515000,0.653000,90.443000,58.305000,-103.527000,29.71
284199950,0.534000,0.575000,0.670000,90.412000,60.397000,-105.130000,29.71
284205656,0.490000,0.584000,0.763000,85.756000,55.603000,-105.466000,29.75
284217419,0.538000,0.513000,0.909000,83.221000,50.916000,-105.191000,29.80
284231382,0.616000,0.387000,0.877000,87.878000,53.008000,-107.542000,29.85
284235878,0.618000,0.488000,0.833000,94.672000,57.878000,-111.725000,29.80
284246621,0.453000,0.574000,0.860000,95.664000,54.824000,-115.527000,29.71
284253885,0.356000,0.630000,0.743000,97.420000,45.023000,-113.481000,29.75
284268213,0.432000,0.702000,0.722000,96.550000,44.275000,-109.084000,29.80
284276530,0.448000,0.733000,0.801000,93.405000,51.878000,-104.366000,29.75
284287589,0.398000,0.708000,0.775000,92.641000,59.328000,-100.656000,29.80
284297981,0.432000,0.747000,0.766000,89.527000,62.046000,-94.382000,29.85
284305294,0.501000,0.800000,0.833000,90.031000,62.763000,-94.305000,29.85
284317764,0.392000,0.765000,0.813000,86.183000,63.847000,-89.786000,29.89
284327523,0.309000,0.805000,0.807000,86.214000,59.374000,-83.374000,29.85
284336235,0.351000,0.951000,0.792000,84.595000,57.389000,-80.397000,29.89
284342901,0.418000,0.892000,0.834000,82.305000,59.527000,-76.763000,29.75
284355048,0.417000,0.827000,0.856000,81.450000,57.069000,-74.397000,29.75
284370366,0.388000,0.917000,0.852000,83.328000,54.473000,-74.885000,29.71
284377923,0.385000,0.931000,0.859000,82.885000,52.992000,-77.023000,29.75
284388104,0.332000,0.936000,0.826000,84.305000,47.618000,-77.466000,29.71
284398149,0.332000,0.991000,0.789000,82.977000,38.183000,-77.237000,29.75
284406368,0.339000,0.970000,0.836000,81.466000,34.763000,-77.389000,29.75
284417183,0.269000,1.061000,0.750000,82.244000,31.191000,-72.122000,29.89
284428535,0.273000,1.043000,0.730000,79.985000,28.916000,-68.916000,29.85
284436489,0.351000,1.001000,0.840000,77.725000,22.718000,-66.397000,29.80
284444885,0.438000,0.983000,0.867000,72.443000,16.458000,-66.321000,29.85
284458470,0.456000,0.949000,0.855000,71.420000,17.695000,-68.351000,29.80
284470280,0.411000,0.915000,0.828000,71.130000,16.061000,-70.977000,29.71
284478761,0.404000,0.963000,0.773000,71.710000,12.794000,-74.153000,29.75
284485939,0.519000,0.947000,0.734000,69.939000,13.557000,-76.275000,29.71
284498411,0.387000,0.971000,0.710000,72.473000,23.313000,-73.221000,29.75
284504072,0.234000,1.030000,0.690000,68.397000,19.359000,-69.802000,29.75
284518253,0.310000,1.018000,0.701000,63.420000,9.389000,-66.763000,29.80
284529362,0.385000,0.975000,0.728000,59.511000,5.481000,-63.710000,29.85
284537428,0.341000,1.019000,0.702000,57.389000,5.374000,-61.725000,29.80
284547218,0.328000,1.077000,0.608000,52.901000,5.282000,-60.275000,29.75
284554586,0.391000,1.031000,0.631000,46.382000,3.221000,-56.672000,29.80
284569847,0.378000,1.027000,0.642000,41.038000,0.901000,-50.336000,29.80
284579993,0.417000,0.981000,0.719000,35.191000,-0.412000,-47.969000,29.75
284586403,0.563000,0.979000,0.752000,31.023000,5.511000,-41.023000,29.80
284599291,0.546000,1.015000,0.717000,25.908000,20.672000,-32.977000,29.75
284608737,0.520000,1.002000,0.699000,22.000000,25.130000,-28.702000,29.75
284614042,0.591000,1.083000,0.723000,17.115000,25.099000,-23.863000,29.80
284630160,0.675000,0.968000,0.835000,9.634000,26.885000,-20.382000,29.85
284639502,0.671000,0.933000,0.867000,3.710000,32.565000,-13.435000,29.80
284645442,0.660000,0.937000,0.922000,-2.153000,34.687000,-7.328000,29.75
284656698,0.637000,0.971000,0.836000,-11.191000,35.130000,-1.023000,29.89
284670668,0.552000,0.881000,0.773000,-14.611000,37.573000,4.412000,29.80
284684637,0.451000,1.038000,0.707000,-16.992000,41.756000,7.679000,29.75
284686860,0.366000,1.103000,0.616000,-21.344000,34.275000,10.718000,29.80
284697231,0.502000,1.002000,0.686000,-27.420000,30.855000,7.053000,29.85
284710417,0.520000,1.015000,0.808000,-31.435000,35.908000,12.107000,29.75
284715856,0.302000,1.056000,0.796000,-40.260000,24.931000,15.893000,29.71
284727568,0.323000,1.033000,0.759000,-51.176000,13.573000,22.992000,29.85
284737435,0.391000,1.028000,0.747000,-56.855000,6.382000,29.634000,29.61
284747618,0.359000,1.106000,0.695000,-60.611000,9.374000,32.962000,29.75
284753932,0.272000,1.191000,0.633000,-64.595000,11.679000,36.534000,29.80
284770996,0.351000,1.060000,0.710000,-70.107000,8.458000,38.809000,29.80
284782610,0.361000,1.071000,0.751000,-71.481000,7.725000,42.214000,29.85
284789389,0.412000,1.002000,0.992000,-78.229000,12.809000,46.809000,29.80
284795148,0.410000,1.072000,0.862000,-85.359000,13.817000,51.527000,29.85
284809650,0.407000,1.031000,0.838000,-89.985000,11.084000,51.618000,29.75
284817492,0.333000,1.121000,0.849000,-92.321000,10.977000,53.802000,29.80
284825559,0.296000,1.119000,0.864000,-98.473000,1.649000,52.198000,29.75
284837366,0.427000,0.942000,0.928000,-101.115000,-6.443000,51.130000,29.80
284848069,0.411000,0.884000,0.912000,-100.214000,-13.847000,54.107000,29.75
284855550,0.434000,0.982000,0.967000,-106.748000,-16.824000,50.580000,29.80
284862438,0.368000,0.947000,0.948000,-109.924000,-20.641000,55.695000,29.80
284876214,0.266000,0.998000,0.883000,-111.023000,-27.145000,59.649000,29.75
284890697,0.237000,1.057000,0.850000,-114.336000,-36.458000,61.481000,29.71
284896479,0.264000,1.015000,0.939000,-119.450000,-40.489000,64.519000,29.75
284909433,0.250000,0.894000,0.935000,-121.176000,-46.183000,67.618000,29.85
284916677,0.473000,0.756000,0.973000,-124.565000,-49.908000,70.550000,29.71
284926161,0.431000,0.809000,1.000000,-122.916000,-34.458000,72.565000,29.75
284939446,0.238000,0.864000,0.926000,-124.916000,-38.137000,75.282000,29.71
284948327,0.256000,0.793000,1.053000,-130.351000,-43.985000,79.160000,29.66
284955916,0.168000,0.750000,0.973000,-131.008000,-36.916000,86.733000,29.80
284962938,0.084000,0.834000,0.847000,-131.908000,-44.733000,90.031000,29.71
284978193,0.173000,0.801000,0.814000,-137.084000,-65.679000,87.450000,29.75
284987780,0.377000,0.572000,0.822000,-140.061000,-70.397000,85.771000,29.71
284994406,0.443000,0.585000,0.920000,-135.634000,-58.855000,85.267000,29.85
285010219,0.390000,0.567000,0.902000,-135.481000,-61.374000,82.595000,29.85
285017495,0.348000,0.542000,0.924000,-133.069000,-65.084000,79.344000,29.71
285026380,0.265000,0.569000,0.917000,-132.015000,-76.183000,76.046000,29.75
285038257,0.335000,0.503000,0.867000,-132.519000,-93.130000,70.824000,29.80
285051026,0.460000,0.450000,0.911000,-131.924000,-96.580000,68.229000,29.75
285056519,0.412000,0.544000,0.914000,-127.038000,-91.649000,67.160000,29.80
285063181,0.248000,0.513000,0.866000,-123.145000,-91.817000,65.023000,29.80
285079279,0.366000,0.427000,0.818000,-121.084000,-98.947000,63.786000,29.75
285091602,0.508000,0.358000,0.874000,-114.977000,-90.595000,63.206000,29.80
285097309,0.398000,0.407000,0.792000,-109.023000,-80.397000,62.901000,29.75
285107258,0.378000,0.350000,0.703000,-106.702000,-90.916000,60.137000,29.75
285116506,0.435000,0.312000,0.866000,-105.969000,-94.351000,62.595000,29.80
285126373,0.373000,0.359000,0.835000,-100.565000,-84.092000,64.092000,29.75
285136422,0.381000,0.331000,0.686000,-96.595000,-81.206000,65.496000,29.71
285146629,0.468000,0.313000,0.686000,-92.534000,-80.046000,63.374000,29.75
285156897,0.428000,0.333000,0.712000,-87.863000,-71.527000,60.580000,29.75
285163969,0.510000,0.230000,0.696000,-84.702000,-72.153000,56.916000,29.71
285176167,0.616000,0.170000,0.745000,-82.641000,-71.191000,54.885000,29.75
285192748,0.515000,0.184000,0.783000,-79.145000,-63.237000,53.710000,29.89
285198754,0.452000,0.210000,0.619000,-74.519000,-68.687000,51.893000,29.75
285208743,0.603000,0.172000,0.641000,-72.183000,-67.664000,51.588000,29.75
285218528,0.325000,0.271000,0.691000,-67.069000,-65.496000,52.076000,29.80
285227411,0.322000,0.263000,0.547000,-66.565000,-82.489000,51.237000,29.85
285235371,0.676000,0.085000,0.654000,-63.985000,-77.756000,51.389000,29.71
285247615,0.663000,0.087000,0.649000,-58.443000,-54.321000,51.771000,29.75
285257766,0.569000,0.103000,0.582000,-57.008000,-50.840000,49.710000,29.75
285264801,0.680000,0.018000,0.594000,-51.313000,-46.489000,46.031000,29.80
285277908,0.499000,0.155000,0.568000,-47.206000,-40.962000,43.298000,29.75
285291626,0.506000,0.169000,0.481000,-45.985000,-45.954000,42.794000,29.80
285300400,0.557000,0.078000,0.481000,-45.252000,-41.389000,45.481000,29.75
285307006,0.530000,0.046000,0.566000,-43.481000,-37.221000,48.168000,29.66
285319783,0.660000,0.018000,0.525000,-43.481000,-29.802000,51.908000,29.80
285326493,0.676000,-0.077000,0.591000,-41.191000,-13.802000,56.137000,29.85
285335370,0.488000,0.037000,0.613000,-38.687000,-5.130000,54.611000,29.80
285348537,0.499000,0.088000,0.471000,-37.695000,-6.718000,53.389000,29.75
285358611,0.492000,0.049000,0.381000,-38.779000,-11.084000,50.779000,29.89
285366227,0.479000,0.046000,0.372000,-38.397000,-18.748000,44.733000,29.80
285373202,0.660000,-0.018000,0.430000,-35.756000,-23.954000,39.664000,29.66
285386416,0.754000,-0.134000,0.542000,-30.122000,-17.374000,36.092000,29.71
285397778,0.670000,-0.134000,0.642000,-29.191000,-16.321000,32.305000,29.75
285404680,0.681000,-0.247000,0.688000,-24.565000,-14.183000,29.069000,29.85
285420245,0.585000,-0.086000,0.593000,-16.916000,-12.779000,26.107000,29.75
285431028,0.491000,0.051000,0.566000,-16.565000,-18.489000,19.267000,29.85
285437060,0.551000,-0.012000,0.392000,-14.351000,-23.084000,13.710000,29.80
285448977,0.663000,0.011000,0.414000,-11.344000,-19.084000,7.344000,29.75
285457059,0.587000,-0.045000,0.423000,-8.183000,-15.649000,1.634000,29.71
285467321,0.675000,-0.144000,0.399000,-5.756000,-20.901000,0.076000,29.85
285474351,0.657000,-0.064000,0.506000,-2.763000,-10.290000,-0.687000,29.85
285489534,0.526000,-0.062000,0.531000,-3.466000,-1.435000,0.137000,29.71
285502068,0.476000,-0.045000,0.474000,0.412000,-1.420000,-1.511000,29.66
285508073,0.543000,0.035000,0.425000,-1.374000,0.000000,-2.870000,29.75
285514796,0.672000,-0.128000,0.446000,-0.489000,4.458000,-5.008000,29.75
285527617,0.680000,-0.163000,0.482000,2.870000,14.092000,-6.061000,29.75
285537113,0.528000,-0.079000,0.409000,5.969000,18.824000,-6.672000,29.80
285546957,0.563000,-0.091000,0.420000,7.740000,15.298000,-8.153000,29.75
285557503,0.593000,-0.120000,0.471000,10.305000,16.107000,-10.504000,29.80
285566485,0.599000,-0.163000,0.469000,12.076000,15.145000,-11.893000,29.66
285576349,0.630000,-0.165000,0.517000,17.038000,22.015000,-13.847000,29.66
285583407,0.507000,-0.067000,0.480000,23.939000,23.618000,-16.550000,29.80
285600181,0.518000,-0.065000,0.449000,28.015000,18.107000,-20.718000,29.66
285610299,0.602000,-0.112000,0.396000,32.137000,25.634000,-22.947000,29.71
285615871,0.614000,-0.016000,0.473000,33.084000,28.229000,-26.504000,29.75
285628117,0.628000,-0.081000,0.496000,35.420000,26.885000,-28.351000,29.75
285635492,0.568000,-0.101000,0.582000,39.710000,22.870000,-32.046000,29.80
285649069,0.524000,-0.086000,0.601000,44.641000,21.847000,-33.374000,29.75
285658027,0.558000,0.011000,0.541000,48.702000,22.046000,-34.672000,29.71
285668468,0.599000,-0.021000,0.495000,50.916000,24.809000,-37.160000,29.75
285673327,0.614000,0.053000,0.436000,54.366000,28.382000,-42.076000,29.80
285684902,0.614000,0.092000,0.447000,56.076000,31.557000,-44.718000,29.80
285697398,0.618000,0.035000,0.564000,55.878000,34.672000,-45.985000,29.75
285712189,0.649000,-0.018000,0.608000,58.733000,41.237000,-42.931000,29.80
285717501,0.540000,0.068000,0.619000,59.618000,41.573000,-44.260000,29.75
285730105,0.492000,0.092000,0.574000,61.618000,34.748000,-45.496000,29.80
285737440,0.570000,0.137000,0.576000,63.954000,33.359000,-48.855000,29.80
285743438,0.484000,0.187000,0.562000,64.870000,34.992000,-51.344000,29.75
285759189,0.533000,0.130000,0.585000,66.885000,33.847000,-51.664000,29.80
285769881,0.642000,0.126000,0.680000,67.817000,40.718000,-54.534000,29.75
285775086,0.549000,0.177000,0.650000,70.702000,44.763000,-58.382000,29.71
285786710,0.594000,0.142000,0.604000,72.885000,41.420000,-62.855000,29.80
285803240,0.558000,0.184000,0.592000,78.763000,43.466000,-65.008000,29.75
285813407,0.438000,0.404000,0.600000,80.412000,44.473000,-68.443000,29.89
285815400,0.441000,0.306000,0.714000,80.672000,38.840000,-67.847000,29.75
285825880,0.517000,0.293000,0.709000,80.198000,40.641000,-68.092000,29.89
285835305,0.623000,0.317000,0.702000,82.412000,51.634000,-71.130000,29.85
285844972,0.595000,0.295000,0.742000,82.855000,50.397000,-75.405000,29.75
285857529,0.583000,0.307000,0.729000,86.641000,41.618000,-82.092000,29.80
285868029,0.509000,0.354000,0.740000,91.206000,41.252000,-89.557000,29.75
285876384,0.475000,0.434000,0.752000,98.229000,34.962000,-94.794000,29.80
285883418,0.451000,0.477000,0.764000,99.542000,29.618000,-95.282000,29.75
285895579,0.460000,0.456000,0.814000,100.427000,30.885000,-94.641000,29.75
285909500,0.613000,0.467000,0.806000,97.664000,28.626000,-91.069000,29.80
285917797,0.667000,0.425000,0.875000,98.321000,40.092000,-90.397000,29.85
285928352,0.467000,0.474000,0.766000,98.702000,44.534000,-89.878000,29.80
285942235,0.453000,0.546000,0.612000,99.817000,32.260000,-92.458000,29.75
285947353,0.530000,0.668000,0.656000,100.031000,34.550000,-95.206000,29.85
285955069,0.396000,0.652000,0.721000,101.802000,37.832000,-92.336000,29.80
285967821,0.463000,0.645000,0.788000,100.901000,36.672000,-91.664000,29.75
285977252,0.556000,0.584000,0.778000,98.458000,41.328000,-87.053000,29.80
285985135,0.542000,0.615000,0.759000,98.580000,50.595000,-81.557000,29.75
285997384,0.498000,0.757000,0.675000,95.328000,61.145000,-80.718000,29.85
286010205,0.489000,0.823000,0.674000,93.115000,68.931000,-80.092000,29.80
286019001,0.426000,0.783000,0.774000,90.244000,69.832000,-81.099000,29.75
286026272,0.406000,0.715000,0.947000,93.664000,68.733000,-83.618000,29.71
286043954,0.375000,0.703000,0.932000,95.267000,59.496000,-83.344000,29.75
286049971,0.354000,0.676000,0.884000,95.053000,50.000000,-82.290000,29.75
286056252,0.432000,0.738000,0.789000,94.107000,39.527000,-83.588000,29.80
286069541,0.428000,0.873000,0.741000,89.939000,42.565000,-83.450000,29.75
286080428,0.293000,0.870000,0.682000,86.626000,44.580000,-79.588000,29.80
286086993,0.250000,0.921000,0.759000,82.061000,42.473000,-75.679000,29.75
286094211,0.318000,0.920000,0.807000,81.298000,45.603000,-73.649000,29.75
286111774,0.375000,0.837000,0.802000,78.718000,47.588000,-70.351000,29.80
286121618,0.339000,0.814000,0.846000,76.473000,43.298000,-66.137000,29.75
286126224,0.330000,0.890000,0.810000,74.198000,43.649000,-63.435000,29.80
286140949,0.351000,0.915000,0.811000,70.260000,44.992000,-59.817000,29.75
286150087,0.331000,0.903000,0.743000,68.397000,45.802000,-56.458000,29.66
286157416,0.225000,0.985000,0.755000,65.893000,46.321000,-56.137000,29.80
286168383,0.257000,0.952000,0.730000,62.885000,41.786000,-55.740000,29.75
286178532,0.309000,0.910000,0.708000,62.412000,42.565000,-53.344000,29.80
286184406,0.264000,0.959000,0.691000,60.977000,40.534000,-53.282000,29.75
286196116,0.301000,0.881000,0.775000,56.656000,30.260000,-49.573000,29.75
286212776,0.285000,0.857000,0.796000,54.351000,29.710000,-45.115000,29.80
286222859,0.232000,0.898000,0.754000,51.160000,27.160000,-39.298000,29.66
286225075,0.239000,0.916000,0.728000,50.214000,22.794000,-37.359000,29.80
286236321,0.232000,0.962000,0.707000,51.603000,20.275000,-37.038000,29.85
286251862,0.244000,0.914000,0.702000,49.954000,16.565000,-34.260000,29.89
286254424,0.330000,0.853000,0.745000,51.038000,20.046000,-33.130000,29.85
286268406,0.312000,0.908000,0.686000,52.794000,25.740000,-32.702000,29.75
286280146,0.297000,0.889000,0.639000,50.580000,23.069000,-31.878000,29.71
286286012,0.243000,0.911000,0.617000,50.244000,22.336000,-30.626000,29.75
286292655,0.199000,0.974000,0.582000,48.565000,17.557000,-29.603000,29.75
286309239,0.224000,1.005000,0.560000,45.634000,9.634000,-27.878000,29.85
286320420,0.263000,0.955000,0.580000,42.626000,6.672000,-25.985000,29.75
286326710,0.254000,0.941000,0.600000,42.137000,9.298000,-22.611000,29.71
286337222,0.262000,0.944000,0.646000,41.527000,10.809000,-20.366000,29.75
286348434,0.313000,0.965000,0.617000,40.214000,9.893000,-18.733000,29.71
286357285,0.434000,0.958000,0.649000,38.748000,12.351000,-17.405000,29.75
286370821,0.497000,0.973000,0.646000,39.344000,27.267000,-14.595000,29.89
286378818,0.460000,0.984000,0.602000,37.573000,39.298000,-10.962000,29.80
286387500,0.409000,1.002000,0.605000,34.260000,45.069000,-6.198000,29.75
286395164,0.418000,0.992000,0.602000,29.969000,47.893000,-0.931000,29.80
286402495,0.456000,0.955000,0.614000,27.099000,56.321000,6.992000,29.75
286420862,0.441000,0.916000,0.624000,25.756000,63.374000,15.695000,29.80
286428747,0.400000,0.901000,0.604000,24.763000,68.641000,22.504000,29.75
286436025,0.351000,0.901000,0.564000,25.634000,73.420000,27.023000,29.85
286449957,0.286000,0.902000,0.515000,26.718000,78.427000,28.321000,29.80
286458511,0.181000,0.936000,0.480000,27.771000,76.168000,27.893000,29.66
286469232,0.092000,0.948000,0.424000,27.008000,62.550000,27.130000,29.80
286486338,0.118000,0.906000,0.444000,27.008000,51.634000,26.198000,29.66
286490960,0.166000,0.907000,0.422000,29.450000,44.870000,26.809000,29.75
286494025,0.179000,0.894000,0.386000,29.466000,38.962000,28.366000,29.89
286505158,0.231000,0.910000,0.406000,30.351000,32.198000,28.046000,29.85
286522661,0.278000,0.934000,0.395000,31.115000,27.863000,26.840000,29.80
286533211,0.259000,0.938000,0.353000,31.313000,23.038000,27.603000,29.75
286539761,0.234000,0.953000,0.355000,31.481000,18.672000,27.557000,29.75
286551497,0.126000,0.949000,0.346000,34.397000,14.382000,25.099000,29.71
286559023,0.038000,0.961000,0.330000,36.992000,3.313000,20.702000,29.75
286564999,0.102000,0.938000,0.287000,37.145000,-8.565000,17.435000,29.80
286579825,0.134000,0.959000,0.272000,36.641000,-15.664000,15.603000,29.75
286586035,0.116000,0.968000,0.278000,37.634000,-20.153000,15.298000,29.75
286597267,0.104000,0.938000,0.355000,35.649000,-24.183000,17.038000,29.71
286602739,0.070000,0.964000,0.338000,34.473000,-24.290000,17.344000,29.85
286614863,0.070000,0.981000,0.239000,32.656000,-27.435000,17.130000,29.80
286630055,0.103000,0.931000,0.253000,30.244000,-30.641000,17.053000,29.75
286639739,0.113000,0.997000,0.231000,29.832000,-27.725000,16.595000,29.80
286658191,0.081000,1.035000,0.186000,28.656000,-26.733000,15.450000,29.80
286689729,0.102000,0.993000,0.217000,27.282000,-30.733000,14.061000,29.66
286703345,0.161000,0.955000,0.264000,26.244000,-31.511000,14.519000,29.71
286711625,0.190000,0.944000,0.353000,24.412000,-28.687000,16.031000,29.75
286712760,0.196000,0.986000,0.382000,22.107000,-23.389000,16.489000,29.66
286713467,0.134000,0.993000,0.312000,19.359000,-21.832000,15.130000,29.80
286714808,0.162000,0.986000,0.317000,15.206000,-23.985000,14.244000,29.66
286717146,0.167000,0.994000,0.250000,12.779000,-22.534000,11.069000,29.80
286723932,0.179000,0.988000,0.208000,8.992000,-24.641000,9.176000,29.75
286740647,0.182000,0.955000,0.219000,7.603000,-26.397000,6.412000,29.80
286759616,0.178000,0.976000,0.224000,7.221000,-26.733000,5.450000,29.71
286762310,0.151000,0.968000,0.223000,6.748000,-27.954000,4.198000,29.75
286768669,0.110000,0.950000,0.240000,6.840000,-32.611000,2.641000,29.89
286780760,0.163000,0.915000,0.237000,5.847000,-36.779000,3.359000,29.85
286787711,0.198000,0.898000,0.274000,5.649000,-36.137000,3.695000,29.75
286796542,0.198000,0.938000,0.230000,7.359000,-32.412000,5.099000,29.85
286807883,0.165000,0.954000,0.203000,7.863000,-32.397000,6.382000,29.85
286815642,0.167000,0.933000,0.202000,6.382000,-38.504000,7.863000,29.71
286823892,0.222000,0.929000,0.214000,5.878000,-40.412000,9.603000,29.85
286834666,0.208000,0.943000,0.181000,8.000000,-34.672000,10.183000,29.80
286847362,0.165000,0.950000,0.117000,11.817000,-32.076000,10.504000,29.85
286859093,0.240000,1.007000,0.184000,8.412000,-36.443000,5.908000,29.75
286867506,0.292000,0.920000,0.233000,8.107000,-39.237000,5.710000,29.80
286876819,0.331000,0.900000,0.283000,6.260000,-37.908000,6.321000,29.75
286889210,0.324000,0.916000,0.260000,7.191000,-32.550000,5.084000,29.85
286894303,0.320000,0.981000,0.193000,6.031000,-26.107000,4.794000,29.85
286907575,0.257000,1.002000,0.180000,5.847000,-25.481000,4.962000,29.75
286916948,0.266000,1.004000,0.167000,3.954000,-26.718000,3.374000,29.80
286926091,0.304000,0.944000,0.217000,2.351000,-28.504000,3.710000,29.85
286932833,0.286000,0.926000,0.248000,2.504000,-25.634000,4.565000,29.71
286945278,0.309000,0.960000,0.238000,2.641000,-19.985000,3.099000,29.80
286961727,0.315000,0.976000,0.185000,3.023000,-17.954000,3.282000,29.66
286968874,0.305000,0.943000,0.215000,1.863000,-20.290000,4.397000,29.71
286975417,0.271000,0.961000,0.241000,2.168000,-18.733000,5.832000,29.75
286992829,0.256000,0.965000,0.236000,2.962000,-15.618000,3.450000,29.75
286997561,0.254000,0.988000,0.164000,3.847000,-12.947000,4.137000,29.80
287005444,0.319000,1.039000,0.197000,1.160000,-12.443000,0.244000,29.75
287016926,0.218000,0.947000,0.129000,0.244000,-13.847000,2.366000,29.71
287027851,0.222000,0.945000,0.194000,0.748000,-19.939000,1.191000,29.75
287036597,0.234000,0.957000,0.208000,0.458000,-23.160000,0.550000,29.80
287043650,0.291000,0.936000,0.235000,-1.496000,-27.328000,0.687000,29.71
287060838,0.304000,0.920000,0.223000,-0.519000,-23.573000,0.168000,29.75
287070803,0.274000,0.970000,0.147000,1.802000,-17.206000,0.031000,29.80
287076716,0.244000,1.000000,0.135000,0.611000,-19.221000,-2.290000,29.75
287091082,0.263000,0.959000,0.155000,-0.122000,-21.405000,-2.336000,29.66
287096234,0.302000,0.948000,0.215000,-1.542000,-21.511000,-3.053000,29.80
287109660,0.331000,0.885000,0.232000,-0.763000,-22.672000,-0.794000,29.75
287117884,0.356000,0.884000,0.262000,-0.702000,-19.237000,-0.427000,29.80
287128014,0.260000,0.972000,0.142000,1.069000,-18.901000,1.924000,29.85
287134418,0.320000,1.048000,0.138000,-2.183000,-20.656000,-1.924000,29.71
287146096,0.370000,0.989000,0.190000,-3.725000,-15.466000,-4.977000,29.71
287163238,0.347000,0.954000,0.214000,-3.374000,-5.832000,-6.351000,29.75
287173357,0.292000,0.944000,0.195000,-2.107000,-3.176000,-6.580000,29.80
287175540,0.268000,0.935000,0.216000,-4.855000,-11.664000,-6.122000,29.75
287186247,0.333000,0.914000,0.223000,-5.252000,-11.725000,-4.168000,29.75
287197645,0.316000,0.997000,0.157000,-5.023000,-5.008000,-4.443000,29.80
287205700,0.287000,1.017000,0.111000,-6.015000,-4.702000,-4.397000,29.85
287218216,0.284000,0.990000,0.102000,-6.412000,-5.817000,-4.412000,29.80
287226241,0.277000,0.960000,0.118000,-5.099000,-7.542000,-4.260000,29.75
287236430,0.289000,0.970000,0.169000,-5.038000,-9.145000,-4.076000,29.85
287243451,0.271000,0.953000,0.193000,-4.229000,-13.206000,-2.458000,29.80
287259352,0.340000,0.943000,0.218000,-5.099000,-16.183000,-3.053000,29.75
287268349,0.328000,0.911000,0.212000,-3.634000,-15.359000,-1.420000,29.80
287276715,0.292000,0.919000,0.192000,-1.466000,-18.321000,0.321000,29.71
287287454,0.310000,0.956000,0.200000,-2.855000,-19.634000,-0.931000,29.85
287300193,0.307000,0.923000,0.197000,-1.298000,-17.695000,-0.794000,29.80
287307952,0.312000,0.944000,0.189000,-1.725000,-13.786000,-1.053000,29.85
287316663,0.292000,0.959000,0.150000,-1.298000,-10.718000,-0.977000,29.80
287328258,0.286000,0.978000,0.128000,-1.954000,-8.855000,-2.092000,29.80
287336024,0.275000,0.950000,0.128000,-2.336000,-9.053000,-2.901000,29.75
287345707,0.275000,0.955000,0.160000,-3.008000,-11.985000,-3.328000,29.80
287352660,0.298000,0.943000,0.191000,-2.794000,-17.191000,-2.763000,29.75
287372883,0.325000,0.915000,0.214000,-2.366000,-17.664000,-2.183000,29.75
287379237,0.293000,0.954000,0.170000,-1.313000,-16.397000,-0.290000,29.71
287385705,0.244000,0.977000,0.137000,-1.420000,-18.901000,0.824000,29.75
287400173,0.233000,0.996000,0.129000,-2.809000,-25.160000,2.061000,29.80
287408268,0.300000,0.973000,0.151000,-3.130000,-26.672000,1.298000,29.75
287417678,0.292000,0.962000,0.156000,-1.802000,-24.580000,0.489000,29.75
287428116,0.272000,0.986000,0.135000,-1.573000,-22.931000,-0.763000,29.80
287439354,0.288000,0.979000,0.135000,-1.710000,-24.275000,-0.595000,29.85
287443032,0.297000,0.968000,0.151000,-2.183000,-24.580000,-0.366000,29.80
287455261,0.306000,0.966000,0.167000,-2.672000,-23.924000,0.260000,29.75
287471002,0.298000,0.977000,0.166000,-2.916000,-24.336000,1.420000,29.85
287481468,0.287000,0.985000,0.156000,-3.466000,-24.321000,2.397000,29.71
287486879,0.285000,0.987000,0.142000,-4.046000,-25.679000,3.313000,29.75
287500331,0.297000,0.974000,0.164000,-5.053000,-26.672000,4.260000,29.75
287510479,0.303000,0.973000,0.136000,-5.359000,-25.939000,4.794000,29.85
287515420,0.308000,0.981000,0.125000,-6.824000,-23.985000,5.099000,29.75
287526969,0.310000,0.957000,0.097000,-6.290000,-24.122000,4.931000,29.71
287534761,0.341000,0.923000,0.091000,-5.603000,-23.130000,4.626000,29.85
287545833,0.362000,0.936000,0.137000,-5.328000,-16.718000,4.092000,29.71
287552822,0.327000,0.993000,0.116000,-5.908000,-12.153000,3.481000,29.80
287568503,0.296000,0.997000,0.101000,-7.511000,-10.260000,2.519000,29.75
287579665,0.306000,0.960000,0.104000,-8.397000,-12.031000,1.802000,29.80
287588802,0.325000,0.918000,0.104000,-9.527000,-13.389000,1.893000,29.75
287596891,0.346000,0.927000,0.112000,-10.183000,-11.802000,2.031000,29.75
287609671,0.348000,0.953000,0.108000,-10.779000,-7.435000,0.641000,29.80
287616390,0.315000,0.961000,0.094000,-11.084000,-4.702000,-0.382000,29.85
287627276,0.318000,0.948000,0.130000,-11.557000,-5.023000,-1.115000,29.80
287637968,0.317000,0.918000,0.156000,-12.153000,-5.053000,-0.611000,29.85
287645880,0.334000,0.915000,0.155000,-11.359000,-3.924000,-0.412000,29.85
287654871,0.320000,0.912000,0.136000,-9.557000,-1.099000,-0.305000,29.80
287668244,0.323000,0.934000,0.139000,-7.740000,1.038000,-0.855000,29.75
287678495,0.315000,0.916000,0.160000,-5.740000,-0.229000,-0.183000,29.80
287688393,0.337000,0.918000,0.192000,-4.382000,0.626000,-0.412000,29.85
287698154,0.351000,0.918000,0.178000,-2.046000,2.397000,0.000000,29.85
287711951,0.353000,0.957000,0.164000,-0.901000,4.611000,-0.595000,29.71
287716694,0.345000,0.956000,0.182000,0.061000,6.779000,-0.916000,29.75
287727444,0.310000,0.964000,0.164000,0.198000,6.061000,-1.450000,29.80
287739452,0.333000,0.948000,0.171000,0.244000,4.580000,-2.397000,29.75
287747836,0.343000,0.958000,0.162000,1.282000,4.198000,-2.977000,29.75
287753539,0.343000,0.976000,0.160000,1.267000,4.260000,-3.588000,29.80
287766704,0.356000,0.983000,0.160000,2.092000,5.542000,-4.656000,29.75
287781860,0.334000,0.977000,0.164000,2.183000,3.878000,-3.847000,29.80
287789421,0.365000,0.980000,0.175000,0.504000,5.969000,-4.534000,29.75
287795399,0.375000,0.978000,0.153000,0.382000,10.260000,-5.420000,29.75
287807832,0.337000,0.988000,0.146000,0.672000,14.504000,-6.137000,29.80
287817990,0.312000,0.999000,0.162000,-0.672000,17.053000,-8.458000,29.85
287828765,0.307000,0.996000,0.146000,-2.412000,18.672000,-10.321000,29.80
287838589,0.308000,0.960000,0.169000,-2.672000,20.992000,-10.153000,29.85
287848450,0.284000,0.981000,0.176000,-3.756000,23.267000,-10.763000,29.80
287856862,0.230000,0.992000,0.149000,-5.359000,20.305000,-10.290000,29.71
287863930,0.298000,0.978000,0.194000,-6.534000,19.557000,-10.870000,29.75
287881321,0.305000,0.958000,0.230000,-5.679000,22.153000,-9.908000,29.80
287886046,0.302000,0.951000,0.215000,-5.344000,23.756000,-9.252000,29.85
287897255,0.322000,0.949000,0.189000,-5.649000,27.206000,-8.840000,29.85
287910504,0.305000,0.956000,0.180000,-5.176000,29.756000,-7.786000,29.80
287917170,0.268000,0.962000,0.126000,-5.359000,32.809000,-6.427000,29.75
287923169,0.228000,0.944000,0.134000,-6.015000,30.733000,-8.656000,29.89
287937938,0.230000,0.970000,0.133000,-6.580000,23.954000,-10.031000,29.85
287950295,0.237000,0.959000,0.166000,-7.939000,19.282000,-8.870000,29.80
287954756,0.270000,0.946000,0.195000,-9.344000,18.962000,-10.061000,29.80
287966676,0.284000,0.951000,0.196000,-9.832000,21.237000,-7.893000,29.85
287973567,0.298000,0.960000,0.229000,-11.328000,26.046000,-5.496000,29.80
287990254,0.223000,0.942000,0.186000,-10.626000,30.107000,-2.198000,29.75
287996060,0.172000,0.954000,0.178000,-10.916000,25.176000,-5.191000,29.85
288007686,0.211000,0.979000,0.170000,-11.084000,12.198000,-5.313000,29.71
288018203,0.264000,0.953000,0.196000,-10.611000,4.855000,-6.824000,29.75
288025704,0.285000,0.920000,0.213000,-9.344000,4.580000,-7.267000,29.89
288037535,0.269000,0.932000,0.241000,-8.198000,5.099000,-7.863000,29.75
288048710,0.233000,0.953000,0.229000,-7.237000,4.977000,-7.542000,29.71
288056901,0.230000,0.982000,0.228000,-6.733000,2.931000,-6.992000,29.80
288064255,0.264000,0.970000,0.204000,-7.282000,0.534000,-6.794000,29.75
288080148,0.314000,0.968000,0.193000,-7.282000,1.221000,-6.031000,29.71
288089893,0.308000,0.979000,0.173000,-8.885000,5.557000,-5.893000,29.85
288098036,0.273000,0.991000,0.186000,-10.763000,10.122000,-6.092000,29.85
288104220,0.257000,1.000000,0.169000,-12.260000,10.687000,-6.916000,29.89
288117760,0.257000,0.988000,0.168000,-13.924000,10.489000,-6.916000,29.85
288127461,0.256000,0.953000,0.181000,-14.458000,8.366000,-7.924000,29.80
288142192,0.244000,0.948000,0.219000,-14.382000,2.718000,-8.855000,29.75
288150157,0.249000,0.925000,0.249000,-13.756000,-0.931000,-9.603000,29.80
288158717,0.251000,0.930000,0.270000,-11.786000,-1.115000,-10.107000,29.66
288166263,0.221000,0.942000,0.252000,-10.244000,-2.244000,-10.427000,29.85
288173560,0.224000,0.942000,0.237000,-9.618000,-3.893000,-10.000000,29.80
288191080,0.219000,0.936000,0.246000,-8.290000,-4.504000,-8.550000,29.75
288199660,0.191000,0.950000,0.218000,-7.389000,-6.168000,-6.397000,29.75
288205889,0.195000,0.944000,0.219000,-6.641000,-7.191000,-5.542000,29.75
288219992,0.211000,0.922000,0.192000,-4.977000,-7.924000,-3.252000,29.85
288227993,0.226000,0.932000,0.229000,-4.656000,-7.466000,-1.786000,29.89
288239402,0.196000,0.958000,0.211000,-3.618000,-7.038000,-0.763000,29.75
288248449,0.191000,0.977000,0.204000,-3.832000,-8.702000,-1.618000,29.80
288258814,0.221000,0.940000,0.200000,-3.740000,-9.802000,-1.405000,29.75
288264766,0.231000,0.939000,0.222000,-2.550000,-7.740000,-1.908000,29.75
288276336,0.199000,0.990000,0.217000,-1.939000,-6.305000,-2.702000,29.80
288286725,0.204000,0.958000,0.201000,-2.519000,-9.878000,-2.489000,29.85
288300241,0.242000,0.937000,0.223000,-1.298000,-7.084000,-4.122000,29.85
288306184,0.231000,0.983000,0.197000,0.794000,-4.092000,-4.840000,29.85
288319584,0.205000,0.978000,0.172000,2.412000,-4.947000,-6.473000,29.75
288329747,0.206000,0.988000,0.220000,2.275000,-7.863000,-8.092000,29.80
288336001,0.217000,0.981000,0.228000,3.130000,-8.855000,-9.435000,29.75
288347523,0.233000,0.979000,0.211000,2.489000,-11.618000,-10.382000,29.80
288359322,0.254000,0.961000,0.235000,2.794000,-12.275000,-11.405000,29.85
288366766,0.232000,0.979000,0.209000,4.275000,-11.725000,-11.847000,29.85
288373899,0.241000,0.998000,0.199000,4.733000,-11.176000,-13.573000,29.80
288386914,0.257000,0.998000,0.185000,5.374000,-9.450000,-15.237000,29.85
288395719,0.261000,0.987000,0.203000,5.466000,-6.260000,-16.550000,29.80
288406780,0.240000,0.980000,0.213000,5.954000,-4.382000,-17.023000,29.85
288421277,0.258000,0.982000,0.202000,4.992000,-2.076000,-17.618000,29.71
288428743,0.289000,0.958000,0.213000,2.855000,0.992000,-17.053000,29.80
288435598,0.250000,0.950000,0.189000,2.519000,3.679000,-16.031000,29.85
288449475,0.211000,0.980000,0.176000,1.374000,3.924000,-16.092000,29.89
288458365,0.198000,0.965000,0.157000,0.397000,2.092000,-16.641000,29.75
288465109,0.212000,0.934000,0.163000,1.053000,2.763000,-17.542000,29.71
288477072,0.210000,0.944000,0.176000,0.992000,4.580000,-17.664000,29.80
288488115,0.184000,0.949000,0.180000,2.229000,3.481000,-17.527000,29.66
288497680,0.173000,0.927000,0.202000,2.229000,-0.641000,-16.672000,29.80
288504442,0.199000,0.910000,0.204000,1.893000,-3.511000,-15.710000,29.75
288520560,0.209000,0.909000,0.195000,1.221000,-3.282000,-14.718000,29.80
288531324,0.207000,0.910000,0.180000,1.542000,-3.374000,-13.908000,29.80
288536447,0.188000,0.891000,0.107000,2.489000,-3.573000,-13.420000,29.75
288551025,0.153000,0.918000,0.101000,3.863000,-3.221000,-13.878000,29.80
288560260,0.111000,0.943000,0.141000,4.489000,-6.015000,-15.237000,29.75
288565223,0.137000,0.947000,0.172000,4.550000,-10.855000,-14.794000,29.80
288574633,0.210000,0.920000,0.175000,4.000000,-9.924000,-13.053000,29.71
288588685,0.228000,0.917000,0.169000,4.061000,-5.924000,-12.244000,29.75
288599989,0.196000,0.920000,0.076000,3.344000,-4.504000,-11.695000,29.80
288607899,0.189000,0.947000,0.052000,2.489000,-3.557000,-13.282000,29.85
288618612,0.190000,0.964000,0.092000,0.382000,-4.198000,-15.069000,29.80
288630194,0.192000,0.934000,0.132000,-1.664000,-3.771000,-15.160000,29.80
288635410,0.188000,0.908000,0.146000,-1.618000,-2.977000,-15.863000,29.85
288647841,0.173000,0.906000,0.143000,-1.374000,-3.817000,-15.588000,29.80
288658919,0.149000,0.928000,0.138000,-0.916000,-5.878000,-15.557000,29.75
288667436,0.161000,0.926000,0.129000,-0.427000,-9.008000,-15.740000,29.71
288677098,0.186000,0.908000,0.136000,0.031000,-9.878000,-14.656000,29.85
288684282,0.140000,0.930000,0.176000,0.427000,-10.794000,-13.573000,29.75
288699021,0.169000,0.930000,0.163000,-1.740000,-12.229000,-13.954000,29.80
288708098,0.187000,0.897000,0.133000,-0.794000,-8.595000,-13.511000,29.85
288718054,0.159000,0.920000,0.092000,0.611000,-6.427000,-13.649000,29.80
288727252,0.154000,0.954000,0.142000,-1.206000,-6.824000,-13.679000,29.66
288737125,0.152000,0.978000,0.179000,-3.267000,-7.405000,-14.000000,29.85
288747642,0.201000,0.960000,0.149000,-5.084000,-4.870000,-12.519000,29.80
288757202,0.194000,0.931000,0.182000,-5.496000,-0.473000,-11.267000,29.85
288767564,0.136000,0.936000,0.178000,-4.244000,0.397000,-10.122000,29.80
288773886,0.126000,0.926000,0.111000,-2.046000,-2.656000,-9.802000,29.85
288786650,0.171000,0.958000,0.165000,-1.450000,-4.061000,-9.298000,29.75
288801993,0.155000,0.976000,0.165000,-0.595000,-2.565000,-8.534000,29.80
288808158,0.119000,1.001000,0.170000,-1.557000,-2.733000,-8.733000,29.85
288815455,0.167000,0.987000,0.181000,-2.366000,-4.641000,-9.115000,29.80
288826290,0.186000,0.969000,0.202000,-1.664000,-2.397000,-7.893000,29.85
288836196,0.177000,1.013000,0.210000,-3.374000,1.237000,-8.824000,29.75
288847707,0.195000,1.007000,0.199000,-4.992000,2.031000,-7.221000,29.89
288857486,0.183000,1.001000,0.215000,-6.824000,1.710000,-7.832000,29.85
288870920,0.157000,1.015000,0.194000,-7.939000,0.260000,-7.573000,29.80
288877054,0.144000,0.982000,0.128000,-6.672000,-1.420000,-9.588000,29.75
288884781,0.135000,1.016000,0.108000,-6.198000,-4.275000,-10.611000,29.75
288897297,0.187000,1.034000,0.226000,-9.573000,-13.023000,-13.542000,29.89
288907795,0.272000,0.968000,0.294000,-12.519000,-17.008000,-14.092000,29.75
288917822,0.269000,0.971000,0.251000,-13.313000,-12.931000,-14.855000,29.80
288931433,0.233000,1.030000,0.257000,-16.321000,-14.366000,-14.489000,29.85
288942414,0.175000,1.079000,0.215000,-18.580000,-19.069000,-12.229000,29.89
288946880,0.185000,1.112000,0.209000,-19.924000,-18.214000,-10.366000,29.80
288955374,0.173000,1.046000,0.206000,-17.496000,-14.092000,-6.031000,29.75
288966459,0.146000,1.068000,0.121000,-13.695000,-6.779000,-1.847000,29.89
288975229,0.206000,1.169000,0.280000,-16.443000,-7.328000,1.359000,29.66
288985150,0.269000,1.110000,0.409000,-19.954000,-8.504000,6.366000,29.85
288998611,0.287000,1.152000,0.360000,-21.191000,-10.687000,13.847000,29.80
289009562,0.369000,1.147000,0.402000,-25.863000,-15.115000,11.939000,29.75
289016769,0.434000,1.261000,0.318000,-28.611000,-9.542000,10.198000,29.80
289027973,0.283000,1.233000,0.104000,-31.893000,-4.122000,5.924000,29.75
289040002,0.270000,1.309000,0.152000,-37.924000,-13.954000,1.282000,29.80
289045197,0.320000,1.252000,0.274000,-46.366000,-20.382000,4.901000,29.80
289060859,0.349000,1.181000,0.397000,-50.962000,-15.053000,11.542000,29.85
289073303,0.351000,1.168000,0.360000,-54.046000,-8.397000,20.519000,29.80
289077859,0.382000,1.240000,0.312000,-57.893000,0.092000,26.534000,29.85
289087122,0.370000,1.206000,0.314000,-60.916000,2.672000,31.634000,29.85
289094358,0.373000,1.201000,0.348000,-64.351000,-0.412000,33.237000,29.71
289109810,0.407000,1.193000,0.417000,-68.168000,-3.924000,34.336000,29.85
289119645,0.471000,1.133000,0.463000,-72.397000,-6.840000,36.885000,29.80
289126447,0.451000,1.091000,0.449000,-73.450000,-4.214000,41.420000,29.85
289138542,0.373000,1.098000,0.443000,-75.084000,-5.206000,46.595000,29.80
289145751,0.393000,1.071000,0.456000,-80.718000,-9.160000,49.908000,29.80
289152297,0.427000,1.052000,0.412000,-80.412000,-2.687000,55.771000,29.75
289167201,0.427000,1.118000,0.485000,-82.092000,1.878000,59.130000,29.80
289179396,0.431000,1.137000,0.473000,-85.771000,9.679000,62.031000,29.85
289185332,0.385000,1.062000,0.450000,-86.046000,18.794000,65.740000,29.85
289196375,0.328000,1.023000,0.549000,-90.443000,13.267000,72.183000,29.71
289207366,0.336000,1.018000,0.520000,-91.084000,12.397000,75.786000,29.75
289222481,0.386000,1.041000,0.456000,-92.977000,16.748000,79.893000,29.80
289224570,0.364000,1.013000,0.512000,-94.458000,17.267000,83.786000,29.85
289241386,0.344000,1.015000,0.562000,-92.962000,13.573000,87.038000,29.80
289250298,0.424000,0.930000,0.702000,-96.580000,11.466000,90.672000,29.80
289255617,0.460000,0.903000,0.690000,-93.817000,12.153000,93.130000,29.75
289267396,0.377000,0.981000,0.561000,-97.405000,14.702000,93.160000,29.80
289275360,0.356000,1.014000,0.579000,-100.443000,9.008000,92.489000,29.75
289286378,0.474000,0.971000,0.526000,-106.656000,6.107000,97.740000,29.75
289292964,0.374000,0.965000,0.539000,-100.534000,13.313000,95.695000,29.80
289309461,0.412000,0.935000,0.607000,-100.779000,9.038000,94.336000,29.75
289320675,0.404000,0.826000,0.740000,-101.740000,3.115000,92.901000,29.89
289328834,0.424000,0.748000,0.786000,-99.664000,-4.275000,96.153000,29.85
289338019,0.417000,0.774000,0.823000,-97.908000,-8.794000,96.458000,29.71
289347077,0.417000,0.755000,0.748000,-94.229000,-12.000000,98.321000,29.80
289356658,0.447000,0.765000,0.739000,-95.344000,-14.580000,102.183000,29.75
289367488,0.360000,0.808000,0.733000,-96.198000,-18.901000,106.214000,29.80
289378740,0.318000,0.810000,0.600000,-94.519000,-22.947000,104.794000,29.75
289387376,0.417000,0.817000,0.664000,-94.947000,-25.252000,106.809000,29.85
289394201,0.449000,0.779000,0.632000,-91.588000,-21.786000,106.198000,29.71
289406180,0.461000,0.761000,0.712000,-90.168000,-23.496000,103.038000,29.85
289418611,0.471000,0.717000,0.734000,-86.779000,-23.298000,101.756000,29.80
289428159,0.527000,0.687000,0.736000,-90.015000,-29.603000,100.260000,29.85
289438053,0.609000,0.622000,0.813000,-88.977000,-28.061000,99.023000,29.71
289447704,0.552000,0.591000,0.794000,-87.740000,-22.702000,100.504000,29.85
289457195,0.437000,0.743000,0.795000,-86.122000,-27.542000,101.466000,29.75
289467944,0.444000,0.727000,0.736000,-87.084000,-34.473000,99.588000,29.80
289476788,0.494000,0.634000,0.700000,-86.351000,-36.275000,99.145000,29.85
289489790,0.450000,0.579000,0.730000,-82.885000,-37.832000,98.687000,29.75
289494818,0.441000,0.550000,0.675000,-78.290000,-43.710000,95.282000,29.75
289508830,0.623000,0.481000,0.797000,-78.000000,-47.130000,92.290000,29.75
289516594,0.597000,0.431000,0.794000,-75.420000,-43.038000,89.939000,29.71
289526789,0.550000,0.499000,0.826000,-73.023000,-39.053000,85.908000,29.75
289535991,0.591000,0.559000,0.636000,-73.542000,-37.359000,85.725000,29.71
289549445,0.573000,0.473000,0.647000,-72.748000,-32.473000,83.527000,29.75
289556261,0.417000,0.524000,0.584000,-72.489000,-36.214000,83.191000,29.80
289566707,0.502000,0.434000,0.610000,-76.260000,-42.595000,82.748000,29.80
289578609,0.607000,0.359000,0.706000,-73.389000,-39.237000,81.267000,29.75
289588894,0.651000,0.343000,0.771000,-70.656000,-32.855000,78.855000,29.71
289596116,0.517000,0.338000,0.693000,-67.267000,-34.489000,77.038000,29.85
289603038,0.426000,0.379000,0.661000,-65.298000,-38.336000,76.901000,29.89
289618985,0.526000,0.339000,0.605000,-65.786000,-35.191000,77.771000,29.80
289629987,0.641000,0.307000,0.643000,-65.176000,-30.687000,74.641000,29.94
289636266,0.634000,0.307000,0.567000,-67.313000,-28.779000,70.992000,29.80
289647927,0.663000,0.147000,0.654000,-65.328000,-28.504000,68.336000,29.85
289660586,0.630000,0.194000,0.727000,-60.931000,-27.053000,65.725000,29.71
289665954,0.628000,0.206000,0.695000,-57.344000,-33.344000,61.328000,29.89
289676277,0.607000,0.134000,0.675000,-50.992000,-27.389000,56.458000,29.75
289693074,0.506000,0.339000,0.664000,-48.031000,-31.038000,52.733000,29.89
289697482,0.582000,0.189000,0.615000,-49.466000,-34.031000,51.817000,29.94
289704273,0.604000,0.177000,0.640000,-48.321000,-31.237000,52.214000,29.80
289716273,0.531000,0.240000,0.536000,-50.626000,-33.420000,51.740000,29.75
289732156,0.640000,0.186000,0.456000,-49.298000,-39.664000,51.374000,29.85
289738608,0.712000,0.143000,0.579000,-47.939000,-34.870000,50.977000,29.89
289745579,0.635000,0.103000,0.590000,-43.771000,-32.611000,52.214000,29.75
289757855,0.612000,0.130000,0.656000,-41.847000,-26.107000,52.977000,29.71
289767022,0.590000,0.162000,0.612000,-40.382000,-17.084000,54.763000,29.85
289777634,0.684000,0.183000,0.498000,-41.771000,-7.954000,55.374000,29.85
289788045,0.639000,0.151000,0.437000,-41.817000,0.290000,52.824000,29.80
289798221,0.649000,0.087000,0.413000,-42.992000,2.962000,48.107000,29.85
289805621,0.709000,0.006000,0.507000,-40.779000,-1.786000,43.099000,29.89
289812673,0.658000,-0.023000,0.614000,-37.023000,-6.473000,35.664000,29.94
289833265,0.599000,-0.094000,0.595000,-31.191000,-12.107000,24.275000,29.89
289838935,0.604000,-0.062000,0.481000,-22.183000,-23.969000,13.099000,29.71
289845084,0.625000,-0.002000,0.485000,-16.794000,-34.901000,0.260000,29.85
289856875,0.638000,-0.029000,0.524000,-11.191000,-41.649000,-8.229000,29.71
289864077,0.594000,-0.088000,0.544000,-5.328000,-43.893000,-9.084000,29.75
289878200,0.633000,-0.065000,0.593000,-2.947000,-37.817000,-5.298000,29.85
289886968,0.696000,-0.045000,0.557000,0.000000,-20.947000,-1.374000,29.80
289896477,0.602000,0.003000,0.437000,1.130000,-1.282000,3.237000,29.75
289907342,0.525000,0.052000,0.326000,0.931000,13.924000,6.824000,29.89
289914641,0.466000,0.115000,0.236000,2.183000,22.183000,10.061000,29.85
289929057,0.459000,0.092000,0.245000,0.733000,24.290000,10.656000,29.80
289938956,0.415000,0.034000,0.282000,2.550000,18.885000,9.359000,29.75
289949025,0.504000,0.050000,0.326000,2.504000,10.183000,6.947000,29.85
289958416,0.654000,-0.083000,0.472000,4.824000,15.832000,5.420000,29.71
289967999,0.580000,-0.024000,0.466000,12.336000,22.580000,1.618000,29.85
289974927,0.587000,-0.028000,0.560000,11.893000,25.069000,-0.702000,29.80
289989609,0.615000,-0.139000,0.477000,18.641000,31.634000,-7.511000,29.75
289998510,0.592000,0.056000,0.386000,26.015000,28.366000,-16.977000,29.80
290005050,0.537000,0.053000,0.465000,26.290000,18.183000,-26.214000,29.80
290017334,0.543000,-0.071000,0.525000,30.718000,9.466000,-31.588000,29.75
290030391,0.588000,-0.010000,0.516000,38.916000,10.412000,-36.412000,29.71
290039032,0.553000,0.089000,0.517000,42.244000,12.107000,-38.656000,29.85
290045948,0.583000,0.042000,0.504000,41.969000,13.603000,-38.473000,29.80
290058014,0.646000,0.042000,0.552000,42.855000,23.740000,-38.840000,29.75
290067890,0.614000,0.138000,0.386000,44.595000,37.359000,-40.824000,29.75
290078560,0.572000,0.177000,0.340000,42.382000,36.901000,-45.878000,29.80
290085920,0.521000,0.169000,0.387000,43.847000,31.939000,-52.321000,29.75
290097827,0.512000,0.214000,0.487000,45.969000,27.786000,-54.458000,29.80
290107058,0.522000,0.177000,0.596000,47.557000,27.771000,-52.473000,29.75
290114181,0.562000,0.115000,0.635000,45.618000,32.168000,-48.031000,29.75
290126631,0.664000,0.125000,0.604000,44.779000,36.046000,-46.672000,29.89
290140870,0.687000,0.186000,0.539000,45.588000,44.534000,-50.855000,29.75
290146162,0.610000,0.250000,0.435000,45.649000,43.893000,-54.733000,29.71
290159791,0.557000,0.278000,0.501000,50.260000,44.641000,-59.191000,29.75
290169663,0.471000,0.397000,0.590000,54.840000,43.847000,-62.656000,29.85
290177408,0.587000,0.201000,0.691000,59.221000,43.405000,-66.458000,29.80
290188429,0.642000,0.195000,0.759000,58.916000,41.802000,-67.634000,29.75
290197644,0.663000,0.220000,0.692000,58.947000,43.191000,-75.603000,29.80
290204972,0.637000,0.217000,0.587000,64.702000,45.740000,-80.779000,29.85
290216159,0.491000,0.424000,0.552000,65.908000,35.542000,-85.084000,29.89
290227741,0.483000,0.485000,0.549000,66.031000,33.756000,-83.802000,29.71
290242764,0.486000,0.463000,0.642000,64.748000,45.664000,-79.649000,29.75
290245282,0.540000,0.462000,0.742000,61.191000,53.252000,-73.389000,29.80
290257377,0.632000,0.311000,0.779000,58.870000,57.099000,-71.725000,29.85
290268090,0.617000,0.292000,0.723000,61.252000,50.702000,-73.405000,29.85
290276644,0.484000,0.487000,0.688000,65.527000,41.237000,-79.603000,29.80
290288557,0.464000,0.567000,0.624000,68.046000,39.481000,-83.099000,29.75
290295514,0.506000,0.509000,0.690000,68.000000,42.534000,-82.519000,29.80
290305720,0.517000,0.559000,0.710000,69.206000,43.924000,-84.351000,29.75
290312743,0.613000,0.503000,0.786000,64.672000,44.656000,-86.153000,29.80
290328987,0.604000,0.482000,0.800000,66.611000,46.748000,-88.794000,29.85
290339872,0.544000,0.584000,0.718000,67.847000,41.710000,-89.740000,29.85
290346074,0.470000,0.586000,0.735000,66.947000,40.366000,-88.214000,29.80
290356807,0.459000,0.669000,0.767000,68.458000,43.786000,-84.580000,29.85
290368556,0.396000,0.765000,0.721000,71.069000,48.931000,-80.550000,29.75
290377735,0.483000,0.690000,0.789000,67.695000,46.489000,-80.336000,29.85
290389487,0.616000,0.608000,0.915000,68.443000,46.092000,-83.267000,29.85
290400581,0.547000,0.663000,0.802000,71.450000,47.374000,-85.679000,29.89
290405027,0.535000,0.664000,0.891000,69.924000,40.061000,-89.344000,29.75
290414648,0.555000,0.732000,0.883000,68.885000,39.099000,-87.878000,29.89
290428636,0.500000,0.691000,0.726000,68.489000,41.969000,-85.954000,29.85
290440701,0.448000,0.801000,0.685000,69.588000,44.824000,-79.786000,29.75
290447037,0.459000,0.786000,0.819000,66.840000,52.244000,-78.137000,29.80
290463075,0.455000,0.755000,0.848000,67.298000,55.344000,-79.511000,29.85
290473267,0.524000,0.717000,0.768000,67.802000,50.214000,-83.908000,29.80
290475824,0.373000,0.808000,0.772000,70.168000,39.344000,-88.626000,29.75
290486690,0.324000,0.846000,0.732000,70.366000,27.924000,-92.000000,29.80
290501009,0.301000,0.906000,0.686000,73.542000,20.397000,-95.084000,29.89
290505704,0.378000,0.927000,0.706000,72.519000,21.573000,-92.687000,29.85
290516594,0.413000,0.883000,0.841000,70.183000,22.718000,-90.092000,29.89
290523644,0.425000,0.838000,0.801000,67.847000,21.832000,-88.565000,29.85
290540622,0.408000,0.865000,0.729000,66.611000,18.382000,-88.305000,29.80
290547578,0.374000,0.932000,0.696000,66.489000,18.519000,-86.779000,29.71
290558650,0.364000,0.978000,0.748000,62.901000,17.695000,-85.298000,29.75
290569968,0.313000,0.977000,0.741000,60.061000,19.679000,-82.458000,29.71
290575150,0.280000,1.000000,0.720000,57.435000,21.664000,-79.496000,29.85
290588824,0.401000,0.964000,0.705000,55.511000,24.947000,-79.466000,29.80
290600583,0.421000,0.936000,0.687000,53.481000,24.916000,-78.275000,29.80
290606525,0.340000,0.941000,0.706000,49.924000,20.412000,-75.435000,29.75
290613577,0.310000,0.932000,0.702000,47.924000,17.420000,-72.168000,29.80
290629139,0.316000,0.938000,0.727000,44.916000,13.344000,-68.824000,29.85
290640163,0.336000,0.933000,0.671000,42.702000,13.802000,-66.214000,29.80
290646798,0.326000,0.931000,0.635000,41.832000,17.420000,-63.206000,29.80
290657446,0.298000,0.970000,0.653000,40.992000,16.565000,-61.832000,29.75
290668742,0.274000,0.958000,0.640000,40.595000,11.450000,-59.588000,29.80
290678705,0.338000,0.903000,0.689000,39.527000,7.634000,-57.115000,29.75
290686972,0.385000,0.898000,0.738000,38.107000,6.107000,-53.344000,29.89
290697132,0.333000,0.894000,0.671000,36.824000,4.443000,-49.450000,29.89
290704422,0.334000,0.911000,0.615000,32.626000,0.107000,-47.511000,29.75
290715941,0.401000,0.972000,0.589000,30.733000,2.626000,-45.908000,29.80
290723747,0.394000,0.988000,0.606000,27.618000,5.130000,-44.519000,29.75
290737532,0.380000,0.981000,0.575000,24.977000,7.038000,-41.649000,29.71
290746280,0.315000,0.972000,0.575000,22.595000,9.008000,-37.832000,29.80
290759155,0.326000,0.987000,0.618000,19.527000,3.603000,-33.359000,29.75
290769899,0.366000,0.956000,0.650000,16.321000,-1.206000,-27.328000,29.80
290775401,0.406000,0.890000,0.698000,12.855000,-5.191000,-22.763000,29.85
290786852,0.419000,0.922000,0.676000,13.267000,-1.908000,-19.099000,29.80
290800780,0.357000,1.005000,0.649000,10.672000,1.206000,-15.725000,29.80
290807059,0.341000,1.049000,0.583000,8.061000,1.160000,-10.885000,29.66
290813167,0.311000,1.044000,0.572000,5.313000,-0.061000,-6.290000,29.80
290829853,0.359000,1.059000,0.683000,1.313000,-3.435000,-2.229000,29.75
290840642,0.412000,1.018000,0.665000,-3.664000,-5.374000,2.397000,29.80
290846708,0.426000,0.955000,0.629000,-7.924000,-6.244000,8.061000,29.85
290856298,0.403000,0.974000,0.651000,-13.298000,-14.290000,13.099000,29.75
290869241,0.376000,1.017000,0.650000,-17.435000,-12.397000,20.137000,29.80
290876970,0.318000,1.085000,0.591000,-20.916000,-12.489000,25.573000,29.85
290887176,0.376000,1.080000,0.563000,-24.779000,-10.015000,30.061000,29.80
290901949,0.402000,1.045000,0.646000,-28.519000,-6.351000,32.855000,29.85
290905491,0.472000,1.020000,0.664000,-29.298000,-4.198000,32.794000,29.85
290915391,0.478000,0.918000,0.648000,-31.084000,-4.260000,34.763000,29.71
290923778,0.437000,0.929000,0.828000,-34.931000,-13.496000,36.183000,29.85
290940765,0.428000,1.026000,0.792000,-39.008000,-15.389000,40.595000,29.89
290946940,0.391000,0.995000,0.649000,-43.893000,-10.565000,47.664000,29.75
290957531,0.358000,1.052000,0.646000,-46.748000,-6.153000,52.779000,29.85
290967603,0.306000,1.051000,0.516000,-50.168000,-5.969000,55.710000,29.80
290974792,0.404000,0.976000,0.609000,-51.802000,-11.511000,57.389000,29.75
290988268,0.493000,0.925000,0.740000,-55.130000,-13.099000,59.344000,29.80
290998446,0.411000,0.863000,0.872000,-56.473000,-11.374000,61.847000,29.85
291009981,0.422000,0.919000,0.789000,-58.122000,-9.435000,65.450000,29.85
291016805,0.385000,0.919000,0.693000,-60.809000,-8.992000,67.786000,29.80
291026784,0.439000,0.999000,0.656000,-62.733000,-12.763000,69.115000,29.85
291037237,0.372000,1.017000,0.586000,-63.435000,-3.573000,71.817000,29.89
291048739,0.300000,1.020000,0.691000,-66.779000,-3.649000,71.130000,29.85
291056316,0.420000,0.901000,0.721000,-65.511000,-5.344000,71.450000,29.75
291072191,0.467000,0.769000,0.894000,-73.008000,-9.649000,71.344000,29.80
291078088,0.459000,0.799000,0.856000,-69.634000,-10.794000,76.748000,29.85
291087140,0.384000,0.912000,0.764000,-70.046000,-8.382000,77.740000,29.80
291096409,0.366000,0.916000,0.732000,-72.305000,-16.229000,78.519000,29.85
291110951,0.344000,0.914000,0.764000,-72.779000,-20.336000,78.031000,29.75
291115555,0.283000,0.896000,0.695000,-71.099000,-27.099000,78.137000,29.89
291125433,0.346000,0.844000,0.762000,-73.679000,-37.939000,79.893000,29.75
291134413,0.312000,0.823000,0.762000,-75.740000,-40.458000,86.153000,29.80
291149299,0.389000,0.809000,0.846000,-78.916000,-40.595000,90.962000,29.75
291157920,0.496000,0.818000,0.776000,-80.565000,-28.260000,92.580000,29.85
291168998,0.443000,0.800000,0.710000,-82.137000,-18.305000,95.008000,29.71
291180754,0.419000,0.870000,0.667000,-81.374000,-18.611000,93.832000,29.75
291185731,0.419000,0.891000,0.716000,-82.015000,-18.550000,91.832000,29.80
291196924,0.396000,0.802000,0.800000,-82.718000,-16.870000,90.718000,29.85
291209146,0.405000,0.690000,0.797000,-82.092000,-18.702000,88.992000,29.85
291217583,0.367000,0.658000,0.829000,-78.000000,-25.435000,88.855000,29.80
291226546,0.387000,0.593000,0.834000,-81.832000,-48.107000,89.130000,29.75
291233418,0.479000,0.605000,0.876000,-81.863000,-55.618000,91.725000,29.71
291250860,0.467000,0.716000,0.783000,-80.458000,-48.382000,90.809000,29.85
291260479,0.396000,0.689000,0.724000,-77.908000,-43.435000,88.489000,29.85
291265624,0.438000,0.685000,0.736000,-80.183000,-42.855000,85.664000,29.80
291279379,0.435000,0.699000,0.634000,-78.244000,-40.305000,83.221000,29.85
291288429,0.558000,0.563000,0.680000,-80.656000,-39.282000,79.756000,29.71
291298855,0.542000,0.530000,0.797000,-80.824000,-36.351000,80.061000,29.85
291309598,0.433000,0.580000,0.811000,-83.664000,-32.198000,83.725000,29.80
291316538,0.408000,0.502000,0.816000,-85.679000,-24.931000,87.374000,29.80
291322918,0.413000,0.641000,0.611000,-93.954000,-29.481000,91.435000,29.85
291334657,0.438000,0.584000,0.583000,-97.267000,-29.649000,90.229000,29.80
291350997,0.303000,0.631000,0.545000,-96.947000,-32.687000,87.145000,29.75
291360945,0.420000,0.476000,0.676000,-99.023000,-45.115000,83.847000,29.75
291366636,0.631000,0.305000,0.749000,-93.908000,-37.496000,79.008000,29.80
291377439,0.517000,0.301000,0.785000,-89.481000,-31.740000,73.191000,29.75
291388698,0.480000,0.207000,0.784000,-85.420000,-43.725000,68.962000,29.80
291397929,0.592000,0.165000,0.745000,-79.176000,-52.672000,63.374000,29.85
291407553,0.640000,0.100000,0.768000,-71.252000,-52.412000,60.198000,29.80
291418867,0.525000,0.171000,0.786000,-64.748000,-53.710000,56.916000,29.80
291423959,0.500000,0.226000,0.764000,-60.748000,-60.183000,52.183000,29.85
291435864,0.436000,0.247000,0.726000,-55.634000,-58.824000,49.069000,29.80
291451608,0.545000,0.227000,0.660000,-52.153000,-55.679000,46.840000,29.85
291461885,0.582000,0.295000,0.531000,-46.519000,-47.069000,42.244000,29.75
291467352,0.541000,0.263000,0.557000,-47.725000,-53.099000,39.634000,29.85
291475816,0.540000,0.211000,0.553000,-48.611000,-59.221000,37.786000,29.75
291489544,0.600000,0.154000,0.625000,-48.473000,-58.809000,37.511000,29.80
291495811,0.664000,0.131000,0.651000,-47.511000,-57.130000,38.550000,29.66
291509615,0.631000,0.087000,0.667000,-47.145000,-52.702000,40.641000,29.80
291518102,0.537000,0.172000,0.679000,-40.641000,-42.137000,40.824000,29.75
291525259,0.520000,0.225000,0.567000,-37.817000,-34.992000,39.924000,29.75
291536841,0.633000,0.136000,0.529000,-34.473000,-29.832000,37.023000,29.80
291551191,0.677000,0.138000,0.486000,-30.397000,-24.275000,33.053000,29.85
291558568,0.616000,0.069000,0.542000,-29.588000,-29.359000,27.038000,29.75
291564730,0.670000,0.005000,0.641000,-25.176000,-28.733000,24.962000,29.75
291580590,0.635000,0.061000,0.631000,-22.061000,-26.351000,22.427000,29.75
291586721,0.572000,0.110000,0.594000,-15.878000,-22.748000,22.458000,29.80
291596630,0.589000,0.133000,0.563000,-16.015000,-21.252000,21.069000,29.75
291608947,0.619000,0.097000,0.495000,-13.817000,-17.481000,18.351000,29.89
291619956,0.550000,0.213000,0.429000,-14.244000,-24.962000,15.847000,29.85
291625945,0.755000,0.056000,0.498000,-14.779000,-26.183000,12.718000,29.85
291632955,0.709000,0.048000,0.546000,-10.427000,-17.664000,9.420000,29.80
291651790,0.626000,0.098000,0.542000,-9.359000,-16.061000,7.725000,29.85
291661570,0.674000,0.081000,0.545000,-8.031000,-8.198000,7.771000,29.71
291667491,0.631000,0.150000,0.424000,-6.855000,4.260000,7.069000,29.75
291675850,0.559000,0.135000,0.397000,-11.710000,1.924000,6.137000,29.71
291690274,0.670000,0.083000,0.391000,-15.130000,-6.046000,2.366000,29.80
291697089,0.682000,0.079000,0.390000,-12.626000,-2.244000,0.443000,29.85
291706398,0.552000,0.055000,0.458000,-9.099000,0.687000,1.267000,29.80
291717835,0.522000,0.035000,0.532000,-5.405000,-3.130000,0.855000,29.85
291724292,0.645000,-0.004000,0.560000,-0.519000,-3.359000,-1.374000,29.80
291736387,0.649000,-0.024000,0.529000,6.015000,5.618000,-4.092000,29.80
291751934,0.626000,0.043000,0.443000,9.557000,9.557000,-8.198000,29.85
291758713,0.671000,0.019000,0.338000,13.695000,17.466000,-13.023000,29.80
291765126,0.543000,0.180000,0.371000,16.198000,17.130000,-17.832000,29.85
291776597,0.539000,0.128000,0.396000,16.794000,10.977000,-21.771000,29.80
291788372,0.624000,-0.004000,0.510000,20.687000,12.168000,-23.466000,29.80
291796269,0.593000,0.004000,0.566000,24.672000,17.725000,-23.344000,29.75
291809139,0.541000,0.049000,0.524000,28.580000,19.099000,-25.053000,29.71
291821513,0.600000,0.072000,0.474000,33.527000,19.481000,-28.336000,29.75
291826910,0.601000,0.131000,0.511000,36.779000,18.916000,-32.885000,29.80
291833166,0.526000,0.130000,0.461000,39.374000,16.840000,-37.344000,29.75
291850448,0.634000,0.104000,0.454000,42.824000,22.107000,-39.985000,29.75
291861454,0.584000,0.166000,0.471000,45.985000,32.595000,-40.840000,29.71
291868206,0.502000,0.198000,0.478000,47.176000,33.206000,-42.977000,29.85
291877550,0.573000,0.169000,0.524000,48.366000,35.908000,-45.191000,29.80
291887117,0.620000,0.167000,0.501000,51.893000,38.916000,-47.985000,29.75
291897088,0.583000,0.226000,0.540000,53.359000,37.405000,-53.359000,29.75
291906655,0.505000,0.297000,0.504000,54.519000,34.885000,-54.733000,29.80
291917649,0.558000,0.254000,0.536000,56.260000,39.756000,-54.092000,29.75
291926437,0.545000,0.294000,0.593000,54.443000,45.542000,-54.641000,29.80
291935143,0.552000,0.278000,0.628000,55.206000,42.718000,-59.252000,29.75
291950703,0.627000,0.176000,0.634000,58.504000,37.389000,-65.176000,29.85
291960762,0.588000,0.250000,0.668000,66.000000,40.229000,-72.382000,29.71
291968521,0.504000,0.371000,0.632000,67.710000,34.794000,-79.053000,29.75
291976125,0.512000,0.361000,0.610000,69.282000,28.580000,-83.420000,29.80
291987115,0.592000,0.347000,0.686000,71.069000,29.481000,-86.183000,29.75
291996968,0.600000,0.410000,0.647000,72.397000,32.885000,-88.275000,29.75
292007799,0.531000,0.451000,0.633000,76.107000,36.809000,-93.282000,29.89
292019148,0.478000,0.472000,0.638000,76.244000,33.542000,-95.328000,29.85
292027783,0.578000,0.472000,0.709000,75.832000,37.985000,-95.206000,29.80
292037103,0.512000,0.548000,0.654000,77.160000,48.855000,-95.893000,29.66
292044324,0.516000,0.598000,0.597000,73.924000,42.809000,-97.618000,29.94
292059634,0.564000,0.587000,0.616000,70.336000,40.840000,-99.298000,29.80
292069449,0.500000,0.523000,0.688000,69.038000,40.687000,-98.092000,29.85
292076906,0.469000,0.549000,0.749000,68.763000,36.702000,-96.061000,29.80
292090040,0.519000,0.560000,0.754000,73.267000,39.435000,-97.359000,29.75
292097186,0.519000,0.593000,0.760000,75.695000,40.931000,-95.588000,29.71
292107710,0.472000,0.617000,0.730000,77.771000,40.519000,-94.962000,29.89
292119809,0.449000,0.678000,0.752000,78.687000,45.130000,-94.580000,29.75
292128705,0.415000,0.705000,0.660000,78.718000,49.374000,-90.947000,29.80
292133910,0.423000,0.732000,0.683000,77.817000,45.206000,-92.168000,29.75
292146984,0.504000,0.784000,0.713000,76.794000,43.542000,-93.985000,29.75
292155218,0.520000,0.718000,0.735000,76.473000,42.244000,-95.145000,29.80
292168974,0.525000,0.749000,0.774000,74.626000,39.191000,-95.374000,29.75
292174439,0.506000,0.763000,0.793000,72.290000,38.672000,-94.809000,29.71
292187491,0.484000,0.781000,0.796000,71.328000,42.534000,-89.649000,29.75
292197145,0.432000,0.837000,0.749000,69.863000,46.504000,-87.252000,29.80
292208804,0.394000,0.869000,0.684000,67.374000,46.504000,-84.382000,29.80
292218861,0.342000,0.947000,0.739000,66.290000,46.763000,-82.916000,29.85
292227748,0.366000,0.926000,0.701000,62.214000,44.153000,-80.763000,29.80
292235863,0.442000,0.812000,0.709000,60.534000,48.458000,-78.504000,29.85
292242957,0.352000,0.916000,0.703000,58.107000,50.275000,-75.237000,29.85
292260468,0.285000,0.961000,0.704000,54.321000,42.550000,-72.779000,29.85
292269715,0.381000,0.921000,0.750000,51.679000,42.000000,-69.435000,29.85
292275738,0.410000,0.930000,0.681000,50.031000,46.977000,-65.847000,29.80
292289650,0.347000,0.968000,0.673000,47.420000,44.534000,-64.504000,29.75
292298189,0.342000,0.982000,0.728000,45.099000,38.504000,-64.473000,29.80
292307928,0.371000,0.932000,0.788000,45.603000,38.916000,-64.489000,29.85
292315930,0.355000,0.910000,0.762000,45.282000,39.282000,-62.061000,29.85
292326729,0.375000,0.883000,0.740000,43.725000,33.221000,-61.206000,29.80
292332585,0.334000,0.913000,0.708000,44.519000,30.015000,-60.534000,29.75
292346461,0.277000,0.976000,0.653000,44.153000,24.229000,-60.122000,29.85
292359455,0.292000,0.964000,0.702000,42.809000,17.023000,-59.664000,29.75
292369631,0.348000,0.932000,0.755000,41.313000,17.374000,-59.573000,29.75
292376572,0.376000,0.951000,0.718000,41.359000,29.679000,-59.176000,29.80
292392829,0.366000,0.955000,0.608000,39.145000,32.687000,-56.687000,29.75
292398150,0.291000,0.954000,0.569000,34.962000,26.061000,-55.618000,29.80
292406047,0.282000,0.990000,0.612000,31.298000,19.802000,-55.053000,29.85
292417087,0.289000,0.976000,0.593000,31.496000,16.824000,-52.504000,29.75
292428077,0.300000,0.963000,0.658000,28.901000,11.634000,-52.000000,29.80
292434677,0.338000,0.968000,0.702000,27.634000,7.573000,-50.061000,29.75
292447258,0.344000,0.945000,0.697000,27.206000,8.198000,-47.618000,29.71
292460882,0.356000,0.955000,0.658000,27.038000,10.305000,-46.137000,29.85
292469534,0.373000,0.968000,0.630000,28.031000,16.046000,-45.435000,29.85
292475351,0.383000,0.928000,0.598000,25.603000,19.221000,-43.008000,29.80
292489012,0.351000,0.962000,0.604000,24.321000,19.573000,-39.328000,29.75
292497608,0.360000,0.958000,0.582000,21.328000,17.298000,-35.344000,29.80
292508778,0.388000,0.963000,0.637000,16.977000,18.244000,-30.962000,29.66
292517618,0.374000,0.976000,0.610000,14.305000,21.344000,-24.580000,29.80
292527344,0.368000,1.009000,0.609000,10.931000,21.237000,-20.473000,29.80
292536598,0.390000,0.997000,0.594000,8.015000,21.695000,-16.702000,29.85
292543913,0.404000,0.990000,0.578000,5.191000,23.954000,-13.634000,29.80
292561668,0.386000,0.965000,0.594000,2.489000,24.962000,-9.634000,29.85
292570188,0.354000,0.920000,0.616000,0.275000,23.603000,-4.733000,29.85
292576805,0.320000,0.947000,0.646000,-0.336000,25.817000,-0.443000,29.71
292590828,0.348000,0.944000,0.590000,-2.061000,29.664000,4.779000,29.75
292598030,0.300000,0.956000,0.567000,-2.489000,29.786000,8.962000,29.80
292605245,0.244000,0.986000,0.559000,-5.542000,24.840000,12.656000,29.75
292617238,0.270000,0.947000,0.590000,-6.992000,19.069000,15.863000,29.80
292627547,0.326000,0.941000,0.553000,-8.321000,21.695000,19.664000,29.80
292634643,0.230000,0.972000,0.554000,-9.023000,20.626000,22.153000,29.75
292646866,0.226000,0.954000,0.529000,-10.947000,10.305000,23.573000,29.80
292663071,0.257000,0.904000,0.584000,-13.511000,5.924000,25.374000,29.85
292669591,0.238000,1.011000,0.599000,-11.985000,4.214000,27.710000,29.71
292675671,0.277000,1.050000,0.548000,-16.229000,-5.985000,26.443000,29.71
292687942,0.354000,0.958000,0.555000,-16.718000,-9.145000,23.023000,29.75
292696857,0.407000,1.051000,0.538000,-15.008000,-5.405000,21.069000,29.80
292709082,0.349000,1.041000,0.569000,-18.534000,-0.183000,22.779000,29.75
292718764,0.243000,0.934000,0.646000,-20.183000,0.595000,27.863000,29.80
292726431,0.244000,1.038000,0.604000,-23.405000,-2.198000,35.069000,29.80
292736781,0.271000,1.034000,0.551000,-28.794000,-2.687000,40.748000,29.66
292743977,0.319000,1.003000,0.575000,-30.794000,0.244000,43.985000,29.80
292760569,0.342000,1.002000,0.500000,-31.924000,4.382000,45.389000,29.75
292769795,0.395000,0.936000,0.529000,-33.817000,7.252000,42.565000,29.80
292776040,0.333000,0.915000,0.603000,-32.122000,11.634000,43.405000,29.71
292792286,0.283000,0.935000,0.593000,-30.550000,8.824000,40.321000,29.85
292797878,0.266000,0.896000,0.549000,-31.481000,1.863000,40.290000,29.80
292803194,0.264000,0.892000,0.604000,-33.267000,-7.023000,41.740000,29.75
292817580,0.297000,0.906000,0.638000,-32.504000,-8.168000,43.924000,29.80
292828181,0.220000,0.899000,0.582000,-34.962000,-6.595000,48.595000,29.85
292833867,0.177000,0.887000,0.624000,-37.038000,-7.481000,52.962000,29.85
292846985,0.410000,0.897000,0.607000,-39.023000,-2.290000,52.366000,29.71
292859700,0.278000,0.881000,0.461000,-39.038000,12.061000,54.611000,29.75
292869093,0.180000,0.935000,0.496000,-41.557000,2.855000,52.733000,29.80
292876161,0.314000,0.900000,0.600000,-44.763000,-2.885000,51.084000,29.75
292890583,0.344000,0.784000,0.657000,-43.496000,11.664000,53.038000,29.85
292897899,0.177000,0.804000,0.627000,-45.221000,8.229000,55.038000,29.89
292905563,0.167000,0.850000,0.617000,-47.664000,-7.420000,55.924000,29.85
292917391,0.221000,0.854000,0.607000,-48.168000,-10.366000,57.176000,29.80
292927647,0.230000,0.806000,0.646000,-48.855000,-9.969000,60.519000,29.85
292935861,0.257000,0.796000,0.653000,-49.542000,-7.771000,60.718000,29.75
292942974,0.256000,0.860000,0.613000,-50.794000,-9.511000,60.183000,29.80
292964804,0.220000,0.830000,0.531000,-52.092000,-14.855000,60.214000,29.85
292970315,0.279000,0.758000,0.678000,-55.237000,-19.145000,58.504000,29.89
292975533,0.300000,0.745000,0.638000,-54.687000,-15.832000,61.313000,29.75
292990738,0.212000,0.759000,0.611000,-54.855000,-17.786000,64.382000,29.80
292998982,0.254000,0.800000,0.684000,-56.153000,-23.344000,62.626000,29.80
293006201,0.291000,0.839000,0.593000,-52.672000,-17.542000,62.183000,29.75
293018726,0.292000,0.823000,0.537000,-52.779000,-12.901000,62.061000,29.71
293027941,0.288000,0.789000,0.673000,-54.137000,-13.954000,60.702000,29.75
293037093,0.322000,0.738000,0.664000,-53.298000,-16.443000,58.885000,29.85
293044205,0.379000,0.654000,0.668000,-52.580000,-18.748000,57.695000,29.80
293057034,0.362000,0.716000,0.735000,-53.527000,-22.687000,56.351000,29.85
293067000,0.330000,0.677000,0.701000,-54.885000,-28.244000,56.687000,29.80
293076687,0.376000,0.689000,0.659000,-50.992000,-28.947000,54.458000,29.85
293085530,0.443000,0.758000,0.640000,-49.924000,-29.328000,52.168000,29.80
293096560,0.404000,0.740000,0.578000,-48.519000,-19.405000,51.008000,29.75
293107309,0.362000,0.721000,0.613000,-47.298000,-11.664000,49.344000,29.75
293119271,0.448000,0.757000,0.662000,-50.336000,-11.664000,49.313000,29.71
293126392,0.422000,0.662000,0.664000,-51.817000,-3.420000,50.031000,29.85
293134950,0.328000,0.688000,0.656000,-52.611000,-6.977000,53.634000,29.85
293145455,0.386000,0.632000,0.670000,-55.237000,-11.038000,56.779000,29.85
293153442,0.353000,0.653000,0.595000,-54.824000,-11.466000,57.221000,29.75
293168056,0.422000,0.685000,0.622000,-56.275000,-15.069000,57.649000,29.80
293177057,0.392000,0.591000,0.637000,-52.092000,-11.481000,55.954000,29.75
293194013,0.467000,0.503000,0.740000,-48.901000,-13.206000,50.641000,29.71
293200028,0.594000,0.554000,0.765000,-42.229000,-2.656000,44.855000,29.85
293205202,0.494000,0.552000,0.710000,-37.435000,10.107000,38.626000,29.75
293220166,0.401000,0.568000,0.682000,-34.885000,4.107000,33.313000,29.71
293227331,0.404000,0.587000,0.698000,-33.145000,-6.061000,31.344000,29.85
293235553,0.380000,0.553000,0.709000,-36.870000,-13.802000,34.473000,29.80
293247143,0.493000,0.428000,0.777000,-40.672000,-18.366000,41.573000,29.85
293254355,0.484000,0.517000,0.737000,-39.786000,-5.725000,44.641000,29.80
293269446,0.438000,0.587000,0.564000,-39.954000,0.931000,44.763000,29.80
293277896,0.388000,0.628000,0.560000,-40.504000,1.176000,42.550000,29.75
293290440,0.326000,0.587000,0.578000,-38.031000,1.511000,39.985000,29.89
293301020,0.356000,0.510000,0.626000,-37.023000,-4.473000,39.313000,29.75
293306766,0.446000,0.437000,0.690000,-35.221000,-8.595000,37.130000,29.80
293313311,0.461000,0.438000,0.781000,-33.939000,-10.412000,36.504000,29.71
293327896,0.508000,0.412000,0.711000,-33.847000,-16.092000,36.489000,29.66
293336913,0.596000,0.400000,0.753000,-33.740000,-7.221000,37.023000,29.80
293343940,0.495000,0.470000,0.688000,-34.611000,3.481000,37.466000,29.85
293356272,0.427000,0.502000,0.611000,-34.763000,5.817000,33.847000,29.71
293370311,0.435000,0.543000,0.573000,-31.573000,4.183000,28.137000,29.75
293378935,0.442000,0.493000,0.645000,-27.481000,4.840000,22.290000,29.85
293385588,0.380000,0.377000,0.683000,-22.931000,-1.328000,18.901000,29.80
293402214,0.431000,0.311000,0.741000,-23.771000,-17.267000,18.534000,29.75
293408180,0.677000,0.298000,0.743000,-21.878000,-14.351000,18.947000,29.71
293415422,0.700000,0.324000,0.782000,-18.183000,11.618000,19.313000,29.75
293427254,0.444000,0.424000,0.693000,-13.511000,22.397000,18.092000,29.75
293436164,0.460000,0.462000,0.623000,-11.206000,20.870000,13.740000,29.80
293446096,0.284000,0.488000,0.658000,-7.053000,21.695000,10.504000,29.85
293453278,0.158000,0.502000,0.526000,-9.237000,-3.725000,6.611000,29.71
293471315,0.508000,0.427000,0.584000,-13.084000,-16.611000,6.275000,29.85
293480022,0.559000,0.372000,0.677000,-13.176000,-10.122000,4.840000,29.85
293485627,0.494000,0.408000,0.691000,-13.756000,-8.107000,4.290000,29.80
293498016,0.560000,0.349000,0.631000,-14.412000,-7.588000,3.817000,29.85
293508230,0.586000,0.412000,0.650000,-10.779000,1.511000,2.870000,29.80
293520174,0.430000,0.453000,0.619000,-7.115000,12.779000,3.237000,29.85
293530497,0.371000,0.445000,0.634000,-6.275000,14.092000,5.145000,29.75
293537721,0.371000,0.372000,0.667000,-6.275000,12.763000,3.664000,29.80
293543882,0.438000,0.422000,0.542000,-5.221000,6.534000,0.198000,29.75
293557234,0.546000,0.386000,0.564000,-5.664000,4.351000,-2.840000,29.80
293569931,0.500000,0.344000,0.663000,-4.458000,8.000000,-4.473000,29.75
293579657,0.415000,0.363000,0.640000,-2.916000,6.870000,-3.634000,29.80
293586188,0.521000,0.319000,0.691000,-1.817000,5.603000,-1.649000,29.80
293597621,0.475000,0.355000,0.781000,0.763000,16.992000,-1.252000,29.75
293607566,0.341000,0.363000,0.696000,3.847000,10.443000,-3.313000,29.71
293618018,0.432000,0.389000,0.696000,7.130000,2.931000,-9.603000,29.75
293628952,0.453000,0.438000,0.636000,12.107000,0.122000,-17.328000,29.75
293638092,0.480000,0.421000,0.530000,11.542000,-5.939000,-19.313000,29.71
293647540,0.545000,0.405000,0.669000,7.832000,-1.908000,-20.168000,29.85
293654637,0.527000,0.392000,0.667000,7.038000,2.901000,-15.588000,29.80
293670174,0.504000,0.379000,0.697000,3.603000,5.832000,-11.145000,29.85
293675898,0.417000,0.396000,0.741000,3.878000,12.962000,-8.779000,29.80
293687687,0.434000,0.460000,0.674000,4.962000,11.359000,-8.366000,29.80
293698519,0.521000,0.453000,0.658000,6.702000,11.267000,-12.779000,29.85
293708739,0.478000,0.415000,0.642000,10.351000,10.275000,-17.969000,29.80
293715545,0.504000,0.448000,0.687000,12.687000,2.198000,-22.611000,29.75
293727709,0.461000,0.400000,0.758000,14.260000,-0.473000,-23.328000,29.85
293738900,0.524000,0.343000,0.838000,14.183000,-4.183000,-20.824000,29.75
293744886,0.540000,0.435000,0.754000,14.122000,-4.275000,-19.405000,29.85
293757973,0.597000,0.461000,0.717000,11.939000,3.466000,-16.366000,29.71
293769797,0.548000,0.477000,0.676000,9.664000,15.588000,-16.214000,29.75
293781187,0.496000,0.608000,0.614000,6.641000,14.107000,-19.649000,29.80
293788004,0.617000,0.562000,0.589000,5.710000,21.298000,-22.153000,29.85
293799734,0.568000,0.484000,0.675000,6.901000,27.679000,-23.069000,29.75
293806184,0.473000,0.395000,0.775000,8.947000,18.962000,-21.802000,29.71
293816043,0.418000,0.395000,0.901000,10.763000,14.198000,-18.229000,29.85
293828550,0.435000,0.391000,0.922000,12.092000,13.038000,-14.855000,29.75
293837124,0.520000,0.457000,0.821000,13.038000,6.550000,-14.977000,29.75
293841885,0.609000,0.424000,0.802000,15.450000,7.618000,-19.878000,29.89
293854779,0.520000,0.562000,0.740000,19.740000,7.664000,-24.519000,29.89
293870855,0.399000,0.638000,0.669000,21.740000,0.092000,-25.221000,29.75
293881219,0.494000,0.511000,0.789000,18.824000,-1.267000,-24.519000,29.80
293886809,0.604000,0.506000,0.827000,18.977000,3.573000,-20.931000,29.75
293905079,0.557000,0.458000,0.848000,12.107000,3.573000,-16.046000,29.80
293910482,0.543000,0.509000,0.864000,8.718000,7.344000,-10.550000,29.89
293915917,0.559000,0.559000,0.710000,7.298000,10.229000,-6.931000,29.85
293926924,0.532000,0.622000,0.750000,3.618000,15.588000,-7.130000,29.89
293940664,0.464000,0.626000,0.722000,3.237000,18.794000,-7.420000,29.75
293946043,0.522000,0.553000,0.778000,2.901000,13.435000,-9.664000,29.71
293952705,0.521000,0.460000,0.871000,5.282000,8.794000,-14.137000,29.80
293968394,0.564000,0.461000,0.907000,8.412000,-0.824000,-15.863000,29.75
293978367,0.546000,0.462000,0.883000,10.122000,-2.641000,-15.023000,29.71
293985731,0.424000,0.548000,0.810000,9.863000,-6.855000,-11.756000,29.75
294001012,0.529000,0.539000,0.794000,3.527000,-13.389000,-8.947000,29.71
294007293,0.662000,0.562000,0.748000,2.901000,2.168000,-5.313000,29.80
294016659,0.523000,0.677000,0.748000,1.939000,10.183000,-1.634000,29.75
294027246,0.467000,0.570000,0.797000,-1.084000,10.473000,0.382000,29.80
294038483,0.558000,0.504000,0.845000,-0.977000,7.603000,0.076000,29.85
294044805,0.567000,0.490000,0.859000,-0.779000,2.794000,-1.893000,29.80
294055861,0.570000,0.539000,0.797000,-0.550000,-0.351000,-2.931000,29.75
294068275,0.557000,0.556000,0.814000,-1.313000,-1.756000,-2.885000,29.75
294078000,0.483000,0.618000,0.772000,-1.496000,-4.885000,-2.351000,29.89
294084000,0.630000,0.480000,0.843000,-5.664000,-6.122000,0.656000,29.75
294100577,0.622000,0.480000,0.873000,-2.489000,9.084000,3.038000,29.71
294110678,0.454000,0.588000,0.755000,-2.992000,9.786000,4.000000,29.75
294116665,0.570000,0.564000,0.745000,-6.427000,6.504000,4.809000,29.85
294127087,0.529000,0.547000,0.789000,-7.511000,8.687000,4.076000,29.80
294139051,0.463000,0.618000,0.704000,-8.168000,-2.504000,3.420000,29.85
294147127,0.588000,0.531000,0.771000,-9.191000,-10.336000,1.740000,29.80
294154432,0.567000,0.421000,0.950000,-5.618000,-4.321000,3.145000,29.85
294171358,0.527000,0.427000,0.944000,-2.443000,-3.328000,4.015000,29.80
294179763,0.575000,0.509000,0.833000,-0.076000,-3.389000,5.344000,29.80
294186506,0.533000,0.553000,0.833000,-2.000000,-0.504000,4.168000,29.85
294198001,0.516000,0.586000,0.755000,-2.244000,2.092000,2.153000,29.80
294208786,0.521000,0.633000,0.658000,-5.435000,-1.053000,0.214000,29.85
294214504,0.469000,0.639000,0.598000,-8.382000,-5.893000,-0.824000,29.85
294228851,0.583000,0.554000,0.745000,-11.634000,-8.336000,-0.931000,29.71
294240079,0.607000,0.427000,0.842000,-11.939000,-0.168000,3.817000,29.85
294245978,0.505000,0.400000,0.916000,-11.740000,3.023000,6.534000,29.80
294252585,0.563000,0.459000,0.859000,-12.214000,-1.725000,8.168000,29.66
294269182,0.586000,0.497000,0.779000,-11.221000,5.053000,7.740000,29.80
294283296,0.418000,0.573000,0.711000,-8.901000,6.824000,4.519000,29.80
294289424,0.438000,0.578000,0.696000,-8.672000,-1.344000,0.687000,29.75
294296894,0.507000,0.527000,0.712000,-7.298000,-5.588000,-1.099000,29.80
294312842,0.524000,0.405000,0.778000,-5.298000,-4.168000,-1.466000,29.75
294318662,0.511000,0.452000,0.817000,-4.153000,-6.779000,1.099000,29.85
294325748,0.560000,0.407000,0.799000,-6.626000,-1.389000,5.282000,29.75
294337587,0.497000,0.488000,0.788000,-8.519000,4.595000,8.580000,29.85
294347364,0.509000,0.508000,0.696000,-10.595000,4.321000,9.282000,29.71
294355933,0.576000,0.498000,0.670000,-10.595000,9.710000,5.130000,29.85
294363185,0.455000,0.529000,0.688000,-8.382000,6.992000,0.015000,29.71
294380745,0.432000,0.493000,0.731000,-6.061000,-4.153000,-4.489000,29.85
294393244,0.478000,0.492000,0.758000,-2.214000,-9.695000,-4.122000,29.85
294397258,0.458000,0.398000,0.850000,-2.168000,-3.924000,-0.214000,29.89
294406888,0.422000,0.446000,0.766000,-4.870000,-5.328000,5.115000,29.94
294418147,0.562000,0.450000,0.705000,-8.641000,-1.115000,7.069000,29.89
294427980,0.610000,0.512000,0.630000,-11.099000,5.038000,6.153000,29.75
294438309,0.479000,0.523000,0.634000,-11.832000,7.878000,2.031000,29.80
294449663,0.442000,0.510000,0.668000,-9.023000,4.260000,-2.214000,29.71
294454819,0.463000,0.489000,0.751000,-4.840000,3.603000,-2.412000,29.75
294466665,0.408000,0.394000,0.789000,-2.366000,6.611000,-1.298000,29.80
294480049,0.434000,0.369000,0.802000,-0.931000,5.908000,0.504000,29.94
294493534,0.539000,0.397000,0.759000,-0.947000,0.733000,-0.092000,29.80
294499761,0.502000,0.425000,0.686000,0.107000,3.038000,-2.427000,29.89
294507063,0.465000,0.498000,0.660000,0.718000,0.336000,-4.443000,29.85
294520313,0.457000,0.498000,0.677000,2.321000,1.298000,-6.244000,29.80
294527904,0.382000,0.486000,0.719000,5.863000,1.542000,-8.427000,29.75
294535704,0.403000,0.517000,0.678000,7.221000,-2.870000,-8.885000,29.80
294546292,0.465000,0.465000,0.715000,7.053000,-2.885000,-8.550000,29.80
294555861,0.482000,0.441000,0.726000,5.969000,-1.924000,-8.550000,29.85
294565371,0.484000,0.445000,0.704000,4.611000,-2.534000,-8.901000,29.71
294572679,0.534000,0.442000,0.715000,4.824000,0.336000,-9.496000,29.75
294590651,0.465000,0.511000,0.711000,8.183000,2.076000,-11.664000,29.80
294602957,0.434000,0.547000,0.631000,8.824000,1.374000,-10.855000,29.85
294605008,0.375000,0.490000,0.748000,9.191000,6.366000,-9.389000,29.75
294620661,0.396000,0.532000,0.688000,7.160000,3.191000,-6.992000,29.71
294627408,0.488000,0.521000,0.670000,7.679000,5.298000,-8.321000,29.75
294637399,0.435000,0.537000,0.679000,6.595000,6.687000,-9.252000,29.80
294649734,0.435000,0.528000,0.676000,5.221000,2.397000,-10.137000,29.75
294658136,0.497000,0.499000,0.699000,4.855000,7.893000,-10.947000,29.75
294664527,0.447000,0.554000,0.706000,6.809000,8.870000,-11.679000,29.89
294676689,0.452000,0.565000,0.671000,7.267000,11.313000,-10.992000,29.75
294688825,0.420000,0.499000,0.785000,8.427000,15.664000,-10.809000,29.80
294700294,0.412000,0.542000,0.716000,9.176000,15.267000,-10.916000,29.75
294708267,0.494000,0.535000,0.679000,8.580000,9.160000,-13.069000,29.85
294718528,0.453000,0.456000,0.764000,7.939000,5.557000,-16.443000,29.80
294730961,0.437000,0.514000,0.730000,10.687000,3.023000,-18.962000,29.85
294736417,0.470000,0.526000,0.723000,13.725000,-0.550000,-23.542000,29.80
294747420,0.405000,0.585000,0.709000,16.702000,-0.122000,-25.481000,29.85
294756392,0.374000,0.529000,0.725000,16.824000,0.489000,-24.672000,29.80
294767109,0.431000,0.557000,0.695000,16.779000,3.237000,-23.176000,29.80
294774206,0.448000,0.556000,0.635000,15.847000,5.130000,-22.046000,29.85
294790214,0.437000,0.544000,0.665000,13.618000,5.420000,-21.435000,29.80
294800078,0.395000,0.596000,0.630000,13.328000,9.496000,-19.099000,29.75
294807090,0.403000,0.589000,0.606000,12.916000,14.992000,-18.336000,29.85
294813580,0.449000,0.650000,0.553000,11.618000,20.489000,-15.389000,29.71
294830432,0.354000,0.560000,0.649000,10.809000,27.481000,-13.740000,29.75
294839517,0.298000,0.577000,0.631000,10.489000,26.763000,-11.802000,29.80
294846081,0.352000,0.522000,0.650000,10.183000,20.702000,-12.061000,29.94
294858289,0.373000,0.533000,0.666000,12.580000,18.458000,-12.748000,29.80
294869060,0.339000,0.512000,0.657000,13.924000,16.000000,-14.916000,29.85
294876140,0.323000,0.582000,0.625000,16.962000,12.504000,-16.046000,29.85
294883337,0.336000,0.594000,0.608000,19.939000,14.504000,-16.305000,29.71
294896624,0.342000,0.588000,0.631000,22.931000,17.221000,-17.176000,29.85
294905967,0.334000,0.560000,0.700000,24.947000,16.565000,-18.611000,29.85
294915804,0.331000,0.543000,0.665000,27.084000,14.794000,-22.397000,29.85
294927816,0.358000,0.559000,0.651000,28.962000,13.710000,-24.885000,29.85
294939395,0.313000,0.577000,0.639000,29.847000,9.985000,-26.458000,29.80
294947195,0.300000,0.620000,0.597000,30.641000,6.473000,-27.618000,29.85
294957587,0.253000,0.663000,0.591000,30.870000,8.076000,-26.962000,29.80
294966950,0.211000,0.668000,0.574000,30.443000,7.466000,-25.908000,29.85
294975033,0.255000,0.660000,0.565000,29.649000,8.809000,-24.656000,29.75
294985657,0.294000,0.631000,0.580000,28.534000,14.458000,-23.832000,29.89
294993586,0.262000,0.638000,0.574000,29.542000,18.809000,-23.084000,29.75
295009458,0.215000,0.628000,0.555000,29.435000,17.145000,-22.031000,29.80
295020573,0.210000,0.619000,0.581000,31.740000,14.626000,-21.878000,29.85
295026676,0.232000,0.633000,0.602000,34.840000,15.832000,-23.298000,29.80
295039817,0.205000,0.638000,0.609000,38.733000,16.824000,-24.885000,29.80
295048345,0.238000,0.612000,0.617000,41.939000,15.863000,-27.008000,29.75
295059618,0.268000,0.617000,0.608000,44.840000,18.595000,-29.725000,29.80
295070847,0.206000,0.649000,0.631000,46.595000,16.794000,-31.130000,29.85
295077126,0.171000,0.708000,0.593000,48.901000,13.557000,-32.626000,29.89
295083140,0.175000,0.693000,0.590000,50.168000,12.595000,-33.573000,29.80
295094679,0.195000,0.722000,0.582000,52.107000,10.733000,-35.695000,29.85
295109322,0.262000,0.710000,0.601000,53.847000,9.221000,-37.450000,29.71
295118646,0.241000,0.697000,0.624000,54.061000,6.840000,-40.962000,29.75
295127689,0.245000,0.712000,0.634000,55.466000,1.252000,-44.641000,29.80
295138362,0.227000,0.736000,0.598000,58.153000,0.351000,-47.725000,29.80
295152414,0.247000,0.746000,0.573000,60.534000,0.931000,-49.802000,29.85
295154647,0.229000,0.797000,0.577000,62.656000,3.313000,-52.076000,29.71
295166844,0.182000,0.803000,0.570000,63.939000,4.198000,-52.366000,29.85
295180557,0.166000,0.783000,0.568000,64.412000,3.817000,-52.931000,29.80
295185675,0.168000,0.854000,0.589000,66.611000,2.031000,-54.382000,29.85
295197335,0.263000,0.850000,0.539000,65.527000,1.267000,-55.664000,29.85
295211024,0.249000,0.846000,0.521000,64.229000,2.015000,-56.382000,29.80
295220016,0.239000,0.885000,0.495000,63.405000,0.855000,-54.809000,29.85
295229539,0.190000,0.906000,0.526000,62.840000,1.435000,-55.328000,29.80
295238855,0.208000,0.923000,0.523000,63.878000,3.771000,-52.351000,29.85
295250128,0.194000,0.923000,0.501000,64.015000,5.634000,-51.863000,29.85
295256475,0.177000,0.942000,0.537000,65.267000,5.099000,-51.954000,29.80
295266912,0.204000,0.959000,0.522000,66.473000,2.687000,-51.649000,29.75
295278964,0.247000,0.941000,0.509000,65.664000,1.221000,-53.618000,29.71
295288512,0.233000,0.967000,0.528000,65.634000,-2.504000,-53.863000,29.85
295295219,0.206000,1.021000,0.527000,63.664000,-6.504000,-54.443000,29.75
295307204,0.238000,1.054000,0.481000,59.618000,-8.550000,-53.847000,29.80
295318260,0.269000,1.007000,0.442000,56.580000,-2.901000,-52.733000,29.75
295332819,0.220000,1.060000,0.442000,54.611000,-1.466000,-50.412000,29.80
295339731,0.220000,1.084000,0.426000,51.527000,-2.718000,-49.237000,29.85
295346603,0.245000,1.061000,0.439000,48.763000,-2.275000,-47.573000,29.80
295362763,0.279000,1.051000,0.431000,47.481000,-1.328000,-45.450000,29.80
295368354,0.360000,1.022000,0.485000,45.252000,0.656000,-42.885000,29.85
295374917,0.410000,1.005000,0.578000,45.053000,6.412000,-38.031000,29.89
295390456,0.450000,1.021000,0.605000,42.015000,12.702000,-33.115000,29.85
295397414,0.517000,0.983000,0.600000,40.473000,22.458000,-26.855000,29.85
295404348,0.617000,1.000000,0.673000,38.000000,29.832000,-18.992000,29.80
295416361,0.738000,1.058000,0.725000,32.595000,32.916000,-7.802000,29.75
295428210,0.810000,1.045000,0.683000,26.015000,35.313000,6.122000,29.80
295438607,0.765000,1.012000,0.649000,22.443000,37.466000,17.038000,29.85
295445801,0.579000,0.998000,0.577000,18.916000,32.702000,23.725000,29.80
295456653,0.437000,0.944000,0.555000,16.687000,25.176000,27.359000,29.85
295468375,0.259000,0.922000,0.569000,15.649000,17.160000,29.053000,29.75
295477225,0.148000,0.937000,0.488000,14.137000,8.672000,28.427000,29.80
295491343,0.099000,0.927000,0.417000,12.443000,0.992000,27.481000,29.75
295501663,0.116000,0.937000,0.352000,11.664000,-7.985000,26.519000,29.75
295507134,0.239000,0.939000,0.324000,9.206000,-14.824000,26.824000,29.85
295514324,0.243000,0.908000,0.313000,8.427000,-14.229000,26.809000,29.85
295529847,0.148000,0.933000,0.311000,9.954000,-13.695000,25.817000,29.80
295539471,0.063000,0.941000,0.292000,10.824000,-17.985000,25.053000,29.85
295549595,0.086000,0.928000,0.292000,10.962000,-23.466000,24.992000,29.89
295556392,0.078000,0.928000,0.280000,13.679000,-25.710000,26.229000,29.75
295568962,0.085000,0.942000,0.299000,14.534000,-29.267000,28.183000,29.85
295578197,0.131000,0.943000,0.314000,13.924000,-30.473000,31.374000,29.89
295586300,0.145000,0.939000,0.327000,14.214000,-28.122000,35.084000,29.85
295598538,0.137000,0.961000,0.332000,15.420000,-23.847000,36.992000,29.80
295609068,0.135000,0.967000,0.304000,15.985000,-22.336000,37.389000,29.85
295616122,0.180000,0.953000,0.301000,15.740000,-21.649000,37.863000,29.80
295623456,0.193000,0.961000,0.318000,15.664000,-19.298000,36.962000,29.71
295641127,0.182000,0.989000,0.289000,16.137000,-17.924000,35.618000,29.85
295647892,0.177000,0.982000,0.244000,16.092000,-17.450000,33.817000,29.80
295655304,0.225000,0.987000,0.263000,16.611000,-14.565000,31.130000,29.75
295670821,0.225000,0.985000,0.243000,16.763000,-11.786000,28.824000,29.80
295677387,0.235000,0.988000,0.254000,16.076000,-11.679000,27.679000,29.89
295687055,0.229000,0.986000,0.281000,14.794000,-12.794000,26.015000,29.85
295699889,0.240000,0.969000,0.301000,14.198000,-12.504000,24.198000,29.80
295708918,0.275000,0.959000,0.300000,14.229000,-9.115000,21.725000,29.85
295714995,0.271000,0.975000,0.265000,14.366000,-5.664000,20.626000,29.89
295725374,0.266000,0.953000,0.243000,14.519000,-3.573000,18.718000,29.89
295736874,0.272000,0.966000,0.260000,14.702000,-3.099000,16.473000,29.75
295747867,0.283000,0.966000,0.245000,14.427000,-2.550000,14.656000,29.80
295757322,0.282000,0.947000,0.243000,13.786000,-2.275000,13.542000,29.85
295766924,0.283000,0.967000,0.255000,13.252000,-3.511000,12.244000,29.89
295780069,0.307000,0.965000,0.248000,12.244000,-3.618000,11.389000,29.80
295785459,0.334000,0.919000,0.257000,12.382000,-2.580000,11.282000,29.85
295796912,0.329000,0.956000,0.243000,12.382000,0.595000,10.031000,29.80
295807039,0.318000,0.969000,0.250000,12.473000,1.023000,9.939000,29.85
295817005,0.345000,0.956000,0.265000,10.824000,0.901000,9.130000,29.80
295823662,0.385000,0.931000,0.266000,9.557000,0.198000,9.771000,29.80
295840487,0.401000,0.922000,0.252000,7.802000,-0.061000,10.687000,29.75
295850140,0.371000,0.936000,0.223000,7.557000,-0.595000,12.382000,29.80
295860082,0.354000,0.949000,0.182000,6.580000,-1.664000,13.160000,29.75
295867828,0.351000,0.947000,0.187000,6.244000,-4.809000,14.076000,29.80
295878580,0.348000,0.948000,0.187000,5.710000,-7.374000,15.023000,29.85
295888486,0.330000,0.938000,0.225000,5.603000,-9.511000,15.618000,29.85
295895484,0.335000,0.946000,0.249000,5.008000,-11.435000,16.885000,29.89
295907707,0.328000,0.939000,0.254000,4.031000,-11.908000,17.939000,29.75
295916276,0.348000,0.934000,0.222000,3.527000,-11.603000,18.214000,29.80
295926852,0.313000,0.945000,0.159000,4.046000,-10.916000,18.519000,29.75
295934203,0.298000,0.955000,0.171000,3.603000,-12.458000,17.176000,29.85
295950866,0.287000,0.960000,0.196000,3.863000,-16.122000,16.885000,29.80
295957952,0.301000,0.938000,0.229000,3.618000,-18.305000,16.382000,29.85
295967093,0.305000,0.933000,0.219000,4.580000,-18.351000,15.893000,29.80
295975852,0.300000,0.935000,0.200000,5.298000,-18.305000,15.496000,29.75
295987388,0.301000,0.951000,0.202000,5.511000,-18.718000,15.221000,29.85
295995965,0.296000,0.966000,0.174000,5.176000,-16.748000,14.489000,29.80
296009314,0.297000,0.962000,0.158000,5.374000,-16.443000,13.527000,29.75
296018344,0.297000,0.970000,0.145000,5.206000,-17.206000,11.908000,29.71
296024895,0.318000,0.973000,0.133000,5.267000,-19.008000,9.756000,29.75
296037068,0.341000,0.959000,0.172000,5.298000,-18.718000,7.985000,29.85
296049926,0.354000,0.958000,0.172000,5.664000,-18.733000,7.053000,29.89
296062229,0.352000,0.966000,0.177000,5.420000,-18.168000,5.282000,29.85
296069030,0.365000,0.958000,0.178000,4.992000,-18.550000,4.122000,29.89
296078467,0.375000,0.938000,0.180000,5.450000,-17.084000,3.344000,29.75
296095002,0.359000,0.952000,0.192000,5.985000,-16.000000,2.626000,29.85
296097179,0.334000,0.951000,0.186000,5.954000,-15.527000,1.038000,29.89
296106481,0.351000,0.937000,0.137000,6.229000,-16.977000,0.260000,29.75
296118356,0.324000,0.903000,0.093000,9.679000,-16.748000,1.267000,29.71
296126318,0.399000,0.983000,0.125000,10.489000,-20.076000,3.282000,29.85
296135051,0.412000,0.998000,0.175000,4.076000,-16.336000,-2.672000,29.80
296142447,0.391000,0.898000,0.206000,7.237000,-16.031000,-0.168000,29.89
296160269,0.435000,0.947000,0.196000,6.397000,-13.176000,0.015000,29.85
296171026,0.423000,0.939000,0.179000,5.832000,-10.947000,0.305000,29.80
296176106,0.416000,0.943000,0.143000,6.061000,-8.962000,0.473000,29.75
296189400,0.405000,0.948000,0.124000,6.260000,-8.687000,0.687000,29.85
296195843,0.395000,0.950000,0.134000,6.595000,-7.405000,0.718000,29.80
296206960,0.384000,0.942000,0.148000,7.313000,-7.145000,0.977000,29.85
296220969,0.383000,0.947000,0.149000,6.809000,-9.313000,1.069000,29.80
296228178,0.409000,0.949000,0.152000,6.489000,-11.130000,1.817000,29.85
296233896,0.431000,0.935000,0.160000,6.137000,-11.130000,2.473000,29.80
296247927,0.426000,0.930000,0.183000,6.351000,-9.344000,3.237000,29.80
296260017,0.417000,0.953000,0.168000,6.458000,-7.389000,3.557000,29.75
296267021,0.409000,0.949000,0.156000,6.015000,-5.985000,3.557000,29.80
296273907,0.404000,0.959000,0.146000,5.786000,-5.191000,3.710000,29.85
296292392,0.385000,0.957000,0.131000,5.023000,-4.733000,3.542000,29.85
296299853,0.390000,0.973000,0.143000,4.382000,-6.489000,3.328000,29.80
296306798,0.392000,0.969000,0.145000,3.313000,-7.069000,3.359000,29.85
296318531,0.383000,0.946000,0.126000,3.466000,-6.977000,3.542000,29.80
296327146,0.417000,0.957000,0.146000,2.855000,-7.389000,3.069000,29.75
296334084,0.416000,0.957000,0.146000,2.534000,-5.573000,3.450000,29.80
296345623,0.401000,0.944000,0.163000,2.092000,-4.489000,3.603000,29.80
296356169,0.387000,0.935000,0.140000,2.153000,-4.351000,2.824000,29.75
296368537,0.383000,0.949000,0.128000,2.046000,-4.244000,2.321000,29.80
296375026,0.392000,0.939000,0.133000,2.412000,-4.092000,2.870000,29.85
296387355,0.389000,0.949000,0.122000,2.916000,-3.038000,2.656000,29.85
296398032,0.351000,0.935000,0.115000,3.282000,-2.611000,2.855000,29.80
296407216,0.349000,0.950000,0.115000,3.557000,-3.710000,2.092000,29.94
296418308,0.384000,0.915000,0.122000,3.527000,-5.527000,2.885000,29.80
296425127,0.390000,0.911000,0.128000,4.061000,-5.145000,3.053000,29.85
296433671,0.387000,0.921000,0.116000,4.366000,-4.824000,2.656000,29.80
296444926,0.375000,0.917000,0.103000,4.565000,-6.519000,3.237000,29.80
296457994,0.388000,0.910000,0.105000,4.321000,-6.107000,2.534000,29.85
296470623,0.377000,0.917000,0.105000,4.641000,-5.649000,2.473000,29.71
296477213,0.365000,0.925000,0.080000,4.366000,-8.229000,1.511000,29.75
296487300,0.372000,0.929000,0.086000,4.015000,-10.153000,0.366000,29.75
296498871,0.375000,0.917000,0.083000,4.336000,-11.191000,-0.122000,29.71
296504360,0.386000,0.917000,0.115000,4.641000,-10.733000,-0.656000,29.85
296518657,0.397000,0.899000,0.117000,4.473000,-11.420000,0.427000,29.89
296529886,0.413000,0.916000,0.130000,4.137000,-9.969000,0.275000,29.75
296536284,0.425000,0.945000,0.109000,3.756000,-7.832000,1.069000,29.71
296543423,0.418000,0.936000,0.097000,3.603000,-5.389000,1.252000,29.71
296558512,0.396000,0.942000,0.081000,2.656000,-5.145000,1.282000,29.85
296572591,0.382000,0.949000,0.106000,1.344000,-7.939000,1.847000,29.80
296579286,0.410000,0.947000,0.116000,0.504000,-9.756000,1.649000,29.75
296589738,0.451000,0.947000,0.137000,0.595000,-9.023000,1.176000,29.85
296602653,0.430000,0.956000,0.135000,0.336000,-8.107000,0.366000,29.71
296608046,0.451000,0.972000,0.161000,-0.382000,-7.771000,0.015000,29.75
296618023,0.430000,0.965000,0.140000,-1.206000,-7.176000,-0.748000,29.80
296626949,0.426000,0.969000,0.141000,-1.496000,-8.824000,-0.763000,29.75
296637388,0.449000,0.980000,0.140000,-1.725000,-8.702000,-0.794000,29.89
296647069,0.429000,0.995000,0.146000,-1.542000,-7.832000,-0.214000,29.71
296654414,0.429000,1.000000,0.150000,-2.153000,-8.183000,-0.153000,29.85
296670874,0.428000,0.998000,0.158000,-1.786000,-7.725000,0.351000,29.89
296677643,0.430000,0.988000,0.164000,-1.328000,-6.427000,0.366000,29.94
296687131,0.420000,1.005000,0.195000,-1.603000,-5.802000,0.290000,29.85
296696225,0.432000,0.978000,0.186000,-2.885000,-4.809000,0.076000,29.89
296706606,0.431000,1.011000,0.185000,-4.779000,-2.824000,-1.664000,29.75
296715588,0.435000,1.008000,0.090000,-7.191000,-1.802000,-4.122000,29.89
296729469,0.468000,0.988000,0.062000,-8.840000,1.420000,-7.634000,29.85
296741200,0.432000,1.008000,0.064000,-9.786000,3.695000,-10.443000,29.89
296746151,0.365000,1.040000,0.056000,-12.626000,2.611000,-12.275000,29.80
296757347,0.306000,1.039000,0.079000,-16.122000,-2.198000,-13.634000,29.85
296768209,0.304000,1.027000,0.136000,-19.252000,-7.191000,-13.664000,29.80
296779590,0.343000,1.011000,0.165000,-20.977000,-7.267000,-13.603000,29.75
296785873,0.368000,0.995000,0.154000,-21.649000,-2.183000,-12.718000,29.75
296800039,0.344000,0.995000,0.116000,-21.405000,4.931000,-12.534000,29.71
296809404,0.305000,1.021000,0.064000,-21.389000,7.740000,-13.618000,29.75
296817411,0.316000,1.005000,0.058000,-22.260000,4.901000,-13.435000,29.80
296827416,0.302000,0.984000,0.103000,-23.511000,4.916000,-15.084000,29.75
296841003,0.290000,0.965000,0.142000,-23.847000,0.885000,-16.244000,29.80
296846935,0.344000,0.943000,0.176000,-26.122000,-3.679000,-17.679000,29.71
296853695,0.367000,0.934000,0.184000,-26.565000,-2.504000,-19.298000,29.85
296870692,0.359000,0.954000,0.157000,-27.221000,-0.977000,-20.870000,29.80
296882387,0.331000,0.973000,0.105000,-28.427000,-2.550000,-21.557000,29.75
296891895,0.392000,1.003000,0.126000,-32.672000,-4.321000,-23.481000,29.85
296897403,0.320000,0.902000,0.054000,-29.328000,7.893000,-24.305000,29.89
296909059,0.188000,0.964000,0.068000,-29.282000,-1.359000,-25.618000,29.85
296918842,0.221000,0.932000,0.087000,-28.824000,-4.458000,-29.221000,29.89
296926090,0.232000,0.988000,0.144000,-29.985000,-9.740000,-29.664000,29.85
296937715,0.258000,0.937000,0.112000,-31.069000,-11.176000,-29.588000,29.80
296948126,0.220000,0.892000,0.131000,-29.069000,-10.107000,-29.511000,29.80
296954758,0.269000,0.928000,0.143000,-27.359000,-12.000000,-30.748000,29.85
296966634,0.267000,0.918000,0.098000,-25.237000,-14.275000,-31.435000,29.80
296981616,0.305000,0.934000,0.153000,-24.885000,-14.794000,-32.916000,29.75
296989936,0.326000,0.964000,0.166000,-24.458000,-16.229000,-33.511000,29.75
296996417,0.297000,0.978000,0.128000,-24.519000,-17.466000,-33.634000,29.80
297007474,0.310000,0.997000,0.140000,-26.244000,-19.496000,-33.588000,29.85
297019262,0.281000,0.993000,0.168000,-26.580000,-21.405000,-34.824000,29.80
297024783,0.217000,1.037000,0.189000,-28.626000,-30.931000,-34.382000,29.85
297036959,0.239000,1.007000,0.184000,-31.282000,-38.260000,-35.710000,29.71
297046489,0.310000,0.965000,0.208000,-32.947000,-42.061000,-36.153000,29.80
297055069,0.322000,0.930000,0.202000,-31.603000,-44.870000,-33.435000,29.75
297067114,0.376000,0.979000,0.190000,-32.183000,-36.198000,-35.191000,29.80
297073924,0.285000,0.968000,0.158000,-30.855000,-34.183000,-33.435000,29.85
297087784,0.274000,0.972000,0.180000,-31.908000,-34.489000,-33.832000,29.75
297098183,0.223000,0.981000,0.167000,-31.038000,-36.504000,-32.260000,29.85
297115251,0.304000,0.964000,0.196000,-32.748000,-41.573000,-31.664000,29.85
297125222,0.410000,0.901000,0.277000,-32.519000,-37.924000,-27.847000,29.80
297127256,0.417000,0.913000,0.273000,-30.611000,-32.275000,-25.252000,29.85
297137493,0.383000,0.901000,0.193000,-28.489000,-31.038000,-23.527000,29.89
297146390,0.603000,0.792000,0.204000,-28.733000,-26.260000,-18.870000,29.85
297157901,0.691000,0.863000,0.451000,-23.878000,2.244000,-23.145000,29.75
297167506,-0.224000,1.348000,0.211000,-30.992000,-24.336000,-13.389000,29.89
297174449,0.365000,0.708000,0.292000,-33.740000,-38.962000,-12.855000,29.75
297533694,0.428000,0.784000,0.209000,-25.908000,-25.115000,-9.740000,29.85
297539183,0.285000,0.986000,0.182000,-28.229000,-28.275000,-7.206000,29.85
297561229,0.313000,0.961000,0.219000,-27.099000,-24.412000,-8.061000,29.75
297573086,0.271000,0.992000,0.176000,-26.244000,-28.366000,-7.588000,29.80
297582651,0.365000,0.940000,0.201000,-25.924000,-32.183000,-7.450000,29.85
297595888,0.514000,0.917000,0.271000,-23.298000,-21.985000,-8.550000,29.80
297604934,0.352000,0.998000,0.264000,-21.481000,-18.366000,-7.985000,29.85
297613220,0.392000,0.919000,0.277000,-21.985000,-15.221000,-6.290000,29.75
297618298,0.228000,0.929000,0.316000,-21.908000,-19.588000,-4.122000,29.80
297621278,0.196000,0.975000,0.301000,-21.481000,-28.275000,-3.313000,29.85
297623357,0.244000,0.998000,0.319000,-22.626000,-32.214000,-3.115000,29.94
297660905,0.327000,1.033000,0.296000,-23.221000,-25.985000,-1.069000,29.85
297673768,0.318000,1.012000,0.236000,-22.885000,-17.328000,2.473000,29.75
297676606,0.274000,1.021000,0.172000,-23.328000,-14.458000,4.504000,29.80
297682768,0.242000,0.944000,0.115000,-25.450000,-21.359000,8.153000,29.94
297688978,0.243000,0.902000,0.177000,-24.641000,-22.504000,7.282000,29.71
297697182,0.232000,0.924000,0.185000,-23.924000,-18.519000,5.985000,29.85
297713402,0.224000,0.869000,0.200000,-22.366000,-13.496000,5.405000,29.75
297721334,0.221000,0.869000,0.182000,-19.847000,-9.603000,5.679000,29.89
297726040,0.304000,0.964000,0.254000,-19.038000,-5.435000,3.908000,29.85
297757965,0.280000,0.843000,0.144000,-15.939000,5.603000,2.137000,29.89
297760697,0.273000,0.919000,0.260000,-10.702000,12.366000,-3.344000,29.75
297762825,0.320000,1.036000,0.317000,-10.473000,17.664000,-9.740000,29.89
297764971,0.236000,1.153000,0.529000,-14.611000,17.237000,-12.305000,29.89
297767609,0.271000,1.196000,0.604000,-21.069000,6.183000,-8.779000,29.94
297769769,0.319000,1.020000,0.288000,-26.595000,-13.145000,2.855000,29.89
297772987,0.588000,0.971000,0.502000,-36.962000,-5.252000,2.031000,29.75
297775258,0.562000,0.950000,0.331000,-30.534000,15.466000,-0.336000,29.80
297817707,0.430000,0.779000,0.320000,-26.626000,28.397000,-4.229000,29.80
297829325,0.312000,0.731000,0.282000,-23.786000,27.191000,-5.511000,29.85
297836888,0.324000,0.887000,0.450000,-24.885000,29.053000,-3.588000,29.80
297842044,0.222000,1.077000,0.635000,-31.847000,26.382000,-4.489000,29.85
297851653,0.187000,1.107000,0.756000,-44.290000,19.969000,-3.573000,29.80
297864275,0.061000,1.367000,0.947000,-61.191000,13.206000,-1.466000,29.89
297873423,0.040000,1.344000,0.885000,-79.466000,-6.076000,-0.763000,29.85
297875952,0.021000,1.283000,0.723000,-95.878000,-25.237000,-0.458000,29.89
297881296,0.507000,0.233000,-0.235000,-69.756000,-11.053000,5.053000,29.85
297895655,0.534000,-0.061000,-0.242000,-35.053000,38.534000,0.412000,29.80
297905062,-0.026000,0.872000,-0.032000,-34.382000,11.160000,0.626000,29.80
297909600,0.352000,0.395000,-0.191000,-23.588000,-8.595000,5.985000,29.75
297911568,0.500000,0.183000,-0.237000,0.397000,18.137000,6.107000,29.80
297914833,0.290000,0.350000,-0.107000,13.405000,23.939000,11.542000,29.85
297916694,0.259000,0.478000,0.189000,18.809000,22.519000,18.351000,29.80
297918575,0.031000,0.806000,0.435000,12.275000,12.000000,22.107000,29.94
297920451,-0.031000,0.871000,0.564000,2.107000,-2.061000,22.687000,29.85
297952238,-0.011000,0.856000,0.736000,-6.626000,-3.817000,18.321000,29.80
297958450,-0.070000,0.984000,0.794000,-17.634000,-6.397000,12.992000,29.85
297965186,0.070000,0.942000,0.771000,-27.969000,-5.191000,9.740000,29.89
297967770,0.215000,0.901000,0.748000,-33.206000,2.595000,5.969000,29.80
297976313,0.344000,0.942000,0.636000,-34.809000,11.939000,4.672000,29.94
297989090,0.390000,0.931000,0.553000,-34.885000,21.374000,3.115000,29.71
297999502,0.433000,0.989000,0.547000,-36.718000,21.863000,1.099000,29.75
298001835,0.490000,0.960000,0.491000,-36.519000,21.450000,0.397000,29.80
298007274,0.510000,0.976000,0.507000,-36.992000,21.206000,-1.527000,29.71
298015018,0.458000,1.014000,0.491000,-36.901000,18.519000,-3.847000,29.75
298027426,0.442000,1.056000,0.494000,-38.336000,16.092000,-8.137000,29.80
298035560,0.398000,1.055000,0.492000,-40.000000,14.366000,-13.374000,29.85
298038894,0.414000,0.973000,0.463000,-39.893000,14.824000,-16.366000,29.89
298041903,0.388000,0.918000,0.465000,-38.656000,17.679000,-19.527000,29.80
298044548,0.336000,0.928000,0.485000,-38.519000,18.122000,-20.870000,29.85
298049134,0.305000,0.976000,0.560000,-40.107000,17.405000,-22.122000,29.80
298052267,0.257000,1.081000,0.635000,-45.084000,15.969000,-24.122000,29.75
298091264,0.218000,1.293000,0.823000,-57.099000,13.954000,-27.252000,29.80
298103962,0.232000,1.483000,0.962000,-73.527000,15.160000,-30.397000,29.85
298105895,0.322000,1.465000,1.038000,-87.160000,24.092000,-33.160000,29.94
298107978,0.432000,1.380000,0.927000,-96.641000,39.954000,-35.450000,29.80
298110545,0.531000,1.019000,0.756000,-98.763000,58.260000,-34.809000,29.85
298118018,0.588000,0.788000,0.615000,-92.687000,84.565000,-40.061000,29.80
298127003,0.576000,0.640000,0.400000,-77.618000,122.183000,-46.321000,29.85
298140296,0.479000,0.505000,0.242000,-60.672000,158.885000,-47.634000,29.85
298147004,0.267000,0.452000,0.143000,-45.786000,175.756000,-43.359000,29.89
298150237,0.049000,0.421000,0.117000,-31.527000,166.855000,-39.282000,29.75
298156211,-0.057000,0.386000,0.088000,-20.229000,147.298000,-34.412000,29.89
298160434,-0.185000,0.419000,0.121000,-15.237000,112.000000,-23.679000,29.85
298169934,-0.219000,0.390000,0.163000,-12.779000,59.679000,-14.046000,29.94
298180649,-0.152000,0.378000,0.225000,-10.092000,13.359000,-1.710000,29.71
298187992,-0.030000,0.407000,0.283000,-7.634000,-21.634000,8.947000,29.85
298192616,0.102000,0.419000,0.324000,-4.427000,-43.924000,17.954000,29.80
298194655,0.185000,0.419000,0.369000,0.031000,-55.832000,25.863000,29.80
298197850,0.241000,0.444000,0.390000,5.695000,-61.954000,33.771000,29.75
298200205,0.294000,0.443000,0.391000,12.137000,-62.321000,41.221000,29.89
298202170,0.357000,0.456000,0.407000,19.450000,-56.015000,46.656000,29.75
298227524,0.385000,0.484000,0.433000,26.107000,-44.214000,50.244000,29.89
298240516,0.371000,0.536000,0.452000,31.634000,-31.176000,52.427000,29.80
298247200,0.332000,0.585000,0.486000,37.145000,-19.237000,52.687000,29.85
298249652,0.276000,0.635000,0.520000,41.832000,-10.565000,52.031000,29.80
298254755,0.220000,0.689000,0.536000,45.695000,-7.298000,50.763000,29.75
298258768,0.187000,0.726000,0.565000,47.267000,-8.580000,50.305000,29.80
298272266,0.158000,0.773000,0.599000,47.267000,-12.977000,47.908000,29.89
298279978,0.112000,0.812000,0.636000,44.489000,-20.656000,46.336000,29.85
298283425,0.101000,0.827000,0.677000,41.389000,-31.099000,44.947000,29.80
298286575,0.127000,0.817000,0.702000,39.313000,-39.618000,42.137000,29.75
298292942,0.165000,0.813000,0.719000,37.511000,-44.061000,39.267000,29.80
298299080,0.190000,0.815000,0.721000,35.084000,-45.298000,36.229000,29.80
298307371,0.224000,0.813000,0.728000,32.947000,-44.275000,33.344000,29.75
298321886,0.249000,0.791000,0.711000,31.969000,-40.031000,30.000000,29.80
298326081,0.265000,0.783000,0.696000,31.023000,-33.588000,27.664000,29.85
298329308,0.272000,0.786000,0.705000,30.168000,-26.031000,25.863000,29.75
298332271,0.266000,0.801000,0.702000,28.962000,-18.198000,23.405000,29.80
298334049,0.263000,0.797000,0.682000,27.893000,-10.855000,21.191000,29.85
298358842,0.251000,0.789000,0.657000,26.550000,-3.832000,19.252000,29.75
298370758,0.210000,0.772000,0.630000,25.282000,0.382000,16.840000,29.85
298376397,0.199000,0.758000,0.600000,23.802000,2.412000,15.313000,29.85
298384123,0.162000,0.741000,0.574000,22.733000,2.076000,12.855000,29.80
298387407,0.127000,0.742000,0.563000,21.771000,-1.450000,10.229000,29.85
298393460,0.123000,0.747000,0.541000,20.702000,-6.687000,9.267000,29.80
298399901,0.128000,0.743000,0.540000,20.809000,-11.740000,7.191000,29.85
298413386,0.146000,0.747000,0.517000,20.992000,-16.382000,5.756000,29.85
298418653,0.168000,0.756000,0.515000,21.664000,-19.069000,3.985000,29.80
298421190,0.177000,0.756000,0.499000,23.069000,-20.214000,2.000000,29.85
298423645,0.192000,0.760000,0.487000,24.153000,-20.046000,0.916000,29.85
298428269,0.195000,0.774000,0.477000,25.740000,-19.038000,-0.015000,29.75
298432029,0.194000,0.776000,0.473000,26.702000,-19.786000,-0.931000,29.85
298444725,0.192000,0.776000,0.457000,27.634000,-20.412000,-1.832000,29.89
298449996,0.211000,0.771000,0.433000,29.069000,-20.641000,-2.305000,29.75
298458771,0.212000,0.774000,0.419000,30.779000,-19.344000,-2.733000,29.89
298461007,0.219000,0.774000,0.410000,31.832000,-18.366000,-3.695000,29.85
298463515,0.198000,0.783000,0.404000,32.519000,-18.504000,-3.786000,29.80
298465012,0.180000,0.805000,0.382000,32.489000,-21.023000,-4.351000,29.71
298489660,0.168000,0.822000,0.382000,32.718000,-24.626000,-5.496000,29.85
298502722,0.165000,0.833000,0.364000,32.000000,-29.038000,-6.443000,29.80
298508783,0.165000,0.840000,0.358000,30.901000,-34.229000,-6.641000,29.85
298514794,0.174000,0.834000,0.345000,29.817000,-39.466000,-7.221000,29.80
298528776,0.184000,0.846000,0.346000,28.183000,-44.794000,-6.580000,29.80
298538144,0.200000,0.861000,0.326000,27.466000,-50.336000,-5.420000,29.94
298540353,0.220000,0.881000,0.317000,25.649000,-55.634000,-4.290000,29.80
298544068,0.249000,0.899000,0.306000,24.031000,-59.252000,-2.656000,29.85
298551971,0.264000,0.894000,0.294000,23.328000,-59.771000,-1.756000,29.89
298565115,0.286000,0.891000,0.282000,22.870000,-57.252000,-1.115000,29.80
298574306,0.291000,0.907000,0.281000,22.809000,-53.405000,-1.069000,29.85
298576276,0.276000,0.930000,0.279000,21.298000,-51.053000,-1.618000,29.89
298578905,0.291000,0.955000,0.288000,19.206000,-50.183000,-2.076000,29.75
298581174,0.316000,0.972000,0.296000,15.542000,-50.412000,-1.710000,29.80
298612987,0.322000,0.983000,0.291000,10.565000,-52.290000,-1.649000,29.80
298623202,0.338000,0.977000,0.277000,6.061000,-52.824000,-1.924000,29.75
298625385,0.359000,0.972000,0.257000,2.565000,-51.298000,-2.565000,29.80
298632027,0.362000,0.975000,0.242000,-0.229000,-48.641000,-3.756000,29.85
298637740,0.356000,0.966000,0.243000,-2.687000,-46.031000,-4.473000,29.80
298646277,0.354000,0.976000,0.244000,-5.115000,-44.427000,-4.305000,29.85
298653492,0.358000,1.008000,0.263000,-8.305000,-43.954000,-4.092000,29.85
298656005,0.355000,1.014000,0.262000,-11.053000,-43.115000,-3.832000,29.80
298662683,0.379000,1.015000,0.271000,-12.977000,-41.038000,-3.053000,29.85
298676249,0.376000,1.019000,0.284000,-15.344000,-38.000000,-3.145000,29.89
298686931,0.402000,1.016000,0.282000,-16.626000,-33.466000,-3.786000,29.85
298690033,0.408000,1.008000,0.282000,-17.405000,-27.099000,-3.389000,29.75
298693065,0.394000,1.009000,0.281000,-18.305000,-22.397000,-2.931000,29.80
298695064,0.379000,1.013000,0.276000,-19.496000,-18.702000,-3.237000,29.85
298696891,0.360000,1.023000,0.285000,-21.206000,-17.450000,-3.695000,29.89
298721620,0.362000,1.012000,0.294000,-23.313000,-18.229000,-4.550000,29.75
298738286,0.379000,0.981000,0.298000,-24.824000,-18.366000,-4.504000,29.85
298740302,0.388000,0.965000,0.308000,-24.962000,-17.008000,-5.038000,29.71
298745531,0.380000,0.942000,0.306000,-24.779000,-14.244000,-5.344000,29.75
298754911,0.378000,0.939000,0.323000,-24.122000,-11.664000,-5.573000,29.89
298765789,0.362000,0.932000,0.334000,-23.084000,-10.733000,-6.000000,29.85
298770974,0.353000,0.923000,0.345000,-22.427000,-11.817000,-5.038000,29.85
298773022,0.344000,0.924000,0.356000,-22.122000,-13.817000,-3.832000,29.80
298779494,0.343000,0.914000,0.363000,-21.374000,-15.985000,-3.466000,29.85
298788113,0.345000,0.907000,0.359000,-20.275000,-17.802000,-2.336000,29.89
298798067,0.344000,0.924000,0.369000,-19.221000,-20.779000,-0.870000,29.85
298807871,0.333000,0.918000,0.367000,-18.626000,-25.191000,-0.260000,29.85
298809433,0.340000,0.896000,0.349000,-16.824000,-28.733000,0.290000,29.80
298812478,0.339000,0.905000,0.375000,-15.817000,-31.725000,0.168000,29.85
298814488,0.332000,0.916000,0.367000,-15.405000,-34.122000,-0.641000,29.89
298838226,0.340000,0.906000,0.366000,-14.901000,-36.595000,-0.840000,29.75
298851690,0.348000,0.895000,0.371000,-13.893000,-38.473000,-0.412000,29.89
298857575,0.344000,0.892000,0.377000,-13.023000,-41.908000,-0.840000,29.89
298860422,0.360000,0.880000,0.377000,-11.924000,-45.450000,-0.565000,29.75
298867788,0.369000,0.895000,0.406000,-12.443000,-48.046000,0.076000,29.80
298883365,0.382000,0.897000,0.407000,-12.901000,-50.779000,0.656000,29.94
298888705,0.382000,0.901000,0.419000,-13.511000,-52.244000,2.366000,29.85
298894489,0.396000,0.884000,0.404000,-13.160000,-53.664000,3.756000,29.89
298904286,0.392000,0.885000,0.389000,-12.794000,-53.939000,5.084000,29.85
298913158,0.403000,0.876000,0.356000,-11.939000,-52.641000,5.618000,29.89
298919098,0.416000,0.860000,0.330000,-10.000000,-48.992000,5.771000,29.75
298925395,0.415000,0.873000,0.327000,-8.656000,-45.038000,4.748000,29.80
298955673,0.406000,0.865000,0.310000,-6.565000,-42.122000,4.092000,29.80
298961672,0.412000,0.851000,0.297000,-4.427000,-38.931000,3.359000,29.85
298968303,0.419000,0.844000,0.276000,-1.618000,-36.656000,3.008000,29.89
298974480,0.393000,0.873000,0.302000,-0.015000,-36.763000,3.344000,29.85
298980504,0.386000,0.891000,0.326000,0.443000,-38.656000,3.679000,29.85
298993108,0.369000,0.902000,0.344000,0.580000,-40.931000,4.198000,29.80
298999346,0.362000,0.903000,0.339000,1.511000,-42.382000,4.076000,29.85
299006693,0.370000,0.912000,0.334000,2.580000,-42.901000,3.817000,29.80
299018466,0.370000,0.919000,0.303000,4.244000,-42.092000,3.389000,29.85
299030090,0.374000,0.915000,0.265000,6.504000,-41.405000,2.198000,29.80
299058185,0.390000,0.926000,0.230000,9.130000,-40.214000,0.855000,29.75
299070216,0.419000,0.929000,0.218000,11.908000,-36.611000,-1.160000,29.85
299076567,0.442000,0.946000,0.202000,14.779000,-29.817000,-2.916000,29.80
299082349,0.458000,0.953000,0.198000,16.076000,-21.023000,-4.702000,29.85
299085070,0.445000,0.969000,0.210000,17.130000,-10.824000,-6.947000,29.85
299092143,0.411000,0.994000,0.219000,17.420000,-3.588000,-9.725000,29.75
299102723,0.403000,1.021000,0.228000,17.099000,0.305000,-12.214000,29.94
299108886,0.400000,1.057000,0.250000,15.496000,2.229000,-14.153000,29.80
299116045,0.387000,1.074000,0.249000,13.588000,3.588000,-17.160000,29.85
299125556,0.368000,1.067000,0.244000,12.550000,4.901000,-20.885000,29.89
299139693,0.355000,1.072000,0.229000,11.771000,5.695000,-24.351000,29.85
299167341,0.338000,1.098000,0.235000,11.084000,4.489000,-27.435000,29.85
299178860,0.339000,1.115000,0.241000,9.832000,1.847000,-30.366000,29.80
299186855,0.330000,1.136000,0.256000,8.260000,-2.916000,-31.664000,29.85
299192139,0.351000,1.151000,0.283000,6.534000,-8.534000,-31.817000,29.89
299199905,0.377000,1.163000,0.330000,4.962000,-11.908000,-30.687000,29.85
299215035,0.408000,1.164000,0.363000,3.985000,-13.389000,-28.550000,29.71
299217390,0.430000,1.146000,0.356000,4.443000,-11.450000,-26.565000,29.80
299223145,0.457000,1.131000,0.338000,5.481000,-6.702000,-25.145000,29.85
299226209,0.473000,1.122000,0.333000,6.824000,0.962000,-24.092000,29.80
299238345,0.475000,1.108000,0.304000,7.969000,8.748000,-23.786000,29.85
299246725,0.461000,1.094000,0.291000,8.840000,16.092000,-24.015000,29.89
299283771,0.466000,1.077000,0.258000,10.397000,23.420000,-25.084000,29.85
299290774,0.457000,1.062000,0.250000,11.725000,30.779000,-26.550000,29.75
299299073,0.443000,1.048000,0.250000,13.206000,36.565000,-27.389000,29.71
299303500,0.435000,1.039000,0.257000,14.656000,40.931000,-27.740000,29.85
299314808,0.401000,1.061000,0.289000,15.008000,43.038000,-27.542000,29.80
299322916,0.358000,1.061000,0.292000,13.924000,41.817000,-27.038000,29.85
299328458,0.341000,1.052000,0.305000,13.817000,37.634000,-25.359000,29.85
299334060,0.325000,1.071000,0.324000,13.023000,32.947000,-24.290000,29.89
299341507,0.310000,1.064000,0.321000,11.618000,27.679000,-23.573000,29.85
299349940,0.293000,1.068000,0.323000,10.397000,21.130000,-22.519000,29.89
299360312,0.289000,1.056000,0.322000,8.687000,14.260000,-21.802000,29.85
299365038,0.299000,1.059000,0.332000,7.863000,8.260000,-22.000000,29.94
299396524,0.296000,1.079000,0.337000,5.573000,3.130000,-21.939000,29.89
299406874,0.264000,1.106000,0.386000,1.389000,-3.908000,-21.573000,29.75
299408696,0.276000,1.105000,0.386000,-2.107000,-11.511000,-22.122000,29.89
299413210,0.310000,1.100000,0.377000,-4.824000,-15.389000,-23.099000,29.85
299417551,0.355000,1.079000,0.358000,-6.443000,-14.733000,-24.214000,29.80
299430803,0.390000,1.063000,0.357000,-8.198000,-10.534000,-25.160000,29.89
299437994,0.381000,1.046000,0.346000,-10.000000,-4.702000,-26.565000,29.85
299449050,0.393000,1.032000,0.345000,-11.557000,1.527000,-27.969000,29.80
299459068,0.395000,1.004000,0.334000,-12.321000,9.832000,-29.298000,29.94
299470156,0.367000,1.018000,0.349000,-14.076000,17.863000,-30.244000,29.85
299474664,0.340000,1.016000,0.349000,-16.000000,23.374000,-31.130000,29.85
299509698,0.323000,1.009000,0.352000,-17.298000,27.603000,-31.221000,29.85
299520584,0.314000,1.013000,0.352000,-19.603000,31.023000,-31.191000,29.80
299523176,0.286000,1.025000,0.366000,-22.718000,31.679000,-31.023000,29.85
299533376,0.262000,1.036000,0.379000,-27.053000,30.382000,-31.450000,29.80
299549809,0.246000,1.036000,0.392000,-30.992000,28.290000,-30.733000,29.85
299555077,0.226000,1.064000,0.421000,-36.214000,25.282000,-31.511000,29.85
299557226,0.220000,1.091000,0.434000,-41.740000,21.191000,-32.550000,29.89
299562407,0.234000,1.104000,0.451000,-48.183000,19.420000,-33.771000,29.85
299569303,0.237000,1.111000,0.452000,-54.092000,18.672000,-35.237000,29.89
299577422,0.244000,1.128000,0.495000,-61.099000,17.542000,-36.183000,29.85
299591826,0.255000,1.150000,0.510000,-68.779000,15.786000,-37.191000,29.80
299595038,0.258000,1.162000,0.534000,-77.374000,14.519000,-36.824000,29.89
299629457,0.278000,1.160000,0.552000,-85.511000,14.519000,-37.221000,29.94
299639779,0.292000,1.135000,0.572000,-93.099000,18.031000,-37.786000,29.89
299641970,0.301000,1.130000,0.571000,-100.855000,24.000000,-37.206000,29.85
299647167,0.301000,1.118000,0.584000,-107.969000,30.321000,-37.756000,29.89
299655176,0.268000,1.098000,0.590000,-115.160000,34.458000,-39.405000,29.80
299666428,0.240000,1.069000,0.598000,-123.115000,37.557000,-40.473000,29.75
299672629,0.249000,1.041000,0.602000,-130.550000,40.107000,-41.542000,29.89
299675727,0.242000,1.003000,0.595000,-136.702000,41.695000,-43.557000,29.94
299688481,0.239000,0.979000,0.571000,-142.855000,43.802000,-45.389000,29.80
299695224,0.253000,0.951000,0.585000,-150.672000,45.328000,-46.229000,29.85
299707355,0.228000,0.954000,0.625000,-158.137000,44.565000,-45.542000,29.85
299734690,0.238000,0.948000,0.642000,-167.145000,39.985000,-44.580000,29.80
299744328,0.254000,0.901000,0.632000,-174.656000,38.137000,-43.435000,29.85
299751703,0.280000,0.867000,0.646000,-180.947000,40.855000,-42.214000,29.71
299756199,0.268000,0.814000,0.655000,-185.603000,44.641000,-41.557000,29.94
299761217,0.278000,0.751000,0.629000,-189.099000,47.481000,-40.153000,29.85
299773540,0.259000,0.741000,0.680000,-192.260000,53.115000,-36.870000,29.89
299783053,0.230000,0.738000,0.692000,-195.466000,54.397000,-36.458000,29.85
299786812,0.221000,0.699000,0.694000,-197.344000,54.229000,-35.038000,29.80
299799800,0.218000,0.655000,0.670000,-199.023000,53.954000,-33.695000,29.85
299807463,0.152000,0.662000,0.696000,-202.351000,50.992000,-31.298000,29.85
299818882,0.113000,0.607000,0.684000,-205.969000,41.847000,-29.924000,29.99
