t_us,ax_g,ay_g,az_g,gx_dps,gy_dps,gz_dps,temp_c
2164196311,-0.737,-0.472,0.216,-7.344,15.542,-11.038,34.27
2164206603,-0.765,-0.348,0.133,-6.672,20.748,-12.55,34.37
2164213412,-0.8,-0.344,0.11,-11.053,17.649,-9.023,34.27
2164229632,-0.792,-0.387,0.09,-14.229,13.634,-6.763,34.32
2164239077,-0.771,-0.396,0.058,-19.008,13.45,-6.962,34.27
2164247560,-0.735,-0.459,0.144,-15.939,11.359,-5.267,34.22
2164257741,-0.754,-0.467,0.146,-14.427,12.366,-0.855,34.27
2164266196,-0.778,-0.427,0.077,-13.221,13.45,1.695,34.32
2164276666,-0.759,-0.431,0.091,-12.885,12.458,4.977,34.27
2164284673,-0.7,-0.404,0.133,-11.557,15.695,6.092,34.27
2164296246,-0.809,-0.364,0.093,-12.962,9.893,6.214,34.32
2164307519,-0.728,-0.387,0.113,-14.901,8.809,8.26,34.27
2164313572,-0.756,-0.38,0.114,-14.809,8.748,6.504,34.22
2164326574,-0.735,-0.394,0.104,-14.687,7.344,6.244,34.27
2164339441,-0.736,-0.409,0.11,-14.244,8.275,5.893,34.22
2164348764,-0.725,-0.435,0.125,-11.954,9.099,6.244,34.37
2164356017,-0.734,-0.448,0.105,-8.931,9.832,7.008,34.32
2164367734,-0.76,-0.431,0.067,-7.786,9.466,8.015,34.27
2164379043,-0.758,-0.417,0.086,-8.122,7.374,8.336,34.32
2164385289,-0.745,-0.406,0.111,-8.901,7.374,7.847,34.41
2164397687,-0.741,-0.406,0.102,-8.916,9.527,6.458,34.27
2164407782,-0.744,-0.395,0.1,-9.191,12.092,5.145,34.22
2164415340,-0.768,-0.4,0.087,-9.588,14.504,5.206,34.27
2164422233,-0.752,-0.397,0.083,-10.504,17.023,4.55,34.32
2164436175,-0.756,-0.414,0.101,-10.015,19.893,3.939,34.27
2164448294,-0.757,-0.427,0.075,-8.718,22.916,3.374,34.32
2164454515,-0.779,-0.433,0.072,-6.366,24.183,3.389,34.27
2164466517,-0.759,-0.427,0.07,-5.435,24.748,3.618,34.32
2164478639,-0.765,-0.438,0.066,-2.901,25.649,3.252,34.27
2164485174,-0.764,-0.423,0.079,-0.916,26.107,2.931,34.27
2164499533,-0.755,-0.405,0.083,0.718,27.313,3.145,34.27
2164507875,-0.756,-0.412,0.063,0.855,28.595,2.901,34.27
2164516568,-0.763,-0.402,0.034,2.046,31.557,2.718,34.22
2164523587,-0.786,-0.39,0.045,3.191,33.679,3.74,34.27
2164535770,-0.796,-0.382,0.052,2.122,35.542,5.023,34.22
2164548920,-0.798,-0.404,0.038,2.198,38.397,5.725,34.37
2164555434,-0.8,-0.398,0.018,1.481,40.763,6.458,34.22
2164563023,-0.813,-0.38,0.024,1.664,42.55,7.267,34.27
2164580526,-0.86,-0.368,-0.033,2.26,42.031,4.519,34.32
2164587720,-0.809,-0.394,-0.025,2.84,41.603,2.611,34.22
2164597909,-0.822,-0.386,-0.031,4.977,44.076,3.038,34.18
2164607502,-0.772,-0.399,-0.034,6.763,48.26,3.664,34.32
2164617432,-0.824,-0.372,-0.069,6.214,51.16,4.153,34.18
2164625084,-0.828,-0.368,-0.03,5.084,51.405,5.481,34.32
2164630839,-0.838,-0.374,-0.048,4.672,55.053,5.435,34.37
2164649859,-0.858,-0.367,-0.073,4.519,56.412,7.221,34.32
2164659192,-0.828,-0.398,-0.069,5.45,59.023,5.191,34.27
2164665262,-0.857,-0.381,-0.081,7.13,61.008,6.733,34.32
2164679498,-0.848,-0.381,-0.099,7.832,63.511,9.389,34.37
2164686573,-0.879,-0.382,-0.095,8.611,59.435,9.603,34.18
2164697606,-0.804,-0.386,-0.104,8.779,65.344,12.718,34.22
2164706876,-0.895,-0.378,-0.153,10.84,67.099,10.504,34.27
2164714794,-0.844,-0.38,-0.161,10.763,63.649,15.115,34.37
2164725492,-0.8,-0.381,-0.113,11.71,67.328,14.275,34.27
2164732419,-0.929,-0.289,-0.206,9.756,64.519,16.229,34.32
2164750490,-0.854,-0.371,-0.183,8.55,63.695,18.656,34.27
2164758355,-0.831,-0.3,-0.187,4.473,67.71,19.908,34.32
2164766071,-0.838,-0.39,-0.189,8.076,64.992,24.55,34.27
2164777895,-0.856,-0.344,-0.193,9.74,65.45,23.511,34.22
2164785769,-0.825,-0.359,-0.204,7.954,66.763,25.771,34.27
2164797116,-0.767,-0.223,-0.165,-6.305,66.473,22.947,34.18
2164808548,-0.824,-0.307,-0.225,-0.229,72.626,27.374,34.22
2164814237,-0.854,-0.348,-0.294,4.092,67.634,24.076,34.18
2164825583,-0.841,-0.322,-0.236,-0.794,73.756,27.069,34.22
2164832530,-0.832,-0.284,-0.203,-10.702,70.84,28.595,34.27
2164848598,-0.853,-0.371,-0.24,-12.168,67.725,30.748,34.22
2164858051,-0.849,-0.333,-0.247,-13.298,68.443,34.809,34.27
2164864943,-0.816,-0.292,-0.284,-17.847,66.58,37.527,34.22
2164880484,-0.78,-0.304,-0.269,-14.534,68.504,41.344,34.32
2164887006,-0.795,-0.324,-0.319,-5.969,73.511,33.618,34.27
2164897636,-0.84,-0.265,-0.309,-10.275,69.802,36.595,34.22
2164906798,-0.842,-0.262,-0.329,-12.626,69.267,38.992,34.27
2164917379,-0.882,-0.223,-0.324,-17.405,65.206,37.191,34.32
2164924329,-0.862,-0.258,-0.326,-20.244,58.794,37.053,34.27
2164936314,-0.815,-0.25,-0.351,-22.504,55.16,37.389,34.22
2164950105,-0.856,-0.228,-0.375,-23.603,54.321,38.824,34.27
2164957293,-0.834,-0.26,-0.396,-26.0,52.107,40.092,34.32
2164967932,-0.784,-0.251,-0.391,-28.855,49.45,39.924,34.27
2164979916,-0.784,-0.195,-0.365,-28.305,51.603,39.939,34.27
2164986011,-0.808,-0.189,-0.398,-30.947,52.305,39.221,34.41
2164997253,-0.834,-0.222,-0.414,-33.084,51.344,40.076,34.37
2165005951,-0.825,-0.213,-0.411,-34.305,50.901,41.817,34.32
2165016755,-0.82,-0.259,-0.421,-33.16,52.519,45.786,34.37
2165023281,-0.798,-0.231,-0.417,-33.817,52.84,46.076,34.13
2165035239,-0.776,-0.212,-0.387,-31.267,52.443,46.885,34.27
2165047306,-0.728,-0.166,-0.423,-30.58,53.771,45.74,34.22
2165060091,-0.779,-0.17,-0.481,-31.16,54.061,44.947,34.18
2165067118,-0.773,-0.17,-0.478,-30.443,54.366,43.618,34.27
2165074928,-0.79,-0.186,-0.517,-30.366,58.58,46.29,34.18
2165087258,-0.82,-0.194,-0.52,-28.87,59.344,45.817,34.27
2165096608,-0.827,-0.188,-0.515,-28.122,59.023,47.603,34.22
2165104709,-0.788,-0.148,-0.529,-28.351,58.992,50.046,34.27
2165119245,-0.794,-0.14,-0.542,-28.412,61.008,49.084,34.22
2165127002,-0.76,-0.119,-0.507,-29.221,61.481,47.389,34.27
2165133918,-0.749,-0.093,-0.536,-30.015,61.573,46.061,34.22
2165147110,-0.756,-0.108,-0.591,-29.863,61.817,45.511,34.18
2165156893,-0.771,-0.095,-0.556,-29.893,61.282,44.58,34.22
2165167174,-0.767,-0.123,-0.602,-30.534,61.756,45.634,34.32
2165177752,-0.765,-0.116,-0.577,-29.252,62.412,47.649,34.27
2165189079,-0.742,-0.099,-0.544,-27.42,62.931,48.504,34.32
2165197668,-0.717,-0.081,-0.587,-27.802,64.137,49.802,34.27
2165207205,-0.71,-0.06,-0.567,-26.763,64.412,49.771,34.32
2165217890,-0.711,-0.042,-0.592,-27.023,65.695,48.55,34.37
2165227971,-0.705,-0.023,-0.592,-27.924,65.985,47.954,34.32
2165233040,-0.726,-0.006,-0.597,-29.16,65.664,47.466,34.37
2165244281,-0.698,-0.055,-0.61,-28.29,66.336,46.412,34.22
2165257362,-0.732,-0.034,-0.628,-26.947,66.794,48.595,34.37
2165266794,-0.694,-0.036,-0.629,-25.053,65.191,47.893,34.18
2165275941,-0.692,0.005,-0.653,-25.679,64.916,48.763,34.13
2165283181,-0.689,0.017,-0.648,-26.443,64.061,49.695,34.27
2165297960,-0.657,0.043,-0.624,-26.931,63.298,48.626,34.27
2165306299,-0.673,0.068,-0.673,-29.237,64.58,48.244,34.27
2165316405,-0.665,0.06,-0.643,-31.084,63.435,46.962,34.22
2165326245,-0.652,0.043,-0.679,-30.855,63.634,44.504,34.37
2165337139,-0.664,0.051,-0.702,-31.313,64.397,43.405,34.32
2165344003,-0.632,0.071,-0.627,-29.679,61.069,40.916,34.27
2165355938,-0.668,0.088,-0.713,-32.992,61.863,44.29,34.32
2165369356,-0.646,0.096,-0.69,-34.962,60.519,45.221,34.27
2165376400,-0.637,0.123,-0.711,-37.282,59.634,46.534,34.27
2165386901,-0.614,0.1,-0.744,-38.519,57.664,47.832,34.13
2165399241,-0.564,0.096,-0.678,-35.939,56.931,47.45,34.27
2165406408,-0.555,0.132,-0.731,-34.901,57.527,47.969,34.22
2165415771,-0.557,0.142,-0.768,-33.099,59.435,48.489,34.27
2165429349,-0.57,0.169,-0.733,-33.145,59.603,48.702,34.22
2165439190,-0.561,0.177,-0.724,-35.435,57.969,48.992,34.27
2165443909,-0.546,0.152,-0.802,-37.863,59.969,48.824,34.22
2165455407,-0.556,0.173,-0.752,-35.893,60.153,48.519,34.27
2165468479,-0.541,0.185,-0.817,-36.0,60.412,48.336,34.22
2165477088,-0.532,0.172,-0.81,-36.397,60.244,49.145,34.32
2165486717,-0.489,0.206,-0.767,-34.702,60.412,48.565,34.27
2165494498,-0.468,0.245,-0.808,-36.809,61.802,47.603,34.22
2165506811,-0.458,0.24,-0.803,-36.702,64.107,45.237,34.37
2165517132,-0.485,0.276,-0.805,-37.115,65.313,42.641,34.32
2165528949,-0.46,0.275,-0.817,-40.183,65.588,41.771,34.27
2165537364,-0.456,0.258,-0.814,-40.412,65.313,42.076,34.32
2165548357,-0.438,0.271,-0.821,-38.076,64.198,41.878,34.37
2165554898,-0.412,0.266,-0.836,-37.374,65.115,41.206,34.22
2165568274,-0.418,0.271,-0.839,-33.664,65.511,41.573,34.27
2165576340,-0.398,0.296,-0.837,-30.55,65.359,40.962,34.27
2165589059,-0.396,0.335,-0.832,-31.069,63.878,42.595,34.27
2165594717,-0.382,0.342,-0.863,-33.832,64.214,43.344,34.27
2165605488,-0.354,0.331,-0.828,-33.557,64.901,42.748,34.32
2165616735,-0.327,0.342,-0.882,-32.198,69.13,40.183,34.18
2165624568,-0.368,0.354,-0.844,-31.405,71.893,38.962,34.32
2165635953,-0.365,0.33,-0.892,-29.954,70.794,38.412,34.27
2165647313,-0.325,0.358,-0.87,-29.771,69.664,38.702,34.22
2165656117,-0.331,0.372,-0.917,-28.748,70.87,41.038,34.37
2165666397,-0.307,0.368,-0.903,-29.267,72.122,42.702,34.32
2165673774,-0.287,0.393,-0.868,-29.099,73.099,43.954,34.18
2165686947,-0.277,0.426,-0.899,-28.473,77.527,43.679,34.27
2165697792,-0.262,0.407,-0.91,-29.725,80.046,42.153,34.22
2165705592,-0.284,0.413,-0.958,-29.725,81.863,42.015,34.27
2165718245,-0.287,0.424,-0.898,-31.267,82.168,42.458,34.32
2165728470,-0.242,0.442,-0.895,-33.008,82.168,42.779,34.37
2165736107,-0.258,0.433,-0.929,-33.374,81.481,45.847,34.32
2165747355,-0.239,0.431,-0.927,-32.901,81.573,47.344,34.27
2165757661,-0.228,0.446,-0.91,-33.481,83.405,48.473,34.32
2165765805,-0.221,0.442,-0.946,-33.573,84.153,50.733,34.27
2165772678,-0.239,0.444,-0.917,-35.16,85.298,51.756,34.32
2165786978,-0.229,0.45,-0.911,-36.977,83.954,53.237,34.32
2165797177,-0.163,0.458,-0.885,-37.527,82.534,53.802,34.27
2165805765,-0.134,0.486,-0.895,-39.053,83.13,54.962,34.37
2165820958,-0.102,0.472,-0.928,-40.55,84.244,54.916,34.37
2165830739,-0.053,0.486,-0.917,-41.374,86.947,55.206,34.32
2165836908,-0.072,0.483,-0.944,-42.366,91.267,56.595,34.18
2165847964,-0.104,0.486,-0.921,-44.977,90.611,57.618,34.32
2165855697,-0.042,0.48,-0.909,-45.893,88.198,57.634,34.37
2165866190,-0.008,0.512,-0.915,-47.252,88.244,58.519,34.41
2165872290,-0.0,0.505,-0.914,-49.237,86.87,60.26,34.37
2165889731,0.03,0.515,-0.897,-51.313,83.771,61.16,34.27
2165900496,0.029,0.518,-0.904,-56.595,86.26,64.977,34.22
2165906045,0.061,0.505,-0.87,-57.252,85.908,65.069,34.37
2165916397,0.096,0.496,-0.858,-56.718,88.824,64.153,34.32
2165928509,0.095,0.532,-0.822,-56.702,89.863,64.061,34.37
2165937667,0.12,0.524,-0.838,-57.649,85.16,64.718,34.32
2165946902,0.155,0.504,-0.814,-57.939,81.282,65.344,34.27
2165957006,0.198,0.514,-0.756,-54.351,79.664,64.198,34.32
2165965757,0.189,0.549,-0.821,-55.74,82.412,64.458,34.27
2165972656,0.191,0.547,-0.775,-58.351,79.847,64.458,34.37
2165984553,0.216,0.547,-0.802,-61.053,78.031,64.244,34.13
2165997585,0.243,0.537,-0.768,-62.214,77.878,63.115,34.37
2166007346,0.262,0.52,-0.762,-60.84,76.656,61.008,34.32
2166019101,0.285,0.526,-0.763,-56.977,79.557,56.87,34.27
2166031521,0.24,0.587,-0.764,-56.977,75.16,55.176,34.32
2166036412,0.253,0.583,-0.713,-61.038,69.634,57.573,34.27
2166047245,0.315,0.587,-0.735,-65.038,65.374,60.244,34.32
2166055386,0.353,0.558,-0.731,-65.237,63.176,62.534,34.27
2166067018,0.441,0.538,-0.696,-59.679,62.382,62.015,34.22
2166072919,0.474,0.555,-0.7,-52.947,69.496,60.382,34.32
2166086112,0.464,0.569,-0.669,-45.908,72.046,60.504,34.27
2166098462,0.436,0.638,-0.684,-47.084,73.847,60.824,34.27
2166108261,0.409,0.675,-0.684,-50.427,70.336,61.878,34.27
2166119402,0.423,0.659,-0.676,-55.725,66.992,60.84,34.22
2166130893,0.493,0.623,-0.684,-59.908,66.305,60.061,34.37
2166137032,0.559,0.596,-0.667,-54.763,69.695,54.962,34.32
2166144408,0.594,0.565,-0.678,-46.473,74.687,52.687,34.27
2166156320,0.587,0.609,-0.674,-39.252,79.832,50.214,34.32
2166167368,0.582,0.622,-0.663,-34.061,79.817,48.641,34.27
2166173127,0.522,0.678,-0.671,-38.397,77.664,50.901,34.27
2166185881,0.504,0.693,-0.678,-43.954,73.847,53.328,34.32
2166199039,0.546,0.628,-0.575,-46.672,69.13,51.74,34.27
2166207908,0.625,0.611,-0.598,-44.977,71.405,47.71,34.32
2166219180,0.633,0.59,-0.572,-39.405,75.298,42.687,34.27
2166230934,0.675,0.588,-0.545,-35.359,75.176,39.252,34.32
2166236110,0.706,0.577,-0.533,-27.863,78.977,35.939,34.27
2166246983,0.652,0.598,-0.521,-25.237,76.84,34.458,34.22
2166259614,0.542,0.632,-0.528,-26.168,72.076,37.71,34.37
2166266590,0.544,0.645,-0.505,-31.511,62.901,38.183,34.27
2166273704,0.557,0.615,-0.449,-33.481,56.916,35.771,34.22
2166286627,0.685,0.561,-0.407,-31.817,55.13,31.756,34.27
2166300168,0.732,0.562,-0.426,-24.443,60.382,26.321,34.22
2166306473,0.724,0.598,-0.38,-18.992,58.366,22.672,34.27
2166317532,0.714,0.593,-0.375,-15.466,54.504,22.489,34.32
2166342794,0.735,0.615,-0.38,-13.344,48.977,20.382,34.37
2166361257,0.728,0.614,-0.347,-11.573,43.45,18.076,34.32
2166374677,0.79,0.587,-0.337,-8.992,43.267,14.931,34.27
2166379208,0.774,0.59,-0.35,-5.786,42.0,10.779,34.32
2166381131,0.692,0.639,-0.34,-7.45,33.618,10.305,34.41
2166383251,0.686,0.636,-0.36,-12.794,21.282,9.237,34.27
2166386263,0.733,0.631,-0.325,-14.595,12.397,6.061,34.27
2166393391,0.831,0.607,-0.33,-13.664,5.634,2.183,34.27
2166411242,0.876,0.606,-0.305,-8.748,4.366,-2.122,34.32
2166417823,0.879,0.618,-0.318,-3.786,1.145,-4.672,34.37
2166426117,0.85,0.632,-0.317,-0.748,-5.13,-5.893,34.32
2166444536,0.808,0.631,-0.378,-0.779,-12.031,-5.985,34.27
2166449942,0.829,0.604,-0.375,-0.733,-15.206,-8.55,34.32
2166456321,0.78,0.61,-0.385,1.573,-17.74,-12.031,34.37
2166472762,0.805,0.6,-0.361,1.405,-21.267,-16.107,34.22
2166480665,0.773,0.616,-0.369,3.863,-24.183,-19.634,34.22
2166482580,0.764,0.616,-0.377,5.863,-28.779,-22.962,34.27
2166494271,0.768,0.638,-0.388,7.176,-34.855,-25.42,34.32
2166506566,0.784,0.637,-0.43,7.115,-37.008,-27.664,34.18
2166518976,0.787,0.618,-0.461,6.336,-39.359,-26.855,34.32
2166525893,0.775,0.604,-0.43,9.069,-38.534,-28.168,34.27
2166543149,0.762,0.601,-0.424,13.16,-36.565,-31.038,34.32
2166550979,0.73,0.634,-0.457,16.779,-36.031,-33.573,34.18
2166557690,0.687,0.66,-0.475,16.412,-39.527,-33.496,34.32
2166565917,0.69,0.663,-0.514,14.336,-44.046,-32.412,34.22
2166576209,0.646,0.662,-0.504,12.458,-48.229,-29.267,34.27
2166587087,0.673,0.648,-0.49,12.565,-51.298,-27.511,34.32
2166593838,0.665,0.645,-0.549,11.603,-52.641,-26.916,34.27
2166608160,0.704,0.617,-0.51,15.893,-47.008,-28.412,34.22
2166618833,0.659,0.653,-0.516,21.298,-42.641,-31.42,34.27
2166627338,0.583,0.695,-0.554,19.664,-49.389,-29.817,34.22
2166638353,0.638,0.677,-0.584,17.466,-51.237,-25.878,34.27
2166650764,0.62,0.671,-0.577,17.573,-52.519,-23.466,34.32
2166656136,0.627,0.656,-0.583,19.389,-50.58,-24.198,34.32
2166668665,0.595,0.656,-0.574,21.45,-50.702,-26.198,34.18
2166679975,0.574,0.647,-0.603,21.847,-48.305,-28.412,34.18
2166687378,0.533,0.704,-0.585,20.855,-48.076,-30.519,34.27
2166694014,0.515,0.726,-0.599,18.168,-53.908,-30.626,34.22
2166705752,0.537,0.707,-0.619,15.435,-56.473,-30.702,34.27
2166716262,0.57,0.699,-0.605,14.763,-57.939,-33.313,34.22
2166727906,0.583,0.666,-0.583,17.985,-55.206,-35.817,34.37
2166736716,0.557,0.663,-0.625,20.076,-55.389,-37.359,34.22
2166747580,0.52,0.673,-0.616,18.641,-54.137,-36.84,34.18
2166756301,0.463,0.678,-0.609,18.84,-55.603,-36.504,34.27
2166764227,0.455,0.674,-0.594,18.321,-57.237,-38.458,34.32
2166778633,0.454,0.666,-0.607,19.45,-60.092,-38.733,34.27
2166788703,0.442,0.643,-0.62,20.947,-61.435,-38.473,34.32
2166793216,0.423,0.654,-0.611,23.038,-65.267,-37.053,34.27
2166805140,0.427,0.667,-0.618,22.0,-69.206,-36.0,34.32
2166817258,0.447,0.644,-0.603,24.031,-65.664,-37.725,34.37
2166825815,0.429,0.63,-0.627,25.908,-66.26,-41.618,34.22
2166837455,0.422,0.612,-0.629,29.924,-62.58,-45.863,34.37
2166845870,0.329,0.63,-0.632,34.824,-62.0,-47.496,34.27
2166860136,0.29,0.647,-0.637,35.496,-68.214,-47.496,34.32
2166867223,0.32,0.645,-0.649,34.443,-75.603,-45.191,34.37
2166878896,0.354,0.623,-0.656,34.702,-77.496,-46.718,34.32
2166888915,0.305,0.61,-0.673,35.542,-77.45,-46.672,34.27
2166893071,0.355,0.598,-0.617,40.58,-80.321,-52.214,34.32
2166904640,0.348,0.608,-0.62,47.069,-76.153,-55.481,34.27
2166916999,0.232,0.638,-0.669,51.74,-76.55,-54.748,34.32
2166925888,0.203,0.649,-0.619,52.656,-86.733,-54.183,34.18
2166935819,0.211,0.627,-0.709,51.359,-92.885,-52.641,34.22
2166944910,0.21,0.602,-0.745,48.183,-96.198,-50.397,34.22
2166956465,0.275,0.548,-0.726,48.977,-93.099,-52.0,34.27
2166966950,0.225,0.526,-0.668,61.878,-87.588,-56.55,34.27
2166979078,0.114,0.592,-0.733,65.252,-87.695,-56.198,34.27
2166988335,0.119,0.618,-0.703,63.969,-93.237,-55.313,34.41
2166992705,0.104,0.612,-0.727,63.924,-98.382,-54.626,34.18
2167003888,0.092,0.584,-0.757,62.992,-100.931,-55.985,34.32
2167017375,0.18,0.478,-0.922,56.183,-98.626,-56.168,34.37
2167028767,0.147,0.431,-0.79,63.954,-92.336,-61.802,34.22
2167036521,-0.061,0.462,-0.805,68.977,-88.0,-66.244,34.37
2167047043,-0.034,0.482,-0.79,63.542,-90.687,-69.344,34.18
2167057624,-0.017,0.49,-0.776,63.786,-93.313,-73.527,34.22
2167066995,-0.107,0.477,-0.872,61.847,-96.214,-71.282,34.27
2167075253,-0.091,0.405,-0.888,57.649,-102.763,-71.71,34.22
2167086169,-0.03,0.369,-0.847,56.0,-101.664,-72.26,34.27
2167096466,-0.049,0.346,-0.833,62.29,-95.573,-74.29,34.22
2167102707,-0.116,0.362,-0.794,63.496,-94.473,-76.031,34.27
2167119858,-0.128,0.384,-0.798,67.771,-89.71,-79.939,34.22
2167129245,-0.265,0.415,-0.816,67.542,-94.672,-79.557,34.32
2167136697,-0.237,0.426,-0.855,61.267,-101.511,-76.183,34.27
2167148820,-0.261,0.367,-0.822,60.656,-106.794,-72.641,34.22
2167164087,-0.255,0.295,-0.961,55.649,-109.908,-67.756,34.27
2167166455,-0.239,0.234,-0.892,56.702,-110.382,-64.26,34.32
2167176923,-0.276,0.232,-0.834,63.893,-104.275,-64.901,34.27
2167188855,-0.348,0.275,-0.846,68.824,-99.45,-70.229,34.32
2167197138,-0.396,0.345,-0.844,63.893,-98.504,-66.031,34.27
2167206282,-0.502,0.398,-0.899,55.344,-103.954,-62.061,34.32
2167212670,-0.431,0.311,-0.883,47.359,-114.763,-63.359,34.18
2167231367,-0.406,0.223,-0.969,43.664,-114.443,-64.58,34.37
2167240074,-0.439,0.173,-0.844,46.076,-113.023,-63.511,34.32
2167245959,-0.477,0.176,-0.883,47.71,-113.252,-60.962,34.27
2167261884,-0.541,0.194,-0.904,46.824,-112.748,-56.382,34.27
2167269224,-0.577,0.206,-0.836,43.786,-115.466,-53.053,34.18
2167275855,-0.518,0.2,-0.807,40.092,-113.542,-53.695,34.32
2167285925,-0.495,0.204,-0.812,38.076,-109.45,-53.466,34.27
2167298159,-0.48,0.171,-0.82,37.954,-105.252,-55.985,34.32
2167304151,-0.514,0.135,-0.885,40.519,-101.328,-58.336,34.27
2167315932,-0.608,0.132,-0.865,40.809,-101.466,-56.947,34.32
2167327156,-0.643,0.154,-0.798,39.115,-103.405,-55.603,34.37
2167339307,-0.638,0.152,-0.8,35.496,-104.489,-53.053,34.37
2167347054,-0.643,0.127,-0.806,34.626,-100.763,-51.405,34.32
2167356725,-0.662,0.112,-0.773,34.702,-98.153,-51.466,34.37
2167371331,-0.611,0.09,-0.787,35.298,-96.168,-53.328,34.32
2167376791,-0.608,0.104,-0.749,37.786,-92.061,-55.924,34.27
2167385424,-0.667,0.128,-0.793,37.557,-89.893,-55.969,34.22
2167396276,-0.645,0.112,-0.696,35.664,-90.947,-57.939,34.27
2167405008,-0.689,0.097,-0.745,34.458,-86.779,-57.298,34.32
2167414490,-0.714,0.042,-0.769,34.824,-84.763,-55.511,34.18
2167428470,-0.746,0.042,-0.704,36.122,-80.443,-55.298,34.27
2167442175,-0.748,0.028,-0.694,37.389,-79.435,-54.504,34.32
2167447530,-0.734,0.043,-0.689,37.023,-77.267,-54.214,34.27
2167459154,-0.702,0.034,-0.667,35.817,-78.046,-56.687,34.32
2167471733,-0.702,0.074,-0.66,34.763,-76.55,-58.473,34.27
2167476415,-0.729,0.07,-0.669,31.435,-74.962,-58.305,34.32
2167487635,-0.765,-0.001,-0.698,30.702,-71.16,-57.664,34.27
2167500115,-0.786,-0.034,-0.615,30.351,-65.42,-57.374,34.22
2167508374,-0.785,-0.07,-0.635,31.786,-64.565,-55.206,34.37
2167513249,-0.832,-0.055,-0.622,31.023,-64.931,-51.481,34.22
2167524557,-0.783,-0.069,-0.586,32.443,-64.977,-52.366,34.32
2167542152,-0.746,-0.07,-0.564,34.565,-63.527,-54.275,34.27
2167551088,-0.728,-0.056,-0.577,37.725,-60.183,-54.321,34.27
2167556685,-0.797,-0.05,-0.589,37.191,-55.954,-50.824,34.27
2167570234,-0.812,-0.082,-0.545,35.13,-57.344,-47.282,34.32
2167581097,-0.838,-0.083,-0.565,32.855,-57.939,-43.863,34.27
2167587512,-0.847,-0.091,-0.576,31.13,-57.695,-41.756,34.32
2167595535,-0.831,-0.121,-0.539,34.26,-54.29,-43.893,34.37
2167605833,-0.853,-0.101,-0.546,37.252,-49.679,-44.809,34.22
2167616485,-0.82,-0.102,-0.486,38.427,-49.74,-45.603,34.18
2167622446,-0.759,-0.108,-0.472,37.863,-49.664,-45.023,34.22
2167639955,-0.775,-0.056,-0.476,36.885,-49.985,-43.252,34.22
2167652490,-0.786,-0.043,-0.495,31.542,-52.382,-40.809,34.37
2167658535,-0.791,-0.089,-0.442,27.802,-56.931,-39.695,34.32
2167668060,-0.808,-0.133,-0.467,28.382,-57.237,-39.664,34.27
2167676810,-0.815,-0.185,-0.403,31.939,-55.038,-39.42,34.32
2167685806,-0.831,-0.198,-0.442,34.824,-52.534,-38.443,34.37
2167697238,-0.863,-0.2,-0.408,37.405,-50.855,-36.015,34.22
2167709191,-0.875,-0.165,-0.366,36.534,-52.55,-33.267,34.27
2167716692,-0.85,-0.149,-0.42,31.557,-55.328,-32.229,34.22
2167725576,-0.837,-0.153,-0.394,27.618,-55.603,-31.389,34.18
2167732186,-0.844,-0.16,-0.369,24.824,-56.809,-31.542,34.22
2167749583,-0.844,-0.192,-0.394,22.153,-56.473,-31.206,34.22
2167759284,-0.848,-0.245,-0.394,23.206,-53.832,-30.076,34.37
2167764395,-0.87,-0.261,-0.347,27.069,-50.748,-29.893,34.37
2167780038,-0.884,-0.261,-0.342,27.847,-50.351,-26.031,34.37
2167787046,-0.841,-0.252,-0.291,28.244,-53.878,-23.038,34.22
2167797575,-0.81,-0.254,-0.308,29.847,-52.824,-24.214,34.27
2167807009,-0.815,-0.22,-0.326,27.496,-53.695,-24.458,34.32
2167817028,-0.803,-0.237,-0.32,25.954,-53.985,-25.206,34.18
2167823335,-0.83,-0.25,-0.275,24.672,-55.221,-24.29,34.32
2167837061,-0.83,-0.275,-0.271,25.527,-52.504,-25.084,34.27
2167847900,-0.883,-0.303,-0.258,25.221,-50.58,-23.069,34.41
2167859783,-0.898,-0.298,-0.275,22.595,-52.748,-20.962,34.22
2167866475,-0.893,-0.289,-0.266,20.443,-54.443,-27.298,34.27
2167878520,-0.819,-0.313,-0.254,25.771,-55.008,-33.802,34.22
2167887441,-0.825,-0.308,-0.24,24.687,-53.924,-36.305,34.27
2167898576,-0.821,-0.277,-0.19,21.679,-54.611,-33.573,34.32
2167907264,-0.826,-0.265,-0.203,17.542,-53.634,-29.252,34.27
2167918686,-0.812,-0.317,-0.195,16.702,-51.71,-26.198,34.22
2167926525,-0.817,-0.344,-0.163,19.389,-50.031,-23.985,34.37
2167933128,-0.815,-0.376,-0.198,25.389,-46.595,-23.557,34.32
2167946461,-0.807,-0.398,-0.195,30.702,-43.42,-23.634,34.27
2167957492,-0.87,-0.334,-0.186,32.855,-47.557,-22.656,34.32
2167966219,-0.811,-0.321,-0.174,30.779,-46.275,-25.206,34.27
2167980823,-0.833,-0.28,-0.181,26.901,-45.282,-26.947,34.32
2167988924,-0.855,-0.281,-0.172,20.916,-47.282,-27.588,34.27
2167996179,-0.835,-0.357,-0.128,18.473,-45.191,-27.359,34.37
2168008028,-0.855,-0.39,-0.131,18.626,-44.702,-29.924,34.32
2168018080,-0.804,-0.376,-0.142,19.603,-39.405,-22.58,34.27
2168024682,-0.879,-0.408,-0.107,21.74,-40.641,-26.931,34.32
2168036326,-0.814,-0.37,-0.078,22.885,-39.634,-23.634,34.18
2168047819,-0.84,-0.358,-0.067,20.794,-41.969,-24.504,34.32
2168059791,-0.767,-0.332,-0.057,19.695,-40.595,-24.061,34.18
2168067437,-0.775,-0.325,-0.046,17.176,-39.71,-23.374,34.22
2168077219,-0.815,-0.328,-0.078,14.046,-40.58,-22.107,34.27
2168088367,-0.781,-0.339,-0.075,11.359,-38.275,-22.733,34.32
2168097537,-0.813,-0.382,-0.044,12.977,-36.153,-21.389,34.18
2168105454,-0.83,-0.374,-0.06,12.748,-33.053,-19.298,34.27
2168116357,-0.824,-0.385,-0.034,13.969,-29.786,-17.176,34.22
2168125696,-0.829,-0.385,-0.056,14.275,-27.542,-15.786,34.27
2168134094,-0.833,-0.398,-0.064,14.885,-27.771,-14.855,34.27
2168150367,-0.81,-0.395,0.031,12.733,-27.115,-14.122,34.27
2168159407,-0.804,-0.361,0.003,13.939,-29.756,-13.725,34.32
2168169008,-0.811,-0.355,-0.018,10.565,-31.573,-11.405,34.37
2168176671,-0.75,-0.413,0.018,10.84,-27.511,-12.611,34.41
2168192460,-0.764,-0.415,0.037,12.198,-23.924,-12.519,34.37
2168197717,-0.808,-0.393,0.005,11.298,-24.382,-10.321,34.22
2168204819,-0.795,-0.409,0.009,9.557,-24.84,-6.809,34.27
2168217449,-0.788,-0.405,0.052,10.183,-23.695,-7.542,34.22
2168226876,-0.777,-0.395,0.033,11.237,-22.718,-6.977,34.37
2168233491,-0.787,-0.395,0.004,10.473,-22.229,-6.901,34.22
2168245412,-0.828,-0.371,0.015,8.382,-23.908,-5.573,34.32
2168257772,-0.784,-0.369,0.022,6.443,-26.366,-4.076,34.27
2168268394,-0.768,-0.386,0.052,6.504,-25.618,-3.573,34.22
2168276734,-0.777,-0.392,0.042,7.45,-24.092,-4.137,34.37
2168286442,-0.768,-0.401,0.056,7.13,-22.672,-4.305,34.32
2168297455,-0.779,-0.412,0.073,9.71,-22.947,-4.168,34.27
2168303502,-0.794,-0.387,0.073,5.756,-21.756,-5.176,34.22
2168317016,-0.747,-0.42,0.052,3.954,-22.229,-6.458,34.27
2168329150,-0.781,-0.436,0.072,4.443,-21.71,-6.702,34.32
2168333895,-0.762,-0.424,0.089,4.977,-19.939,-6.473,34.27
2168345647,-0.773,-0.421,0.095,3.954,-18.458,-5.817,34.32
2168359545,-0.771,-0.435,0.092,4.55,-17.695,-4.687,34.37
2168373742,-0.719,-0.423,0.138,8.611,-14.412,-8.489,34.37
2168376602,-0.741,-0.399,0.117,9.16,-12.824,-10.031,34.32
2168387251,-0.738,-0.385,0.083,5.908,-13.344,-9.786,34.18
2168398983,-0.755,-0.395,0.093,2.84,-15.817,-5.45,34.32
2168404031,-0.716,-0.445,0.157,4.595,-13.817,-7.863,34.27
2168418800,-0.728,-0.433,0.123,6.015,-10.885,-9.771,34.22
2168431006,-0.764,-0.41,0.098,5.893,-8.702,-8.87,34.27
2168435524,-0.751,-0.415,0.124,4.565,-8.519,-7.634,34.32
2168446168,-0.746,-0.435,0.124,5.985,-5.588,-10.397,34.27
2168453411,-0.751,-0.415,0.115,6.137,-3.74,-10.061,34.22
2168467115,-0.748,-0.436,0.126,6.473,-2.336,-9.893,34.18
2168472149,-0.743,-0.432,0.116,5.634,-0.84,-11.053,34.22
2168488062,-0.735,-0.437,0.13,6.351,0.962,-11.328,34.32
2168499361,-0.729,-0.44,0.135,6.84,1.908,-11.252,34.27
2168503935,-0.758,-0.436,0.122,7.603,3.389,-11.893,34.27
2168515707,-0.772,-0.434,0.123,6.992,2.366,-10.962,34.27
2168527356,-0.768,-0.42,0.118,5.527,1.863,-10.473,34.22
2168535837,-0.762,-0.419,0.139,4.198,1.359,-9.298,34.27
2168547033,-0.749,-0.405,0.137,2.015,2.046,-9.038,34.22
2168554475,-0.728,-0.427,0.141,3.008,3.756,-8.107,34.27
2168567813,-0.731,-0.42,0.146,2.473,5.374,-8.137,34.32
2168578422,-0.741,-0.421,0.149,2.626,6.382,-7.649,34.18
2168588339,-0.761,-0.412,0.132,1.405,5.863,-6.916,34.22
2168601353,-0.756,-0.417,0.13,0.595,4.595,-5.42,34.37
2168606130,-0.764,-0.416,0.12,-0.336,3.359,-4.0,34.22
2168618894,-0.758,-0.419,0.134,-1.771,2.26,-2.916,34.27
2168625829,-0.756,-0.416,0.136,-3.16,1.74,-2.244,34.27
2168637407,-0.748,-0.431,0.147,-3.969,2.55,-1.42,34.22
2168643307,-0.755,-0.427,0.145,-4.183,3.664,-0.534,34.27
2168655857,-0.737,-0.431,0.166,-5.176,4.031,0.244,34.27
2168669140,-0.722,-0.444,0.168,-4.87,5.084,0.214,34.27
2168677756,-0.748,-0.436,0.127,-5.618,6.0,0.55,34.32
2168684672,-0.769,-0.425,0.131,-7.679,4.137,1.435,34.37
2168696603,-0.742,-0.43,0.146,-9.374,2.351,2.412,34.32
2168706656,-0.759,-0.437,0.126,-10.992,2.641,3.038,34.27
2168716906,-0.758,-0.439,0.134,-12.427,3.282,3.42,34.22
2168726039,-0.745,-0.438,0.138,-13.664,3.954,4.702,34.27
2168736464,-0.737,-0.441,0.149,-14.046,5.237,5.237,34.22
2168745100,-0.74,-0.418,0.126,-15.847,6.84,5.466,34.37
2168750899,-0.734,-0.409,0.13,-17.282,6.366,6.229,34.27
2168771526,-0.726,-0.416,0.107,-19.008,7.374,5.878,34.32
2168779426,-0.739,-0.428,0.102,-20.336,9.71,5.802,34.27
2168785825,-0.753,-0.445,0.112,-20.931,10.672,7.71,34.22
2168799496,-0.735,-0.463,0.113,-18.565,12.443,8.443,34.27
2168807232,-0.722,-0.432,0.119,-17.924,16.427,7.282,34.22
2168817659,-0.771,-0.448,0.125,-17.176,16.824,8.336,34.27
2168826888,-0.753,-0.433,0.122,-15.924,17.863,9.679,34.22
2168837708,-0.775,-0.417,0.079,-16.748,18.0,10.382,34.27
2168845294,-0.776,-0.426,0.07,-17.145,18.366,10.84,34.22
2168852153,-0.782,-0.41,0.07,-18.427,18.87,11.695,34.27
2168870570,-0.758,-0.417,0.125,-18.26,21.725,13.802,34.22
2168879087,-0.76,-0.444,0.096,-17.45,26.931,14.412,34.27
2168886247,-0.764,-0.458,0.065,-14.397,32.214,14.901,34.18
2168899450,-0.801,-0.441,0.059,-13.649,34.519,15.786,34.32
2168908197,-0.815,-0.412,0.065,-13.649,32.153,17.267,34.27
2168915671,-0.818,-0.378,0.032,-16.26,30.519,19.618,34.22
2168927350,-0.794,-0.385,0.049,-18.244,29.542,18.87,34.18
2168936510,-0.784,-0.417,0.062,-17.496,32.641,20.015,34.32
2168944959,-0.771,-0.415,0.052,-12.58,38.015,20.26,34.27
2168957670,-0.807,-0.392,0.002,-13.115,40.458,20.092,34.22
2168965740,-0.84,-0.422,-0.009,-13.832,41.282,22.122,34.37
2168976590,-0.858,-0.426,-0.013,-12.214,40.107,26.763,34.32
2168984169,-0.844,-0.405,-0.026,-11.969,40.0,24.916,34.27
2168999723,-0.872,-0.363,-0.015,-13.634,36.687,25.389,34.22
2169008334,-0.862,-0.321,-0.008,-16.901,35.573,26.397,34.27
2169015695,-0.834,-0.308,-0.006,-20.061,38.153,27.557,34.22
2169028894,-0.811,-0.35,-0.028,-23.008,44.412,29.023,34.27
2169037736,-0.792,-0.364,-0.023,-21.786,50.855,29.389,34.37
2169044055,-0.828,-0.35,-0.052,-21.679,53.435,31.649,34.22
2169055661,-0.831,-0.375,-0.051,-22.824,55.466,33.145,34.37
2169068437,-0.836,-0.355,-0.079,-22.55,54.779,34.672,34.22
2169079707,-0.859,-0.354,-0.049,-20.809,55.771,34.305,34.27
2169087618,-0.827,-0.331,-0.054,-20.382,55.405,33.634,34.22
2169097036,-0.822,-0.327,-0.087,-20.137,57.099,31.405,34.27
2169108423,-0.835,-0.344,-0.119,-20.855,62.351,31.679,34.41
2169117757,-0.869,-0.333,-0.111,-21.405,64.0,32.641,34.27
2169125927,-0.847,-0.337,-0.097,-22.901,68.351,32.748,34.32
2169136427,-0.821,-0.333,-0.113,-21.359,72.84,32.382,34.27
2169145386,-0.839,-0.315,-0.14,-18.321,75.13,29.74,34.46
2169154586,-0.838,-0.291,-0.133,-16.519,76.489,27.45,34.32
2169169002,-0.831,-0.292,-0.135,-14.275,78.55,25.908,34.27
2169178317,-0.779,-0.297,-0.146,-13.832,82.183,23.176,34.27
2169187386,-0.803,-0.333,-0.191,-15.695,81.481,24.595,34.27
2169197377,-0.846,-0.36,-0.214,-13.664,85.344,25.817,34.32
2169207743,-0.898,-0.347,-0.196,-12.107,90.672,28.214,34.27
2169215826,-0.921,-0.314,-0.279,-12.626,90.885,29.038,34.32
2169230237,-0.901,-0.333,-0.307,-13.679,91.481,29.603,34.27
2169236605,-0.916,-0.295,-0.367,-11.42,98.092,28.763,34.22
2169247624,-0.921,-0.265,-0.358,-12.809,93.771,28.55,34.37
2169252792,-0.852,-0.245,-0.36,-17.084,100.702,26.641,34.18
2169266175,-0.863,-0.212,-0.387,-21.145,100.702,26.824,34.22
2169278656,-0.823,-0.189,-0.39,-26.489,104.885,24.427,34.27
2169288778,-0.823,-0.201,-0.391,-32.122,102.229,23.374,34.41
2169296139,-0.824,-0.203,-0.432,-36.748,103.16,24.504,34.27
2169307785,-0.834,-0.229,-0.418,-36.947,101.389,25.603,34.32
2169317400,-0.834,-0.255,-0.432,-33.954,99.603,26.031,34.27
2169328551,-0.852,-0.234,-0.424,-31.786,97.374,30.366,34.32
2169337247,-0.844,-0.152,-0.498,-35.16,95.344,31.756,34.27
2169348335,-0.809,-0.192,-0.413,-36.641,90.794,32.641,34.32
2169356574,-0.787,-0.169,-0.466,-40.427,90.87,31.115,34.27
2169363255,-0.822,-0.126,-0.49,-45.328,90.443,30.855,34.37
2169379098,-0.844,-0.103,-0.579,-54.733,87.344,31.756,34.32
2169390908,-0.778,-0.237,-0.509,-54.794,86.473,31.466,34.27
2169396214,-0.816,-0.249,-0.48,-50.855,85.466,31.863,34.32
2169409557,-0.844,-0.211,-0.538,-53.71,80.947,32.595,34.27
2169416012,-0.839,-0.196,-0.477,-54.137,77.878,35.053,34.22
2169425933,-0.783,-0.191,-0.498,-58.855,74.763,35.496,34.27
2169437864,-0.728,-0.171,-0.532,-57.008,75.832,35.985,34.22
2169444308,-0.707,-0.151,-0.544,-57.832,76.427,37.603,34.18
2169455606,-0.692,-0.14,-0.564,-57.313,78.092,38.137,34.37
2169467314,-0.691,-0.143,-0.598,-54.611,77.786,36.565,34.37
2169477387,-0.737,-0.13,-0.59,-55.115,76.947,37.45,34.27
2169492303,-0.716,-0.101,-0.582,-53.511,76.122,36.122,34.22
2169494530,-0.724,-0.041,-0.644,-55.573,75.985,35.496,34.27
2169507407,-0.696,-0.067,-0.714,-57.893,75.954,35.664,34.22
2169518117,-0.689,-0.071,-0.646,-57.008,76.656,35.817,34.27
2169523961,-0.683,-0.04,-0.67,-57.832,76.672,36.977,34.22
2169538132,-0.661,-0.026,-0.676,-58.229,74.519,36.55,34.37
2169553484,-0.633,-0.037,-0.671,-53.908,74.855,35.176,34.32
2169556264,-0.608,-0.002,-0.685,-50.885,75.298,34.214,34.22
2169566017,-0.6,0.032,-0.673,-48.84,76.0,33.42,34.37
2169574493,-0.59,0.054,-0.703,-48.687,76.061,34.504,34.32
2169587788,-0.604,0.059,-0.737,-48.29,75.832,35.511,34.27
2169597259,-0.595,0.029,-0.733,-47.756,76.931,36.031,34.22
2169607924,-0.572,0.026,-0.742,-44.061,80.962,33.725,34.27
2169621065,-0.617,0.096,-0.744,-43.969,78.534,35.863,34.22
2169626307,-0.609,0.094,-0.766,-45.313,77.344,35.847,34.37
2169637893,-0.603,0.104,-0.751,-45.908,75.573,35.832,34.32
2169647225,-0.572,0.128,-0.746,-46.687,73.771,35.496,34.27
2169656575,-0.564,0.119,-0.782,-46.794,73.908,35.939,34.37
2169665351,-0.561,0.124,-0.793,-46.244,74.153,35.206,34.22
2169672187,-0.544,0.112,-0.764,-46.168,75.252,35.221,34.37
2169690323,-0.491,0.149,-0.809,-48.809,75.618,33.969,34.32
2169699805,-0.502,0.137,-0.843,-47.725,77.786,33.618,34.27
2169705022,-0.535,0.147,-0.829,-48.656,78.824,32.137,34.32
2169719756,-0.559,0.18,-0.866,-51.954,76.87,30.626,34.27
2169728449,-0.539,0.157,-0.854,-56.061,77.725,28.672,34.32
2169735743,-0.541,0.162,-0.826,-59.435,80.55,26.718,34.46
2169746803,-0.514,0.155,-0.855,-61.71,81.374,25.664,34.22
2169760397,-0.481,0.105,-0.848,-62.855,83.053,26.992,34.27
2169765187,-0.484,0.103,-0.884,-55.969,85.435,28.641,34.18
2169778487,-0.451,0.156,-0.892,-53.053,86.473,32.641,34.22
2169785804,-0.445,0.202,-0.916,-52.977,90.641,36.107,34.27
2169797509,-0.442,0.21,-0.945,-56.168,91.313,38.046,34.22
2169803268,-0.43,0.198,-0.925,-55.496,95.786,39.053,34.27
2169819148,-0.408,0.215,-0.945,-53.252,97.847,39.405,34.32
2169828666,-0.413,0.24,-0.973,-52.809,100.214,40.458,34.27
2169836418,-0.37,0.231,-0.973,-52.916,99.557,42.183,34.41
2169845618,-0.345,0.264,-0.984,-51.344,102.595,43.924,34.41
2169854620,-0.327,0.275,-0.979,-50.733,105.008,45.511,34.37
2169864712,-0.317,0.275,-0.959,-49.481,107.756,46.198,34.32
2169876122,-0.303,0.323,-0.946,-48.427,107.649,46.198,34.37
2169889430,-0.268,0.344,-0.959,-50.489,109.481,45.557,34.22
2169897588,-0.253,0.344,-0.926,-50.031,108.718,44.748,34.27
2169906919,-0.231,0.345,-0.949,-51.878,108.656,45.374,34.32
2169919046,-0.203,0.341,-0.906,-50.595,107.985,44.58,34.27
2169932966,-0.191,0.379,-0.935,-49.282,108.702,45.969,34.32
2169934974,-0.176,0.373,-0.912,-50.931,106.107,48.733,34.27
2169946122,-0.14,0.377,-0.89,-50.29,105.038,49.908,34.27
2169958076,-0.094,0.412,-0.87,-50.885,105.053,49.496,34.22
2169966824,-0.093,0.452,-0.875,-53.038,104.855,49.237,34.27
2169975023,-0.084,0.43,-0.867,-53.542,104.473,47.466,34.27
2169986903,-0.075,0.432,-0.879,-53.16,102.397,46.061,34.27
2169999214,-0.031,0.406,-0.906,-52.275,100.153,44.565,34.22
2170005933,-0.022,0.415,-0.896,-52.092,100.198,45.16,34.18
2170014587,-0.028,0.455,-0.848,-53.527,97.389,46.427,34.41
2170029687,0.001,0.471,-0.899,-57.038,93.237,48.0,34.27
2170038318,0.05,0.453,-0.878,-59.511,94.26,46.733,34.32
2170044794,0.074,0.469,-0.891,-60.031,93.557,46.443,34.37
2170057328,0.167,0.433,-0.88,-58.107,96.84,42.275,34.27
2170069161,0.134,0.469,-0.967,-54.382,101.771,42.168,34.32
2170074534,0.131,0.492,-0.953,-53.924,102.58,44.809,34.27
2170086438,0.149,0.525,-0.942,-56.687,102.611,48.641,34.22
2170096651,0.17,0.535,-0.965,-60.046,104.275,52.733,34.27
2170110929,0.234,0.51,-0.989,-62.779,106.824,52.809,34.22
2170113513,0.291,0.482,-0.963,-62.092,114.855,46.687,34.37
2170130193,0.268,0.566,-0.975,-62.855,118.26,51.069,34.32
2170139459,0.305,0.585,-0.982,-64.046,125.099,47.344,34.27
2170145104,0.298,0.581,-0.961,-67.008,123.863,50.443,34.27
2170159504,0.259,0.606,-0.951,-73.16,124.718,56.427,34.22
2170169399,0.263,0.58,-0.961,-77.496,122.229,59.634,34.37
2170174149,0.294,0.581,-0.863,-79.267,121.954,60.55,34.32
2170185941,0.264,0.554,-0.875,-82.29,117.756,64.901,34.27
2170199321,0.334,0.52,-0.85,-82.305,120.061,63.817,34.22
2170206591,0.373,0.516,-0.759,-79.573,123.023,62.809,34.27
2170217005,0.351,0.569,-0.725,-78.55,124.656,61.267,34.22
2170227909,0.3,0.615,-0.683,-83.221,121.878,60.321,34.27
2170238722,0.309,0.594,-0.654,-86.763,115.038,61.863,34.22
2170246637,0.353,0.541,-0.635,-89.115,106.366,63.969,34.32
2170260115,0.388,0.509,-0.569,-86.809,102.641,65.023,34.27
2170268940,0.415,0.497,-0.54,-83.771,98.183,65.725,34.27
2170279147,0.484,0.458,-0.498,-77.771,98.489,64.626,34.27
2170285853,0.451,0.471,-0.448,-69.298,95.771,61.466,34.41
2170292655,0.425,0.51,-0.431,-63.282,89.954,58.458,34.27
2170308760,0.449,0.497,-0.431,-60.779,82.473,55.893,34.32
2170321861,0.394,0.53,-0.427,-58.519,72.611,54.336,34.37
2170327639,0.375,0.58,-0.387,-64.427,56.443,56.031,34.32
2170337499,0.491,0.557,-0.386,-68.824,41.847,55.13,34.27
2170346828,0.725,0.435,-0.367,-61.053,43.267,44.916,34.37
2170356969,0.742,0.454,-0.349,-47.664,49.267,37.16,34.32
2170367887,0.638,0.529,-0.362,-42.397,44.183,32.626,34.27
2170378516,0.653,0.555,-0.327,-33.786,40.122,28.641,34.22
2170387106,0.666,0.607,-0.332,-35.023,28.58,25.221,34.27
2170393661,0.664,0.616,-0.33,-37.466,18.351,23.038,34.32
2170405151,0.654,0.615,-0.318,-38.992,4.321,26.412,34.37
2170418107,0.872,0.537,-0.308,-33.496,1.206,18.153,34.32
2170426218,0.949,0.536,-0.317,-21.206,7.695,11.603,34.27
2170437182,0.827,0.603,-0.379,-11.313,4.656,7.527,34.37
2170446899,0.848,0.637,-0.385,-10.305,3.908,5.13,34.22
2170459830,0.787,0.615,-0.36,-6.321,-5.832,5.634,34.37
2170465250,0.752,0.659,-0.453,-5.527,-10.504,2.794,34.32
2170477259,0.746,0.636,-0.379,-7.786,-19.435,0.962,34.37
2170486600,0.776,0.634,-0.382,-7.008,-26.962,-2.458,34.22
2170497303,0.885,0.598,-0.379,-4.565,-28.611,-8.58,34.37
2170506412,0.858,0.62,-0.385,1.237,-28.321,-12.794,34.32
2170513829,0.831,0.606,-0.427,6.916,-32.229,-15.069,34.27
2170530082,0.875,0.602,-0.448,8.458,-32.122,-15.237,34.27
2170539680,0.823,0.583,-0.409,15.359,-30.321,-16.565,34.22
2170546128,0.775,0.583,-0.383,19.176,-33.359,-18.733,34.27
2170558516,0.75,0.605,-0.436,21.832,-33.649,-21.466,34.32
2170566256,0.693,0.608,-0.468,22.58,-35.145,-23.542,34.37
2170576260,0.682,0.623,-0.509,18.931,-39.557,-24.702,34.32
2170588279,0.671,0.591,-0.504,17.42,-43.527,-24.809,34.37
2170595106,0.688,0.573,-0.48,20.137,-46.107,-26.672,34.32
2170606083,0.698,0.555,-0.419,25.45,-47.511,-29.618,34.27
2170612767,0.676,0.603,-0.479,27.344,-48.092,-31.008,34.37
2170627299,0.653,0.603,-0.517,28.565,-49.725,-31.405,34.27
2170639860,0.649,0.591,-0.509,30.412,-51.206,-33.038,34.27
2170646301,0.611,0.624,-0.522,29.176,-52.031,-32.931,34.32
2170656354,0.586,0.633,-0.53,28.473,-54.504,-34.55,34.27
2170665857,0.562,0.614,-0.553,27.847,-58.733,-35.359,34.22
2170675021,0.584,0.592,-0.579,30.168,-60.198,-37.618,34.18
2170687727,0.574,0.608,-0.577,32.519,-62.992,-37.237,34.32
2170699039,0.543,0.616,-0.564,34.58,-68.977,-36.733,34.27
2170707650,0.542,0.637,-0.639,31.42,-68.366,-35.71,34.27
2170712191,0.549,0.639,-0.625,29.573,-69.71,-36.382,34.32
2170726015,0.516,0.647,-0.627,29.893,-72.977,-37.954,34.27
2170739000,0.546,0.627,-0.649,29.42,-73.924,-39.908,34.32
2170749242,0.534,0.615,-0.655,30.504,-73.252,-42.824,34.37
2170756000,0.542,0.605,-0.596,35.023,-72.977,-45.252,34.22
2170767916,0.469,0.608,-0.73,37.359,-72.168,-45.328,34.27
2170776239,0.403,0.622,-0.726,28.397,-84.183,-40.931,34.22
2170786589,0.474,0.547,-0.677,27.969,-84.885,-41.618,34.27
2170799549,0.469,0.547,-0.718,29.695,-86.015,-44.382,34.22
2170809745,0.466,0.543,-0.721,32.519,-84.397,-46.87,34.37
2170817166,0.471,0.534,-0.705,36.458,-82.885,-49.939,34.22
2170823931,0.412,0.536,-0.778,37.527,-81.588,-52.229,34.32
2170836935,0.381,0.494,-0.765,34.565,-82.733,-53.099,34.27
2170846553,0.324,0.5,-0.722,36.092,-82.153,-57.008,34.18
2170855092,0.312,0.52,-0.74,32.824,-85.115,-60.504,34.27
2170868917,0.372,0.474,-0.728,32.122,-82.382,-64.351,34.32
2170878795,0.384,0.47,-0.77,35.71,-73.084,-73.008,34.27
2170886788,0.337,0.49,-0.718,38.977,-68.29,-79.496,34.32
2170896219,0.288,0.544,-0.76,43.16,-68.992,-83.252,34.27
2170905534,0.275,0.537,-0.791,41.802,-68.641,-84.504,34.32
2170916840,0.192,0.533,-0.789,41.313,-70.58,-86.534,34.37
2170923417,0.161,0.51,-0.797,41.847,-75.74,-87.939,34.32
2170935381,0.166,0.518,-0.754,42.168,-78.382,-90.611,34.22
2170949377,0.148,0.523,-0.759,43.863,-79.145,-91.969,34.27
2170957751,0.124,0.53,-0.739,45.053,-81.878,-93.969,34.32
2170969318,0.122,0.556,-0.784,42.931,-83.939,-95.389,34.27
2170980383,0.083,0.524,-0.804,43.13,-83.481,-97.328,34.32
2170987748,-0.001,0.53,-0.771,41.725,-85.008,-99.221,34.37
2170998547,-0.009,0.515,-0.769,40.504,-90.931,-99.756,34.22
2171007993,-0.044,0.5,-0.797,40.198,-92.427,-100.947,34.27
2171018332,-0.09,0.484,-0.752,40.87,-96.626,-100.977,34.32
2171023177,-0.102,0.472,-0.795,42.763,-102.382,-99.099,34.18
2171034249,-0.069,0.451,-0.835,41.038,-103.573,-97.282,34.32
2171046364,-0.11,0.432,-0.816,42.656,-102.031,-94.305,34.22
2171059249,-0.193,0.422,-0.831,43.008,-101.573,-92.947,34.46
2171064840,-0.198,0.407,-0.766,44.916,-102.534,-94.275,34.27
2171076908,-0.269,0.453,-0.812,43.908,-104.641,-90.229,34.27
2171089284,-0.293,0.421,-0.804,43.069,-109.511,-87.878,34.22
2171095168,-0.298,0.454,-0.749,42.015,-115.328,-86.122,34.27
2171107260,-0.199,0.419,-0.865,39.069,-116.443,-84.031,34.32
2171117929,-0.163,0.314,-0.905,42.275,-104.061,-84.947,34.37
2171126587,-0.286,0.293,-0.831,50.198,-90.718,-84.916,34.22
2171132189,-0.444,0.364,-0.847,53.435,-89.16,-82.626,34.27
2171144871,-0.515,0.412,-0.803,47.069,-93.527,-79.053,34.32
2171157876,-0.509,0.43,-0.772,40.061,-103.466,-76.702,34.27
2171163728,-0.422,0.406,-0.853,35.298,-108.153,-76.443,34.37
2171174969,-0.387,0.329,-0.846,37.618,-104.885,-79.954,34.32
2171190829,-0.417,0.29,-0.864,42.947,-98.198,-80.733,34.27
2171199111,-0.493,0.324,-0.868,46.244,-95.557,-77.649,34.22
2171206065,-0.58,0.38,-0.851,40.198,-99.863,-69.527,34.27
2171217933,-0.555,0.36,-0.783,36.214,-103.45,-68.321,34.41
2171228714,-0.526,0.336,-0.807,33.145,-107.374,-66.443,34.27
2171235619,-0.479,0.29,-0.785,35.206,-103.099,-67.74,34.32
2171242260,-0.496,0.261,-0.812,41.863,-95.924,-70.55,34.18
2171256567,-0.583,0.288,-0.816,42.916,-94.595,-69.511,34.22
2171268474,-0.657,0.308,-0.875,35.878,-95.74,-63.74,34.32
2171273539,-0.695,0.267,-0.785,31.695,-98.107,-60.534,34.37
2171290531,-0.712,0.267,-0.762,27.557,-103.71,-55.832,34.37
2171301943,-0.67,0.252,-0.788,21.069,-105.45,-55.115,34.27
2171304265,-0.59,0.137,-0.74,25.023,-102.427,-58.87,34.32
2171318171,-0.565,0.157,-0.705,33.649,-89.756,-64.137,34.37
2171326318,-0.67,0.219,-0.724,36.763,-85.954,-63.389,34.22
2171334309,-0.766,0.248,-0.769,29.176,-89.771,-57.252,34.18
2171345938,-0.788,0.208,-0.722,19.221,-98.382,-48.275,34.32
2171352869,-0.725,0.121,-0.709,18.595,-99.756,-47.099,34.37
2171367136,-0.774,0.122,-0.669,18.962,-98.962,-44.489,34.32
2171376558,-0.7,0.062,-0.64,21.817,-97.954,-44.809,34.27
2171386964,-0.67,0.048,-0.627,29.878,-86.061,-50.137,34.18
2171397992,-0.799,0.123,-0.624,35.405,-81.634,-50.504,34.32
2171405935,-0.842,0.182,-0.623,26.626,-86.519,-46.382,34.37
2171416363,-0.798,0.185,-0.611,17.786,-92.779,-41.099,34.22
2171429486,-0.809,0.15,-0.62,11.802,-92.321,-39.099,34.27
2171438172,-0.824,0.109,-0.596,6.229,-98.779,-36.351,34.22
2171444931,-0.81,0.102,-0.543,5.725,-98.046,-37.191,34.27
2171456796,-0.781,0.022,-0.51,7.542,-98.687,-37.985,34.32
2171469103,-0.694,-0.062,-0.536,18.26,-83.313,-46.168,34.27
2171479501,-0.802,0.009,-0.42,27.405,-78.427,-50.336,34.32
2171485787,-0.812,0.039,-0.416,28.0,-77.847,-50.641,34.27
2171498117,-0.828,0.062,-0.438,23.405,-80.931,-50.458,34.22
2171506127,-0.834,0.067,-0.487,13.038,-89.634,-47.74,34.37
2171516450,-0.798,0.01,-0.441,2.641,-98.427,-43.71,34.37
2171526467,-0.77,-0.094,-0.438,4.916,-96.305,-44.397,34.22
2171538868,-0.813,-0.13,-0.411,10.489,-90.595,-46.809,34.37
2171544625,-0.837,-0.126,-0.384,17.649,-84.748,-48.534,34.32
2171555519,-0.865,-0.083,-0.387,16.656,-80.29,-48.733,34.27
2171567521,-0.855,-0.102,-0.363,19.542,-78.046,-49.084,34.22
2171579702,-0.844,-0.086,-0.379,20.702,-76.305,-50.397,34.27
2171587935,-0.831,-0.106,-0.33,23.725,-78.107,-52.458,34.32
2171596427,-0.796,-0.08,-0.346,26.504,-75.405,-54.366,34.27
2171607367,-0.799,-0.089,-0.378,26.351,-72.26,-55.282,34.32
2171616162,-0.861,-0.104,-0.335,26.641,-72.672,-54.595,34.32
2171626562,-0.877,-0.112,-0.32,27.817,-70.336,-55.008,34.37
2171642938,-0.874,-0.123,-0.297,31.359,-69.344,-55.038,34.22
2171647417,-0.877,-0.124,-0.327,34.229,-67.725,-55.573,34.37
2171653265,-0.9,-0.128,-0.289,36.595,-65.542,-56.702,34.22
2171665731,-0.903,-0.107,-0.262,38.29,-66.885,-56.55,34.27
2171677877,-0.907,-0.098,-0.286,35.786,-66.122,-57.023,34.41
2171684513,-0.97,-0.08,-0.311,32.595,-69.847,-72.84,34.27
2171696382,-0.961,-0.162,-0.239,36.412,-76.305,-88.107,34.32
2171710273,-0.905,-0.17,-0.241,37.374,-73.389,-77.481,34.27
2171718667,-0.917,-0.191,-0.258,35.466,-64.336,-63.389,34.32
2171726886,-0.977,-0.154,-0.214,35.695,-62.122,-57.084,34.27
2171738491,-0.99,-0.177,-0.165,34.58,-62.992,-47.237,34.27
2171749007,-0.915,-0.186,-0.202,34.794,-62.244,-41.756,34.32
2171756325,-0.842,-0.212,-0.197,37.008,-58.794,-46.046,34.27
2171762933,-0.857,-0.192,-0.187,41.405,-52.473,-52.168,34.32
2171776856,-0.881,-0.155,-0.197,36.198,-50.718,-56.733,34.37
2171793238,-0.883,-0.206,-0.159,33.069,-53.985,-52.916,34.22
2171795572,-0.865,-0.218,-0.095,32.947,-52.412,-48.687,34.27
2171806372,-0.874,-0.257,-0.108,33.466,-53.328,-49.466,34.32
2171819682,-0.855,-0.273,-0.112,32.061,-53.878,-49.664,34.27
2171825123,-0.839,-0.289,-0.105,29.954,-53.664,-47.038,34.22
2171837273,-0.789,-0.331,-0.012,29.069,-56.641,-47.191,34.27
2171845405,-0.756,-0.335,-0.015,28.672,-52.672,-48.794,34.27
2171855276,-0.775,-0.34,-0.011,28.504,-47.267,-51.267,34.32
2171866091,-0.797,-0.358,0.023,35.71,-45.282,-52.458,34.18
2171874708,-0.784,-0.36,0.031,38.031,-35.481,-44.122,34.18
2171888366,-0.829,-0.387,0.006,36.58,-36.656,-48.412,34.27
2171897645,-0.862,-0.382,0.014,40.061,-32.962,-42.977,34.22
2171906055,-0.825,-0.394,0.001,39.832,-28.519,-49.878,34.27
2171918354,-0.853,-0.42,-0.01,42.244,-27.389,-40.55,34.22
2171924994,-0.86,-0.371,-0.003,40.687,-26.015,-40.168,34.27
2171935339,-0.84,-0.374,0.01,37.557,-27.206,-37.374,34.22
2171946477,-0.864,-0.343,-0.024,33.954,-20.275,-35.542,34.27
2171958097,-0.822,-0.38,0.022,36.885,-23.359,-35.115,34.37
2171964713,-0.828,-0.365,0.04,37.191,-23.71,-34.534,34.22
2171976775,-0.796,-0.361,0.044,36.611,-23.237,-31.847,34.37
2171985817,-0.799,-0.345,0.057,34.901,-26.122,-28.443,34.22
2171998056,-0.786,-0.362,0.055,33.267,-27.374,-26.489,34.37
2172007219,-0.783,-0.38,0.1,34.931,-27.328,-24.748,34.32
2172015850,-0.767,-0.43,0.076,37.466,-27.863,-25.557,34.27
2172028494,-0.772,-0.41,0.066,39.313,-24.229,-26.718,34.22
2172033661,-0.786,-0.412,0.076,39.802,-23.573,-27.527,34.27
2172046265,-0.803,-0.398,0.098,39.023,-22.534,-26.244,34.32
2172060829,-0.817,-0.374,0.077,34.962,-24.855,-24.489,34.27
2172065150,-0.799,-0.402,0.087,31.267,-26.87,-20.672,34.27
2172075235,-0.797,-0.393,0.067,26.076,-28.565,-19.725,34.32
2172087185,-0.805,-0.401,0.077,25.008,-26.137,-19.176,34.18
2172096570,-0.75,-0.446,0.091,25.954,-23.756,-18.824,34.37
2172106819,-0.77,-0.423,0.07,24.031,-18.87,-21.221,34.27
2172114776,-0.782,-0.42,0.058,24.427,-16.0,-22.687,34.32
2172128397,-0.768,-0.432,0.066,22.702,-13.267,-22.29,34.27
2172136973,-0.792,-0.402,0.062,16.427,-11.802,-21.344,34.32
2172147646,-0.789,-0.44,0.091,14.687,-10.641,-19.725,34.37
2172156342,-0.759,-0.425,0.127,15.969,-5.206,-19.267,34.32
2172168986,-0.738,-0.446,0.17,19.359,1.313,-18.641,34.27
2172174272,-0.749,-0.431,0.14,23.145,8.244,-18.824,34.27
2172187578,-0.756,-0.422,0.161,23.588,12.061,-17.496,34.32
2172195844,-0.756,-0.404,0.174,23.557,13.45,-16.611,34.27
2172206746,-0.78,-0.401,0.162,23.252,14.672,-14.031,34.32
2172212272,-0.784,-0.41,0.161,21.695,15.191,-11.603,34.27
2172230813,-0.779,-0.403,0.168,19.481,15.099,-8.351,34.22
2172240073,-0.762,-0.42,0.162,19.542,16.275,-6.809,34.18
2172245297,-0.759,-0.417,0.165,18.626,17.878,-4.702,34.22
2172259751,-0.763,-0.404,0.181,17.466,17.359,-4.412,34.27
2172270458,-0.773,-0.406,0.182,16.351,13.985,-0.84,34.32
2172275158,-0.769,-0.406,0.167,13.16,10.626,0.855,34.18
2172286571,-0.747,-0.429,0.15,10.565,8.076,1.237,34.37
2172294016,-0.723,-0.444,0.168,9.954,8.229,1.053,34.22
2172306583,-0.74,-0.434,0.185,8.015,6.061,1.664,34.27
2172315985,-0.724,-0.456,0.172,8.443,5.206,3.176,34.37
2172326773,-0.723,-0.45,0.146,8.947,6.626,1.038,34.27
2172335902,-0.744,-0.42,0.176,7.176,5.115,0.962,34.32
2172345796,-0.713,-0.417,0.159,4.122,2.58,1.359,34.27
2172356839,-0.7,-0.448,0.154,2.595,1.176,1.634,34.22
2172369768,-0.695,-0.447,0.159,1.084,2.443,-0.382,34.27
2172377938,-0.717,-0.445,0.161,0.473,1.481,-1.13,34.41
2172384183,-0.714,-0.43,0.17,-1.435,0.168,-1.771,34.37
2172396271,-0.709,-0.456,0.19,-1.13,0.26,-1.924,34.32
2172405383,-0.7,-0.468,0.164,0.015,1.786,-3.145,34.22
2172416888,-0.726,-0.442,0.163,0.092,2.641,-4.168,34.27
2172424466,-0.728,-0.441,0.179,-1.344,1.099,-4.107,34.32
2172439610,-0.729,-0.442,0.169,-1.924,1.053,-4.687,34.27
2172447013,-0.728,-0.437,0.163,-3.496,0.0,-4.733,34.32
2172457380,-0.719,-0.436,0.163,-4.718,-0.733,-4.702,34.27
2172467637,-0.719,-0.438,0.181,-5.511,-0.031,-4.84,34.32
2172480023,-0.724,-0.437,0.192,-5.435,0.107,-4.885,34.27
2172485905,-0.731,-0.433,0.169,-5.359,0.992,-5.115,34.32
2172490851,-0.724,-0.427,0.182,-5.237,0.916,-4.626,34.27
2172511038,-0.739,-0.43,0.178,-5.588,0.198,-3.954,34.22
2172521875,-0.752,-0.412,0.175,-6.26,-1.786,-2.901,34.18
2172527779,-0.741,-0.422,0.166,-7.771,-3.298,-1.985,34.22
2172537819,-0.728,-0.422,0.177,-9.099,-3.511,-1.481,34.27
2172549163,-0.736,-0.423,0.191,-9.527,-4.137,-0.595,34.27
2172557467,-0.707,-0.427,0.203,-8.443,-3.267,-0.779,34.32
2172568314,-0.704,-0.445,0.196,-7.771,0.137,-1.435,34.37
2172576643,-0.698,-0.448,0.172,-6.962,1.969,-3.023,34.22
2172586252,-0.74,-0.429,0.188,-7.206,1.603,-1.985,34.37
2172593195,-0.75,-0.432,0.18,-6.702,-0.489,-0.794,34.22
2172604833,-0.739,-0.433,0.182,-6.885,-0.58,0.137,34.27
2172620373,-0.74,-0.437,0.189,-6.137,-0.107,0.275,34.32
2172627402,-0.741,-0.451,0.172,-5.847,0.366,0.198,34.18
2172636901,-0.742,-0.431,0.175,-6.321,0.458,0.626,34.41
2172645243,-0.716,-0.439,0.188,-5.878,0.321,0.748,34.27
2172657596,-0.707,-0.441,0.214,-3.985,1.71,0.275,34.32
2172663796,-0.714,-0.444,0.204,-2.504,3.618,-0.626,34.27
2172679403,-0.727,-0.441,0.201,-1.847,3.695,-0.366,34.22
2172689534,-0.73,-0.434,0.194,-1.664,3.313,-0.198,34.27
2172695457,-0.729,-0.434,0.174,-2.473,3.832,-0.015,34.37
2172706380,-0.718,-0.439,0.205,-2.458,3.954,-0.183,34.22
2172719792,-0.72,-0.431,0.177,-1.802,5.282,-0.305,34.27
2172731289,-0.729,-0.429,0.164,-2.931,6.244,-0.779,34.32
2172736960,-0.728,-0.427,0.188,-2.947,7.099,-0.855,34.27
2172748080,-0.708,-0.445,0.189,-2.702,9.496,-1.16,34.22
2172758927,-0.697,-0.453,0.198,-1.237,12.855,-2.015,34.27
2172767128,-0.724,-0.45,0.172,-0.901,15.847,-2.092,34.22
2172777856,-0.765,-0.42,0.125,-1.863,18.901,-1.267,34.18
2172787559,-0.752,-0.431,0.141,-5.069,21.863,0.565,34.32
2172797785,-0.724,-0.457,0.162,-6.275,26.84,1.038,34.27
2172807076,-0.746,-0.448,0.133,-6.672,33.542,-0.183,34.32
2172814275,-0.761,-0.41,0.167,-8.595,37.145,0.244,34.27
2172831296,-0.753,-0.422,0.219,-9.649,37.481,0.779,34.22
2172841349,-0.779,-0.415,0.125,-10.076,38.763,2.534,34.27
2172846038,-0.809,-0.41,0.091,-14.977,37.603,4.687,34.22
2172854768,-0.808,-0.416,0.036,-20.229,33.359,7.756,34.22
2172867943,-0.794,-0.413,0.061,-23.756,32.901,11.16,34.18
2172877121,-0.796,-0.405,0.048,-24.641,34.824,11.42,34.22
2172887269,-0.855,-0.391,0.08,-25.634,34.29,13.282,34.27
2172895816,-0.77,-0.447,0.05,-22.198,38.122,13.435,34.22
2172904392,-0.763,-0.472,0.026,-15.405,43.695,14.87,34.27
2172914276,-0.813,-0.429,0.028,-10.504,49.42,15.74,34.22
2172927554,-0.821,-0.41,0.001,-9.634,50.366,15.817,34.27
2172941587,-0.826,-0.422,-0.008,-9.176,50.0,20.473,34.22
2172946773,-0.812,-0.376,-0.031,-14.397,54.107,18.702,34.27
2172957467,-0.801,-0.425,0.001,-14.489,55.939,21.206,34.22
2172966649,-0.784,-0.4,0.018,-13.786,62.443,20.076,34.37
2172976778,-0.816,-0.447,-0.017,-12.0,68.26,20.504,34.32
2172984512,-0.828,-0.432,-0.065,-12.366,69.252,19.908,34.18
2172995763,-0.832,-0.41,-0.063,-12.092,69.328,20.397,34.27
2173007810,-0.809,-0.393,-0.079,-13.344,73.725,21.053,34.22
2173013129,-0.858,-0.414,-0.112,-16.916,70.84,21.969,34.18
2173026885,-0.831,-0.402,-0.079,-19.466,77.176,21.176,34.41
2173039152,-0.854,-0.382,-0.073,-21.634,80.397,23.008,34.27
2173049305,-0.866,-0.429,-0.141,-25.481,80.962,23.634,34.22
2173056663,-0.81,-0.478,-0.134,-26.168,84.656,26.153,34.37
2173067912,-0.819,-0.449,-0.095,-22.229,86.473,26.611,34.22
2173075462,-0.871,-0.379,-0.151,-21.847,86.656,28.702,34.27
2173086530,-0.845,-0.339,-0.112,-26.473,83.924,28.87,34.22
2173097836,-0.838,-0.342,-0.125,-29.038,81.771,28.687,34.27
2173109276,-0.808,-0.342,-0.171,-31.374,81.557,27.878,34.27
2173117091,-0.847,-0.363,-0.156,-31.466,81.405,29.832,34.32
2173124067,-0.849,-0.363,-0.205,-33.038,77.863,30.84,34.27
2173137216,-0.83,-0.34,-0.195,-33.771,78.702,30.58,34.27
2173148010,-0.867,-0.356,-0.201,-32.687,75.527,32.244,34.18
2173155618,-0.866,-0.305,-0.208,-35.786,72.336,32.763,34.22
2173171016,-0.847,-0.319,-0.229,-37.649,70.672,31.954,34.27
2173178500,-0.841,-0.303,-0.215,-39.084,70.992,31.695,34.32
2173187210,-0.824,-0.292,-0.232,-39.847,69.954,32.702,34.27
2173198715,-0.805,-0.307,-0.218,-40.84,70.687,32.458,34.32
2173211152,-0.81,-0.302,-0.277,-41.084,70.977,34.336,34.37
2173216426,-0.799,-0.314,-0.275,-39.847,72.076,34.336,34.22
2173222419,-0.835,-0.293,-0.314,-38.687,71.939,35.115,34.32
2173234451,-0.858,-0.271,-0.3,-38.931,72.305,36.473,34.27
2173249141,-0.844,-0.251,-0.364,-39.359,68.489,34.305,34.32
2173256872,-0.822,-0.232,-0.328,-40.641,69.496,36.321,34.27
2173268624,-0.827,-0.232,-0.379,-40.916,71.359,36.672,34.32
2173282159,-0.807,-0.27,-0.415,-40.0,71.954,36.412,34.27
2173286859,-0.851,-0.247,-0.402,-38.58,75.542,39.588,34.22
2173298206,-0.849,-0.234,-0.429,-38.55,75.344,41.679,34.27
2173305632,-0.852,-0.233,-0.405,-37.328,74.702,42.947,34.22
2173316806,-0.842,-0.198,-0.44,-37.756,74.504,43.16,34.27
2173326617,-0.833,-0.177,-0.462,-37.237,75.374,42.672,34.22
2173333194,-0.834,-0.149,-0.468,-37.664,77.328,43.573,34.22
2173350188,-0.838,-0.145,-0.481,-38.779,75.954,42.305,34.37
2173359957,-0.874,-0.125,-0.535,-41.221,76.687,45.405,34.27
2173366244,-0.868,-0.139,-0.518,-43.557,74.275,46.672,34.27
2173384126,-0.822,-0.146,-0.507,-44.763,73.298,47.206,34.22
2173393221,-0.829,-0.128,-0.53,-43.374,72.58,48.168,34.27
2173395550,-0.793,-0.132,-0.506,-40.901,68.931,46.397,34.22
2173407283,-0.789,-0.095,-0.513,-40.366,63.542,46.733,34.27
2173422519,-0.752,-0.073,-0.513,-41.237,66.763,45.756,34.22
2173426719,-0.752,-0.122,-0.539,-42.641,66.458,46.0,34.27
2173437104,-0.731,-0.138,-0.54,-40.87,70.58,46.702,34.32
2173445439,-0.755,-0.108,-0.53,-39.863,71.191,47.802,34.27
2173458936,-0.722,-0.099,-0.519,-39.084,70.901,48.519,34.27
2173468276,-0.702,-0.091,-0.542,-38.153,70.519,47.511,34.22
2173475734,-0.695,-0.087,-0.616,-38.366,70.336,47.008,34.18
2173486949,-0.696,-0.073,-0.573,-36.84,69.542,45.771,34.32
2173498122,-0.661,-0.073,-0.573,-37.008,69.74,45.053,34.27
2173506053,-0.677,-0.065,-0.625,-36.855,71.893,45.878,34.32
2173517161,-0.71,-0.047,-0.597,-35.45,71.282,47.053,34.27
2173528384,-0.685,-0.039,-0.629,-35.221,70.763,47.313,34.22
2173535886,-0.655,-0.021,-0.588,-34.305,69.985,47.267,34.37
2173542655,-0.641,0.005,-0.639,-34.809,68.336,46.84,34.32
2173556179,-0.623,0.02,-0.652,-35.191,68.748,45.511,34.27
2173566943,-0.619,0.031,-0.658,-34.87,67.786,43.557,34.27
2173576416,-0.639,0.013,-0.719,-34.55,68.137,43.206,34.27
2173589405,-0.652,0.01,-0.671,-33.954,66.58,43.145,34.18
2173597335,-0.624,0.046,-0.638,-33.679,64.916,43.16,34.22
2173607764,-0.602,0.068,-0.694,-34.397,63.221,43.466,34.27
2173617643,-0.574,0.065,-0.696,-34.473,61.252,41.802,34.32
2173629843,-0.524,0.043,-0.667,-32.137,62.443,38.366,34.27
2173635994,-0.535,0.082,-0.721,-30.183,63.344,38.611,34.22
2173642100,-0.575,0.082,-0.732,-28.824,65.359,37.542,34.27
2173659260,-0.584,0.094,-0.742,-29.359,65.435,35.664,34.32
2173671133,-0.56,0.094,-0.736,-27.863,66.244,32.58,34.37
2173676678,-0.572,0.112,-0.733,-27.786,64.992,32.473,34.32
2173687395,-0.552,0.152,-0.725,-27.756,63.954,29.374,34.32
2173701808,-0.505,0.125,-0.75,-27.679,65.435,26.382,34.27
2173707427,-0.478,0.13,-0.823,-25.282,70.137,25.115,34.22
2173718330,-0.519,0.135,-0.842,-23.237,73.344,22.855,34.27
2173727409,-0.552,0.142,-0.799,-24.122,70.855,23.389,34.37
2173737773,-0.522,0.176,-0.77,-24.473,68.595,21.985,34.27
2173746894,-0.51,0.191,-0.832,-28.0,65.45,24.382,34.32
2173753722,-0.438,0.177,-0.785,-28.672,62.733,22.885,34.27
2173769829,-0.42,0.147,-0.902,-31.725,62.977,26.092,34.32
2173779997,-0.352,0.134,-0.874,-27.939,66.641,24.84,34.27
2173786341,-0.422,0.166,-0.819,-26.168,66.87,25.557,34.41
2173799336,-0.388,0.15,-0.915,-25.878,67.389,27.847,34.27
2173807562,-0.407,0.153,-0.865,-23.45,68.046,27.282,34.22
2173816132,-0.398,0.195,-0.845,-24.351,64.382,25.023,34.22
2173825514,-0.403,0.188,-0.868,-26.504,59.176,30.015,34.27
2173835778,-0.346,0.16,-0.857,-27.618,56.321,32.962,34.22
2173846469,-0.29,0.132,-0.886,-23.634,56.366,35.221,34.18
2173853202,-0.298,0.148,-0.871,-17.481,57.893,36.763,34.22
2173869029,-0.245,0.237,-0.903,-13.511,60.611,33.603,34.27
2173881921,-0.328,0.298,-0.867,-14.443,59.466,38.87,34.13
2173887339,-0.318,0.303,-0.927,-15.053,64.336,38.031,34.27
2173898290,-0.362,0.323,-0.924,-18.046,68.0,33.802,34.32
2173908931,-0.4,0.331,-0.907,-23.145,68.092,34.076,34.27
2173918184,-0.399,0.308,-0.936,-29.466,65.389,35.191,34.22
2173929176,-0.332,0.307,-0.86,-31.649,64.0,34.489,34.32
2173937214,-0.324,0.331,-0.881,-30.504,62.611,36.656,34.18
2173947863,-0.301,0.327,-0.949,-29.099,60.992,37.802,34.27
2173954003,-0.325,0.37,-0.914,-27.74,64.779,39.74,34.37
2173964618,-0.324,0.39,-0.906,-30.992,63.282,39.389,34.22
2173978827,-0.31,0.403,-0.95,-40.931,65.313,39.099,34.18
2173991800,-0.374,0.358,-0.917,-43.023,62.443,42.214,34.32
2173997987,-0.314,0.356,-0.964,-45.802,60.183,42.779,34.18
2174005829,-0.296,0.377,-0.94,-44.962,59.13,43.038,34.22
2174019084,-0.268,0.373,-0.977,-47.603,61.527,44.107,34.27
2174027862,-0.262,0.345,-0.919,-45.878,59.847,45.328,34.32
2174035556,-0.243,0.365,-0.967,-47.695,58.687,47.435,34.27
2174048519,-0.205,0.385,-0.924,-49.802,57.664,49.374,34.27
2174056981,-0.181,0.383,-0.952,-51.298,57.695,49.878,34.41
2174064038,-0.14,0.372,-0.958,-53.511,58.519,49.618,34.27
2174076292,-0.133,0.381,-0.949,-52.84,62.031,48.992,34.22
2174089161,-0.121,0.376,-0.955,-52.84,65.603,47.42,34.27
2174098904,-0.129,0.374,-0.928,-53.511,66.443,47.481,34.32
2174107172,-0.099,0.376,-0.947,-54.244,64.947,47.634,34.27
2174120571,-0.043,0.385,-0.926,-53.298,65.756,46.794,34.22
2174129325,-0.047,0.425,-0.925,-53.618,67.176,47.939,34.37
2174135629,-0.018,0.418,-0.936,-54.565,67.405,49.985,34.32
2174148796,-0.024,0.423,-0.967,-55.252,66.87,52.031,34.27
2174159752,-0.002,0.409,-0.942,-55.099,67.969,54.092,34.32
2174164707,0.005,0.436,-0.878,-53.802,68.046,53.725,34.27
2174176025,-0.004,0.458,-0.916,-52.992,68.733,55.573,34.27
2174182723,-0.007,0.455,-0.907,-54.366,67.649,58.443,34.32
2174200162,-0.004,0.465,-0.85,-52.122,64.427,58.87,34.27
2174207869,0.001,0.501,-0.883,-52.58,62.244,65.985,34.22
2174216073,0.018,0.502,-0.842,-52.046,59.008,67.695,34.37
2174227499,0.057,0.512,-0.803,-51.45,57.542,68.916,34.22
2174235150,0.089,0.517,-0.78,-49.16,59.252,65.527,34.37
2174246397,0.123,0.556,-0.724,-45.618,58.733,60.687,34.22
2174257530,0.142,0.565,-0.777,-46.427,57.252,58.87,34.27
2174266891,0.169,0.543,-0.798,-47.16,56.351,56.443,34.22
2174276157,0.198,0.548,-0.786,-40.214,53.634,55.74,34.32
2174283059,0.26,0.586,-0.806,-36.763,56.855,56.183,34.27
2174299821,0.205,0.561,-0.82,-34.656,59.817,57.74,34.22
2174309340,0.237,0.522,-0.803,-34.427,60.168,54.947,34.27
2174316326,0.237,0.562,-0.813,-30.641,66.84,51.405,34.22
2174329086,0.177,0.577,-0.823,-32.122,65.908,48.397,34.27
2174340072,0.2,0.515,-0.864,-32.718,63.771,43.924,34.22
2174348262,0.235,0.502,-0.84,-31.13,62.275,41.374,34.37
2174358411,0.284,0.481,-0.894,-29.267,60.702,40.473,34.22
2174367451,0.326,0.565,-0.829,-29.878,62.565,39.557,34.27
2174376357,0.33,0.523,-0.826,-27.237,61.573,39.756,34.32
2174383204,0.333,0.564,-0.814,-32.076,63.313,39.74,34.27
2174395255,0.359,0.538,-0.787,-30.519,64.366,36.55,34.37
2174410263,0.441,0.555,-0.804,-29.542,67.725,34.504,34.32
2174417855,0.444,0.543,-0.821,-23.191,72.55,33.817,34.27
2174428470,0.428,0.603,-0.806,-23.542,75.954,36.275,34.22
2174439844,0.435,0.61,-0.767,-24.458,76.122,40.229,34.27
2174447929,0.436,0.632,-0.708,-24.824,77.603,40.031,34.32
2174455164,0.428,0.702,-0.764,-28.015,77.282,40.656,34.18
2174467696,0.469,0.659,-0.73,-28.137,78.412,39.374,34.32
2174477681,0.448,0.665,-0.73,-27.985,80.153,36.687,34.27
2174484302,0.45,0.676,-0.748,-28.626,79.191,33.267,34.22
2174495584,0.398,0.658,-0.743,-29.695,74.504,37.176,34.22
2174507753,0.426,0.662,-0.681,-30.275,66.427,39.542,34.27
2174517336,0.485,0.666,-0.676,-29.954,64.641,40.061,34.22
2174526934,0.562,0.723,-0.713,-34.733,63.527,40.763,34.37
2174536384,0.615,0.629,-0.677,-30.305,69.924,37.45,34.32
2174550547,0.44,0.672,-0.715,-33.725,60.58,39.573,34.27
2174555852,0.531,0.598,-0.684,-35.817,59.939,36.443,34.32
2174566776,0.508,0.59,-0.646,-35.023,59.969,33.893,34.27
2174577375,0.475,0.573,-0.646,-35.435,57.038,32.031,34.32
2174587317,0.457,0.553,-0.614,-36.153,50.29,32.534,34.27
2174596199,0.505,0.514,-0.583,-35.771,42.565,31.191,34.32
2174603059,0.515,0.525,-0.569,-33.954,37.176,30.015,34.37
2174619721,0.544,0.52,-0.575,-33.542,31.023,29.573,34.27
2174629620,0.645,0.5,-0.537,-30.58,27.389,26.366,34.32
2174636431,0.647,0.533,-0.526,-25.74,28.779,22.382,34.37
2174648113,0.663,0.538,-0.501,-22.122,27.573,17.435,34.32
2174656276,0.654,0.557,-0.496,-19.084,23.71,12.656,34.37
2174667015,0.637,0.555,-0.481,-17.115,16.855,9.237,34.22
2174676176,0.634,0.596,-0.479,-17.069,9.695,7.405,34.27
2174684837,0.677,0.596,-0.469,-16.901,1.756,7.359,34.32
2174696830,0.694,0.602,-0.478,-14.916,-4.198,8.015,34.27
2174703924,0.755,0.61,-0.487,-12.183,-9.282,6.26,34.22
2174717578,0.771,0.597,-0.454,-7.893,-11.511,3.13,34.32
2174728558,0.705,0.612,-0.487,-2.504,-15.511,0.977,34.27
2174735599,0.722,0.633,-0.49,-1.298,-19.802,-1.573,34.32
2174745236,0.685,0.65,-0.528,-2.824,-25.008,-3.802,34.27
2174756212,0.657,0.63,-0.518,-2.565,-30.672,-6.916,34.18
2174767577,0.667,0.61,-0.522,-3.603,-36.992,-8.84,34.18
2174774936,0.687,0.609,-0.54,-2.718,-40.504,-11.282,34.22
2174787114,0.743,0.568,-0.545,1.145,-42.855,-13.878,34.27
2174794717,0.688,0.589,-0.582,5.038,-42.794,-14.412,34.32
2174804116,0.679,0.597,-0.571,5.649,-46.382,-15.084,34.27
2174817897,0.675,0.591,-0.571,5.847,-48.84,-14.962,34.32
2174827201,0.699,0.581,-0.57,8.076,-49.008,-20.382,34.27
2174835722,0.609,0.615,-0.579,6.916,-50.015,-22.809,34.18
2174844217,0.599,0.586,-0.623,5.496,-51.359,-24.901,34.32
2174856108,0.623,0.568,-0.604,5.359,-53.695,-28.916,34.27
2174866753,0.565,0.548,-0.652,7.435,-54.885,-31.023,34.22
2174877903,0.547,0.57,-0.632,7.71,-58.763,-31.145,34.27
2174889877,0.556,0.572,-0.628,8.626,-61.42,-31.328,34.22
2174897232,0.55,0.563,-0.632,11.878,-61.527,-34.611,34.27
2174904433,0.533,0.599,-0.644,11.023,-61.863,-38.84,34.32
2174916710,0.54,0.615,-0.626,11.069,-61.16,-42.229,34.27
2174929653,0.532,0.595,-0.638,10.55,-62.092,-44.748,34.32
2174938997,0.482,0.63,-0.643,11.267,-65.13,-47.405,34.37
2174946079,0.446,0.612,-0.683,10.916,-70.992,-47.008,34.37
2174959343,0.477,0.593,-0.666,8.244,-74.58,-47.847,34.32
2174969931,0.485,0.58,-0.654,12.656,-73.42,-49.466,34.27
2174976905,0.463,0.579,-0.668,16.855,-71.328,-53.191,34.37
2174986529,0.393,0.601,-0.692,17.466,-68.076,-55.802,34.27
2174999449,0.346,0.599,-0.669,18.046,-70.443,-59.45,34.32
2175004362,0.292,0.624,-0.646,15.924,-76.397,-60.733,34.27
2175016244,0.304,0.625,-0.676,14.015,-83.695,-61.374,34.32
2175027421,0.288,0.635,-0.681,13.115,-88.305,-61.679,34.18
2175038125,0.342,0.595,-0.721,13.557,-90.733,-62.824,34.22
2175046892,0.385,0.543,-0.691,19.099,-83.557,-66.458,34.27
2175057597,0.322,0.549,-0.647,27.145,-79.084,-69.221,34.13
2175068489,0.204,0.595,-0.659,33.374,-76.489,-71.038,34.22
2175076185,0.1,0.632,-0.673,32.718,-84.046,-68.55,34.18
2175088056,0.091,0.644,-0.642,27.939,-97.389,-64.84,34.32
2175096840,0.125,0.606,-0.688,26.87,-102.168,-64.565,34.18
2175106635,0.234,0.503,-0.782,26.885,-101.847,-68.565,34.22
2175115337,0.286,0.437,-0.725,38.412,-88.809,-74.473,34.27
2175122195,0.12,0.502,-0.72,51.771,-77.954,-75.817,34.32
2175136021,0.046,0.552,-0.771,53.237,-81.466,-72.214,34.27
2175146414,0.009,0.557,-0.745,52.183,-88.504,-67.115,34.22
2175155785,0.002,0.542,-0.796,50.901,-91.71,-67.618,34.27
2175169048,0.008,0.503,-0.789,51.176,-90.809,-71.969,34.22
2175180005,0.028,0.49,-0.736,54.733,-87.832,-78.046,34.27
2175185727,0.023,0.494,-0.825,56.0,-82.336,-82.015,34.27
2175199901,-0.027,0.459,-0.821,57.634,-79.313,-84.595,34.27
2175206378,-0.149,0.506,-0.758,59.45,-82.656,-83.282,34.27
2175215428,-0.108,0.499,-0.767,57.298,-90.275,-84.244,34.32
2175226653,-0.001,0.448,-0.799,56.809,-88.779,-86.55,34.27
2175233543,-0.01,0.377,-0.759,68.748,-78.687,-94.779,34.32
2175246281,-0.123,0.439,-0.755,75.206,-74.107,-95.344,34.27
2175255547,-0.207,0.451,-0.889,74.672,-77.191,-93.847,34.22
2175268101,-0.312,0.457,-0.909,65.847,-80.779,-89.374,34.27
2175281191,-0.291,0.392,-0.804,60.198,-89.298,-88.58,34.32
2175286854,-0.25,0.367,-0.802,58.275,-86.168,-90.321,34.18
2175299144,-0.284,0.328,-0.766,62.443,-84.885,-92.275,34.32
2175310960,-0.259,0.323,-0.82,67.252,-83.115,-95.298,34.22
2175319116,-0.291,0.323,-0.841,72.611,-78.626,-95.115,34.27
2175325263,-0.351,0.354,-0.81,72.855,-81.969,-92.992,34.32
2175331141,-0.385,0.425,-0.859,66.595,-82.641,-87.985,34.27
2175346038,-0.421,0.353,-0.799,61.267,-84.122,-84.779,34.22
2175357361,-0.374,0.273,-0.817,60.962,-85.084,-85.954,34.18
2175363656,-0.338,0.2,-0.797,68.336,-76.275,-90.214,34.22
2175379148,-0.457,0.204,-0.958,71.099,-72.611,-89.191,34.27
2175388695,-0.438,0.191,-0.807,73.847,-72.382,-89.176,34.22
2175395580,-0.665,0.334,-0.877,68.992,-79.45,-80.519,34.27
2175409766,-0.64,0.308,-0.863,55.145,-94.992,-74.427,34.32
2175420323,-0.61,0.299,-0.823,46.473,-105.802,-69.756,34.27
2175424455,-0.562,0.227,-0.904,39.053,-107.374,-66.565,34.27
2175435614,-0.5,0.11,-0.816,43.023,-105.908,-69.16,34.32
2175448177,-0.538,0.136,-0.815,46.779,-102.321,-68.702,34.27
2175457725,-0.558,0.152,-0.763,47.74,-101.847,-66.885,34.22
2175466424,-0.571,0.146,-0.801,49.649,-102.947,-66.229,34.27
2175476603,-0.648,0.154,-0.784,46.473,-106.779,-61.771,34.32
2175489086,-0.69,0.123,-0.762,43.985,-109.969,-57.435,34.18
2175497526,-0.685,0.089,-0.75,40.046,-114.748,-51.893,34.32
2175506420,-0.647,0.077,-0.721,36.626,-114.244,-47.176,34.27
2175518104,-0.615,0.032,-0.701,37.328,-112.489,-46.763,34.22
2175526882,-0.62,-0.0,-0.778,40.748,-107.725,-47.405,34.18
2175533533,-0.698,-0.009,-0.708,44.748,-101.053,-49.466,34.18
2175545490,-0.779,0.027,-0.644,46.748,-104.84,-49.679,34.32
2175557940,-0.793,0.086,-0.747,38.489,-108.107,-46.031,34.27
2175568104,-0.804,0.035,-0.681,30.58,-110.885,-43.328,34.18
2175575978,-0.774,-0.009,-0.67,25.374,-113.573,-41.863,34.27
2175591189,-0.688,-0.082,-0.651,25.496,-109.13,-43.863,34.22
2175596586,-0.707,-0.106,-0.703,32.763,-96.641,-49.008,34.37
2175607445,-0.781,-0.067,-0.608,37.45,-90.168,-52.992,34.32
2175616552,-0.789,-0.043,-0.591,36.901,-89.771,-55.008,34.27
2175627718,-0.797,-0.025,-0.602,32.702,-89.511,-53.954,34.13
2175636343,-0.829,-0.044,-0.602,28.412,-95.725,-50.58,34.27
2175642884,-0.79,-0.102,-0.6,25.237,-96.443,-49.221,34.37
2175660277,-0.742,-0.169,-0.594,26.641,-92.397,-51.435,34.32
2175669554,-0.745,-0.163,-0.541,32.031,-82.992,-53.649,34.27
2175675235,-0.794,-0.134,-0.552,36.305,-73.863,-53.908,34.32
2175689447,-0.844,-0.121,-0.537,37.71,-70.702,-54.672,34.27
2175697812,-0.864,-0.083,-0.507,36.244,-71.389,-53.618,34.32
2175705141,-0.839,-0.086,-0.501,34.794,-74.962,-51.649,34.18
2175716342,-0.815,-0.101,-0.531,34.947,-75.603,-49.191,34.22
2175729109,-0.805,-0.143,-0.492,37.389,-74.275,-49.405,34.37
2175734059,-0.8,-0.145,-0.475,42.672,-72.58,-51.038,34.32
2175746104,-0.82,-0.109,-0.48,43.069,-70.321,-50.885,34.22
2175755431,-0.825,-0.122,-0.449,41.908,-68.687,-50.885,34.27
2175766874,-0.883,-0.098,-0.426,40.076,-66.794,-50.687,34.22
2175777138,-0.903,-0.107,-0.415,35.664,-68.443,-50.382,34.27
2175784632,-0.896,-0.136,-0.399,32.092,-68.26,-48.305,34.32
2175798655,-0.895,-0.156,-0.377,30.595,-68.611,-46.29,34.27
2175809512,-0.877,-0.219,-0.391,30.244,-69.939,-44.305,34.22
2175817827,-0.868,-0.27,-0.428,28.382,-71.313,-42.534,34.27
2175828028,-0.864,-0.254,-0.322,28.718,-70.305,-41.664,34.32
2175832802,-0.861,-0.232,-0.277,35.924,-63.954,-42.427,34.37
2175843894,-0.869,-0.178,-0.322,33.679,-62.84,-44.107,34.22
2175856720,-0.91,-0.2,-0.265,28.611,-61.176,-42.595,34.18
2175868169,-0.916,-0.233,-0.28,24.58,-66.061,-47.145,34.27
2175877587,-0.875,-0.331,-0.282,25.847,-67.145,-52.061,34.22
2175888797,-0.847,-0.346,-0.268,26.321,-64.397,-49.206,34.27
2175897089,-0.849,-0.346,-0.281,30.489,-58.214,-39.603,34.32
2175906755,-0.854,-0.333,-0.247,32.901,-53.603,-36.824,34.27
2175916999,-0.865,-0.322,-0.187,33.557,-50.947,-32.473,34.22
2175929802,-0.856,-0.308,-0.205,33.115,-50.305,-29.344,34.27
2175935952,-0.875,-0.335,-0.242,32.504,-48.489,-29.786,34.22
2175947057,-0.883,-0.344,-0.199,33.313,-46.244,-32.198,34.18
2175953527,-0.874,-0.342,-0.166,32.718,-47.267,-34.015,34.32
2175966686,-0.844,-0.349,-0.206,31.435,-46.55,-34.931,34.22
2175977243,-0.828,-0.356,-0.177,32.718,-44.137,-33.634,34.18
2175987681,-0.828,-0.331,-0.165,35.634,-43.557,-33.695,34.32
2175997944,-0.802,-0.313,-0.22,36.885,-41.282,-34.534,34.27
2176005352,-0.808,-0.32,-0.151,37.954,-39.725,-33.603,34.32
2176016342,-0.84,-0.292,-0.152,38.153,-39.13,-32.031,34.18
2176028908,-0.851,-0.299,-0.129,36.412,-38.733,-31.267,34.22
2176036956,-0.854,-0.315,-0.115,35.191,-41.328,-31.557,34.27
2176044915,-0.838,-0.31,-0.097,32.687,-40.962,-30.672,34.22
2176056714,-0.802,-0.289,-0.059,31.221,-38.702,-23.588,34.27
2176069547,-0.845,-0.333,-0.103,31.832,-38.718,-25.878,34.27
2176079141,-0.809,-0.367,-0.082,35.573,-39.008,-26.809,34.27
2176083209,-0.825,-0.364,-0.083,36.305,-38.107,-24.427,34.27
2176100238,-0.841,-0.355,-0.05,37.328,-39.985,-21.954,34.22
2176107621,-0.825,-0.32,-0.013,35.45,-45.802,-17.817,34.27
2176118197,-0.814,-0.327,-0.031,32.366,-50.0,-15.206,34.22
2176127041,-0.799,-0.374,-0.048,30.382,-51.16,-14.809,34.18
2176137383,-0.795,-0.385,-0.009,28.351,-49.817,-16.366,34.32
2176143538,-0.777,-0.36,0.038,24.137,-48.947,-15.817,34.27
2176154956,-0.781,-0.422,0.007,21.695,-46.351,-14.061,34.22
2176166975,-0.797,-0.431,0.031,17.313,-47.145,-12.84,34.22
2176182251,-0.795,-0.425,0.05,15.71,-46.244,-10.931,34.27
2176186843,-0.812,-0.409,0.041,14.229,-47.847,-11.603,34.22
2176196794,-0.784,-0.436,0.074,13.74,-45.893,-11.252,34.27
2176210682,-0.792,-0.487,0.058,16.336,-43.802,-9.725,34.22
2176216776,-0.812,-0.457,0.054,11.802,-47.359,-14.046,34.27
2176227773,-0.735,-0.49,0.075,15.359,-44.076,-16.489,34.32
2176240214,-0.767,-0.44,0.058,15.16,-42.748,-16.137,34.27
2176246857,-0.763,-0.422,0.099,14.519,-42.092,-17.267,34.22
2176253682,-0.734,-0.451,0.111,12.687,-40.84,-17.481,34.27
2176268293,-0.762,-0.434,0.122,14.168,-41.71,-15.481,34.22
2176277864,-0.763,-0.386,0.084,10.229,-43.389,-16.55,34.27
2176286029,-0.778,-0.419,0.104,8.26,-44.809,-13.664,34.22
2176296904,-0.755,-0.414,0.108,7.878,-42.824,-13.664,34.27
2176306387,-0.745,-0.442,0.142,8.275,-41.16,-12.168,34.22
2176316273,-0.712,-0.485,0.136,11.634,-37.16,-11.74,34.32
2176329102,-0.703,-0.476,0.1,13.71,-30.84,-15.527,34.18
2176336957,-0.772,-0.448,0.124,11.954,-27.45,-16.198,34.22
2176346057,-0.78,-0.432,0.128,11.557,-26.702,-13.191,34.18
2176352693,-0.727,-0.452,0.094,12.611,-19.16,-14.351,34.32
2176364565,-0.745,-0.447,0.082,13.115,-10.076,-21.099,34.27
2176377459,-0.762,-0.437,0.102,14.458,-3.42,-20.214,34.13
2176387089,-0.71,-0.455,0.133,15.817,0.031,-21.023,34.27
2176397984,-0.715,-0.416,0.142,18.779,4.931,-21.206,34.32
2176410009,-0.715,-0.428,0.143,20.809,8.656,-21.115,34.27
2176415276,-0.746,-0.421,0.18,21.802,11.221,-20.107,34.22
2176426911,-0.753,-0.423,0.17,22.794,15.435,-18.443,34.27
2176437784,-0.771,-0.415,0.179,23.069,18.824,-16.779,34.22
2176445798,-0.791,-0.422,0.195,22.672,20.855,-14.458,34.18
2176452176,-0.794,-0.432,0.176,22.702,22.351,-12.656,34.27
2176464289,-0.8,-0.415,0.166,21.511,23.069,-10.26,34.32
2176477360,-0.798,-0.412,0.188,18.595,21.252,-7.206,34.18
2176486789,-0.764,-0.414,0.187,16.87,19.145,-4.55,34.13
2176499238,-0.736,-0.422,0.177,15.71,18.26,-3.389,34.27
2176510212,-0.734,-0.424,0.169,15.42,18.382,-2.58,34.32
2176515273,-0.729,-0.447,0.167,15.053,19.176,-1.878,34.18
2176526901,-0.748,-0.443,0.16,14.137,17.267,-1.038,34.22
2176537871,-0.754,-0.416,0.154,11.13,14.916,0.656,34.37
2176546658,-0.763,-0.411,0.136,6.153,10.55,2.382,34.22
2176552885,-0.74,-0.424,0.164,2.626,6.763,3.664,34.18
2176565351,-0.703,-0.45,0.188,0.443,3.328,3.863,34.32
2176577807,-0.686,-0.458,0.192,0.305,4.366,2.061,34.27
2176587446,-0.698,-0.483,0.177,1.008,5.985,1.038,34.22
2176593566,-0.688,-0.492,0.195,1.176,6.595,0.0,34.27
2176611018,-0.676,-0.507,0.193,3.588,7.954,-0.901,34.27
2176617905,-0.676,-0.486,0.182,6.031,10.794,-3.099,34.22
2176625417,-0.7,-0.445,0.187,5.832,9.496,-4.046,34.27
2176637040,-0.714,-0.443,0.19,4.076,5.878,-3.954,34.32
2176647746,-0.712,-0.444,0.176,2.824,4.137,-4.565,34.27
2176655222,-0.733,-0.43,0.168,0.641,2.611,-4.992,34.32
2176662155,-0.714,-0.435,0.177,-1.145,1.099,-5.573,34.27
2176676330,-0.702,-0.449,0.162,-1.603,0.84,-5.725,34.22
2176687144,-0.698,-0.455,0.162,-2.137,2.351,-6.519,34.27
2176696253,-0.705,-0.455,0.16,-3.023,1.969,-6.748,34.22
2176709006,-0.721,-0.437,0.179,-4.321,1.664,-5.893,34.27
2176715346,-0.708,-0.431,0.184,-4.916,1.16,-5.71,34.22
2176725766,-0.731,-0.434,0.174,-5.496,0.031,-5.252,34.18
2176737203,-0.735,-0.443,0.141,-7.176,-1.42,-4.565,34.27
2176748072,-0.747,-0.437,0.138,-9.206,-3.16,-4.214,34.27
2176755971,-0.739,-0.44,0.152,-11.145,-3.725,-2.992,34.27
2176762880,-0.724,-0.451,0.182,-11.145,-2.061,-2.366,34.22
2176776574,-0.708,-0.462,0.208,-9.466,0.702,-2.84,34.27
2176787899,-0.719,-0.455,0.187,-8.458,4.061,-2.947,34.22
2176797044,-0.74,-0.437,0.172,-9.13,5.542,-1.954,34.27
2176809497,-0.74,-0.443,0.169,-9.573,6.183,-0.901,34.32
2176815846,-0.752,-0.442,0.152,-11.145,6.916,0.504,34.27
2176826296,-0.737,-0.443,0.148,-12.626,9.328,1.176,34.32
2176839190,-0.721,-0.445,0.18,-13.206,12.641,1.664,34.18
2176848749,-0.725,-0.443,0.234,-10.962,16.656,2.595,34.32
2176856812,-0.718,-0.45,0.191,-8.672,20.763,2.534,34.18
2176863876,-0.737,-0.44,0.167,-9.176,21.71,3.176,34.22
2176876999,-0.777,-0.424,0.128,-10.412,19.939,4.916,34.18
2176887786,-0.785,-0.428,0.121,-12.992,16.962,7.725,34.27
2176896786,-0.759,-0.431,0.088,-16.718,16.947,8.931,34.18
2176908132,-0.762,-0.457,0.144,-18.076,17.969,9.756,34.18
2176916275,-0.758,-0.467,0.155,-17.481,20.748,10.824,34.22
2176926622,-0.763,-0.454,0.111,-16.046,24.198,11.695,34.27
2176935724,-0.785,-0.438,0.099,-17.969,25.878,12.351,34.32
2176949191,-0.789,-0.431,0.078,-21.573,26.137,15.542,34.27
2176956743,-0.769,-0.437,0.093,-22.168,26.641,16.87,34.22
2176963655,-0.761,-0.448,0.076,-22.687,29.71,16.626,34.27
2176980946,-0.785,-0.448,0.031,-23.267,32.183,17.405,34.22
2176987744,-0.778,-0.398,0.062,-25.618,31.252,17.557,34.18
2176997171,-0.771,-0.427,0.026,-25.267,30.092,20.885,34.13
2177009606,-0.771,-0.409,-0.037,-27.328,32.076,21.16,34.27
2177019253,-0.807,-0.458,-0.064,-28.229,33.344,22.351,34.27
2177026165,-0.812,-0.46,-0.012,-25.42,33.45,25.359,34.22
2177032710,-0.836,-0.405,0.003,-29.863,33.267,25.038,34.37
2177048845,-0.868,-0.403,-0.019,-36.305,30.336,26.046,34.18
2177056103,-0.851,-0.393,0.007,-42.641,28.977,26.565,34.27
2177063040,-0.799,-0.43,0.033,-41.985,30.779,25.176,34.22
2177076150,-0.768,-0.48,0.007,-40.504,35.466,24.916,34.27
2177087949,-0.733,-0.505,-0.022,-38.687,41.237,23.771,34.22
2177094195,-0.757,-0.489,0.021,-34.824,43.466,26.321,34.27
2177110765,-0.795,-0.446,-0.005,-34.641,45.389,30.641,34.41
2177120182,-0.788,-0.388,-0.014,-39.496,45.893,31.267,34.27
2177125434,-0.805,-0.413,-0.012,-40.763,46.763,32.718,34.22
2177138450,-0.811,-0.406,-0.025,-41.023,50.809,33.298,34.27
2177148630,-0.818,-0.401,-0.043,-41.145,51.328,30.885,34.27
2177155117,-0.832,-0.381,-0.085,-42.443,54.748,31.954,34.22
2177166948,-0.814,-0.404,-0.045,-40.794,56.153,32.366,34.27
2177176878,-0.846,-0.342,-0.093,-43.038,59.038,34.565,34.22
2177188840,-0.835,-0.34,-0.137,-45.359,57.725,35.481,34.18
2177194586,-0.85,-0.34,-0.099,-45.817,59.298,35.573,34.27
2177205574,-0.886,-0.316,-0.118,-47.969,60.87,35.267,34.18
2177218141,-0.862,-0.324,-0.125,-48.656,62.885,34.718,34.32
2177223864,-0.844,-0.35,-0.127,-46.351,64.656,31.573,34.27
2177238570,-0.839,-0.351,-0.172,-43.863,67.221,31.985,34.22
2177250829,-0.85,-0.312,-0.15,-43.328,69.282,34.763,34.18
2177255359,-0.845,-0.294,-0.204,-45.359,70.885,36.092,34.32
2177265613,-0.848,-0.289,-0.215,-46.26,72.275,35.924,34.27
2177273664,-0.872,-0.276,-0.218,-45.817,74.214,35.038,34.22
2177289049,-0.891,-0.271,-0.197,-46.351,74.656,35.023,34.32
2177296625,-0.878,-0.287,-0.252,-44.153,76.214,35.069,34.27
2177306804,-0.891,-0.282,-0.254,-42.412,76.641,35.618,34.32
2177320211,-0.892,-0.275,-0.301,-41.832,75.74,36.26,34.27
2177327885,-0.881,-0.257,-0.289,-43.069,75.313,37.313,34.32
2177337263,-0.864,-0.25,-0.33,-43.466,77.023,36.748,34.18
2177349172,-0.877,-0.245,-0.286,-45.771,76.214,37.206,34.22
2177357315,-0.826,-0.235,-0.258,-45.115,78.046,35.466,34.27
2177364319,-0.821,-0.22,-0.322,-43.847,80.244,35.115,34.22
2177376498,-0.833,-0.267,-0.352,-42.565,81.847,35.527,34.18
2177389713,-0.853,-0.251,-0.339,-41.557,81.053,34.977,34.22
2177395517,-0.849,-0.236,-0.382,-42.702,80.427,35.725,34.18
2177406818,-0.828,-0.244,-0.392,-43.954,81.618,35.13,34.22
2177422419,-0.83,-0.233,-0.411,-44.214,89.221,32.962,34.27
2177427065,-0.844,-0.196,-0.384,-47.069,88.382,32.031,34.18
2177435000,-0.846,-0.192,-0.424,-50.855,90.641,32.427,34.22
2177446024,-0.791,-0.253,-0.478,-52.137,91.16,32.229,34.27
2177456775,-0.763,-0.253,-0.491,-47.588,91.45,31.634,34.32
2177462981,-0.757,-0.202,-0.491,-45.176,92.702,29.695,34.27
2177474904,-0.734,-0.171,-0.513,-43.45,98.168,26.947,34.22
2177489485,-0.793,-0.115,-0.534,-45.954,101.053,26.824,34.27
2177496016,-0.805,-0.12,-0.518,-50.489,95.969,28.26,34.22
2177505775,-0.742,-0.166,-0.542,-50.855,95.618,29.817,34.37
2177519521,-0.729,-0.216,-0.554,-42.626,98.198,30.168,34.32
2177527098,-0.756,-0.18,-0.605,-38.198,98.351,31.603,34.27
2177537719,-0.727,-0.128,-0.591,-35.954,96.809,32.153,34.22
2177547261,-0.753,-0.071,-0.66,-37.557,96.366,34.0,34.18
2177557280,-0.719,-0.063,-0.612,-40.214,98.672,31.725,34.22
2177566810,-0.781,-0.025,-0.649,-43.191,99.786,31.634,34.27
2177573732,-0.828,0.0,-0.667,-52.198,95.023,29.954,34.22
2177586365,-0.806,-0.031,-0.688,-57.42,92.779,29.756,34.22
2177596788,-0.763,-0.092,-0.691,-58.931,90.733,29.695,34.27
2177606410,-0.729,-0.096,-0.669,-53.939,90.885,29.313,34.22
2177619089,-0.731,-0.042,-0.698,-52.794,86.565,30.656,34.27
2177628844,-0.687,0.018,-0.686,-55.679,83.481,32.58,34.22
2177636145,-0.601,-0.002,-0.668,-54.473,87.42,30.412,34.18
2177647599,-0.667,0.044,-0.716,-55.328,86.58,31.802,34.32
2177658299,-0.715,0.087,-0.803,-61.893,84.58,35.374,34.37
2177665979,-0.638,-0.003,-0.721,-62.168,80.977,35.542,34.22
2177672834,-0.623,-0.007,-0.733,-59.145,81.237,35.313,34.18
2177690028,-0.636,0.019,-0.783,-58.427,82.26,38.565,34.32
2177700383,-0.638,0.02,-0.779,-57.603,79.817,41.282,34.27
2177705613,-0.594,0.045,-0.749,-57.13,77.908,41.71,34.32
2177720840,-0.545,0.073,-0.787,-56.794,80.122,41.756,34.18
2177725398,-0.559,0.09,-0.765,-56.947,81.359,42.29,34.27
2177735469,-0.558,0.114,-0.796,-58.214,80.107,43.527,34.22
2177747772,-0.54,0.093,-0.799,-60.214,79.252,43.771,34.18
2177757463,-0.555,0.091,-0.804,-59.16,79.557,44.55,34.22
2177765318,-0.533,0.118,-0.834,-59.878,79.069,46.076,34.27
2177772206,-0.519,0.112,-0.833,-57.237,79.084,48.351,34.22
2177785546,-0.512,0.157,-0.779,-56.427,77.771,48.977,34.27
2177798047,-0.479,0.205,-0.826,-57.527,76.336,48.962,34.22
2177803572,-0.452,0.209,-0.787,-58.031,77.374,46.29,34.18
2177821798,-0.433,0.233,-0.807,-59.008,78.809,41.908,34.22
2177829367,-0.442,0.245,-0.782,-61.313,79.939,38.702,34.27
2177835876,-0.439,0.267,-0.781,-63.588,78.107,38.076,34.22
2177846189,-0.415,0.254,-0.787,-64.718,74.611,36.626,34.27
2177853862,-0.375,0.26,-0.806,-62.977,72.794,33.573,34.22
2177865049,-0.368,0.244,-0.801,-61.221,70.656,32.565,34.27
2177878305,-0.347,0.268,-0.79,-57.511,70.214,29.481,34.27
2177886263,-0.354,0.291,-0.816,-58.519,69.069,29.145,34.13
2177900637,-0.387,0.276,-0.866,-58.718,67.13,30.168,34.18
2177904725,-0.362,0.251,-0.772,-60.382,61.496,32.412,34.22
2177919624,-0.336,0.276,-0.804,-58.901,59.038,34.412,34.18
2177928431,-0.319,0.271,-0.824,-58.0,57.237,36.519,34.22
2177936072,-0.293,0.247,-0.866,-53.282,54.779,37.084,34.27
2177948819,-0.261,0.231,-0.832,-46.214,57.023,37.695,34.32
2177957359,-0.253,0.247,-0.858,-39.252,61.588,37.863,34.18
2177964833,-0.302,0.28,-0.859,-35.817,62.183,39.817,34.13
2177976340,-0.272,0.295,-0.859,-36.0,60.992,40.702,34.37
2177987040,-0.277,0.294,-0.887,-36.092,61.511,41.847,34.32
2178001441,-0.261,0.305,-0.884,-35.71,62.565,41.344,34.18
2178004266,-0.222,0.325,-0.898,-35.176,64.779,40.0,34.22
2178019880,-0.2,0.289,-0.899,-33.802,68.656,38.275,34.27
2178029635,-0.231,0.31,-0.93,-29.771,71.557,37.16,34.27
2178036080,-0.227,0.325,-0.906,-28.565,70.855,36.29,34.22
2178048989,-0.188,0.344,-0.932,-27.542,71.084,35.298,34.27
2178059116,-0.223,0.38,-0.952,-30.122,71.863,37.206,34.32
2178065315,-0.18,0.377,-0.916,-32.153,70.305,36.183,34.18
2178075969,-0.12,0.389,-0.923,-32.473,71.511,32.84,34.22
2178087953,-0.091,0.408,-0.912,-31.954,75.191,29.206,34.27
2178097414,-0.079,0.429,-0.922,-31.16,77.634,24.656,34.32
2178106915,-0.102,0.419,-0.923,-31.802,78.595,20.015,34.18
2178117432,-0.135,0.442,-0.898,-33.817,77.008,17.282,34.32
2178128836,-0.125,0.441,-0.886,-37.71,73.725,16.779,34.27
2178134627,-0.096,0.432,-0.849,-42.0,71.282,16.931,34.22
2178145402,-0.015,0.422,-0.865,-39.542,70.977,15.13,34.18
2178161506,-0.02,0.444,-0.912,-37.237,73.115,15.405,34.22
2178166084,0.023,0.415,-0.883,-34.076,73.664,14.718,34.27
2178175751,0.009,0.458,-0.912,-30.351,74.626,16.137,34.27
2178182815,0.001,0.458,-0.906,-30.748,75.237,18.336,34.13
2178198962,0.003,0.503,-0.861,-32.031,72.687,20.443,34.27
2178207897,0.017,0.548,-0.911,-35.237,72.046,21.863,34.22
2178214474,0.03,0.496,-0.917,-37.237,73.023,22.824,34.18
2178230959,0.071,0.52,-0.903,-36.824,73.389,23.649,34.32
2178235824,0.108,0.476,-0.914,-33.481,77.374,24.87,34.27
2178247325,0.086,0.496,-0.941,-29.695,77.924,29.603,34.22
2178256968,0.143,0.526,-0.885,-27.588,78.046,32.992,34.27
2178267489,0.165,0.575,-0.933,-26.351,80.763,34.611,34.22
2178275871,0.111,0.619,-0.891,-28.015,82.672,35.771,34.27
2178282654,0.116,0.628,-0.947,-34.84,82.29,36.809,34.22
2178300743,0.118,0.592,-0.906,-38.763,80.977,36.779,34.18
2178310030,0.129,0.554,-0.925,-38.718,82.122,38.183,34.27
2178316191,0.183,0.543,-0.906,-37.038,81.679,39.481,34.27
2178328708,0.224,0.573,-0.897,-33.832,85.542,40.87,34.18
2178335002,0.233,0.609,-0.911,-33.985,86.565,42.0,34.22
2178345864,0.258,0.584,-0.922,-35.13,88.626,41.328,34.27
2178357365,0.253,0.582,-0.892,-35.282,90.962,37.298,34.22
2178366804,0.24,0.579,-0.911,-38.534,91.374,36.107,34.27
2178376097,0.195,0.57,-0.882,-42.855,93.603,33.496,34.22
2178383187,0.222,0.521,-0.888,-46.244,90.931,31.618,34.27
2178400533,0.273,0.488,-0.823,-44.015,90.885,28.611,34.32
2178406367,0.306,0.562,-0.835,-43.863,91.099,30.672,34.37
2178416401,0.423,0.503,-0.854,-41.969,97.939,28.321,34.22
2178429923,0.368,0.553,-0.819,-40.656,100.595,30.87,34.22
2178438446,0.367,0.565,-0.768,-41.221,102.397,32.229,34.18
2178447078,0.356,0.553,-0.78,-41.664,103.435,31.542,34.32
2178457483,0.299,0.58,-0.749,-45.008,100.641,30.489,34.27
2178466891,0.292,0.612,-0.754,-51.679,96.153,29.847,34.27
2178476087,0.365,0.572,-0.7,-55.924,95.191,25.481,34.18
2178483193,0.38,0.536,-0.653,-52.595,93.176,21.191,34.22
2178497463,0.438,0.584,-0.641,-51.695,90.58,20.351,34.27
2178506979,0.468,0.592,-0.638,-49.328,90.611,21.359,34.22
2178516962,0.444,0.585,-0.627,-48.275,82.351,23.542,34.18
2178529213,0.474,0.589,-0.606,-44.702,79.221,25.603,34.13
2178538859,0.375,0.642,-0.573,-46.779,70.84,26.275,34.37
2178546856,0.437,0.675,-0.508,-52.794,63.802,24.229,34.22
2178559012,0.419,0.706,-0.486,-58.87,55.649,22.58,34.13
2178570292,0.541,0.653,-0.479,-61.206,50.427,18.397,34.27
2178576586,0.62,0.618,-0.477,-58.26,46.794,16.198,34.22
2178583468,0.609,0.623,-0.461,-50.87,41.588,17.695,34.27
2178596737,0.596,0.631,-0.453,-45.359,34.183,22.931,34.22
2178608270,0.622,0.634,-0.441,-43.725,25.832,29.038,34.27
2178616216,0.623,0.627,-0.404,-42.015,15.252,34.031,34.32
2178630784,0.649,0.573,-0.397,-37.771,14.26,32.672,34.27
2178639848,0.566,0.623,-0.394,-35.023,9.603,30.977,34.32
2178646265,0.523,0.651,-0.368,-35.267,-2.107,28.763,34.27
2178657358,0.523,0.661,-0.353,-37.115,-18.427,28.794,34.22
2178669132,0.607,0.63,-0.368,-37.328,-32.656,29.588,34.22
2178676927,0.658,0.593,-0.404,-33.588,-43.115,30.672,34.18
2178683414,0.691,0.567,-0.396,-26.489,-46.931,31.298,34.37
2178696514,0.758,0.537,-0.415,-17.252,-46.855,29.191,34.27
2178706730,0.782,0.577,-0.363,-7.389,-46.122,25.008,34.22
2178715308,0.693,0.643,-0.391,2.519,-46.397,19.603,34.18
2178727071,0.686,0.655,-0.42,3.282,-53.603,16.351,34.32
2178744271,0.642,0.662,-0.46,2.0,-59.969,14.473,34.27
2178746122,0.638,0.645,-0.472,-0.687,-66.565,11.679,34.22
2178756423,0.617,0.588,-0.478,3.221,-71.878,7.16,34.27
2178768349,0.585,0.573,-0.506,6.824,-79.298,4.855,34.22
2178775808,0.605,0.581,-0.528,9.145,-83.664,0.534,34.18
2178784288,0.607,0.584,-0.528,12.809,-88.153,-4.076,34.27
2178796477,0.643,0.578,-0.527,15.679,-90.351,-8.321,34.32
2178809386,0.623,0.585,-0.565,19.771,-89.267,-13.893,34.27
2178818796,0.595,0.603,-0.595,18.687,-90.595,-18.122,34.22
2178825642,0.598,0.576,-0.587,20.046,-91.16,-21.481,34.27
2178838902,0.566,0.592,-0.592,21.038,-92.885,-24.565,34.32
2178847346,0.58,0.542,-0.609,24.061,-93.496,-27.863,34.27
2178855069,0.544,0.56,-0.601,28.382,-92.275,-30.046,34.22
2178866891,0.56,0.522,-0.626,35.023,-91.298,-34.046,34.37
2178878227,0.522,0.552,-0.641,37.664,-87.71,-38.687,34.13
2178884130,0.433,0.596,-0.659,37.13,-89.603,-41.008,34.22
2178897474,0.438,0.59,-0.678,37.832,-91.221,-44.672,34.27
2178909697,0.407,0.557,-0.683,40.183,-91.649,-47.756,34.18
2178916171,0.391,0.55,-0.65,43.252,-94.504,-51.42,34.27
2178927159,0.406,0.575,-0.697,47.282,-94.153,-53.679,34.22
2178938861,0.371,0.558,-0.725,48.198,-93.557,-56.153,34.18
2178947820,0.336,0.585,-0.74,46.763,-93.511,-60.26,34.13
2178955567,0.252,0.578,-0.727,44.519,-94.779,-65.176,34.27
2178968890,0.222,0.549,-0.688,44.168,-100.656,-71.389,34.22
2178979258,0.282,0.521,-0.726,48.336,-100.84,-79.649,34.18
2178984449,0.247,0.504,-0.735,53.252,-98.992,-84.305,34.22
2178995475,0.179,0.513,-0.736,58.611,-100.076,-84.916,34.22
2179006504,0.097,0.539,-0.793,55.298,-107.053,-80.137,34.18
2179018264,0.17,0.498,-0.752,52.718,-108.305,-81.42,34.32
2179027711,0.131,0.484,-0.771,54.855,-103.496,-83.084,34.27
2179035229,0.074,0.458,-0.739,55.863,-98.458,-86.0,34.32
2179046834,0.073,0.435,-0.769,61.496,-99.023,-86.076,34.27
2179057496,0.027,0.471,-0.767,65.969,-98.626,-82.931,34.22
2179069785,0.027,0.474,-0.746,68.748,-104.565,-77.771,34.08
2179079091,0.062,0.458,-0.857,70.397,-104.962,-74.244,34.22
2179083889,0.095,0.379,-0.825,69.282,-99.954,-71.45,34.27
2179094475,0.027,0.443,-0.809,76.55,-94.214,-72.916,34.22
2179107565,-0.065,0.446,-0.852,75.466,-90.779,-73.603,34.22
2179116127,-0.174,0.412,-0.869,75.71,-92.519,-76.031,34.27
2179125177,-0.208,0.422,-0.839,74.427,-98.336,-75.634,34.27
2179137448,-0.183,0.434,-0.844,71.985,-105.939,-74.672,34.27
2179153291,-0.166,0.401,-0.916,66.824,-110.779,-72.733,34.22
2179155923,-0.091,0.367,-0.865,65.221,-111.695,-73.252,34.37
2179167099,-0.088,0.383,-0.891,68.122,-105.74,-74.901,34.13
2179178114,-0.241,0.385,-0.88,69.588,-101.954,-74.916,34.18
2179186099,-0.317,0.38,-0.824,65.817,-107.832,-73.969,34.22
2179192744,-0.305,0.365,-0.846,62.458,-115.42,-72.061,34.27
2179205095,-0.333,0.306,-0.879,61.038,-116.153,-70.061,34.27
2179218352,-0.337,0.3,-0.8,63.985,-121.267,-68.916,34.13
2179227874,-0.307,0.281,-0.899,64.443,-121.359,-66.122,34.37
2179236089,-0.393,0.275,-0.899,62.931,-120.382,-60.733,34.22
2179246825,-0.39,0.271,-0.867,58.947,-122.656,-58.519,34.18
2179256315,-0.447,0.277,-0.88,55.878,-121.344,-56.718,34.22
2179267715,-0.52,0.263,-0.838,50.336,-121.924,-56.702,34.08
2179277526,-0.472,0.159,-0.851,52.427,-120.656,-60.351,34.13
2179285323,-0.547,0.159,-0.853,57.405,-115.405,-60.962,34.27
2179295561,-0.635,0.218,-0.815,53.634,-120.031,-55.267,34.13
2179302410,-0.598,0.221,-0.84,45.313,-127.802,-51.618,34.27
2179320056,-0.516,0.217,-0.814,38.565,-132.061,-46.977,34.32
2179330059,-0.527,0.186,-0.853,35.099,-133.496,-43.069,34.18
2179336226,-0.467,0.053,-0.805,42.809,-122.412,-48.122,34.27
2179348926,-0.633,0.067,-0.823,51.099,-114.55,-50.672,34.27
2179358952,-0.774,0.14,-0.749,50.336,-117.344,-47.405,34.37
2179365662,-0.748,0.146,-0.765,41.573,-124.855,-45.466,34.13
2179375552,-0.763,0.154,-0.784,34.489,-129.42,-42.977,34.18
2179387299,-0.764,0.155,-0.827,18.794,-140.641,-36.504,34.22
2179394020,-0.632,0.033,-0.813,12.489,-141.374,-36.565,34.37
2179405348,-0.601,-0.021,-0.711,21.145,-128.229,-43.13,34.22
2179418432,-0.689,0.009,-0.74,29.695,-116.809,-47.863,34.27
2179429268,-0.781,0.081,-0.631,25.863,-115.023,-47.16,34.22
2179437420,-0.791,0.093,-0.62,17.618,-130.489,-43.817,34.37
2179446960,-0.69,0.03,-0.652,15.786,-130.321,-45.267,34.22
2179458903,-0.718,-0.001,-0.64,19.817,-125.359,-46.107,34.13
2179467654,-0.698,-0.038,-0.609,21.221,-121.695,-49.023,34.27
2179475921,-0.689,-0.077,-0.585,27.863,-111.145,-52.046,34.22
2179487252,-0.783,-0.066,-0.522,32.137,-106.763,-51.985,34.27
2179496168,-0.858,-0.071,-0.599,35.573,-105.618,-51.099,34.22
2179502986,-0.921,-0.021,-0.522,32.397,-102.305,-50.901,34.27
2179514652,-0.883,-0.018,-0.43,30.626,-104.427,-52.092,34.32
2179529304,-0.87,0.038,-0.456,24.351,-105.45,-53.282,34.27
2179537428,-0.873,0.03,-0.531,13.328,-104.641,-52.962,34.22
2179545182,-0.792,-0.113,-0.493,13.008,-100.779,-56.336,34.18
2179559362,-0.813,-0.164,-0.434,22.275,-93.771,-61.145,34.22
2179567480,-0.884,-0.112,-0.446,28.092,-86.153,-61.023,34.27
2179578136,-0.947,-0.096,-0.414,28.565,-86.015,-60.412,34.27
2179587524,-0.965,-0.094,-0.41,26.733,-85.099,-59.588,34.22
2179598579,-0.918,-0.067,-0.332,23.496,-87.542,-60.137,34.18
2179605635,-0.888,-0.087,-0.411,20.84,-88.611,-58.672,34.32
2179612491,-0.863,-0.105,-0.375,17.344,-87.847,-59.237,34.18
2179630046,-0.859,-0.133,-0.365,13.344,-88.061,-57.542,34.22
2179636664,-0.835,-0.175,-0.309,11.466,-85.282,-56.687,34.27
2179646380,-0.901,-0.176,-0.297,12.855,-84.168,-56.519,34.22
2179659297,-0.946,-0.179,-0.308,14.015,-85.16,-54.626,34.27
2179669095,-0.786,-0.279,-0.207,26.153,-70.947,-53.893,34.32
2179676083,-0.876,-0.235,-0.245,37.954,-62.412,-65.023,34.22
2179685916,-0.931,-0.161,-0.245,34.687,-58.931,-61.328,34.27
2179697449,-0.906,-0.19,-0.219,29.832,-63.847,-57.725,34.13
2179704388,-0.883,-0.196,-0.212,27.634,-65.786,-57.298,34.18
2179715374,-0.867,-0.202,-0.199,26.153,-65.679,-57.191,34.22
2179728224,-0.867,-0.252,-0.219,30.061,-60.992,-58.336,34.27
2179738954,-0.913,-0.254,-0.183,36.336,-54.458,-60.595,34.32
2179746652,-0.947,-0.266,-0.177,39.802,-51.298,-59.924,34.27
2179756905,-0.965,-0.197,-0.195,37.115,-50.031,-62.687,34.22
2179768930,-1.024,-0.216,-0.15,35.618,-62.092,-77.588,34.27
2179776922,-0.934,-0.246,-0.138,29.328,-69.084,-66.229,34.32
2179786176,-0.83,-0.227,-0.139,27.603,-64.626,-51.893,34.18
2179797107,-0.825,-0.248,-0.113,29.542,-57.557,-44.031,34.27
2179807155,-0.837,-0.283,-0.127,32.595,-51.023,-38.534,34.22
2179813331,-0.872,-0.287,-0.108,35.374,-46.336,-36.702,34.18
2179829072,-0.893,-0.29,-0.084,37.924,-42.168,-32.656,34.32
2179841003,-0.934,-0.278,-0.082,37.252,-42.809,-35.908,34.27
2179846811,-0.964,-0.276,-0.128,33.267,-44.015,-34.107,34.32
2179857578,-0.962,-0.296,-0.109,29.13,-47.008,-30.26,34.27
2179866336,-0.904,-0.295,-0.091,26.702,-49.16,-29.924,34.22
2179875990,-0.872,-0.317,-0.058,22.748,-54.229,-31.099,34.27
2179886600,-0.86,-0.288,-0.113,19.267,-56.763,-30.336,34.13
2179898903,-0.83,-0.347,-0.02,20.947,-55.573,-29.45,34.27
2179906911,-0.816,-0.348,-0.005,21.939,-55.237,-28.794,34.27
2179916396,-0.835,-0.356,-0.049,22.382,-49.618,-26.809,34.22
2179923116,-0.826,-0.364,0.019,23.42,-46.733,-25.557,34.18
2179939339,-0.822,-0.364,0.016,23.405,-47.237,-21.969,34.27
2179949404,-0.844,-0.359,-0.012,21.16,-45.481,-17.725,34.27
2179957114,-0.82,-0.358,0.016,18.947,-46.198,-14.351,34.22
2179968516,-0.782,-0.372,0.03,19.176,-44.977,-13.695,34.08
2179975009,-0.799,-0.361,0.026,19.282,-42.382,-14.351,34.22
2179988798,-0.79,-0.356,0.029,17.634,-39.786,-13.985,34.18
2179997008,-0.801,-0.375,0.042,16.885,-39.053,-14.702,34.32
2180008725,-0.784,-0.372,0.058,17.435,-34.58,-14.901,34.18
2180015069,-0.782,-0.366,0.062,16.931,-33.084,-15.542,34.13
2180028351,-0.79,-0.378,0.071,15.176,-30.733,-14.137,34.18
2180035086,-0.781,-0.38,0.079,12.718,-30.153,-13.679,34.27
2180046585,-0.783,-0.402,0.089,12.275,-27.618,-14.351,34.22
2180057099,-0.815,-0.374,0.087,7.389,-28.763,-12.611,34.27
2180069964,-0.794,-0.39,0.108,3.313,-28.977,-11.16,34.22
2180079789,-0.775,-0.394,0.122,3.099,-26.504,-12.824,34.27
2180085858,-0.782,-0.419,0.139,2.916,-25.145,-11.374,34.13
2180096502,-0.751,-0.431,0.144,4.992,-22.275,-11.008,34.27
2180108666,-0.713,-0.49,0.104,10.26,-12.702,-15.939,34.22
2180114924,-0.751,-0.425,0.073,12.626,-8.779,-20.153,34.18
2180126355,-0.835,-0.363,0.098,8.84,-9.893,-16.275,34.22
2180142948,-0.825,-0.347,0.052,3.053,-11.008,-13.374,34.27
2180154230,-0.799,-0.357,0.047,-2.794,-8.275,-12.305,34.22
2180156302,-0.774,-0.383,0.102,-1.847,-4.931,-14.427,34.18
2180167531,-0.805,-0.355,0.099,-2.336,-3.344,-14.031,34.22
2180177746,-0.758,-0.365,0.141,-0.763,-1.74,-12.687,34.13
2180185085,-0.784,-0.359,0.142,3.038,0.916,-12.107,34.18
2180197857,-0.775,-0.374,0.139,5.954,4.061,-11.145,34.32
2180205726,-0.794,-0.37,0.146,7.176,5.893,-9.496,34.27
2180215722,-0.796,-0.366,0.15,8.153,5.191,-6.794,34.22
2180226837,-0.789,-0.352,0.151,8.183,5.664,-4.595,34.27
2180235091,-0.791,-0.359,0.153,8.366,5.267,-2.672,34.32
2180247304,-0.775,-0.369,0.15,8.412,5.389,-0.992,34.18
2180257341,-0.772,-0.375,0.146,6.656,4.992,0.779,34.22
2180268126,-0.762,-0.382,0.171,5.908,5.756,1.985,34.27
2180278272,-0.757,-0.383,0.169,5.267,6.977,2.977,34.22
2180285817,-0.742,-0.402,0.16,5.405,7.389,2.718,34.27
2180296693,-0.76,-0.401,0.157,4.718,7.206,3.328,34.22
2180308994,-0.763,-0.379,0.179,3.389,4.458,4.305,34.27
2180317060,-0.749,-0.398,0.142,0.84,2.626,4.733,34.27
2180324214,-0.738,-0.424,0.128,-0.473,1.557,3.298,34.32
2180336676,-0.74,-0.416,0.162,-0.58,0.565,1.908,34.18
2180349993,-0.732,-0.445,0.132,-1.069,1.466,1.053,34.13
2180358125,-0.725,-0.448,0.141,-0.26,2.809,-0.397,34.27
2180365213,-0.719,-0.445,0.156,0.916,3.725,-1.313,34.22
2180377318,-0.725,-0.418,0.169,0.87,4.29,-1.817,34.27
2180386879,-0.716,-0.412,0.16,1.405,4.977,-3.069,34.22
2180397865,-0.719,-0.411,0.151,0.779,5.008,-4.489,34.27
2180409276,-0.736,-0.406,0.151,-0.794,4.198,-4.84,34.32
2180416410,-0.745,-0.403,0.15,-2.183,1.542,-5.023,34.18
2180425901,-0.751,-0.406,0.172,-2.779,-0.305,-5.099,34.22
2180432708,-0.721,-0.419,0.165,-3.313,0.672,-5.817,34.27
2180449358,-0.727,-0.426,0.174,-3.649,1.374,-6.198,34.18
2180458704,-0.727,-0.413,0.173,-3.802,2.626,-6.275,34.18
2180465643,-0.747,-0.415,0.174,-4.153,2.168,-5.954,34.27
2180478292,-0.75,-0.399,0.172,-4.931,1.649,-5.511,34.22
2180488221,-0.752,-0.402,0.155,-6.412,1.13,-5.374,34.27
2180496006,-0.757,-0.394,0.165,-7.573,0.595,-4.687,34.22
2180507451,-0.744,-0.408,0.168,-8.382,0.595,-4.275,34.18
2180516728,-0.74,-0.41,0.182,-8.412,0.992,-3.969,34.32
2180526841,-0.752,-0.405,0.172,-8.473,0.718,-3.267,34.18
2180533861,-0.76,-0.402,0.162,-9.344,0.0,-2.153,34.22
2180549985,-0.744,-0.413,0.181,-9.725,-0.504,-1.038,34.27
2180556877,-0.745,-0.403,0.171,-9.405,-0.046,-0.611,34.22
2180566347,-0.756,-0.402,0.155,-9.954,0.779,-0.534,34.27
2180575441,-0.761,-0.405,0.15,-10.656,0.504,-0.092,34.22
2180586843,-0.754,-0.406,0.162,-11.802,-0.305,0.55,34.27
2180596608,-0.748,-0.407,0.161,-11.802,0.55,0.748,34.27
2180610834,-0.724,-0.437,0.168,-11.221,1.542,0.382,34.27
2180621248,-0.736,-0.424,0.18,-10.198,3.313,0.061,34.27
2180623257,-0.746,-0.417,0.182,-9.313,2.489,0.412,34.22
2180634924,-0.731,-0.419,0.166,-9.206,3.664,0.443,34.27
2180647443,-0.727,-0.415,0.173,-8.015,6.214,0.153,34.22
2180656361,-0.718,-0.421,0.182,-6.931,8.901,-1.008,34.27
2180667261,-0.745,-0.415,0.151,-7.16,11.863,-0.977,34.32
2180675866,-0.774,-0.439,0.159,-6.794,12.779,-0.351,34.27
2180687539,-0.793,-0.421,0.174,-7.008,12.763,1.985,34.22
2180693485,-0.773,-0.405,0.159,-5.924,12.229,2.962,34.27
2180709094,-0.753,-0.396,0.124,-7.313,14.015,3.603,34.22
2180718764,-0.76,-0.396,0.133,-7.924,14.901,3.71,34.32
2180724965,-0.766,-0.41,0.103,-8.275,17.359,4.824,34.27
2180736094,-0.772,-0.421,0.104,-8.824,22.031,5.053,34.22
2180747898,-0.786,-0.414,0.087,-9.282,25.084,5.893,34.18
2180759960,-0.799,-0.413,0.095,-10.305,26.947,7.405,34.22
2180767545,-0.796,-0.399,0.114,-10.977,24.412,9.008,34.27
2180776307,-0.788,-0.385,0.085,-13.038,24.672,10.626,34.22
2180788999,-0.78,-0.404,0.067,-12.992,25.725,10.092,34.18
2180794207,-0.751,-0.42,0.116,-9.206,27.679,9.252,34.32
2180806275,-0.751,-0.42,0.056,-5.893,32.58,9.802,34.18
2180816526,-0.766,-0.435,0.039,-4.275,36.55,9.282,34.22
2180825080,-0.78,-0.422,0.099,-1.863,38.076,9.557,34.27
2180836731,-0.822,-0.363,0.03,-5.603,39.435,9.389,34.18
2180843653,-0.806,-0.402,0.054,-6.702,37.802,10.672,34.22
2180859467,-0.768,-0.406,0.04,-4.626,42.26,10.901,34.27
2180868080,-0.798,-0.41,0.03,-3.725,46.626,9.954,34.32
2180878562,-0.802,-0.402,0.015,-0.824,49.603,10.931,34.18
2180887465,-0.807,-0.403,0.028,-0.137,51.725,11.13,34.22
2180897363,-0.819,-0.365,0.027,-3.802,50.885,9.786,34.27
2180909755,-0.802,-0.381,0.046,-5.679,51.069,11.252,34.32
2180918339,-0.754,-0.38,-0.004,-8.809,53.115,9.405,34.27
2180928852,-0.776,-0.399,-0.038,-9.588,57.42,8.519,34.22
2180937189,-0.801,-0.421,-0.027,-7.42,64.534,9.847,34.18
2180943891,-0.854,-0.414,-0.104,-9.557,64.55,11.481,34.22
2180956117,-0.833,-0.414,-0.047,-6.641,66.351,13.405,34.27
2180967727,-0.839,-0.374,-0.055,-4.901,69.237,15.878,34.22
2180977389,-0.868,-0.312,-0.122,-10.824,68.504,16.702,34.18
2180990107,-0.848,-0.323,-0.132,-16.061,66.107,18.794,34.18
2180997044,-0.781,-0.349,-0.129,-17.847,69.802,18.366,34.32
2181006328,-0.793,-0.347,-0.122,-17.359,75.099,18.595,34.18
2181017825,-0.813,-0.322,-0.137,-16.824,80.58,18.382,34.22
2181025084,-0.86,-0.335,-0.2,-19.466,81.664,20.794,34.27
2181036407,-0.891,-0.349,-0.199,-23.176,78.779,21.725,34.22
2181042767,-0.896,-0.372,-0.212,-24.641,75.954,25.588,34.18
2181056087,-0.88,-0.37,-0.152,-23.298,77.053,27.145,34.22
2181068920,-0.892,-0.351,-0.219,-22.519,77.023,26.977,34.27
2181074777,-0.864,-0.312,-0.239,-25.069,80.611,26.092,34.22
2181086138,-0.891,-0.353,-0.219,-23.374,84.382,26.55,34.08
2181095925,-0.923,-0.325,-0.235,-22.672,83.985,27.191,34.13
2181104809,-0.877,-0.321,-0.248,-23.664,82.641,28.29,34.18
2181116631,-0.887,-0.3,-0.283,-24.504,86.107,30.916,34.32
2181124411,-0.854,-0.312,-0.29,-23.496,91.023,33.573,34.27
2181135258,-0.924,-0.264,-0.356,-25.206,91.145,36.26,34.27
2181146587,-0.926,-0.245,-0.333,-32.458,87.389,37.588,34.22
2181153516,-0.902,-0.237,-0.348,-37.847,87.053,37.145,34.27
2181167745,-0.901,-0.269,-0.39,-39.221,91.45,37.069,34.22
2181176327,-0.882,-0.266,-0.364,-40.687,91.405,35.878,34.18
2181187413,-0.879,-0.246,-0.391,-42.0,90.55,35.878,34.22
2181200653,-0.842,-0.254,-0.433,-44.198,91.405,36.504,34.18
2181206571,-0.847,-0.246,-0.421,-46.0,90.092,36.947,34.22
2181217280,-0.824,-0.223,-0.45,-49.359,90.931,35.954,34.27
2181226634,-0.833,-0.211,-0.488,-54.733,90.504,35.282,34.22
2181237475,-0.852,-0.235,-0.494,-60.076,89.191,34.275,34.18
2181245271,-0.843,-0.27,-0.488,-64.504,89.206,34.061,34.22
2181252167,-0.813,-0.289,-0.487,-62.55,87.664,33.13,34.27
2181269664,-0.762,-0.251,-0.469,-61.756,86.947,34.244,34.13
2181278830,-0.713,-0.183,-0.459,-59.756,86.87,33.939,34.18
2181285122,-0.705,-0.139,-0.502,-62.397,86.29,32.641,34.18
2181298023,-0.666,-0.186,-0.519,-62.87,85.649,29.527,34.22
2181307968,-0.702,-0.209,-0.513,-60.229,85.527,29.069,34.18
2181315031,-0.712,-0.243,-0.558,-58.26,89.13,27.969,34.22
2181327407,-0.758,-0.219,-0.506,-55.847,86.916,28.092,34.27
2181338341,-0.778,-0.191,-0.517,-57.237,83.573,28.977,34.22
2181344313,-0.72,-0.22,-0.559,-56.748,80.076,31.74,34.18
2181357367,-0.706,-0.211,-0.512,-51.313,80.718,30.092,34.13
2181366018,-0.698,-0.173,-0.557,-48.84,78.397,30.55,34.18
2181376401,-0.684,-0.153,-0.586,-49.527,79.847,30.168,34.22
2181386783,-0.702,-0.128,-0.615,-49.802,81.069,30.351,34.18
2181399208,-0.667,-0.108,-0.565,-49.267,82.351,28.122,34.22
2181408192,-0.741,-0.062,-0.595,-50.458,80.183,27.954,34.18
2181415004,-0.689,-0.103,-0.602,-52.58,78.29,25.924,34.27
2181424778,-0.693,-0.125,-0.616,-48.55,77.313,25.695,34.18
2181436488,-0.704,-0.095,-0.663,-47.756,76.061,26.076,34.18
2181443207,-0.689,-0.047,-0.613,-46.84,72.321,26.55,34.13
2181454700,-0.634,-0.036,-0.682,-49.069,71.176,26.809,34.18
2181471553,-0.655,-0.012,-0.649,-48.962,70.55,27.771,34.22
2181478103,-0.643,0.042,-0.677,-52.931,66.046,27.557,34.27
2181487432,-0.622,0.007,-0.696,-54.992,65.313,27.557,34.13
2181495318,-0.608,-0.02,-0.667,-53.328,65.313,26.794,34.18
2181507317,-0.625,0.016,-0.697,-52.046,65.191,28.305,34.22
2181518081,-0.601,0.009,-0.69,-50.29,63.466,28.656,34.18
2181527620,-0.592,0.048,-0.692,-50.305,62.061,31.466,34.22
2181535765,-0.604,0.063,-0.717,-50.0,61.496,33.664,34.27
2181543980,-0.586,0.059,-0.72,-49.649,59.725,34.26,34.13
2181554285,-0.596,0.071,-0.729,-48.137,60.26,34.168,34.22
2181567459,-0.622,0.098,-0.724,-47.573,59.481,35.13,34.18
2181576551,-0.607,0.11,-0.746,-48.748,55.389,36.87,34.18
2181585438,-0.609,0.103,-0.759,-48.656,53.008,39.908,34.18
2181597266,-0.601,0.103,-0.763,-47.145,49.252,42.885,34.22
2181609147,-0.563,0.135,-0.771,-46.626,47.664,45.053,34.18
2181617146,-0.551,0.158,-0.794,-46.443,46.58,45.679,34.22
2181630699,-0.573,0.171,-0.779,-45.664,46.061,45.893,34.27
2181636074,-0.57,0.208,-0.787,-47.618,43.954,45.023,34.22
2181646835,-0.537,0.232,-0.758,-50.702,40.153,45.771,34.18
2181653658,-0.514,0.235,-0.811,-53.099,38.336,48.061,34.22
2181665818,-0.491,0.198,-0.777,-53.099,35.939,51.389,34.27
2181683294,-0.463,0.167,-0.773,-47.954,33.542,54.122,34.13
2181688600,-0.42,0.207,-0.809,-44.733,36.015,56.977,34.18
2181698818,-0.396,0.188,-0.789,-38.122,40.748,57.252,34.18
2181710284,-0.45,0.237,-0.819,-34.519,42.901,57.099,34.22
2181718034,-0.45,0.266,-0.811,-36.336,43.221,55.786,34.18
2181725233,-0.472,0.299,-0.8,-40.458,41.634,55.145,34.37
2181737818,-0.473,0.277,-0.87,-46.443,42.412,54.168,34.18
2181747852,-0.442,0.197,-0.823,-48.183,41.328,52.779,34.22
2181753322,-0.344,0.147,-0.834,-42.824,46.137,49.374,34.18
2181765119,-0.343,0.135,-0.776,-30.046,51.74,44.58,34.13
2181777509,-0.392,0.24,-0.852,-25.863,53.71,43.771,34.27
2181787333,-0.374,0.274,-0.859,-30.275,50.626,45.74,34.22
2181799382,-0.329,0.272,-0.814,-29.237,48.885,45.847,34.27
2181812510,-0.318,0.277,-0.83,-29.038,50.366,44.55,34.22
2181823197,-0.284,0.258,-0.831,-25.435,53.008,41.496,34.22
2181826843,-0.282,0.277,-0.845,-22.504,56.244,40.153,34.27
2181838454,-0.268,0.271,-0.881,-20.473,58.046,38.351,34.13
2181847223,-0.289,0.274,-0.898,-16.015,60.565,36.336,34.18
2181853233,-0.295,0.318,-0.853,-15.069,60.489,34.855,34.13
2181864955,-0.283,0.357,-0.867,-15.954,60.473,33.359,34.27
2181876654,-0.262,0.341,-0.896,-17.71,61.466,32.321,34.22
2181888140,-0.271,0.338,-0.862,-16.87,61.389,31.298,34.27
2181899378,-0.214,0.365,-0.874,-16.229,61.618,29.511,34.13
2181905327,-0.188,0.366,-0.927,-13.634,64.626,27.985,34.27
2181916868,-0.194,0.344,-0.911,-10.473,70.641,25.74,34.22
2181929005,-0.239,0.388,-0.907,-9.756,72.656,24.183,34.37
2181934207,-0.262,0.398,-0.916,-10.565,71.359,25.099,34.18
2181948639,-0.247,0.459,-0.931,-17.908,68.565,25.191,34.18
2181956896,-0.232,0.452,-0.947,-22.473,68.443,25.145,34.18
2181965216,-0.219,0.444,-1.04,-26.351,68.107,24.611,34.22
2181976387,-0.144,0.369,-0.939,-22.458,68.534,24.626,34.18
2181983627,-0.156,0.416,-0.966,-21.954,70.565,26.321,34.32
2181998429,-0.193,0.417,-0.967,-20.015,70.351,27.328,34.37
2182007156,-0.189,0.437,-0.961,-24.153,69.42,28.779,34.13
2182017108,-0.174,0.464,-0.94,-27.344,68.763,28.733,34.18
2182026305,-0.117,0.469,-0.912,-29.252,69.176,26.382,34.22
2182035774,-0.083,0.469,-0.929,-32.565,69.618,25.496,34.18
2182046840,-0.045,0.421,-0.945,-31.511,70.87,24.565,34.22
2182058817,-0.058,0.421,-0.953,-29.374,73.206,26.321,34.27
2182067331,-0.097,0.428,-0.946,-27.542,72.611,28.412,34.27
2182075882,-0.105,0.439,-0.963,-30.076,72.931,30.931,34.13
2182082654,-0.098,0.431,-0.917,-32.229,70.351,32.397,34.18
2182100510,-0.07,0.466,-0.946,-36.458,68.641,33.435,34.27
2182109008,-0.028,0.457,-0.931,-39.252,67.389,32.473,34.37
2182115847,0.024,0.444,-0.927,-38.214,67.74,30.809,34.22
2182128303,0.059,0.445,-0.944,-37.252,70.779,29.237,34.18
2182134726,0.017,0.435,-0.921,-34.992,73.664,28.427,34.22
2182145691,-0.031,0.477,-0.91,-35.496,72.824,29.557,34.18
2182157122,-0.02,0.485,-0.894,-39.344,68.214,31.618,34.22
2182168108,0.047,0.498,-0.869,-43.13,64.855,33.832,34.18
2182175596,0.089,0.487,-0.858,-42.748,64.718,35.038,34.22
2182182686,0.151,0.428,-0.874,-37.832,66.687,34.061,34.18
2182200438,0.142,0.459,-0.825,-30.183,69.206,34.137,34.13
2182209786,0.111,0.494,-0.861,-27.16,67.893,37.74,34.22
2182216295,0.08,0.474,-0.828,-25.573,64.809,40.672,34.18
2182230702,0.107,0.515,-0.816,-25.786,60.336,42.702,34.32
2182240548,0.171,0.529,-0.82,-25.786,59.252,41.344,34.18
2182246450,0.176,0.503,-0.859,-25.924,60.153,43.542,34.08
2182258936,0.229,0.491,-0.838,-20.26,61.176,41.389,34.18
2182268893,0.196,0.537,-0.902,-18.336,61.954,41.756,34.22
2182276608,0.213,0.522,-0.831,-18.153,64.489,39.817,34.27
2182283015,0.141,0.567,-0.875,-20.733,65.069,39.557,34.13
2182297412,0.134,0.57,-0.855,-27.725,62.26,35.786,34.27
2182308400,0.154,0.548,-0.84,-31.527,59.176,28.901,34.13
2182314979,0.192,0.551,-0.83,-34.565,53.206,27.954,34.18
2182326196,0.276,0.517,-0.806,-32.092,51.817,26.687,34.22
2182337812,0.364,0.517,-0.833,-27.328,54.809,24.748,34.18
2182346677,0.357,0.57,-0.804,-24.443,58.718,26.687,34.18
2182354585,0.344,0.611,-0.805,-22.351,61.099,27.359,34.22
2182369458,0.322,0.606,-0.865,-23.954,60.992,27.695,34.18
2182376528,0.329,0.572,-0.858,-25.42,61.023,27.557,34.32
2182383239,0.302,0.59,-0.838,-25.115,61.908,25.084,34.27
2182397765,0.289,0.613,-0.878,-29.557,59.145,26.107,34.22
2182406960,0.311,0.588,-0.861,-33.053,58.26,26.153,34.37
2182415474,0.407,0.573,-0.85,-33.71,55.634,25.069,34.13
2182426883,0.471,0.555,-0.848,-27.71,61.893,22.626,34.27
2182435295,0.479,0.602,-0.892,-27.863,62.763,26.977,34.32
2182445913,0.526,0.618,-0.842,-26.183,68.031,28.382,34.27
2182456681,0.47,0.66,-0.898,-27.939,74.992,29.221,34.08
2182467686,0.403,0.654,-0.853,-32.901,76.046,32.015,34.18
2182476685,0.396,0.604,-0.843,-34.748,74.992,33.527,34.27
2182483734,0.438,0.602,-0.808,-37.405,73.511,35.802,34.22
2182500104,0.557,0.592,-0.795,-34.824,73.74,39.053,34.27
2182508345,0.561,0.623,-0.839,-28.0,83.099,36.779,34.22
2182518077,0.569,0.654,-0.798,-27.023,82.107,43.71,34.27
2182528499,0.539,0.626,-0.784,-27.099,90.855,43.863,34.22
2182540005,0.498,0.628,-0.76,-29.298,90.779,44.855,34.18
2182547030,0.439,0.6,-0.753,-32.901,89.878,46.122,34.22
2182555139,0.48,0.55,-0.747,-33.71,84.656,45.878,34.18
2182566104,0.522,0.524,-0.744,-32.626,84.168,44.473,34.18
2182577541,0.653,0.488,-0.709,-27.313,90.718,39.893,34.22
2182583938,0.509,0.562,-0.694,-30.962,86.275,40.84,34.18
2182596129,0.572,0.475,-0.636,-28.244,88.015,37.802,34.22
2182608058,0.522,0.474,-0.636,-25.481,93.679,30.015,34.27
2182617368,0.466,0.467,-0.58,-28.244,85.985,26.992,34.22
2182627532,0.588,0.408,-0.541,-25.878,82.122,20.0,34.18
2182637181,0.546,0.442,-0.547,-23.695,78.443,15.863,34.22
2182646577,0.587,0.402,-0.479,-22.763,75.206,12.809,34.18
2182658357,0.679,0.387,-0.457,-16.718,76.977,6.275,34.13
2182666807,0.618,0.472,-0.443,-14.794,77.344,3.847,34.08
2182677402,0.566,0.496,-0.424,-14.656,70.031,1.847,34.22
2182684694,0.656,0.503,-0.388,-14.519,60.443,1.664,34.18
2182696616,0.783,0.561,-0.408,-15.13,55.023,-0.137,34.18
2182709335,0.825,0.51,-0.385,-4.458,52.84,-2.656,34.22
2182718973,0.83,0.578,-0.412,4.046,57.359,-10.0,34.27
2182724814,0.851,0.696,-0.371,1.313,50.885,-5.878,34.22
2182738220,0.839,0.701,-0.414,-0.733,44.901,-5.221,34.18
2182748407,0.79,0.735,-0.4,-5.695,39.618,-4.687,34.13
2182755447,0.718,0.698,-0.408,-8.153,25.206,-1.145,34.27
2182767531,0.809,0.683,-0.453,-11.466,15.603,1.099,34.22
2182776052,0.83,0.629,-0.397,-10.458,5.863,0.443,34.18
2182785869,0.809,0.674,-0.429,-9.405,-0.626,3.191,34.32
2182792996,0.844,0.638,-0.42,-8.153,-6.382,3.145,34.13
2182809913,0.821,0.65,-0.43,-9.099,-10.58,4.0,34.27
2182815628,0.758,0.625,-0.429,-8.489,-16.534,3.634,34.22
2182826041,0.719,0.621,-0.402,-10.366,-25.863,3.038,34.18
2182837769,0.763,0.587,-0.398,-9.557,-32.626,1.206,34.13
2182844933,0.789,0.563,-0.376,-5.328,-36.015,-0.87,34.18
2182858438,0.789,0.544,-0.441,-1.893,-39.603,-1.481,34.22
2182867335,0.795,0.527,-0.431,2.0,-42.626,-0.87,34.18
2182878428,0.784,0.509,-0.428,7.496,-44.504,-0.992,34.13
2182886904,0.734,0.519,-0.44,12.458,-46.046,-2.672,34.27
2182893624,0.675,0.566,-0.452,12.931,-50.473,-3.038,34.22
2182910749,0.681,0.592,-0.466,10.092,-58.015,-6.672,34.18
2182916787,0.661,0.563,-0.469,9.893,-59.802,-9.863,34.27
2182925982,0.699,0.541,-0.514,10.382,-65.16,-11.389,34.22
2182938839,0.695,0.53,-0.536,13.985,-68.107,-13.969,34.18
2182949248,0.698,0.518,-0.544,19.466,-69.405,-15.298,34.22
2182956779,0.649,0.545,-0.561,23.496,-72.076,-15.374,34.18
2182966212,0.577,0.567,-0.593,23.618,-77.878,-14.015,34.22
2182979210,0.591,0.55,-0.56,22.336,-83.847,-14.733,34.18
2182986678,0.592,0.581,-0.572,20.015,-84.58,-17.023,34.22
2182993545,0.641,0.56,-0.579,20.366,-85.618,-20.931,34.27
2183009605,0.635,0.545,-0.645,24.916,-84.672,-23.893,34.22
2183019087,0.626,0.566,-0.655,27.496,-86.931,-23.496,34.27
2183027301,0.571,0.573,-0.671,29.817,-89.176,-20.031,34.18
2183038023,0.545,0.564,-0.705,27.893,-91.42,-16.794,34.22
2183051772,0.547,0.538,-0.68,30.015,-90.321,-18.489,34.18
2183056336,0.499,0.554,-0.704,29.817,-89.496,-20.702,34.18
2183066944,0.478,0.541,-0.711,29.496,-89.573,-23.053,34.27
2183076590,0.571,0.533,-0.701,32.443,-88.672,-25.771,34.22
2183087329,0.518,0.564,-0.765,36.656,-87.71,-26.092,34.18
2183093027,0.507,0.594,-0.76,34.076,-88.916,-23.053,34.22
2183105081,0.523,0.569,-0.73,34.397,-89.221,-23.145,34.18
2183119528,0.509,0.576,-0.754,33.328,-86.718,-24.214,34.22
2183130104,0.458,0.549,-0.75,32.794,-85.374,-25.878,34.18
2183136496,0.421,0.52,-0.755,32.153,-85.267,-27.603,34.27
2183148536,0.372,0.518,-0.77,34.55,-87.252,-29.328,34.32
2183156043,0.344,0.527,-0.783,34.092,-94.427,-27.802,34.18
2183169521,0.361,0.532,-0.756,34.366,-98.153,-29.344,34.32
2183175676,0.418,0.52,-0.743,35.481,-99.817,-31.374,34.18
2183187717,0.464,0.496,-0.765,39.344,-93.191,-36.183,34.22
2183194355,0.43,0.492,-0.83,40.305,-89.954,-40.87,34.18
2183204535,0.32,0.481,-0.784,43.145,-85.328,-44.733,34.32
2183218089,0.244,0.502,-0.756,43.649,-88.351,-47.511,34.27
2183228693,0.24,0.474,-0.795,41.908,-93.695,-48.962,34.22
2183238465,0.246,0.434,-0.754,43.802,-96.794,-49.786,34.18
2183248866,0.268,0.409,-0.746,48.901,-98.351,-50.702,34.32
2183258919,0.335,0.345,-0.841,56.321,-93.588,-52.443,34.22
2183267588,0.254,0.336,-0.919,60.779,-86.092,-52.229,34.18
2183276491,0.083,0.386,-0.829,62.855,-87.099,-49.389,34.18
2183287209,0.087,0.451,-0.812,57.252,-94.366,-46.916,34.18
2183297043,0.11,0.416,-0.885,53.069,-96.992,-47.893,34.13
2183303832,0.07,0.355,-0.883,53.267,-98.427,-50.763,34.18
2183316007,0.087,0.304,-0.882,60.412,-98.855,-56.336,34.32
2183329852,0.062,0.36,-0.916,64.977,-96.931,-58.305,34.27
2183338388,0.023,0.393,-0.956,62.412,-100.656,-55.435,34.22
2183346801,-0.014,0.388,-0.938,57.13,-104.763,-52.672,34.18
2183357745,-0.024,0.383,-0.914,51.802,-108.733,-50.382,34.22
2183367420,0.094,0.295,-0.893,53.267,-107.145,-55.893,34.27
2183374996,0.023,0.32,-0.887,61.603,-99.038,-61.908,34.18
2183387229,-0.064,0.326,-0.916,66.107,-95.985,-61.878,34.22
2183398030,-0.124,0.361,-0.888,66.733,-104.931,-58.107,34.18
2183403440,-0.088,0.366,-0.984,59.878,-112.992,-52.458,34.32
2183414387,-0.076,0.308,-0.915,58.214,-115.069,-49.832,34.18
2183430342,-0.095,0.242,-0.945,59.053,-112.397,-51.954,34.22
2183436937,-0.102,0.188,-0.944,62.916,-105.099,-57.603,34.18
2183446705,-0.265,0.237,-0.925,66.916,-99.481,-57.817,34.22
2183459104,-0.328,0.285,-0.902,60.84,-106.336,-53.939,34.18
2183466030,-0.292,0.253,-0.96,56.55,-115.466,-50.718,34.22
2183476108,-0.303,0.251,-0.889,53.634,-120.198,-47.985,34.18
2183483237,-0.234,0.224,-0.933,50.565,-121.405,-47.847,34.22
2183500162,-0.16,0.159,-0.947,52.229,-116.153,-51.847,34.18
2183505769,-0.29,0.152,-0.899,60.931,-105.084,-55.267,34.27
2183512408,-0.448,0.207,-0.886,59.069,-104.305,-51.573,34.13
2183526344,-0.459,0.188,-0.841,53.771,-112.977,-46.809,34.27
2183537961,-0.436,0.207,-0.86,48.183,-116.947,-43.511,34.22
2183543708,-0.384,0.094,-1.022,46.412,-117.466,-43.115,34.27
2183555704,-0.393,0.028,-0.905,51.145,-111.74,-45.969,34.22
2183567364,-0.477,0.087,-0.935,52.718,-108.046,-44.351,34.18
2183573992,-0.551,0.089,-0.992,51.511,-108.168,-43.191,34.13
2183589432,-0.661,0.156,-0.889,44.168,-109.481,-39.115,34.18
2183599455,-0.651,0.169,-0.811,35.328,-118.473,-38.122,34.13
2183604261,-0.558,0.148,-0.846,31.115,-122.076,-38.58,34.18
2183615625,-0.499,0.094,-0.878,29.053,-119.053,-41.878,34.22
2183622201,-0.469,-0.01,-0.97,29.771,-109.924,-45.16,34.08
2183640519,-0.518,-0.028,-0.805,39.008,-104.809,-47.496,34.22
2183646171,-0.689,0.074,-0.877,41.74,-107.115,-42.382,34.27
2183657016,-0.718,0.09,-0.919,31.084,-110.305,-36.718,34.18
2183666656,-0.708,0.026,-0.802,27.206,-111.481,-36.489,34.13
2183676677,-0.639,-0.004,-0.75,24.656,-111.298,-36.29,34.18
2183686398,-0.596,-0.048,-0.789,28.183,-105.328,-36.122,34.22
2183696208,-0.627,-0.02,-0.834,27.328,-99.603,-36.855,34.18
2183707163,-0.635,-0.038,-0.791,30.489,-96.962,-37.313,34.22
2183713188,-0.769,-0.018,-0.853,31.206,-94.748,-36.153,34.27
2183725420,-0.799,0.059,-0.787,19.328,-99.847,-32.305,34.22
2183737533,-0.796,0.017,-0.752,14.198,-102.29,-31.802,34.27
2183747869,-0.742,0.017,-0.731,10.061,-106.916,-33.496,34.13
2183758131,-0.653,-0.021,-0.681,4.977,-104.55,-34.229,34.27
2183771889,-0.584,-0.128,-0.665,17.756,-91.16,-42.809,34.22
2183776902,-0.712,-0.026,-0.654,23.542,-84.412,-44.366,34.08
2183787620,-0.776,-0.01,-0.641,24.305,-87.863,-44.397,34.13
2183798308,-0.782,0.018,-0.659,18.397,-91.115,-42.641,34.18
2183806809,-0.735,-0.024,-0.597,15.664,-90.427,-42.519,34.13
2183816410,-0.771,-0.069,-0.611,18.931,-88.84,-43.435,34.18
2183822960,-0.779,-0.099,-0.615,15.969,-83.206,-43.405,34.08
2183841252,-0.756,-0.174,-0.561,18.473,-85.038,-44.962,34.22
2183852387,-0.799,-0.118,-0.562,19.557,-79.298,-43.328,34.27
2183858787,-0.833,-0.08,-0.507,16.198,-82.321,-41.13,34.22
2183868756,-0.795,-0.083,-0.483,13.313,-92.29,-40.0,34.27
2183879774,-0.719,-0.098,-0.508,11.023,-86.473,-41.069,34.18
2183890593,-0.768,-0.138,-0.502,12.748,-82.641,-41.542,34.27
2183896551,-0.778,-0.176,-0.476,13.939,-79.16,-43.969,34.22
2183906867,-0.782,-0.2,-0.468,15.557,-77.832,-44.107,34.18
2183915540,-0.812,-0.195,-0.459,14.504,-76.809,-43.603,34.22
2183926535,-0.833,-0.206,-0.417,13.435,-80.748,-39.145,34.18
2183932645,-0.852,-0.172,-0.422,10.412,-82.153,-36.595,34.13
2183945988,-0.814,-0.216,-0.374,11.45,-75.985,-36.672,34.08
2183960903,-0.794,-0.269,-0.362,22.901,-68.076,-39.939,34.22
2183968287,-0.829,-0.222,-0.367,28.046,-60.122,-42.947,34.27
2183975401,-0.859,-0.213,-0.405,28.336,-58.931,-42.153,34.22
2183986966,-0.842,-0.211,-0.365,25.298,-60.595,-41.908,34.18
2183996677,-0.833,-0.208,-0.331,24.015,-62.29,-40.122,34.18
2184006068,-0.845,-0.201,-0.334,22.763,-61.924,-38.122,34.22
2184016797,-0.867,-0.226,-0.319,22.565,-62.29,-35.405,34.27
2184029878,-0.862,-0.264,-0.287,24.947,-60.809,-34.748,34.08
2184036749,-0.842,-0.255,-0.3,30.229,-58.153,-36.397,34.18
2184043269,-0.836,-0.239,-0.309,33.481,-53.679,-38.443,34.22
2184054510,-0.861,-0.209,-0.301,35.267,-50.855,-38.214,34.27
2184066480,-0.871,-0.2,-0.306,33.603,-51.664,-37.511,34.22
2184077296,-0.9,-0.199,-0.332,28.824,-54.885,-35.481,34.27
2184085621,-0.896,-0.211,-0.311,22.672,-58.702,-31.42,34.32
2184096671,-0.915,-0.235,-0.282,19.588,-63.237,-28.794,34.18
2184107552,-0.872,-0.256,-0.262,17.557,-63.466,-27.924,34.13
2184115690,-0.847,-0.256,-0.212,18.443,-62.779,-29.313,34.18
2184127491,-0.841,-0.219,-0.234,17.649,-62.137,-35.206,34.13
2184136486,-0.856,-0.283,-0.229,20.779,-70.809,-45.45,34.18
2184146012,-0.838,-0.276,-0.165,16.977,-71.145,-42.443,34.18
2184152213,-0.802,-0.296,-0.197,16.412,-66.275,-33.038,34.22
2184165659,-0.81,-0.307,-0.203,15.298,-63.969,-27.771,34.27
2184178267,-0.809,-0.351,-0.17,15.252,-58.855,-22.595,34.18
2184188305,-0.812,-0.374,-0.131,18.748,-54.55,-21.267,34.27
2184195948,-0.851,-0.365,-0.143,21.405,-50.015,-23.191,34.32
2184206865,-0.837,-0.372,-0.107,20.061,-51.389,-24.473,34.18
2184213813,-0.809,-0.346,-0.1,20.672,-50.519,-27.481,34.32
2184228426,-0.824,-0.337,-0.068,17.023,-52.214,-28.763,34.27
2184237269,-0.827,-0.336,-0.042,13.435,-55.191,-27.191,34.22
2184246838,-0.782,-0.37,-0.05,12.168,-55.466,-28.824,34.08
2184255419,-0.807,-0.4,-0.05,13.237,-53.42,-31.527,34.22
2184261335,-0.799,-0.413,-0.058,14.015,-50.397,-30.595,34.22
2184280354,-0.8,-0.419,-0.031,17.71,-45.511,-30.595,34.18
2184289923,-0.802,-0.423,-0.035,19.679,-39.588,-32.015,34.22
2184295956,-0.832,-0.422,-0.025,20.626,-38.489,-23.679,34.27
2184309882,-0.837,-0.359,-0.015,16.855,-37.969,-27.038,34.13
2184319132,-0.81,-0.349,-0.023,15.756,-39.359,-25.466,34.18
2184325993,-0.819,-0.34,-0.019,14.26,-37.756,-25.374,34.22
2184335787,-0.804,-0.364,-0.016,12.29,-35.756,-24.916,34.18
2184347932,-0.809,-0.384,-0.009,14.305,-33.435,-24.229,34.22
2184354110,-0.805,-0.378,-0.004,15.344,-30.855,-24.931,34.27
2184365228,-0.803,-0.391,-0.009,17.176,-30.412,-24.656,34.13
2184377831,-0.832,-0.382,-0.015,17.542,-27.664,-22.443,34.18
2184388015,-0.815,-0.419,-0.002,17.832,-28.55,-22.351,34.13
2184396096,-0.85,-0.391,0.027,18.137,-30.443,-19.053,34.27
2184406393,-0.796,-0.376,0.01,16.687,-32.29,-17.267,34.18
2184418780,-0.761,-0.404,0.027,15.863,-31.069,-17.267,34.13
2184427814,-0.776,-0.378,0.042,15.435,-31.13,-17.313,34.18
2184435921,-0.753,-0.41,0.091,16.595,-27.817,-17.359,34.22
2184452067,-0.753,-0.418,0.097,18.29,-24.992,-16.687,34.27
2184457196,-0.778,-0.406,0.079,18.458,-23.511,-15.496,34.22
2184463774,-0.781,-0.402,0.092,17.115,-24.168,-14.076,34.18
2184480061,-0.763,-0.455,0.105,16.87,-23.802,-13.16,34.32
2184489470,-0.756,-0.494,0.088,21.496,-26.718,-16.977,34.18
2184498163,-0.772,-0.433,0.071,19.023,-25.176,-18.214,34.22
2184508284,-0.759,-0.443,0.097,16.885,-25.573,-18.198,34.18
2184517659,-0.764,-0.439,0.105,12.824,-22.305,-16.794,34.22
2184526730,-0.772,-0.436,0.121,12.504,-23.038,-13.588,34.13
2184537225,-0.739,-0.438,0.131,11.511,-20.382,-12.382,34.18
2184546732,-0.778,-0.395,0.128,12.153,-22.718,-12.29,34.18
2184557011,-0.729,-0.441,0.144,13.588,-18.122,-13.466,34.18
2184562688,-0.721,-0.453,0.144,16.794,-13.45,-14.061,34.22
2184574380,-0.72,-0.433,0.129,16.641,-10.473,-13.725,34.27
2184589193,-0.76,-0.417,0.109,12.992,-11.359,-12.244,34.22
2184599512,-0.741,-0.434,0.131,10.809,-10.305,-10.885,34.18
2184606054,-0.743,-0.442,0.149,12.015,-8.855,-11.176,34.22
2184617821,-0.747,-0.432,0.14,13.053,-6.534,-10.977,34.27
2184625022,-0.792,-0.401,0.142,11.481,-7.389,-7.71,34.13
2184638999,-0.707,-0.44,0.166,14.458,-1.496,-9.588,34.22
2184648520,-0.736,-0.437,0.163,17.13,4.183,-10.931,34.27
2184657092,-0.736,-0.405,0.107,16.168,3.374,-10.947,34.22
2184663174,-0.742,-0.389,0.118,11.725,0.84,-9.084,34.18
2184674451,-0.709,-0.401,0.094,6.168,1.038,-8.397,34.13
2184687303,-0.731,-0.427,0.132,3.13,2.336,-7.847,34.18
2184697762,-0.753,-0.461,0.175,4.336,4.855,-8.397,34.13
2184706905,-0.74,-0.477,0.198,7.481,7.893,-7.679,34.27
2184714886,-0.734,-0.461,0.199,10.382,10.901,-8.244,34.13
2184725685,-0.756,-0.454,0.174,11.221,12.26,-7.679,34.08
2184737160,-0.764,-0.461,0.186,11.069,11.038,-6.229,34.32
2184747847,-0.746,-0.463,0.206,11.237,10.061,-4.534,34.32
2184758151,-0.726,-0.469,0.185,12.229,11.069,-4.366,34.08
2184764115,-0.738,-0.451,0.174,12.794,12.214,-4.611,34.18
2184775269,-0.733,-0.467,0.179,13.832,12.061,-4.015,34.08
2184788318,-0.74,-0.468,0.155,14.397,12.809,-4.458,34.22
2184803037,-0.752,-0.448,0.156,13.863,12.168,-4.504,34.18
2184806949,-0.752,-0.438,0.156,12.916,9.756,-2.87,34.13
2184817870,-0.747,-0.432,0.127,11.13,8.641,-1.939,34.18
2184829433,-0.741,-0.43,0.153,8.092,6.153,-1.008,34.22
2184834848,-0.729,-0.425,0.164,5.863,4.351,-0.229,34.18
2184846706,-0.727,-0.425,0.162,3.634,3.191,0.397,34.13
2184855217,-0.72,-0.428,0.18,1.954,1.863,1.328,34.13
2184865249,-0.696,-0.464,0.19,2.824,2.275,0.29,34.27
2184876964,-0.697,-0.482,0.176,5.176,4.58,-1.557,34.22
2184883923,-0.725,-0.467,0.154,5.435,5.649,-2.809,34.27
2184897088,-0.728,-0.439,0.168,3.985,4.305,-2.015,34.22
2184906834,-0.726,-0.442,0.171,2.84,2.779,-1.389,34.18
2184916754,-0.718,-0.448,0.149,1.695,3.695,-1.878,34.22
2184927042,-0.729,-0.452,0.182,-1.13,4.031,-1.557,34.18
2184935277,-0.717,-0.465,0.183,-1.664,4.687,-1.649,34.22
2184947042,-0.717,-0.447,0.183,-2.687,5.405,-2.55,34.18
2184957974,-0.712,-0.448,0.198,-2.885,6.595,-2.534,34.22
2184966206,-0.721,-0.466,0.186,-2.015,9.252,-2.901,34.13
2184973065,-0.719,-0.467,0.167,-2.046,10.794,-3.267,34.18
2184984993,-0.728,-0.452,0.164,-3.405,10.977,-2.687,34.18
2184998724,-0.721,-0.449,0.164,-4.076,10.534,-2.031,34.18
2185007041,-0.724,-0.436,0.154,-5.13,11.557,-2.687,34.22
2185016877,-0.729,-0.417,0.176,-4.809,11.008,-2.611,34.18
2185027355,-0.746,-0.413,0.151,-4.504,10.015,-1.435,34.13
2185036085,-0.762,-0.406,0.113,-6.137,10.031,-0.153,34.18
2185046121,-0.76,-0.418,0.11,-8.992,9.817,1.664,34.22
2185057974,-0.764,-0.416,0.095,-12.427,9.16,3.863,34.18
2185066874,-0.75,-0.421,0.117,-15.176,8.183,6.092,34.13
2185073901,-0.75,-0.375,0.117,-16.855,6.611,7.282,34.18
2185086098,-0.77,-0.351,0.108,-19.511,5.328,9.313,34.18
2185101938,-0.762,-0.41,0.095,-22.061,5.176,10.214,34.22
2185110483,-0.77,-0.443,0.09,-22.901,7.725,10.26,34.18
2185117069,-0.8,-0.45,0.083,-25.237,8.824,12.779,34.22
2185130387,-0.8,-0.458,0.124,-26.107,7.771,17.069,34.27
2185139433,-0.766,-0.453,0.136,-25.466,7.817,18.168,34.22
2185145151,-0.776,-0.428,0.142,-26.107,9.573,18.611,34.18
2185158339,-0.759,-0.434,0.13,-26.916,9.71,19.084,34.22
2185168630,-0.747,-0.454,0.112,-26.183,12.382,19.527,34.18
2185175108,-0.767,-0.446,0.105,-24.504,14.55,19.863,34.22
2185186102,-0.783,-0.449,0.053,-23.466,17.664,19.679,34.18
2185197981,-0.782,-0.449,0.053,-22.947,18.168,21.008,34.08
2185206672,-0.771,-0.458,0.039,-24.473,20.641,21.557,34.27
2185217751,-0.762,-0.444,0.047,-26.84,22.229,22.733,34.18
2185227653,-0.77,-0.435,0.018,-31.13,21.496,22.031,34.22
2185237765,-0.763,-0.428,0.049,-33.053,21.42,24.656,34.18
2185246171,-0.755,-0.425,0.072,-30.26,25.008,24.687,34.13
2185257789,-0.766,-0.443,0.068,-26.107,29.252,23.42,34.18
2185266779,-0.802,-0.405,0.076,-23.008,30.489,22.183,34.22
2185276771,-0.798,-0.393,0.053,-22.504,28.595,24.336,34.18
2185285671,-0.783,-0.364,0.006,-27.557,29.282,23.206,34.13
2185292433,-0.797,-0.375,0.025,-29.374,29.359,23.176,34.27
2185309906,-0.801,-0.412,0.019,-29.695,31.389,23.191,34.18
2185320039,-0.772,-0.417,0.049,-24.611,34.687,22.504,34.13
2185325078,-0.76,-0.454,0.028,-19.13,40.366,21.435,34.08
2185339272,-0.776,-0.423,0.051,-14.214,41.435,20.885,34.13
2185345569,-0.788,-0.359,0.029,-13.802,40.702,20.901,34.18
2185356383,-0.791,-0.34,-0.022,-17.023,39.557,21.099,34.13
2185368328,-0.791,-0.366,-0.03,-20.137,41.496,21.069,34.27
2185380468,-0.77,-0.41,0.023,-18.122,45.924,19.206,34.13
2185385561,-0.828,-0.374,-0.005,-15.267,50.336,16.351,34.18
2185396960,-0.832,-0.362,0.01,-17.099,50.26,14.84,34.22
2185407092,-0.795,-0.374,-0.023,-16.382,52.336,11.115,34.18
2185418608,-0.818,-0.407,-0.134,-20.275,51.023,9.863,34.22
2185424486,-0.814,-0.476,-0.047,-18.458,52.718,9.496,34.18
2185435602,-0.849,-0.437,-0.052,-12.519,57.496,9.832,34.18
2185448006,-0.818,-0.378,-0.066,-15.206,56.275,7.267,34.04
2185454324,-0.784,-0.399,-0.041,-13.618,61.618,6.656,34.18
2185467543,-0.757,-0.358,-0.109,-14.779,65.542,3.618,34.22
2185480831,-0.768,-0.365,-0.148,-18.458,68.504,1.679,34.18
2185485543,-0.769,-0.407,-0.1,-13.038,72.153,2.443,34.13
2185496378,-0.771,-0.347,-0.126,-14.718,74.824,0.412,34.18
2185503114,-0.79,-0.306,-0.193,-19.542,72.458,1.008,34.22
2185516033,-0.78,-0.388,-0.149,-18.412,70.947,0.855,34.27
2185525503,-0.775,-0.397,-0.183,-18.58,70.595,1.115,34.22
2185537406,-0.805,-0.348,-0.177,-17.557,70.489,1.252,34.18
2185549941,-0.808,-0.338,-0.186,-16.824,67.389,2.916,34.22
2185554806,-0.79,-0.327,-0.211,-19.313,66.87,3.985,34.08
2185565975,-0.825,-0.34,-0.262,-19.969,66.733,6.656,34.08
2185577670,-0.843,-0.337,-0.238,-22.168,66.092,9.069,34.27
2185585704,-0.848,-0.255,-0.234,-24.015,64.641,10.931,34.18
2185595609,-0.884,-0.255,-0.23,-30.321,60.718,12.244,34.13
2185602468,-0.831,-0.292,-0.252,-34.824,57.298,12.427,34.08
2185619448,-0.776,-0.359,-0.225,-27.573,63.45,11.725,34.22
2185628841,-0.853,-0.269,-0.272,-29.496,59.099,13.832,34.18
2185635031,-0.814,-0.275,-0.262,-32.351,56.275,15.832,34.22
2185649072,-0.799,-0.304,-0.275,-30.061,57.511,18.244,34.18
2185658715,-0.854,-0.279,-0.303,-33.221,54.473,19.817,34.22
2185665861,-0.847,-0.285,-0.3,-36.397,52.824,22.214,34.18
2185677736,-0.834,-0.261,-0.259,-38.931,51.985,22.305,34.13
2185687330,-0.818,-0.241,-0.31,-40.733,51.573,21.511,34.18
2185694839,-0.795,-0.285,-0.338,-41.496,50.489,21.237,34.22
2185706429,-0.813,-0.309,-0.348,-38.504,50.458,22.061,34.18
2185717648,-0.815,-0.299,-0.361,-38.321,50.458,22.947,34.13
2185729014,-0.813,-0.282,-0.374,-39.603,49.71,24.794,34.18
2185737412,-0.829,-0.297,-0.385,-41.466,47.328,26.321,34.08
2185745755,-0.835,-0.259,-0.395,-43.969,47.817,27.45,34.13
2185758205,-0.828,-0.239,-0.43,-47.557,45.542,27.573,34.18
2185763548,-0.792,-0.244,-0.407,-50.87,45.435,25.725,34.22
2185778464,-0.794,-0.227,-0.438,-52.534,46.351,23.924,34.27
2185787325,-0.773,-0.237,-0.465,-55.511,45.13,21.527,34.22
2185795115,-0.786,-0.244,-0.452,-54.672,44.565,19.939,34.18
2185805205,-0.819,-0.234,-0.494,-58.565,40.351,17.649,34.22
2185819364,-0.846,-0.226,-0.456,-60.534,40.0,16.275,34.18
2185828347,-0.791,-0.232,-0.462,-64.351,36.916,16.87,34.22
2185838141,-0.716,-0.265,-0.432,-61.954,37.802,16.718,34.18
2185845163,-0.679,-0.257,-0.434,-58.198,40.458,18.29,34.13
2185857418,-0.675,-0.225,-0.414,-51.603,40.504,19.405,34.27
2185867250,-0.668,-0.216,-0.461,-45.878,39.71,20.214,34.22
2185874470,-0.656,-0.233,-0.435,-38.244,40.55,20.183,34.27
2185886287,-0.675,-0.218,-0.455,-32.809,42.595,20.244,34.27
2185897326,-0.696,-0.172,-0.445,-30.504,43.359,19.985,34.22
2185903654,-0.714,-0.133,-0.456,-31.939,43.557,19.038,34.18
2185915604,-0.739,-0.155,-0.511,-33.756,44.076,18.58,34.22
2185930241,-0.751,-0.199,-0.478,-33.664,45.282,17.664,34.18
2185936705,-0.737,-0.2,-0.503,-31.221,45.16,16.458,34.22
2185947041,-0.731,-0.188,-0.533,-28.687,46.656,16.26,34.27
2185958554,-0.746,-0.202,-0.509,-23.893,45.985,16.229,34.22
2185965784,-0.678,-0.149,-0.486,-21.893,47.344,14.229,34.27
2185977365,-0.715,-0.101,-0.506,-21.725,43.924,15.191,34.22
2185988209,-0.699,-0.08,-0.516,-24.687,45.267,14.595,34.18
2185998856,-0.626,-0.115,-0.526,-24.214,50.443,11.756,34.22
2186003243,-0.743,-0.092,-0.599,-26.122,50.55,14.504,34.27
2186014396,-0.747,-0.134,-0.56,-26.901,50.382,15.908,34.27
2186027135,-0.738,-0.158,-0.543,-22.366,51.893,16.809,34.18
2186039532,-0.693,-0.129,-0.577,-19.542,51.282,15.893,34.27
2186045724,-0.757,-0.075,-0.605,-18.87,47.756,20.031,34.13
2186057492,-0.708,-0.086,-0.615,-17.725,46.122,21.13,34.18
2186068904,-0.677,-0.044,-0.605,-17.542,48.107,20.336,34.22
2186077865,-0.759,-0.008,-0.631,-22.733,47.191,21.13,34.18
2186085879,-0.757,0.004,-0.724,-31.344,45.771,23.817,34.22
2186099045,-0.698,-0.108,-0.63,-29.939,44.901,22.794,34.27
2186106834,-0.73,-0.065,-0.617,-29.176,44.626,23.237,34.22
2186113176,-0.697,-0.038,-0.593,-29.954,41.237,22.992,34.27
2186125813,-0.679,0.001,-0.632,-30.855,36.519,23.481,34.22
2186137690,-0.661,-0.014,-0.651,-32.137,31.954,23.389,34.22
2186148090,-0.668,-0.019,-0.647,-32.779,29.847,25.374,34.18
2186158939,-0.643,-0.036,-0.625,-33.328,29.069,26.061,34.13
2186172318,-0.657,-0.018,-0.631,-32.595,29.008,28.901,34.27
2186177156,-0.666,-0.038,-0.663,-33.145,28.626,30.916,34.13
2186188473,-0.695,-0.003,-0.656,-33.74,26.031,32.763,34.27
2186196206,-0.632,-0.007,-0.646,-33.71,22.076,32.351,34.22
2186208974,-0.587,0.007,-0.698,-33.771,20.412,31.389,34.27
2186212794,-0.604,0.01,-0.664,-32.443,22.687,31.71,34.22
2186224205,-0.609,0.026,-0.729,-33.588,20.733,31.863,34.18
2186240347,-0.624,0.026,-0.699,-34.687,21.802,32.351,34.22
2186250632,-0.648,0.008,-0.69,-34.702,19.939,32.748,34.27
2186256264,-0.598,0.02,-0.679,-34.947,18.794,31.405,34.18
2186267811,-0.591,0.016,-0.705,-33.481,21.969,29.786,34.13
2186281316,-0.642,0.028,-0.721,-32.977,21.344,31.191,34.18
2186286459,-0.592,0.004,-0.71,-30.214,19.863,30.794,34.22
2186295460,-0.592,0.045,-0.711,-28.733,19.649,30.641,34.18
2186307194,-0.58,0.064,-0.733,-29.145,19.42,30.504,34.22
2186317380,-0.57,0.059,-0.742,-29.237,21.588,28.641,34.18
2186323714,-0.582,0.062,-0.736,-28.336,24.443,27.466,34.22
2186340339,-0.597,0.082,-0.74,-28.84,25.481,25.832,34.18
2186353421,-0.58,0.084,-0.725,-29.832,24.992,23.71,34.22
2186359311,-0.568,0.1,-0.729,-29.664,24.092,22.916,34.08
2186366835,-0.532,0.083,-0.751,-26.84,26.733,21.74,34.22
2186380590,-0.542,0.096,-0.757,-23.42,28.916,21.786,34.27
2186387945,-0.553,0.109,-0.753,-21.557,29.588,22.977,34.22
2186395531,-0.551,0.125,-0.727,-20.214,29.786,24.672,34.18
2186407420,-0.555,0.12,-0.752,-17.969,29.969,25.832,34.18
2186417111,-0.547,0.127,-0.745,-17.237,31.16,25.374,34.13
2186423738,-0.528,0.119,-0.748,-14.137,33.023,23.359,34.27
2186435137,-0.549,0.147,-0.749,-13.298,36.092,21.267,34.22
2186451908,-0.55,0.137,-0.77,-11.908,35.954,19.466,34.18
2186458551,-0.548,0.157,-0.771,-11.573,36.733,18.107,34.22
2186467149,-0.563,0.156,-0.754,-12.305,34.962,18.412,34.27
2186475465,-0.524,0.154,-0.737,-12.336,34.229,17.282,34.22
2186487793,-0.502,0.137,-0.783,-11.023,35.832,16.87,34.18
2186497271,-0.523,0.13,-0.761,-7.145,36.977,16.137,34.22
2186507592,-0.458,0.134,-0.724,-7.695,35.023,14.779,34.27
2186520166,-0.507,0.235,-0.814,-7.924,40.763,14.198,34.32
2186524526,-0.488,0.165,-0.774,-7.405,40.611,12.26,34.18
2186535115,-0.487,0.178,-0.754,-6.763,39.618,10.55,34.13
2186542477,-0.5,0.183,-0.789,-5.985,38.565,10.534,34.27
2186555472,-0.48,0.162,-0.738,-8.885,33.405,10.947,34.27
2186566851,-0.452,0.17,-0.785,-4.137,35.939,8.504,34.22
2186576628,-0.431,0.192,-0.779,-3.038,34.992,7.74,34.27
2186589620,-0.468,0.23,-0.83,-6.015,36.305,8.076,34.13
2186594782,-0.479,0.168,-0.753,-4.473,34.366,6.687,34.18
2186608665,-0.457,0.2,-0.766,-5.74,31.496,6.244,34.13
2186618770,-0.446,0.191,-0.758,-5.084,30.489,5.985,34.08
2186627343,-0.444,0.16,-0.778,-5.389,28.626,6.427,34.22
2186636106,-0.407,0.158,-0.769,-0.656,28.87,5.435,34.18
2186643154,-0.47,0.236,-0.784,-1.023,27.206,6.565,34.13
2186660060,-0.444,0.23,-0.793,-3.542,25.511,6.351,34.18
2186668992,-0.471,0.21,-0.801,-5.42,24.305,7.053,34.22
2186675711,-0.476,0.192,-0.821,-6.611,23.344,7.344,34.27
2186686956,-0.462,0.169,-0.8,-6.824,22.015,7.74,34.22
2186697786,-0.422,0.19,-0.824,-5.008,22.122,8.198,34.18
2186708242,-0.425,0.188,-0.831,-4.26,20.076,9.588,34.27
2186717499,-0.433,0.214,-0.852,-3.74,19.863,10.641,34.13
2186728132,-0.443,0.187,-0.87,-4.55,19.389,11.817,34.18
2186737023,-0.532,0.33,-0.99,-11.038,21.145,13.771,34.22
2186744014,-0.423,0.174,-0.873,-9.298,20.977,10.901,34.08
2186757117,-0.45,0.177,-0.896,-10.855,22.702,10.992,34.32
2186768435,-0.461,0.18,-0.888,-8.794,22.305,12.366,34.27
2186777177,-0.418,0.193,-0.884,-6.779,21.435,12.137,34.22
2186790721,-0.38,0.238,-0.896,-6.26,21.924,13.313,34.18
2186801400,-0.375,0.241,-0.897,-6.779,23.42,12.855,34.13
2186806941,-0.387,0.261,-0.906,-8.885,25.435,12.168,34.18
2186814713,-0.399,0.276,-0.91,-11.71,27.939,10.672,34.22
2186826712,-0.411,0.237,-0.903,-13.008,28.641,10.137,34.18
2186836890,-0.416,0.216,-0.92,-13.206,28.58,11.252,34.22
2186843752,-0.412,0.221,-0.919,-11.786,28.061,12.718,34.27
2186859349,-0.376,0.199,-0.926,-11.145,29.527,14.412,34.27
2186871694,-0.38,0.227,-0.928,-9.084,31.313,14.962,34.22
2186877613,-0.391,0.258,-0.917,-9.756,32.84,14.092,34.18
2186887502,-0.365,0.287,-0.905,-12.168,33.802,12.962,34.13
2186896487,-0.342,0.296,-0.906,-14.84,35.176,13.008,34.18
2186905950,-0.356,0.237,-0.93,-14.992,34.58,14.565,34.13
2186916966,-0.312,0.206,-0.924,-11.481,35.267,14.336,34.27
2186927347,-0.339,0.224,-0.936,-6.275,38.397,17.221,34.13
2186938404,-0.345,0.219,-0.9,-2.0,39.802,20.885,34.18
2186943653,-0.368,0.25,-0.939,-1.817,41.267,22.504,34.13
2186957279,-0.386,0.299,-0.88,-5.42,38.321,24.092,34.18
2186965697,-0.356,0.296,-0.894,-9.634,37.374,23.878,34.13
2186977676,-0.307,0.25,-0.871,-9.832,36.351,20.198,34.18
2186986846,-0.3,0.295,-0.877,-6.748,36.473,17.466,34.13
2186995751,-0.256,0.252,-0.914,-4.137,39.405,15.115,34.27
2187009109,-0.265,0.246,-0.918,-1.695,41.832,12.977,34.18
2187014257,-0.312,0.315,-0.901,-2.687,42.626,12.595,34.22
2187029379,-0.348,0.304,-0.935,-8.809,40.031,13.374,34.18
2187038216,-0.354,0.28,-0.892,-11.954,37.74,12.565,34.22
2187046363,-0.29,0.277,-0.925,-14.626,35.695,11.313,34.27
2187055888,-0.273,0.255,-0.919,-14.855,34.794,11.481,34.22
2187063326,-0.227,0.25,-0.923,-12.214,33.756,11.832,34.18
2187079552,-0.132,0.284,-0.941,-9.252,39.664,8.916,34.22
2187089128,-0.28,0.345,-0.971,-10.489,44.809,9.969,34.18
2187095710,-0.288,0.298,-0.953,-14.183,42.061,9.786,34.13
2187108204,-0.288,0.305,-0.962,-18.611,40.336,9.756,34.18
2187118084,-0.274,0.276,-0.961,-20.626,38.824,10.55,34.22
2187125725,-0.263,0.295,-0.954,-21.344,35.298,11.573,34.18
2187137969,-0.194,0.291,-0.978,-21.771,34.458,13.664,34.18
2187147893,-0.17,0.315,-0.978,-21.13,37.191,15.603,34.18
2187155845,-0.184,0.349,-0.97,-21.969,38.885,16.824,34.27
2187162668,-0.197,0.359,-0.979,-22.092,38.29,18.55,34.13
2187176541,-0.194,0.327,-0.991,-22.565,37.634,19.802,34.18
2187187167,-0.197,0.339,-0.967,-23.374,37.221,21.878,34.22
2187196722,-0.191,0.358,-0.988,-25.618,36.763,24.489,34.18
2187210380,-0.205,0.374,-0.981,-28.672,36.656,26.489,34.13
2187221246,-0.207,0.389,-0.956,-31.481,34.565,27.053,34.18
2187224851,-0.141,0.399,-0.961,-33.878,34.137,26.977,34.22
2187237019,-0.132,0.372,-1.011,-35.038,34.656,26.947,34.27
2187248464,-0.137,0.354,-0.968,-33.13,34.26,26.748,34.22
2187256623,-0.095,0.385,-0.985,-30.275,35.405,27.42,34.18
2187262121,-0.122,0.389,-1.005,-31.603,36.702,30.458,34.27
2187275658,-0.136,0.396,-0.962,-32.901,35.252,33.542,34.22
2187288301,-0.13,0.388,-1.023,-35.313,37.084,35.74,34.27
2187299006,-0.129,0.354,-0.977,-35.389,36.061,36.092,34.27
2187306244,-0.06,0.377,-0.967,-33.679,36.168,34.672,34.18
2187317704,-0.058,0.398,-0.96,-31.252,40.687,32.901,34.22
2187324826,-0.059,0.435,-0.955,-30.473,42.931,31.634,34.18
2187336452,-0.04,0.446,-1.012,-33.115,45.099,32.443,34.32
2187345906,-0.059,0.428,-0.975,-34.336,45.679,35.863,34.18
2187357617,-0.04,0.394,-0.981,-32.489,45.267,35.374,34.22
2187366887,-0.002,0.389,-0.98,-29.237,46.321,35.573,34.18
2187373708,0.0,0.406,-0.956,-26.366,49.573,33.634,34.18
2187388314,-0.004,0.464,-0.952,-25.237,50.794,31.084,34.22
2187397557,0.024,0.5,-0.95,-28.092,51.71,28.916,34.18
2187406553,-0.001,0.487,-0.97,-33.023,53.053,27.756,34.22
2187419713,-0.011,0.429,-0.938,-35.603,51.649,28.382,34.18
2187426793,0.036,0.373,-0.944,-31.969,51.069,26.076,34.22
2187437715,0.011,0.371,-0.929,-27.985,51.344,25.542,34.27
2187444623,0.019,0.388,-0.941,-23.313,52.092,25.405,34.22
2187459627,0.025,0.436,-0.926,-25.008,51.771,26.87,34.18
2187466940,0.02,0.451,-0.924,-26.718,50.153,28.076,34.22
2187474084,0.102,0.437,-0.884,-27.542,49.557,26.214,34.18
2187487182,0.094,0.437,-0.962,-27.756,51.863,25.954,34.18
2187496749,0.092,0.388,-0.912,-25.008,51.817,24.489,34.22
2187505422,0.124,0.415,-0.889,-20.397,52.87,23.053,34.18
2187517260,0.101,0.443,-0.929,-20.26,54.901,22.458,34.27
2187529996,0.092,0.462,-0.92,-22.076,55.13,22.046,34.18
2187537517,0.073,0.491,-0.915,-25.511,53.649,22.336,34.13
2187546395,0.103,0.47,-0.88,-28.244,51.603,21.496,34.18
2187558189,0.12,0.445,-0.907,-26.84,51.771,21.573,34.13
2187566303,0.195,0.412,-0.882,-23.359,51.908,21.405,34.27
2187574180,0.179,0.445,-0.919,-17.099,54.84,23.328,34.13
2187590590,0.182,0.467,-0.889,-14.885,55.802,24.641,34.18
2187601842,0.15,0.544,-0.888,-18.885,55.42,26.534,34.22
2187609253,0.13,0.557,-0.893,-24.061,52.366,29.374,34.22
2187615458,0.149,0.513,-0.903,-25.908,48.641,30.183,34.18
2187630281,0.174,0.484,-0.891,-22.672,44.473,31.206,34.13
2187638603,0.249,0.473,-0.896,-18.229,42.748,33.45,34.18
2187645655,0.246,0.512,-0.893,-14.031,44.595,36.977,34.22
2187657369,0.225,0.559,-0.875,-13.71,44.794,38.84,34.18
2187668276,0.222,0.577,-0.842,-16.092,44.29,38.198,34.22
2187674346,0.223,0.603,-0.872,-20.229,42.901,36.534,34.08
2187688134,0.271,0.57,-0.853,-25.802,43.023,34.076,34.22
2187695485,0.301,0.571,-0.857,-24.718,45.511,29.527,34.18
2187706509,0.323,0.523,-0.895,-22.962,49.771,28.031,34.18
2187714453,0.295,0.498,-0.89,-21.481,52.672,27.496,34.22
2187730842,0.252,0.5,-0.902,-20.244,53.74,27.176,34.18
2187739632,0.231,0.562,-0.859,-23.557,52.427,25.893,34.18
2187746393,0.308,0.578,-0.865,-27.542,46.565,25.221,34.18
2187756165,0.317,0.541,-0.915,-32.092,48.611,23.802,34.22
2187763559,0.342,0.494,-0.869,-31.924,48.183,23.74,34.18
2187775209,0.441,0.491,-0.885,-27.557,51.176,21.573,34.32
2187786860,0.421,0.482,-0.907,-23.252,57.008,21.634,34.18
2187796447,0.392,0.526,-0.879,-21.71,57.969,22.977,34.22
2187811434,0.421,0.554,-0.895,-24.015,60.595,23.878,34.18
2187813690,0.361,0.563,-0.898,-28.763,63.511,24.26,34.22
2187830540,0.351,0.542,-0.865,-31.527,62.718,21.71,34.13
2187840847,0.373,0.534,-0.86,-32.84,62.046,17.481,34.18
2187846284,0.451,0.514,-0.853,-32.046,60.779,16.0,34.13
2187857352,0.509,0.496,-0.873,-29.42,64.397,11.664,34.27
2187865201,0.519,0.499,-0.842,-24.168,66.122,12.595,34.22
2187875497,0.538,0.544,-0.868,-22.611,69.618,12.84,34.18
2187880708,0.479,0.527,-0.879,-25.023,74.244,13.496,34.22
2187897754,0.418,0.508,-0.839,-26.55,75.13,12.336,34.18
2187907235,0.411,0.512,-0.831,-29.45,69.527,13.863,34.13
2187914593,0.489,0.47,-0.839,-28.031,70.611,10.84,34.18
2187926204,0.494,0.492,-0.808,-23.527,71.908,8.031,34.13
2187938340,0.557,0.596,-0.752,-22.321,74.351,6.931,34.13
2187948026,0.545,0.635,-0.774,-27.466,76.489,8.366,34.27
2187959048,0.553,0.586,-0.721,-29.42,78.382,7.969,34.18
2187967041,0.575,0.598,-0.702,-27.557,80.702,5.664,34.18
2187975920,0.528,0.581,-0.716,-27.847,78.061,10.565,34.22
2187982661,0.566,0.527,-0.691,-23.908,81.176,12.336,34.18
2188001264,0.559,0.556,-0.645,-18.168,83.084,12.244,34.22
2188011685,0.575,0.63,-0.648,-18.015,85.313,14.076,34.18
2188017350,0.531,0.632,-0.63,-19.863,84.305,11.756,34.13
2188027304,0.52,0.664,-0.627,-25.008,78.031,16.656,34.18
2188041288,0.569,0.597,-0.62,-26.458,75.176,16.855,34.22
2188046704,0.54,0.605,-0.581,-25.679,73.679,16.901,34.18
2188057268,0.537,0.547,-0.577,-27.374,68.519,18.855,34.18
2188069966,0.583,0.546,-0.468,-23.038,71.893,12.962,34.32
2188077143,0.467,0.585,-0.475,-20.275,68.321,6.397,34.18
2188083132,0.547,0.578,-0.496,-24.595,57.496,9.023,34.22
2188096383,0.576,0.495,-0.471,-19.511,52.336,8.931,34.18
2188108751,0.576,0.51,-0.471,-13.588,48.366,8.611,34.22
2188118430,0.622,0.557,-0.444,-10.061,37.069,12.321,34.27
2188126545,0.63,0.607,-0.464,-14.916,28.321,18.351,34.22
2188138416,0.71,0.596,-0.483,-12.229,26.122,19.954,34.18
2188147411,0.687,0.557,-0.485,-9.023,30.214,12.763,34.13
2188155677,0.762,0.553,-0.447,-8.031,22.55,15.038,34.18
2188166692,0.865,0.581,-0.461,-1.939,27.038,9.71,34.18
2188177085,0.884,0.617,-0.516,1.13,33.817,1.221,34.18
2188184731,0.778,0.609,-0.522,2.076,20.748,8.748,34.08
2188197346,0.902,0.612,-0.488,2.519,15.389,11.359,34.22
2188209496,0.866,0.621,-0.507,5.069,15.817,11.42,34.27
2188219633,0.716,0.652,-0.528,0.0,4.931,15.282,34.22
2188225348,0.783,0.587,-0.45,-2.962,-2.275,16.84,34.18
2188239270,0.826,0.58,-0.448,-3.939,-6.473,13.603,34.22
2188245894,0.8,0.624,-0.46,-2.275,-3.557,5.282,34.27
2188256570,0.827,0.583,-0.477,-3.985,-12.061,6.489,34.22
2188268065,0.757,0.537,-0.471,-1.405,-18.427,5.282,34.18
2188279817,0.79,0.523,-0.471,0.885,-25.16,4.229,34.18
2188286188,0.806,0.513,-0.483,4.901,-28.855,2.046,34.22
2188293406,0.774,0.509,-0.486,8.198,-32.534,0.702,34.27
2188306383,0.764,0.52,-0.48,9.115,-37.237,-0.153,34.22
2188315590,0.759,0.527,-0.478,10.153,-40.58,-2.595,34.18
2188327053,0.805,0.506,-0.483,10.672,-41.588,-6.305,34.13
2188340726,0.769,0.521,-0.508,12.397,-40.702,-10.58,34.27
2188348083,0.733,0.526,-0.517,13.13,-42.824,-13.359,34.22
2188356228,0.699,0.519,-0.543,13.191,-47.954,-14.168,34.27
2188367865,0.726,0.485,-0.542,15.496,-53.191,-15.115,34.22
2188379508,0.733,0.49,-0.574,18.672,-55.435,-16.718,34.22
2188386473,0.701,0.495,-0.573,22.626,-55.679,-18.656,34.27
2188393172,0.674,0.535,-0.576,23.817,-56.931,-21.328,34.18
2188409177,0.651,0.563,-0.596,21.466,-59.267,-22.885,34.18
2188418094,0.608,0.553,-0.623,19.176,-63.176,-24.763,34.13
2188426140,0.611,0.548,-0.618,17.893,-67.847,-27.618,34.18
2188436297,0.592,0.532,-0.626,18.504,-70.0,-29.466,34.13
2188445388,0.583,0.519,-0.617,20.397,-73.664,-31.664,34.18
2188455303,0.575,0.539,-0.635,21.786,-78.214,-33.359,34.13
2188467163,0.601,0.5,-0.69,23.725,-77.435,-36.031,34.18
2188477454,0.528,0.523,-0.677,26.824,-77.191,-38.26,34.22
2188486094,0.457,0.571,-0.656,24.748,-83.817,-36.656,34.18
2188492586,0.482,0.554,-0.698,20.595,-89.771,-36.885,34.08
2188504588,0.521,0.512,-0.681,20.412,-93.954,-38.443,34.22
2188518635,0.61,0.506,-0.675,25.863,-91.939,-40.076,34.27
2188526533,0.616,0.469,-0.784,33.557,-88.656,-38.855,34.13
2188537670,0.616,0.463,-0.779,40.824,-78.901,-36.962,34.18
2188548120,0.496,0.521,-0.771,44.977,-78.504,-33.954,34.22
2188555544,0.451,0.585,-0.78,42.092,-78.198,-33.496,34.18
2188567314,0.398,0.579,-0.786,35.542,-80.916,-32.992,34.22
2188576156,0.481,0.486,-0.775,33.588,-79.115,-37.771,34.18
2188586844,0.444,0.458,-0.786,39.664,-73.176,-43.344,34.13
2188592289,0.378,0.5,-0.826,44.198,-71.084,-43.115,34.18
2188605327,0.36,0.532,-0.824,43.267,-78.809,-39.557,34.13
2188618480,0.413,0.504,-0.84,43.725,-77.176,-40.794,34.27
2188627837,0.347,0.5,-0.818,45.756,-74.29,-43.893,34.22
2188638302,0.308,0.528,-0.797,44.427,-78.504,-43.344,34.18
2188648632,0.338,0.519,-0.82,42.916,-79.298,-44.672,34.27
2188657248,0.327,0.476,-0.841,43.786,-77.939,-47.405,34.22
2188668213,0.313,0.465,-0.798,48.901,-76.626,-50.412,34.18
2188677156,0.299,0.49,-0.869,50.321,-74.076,-51.466,34.13
2188686213,0.295,0.455,-0.878,49.664,-74.107,-50.55,34.27
2188696902,0.214,0.441,-0.873,52.183,-75.511,-47.908,34.22
2188703703,0.148,0.463,-0.863,50.885,-78.427,-44.519,34.18
2188720616,0.14,0.473,-0.852,48.718,-84.885,-42.947,34.22
2188727721,0.194,0.474,-0.863,45.679,-87.206,-45.252,34.18
2188736012,0.169,0.423,-0.961,44.702,-84.168,-48.29,34.22
2188749657,0.164,0.361,-0.886,45.878,-81.191,-51.069,34.18
2188759798,0.129,0.413,-0.891,48.87,-80.397,-50.397,34.13
2188766015,0.059,0.402,-0.949,46.412,-81.191,-47.176,34.27
2188775900,-0.023,0.395,-0.881,44.992,-88.504,-43.557,34.22
2188790595,0.026,0.395,-0.907,42.534,-94.275,-42.214,34.13
2188796307,0.047,0.385,-0.893,42.672,-94.244,-42.275,34.27
2188803180,0.081,0.363,-0.919,44.885,-92.779,-42.641,34.22
2188818595,0.077,0.329,-0.942,47.725,-89.496,-44.229,34.18
2188829488,0.05,0.37,-0.887,49.496,-87.16,-43.42,34.22
2188835244,-0.013,0.417,-0.917,47.71,-89.282,-39.603,34.27
2188846442,-0.077,0.381,-0.944,43.863,-92.702,-36.58,34.22
2188857309,-0.114,0.3,-0.901,45.313,-94.885,-37.649,34.18
2188866143,-0.088,0.246,-0.909,49.435,-92.962,-40.366,34.32
2188878001,-0.092,0.251,-0.885,54.534,-90.763,-42.855,34.27
2188885902,-0.164,0.284,-1.056,49.359,-89.496,-38.473,34.13
2188895483,-0.233,0.271,-0.949,43.679,-96.107,-36.137,34.08
2188907185,-0.325,0.299,-0.926,40.809,-107.603,-32.275,34.18
2188919987,-0.253,0.296,-0.982,32.824,-114.809,-33.511,34.27
2188931519,-0.135,0.2,-0.927,34.611,-110.702,-39.878,34.18
2188936830,-0.136,0.177,-0.913,43.863,-105.939,-43.786,34.22
2188947652,-0.203,0.221,-0.975,48.29,-100.595,-43.603,34.27
2188959611,-0.299,0.248,-0.957,45.344,-103.771,-39.71,34.13
2188964714,-0.263,0.202,-1.0,41.191,-107.771,-36.58,34.18
2188975686,-0.264,0.168,-0.931,39.786,-103.405,-36.916,34.22
2188986920,-0.287,0.133,-0.879,42.29,-103.618,-38.26,34.18
2188995635,-0.219,0.089,-0.917,49.817,-93.924,-41.176,34.13
2189005141,-0.314,0.078,-0.912,60.947,-83.603,-42.412,34.18
2189017164,-0.429,0.101,-0.941,66.656,-83.221,-39.344,34.22
2189027405,-0.465,0.155,-0.926,62.901,-88.382,-33.908,34.27
2189036256,-0.386,0.167,-0.944,56.763,-87.053,-33.588,34.27
2189044086,-0.426,0.154,-0.907,53.115,-86.84,-34.0,34.22
2189059250,-0.344,0.125,-0.896,51.344,-81.618,-39.511,34.18
2189067970,-0.43,0.127,-0.932,54.779,-74.824,-44.137,34.18
2189076305,-0.502,0.099,-0.893,55.42,-73.282,-48.855,34.18
2189087468,-0.53,0.127,-0.888,54.718,-75.618,-50.366,34.22
2189097681,-0.528,0.14,-0.88,53.863,-76.87,-49.847,34.18
2189103979,-0.556,0.135,-0.93,49.847,-77.893,-47.756,34.22
2189119969,-0.519,0.043,-0.907,46.366,-79.084,-46.855,34.27
2189130384,-0.537,0.048,-0.868,49.71,-76.794,-45.359,34.13
2189138965,-0.558,0.086,-0.872,49.191,-73.817,-43.282,34.27
2189148993,-0.586,0.097,-0.876,46.229,-75.725,-39.71,34.13
2189159890,-0.604,0.108,-0.856,42.611,-78.611,-38.55,34.18
2189167270,-0.593,0.103,-0.841,38.122,-81.389,-36.672,34.27
2189177509,-0.547,0.021,-0.809,36.046,-81.557,-37.206,34.22
2189187864,-0.52,-0.005,-0.854,37.267,-83.573,-38.489,34.18
2189198836,-0.572,0.016,-0.799,38.733,-82.443,-36.229,34.22
2189203175,-0.639,0.03,-0.82,34.29,-83.13,-33.328,34.18
2189214596,-0.687,0.001,-0.803,33.008,-82.458,-29.389,34.22
2189229243,-0.714,0.017,-0.723,29.634,-87.237,-28.214,34.18
2189239241,-0.657,-0.026,-0.706,27.099,-87.634,-26.229,34.22
2189246681,-0.625,-0.022,-0.725,29.924,-83.832,-26.534,34.18
2189258372,-0.632,-0.067,-0.764,32.076,-87.771,-26.397,34.22
2189268181,-0.603,-0.047,-0.781,27.481,-88.198,-29.374,34.18
2189276192,-0.634,-0.087,-0.63,32.626,-85.099,-28.214,34.13
2189287032,-0.695,-0.067,-0.646,32.168,-88.931,-27.832,34.08
2189298403,-0.73,-0.026,-0.629,27.908,-92.092,-26.519,34.18
2189305816,-0.726,-0.042,-0.621,22.534,-97.802,-24.26,34.13
2189312630,-0.637,-0.123,-0.628,20.534,-98.626,-26.366,34.27
2189326926,-0.659,-0.187,-0.593,26.321,-95.786,-31.038,34.22
2189342815,-0.68,-0.137,-0.573,27.115,-98.58,-35.756,34.18
2189349031,-0.722,-0.105,-0.625,20.733,-101.634,-38.427,34.22
2189358297,-0.787,-0.1,-0.586,13.344,-103.802,-37.908,34.18
2189370604,-0.801,-0.197,-0.562,9.496,-104.122,-40.55,34.22
2189375945,-0.851,-0.242,-0.486,8.107,-100.153,-40.687,34.18
2189387217,-0.842,-0.213,-0.479,10.458,-103.893,-42.519,34.13
2189399909,-0.813,-0.149,-0.436,5.832,-107.298,-43.771,34.27
2189408455,-0.761,-0.121,-0.422,-1.42,-114.214,-43.878,34.22
2189415169,-0.643,-0.221,-0.48,-4.87,-122.626,-45.908,34.08
2189427514,-0.594,-0.293,-0.46,-3.16,-119.511,-48.641,34.27
2189435546,-0.621,-0.363,-0.41,9.664,-116.489,-50.443,34.18
2189450097,-0.672,-0.37,-0.351,22.855,-107.832,-51.985,34.18
2189457158,-0.718,-0.361,-0.302,33.954,-102.656,-54.229,34.13
2189470437,-0.764,-0.284,-0.326,39.634,-97.328,-55.634,34.18
2189479804,-0.832,-0.253,-0.343,37.542,-96.076,-55.359,34.22
2189486053,-0.852,-0.262,-0.321,33.496,-97.298,-56.992,34.18
2189499509,-0.828,-0.319,-0.344,31.16,-97.893,-57.939,34.22
2189511146,-0.831,-0.363,-0.361,32.687,-92.519,-57.359,34.08
2189513039,-0.883,-0.42,-0.341,37.557,-88.061,-56.137,34.22
2189524667,-0.764,-0.464,-0.235,48.489,-76.427,-59.16,34.18
2189537065,-0.881,-0.379,-0.267,56.229,-71.038,-62.29,34.22
2189549484,-0.931,-0.322,-0.299,54.519,-72.26,-58.168,34.18
2189555787,-0.909,-0.297,-0.266,49.176,-78.824,-58.198,34.18
2189567568,-1.045,-0.282,-0.27,41.496,-109.45,-98.412,34.22
2189579062,-0.859,-0.34,-0.228,35.344,-104.092,-73.695,34.18
2189586972,-0.768,-0.345,-0.238,35.053,-89.557,-63.511,34.27
2189597058,-0.828,-0.358,-0.232,36.153,-78.565,-52.916,34.18
2189607345,-0.876,-0.389,-0.192,40.412,-73.405,-45.695,34.22
2189616097,-0.856,-0.374,-0.181,43.115,-66.427,-36.962,34.18
2189622444,-0.917,-0.389,-0.119,46.748,-69.313,-34.992,34.22
2189634244,-0.903,-0.342,-0.118,45.466,-76.153,-41.802,34.18
2189648373,-0.903,-0.329,-0.125,40.229,-82.55,-44.443,34.22
2189653510,-0.88,-0.339,-0.105,37.74,-84.702,-45.664,34.27
2189668089,-0.829,-0.423,-0.072,42.855,-87.466,-22.824,34.13
2189678793,-0.827,-0.474,-0.009,37.679,-84.763,-44.336,34.22
2189686217,-0.856,-0.449,-0.042,43.71,-80.595,-43.771,34.18
2189696753,-0.878,-0.469,-0.051,45.618,-79.496,-42.321,34.13
2189707118,-0.894,-0.444,0.012,46.809,-81.084,-36.198,34.18
2189718246,-0.872,-0.436,0.006,47.206,-80.656,-32.122,34.13
2189725544,-0.855,-0.448,0.042,47.481,-76.992,-29.023,34.18
2189732416,-0.832,-0.436,0.039,45.511,-74.229,-25.969,34.22
2189748972,-0.783,-0.448,0.08,49.221,-68.611,-26.198,34.18
2189759108,-0.781,-0.478,0.11,54.229,-65.802,-29.908,34.32
2189765838,-0.73,-0.514,0.077,58.931,-54.977,-35.206,34.18
2189778090,-0.829,-0.437,0.117,56.107,-52.824,-32.504,34.22
2189787773,-0.827,-0.392,0.035,44.779,-48.687,-24.107,34.22
2189795862,-0.796,-0.471,0.078,39.389,-48.321,-18.198,34.27
2189807223,-0.767,-0.479,0.113,38.931,-45.878,-16.763,34.18
2189816374,-0.791,-0.526,0.079,42.962,-37.573,-17.588,34.18
2189824344,-0.836,-0.471,0.013,44.641,-28.916,-14.076,34.22
2189837431,-0.788,-0.49,0.015,45.237,-14.55,-15.191,34.18
2189845481,-0.844,-0.459,-0.023,39.221,-8.611,-24.412,34.13
2189856436,-0.785,-0.506,-0.081,37.374,2.885,-21.649,34.27
2189867358,-0.714,-0.487,0.014,39.42,13.389,-23.069,34.22
2189878526,-0.668,-0.456,0.054,41.267,21.084,-23.221,34.18
2189889043,-0.717,-0.448,0.097,44.29,27.618,-24.794,34.13
2189895908,-0.735,-0.421,0.087,44.443,32.427,-23.542,34.18
2189908928,-0.789,-0.421,0.122,42.901,32.931,-20.473,34.18
2189918116,-0.739,-0.448,0.143,40.595,36.366,-18.84,34.22
2189924002,-0.738,-0.45,0.149,41.893,43.145,-18.718,34.18
2189936127,-0.77,-0.446,0.141,40.977,49.069,-18.702,34.04
2189948554,-0.804,-0.437,0.132,38.489,48.031,-15.145,34.27
2189959446,-0.8,-0.436,0.13,34.947,45.939,-10.977,34.22
2189967521,-0.775,-0.433,0.153,32.855,43.985,-7.771,34.18
2189977986,-0.765,-0.456,0.159,31.802,43.13,-6.366,34.13
2189989538,-0.746,-0.468,0.132,30.519,42.824,-6.244,34.27
2189994776,-0.777,-0.464,0.131,29.573,40.473,-4.366,34.22
2190006544,-0.775,-0.469,0.131,29.725,37.008,-2.595,34.27
2190017647,-0.775,-0.439,0.113,26.733,31.389,-0.489,34.13
2190026031,-0.762,-0.427,0.103,18.962,23.053,2.885,34.18
2190036106,-0.72,-0.409,0.12,11.71,16.916,4.137,34.13
2190044533,-0.721,-0.447,0.163,7.084,11.878,5.359,34.08
2190056931,-0.711,-0.428,0.183,4.931,8.29,5.13,34.18
2190063418,-0.684,-0.475,0.19,6.443,8.076,5.603,34.22
2190077834,-0.667,-0.507,0.14,7.74,9.252,2.183,34.18
2190088376,-0.715,-0.509,0.148,7.878,8.427,1.099,34.13
2190096227,-0.737,-0.484,0.138,6.656,4.733,3.725,34.18
2190107277,-0.729,-0.497,0.123,3.435,0.458,2.412,34.22
2190115442,-0.707,-0.473,0.119,2.29,-2.702,4.809,34.18
2190126232,-0.725,-0.458,0.146,-0.672,-5.634,5.618,34.22
2190133056,-0.702,-0.459,0.166,-1.206,-8.84,5.985,34.08
2190145295,-0.679,-0.495,0.162,-1.206,-8.382,5.176,34.13
2190157827,-0.666,-0.516,0.149,0.809,-5.359,2.947,34.18
2190167236,-0.702,-0.509,0.151,1.74,-6.061,2.351,34.22
2190177934,-0.696,-0.506,0.143,3.252,-7.817,2.427,34.18
2190187104,-0.691,-0.484,0.124,1.313,-9.344,0.076,34.08
2190196638,-0.702,-0.467,0.141,-0.794,-12.565,-0.366,34.22
2190207564,-0.701,-0.455,0.152,-2.046,-14.366,-0.733,34.18
2190216788,-0.707,-0.458,0.167,-3.969,-15.374,-0.519,34.13
2190227051,-0.7,-0.471,0.168,-3.725,-15.908,-0.931,34.27
2190233885,-0.709,-0.476,0.131,-6.626,-11.298,-0.534,34.22
2190245830,-0.698,-0.495,0.122,-7.389,-8.779,-2.885,34.18
2190259686,-0.729,-0.479,0.114,-9.588,-7.511,-3.008,34.22
2190267801,-0.731,-0.463,0.122,-12.137,-8.198,-2.504,34.08
2190278412,-0.717,-0.457,0.14,-13.603,-9.573,-2.107,34.22
2190287690,-0.695,-0.443,0.161,-13.847,-9.191,-3.084,34.18
2190296861,-0.687,-0.44,0.179,-13.496,-7.802,-4.031,34.13
2190306848,-0.7,-0.448,0.187,-12.565,-6.168,-5.45,34.08
2190316899,-0.73,-0.434,0.188,-11.878,-4.824,-5.389,34.13
2190327504,-0.725,-0.441,0.201,-11.115,-4.076,-4.962,34.08
2190333240,-0.713,-0.453,0.189,-10.092,-1.221,-4.947,34.08
2190346731,-0.722,-0.459,0.188,-8.458,0.534,-4.458,34.22
2190358781,-0.744,-0.456,0.165,-8.382,2.427,-3.832,34.18
2190365416,-0.75,-0.459,0.157,-9.298,1.695,-2.763,34.13
2190379295,-0.748,-0.456,0.171,-9.893,0.626,-1.45,34.18
2190389310,-0.735,-0.442,0.18,-9.786,0.061,-0.504,34.13
2190397912,-0.723,-0.474,0.179,-9.328,0.351,-0.198,34.08
2190404867,-0.716,-0.451,0.183,-8.489,0.748,0.183,34.13
2190416417,-0.713,-0.457,0.185,-8.076,1.13,1.16,34.18
2190427283,-0.71,-0.468,0.183,-7.588,1.023,1.405,34.22
2190435002,-0.73,-0.456,0.17,-7.939,0.87,2.473,34.18
2190447271,-0.736,-0.463,0.165,-9.145,-1.282,3.802,34.22
2190459942,-0.728,-0.452,0.17,-10.962,-2.58,4.733,34.18
2190469267,-0.722,-0.457,0.177,-12.473,-4.107,5.298,34.22
2190475595,-0.728,-0.45,0.177,-13.145,-5.282,5.359,34.18
2190488464,-0.71,-0.452,0.186,-12.977,-5.985,5.053,34.18
2190498953,-0.704,-0.474,0.183,-12.198,-5.71,4.397,34.22
2190505626,-0.719,-0.474,0.179,-12.122,-5.969,4.504,34.18
2190517213,-0.717,-0.456,0.169,-13.191,-6.626,4.901,34.13
2190528007,-0.71,-0.465,0.185,-13.496,-7.374,5.038,34.18
2190535454,-0.692,-0.466,0.185,-14.168,-7.115,4.702,34.13
2190542246,-0.698,-0.463,0.179,-14.519,-6.015,4.473,34.18
2190559533,-0.692,-0.474,0.173,-14.504,-5.985,3.786,34.22
2190570072,-0.71,-0.464,0.171,-15.527,-4.58,3.573,34.27
2190576698,-0.706,-0.467,0.188,-16.137,-4.443,3.542,34.22
2190588433,-0.686,-0.475,0.207,-15.115,-2.397,2.626,34.18
2190599381,-0.689,-0.486,0.201,-11.954,-0.275,0.809,34.13
2190606333,-0.713,-0.467,0.155,-11.328,0.794,0.366,34.22
2190617524,-0.733,-0.457,0.151,-13.328,-1.435,1.481,34.18
2190628414,-0.742,-0.449,0.146,-15.74,-2.489,2.305,34.18
2190635912,-0.711,-0.456,0.186,-17.725,-2.382,2.931,34.18
2190642781,-0.703,-0.476,0.156,-17.649,0.0,3.252,34.22
2190657104,-0.69,-0.478,0.175,-17.053,5.328,1.939,34.08
2190668084,-0.678,-0.494,0.194,-14.809,11.71,1.038,34.13
2190676103,-0.702,-0.498,0.159,-12.748,17.359,1.069,34.18
2190689985,-0.729,-0.496,0.143,-12.595,19.557,1.878,34.22
2190700748,-0.767,-0.46,0.173,-11.863,19.573,4.626,34.18
2190706658,-0.771,-0.435,0.136,-12.626,17.038,7.069,34.13
2190713818,-0.73,-0.455,0.151,-14.763,17.542,8.534,34.18
2190728941,-0.718,-0.453,0.168,-14.519,22.015,7.832,34.13
2190736586,-0.737,-0.441,0.181,-12.473,24.427,8.107,34.32
2190743211,-0.761,-0.436,0.14,-10.107,28.382,9.237,34.08
2190757478,-0.756,-0.457,0.12,-10.58,30.794,9.588,34.22
2190765932,-0.743,-0.443,0.106,-10.947,30.718,10.87,34.08
2190774795,-0.745,-0.416,0.048,-13.664,32.183,11.45,34.18
2190787995,-0.8,-0.409,0.03,-19.038,31.298,13.069,34.18
2190797593,-0.784,-0.413,0.08,-17.496,32.336,15.45,34.13
2190806269,-0.737,-0.414,0.086,-17.374,36.519,11.298,34.18
2190818074,-0.756,-0.455,0.058,-15.008,39.45,13.359,34.22
2190825955,-0.759,-0.444,0.038,-14.473,40.794,13.13,34.18
2190836067,-0.77,-0.434,0.039,-14.672,40.977,13.802,34.22
2190842665,-0.763,-0.419,0.03,-16.443,41.435,14.107,34.27
2190858654,-0.781,-0.408,0.044,-18.137,40.901,14.351,34.13
2190867713,-0.811,-0.397,0.004,-21.924,40.595,12.901,34.13
2190876586,-0.815,-0.451,0.022,-23.908,39.847,13.725,34.18
2190887729,-0.789,-0.466,0.03,-23.038,40.58,12.87,34.13
2190898274,-0.779,-0.468,-0.007,-22.58,42.046,13.191,34.18
2190905776,-0.767,-0.466,0.007,-22.702,44.198,13.542,34.13
2190917291,-0.766,-0.436,-0.002,-23.756,44.031,13.557,34.18
2190926329,-0.771,-0.435,-0.027,-24.244,46.947,14.916,34.13
2190936441,-0.781,-0.433,-0.048,-26.947,49.679,15.069,34.18
2190947244,-0.773,-0.445,-0.052,-27.588,51.176,14.504,34.13
2190954139,-0.798,-0.438,-0.068,-27.679,53.45,14.626,34.18
2190968137,-0.773,-0.449,-0.049,-28.58,55.359,13.542,34.13
2190976840,-0.793,-0.472,-0.064,-24.87,57.71,14.84,34.27
2190987398,-0.801,-0.435,-0.091,-26.305,58.046,16.824,34.27
2190997561,-0.803,-0.421,-0.103,-28.046,57.786,15.588,34.27
2191006190,-0.785,-0.415,-0.125,-31.282,57.786,15.16,34.18
2191018200,-0.781,-0.419,-0.133,-32.58,61.45,14.076,34.13
2191028774,-0.814,-0.411,-0.132,-34.397,62.656,14.046,34.27
2191037521,-0.826,-0.443,-0.149,-35.481,62.168,15.45,34.13
2191046027,-0.824,-0.441,-0.15,-34.336,64.443,15.405,34.18
2191052520,-0.859,-0.424,-0.211,-35.099,60.947,16.809,34.22
2191070474,-0.824,-0.398,-0.196,-38.321,59.817,17.069,34.27
2191080198,-0.832,-0.397,-0.201,-42.183,56.244,18.0,34.13
2191085046,-0.843,-0.323,-0.239,-49.878,52.244,16.733,34.18
2191105317,-0.818,-0.391,-0.179,-50.29,59.405,20.58,34.22
2191110588,-0.839,-0.409,-0.188,-48.321,61.649,21.298,34.22
2191116119,-0.82,-0.391,-0.216,-46.809,60.931,22.229,34.08
2191130913,-0.809,-0.36,-0.243,-46.626,58.626,21.527,34.22
2191142829,-0.809,-0.345,-0.238,-47.344,55.328,22.015,34.08
2191145050,-0.782,-0.331,-0.268,-49.176,52.137,21.664,34.18
2191156379,-0.766,-0.326,-0.292,-51.466,50.809,22.672,34.18
2191163250,-0.79,-0.318,-0.279,-54.336,52.076,24.0,34.22
2191177826,-0.78,-0.338,-0.268,-53.023,54.611,24.473,34.18
2191187096,-0.8,-0.323,-0.306,-51.863,58.031,25.557,34.22
2191197193,-0.809,-0.311,-0.29,-53.298,59.511,27.573,34.18
2191207955,-0.805,-0.32,-0.304,-52.763,58.977,27.588,34.22
2191215971,-0.791,-0.314,-0.399,-55.771,59.237,27.481,34.18
2191227216,-0.821,-0.335,-0.38,-56.687,60.168,26.504,34.18
2191238561,-0.843,-0.32,-0.379,-57.527,60.122,25.634,34.13
2191246924,-0.881,-0.282,-0.375,-61.344,61.542,26.947,34.18
2191255182,-0.873,-0.303,-0.361,-64.519,58.916,27.16,34.13
2191270844,-0.811,-0.295,-0.355,-66.489,58.794,28.336,34.18
2191279813,-0.779,-0.281,-0.42,-66.58,61.023,28.046,34.13
2191289143,-0.787,-0.289,-0.467,-69.969,62.29,29.832,34.18
2191296335,-0.779,-0.327,-0.487,-73.023,60.565,28.962,34.22
2191308585,-0.747,-0.356,-0.506,-76.092,60.534,26.443,34.18
2191318371,-0.851,-0.261,-0.448,-74.275,66.779,25.71,34.22
2191325659,-0.895,-0.215,-0.436,-78.107,64.26,26.565,34.08
2191335268,-0.806,-0.241,-0.44,-83.649,58.305,27.679,34.13
2191348088,-0.713,-0.301,-0.459,-80.84,57.176,27.053,34.22
2191354884,-0.716,-0.295,-0.542,-78.656,58.595,28.794,34.18
2191365855,-0.72,-0.273,-0.476,-76.992,56.58,27.863,34.08
2191376806,-0.718,-0.224,-0.491,-73.374,55.634,26.122,34.18
2191388581,-0.722,-0.175,-0.475,-72.809,56.382,25.374,34.13
2191397689,-0.689,-0.201,-0.468,-68.687,57.405,25.74,34.18
2191405457,-0.71,-0.188,-0.475,-66.0,58.29,27.878,34.13
2191417806,-0.686,-0.192,-0.498,-62.855,58.397,29.878,34.27
2191427572,-0.696,-0.163,-0.511,-58.29,55.389,31.252,34.13
2191438595,-0.727,-0.133,-0.545,-57.191,54.137,32.214,34.18
2191446349,-0.71,-0.134,-0.555,-53.221,54.275,29.573,34.13
2191454315,-0.733,-0.082,-0.532,-51.603,51.695,27.908,34.22
2191464510,-0.734,-0.028,-0.548,-52.244,50.687,25.908,34.18
2191477776,-0.737,0.01,-0.539,-57.145,48.824,23.878,34.13
2191487782,-0.73,-0.034,-0.531,-58.382,48.565,26.183,34.18
2191496008,-0.688,-0.083,-0.571,-57.374,45.435,26.092,34.22
2191507600,-0.668,-0.134,-0.583,-52.275,48.061,29.13,34.08
2191519672,-0.71,-0.083,-0.585,-45.023,49.954,29.145,34.13
2191527538,-0.697,-0.034,-0.572,-41.756,49.71,28.519,34.27
2191536628,-0.696,-0.01,-0.601,-41.924,49.527,27.237,34.13
2191548224,-0.684,-0.003,-0.552,-41.008,47.405,24.26,34.18
2191556623,-0.682,-0.005,-0.573,-39.038,46.412,22.809,34.13
2191563182,-0.66,-0.01,-0.604,-38.687,47.084,20.153,34.13
2191575159,-0.622,-0.07,-0.636,-35.74,49.695,19.786,34.08
2191587504,-0.635,-0.074,-0.625,-29.267,53.42,20.076,34.27
2191598195,-0.656,-0.049,-0.648,-23.74,55.298,20.26,34.27
2191609317,-0.666,-0.008,-0.586,-21.511,54.565,19.618,34.13
2191620949,-0.649,-0.004,-0.641,-16.611,53.664,17.939,34.18
2191628756,-0.621,0.093,-0.695,-20.779,53.756,16.58,34.13
2191636922,-0.619,0.003,-0.658,-17.695,55.573,16.534,34.18
2191647411,-0.616,0.04,-0.654,-20.947,54.046,16.061,34.22
2191657231,-0.594,0.004,-0.695,-19.099,57.298,16.275,34.08
2191663073,-0.589,-0.031,-0.715,-15.969,61.16,14.305,34.13
2191674409,-0.674,0.017,-0.724,-10.763,61.282,14.733,34.13
2191690478,-0.652,0.02,-0.719,-13.496,56.779,15.206,34.18
2191700869,-0.612,0.048,-0.676,-11.985,56.046,14.672,34.22
2191706400,-0.617,0.079,-0.716,-11.969,53.725,14.137,34.18
2191714957,-0.542,0.096,-0.745,-17.191,53.298,15.053,34.13
2191726938,-0.542,0.068,-0.74,-21.099,52.534,17.878,34.18
2191737328,-0.545,0.073,-0.729,-21.511,51.359,18.153,34.22
2191746857,-0.615,0.102,-0.781,-19.038,52.229,18.29,34.18
2191758392,-0.616,0.1,-0.802,-22.122,49.603,16.931,34.13
2191766977,-0.57,0.094,-0.732,-24.0,44.656,15.282,34.27
2191774049,-0.569,0.14,-0.767,-25.374,41.191,16.305,34.13
2191786181,-0.541,0.115,-0.775,-29.802,37.282,19.908,34.22
2191798517,-0.515,0.088,-0.785,-29.664,33.191,23.573,34.08
2191806274,-0.461,0.075,-0.773,-28.504,33.221,24.397,34.27
2191820350,-0.512,0.131,-0.773,-26.183,35.618,25.725,34.18
2191827948,-0.46,0.076,-0.792,-24.183,38.0,24.916,34.22
2191837083,-0.521,0.114,-0.75,-21.908,38.656,24.565,34.18
2191845088,-0.528,0.133,-0.785,-23.71,35.435,25.038,34.13
2191860287,-0.541,0.119,-0.789,-26.168,31.969,26.397,34.27
2191866625,-0.552,0.115,-0.811,-27.344,28.916,27.786,34.13
2191873416,-0.487,0.089,-0.815,-28.687,27.023,28.26,34.27
2191889228,-0.485,0.077,-0.823,-27.405,29.405,30.626,34.13
2191897883,-0.507,0.09,-0.822,-24.595,30.519,31.252,34.13
2191906494,-0.535,0.134,-0.818,-26.015,28.122,31.939,34.18
2191917518,-0.506,0.155,-0.781,-27.466,24.107,31.71,34.32
2191930753,-0.461,0.213,-0.791,-29.389,21.603,31.832,34.18
2191936026,-0.441,0.185,-0.819,-31.893,20.168,31.634,34.22
2191947519,-0.405,0.133,-0.805,-28.443,19.313,31.237,34.27
2191955377,-0.374,0.131,-0.829,-21.573,21.084,30.855,34.13
2191966195,-0.434,0.162,-0.823,-17.802,21.771,31.954,34.27
2191972947,-0.438,0.192,-0.817,-18.229,19.389,32.473,34.22
2191984953,-0.391,0.208,-0.792,-20.092,19.786,32.031,34.18
2191999188,-0.4,0.23,-0.771,-20.855,21.74,29.328,34.22
2192007613,-0.377,0.213,-0.802,-21.893,22.031,25.71,34.08
2192018262,-0.376,0.16,-0.838,-19.924,24.885,23.542,34.08
2192032333,-0.397,0.146,-0.824,-15.542,25.221,23.008,34.18
2192037672,-0.432,0.156,-0.849,-13.359,24.076,23.786,34.18
2192048462,-0.401,0.167,-0.814,-11.267,22.504,22.809,34.22
2192057339,-0.388,0.224,-0.837,-11.328,23.084,22.351,34.18
2192067490,-0.36,0.219,-0.823,-12.519,24.687,18.779,34.22
2192072923,-0.37,0.229,-0.835,-12.061,26.641,15.42,34.18
2192084384,-0.348,0.208,-0.838,-10.947,27.71,11.939,34.22
2192096737,-0.342,0.215,-0.854,-9.069,30.397,9.038,34.18
2192107410,-0.37,0.216,-0.858,-9.008,31.725,6.061,34.13
2192117547,-0.367,0.236,-0.841,-9.084,31.496,3.832,34.18
2192125053,-0.378,0.233,-0.864,-9.435,30.84,2.947,34.13
2192136228,-0.375,0.208,-0.868,-8.702,30.275,0.962,34.18
2192147490,-0.354,0.197,-0.864,-7.145,29.725,-0.26,34.18
2192158689,-0.35,0.222,-0.883,-6.748,30.26,-1.115,34.22
2192167877,-0.303,0.238,-0.831,-5.481,29.695,-3.45,34.18
2192174145,-0.281,0.265,-0.909,-6.183,32.015,-6.366,34.18
2192185129,-0.316,0.261,-0.867,-7.237,33.847,-8.992,34.18
2192197392,-0.314,0.253,-0.876,-7.985,33.74,-10.626,34.22
2192206605,-0.323,0.208,-0.893,-8.092,37.313,-11.42,34.18
2192216951,-0.377,0.209,-0.871,-7.802,36.885,-9.282,34.13
2192225585,-0.382,0.243,-0.892,-8.672,34.198,-7.634,34.18
2192237727,-0.367,0.26,-0.928,-11.649,32.275,-5.832,34.22
2192247171,-0.328,0.258,-0.905,-13.16,28.992,-4.779,34.27
2192258019,-0.291,0.263,-0.932,-12.122,30.702,-2.977,34.13
2192269986,-0.295,0.257,-0.928,-10.702,30.58,0.26,34.22
2192274366,-0.295,0.279,-0.93,-9.695,30.015,3.13,34.18
2192285129,-0.293,0.318,-0.924,-10.763,27.42,4.992,34.13
2192292046,-0.271,0.339,-0.947,-12.443,25.893,3.267,34.18
2192306474,-0.319,0.35,-0.956,-15.924,26.718,3.42,34.13
2192316787,-0.331,0.337,-0.946,-19.802,26.229,2.855,34.18
2192326797,-0.321,0.331,-0.957,-22.824,26.458,1.298,34.13
2192339382,-0.36,0.309,-0.95,-27.847,22.183,4.046,34.18
2192344900,-0.328,0.31,-0.913,-28.443,16.58,6.092,34.22
2192355298,-0.248,0.325,-0.918,-27.206,12.168,9.145,34.18
2192367015,-0.225,0.332,-0.932,-24.763,13.618,13.405,34.22
2192375536,-0.216,0.365,-0.893,-23.832,14.58,16.122,34.18
2192385212,-0.188,0.372,-0.905,-23.344,17.496,17.069,34.13
2192391063,-0.223,0.351,-0.916,-23.725,22.611,17.359,34.08
2192408524,-0.307,0.327,-0.941,-25.008,23.206,18.0,34.18
2192417521,-0.324,0.289,-0.918,-23.435,20.656,16.733,34.13
2192424546,-0.3,0.31,-0.906,-21.481,18.244,17.069,34.18
2192435866,-0.299,0.322,-0.964,-22.504,16.718,19.649,34.13
2192447057,-0.293,0.312,-0.922,-23.71,14.458,20.641,34.18
2192457605,-0.215,0.317,-0.96,-22.977,14.702,20.137,34.13
2192469183,-0.194,0.273,-0.965,-19.466,19.908,18.107,34.18
2192475465,-0.201,0.287,-0.971,-14.229,23.023,13.145,34.13
2192484710,-0.214,0.302,-0.959,-12.809,27.084,10.947,34.18
2192500238,-0.281,0.346,-0.966,-15.969,26.87,12.107,34.13
2192510690,-0.244,0.309,-0.971,-19.756,26.168,12.153,34.18
2192519046,-0.185,0.284,-0.925,-19.618,27.237,12.489,34.22
2192525279,-0.094,0.288,-0.971,-16.321,32.183,9.481,34.22
2192539549,-0.053,0.238,-0.962,-9.099,42.809,4.366,34.18
2192548712,-0.085,0.292,-0.986,-3.282,53.557,0.977,34.08
2192555954,-0.184,0.317,-1.003,-2.84,60.977,-2.107,34.18
2192568683,-0.314,0.309,-0.973,-6.229,52.58,-5.084,34.22
2192577441,-0.323,0.299,-0.958,-14.855,55.527,-1.786,34.18
2192585069,-0.313,0.325,-0.94,-17.939,50.489,-1.435,34.13
2192596908,-0.191,0.33,-0.923,-18.611,44.031,-2.824,34.18
2192607314,-0.05,0.358,-0.976,-14.382,49.084,-6.55,34.13
2192617800,-0.068,0.423,-0.939,-7.527,53.435,-7.206,34.18
2192623881,-0.019,0.502,-0.943,-8.198,54.565,-7.084,34.22
2192636873,-0.045,0.506,-0.937,-10.275,59.511,-7.023,34.18
2192648647,-0.202,0.509,-0.986,-16.733,57.771,-2.321,34.13
2192654205,-0.236,0.438,-0.928,-22.87,49.634,2.748,34.13
2192669035,-0.22,0.43,-0.946,-25.435,42.534,6.58,34.18
2192681438,-0.174,0.374,-0.937,-24.55,37.282,10.336,34.22
2192686063,-0.089,0.385,-0.93,-19.282,35.191,12.122,34.18
2192696613,-0.029,0.484,-0.892,-17.511,36.153,11.344,34.27
2192703641,0.043,0.54,-0.926,-17.908,41.588,12.489,34.08
2192716615,-0.059,0.491,-0.975,-25.435,46.794,15.008,34.22
2192726283,-0.143,0.424,-0.96,-27.206,43.969,17.237,34.27
2192737400,-0.167,0.4,-0.978,-29.328,42.824,19.16,34.22
2192750580,-0.171,0.352,-0.94,-30.458,37.679,20.748,34.18
2192755941,-0.082,0.364,-0.932,-29.282,33.237,21.786,34.22
2192766926,-0.017,0.38,-0.97,-28.87,33.42,21.344,34.27
2192776357,0.009,0.418,-0.949,-27.649,36.321,19.053,34.22
2192785701,0.052,0.436,-0.948,-29.115,42.504,15.847,34.13
2192796349,-0.002,0.42,-1.02,-31.969,45.969,15.176,34.08
2192803250,-0.057,0.337,-0.967,-32.443,50.992,14.275,34.22
2192818737,-0.078,0.317,-0.964,-33.084,50.214,13.756,34.18
2192827857,-0.131,0.327,-0.993,-34.336,48.763,14.595,34.13
2192835371,-0.098,0.358,-0.987,-31.878,41.74,12.809,34.18
2192847218,-0.031,0.412,-1.01,-34.458,45.527,14.29,34.13
2192857167,-0.084,0.456,-0.985,-37.389,45.359,18.321,34.18
2192868361,-0.032,0.442,-1.008,-43.832,41.252,22.137,34.22
2192878233,-0.01,0.431,-0.947,-45.496,40.198,24.55,34.18
2192887264,0.046,0.48,-0.92,-44.046,39.496,22.626,34.13
2192896127,0.058,0.497,-0.976,-44.183,42.748,20.748,34.08
2192902903,0.04,0.458,-0.956,-43.237,42.26,19.252,34.22
2192916661,0.061,0.507,-0.97,-40.901,38.458,18.489,34.18
2192926965,0.012,0.545,-0.955,-48.412,39.71,21.282,34.18
2192936200,0.025,0.523,-0.944,-51.802,33.099,22.458,34.22
2192949508,0.052,0.524,-0.925,-59.176,32.443,24.672,34.18
2192956483,0.083,0.491,-0.935,-59.771,33.359,25.084,34.22
2192966568,0.048,0.473,-0.924,-55.588,34.977,24.153,34.08
2192976403,0.123,0.495,-0.884,-52.351,32.672,23.649,34.22
2192989387,0.173,0.544,-0.86,-49.115,32.855,23.221,34.18
2192996354,0.198,0.578,-0.859,-47.863,34.198,25.069,34.22
2193003422,0.213,0.584,-0.895,-48.595,37.221,27.847,34.18
2193016738,0.148,0.569,-0.854,-48.519,39.389,30.824,34.13
2193025470,0.224,0.567,-0.86,-51.924,39.725,32.962,34.18
2193035852,0.235,0.578,-0.87,-47.695,45.374,32.458,34.27
2193050419,0.181,0.563,-0.872,-43.42,46.0,30.824,34.22
2193061695,0.193,0.596,-0.854,-40.641,43.786,30.275,34.18
2193067348,0.244,0.646,-0.865,-38.55,44.565,31.069,34.18
2193075397,0.221,0.686,-0.886,-42.687,43.084,33.725,34.08
2193090212,0.323,0.677,-0.896,-47.649,44.321,36.0,34.13
2193096846,0.377,0.658,-0.892,-48.336,51.099,34.26,34.18
2193103749,0.417,0.614,-0.916,-42.336,60.473,29.679,34.13
2193119213,0.289,0.654,-0.938,-36.687,69.115,29.221,34.18
2193132079,0.162,0.687,-0.896,-38.87,65.802,32.595,34.22
2193137379,0.178,0.698,-0.861,-45.221,57.344,39.603,34.18
2193147916,0.285,0.65,-0.82,-49.313,50.0,42.046,34.13
2193157164,0.436,0.664,-0.838,-42.794,58.198,39.527,34.32
2193166212,0.457,0.632,-0.876,-40.107,70.046,36.458,34.18
2193177149,0.435,0.619,-0.849,-32.321,81.695,32.489,34.13
2193187962,0.324,0.688,-0.864,-32.321,86.901,30.992,34.27
2193197313,0.264,0.663,-0.835,-36.702,86.26,29.695,34.22
2193204080,0.168,0.627,-0.805,-40.733,80.763,29.618,34.18
2193216145,0.103,0.636,-0.738,-46.29,71.832,31.42,34.13
2193231716,0.223,0.542,-0.712,-49.908,62.641,31.405,34.18
2193237644,0.29,0.526,-0.685,-44.595,63.145,31.42,34.22
2193244053,0.373,0.512,-0.676,-40.168,64.992,30.458,34.08
2193257871,0.5,0.522,-0.641,-30.061,74.977,28.046,34.22
2193267641,0.393,0.636,-0.604,-24.55,81.893,28.84,34.22
2193275292,0.392,0.639,-0.644,-24.992,79.786,28.031,34.18
2193287762,0.399,0.615,-0.646,-24.412,82.076,26.565,34.18
2193298733,0.321,0.615,-0.622,-23.069,80.153,25.496,34.27
2193304392,0.392,0.624,-0.634,-22.031,77.756,24.137,34.13
2193317720,0.298,0.633,-0.643,-25.527,77.344,26.168,34.08
2193325095,0.312,0.594,-0.575,-28.137,66.55,27.16,34.22
2193336508,0.442,0.626,-0.603,-28.214,61.45,27.618,34.18
2193345037,0.523,0.605,-0.566,-23.893,61.16,27.908,34.13
2193359510,0.571,0.624,-0.594,-18.427,64.504,27.313,34.18
2193370000,0.57,0.659,-0.566,-15.16,68.992,26.656,34.13
2193375434,0.533,0.716,-0.534,-13.832,67.985,28.137,34.27
2193389506,0.615,0.738,-0.548,-16.107,68.458,26.305,34.08
2193398709,0.514,0.709,-0.568,-20.015,65.084,28.046,34.22
2193404926,0.546,0.691,-0.551,-22.687,58.809,29.008,34.18
2193416868,0.572,0.656,-0.589,-22.26,56.534,26.824,34.13
2193427393,0.536,0.633,-0.55,-21.802,54.427,25.023,34.18
2193436765,0.613,0.624,-0.539,-20.611,49.71,27.405,34.22
2193445337,0.564,0.635,-0.531,-20.992,49.099,24.779,34.27
2193456879,0.568,0.618,-0.497,-22.198,41.099,26.412,34.22
2193469423,0.626,0.636,-0.453,-25.389,31.634,24.824,34.18
2193474268,0.746,0.618,-0.437,-21.374,29.649,18.443,34.13
2193485913,0.74,0.623,-0.466,-21.069,27.634,18.015,34.18
2193496623,0.917,0.583,-0.45,-12.672,37.115,10.382,34.22
2193505469,0.747,0.649,-0.496,-10.366,35.328,9.863,34.18
2193510821,0.716,0.624,-0.465,-9.527,33.069,10.031,34.18
2193529151,0.677,0.607,-0.458,-8.534,29.481,9.16,34.13
2193542038,0.737,0.613,-0.431,-6.397,25.893,7.618,34.08
2193547056,0.643,0.607,-0.471,-7.481,14.733,8.794,34.13
2193557714,0.712,0.615,-0.441,-6.55,7.939,6.076,34.18
2193570731,0.757,0.624,-0.447,-4.916,5.16,4.107,34.13
2193575848,0.799,0.635,-0.427,-3.084,2.153,1.802,34.18
2193589194,0.806,0.656,-0.451,-1.252,2.031,-1.13,34.22
2193598541,0.771,0.646,-0.444,0.489,1.206,-2.641,34.18
2193606682,0.681,0.66,-0.464,0.244,-1.313,-4.809,34.13
2193614391,0.709,0.624,-0.461,0.718,-4.641,-3.45,34.18
2193628065,0.648,0.635,-0.431,2.153,-10.534,-4.916,34.18
2193641323,0.644,0.642,-0.446,3.008,-17.939,-5.786,34.22
2193650615,0.656,0.642,-0.453,3.252,-24.962,-6.901,34.27
2193655831,0.678,0.634,-0.461,4.382,-29.863,-7.588,34.27
2193669847,0.707,0.634,-0.439,7.924,-32.168,-9.603,34.18
2193680277,0.698,0.647,-0.467,10.382,-33.542,-10.504,34.22
2193686763,0.672,0.652,-0.447,11.603,-35.924,-10.626,34.18
2193699243,0.656,0.663,-0.453,11.71,-41.191,-10.0,34.22
2193709345,0.627,0.676,-0.47,11.145,-45.771,-9.481,34.18
2193715256,0.631,0.656,-0.468,11.786,-50.061,-9.832,34.22
2193726999,0.622,0.627,-0.481,14.489,-52.58,-9.863,34.18
2193738518,0.586,0.624,-0.507,16.611,-57.221,-9.023,34.13
2193747892,0.61,0.614,-0.524,20.748,-61.679,-9.069,34.22
2193755336,0.584,0.669,-0.514,18.534,-64.962,-8.26,34.18
2193768308,0.624,0.663,-0.498,19.008,-66.137,-10.092,34.22
2193780246,0.6,0.694,-0.525,17.145,-67.16,-13.252,34.18
2193785565,0.587,0.693,-0.521,16.58,-69.618,-16.214,34.22
2193796222,0.543,0.685,-0.59,14.168,-75.359,-15.863,34.27
2193806399,0.583,0.629,-0.618,12.794,-79.817,-13.893,34.13
2193817223,0.579,0.604,-0.563,17.42,-80.885,-14.473,34.18
2193826596,0.568,0.592,-0.608,22.718,-82.672,-13.878,34.13
2193833391,0.595,0.57,-0.591,27.679,-80.947,-15.832,34.18
2193850316,0.577,0.591,-0.602,32.763,-75.786,-20.382,34.13
2193856712,0.498,0.619,-0.657,34.076,-74.824,-23.71,34.13
2193866470,0.466,0.634,-0.639,32.183,-78.031,-24.733,34.18
2193879310,0.457,0.609,-0.706,28.748,-81.053,-26.107,34.08
2193889973,0.446,0.563,-0.683,26.763,-86.58,-26.336,34.18
2193897033,0.53,0.509,-0.674,32.214,-83.649,-30.565,34.13
2193906786,0.54,0.514,-0.686,38.076,-80.901,-34.855,34.18
2193914490,0.519,0.526,-0.683,44.092,-76.718,-38.763,34.22
2193926310,0.456,0.554,-0.73,45.191,-73.924,-42.137,34.18
2193933040,0.441,0.585,-0.702,41.542,-74.672,-45.618,34.13
2193946430,0.396,0.579,-0.715,37.695,-75.023,-49.664,34.18
2193958949,0.352,0.559,-0.65,35.221,-78.84,-53.069,34.22
2193964777,0.456,0.483,-0.715,38.412,-79.618,-58.473,34.22
2193976704,0.455,0.471,-0.691,46.275,-72.076,-63.588,34.27
2193988052,0.32,0.509,-0.715,55.893,-70.382,-65.817,34.22
2193996679,0.295,0.55,-0.715,54.916,-75.481,-66.229,34.18
2194007948,0.264,0.524,-0.814,53.511,-77.588,-66.473,34.13
2194015991,0.229,0.494,-0.705,52.29,-82.916,-68.198,34.18
2194026024,0.248,0.487,-0.734,56.214,-87.481,-67.359,34.13
2194032430,0.247,0.448,-0.798,57.359,-89.679,-68.366,34.18
2194049069,0.183,0.438,-0.768,61.802,-91.298,-67.74,34.13
2194057849,0.136,0.472,-0.748,65.511,-96.962,-67.832,34.27
2194066211,0.166,0.485,-0.835,62.412,-97.893,-66.931,34.22
2194078063,0.223,0.463,-0.858,57.252,-96.763,-70.366,34.18
2194090944,0.124,0.405,-0.858,59.969,-90.183,-74.122,34.18
2194096594,0.003,0.408,-0.793,62.992,-94.015,-76.107,34.18
2194106814,-0.024,0.457,-0.842,61.847,-99.954,-75.542,34.18
2194116055,-0.042,0.41,-0.836,59.389,-107.267,-73.313,34.13
2194127703,-0.033,0.426,-0.82,56.779,-113.298,-68.687,34.18
2194136928,0.048,0.394,-0.907,56.0,-111.618,-65.878,34.22
2194143543,0.03,0.351,-0.877,59.374,-107.053,-67.359,34.08
2194160085,0.015,0.346,-0.864,65.282,-100.076,-70.702,34.13
2194170327,-0.088,0.373,-0.905,68.931,-96.611,-71.511,34.18
2194177307,-0.194,0.424,-0.867,67.221,-100.763,-69.908,34.22
2194190703,-0.266,0.429,-0.973,60.947,-106.763,-64.565,34.18
2194196500,-0.233,0.348,-0.882,53.634,-114.962,-61.405,34.13
2194205924,-0.168,0.314,-0.93,53.939,-116.489,-58.962,34.22
2194217171,-0.148,0.317,-0.918,55.221,-113.191,-59.069,34.18
2194225153,-0.246,0.316,-0.952,54.733,-107.969,-59.954,34.22
2194235091,-0.319,0.336,-0.877,52.504,-112.489,-61.389,34.18
2194246863,-0.319,0.374,-0.885,48.076,-116.733,-62.565,34.13
2194259056,-0.296,0.352,-0.853,45.496,-119.847,-64.382,34.27
2194271094,-0.275,0.321,-0.926,42.153,-119.878,-64.382,34.13
2194277035,-0.304,0.213,-0.934,42.275,-115.664,-66.824,34.18
2194286840,-0.359,0.223,-0.858,44.321,-114.519,-68.198,34.13
2194296390,-0.377,0.265,-0.865,43.435,-112.916,-70.183,34.18
2194306332,-0.462,0.304,-0.818,39.328,-117.008,-70.962,34.22
2194317539,-0.551,0.331,-0.855,31.069,-125.985,-67.878,34.27
2194326794,-0.524,0.235,-0.846,25.405,-133.069,-67.16,34.08
2194336879,-0.471,0.105,-0.837,26.458,-133.008,-67.145,34.13
2194344694,-0.414,0.071,-0.8,35.496,-126.656,-68.015,34.27
2194356859,-0.42,0.176,-0.77,43.176,-119.313,-67.679,34.04
2194369146,-0.517,0.226,-0.838,41.618,-113.252,-66.198,34.18
2194375807,-0.62,0.22,-0.838,33.786,-116.763,-67.924,34.13
2194386946,-0.706,0.184,-0.822,25.924,-120.977,-67.695,34.18
2194397916,-0.672,0.092,-0.715,23.099,-129.176,-66.779,34.22
2194407796,-0.593,0.085,-0.8,22.794,-126.611,-63.634,34.18
2194415560,-0.589,0.02,-0.759,29.374,-121.42,-62.672,34.22
2194429002,-0.629,0.027,-0.78,36.168,-114.321,-63.069,34.18
2194439416,-0.687,0.034,-0.81,39.191,-106.947,-62.779,34.22
2194443411,-0.717,0.051,-0.688,36.962,-107.939,-61.695,34.18
2194454395,-0.699,0.092,-0.69,35.084,-110.504,-60.763,34.08
2194468520,-0.727,0.138,-0.696,28.87,-111.328,-59.008,34.08
2194479162,-0.735,0.032,-0.757,26.901,-109.008,-60.595,34.27
2194484803,-0.744,-0.064,-0.647,29.496,-102.809,-63.908,34.22
2194496815,-0.754,-0.055,-0.632,35.115,-97.481,-63.466,34.18
2194508480,-0.768,-0.024,-0.612,39.252,-96.092,-60.702,34.22
2194516800,-0.76,-0.009,-0.626,42.809,-93.42,-61.481,34.18
2194529103,-0.774,0.01,-0.603,43.176,-91.511,-62.321,34.13
2194536784,-0.801,0.026,-0.554,40.137,-93.084,-60.977,34.18
2194546072,-0.779,0.005,-0.559,39.115,-93.695,-62.061,34.13
2194552449,-0.764,-0.068,-0.572,40.87,-90.458,-64.885,34.08
2194564515,-0.829,-0.073,-0.531,42.504,-87.42,-65.344,34.22
2194577621,-0.875,-0.068,-0.525,42.397,-87.023,-62.29,34.18
2194586805,-0.9,-0.057,-0.536,38.031,-89.588,-59.084,34.18
2194597788,-0.876,-0.105,-0.469,35.817,-90.992,-55.725,34.22
2194610829,-0.855,-0.142,-0.474,37.038,-88.275,-54.672,34.18
2194615862,-0.816,-0.155,-0.447,38.901,-84.092,-55.481,34.08
2194627337,-0.844,-0.111,-0.429,42.565,-84.29,-56.748,34.18
2194638215,-0.875,-0.075,-0.439,39.969,-86.901,-57.389,34.13
2194646465,-0.896,-0.106,-0.481,36.412,-88.29,-56.031,34.18
2194655724,-0.91,-0.168,-0.414,34.015,-88.901,-54.397,34.13
2194662330,-0.893,-0.215,-0.383,34.595,-87.45,-51.176,34.18
2194678480,-0.877,-0.222,-0.371,38.443,-82.061,-48.748,34.13
2194688589,-0.87,-0.211,-0.32,40.779,-79.328,-48.58,34.18
2194695462,-0.872,-0.166,-0.314,40.427,-80.321,-49.298,34.22
2194707259,-0.866,-0.131,-0.324,39.145,-80.916,-48.168,34.08
2194718006,-0.878,-0.147,-0.329,35.786,-85.282,-48.824,34.13
2194726544,-0.892,-0.211,-0.316,35.053,-87.252,-47.847,34.13
2194742115,-0.875,-0.289,-0.315,37.023,-86.641,-47.328,34.18
2194747640,-0.882,-0.311,-0.24,40.977,-79.924,-45.344,34.22
2194753753,-0.913,-0.267,-0.254,42.427,-79.237,-42.0,34.08
2194765525,-0.94,-0.22,-0.27,37.16,-80.855,-37.466,34.13
2194778248,-0.903,-0.176,-0.21,31.847,-83.649,-39.847,34.18
2194789190,-0.929,-0.168,-0.213,25.71,-86.473,-41.237,34.13
2194796600,-0.935,-0.202,-0.198,17.878,-89.756,-40.015,34.18
2194806496,-0.857,-0.301,-0.208,16.427,-88.427,-36.885,34.22
2194818745,-0.858,-0.39,-0.214,22.702,-86.244,-36.107,34.27
2194827177,-0.872,-0.374,-0.135,26.641,-80.092,-36.489,34.13
2194836288,-0.9,-0.35,-0.158,29.496,-73.069,-31.878,34.18
2194846837,-0.916,-0.236,-0.171,24.992,-76.198,-38.443,34.18
2194857396,-0.943,-0.237,-0.063,22.458,-86.092,-53.344,34.22
2194863283,-0.89,-0.279,-0.113,12.672,-91.664,-52.458,34.27
2194879307,-0.841,-0.364,-0.089,15.893,-84.55,-46.672,34.22
2194888701,-0.829,-0.417,-0.095,19.008,-76.489,-42.29,34.18
2194897643,-0.86,-0.417,-0.063,23.023,-69.863,-36.656,34.13
2194907955,-0.86,-0.407,-0.044,24.87,-65.664,-26.26,34.27
2194917018,-0.839,-0.405,-0.043,23.42,-62.26,-25.527,34.13
2194926919,-0.828,-0.391,-0.015,24.412,-57.206,-22.076,34.18
2194937660,-0.855,-0.322,-0.022,23.176,-56.702,-24.534,34.22
2194946173,-0.832,-0.322,0.05,18.519,-59.405,-28.305,34.13
2194957036,-0.809,-0.261,-0.002,13.099,-58.947,-45.863,34.18
2194966354,-0.819,-0.343,0.015,15.267,-55.053,-31.573,34.22
2194973166,-0.772,-0.467,0.062,16.198,-46.443,-37.695,34.18
2194990093,-0.795,-0.508,0.058,22.504,-39.42,-38.305,34.13
2195000245,-0.798,-0.455,0.069,26.824,-31.42,-36.794,34.08
2195005229,-0.81,-0.443,0.055,28.595,-27.008,-34.595,34.13
2195019110,-0.812,-0.401,0.064,27.374,-24.794,-35.221,34.08
2195028467,-0.794,-0.413,0.091,26.595,-21.573,-32.153,34.13
2195035901,-0.797,-0.417,0.064,27.328,-17.084,-31.756,34.18
2195047410,-0.815,-0.404,0.075,26.58,-17.359,-30.443,34.13
2195058352,-0.81,-0.423,0.053,26.779,-14.489,-29.069,34.18
2195065040,-0.784,-0.439,0.074,26.779,-12.0,-27.954,34.27
2195078614,-0.771,-0.42,0.09,25.206,-7.099,-27.756,34.22
2195086811,-0.774,-0.419,0.08,29.359,-5.176,-26.962,34.27
2195097152,-0.761,-0.41,0.055,28.779,-3.832,-26.351,34.22
2195106907,-0.756,-0.396,0.083,27.344,-2.992,-27.16,34.18
2195119394,-0.764,-0.399,0.084,26.275,-3.664,-24.382,34.13
2195129773,-0.754,-0.393,0.08,24.794,-2.733,-23.695,34.18
2195136298,-0.757,-0.407,0.073,23.511,-3.13,-22.962,34.22
2195147071,-0.767,-0.413,0.101,21.466,-3.817,-21.832,34.18
2195154762,-0.766,-0.423,0.115,21.069,-3.908,-21.863,34.22
2195164980,-0.759,-0.435,0.126,21.573,-3.557,-20.794,34.08
2195176973,-0.732,-0.447,0.127,21.527,0.015,-20.733,34.22
2195187443,-0.727,-0.477,0.112,24.137,2.687,-20.962,34.13
2195197613,-0.719,-0.501,0.12,26.58,7.481,-21.832,34.18
2195205365,-0.742,-0.488,0.15,27.969,6.626,-20.382,34.18
2195216169,-0.747,-0.468,0.118,25.42,5.298,-22.885,34.08
2195229423,-0.798,-0.47,0.133,26.565,1.466,-19.527,34.22
2195234547,-0.763,-0.447,0.142,25.634,1.099,-19.756,34.08
2195246403,-0.735,-0.433,0.16,25.313,1.252,-19.237,34.13
2195257704,-0.709,-0.419,0.151,27.237,4.29,-19.969,34.08
2195266946,-0.721,-0.457,0.138,27.145,7.603,-19.771,34.13
2195277133,-0.71,-0.475,0.092,24.901,9.45,-18.916,34.08
2195284979,-0.768,-0.439,0.115,24.0,8.641,-17.069,34.22
2195297149,-0.776,-0.417,0.087,20.84,2.947,-14.611,34.18
2195307095,-0.743,-0.428,0.116,15.542,0.702,-10.931,34.22
2195318024,-0.728,-0.43,0.161,13.725,-1.069,-10.122,34.22
2195328280,-0.787,-0.426,0.134,15.176,-3.298,-9.191,34.18
2195335930,-0.741,-0.407,0.124,12.611,-2.58,-6.809,34.22
2195347016,-0.674,-0.447,0.165,13.908,1.557,-9.069,34.08
2195359593,-0.717,-0.492,0.161,16.718,3.771,-9.863,34.13
2195367651,-0.706,-0.477,0.194,17.069,3.771,-9.42,34.08
2195372589,-0.74,-0.471,0.143,16.229,5.481,-8.504,34.13
2195386246,-0.786,-0.451,0.088,13.313,6.137,-6.565,34.18
2195400149,-0.771,-0.439,0.181,10.656,4.26,-5.008,34.13
2195405744,-0.74,-0.427,0.194,12.244,4.962,-3.435,34.27
2195416891,-0.741,-0.476,0.085,10.855,9.328,-3.71,34.27
2195428601,-0.746,-0.51,0.137,7.267,9.221,-2.656,34.18
2195437829,-0.748,-0.477,0.156,6.84,10.534,-1.023,34.18
2195445956,-0.753,-0.443,0.114,5.893,11.206,-0.641,34.22
2195456776,-0.77,-0.422,0.117,1.985,9.832,1.435,34.08
2195468075,-0.758,-0.411,0.134,0.183,8.336,3.435,34.22
2195474119,-0.776,-0.405,0.109,-3.038,7.328,6.534,34.27
2195487807,-0.714,-0.433,0.13,-6.901,3.71,7.832,34.22
2195495774,-0.672,-0.42,0.2,-7.069,1.466,7.847,34.18
2195506647,-0.677,-0.41,0.183,-7.786,0.137,7.878,34.13
2195516387,-0.69,-0.437,0.198,-8.168,-2.107,6.107,34.18
2195529010,-0.75,-0.43,0.192,-7.466,-5.771,7.878,34.13
2195539466,-0.713,-0.421,0.17,-8.244,-9.191,8.168,34.13
2195546885,-0.74,-0.485,0.179,-7.893,-6.641,8.809,34.18
2195558089,-0.669,-0.503,0.142,-10.626,-5.405,5.802,34.13
2195567794,-0.685,-0.523,0.191,-11.756,-4.962,3.847,34.08
2195575498,-0.656,-0.493,0.247,-9.45,-2.305,2.779,34.18
2195582239,-0.647,-0.457,0.206,-6.412,0.183,-2.092,34.18
2195596234,-0.716,-0.436,0.17,-7.038,-1.71,-0.214,34.13
2195607829,-0.729,-0.463,0.165,-7.908,0.275,-1.725,34.18
2195617620,-0.754,-0.485,0.205,-8.656,-1.008,-1.115,34.13
2195630713,-0.738,-0.492,0.209,-7.45,-1.008,-1.679,34.18
2195640555,-0.715,-0.465,0.169,-8.992,-1.466,-2.26,34.04
2195646357,-0.71,-0.374,0.157,-12.382,-1.008,-2.397,34.18
2195657407,-0.702,-0.422,0.213,-10.519,-3.496,-2.55,34.22
2195669403,-0.691,-0.446,0.211,-9.847,-3.634,-3.924,34.13
2195675764,-0.68,-0.457,0.2,-8.55,-2.229,-5.145,34.08
2195682427,-0.688,-0.474,0.189,-7.237,-0.55,-4.687,34.22
2195698848,-0.715,-0.445,0.18,-7.038,0.947,-4.916,34.18
2195712771,-0.725,-0.463,0.142,-8.672,2.229,-4.611,34.04
2195718059,-0.719,-0.485,0.161,-10.443,1.954,-3.557,34.18
2195728561,-0.732,-0.472,0.192,-9.74,2.137,-2.336,34.22
2195739367,-0.718,-0.459,0.234,-7.573,0.855,-2.656,34.18
2195747716,-0.698,-0.468,0.238,-3.618,2.687,-4.29,34.13
2195754962,-0.706,-0.452,0.194,-2.214,5.924,-5.573,34.18
2195768688,-0.726,-0.451,0.189,-1.405,7.328,-5.496,34.04
2195777290,-0.733,-0.457,0.181,-2.061,7.45,-5.008,34.27
2195783819,-0.727,-0.461,0.22,-1.817,7.481,-3.908,34.08
2195795683,-0.729,-0.444,0.14,-4.031,10.214,-3.115,34.08
2195805587,-0.677,-0.454,0.155,-5.328,6.0,-2.458,34.18
2195820786,-0.699,-0.461,0.174,-8.809,6.687,-3.115,34.13
2195827245,-0.681,-0.486,0.182,-6.366,8.962,-2.763,34.18
2195838850,-0.683,-0.459,0.192,-10.244,7.115,-4.763,34.22
2195849437,-0.635,-0.513,0.246,-4.275,8.397,-6.305,34.18
2195855416,-0.667,-0.504,0.196,-0.84,11.832,-7.802,34.13
2195866688,-0.728,-0.437,0.187,-1.145,9.328,-7.115,34.18
2195878579,-0.705,-0.476,0.211,-1.679,5.069,-7.969,34.13
2195884842,-0.702,-0.481,0.216,-0.412,6.473,-6.992,34.08
2195896893,-0.693,-0.49,0.214,1.557,7.191,-8.351,34.13
2195907945,-0.706,-0.478,0.2,2.519,7.863,-8.916,34.18
2195917424,-0.695,-0.512,0.22,3.954,8.519,-9.588,34.08
2195925301,-0.681,-0.514,0.211,5.725,10.733,-11.038,34.13
2195937051,-0.683,-0.502,0.179,7.298,11.786,-11.206,34.18
2195949937,-0.699,-0.492,0.125,5.359,12.595,-10.718,34.18
2195955310,-0.711,-0.473,0.136,2.214,13.603,-10.26,34.18
2195966433,-0.761,-0.448,0.263,2.412,9.42,-8.687,34.22
2195975933,-0.715,-0.466,0.225,7.053,7.267,-8.672,34.18
2195986136,-0.694,-0.444,0.146,7.924,9.084,-9.038,34.13
2195993094,-0.704,-0.47,0.167,6.641,7.954,-8.565,34.08
2196005176,-0.688,-0.479,0.178,7.664,9.267,-8.458,34.13
2196018383,-0.694,-0.497,0.169,9.802,10.565,-8.733,34.18
2196027998,-0.708,-0.497,0.139,10.031,10.397,-7.405,34.18
2196038250,-0.724,-0.477,0.142,7.145,9.771,-6.473,34.13
2196047851,-0.717,-0.481,0.142,4.855,6.901,-5.008,34.18
2196056772,-0.719,-0.468,0.171,3.542,6.214,-3.939,34.13
2196064584,-0.72,-0.482,0.202,2.87,3.237,-3.359,34.18
2196076925,-0.673,-0.497,0.235,6.092,3.557,-4.305,34.04
2196086837,-0.68,-0.478,0.184,8.84,6.183,-6.473,34.18
2196094633,-0.704,-0.499,0.171,8.611,7.71,-6.687,34.13
2196106856,-0.707,-0.511,0.161,8.733,8.336,-6.733,34.18
2196119305,-0.704,-0.51,0.146,7.664,8.779,-6.992,34.22
2196128964,-0.71,-0.492,0.146,6.122,7.817,-6.748,34.08
2196135191,-0.719,-0.468,0.149,4.198,7.542,-6.427,34.13
2196148533,-0.71,-0.482,0.148,2.84,8.794,-6.214,34.18
2196157607,-0.73,-0.478,0.194,2.672,8.046,-5.771,34.18
2196168189,-0.706,-0.49,0.228,4.992,7.573,-5.359,34.18
2196177357,-0.692,-0.488,0.186,7.634,9.328,-6.382,34.18
2196186038,-0.7,-0.495,0.149,8.26,12.26,-7.221,34.13
2196196340,-0.731,-0.495,0.136,6.931,11.557,-7.099,34.08
2196203398,-0.726,-0.486,0.119,4.275,10.122,-5.527,34.13
2196220421,-0.726,-0.472,0.121,0.885,8.046,-3.695,34.18
2196226663,-0.694,-0.488,0.145,-0.534,7.282,-2.84,34.22
2196235713,-0.708,-0.488,0.143,-3.115,7.649,-3.237,34.08
2196247406,-0.709,-0.48,0.144,-3.74,6.595,-2.458,34.13
2196255789,-0.721,-0.471,0.164,-4.794,5.206,-1.267,34.18
2196266867,-0.704,-0.493,0.183,-3.969,4.611,-0.458,34.13
2196278868,-0.678,-0.51,0.167,-1.802,6.229,-0.901,34.18
2196288232,-0.713,-0.488,0.13,-2.137,7.527,-1.649,34.08
2196293395,-0.744,-0.481,0.14,-4.504,4.168,-0.061,34.22
2196304772,-0.714,-0.481,0.13,-7.145,2.534,0.382,34.18
2196317074,-0.694,-0.501,0.137,-9.176,4.107,1.466,34.27
2196327586,-0.673,-0.521,0.182,-9.603,7.267,0.641,34.18
2196336378,-0.673,-0.522,0.154,-6.137,10.702,-0.26,34.13
2196349779,-0.718,-0.499,0.136,-5.344,10.947,0.031,34.08
2196356992,-0.756,-0.476,0.133,-6.916,8.504,2.076,34.22
2196366154,-0.739,-0.472,0.148,-9.557,5.618,3.817,34.18
2196379133,-0.695,-0.485,0.16,-9.359,5.664,3.817,34.13
2196388931,-0.708,-0.483,0.15,-10.244,8.153,3.191,34.18
2196394808,-0.717,-0.475,0.142,-10.901,7.466,3.802,34.22
2196406166,-0.714,-0.493,0.135,-10.824,7.74,4.687,34.18
2196418242,-0.699,-0.486,0.139,-8.656,10.092,4.916,34.13
2196426679,-0.694,-0.503,0.159,-7.527,11.557,5.511,34.13
2196435265,-0.705,-0.484,0.109,-4.504,14.214,7.008,34.08
2196446837,-0.724,-0.478,0.101,-5.405,14.611,6.519,34.22
2196456950,-0.737,-0.479,0.117,-6.244,14.183,7.328,34.18
2196464896,-0.739,-0.448,0.133,-8.641,14.656,6.229,34.27
2196476617,-0.714,-0.459,0.158,-8.901,17.756,6.611,34.18
2196484928,-0.728,-0.493,0.124,-6.931,21.481,7.237,34.22
2196495993,-0.73,-0.511,0.135,-5.618,25.328,8.153,34.18
2196500704,-0.736,-0.512,0.114,-6.351,26.672,9.252,34.13
2196514393,-0.75,-0.485,0.05,-8.366,27.298,11.374,34.18
2196527768,-0.737,-0.509,0.085,-11.527,29.099,13.466,34.22
2196536997,-0.741,-0.535,0.109,-9.557,32.153,15.573,34.08
2196547487,-0.81,-0.492,0.093,-7.237,34.183,17.481,34.27
2196556529,-0.813,-0.483,0.092,-5.603,32.55,18.504,34.13
2196565713,-0.816,-0.43,0.092,-5.634,31.847,21.389,34.27
2196576751,-0.783,-0.413,0.064,-8.504,28.901,21.756,34.13
2196585487,-0.762,-0.434,0.032,-8.962,26.534,21.817,34.18
2196596849,-0.758,-0.419,0.024,-10.595,25.985,22.977,34.22
2196602259,-0.72,-0.436,0.016,-10.321,24.626,21.069,34.18
2196615532,-0.762,-0.435,0.016,-8.321,24.489,23.405,34.13
2196627813,-0.738,-0.408,0.017,-8.168,26.656,24.534,34.18
2196637847,-0.758,-0.402,0.012,-10.397,27.557,22.168,34.13
2196649215,-0.772,-0.451,0.033,-9.725,27.573,22.534,34.18
2196657147,-0.766,-0.453,0.045,-9.832,27.802,24.489,34.08
2196666705,-0.764,-0.413,0.029,-10.733,26.87,23.42,34.22
2196677341,-0.752,-0.418,-0.001,-13.466,28.901,22.656,34.08
2196686555,-0.727,-0.48,0.049,-12.229,31.359,21.649,34.08
2196697792,-0.749,-0.475,0.017,-7.481,36.992,20.382,34.08
2196701891,-0.774,-0.438,0.0,-9.328,40.58,19.786,34.13
2196714276,-0.756,-0.471,0.038,-8.305,41.389,20.397,34.18
2196729783,-0.735,-0.421,0.036,-6.275,42.122,20.702,34.13
2196739853,-0.766,-0.418,-0.015,-7.527,42.763,20.733,34.08
2196746202,-0.771,-0.44,-0.027,-6.885,41.359,21.466,34.13
2196757697,-0.757,-0.428,-0.001,-6.351,40.641,20.229,34.18
2196768459,-0.725,-0.41,-0.017,-2.382,42.916,18.824,34.22
2196776517,-0.774,-0.378,-0.05,0.427,50.916,20.061,34.04
2196787844,-0.802,-0.369,-0.054,0.824,54.122,18.763,34.18
2196796886,-0.817,-0.389,-0.06,1.313,55.725,19.557,34.13
2196801591,-0.826,-0.366,-0.027,6.351,58.351,21.939,34.18
2196814316,-0.839,-0.321,-0.09,6.183,57.511,22.931,34.13
2196830837,-0.864,-0.296,-0.14,7.099,58.794,24.565,34.18
2196840372,-0.897,-0.326,-0.173,4.107,60.153,25.679,34.13
2196846288,-0.902,-0.345,-0.175,1.45,56.504,26.687,34.18
2196854716,-0.873,-0.348,-0.149,1.679,56.947,25.695,34.22
2196867104,-0.904,-0.286,-0.173,-1.328,58.504,26.901,34.18
2196877880,-0.882,-0.299,-0.155,-7.237,56.0,27.389,34.13
2196885250,-0.833,-0.296,-0.108,-8.855,56.687,26.458,34.13
2196896279,-0.808,-0.281,-0.154,-9.634,58.824,24.504,34.18
2196907019,-0.833,-0.327,-0.178,-12.779,59.084,28.458,34.18
2196913978,-0.814,-0.358,-0.203,-11.328,61.481,28.0,34.08
2196928873,-0.811,-0.34,-0.187,-8.656,64.305,27.069,34.22
2196937843,-0.839,-0.329,-0.233,-9.267,65.328,27.756,34.08
2196947038,-0.8,-0.339,-0.195,-9.832,69.74,26.305,34.22
2196956727,-0.858,-0.368,-0.214,-10.763,65.817,26.351,34.18
2196966577,-0.808,-0.365,-0.217,-9.435,65.924,24.916,34.13
2196975940,-0.801,-0.343,-0.211,-9.679,67.695,24.122,34.18
2196988121,-0.751,-0.336,-0.236,-9.603,69.282,22.336,34.13
2196998519,-0.718,-0.369,-0.279,-6.519,74.672,18.824,34.08
2197006554,-0.776,-0.349,-0.278,-6.137,77.313,17.344,34.13
2197013153,-0.74,-0.334,-0.252,-7.496,79.313,13.771,34.13
2197025921,-0.796,-0.312,-0.291,-6.305,85.374,11.359,34.18
2197038428,-0.805,-0.353,-0.316,-8.947,83.038,10.824,34.13
2197048708,-0.786,-0.377,-0.305,-9.878,83.618,9.817,34.18
2197058602,-0.807,-0.321,-0.371,-9.832,83.74,9.466,34.13
2197067850,-0.747,-0.338,-0.35,-8.229,83.893,6.443,34.18
2197077288,-0.717,-0.323,-0.338,-8.198,85.908,4.366,34.13
2197084540,-0.75,-0.276,-0.422,-10.824,85.298,4.382,34.08
2197100522,-0.739,-0.361,-0.399,-6.763,87.206,1.603,34.13
2197107767,-0.826,-0.272,-0.436,-10.58,83.466,2.779,34.08
2197113531,-0.739,-0.286,-0.412,-13.756,82.473,1.237,34.22
2197125166,-0.755,-0.281,-0.425,-13.511,82.901,0.595,34.18
2197135078,-0.734,-0.267,-0.441,-12.84,82.748,0.84,34.18
2197149955,-0.758,-0.247,-0.485,-18.076,80.031,3.053,34.13
2197156488,-0.717,-0.283,-0.469,-17.832,80.382,3.603,34.18
2197165761,-0.785,-0.26,-0.545,-19.359,79.176,3.252,34.13
2197176150,-0.79,-0.227,-0.53,-23.786,73.313,5.389,34.18
2197187200,-0.793,-0.259,-0.535,-26.122,70.229,5.42,34.22
2197197807,-0.741,-0.295,-0.517,-24.87,68.351,1.695,34.08
2197208151,-0.781,-0.175,-0.538,-30.321,59.878,7.74,34.13
2197214129,-0.747,-0.182,-0.583,-38.427,59.863,11.695,34.08
2197224767,-0.688,-0.248,-0.484,-37.74,54.977,10.672,34.22
2197237158,-0.665,-0.22,-0.592,-38.733,56.84,8.992,34.27
2197247774,-0.658,-0.254,-0.564,-39.893,56.244,12.397,34.08
2197257197,-0.729,-0.263,-0.563,-38.489,54.565,14.061,34.13
2197265363,-0.731,-0.24,-0.569,-40.824,50.687,14.427,34.08
2197277174,-0.724,-0.219,-0.558,-43.45,46.87,15.328,34.08
2197286403,-0.741,-0.211,-0.566,-47.313,43.939,17.496,34.08
2197296039,-0.716,-0.231,-0.572,-49.802,41.557,18.702,34.13
2197308985,-0.678,-0.237,-0.587,-50.244,39.695,20.336,34.18
2197316691,-0.674,-0.217,-0.59,-50.809,39.725,22.29,34.32
2197323665,-0.666,-0.21,-0.598,-50.183,39.359,21.802,34.18
2197336860,-0.654,-0.201,-0.588,-49.237,38.198,20.427,34.13
2197349424,-0.662,-0.188,-0.632,-50.214,37.618,19.863,34.18
2197354918,-0.666,-0.199,-0.608,-50.168,35.969,19.252,34.18
2197366836,-0.679,-0.148,-0.605,-50.015,35.71,18.855,34.22
2197378643,-0.653,-0.172,-0.635,-53.679,35.588,19.42,34.18
2197387565,-0.653,-0.195,-0.621,-51.695,36.092,19.878,34.13
2197396779,-0.637,-0.188,-0.662,-49.511,36.061,20.672,34.18
2197405297,-0.624,-0.195,-0.671,-46.901,37.282,20.321,34.13
2197415696,-0.634,-0.153,-0.629,-43.099,38.458,19.069,34.18
2197421239,-0.61,-0.125,-0.675,-41.863,38.824,16.443,34.22
2197434803,-0.61,-0.11,-0.692,-41.542,40.198,14.565,34.18
2197447258,-0.621,-0.095,-0.683,-41.557,40.611,12.718,34.22
2197453968,-0.623,-0.112,-0.69,-41.679,41.679,11.374,34.13
2197467906,-0.641,-0.111,-0.696,-41.221,42.794,11.267,34.18
2197476651,-0.629,-0.1,-0.706,-42.153,42.046,12.351,34.13
2197486816,-0.582,-0.134,-0.693,-38.504,43.74,11.038,34.18
2197499118,-0.559,-0.096,-0.679,-32.244,46.031,8.229,34.22
2197507677,-0.503,-0.044,-0.672,-27.511,46.534,4.565,34.27
2197518638,-0.514,-0.002,-0.727,-24.58,47.435,0.87,34.22
2197526299,-0.557,-0.022,-0.757,-24.641,50.168,0.458,34.08
2197533185,-0.585,-0.06,-0.74,-27.802,49.374,3.115,34.13
2197549800,-0.615,-0.094,-0.761,-25.725,51.374,4.382,34.08
2197560020,-0.628,-0.085,-0.73,-21.496,55.817,6.672,34.04
2197566948,-0.626,-0.042,-0.749,-20.763,53.191,5.237,34.18
2197579579,-0.565,-0.066,-0.783,-24.763,50.0,6.29,34.18
2197586384,-0.533,-0.042,-0.764,-20.595,56.702,1.664,34.22
2197595469,-0.573,-0.009,-0.82,-23.878,50.595,2.153,34.18
2197607907,-0.556,0.014,-0.809,-27.74,48.962,1.954,34.22
2197619410,-0.531,-0.015,-0.793,-31.481,45.405,2.458,34.18
2197625970,-0.534,-0.074,-0.773,-28.305,45.756,2.656,34.04
2197632670,-0.531,-0.069,-0.786,-25.71,45.878,4.29,34.08
2197645986,-0.556,-0.082,-0.819,-23.16,42.748,7.13,34.13
2197658264,-0.496,-0.048,-0.819,-24.931,42.321,11.389,34.08
2197664218,-0.458,-0.069,-0.771,-21.16,42.779,11.405,34.13
2197680250,-0.448,0.009,-0.809,-19.405,46.336,9.649,34.18
2197690234,-0.492,0.017,-0.787,-20.29,43.969,11.695,34.22
2197696843,-0.5,0.039,-0.823,-23.695,43.756,8.733,34.18
2197706887,-0.512,0.01,-0.809,-26.229,42.595,8.489,34.13
2197718901,-0.514,0.008,-0.809,-26.55,39.832,9.511,34.18
2197725688,-0.506,-0.018,-0.811,-26.031,38.794,11.481,34.18
2197732203,-0.502,-0.021,-0.803,-24.427,36.611,13.847,34.13
2197747684,-0.478,-0.003,-0.825,-24.046,35.008,15.313,34.18
2197757161,-0.384,-0.001,-0.806,-20.855,38.977,12.718,34.13
2197765122,-0.483,0.023,-0.834,-22.519,34.794,14.519,34.18
2197776125,-0.458,0.049,-0.828,-22.611,37.023,13.099,34.13
2197788385,-0.461,0.065,-0.86,-24.702,36.702,12.321,34.18
2197794312,-0.467,0.026,-0.841,-25.649,35.145,13.206,34.13
2197810928,-0.425,0.042,-0.827,-25.542,34.305,12.702,34.18
2197822084,-0.395,0.046,-0.851,-24.153,35.099,12.0,34.13
2197827938,-0.393,0.07,-0.83,-23.176,36.763,11.634,34.18
2197836890,-0.367,0.091,-0.852,-21.969,36.061,12.595,34.13
2197843648,-0.337,0.037,-0.878,-19.099,36.137,15.389,34.18
2197860773,-0.399,0.0,-0.844,-12.809,33.878,18.702,34.18
2197870223,-0.35,0.081,-0.882,-11.542,33.405,21.588,34.27
2197877787,-0.396,0.05,-0.86,-9.237,37.099,18.733,34.27
2197889314,-0.448,0.086,-0.87,-8.595,32.076,20.351,34.13
2197899822,-0.444,0.081,-0.864,-10.107,31.573,16.366,34.27
2197906607,-0.457,0.1,-0.869,-12.748,26.733,12.901,34.22
2197919167,-0.429,0.115,-0.86,-17.344,23.527,10.519,34.18
2197928967,-0.415,0.042,-0.877,-15.191,22.672,8.763,34.13
2197936623,-0.417,0.04,-0.853,-14.611,20.962,8.366,34.18
2197943592,-0.356,0.038,-0.828,-13.115,19.954,7.878,34.22
2197956803,-0.354,0.064,-0.865,-9.908,21.511,7.267,34.08
2197966824,-0.365,0.084,-0.85,-9.008,21.206,6.519,34.22
2197975524,-0.337,0.076,-0.88,-8.931,22.687,5.435,34.18
2197987266,-0.337,0.031,-0.881,-6.29,26.641,3.145,34.22
2197999445,-0.397,0.093,-0.89,-3.038,23.649,5.634,34.18
2198007845,-0.373,0.081,-0.915,-6.321,24.702,5.42,34.18
2198016381,-0.329,0.05,-0.873,-5.542,22.641,4.031,34.18
2198027890,-0.279,0.074,-0.923,-1.511,29.496,-3.527,34.18
2198035826,-0.383,0.121,-0.93,-6.458,21.603,0.748,34.13
2198044475,-0.379,0.136,-0.953,-11.13,21.557,1.557,34.27
2198059783,-0.349,0.027,-0.908,-8.641,17.985,-0.626,34.04
2198069224,-0.326,0.088,-0.875,-6.504,16.626,-0.076,34.18
2198078908,-0.253,0.12,-0.924,-5.832,20.824,-0.427,34.13
2198085927,-0.297,0.097,-0.969,-7.145,16.855,4.015,34.18
2198101677,-0.324,0.125,-0.931,-6.672,18.489,6.26,34.13
2198110218,-0.3,0.084,-0.923,-4.153,18.168,4.0,34.18
2198115543,-0.334,0.093,-0.926,-3.664,18.458,4.382,34.22
2198128642,-0.375,0.149,-0.925,-5.405,14.824,6.031,34.08
2198138403,-0.327,0.125,-0.938,-8.366,11.099,7.191,34.13
2198145960,-0.293,0.117,-0.927,-8.824,9.313,8.366,34.13
2198152410,-0.265,0.127,-0.931,-8.29,9.557,8.458,34.27
2198167082,-0.269,0.141,-0.945,-8.076,12.244,8.351,34.18
2198179010,-0.327,0.122,-0.953,-9.038,12.26,8.656,34.18
2198184551,-0.346,0.117,-0.918,-8.992,9.084,8.321,34.22
2198196870,-0.354,0.138,-0.953,-11.115,6.336,9.725,34.27
2198208489,-0.324,0.121,-0.911,-12.168,2.641,10.611,34.13
2198216555,-0.29,0.149,-0.908,-11.573,0.275,12.595,34.18
2198229152,-0.215,0.146,-0.924,-10.565,0.305,14.733,34.22
2198236988,-0.183,0.137,-0.905,-6.656,3.695,13.893,34.08
2198247040,-0.22,0.19,-0.932,-6.702,7.878,13.023,34.13
2198253410,-0.31,0.188,-0.927,-8.947,9.878,10.565,34.18
2198269125,-0.381,0.173,-0.92,-12.412,5.023,8.916,34.22
2198278508,-0.392,0.1,-0.901,-15.893,-0.321,9.221,34.22
2198287271,-0.406,0.093,-0.9,-14.855,-7.466,10.0,34.08
2198298149,-0.341,0.1,-0.9,-14.901,-12.733,10.779,34.22
2198306932,-0.291,0.091,-0.875,-11.252,-15.389,11.053,34.18
2198316270,-0.215,0.1,-0.891,-8.137,-15.573,10.55,34.18
2198324300,-0.196,0.09,-0.897,-3.634,-10.305,8.947,34.27
2198335644,-0.255,0.126,-0.885,-1.221,-7.145,7.298,34.13
2198346901,-0.276,0.13,-0.915,-2.061,-5.542,4.183,34.08
2198353590,-0.318,0.087,-0.912,-3.527,-3.725,3.038,34.13
2198365734,-0.352,0.037,-0.925,-3.908,-3.71,2.931,34.18
2198380372,-0.34,0.066,-0.93,-3.023,-4.962,1.649,34.13
2198387428,-0.307,0.07,-0.947,-2.931,-4.626,0.794,34.18
2198397599,-0.263,0.082,-0.938,-0.107,-4.855,-0.214,34.18
2198411650,-0.207,0.109,-0.962,2.962,-1.527,-1.176,34.13
2198416566,-0.222,0.12,-0.949,5.008,3.267,-2.641,34.08
2198428175,-0.253,0.144,-0.977,3.74,7.099,-4.229,34.22
2198436605,-0.309,0.151,-1.012,1.985,7.939,-5.481,34.18
2198446734,-0.335,0.145,-0.949,0.076,8.977,-6.687,34.13
2198455166,-0.344,0.129,-0.975,-1.298,8.687,-6.855,34.18
2198460872,-0.328,0.121,-0.97,-1.481,6.87,-6.58,34.22
2198478451,-0.313,0.125,-0.975,-0.947,4.779,-5.802,34.18
2198487804,-0.267,0.144,-0.974,0.504,5.71,-6.397,34.22
2198495182,-0.271,0.152,-0.969,0.0,8.519,-6.763,34.18
2198506328,-0.297,0.162,-0.976,-0.611,10.26,-6.595,34.18
2198516397,-0.33,0.161,-0.993,-3.695,10.931,-4.87,34.22
2198528261,-0.339,0.124,-0.974,-4.641,10.611,-2.656,34.18
2198539209,-0.34,0.123,-1.003,-4.565,9.725,1.038,34.18
2198547772,-0.328,0.118,-0.969,-4.0,9.557,3.649,34.08
2198556444,-0.276,0.189,-0.984,-4.275,10.595,4.443,34.22
2198563188,-0.279,0.198,-0.99,-8.122,13.756,3.786,34.18
2198580149,-0.305,0.191,-0.993,-10.55,15.588,3.985,34.13
2198590367,-0.318,0.157,-0.981,-13.069,15.679,3.832,34.18
2198595853,-0.322,0.139,-0.968,-12.092,14.336,4.855,34.22
2198610585,-0.333,0.154,-0.997,-13.649,12.885,8.321,34.08
2198616117,-0.292,0.134,-0.955,-14.87,10.855,11.649,34.13
2198626931,-0.261,0.158,-0.958,-13.588,12.092,13.099,34.18
2198637516,-0.264,0.18,-0.969,-15.832,13.16,13.954,34.18
2198649695,-0.279,0.155,-0.933,-16.779,14.779,13.481,34.13
2198656385,-0.285,0.152,-0.942,-16.901,15.969,12.672,34.18
2198663181,-0.314,0.165,-0.943,-15.771,15.924,11.603,34.04
2198678716,-0.306,0.15,-0.938,-15.573,13.588,11.389,34.08
2198690314,-0.317,0.167,-0.967,-15.145,12.26,12.443,34.13
2198695798,-0.333,0.178,-0.949,-16.183,8.901,13.664,34.08
2198706690,-0.276,0.202,-0.95,-17.298,6.916,13.603,34.13
2198716996,-0.261,0.23,-0.958,-18.076,9.313,11.863,34.08
2198725448,-0.275,0.238,-0.976,-21.954,10.885,10.076,34.13
2198735399,-0.268,0.207,-0.962,-22.122,10.87,7.557,34.18
2198747295,-0.263,0.201,-0.983,-20.321,11.756,6.321,34.18
2198757107,-0.25,0.206,-0.959,-20.168,12.305,6.168,34.18
2198763180,-0.235,0.198,-1.01,-18.901,13.908,7.756,34.18
2198779359,-0.245,0.183,-0.994,-17.206,16.076,8.58,34.13
2198790972,-0.256,0.204,-1.013,-15.893,18.626,9.313,34.08
2198796807,-0.269,0.195,-1.017,-16.565,21.344,9.542,34.13
2198806821,-0.253,0.22,-0.994,-16.137,24.031,8.336,34.08
2198815983,-0.234,0.194,-1.038,-17.389,27.374,8.183,34.13
2198825497,-0.284,0.172,-1.021,-15.328,28.748,8.275,34.18
2198836587,-0.235,0.218,-1.023,-13.176,28.977,7.45,34.13
2198845482,-0.239,0.254,-1.015,-13.389,31.344,7.664,34.18
2198856667,-0.221,0.252,-1.01,-15.267,31.969,8.412,34.22
2198863502,-0.196,0.231,-1.007,-15.176,34.397,9.466,34.13
2198875642,-0.19,0.232,-1.02,-13.542,37.008,10.046,34.18
2198891262,-0.183,0.253,-1.023,-11.924,40.595,9.939,34.22
2198896433,-0.176,0.269,-1.029,-12.427,44.763,10.763,34.18
2198907022,-0.268,0.237,-1.054,-13.252,43.115,13.069,34.04
2198916128,-0.235,0.262,-1.005,-13.985,41.13,12.992,34.08
2198925705,-0.193,0.307,-1.049,-18.87,42.626,13.466,34.13
2198936520,-0.261,0.277,-1.008,-22.092,39.405,13.908,34.08
2198947780,-0.13,0.286,-0.992,-22.305,40.763,11.16,34.22
2198956597,-0.086,0.255,-0.989,-22.107,46.916,7.924,34.18
2198963158,-0.158,0.251,-1.019,-19.71,45.084,11.634,34.13
2198975185,-0.133,0.247,-1.03,-18.382,49.282,13.221,34.18
2198987176,-0.171,0.266,-1.035,-19.282,50.473,15.45,34.18
2198996856,-0.169,0.279,-1.017,-21.573,50.962,15.282,34.13
2199008219,-0.167,0.311,-0.986,-26.702,44.443,18.427,34.08
2199021242,-0.113,0.336,-0.995,-30.29,42.595,17.924,34.13
2199026461,-0.071,0.315,-1.019,-32.336,43.802,17.252,34.08
2199037192,-0.054,0.294,-1.002,-31.359,46.046,16.275,34.04
2199047900,-0.061,0.318,-1.02,-30.458,47.115,16.595,34.08
2199058165,-0.073,0.33,-0.996,-30.824,48.748,16.733,34.22
2199063214,-0.114,0.354,-1.008,-34.046,46.687,18.84,34.18
2199074671,-0.109,0.319,-0.995,-35.985,43.832,20.519,34.22
2199086906,-0.073,0.315,-0.98,-36.641,40.824,22.931,34.18
2199099002,-0.011,0.283,-0.986,-36.489,41.084,23.695,34.13
2199106983,0.009,0.28,-0.963,-33.145,42.702,23.115,34.13
2199123469,0.011,0.292,-1.018,-31.985,44.733,22.153,34.08
2199131473,0.003,0.277,-0.972,-30.351,47.038,18.763,34.18
2199138972,-0.039,0.297,-0.985,-30.962,47.802,17.023,34.08
2199146890,-0.056,0.286,-0.984,-33.45,47.45,13.893,34.13
2199159097,-0.097,0.298,-0.962,-36.718,43.893,13.191,34.18
2199167963,-0.048,0.269,-0.952,-37.832,38.489,12.107,34.22
2199174495,-0.012,0.264,-0.942,-36.29,37.069,12.198,34.18
2199187024,0.078,0.251,-0.933,-31.45,36.031,11.42,34.22
2199195051,0.129,0.271,-0.95,-25.527,41.435,11.695,34.08
2199208667,0.089,0.305,-0.931,-21.664,45.023,11.802,34.18
2199214664,0.095,0.315,-0.924,-20.672,45.756,10.382,34.13
2199227642,0.049,0.332,-0.952,-21.878,48.046,8.702,34.18
2199237352,0.008,0.335,-0.906,-23.16,47.084,5.71,34.13
2199248484,-0.002,0.367,-0.911,-26.26,43.13,4.244,34.08
2199257745,0.044,0.321,-0.938,-26.168,40.29,4.0,34.22
2199267214,0.067,0.302,-0.936,-22.565,38.351,6.305,34.18
2199275066,0.12,0.32,-0.927,-18.153,35.756,8.824,34.13
2199282270,0.146,0.368,-0.946,-14.55,36.931,10.962,34.08
2199296998,0.137,0.389,-0.931,-14.595,39.679,11.42,34.13
2199310596,0.141,0.438,-0.896,-13.74,39.756,9.45,34.08
2199317445,0.14,0.495,-0.965,-18.718,40.061,7.435,34.18
2199330738,0.108,0.462,-0.951,-22.901,38.687,5.756,34.22
2199339851,0.111,0.418,-0.937,-20.855,35.053,3.71,34.27
2199346521,0.115,0.403,-0.973,-20.763,34.061,4.473,34.18
2199358953,0.153,0.362,-0.963,-18.58,30.595,6.412,34.18
2199370761,0.17,0.417,-0.964,-17.603,30.214,8.29,34.22
2199376789,0.173,0.442,-0.992,-21.557,29.099,9.145,34.08
2199383239,0.141,0.476,-0.975,-24.885,29.756,8.931,34.13
2199396677,0.121,0.483,-0.984,-29.252,28.443,5.924,34.08
2199406840,0.115,0.432,-0.965,-32.779,24.992,4.87,34.13
2199416586,0.108,0.419,-0.934,-33.191,21.588,5.802,34.18
2199430208,0.177,0.473,-0.892,-32.702,16.321,6.565,34.18
2199437288,0.226,0.492,-0.927,-32.29,14.489,7.359,34.04
2199446546,0.273,0.47,-0.925,-31.695,15.206,9.298,34.18
2199458477,0.293,0.466,-0.931,-30.443,15.786,11.191,34.04
2199470382,0.256,0.446,-0.914,-26.992,17.13,14.0,34.18
2199477136,0.24,0.456,-0.903,-23.802,17.542,16.122,34.13
2199484041,0.234,0.458,-0.92,-22.321,17.847,19.237,34.18
2199496626,0.208,0.451,-0.905,-21.588,16.595,19.115,34.22
2199509151,0.231,0.478,-0.899,-18.183,16.351,18.702,34.08
2199515418,0.245,0.495,-0.914,-20.382,15.206,17.527,34.13
2199522733,0.28,0.51,-0.884,-19.344,16.489,18.107,34.08
2199538272,0.287,0.492,-0.974,-21.511,17.985,16.84,34.08
2199546625,0.274,0.438,-0.915,-20.198,22.214,17.328,34.13
2199556393,0.259,0.444,-0.919,-13.985,22.977,17.267,34.27
2199566557,0.27,0.432,-0.961,-11.252,26.214,16.977,34.08
2199575358,0.193,0.437,-0.943,-10.809,26.427,18.336,34.08
2199584489,0.231,0.474,-0.922,-11.542,24.031,15.954,34.13
2199598885,0.226,0.479,-0.992,-16.092,25.481,13.878,34.18
2199612200,0.199,0.477,-0.95,-19.069,26.336,10.29,34.13
2199617664,0.221,0.453,-0.945,-20.763,26.687,5.71,34.08
2199625763,0.257,0.443,-0.945,-20.504,28.992,1.603,34.13
2199636607,0.246,0.422,-0.946,-19.16,32.824,-1.511,34.18
2199646834,0.262,0.423,-0.949,-18.412,33.466,-1.969,34.13
2199658748,0.272,0.434,-0.917,-14.916,36.626,-3.664,34.18
2199666706,0.28,0.475,-0.954,-15.573,38.702,-4.534,34.13
2199677260,0.257,0.452,-0.943,-16.84,40.183,-5.298,34.08
2199684915,0.237,0.463,-0.891,-17.252,39.176,-5.313,34.18
2199696720,0.309,0.477,-0.87,-15.481,39.695,-6.809,34.13
2199709207,0.328,0.455,-0.915,-13.725,43.16,-6.763,34.18
2199718146,0.332,0.419,-0.902,-10.015,46.015,-7.267,34.08
2199725194,0.318,0.469,-0.906,-7.496,48.977,-7.389,34.18
2199736792,0.291,0.525,-0.903,-9.496,50.779,-6.718,34.13
2199746123,0.247,0.529,-0.919,-15.466,48.794,-4.29,34.08
2199757667,0.221,0.534,-0.893,-18.702,45.695,-2.351,34.13
2199766629,0.253,0.522,-0.878,-19.618,41.008,-2.229,34.18
2199777247,0.348,0.493,-0.891,-17.847,40.611,-0.137,34.13
2199785293,0.328,0.57,-0.876,-15.496,42.901,1.634,34.08
2199792425,0.351,0.663,-0.856,-19.008,41.16,1.695,34.04
2199809188,0.301,0.677,-0.895,-25.389,40.122,2.305,34.18
2199818226,0.252,0.64,-0.85,-31.344,33.954,2.214,34.08
2199826686,0.306,0.611,-0.845,-34.748,26.229,3.557,34.13
2199838794,0.408,0.57,-0.873,-34.489,26.015,5.511,34.18
2199843288,0.378,0.57,-0.919,-30.55,29.237,11.847,34.13
2199857722,0.408,0.568,-0.887,-30.26,28.977,19.008,34.18
2199867410,0.408,0.58,-0.89,-29.45,31.557,24.076,34.13
2199877900,0.391,0.625,-0.843,-32.931,30.992,27.939,34.18
2199886169,0.378,0.609,-0.887,-36.748,31.832,28.84,34.13
2199893049,0.375,0.565,-0.835,-38.198,31.008,27.16,34.18
2199909711,0.359,0.606,-0.836,-38.519,33.176,26.153,34.13
2199915719,0.369,0.584,-0.85,-43.038,31.817,25.313,34.18
2199925909,0.397,0.52,-0.857,-43.557,30.641,26.779,34.13
2199939109,0.465,0.487,-0.84,-37.191,31.527,28.137,34.08
2199949130,0.462,0.539,-0.859,-32.534,35.557,31.008,34.08
2199956393,0.501,0.568,-0.817,-31.099,36.412,31.313,34.22
2199965963,0.527,0.619,-0.829,-30.962,40.153,27.313,34.18
2199978651,0.457,0.647,-0.855,-39.069,43.466,27.374,34.13
2199986262,0.445,0.592,-0.85,-42.504,41.405,24.794,34.18
2199993550,0.455,0.555,-0.844,-42.076,38.031,20.992,34.13
2200006237,0.486,0.532,-0.85,-40.992,41.099,19.542,34.18
2200017167,0.503,0.532,-0.856,-39.45,43.16,20.244,34.13
2200027027,0.545,0.511,-0.813,-37.496,43.817,19.908,34.08
2200040286,0.582,0.535,-0.807,-34.687,49.038,16.855,34.13
2200050723,0.555,0.558,-0.798,-35.206,55.511,12.947,34.18
2200056905,0.513,0.552,-0.791,-36.962,57.939,8.489,34.18
2200068954,0.417,0.589,-0.757,-40.992,58.229,6.763,34.13
2200079846,0.442,0.561,-0.737,-47.786,52.321,5.908,34.08
2200087264,0.528,0.504,-0.674,-46.931,52.779,4.015,34.18
2200094348,0.56,0.506,-0.656,-38.87,54.534,2.244,34.18
2200107172,0.557,0.551,-0.694,-33.282,55.45,6.366,34.13
2200117176,0.613,0.528,-0.648,-28.122,56.458,9.557,34.18
2200126664,0.578,0.592,-0.656,-24.198,60.321,13.695,34.13
2200133940,0.555,0.633,-0.597,-25.817,59.664,15.878,34.18
2200147888,0.574,0.671,-0.593,-27.053,57.573,16.046,34.13
2200158760,0.576,0.676,-0.598,-29.206,60.702,14.534,34.08
2200171615,0.524,0.653,-0.606,-31.069,58.29,14.0,34.08
2200179036,0.536,0.623,-0.597,-30.046,53.252,11.893,34.13
2200183465,0.515,0.615,-0.597,-29.145,49.817,12.58,34.18
2200194702,0.471,0.621,-0.577,-27.969,41.313,14.809,34.13
2200206791,0.506,0.638,-0.555,-29.389,30.947,16.87,34.18
2200220149,0.549,0.647,-0.534,-29.832,24.427,17.786,34.22
2200227084,0.599,0.661,-0.513,-31.649,19.893,18.733,34.08
2200239438,0.625,0.645,-0.49,-32.351,16.718,18.229,34.22
2200248135,0.652,0.646,-0.481,-33.023,13.16,17.359,34.18
2200258579,0.687,0.634,-0.465,-31.985,11.206,15.878,34.22
2200266936,0.667,0.633,-0.481,-29.313,8.733,15.954,34.18
2200278709,0.688,0.628,-0.461,-26.809,3.649,17.038,34.13
2200284007,0.75,0.621,-0.481,-22.992,-0.275,18.321,34.22
2200295166,0.802,0.627,-0.491,-17.695,-0.687,19.405,34.08
2200305090,0.799,0.625,-0.51,-13.313,0.947,20.931,34.08
2200320404,0.778,0.622,-0.468,-11.069,-0.305,20.87,34.18
2200327156,0.735,0.659,-0.516,-9.313,1.786,20.137,34.13
2200342369,0.723,0.661,-0.489,-11.252,0.0,17.771,34.18
2200347894,0.672,0.637,-0.481,-10.473,-5.313,14.305,34.04
2200355708,0.612,0.627,-0.502,-13.13,-13.527,12.397,34.18
2200368258,0.631,0.585,-0.493,-15.481,-23.267,10.015,34.22
2200376618,0.667,0.572,-0.488,-13.023,-28.55,7.405,34.18
2200383346,0.702,0.586,-0.478,-10.229,-32.061,2.87,34.22
2200397210,0.761,0.58,-0.485,-4.382,-33.802,-1.74,34.18
2200404973,0.805,0.584,-0.496,-2.504,-31.847,-6.412,34.18
2200416021,0.744,0.583,-0.469,2.931,-29.924,-8.611,34.13
2200427120,0.725,0.59,-0.476,7.496,-33.573,-12.031,34.18
2200439049,0.707,0.613,-0.507,6.031,-38.168,-11.481,34.13
2200446862,0.681,0.597,-0.513,7.42,-39.359,-11.786,34.18
2200453915,0.629,0.588,-0.484,10.595,-44.84,-12.214,34.18
2200468325,0.626,0.604,-0.519,8.351,-50.137,-11.481,34.08
2200477272,0.647,0.591,-0.506,8.519,-52.779,-12.702,34.22
2200483845,0.659,0.572,-0.504,13.771,-51.954,-16.641,34.18
2200495639,0.623,0.593,-0.52,20.595,-53.053,-20.489,34.13
2200509351,0.52,0.656,-0.559,20.656,-59.725,-19.954,34.08
2200517454,0.475,0.691,-0.529,15.679,-67.267,-18.626,34.22
2200527909,0.416,0.677,-0.514,11.802,-79.832,-18.534,34.08
2200537431,0.477,0.657,-0.524,5.16,-92.305,-17.649,34.13
2200546213,0.576,0.572,-0.522,8.763,-94.031,-21.496,34.13
2200557604,0.589,0.541,-0.521,18.443,-89.71,-25.282,34.08
2200567753,0.546,0.587,-0.531,27.969,-91.206,-24.733,34.22
2200576862,0.513,0.612,-0.574,38.015,-92.107,-26.885,34.18
2200583443,0.458,0.647,-0.605,35.267,-98.366,-25.389,34.13
2200595424,0.464,0.647,-0.543,33.252,-103.176,-23.847,34.18
2200607143,0.467,0.646,-0.624,32.595,-107.573,-23.405,34.13
2200617396,0.426,0.608,-0.672,31.389,-110.26,-20.962,34.18
2200629347,0.407,0.557,-0.673,31.74,-116.137,-19.038,34.13
2200641206,0.467,0.516,-0.682,35.878,-114.977,-21.466,34.18
2200646605,0.525,0.487,-0.699,40.779,-112.565,-25.786,34.13
2200657518,0.55,0.465,-0.673,51.71,-98.794,-35.344,34.13
2200665739,0.417,0.516,-0.644,60.733,-96.092,-40.748,34.08
2200676316,0.338,0.622,-0.771,57.099,-98.397,-42.809,34.18
2200682253,0.292,0.593,-0.813,50.183,-104.153,-44.458,34.18
2200695217,0.286,0.521,-0.803,44.962,-108.244,-46.229,34.13
2200707588,0.3,0.45,-0.78,47.344,-110.458,-47.649,34.08
2200718167,0.352,0.421,-0.829,53.847,-108.061,-49.282,34.13
2200725722,0.299,0.41,-0.829,60.855,-100.137,-52.366,34.18
2200741964,0.224,0.441,-0.778,65.053,-97.679,-54.687,34.13
2200747242,0.26,0.495,-0.819,67.298,-96.55,-60.29,34.08
2200758368,0.229,0.529,-0.813,67.924,-88.122,-66.55,34.13
2200767398,0.116,0.514,-0.87,66.611,-87.771,-67.237,34.22
2200778570,0.129,0.392,-0.917,65.023,-90.702,-67.252,34.18
2200786673,0.141,0.355,-0.917,67.038,-90.58,-65.573,34.13
2200793422,0.208,0.344,-0.869,73.542,-86.947,-66.473,34.18
2200806285,0.178,0.367,-0.887,81.267,-77.389,-71.359,34.22
2200817156,0.079,0.408,-0.914,86.214,-69.939,-74.611,34.08
2200826262,-0.073,0.464,-0.94,82.885,-69.893,-75.359,34.22
2200839523,-0.155,0.492,-0.931,74.153,-80.565,-72.046,34.18
2200849287,-0.102,0.448,-0.944,63.267,-90.366,-67.313,34.22
2200855925,-0.017,0.361,-0.95,59.344,-95.863,-64.733,34.08
2200867727,0.092,0.265,-0.955,62.626,-91.863,-62.092,34.04
2200879586,0.176,0.187,-0.96,77.817,-78.611,-70.855,34.18
2200885800,0.004,0.277,-0.928,91.71,-63.176,-75.16,34.18
2200892681,-0.187,0.423,-0.989,84.977,-65.74,-65.695,34.08
2200907133,-0.234,0.413,-0.975,73.649,-76.321,-63.679,34.18
2200917716,-0.245,0.361,-1.028,61.618,-82.427,-60.351,34.13
2200924362,-0.179,0.227,-0.963,60.504,-86.244,-62.305,34.27
2200935493,-0.085,0.151,-0.962,66.504,-80.916,-66.351,34.13
2200949956,-0.072,0.131,-1.043,75.115,-72.58,-66.336,34.18
2200956975,-0.265,0.223,-1.005,77.481,-68.229,-61.908,34.13
2200967143,-0.345,0.318,-1.06,70.382,-69.511,-55.527,34.18
2200974825,-0.339,0.275,-1.023,59.985,-77.756,-55.939,34.22
2200984871,-0.356,0.245,-1.016,51.847,-77.664,-55.985,34.18
2200996637,-0.337,0.168,-0.989,49.893,-79.038,-54.534,34.13
2201007713,-0.283,0.122,-1.021,50.382,-78.565,-53.847,34.13
2201019862,-0.348,0.135,-1.016,54.153,-77.71,-50.565,34.18
2201027219,-0.405,0.197,-1.023,48.656,-79.069,-45.084,34.22
2201036216,-0.407,0.223,-0.942,41.511,-84.397,-43.496,34.18
2201047571,-0.317,0.204,-0.96,35.038,-87.115,-42.305,34.18
2201053454,-0.269,0.143,-0.975,35.267,-82.84,-44.336,34.27
2201069924,-0.325,0.1,-0.919,40.901,-76.672,-48.992,34.13
2201080882,-0.44,0.136,-0.896,41.863,-76.595,-48.397,34.18
2201084537,-0.517,0.163,-0.934,37.374,-82.031,-43.511,34.13
2201095168,-0.508,0.158,-0.88,30.595,-91.649,-39.282,34.18
2201107886,-0.469,0.158,-0.87,27.298,-99.16,-33.756,34.13
2201120403,-0.391,0.125,-0.908,24.305,-100.519,-30.718,34.18
2201126090,-0.4,0.095,-0.836,24.855,-99.053,-32.824,34.18
2201137724,-0.447,0.125,-0.824,25.802,-97.252,-34.092,34.13
2201149088,-0.498,0.134,-0.826,23.115,-97.542,-35.466,34.08
2201156651,-0.507,0.102,-0.827,21.099,-100.397,-37.45,34.22
2201166313,-0.526,0.067,-0.815,21.405,-102.504,-36.794,34.08
2201177075,-0.602,0.047,-0.844,20.702,-102.366,-33.191,34.22
2201186901,-0.639,0.034,-0.803,18.397,-109.527,-29.13,34.18
2201193419,-0.628,0.015,-0.792,14.55,-115.802,-22.244,34.13
2201210195,-0.516,0.012,-0.751,15.023,-119.588,-21.817,34.18
2201219779,-0.479,-0.014,-0.83,15.405,-110.794,-26.092,34.13
2201228049,-0.551,0.015,-0.747,15.42,-106.931,-28.198,34.18
2201235927,-0.585,0.007,-0.753,14.84,-104.794,-32.947,34.13
2201251087,-0.626,0.003,-0.746,15.893,-103.435,-35.939,34.13
2201256393,-0.685,0.008,-0.721,13.405,-104.412,-36.58,34.18
2201266528,-0.698,-0.044,-0.746,12.779,-108.809,-34.305,34.18
2201276574,-0.632,-0.107,-0.693,14.397,-105.756,-35.618,34.08
2201286639,-0.662,-0.095,-0.643,18.137,-101.069,-36.656,34.13
2201296297,-0.659,-0.068,-0.671,21.511,-95.145,-37.496,34.18
2201303147,-0.697,-0.043,-0.71,23.084,-89.71,-39.893,34.13
2201319495,-0.733,-0.059,-0.647,22.519,-88.366,-43.405,34.08
2201328912,-0.779,-0.061,-0.656,20.351,-92.901,-45.725,34.22
2201335970,-0.72,-0.09,-0.634,20.168,-88.794,-48.351,34.08
2201349787,-0.754,-0.1,-0.649,18.885,-84.595,-50.412,34.13
2201359131,-0.752,-0.113,-0.586,16.382,-82.58,-50.87,34.18
2201367024,-0.745,-0.13,-0.598,17.298,-83.374,-51.084,34.22
2201378948,-0.734,-0.127,-0.565,17.908,-78.992,-50.366,34.13
2201384602,-0.765,-0.134,-0.571,19.649,-75.679,-52.473,34.18
2201394932,-0.831,-0.127,-0.554,18.122,-73.679,-52.29,34.22
2201405915,-0.818,-0.146,-0.54,17.847,-73.496,-52.977,34.18
2201419612,-0.805,-0.174,-0.532,18.718,-72.794,-53.603,34.18
2201430738,-0.781,-0.192,-0.537,19.71,-70.763,-52.015,34.08
2201437297,-0.722,-0.216,-0.441,23.023,-71.863,-51.893,34.13
2201447284,-0.721,-0.185,-0.444,29.191,-71.023,-53.115,34.18
2201460343,-0.743,-0.146,-0.46,31.847,-63.588,-49.969,34.22
2201467117,-0.757,-0.163,-0.462,32.748,-59.649,-50.87,34.08
2201477149,-0.794,-0.191,-0.432,34.534,-58.656,-51.374,34.13
2201488802,-0.796,-0.203,-0.451,40.336,-58.718,-54.26,34.08
2201497220,-0.789,-0.224,-0.477,42.702,-55.511,-53.756,34.13
2201503972,-0.818,-0.232,-0.447,44.29,-54.977,-53.191,34.22
2201516249,-0.842,-0.231,-0.431,45.908,-56.366,-49.802,34.18
2201529366,-0.844,-0.199,-0.398,44.534,-58.656,-45.099,34.13
2201535134,-0.827,-0.207,-0.427,44.916,-61.023,-43.084,34.18
2201546738,-0.811,-0.188,-0.372,45.084,-63.099,-43.328,34.13
2201558846,-0.821,-0.178,-0.358,45.313,-64.504,-44.321,34.27
2201568117,-0.854,-0.174,-0.366,42.87,-66.198,-43.664,34.13
2201578629,-0.866,-0.2,-0.382,40.931,-68.519,-42.0,34.27
2201587970,-0.908,-0.223,-0.369,37.588,-76.443,-53.328,34.22
2201598275,-0.902,-0.303,-0.339,36.931,-84.947,-54.595,34.08
2201606848,-0.847,-0.338,-0.354,35.298,-82.672,-41.969,34.22
2201613692,-0.829,-0.308,-0.291,34.29,-77.267,-34.656,34.13
2201625975,-0.86,-0.281,-0.281,32.0,-73.282,-28.519,34.18
2201637332,-0.875,-0.292,-0.259,28.748,-72.321,-22.855,34.08
2201646762,-0.906,-0.302,-0.251,26.504,-72.26,-20.947,34.18
2201660628,-0.904,-0.333,-0.23,25.954,-69.847,-22.397,34.22
2201667277,-0.896,-0.387,-0.247,23.863,-69.084,-26.092,34.18
2201676355,-0.844,-0.422,-0.175,27.099,-71.954,-29.191,34.13
2201687770,-0.831,-0.378,-0.18,26.244,-74.473,-28.687,34.18
2201701770,-0.827,-0.379,-0.184,20.305,-81.664,-27.053,34.13
2201705107,-0.79,-0.392,-0.122,17.237,-84.046,-29.588,34.08
2201716732,-0.765,-0.379,-0.092,16.779,-78.565,-32.26,34.22
2201723412,-0.76,-0.38,-0.12,16.214,-72.916,-32.473,34.18
2201737333,-0.766,-0.414,-0.108,18.183,-69.344,-33.191,34.22
2201747892,-0.785,-0.431,-0.095,18.931,-68.275,-32.229,34.22
2201758056,-0.778,-0.439,-0.071,19.328,-63.023,-30.336,34.08
2201770159,-0.794,-0.474,-0.098,22.534,-62.076,-22.504,34.13
2201775633,-0.768,-0.44,-0.055,15.405,-62.458,-30.565,34.08
2201787968,-0.78,-0.403,-0.073,19.008,-55.527,-29.679,34.27
2201798187,-0.846,-0.406,-0.068,17.954,-52.885,-30.977,34.18
2201805415,-0.853,-0.412,-0.064,16.977,-53.786,-27.328,34.22
2201814677,-0.791,-0.416,-0.029,18.611,-49.695,-27.527,34.08
2201829714,-0.805,-0.427,-0.021,23.74,-42.84,-28.489,34.04
2201842794,-0.86,-0.407,-0.047,24.412,-40.275,-27.359,34.18
2201848508,-0.848,-0.398,-0.066,22.153,-43.985,-22.947,34.22
2201858399,-0.843,-0.41,-0.054,20.107,-49.344,-20.504,34.08
2201869322,-0.806,-0.406,-0.027,18.458,-50.458,-19.435,34.18
2201877499,-0.811,-0.405,0.003,16.992,-48.153,-18.718,34.13
2201885061,-0.78,-0.405,0.028,17.435,-45.496,-18.366,34.18
2201898901,-0.777,-0.417,0.041,18.916,-41.725,-17.954,34.13
2201907785,-0.727,-0.454,0.072,22.153,-36.382,-24.458,34.18
2201913586,-0.811,-0.409,0.036,18.824,-32.84,-22.183,34.22
2201924924,-0.817,-0.416,0.061,16.763,-39.542,-16.458,34.08
2201937504,-0.706,-0.476,0.041,15.817,-35.695,-15.939,34.13
2201948171,-0.724,-0.503,0.053,18.718,-27.847,-18.046,34.08
2201957188,-0.791,-0.485,0.056,20.015,-26.092,-17.145,34.13
2201965963,-0.807,-0.452,0.063,19.374,-25.511,-15.618,34.27
2201981500,-0.777,-0.458,0.081,19.221,-22.611,-15.863,34.13
2201987387,-0.764,-0.447,0.095,20.977,-18.55,-16.168,34.13
2201994861,-0.757,-0.434,0.114,21.679,-13.649,-15.649,34.08
2202006096,-0.712,-0.476,0.12,25.099,-7.618,-16.489,34.18
2202017165,-0.746,-0.444,0.055,27.71,1.267,-20.947,34.18
2202024019,-0.78,-0.444,0.032,23.71,2.901,-17.985,34.13
2202037763,-0.737,-0.446,0.059,20.763,3.71,-16.55,34.18
2202047045,-0.727,-0.447,0.092,21.618,7.832,-14.672,34.13
2202055809,-0.715,-0.453,0.137,24.885,13.374,-14.397,34.08
2202068569,-0.73,-0.443,0.137,27.435,17.084,-14.626,34.22
2202078143,-0.769,-0.417,0.144,29.603,18.137,-12.046,34.18
2202088346,-0.8,-0.392,0.124,29.069,17.344,-8.977,34.13
2202096024,-0.774,-0.439,0.149,27.206,16.916,-6.947,34.18
2202107360,-0.749,-0.48,0.122,25.496,18.275,-7.618,34.18
2202117323,-0.746,-0.48,0.094,23.756,17.557,-7.481,34.13
2202124389,-0.761,-0.446,0.059,19.405,14.29,-6.031,34.18
2202136108,-0.771,-0.459,0.097,15.588,10.412,-3.878,34.13
2202147585,-0.761,-0.463,0.12,13.588,8.595,-1.74,34.18
2202158799,-0.733,-0.446,0.144,12.794,8.397,-0.992,34.13
2202164308,-0.731,-0.469,0.121,12.58,8.214,-0.458,34.08
2202176590,-0.745,-0.459,0.101,11.084,7.649,-0.519,34.22
2202188988,-0.761,-0.45,0.1,7.832,5.344,0.137,34.08
2202194720,-0.737,-0.472,0.122,3.847,1.115,1.603,34.13
2202208915,-0.69,-0.484,0.137,1.588,-0.351,1.649,34.18
2202216927,-0.674,-0.49,0.178,3.313,0.504,0.092,34.04
2202225942,-0.688,-0.505,0.19,6.198,2.382,-0.595,34.08
2202232757,-0.69,-0.494,0.15,6.656,3.038,-1.496,34.08
2202245160,-0.715,-0.469,0.15,5.527,0.565,-0.855,34.22
2202257098,-0.713,-0.46,0.143,3.542,-1.664,-0.214,34.18
2202267517,-0.697,-0.468,0.156,1.756,-2.901,-0.351,34.13
2202277585,-0.712,-0.47,0.157,0.382,-3.206,-1.008,34.18
2202287851,-0.737,-0.47,0.164,-0.794,-4.366,-1.206,34.04
2202295632,-0.742,-0.468,0.149,-1.985,-4.229,-1.206,34.18
2202308527,-0.743,-0.48,0.128,-3.389,-5.008,-1.237,34.22
2202318895,-0.757,-0.479,0.131,-6.092,-6.489,-0.611,34.08
2202327694,-0.753,-0.466,0.137,-8.26,-8.687,0.611,34.22
2202333680,-0.715,-0.464,0.142,-9.878,-9.924,0.809,34.18
2202346272,-0.691,-0.467,0.163,-9.16,-8.733,-1.13,34.13
2202358895,-0.688,-0.459,0.17,-7.893,-7.573,-2.015,34.13
2202368521,-0.694,-0.456,0.161,-7.221,-6.55,-2.916,34.08
2202376966,-0.712,-0.457,0.146,-7.282,-5.695,-3.206,34.08
2202389064,-0.716,-0.467,0.155,-7.939,-5.191,-3.237,34.27
2202398453,-0.735,-0.476,0.168,-7.237,-4.55,-3.664,34.13
2202404313,-0.718,-0.479,0.162,-6.504,-3.954,-3.313,34.18
2202417645,-0.72,-0.48,0.131,-6.672,-2.626,-3.374,34.13
2202430303,-0.732,-0.457,0.15,-7.511,-2.855,-2.702,34.18
2202434904,-0.717,-0.459,0.145,-8.122,-2.26,-2.412,34.13
2202446203,-0.716,-0.453,0.183,-7.847,-1.939,-2.84,34.18
2202453468,-0.711,-0.442,0.175,-6.153,-1.206,-2.565,34.22
2202467553,-0.7,-0.448,0.168,-4.794,0.84,-2.763,34.08
2202476570,-0.713,-0.46,0.161,-3.756,2.397,-2.427,34.13
2202489585,-0.73,-0.46,0.162,-3.695,3.832,-1.954,34.08
2202501500,-0.734,-0.464,0.159,-3.115,2.137,-1.374,34.13
2202506329,-0.74,-0.458,0.154,-4.031,1.237,-0.305,34.13
2202517459,-0.732,-0.46,0.147,-4.947,0.305,0.366,34.18
2202528464,-0.723,-0.465,0.155,-6.061,0.565,0.168,34.08
2202538383,-0.725,-0.469,0.17,-5.908,-0.397,1.099,34.08
2202542992,-0.716,-0.465,0.182,-5.069,-0.198,1.16,34.13
2202554366,-0.692,-0.469,0.185,-3.679,0.824,0.763,34.08
2202567075,-0.707,-0.467,0.169,-2.489,2.275,0.336,34.13
2202578552,-0.71,-0.479,0.166,-1.878,2.931,0.397,34.18
2202586977,-0.722,-0.471,0.172,-1.649,2.992,0.687,34.13
2202595734,-0.729,-0.465,0.15,-2.229,2.702,0.595,34.08
2202608391,-0.734,-0.468,0.158,-4.015,2.29,0.504,34.13
2202613758,-0.739,-0.467,0.144,-5.115,1.771,0.733,34.08
2202630279,-0.737,-0.465,0.15,-6.153,0.321,0.809,34.13
2202638666,-0.704,-0.474,0.174,-6.351,0.0,0.641,34.18
2202646258,-0.693,-0.479,0.174,-5.16,0.336,-0.122,34.13
2202656103,-0.691,-0.48,0.167,-5.008,1.603,-0.672,34.22
2202663151,-0.703,-0.466,0.144,-5.45,0.626,-0.031,34.18
2202679267,-0.714,-0.451,0.158,-6.26,-0.748,0.473,34.27
2202689539,-0.727,-0.469,0.127,-7.45,-0.794,0.611,34.18
2202696090,-0.741,-0.464,0.134,-9.649,-1.618,1.16,34.22
2202707734,-0.738,-0.471,0.143,-11.435,-3.115,1.832,34.18
2202714849,-0.716,-0.473,0.165,-12.076,-2.794,2.015,34.22
2202728439,-0.717,-0.465,0.173,-10.504,-2.519,1.344,34.18
2202737811,-0.699,-0.464,0.174,-9.511,-1.664,0.718,34.22
2202745405,-0.713,-0.444,0.158,-9.771,-1.924,0.809,34.18
2202757388,-0.715,-0.449,0.158,-10.443,-3.344,2.275,34.13
2202763959,-0.686,-0.47,0.163,-10.58,-2.351,2.321,34.18
2202776886,-0.689,-0.481,0.138,-11.221,0.641,1.725,34.13
2202786078,-0.71,-0.463,0.143,-12.244,3.649,1.496,34.18
2202795656,-0.724,-0.473,0.159,-11.573,6.641,1.908,34.13
2202806253,-0.715,-0.474,0.162,-10.794,9.145,1.786,34.08
2202819027,-0.725,-0.463,0.142,-9.466,11.863,2.305,34.18
2202826654,-0.731,-0.463,0.155,-9.771,12.275,3.13,34.18
2202835020,-0.743,-0.429,0.146,-11.649,11.802,3.573,34.08
2202846553,-0.723,-0.453,0.141,-11.252,13.618,3.679,34.13
2202858399,-0.717,-0.451,0.139,-12.305,13.527,2.58,34.18
2202864513,-0.745,-0.455,0.124,-12.092,13.023,4.214,34.13
2202877694,-0.75,-0.456,0.102,-13.771,12.489,5.252,34.18
2202890777,-0.746,-0.464,0.111,-14.305,13.679,6.137,34.13
2202900544,-0.753,-0.47,0.131,-14.397,14.046,6.366,34.08
2202905066,-0.75,-0.453,0.118,-14.763,14.076,7.069,34.13
2202920053,-0.762,-0.449,0.104,-14.809,14.122,6.779,34.18
2202929573,-0.76,-0.455,0.091,-16.0,13.908,7.863,34.13
2202936904,-0.728,-0.477,0.085,-15.679,13.817,7.42,34.18
2202948520,-0.732,-0.46,0.111,-15.802,16.214,8.244,34.22
2202957356,-0.722,-0.461,0.108,-14.092,17.878,8.901,34.18
2202966215,-0.707,-0.475,0.103,-13.115,19.511,7.802,34.22
2202977203,-0.719,-0.475,0.105,-10.519,20.885,8.244,34.18
2202984359,-0.728,-0.436,0.082,-11.145,21.206,9.008,34.18
2202997470,-0.737,-0.444,0.082,-12.962,21.908,7.237,34.13
2203006958,-0.769,-0.459,0.072,-15.221,20.855,7.634,34.18
2203017830,-0.753,-0.47,0.079,-14.947,21.237,7.176,34.13
2203030893,-0.773,-0.505,0.096,-10.931,22.321,9.603,34.18
2203035856,-0.736,-0.448,0.083,-12.718,25.038,8.26,34.13
2203047475,-0.73,-0.453,0.074,-15.038,24.855,7.557,34.18
2203055652,-0.725,-0.469,0.091,-10.351,27.802,9.328,34.13
2203067734,-0.734,-0.44,0.055,-12.687,30.275,8.183,34.08
2203073749,-0.76,-0.446,0.038,-13.893,28.351,9.16,34.13
2203084229,-0.774,-0.466,-0.002,-16.87,28.885,11.084,34.18
2203097623,-0.743,-0.487,0.028,-16.443,29.359,10.137,34.13
2203109597,-0.748,-0.462,0.068,-13.496,32.443,10.26,34.18
2203115381,-0.79,-0.45,0.061,-10.687,33.832,13.908,34.13
2203127386,-0.756,-0.413,0.07,-12.305,31.588,15.863,34.18
2203138750,-0.786,-0.419,0.034,-10.427,32.26,18.473,34.22
2203147578,-0.793,-0.372,-0.001,-12.366,33.802,18.519,34.22
2203156892,-0.789,-0.37,0.025,-13.847,32.626,20.504,34.08
2203165797,-0.809,-0.342,-0.015,-17.511,32.519,20.519,34.22
2203177121,-0.789,-0.373,0.016,-18.58,30.855,22.504,34.18
2203183405,-0.796,-0.4,-0.012,-16.55,32.55,23.038,34.13
2203195360,-0.819,-0.391,-0.009,-15.008,34.168,23.985,34.18
2203204401,-0.808,-0.386,0.002,-16.748,33.74,25.252,34.18
2203216492,-0.816,-0.38,-0.027,-18.015,34.321,27.679,34.18
2203226738,-0.791,-0.343,-0.031,-21.328,34.458,27.908,34.13
2203239300,-0.755,-0.394,-0.041,-21.084,36.168,26.794,34.18
2203248283,-0.761,-0.389,-0.057,-19.481,40.458,25.939,34.22
2203258724,-0.776,-0.396,-0.043,-19.313,41.496,25.13,34.18
2203265101,-0.8,-0.364,-0.043,-19.481,40.885,23.924,34.22
2203275823,-0.838,-0.378,-0.082,-21.298,41.679,25.13,34.18
2203284849,-0.808,-0.425,-0.075,-20.229,41.695,26.214,34.22
2203294171,-0.801,-0.403,-0.089,-20.107,43.115,24.382,34.18
2203307909,-0.768,-0.408,-0.074,-19.71,47.191,23.527,34.22
2203317232,-0.783,-0.387,-0.105,-18.779,50.336,24.046,34.18
2203326071,-0.819,-0.358,-0.098,-19.053,50.55,23.206,34.13
2203336946,-0.823,-0.367,-0.135,-19.221,51.359,20.275,34.13
2203347138,-0.836,-0.395,-0.117,-18.168,50.931,19.344,34.18
2203356205,-0.81,-0.388,-0.13,-15.695,53.45,13.496,34.08
2203366525,-0.857,-0.404,-0.164,-17.863,51.053,15.481,34.18
2203376073,-0.784,-0.43,-0.141,-15.038,52.229,14.26,34.13
2203388386,-0.792,-0.365,-0.158,-14.916,54.107,12.046,34.18
2203393276,-0.756,-0.346,-0.155,-16.336,56.473,10.656,34.13
2203404948,-0.777,-0.32,-0.174,-17.405,56.366,9.481,34.08
2203417871,-0.78,-0.328,-0.18,-17.282,58.168,8.107,34.13
2203426547,-0.798,-0.322,-0.2,-17.374,59.023,8.519,34.18
2203437834,-0.797,-0.368,-0.223,-14.611,59.771,7.817,34.22
2203447222,-0.797,-0.354,-0.237,-12.489,60.504,5.481,34.18
2203458880,-0.824,-0.343,-0.221,-11.786,61.74,7.847,34.13
2203467086,-0.844,-0.304,-0.249,-13.191,60.0,8.641,34.18
2203478858,-0.833,-0.263,-0.25,-16.58,58.733,9.634,34.13
2203486073,-0.821,-0.275,-0.26,-19.206,59.435,9.313,34.18
2203495517,-0.821,-0.281,-0.294,-20.611,59.023,9.939,34.13
2203504597,-0.809,-0.324,-0.316,-20.473,60.305,10.366,34.18
2203516827,-0.831,-0.302,-0.341,-19.954,59.237,11.313,34.08
2203529691,-0.836,-0.271,-0.339,-22.351,56.473,12.626,34.13
2203540317,-0.803,-0.288,-0.326,-22.855,58.763,12.321,34.08
2203547209,-0.848,-0.248,-0.364,-25.252,56.809,13.069,34.13
2203558422,-0.812,-0.266,-0.35,-27.74,55.893,13.74,34.18
2203569087,-0.788,-0.286,-0.349,-30.183,56.366,14.931,34.22
2203576204,-0.797,-0.289,-0.355,-29.053,57.313,16.275,34.18
2203589421,-0.801,-0.264,-0.391,-29.847,55.542,17.527,34.13
2203597183,-0.783,-0.284,-0.41,-29.359,54.733,17.191,34.18
2203605661,-0.791,-0.283,-0.371,-30.519,52.0,16.916,34.22
2203615285,-0.77,-0.258,-0.401,-29.817,52.565,16.351,34.27
2203629716,-0.782,-0.253,-0.435,-31.023,52.427,16.885,34.13
2203638490,-0.767,-0.272,-0.425,-31.038,51.13,17.176,34.18
2203648037,-0.749,-0.287,-0.412,-30.947,50.977,19.832,34.22
2203654689,-0.737,-0.275,-0.43,-28.809,51.954,20.412,34.18
2203666624,-0.758,-0.255,-0.432,-27.664,52.321,20.55,34.27
2203676939,-0.759,-0.26,-0.449,-27.786,52.382,19.313,34.13
2203687213,-0.773,-0.217,-0.448,-31.328,50.55,19.221,34.18
2203696707,-0.773,-0.231,-0.458,-31.969,50.214,17.145,34.13
2203711199,-0.761,-0.248,-0.439,-33.542,50.611,16.534,34.18
2203713996,-0.773,-0.263,-0.474,-32.244,52.305,16.412,34.13
2203725621,-0.764,-0.278,-0.472,-30.244,51.511,17.756,34.18
2203732316,-0.746,-0.261,-0.47,-29.13,52.229,18.153,34.22
2203747247,-0.743,-0.214,-0.51,-29.191,52.534,18.321,34.08
2203757253,-0.735,-0.227,-0.503,-29.588,53.45,16.885,34.22
2203766092,-0.78,-0.2,-0.538,-31.527,52.092,17.389,34.08
2203778846,-0.771,-0.259,-0.569,-30.84,51.252,18.015,34.13
2203787390,-0.786,-0.253,-0.54,-32.0,52.351,18.382,34.18
2203795593,-0.773,-0.206,-0.476,-32.87,51.328,19.481,34.22
2203807191,-0.701,-0.157,-0.53,-33.893,52.84,17.908,34.08
2203818582,-0.697,-0.159,-0.588,-35.298,55.695,18.26,34.18
2203824500,-0.697,-0.194,-0.599,-35.695,56.84,17.344,34.13
2203837451,-0.691,-0.153,-0.576,-34.412,59.573,15.832,34.18
2203844947,-0.751,-0.189,-0.593,-34.107,57.679,18.092,34.13
2203856176,-0.712,-0.149,-0.545,-33.878,59.389,20.87,34.08
2203867157,-0.694,-0.172,-0.598,-32.366,59.588,21.206,34.13
2203878716,-0.741,-0.173,-0.615,-30.183,59.542,22.26,34.18
2203888644,-0.755,-0.114,-0.633,-32.641,58.153,23.099,34.22
2203894518,-0.741,-0.105,-0.605,-37.893,53.725,22.87,34.08
2203908297,-0.712,-0.093,-0.63,-38.916,52.58,22.366,34.13
2203920086,-0.696,-0.094,-0.613,-40.87,51.069,21.527,34.18
2203924633,-0.663,-0.102,-0.613,-41.298,49.45,21.573,34.13
2203935259,-0.645,-0.123,-0.62,-39.359,48.092,22.351,34.18
2203948027,-0.638,-0.09,-0.628,-37.176,46.733,22.611,34.13
2203957486,-0.635,-0.068,-0.661,-38.29,46.885,23.435,34.08
2203965895,-0.649,-0.084,-0.665,-38.321,43.176,23.863,34.08
2203975718,-0.655,-0.097,-0.657,-38.962,45.756,25.847,34.22
2203988990,-0.664,-0.085,-0.654,-37.344,45.389,26.718,34.08
2203996708,-0.61,-0.058,-0.66,-36.962,41.252,26.046,34.13
2204006656,-0.588,-0.06,-0.667,-36.458,41.13,25.74,34.18
2204016833,-0.596,-0.083,-0.695,-35.389,41.71,25.328,34.22
2204027404,-0.605,-0.085,-0.689,-32.641,43.481,24.763,34.18
2204034067,-0.614,-0.053,-0.706,-31.969,42.214,24.397,34.22
2204045715,-0.604,-0.038,-0.716,-33.16,41.725,23.695,34.08
2204056060,-0.615,-0.044,-0.685,-32.626,41.374,23.145,34.13
2204070399,-0.595,-0.044,-0.701,-31.771,41.084,23.298,34.18
2204076507,-0.517,-0.036,-0.693,-29.634,42.229,21.176,34.13
2204089123,-0.486,-0.019,-0.694,-26.931,44.26,18.962,34.08
2204096226,-0.466,0.005,-0.737,-26.015,50.901,17.435,34.18
2204107466,-0.525,-0.066,-0.786,-23.008,57.435,18.168,34.18
2204118622,-0.647,-0.047,-0.789,-22.397,58.076,21.985,34.18
2204126823,-0.662,-0.043,-0.766,-21.878,54.214,23.756,34.13
2204135212,-0.646,-0.005,-0.772,-23.42,51.435,25.115,34.08
2204144696,-0.635,0.026,-0.778,-27.16,49.008,25.282,34.13
2204160251,-0.608,0.044,-0.784,-30.229,44.626,23.573,34.18
2204170772,-0.557,0.029,-0.798,-31.374,42.153,20.992,34.22
2204179256,-0.513,0.03,-0.761,-29.359,40.55,18.26,34.18
2204185489,-0.479,0.071,-0.748,-26.718,39.847,16.168,34.13
2204200232,-0.444,0.072,-0.79,-26.427,39.786,16.214,34.08
2204209420,-0.473,0.009,-0.788,-22.595,41.481,17.74,34.13
2204216613,-0.482,0.053,-0.761,-19.756,40.58,17.954,34.08
2204226817,-0.446,0.087,-0.784,-19.496,40.916,17.42,34.04
2204234197,-0.477,0.092,-0.791,-19.008,43.252,16.275,34.13
2204246671,-0.486,0.061,-0.806,-19.74,43.176,14.473,34.18
2204256152,-0.491,0.059,-0.797,-17.771,42.611,11.145,34.18
2204262956,-0.511,0.113,-0.788,-18.443,39.725,11.145,34.18
2204279208,-0.448,0.076,-0.8,-18.885,35.74,12.244,34.13
2204289328,-0.444,0.07,-0.811,-15.664,35.145,13.588,34.18
2204296228,-0.403,0.042,-0.823,-10.947,37.557,12.305,34.22
2204309680,-0.41,0.085,-0.824,-9.954,35.176,15.45,34.18
2204315980,-0.433,0.122,-0.833,-9.282,38.534,14.473,34.13
2204325954,-0.48,0.132,-0.83,-11.893,38.107,13.588,34.18
2204338344,-0.465,0.097,-0.8,-14.489,33.45,11.832,34.13
2204346592,-0.401,0.146,-0.767,-12.305,34.29,6.748,34.18
2204356719,-0.42,0.167,-0.796,-13.786,31.176,6.962,34.13
2204363134,-0.375,0.1,-0.841,-12.58,31.328,9.527,34.18
2204379741,-0.374,0.052,-0.841,-6.763,32.015,11.847,34.13
2204387694,-0.372,0.091,-0.853,-0.58,39.481,11.985,34.18
2204397117,-0.456,0.129,-0.858,-1.038,35.893,15.71,34.08
2204408373,-0.438,0.136,-0.828,-1.542,34.534,15.267,34.18
2204422104,-0.441,0.194,-0.859,-3.359,35.649,12.076,34.18
2204427405,-0.474,0.155,-0.886,-10.183,31.786,12.382,34.13
2204437295,-0.458,0.1,-0.868,-11.282,28.29,9.115,34.18
2204447442,-0.44,0.1,-0.908,-11.725,28.29,8.718,34.13
2204458825,-0.422,0.064,-0.907,-11.069,27.603,9.328,34.18
2204463778,-0.425,0.066,-0.882,-8.855,25.145,10.137,34.04
2204475219,-0.363,0.118,-0.875,-8.519,24.061,11.053,34.08
2204488588,-0.341,0.137,-0.896,-9.389,24.916,11.557,34.22
2204499883,-0.302,0.167,-0.852,-9.573,25.985,9.603,34.08
2204507219,-0.293,0.138,-0.946,-10.137,26.397,8.519,34.13
2204516362,-0.313,0.081,-0.897,-6.885,32.137,9.023,34.18
2204528778,-0.382,0.09,-0.93,-5.573,30.336,10.336,34.13
2204534216,-0.4,0.093,-0.885,-5.191,27.42,12.611,34.18
2204546671,-0.356,0.168,-0.892,-5.634,23.405,12.198,34.22
2204557040,-0.319,0.203,-0.899,-8.397,21.45,10.366,34.18
2204566921,-0.284,0.17,-0.936,-9.328,21.603,8.168,34.18
2204575894,-0.255,0.13,-0.911,-8.031,23.924,5.099,34.13
2204582967,-0.301,0.141,-0.927,-6.947,24.0,5.878,34.18
2204600031,-0.341,0.135,-0.95,-6.687,23.206,6.229,34.22
2204609975,-0.403,0.124,-0.927,-9.45,20.183,7.374,34.08
2204615204,-0.375,0.147,-0.914,-12.214,15.45,7.45,34.22
2204634917,-0.325,0.182,-0.916,-15.084,12.87,7.298,34.18
2204639884,-0.248,0.157,-0.899,-14.443,13.695,5.053,34.13
2204645929,-0.228,0.156,-0.937,-11.42,16.107,4.321,34.18
2204658948,-0.22,0.127,-0.929,-8.061,19.786,4.061,34.22
2204666577,-0.286,0.147,-0.947,-5.649,23.389,5.878,34.08
2204676605,-0.352,0.143,-0.936,-7.511,23.298,7.603,34.13
2204683707,-0.413,0.189,-0.93,-10.794,20.382,9.71,34.13
2204699681,-0.376,0.184,-0.943,-13.878,17.282,10.351,34.18
2204709066,-0.334,0.156,-0.93,-15.725,13.115,9.42,34.08
2204716939,-0.268,0.173,-0.91,-12.565,11.176,9.542,34.18
2204727413,-0.233,0.183,-0.945,-10.718,12.977,9.908,34.22
2204736790,-0.245,0.172,-0.937,-8.519,15.725,11.023,34.08
2204746440,-0.273,0.182,-0.925,-6.733,17.527,12.565,34.13
2204757002,-0.316,0.192,-0.927,-8.076,18.397,13.939,34.08
2204766103,-0.354,0.194,-0.934,-9.908,15.832,16.275,34.13
2204780163,-0.346,0.165,-0.933,-11.237,12.489,17.817,34.08
2204784090,-0.303,0.166,-0.929,-8.489,10.382,18.58,34.22
2204795876,-0.242,0.198,-0.931,-6.107,10.305,18.718,34.18
2204807716,-0.227,0.239,-0.93,-4.794,11.634,19.466,34.13
2204819185,-0.214,0.253,-0.935,-4.458,13.74,19.374,34.13
2204827292,-0.222,0.265,-0.974,-5.863,17.237,19.42,34.18
2204835681,-0.309,0.219,-0.991,-6.748,18.046,20.489,34.13
2204848120,-0.316,0.194,-0.946,-5.115,17.115,20.595,34.27
2204853929,-0.285,0.216,-0.962,-4.321,15.389,19.786,34.08
2204867968,-0.254,0.239,-0.964,-2.901,14.29,17.847,34.18
2204877552,-0.198,0.266,-0.961,-4.992,15.206,16.183,34.22
2204886197,-0.183,0.308,-0.955,-6.244,20.321,11.924,34.18
2204896104,-0.269,0.264,-1.009,-10.931,21.649,11.267,34.13
2204902911,-0.285,0.194,-1.001,-11.084,22.992,8.214,34.08
2204920722,-0.273,0.196,-0.945,-11.115,24.275,5.634,34.13
2204929578,-0.289,0.212,-0.989,-12.168,19.237,7.496,34.18
2204936904,-0.24,0.192,-0.994,-11.481,18.901,8.672,34.22
2204948577,-0.168,0.175,-1.001,-10.718,20.687,7.511,34.13
2204955914,-0.191,0.233,-1.012,-9.099,25.786,6.305,34.18
2204965806,-0.194,0.245,-1.015,-10.931,26.489,4.427,34.04
2204978429,-0.213,0.246,-1.019,-13.557,30.397,1.115,34.18
2204986346,-0.313,0.236,-1.014,-16.107,29.466,1.924,34.13
2204996610,-0.267,0.189,-0.994,-19.374,27.038,2.733,34.08
2205003433,-0.26,0.185,-1.004,-21.069,24.748,5.069,34.04
2205019343,-0.208,0.192,-0.959,-19.527,21.023,6.687,34.18
2205029369,-0.121,0.216,-1.0,-17.893,21.695,6.901,34.22
2205037471,-0.115,0.204,-0.99,-16.137,26.611,6.412,34.18
2205047952,-0.163,0.213,-0.966,-14.153,26.275,8.855,34.22
2205058357,-0.169,0.272,-0.969,-14.779,28.321,8.0,34.18
2205066045,-0.196,0.274,-0.966,-18.336,29.527,7.206,34.13
2205076896,-0.245,0.256,-0.977,-22.122,27.74,7.832,34.18
2205086795,-0.232,0.236,-0.966,-23.542,23.252,7.878,34.18
2205097323,-0.174,0.258,-0.959,-22.702,19.679,8.244,34.13
2205103977,-0.132,0.243,-0.981,-22.29,18.611,9.389,34.18
2205115894,-0.104,0.255,-0.969,-19.282,19.145,9.176,34.13
2205126244,-0.076,0.308,-0.993,-18.489,20.809,8.595,34.08
2205141534,-0.117,0.269,-0.984,-18.641,23.588,4.901,34.13
2205147231,-0.185,0.288,-0.987,-21.908,24.718,4.656,34.18
2205159473,-0.181,0.28,-0.982,-25.817,23.496,2.977,34.22
2205171112,-0.16,0.255,-0.982,-26.901,21.893,3.13,34.18
2205175697,-0.135,0.254,-0.992,-26.321,21.084,3.328,34.13
2205188141,-0.09,0.245,-0.983,-24.641,22.153,3.221,34.08
2205198853,-0.091,0.27,-0.997,-21.939,25.267,3.13,34.13
2205204544,-0.08,0.311,-0.992,-20.992,26.458,3.771,34.18
2205216175,-0.062,0.303,-0.98,-20.458,28.626,4.641,34.13
2205223276,-0.086,0.318,-0.985,-19.878,31.115,5.573,34.18
2205241284,-0.095,0.304,-0.996,-19.313,32.046,5.328,34.18
2205251108,-0.109,0.282,-1.014,-17.664,34.031,5.817,34.22
2205256638,-0.19,0.333,-1.018,-17.573,32.198,7.725,34.08
2205270056,-0.161,0.356,-0.964,-21.588,31.13,12.046,34.13
2205277620,-0.125,0.373,-0.963,-24.916,28.763,16.26,34.27
2205286587,-0.058,0.339,-0.955,-24.443,28.885,17.023,34.13
2205297732,-0.015,0.351,-0.952,-20.0,31.237,16.031,34.18
2205305885,-0.039,0.336,-0.995,-16.458,35.084,12.931,34.22
2205317210,-0.068,0.339,-0.956,-15.45,36.076,11.115,34.18
2205322957,-0.105,0.383,-0.96,-16.687,35.573,10.351,34.22
2205336123,-0.15,0.38,-0.961,-21.649,31.74,13.023,34.18
2205348876,-0.151,0.342,-0.99,-23.618,26.595,14.122,34.22
2205359075,-0.134,0.304,-0.968,-28.168,23.038,16.809,34.18
2205366595,-0.076,0.298,-0.959,-25.908,19.832,17.42,34.22
2205377637,-0.043,0.336,-0.983,-24.977,20.412,18.046,34.18
2205388135,-0.035,0.324,-0.975,-24.031,20.55,18.275,34.08
2205398929,0.027,0.357,-0.914,-21.573,18.947,15.42,34.13
2205407584,-0.016,0.427,-0.967,-26.687,24.076,14.244,34.18
2205415716,-0.015,0.39,-0.938,-28.855,23.527,10.229,34.22
2205423925,-0.043,0.413,-0.947,-30.473,23.176,8.58,34.18
2205434669,0.021,0.374,-1.01,-32.046,22.595,9.908,34.22
2205447306,0.04,0.291,-0.984,-27.527,25.511,10.611,34.18
2205456318,-0.014,0.338,-0.958,-22.84,25.466,12.229,34.13
2205466779,0.004,0.389,-1.019,-20.779,25.847,11.832,34.18
2205475596,-0.01,0.395,-0.974,-26.076,24.229,12.947,34.13
2205488172,0.008,0.408,-0.944,-26.504,21.817,10.84,34.08
2205498118,0.041,0.427,-0.98,-27.71,23.786,7.206,34.22
2205505772,0.043,0.43,-0.974,-29.603,24.931,4.672,34.22
2205516172,0.027,0.419,-0.953,-28.137,23.313,3.221,34.18
2205527190,0.06,0.408,-0.99,-26.595,23.847,4.87,34.08
2205535419,0.063,0.383,-0.983,-25.023,24.824,8.412,34.08
2205542211,0.054,0.392,-0.984,-22.0,24.794,11.313,34.13
2205559398,0.086,0.44,-0.983,-19.908,26.763,11.893,34.18
2205568437,0.075,0.447,-0.985,-18.29,29.405,10.198,34.22
2205576699,0.091,0.47,-1.001,-22.321,30.901,8.87,34.18
2205588737,0.056,0.458,-0.97,-22.565,31.863,6.947,34.13
2205594846,0.053,0.486,-0.971,-22.198,30.061,4.687,34.18
2205605320,0.093,0.464,-0.993,-24.687,31.481,5.924,34.22
2205617789,0.062,0.406,-0.994,-23.863,32.198,8.733,34.18
2205629823,0.087,0.384,-0.972,-19.817,31.985,10.336,34.18
2205636211,0.099,0.428,-0.982,-16.183,35.038,12.534,34.22
2205643027,0.077,0.451,-0.961,-15.863,35.924,14.137,34.18
2205658322,0.11,0.487,-0.962,-16.702,34.015,15.924,34.13
2205669746,0.117,0.493,-0.997,-17.313,34.687,18.519,34.18
2205674775,0.144,0.42,-0.975,-14.092,35.084,19.634,34.22
2205688758,0.152,0.407,-0.986,-8.718,38.962,21.878,34.18
2205698452,0.086,0.418,-0.965,-6.198,42.382,24.29,34.22
2205706876,0.053,0.502,-0.93,-9.359,40.229,26.26,34.18
2205715917,0.101,0.516,-0.955,-15.115,40.031,26.092,34.13
2205726252,0.114,0.448,-0.952,-17.359,40.58,24.931,34.18
2205738082,0.161,0.432,-0.945,-13.924,42.55,21.466,34.13
2205743388,0.146,0.484,-0.95,-13.634,45.618,20.779,34.18
2205757605,0.12,0.51,-0.942,-16.366,45.099,20.046,34.18
2205770422,0.105,0.513,-0.927,-20.794,43.374,19.74,34.22
2205780500,0.101,0.541,-0.899,-25.115,40.489,19.359,34.18
2205786978,0.143,0.517,-0.944,-30.733,38.031,19.328,34.22
2205801569,0.168,0.466,-0.9,-30.84,37.16,19.282,34.18
2205808829,0.183,0.494,-0.902,-29.298,35.954,20.748,34.13
2205815811,0.244,0.489,-0.896,-27.038,36.366,20.656,34.18
2205825896,0.257,0.499,-0.948,-26.351,41.008,20.458,34.22
2205840713,0.18,0.508,-0.9,-27.878,43.069,19.924,34.08
2205844358,0.163,0.509,-0.899,-30.336,41.542,17.725,34.13
2205855902,0.176,0.517,-0.9,-33.664,41.557,15.802,34.18
2205862939,0.121,0.497,-0.884,-37.863,39.282,15.649,34.18
2205877048,0.206,0.465,-0.91,-38.336,33.466,15.115,34.13
2205887473,0.271,0.442,-0.905,-35.588,34.763,16.519,34.18
2205896531,0.307,0.428,-0.883,-31.405,37.13,16.611,34.18
2205909664,0.374,0.459,-0.86,-23.16,40.153,14.015,34.18
2205915122,0.355,0.541,-0.903,-24.733,46.687,13.237,34.22
2205926304,0.342,0.539,-0.91,-26.733,48.824,13.038,34.27
2205935827,0.354,0.513,-0.926,-26.397,51.145,11.282,34.22
2205947742,0.356,0.492,-0.924,-24.595,52.947,9.634,34.08
2205956390,0.356,0.494,-0.958,-21.786,54.595,10.198,34.13
2205963165,0.302,0.518,-0.913,-21.344,54.29,12.366,34.08
2205980233,0.435,0.536,-0.887,-19.511,52.84,12.092,34.13
2205989619,0.496,0.547,-0.946,-18.0,58.84,10.84,34.18
2205995720,0.524,0.546,-0.929,-15.527,66.87,7.008,34.08
2206007717,0.576,0.544,-0.989,-12.214,78.565,4.061,34.22
2206017077,0.523,0.526,-0.983,-8.947,91.008,-0.412,34.18
2206027289,0.413,0.551,-0.953,-6.595,90.962,-1.969,34.13
2206036990,0.366,0.635,-0.927,-10.626,90.443,-1.008,34.08
2206050581,0.396,0.647,-0.895,-16.641,85.847,-0.901,34.22
2206057008,0.453,0.58,-0.949,-21.511,86.687,1.817,34.18
2206063942,0.563,0.473,-0.922,-17.527,95.695,-2.748,34.22
2206077080,0.502,0.561,-0.883,-11.099,104.718,-2.336,34.18
2206087351,0.517,0.583,-0.888,-9.344,107.802,-3.45,34.13
2206097230,0.534,0.576,-0.878,-6.84,113.298,-5.176,34.18
2206109615,0.489,0.608,-0.858,-6.855,116.916,-6.519,34.18
2206119955,0.446,0.576,-0.89,-10.626,117.924,-6.656,34.18
2206126954,0.292,0.579,-0.845,-13.679,117.618,-5.924,34.08
2206138943,0.283,0.607,-0.787,-22.382,102.198,0.702,34.32
2206147151,0.362,0.582,-0.774,-28.901,93.618,2.809,34.08
2206156086,0.437,0.517,-0.736,-30.672,91.389,3.405,34.13
2206164408,0.556,0.494,-0.75,-28.901,91.618,6.244,34.08
2206180591,0.625,0.477,-0.724,-22.534,105.511,3.679,34.13
2206189234,0.491,0.577,-0.707,-21.359,110.763,3.756,34.08
2206197348,0.459,0.585,-0.689,-25.481,109.45,2.779,34.13
2206204691,0.454,0.576,-0.637,-30.076,102.595,2.198,34.18
2206216900,0.594,0.535,-0.594,-28.763,100.626,0.046,34.13
2206227443,0.434,0.544,-0.653,-30.183,93.282,4.137,34.18
2206234545,0.444,0.519,-0.612,-31.099,90.183,13.053,34.18
2206245764,0.409,0.565,-0.591,-35.618,79.328,21.008,34.22
2206257941,0.434,0.571,-0.559,-41.969,70.473,27.573,34.18
2206264631,0.514,0.539,-0.493,-44.824,64.931,28.351,34.18
2206280800,0.585,0.532,-0.469,-41.359,64.397,24.473,34.18
2206290378,0.656,0.579,-0.487,-40.458,63.603,24.504,34.22
2206298602,0.629,0.583,-0.497,-38.504,60.687,24.885,34.18
2206305463,0.627,0.572,-0.481,-37.832,54.092,25.756,34.13
2206316393,0.625,0.57,-0.449,-35.863,48.733,26.626,34.18
2206328620,0.629,0.596,-0.444,-35.252,43.588,27.344,34.13
2206334671,0.692,0.56,-0.45,-33.878,37.313,28.321,34.18
2206348809,0.739,0.54,-0.479,-30.779,35.817,29.45,34.13
2206356857,0.718,0.554,-0.479,-28.84,34.229,32.244,34.18
2206365287,0.72,0.582,-0.456,-29.008,28.824,33.908,34.18
2206377093,0.717,0.61,-0.454,-30.137,23.45,32.794,34.13
2206384198,0.686,0.649,-0.442,-34.275,15.206,32.855,34.18
2206397133,0.701,0.639,-0.432,-40.153,5.802,32.427,34.22
2206406447,0.853,0.563,-0.428,-40.443,-1.344,29.359,34.18
2206417821,0.96,0.509,-0.445,-33.313,3.13,25.16,34.13
2206427378,0.92,0.553,-0.445,-24.931,7.603,22.672,34.18
2206434937,0.871,0.599,-0.467,-23.16,6.031,22.809,34.13
2206447137,0.886,0.606,-0.469,-23.481,3.511,21.267,34.27
2206457391,0.845,0.618,-0.463,-26.137,0.931,21.053,34.13
2206466107,0.809,0.586,-0.442,-26.977,-2.901,18.565,34.08
2206472599,0.786,0.577,-0.452,-29.466,-7.237,17.924,34.22
2206484808,0.791,0.548,-0.466,-30.198,-14.183,17.084,34.08
2206497827,0.885,0.535,-0.45,-26.641,-17.282,14.947,34.27
2206507435,0.946,0.556,-0.462,-23.618,-16.29,14.26,34.22
2206517936,0.94,0.559,-0.476,-21.481,-14.076,13.618,34.27
2206530672,0.923,0.57,-0.483,-19.359,-12.0,11.13,34.04
2206536239,0.905,0.575,-0.445,-18.84,-11.282,7.603,34.18
2206547222,0.865,0.581,-0.423,-17.069,-11.069,3.954,34.13
2206558098,0.838,0.581,-0.456,-18.382,-12.076,1.542,34.18
2206566135,0.863,0.54,-0.464,-17.588,-12.504,-0.275,34.22
2206572502,0.866,0.515,-0.441,-13.405,-12.931,-1.466,34.18
2206584633,0.848,0.521,-0.445,-6.794,-12.763,-2.412,34.13
2206602094,0.829,0.562,-0.459,-3.481,-12.718,-2.672,34.18
2206607116,0.84,0.599,-0.436,-4.214,-13.191,-3.573,34.18
2206617735,0.82,0.643,-0.458,-6.122,-13.832,-4.611,34.22
2206630065,0.823,0.64,-0.463,-9.649,-15.282,-5.252,34.18
2206635168,0.847,0.601,-0.47,-11.466,-15.237,-6.473,34.08
2206647236,0.851,0.538,-0.486,-8.626,-14.504,-5.511,34.18
2206655190,0.918,0.514,-0.48,-2.611,-9.282,-9.557,34.22
2206666685,0.82,0.553,-0.474,4.779,-7.176,-9.802,34.18
2206673254,0.778,0.587,-0.483,9.42,-7.573,-12.351,34.22
2206685214,0.766,0.603,-0.503,6.168,-10.061,-11.603,34.18
2206701610,0.736,0.598,-0.509,1.298,-14.076,-11.527,34.13
2206708429,0.731,0.568,-0.497,-1.374,-17.16,-11.053,34.08
2206718725,0.741,0.516,-0.488,-0.366,-19.557,-12.397,34.13
2206729060,0.768,0.504,-0.499,3.023,-20.855,-13.71,34.13
2206736367,0.765,0.505,-0.488,7.695,-18.794,-14.962,34.18
2206743603,0.788,0.504,-0.447,12.809,-19.893,-18.763,34.32
2206755347,0.764,0.572,-0.507,15.802,-18.305,-19.038,34.08
2206767081,0.762,0.595,-0.513,14.061,-19.679,-18.519,34.22
2206772922,0.759,0.59,-0.508,12.061,-21.908,-18.198,34.18
2206785980,0.781,0.558,-0.508,13.924,-20.382,-20.015,34.13
2206797702,0.771,0.547,-0.516,18.244,-18.061,-22.092,34.18
2206807947,0.754,0.556,-0.536,21.405,-17.756,-23.282,34.13
2206816330,0.716,0.575,-0.527,24.046,-19.878,-23.725,34.08
2206830567,0.701,0.597,-0.54,24.519,-22.611,-23.191,34.13
2206836185,0.69,0.616,-0.535,22.672,-24.84,-23.038,34.18
2206846905,0.671,0.624,-0.547,21.221,-28.473,-23.115,34.13
2206855853,0.689,0.625,-0.531,19.42,-31.374,-24.183,34.18
2206866613,0.696,0.589,-0.552,19.038,-33.038,-25.206,34.13
2206872443,0.71,0.557,-0.556,20.992,-32.382,-27.557,34.27
2206885076,0.674,0.588,-0.539,24.595,-32.275,-28.427,34.08
2206897572,0.654,0.628,-0.557,25.466,-34.046,-28.916,34.13
2206907637,0.641,0.65,-0.548,23.023,-37.008,-28.733,34.08
2206917945,0.624,0.662,-0.555,19.481,-40.58,-29.053,34.04
2206930205,0.603,0.657,-0.554,16.137,-43.588,-29.756,34.08
2206935492,0.604,0.633,-0.571,15.282,-46.824,-30.977,34.18
2206947261,0.609,0.602,-0.558,16.718,-48.84,-32.962,34.18
2206958079,0.598,0.596,-0.573,19.771,-49.573,-35.191,34.13
2206965730,0.572,0.623,-0.572,22.962,-53.527,-35.282,34.18
2206977085,0.587,0.64,-0.626,24.229,-58.244,-33.038,34.22
2206983870,0.616,0.609,-0.614,24.519,-62.061,-29.664,34.08
2206997432,0.616,0.58,-0.643,28.107,-63.313,-26.733,34.22
2207006257,0.577,0.576,-0.673,30.824,-63.878,-23.695,34.18
2207017888,0.569,0.565,-0.653,32.626,-65.45,-22.565,34.13
2207028722,0.54,0.589,-0.651,35.008,-66.092,-21.954,34.08
2207034489,0.522,0.596,-0.662,34.168,-68.534,-20.748,34.13
2207048565,0.524,0.57,-0.687,33.42,-70.641,-20.84,34.13
2207056650,0.539,0.547,-0.72,34.55,-72.321,-21.878,34.18
2207065529,0.544,0.519,-0.717,38.092,-69.771,-24.336,34.13
2207076679,0.516,0.528,-0.715,41.557,-68.733,-24.809,34.08
2207083442,0.503,0.551,-0.735,43.221,-70.366,-23.038,34.08
2207096294,0.495,0.532,-0.764,43.16,-70.427,-21.725,34.08
2207105898,0.47,0.516,-0.732,43.969,-71.832,-21.405,34.13
2207117597,0.463,0.518,-0.767,46.107,-70.641,-22.534,34.18
2207129149,0.484,0.508,-0.737,47.145,-70.779,-24.534,34.13
2207134043,0.512,0.506,-0.768,51.221,-68.229,-26.809,34.08
2207146871,0.478,0.506,-0.791,54.214,-66.916,-28.641,34.13
2207156908,0.422,0.512,-0.783,56.366,-67.45,-25.817,34.18
2207165105,0.403,0.507,-0.796,56.305,-69.954,-24.489,34.13
2207176196,0.392,0.511,-0.792,56.214,-71.664,-23.634,34.08
2207182915,0.392,0.479,-0.791,56.779,-71.435,-26.947,34.13
2207196386,0.377,0.463,-0.794,57.847,-70.687,-31.802,34.18
2207207174,0.319,0.471,-0.824,60.046,-69.802,-35.389,34.18
2207215747,0.277,0.498,-0.812,59.053,-75.863,-35.328,34.13
2207227439,0.258,0.502,-0.878,55.176,-80.809,-34.076,34.18
2207233324,0.255,0.46,-0.864,51.344,-86.092,-33.038,34.18
2207247045,0.269,0.443,-0.848,47.405,-90.122,-31.878,34.18
2207258992,0.298,0.434,-0.829,49.664,-89.649,-33.466,34.13
2207264877,0.257,0.421,-0.905,53.45,-87.466,-34.321,34.08
2207275626,0.194,0.438,-0.903,50.458,-89.985,-33.817,34.13
2207286555,0.226,0.439,-0.882,49.863,-94.046,-34.366,34.08
2207295588,0.27,0.384,-0.92,51.863,-95.969,-35.908,34.22
2207307102,0.256,0.408,-0.919,51.16,-93.084,-35.313,34.18
2207317031,0.169,0.37,-0.958,52.779,-93.924,-33.679,34.22
2207331515,0.132,0.347,-0.95,51.649,-92.595,-33.313,34.18
2207333727,0.082,0.384,-0.92,50.275,-94.702,-31.527,34.13
2207347597,0.122,0.388,-0.929,49.053,-99.893,-30.244,34.18
2207356995,0.143,0.393,-0.945,45.557,-97.725,-30.977,34.22
2207364833,0.101,0.331,-1.016,45.695,-95.023,-35.099,34.13
2207375175,0.052,0.307,-0.933,46.55,-95.603,-38.351,34.18
2207387437,-0.057,0.364,-0.971,45.359,-98.824,-36.107,34.18
2207397484,-0.045,0.361,-0.974,38.931,-107.847,-32.031,34.08
2207406308,0.003,0.292,-0.948,35.908,-113.13,-29.679,34.13
2207416876,0.07,0.23,-1.003,37.542,-110.168,-30.092,34.08
2207430140,0.037,0.264,-0.912,41.588,-100.809,-33.389,34.22
2207436731,-0.062,0.321,-0.926,44.443,-100.26,-33.206,34.08
2207447343,-0.083,0.34,-0.959,41.053,-105.573,-33.878,34.13
2207455782,-0.108,0.295,-0.941,38.595,-108.153,-34.534,34.08
2207466857,-0.15,0.253,-0.99,36.962,-109.939,-35.786,34.22
2207473338,-0.166,0.224,-0.928,35.832,-110.076,-38.55,34.27
2207485326,-0.174,0.266,-0.901,35.542,-110.519,-39.618,34.13
2207497600,-0.142,0.276,-0.944,33.282,-112.244,-41.786,34.18
2207507926,-0.085,0.238,-0.903,33.756,-103.298,-50.153,34.22
2207515999,-0.229,0.183,-1.01,38.244,-96.015,-55.557,34.18
2207529589,-0.353,0.202,-0.894,38.366,-98.916,-57.969,34.13
2207536997,-0.372,0.209,-0.875,39.527,-105.511,-57.206,34.27
2207547328,-0.371,0.265,-0.984,34.29,-108.824,-53.084,34.18
2207557044,-0.341,0.237,-0.951,24.901,-109.542,-49.664,34.22
2207565184,-0.202,0.065,-0.899,27.908,-106.947,-55.618,34.18
2207576870,-0.245,0.103,-0.885,38.092,-98.305,-58.656,34.22
2207583403,-0.319,0.12,-0.886,44.947,-94.855,-58.779,34.18
2207600336,-0.334,0.116,-0.893,49.405,-92.275,-60.137,34.13
2207606219,-0.423,0.128,-0.93,50.763,-92.626,-57.786,34.18
2207616321,-0.479,0.113,-0.903,47.328,-93.252,-54.595,34.13
2207628605,-0.498,0.096,-0.892,42.565,-93.695,-54.992,34.27
2207638317,-0.506,0.08,-0.896,39.496,-96.412,-53.969,34.13
2207645302,-0.471,0.054,-0.859,36.137,-93.527,-56.336,34.08
2207657867,-0.472,0.058,-0.81,37.344,-90.092,-57.969,34.22
2207668537,-0.469,0.059,-0.858,40.107,-90.229,-58.931,34.18
2207675280,-0.48,0.042,-0.856,43.282,-87.42,-59.038,34.13
2207682288,-0.548,0.006,-0.839,45.023,-86.397,-58.779,34.08
2207696187,-0.599,-0.017,-0.872,45.038,-88.351,-55.206,34.22
2207706785,-0.573,-0.018,-0.858,42.244,-90.473,-52.427,34.13
2207715520,-0.563,-0.022,-0.764,41.542,-89.817,-52.153,34.18
2207728903,-0.551,0.022,-0.778,40.076,-90.122,-53.069,34.13
2207738839,-0.561,0.054,-0.759,38.977,-88.168,-54.412,34.08
2207745632,-0.598,-0.021,-0.793,38.366,-87.359,-55.893,34.13
2207755507,-0.633,-0.099,-0.792,39.679,-84.29,-56.015,34.08
2207768638,-0.673,-0.118,-0.751,41.588,-84.794,-53.466,34.13
2207774207,-0.686,-0.111,-0.804,42.87,-86.519,-49.008,34.08
2207785440,-0.677,-0.113,-0.715,44.0,-88.641,-45.115,34.22
2207798459,-0.679,-0.058,-0.717,41.588,-90.534,-40.382,34.18
2207809186,-0.63,-0.038,-0.703,39.664,-93.084,-41.481,34.13
2207817401,-0.66,-0.017,-0.677,37.542,-92.092,-43.267,34.18
2207826255,-0.736,-0.056,-0.714,35.893,-91.267,-45.511,34.13
2207838619,-0.762,-0.132,-0.687,34.763,-91.237,-46.87,34.18
2207847053,-0.793,-0.14,-0.623,35.496,-91.053,-45.282,34.18
2207855686,-0.796,-0.166,-0.615,36.901,-95.16,-41.313,34.13
2207866319,-0.765,-0.141,-0.644,35.786,-97.221,-37.405,34.18
2207876765,-0.723,-0.163,-0.614,34.916,-98.855,-36.809,34.13
2207883608,-0.749,-0.126,-0.551,35.084,-97.359,-37.878,34.08
2207899068,-0.78,-0.075,-0.57,30.305,-95.237,-39.969,34.13
2207910831,-0.835,-0.116,-0.558,26.489,-90.992,-42.168,34.18
2207916041,-0.866,-0.147,-0.523,21.74,-87.771,-41.679,34.13
2207928880,-0.876,-0.221,-0.532,23.542,-93.13,-39.069,34.08
2207944956,-0.859,-0.221,-0.536,24.565,-99.069,-36.031,34.22
2207947174,-0.767,-0.318,-0.552,26.458,-94.26,-33.099,34.18
2207957389,-0.748,-0.314,-0.469,33.832,-86.733,-32.992,34.22
2207967338,-0.802,-0.215,-0.433,36.061,-82.473,-33.557,34.18
2207977588,-0.824,-0.111,-0.478,30.29,-81.496,-33.695,34.13
2207986506,-0.856,-0.118,-0.451,23.405,-84.916,-35.252,34.18
2207993305,-0.877,-0.167,-0.444,19.084,-88.244,-36.183,34.22
2208009924,-0.87,-0.258,-0.457,17.756,-91.344,-33.695,34.13
2208019881,-0.813,-0.344,-0.426,24.687,-88.626,-33.038,34.08
2208025806,-0.817,-0.354,-0.422,34.718,-83.649,-33.786,34.13
2208039208,-0.869,-0.296,-0.385,38.351,-78.672,-31.786,34.18
2208045584,-0.886,-0.216,-0.382,33.649,-82.672,-27.954,34.22
2208056236,-0.847,-0.212,-0.344,29.267,-85.863,-25.832,34.08
2208067557,-0.854,-0.188,-0.353,24.214,-88.931,-25.817,34.13
2208079790,-0.835,-0.226,-0.346,21.023,-89.679,-26.748,34.18
2208084860,-0.822,-0.244,-0.307,18.702,-92.107,-29.435,34.13
2208096122,-0.765,-0.357,-0.372,23.908,-86.519,-32.031,34.18
2208106598,-0.833,-0.344,-0.245,30.0,-80.885,-34.55,34.13
2208118244,-0.87,-0.3,-0.288,28.473,-78.321,-37.13,34.08
2208126649,-0.923,-0.426,-0.215,38.076,-92.137,-49.817,34.13
2208135234,-0.879,-0.325,-0.258,29.664,-89.802,-44.794,34.08
2208147798,-0.809,-0.332,-0.203,28.26,-85.603,-42.901,34.08
2208157446,-0.817,-0.324,-0.173,25.557,-80.015,-37.832,34.13
2208167755,-0.805,-0.329,-0.187,22.84,-75.74,-31.969,34.18
2208181723,-0.819,-0.35,-0.166,20.794,-71.466,-28.0,34.13
2208184875,-0.824,-0.398,-0.153,22.29,-67.985,-26.611,34.08
2208194344,-0.805,-0.458,-0.152,25.71,-60.183,-28.29,34.22
2208207110,-0.797,-0.479,-0.123,32.748,-50.641,-29.481,34.18
2208216800,-0.849,-0.489,-0.122,38.809,-42.321,-29.115,34.13
2208224758,-0.896,-0.429,-0.126,40.26,-36.183,-28.061,34.08
2208237220,-0.918,-0.365,-0.075,34.168,-43.664,-29.832,34.22
2208249408,-0.842,-0.338,-0.069,26.244,-49.42,-32.489,34.18
2208256755,-0.755,-0.361,0.001,21.802,-39.603,-32.382,34.13
2208269696,-0.763,-0.348,-0.009,22.107,-33.649,-28.076,34.08
2208283528,-0.694,-0.505,-0.066,29.511,-27.359,-31.389,34.22
2208286510,-0.721,-0.482,-0.076,27.45,-25.924,-35.664,34.08
2208291027,-0.741,-0.569,-0.022,39.634,-15.176,-37.893,34.08
2208304251,-0.773,-0.512,-0.025,46.412,-11.74,-36.595,34.22
2208317443,-0.79,-0.447,-0.038,47.008,-10.397,-33.817,34.18
2208326827,-0.753,-0.429,-0.013,50.412,-5.145,-34.26,34.13
2208337360,-0.741,-0.401,-0.038,52.763,-2.534,-35.679,34.08
2208349312,-0.778,-0.382,-0.031,51.71,-1.252,-36.519,34.13
2208357211,-0.807,-0.377,-0.045,47.176,-0.794,-33.466,34.08
2208369263,-0.833,-0.392,-0.039,44.962,-3.237,-31.695,34.13
2208377188,-0.817,-0.431,-0.026,46.427,-4.26,-30.733,34.18
2208387870,-0.81,-0.457,-0.042,48.275,-3.985,-29.328,34.22
2208395964,-0.794,-0.47,-0.041,48.84,-4.595,-26.504,34.08
2208402410,-0.813,-0.444,-0.044,49.71,-8.779,-24.763,34.13
2208419628,-0.799,-0.419,-0.034,49.099,-10.84,-22.824,34.13
2208427373,-0.792,-0.397,-0.054,44.672,-14.962,-21.282,34.18
2208434624,-0.774,-0.402,-0.01,41.985,-18.519,-20.168,34.18
2208446484,-0.779,-0.398,0.011,40.198,-21.298,-18.809,34.18
2208461632,-0.764,-0.411,0.002,36.962,-21.725,-17.328,34.04
2208464341,-0.763,-0.452,0.022,36.626,-20.748,-16.595,34.18
2208478539,-0.77,-0.471,0.031,37.771,-20.656,-14.58,34.13
2208486623,-0.774,-0.521,0.033,44.031,-21.237,-13.389,34.08
2208494712,-0.796,-0.463,-0.004,39.893,-20.458,-12.916,34.13
2208506138,-0.801,-0.458,-0.003,32.351,-22.458,-11.16,34.08
2208513173,-0.788,-0.457,0.024,26.87,-23.847,-10.229,34.22
2208527384,-0.773,-0.455,0.037,22.168,-24.198,-8.87,34.13
2208536866,-0.737,-0.485,0.054,19.481,-21.282,-9.282,34.18
2208546971,-0.721,-0.486,0.066,18.733,-14.947,-9.679,34.13
2208556803,-0.717,-0.511,0.095,20.122,-9.588,-11.634,34.18
2208565225,-0.714,-0.508,0.087,21.221,-3.954,-12.321,34.13
2208576434,-0.702,-0.509,0.118,21.13,-4.885,-11.511,34.08
2208587174,-0.716,-0.478,0.1,21.191,-3.603,-10.855,34.13
2208595602,-0.736,-0.475,0.108,19.496,-1.588,-10.87,34.18
2208605702,-0.743,-0.473,0.101,18.29,0.763,-8.779,34.22
2208614382,-0.744,-0.493,0.109,18.061,2.763,-8.198,34.18
2208628471,-0.723,-0.489,0.147,18.336,6.55,-9.176,34.13
2208637192,-0.726,-0.465,0.146,20.397,8.168,-8.916,34.18
2208645269,-0.745,-0.455,0.109,20.443,10.351,-8.137,34.27
2208658168,-0.764,-0.474,0.084,17.817,10.26,-7.16,34.18
2208666287,-0.743,-0.487,0.114,15.71,7.771,-6.58,34.18
2208677711,-0.722,-0.482,0.114,15.038,8.153,-5.511,34.13
2208686653,-0.726,-0.47,0.081,13.176,8.718,-4.962,34.18
2208697324,-0.728,-0.47,0.088,10.153,8.015,-4.718,34.13
2208706669,-0.706,-0.479,0.114,8.595,7.206,-4.473,34.18
2208713636,-0.693,-0.47,0.127,7.359,6.962,-4.29,34.13
2208729755,-0.706,-0.478,0.118,6.137,6.87,-3.405,34.08
2208736358,-0.718,-0.483,0.116,5.771,5.985,-3.359,34.13
2208746009,-0.724,-0.476,0.098,5.176,5.313,-2.824,34.08
2208758853,-0.727,-0.472,0.099,2.748,3.679,-2.092,34.22
2208768591,-0.727,-0.472,0.103,0.855,2.794,-1.42,34.13
2208778607,-0.73,-0.47,0.116,-0.687,0.977,-0.962,34.18
2208786957,-0.713,-0.494,0.107,-2.046,-0.55,-0.977,34.22
2208796784,-0.707,-0.487,0.129,-3.13,-1.328,-1.45,34.18
2208803387,-0.712,-0.475,0.152,-3.817,-3.771,-0.611,34.18
2208814891,-0.718,-0.477,0.142,-4.183,-4.58,-0.427,34.18
2208831486,-0.716,-0.476,0.136,-4.351,-5.939,-0.412,34.22
2208838194,-0.732,-0.48,0.122,-5.618,-5.557,-0.183,34.18
2208847309,-0.729,-0.473,0.12,-6.504,-4.855,-0.031,34.13
2208854616,-0.712,-0.477,0.166,-6.519,-4.168,-0.183,34.18
2208867209,-0.689,-0.499,0.15,-5.023,-2.122,-0.229,34.04
2208872537,-0.705,-0.498,0.124,-4.107,-0.046,-1.038,34.08
2208888514,-0.72,-0.493,0.116,-4.26,0.366,-1.16,34.13
2208901089,-0.732,-0.465,0.106,-5.832,-0.183,-0.137,34.04
2208904604,-0.718,-0.458,0.115,-7.588,-0.275,0.779,34.08
2208915684,-0.737,-0.466,0.118,-8.977,-2.412,0.885,34.22
2208928356,-0.727,-0.469,0.137,-9.924,-3.45,1.298,34.18
2208940411,-0.719,-0.457,0.143,-10.519,-4.076,1.252,34.13
2208947481,-0.721,-0.457,0.151,-9.389,-3.405,1.542,34.08
2208957302,-0.695,-0.491,0.135,-9.588,-1.679,0.244,34.22
2208969365,-0.708,-0.505,0.152,-7.832,-0.885,0.824,34.08
2208975094,-0.703,-0.487,0.145,-8.366,-0.58,0.565,34.13
2208988709,-0.716,-0.477,0.128,-8.534,-1.252,0.855,34.08
2208996978,-0.729,-0.475,0.115,-10.382,-1.969,1.42,34.13
2209005617,-0.73,-0.489,0.137,-11.466,-3.603,2.198,34.18
2209016486,-0.726,-0.48,0.148,-12.061,-4.26,2.626,34.22
2209023780,-0.717,-0.474,0.15,-12.244,-4.107,2.977,34.18
2209040111,-0.708,-0.477,0.171,-11.389,-3.328,2.351,34.18
2209048191,-0.689,-0.496,0.163,-9.939,-2.748,1.481,34.22
2209055034,-0.702,-0.498,0.139,-9.573,-1.969,0.916,34.08
2209067196,-0.707,-0.48,0.145,-10.687,-2.87,1.42,34.13
2209076814,-0.71,-0.481,0.133,-12.275,-4.214,2.137,34.18
2209087891,-0.712,-0.491,0.14,-13.481,-5.008,2.443,34.13
2209095927,-0.706,-0.486,0.133,-14.046,-5.649,2.183,34.18
2209105337,-0.707,-0.472,0.16,-14.84,-6.214,1.664,34.22
2209116849,-0.694,-0.474,0.174,-14.595,-6.534,0.763,34.18
2209123690,-0.681,-0.503,0.158,-13.038,-4.565,0.214,34.04
2209141020,-0.697,-0.522,0.166,-11.282,-2.84,-1.405,34.18
2209150180,-0.722,-0.501,0.15,-9.756,-1.802,-0.962,34.22
2209156753,-0.734,-0.469,0.145,-10.916,-4.26,-0.046,34.22
2209168754,-0.703,-0.481,0.149,-12.168,-5.344,0.382,34.18
2209176143,-0.704,-0.485,0.165,-12.321,-4.672,0.046,34.18
2209186771,-0.715,-0.478,0.156,-11.878,-3.298,0.168,34.08
2209196164,-0.725,-0.474,0.172,-11.802,-3.206,0.107,34.13
2209207599,-0.707,-0.481,0.161,-10.611,-2.473,-0.366,34.18
2209217158,-0.681,-0.5,0.137,-9.023,0.137,-0.84,34.22
2209223962,-0.695,-0.504,0.125,-7.679,2.489,-1.985,34.18
2209236646,-0.72,-0.481,0.125,-8.611,1.359,-2.672,34.22
2209251015,-0.739,-0.454,0.112,-9.832,-1.756,-0.29,34.08
2209256595,-0.729,-0.448,0.106,-13.954,-3.908,0.672,34.13
2209265201,-0.688,-0.474,0.136,-16.534,-3.649,0.153,34.18
2209277061,-0.652,-0.488,0.15,-14.061,2.244,-1.511,34.27
2209286701,-0.651,-0.513,0.153,-11.313,8.901,-2.947,34.22
2209297509,-0.672,-0.531,0.15,-7.511,15.405,-3.145,34.08
2209309515,-0.735,-0.507,0.124,-5.023,15.618,-1.908,34.13
2209313682,-0.789,-0.473,0.107,-7.053,8.656,1.13,34.08
2209324691,-0.803,-0.414,0.116,-11.023,2.687,4.29,34.22
2209336895,-0.748,-0.417,0.155,-12.718,-2.305,5.74,34.18
2209345436,-0.695,-0.463,0.181,-12.473,-0.748,5.557,34.13
2209357166,-0.655,-0.455,0.215,-10.031,4.565,5.863,34.18
2209364823,-0.631,-0.5,0.196,-5.038,13.511,5.527,34.13
2209377727,-0.702,-0.531,0.118,0.336,19.298,5.313,34.08
2209384237,-0.751,-0.518,0.088,1.893,19.924,6.321,34.13
2209397400,-0.768,-0.46,0.115,0.183,18.351,8.275,34.08
2209409267,-0.785,-0.434,0.104,-3.16,13.679,9.023,34.08
2209414135,-0.761,-0.448,0.13,-7.252,10.198,10.076,34.22
2209425867,-0.726,-0.471,0.159,-8.626,9.725,8.901,34.08
2209438600,-0.727,-0.454,0.16,-8.122,11.74,8.29,34.13
2209447519,-0.751,-0.468,0.123,-7.42,12.122,8.702,34.18
2209454849,-0.735,-0.485,0.105,-7.939,11.45,9.435,34.13
2209465844,-0.716,-0.508,0.091,-8.84,13.557,9.069,34.18
2209478947,-0.739,-0.504,0.08,-9.511,16.885,8.611,34.13
2209484182,-0.765,-0.469,0.094,-10.198,16.733,9.542,34.08
2209496325,-0.751,-0.452,0.098,-12.489,13.328,10.061,34.13
2209506735,-0.749,-0.439,0.136,-14.153,10.55,12.244,34.18
2209515327,-0.714,-0.456,0.116,-13.588,11.649,10.26,34.08
2209526347,-0.729,-0.46,0.074,-11.74,13.16,9.099,34.22
2209533655,-0.733,-0.477,0.062,-12.901,13.771,8.382,34.18
2209545696,-0.735,-0.493,0.069,-12.076,13.359,9.206,34.18
2209556789,-0.734,-0.461,0.064,-12.427,13.878,9.405,34.18
2209567744,-0.754,-0.436,0.057,-15.16,12.702,10.504,34.13
2209580191,-0.74,-0.447,0.06,-17.42,12.122,10.168,34.08
2209585145,-0.74,-0.45,0.073,-16.275,14.0,8.305,34.13
2209596625,-0.726,-0.473,0.071,-14.763,15.267,9.099,34.18
2209607934,-0.721,-0.502,0.015,-14.687,17.053,7.893,34.22
2209615781,-0.73,-0.508,0.051,-13.099,15.939,9.282,34.27
2209626624,-0.764,-0.459,0.064,-13.267,14.534,6.885,34.13
2209634851,-0.768,-0.424,0.037,-14.275,12.183,8.29,34.13
2209647282,-0.73,-0.424,0.046,-17.069,11.618,6.702,34.18
2209653615,-0.735,-0.444,0.054,-19.298,12.779,5.939,34.13
2209669025,-0.716,-0.493,0.024,-18.382,15.618,7.511,34.08
2209677845,-0.711,-0.5,-0.003,-19.786,19.786,6.855,34.22
2209686536,-0.762,-0.516,0.036,-16.733,20.458,9.221,34.18
2209696995,-0.749,-0.46,0.058,-14.046,19.435,9.725,34.13
2209705865,-0.755,-0.403,0.028,-16.626,18.824,7.908,34.08
2209716483,-0.752,-0.39,0.018,-18.992,18.198,8.931,34.13
2209726856,-0.741,-0.416,0.002,-19.099,19.679,8.947,34.18
2209733680,-0.755,-0.438,-0.028,-18.122,23.191,8.947,34.13
2209749299,-0.777,-0.445,-0.044,-18.489,25.985,8.84,34.13
2209757456,-0.781,-0.486,-0.0,-16.122,28.763,10.183,34.18
2209766846,-0.799,-0.412,-0.007,-16.0,28.107,11.038,34.18
2209779698,-0.819,-0.381,-0.022,-18.611,25.679,12.29,34.08
2209786689,-0.813,-0.375,-0.037,-21.756,26.992,13.344,34.13
2209796905,-0.762,-0.394,-0.006,-24.595,25.359,12.55,34.08
2209808589,-0.766,-0.396,0.007,-22.641,29.237,12.565,34.22
2209814475,-0.775,-0.412,-0.064,-21.328,34.015,13.985,34.08
2209825971,-0.8,-0.459,-0.046,-18.672,37.298,14.748,34.13
2209832651,-0.815,-0.416,-0.041,-17.756,35.985,15.45,34.27
2209847643,-0.812,-0.38,-0.071,-21.038,34.763,16.198,34.22
2209859239,-0.797,-0.382,-0.086,-21.771,37.527,16.718,34.18
2209865179,-0.834,-0.379,-0.097,-26.305,36.916,16.0,34.08
2209877515,-0.836,-0.417,-0.058,-26.534,39.924,18.641,34.22
2209892924,-0.804,-0.424,-0.057,-25.802,41.649,18.733,34.18
2209895604,-0.776,-0.424,-0.081,-23.069,43.527,17.267,34.22
2209906551,-0.796,-0.379,-0.094,-23.206,45.267,19.237,34.18
2209917893,-0.802,-0.347,-0.093,-25.313,43.435,20.763,34.13
2209926100,-0.75,-0.371,-0.123,-24.473,44.244,19.282,34.18
2209936383,-0.787,-0.393,-0.159,-22.336,48.611,19.221,34.13
2209943298,-0.825,-0.397,-0.154,-22.366,48.427,19.374,34.08
2209959152,-0.852,-0.387,-0.156,-20.809,48.244,21.298,34.22
2209968393,-0.873,-0.35,-0.138,-23.328,46.198,21.649,34.18
2209975078,-0.819,-0.362,-0.142,-23.908,44.321,20.641,34.13
2209987111,-0.795,-0.363,-0.181,-25.084,46.565,20.351,34.18
2209996866,-0.804,-0.349,-0.163,-25.863,45.313,19.954,34.08
2210008103,-0.777,-0.344,-0.167,-27.832,47.42,17.237,34.13
2210017231,-0.785,-0.34,-0.196,-28.489,44.626,15.069,34.18
2210027643,-0.805,-0.351,-0.179,-28.336,46.84,16.687,34.13
2210035156,-0.805,-0.364,-0.185,-26.534,45.466,17.466,34.18
2210047411,-0.782,-0.39,-0.202,-25.863,45.985,17.786,34.13
2210059457,-0.819,-0.367,-0.23,-24.794,42.748,18.427,34.18
2210066476,-0.784,-0.342,-0.18,-24.458,41.771,17.573,34.13
2210076654,-0.804,-0.316,-0.207,-23.832,40.977,15.954,34.27
2210091119,-0.78,-0.313,-0.22,-24.794,44.137,13.939,34.13
2210098847,-0.794,-0.334,-0.236,-25.481,45.557,14.107,34.08
2210106077,-0.801,-0.357,-0.234,-25.802,48.458,14.305,34.18
2210115694,-0.809,-0.341,-0.229,-23.374,47.328,15.481,34.13
2210127300,-0.78,-0.349,-0.252,-21.099,46.473,14.718,34.08
2210134185,-0.773,-0.358,-0.277,-19.45,46.244,13.939,34.18
2210145686,-0.807,-0.36,-0.292,-16.977,44.046,13.023,34.18
2210157346,-0.814,-0.318,-0.283,-17.908,43.511,12.809,34.22
2210168847,-0.79,-0.287,-0.287,-20.733,42.748,11.756,34.18
2210177287,-0.77,-0.294,-0.28,-22.153,44.366,11.359,34.13
2210185594,-0.762,-0.306,-0.32,-23.023,46.504,11.771,34.08
2210197900,-0.768,-0.321,-0.314,-21.573,48.412,11.939,34.13
2210207198,-0.761,-0.308,-0.322,-21.176,48.29,11.664,34.08
2210215590,-0.742,-0.303,-0.341,-22.015,49.603,11.435,34.13
2210226394,-0.784,-0.288,-0.366,-20.198,48.733,10.809,34.04
2210234859,-0.793,-0.327,-0.35,-18.855,48.198,9.389,34.18
2210244414,-0.805,-0.327,-0.371,-17.649,52.244,12.198,34.22
2210258132,-0.82,-0.289,-0.346,-19.176,50.076,13.389,34.08
2210267624,-0.781,-0.285,-0.355,-17.023,48.718,13.221,34.04
2210275286,-0.755,-0.225,-0.387,-18.87,47.924,12.84,34.18
2210287755,-0.738,-0.236,-0.392,-21.832,46.229,12.229,34.13
2210299403,-0.763,-0.217,-0.428,-23.939,47.115,11.237,34.08
2210306851,-0.756,-0.265,-0.424,-23.695,47.908,10.397,34.13
2210318879,-0.772,-0.245,-0.462,-26.153,48.809,10.931,34.08
2210326954,-0.826,-0.266,-0.426,-24.0,47.511,12.122,34.22
2210337115,-0.772,-0.28,-0.45,-23.847,44.534,13.511,34.13
2210343265,-0.755,-0.263,-0.446,-22.794,44.519,14.901,34.18
2210360878,-0.743,-0.239,-0.456,-22.565,44.336,14.595,34.08
2210372033,-0.754,-0.196,-0.459,-25.878,42.473,14.687,34.18
2210377209,-0.736,-0.219,-0.444,-29.42,41.771,13.511,34.13
2210388796,-0.797,-0.234,-0.474,-29.313,43.053,13.084,34.18
2210401638,-0.769,-0.249,-0.494,-30.061,42.061,12.992,34.22
2210406893,-0.74,-0.276,-0.456,-29.603,39.649,13.344,34.08
2210417917,-0.743,-0.238,-0.501,-29.282,38.885,15.771,34.22
2210426679,-0.737,-0.251,-0.481,-25.649,37.252,15.389,34.18
2210437681,-0.736,-0.216,-0.497,-26.321,36.412,15.542,34.13
2210447195,-0.715,-0.213,-0.501,-27.023,36.076,14.427,34.18
2210454008,-0.716,-0.207,-0.517,-27.969,37.389,14.29,34.13
2210470969,-0.709,-0.236,-0.514,-29.42,37.267,13.847,34.13
2210480765,-0.73,-0.237,-0.502,-29.557,38.015,14.977,34.08
2210485983,-0.72,-0.221,-0.504,-30.885,36.519,16.733,34.04
2210500194,-0.698,-0.249,-0.509,-25.573,37.115,15.389,34.18
2210510783,-0.673,-0.208,-0.514,-22.58,38.076,14.84,34.08
2210516195,-0.698,-0.193,-0.513,-23.878,37.496,15.221,34.18
2210527250,-0.723,-0.22,-0.555,-21.924,40.198,14.992,34.13
2210539840,-0.738,-0.2,-0.542,-23.45,37.71,15.206,34.27
2210546660,-0.726,-0.192,-0.519,-25.695,35.924,16.107,34.04
2210552565,-0.731,-0.188,-0.559,-24.916,36.916,15.863,34.18
2210564321,-0.715,-0.181,-0.556,-26.504,35.023,16.061,34.13
2210577704,-0.697,-0.135,-0.547,-25.435,32.87,15.725,34.08
2210587528,-0.648,-0.141,-0.591,-25.435,31.038,14.229,34.08
2210598307,-0.694,-0.146,-0.659,-26.107,32.305,13.969,34.13
2210609133,-0.673,-0.183,-0.61,-24.672,35.45,14.153,34.08
2210617143,-0.748,-0.161,-0.587,-25.099,32.29,15.893,34.22
2210628187,-0.715,-0.132,-0.576,-26.183,30.26,17.069,34.08
2210637825,-0.677,-0.099,-0.591,-27.099,28.992,17.435,34.13
2210646265,-0.658,-0.112,-0.593,-28.015,28.84,17.664,34.18
2210656584,-0.652,-0.121,-0.6,-26.336,28.565,16.458,34.22
2210663190,-0.639,-0.114,-0.658,-24.733,25.817,13.344,34.18
2210680098,-0.666,-0.125,-0.635,-23.237,29.603,14.275,34.13
2210690305,-0.694,-0.101,-0.657,-23.573,30.168,15.282,34.27
2210696836,-0.737,-0.128,-0.663,-27.084,30.855,17.618,34.22
2210709332,-0.738,-0.102,-0.606,-28.763,26.351,19.634,34.18
2210716617,-0.689,-0.033,-0.63,-31.908,25.603,19.664,34.22
2210725844,-0.661,-0.028,-0.62,-33.557,24.534,17.893,34.18
2210736688,-0.616,-0.05,-0.66,-32.275,22.87,13.863,34.18
2210748472,-0.636,-0.074,-0.667,-31.389,26.779,13.328,34.13
2210756133,-0.648,-0.075,-0.689,-28.183,27.481,12.748,34.08
2210767075,-0.659,-0.08,-0.679,-28.794,28.076,15.725,34.22
2210777648,-0.725,-0.082,-0.686,-29.405,27.16,19.023,34.18
2210788830,-0.71,-0.076,-0.688,-28.901,23.786,23.466,34.13
2210794045,-0.688,-0.055,-0.659,-29.954,20.595,25.267,34.18
2210806355,-0.604,-0.04,-0.642,-29.954,19.954,26.794,34.13
2210817789,-0.594,-0.054,-0.662,-26.122,21.634,27.267,34.08
2210825154,-0.557,-0.047,-0.689,-22.061,22.443,26.565,34.13
2210839643,-0.525,-0.078,-0.704,-17.771,24.412,22.595,34.04
2210850259,-0.617,-0.045,-0.693,-15.099,30.107,23.771,34.18
2210854894,-0.634,-0.055,-0.753,-12.534,29.557,21.328,34.13
2210866027,-0.69,-0.01,-0.683,-17.267,28.382,24.962,34.08
2210872632,-0.649,0.01,-0.724,-18.779,26.748,25.328,34.13
2210888225,-0.606,-0.012,-0.735,-21.008,26.275,23.832,34.08
2210896907,-0.59,-0.038,-0.731,-20.458,29.435,21.267,34.13
2210904641,-0.578,-0.018,-0.746,-19.649,31.481,18.153,34.18
2210918515,-0.577,0.011,-0.738,-17.74,33.084,15.038,34.13
2210925929,-0.598,-0.001,-0.756,-18.321,33.038,13.878,34.18
2210937681,-0.601,-0.014,-0.756,-16.916,32.55,14.534,34.18
2210946958,-0.574,-0.01,-0.757,-16.229,32.427,16.672,34.18
2210957300,-0.551,0.002,-0.75,-15.496,32.107,17.893,34.18
2210964899,-0.548,0.022,-0.76,-13.771,33.878,18.336,34.13
2210977522,-0.527,0.007,-0.753,-12.153,35.45,16.641,34.18
2210985280,-0.538,0.034,-0.771,-9.145,36.931,14.809,34.13
2210996452,-0.556,0.027,-0.793,-9.832,37.588,13.573,34.08
2211005962,-0.553,0.023,-0.758,-9.573,35.863,12.718,34.13
2211022080,-0.53,0.07,-0.771,-9.115,36.168,11.756,34.08
2211030414,-0.544,0.056,-0.797,-11.176,36.382,10.992,34.22
2211036664,-0.557,0.066,-0.767,-12.626,36.702,10.534,34.18
2211049827,-0.54,0.087,-0.793,-15.832,37.786,9.481,34.18
2211060902,-0.539,0.058,-0.781,-17.221,41.389,6.351,34.13
2211066049,-0.599,0.116,-0.767,-19.74,41.664,5.008,34.18
2211077105,-0.596,0.128,-0.767,-25.893,39.359,4.901,34.13
2211083943,-0.587,0.096,-0.776,-28.214,34.595,8.55,34.08
2211096573,-0.559,0.07,-0.781,-26.473,29.298,13.206,34.13
2211106914,-0.489,0.054,-0.777,-20.901,25.206,15.725,34.18
2211117965,-0.482,0.099,-0.775,-13.832,26.855,17.389,34.22
2211134161,-0.453,0.119,-0.79,-13.695,29.328,15.374,34.18
2211136833,-0.504,0.142,-0.797,-14.656,30.702,13.679,34.13
2211145993,-0.566,0.186,-0.78,-20.427,29.298,11.405,34.13
2211155135,-0.559,0.17,-0.777,-26.855,24.595,7.924,34.08
2211165969,-0.543,0.112,-0.793,-29.756,21.115,7.13,34.08
2211176878,-0.524,0.051,-0.814,-28.321,18.137,8.26,34.08
2211184555,-0.461,0.013,-0.807,-24.046,16.427,11.802,34.13
2211197529,-0.458,0.011,-0.819,-18.748,17.786,17.237,34.18
2211207434,-0.456,0.048,-0.822,-14.718,18.214,22.229,34.22
2211218035,-0.397,0.053,-0.813,-11.893,21.542,23.786,34.08
2211227089,-0.438,0.089,-0.794,-9.435,24.168,25.13,34.13
2211235609,-0.413,0.099,-0.785,-6.84,25.511,23.084,34.08
2211246904,-0.418,0.123,-0.839,-5.389,27.649,20.855,34.18
2211257206,-0.447,0.095,-0.867,-5.374,27.13,18.779,34.13
2211266423,-0.439,0.092,-0.853,-4.092,27.206,17.16,34.18
2211276896,-0.455,0.092,-0.87,-3.618,25.527,17.832,34.22
2211285086,-0.486,0.09,-0.856,-3.573,25.71,19.802,34.18
2211297781,-0.417,0.092,-0.85,-2.061,24.382,18.26,34.13
2211306970,-0.425,0.162,-0.868,-3.847,25.45,16.336,34.18
2211317580,-0.393,0.165,-0.835,-5.664,26.153,11.206,34.22
2211327031,-0.394,0.165,-0.85,-6.733,25.817,7.267,34.18
2211334681,-0.403,0.123,-0.872,-6.214,27.542,5.557,34.22
2211348368,-0.388,0.087,-0.862,-3.679,26.122,4.779,34.13
2211356942,-0.345,0.083,-0.849,0.84,29.878,4.794,34.18
2211365775,-0.448,0.095,-0.883,0.931,28.061,8.58,34.13
2211372671,-0.413,0.085,-0.88,1.908,28.504,8.076,34.18
2211389019,-0.419,0.13,-0.922,0.931,30.0,5.649,34.13
2211398446,-0.401,0.12,-0.863,-1.298,28.153,4.702,34.08
2211406896,-0.392,0.168,-0.862,-1.176,30.29,0.763,34.13
2211417335,-0.374,0.145,-0.911,-4.336,31.084,0.229,34.18
2211429010,-0.404,0.076,-0.89,-4.168,32.366,-0.473,34.22
2211436657,-0.394,0.087,-0.896,-2.901,32.168,-1.206,34.18
2211446778,-0.393,0.133,-0.9,-3.008,32.977,-2.977,34.18
2211456922,-0.411,0.159,-0.907,-6.824,33.954,-5.145,34.08
2211467015,-0.446,0.22,-0.878,-10.366,31.725,-9.237,34.08
2211473337,-0.407,0.248,-0.885,-18.305,26.687,-11.176,34.22
2211489323,-0.421,0.222,-0.895,-24.229,25.405,-14.473,34.08
2211498859,-0.434,0.18,-0.896,-27.313,20.107,-13.664,34.13
2211507139,-0.383,0.139,-0.898,-26.885,15.42,-12.611,34.18
2211518609,-0.347,0.111,-0.888,-21.374,13.603,-9.527,34.22
2211529700,-0.349,0.141,-0.9,-18.321,14.519,-5.695,34.18
2211534987,-0.341,0.214,-0.895,-18.427,14.397,-3.832,34.22
2211547231,-0.32,0.208,-0.832,-16.489,14.137,-4.962,34.08
2211557564,-0.329,0.211,-0.883,-18.153,13.954,-5.191,34.18
2211566430,-0.328,0.144,-0.868,-16.947,15.588,-4.611,34.13
2211572448,-0.285,0.081,-0.848,-11.298,17.725,-4.519,34.18
2211584750,-0.318,0.167,-0.884,-6.519,20.885,-1.679,34.04
2211598591,-0.315,0.16,-0.892,-5.45,20.718,1.359,34.08
2211607496,-0.339,0.138,-0.914,-3.481,20.611,4.244,34.13
2211618322,-0.333,0.159,-0.904,-1.313,20.183,5.053,34.18
2211630406,-0.383,0.186,-0.93,-3.038,20.198,5.588,34.13
2211635378,-0.391,0.167,-0.898,-5.832,18.153,4.26,34.08
2211647706,-0.387,0.214,-0.9,-7.634,17.588,3.237,34.22
2211657677,-0.363,0.166,-0.893,-11.878,16.336,0.916,34.18
2211666649,-0.36,0.179,-0.868,-10.305,16.092,-2.336,34.04
2211673330,-0.322,0.198,-0.919,-11.771,15.481,-5.221,34.08
2211685082,-0.328,0.146,-0.909,-10.137,15.282,-6.656,34.27
2211695912,-0.348,0.169,-0.917,-9.756,14.229,-4.779,34.13
2211707412,-0.358,0.14,-0.927,-11.389,13.847,-1.542,34.08
2211717934,-0.332,0.123,-0.869,-8.809,12.916,1.405,34.13
2211727669,-0.326,0.184,-0.892,-6.809,14.718,4.061,34.08
2211736091,-0.325,0.148,-0.917,-7.145,16.244,3.573,34.22
2211745523,-0.322,0.16,-0.9,-6.58,17.817,2.122,34.08
2211757243,-0.318,0.156,-0.927,-6.305,18.076,0.58,34.13
2211767314,-0.34,0.183,-0.9,-6.733,18.687,-0.26,34.08
2211773795,-0.359,0.204,-0.928,-9.817,18.458,-0.153,34.13
2211790374,-0.381,0.191,-0.918,-12.702,16.336,0.672,34.22
2211802567,-0.364,0.163,-0.937,-12.855,12.718,2.626,34.18
2211807833,-0.303,0.14,-0.926,-9.771,11.588,4.092,34.13
2211817084,-0.254,0.153,-0.944,-6.901,14.031,6.489,34.18
2211829747,-0.256,0.196,-0.936,-4.794,17.771,7.282,34.13
2211836663,-0.283,0.221,-0.932,-4.809,19.344,5.939,34.08
2211846275,-0.296,0.237,-0.948,-6.901,19.527,4.763,34.13
2211857158,-0.333,0.203,-0.938,-10.244,19.573,3.573,34.08
2211868811,-0.344,0.192,-0.932,-10.947,17.573,2.779,34.13
2211874352,-0.326,0.198,-0.957,-11.328,17.634,4.153,34.08
2211887643,-0.312,0.138,-0.963,-11.344,17.939,6.55,34.13
2211899668,-0.298,0.145,-0.949,-7.13,18.229,7.847,34.08
2211909068,-0.299,0.26,-0.943,-8.947,18.84,7.832,34.18
2211915945,-0.272,0.256,-0.946,-13.756,18.855,4.809,34.13
2211928492,-0.276,0.288,-0.938,-18.046,19.954,1.282,34.18
2211936842,-0.327,0.267,-0.954,-23.389,20.519,-2.885,34.22
2211948420,-0.339,0.246,-0.938,-25.847,15.969,-3.954,34.18
2211957229,-0.286,0.191,-0.962,-27.573,12.244,-0.351,34.22
2211967730,-0.252,0.148,-0.965,-24.458,11.435,4.0,34.08
2211975222,-0.267,0.205,-0.963,-21.893,10.809,9.145,34.13
2211986735,-0.237,0.206,-0.953,-24.321,11.802,11.053,34.08
2211997115,-0.253,0.24,-0.904,-24.504,14.26,10.122,34.13
2212007003,-0.256,0.311,-0.921,-27.817,14.809,7.267,34.18
2212013702,-0.262,0.263,-0.954,-32.748,15.16,5.359,34.13
2212028821,-0.298,0.188,-0.932,-31.679,12.962,5.786,34.18
2212037670,-0.26,0.194,-0.931,-28.031,11.053,8.931,34.13
2212044193,-0.252,0.196,-0.955,-25.649,11.725,14.87,34.18
2212058178,-0.262,0.179,-0.945,-24.031,10.443,21.008,34.13
2212064405,-0.234,0.215,-0.926,-21.298,11.16,24.214,34.04
2212075046,-0.215,0.288,-0.939,-21.985,13.863,23.969,34.18
2212086682,-0.22,0.307,-0.93,-23.466,15.084,21.374,34.13
2212097504,-0.218,0.292,-0.93,-19.42,12.931,16.076,34.18
2212106796,-0.258,0.325,-0.943,-20.748,13.191,15.588,34.22
2212115425,-0.229,0.31,-0.954,-23.008,12.305,16.305,34.08
2212125438,-0.232,0.326,-0.97,-20.534,11.282,17.527,34.13
2212140049,-0.282,0.356,-1.016,-22.427,12.366,20.992,34.18
2212146352,-0.232,0.292,-0.966,-23.725,7.985,24.031,34.13
2212159496,-0.234,0.367,-0.931,-23.038,9.481,23.481,34.08
2212165299,-0.224,0.362,-0.917,-23.374,8.427,20.443,34.13
2212176468,-0.203,0.382,-0.96,-27.359,9.573,18.58,34.18
2212186780,-0.196,0.361,-0.938,-26.153,10.153,17.939,34.13
2212193282,-0.147,0.361,-0.956,-25.237,10.534,17.664,34.18
2212209636,-0.17,0.323,-0.955,-21.802,13.832,17.496,34.13
2212218414,-0.187,0.357,-0.969,-22.794,16.061,20.641,34.08
2212225068,-0.151,0.317,-0.972,-21.115,19.023,20.183,34.18
2212237130,-0.173,0.341,-0.949,-19.435,25.313,18.351,34.13
2212245717,-0.236,0.364,-0.951,-19.908,24.656,17.099,34.08
2212256827,-0.224,0.373,-0.997,-20.229,24.015,15.389,34.13
2212267387,-0.209,0.361,-0.969,-23.176,22.26,15.374,34.27
2212277706,-0.187,0.33,-0.973,-23.374,19.863,16.489,34.18
2212285831,-0.121,0.312,-0.965,-21.221,23.679,16.473,34.08
2212292704,-0.146,0.34,-0.96,-19.893,26.901,17.634,34.13
2212306651,-0.152,0.331,-0.969,-19.588,27.603,16.763,34.18
2212317061,-0.147,0.343,-0.957,-18.305,28.061,16.305,34.13
2212326366,-0.181,0.348,-0.971,-19.786,28.137,16.626,34.18
2212339469,-0.187,0.344,-0.927,-20.641,27.099,15.878,34.13
2212348417,-0.176,0.388,-0.914,-23.954,25.313,17.786,34.08
2212356763,-0.128,0.374,-0.928,-25.542,25.023,15.847,34.13
2212367549,-0.134,0.355,-0.924,-25.649,25.832,15.588,34.08
2212375840,-0.114,0.33,-0.927,-24.275,25.573,14.046,34.18
2212386559,-0.119,0.353,-0.923,-21.863,28.214,11.969,34.22
2212392127,-0.133,0.378,-0.904,-23.817,29.542,10.26,34.18
2212409328,-0.139,0.408,-0.891,-25.527,28.275,9.466,34.22
2212421135,-0.199,0.443,-0.912,-30.092,24.076,12.26,34.08
2212426607,-0.133,0.354,-0.904,-31.267,16.198,15.221,34.22
2212436945,-0.069,0.343,-0.938,-24.84,15.588,20.015,34.08
2212448935,-0.071,0.349,-0.922,-19.985,17.389,24.336,34.13
2212454819,-0.047,0.415,-0.893,-16.733,19.496,25.985,34.18
2212466396,0.014,0.411,-0.896,-14.336,25.527,22.015,34.22
2212475472,-0.065,0.504,-0.897,-14.305,30.214,17.145,34.18
2212487558,-0.114,0.514,-0.924,-18.595,29.099,12.351,34.13
2212497168,-0.095,0.479,-0.924,-21.954,25.481,8.962,34.08
2212504190,-0.124,0.464,-0.938,-23.16,22.611,9.481,34.22
2212520034,-0.074,0.424,-0.941,-22.885,17.985,13.13,34.22
2212525654,-0.087,0.425,-0.929,-20.107,17.649,16.687,34.08
2212536721,-0.058,0.463,-0.9,-18.702,13.664,20.504,34.13
2212547843,0.019,0.473,-0.939,-17.74,17.282,21.16,34.18
2212557117,0.047,0.465,-0.895,-14.916,21.969,19.237,34.13
2212567389,0.024,0.494,-0.913,-12.229,25.298,15.298,34.18
2212576763,0.013,0.487,-0.88,-10.58,27.634,11.176,34.13
2212589141,-0.009,0.499,-0.919,-10.84,28.824,9.786,34.08
2212593247,-0.03,0.454,-0.915,-11.099,27.008,9.13,34.13
2212604369,-0.0,0.432,-0.91,-8.076,25.481,9.267,34.08
2212616945,-0.041,0.435,-0.936,-6.214,26.336,11.298,34.13
2212628538,-0.022,0.42,-0.931,-5.756,24.947,12.794,34.08
2212636195,0.005,0.427,-0.921,-4.382,26.321,13.389,34.22
2212645508,0.002,0.453,-0.911,-3.328,26.489,12.427,34.08
2212655614,0.052,0.46,-0.9,-2.58,26.992,9.695,34.04
2212667166,0.07,0.481,-0.938,-2.55,29.649,7.008,33.99
2212682018,0.042,0.47,-0.905,-2.412,31.847,4.595,34.18
2212689639,0.038,0.461,-0.952,-3.45,32.565,5.023,34.13
2212696878,0.012,0.402,-0.928,-1.664,32.519,6.672,34.08
2212705929,0.009,0.414,-0.931,0.641,30.153,8.901,34.13
2212712979,0.018,0.437,-0.941,1.282,29.649,11.023,34.18
2212726486,0.017,0.445,-0.951,-0.031,27.924,11.954,34.13
2212736607,0.085,0.459,-0.915,1.664,27.893,9.13,34.18
2212747125,0.058,0.505,-0.954,0.489,30.336,8.092,34.04
2212758883,0.07,0.458,-0.945,-1.344,29.634,5.649,34.18
2212764379,0.065,0.455,-0.945,-1.634,29.42,5.038,34.22
2212778384,0.026,0.431,-0.958,-4.244,29.771,6.519,34.18
2212786552,0.009,0.396,-0.932,-4.412,27.664,8.58,34.22
2212797457,0.028,0.408,-0.928,-3.344,24.427,11.221,34.18
2212803155,0.112,0.383,-0.937,-2.947,24.321,12.641,34.13
2212814644,0.084,0.418,-0.925,1.45,25.053,12.366,34.18
2212827594,0.104,0.457,-0.942,0.046,25.527,11.634,34.18
2212841150,0.106,0.439,-0.937,-1.954,27.481,9.511,34.13
2212847192,0.05,0.432,-0.94,-3.847,30.137,8.84,34.18
2212859814,0.035,0.408,-0.921,-5.206,26.412,8.565,34.13
2212869118,0.035,0.414,-0.938,-5.435,23.71,10.305,34.08
2212876605,0.047,0.434,-0.921,-7.176,21.527,11.664,34.18
2212888049,0.089,0.465,-0.923,-9.267,19.191,12.672,34.08
2212897998,0.144,0.489,-0.919,-10.427,19.115,12.26,34.13
2212904367,0.161,0.476,-0.945,-9.771,20.656,10.58,34.08
2212916118,0.17,0.454,-0.942,-7.42,24.076,8.656,34.22
2212928213,0.133,0.51,-0.947,-7.45,25.435,7.176,34.18
2212938823,0.107,0.546,-0.961,-11.389,24.733,5.496,34.22
2212944415,0.092,0.546,-0.958,-17.511,22.824,4.824,34.18
2212955866,0.056,0.54,-0.984,-23.603,20.336,5.45,34.13
2212969492,0.085,0.475,-0.964,-27.038,16.565,4.55,34.08
2212976493,0.156,0.465,-0.953,-24.641,14.824,4.779,34.22
2212988350,0.191,0.466,-0.988,-22.641,17.634,6.427,34.22
2212999413,0.186,0.455,-0.983,-19.893,19.878,7.115,34.18
2213005384,0.191,0.469,-0.957,-19.237,23.298,7.282,34.22
2213012298,0.126,0.489,-0.972,-21.359,27.13,6.321,34.08
2213026701,0.035,0.471,-0.948,-24.885,25.679,5.45,34.18
2213041614,0.035,0.417,-0.903,-25.466,18.962,3.725,34.08
2213044799,0.137,0.388,-0.933,-22.702,16.336,1.847,34.22
2213059689,0.185,0.351,-0.909,-16.702,19.878,0.427,34.18
2213068823,0.187,0.428,-0.88,-11.389,23.832,1.053,34.13
2213076155,0.211,0.523,-0.861,-12.397,25.374,2.779,34.18
2213087289,0.284,0.52,-0.892,-16.702,30.153,3.344,34.13
2213097242,0.198,0.511,-0.885,-16.321,35.695,3.053,34.08
2213106403,0.17,0.497,-0.875,-15.71,32.214,2.443,34.22
2213113270,0.239,0.468,-0.887,-10.687,33.405,-0.427,34.08
2213127647,0.202,0.497,-0.9,-5.679,35.023,-0.076,34.13
2213140251,0.202,0.549,-0.898,-5.099,32.305,1.221,34.22
2213146703,0.216,0.586,-0.943,-8.55,30.763,2.687,34.18
2213159678,0.219,0.62,-0.914,-11.969,30.763,1.664,34.13
2213168913,0.191,0.665,-0.906,-17.802,28.595,1.679,34.18
2213176256,0.243,0.569,-0.936,-21.45,27.71,0.046,34.18
2213189877,0.238,0.508,-0.911,-19.16,28.794,0.092,34.18
2213198007,0.268,0.519,-0.891,-15.939,28.412,1.282,34.22
2213203993,0.316,0.525,-0.922,-12.748,30.0,1.359,34.27
2213214691,0.332,0.541,-0.918,-10.122,36.214,0.901,34.13
2213226893,0.259,0.587,-0.9,-11.42,38.0,1.282,34.18
2213240997,0.23,0.541,-0.935,-14.443,37.588,0.763,34.04
2213246591,0.163,0.525,-0.88,-17.008,35.603,2.153,34.08
2213255260,0.173,0.525,-0.886,-16.641,30.137,3.176,34.22
2213267160,0.251,0.507,-0.9,-16.794,26.351,5.099,34.08
2213273339,0.3,0.526,-0.888,-14.229,28.198,6.794,34.13
2213287597,0.327,0.583,-0.878,-14.0,32.26,7.42,34.22
2213299249,0.278,0.603,-0.905,-19.42,33.099,10.214,34.18
2213303798,0.276,0.599,-0.897,-22.595,32.611,10.824,34.13
2213315437,0.261,0.599,-0.892,-25.756,30.962,12.901,34.18
2213327567,0.287,0.585,-0.869,-25.771,28.931,13.74,34.18
2213337010,0.325,0.574,-0.879,-24.382,29.206,15.649,34.18
2213346779,0.346,0.538,-0.865,-22.626,30.229,16.458,34.13
2213356306,0.332,0.6,-0.851,-20.382,32.794,18.565,34.27
2213367915,0.314,0.642,-0.914,-25.924,34.641,20.687,34.13
2213373665,0.311,0.603,-0.904,-31.649,33.557,22.58,34.18
2213387071,0.31,0.587,-0.861,-30.702,32.901,23.802,34.04
2213400219,0.322,0.585,-0.883,-29.023,32.489,23.74,34.08
2213404695,0.339,0.562,-0.889,-29.863,32.977,24.076,34.13
2213415965,0.29,0.571,-0.856,-31.084,32.55,25.908,34.18
2213422817,0.307,0.606,-0.85,-32.718,29.145,27.603,34.13
2213437144,0.353,0.603,-0.856,-35.511,24.763,29.634,34.18
2213447133,0.335,0.559,-0.874,-36.458,22.947,32.229,34.18
2213456552,0.366,0.522,-0.857,-33.756,20.855,35.405,34.22
2213469950,0.416,0.524,-0.843,-30.244,24.458,34.947,34.18
2213475879,0.421,0.524,-0.832,-26.824,28.779,32.137,34.08
2213487852,0.355,0.553,-0.791,-23.252,30.931,29.053,34.18
2213498381,0.325,0.573,-0.776,-24.275,29.191,26.489,34.13
2213506465,0.349,0.523,-0.775,-25.603,24.855,25.069,34.08
2213516256,0.401,0.485,-0.765,-21.847,21.802,23.252,34.13
2213523086,0.459,0.512,-0.723,-15.695,22.748,22.092,34.18
2213538934,0.502,0.55,-0.778,-12.183,26.931,22.809,34.13
2213547267,0.517,0.536,-0.793,-12.992,32.611,20.336,34.08
2213555191,0.469,0.514,-0.731,-9.435,38.031,17.282,34.13
2213568935,0.486,0.552,-0.736,-5.023,40.962,12.122,34.18
2213577183,0.426,0.62,-0.716,-4.29,44.046,8.687,34.13
2213587171,0.407,0.655,-0.72,-7.099,38.351,10.031,34.18
2213595553,0.496,0.619,-0.764,-9.053,32.076,10.061,34.13
2213606668,0.509,0.609,-0.762,-8.351,33.603,10.626,34.18
2213617237,0.53,0.556,-0.735,-3.832,34.565,8.534,34.22
2213624234,0.553,0.6,-0.736,-1.298,37.038,6.382,34.08
2213641083,0.573,0.615,-0.721,-0.885,41.389,2.168,34.08
2213650145,0.535,0.616,-0.729,-0.214,43.053,-0.031,34.22
2213655975,0.5,0.604,-0.801,-1.557,42.122,-1.221,34.18
2213669283,0.566,0.587,-0.75,-3.893,39.053,-0.855,34.22
2213679593,0.548,0.536,-0.712,1.756,43.344,-6.718,34.08
2213682721,0.589,0.536,-0.759,2.046,42.336,-7.023,34.13
2213698359,0.535,0.622,-0.719,3.634,48.87,-8.275,34.08
2213708228,0.481,0.641,-0.744,-3.802,42.061,-4.183,34.04
2213714688,0.57,0.563,-0.706,-6.626,41.603,-4.473,34.18
2213726000,0.516,0.569,-0.687,0.092,45.863,-7.313,34.22
2213738002,0.635,0.58,-0.763,-1.618,40.351,-3.053,34.18
2213752640,0.707,0.548,-0.747,3.634,52.107,-6.504,34.13
2213754512,0.61,0.595,-0.736,10.809,56.855,-8.519,34.08
2213766366,0.648,0.634,-0.751,8.992,57.511,-7.74,34.22
2213777749,0.58,0.629,-0.774,6.137,59.969,-8.321,34.18
2213784158,0.577,0.605,-0.749,-0.489,52.229,-3.954,34.22
2213797840,0.644,0.553,-0.747,2.824,55.954,-6.962,34.18
2213809993,0.686,0.551,-0.748,4.168,55.359,-7.282,34.08
2213815899,0.868,0.502,-0.789,8.84,65.115,-13.328,34.22
2213820796,0.852,0.523,-0.797,15.191,79.878,-19.252,34.08
2213840878,0.668,0.618,-0.79,14.29,85.282,-21.206,34.13
2213851682,0.618,0.704,-0.755,3.588,77.527,-19.344,34.18
2213856952,0.6,0.658,-0.757,-6.626,73.115,-20.046,34.27
2213867362,0.54,0.596,-0.728,-13.985,67.771,-18.534,34.18
2213880955,0.568,0.539,-0.692,-17.603,60.122,-19.679,34.13
2213886700,0.666,0.505,-0.67,-15.298,56.519,-22.519,34.18
2213897363,0.661,0.56,-0.664,-12.672,58.336,-21.435,34.13
2213906176,0.647,0.578,-0.634,-12.733,55.481,-20.153,34.08
2213917239,0.629,0.579,-0.602,-13.099,50.901,-19.603,34.22
2213927107,0.616,0.575,-0.59,-11.13,50.29,-23.573,34.08
2213933968,0.485,0.613,-0.547,-13.221,46.55,-24.458,34.22
2213949871,0.536,0.584,-0.539,-16.58,39.863,-23.496,34.18
2213956595,0.567,0.554,-0.537,-16.595,34.305,-23.389,34.13
2213965726,0.58,0.531,-0.548,-14.687,30.687,-22.214,34.18
2213978472,0.601,0.509,-0.569,-11.893,28.382,-20.137,34.22
2213991018,0.596,0.52,-0.556,-8.824,27.542,-18.794,34.22
2213998374,0.553,0.558,-0.537,-6.076,24.901,-17.359,34.08
2214004819,0.531,0.579,-0.528,-5.023,19.588,-15.588,34.18
2214016000,0.592,0.602,-0.507,-4.397,15.328,-15.924,34.18
2214027141,0.607,0.631,-0.564,-3.435,13.603,-16.198,34.13
2214034060,0.596,0.668,-0.57,-5.863,8.901,-14.794,34.18
2214048363,0.643,0.656,-0.606,-8.321,4.397,-12.916,34.13
2214058593,0.666,0.649,-0.594,-8.397,4.076,-12.29,34.18
2214066729,0.66,0.649,-0.604,-6.885,5.084,-12.611,34.13
2214074416,0.667,0.655,-0.588,-6.092,4.29,-13.679,34.18
2214091279,0.658,0.657,-0.62,-6.29,3.954,-13.344,34.13
2214097029,0.689,0.639,-0.612,-5.481,3.664,-15.237,34.18
2214108005,0.658,0.648,-0.619,-4.595,3.206,-16.565,34.13
2214118844,0.627,0.65,-0.593,-4.641,1.496,-16.473,34.18
2214127182,0.608,0.711,-0.588,-7.863,-5.298,-14.824,34.13
2214134998,0.629,0.693,-0.594,-11.344,-10.244,-13.802,34.18
2214146952,0.717,0.675,-0.583,-13.313,-13.115,-13.298,34.04
2214160593,0.742,0.656,-0.603,-10.84,-8.0,-13.756,34.18
2214169117,0.726,0.625,-0.579,-5.588,-6.534,-15.954,34.18
2214175317,0.645,0.7,-0.614,-7.725,-6.901,-14.046,34.04
2214188576,0.678,0.672,-0.581,-9.374,-6.031,-12.931,34.18
2214199888,0.637,0.644,-0.533,-3.084,-6.611,-16.687,34.13
2214204951,0.529,0.687,-0.549,-1.267,-10.473,-17.588,34.18
2214219615,0.475,0.704,-0.55,-6.076,-19.878,-13.313,34.13
2214229087,0.546,0.684,-0.541,-8.779,-28.183,-10.366,34.18
2214235247,0.565,0.688,-0.565,-10.641,-33.313,-6.672,34.13
2214246590,0.614,0.656,-0.55,-9.725,-34.321,-4.092,34.18
2214258826,0.596,0.625,-0.552,-4.595,-32.397,-3.573,34.13
2214267473,0.583,0.626,-0.514,2.504,-32.031,-5.756,34.08
2214275359,0.552,0.658,-0.511,6.107,-34.397,-6.321,34.13
2214286510,0.546,0.699,-0.531,6.977,-35.069,-5.863,34.18
2214297346,0.489,0.697,-0.57,6.092,-39.344,-3.267,34.13
2214305811,0.502,0.689,-0.594,2.763,-46.122,-0.336,34.18
2214316990,0.526,0.672,-0.606,1.847,-50.244,3.435,34.18
2214325904,0.539,0.656,-0.624,2.87,-52.031,5.985,34.13
2214336453,0.604,0.64,-0.62,6.443,-50.458,6.382,34.18
2214342684,0.581,0.665,-0.626,10.015,-46.29,5.099,34.13
2214354983,0.567,0.656,-0.623,14.397,-44.366,1.267,34.18
2214367039,0.512,0.716,-0.639,11.664,-45.176,-1.115,34.22
2214377314,0.483,0.709,-0.704,6.504,-49.45,0.824,34.18
2214387589,0.516,0.661,-0.678,3.053,-53.344,2.824,34.13
2214397442,0.581,0.608,-0.707,6.443,-50.885,0.366,34.18
2214407135,0.618,0.602,-0.706,9.634,-44.183,-1.893,34.04
2214417075,0.646,0.599,-0.692,14.702,-36.305,-5.45,34.18
2214427592,0.597,0.653,-0.702,18.672,-29.221,-9.206,34.13
2214437439,0.541,0.677,-0.749,18.641,-25.939,-11.771,34.18
2214443615,0.514,0.653,-0.714,17.542,-27.145,-13.344,34.13
2214460480,0.498,0.651,-0.741,17.756,-28.519,-13.115,34.18
2214470082,0.506,0.594,-0.713,17.603,-28.763,-14.168,34.08
2214477961,0.512,0.578,-0.708,21.74,-26.183,-16.107,34.04
2214488544,0.503,0.585,-0.723,24.733,-23.725,-16.962,34.18
2214497503,0.503,0.578,-0.755,25.344,-21.664,-15.328,34.22
2214505773,0.492,0.59,-0.727,28.244,-19.282,-17.267,34.18
2214516650,0.458,0.617,-0.717,28.977,-20.718,-15.771,34.04
2214525216,0.471,0.612,-0.713,28.626,-20.305,-16.534,34.18
2214536629,0.437,0.615,-0.688,29.893,-20.595,-17.847,34.13
2214543298,0.446,0.603,-0.696,30.794,-23.557,-17.649,34.18
2214555598,0.495,0.575,-0.728,32.534,-22.656,-19.344,34.13
2214570156,0.398,0.585,-0.73,35.099,-21.13,-18.901,34.18
2214577908,0.337,0.607,-0.724,33.969,-28.412,-17.008,34.13
2214589237,0.367,0.624,-0.71,32.244,-35.206,-16.519,34.18
2214600895,0.364,0.634,-0.717,29.344,-40.519,-14.397,34.13
2214606799,0.379,0.586,-0.734,27.756,-44.916,-12.977,34.27
2214616901,0.39,0.581,-0.727,29.145,-47.74,-11.298,34.22
2214629457,0.374,0.574,-0.748,30.58,-48.718,-10.427,34.08
2214638160,0.369,0.587,-0.725,29.786,-51.863,-9.221,34.18
2214642684,0.396,0.602,-0.74,30.244,-55.328,-8.885,34.22
2214656186,0.367,0.607,-0.764,28.824,-57.542,-8.336,34.27
2214667818,0.334,0.592,-0.773,26.137,-62.107,-6.84,34.22
2214675164,0.34,0.539,-0.772,26.84,-68.687,-6.351,34.18
2214688783,0.4,0.506,-0.778,30.046,-68.458,-8.015,34.13
2214700735,0.369,0.548,-0.779,32.947,-67.863,-7.74,34.18
2214706186,0.323,0.557,-0.826,32.397,-69.053,-6.977,34.13
2214717395,0.286,0.534,-0.85,28.901,-71.053,-7.725,34.27
2214726419,0.221,0.518,-0.798,27.756,-76.0,-8.611,34.13
2214737451,0.235,0.567,-0.817,27.588,-79.237,-9.863,34.08
2214743292,0.259,0.563,-0.833,21.344,-83.939,-8.718,34.13
2214756032,0.321,0.51,-0.807,22.672,-82.962,-11.817,34.08
2214768396,0.357,0.49,-0.82,26.458,-79.588,-14.641,34.18
2214775062,0.371,0.509,-0.802,34.626,-76.122,-20.977,34.22
2214786710,0.297,0.55,-0.879,37.191,-71.496,-24.779,34.18
2214801961,0.263,0.535,-0.932,31.069,-72.748,-23.206,34.22
2214810254,0.211,0.474,-0.881,28.473,-73.115,-23.969,34.18
2214817147,0.102,0.485,-0.877,29.924,-76.092,-23.481,34.13
2214828562,0.175,0.409,-0.9,27.847,-75.863,-28.794,34.08
2214839808,0.051,0.442,-0.852,33.206,-74.779,-29.939,34.13
2214843565,0.049,0.48,-0.878,32.718,-82.656,-25.985,34.08
2214854655,0.085,0.443,-0.939,28.916,-86.962,-24.595,34.22
2214867280,0.145,0.424,-0.918,30.26,-85.206,-23.176,34.08
2214879984,0.167,0.418,-0.966,33.313,-84.656,-24.183,34.13
2214885775,0.199,0.4,-0.902,32.382,-76.824,-25.313,34.22
2214897801,0.165,0.42,-0.931,37.176,-69.511,-29.618,34.18
2214909051,0.052,0.414,-0.932,38.412,-64.641,-33.847,34.27
2214917021,-0.078,0.455,-0.901,37.496,-68.931,-34.58,34.18
2214925563,-0.09,0.427,-0.947,32.565,-77.099,-33.023,34.13
2214937411,-0.052,0.394,-0.906,30.015,-81.756,-31.71,34.18
2214947364,-0.025,0.373,-0.917,32.351,-83.908,-31.053,34.13
2214953968,0.031,0.342,-0.943,34.504,-81.115,-32.046,34.08
2214969888,0.07,0.287,-0.869,41.786,-76.748,-35.588,34.13
2214978562,0.059,0.354,-0.878,49.679,-69.481,-38.702,34.18
2214988051,0.015,0.42,-0.896,52.641,-64.198,-41.313,34.13
2214997042,-0.097,0.457,-0.86,49.328,-67.328,-41.237,34.18
2215007895,-0.113,0.436,-0.928,45.191,-73.496,-40.198,34.22
2215016959,-0.087,0.31,-0.936,41.786,-74.351,-41.603,34.08
2215025202,-0.128,0.237,-0.852,47.328,-74.809,-43.237,34.08
2215037116,-0.107,0.27,-0.874,54.84,-72.565,-43.145,34.13
2215047488,-0.164,0.295,-0.889,58.214,-70.977,-43.771,34.18
2215053271,-0.248,0.348,-0.868,57.588,-75.832,-38.947,34.18
2215064667,-0.283,0.348,-0.955,52.076,-82.611,-36.412,34.18
2215079996,-0.287,0.297,-0.831,47.069,-87.023,-35.679,34.13
2215086431,-0.24,0.3,-0.914,42.901,-91.969,-37.557,34.18
2215096246,-0.164,0.23,-0.898,42.366,-91.588,-40.382,34.22
2215108949,-0.167,0.218,-0.843,46.427,-85.557,-42.092,34.18
2215118423,-0.205,0.222,-0.841,53.74,-84.076,-44.397,34.13
2215129296,-0.251,0.244,-0.879,56.519,-83.237,-44.092,34.08
2215139031,-0.359,0.296,-0.849,52.824,-84.489,-41.527,34.13
2215146741,-0.37,0.275,-0.825,45.939,-95.634,-39.176,34.18
2215156662,-0.392,0.215,-0.879,41.237,-97.832,-39.023,34.13
2215163523,-0.398,0.159,-0.815,38.901,-100.107,-37.557,34.22
2215179894,-0.329,0.119,-0.799,42.656,-95.969,-38.763,34.18
2215186197,-0.334,0.115,-0.821,49.13,-89.557,-39.771,34.22
2215196200,-0.405,0.156,-0.835,52.015,-86.473,-38.931,34.27
2215208428,-0.497,0.173,-0.803,51.695,-91.878,-39.695,34.13
2215219060,-0.561,0.16,-0.908,47.557,-97.328,-38.321,34.27
2215225279,-0.59,0.136,-0.857,40.046,-102.443,-37.313,34.13
2215236433,-0.554,0.078,-0.829,38.29,-109.206,-38.824,34.18
2215249073,-0.492,0.056,-0.859,38.809,-105.695,-38.626,34.22
2215254849,-0.444,0.024,-0.816,42.947,-102.366,-40.901,34.08
2215267997,-0.457,0.025,-0.823,46.702,-92.641,-42.824,34.22
2215276063,-0.531,0.074,-0.834,50.244,-91.13,-45.13,34.18
2215286882,-0.657,0.145,-0.813,43.496,-92.382,-45.237,34.13
2215297399,-0.653,0.103,-0.784,38.397,-97.023,-43.603,34.13
2215309848,-0.635,0.057,-0.828,35.832,-99.481,-41.969,34.27
2215318780,-0.588,-0.029,-0.826,33.038,-99.71,-41.725,34.13
2215325114,-0.575,-0.058,-0.787,35.573,-97.008,-40.962,34.18
2215337980,-0.559,-0.093,-0.774,44.748,-91.038,-42.687,34.13
2215350269,-0.607,-0.037,-0.76,46.947,-86.992,-45.359,34.18
2215354432,-0.675,0.035,-0.73,45.069,-86.244,-47.496,34.22
2215365548,-0.751,0.014,-0.713,45.038,-88.275,-46.336,34.27
2215371362,-0.758,0.021,-0.7,40.763,-94.061,-45.145,34.22
2215388464,-0.719,0.011,-0.698,38.504,-98.58,-43.435,34.18
2215396333,-0.691,-0.035,-0.704,37.847,-96.427,-42.931,34.13
2215406522,-0.688,-0.108,-0.685,36.931,-95.74,-41.939,34.18
2215420482,-0.669,-0.136,-0.673,37.359,-93.282,-40.992,34.13
2215426853,-0.684,-0.134,-0.602,39.053,-96.015,-41.908,34.27
2215435039,-0.712,-0.102,-0.636,43.939,-92.061,-43.496,34.22
2215451751,-0.796,-0.063,-0.602,43.099,-92.733,-44.702,34.13
2215456754,-0.802,-0.071,-0.616,39.221,-95.145,-46.061,34.18
2215463560,-0.822,-0.079,-0.562,35.817,-99.115,-44.504,34.13
2215478814,-0.77,-0.145,-0.561,33.802,-101.908,-41.71,34.18
2215490321,-0.745,-0.186,-0.519,34.626,-100.321,-39.847,34.13
2215498121,-0.719,-0.203,-0.526,39.221,-100.763,-40.443,34.18
2215509238,-0.688,-0.221,-0.541,41.878,-98.046,-42.168,34.13
2215519504,-0.77,-0.168,-0.464,43.496,-94.473,-45.893,34.18
2215527029,-0.854,-0.147,-0.448,43.771,-97.847,-45.16,34.22
2215537433,-0.839,-0.164,-0.463,41.496,-97.435,-46.076,34.18
2215546252,-0.831,-0.156,-0.454,38.611,-98.748,-46.29,34.13
2215557504,-0.822,-0.229,-0.454,38.229,-93.878,-44.733,34.18
2215566147,-0.779,-0.316,-0.373,42.519,-91.618,-45.374,34.22
2215573020,-0.764,-0.326,-0.378,49.786,-86.931,-45.496,34.18
2215590146,-0.788,-0.26,-0.406,54.977,-83.023,-46.595,34.13
2215600424,-0.848,-0.216,-0.379,53.939,-84.107,-47.802,34.22
2215606008,-0.905,-0.186,-0.408,48.534,-85.71,-48.244,34.08
2215619929,-0.927,-0.174,-0.384,40.443,-87.344,-47.756,34.22
2215628816,-0.865,-0.262,-0.372,35.13,-88.168,-50.26,34.18
2215636682,-0.835,-0.342,-0.344,36.931,-82.397,-50.992,34.13
2215647652,-0.829,-0.39,-0.34,38.718,-79.313,-50.305,34.08
2215653293,-0.956,-0.298,-0.366,39.282,-83.939,-73.008,34.22
2215664837,-0.916,-0.326,-0.294,42.916,-91.695,-68.901,34.18
2215675875,-0.862,-0.306,-0.291,40.0,-91.237,-62.763,34.13
2215686660,-0.839,-0.311,-0.292,36.748,-83.573,-50.931,34.18
2215698178,-0.86,-0.277,-0.26,32.458,-77.893,-48.214,34.13
2215706571,-0.863,-0.314,-0.226,31.038,-76.489,-40.122,34.08
2215714834,-0.841,-0.323,-0.206,34.0,-70.092,-35.618,34.13
2215729899,-0.846,-0.354,-0.197,33.634,-66.489,-37.664,34.18
2215737021,-0.896,-0.41,-0.17,34.962,-66.992,-38.168,34.08
2215748451,-0.888,-0.415,-0.124,38.336,-68.687,-36.427,34.13
2215758388,-0.849,-0.364,-0.121,41.74,-68.183,-36.061,34.18
2215767177,-0.862,-0.338,-0.146,39.328,-70.061,-40.122,34.22
2215774017,-0.855,-0.344,-0.126,35.282,-69.374,-38.29,34.18
2215786815,-0.869,-0.373,-0.086,32.733,-68.489,-38.336,34.22
2215795867,-0.857,-0.388,-0.087,31.985,-66.504,-36.718,34.18
2215805987,-0.865,-0.388,-0.073,30.489,-64.244,-33.618,34.13
2215818971,-0.88,-0.389,-0.074,28.656,-65.008,-29.817,34.08
2215830732,-0.875,-0.407,-0.022,31.863,-66.366,-26.489,34.22
2215837188,-0.823,-0.386,-0.013,26.702,-66.305,-20.733,34.18
2215847842,-0.831,-0.357,-0.048,26.122,-70.504,-21.618,34.13
2215855543,-0.774,-0.432,0.004,25.618,-63.374,-18.153,34.18
2215865361,-0.775,-0.483,0.045,32.0,-58.26,-20.321,34.13
2215877147,-0.796,-0.453,0.064,35.389,-55.618,-22.458,34.08
2215888889,-0.831,-0.458,0.016,37.145,-55.344,-18.885,34.22
2215900882,-0.803,-0.446,0.034,36.427,-56.336,-18.397,34.22
2215909646,-0.792,-0.406,0.05,31.969,-55.42,-19.664,34.08
2215925669,-0.814,-0.375,0.02,23.573,-54.885,-18.641,34.13
2215932673,-0.824,-0.384,0.047,14.885,-57.023,-14.595,34.18
2215935294,-0.782,-0.434,0.075,10.885,-56.382,-13.389,34.13
2215946171,-0.74,-0.458,0.117,10.473,-48.55,-13.908,34.08
2215957330,-0.754,-0.453,0.144,11.863,-47.069,-13.802,34.13
2215965933,-0.783,-0.459,0.102,12.595,-45.924,-11.298,34.18
2215976023,-0.737,-0.494,0.145,19.145,-41.786,-11.557,34.22
2215983618,-0.749,-0.451,0.111,18.198,-39.679,-16.412,34.08
2215997944,-0.781,-0.422,0.091,15.221,-35.679,-15.359,34.13
2216006959,-0.803,-0.388,0.064,8.87,-38.992,-18.336,34.18
2216017309,-0.763,-0.429,0.087,5.695,-31.496,-9.939,34.13
2216027412,-0.722,-0.464,0.109,6.824,-26.351,-9.908,34.18
2216034518,-0.698,-0.495,0.132,9.786,-17.786,-9.45,34.13
2216046220,-0.681,-0.519,0.129,18.153,-5.099,-13.71,34.13
2216058247,-0.723,-0.482,0.073,21.634,1.13,-18.168,34.08
2216066537,-0.795,-0.429,0.076,18.366,3.099,-17.038,34.13
2216075665,-0.819,-0.393,0.09,14.962,0.046,-12.183,34.08
2216082693,-0.729,-0.427,0.127,12.885,1.221,-10.962,34.13
2216099642,-0.708,-0.428,0.151,13.206,6.779,-12.656,34.08
2216109838,-0.77,-0.4,0.17,13.908,11.573,-11.206,34.22
2216115714,-0.797,-0.406,0.165,13.924,10.992,-7.16,34.18
2216128540,-0.738,-0.404,0.198,12.779,12.962,-5.542,34.22
2216137666,-0.726,-0.415,0.205,15.542,17.069,-5.267,34.18
2216148341,-0.747,-0.445,0.185,17.389,20.321,-5.954,34.13
2216157162,-0.777,-0.447,0.168,16.366,18.931,-3.42,34.08
2216167629,-0.761,-0.443,0.187,14.412,13.359,0.565,34.13
2216176115,-0.712,-0.424,0.197,13.588,11.45,1.893,34.08
2216183195,-0.678,-0.442,0.206,13.099,11.313,0.183,34.08
2216199911,-0.7,-0.418,0.213,13.252,10.489,-0.412,34.22
2216206548,-0.729,-0.425,0.194,11.725,8.885,0.55,34.18
2216217260,-0.722,-0.452,0.199,10.931,8.0,0.687,34.22
2216228687,-0.717,-0.48,0.186,11.588,6.519,1.16,34.08
2216234258,-0.722,-0.503,0.167,11.389,6.168,0.382,34.13
2216248996,-0.735,-0.488,0.146,12.412,4.58,-0.046,34.18
2216257400,-0.728,-0.475,0.17,10.84,0.763,-0.901,34.13
2216267548,-0.722,-0.444,0.177,8.489,-1.817,-1.588,34.08
2216272950,-0.716,-0.424,0.172,6.275,-3.695,-0.916,34.13
2216284395,-0.691,-0.431,0.19,3.252,-3.832,-1.221,34.18
2216296889,-0.693,-0.447,0.198,1.908,-3.649,-1.618,34.04
2216307417,-0.698,-0.458,0.213,2.305,-2.412,-2.153,34.18
2216317359,-0.685,-0.464,0.218,3.969,-0.641,-2.718,34.13
2216328782,-0.677,-0.477,0.198,4.977,0.427,-3.511,34.27
2216338433,-0.703,-0.481,0.186,6.824,2.229,-4.275,34.22
2216344076,-0.715,-0.46,0.169,6.534,1.634,-3.557,34.13
2216358144,-0.701,-0.449,0.173,5.939,1.603,-4.779,34.18
2216369399,-0.723,-0.438,0.182,3.405,-1.71,-3.511,34.13
2216374684,-0.671,-0.441,0.206,4.244,0.763,-5.527,34.18
2216386170,-0.7,-0.435,0.189,5.313,2.519,-6.84,34.13
2216396266,-0.725,-0.441,0.185,5.053,3.282,-7.13,34.18
2216407161,-0.73,-0.447,0.183,3.13,2.092,-6.0,34.13
2216413693,-0.76,-0.429,0.165,-0.183,-0.107,-2.794,34.18
2216429246,-0.685,-0.459,0.175,-0.122,3.863,-4.382,34.13
2216438420,-0.682,-0.433,0.197,0.198,6.55,-6.321,34.18
2216446504,-0.722,-0.389,0.213,-1.634,5.603,-6.55,34.04
2216458119,-0.719,-0.393,0.201,-0.107,7.42,-5.817,34.18
2216470201,-0.732,-0.383,0.182,0.412,7.13,-4.947,34.04
2216475303,-0.702,-0.418,0.194,-0.031,10.321,-4.885,34.27
2216482189,-0.701,-0.462,0.163,-0.977,14.611,-6.031,34.08
2216495387,-0.784,-0.418,0.178,-2.748,9.908,-3.527,34.13
2216507361,-0.729,-0.44,0.205,-3.221,9.588,-0.916,34.08
2216516592,-0.764,-0.454,0.189,-2.031,11.649,-1.435,34.13
2216529529,-0.789,-0.44,0.189,-2.687,10.198,-0.214,34.18
2216540136,-0.796,-0.454,0.216,-4.26,6.931,2.107,34.13
2216546245,-0.771,-0.459,0.218,-3.939,6.29,3.786,34.08
2216558315,-0.731,-0.471,0.226,-3.191,6.733,3.618,34.04
2216568068,-0.729,-0.485,0.219,-1.634,7.527,3.023,34.18
2216576686,-0.738,-0.47,0.2,-1.634,7.725,2.718,34.13
2216583791,-0.747,-0.454,0.179,-2.473,6.366,3.695,34.18
2216596233,-0.752,-0.437,0.189,-4.275,4.366,4.504,34.22
2216607303,-0.739,-0.435,0.181,-5.557,2.229,5.298,34.08
2216616861,-0.736,-0.425,0.174,-8.321,0.855,6.366,34.18
2216625207,-0.714,-0.432,0.207,-8.641,-0.565,7.359,34.18
2216635372,-0.675,-0.448,0.191,-7.344,1.573,5.069,34.18
2216648863,-0.688,-0.438,0.187,-7.252,3.939,3.71,34.13
2216658026,-0.716,-0.433,0.193,-7.481,2.763,3.832,34.08
2216668412,-0.71,-0.425,0.176,-7.45,2.015,3.695,34.22
2216674220,-0.721,-0.422,0.182,-7.985,0.321,4.198,34.08
2216685412,-0.724,-0.426,0.185,-8.382,-0.336,4.534,34.13
2216702132,-0.707,-0.442,0.173,-9.557,-0.229,3.679,34.18
2216708556,-0.724,-0.432,0.174,-10.137,-0.443,3.176,34.13
2216716823,-0.729,-0.431,0.193,-11.634,-1.863,3.618,34.08
2216725427,-0.698,-0.451,0.195,-11.496,-2.611,2.962,34.13
2216739804,-0.692,-0.45,0.211,-9.908,-1.344,1.405,34.18
2216747023,-0.705,-0.452,0.186,-9.16,-1.084,0.489,34.04
2216757156,-0.711,-0.447,0.19,-9.954,-0.443,-0.458,34.18
2216768896,-0.723,-0.449,0.193,-9.771,-0.55,0.183,34.18
2216775087,-0.731,-0.459,0.195,-8.733,-1.649,0.382,34.08
2216786117,-0.712,-0.453,0.21,-8.046,-1.206,-0.305,34.18
2216799044,-0.717,-0.448,0.22,-6.687,-1.252,-0.779,34.04
2216810593,-0.713,-0.454,0.231,-5.237,-0.809,-1.267,34.18
2216816191,-0.692,-0.455,0.211,-3.695,-0.015,-2.641,34.13
2216827081,-0.71,-0.448,0.208,-2.977,1.252,-3.252,34.08
2216839271,-0.722,-0.451,0.201,-2.641,1.588,-2.748,34.13
2216844964,-0.719,-0.442,0.199,-1.802,1.725,-2.962,34.18
2216856286,-0.733,-0.432,0.191,-1.695,1.878,-3.038,34.13
2216864308,-0.73,-0.434,0.191,-2.244,0.779,-2.321,34.18
2216875472,-0.72,-0.445,0.183,-2.855,-0.107,-2.321,34.04
2216886963,-0.719,-0.445,0.192,-3.115,-0.031,-2.076,34.18
2216893667,-0.7,-0.445,0.205,-2.366,-0.137,-2.244,34.22
2216912166,-0.7,-0.439,0.21,-1.496,1.45,-2.366,34.18
2216918907,-0.697,-0.447,0.204,-0.504,2.702,-3.298,34.22
2216925433,-0.705,-0.438,0.206,-0.29,3.74,-3.344,34.18
2216941865,-0.71,-0.444,0.192,0.656,3.481,-3.557,34.18
2216947127,-0.727,-0.438,0.193,-0.137,3.756,-3.359,34.04
2216957203,-0.73,-0.445,0.204,-0.779,3.099,-2.58,34.18
2216966789,-0.728,-0.449,0.21,-1.924,2.824,-2.672,34.13
2216977248,-0.729,-0.445,0.206,-1.511,2.87,-2.733,34.18
2216982960,-0.708,-0.451,0.221,-0.702,3.557,-3.145,34.13
2216996938,-0.68,-0.467,0.224,0.824,5.374,-4.015,34.08
2217010284,-0.706,-0.448,0.213,2.565,7.359,-4.458,34.13
2217016024,-0.729,-0.445,0.201,2.55,7.008,-3.74,34.18
2217027436,-0.721,-0.434,0.186,2.076,7.13,-3.405,34.13
2217038875,-0.718,-0.436,0.185,1.634,7.435,-3.145,34.18
2217047201,-0.725,-0.427,0.182,0.931,7.924,-3.282,34.13
2217054543,-0.736,-0.448,0.177,-0.076,8.397,-3.115,34.18
2217066276,-0.734,-0.434,0.175,-1.74,8.153,-2.748,34.13
2217076091,-0.736,-0.439,0.18,-2.366,8.198,-2.183,34.18
2217084419,-0.719,-0.453,0.2,-2.55,8.489,-1.878,34.13
2217097605,-0.707,-0.46,0.17,-2.168,9.145,-1.954,34.13
2217111064,-0.717,-0.438,0.154,-4.336,9.786,-2.168,34.08
2217120777,-0.716,-0.471,0.184,-4.55,9.847,-1.511,34.13
2217125215,-0.734,-0.458,0.183,-2.947,10.244,-0.183,34.18
2217140903,-0.733,-0.442,0.145,-3.863,14.427,1.023,34.13
2217149439,-0.736,-0.448,0.215,-4.092,15.435,4.107,34.18
2217156321,-0.717,-0.411,0.243,-4.183,19.008,1.618,34.13
2217167417,-0.758,-0.434,0.227,1.74,20.122,1.603,34.08
2217180002,-0.757,-0.417,0.169,4.962,17.313,3.298,34.13
2217185629,-0.787,-0.416,0.16,-0.092,13.466,6.947,34.18
2217192691,-0.745,-0.422,0.151,-1.74,11.649,6.534,34.13
2217206139,-0.722,-0.44,0.158,0.519,13.221,6.87,34.18
2217220445,-0.737,-0.43,0.148,-1.603,15.038,5.466,34.13
2217226845,-0.743,-0.448,0.15,0.076,16.534,7.679,34.18
2217238386,-0.708,-0.45,0.11,-2.137,20.321,5.756,34.13
2217247928,-0.766,-0.454,0.158,-1.649,20.443,8.397,34.13
2217258299,-0.776,-0.399,0.15,-2.595,18.641,9.863,34.18
2217267259,-0.757,-0.418,0.174,-4.458,17.359,11.588,34.13
2217276623,-0.728,-0.425,0.149,-4.58,16.489,9.496,34.08
2217286849,-0.754,-0.41,0.124,-5.481,17.13,9.511,34.13
2217293986,-0.765,-0.419,0.116,-8.321,15.45,9.389,34.08
2217310770,-0.75,-0.442,0.122,-8.977,14.916,10.977,34.04
2217320263,-0.701,-0.455,0.101,-9.802,16.931,8.656,34.27
2217326210,-0.735,-0.443,0.131,-7.679,19.435,8.214,34.13
2217338523,-0.767,-0.409,0.12,-8.672,18.718,7.466,34.18
2217347897,-0.761,-0.419,0.113,-10.198,17.863,7.924,34.13
2217359114,-0.738,-0.416,0.101,-12.168,18.84,7.786,34.08
2217367534,-0.749,-0.421,0.088,-12.748,19.069,6.87,34.13
2217376610,-0.749,-0.422,0.09,-12.977,20.687,7.206,34.18
2217383276,-0.743,-0.434,0.09,-11.664,22.58,6.58,33.99
2217394443,-0.748,-0.443,0.066,-11.252,22.137,6.901,34.22
2217410603,-0.73,-0.453,0.083,-10.061,25.099,7.206,34.18
2217417131,-0.761,-0.426,0.058,-11.725,25.374,4.504,34.13
2217427307,-0.758,-0.42,0.106,-13.191,22.626,5.634,34.08
2217435183,-0.76,-0.394,0.073,-12.351,22.107,7.878,34.22
2217445874,-0.74,-0.411,0.055,-15.16,23.924,4.214,34.18
2217456968,-0.741,-0.441,0.09,-11.527,24.779,3.954,34.22
2217468229,-0.753,-0.422,0.075,-9.099,27.863,3.053,34.18
2217477631,-0.768,-0.412,0.074,-11.344,26.687,2.733,34.22
2217483617,-0.762,-0.412,0.069,-11.939,26.015,4.443,34.18
2217495006,-0.757,-0.417,0.046,-10.046,29.695,5.206,34.13
2217507270,-0.775,-0.392,0.032,-11.969,28.809,4.595,34.22
2217518363,-0.782,-0.394,0.043,-15.481,30.275,4.626,34.08
2217526556,-0.76,-0.409,0.061,-14.443,32.84,4.656,34.18
2217535438,-0.796,-0.376,0.032,-14.046,35.466,6.198,34.18
2217546754,-0.794,-0.385,0.024,-15.374,35.038,7.405,34.13
2217557131,-0.801,-0.405,0.025,-12.763,34.733,10.321,34.18
2217566513,-0.824,-0.383,-0.028,-13.221,32.656,13.252,34.13
2217578833,-0.807,-0.323,-0.038,-18.336,29.985,14.87,34.18
2217583534,-0.764,-0.33,0.008,-18.718,29.74,15.191,34.13
2217594423,-0.79,-0.337,-0.045,-19.878,32.183,15.893,34.18
2217607472,-0.811,-0.356,-0.037,-18.565,34.534,17.725,34.13
2217618366,-0.823,-0.334,-0.038,-18.947,34.84,17.374,34.08
2217626485,-0.869,-0.333,-0.034,-20.794,32.779,19.405,34.18
2217637889,-0.835,-0.356,-0.014,-22.29,30.931,20.733,34.13
2217650227,-0.812,-0.39,-0.027,-22.153,29.695,20.87,34.18
2217656407,-0.802,-0.394,0.002,-22.137,29.664,21.16,34.13
2217668738,-0.806,-0.392,-0.022,-21.481,29.679,21.13,34.18
2217678417,-0.778,-0.407,-0.031,-20.931,28.534,20.336,34.13
2217686622,-0.78,-0.406,-0.045,-19.008,26.931,18.947,34.18
2217693195,-0.796,-0.381,-0.021,-17.466,29.679,18.183,34.13
2217706715,-0.78,-0.427,-0.03,-17.023,32.046,17.74,34.18
2217718180,-0.773,-0.395,-0.018,-16.656,35.053,16.565,34.13
2217724616,-0.81,-0.381,-0.049,-14.626,36.015,16.595,34.18
2217736159,-0.807,-0.37,-0.068,-17.069,36.473,14.656,34.13
2217746709,-0.807,-0.378,-0.096,-17.328,37.008,13.435,34.18
2217755677,-0.822,-0.385,-0.117,-16.901,37.145,11.145,34.22
2217768500,-0.827,-0.362,-0.118,-16.641,37.878,11.099,34.13
2217779702,-0.79,-0.377,-0.093,-16.504,38.122,10.015,34.18
2217785716,-0.762,-0.364,-0.106,-14.733,39.008,8.55,34.13
2217792215,-0.773,-0.342,-0.126,-15.496,41.985,9.176,34.18
2217808936,-0.772,-0.342,-0.139,-15.496,44.275,8.534,34.22
2217820025,-0.783,-0.343,-0.149,-15.649,46.687,8.0,34.08
2217825364,-0.805,-0.336,-0.158,-16.076,48.122,7.038,34.13
2217836114,-0.796,-0.342,-0.164,-16.458,48.962,7.053,34.08
2217848291,-0.825,-0.329,-0.175,-15.985,48.977,7.313,34.13
2217856554,-0.856,-0.321,-0.173,-15.313,50.595,8.046,34.27
2217868669,-0.833,-0.338,-0.172,-14.641,49.328,7.985,34.13
2217876752,-0.814,-0.339,-0.183,-11.725,47.71,8.84,34.18
2217885512,-0.804,-0.283,-0.205,-12.702,50.321,8.305,34.04
2217897009,-0.809,-0.261,-0.205,-12.443,54.198,7.847,34.18
2217903764,-0.832,-0.283,-0.223,-13.511,54.137,10.26,34.18
2217917690,-0.803,-0.286,-0.225,-14.641,53.557,9.847,34.22
2217923757,-0.828,-0.272,-0.232,-13.939,56.58,9.435,34.27
2217937095,-0.849,-0.29,-0.27,-14.748,53.817,11.176,34.22
2217949909,-0.816,-0.3,-0.245,-15.267,53.313,11.893,34.18
2217954943,-0.822,-0.308,-0.266,-11.939,55.695,12.519,34.22
2217967029,-0.835,-0.286,-0.284,-10.794,56.962,14.275,34.18
2217977551,-0.845,-0.283,-0.298,-12.779,55.618,15.496,34.13
2217985640,-0.82,-0.26,-0.276,-14.718,54.458,14.763,34.18
2217995762,-0.827,-0.272,-0.319,-14.076,55.099,14.504,34.22
2218004367,-0.815,-0.297,-0.339,-16.031,56.916,15.603,34.18
2218018155,-0.824,-0.312,-0.294,-13.099,57.466,14.931,34.22
2218027070,-0.817,-0.284,-0.314,-10.611,54.748,13.969,34.18
2218034390,-0.759,-0.296,-0.363,-10.122,52.321,13.038,34.13
2218051382,-0.717,-0.318,-0.351,-8.351,55.481,12.336,34.18
2218057363,-0.759,-0.31,-0.35,-9.115,55.191,13.099,34.08
2218067627,-0.757,-0.305,-0.384,-8.87,56.122,12.122,34.13
2218076885,-0.702,-0.31,-0.364,-10.321,60.931,8.748,34.08
2218087041,-0.835,-0.27,-0.406,-11.435,62.885,9.603,34.22
2218094846,-0.773,-0.308,-0.375,-14.275,58.794,9.496,34.08
2218107740,-0.772,-0.316,-0.371,-12.137,59.374,7.634,34.13
2218115855,-0.769,-0.307,-0.379,-12.809,58.763,5.359,34.18
2218126192,-0.757,-0.344,-0.415,-13.496,56.0,5.832,34.22
2218136608,-0.75,-0.384,-0.408,-10.366,61.573,3.756,34.08
2218149646,-0.765,-0.371,-0.424,-9.618,60.656,1.634,34.13
2218158136,-0.818,-0.264,-0.434,-11.282,63.863,3.649,34.18
2218166283,-0.801,-0.261,-0.451,-15.053,60.595,6.0,34.13
2218179039,-0.688,-0.287,-0.427,-14.046,60.687,4.84,34.08
2218189770,-0.68,-0.257,-0.426,-11.16,61.176,4.382,34.18
2218194850,-0.677,-0.241,-0.465,-9.435,61.13,2.763,34.08
2218206717,-0.691,-0.244,-0.455,-11.466,59.527,2.504,34.18
2218216564,-0.676,-0.244,-0.485,-10.656,58.137,1.557,34.13
2218231331,-0.683,-0.235,-0.507,-11.237,58.504,0.718,34.08
2218233549,-0.708,-0.226,-0.497,-9.206,58.55,-0.305,34.13
2218249565,-0.756,-0.191,-0.559,-14.168,54.992,1.771,34.08
2218259202,-0.76,-0.234,-0.51,-19.298,53.298,5.115,34.13
2218264847,-0.723,-0.252,-0.47,-18.244,52.702,5.435,34.18
2218276033,-0.757,-0.167,-0.537,-19.863,49.176,6.412,34.13
2218288312,-0.709,-0.231,-0.554,-20.931,42.061,7.542,34.08
2218294546,-0.664,-0.249,-0.537,-18.794,39.817,8.061,34.04
2218306112,-0.691,-0.192,-0.586,-19.527,42.611,7.511,34.08
2218316566,-0.696,-0.205,-0.554,-20.015,37.206,8.718,34.22
2218328363,-0.66,-0.214,-0.567,-21.053,39.863,10.656,34.18
2218336913,-0.728,-0.2,-0.58,-21.817,39.252,12.427,34.22
2218346301,-0.699,-0.208,-0.565,-25.13,36.733,16.244,34.27
2218360127,-0.699,-0.192,-0.578,-25.527,34.473,18.351,34.18
2218363561,-0.713,-0.165,-0.597,-26.198,31.618,18.992,34.04
2218376909,-0.679,-0.168,-0.599,-27.985,27.099,18.809,34.27
2218389280,-0.66,-0.198,-0.622,-26.977,24.901,19.695,34.04
2218393495,-0.658,-0.198,-0.62,-26.412,23.542,19.893,34.27
2218405016,-0.66,-0.191,-0.635,-28.168,21.847,19.893,34.13
2218417346,-0.657,-0.159,-0.631,-31.023,18.947,21.573,34.18
2218428518,-0.624,-0.142,-0.615,-32.748,18.137,20.687,34.13
2218436301,-0.599,-0.155,-0.619,-32.397,17.374,20.458,34.18
2218444924,-0.588,-0.197,-0.602,-30.229,18.641,19.435,34.22
2218456435,-0.603,-0.2,-0.608,-26.794,19.298,18.366,34.18
2218466228,-0.603,-0.236,-0.618,-21.298,16.29,14.931,34.22
2218478000,-0.625,-0.184,-0.63,-23.725,18.031,15.725,34.13
2218488059,-0.612,-0.208,-0.61,-22.076,17.16,14.275,34.27
2218497173,-0.582,-0.175,-0.593,-19.893,16.107,13.435,34.18
2218503892,-0.598,-0.143,-0.631,-18.229,17.802,11.298,34.08
2218520197,-0.592,-0.187,-0.603,-20.504,17.557,9.664,34.13
2218530417,-0.631,-0.179,-0.613,-17.847,17.695,6.809,34.18
2218535846,-0.625,-0.194,-0.614,-16.595,16.427,4.656,34.13
2218548468,-0.615,-0.207,-0.62,-18.183,15.786,4.962,34.08
2218554763,-0.637,-0.182,-0.614,-15.603,14.901,4.412,34.22
2218565925,-0.604,-0.154,-0.617,-14.702,13.099,2.687,34.08
2218577464,-0.576,-0.162,-0.604,-12.55,13.664,1.71,34.22
2218588958,-0.616,-0.151,-0.625,-11.481,14.443,1.282,34.08
2218596384,-0.648,-0.153,-0.65,-11.237,14.122,0.443,34.08
2218602960,-0.636,-0.145,-0.625,-11.481,13.237,-1.069,34.13
2218616741,-0.631,-0.121,-0.646,-12.321,12.901,-2.519,34.18
2218628671,-0.635,-0.095,-0.662,-13.771,11.832,-2.763,34.13
2218634407,-0.635,-0.129,-0.657,-15.634,10.55,-2.229,34.18
2218646405,-0.604,-0.144,-0.644,-12.198,10.366,-3.328,34.22
2218660446,-0.599,-0.131,-0.671,-11.176,10.702,-1.634,34.18
2218667274,-0.615,-0.144,-0.668,-9.725,11.939,-2.183,34.04
2218677220,-0.634,-0.1,-0.689,-8.519,6.519,-4.015,34.18
2218690573,-0.686,-0.095,-0.699,-12.87,11.176,-2.336,34.13
2218695790,-0.69,-0.106,-0.708,-14.427,10.901,-1.084,34.18
2218702209,-0.672,-0.13,-0.697,-17.771,9.588,0.672,34.13
2218718679,-0.696,-0.119,-0.719,-19.16,7.252,3.878,34.18
2218728214,-0.66,-0.096,-0.699,-20.733,4.412,4.702,34.08
2218736235,-0.617,-0.084,-0.725,-19.969,3.618,5.405,34.13
2218747137,-0.601,-0.081,-0.712,-19.237,5.023,5.389,34.18
2218757392,-0.599,-0.067,-0.727,-20.198,5.847,5.618,34.13
2218764919,-0.608,-0.068,-0.741,-22.046,7.435,5.71,34.18
2218777216,-0.615,-0.101,-0.732,-22.656,9.328,5.298,34.22
2218787614,-0.67,-0.08,-0.745,-22.656,10.382,6.962,34.18
2218796907,-0.68,-0.076,-0.715,-23.756,7.603,8.244,34.22
2218802199,-0.658,-0.08,-0.732,-24.595,5.634,10.702,34.18
2218814941,-0.637,-0.094,-0.718,-23.771,4.824,12.947,34.13
2218827169,-0.616,-0.061,-0.705,-21.878,6.0,13.023,34.18
2218837442,-0.611,-0.014,-0.739,-23.511,8.504,13.298,34.04
2218848452,-0.587,-0.062,-0.725,-24.26,12.046,12.26,34.13
2218857727,-0.623,-0.046,-0.729,-23.023,15.878,10.763,34.08
2218866162,-0.652,-0.045,-0.726,-24.397,16.0,10.641,34.18
2218876445,-0.645,-0.04,-0.745,-24.137,16.473,9.863,34.18
2218885632,-0.688,-0.044,-0.743,-24.595,16.076,12.626,34.22
2218895748,-0.645,-0.079,-0.705,-24.046,11.924,12.962,34.08
2218906693,-0.615,-0.075,-0.722,-24.443,15.221,15.374,34.13
2218914578,-0.626,-0.088,-0.739,-20.687,18.046,15.466,34.18
2218927427,-0.635,-0.033,-0.741,-25.313,19.42,17.206,34.13
2218937265,-0.633,-0.025,-0.725,-23.588,19.374,17.771,34.18
2218947331,-0.592,-0.007,-0.713,-23.13,18.931,15.267,34.22
2218958298,-0.617,0.018,-0.796,-19.679,21.771,14.611,34.18
2218963082,-0.613,-0.027,-0.782,-22.779,22.351,15.038,34.22
2218977427,-0.634,-0.05,-0.73,-23.511,19.832,18.244,34.13
2218989495,-0.612,-0.015,-0.757,-23.695,19.45,19.45,34.18
2218993952,-0.6,0.0,-0.738,-24.824,20.443,19.863,34.13
2219005516,-0.571,-0.013,-0.734,-23.679,20.321,18.397,34.08
2219019206,-0.585,-0.003,-0.775,-20.916,23.13,17.557,34.08
2219029927,-0.603,-0.05,-0.744,-18.0,22.794,16.565,34.08
2219037453,-0.616,-0.052,-0.733,-12.931,21.176,14.641,34.13
2219044172,-0.593,-0.045,-0.744,-16.718,23.237,16.779,34.18
2219057552,-0.593,-0.054,-0.709,-11.939,25.435,16.901,34.13
2219066836,-0.518,-0.043,-0.725,-10.26,27.298,14.565,34.18
2219077732,-0.485,-0.041,-0.727,-4.702,33.023,9.985,34.13
2219088101,-0.487,0.009,-0.752,-1.237,38.092,4.412,34.18
2219097240,-0.513,0.03,-0.769,-0.489,41.893,0.107,34.22
2219104960,-0.514,0.024,-0.792,-1.618,46.214,-3.206,34.22
2219117110,-0.512,-0.052,-0.761,0.183,47.084,-2.87,34.18
2219128911,-0.534,-0.014,-0.781,3.649,49.832,-2.031,34.22
2219138511,-0.548,0.003,-0.777,4.153,49.527,-1.893,34.08
2219149351,-0.521,0.029,-0.774,6.061,48.26,-4.061,34.13
2219158267,-0.51,0.068,-0.805,5.863,46.55,-5.802,34.18
2219166656,-0.457,0.031,-0.82,8.29,46.473,-8.473,34.13
2219178131,-0.473,0.062,-0.817,10.412,49.771,-11.282,34.18
2219187464,-0.552,0.109,-0.873,5.939,49.206,-9.679,34.04
2219197763,-0.502,0.042,-0.814,0.26,48.55,-6.855,34.08
2219205616,-0.53,0.019,-0.813,0.702,49.267,-5.267,34.22
2219212686,-0.573,0.048,-0.854,1.557,46.55,-1.328,34.18
2219231126,-0.535,0.017,-0.852,0.458,43.588,1.969,34.13
2219239408,-0.509,0.042,-0.815,-0.015,39.527,3.939,34.18
2219245635,-0.44,0.096,-0.861,2.229,42.473,0.275,34.08
2219257966,-0.483,0.115,-0.917,-3.527,38.916,5.16,34.22
2219268078,-0.454,0.07,-0.872,-6.779,40.29,7.557,34.18
2219278322,-0.45,0.104,-0.894,-10.519,40.015,7.618,34.22
2219286689,-0.505,0.036,-0.894,-11.191,40.244,10.397,34.18
2219297663,-0.528,0.047,-0.879,-12.855,38.84,13.374,34.22
2219306365,-0.558,0.058,-0.896,-15.679,34.29,16.885,34.18
2219313234,-0.506,0.03,-0.916,-20.595,29.023,18.84,34.22
2219330415,-0.487,0.053,-0.891,-21.573,24.382,21.16,34.18
2219336038,-0.423,0.114,-0.937,-25.954,22.0,22.931,34.13
2219346277,-0.418,0.087,-0.91,-29.099,21.45,23.786,34.08
2219357632,-0.369,0.085,-0.912,-29.725,21.298,23.679,34.13
2219366555,-0.385,0.062,-0.923,-31.405,22.611,24.718,34.18
2219377794,-0.385,0.045,-0.896,-29.237,22.366,25.145,34.18
2219390342,-0.367,0.065,-0.896,-27.145,23.573,24.855,34.18
2219397674,-0.396,0.07,-0.899,-27.634,24.137,25.924,34.27
2219405903,-0.393,0.088,-0.908,-28.473,23.557,25.664,34.13
2219412690,-0.405,0.076,-0.903,-29.008,22.198,24.962,34.08
2219429996,-0.385,0.075,-0.903,-30.305,23.832,22.885,34.22
2219439681,-0.419,0.063,-0.896,-31.664,24.824,21.344,34.08
2219446203,-0.423,0.052,-0.897,-31.588,23.42,20.733,34.22
2219458145,-0.462,0.029,-0.881,-32.916,22.092,20.565,34.08
2219466644,-0.406,0.064,-0.868,-33.511,18.55,18.962,34.13
2219478069,-0.353,0.079,-0.899,-32.107,20.046,16.947,34.18
2219487089,-0.331,0.035,-0.891,-29.771,25.008,13.954,34.13
2219497571,-0.393,0.069,-0.894,-27.756,27.053,14.244,34.22
2219505367,-0.396,0.073,-0.9,-27.588,25.969,13.313,34.18
2219512192,-0.393,0.086,-0.918,-29.74,25.786,13.038,34.13
2219529949,-0.417,0.095,-0.89,-31.099,24.885,12.26,34.18
2219538565,-0.385,0.106,-0.889,-32.748,24.87,10.336,34.18
2219544480,-0.4,0.12,-0.894,-33.908,24.443,10.183,34.18
2219557656,-0.391,0.115,-0.892,-34.061,21.695,11.267,34.13
2219565339,-0.357,0.14,-0.881,-33.176,18.534,11.71,34.18
2219576938,-0.312,0.158,-0.895,-30.977,18.336,11.634,34.22
2219586529,-0.248,0.162,-0.88,-27.206,21.405,8.672,34.18
2219595696,-0.28,0.214,-0.954,-25.13,26.794,7.053,34.13
2219605188,-0.352,0.203,-0.926,-28.061,27.466,6.748,34.18
2219612349,-0.398,0.231,-0.899,-29.176,23.481,7.374,34.27
2219629822,-0.381,0.232,-0.905,-33.817,20.366,8.55,34.13
2219638273,-0.37,0.219,-0.894,-37.511,17.496,11.221,34.18
2219645689,-0.301,0.2,-0.9,-34.718,15.16,11.954,34.13
2219656809,-0.293,0.188,-0.955,-31.74,16.382,13.771,34.08
2219667278,-0.246,0.159,-0.908,-26.992,18.26,12.366,34.22
2219676543,-0.291,0.251,-0.923,-22.153,20.58,11.344,34.18
2219688495,-0.346,0.301,-0.957,-29.45,20.122,12.962,34.13
2219696433,-0.377,0.231,-0.902,-34.489,18.84,14.015,34.18
2219705007,-0.34,0.239,-0.879,-34.672,16.626,15.099,34.13
2219721034,-0.233,0.214,-0.925,-30.489,17.634,14.534,34.08
2219730728,-0.209,0.16,-0.91,-23.511,24.519,14.87,34.13
2219738507,-0.262,0.159,-0.917,-13.435,26.855,12.198,34.18
2219745456,-0.291,0.282,-0.957,-18.55,29.313,14.351,34.08
2219758409,-0.391,0.275,-0.927,-19.969,29.13,14.962,34.18
2219767051,-0.417,0.301,-0.887,-25.527,23.588,17.985,34.18
2219777118,-0.322,0.299,-0.918,-28.947,21.206,20.031,34.04
2219787226,-0.275,0.243,-0.915,-26.977,21.496,19.878,34.08
2219796766,-0.247,0.281,-0.922,-21.756,21.832,19.252,34.13
2219804430,-0.185,0.31,-0.911,-18.947,22.046,15.802,34.08
2219816419,-0.152,0.359,-0.921,-16.26,27.771,12.702,34.13
2219828392,-0.203,0.336,-0.949,-14.855,33.71,10.26,34.18
2219838128,-0.297,0.337,-0.933,-17.878,31.435,12.137,34.13
2219845620,-0.29,0.299,-0.91,-18.672,27.313,14.565,34.18
2219860439,-0.262,0.272,-0.929,-16.748,25.359,16.947,34.18
2219866650,-0.198,0.256,-0.931,-13.344,26.122,17.359,34.13
2219877381,-0.179,0.311,-0.927,-9.664,29.328,16.061,34.18
2219888861,-0.148,0.367,-0.936,-9.634,32.947,13.359,34.22
2219896036,-0.172,0.346,-0.937,-11.42,38.061,11.176,34.08
2219904074,-0.158,0.329,-0.921,-10.061,40.015,8.672,34.13
2219917051,-0.124,0.31,-0.943,-6.504,45.847,5.679,34.18
2219929700,-0.139,0.307,-0.961,-2.015,48.015,4.244,34.13
2219939188,-0.107,0.225,-0.982,3.802,54.733,3.313,34.18
2219946089,-0.148,0.245,-0.954,8.626,62.137,0.076,34.13
2219961092,-0.259,0.307,-0.99,2.458,64.656,0.718,34.18
2219967128,-0.301,0.31,-1.009,-3.496,68.733,1.267,34.13
2219977480,-0.403,0.301,-0.993,-8.992,59.908,4.336,34.08
2219988877,-0.297,0.229,-0.982,-11.603,51.069,7.954,34.18
2219996397,-0.193,0.248,-0.957,-7.588,46.137,10.168,34.13
2220005550,-0.165,0.311,-0.982,-7.344,40.198,11.802,34.08
2220012287,-0.073,0.382,-1.009,-7.817,41.969,9.038,34.22
2220029687,-0.091,0.378,-1.009,-13.832,40.031,11.527,34.18
2220039114,-0.096,0.369,-0.99,-15.863,40.122,10.489,34.13
2220045119,-0.099,0.345,-0.953,-18.733,38.305,11.511,34.18
2220058235,-0.095,0.318,-0.976,-17.802,37.649,13.756,34.22
2220066804,-0.088,0.288,-0.947,-17.145,37.649,14.702,34.18
2220076931,-0.055,0.283,-0.956,-15.573,37.679,15.618,34.22
2220086312,-0.079,0.316,-0.958,-13.115,36.977,17.542,34.08
2220096616,-0.078,0.327,-0.975,-12.962,35.466,19.802,34.13
2220105003,-0.098,0.326,-0.964,-12.87,33.267,22.626,34.13
2220121456,-0.083,0.352,-0.961,-13.221,33.023,23.511,34.18
2220130193,-0.084,0.341,-0.944,-15.756,32.153,24.427,34.27
2220139257,-0.062,0.298,-0.936,-13.908,30.244,23.405,34.18
2220145554,0.034,0.328,-0.915,-10.427,30.382,23.405,34.13
2220158472,-0.026,0.376,-0.957,-7.786,34.168,24.458,34.18
2220167016,0.002,0.373,-0.954,-8.183,33.115,24.092,34.13
2220176992,-0.007,0.395,-0.946,-6.87,33.618,25.511,34.18
2220187094,-0.019,0.373,-0.968,-6.656,32.534,27.053,34.13
2220196663,-0.006,0.308,-0.97,-4.137,31.863,28.855,34.18
2220205152,-0.037,0.313,-0.937,0.244,30.198,31.725,34.13
2220212194,0.018,0.344,-0.976,2.229,29.344,31.145,34.08
2220230382,0.008,0.404,-0.946,-1.466,30.489,32.672,34.08
2220239584,0.063,0.421,-0.929,-1.389,30.794,29.008,34.13
2220245778,0.136,0.382,-0.96,-2.046,28.458,28.656,34.08
2220257699,0.164,0.324,-0.988,0.962,40.107,25.435,34.22
2220266486,0.091,0.331,-1.026,3.176,41.786,24.489,34.18
2220277842,0.114,0.304,-1.008,6.244,44.779,22.916,34.04
2220289745,0.064,0.34,-0.991,6.977,47.832,20.87,34.18
2220296977,-0.048,0.414,-1.028,2.58,45.542,15.771,34.13
2220306676,-0.016,0.391,-0.994,-5.603,40.779,14.198,34.08
2220313682,-0.011,0.322,-0.958,-8.901,35.13,11.893,34.22
2220326178,0.148,0.265,-0.994,-7.008,33.511,10.382,34.18
2220339644,0.182,0.233,-1.009,-2.626,38.626,6.626,34.13
2220346248,0.237,0.271,-1.033,-1.145,42.275,5.725,34.18
2220353954,0.213,0.271,-1.008,1.084,49.481,2.626,34.08
2220366502,0.07,0.375,-0.988,-0.611,51.435,-1.832,34.22
2220377151,0.061,0.353,-0.991,-5.771,48.809,-3.679,34.08
2220387258,0.004,0.328,-1.017,-12.962,41.786,-3.588,34.13
2220397583,0.089,0.283,-0.952,-17.603,33.176,-1.389,34.18
2220402796,0.164,0.299,-0.971,-13.405,31.115,-1.695,34.13
2220414709,0.253,0.27,-1.009,-11.176,34.87,-5.481,34.18
2220428954,0.246,0.352,-0.991,-11.298,37.664,-2.321,34.13
2220438706,0.183,0.405,-0.997,-15.435,37.649,3.023,34.18
2220448602,0.142,0.372,-0.97,-13.542,38.489,2.595,34.13
2220460808,0.117,0.446,-0.983,-15.863,34.214,3.969,34.18
2220465625,0.138,0.449,-0.999,-21.634,29.511,7.405,34.13
2220476131,0.149,0.429,-0.983,-24.519,25.573,11.71,34.13
2220486401,0.186,0.416,-0.99,-25.832,22.656,14.427,34.08
2220496789,0.247,0.423,-0.996,-25.74,22.504,15.756,34.08
2220503258,0.227,0.447,-1.011,-26.733,24.763,17.206,34.18
2220515436,0.174,0.487,-0.999,-30.061,23.725,17.893,34.13
2220529439,0.172,0.498,-0.986,-36.183,20.122,18.534,34.27
2220536496,0.194,0.448,-0.998,-39.481,16.458,21.588,34.22
2220547412,0.243,0.387,-1.013,-39.573,14.351,25.405,34.18
2220559220,0.284,0.372,-0.996,-35.42,14.733,27.802,34.13
2220567940,0.357,0.395,-0.99,-33.16,20.519,27.924,34.18
2220577482,0.295,0.445,-0.993,-32.321,26.473,27.008,34.22
2220587890,0.287,0.431,-0.975,-33.298,28.046,23.389,34.18
2220597509,0.297,0.434,-0.997,-33.282,31.023,20.809,34.13
2220603708,0.292,0.366,-0.982,-33.42,33.634,18.855,34.13
2220619713,0.301,0.344,-0.966,-28.733,35.603,16.305,34.18
2220629168,0.309,0.351,-0.975,-26.321,37.42,15.099,34.22
2220637573,0.276,0.375,-0.964,-25.053,38.748,14.992,34.18
2220647462,0.26,0.409,-0.97,-25.756,38.153,13.298,34.18
2220656485,0.298,0.397,-0.958,-28.366,39.008,10.55,34.08
2220667914,0.314,0.358,-0.943,-28.229,41.42,7.084,34.13
2220676301,0.336,0.373,-0.928,-25.13,43.435,3.756,34.18
2220687859,0.361,0.39,-0.943,-23.45,46.275,1.145,34.04
2220695244,0.366,0.396,-0.931,-21.878,48.84,-0.122,34.18
2220704160,0.352,0.409,-0.931,-19.618,49.618,-1.466,34.04
2220720884,0.345,0.435,-0.949,-19.008,50.779,-3.084,34.18
2220730661,0.273,0.455,-0.921,-22.015,50.29,-3.023,34.22
2220738253,0.29,0.445,-0.896,-23.282,46.656,-3.802,34.13
2220745282,0.336,0.455,-0.906,-24.229,46.198,-3.817,34.18
2220759203,0.355,0.434,-0.89,-21.985,45.802,-2.641,34.22
2220766752,0.399,0.458,-0.892,-19.573,46.519,-2.672,34.08
2220775801,0.39,0.471,-0.891,-16.962,48.763,-2.58,34.22
2220787018,0.385,0.492,-0.907,-17.588,49.42,-2.901,34.18
2220795924,0.382,0.51,-0.883,-19.13,49.679,-3.435,34.13
2220804460,0.313,0.537,-0.892,-22.748,49.496,-2.153,34.08
2220819777,0.316,0.515,-0.864,-26.473,43.603,-0.916,34.13
2220829646,0.397,0.476,-0.89,-25.878,40.321,0.519,34.18
2220836761,0.412,0.434,-0.887,-22.504,43.481,2.763,34.22
2220844746,0.436,0.462,-0.863,-20.305,44.321,3.237,34.18
2220858104,0.475,0.543,-0.87,-19.908,48.427,0.58,34.18
2220867145,0.439,0.558,-0.902,-24.534,51.267,0.137,34.18
2220876018,0.449,0.494,-0.882,-25.481,50.687,-2.412,34.18
2220886425,0.446,0.461,-0.878,-23.038,52.244,-4.046,34.13
2220894918,0.399,0.48,-0.87,-20.794,52.397,-3.527,34.08
2220905375,0.395,0.521,-0.874,-23.893,48.443,-0.427,34.22
2220912216,0.486,0.48,-0.863,-24.321,49.008,-1.405,34.08
2220928385,0.469,0.549,-0.871,-24.641,52.321,-1.527,34.13
2220936988,0.453,0.556,-0.86,-28.397,52.901,-2.198,34.08
2220946225,0.473,0.525,-0.856,-29.74,53.832,-2.519,34.22
2220958560,0.399,0.519,-0.817,-30.015,54.855,-1.649,34.18
2220963734,0.421,0.551,-0.807,-28.84,49.053,1.481,34.13
2220978367,0.456,0.582,-0.785,-27.298,47.679,5.832,34.18
2220990718,0.477,0.603,-0.783,-28.55,47.252,9.969,34.13
2220995102,0.509,0.622,-0.762,-28.198,47.878,12.458,34.18
2221005929,0.474,0.683,-0.755,-29.298,48.595,16.55,34.18
2221013299,0.534,0.635,-0.801,-31.008,46.611,21.008,34.18
2221030674,0.599,0.57,-0.806,-27.313,49.802,23.74,34.08
2221037097,0.579,0.582,-0.812,-22.061,55.466,26.595,34.13
2221047800,0.511,0.651,-0.78,-20.275,56.901,29.145,34.27
2221060448,0.483,0.698,-0.784,-24.412,53.45,31.618,34.13
2221066145,0.478,0.685,-0.793,-31.542,51.115,32.718,34.18
2221077666,0.461,0.621,-0.773,-35.634,47.939,32.107,34.22
2221088670,0.489,0.56,-0.769,-38.931,43.42,31.908,34.18
2221096673,0.593,0.488,-0.772,-37.924,42.565,30.779,34.13
2221106132,0.6,0.467,-0.771,-35.893,45.038,29.435,34.08
2221112980,0.624,0.464,-0.748,-33.802,46.656,26.687,34.13
2221126621,0.639,0.546,-0.7,-32.931,51.13,23.542,34.18
2221135078,0.594,0.641,-0.703,-38.015,51.985,22.779,34.13
2221146497,0.711,0.547,-0.73,-44.244,51.481,22.229,34.08
2221160121,0.771,0.411,-0.727,-39.511,59.618,20.626,34.13
2221171118,0.737,0.402,-0.699,-28.779,67.985,19.298,34.18
2221176648,0.718,0.459,-0.698,-22.901,74.29,18.122,34.08
2221185307,0.677,0.507,-0.674,-21.069,78.092,15.71,34.13
2221201297,0.64,0.529,-0.667,-22.351,78.916,13.099,34.18
2221206908,0.643,0.522,-0.647,-23.084,77.084,9.71,34.13
2221213450,0.701,0.487,-0.65,-22.55,77.573,5.832,34.18
2221229981,0.734,0.504,-0.635,-21.603,77.863,3.878,34.22
2221238300,0.724,0.505,-0.649,-20.244,80.656,0.656,34.08
2221247351,0.638,0.52,-0.616,-19.099,79.924,0.626,34.13
2221258236,0.607,0.549,-0.576,-20.748,74.122,1.466,34.08
2221270128,0.715,0.528,-0.528,-24.031,72.443,2.336,34.13
2221276966,0.805,0.503,-0.525,-16.351,75.313,-3.878,34.08
2221284734,0.585,0.545,-0.537,-18.809,65.847,1.42,34.13
2221296856,0.687,0.536,-0.485,-19.802,59.053,-0.275,34.18
2221307903,0.766,0.553,-0.504,-17.847,58.305,-2.412,34.04
2221314487,0.812,0.582,-0.507,-15.496,59.221,-5.832,34.18
2221326755,0.698,0.581,-0.458,-17.45,54.809,-4.656,34.13
2221340984,0.753,0.604,-0.443,-19.298,50.26,-3.023,34.13
2221349717,0.753,0.634,-0.417,-20.84,47.313,-3.267,34.18
2221356215,0.697,0.688,-0.385,-23.221,40.519,-0.58,34.13
2221368505,0.725,0.715,-0.414,-29.45,31.313,4.351,34.18
2221378628,0.796,0.623,-0.415,-33.969,17.191,12.519,34.22
2221384932,0.854,0.644,-0.415,-33.115,14.611,18.458,34.08
2221397551,0.863,0.633,-0.474,-32.916,13.847,23.527,34.13
2221408652,0.746,0.656,-0.311,-34.321,9.863,23.832,34.18
2221414970,0.618,0.731,-0.399,-37.237,-3.603,29.863,34.13
2221428340,0.749,0.689,-0.384,-44.809,-15.557,29.099,34.18
2221436503,0.771,0.662,-0.324,-42.824,-22.733,26.55,34.13
2221447079,0.77,0.649,-0.376,-43.13,-30.137,25.038,34.08
2221453316,0.843,0.572,-0.403,-43.664,-35.206,25.466,34.22
2221470578,0.881,0.501,-0.388,-37.939,-35.42,24.153,34.27
2221479942,0.876,0.501,-0.369,-32.336,-34.427,23.878,34.08
2221486006,0.86,0.537,-0.398,-27.695,-34.366,22.107,34.13
2221497509,0.86,0.567,-0.397,-26.779,-33.618,19.985,34.18
2221509651,0.888,0.542,-0.399,-26.214,-32.595,18.366,34.22
2221514829,0.897,0.5,-0.396,-22.916,-29.527,14.947,34.18
2221526426,0.883,0.494,-0.419,-17.435,-27.191,10.611,34.22
2221533093,0.898,0.477,-0.44,-13.969,-25.496,6.901,34.08
2221550455,0.916,0.44,-0.436,-5.695,-22.931,2.336,34.13
2221556331,0.85,0.502,-0.439,1.481,-20.55,0.031,34.08
2221567302,0.815,0.543,-0.438,4.046,-22.198,-1.282,34.13
2221577391,0.791,0.557,-0.447,4.244,-25.511,-0.198,34.18
2221585146,0.757,0.567,-0.442,4.122,-27.756,2.122,34.18
2221596913,0.754,0.589,-0.454,2.244,-33.969,0.137,34.04
2221607355,0.808,0.555,-0.462,1.359,-36.718,-0.489,34.18
2221616479,0.896,0.478,-0.459,7.802,-33.145,-4.183,34.18
2221622456,0.888,0.506,-0.483,14.397,-28.809,-9.023,34.18
2221634978,0.869,0.54,-0.471,19.374,-24.977,-11.267,34.13
2221648006,0.827,0.577,-0.48,21.893,-23.176,-14.397,34.18
2221657221,0.785,0.599,-0.485,21.954,-25.13,-15.069,34.22
2221665597,0.79,0.584,-0.48,21.389,-27.74,-15.527,34.08
2221678391,0.775,0.58,-0.476,21.71,-28.519,-16.611,34.04
2221686546,0.77,0.559,-0.486,23.405,-29.115,-18.015,34.18
2221697636,0.774,0.546,-0.496,25.71,-30.198,-19.588,34.13
2221706538,0.796,0.543,-0.502,29.878,-30.015,-21.191,34.13
2221716744,0.776,0.566,-0.525,33.221,-29.313,-21.496,34.18
2221727099,0.756,0.582,-0.524,34.061,-30.58,-20.947,34.22
2221734019,0.748,0.588,-0.538,34.26,-32.214,-21.053,34.18
2221749491,0.71,0.608,-0.526,32.702,-33.985,-20.046,34.22
2221755967,0.686,0.604,-0.521,31.511,-37.954,-20.153,34.18
2221765910,0.715,0.577,-0.523,31.298,-41.038,-20.427,34.22
2221777750,0.743,0.54,-0.541,34.366,-41.13,-22.473,34.08
2221784950,0.706,0.517,-0.568,38.137,-40.962,-23.74,34.13
2221796412,0.68,0.526,-0.57,41.145,-44.0,-22.824,34.18
2221807877,0.656,0.554,-0.592,42.26,-47.603,-21.786,34.13
2221817889,0.651,0.566,-0.606,41.542,-50.885,-21.573,34.08
2221826626,0.632,0.585,-0.598,40.321,-54.901,-22.336,34.18
2221833425,0.658,0.559,-0.623,38.656,-57.954,-25.649,34.18
2221847121,0.691,0.517,-0.622,38.931,-59.038,-29.786,34.18
2221857558,0.677,0.493,-0.656,42.031,-57.511,-32.244,34.22
2221866490,0.62,0.498,-0.69,44.794,-58.183,-31.695,34.08
2221880065,0.603,0.49,-0.688,45.252,-62.565,-30.229,34.13
2221888710,0.59,0.503,-0.683,45.16,-65.71,-29.954,34.08
2221896307,0.592,0.532,-0.698,44.366,-68.519,-30.901,34.13
2221905469,0.616,0.531,-0.688,42.794,-69.313,-32.992,34.08
2221918322,0.579,0.505,-0.731,41.008,-70.092,-33.74,34.13
2221926039,0.585,0.447,-0.744,40.58,-71.511,-34.183,34.08
2221932998,0.559,0.42,-0.745,44.046,-70.183,-35.435,34.13
2221945710,0.565,0.458,-0.727,47.542,-71.649,-35.313,34.08
2221957293,0.541,0.485,-0.742,50.443,-70.275,-35.374,34.22
2221967768,0.526,0.511,-0.754,48.901,-71.176,-35.206,34.13
2221979724,0.538,0.495,-0.771,48.534,-71.756,-35.756,34.18
2221989088,0.539,0.457,-0.817,47.466,-70.061,-35.45,34.18
2221995509,0.495,0.42,-0.781,50.595,-66.519,-37.588,34.08
2222007036,0.444,0.446,-0.778,56.321,-67.389,-39.145,34.13
2222017949,0.412,0.504,-0.773,57.603,-69.298,-38.336,34.08
2222025618,0.428,0.49,-0.809,54.794,-69.74,-37.252,34.13
2222032496,0.426,0.436,-0.806,56.55,-69.237,-37.237,34.18
2222046474,0.433,0.465,-0.784,59.099,-69.481,-36.672,34.22
2222057961,0.433,0.476,-0.959,55.389,-67.588,-35.374,34.18
2222064852,0.427,0.404,-0.854,53.511,-64.55,-36.672,34.22
2222079980,0.365,0.396,-0.896,57.252,-62.779,-37.74,34.13
2222088778,0.332,0.434,-0.883,58.443,-62.611,-39.13,34.08
2222096579,0.274,0.433,-0.895,59.954,-63.328,-38.305,34.13
2222107939,0.227,0.455,-0.901,57.13,-69.847,-34.244,34.18
2222118472,0.255,0.446,-0.917,52.015,-77.13,-31.603,34.22
2222125133,0.282,0.422,-0.989,45.649,-80.076,-29.45,34.18
2222137110,0.271,0.369,-0.942,43.664,-81.695,-30.397,34.13
2222146687,0.241,0.387,-0.921,44.656,-83.847,-31.908,34.18
2222157918,0.24,0.406,-0.935,43.679,-85.771,-32.87,34.22
2222164509,0.19,0.394,-0.927,42.855,-87.771,-32.58,34.08
2222181867,0.14,0.403,-0.884,42.076,-93.893,-30.87,34.13
2222189469,0.144,0.423,-0.946,38.0,-100.382,-28.092,34.18
2222196531,0.183,0.378,-0.933,33.13,-104.901,-27.145,34.18
2222208816,0.191,0.329,-0.921,32.275,-105.038,-28.565,34.08
2222214403,0.188,0.299,-0.928,33.71,-103.481,-31.481,34.18
2222224644,0.138,0.309,-0.915,37.344,-102.809,-33.603,34.22
2222236202,0.069,0.319,-0.942,37.634,-103.847,-33.924,34.08
2222248981,-0.024,0.271,-0.979,35.908,-107.756,-34.611,34.13
2222260276,-0.116,0.299,-0.91,33.191,-115.573,-31.756,34.18
2222266890,-0.09,0.316,-0.984,28.595,-125.969,-28.687,34.22
2222277242,-0.025,0.286,-1.018,19.664,-129.038,-26.427,34.08
2222289098,0.058,0.125,-0.974,19.389,-126.031,-28.336,34.22
2222297253,0.076,0.111,-0.917,30.84,-113.649,-34.092,34.18
2222304940,-0.026,0.159,-0.994,41.618,-103.176,-38.351,34.22
2222316557,-0.115,0.224,-1.0,41.145,-103.115,-37.435,34.08
2222324890,-0.162,0.233,-1.022,35.435,-106.809,-34.397,34.18
2222334294,-0.175,0.173,-1.031,30.672,-106.336,-30.534,34.22
2222349736,-0.09,0.074,-1.005,31.954,-99.45,-32.962,34.08
2222358440,-0.011,0.03,-1.017,40.809,-89.008,-39.496,34.18
2222367237,-0.091,0.068,-0.985,47.985,-74.733,-42.87,34.18
2222377940,-0.247,0.122,-1.014,51.298,-67.695,-41.221,34.22
2222388689,-0.347,0.128,-1.02,50.229,-69.221,-36.84,34.18
2222396444,-0.316,0.118,-0.974,49.74,-75.176,-33.206,34.22
2222404693,-0.224,0.143,-1.007,50.305,-73.527,-30.244,34.18
2222415923,-0.148,0.127,-0.973,52.443,-67.817,-32.107,34.04
2222427872,-0.155,0.155,-0.989,56.733,-59.954,-33.756,34.08
2222433063,-0.16,0.183,-0.966,63.267,-53.466,-39.298,34.13
2222445034,-0.213,0.202,-0.962,65.985,-49.802,-44.427,34.18
2222460234,-0.276,0.211,-0.951,66.321,-50.061,-48.168,34.13
2222470270,-0.33,0.229,-0.969,63.374,-55.053,-47.176,34.22
2222477025,-0.38,0.217,-0.918,61.374,-61.802,-46.183,34.08
2222489479,-0.41,0.249,-0.92,58.55,-70.244,-43.481,34.13
2222499381,-0.4,0.199,-0.931,54.229,-75.42,-42.031,34.18
2222507084,-0.398,0.152,-0.876,52.168,-82.397,-40.626,34.18
2222516721,-0.336,0.134,-0.913,51.725,-86.687,-40.061,34.08
2222526945,-0.345,0.107,-0.906,52.855,-87.847,-39.588,34.13
2222537671,-0.386,0.093,-0.874,54.107,-90.58,-38.137,34.18
2222544063,-0.468,0.134,-0.878,53.878,-95.42,-34.031,34.04
2222555428,-0.51,0.142,-0.809,49.695,-105.618,-29.908,34.27
2222568125,-0.528,0.116,-0.866,43.817,-113.908,-26.458,34.22
2222577010,-0.399,-0.009,-0.829,43.588,-110.198,-24.473,34.18
2222588410,-0.347,-0.097,-0.834,46.015,-110.031,-28.305,34.13
2222602278,-0.44,-0.107,-0.798,55.16,-102.992,-30.046,34.13
2222607345,-0.516,-0.064,-0.768,60.58,-102.412,-30.931,34.18
2222618387,-0.59,-0.009,-0.831,58.519,-101.435,-27.389,34.22
2222626845,-0.666,-0.03,-0.787,53.527,-112.0,-22.916,34.08
2222635266,-0.634,-0.038,-0.768,46.84,-119.588,-19.099,34.22
2222646189,-0.589,-0.087,-0.768,42.947,-123.756,-18.183,34.18
2222652842,-0.521,-0.148,-0.728,42.489,-122.733,-20.443,34.13
2222668986,-0.513,-0.189,-0.75,46.626,-117.847,-25.756,34.18
2222677721,-0.602,-0.192,-0.733,50.641,-114.55,-26.565,34.13
2222686232,-0.638,-0.224,-0.666,53.099,-108.824,-25.908,34.18
2222698031,-0.804,-0.187,-0.666,55.649,-119.679,-24.947,34.13
2222710559,-0.704,-0.134,-0.665,51.008,-124.489,-23.557,34.18
2222715574,-0.73,-0.133,-0.635,45.618,-131.405,-23.084,34.18
2222726988,-0.662,-0.181,-0.623,44.321,-136.351,-25.573,34.08
2222737290,-0.598,-0.236,-0.612,51.634,-130.092,-32.58,34.18
2222748143,-0.623,-0.3,-0.58,57.588,-123.13,-39.328,34.13
2222755213,-0.712,-0.286,-0.549,62.137,-118.641,-41.603,34.18
2222766687,-0.725,-0.257,-0.541,63.344,-116.763,-43.008,34.13
2222776970,-0.782,-0.251,-0.555,65.511,-119.557,-42.748,34.18
2222792013,-0.817,-0.265,-0.546,65.313,-122.336,-42.031,34.13
2222797316,-0.827,-0.284,-0.484,63.023,-127.176,-41.939,34.18
2222805171,-0.714,-0.272,-0.493,62.977,-124.198,-45.725,34.22
2222817068,-0.795,-0.318,-0.506,64.122,-125.557,-45.908,34.18
2222827091,-0.807,-0.306,-0.493,62.0,-125.496,-47.481,34.13
2222840266,-0.855,-0.298,-0.479,58.809,-126.336,-47.511,34.18
2222847725,-0.894,-0.354,-0.44,56.015,-130.214,-47.344,34.08
2222857057,-0.875,-0.364,-0.427,51.45,-131.084,-46.702,34.22
2222863709,-0.916,-0.345,-0.362,49.084,-131.42,-46.916,34.18
2222875571,-0.861,-0.353,-0.353,46.031,-134.046,-47.42,34.18
2222888453,-0.828,-0.398,-0.378,47.878,-130.0,-49.237,34.08
2222897592,-0.84,-0.407,-0.333,49.023,-130.046,-50.061,34.13
2222908309,-1.029,-0.417,-0.395,51.13,-157.115,-100.153,34.18
2222918859,-0.881,-0.462,-0.314,47.008,-150.427,-80.168,34.22
2222926990,-0.797,-0.465,-0.283,46.626,-135.71,-61.023,34.08
2222937402,-0.784,-0.477,-0.229,47.389,-119.206,-50.656,34.13
2222945522,-0.845,-0.446,-0.199,50.336,-110.87,-49.649,34.18
2222959335,-0.876,-0.419,-0.172,54.595,-110.198,-39.618,34.13
2222966202,-0.839,-0.44,-0.169,61.466,-112.855,-44.076,34.18
2222972783,-0.872,-0.427,-0.17,61.924,-115.664,-57.557,34.18
2222986747,-0.875,-0.416,-0.156,56.992,-120.916,-63.954,34.04
2222998634,-0.837,-0.431,-0.134,55.084,-118.092,-63.145,33.99
2223003950,-0.836,-0.477,-0.13,52.031,-109.221,-57.573,34.22
2223015477,-0.88,-0.54,-0.157,56.076,-101.282,-53.145,34.08
2223027545,-0.923,-0.674,-0.016,70.443,-108.198,-70.031,34.13
2223033849,-0.917,-0.508,-0.086,67.679,-96.733,-63.847,34.18
2223049840,-0.948,-0.451,-0.066,65.359,-94.855,-52.305,34.04
2223058359,-0.924,-0.43,0.017,63.634,-102.427,-46.55,34.18
2223066847,-0.84,-0.469,-0.0,66.702,-92.87,-44.489,34.13
2223075145,-0.85,-0.39,-0.062,60.29,-77.802,-46.183,34.18
2223087956,-0.926,-0.424,-0.196,38.763,-67.267,-26.87,34.04
2223099502,-0.813,-0.538,-0.09,32.427,-60.901,-23.359,34.18
2223106073,-0.809,-0.494,-0.126,28.076,-40.519,-27.542,34.18
2223114343,-0.785,-0.527,-0.079,30.076,-19.588,-29.832,34.13
2223128646,-0.87,-0.48,-0.048,30.29,-9.893,-28.168,34.18
2223138481,-0.849,-0.46,0.006,31.954,-1.206,-25.282,34.13
2223146210,-0.776,-0.423,-0.007,31.45,11.237,-23.557,34.18
2223156805,-0.864,-0.396,0.022,29.618,15.878,-19.191,34.22
2223168633,-0.85,-0.411,0.027,24.504,19.42,-12.84,34.08
2223174674,-0.798,-0.387,0.063,17.878,21.221,-8.244,34.13
2223186215,-0.804,-0.387,0.068,14.321,26.122,-3.679,34.18
2223198000,-0.824,-0.468,0.061,10.718,26.962,0.489,34.13
2223206697,-0.801,-0.472,0.067,5.298,26.489,6.26,34.18
2223215202,-0.773,-0.432,0.117,1.084,26.168,8.534,34.22
2223226431,-0.786,-0.428,0.123,-2.275,25.573,11.679,34.18
2223238562,-0.753,-0.434,0.162,-4.626,23.084,13.847,34.18
2223244674,-0.777,-0.469,0.146,-9.664,21.191,16.626,34.18
2223258399,-0.768,-0.523,0.156,-11.664,17.313,19.786,34.18
2223267260,-0.746,-0.569,0.198,-8.611,13.069,21.13,34.13
2223276761,-0.684,-0.584,0.187,-5.649,10.794,20.855,34.08
2223287018,-0.684,-0.583,0.218,0.473,10.504,19.649,34.22
2223294031,-0.67,-0.525,0.195,3.237,11.985,17.084,34.08
2223309674,-0.674,-0.526,0.183,5.924,11.573,16.794,34.22
2223319979,-0.664,-0.542,0.176,9.053,11.817,15.496,34.18
2223326150,-0.698,-0.545,0.158,10.58,11.511,14.733,34.13
2223338415,-0.727,-0.511,0.147,12.519,6.87,15.634,34.08
2223345402,-0.706,-0.489,0.121,8.733,3.389,15.206,34.13
2223359043,-0.689,-0.501,0.126,8.244,-1.954,14.779,34.08
2223368005,-0.697,-0.461,0.126,6.168,-7.038,14.382,34.08
2223377545,-0.684,-0.461,0.133,1.954,-9.191,13.542,34.22
2223384061,-0.689,-0.469,0.125,0.031,-10.626,11.725,34.08
2223394994,-0.676,-0.499,0.134,-0.244,-11.969,9.969,34.08
2223408242,-0.68,-0.502,0.113,0.046,-9.588,7.145,34.18
2223421271,-0.737,-0.482,0.131,-0.672,-12.519,7.038,34.13
2223426827,-0.733,-0.456,0.082,-5.939,-16.885,7.13,34.18
2223441338,-0.707,-0.459,0.06,-14.412,-20.061,8.229,34.13
2223450441,-0.666,-0.462,0.092,-19.328,-18.733,5.618,34.18
2223457695,-0.66,-0.493,0.088,-21.634,-17.969,1.832,34.13
2223469731,-0.696,-0.481,0.105,-21.802,-17.191,-0.29,34.18
2223480094,-0.696,-0.48,0.156,-20.962,-15.786,0.015,34.13
2223484356,-0.684,-0.503,0.115,-19.664,-14.122,-1.588,34.08
2223494435,-0.699,-0.469,0.151,-19.542,-12.122,-3.206,34.13
2223507376,-0.749,-0.429,0.134,-20.824,-13.634,-0.992,34.13
2223515769,-0.7,-0.442,0.139,-22.473,-14.977,-0.931,34.27
2223525623,-0.681,-0.45,0.179,-20.992,-13.099,-3.069,34.13
2223537247,-0.696,-0.447,0.166,-20.229,-11.786,-4.504,34.18
2223546743,-0.736,-0.436,0.148,-19.618,-11.267,-3.359,34.08
2223557088,-0.769,-0.437,0.161,-21.008,-13.893,0.366,34.18
2223566716,-0.721,-0.494,0.162,-19.053,-10.977,0.565,34.13
2223577249,-0.71,-0.474,0.164,-15.725,-6.656,-1.038,34.18
2223587764,-0.757,-0.449,0.16,-14.397,-7.939,0.046,34.13
2223593704,-0.741,-0.448,0.157,-13.298,-7.42,1.13,34.18
2223610144,-0.707,-0.449,0.137,-13.771,-7.16,0.26,34.22
2223619030,-0.748,-0.428,0.133,-16.244,-7.969,2.504,34.18
2223628469,-0.712,-0.464,0.108,-17.969,-3.756,1.985,34.13
2223639332,-0.728,-0.467,0.143,-17.313,-2.794,1.359,34.08
2223648722,-0.701,-0.45,0.166,-19.221,-0.656,0.962,34.18
2223657961,-0.715,-0.468,0.148,-18.321,-0.748,1.099,34.22
2223668889,-0.733,-0.469,0.155,-21.298,-1.863,1.038,34.18
2223676120,-0.757,-0.481,0.179,-21.405,-8.748,2.855,34.04
2223687129,-0.691,-0.498,0.188,-19.45,-3.664,1.618,34.08
2223694173,-0.717,-0.478,0.203,-16.992,-4.458,1.466,34.13
2223707477,-0.703,-0.487,0.177,-14.977,-1.802,0.565,34.18
2223714837,-0.707,-0.485,0.193,-13.573,0.885,0.244,34.13
2223725652,-0.697,-0.49,0.192,-11.542,1.679,0.092,34.08
2223736928,-0.689,-0.476,0.174,-10.687,3.45,-0.763,34.13
2223749235,-0.721,-0.459,0.153,-11.267,4.275,-0.763,34.08
2223758379,-0.731,-0.459,0.146,-12.611,2.473,0.702,34.13
2223765838,-0.721,-0.47,0.137,-14.351,1.588,0.916,34.18
2223777329,-0.723,-0.459,0.161,-14.397,-0.458,1.786,34.13
2223787841,-0.73,-0.466,0.13,-14.641,-0.305,2.183,34.13
2223794574,-0.725,-0.441,0.148,-15.267,-0.962,2.183,34.08
2223807793,-0.729,-0.46,0.149,-15.16,-2.0,2.992,34.13
2223815682,-0.723,-0.463,0.151,-15.023,-2.321,3.557,34.18
2223826354,-0.696,-0.478,0.151,-15.557,-1.802,2.473,34.13
2223835906,-0.703,-0.473,0.162,-15.527,-1.924,1.649,34.18
2223850247,-0.713,-0.475,0.172,-14.962,-3.252,1.74,34.13
2223859241,-0.71,-0.471,0.164,-14.183,-3.405,1.344,34.18
2223865996,-0.716,-0.481,0.173,-13.649,-3.939,1.344,34.04
2223878535,-0.714,-0.475,0.16,-13.328,-4.076,1.344,34.08
2223887848,-0.702,-0.489,0.177,-12.504,-3.282,1.023,34.13
2223895255,-0.696,-0.479,0.182,-11.649,-1.435,-0.122,34.13
2223907131,-0.706,-0.475,0.183,-9.618,-0.977,-0.473,34.18
2223915970,-0.717,-0.476,0.175,-9.145,-1.542,0.29,34.08
2223928621,-0.694,-0.49,0.168,-8.107,-0.977,-0.382,34.18
2223933850,-0.709,-0.462,0.168,-7.817,0.534,-1.084,34.13
2223951329,-0.725,-0.458,0.161,-8.076,0.015,-0.702,34.08
2223961516,-0.72,-0.456,0.155,-8.397,-0.076,-0.443,34.04
2223966890,-0.712,-0.475,0.173,-8.153,0.321,-0.305,34.18
2223976764,-0.686,-0.472,0.165,-8.046,1.832,-1.435,34.04
2223986755,-0.702,-0.467,0.167,-7.313,1.817,-1.756,34.18
2223996008,-0.703,-0.469,0.181,-5.496,0.718,-1.603,34.04
2224003058,-0.703,-0.468,0.167,-4.702,1.405,-2.107,34.08
2224019866,-0.715,-0.453,0.14,-5.359,0.718,-1.969,34.13
2224027049,-0.727,-0.485,0.149,-4.718,2.015,-2.0,34.13
2224037143,-0.712,-0.49,0.172,-3.069,1.924,-1.511,34.08
2224047790,-0.704,-0.475,0.168,-3.634,2.198,-2.473,34.13
2224055904,-0.714,-0.475,0.176,-2.107,1.237,-2.718,34.18
2224065998,-0.707,-0.479,0.161,-1.817,1.389,-3.313,34.18
2224076372,-0.697,-0.489,0.176,-1.634,0.962,-3.573,34.18
2224088380,-0.692,-0.498,0.161,-0.947,2.29,-4.183,34.22
2224097124,-0.707,-0.478,0.161,-0.55,4.076,-4.58,34.27
2224103926,-0.733,-0.477,0.179,-0.29,3.679,-3.817,34.13
2224116056,-0.718,-0.462,0.185,-0.168,3.908,-3.481,34.08
2224129803,-0.721,-0.469,0.173,0.29,3.481,-3.649,34.13
2224139859,-0.726,-0.459,0.181,0.656,3.023,-2.901,34.18
2224146247,-0.699,-0.474,0.168,0.092,2.855,-2.931,34.13
2224161740,-0.708,-0.476,0.15,-0.443,3.969,-2.901,34.13
2224172642,-0.727,-0.473,0.149,-2.107,4.183,-2.183,34.18
2224191841,-0.749,-0.466,0.157,-3.634,2.672,-1.053,34.13
2224208746,-0.726,-0.475,0.159,-3.099,2.534,-0.916,34.08
2224210317,-0.725,-0.461,0.158,-3.557,1.634,-0.458,34.13
2224212371,-0.716,-0.457,0.137,-4.168,0.702,-0.397,34.08
2224213919,-0.712,-0.466,0.186,-3.603,-0.122,0.061,34.13
2224224674,-0.69,-0.476,0.167,-2.473,0.412,-0.626,34.18
2224237138,-0.704,-0.472,0.158,-2.168,1.252,-0.885,34.13
2224245711,-0.702,-0.477,0.167,-1.802,1.466,-0.626,34.18
2224256631,-0.697,-0.479,0.168,-1.679,2.229,-0.84,34.22
2224266708,-0.707,-0.478,0.168,-0.931,2.641,-0.84,34.08
2224280753,-0.709,-0.476,0.163,-0.87,2.443,-0.885,34.13
2224285941,-0.708,-0.47,0.167,-0.733,3.145,-1.099,34.18
2224296572,-0.717,-0.479,0.167,0.0,2.992,-1.099,34.18
2224308226,-0.71,-0.477,0.171,0.55,2.473,-1.359,34.13
2224315304,-0.699,-0.474,0.168,1.328,3.023,-1.817,34.08
2224326110,-0.696,-0.486,0.148,1.71,3.878,-2.672,34.13
2224333238,-0.71,-0.474,0.171,0.977,3.847,-2.702,34.08
2224349225,-0.705,-0.482,0.158,1.13,3.191,-2.168,34.22
2224357892,-0.704,-0.474,0.144,0.58,3.878,-2.458,34.18
2224367762,-0.705,-0.482,0.126,-0.565,3.282,-2.473,34.13
2224377085,-0.732,-0.465,0.155,-1.863,3.13,-2.137,34.08
2224386472,-0.704,-0.487,0.165,-0.427,2.519,-2.0,34.13
2224397223,-0.682,-0.48,0.162,0.168,4.977,-3.649,34.08
2224406165,-0.677,-0.492,0.167,1.237,6.397,-4.916,34.13
2224416250,-0.68,-0.5,0.109,0.26,9.221,-5.908,34.18
2224422447,-0.719,-0.48,0.09,-3.679,8.718,-5.069,34.08
2224436389,-0.676,-0.471,0.129,-6.122,9.664,-6.641,34.18
2224448988,-0.73,-0.496,0.136,-5.038,8.275,-5.008,34.18
2224455752,-0.748,-0.468,0.129,-7.282,6.611,-4.229,34.13
2224466564,-0.733,-0.473,0.175,-8.504,6.046,-2.519,34.08
2224483702,-0.708,-0.5,0.175,-6.0,7.847,-1.939,34.13
2224488913,-0.683,-0.513,0.153,-2.702,12.382,-4.29,34.18
2224495482,-0.734,-0.489,0.149,-1.511,13.038,-2.748,34.13
2224507206,-0.743,-0.418,0.117,-5.649,10.58,-2.168,34.08
2224516990,-0.742,-0.467,0.118,-6.397,8.55,-0.183,34.04
2224524288,-0.695,-0.46,0.104,-5.786,9.939,0.321,34.18
2224535661,-0.748,-0.449,0.112,-7.359,11.069,0.763,34.22
2224546594,-0.74,-0.437,0.138,-12.702,8.595,0.565,34.18
2224557388,-0.708,-0.5,0.152,-9.985,7.389,3.344,34.13
2224567146,-0.705,-0.48,0.128,-11.237,8.931,1.221,34.08
2224581026,-0.727,-0.478,0.135,-9.725,7.481,0.718,34.18
2224589664,-0.719,-0.479,0.132,-9.221,6.58,2.351,34.18
2224595796,-0.709,-0.484,0.104,-10.397,6.733,1.282,34.08
2224608449,-0.718,-0.502,0.116,-10.809,5.573,1.908,34.22
2224617720,-0.711,-0.476,0.15,-11.282,5.359,1.008,34.18
2224625439,-0.682,-0.473,0.157,-9.954,7.374,0.824,34.13
2224637213,-0.695,-0.494,0.122,-9.237,8.809,0.687,34.08
2224646161,-0.725,-0.478,0.125,-10.0,8.733,1.756,34.13
2224657354,-0.76,-0.458,0.092,-11.023,4.031,2.55,34.08
2224666807,-0.738,-0.427,0.13,-15.069,2.26,3.176,34.22
2224681053,-0.701,-0.498,0.111,-13.878,4.275,3.282,34.18
2224686916,-0.732,-0.484,0.1,-10.855,6.534,4.153,34.13
2224695964,-0.739,-0.457,0.093,-12.931,5.313,4.473,34.18
2224706909,-0.74,-0.471,0.094,-14.595,4.718,5.908,34.18
2224714724,-0.734,-0.475,0.095,-15.45,2.504,6.275,34.22
2224726576,-0.753,-0.463,0.094,-15.573,0.565,5.847,34.08
2224733051,-0.763,-0.479,0.096,-15.466,-1.008,7.786,34.18
2224747454,-0.737,-0.469,0.086,-16.595,-3.053,7.74,34.18
2224756667,-0.715,-0.498,0.09,-16.382,-0.763,8.412,34.22
2224764704,-0.721,-0.489,0.126,-11.847,1.221,9.206,34.08
2224776676,-0.695,-0.463,0.104,-11.756,4.504,8.092,34.22
2224788144,-0.71,-0.447,0.098,-13.252,7.099,7.847,34.18
2224796722,-0.73,-0.457,0.078,-12.824,8.076,9.573,34.22
2224804694,-0.721,-0.478,0.074,-12.809,8.931,8.794,34.18
2224820406,-0.729,-0.493,0.07,-13.405,11.069,8.092,34.04
2224827698,-0.769,-0.472,0.084,-9.924,9.771,8.595,34.13
2224833951,-0.768,-0.431,0.072,-16.061,6.168,9.45,34.18
2224847524,-0.765,-0.448,0.07,-18.87,6.092,10.046,34.04
2224856908,-0.731,-0.465,0.091,-18.092,6.916,9.863,34.18
2224865718,-0.696,-0.498,0.108,-15.603,12.275,10.26,34.13
2224872685,-0.7,-0.474,0.084,-12.641,15.16,9.786,34.08
2224888818,-0.752,-0.437,0.068,-12.092,13.832,8.977,34.13
2224897045,-0.759,-0.469,0.036,-14.366,13.466,10.153,34.08
2224905049,-0.735,-0.475,0.071,-13.145,12.992,10.046,34.22
2224920376,-0.722,-0.465,0.067,-12.336,14.153,9.252,33.89
2224924088,-0.742,-0.44,0.049,-10.626,16.443,8.26,34.13
2224934161,-0.74,-0.437,0.037,-12.26,19.527,7.389,34.08
2224947463,-0.752,-0.469,0.078,-9.344,20.046,8.382,34.18
2224955413,-0.765,-0.413,0.056,-11.588,20.519,8.122,34.18
2224965859,-0.764,-0.406,0.052,-12.687,17.206,10.122,34.08
2224977865,-0.696,-0.466,0.054,-13.954,19.481,9.603,34.04
2224992648,-0.69,-0.468,0.014,-12.275,24.947,5.649,34.18
2224996533,-0.741,-0.417,0.027,-12.412,25.45,4.611,34.13
2225005696,-0.753,-0.418,0.036,-11.389,24.275,5.053,34.18
2225017858,-0.749,-0.412,0.0,-13.954,23.634,5.252,34.22
2225025405,-0.752,-0.462,0.03,-10.351,23.908,5.573,34.18
2225034419,-0.79,-0.445,-0.008,-12.382,23.359,5.145,34.13
2225048949,-0.786,-0.462,-0.01,-12.565,21.893,5.954,34.08
2225060460,-0.809,-0.434,-0.011,-15.878,22.336,6.992,34.13
2225068344,-0.801,-0.437,0.025,-17.053,20.092,9.756,34.13
2225074770,-0.758,-0.429,0.008,-17.267,22.748,8.076,34.08
2225088921,-0.762,-0.436,0.021,-17.817,24.916,9.252,34.13
2225097672,-0.769,-0.444,0.004,-17.206,25.588,8.718,34.08
2225105071,-0.765,-0.47,0.01,-14.641,24.794,7.863,34.22
2225116340,-0.77,-0.445,-0.052,-17.42,24.412,8.962,34.08
2225127765,-0.78,-0.465,-0.025,-17.725,22.748,8.824,34.04
2225134416,-0.805,-0.471,-0.011,-17.42,20.748,9.603,34.18
2225146908,-0.783,-0.444,0.015,-15.42,21.496,10.565,34.13
2225159812,-0.746,-0.437,-0.028,-16.565,24.855,10.55,34.18
2225165748,-0.747,-0.457,0.005,-12.626,26.321,11.221,34.13
2225177056,-0.747,-0.415,-0.023,-10.519,28.611,9.252,34.18
2225188740,-0.767,-0.381,-0.035,-12.931,28.046,9.603,34.18
2225197935,-0.778,-0.395,-0.051,-15.893,26.611,9.084,34.13
2225205839,-0.785,-0.441,-0.072,-15.74,26.733,9.191,34.08
2225217082,-0.78,-0.45,-0.054,-13.435,26.687,8.718,34.13
2225228033,-0.799,-0.41,-0.049,-11.588,29.038,8.321,34.18
2225233816,-0.808,-0.386,-0.055,-13.71,25.252,9.893,34.13
2225245736,-0.784,-0.379,-0.081,-15.985,26.244,10.824,34.18
2225255588,-0.792,-0.398,-0.102,-15.939,27.145,11.634,34.13
2225270414,-0.758,-0.398,-0.087,-16.641,26.107,10.107,34.18
2225276851,-0.747,-0.404,-0.081,-14.55,27.832,8.366,34.13
2225289068,-0.775,-0.365,-0.092,-15.542,28.977,8.092,34.18
2225295918,-0.77,-0.381,-0.114,-17.832,28.855,7.908,34.22
2225305276,-0.804,-0.438,-0.119,-15.099,29.466,9.282,34.27
2225320861,-0.79,-0.457,-0.118,-13.252,28.87,9.191,34.22
2225332479,-0.816,-0.429,-0.131,-10.55,28.107,9.435,33.99
2225336309,-0.787,-0.385,-0.107,-9.985,29.679,9.267,34.08
2225345310,-0.8,-0.346,-0.117,-13.221,30.351,8.931,34.13
2225357098,-0.8,-0.312,-0.175,-18.55,28.809,9.542,34.18
2225370368,-0.747,-0.376,-0.129,-18.641,29.053,8.076,34.22
2225381823,-0.762,-0.4,-0.137,-16.046,31.969,7.176,34.18
2225386733,-0.771,-0.414,-0.149,-14.29,34.153,5.954,34.13
2225396400,-0.795,-0.409,-0.158,-14.321,32.244,7.618,34.18
2225408775,-0.784,-0.409,-0.12,-13.099,30.672,6.992,34.13
2225414695,-0.809,-0.378,-0.147,-12.061,28.015,6.473,34.18
2225428491,-0.802,-0.354,-0.172,-14.595,25.13,6.061,34.13
2225434712,-0.781,-0.349,-0.137,-16.412,23.374,5.466,34.18
2225445383,-0.769,-0.335,-0.143,-18.702,22.87,4.779,34.13
2225456549,-0.751,-0.36,-0.13,-19.573,20.489,5.557,34.08
2225464278,-0.745,-0.391,-0.153,-16.382,21.664,4.244,34.13
2225477005,-0.731,-0.43,-0.157,-13.74,22.641,3.573,34.18
2225486485,-0.743,-0.419,-0.179,-10.534,24.84,3.42,34.18
2225498430,-0.792,-0.376,-0.162,-11.221,25.405,3.725,34.13
2225511229,-0.793,-0.347,-0.175,-12.763,20.855,4.198,34.18
2225516499,-0.753,-0.355,-0.136,-15.939,19.344,3.954,34.13
2225526886,-0.751,-0.371,-0.168,-14.901,23.13,2.321,34.18
2225536282,-0.763,-0.37,-0.192,-14.87,27.634,0.672,34.04
2225548529,-0.789,-0.358,-0.219,-17.634,27.145,3.328,34.18
2225556124,-0.778,-0.415,-0.191,-16.885,28.198,3.74,34.13
2225563123,-0.803,-0.41,-0.224,-14.076,28.702,3.924,34.08
2225581542,-0.843,-0.417,-0.298,-14.183,27.496,4.962,34.13
2225591498,-0.815,-0.417,-0.226,-12.809,26.824,3.42,34.18
2225595300,-0.854,-0.295,-0.25,-13.466,22.0,4.763,34.22
2225614736,-0.784,-0.288,-0.25,-14.763,21.42,4.504,34.13
2225627440,-0.745,-0.286,-0.252,-17.221,25.176,4.519,34.18
2225632355,-0.759,-0.321,-0.281,-16.366,27.618,4.809,34.18
2225637523,-0.759,-0.342,-0.302,-17.069,29.405,6.0,34.18
2225645015,-0.796,-0.339,-0.289,-17.008,30.015,7.969,34.22
2225657555,-0.771,-0.318,-0.293,-18.916,31.145,9.252,34.18
2225664433,-0.808,-0.335,-0.266,-17.16,27.618,10.489,34.13
2225674541,-0.771,-0.34,-0.274,-14.26,26.55,9.588,34.08
2225689971,-0.751,-0.351,-0.282,-11.282,24.58,9.466,34.13
2225699528,-0.738,-0.342,-0.282,-10.229,25.16,10.031,34.18
2225706264,-0.725,-0.347,-0.354,-10.656,29.695,8.855,34.13
2225713119,-0.738,-0.387,-0.299,-11.038,28.718,9.603,34.18
2225729868,-0.742,-0.38,-0.269,-5.908,33.099,7.435,34.18
2225737609,-0.799,-0.318,-0.304,-9.679,33.389,7.267,34.13
2225744368,-0.789,-0.336,-0.31,-13.053,35.206,7.542,34.08
2225759875,-0.838,-0.346,-0.321,-14.366,33.084,8.565,34.13
2225766275,-0.8,-0.407,-0.293,-13.008,30.26,8.015,34.08
2225774102,-0.745,-0.374,-0.295,-6.458,30.092,6.962,34.13
2225786542,-0.709,-0.329,-0.342,-3.71,31.069,6.443,34.08
2225793153,-0.697,-0.332,-0.347,-3.084,34.824,5.008,34.13
2225807370,-0.743,-0.306,-0.34,-4.0,33.008,6.046,34.08
2225816060,-0.74,-0.291,-0.306,-7.924,33.099,5.649,34.13
2225827922,-0.77,-0.313,-0.332,-7.115,32.992,3.863,34.08
2225840523,-0.769,-0.302,-0.334,-7.695,32.824,4.336,34.22
2225845857,-0.79,-0.322,-0.336,-10.092,27.45,5.038,34.18
2225855969,-0.783,-0.36,-0.349,-7.939,25.817,4.58,34.08
2225866330,-0.779,-0.35,-0.357,-7.466,23.954,6.382,34.13
2225877591,-0.745,-0.351,-0.359,-6.55,21.71,7.267,34.08
2225886632,-0.729,-0.296,-0.337,-6.412,21.023,8.382,34.13
2225893420,-0.749,-0.272,-0.347,-8.443,18.672,8.244,34.27
2225909560,-0.713,-0.263,-0.358,-9.42,17.008,7.618,34.13
2225916151,-0.705,-0.292,-0.363,-10.107,16.366,6.107,34.18
2225926045,-0.745,-0.324,-0.375,-10.779,17.176,5.16,34.13
2225938045,-0.765,-0.34,-0.367,-11.038,18.427,4.565,34.08
2225945315,-0.778,-0.315,-0.353,-11.969,13.893,6.901,34.13
2225958612,-0.755,-0.336,-0.375,-12.122,12.198,7.985,34.18
2225967849,-0.731,-0.353,-0.386,-10.718,11.313,8.489,34.18
2225977041,-0.699,-0.342,-0.37,-7.695,12.0,7.45,34.13
2225986372,-0.71,-0.275,-0.365,-8.031,11.939,7.328,34.18
2225993342,-0.729,-0.262,-0.391,-10.321,11.313,6.885,34.08
2226009992,-0.716,-0.283,-0.384,-12.947,10.336,5.008,34.18
2226020490,-0.765,-0.28,-0.384,-13.298,9.969,4.061,34.04
2226025791,-0.76,-0.303,-0.39,-13.71,8.824,3.802,34.08
2226039362,-0.744,-0.325,-0.366,-12.092,6.824,4.519,34.13
2226049189,-0.732,-0.323,-0.383,-8.672,4.779,6.183,34.18
2226056560,-0.721,-0.315,-0.392,-6.076,0.672,6.794,34.22
2226068622,-0.676,-0.316,-0.383,-2.565,-0.107,4.748,34.08
2226078458,-0.709,-0.264,-0.385,-1.954,1.374,3.71,34.13
2226086842,-0.726,-0.24,-0.371,-4.779,1.511,2.595,34.18
2226093923,-0.719,-0.244,-0.368,-7.389,1.313,0.885,34.18
2226107182,-0.733,-0.262,-0.372,-9.282,2.275,-0.168,34.13
2226117985,-0.757,-0.302,-0.394,-9.42,2.015,-0.656,34.18
2226126171,-0.75,-0.363,-0.378,-7.786,1.847,-0.962,34.22
2226139912,-0.756,-0.351,-0.368,-3.756,1.863,0.305,34.08
2226146959,-0.726,-0.35,-0.374,-1.13,1.771,0.611,34.22
2226156543,-0.728,-0.325,-0.382,1.115,2.992,0.748,34.08
2226168455,-0.726,-0.312,-0.407,2.107,5.084,0.061,34.04
2226178891,-0.729,-0.301,-0.379,0.779,5.649,-1.695,34.18
2226183336,-0.73,-0.292,-0.383,1.008,7.924,-1.695,34.13
2226194964,-0.734,-0.255,-0.401,-1.053,9.298,-2.947,34.18
2226207029,-0.766,-0.279,-0.418,-3.664,8.412,-2.855,34.13
2226219078,-0.793,-0.319,-0.41,-3.557,6.656,-2.076,34.18
2226227101,-0.768,-0.332,-0.413,-1.191,3.618,-2.061,34.22
2226235116,-0.74,-0.306,-0.405,0.809,2.321,-1.878,34.18
2226247267,-0.706,-0.281,-0.409,1.908,2.565,-1.237,34.18
2226253570,-0.709,-0.246,-0.422,2.107,3.908,-0.504,34.04
2226266886,-0.732,-0.243,-0.419,0.198,3.603,-0.534,34.08
2226279233,-0.752,-0.255,-0.435,-2.519,4.473,-0.992,34.13
2226283939,-0.743,-0.279,-0.411,-3.405,4.244,-1.725,34.18
2226295445,-0.773,-0.277,-0.431,-3.756,4.611,-1.481,34.22
2226309209,-0.784,-0.304,-0.424,-4.061,3.878,-1.145,34.18
2226318087,-0.746,-0.328,-0.413,-3.084,2.076,-0.168,34.13
2226326832,-0.741,-0.309,-0.429,-0.672,3.221,0.901,34.18
2226337789,-0.747,-0.298,-0.451,-1.847,5.069,2.061,34.13
2226349832,-0.755,-0.292,-0.434,-2.901,7.863,1.45,34.08
2226355733,-0.798,-0.278,-0.44,-5.893,8.748,2.931,34.13
2226366322,-0.825,-0.279,-0.444,-11.847,9.542,4.214,34.18
2226378742,-0.796,-0.332,-0.432,-15.374,8.595,5.13,34.08
2226386484,-0.823,-0.305,-0.468,-16.992,8.076,7.115,34.13
2226396217,-0.82,-0.35,-0.459,-17.725,5.863,9.985,34.18
2226403053,-0.757,-0.369,-0.454,-12.84,5.099,9.359,34.04
2226419033,-0.762,-0.266,-0.453,-9.847,8.397,10.519,34.08
2226429552,-0.761,-0.21,-0.449,-13.634,10.092,10.779,34.13
2226436813,-0.748,-0.221,-0.482,-18.29,11.863,9.878,34.18
2226448616,-0.763,-0.219,-0.491,-21.45,13.771,8.519,34.13
2226455620,-0.786,-0.244,-0.462,-25.13,15.74,8.855,34.18
2226466330,-0.845,-0.23,-0.44,-27.344,14.504,11.603,34.13
2226477482,-0.787,-0.281,-0.493,-28.076,11.573,14.916,34.18
2226490512,-0.722,-0.3,-0.452,-21.71,11.817,17.527,34.32
2226495750,-0.734,-0.233,-0.488,-16.427,12.26,19.084,34.18
2226502228,-0.728,-0.187,-0.474,-16.061,12.87,20.107,34.18
2226516776,-0.729,-0.157,-0.481,-15.939,13.573,19.374,34.08
2226528490,-0.727,-0.156,-0.491,-17.847,15.115,18.031,34.08
2226534246,-0.747,-0.165,-0.508,-19.313,18.916,16.779,34.22
2226545829,-0.783,-0.197,-0.46,-19.176,17.176,14.733,34.18
2226557502,-0.859,-0.172,-0.487,-25.939,16.0,20.718,34.13
2226566641,-0.78,-0.23,-0.49,-24.947,13.481,21.435,34.08
2226579879,-0.759,-0.244,-0.5,-22.031,13.16,23.176,34.22
2226586652,-0.754,-0.241,-0.49,-17.313,13.969,23.267,34.18
2226595295,-0.711,-0.19,-0.479,-14.748,14.641,21.802,34.13
2226606281,-0.672,-0.162,-0.506,-13.282,18.198,19.511,34.18
2226612848,-0.691,-0.167,-0.508,-14.198,22.672,17.832,34.13
2226626721,-0.724,-0.207,-0.49,-12.656,24.412,14.718,34.18
2226638062,-0.739,-0.192,-0.535,-14.626,27.252,15.481,34.22
2226647200,-0.755,-0.242,-0.521,-11.939,27.695,15.42,34.08
2226656504,-0.749,-0.241,-0.539,-10.382,26.748,15.969,34.18
2226664645,-0.735,-0.26,-0.524,-7.13,26.55,16.931,34.18
2226675976,-0.719,-0.214,-0.514,-5.481,25.771,17.71,34.18
2226688251,-0.708,-0.16,-0.507,-5.298,26.29,15.679,34.04
2226696152,-0.688,-0.131,-0.511,-7.664,28.687,12.672,34.18
2226705252,-0.676,-0.135,-0.509,-8.519,30.992,8.916,34.13
2226711186,-0.702,-0.149,-0.541,-10.29,32.137,6.305,34.18
2226729784,-0.722,-0.223,-0.55,-10.305,31.344,5.267,34.13
2226737766,-0.732,-0.212,-0.51,-7.435,29.038,5.435,34.08
2226744595,-0.705,-0.179,-0.522,-6.931,26.29,7.389,34.13
2226762234,-0.654,-0.21,-0.516,-4.55,27.802,8.687,34.18
2226768051,-0.671,-0.196,-0.523,-2.382,28.55,10.183,34.22
2226778942,-0.666,-0.175,-0.543,-1.374,30.718,8.55,34.08
2226787355,-0.672,-0.121,-0.537,-1.649,32.153,5.893,34.22
2226796756,-0.697,-0.122,-0.559,-5.237,32.092,4.153,34.13
2226805476,-0.698,-0.153,-0.578,-7.817,32.153,2.641,34.18
2226812300,-0.734,-0.172,-0.571,-8.656,33.053,2.687,34.18
2226829744,-0.741,-0.213,-0.558,-8.336,28.748,5.176,34.08
2226838834,-0.688,-0.215,-0.568,-4.534,28.794,5.924,34.22
2226845118,-0.659,-0.179,-0.573,-1.328,32.916,5.313,34.08
2226857336,-0.736,-0.144,-0.608,-3.527,28.718,6.748,34.22
2226867616,-0.709,-0.143,-0.599,-7.756,27.756,7.115,34.08
2226878348,-0.668,-0.131,-0.604,-11.725,29.817,4.595,34.13
2226887512,-0.742,-0.132,-0.601,-16.305,26.015,4.84,34.08
2226898901,-0.749,-0.127,-0.626,-18.382,24.519,7.344,34.13
2226905562,-0.694,-0.18,-0.608,-18.687,22.504,8.275,34.08
2226911230,-0.708,-0.17,-0.617,-13.298,22.382,10.092,34.13
2226926842,-0.697,-0.137,-0.64,-12.366,20.458,13.527,34.08
2226940650,-0.709,-0.125,-0.637,-12.489,18.58,15.802,34.13
2226945371,-0.708,-0.101,-0.637,-15.435,16.519,17.603,34.22
2226959575,-0.72,-0.066,-0.64,-20.031,13.893,17.924,34.18
2226969343,-0.714,-0.053,-0.624,-24.916,10.611,17.115,34.18
2226975685,-0.673,-0.066,-0.625,-28.229,9.328,15.725,34.08
2226985801,-0.667,-0.054,-0.582,-27.16,9.679,14.275,34.22
2226997825,-0.672,-0.023,-0.615,-26.336,7.664,17.328,34.18
2227004626,-0.579,-0.136,-0.605,-23.74,6.58,19.191,34.13
2227016377,-0.587,-0.161,-0.617,-15.42,9.16,21.435,34.18
2227025867,-0.604,-0.111,-0.598,-11.466,10.962,22.153,34.22
2227037612,-0.606,-0.086,-0.587,-8.534,11.145,20.702,34.08
2227047540,-0.59,-0.07,-0.574,-6.412,13.16,17.267,34.22
2227059444,-0.658,-0.052,-0.593,-4.931,14.977,14.107,34.27
2227070208,-0.688,-0.082,-0.594,-7.16,12.015,11.038,34.13
2227076144,-0.687,-0.113,-0.583,-7.802,9.45,8.366,34.27
2227086978,-0.665,-0.106,-0.597,-8.916,8.962,7.389,34.08
2227099584,-0.623,-0.122,-0.626,-7.74,10.366,4.794,34.22
2227104610,-0.603,-0.154,-0.593,-2.183,14.229,3.176,34.18
2227116405,-0.583,-0.178,-0.585,2.473,16.183,1.45,34.18
2227129755,-0.6,-0.145,-0.587,8.275,19.557,0.504,34.08
2227139991,-0.608,-0.134,-0.603,9.511,20.351,-2.107,34.04
2227145628,-0.562,-0.159,-0.593,11.679,23.817,-5.802,34.18
2227157131,-0.619,-0.116,-0.635,14.473,26.458,-10.58,34.13
2227168509,-0.659,-0.097,-0.663,13.282,23.405,-14.183,34.18
2227174411,-0.71,-0.141,-0.642,9.71,23.74,-12.489,34.13
2227185493,-0.697,-0.184,-0.624,8.214,20.412,-11.817,34.08
2227197322,-0.704,-0.141,-0.644,6.992,17.557,-10.885,34.04
2227205385,-0.648,-0.133,-0.627,5.115,14.84,-9.084,34.08
2227216210,-0.591,-0.134,-0.641,6.779,14.168,-10.168,34.08
2227223613,-0.582,-0.134,-0.67,10.168,15.267,-11.542,34.22
2227238303,-0.577,-0.109,-0.684,10.198,13.924,-9.603,34.18
2227246953,-0.532,-0.123,-0.673,12.305,17.618,-12.489,34.13
2227256625,-0.627,-0.079,-0.669,9.847,15.71,-11.13,34.08
2227270619,-0.637,-0.069,-0.658,6.718,14.305,-9.618,34.08
2227275718,-0.62,-0.068,-0.63,5.756,13.969,-9.45,34.27
2227286625,-0.677,-0.036,-0.674,5.74,13.282,-7.42,34.13
2227298978,-0.645,-0.112,-0.668,6.412,9.679,-4.305,34.18
2227306512,-0.585,-0.112,-0.689,8.779,10.336,-4.427,34.13
2227316196,-0.642,-0.079,-0.733,9.16,12.412,-4.351,34.18
2227323120,-0.624,-0.101,-0.656,7.191,8.901,-5.069,34.22
2227338537,-0.649,-0.076,-0.654,8.0,9.969,-5.649,34.18
2227346119,-0.686,-0.069,-0.707,0.183,11.115,-4.168,34.13
2227355855,-0.734,-0.081,-0.665,-6.244,13.008,-2.626,34.18
2227371379,-0.734,-0.103,-0.708,-6.672,8.84,-0.672,34.13
2227383953,-0.698,-0.116,-0.761,-12.733,8.779,-0.794,34.13
2227385938,-0.707,-0.169,-0.703,-10.794,4.397,1.985,34.08
2227396901,-0.657,-0.146,-0.734,-7.649,-0.366,1.802,34.22
2227406626,-0.627,-0.077,-0.728,-10.336,-2.55,3.16,34.18
2227417290,-0.587,-0.058,-0.742,-15.511,-1.176,3.573,34.18
2227423012,-0.593,-0.104,-0.713,-15.511,-1.435,3.817,34.18
2227436102,-0.594,-0.093,-0.734,-17.756,-1.328,3.985,34.13
2227450106,-0.615,-0.134,-0.711,-18.55,-0.031,4.305,34.18
2227458017,-0.6,-0.165,-0.698,-14.947,-2.0,3.649,34.22
2227467467,-0.574,-0.123,-0.68,-10.656,-1.74,3.481,34.08
2227482261,-0.57,-0.135,-0.723,-8.0,-0.718,5.099,34.13
2227490558,-0.591,-0.156,-0.695,-4.611,0.076,7.069,34.18
2227497365,-0.598,-0.105,-0.706,-3.695,-0.794,8.672,34.22
2227504695,-0.555,-0.108,-0.675,-3.664,0.916,7.832,34.27
2227518870,-0.55,-0.096,-0.682,-1.511,4.672,4.366,34.13
2227526406,-0.616,-0.109,-0.709,0.153,8.473,1.771,34.13
2227536375,-0.66,-0.146,-0.696,-0.687,7.252,0.855,34.18
2227542721,-0.652,-0.139,-0.685,0.214,5.145,-0.26,34.04
2227554688,-0.663,-0.103,-0.715,-1.786,4.611,-0.397,34.18
2227568106,-0.654,-0.095,-0.69,-5.023,2.84,-1.206,34.27
2227574567,-0.613,-0.105,-0.68,-5.618,2.992,-2.458,34.18
2227589022,-0.618,-0.102,-0.691,-4.947,4.366,-2.183,34.04
2227600086,-0.567,-0.139,-0.688,-3.038,6.168,-2.656,34.18
2227607202,-0.562,-0.138,-0.688,0.26,10.244,-2.748,34.13
2227617556,-0.6,-0.107,-0.712,2.351,11.924,-3.221,34.18
2227629408,-0.615,-0.107,-0.705,2.565,11.893,-5.053,34.13
2227636675,-0.639,-0.094,-0.702,1.634,10.504,-3.756,34.08
2227643470,-0.61,-0.065,-0.688,-0.137,10.763,-4.565,34.13
2227655039,-0.648,-0.079,-0.702,-2.305,9.664,-3.847,34.18
2227668730,-0.654,-0.12,-0.7,-4.458,9.924,-1.221,34.18
2227680720,-0.643,-0.135,-0.69,-3.664,9.802,0.321,34.22
2227687042,-0.63,-0.092,-0.695,-3.664,9.206,1.573,34.08
2227702933,-0.602,-0.098,-0.682,-3.71,9.008,2.244,34.13
2227710222,-0.605,-0.103,-0.696,-3.634,9.74,3.298,34.18
2227715786,-0.625,-0.091,-0.678,-3.344,9.008,4.84,34.27
2227726373,-0.631,-0.066,-0.691,-3.359,7.282,6.992,34.18
2227739129,-0.616,-0.063,-0.677,-2.809,6.122,7.847,34.13
2227746510,-0.604,-0.064,-0.68,-1.588,4.198,7.817,34.18
2227756235,-0.596,-0.068,-0.705,-0.443,2.763,8.092,34.22
2227763259,-0.582,-0.094,-0.695,1.664,1.695,6.687,34.27
2227780377,-0.608,-0.068,-0.721,0.824,1.634,6.122,34.13
2227787414,-0.641,-0.091,-0.705,-0.779,0.031,5.573,34.18
2227797391,-0.661,-0.104,-0.687,-2.153,-1.634,5.588,34.13
2227807391,-0.652,-0.105,-0.682,-3.496,-4.0,6.565,34.18
2227820948,-0.617,-0.141,-0.673,-2.977,-4.321,6.473,34.18
2227826236,-0.564,-0.157,-0.681,2.29,-0.947,3.893,34.13
2227838067,-0.602,-0.151,-0.691,4.87,1.45,2.885,34.18
2227849175,-0.589,-0.173,-0.7,6.84,4.015,1.679,34.22
2227858259,-0.604,-0.146,-0.691,7.557,6.122,1.023,34.18
2227864513,-0.592,-0.107,-0.695,6.137,9.008,-1.328,34.13
2227877177,-0.633,-0.109,-0.692,3.542,8.87,-2.824,34.18
2227890023,-0.622,-0.104,-0.684,2.901,8.84,-3.695,34.22
2227898898,-0.593,-0.083,-0.718,2.061,8.809,-5.221,34.08
2227904599,-0.621,-0.143,-0.727,3.328,7.969,-4.779,34.22
2227915827,-0.585,-0.163,-0.709,7.496,7.908,-4.382,34.08
2227929778,-0.5,-0.086,-0.694,10.015,11.038,-6.092,34.22
2227934952,-0.628,-0.024,-0.758,6.58,11.603,-5.069,34.18
2227946237,-0.612,-0.1,-0.723,6.122,13.42,-7.481,34.27
2227955925,-0.665,-0.095,-0.72,4.137,10.351,-6.595,34.22
2227966030,-0.7,-0.106,-0.738,0.87,5.252,-4.168,34.27
2227970789,-0.651,-0.13,-0.706,0.26,3.664,-4.168,34.13
2227984845,-0.648,-0.071,-0.73,-1.588,2.061,-2.702,34.27
2227997718,-0.636,-0.1,-0.728,-5.252,1.802,-0.84,34.22
2228010160,-0.598,-0.115,-0.708,-6.779,2.26,-0.321,34.18
2228016544,-0.617,-0.065,-0.707,-7.344,-0.29,2.901,34.13
2228031089,-0.564,-0.096,-0.706,-8.611,0.0,2.916,34.18
2228038233,-0.578,-0.102,-0.691,-6.473,-0.504,3.435,34.13
2228048587,-0.573,-0.104,-0.71,-5.16,-1.771,3.634,34.18
2228056819,-0.612,-0.123,-0.698,-4.305,-2.901,4.229,34.18
2228068574,-0.613,-0.116,-0.685,-3.878,-5.374,4.427,34.22
2228073267,-0.623,-0.081,-0.677,-6.397,-6.779,3.618,34.08
2228084357,-0.64,-0.086,-0.662,-9.74,-11.863,3.511,34.18
2228096868,-0.617,-0.075,-0.647,-13.725,-15.588,3.145,34.18
2228106671,-0.617,-0.078,-0.628,-16.656,-21.45,4.26,34.13
2228115385,-0.6,-0.088,-0.602,-16.992,-28.336,4.977,34.08
2228127176,-0.596,-0.093,-0.626,-12.962,-32.687,5.053,34.13
2228139986,-0.566,-0.109,-0.581,-13.557,-37.099,3.786,34.08
2228146116,-0.524,-0.17,-0.55,-8.565,-39.588,1.649,34.13
2228156572,-0.534,-0.129,-0.561,-6.382,-39.496,1.115,34.08
2228166621,-0.578,-0.092,-0.568,-6.198,-41.603,0.718,34.13
2228177447,-0.598,-0.112,-0.529,-6.656,-46.214,0.244,34.13
2228183438,-0.579,-0.103,-0.532,-6.473,-51.969,-1.13,34.18
2228195651,-0.633,-0.094,-0.543,-8.046,-56.122,0.26,34.22
2228208634,-0.667,-0.088,-0.537,-12.275,-63.16,-1.191,34.18
2228219440,-0.64,-0.145,-0.521,-10.885,-68.672,0.046,34.22
2228227404,-0.618,-0.156,-0.518,-8.55,-72.855,-3.038,34.18
2228239273,-0.614,-0.157,-0.493,-3.023,-72.824,-5.573,34.13
2228248752,-0.622,-0.118,-0.509,-1.374,-74.992,-8.55,34.18
2228259025,-0.656,-0.097,-0.497,-0.87,-79.618,-11.115,34.32
2228267278,-0.689,-0.093,-0.494,-2.458,-85.802,-12.992,34.27
2228277765,-0.719,-0.085,-0.472,-5.221,-93.115,-14.214,34.22
2228287141,-0.677,-0.104,-0.463,-9.863,-100.397,-15.618,34.13
2228293881,-0.639,-0.135,-0.441,-8.092,-101.191,-22.244,34.18
2228306046,-0.758,-0.111,-0.409,-5.237,-107.008,-24.458,34.18
2228317148,-0.82,-0.07,-0.389,-10.458,-120.214,-23.588,34.18
2228326673,-0.806,-0.035,-0.361,-13.038,-130.809,-24.977,34.22
2228338278,-0.825,-0.033,-0.42,-20.916,-141.42,-22.962,34.27
2228349227,-0.792,-0.098,-0.363,-28.55,-146.366,-23.878,34.13
2228354783,-0.757,-0.145,-0.268,-23.496,-150.489,-28.55,34.27
2228366201,-0.79,-0.141,-0.339,-22.183,-151.069,-30.275,34.13
2228378151,-0.808,-0.109,-0.3,-24.733,-157.389,-31.13,34.18
2228385985,-0.842,-0.133,-0.258,-24.275,-164.427,-33.802,34.22
2228395328,-0.903,-0.111,-0.271,-28.351,-168.58,-32.504,34.18
2228410225,-0.86,-0.128,-0.245,-34.992,-171.176,-33.878,34.08
2228420592,-0.823,-0.178,-0.181,-32.489,-177.328,-35.435,34.13
2228425710,-0.848,-0.157,-0.187,-33.557,-178.107,-35.252,34.18
2228436960,-0.843,-0.14,-0.166,-35.359,-184.901,-35.374,34.22
2228448174,-0.851,-0.172,-0.144,-38.443,-191.725,-33.099,34.18
2228458760,-0.85,-0.137,-0.154,-41.328,-192.656,-33.771,34.22
2228467010,-0.907,-0.174,-0.088,-45.328,-192.947,-32.519,34.18
2228480898,-0.888,-0.239,-0.109,-51.863,-195.863,-32.748,34.13
2228488176,-0.803,-0.292,-0.041,-48.061,-191.328,-36.031,34.08
2228496820,-0.898,-0.253,0.0,-45.008,-192.733,-36.672,34.22
2228503197,-0.885,-0.226,0.009,-49.206,-191.145,-36.87,34.18
2228515155,-0.928,-0.23,0.031,-53.115,-194.748,-34.061,34.13
2228527773,-0.88,-0.234,0.034,-59.557,-193.374,-31.282,34.18
2228539105,-0.854,-0.273,0.073,-64.427,-192.87,-32.733,34.18
2228545926,-0.826,-0.283,0.101,-63.191,-186.458,-36.611,34.22
2228558101,-0.867,-0.31,0.137,-63.237,-179.695,-36.748,34.08
2228568776,-0.917,-0.263,0.152,-62.855,-178.763,-37.282,34.13
2228576349,-0.847,-0.312,0.16,-64.84,-169.863,-34.885,34.18
2228588684,-0.844,-0.333,0.17,-67.771,-168.046,-32.916,34.22
2228598137,-0.849,-0.28,0.16,-63.42,-156.015,-30.275,34.18
2228605796,-0.91,-0.269,0.06,-62.473,-142.168,-24.046,34.22
2228611442,-0.845,-0.324,-0.027,-65.527,-120.229,-25.282,34.18
2228626758,-0.837,-0.383,0.08,-56.382,-92.718,-19.603,34.13
2228636358,-0.766,-0.377,0.236,-51.603,-65.695,-9.573,34.18
2228645317,-0.782,-0.261,0.35,-36.412,-48.901,-27.985,34.13
2228657608,-0.722,-0.302,0.495,-4.809,-32.687,-42.55,34.13
2228670203,-0.763,-0.09,0.473,27.038,-17.267,-44.412,34.18
2228675425,-0.843,0.047,0.325,35.878,-4.29,-42.382,34.18
2228688455,-0.837,0.068,0.419,32.794,2.29,-42.443,34.18
2228699559,-0.757,-0.072,0.48,23.45,-7.847,-41.084,34.13
2228705706,-0.761,-0.186,0.563,20.58,-10.55,-33.511,34.18
2228716508,-0.831,-0.256,0.486,20.611,-14.137,-19.344,34.22
2228723315,-0.769,-0.351,0.445,3.267,-22.55,-8.947,34.18
2228741549,-0.69,-0.403,0.547,-6.489,-27.359,-2.473,34.22
2228748607,-0.644,-0.448,0.572,-1.878,-23.405,2.153,34.18
2228756303,-0.62,-0.454,0.515,7.496,-13.573,2.824,34.22
2228768387,-0.657,-0.419,0.469,15.282,-3.298,3.237,34.18
2228777448,-0.684,-0.391,0.444,17.771,0.977,3.13,34.18
2228788171,-0.672,-0.361,0.437,15.71,2.183,3.695,34.22
2228795739,-0.66,-0.321,0.405,11.878,1.191,6.198,34.18
2228807607,-0.626,-0.293,0.401,6.107,-1.435,8.473,34.22
2228813469,-0.598,-0.28,0.416,1.405,-2.931,9.328,34.18
2228824866,-0.626,-0.323,0.383,1.42,-4.855,8.702,34.13
2228839821,-0.687,-0.329,0.269,2.046,-8.87,7.221,34.18
2228846606,-0.735,-0.313,0.279,0.427,-15.374,7.282,34.13
2228856707,-0.735,-0.252,0.243,-8.473,-27.42,9.115,34.27
2228869836,-0.681,-0.223,0.26,-18.534,-38.061,11.298,34.13
2228879508,-0.671,-0.205,0.267,-31.344,-46.458,13.725,34.18
2228886876,-0.664,-0.207,0.301,-44.687,-53.481,17.344,34.13
2228900662,-0.667,-0.264,0.323,-57.588,-57.969,20.748,34.18
2228909696,-0.635,-0.263,0.379,-65.756,-61.664,22.58,34.18
2228913649,-0.599,-0.292,0.414,-69.74,-63.908,23.832,34.13
2228924032,-0.546,-0.327,0.404,-68.992,-63.771,23.298,34.18
2228937607,-0.559,-0.302,0.356,-68.885,-63.985,22.931,34.13
2228946062,-0.591,-0.284,0.319,-73.924,-67.908,27.725,34.18
2228955885,-0.588,-0.304,0.315,-81.664,-78.611,29.359,34.13
2228967182,-0.555,-0.301,0.3,-93.221,-80.611,32.046,34.18
2228976161,-0.466,-0.333,0.357,-100.137,-68.901,28.214,34.13
2228987389,-0.517,-0.367,0.487,-96.656,-59.084,20.626,34.08
2228998602,-0.567,-0.381,0.522,-88.229,-59.618,16.412,34.22
2229007662,-0.566,-0.388,0.489,-81.328,-59.176,15.206,34.18
2229015937,-0.548,-0.4,0.443,-76.626,-58.718,14.55,34.13
2229022613,-0.575,-0.31,0.422,-76.611,-61.176,16.473,34.13
2229034616,-0.606,-0.282,0.409,-78.153,-65.527,20.87,34.18
2229047238,-0.645,-0.268,0.4,-85.481,-73.588,26.076,34.18
2229055916,-0.581,-0.295,0.418,-93.893,-72.321,27.695,34.18
2229066767,-0.537,-0.345,0.483,-95.344,-60.565,23.74,34.13
2229079790,-0.568,-0.392,0.53,-91.023,-52.656,20.321,34.18
2229085506,-0.534,-0.448,0.483,-83.481,-49.069,17.084,34.13
2229097123,-0.483,-0.445,0.45,-78.504,-46.672,15.313,34.18
2229105760,-0.47,-0.442,0.382,-73.878,-46.031,14.962,34.22
2229115917,-0.547,-0.377,0.304,-73.038,-54.015,17.511,34.18
2229126689,-0.618,-0.328,0.343,-83.588,-66.427,22.489,34.13
2229134498,-0.617,-0.369,0.415,-94.275,-70.214,29.221,34.18
2229149942,-0.57,-0.461,0.53,-98.534,-69.13,31.832,34.13
2229159583,-0.568,-0.483,0.56,-92.29,-70.489,35.405,34.18
2229165365,-0.496,-0.496,0.574,-87.679,-67.176,35.45,34.18
2229178906,-0.393,-0.468,0.533,-83.13,-63.252,24.809,34.13
2229185370,-0.404,-0.375,0.388,-80.702,-58.687,38.916,34.18
2229195813,-0.443,-0.317,0.395,-86.962,-62.336,39.664,34.18
2229208672,-0.481,-0.344,0.442,-92.382,-68.916,24.809,34.18
2229213554,-0.565,-0.384,0.466,-95.618,-82.0,19.985,34.13
2229225152,-0.611,-0.436,0.503,-103.496,-87.496,33.084,34.18
2229238571,-0.679,-0.435,0.508,-118.992,-96.366,54.076,34.13
2229244671,-0.631,-0.486,0.591,-128.992,-95.618,61.725,34.08
2229256033,-0.596,-0.589,0.626,-121.71,-97.206,59.023,34.13
2229265072,-0.467,-0.59,0.583,-107.664,-94.214,58.519,34.18
2229282691,-0.316,-0.564,0.515,-96.214,-82.885,55.267,34.22
2229290658,-0.339,-0.545,0.538,-89.084,-76.061,52.275,34.18
2229296318,-0.369,-0.573,0.522,-83.527,-74.809,51.344,34.13
2229311216,-0.375,-0.633,0.582,-84.427,-71.573,49.206,34.22
2229319806,-0.411,-0.708,0.655,-82.534,-65.038,46.534,34.18
2229324423,-0.391,-0.781,0.757,-66.382,-51.939,37.939,34.22
2229335583,-0.408,-0.685,0.736,-47.679,-37.74,27.435,34.08
2229342297,-0.447,-0.6,0.715,-32.519,-29.16,19.969,34.22
2229362278,-0.496,-0.504,0.685,-21.664,-30.153,18.763,34.18
2229367966,-0.491,-0.445,0.626,-20.794,-29.924,21.969,34.13
2229375998,-0.437,-0.442,0.568,-25.374,-30.305,25.832,34.08
2229387380,-0.384,-0.5,0.501,-33.023,-31.939,28.947,34.22
2229398535,-0.264,-0.63,0.544,-35.802,-24.718,24.641,34.18
2229407529,-0.27,-0.703,0.613,-26.977,-14.565,14.962,34.22
2229419449,-0.363,-0.682,0.65,-11.756,-4.366,7.374,34.18
2229430523,-0.438,-0.583,0.649,2.275,2.947,2.824,34.18
2229435322,-0.483,-0.473,0.605,10.061,3.328,3.038,34.22
2229440906,-0.483,-0.459,0.583,13.695,-0.229,3.221,34.08
2229454236,-0.453,-0.458,0.564,11.42,-7.176,7.771,34.13
2229467667,-0.421,-0.488,0.51,3.145,-11.878,14.321,34.18
2229474338,-0.359,-0.558,0.472,2.458,-7.618,14.473,34.13
2229486726,-0.352,-0.6,0.458,2.931,-3.328,13.374,34.18
2229499673,-0.386,-0.608,0.479,6.26,1.664,9.878,34.13
2229507568,-0.471,-0.556,0.544,11.053,6.565,7.267,34.08
2229512746,-0.507,-0.467,0.608,15.405,7.084,6.565,34.22
2229527769,-0.493,-0.399,0.653,17.939,3.649,4.122,34.08
2229537510,-0.458,-0.424,0.667,18.855,2.229,1.038,34.13
2229545313,-0.432,-0.459,0.637,23.71,4.84,-4.153,34.18
2229555796,-0.412,-0.506,0.566,29.481,10.29,-12.031,34.08
2229566738,-0.396,-0.556,0.48,35.771,14.458,-20.733,34.08
2229578649,-0.378,-0.553,0.437,37.511,21.038,-26.092,34.18
2229586786,-0.384,-0.511,0.427,37.695,27.252,-29.374,34.13
2229595505,-0.407,-0.475,0.455,38.076,30.168,-30.977,34.18
2229606258,-0.419,-0.462,0.51,35.542,30.55,-32.595,34.13
2229614779,-0.476,-0.516,0.781,34.412,32.763,-32.748,34.08
2229624747,-0.822,-0.694,0.957,45.237,33.16,-36.504,34.13
2229637914,-1.114,-0.662,0.958,72.977,46.275,-26.687,34.18
2229646402,-1.071,-0.494,0.455,90.702,56.687,-4.0,34.22
2229656433,-0.42,-0.579,0.147,76.275,70.0,-5.069,34.18
2229663486,-0.417,-0.582,0.428,61.45,62.321,-15.771,34.13
2229674411,-0.341,-0.728,0.622,45.679,33.832,-15.42,34.18
2229686908,0.285,-1.313,0.791,4.153,-35.191,-25.252,34.08
2229696619,0.205,-0.82,0.903,57.084,74.122,-46.229,34.22
2229705977,-0.233,-0.458,0.74,147.389,111.954,-63.802,34.08
2229717371,-0.608,0.069,0.429,112.55,67.847,-49.618,34.18
2229728165,-0.76,0.376,0.82,53.344,4.183,-14.351,34.18
2229737349,-0.594,0.075,1.042,31.252,-11.969,15.725,34.22
2229747665,-0.538,-0.402,1.066,24.443,-24.947,13.588,34.18
2229757456,-0.69,-0.72,0.509,13.817,-28.779,21.008,34.04
2229767620,-0.831,-0.742,0.636,8.611,-28.763,29.252,34.18
2229774710,-1.833,-0.329,0.741,-3.893,-57.344,81.176,34.22
2229786046,-1.828,-0.9,0.113,-18.992,-59.328,124.427,34.18
2229799860,-0.442,-0.931,0.503,-18.29,-38.519,68.321,34.13
2229811295,-0.491,-0.61,0.611,9.908,-13.573,44.107,34.18
2229816993,-0.788,-0.24,0.54,11.053,-2.214,54.198,34.18
2229825386,-0.665,-0.25,0.365,-1.802,-7.13,49.511,34.04
2229836888,-0.475,-0.245,0.581,-0.504,-5.649,33.649,34.08
2229846211,-0.571,-0.265,0.454,12.534,9.389,20.702,34.22
2229859574,-0.77,-0.209,0.408,13.282,8.183,17.405,34.18
2229867868,-0.777,-0.302,0.375,5.695,-3.679,20.824,34.13
2229874720,-0.688,-0.426,0.418,0.061,-16.198,22.0,34.08
2229886463,-0.611,-0.542,0.467,0.718,-25.282,21.206,34.13
2229893451,-0.556,-0.595,0.525,10.565,-32.794,21.496,34.18
2229906505,-0.552,-0.459,0.658,17.863,-40.229,25.008,34.22
2229919244,-0.386,-0.213,0.854,18.26,-44.885,26.336,34.18
2229924784,-0.206,-0.123,0.996,18.26,-32.916,13.191,34.04
2229936949,-0.198,-0.073,1.042,20.977,-19.115,3.71,34.18
2229949467,-0.233,-0.122,0.972,19.435,-6.443,-1.649,34.18
2229955664,-0.303,-0.173,0.964,15.42,0.275,-2.153,34.22
2229967137,-0.314,-0.235,0.924,11.832,6.198,1.786,34.18
2229976122,-0.355,-0.297,0.851,7.802,9.969,4.26,34.13
2229987020,-0.4,-0.321,0.761,3.924,13.313,7.679,34.08
2229993959,-0.421,-0.311,0.757,1.618,15.74,10.931,34.13
2230007139,-0.492,-0.284,0.703,-1.695,17.924,14.443,34.08
2230246737,-0.524,-0.311,0.653,-4.214,18.137,15.954,34.13
2230259662,-0.537,-0.33,0.621,-4.504,18.061,14.763,34.08
2230265912,-0.562,-0.347,0.57,-3.145,17.802,12.779,34.13
2230269110,-0.575,-0.337,0.573,-1.649,16.779,11.725,34.18
2230274536,-0.584,-0.316,0.571,-1.786,14.779,10.87,34.13
2230277688,-0.568,-0.321,0.563,-1.695,11.695,8.595,34.22
2230285112,-0.578,-0.295,0.579,0.779,10.382,5.328,34.18
2230295274,-0.574,-0.254,0.607,3.405,10.29,0.702,34.18
2230300446,-0.562,-0.257,0.625,5.863,10.397,-4.534,34.18
2230306455,-0.546,-0.27,0.616,8.565,11.542,-9.328,34.13
2230308622,-0.528,-0.274,0.633,9.771,11.802,-11.908,34.18
2230312900,-0.509,-0.29,0.637,9.939,11.389,-13.038,34.22
2230317853,-0.502,-0.316,0.629,9.023,9.954,-11.954,34.18
2230328685,-0.502,-0.32,0.637,8.046,9.191,-9.786,34.22
2230334954,-0.488,-0.316,0.677,7.053,8.534,-7.115,34.18
2230342838,-0.481,-0.3,0.689,6.366,9.42,-5.328,34.13
2230344730,-0.503,-0.278,0.679,5.344,9.695,-2.87,34.18
2230346831,-0.494,-0.283,0.659,4.061,8.992,-1.206,34.22
2230348202,-0.507,-0.286,0.646,2.977,7.954,0.763,34.08
2230349527,-0.53,-0.277,0.645,1.618,8.015,3.115,34.27
2230371359,-0.522,-0.282,0.656,0.137,7.221,4.473,34.13
2230385047,-0.512,-0.271,0.676,-1.618,5.985,5.542,34.08
2230390284,-0.495,-0.287,0.694,-1.496,6.779,3.863,34.08
2230394728,-0.522,-0.268,0.695,0.153,10.534,1.145,34.18
2230401000,-0.537,-0.254,0.679,1.115,13.344,-2.351,34.13
2230417101,-0.553,-0.268,0.651,1.771,13.71,-5.267,34.18
2230422811,-0.549,-0.27,0.656,1.481,13.908,-8.137,34.13
2230427633,-0.543,-0.303,0.652,1.145,15.344,-11.542,33.99
2230434959,-0.539,-0.333,0.694,4.489,18.214,-16.809,34.13
2230444573,-0.551,-0.302,0.695,7.557,22.305,-20.809,34.18
2230454481,-0.572,-0.246,0.735,5.206,24.992,-22.366,34.13
2230456884,-0.504,-0.302,0.756,9.053,30.443,-30.504,34.22
2230459158,-0.539,-0.309,0.75,13.038,35.756,-38.611,34.08
2230460541,-0.619,-0.318,0.708,13.16,35.237,-40.672,34.13
2230462098,-0.666,-0.344,0.676,12.824,32.931,-38.443,34.18
2230485569,-0.688,-0.331,0.67,11.71,28.015,-37.832,34.22
2230500987,-0.726,-0.347,0.609,5.588,17.42,-31.573,34.18
2230502591,-0.748,-0.356,0.642,-3.405,8.931,-20.168,34.04
2230508434,-0.829,-0.343,0.644,-13.481,-5.191,-6.046,34.18
2230515330,-0.796,-0.365,0.718,-23.664,-18.26,8.015,34.13
2230526651,-0.746,-0.426,0.767,-30.427,-25.573,14.626,34.18
2230531914,-0.764,-0.515,0.694,-31.618,-24.336,18.015,34.13
2230533704,-0.858,-0.494,0.773,-28.611,-27.176,23.679,34.18
2230538025,-0.863,-0.446,0.872,-24.382,-24.779,31.359,34.18
2230545935,-0.805,-0.544,0.769,-12.824,-6.015,26.931,34.08
2230551555,-0.719,-0.48,0.979,0.137,-9.267,28.458,34.18
2230565826,-0.793,-0.582,0.842,22.809,18.061,14.031,34.13
2230569443,-0.839,-0.544,0.783,37.389,16.519,11.924,34.18
2230571991,-0.741,-0.515,0.805,47.634,22.779,17.817,34.13
2230573631,-0.617,-0.495,0.71,58.748,36.626,11.634,34.18
2230575146,-0.657,-0.503,0.645,65.695,42.885,4.626,34.13
2230598709,-0.711,-0.464,0.587,64.87,37.557,5.74,34.08
2230614133,-0.661,-0.393,0.587,55.954,25.832,10.794,34.13
2230616231,-0.654,-0.301,0.553,48.397,22.473,18.244,34.18
2230621437,-0.664,-0.277,0.531,38.718,17.924,23.786,34.13
2230627377,-0.664,-0.265,0.564,26.275,9.435,28.855,34.13
2230636262,-0.616,-0.257,0.591,16.916,8.168,32.87,34.18
2230645052,-0.556,-0.266,0.636,14.336,10.382,33.435,34.13
2230647676,-0.514,-0.271,0.637,18.031,15.481,29.618,34.18
2230654608,-0.479,-0.265,0.657,24.733,24.183,23.939,34.18
2230662222,-0.45,-0.241,0.643,32.382,34.947,17.221,34.18
2230672289,-0.428,-0.231,0.654,40.916,47.939,8.58,34.22
2230680569,-0.435,-0.219,0.636,48.916,56.962,0.382,34.08
2230682132,-0.464,-0.191,0.614,53.191,59.618,-4.748,34.13
2230684669,-0.47,-0.173,0.59,53.45,59.191,-7.252,34.08
2230686168,-0.438,-0.163,0.557,49.298,61.603,-10.901,34.22
2230687584,-0.44,-0.161,0.525,44.275,64.046,-15.359,34.18
2230711502,-0.46,-0.153,0.475,39.344,64.061,-18.031,34.13
2230725838,-0.458,-0.138,0.437,32.122,64.916,-19.496,34.08
2230729131,-0.474,-0.144,0.405,24.031,67.481,-22.153,34.18
2230734176,-0.539,-0.142,0.376,19.16,61.374,-24.26,34.22
2230740981,-0.583,-0.111,0.345,9.924,56.0,-19.466,34.18
2230754289,-0.593,-0.099,0.322,-1.267,51.206,-15.679,34.13
2230756788,-0.617,-0.091,0.299,-12.779,42.412,-14.458,34.18
2230760725,-0.691,-0.074,0.298,-22.244,28.534,-7.359,34.13
2230768056,-0.709,-0.044,0.3,-34.519,15.985,4.076,34.18
2230776864,-0.737,-0.04,0.307,-48.244,2.092,13.618,34.13
2230787970,-0.771,-0.031,0.33,-62.595,-13.298,23.496,34.18
2230793064,-0.781,-0.042,0.362,-76.305,-30.244,35.496,34.22
2230823136,-0.741,-0.051,0.384,-88.305,-44.244,46.962,34.18
2230830945,-0.69,-0.071,0.427,-97.084,-53.206,55.954,34.13
2230835360,-0.622,-0.109,0.458,-101.069,-58.962,60.061,34.18
2230840237,-0.598,-0.153,0.499,-98.244,-61.908,63.298,34.18
2230854790,-0.56,-0.162,0.522,-92.275,-61.924,63.328,34.13
2230859374,-0.527,-0.172,0.525,-84.656,-57.847,62.29,34.18
2230867564,-0.485,-0.166,0.532,-76.55,-51.389,59.832,34.13
2230880320,-0.462,-0.18,0.545,-67.71,-42.412,55.16,34.18
2230889839,-0.412,-0.157,0.573,-57.191,-30.977,47.878,34.04
2230896637,-0.304,-0.141,0.634,-45.557,-15.939,42.489,34.08
2230920988,-0.213,-0.151,0.745,-18.87,3.481,33.435,34.22
2230934127,-0.384,-0.133,0.77,7.802,14.198,17.313,34.08
2230935945,-0.418,-0.095,0.8,28.305,2.168,5.145,34.22
2230939420,-0.419,-0.016,0.796,33.481,8.641,4.824,34.22
2230947325,-0.425,0.024,0.79,34.916,8.87,5.16,34.18
2230957471,-0.43,0.031,0.797,34.901,-0.656,10.473,34.04
2230966897,-0.426,0.017,0.844,34.931,-3.221,8.87,34.18
2230976712,-0.417,0.038,0.803,36.779,-9.496,4.55,34.18
2230988207,-0.496,0.007,0.771,35.664,-15.405,4.992,34.18
2230996684,-0.581,-0.036,0.723,32.565,-23.008,9.405,34.13
2231023256,-0.62,-0.062,0.665,31.725,-29.267,17.313,34.18
2231033609,-0.614,-0.077,0.6,29.893,-37.008,22.351,34.22
2231039121,-0.601,-0.086,0.548,25.954,-39.221,23.649,34.08
2231045211,-0.619,-0.104,0.511,21.527,-41.084,23.985,34.22
2231051065,-0.621,-0.115,0.512,17.618,-46.473,25.969,34.18
2231063201,-0.593,-0.13,0.507,14.763,-48.458,26.229,34.08
2231068763,-0.556,-0.152,0.519,15.282,-48.382,24.107,34.13
2231076181,-0.534,-0.149,0.531,15.847,-45.817,18.031,34.08
2231088935,-0.56,-0.202,0.539,21.359,-43.145,11.802,34.13
2231100109,-0.562,-0.18,0.541,27.084,-35.679,14.504,34.18
2231104540,-0.574,-0.12,0.587,21.466,-30.504,9.282,34.22
2231129021,-0.606,-0.149,0.614,23.603,-32.824,1.053,34.08
2231139766,-0.605,-0.13,0.63,22.87,-30.412,-0.061,34.13
2231146382,-0.62,-0.142,0.642,23.466,-26.534,-1.695,34.18
2231153451,-0.592,-0.155,0.671,28.031,-22.687,-6.26,34.13
2231160728,-0.557,-0.179,0.69,37.069,-15.573,-14.519,34.13
2231174242,-0.57,-0.172,0.662,46.55,-6.885,-19.985,34.18
2231176763,-0.585,-0.135,0.629,51.16,3.344,-22.29,34.22
2231187921,-0.586,-0.137,0.579,55.695,7.115,-25.679,34.27
2231199381,-0.63,-0.123,0.547,52.702,11.145,-26.29,34.18
2231207524,-0.628,-0.132,0.533,50.977,12.321,-23.099,34.18
2231232115,-0.619,-0.139,0.51,48.443,14.611,-22.336,34.22
2231244717,-0.62,-0.133,0.489,46.794,17.298,-20.656,34.08
2231250833,-0.633,-0.122,0.466,43.328,19.359,-18.672,34.13
2231256749,-0.631,-0.097,0.449,37.664,19.252,-15.511,34.18
2231263365,-0.637,-0.078,0.424,30.641,18.366,-12.931,34.13
2231274705,-0.624,-0.078,0.44,23.084,16.366,-8.763,34.18
2231279844,-0.611,-0.08,0.428,16.107,14.092,-6.153,34.13
2231286154,-0.588,-0.056,0.433,10.0,12.534,-3.954,34.18
2231298801,-0.575,-0.051,0.448,4.122,10.733,-2.519,34.37
2231309058,-0.552,-0.051,0.451,-1.527,9.42,-0.916,34.22
2231316203,-0.538,-0.064,0.455,-6.107,9.374,-0.382,34.18
2231341100,-0.535,-0.075,0.46,-9.588,10.244,-1.069,34.22
2231354480,-0.505,-0.079,0.459,-11.863,11.42,-2.672,34.08
2231356801,-0.448,-0.082,0.488,-12.351,15.481,-6.947,34.22
2231363394,-0.398,-0.109,0.542,-5.542,26.779,-19.695,34.18
2231370623,-0.418,-0.106,0.576,5.038,36.55,-31.695,34.13
2231383954,-0.47,-0.09,0.596,15.237,42.962,-41.282,34.18
2231386156,-0.518,-0.071,0.615,23.267,48.87,-45.924,34.22
2231397094,-0.497,-0.029,0.625,28.275,51.969,-53.725,34.18
2231407252,-0.508,-0.037,0.657,33.878,56.046,-57.099,34.13
2231417510,-0.541,-0.018,0.684,39.099,59.328,-62.702,34.18
2231444045,-0.587,0.016,0.68,42.809,57.542,-65.71,34.18
2231455055,-0.621,0.017,0.713,43.695,55.191,-67.695,34.22
2231461219,-0.663,0.043,0.711,41.557,53.527,-67.084,34.18
2231464360,-0.751,0.1,0.688,35.863,43.42,-57.878,34.22
2231470941,-0.754,0.062,0.712,29.13,31.313,-49.771,34.18
2231481340,-0.742,0.046,0.695,25.298,22.351,-45.679,34.13
2231490087,-0.777,0.088,0.655,17.832,12.794,-31.237,34.08
2231491651,-0.803,0.062,0.67,8.031,7.786,-21.969,34.22
2231510256,-0.8,0.04,0.661,5.71,-2.733,-17.557,34.18
2231521044,-0.778,0.059,0.609,-0.489,-5.939,-7.084,34.22
2231525122,-0.789,0.026,0.595,-6.275,-9.679,3.084,34.27
2231556058,-0.724,-0.022,0.612,-5.573,-14.916,6.519,34.22
2231566785,-0.698,-0.005,0.594,-5.481,-14.992,10.458,34.18
2231569964,-0.692,-0.027,0.605,-3.786,-13.71,14.046,34.18
2231575976,-0.671,-0.032,0.605,-0.229,-11.74,15.847,34.18
2231583005,-0.657,-0.033,0.602,2.733,-9.008,17.145,34.18
2231596414,-0.628,-0.045,0.592,6.061,-6.855,17.145,34.13
2231598857,-0.626,-0.059,0.585,10.137,-5.267,16.641,34.18
2231606000,-0.617,-0.059,0.581,12.702,-2.702,16.137,34.22
2231617579,-0.602,-0.06,0.574,15.664,-0.366,15.45,34.18
2231627327,-0.585,-0.055,0.556,16.611,3.206,14.656,34.13
2231654421,-0.594,-0.045,0.532,17.115,2.336,12.992,34.08
2231667021,-0.596,-0.045,0.546,15.954,3.969,12.87,34.22
2231672795,-0.59,-0.06,0.549,14.931,3.634,10.794,34.18
2231674450,-0.581,-0.055,0.554,14.656,4.855,8.473,34.22
2231679452,-0.569,-0.053,0.561,13.771,6.641,6.275,34.18
2231687188,-0.585,-0.061,0.57,12.962,5.756,2.412,34.13
2231698377,-0.567,-0.064,0.582,13.603,6.458,0.168,34.13
2231707940,-0.552,-0.06,0.58,13.939,8.397,-2.534,34.18
2231719351,-0.566,-0.054,0.571,13.008,9.191,-5.191,34.18
2231728020,-0.571,-0.046,0.567,11.099,8.305,-8.824,34.08
2231734224,-0.584,-0.035,0.582,9.084,7.313,-11.237,34.13
2231772024,-0.584,-0.036,0.569,6.565,6.733,-13.252,34.18
2231786073,-0.592,-0.029,0.567,4.84,5.802,-14.076,34.13
2231791557,-0.594,-0.039,0.567,3.298,5.344,-16.931,34.18
2231795757,-0.622,-0.039,0.584,3.115,4.153,-19.252,34.13
2231800871,-0.615,-0.032,0.569,2.244,4.718,-19.557,34.18
2231812226,-0.629,-0.025,0.563,2.198,5.282,-19.405,34.04
2231817857,-0.639,-0.021,0.577,1.863,5.634,-19.374,34.18
2231823237,-0.64,-0.02,0.567,1.573,6.0,-19.588,34.04
2231827269,-0.652,-0.016,0.56,1.069,5.298,-18.229,34.22
2231836645,-0.647,-0.015,0.573,0.321,6.015,-16.641,34.18
2231852684,-0.655,-0.007,0.562,-0.183,6.382,-16.229,34.04
2231858534,-0.668,-0.042,0.572,-0.092,5.389,-16.229,34.18
2232174325,-0.662,0.031,0.533,-2.458,6.153,-7.664,34.18
2232187687,-0.689,0.006,0.588,-4.947,4.412,-8.534,34.18
2232192727,-0.678,-0.002,0.579,-4.397,1.45,-7.191,34.22
2232196553,-0.682,0.019,0.556,-7.13,2.412,-2.901,34.08
2232201410,-0.679,-0.0,0.573,-8.626,0.962,-0.687,34.22
2232207784,-0.662,-0.009,0.573,-8.092,0.427,0.519,34.18
2232218250,-0.666,-0.003,0.572,-8.641,1.282,1.863,34.13
2232223627,-0.666,-0.005,0.563,-9.664,1.023,3.42,34.18
2232225857,-0.671,-0.006,0.559,-10.626,0.229,4.656,34.13
2232231672,-0.661,-0.008,0.559,-11.42,-0.076,5.985,34.13
2232238056,-0.659,-0.018,0.563,-11.389,-0.107,6.702,34.18
2232245132,-0.659,-0.024,0.562,-12.0,-0.58,7.023,34.22
2232251776,-0.654,-0.032,0.561,-12.824,-0.947,7.634,34.18
2232257954,-0.654,-0.036,0.568,-13.374,-1.267,8.137,34.13
2232261334,-0.646,-0.033,0.558,-14.092,-1.542,8.427,34.08
2232264084,-0.644,-0.037,0.562,-14.55,-1.634,8.992,34.13
2232265760,-0.638,-0.05,0.565,-14.87,-1.664,8.824,34.08
2232267203,-0.635,-0.045,0.57,-14.443,-1.374,8.748,34.04
2232289172,-0.628,-0.063,0.574,-14.458,-0.779,8.443,34.18
2232302643,-0.624,-0.063,0.572,-13.557,-0.275,7.893,34.04
2232308283,-0.615,-0.062,0.556,-12.885,0.733,7.267,34.08
2232310372,-0.615,-0.064,0.56,-12.214,1.237,6.275,34.13
2232316390,-0.613,-0.069,0.564,-11.206,2.092,5.374,34.18
2232322543,-0.611,-0.074,0.566,-10.397,3.313,4.061,34.18
2232334132,-0.607,-0.07,0.563,-8.916,4.229,2.779,34.22
2232339942,-0.613,-0.072,0.557,-7.282,5.557,1.527,34.18
2232341753,-0.628,-0.065,0.563,-6.168,6.427,0.321,34.13
2232347572,-0.625,-0.062,0.562,-5.099,6.931,-0.321,34.08
2232354822,-0.623,-0.057,0.554,-4.504,8.0,-1.344,34.13
2232363509,-0.628,-0.061,0.551,-3.679,8.458,-2.015,34.18
2232371553,-0.632,-0.061,0.545,-3.176,9.115,-2.534,34.22
2232375884,-0.626,-0.06,0.557,-2.702,9.954,-2.977,34.08
2232377622,-0.63,-0.058,0.556,-1.908,10.275,-3.328,34.13
2232380244,-0.632,-0.048,0.556,-1.45,11.328,-3.71,34.18
2232381750,-0.638,-0.045,0.53,-1.389,11.313,-3.863,34.13
2232383728,-0.643,-0.041,0.528,-1.786,11.069,-3.817,34.18
2232411721,-0.633,-0.024,0.519,-3.191,10.382,-2.718,34.04
2232423120,-0.63,-0.016,0.512,-4.412,9.878,-1.588,34.08
2232428535,-0.636,-0.017,0.506,-6.198,8.885,-0.26,34.18
2232435090,-0.647,-0.019,0.5,-8.672,8.107,2.137,34.13
2232442240,-0.644,-0.025,0.488,-11.16,6.992,4.061,34.18
2232450733,-0.643,-0.03,0.481,-13.725,6.168,6.183,34.22
2232458330,-0.657,-0.035,0.468,-17.908,5.679,8.84,34.18
2232464380,-0.593,-0.052,0.487,-17.847,5.817,7.557,34.22
2232471219,-0.616,-0.054,0.491,-18.015,8.763,6.672,34.18
2232480163,-0.629,-0.05,0.496,-17.679,10.58,4.031,34.22
2232493100,-0.606,-0.07,0.533,-14.504,14.519,-2.275,34.18
2232496806,-0.64,-0.077,0.542,-11.679,18.947,-5.969,34.13
2232499737,-0.636,-0.065,0.563,-7.832,20.977,-11.328,34.18
2232501461,-0.675,-0.05,0.566,-7.45,23.313,-13.298,34.13
2232504025,-0.691,-0.048,0.559,-7.099,23.389,-14.855,34.18
2232539793,-0.718,-0.018,0.534,-9.969,23.664,-12.931,34.18
2232546008,-0.705,-0.031,0.517,-14.427,22.336,-10.733,34.08
2232549345,-0.733,-0.02,0.485,-18.534,20.901,-8.26,34.18
2232558967,-0.734,-0.03,0.487,-23.191,18.443,-4.656,34.13
2232573651,-0.773,-0.012,0.476,-29.145,14.137,-0.137,34.27
2232575765,-0.761,-0.016,0.481,-37.542,8.458,6.26,34.04
2232579233,-0.745,-0.021,0.504,-42.183,3.313,8.748,34.08
2232583309,-0.712,-0.044,0.504,-45.069,-0.092,10.58,34.13
2232596584,-0.711,-0.044,0.504,-47.481,-1.679,12.214,34.08
2232603516,-0.698,-0.061,0.534,-45.603,-1.557,8.901,34.13
2232610012,-0.72,-0.054,0.498,-46.504,-2.901,12.55,34.18
2232613635,-0.7,-0.052,0.489,-46.809,-1.374,12.168,34.13
2232615091,-0.674,-0.08,0.506,-44.656,1.115,9.954,34.08
2232617691,-0.765,-0.065,0.491,-45.313,1.313,12.901,34.13
2232619348,-0.737,-0.053,0.495,-46.687,-0.58,16.031,34.04
2232645306,-0.73,-0.061,0.48,-49.298,-1.603,17.099,34.08
2232659701,-0.751,-0.054,0.486,-51.389,-3.695,19.099,34.18
2232661455,-0.766,-0.069,0.495,-54.565,-6.397,22.336,34.18
2232663104,-0.75,-0.079,0.498,-57.145,-8.275,25.954,34.13
2232670070,-0.743,-0.071,0.493,-60.198,-10.504,29.023,34.08
2232690757,-0.72,-0.082,0.514,-62.168,-11.084,32.595,34.13
2232693348,-0.707,-0.106,0.514,-63.405,-11.038,32.809,34.18
2232698574,-0.73,-0.116,0.51,-65.603,-12.092,34.153,34.22
2232706525,-0.691,-0.107,0.53,-63.573,-14.611,37.618,34.18
2232719271,-0.609,-0.087,0.521,-59.359,-16.565,36.55,34.13
2232727088,-0.735,-0.141,0.479,-67.969,-9.893,32.229,34.08
2232729814,-0.728,-0.131,0.566,-63.008,-18.275,39.649,34.13
2232732937,-0.583,-0.12,0.525,-55.344,-21.496,36.809,34.22
2232758776,-0.691,-0.184,0.502,-63.252,-10.26,30.824,34.08
2232777097,-0.711,-0.139,0.59,-57.557,-16.824,36.519,34.04
2232782751,-0.603,-0.167,0.543,-50.092,-19.664,32.641,34.18
2232793563,-0.643,-0.175,0.519,-50.977,-13.802,23.863,34.13
2232804519,-0.721,-0.186,0.584,-52.55,-11.939,29.038,34.08
2232811156,-0.635,-0.181,0.574,-44.412,-15.847,30.198,34.13
2232813299,-0.621,-0.152,0.565,-41.908,-14.473,25.145,34.18
2232818752,-0.65,-0.198,0.537,-41.573,-13.71,19.939,34.13
2232823485,-0.71,-0.185,0.58,-44.29,-9.847,22.947,34.18
2232829585,-0.664,-0.202,0.565,-40.794,-11.328,22.153,34.13
2232842864,-0.639,-0.18,0.579,-37.267,-10.962,22.382,34.18
2232850001,-0.613,-0.168,0.576,-34.824,-10.718,18.229,34.08
2232853628,-0.635,-0.181,0.558,-33.359,-9.145,14.977,34.13
2232857150,-0.641,-0.188,0.57,-31.435,-9.115,16.092,34.18
2232859258,-0.656,-0.185,0.576,-33.634,-6.763,15.542,34.13
2232861215,-0.632,-0.182,0.585,-30.58,-6.458,14.198,34.18
2232886860,-0.599,-0.172,0.581,-26.885,-5.16,11.481,34.13
2232898368,-0.595,-0.155,0.576,-24.779,-3.435,8.855,34.18
2232904878,-0.601,-0.154,0.585,-23.038,-2.26,6.244,34.22
2232909606,-0.616,-0.151,0.57,-21.145,-1.115,5.023,34.08
2232913460,-0.612,-0.148,0.577,-18.855,-0.351,3.45,34.13
2232920123,-0.622,-0.139,0.572,-17.511,0.076,2.031,34.08
2232929860,-0.635,-0.139,0.564,-16.687,-0.122,1.771,34.13
2232938011,-0.644,-0.132,0.571,-16.489,-0.733,2.214,34.08
2232940355,-0.654,-0.131,0.563,-16.84,-2.076,2.947,34.22
2232948532,-0.646,-0.126,0.574,-17.511,-3.13,2.168,34.18
2232960111,-0.674,-0.149,0.558,-18.565,-3.863,4.153,34.18
2232964956,-0.658,-0.14,0.553,-18.137,-6.183,6.275,34.13
2232972761,-0.655,-0.144,0.554,-18.229,-6.916,6.931,34.08
2232977672,-0.642,-0.156,0.557,-18.336,-6.947,6.427,34.13
2232979628,-0.643,-0.154,0.568,-18.137,-8.702,7.71,34.18
2232982480,-0.646,-0.157,0.574,-17.664,-8.321,7.389,34.22
2232984555,-0.64,-0.169,0.569,-16.473,-8.748,7.466,34.18
2232987113,-0.622,-0.162,0.566,-15.74,-8.336,6.794,34.22
2233012633,-0.63,-0.173,0.569,-14.702,-7.664,5.481,34.18
2233026137,-0.62,-0.168,0.573,-12.504,-6.962,4.031,34.13
2233030853,-0.614,-0.171,0.56,-10.565,-5.725,2.351,34.18
2233038497,-0.61,-0.162,0.571,-8.458,-4.168,0.916,34.22
2233046909,-0.611,-0.162,0.574,-5.969,-2.931,-0.611,34.18
2233055858,-0.608,-0.159,0.577,-3.847,-1.588,-2.046,34.13
2233058509,-0.617,-0.158,0.561,-1.588,-0.351,-3.71,34.18
2233067965,-0.623,-0.153,0.571,0.336,0.901,-4.824,34.27
2233082066,-0.622,-0.148,0.567,1.908,1.176,-5.664,34.13
2233089021,-0.634,-0.136,0.555,2.718,1.649,-6.183,34.18
2233094037,-0.634,-0.135,0.557,3.191,1.496,-6.611,34.22
2233118936,-0.651,-0.132,0.56,3.282,0.962,-6.382,34.18
2233133438,-0.645,-0.13,0.557,3.023,0.489,-6.0,34.13
2233135903,-0.653,-0.132,0.55,2.641,0.351,-5.527,34.18
2233141676,-0.648,-0.123,0.548,1.863,-0.153,-4.809,34.22
2233145595,-0.648,-0.12,0.559,1.13,-0.58,-4.153,34.27
2233158908,-0.65,-0.129,0.569,0.351,-1.145,-3.405,34.13
2233166846,-0.646,-0.122,0.555,-0.595,-1.344,-2.458,34.18
2233177686,-0.64,-0.128,0.559,-1.237,-1.664,-1.832,34.13
2233188598,-0.636,-0.136,0.552,-1.695,-1.618,-1.374,34.18
2233199102,-0.631,-0.125,0.555,-2.0,-1.573,-1.252,34.13
2233523168,-0.626,-0.129,0.561,-1.664,-1.374,-1.13,34.27
2233527342,-0.609,-0.137,0.574,-1.435,-0.519,-2.031,34.04
2233542751,-0.606,-0.142,0.573,-0.168,0.611,-3.053,34.08
2233544597,-0.624,-0.145,0.575,1.511,1.786,-4.29,34.04
2233549489,-0.62,-0.134,0.575,2.931,2.473,-4.977,34.04
2233551898,-0.622,-0.133,0.573,4.183,2.779,-5.924,34.18
2233554792,-0.625,-0.128,0.577,4.534,2.901,-6.565,34.22
2233557944,-0.639,-0.125,0.572,5.053,2.779,-6.824,34.18
2233562721,-0.629,-0.132,0.572,5.389,2.672,-6.947,34.08
2233568195,-0.633,-0.114,0.578,5.176,2.748,-7.328,34.08
2233572663,-0.646,-0.119,0.565,4.809,2.321,-6.733,34.22
2233579025,-0.643,-0.119,0.565,4.168,1.45,-5.863,34.18
2233584406,-0.634,-0.117,0.569,3.725,1.328,-5.191,34.22
2233589100,-0.633,-0.125,0.574,3.603,1.099,-4.702,34.18
2233592199,-0.64,-0.115,0.57,3.42,1.069,-4.168,34.13
2233594913,-0.63,-0.119,0.561,3.359,1.313,-3.618,34.27
2233600113,-0.637,-0.122,0.564,2.58,0.855,-3.145,34.13
2233604776,-0.639,-0.116,0.567,2.092,0.641,-2.595,34.18
2233612413,-0.639,-0.118,0.567,1.13,0.534,-2.412,34.13
2233618626,-0.635,-0.115,0.565,0.26,0.26,-2.046,34.18
2233622995,-0.633,-0.117,0.57,0.153,0.473,-1.832,34.18
2233628734,-0.623,-0.115,0.566,-0.519,0.794,-1.573,34.13
2233633250,-0.628,-0.12,0.56,-0.809,1.115,-1.481,34.18
2233635642,-0.626,-0.124,0.563,-0.855,1.13,-1.496,34.18
2233640324,-0.623,-0.116,0.566,-0.87,1.359,-1.359,34.08
2233642600,-0.62,-0.125,0.561,-1.618,2.885,-1.725,34.13
2233644896,-0.635,-0.123,0.579,-1.038,2.382,-1.863,34.27
2233646875,-0.63,-0.125,0.573,-0.641,2.153,-2.122,34.13
2233649139,-0.629,-0.113,0.571,-0.809,2.137,-2.214,34.18
2233651190,-0.635,-0.115,0.581,-0.595,1.878,-2.382,34.13
2233653570,-0.63,-0.11,0.573,-0.427,2.366,-2.275,34.18
2233655560,-0.632,-0.108,0.571,-0.534,2.321,-1.786,34.22
2233657988,-0.624,-0.116,0.561,-0.321,2.489,-1.863,34.18
2233660305,-0.634,-0.109,0.569,-0.763,2.534,-1.282,34.22
2233662295,-0.634,-0.108,0.572,-1.099,2.336,-0.809,34.08
2233663504,-0.639,-0.107,0.567,-1.74,2.214,-0.153,34.13
2233664046,-0.644,-0.108,0.57,-2.977,1.679,0.58,34.13
2233664686,-0.64,-0.096,0.565,-4.641,1.16,1.863,34.18
2233665390,-0.641,-0.095,0.568,-6.107,0.122,2.183,34.18
2233665927,-0.652,-0.108,0.579,-7.16,-0.992,3.099,34.18
2233666465,-0.632,-0.114,0.578,-7.969,-1.374,3.664,34.22
2233666996,-0.634,-0.111,0.569,-8.458,-1.313,3.557,34.18
2233667524,-0.644,-0.11,0.567,-9.344,-1.863,4.809,34.13
2233668059,-0.632,-0.115,0.565,-10.458,-2.153,5.42,34.08
2233668592,-0.63,-0.119,0.567,-11.298,-2.229,5.832,34.13
2233669124,-0.632,-0.126,0.564,-12.534,-2.595,6.351,34.27
2233669664,-0.639,-0.12,0.579,-13.313,-2.87,6.931,34.13
2233676789,-0.626,-0.128,0.564,-14.656,-3.45,7.511,34.18
2233683617,-0.627,-0.128,0.574,-15.893,-3.664,7.832,34.13
2233695807,-0.629,-0.13,0.555,-16.977,-3.588,8.183,34.18
2233702634,-0.62,-0.139,0.572,-16.931,-3.298,7.924,34.13
2233714817,-0.611,-0.152,0.583,-16.076,-2.046,7.099,34.18
