t_us,ax_g,ay_g,az_g,gx_dps,gy_dps,gz_dps,temp_c
39465368,0.163,-1.052,-0.031,-23.313,9.802,-37.924,30.79
39473153,0.156,-1.036,-0.049,-23.863,9.053,-38.84,30.74
39485197,0.213,-1.038,-0.032,-24.885,7.878,-39.374,30.79
39495885,0.212,-1.028,-0.038,-25.786,10.443,-39.252,30.79
39501879,0.229,-1.037,-0.051,-25.359,12.0,-40.84,30.84
39514943,0.249,-1.06,-0.081,-26.748,12.382,-40.855,30.88
39526898,0.245,-1.024,-0.033,-28.168,11.588,-40.244,30.84
39535082,0.274,-1.048,-0.056,-30.122,11.374,-42.0,30.79
39543660,0.223,-1.004,-0.036,-31.74,9.847,-40.397,30.74
39557066,0.229,-1.003,-0.061,-32.382,9.389,-42.458,30.88
39566291,0.282,-0.992,-0.061,-33.771,8.687,-44.046,30.79
39573093,0.261,-1.016,-0.088,-34.015,8.061,-45.618,30.84
39585350,0.305,-1.018,-0.072,-35.206,6.702,-45.817,30.88
39594921,0.29,-0.997,-0.121,-36.672,5.328,-44.84,30.84
39603096,0.329,-1.024,-0.119,-37.71,3.832,-45.084,30.69
39610135,0.327,-1.029,-0.087,-37.588,4.626,-44.824,30.74
39626955,0.341,-1.005,-0.1,-38.641,4.092,-44.901,30.84
39635172,0.283,-0.985,-0.091,-40.427,0.779,-44.656,30.79
39642970,0.338,-0.996,-0.095,-42.366,-2.351,-45.405,30.84
39657337,0.362,-1.006,-0.107,-40.916,0.107,-48.107,30.79
39662482,0.327,-0.995,-0.172,-42.076,-5.45,-47.282,30.74
39677423,0.364,-1.009,-0.167,-42.183,-9.099,-45.695,30.79
39685319,0.366,-1.004,-0.152,-41.817,-11.282,-44.366,30.79
39692891,0.399,-1.002,-0.097,-42.382,-10.092,-44.198,30.74
39703404,0.403,-0.998,-0.126,-43.511,-7.832,-45.847,30.69
39711314,0.388,-0.994,-0.138,-44.992,-7.252,-44.733,30.84
39724784,0.4,-1.01,-0.191,-45.115,-7.695,-47.511,30.79
39735011,0.376,-1.001,-0.164,-45.496,-10.885,-47.008,30.84
39744796,0.413,-1.022,-0.209,-45.42,-12.885,-49.221,30.84
39754342,0.412,-1.016,-0.2,-44.718,-13.786,-49.71,30.88
39763477,0.423,-0.997,-0.222,-44.534,-14.931,-49.939,30.74
39773609,0.428,-0.991,-0.219,-45.313,-18.702,-49.023,30.79
39785438,0.457,-1.0,-0.191,-45.359,-18.427,-50.565,30.79
39791294,0.471,-0.999,-0.188,-46.382,-18.504,-52.092,30.88
39803159,0.456,-0.976,-0.192,-46.824,-18.336,-53.527,30.69
39819129,0.472,-0.967,-0.195,-47.13,-16.779,-54.321,30.84
39827771,0.544,-0.965,-0.197,-45.405,-14.534,-57.496,30.88
39834232,0.547,-0.999,-0.233,-45.115,-12.84,-50.641,30.74
39846764,0.41,-0.986,-0.262,-44.641,-14.824,-53.359,30.79
39855022,0.531,-0.969,-0.269,-43.511,-14.534,-54.031,30.74
39861942,0.524,-0.983,-0.273,-44.565,-17.618,-52.458,30.74
39876468,0.535,-0.948,-0.202,-43.191,-13.359,-52.931,30.69
39885521,0.526,-0.947,-0.252,-44.87,-12.275,-55.023,30.84
39890522,0.538,-0.953,-0.275,-45.267,-11.344,-55.374,30.88
39903872,0.489,-0.928,-0.258,-45.557,-11.786,-54.779,30.74
39917857,0.568,-0.96,-0.295,-43.588,-10.0,-56.672,30.79
39924856,0.542,-0.93,-0.285,-41.847,-8.824,-56.931,30.79
39934100,0.523,-0.94,-0.283,-40.55,-9.267,-56.214,30.84
39948381,0.542,-0.944,-0.311,-40.0,-9.679,-56.275,30.79
39954321,0.538,-0.898,-0.319,-40.168,-12.763,-54.885,30.74
39964749,0.576,-0.923,-0.293,-39.71,-10.779,-56.153,30.79
39974542,0.572,-0.926,-0.285,-39.344,-6.931,-55.16,30.88
39984737,0.566,-0.914,-0.313,-40.244,-5.542,-56.061,30.74
39990574,0.583,-0.9,-0.29,-40.397,-3.527,-56.183,30.88
40004099,0.552,-0.898,-0.356,-40.107,-3.847,-56.229,30.84
40017616,0.572,-0.891,-0.343,-39.878,-5.42,-55.969,30.79
40024790,0.61,-0.911,-0.344,-38.366,-1.985,-57.466,30.84
40035409,0.607,-0.885,-0.341,-38.58,-0.595,-58.168,30.88
40048060,0.626,-0.9,-0.394,-39.802,1.145,-59.145,30.84
40053131,0.588,-0.867,-0.363,-41.206,0.382,-57.344,30.74
40067263,0.631,-0.85,-0.356,-42.0,1.557,-57.603,30.79
40075204,0.629,-0.857,-0.388,-41.313,5.13,-59.664,30.74
40085013,0.609,-0.855,-0.38,-40.962,5.374,-59.221,30.88
40091365,0.661,-0.866,-0.412,-39.557,5.649,-60.611,30.84
40107860,0.601,-0.812,-0.416,-39.313,2.183,-57.893,30.69
40117470,0.667,-0.802,-0.391,-40.061,0.626,-57.496,30.79
40125412,0.696,-0.805,-0.386,-39.939,3.038,-58.947,30.74
40133189,0.707,-0.793,-0.393,-39.985,5.679,-58.672,30.79
40146976,0.69,-0.786,-0.413,-40.183,8.275,-58.626,30.84
40155342,0.686,-0.78,-0.403,-41.374,7.924,-57.435,30.88
40162739,0.729,-0.781,-0.416,-40.58,10.916,-58.198,30.79
40174511,0.702,-0.761,-0.406,-38.992,13.069,-58.076,30.79
40185669,0.737,-0.757,-0.418,-37.115,16.183,-59.969,30.88
40192180,0.696,-0.743,-0.467,-35.939,15.237,-59.496,30.93
40204479,0.717,-0.728,-0.459,-35.466,12.565,-58.122,30.69
40217750,0.733,-0.716,-0.448,-35.527,11.023,-57.832,30.84
40226471,0.746,-0.695,-0.399,-35.924,12.0,-58.092,30.79
40233325,0.77,-0.691,-0.424,-35.924,14.427,-58.718,30.74
40246136,0.77,-0.712,-0.439,-35.45,16.183,-58.366,30.74
40254889,0.774,-0.702,-0.447,-35.557,16.382,-57.344,30.79
40266142,0.796,-0.697,-0.482,-35.282,15.618,-56.58,30.84
40277181,0.76,-0.665,-0.448,-34.122,14.977,-55.466,30.79
40284768,0.796,-0.664,-0.488,-34.748,14.641,-58.702,30.84
40292479,0.811,-0.64,-0.432,-34.076,15.588,-57.893,30.79
40304645,0.832,-0.644,-0.487,-34.0,17.786,-59.924,30.74
40318442,0.835,-0.663,-0.498,-33.649,17.725,-59.145,30.93
40325377,0.824,-0.627,-0.479,-33.405,17.359,-58.031,30.69
40333089,0.865,-0.64,-0.482,-32.901,18.061,-59.786,30.84
40345563,0.858,-0.612,-0.476,-31.817,20.137,-60.092,30.88
40352535,0.834,-0.587,-0.488,-32.626,17.573,-60.641,30.79
40364672,0.89,-0.586,-0.466,-33.191,17.252,-61.435,30.88
40375656,0.888,-0.569,-0.485,-34.015,19.817,-62.611,30.74
40383641,0.896,-0.56,-0.479,-35.298,19.573,-62.397,30.65
40393149,0.898,-0.572,-0.477,-34.061,22.763,-62.794,30.79
40399792,0.885,-0.549,-0.49,-33.817,21.221,-61.099,30.74
40417501,0.878,-0.548,-0.511,-34.489,16.0,-60.122,30.79
40424491,0.944,-0.526,-0.482,-33.756,17.511,-60.641,30.93
40432050,0.897,-0.508,-0.515,-34.168,14.275,-60.412,30.79
40447166,0.937,-0.501,-0.451,-35.038,15.145,-61.817,30.88
40451553,0.924,-0.494,-0.511,-34.931,17.542,-63.252,30.74
40464858,0.932,-0.492,-0.482,-36.229,15.634,-61.802,30.79
40475577,0.993,-0.463,-0.465,-36.763,16.885,-62.26,30.93
40483452,0.935,-0.458,-0.488,-36.87,17.45,-63.038,30.79
40493118,0.926,-0.434,-0.479,-36.977,15.603,-62.397,30.84
40499956,0.932,-0.427,-0.528,-37.466,13.13,-63.344,30.84
40516580,0.965,-0.44,-0.515,-37.863,8.672,-62.55,30.79
40524463,0.929,-0.387,-0.497,-37.786,6.382,-60.351,30.74
40535927,0.984,-0.396,-0.502,-40.656,3.634,-61.221,30.79
40547435,0.973,-0.396,-0.434,-40.412,6.458,-60.702,30.69
40551905,1.003,-0.387,-0.501,-41.832,7.924,-61.588,30.79
40566440,0.962,-0.39,-0.491,-43.069,5.954,-61.557,30.79
40574163,1.007,-0.371,-0.509,-42.046,6.87,-61.267,30.84
40582786,0.971,-0.364,-0.545,-42.626,3.557,-61.023,30.79
40594157,0.981,-0.32,-0.557,-43.496,0.55,-60.947,30.84
40606810,1.012,-0.335,-0.51,-44.015,-0.015,-61.542,30.79
40618472,0.995,-0.297,-0.502,-45.588,0.107,-60.397,30.74
40622953,1.035,-0.304,-0.491,-47.756,1.527,-61.282,30.74
40634404,0.979,-0.281,-0.49,-49.16,0.58,-59.664,30.79
40645999,0.996,-0.279,-0.561,-50.992,-0.046,-61.664,30.84
40653305,0.987,-0.296,-0.545,-50.244,-2.595,-60.962,30.79
40665561,1.011,-0.288,-0.53,-47.985,-2.55,-60.198,30.84
40673434,0.981,-0.233,-0.524,-47.588,-3.817,-58.977,30.69
40683478,1.02,-0.228,-0.535,-49.466,-5.771,-59.542,30.74
40688209,1.05,-0.204,-0.473,-50.611,-1.053,-60.656,30.84
40712476,1.016,-0.208,-0.536,-52.611,-1.908,-61.008,30.88
40721970,1.031,-0.191,-0.486,-52.198,-0.122,-60.901,30.84
40724055,1.011,-0.187,-0.542,-52.244,2.015,-60.733,30.88
40735126,0.969,-0.173,-0.573,-53.282,-3.176,-58.672,30.79
40749666,1.032,-0.184,-0.558,-53.71,-4.641,-59.16,30.88
40753197,1.02,-0.157,-0.516,-51.893,-0.992,-60.656,30.88
40766196,1.02,-0.117,-0.502,-52.58,0.519,-60.656,30.84
40773837,1.026,-0.096,-0.529,-53.252,4.031,-63.42,30.79
40783848,1.015,-0.092,-0.545,-54.366,2.992,-62.962,30.84
40790241,1.006,-0.068,-0.537,-54.901,3.084,-64.076,30.88
40807542,1.0,-0.08,-0.569,-55.145,0.443,-62.687,30.74
40818364,1.037,-0.041,-0.523,-54.58,1.924,-65.908,30.79
40823199,1.051,-0.04,-0.547,-54.58,5.099,-66.626,30.79
40835009,1.058,0.006,-0.529,-55.71,5.954,-65.573,30.74
40845253,1.005,0.014,-0.562,-58.397,4.977,-66.763,30.69
40854172,0.997,0.056,-0.537,-61.817,0.137,-65.695,30.84
40864867,1.049,0.054,-0.576,-64.29,-1.389,-68.031,30.79
40877165,1.099,-0.023,-0.448,-59.893,6.534,-68.611,30.74
40885045,1.059,0.039,-0.535,-54.153,14.458,-70.855,30.84
40891843,1.042,0.07,-0.541,-51.817,14.794,-70.824,30.79
40904550,1.052,0.078,-0.528,-51.634,16.015,-72.321,30.74
40913657,1.064,0.099,-0.525,-54.137,15.664,-74.504,30.88
40924632,1.01,0.123,-0.486,-56.656,13.221,-73.603,30.79
40939563,1.068,0.134,-0.476,-58.84,15.618,-76.0,30.69
40945775,1.092,0.092,-0.464,-58.046,19.573,-76.427,30.84
40954499,1.065,0.096,-0.516,-55.145,24.763,-76.351,30.74
40967364,1.055,0.12,-0.482,-53.084,27.053,-76.748,30.79
40977607,0.968,0.16,-0.529,-52.794,24.153,-76.595,30.84
40982161,0.977,0.191,-0.499,-52.076,21.053,-76.672,30.79
40992916,0.989,0.226,-0.494,-54.076,17.237,-78.824,30.74
40999793,1.026,0.243,-0.431,-53.252,18.489,-79.985,30.79
41017024,1.08,0.209,-0.467,-51.573,23.878,-83.206,30.69
41024510,1.031,0.22,-0.436,-48.397,30.061,-81.435,30.74
41039098,1.002,0.252,-0.47,-50.153,32.092,-83.191,30.79
41050260,0.953,0.241,-0.459,-51.191,32.0,-81.16,30.74
41053165,0.884,0.285,-0.483,-55.282,24.046,-78.809,30.79
41063869,1.024,0.234,-0.383,-56.382,22.687,-76.641,30.74
41074168,0.982,0.236,-0.405,-52.229,28.992,-78.885,30.84
41082513,0.982,0.258,-0.378,-48.122,30.992,-77.099,30.79
41093868,0.966,0.285,-0.347,-41.084,37.588,-77.099,30.74
41100871,0.903,0.346,-0.4,-37.832,38.443,-77.191,30.88
41115485,0.842,0.404,-0.386,-38.458,32.336,-76.611,30.79
41122385,0.884,0.39,-0.379,-39.954,25.679,-75.511,30.79
41134512,0.868,0.41,-0.322,-39.939,20.977,-74.947,30.84
41146874,0.943,0.425,-0.311,-39.786,18.87,-71.191,30.74
41152358,0.906,0.426,-0.266,-35.817,26.015,-70.031,30.79
41166359,0.926,0.469,-0.292,-32.198,29.45,-68.137,30.84
41174215,0.889,0.444,-0.314,-29.435,32.779,-66.107,30.79
41183049,0.794,0.5,-0.383,-29.527,23.802,-61.221,30.84
41189997,0.854,0.523,-0.274,-33.832,19.099,-63.267,30.88
41207689,0.895,0.441,-0.296,-30.626,19.176,-61.45,30.79
41221604,0.91,0.49,-0.168,-33.282,18.672,-51.206,30.74
41225264,0.887,0.48,-0.197,-24.366,24.092,-52.626,30.79
41234920,0.839,0.565,-0.256,-19.573,23.511,-47.344,30.84
41248779,0.861,0.551,-0.261,-16.198,25.115,-46.489,30.79
41253038,0.769,0.609,-0.271,-13.588,16.229,-41.145,30.84
41267958,0.854,0.612,-0.247,-14.382,12.824,-40.534,30.84
41275590,0.819,0.604,-0.264,-12.947,8.809,-36.366,30.79
41284182,0.865,0.596,-0.245,-10.458,10.748,-33.542,30.84
41291282,0.892,0.575,-0.241,-8.305,13.649,-30.565,30.79
41308184,0.948,0.516,-0.176,-4.092,21.298,-28.611,30.79
41320387,0.832,0.552,-0.231,1.649,25.832,-21.847,30.69
41324984,0.677,0.629,-0.272,3.42,18.214,-15.13,30.84
41331103,0.831,0.641,-0.195,5.588,14.947,-11.42,30.84
41345890,0.778,0.629,-0.219,10.718,14.214,-8.855,30.88
41350660,0.808,0.659,-0.243,15.847,14.489,-6.611,30.84
41365422,0.814,0.636,-0.251,18.916,14.748,-5.405,30.79
41380886,0.889,0.596,-0.241,21.023,17.802,-3.053,30.84
41384755,0.802,0.6,-0.254,23.725,17.893,3.908,30.88
41394243,0.813,0.629,-0.253,23.832,17.603,7.328,30.88
41402908,0.789,0.607,-0.277,22.305,15.649,11.603,30.74
41417590,0.801,0.575,-0.245,23.282,14.824,15.573,30.88
41425268,0.796,0.572,-0.27,24.931,13.679,20.473,30.84
41436683,0.847,0.538,-0.308,26.992,12.489,24.611,30.88
41449972,0.837,0.554,-0.283,30.595,14.443,27.618,30.93
41454231,0.804,0.609,-0.288,31.328,14.336,29.16,30.79
41461557,0.829,0.629,-0.256,30.229,13.344,29.786,30.74
41472964,0.817,0.617,-0.266,30.031,13.679,30.656,30.84
41484385,0.82,0.611,-0.281,29.084,11.786,31.099,30.88
41491721,0.847,0.577,-0.296,29.328,10.855,33.053,30.74
41503907,0.878,0.542,-0.304,31.145,11.771,34.626,30.79
41517291,0.874,0.555,-0.322,32.031,10.565,37.206,30.74
41524511,0.885,0.56,-0.293,32.244,9.985,38.672,30.79
41532269,0.879,0.54,-0.336,31.45,8.779,40.626,30.74
41544450,0.898,0.527,-0.316,31.298,9.221,41.679,30.84
41553553,0.903,0.533,-0.297,30.641,10.061,42.901,30.79
41565426,0.933,0.485,-0.317,30.885,11.634,43.802,30.74
41573752,0.92,0.472,-0.344,32.015,10.198,47.481,30.88
41583995,0.941,0.462,-0.36,33.435,8.87,49.282,30.84
41588797,0.957,0.47,-0.344,34.351,9.435,50.275,30.79
41602087,0.908,0.499,-0.32,33.969,10.321,50.977,30.74
41616026,0.972,0.485,-0.314,32.443,9.756,49.893,30.93
41624102,0.984,0.44,-0.323,32.336,12.412,50.366,30.88
41635772,0.983,0.44,-0.345,32.977,14.641,52.122,30.84
41644270,0.951,0.382,-0.356,32.687,13.115,53.725,30.79
41653867,0.943,0.431,-0.334,32.962,11.069,57.221,30.74
41666050,0.959,0.392,-0.359,31.191,9.832,55.985,30.88
41676093,0.969,0.365,-0.296,33.634,9.466,59.313,30.79
41684425,0.922,0.422,-0.327,33.985,8.87,60.061,30.84
41692848,1.018,0.339,-0.337,33.695,8.901,59.206,30.88
41700131,0.997,0.3,-0.307,36.366,12.0,61.191,30.84
41718740,0.98,0.339,-0.337,37.557,14.183,63.893,30.88
41726124,0.988,0.334,-0.303,37.206,14.748,65.237,30.74
41731976,0.974,0.323,-0.329,34.962,14.305,65.45,30.79
41745552,0.972,0.26,-0.355,33.115,9.115,70.015,30.84
41757037,0.968,0.248,-0.291,34.321,8.29,74.336,30.84
41764021,1.022,0.25,-0.329,34.931,8.0,75.924,30.88
41779078,1.028,0.179,-0.301,37.221,9.695,76.962,30.74
41788124,1.025,0.206,-0.341,40.58,13.802,77.863,30.79
41797381,1.011,0.225,-0.313,42.168,16.595,76.916,30.84
41803013,1.007,0.208,-0.336,41.359,16.733,75.267,30.79
41810353,0.927,0.187,-0.373,39.084,9.115,80.489,30.84
41823844,1.069,0.144,-0.318,36.977,4.702,82.397,30.74
41836090,1.046,0.118,-0.339,38.031,5.695,84.107,30.88
41843896,1.088,0.054,-0.333,40.534,8.046,85.038,30.74
41855011,1.108,0.062,-0.329,44.748,14.885,84.412,30.79
41866673,1.065,0.105,-0.35,45.679,18.504,81.771,30.88
41875128,1.071,0.075,-0.339,44.015,19.527,78.977,30.79
41885466,0.988,0.071,-0.342,42.855,15.878,81.115,30.84
41894483,1.062,0.05,-0.375,39.008,11.466,80.58,30.74
41906417,1.073,-0.067,-0.355,36.473,5.435,83.679,30.79
41913156,1.162,-0.063,-0.33,39.527,9.252,84.611,30.84
41920273,1.103,-0.013,-0.352,40.382,14.718,82.107,30.79
41937940,1.165,-0.109,-0.357,39.817,16.458,77.985,30.74
41947736,1.127,-0.096,-0.307,43.069,21.878,78.397,30.79
41953548,1.017,0.012,-0.374,40.382,19.481,77.038,30.79
41967973,1.076,-0.042,-0.328,35.832,15.328,73.252,30.84
41974905,1.1,-0.104,-0.33,33.45,12.321,74.885,30.79
41984051,1.105,-0.082,-0.315,33.145,12.748,77.389,30.74
41996442,1.131,-0.139,-0.356,32.076,12.29,78.534,30.79
42006938,1.096,-0.093,-0.265,34.366,15.893,80.84,30.74
42011613,1.075,-0.078,-0.348,31.847,14.672,79.527,30.79
42022564,1.094,-0.161,-0.276,31.786,14.931,80.458,30.84
42034670,1.052,-0.091,-0.295,32.473,17.344,80.412,30.84
42046687,1.087,-0.171,-0.308,30.763,15.374,79.74,30.88
42054428,1.074,-0.184,-0.262,32.351,16.321,82.687,30.74
42064200,1.106,-0.253,-0.368,32.748,16.748,83.557,30.79
42074730,1.108,-0.317,-0.268,36.275,20.305,88.137,30.93
42082160,1.095,-0.244,-0.235,39.115,28.397,89.344,30.79
42094640,1.031,-0.249,-0.297,37.267,27.511,89.695,30.74
42102159,1.02,-0.29,-0.28,35.298,24.885,90.458,30.74
42112577,0.995,-0.279,-0.277,34.153,22.702,91.985,30.79
42124450,1.011,-0.329,-0.31,31.481,16.015,94.702,30.84
42139122,1.024,-0.353,-0.267,32.321,14.672,96.901,30.79
42146908,1.113,-0.402,-0.241,35.481,21.42,96.031,30.79
42151945,1.026,-0.42,-0.199,37.893,26.183,99.237,30.88
42164491,0.998,-0.343,-0.217,38.779,29.496,99.802,30.74
42178169,0.901,-0.362,-0.299,34.931,22.336,98.366,30.84
42184127,0.972,-0.439,-0.249,33.634,17.374,97.939,30.79
42197596,1.01,-0.413,-0.218,34.702,18.122,99.634,30.84
42203399,0.997,-0.457,-0.228,35.008,17.603,98.779,30.79
42213911,1.024,-0.499,-0.184,37.847,19.954,100.672,30.84
42221013,1.09,-0.533,-0.197,40.794,25.557,101.832,30.88
42237043,0.958,-0.484,-0.173,42.565,27.817,105.099,30.88
42249412,0.953,-0.523,-0.232,37.115,19.527,104.718,30.84
42254655,0.972,-0.551,-0.188,34.855,16.122,105.298,30.79
42265379,0.939,-0.536,-0.216,33.893,14.031,104.809,30.84
42278095,0.977,-0.568,-0.174,33.13,11.863,104.015,30.79
42285352,1.014,-0.628,-0.17,36.87,16.458,103.221,30.84
42298107,1.007,-0.632,-0.116,41.649,22.87,106.0,30.79
42310542,1.006,-0.653,-0.162,43.863,26.779,106.702,30.84
42314817,0.924,-0.634,-0.133,45.695,27.557,107.679,30.84
42321956,0.832,-0.604,-0.234,39.115,14.519,108.885,30.79
42334385,0.858,-0.695,-0.205,34.015,1.863,110.626,30.84
42347945,0.9,-0.693,-0.127,32.748,-3.359,113.802,30.79
42356079,0.928,-0.707,-0.106,33.176,0.702,112.26,30.84
42362588,0.903,-0.707,-0.066,37.16,11.817,109.908,30.88
42379216,0.932,-0.787,-0.146,38.87,15.496,109.069,30.79
42384280,0.937,-0.893,-0.06,43.802,20.687,113.221,30.74
42396008,0.799,-0.769,-0.192,40.122,16.809,114.122,30.69
42406739,0.782,-0.896,-0.204,33.481,2.687,116.351,30.74
42414783,0.734,-0.816,-0.085,28.901,-5.252,119.756,30.79
42423595,0.793,-0.814,-0.05,25.466,-4.061,111.771,30.88
42430483,0.792,-0.923,-0.036,27.42,0.855,106.153,30.88
42451673,0.847,-1.026,-0.108,29.802,2.076,105.191,30.88
42456586,0.826,-1.026,-0.047,33.527,6.595,105.023,30.84
42464067,0.684,-0.862,-0.08,32.809,9.023,103.237,30.79
42475458,0.687,-0.918,-0.117,27.374,3.13,99.252,30.74
42485265,0.756,-0.916,-0.019,25.908,3.863,95.511,30.79
42494065,0.742,-0.911,-0.059,24.687,5.237,94.55,30.74
42502665,0.728,-0.933,-0.009,24.015,3.664,95.847,30.88
42514618,0.7,-0.881,-0.043,23.954,3.008,96.107,30.88
42521495,0.729,-0.948,-0.041,24.122,0.855,94.366,30.84
42533255,0.649,-0.92,-0.081,24.855,-1.603,93.634,30.88
42551276,0.651,-0.931,-0.066,22.321,-8.534,93.863,30.84
42559131,0.665,-0.939,-0.032,22.275,-8.962,91.038,30.79
42564665,0.667,-0.944,-0.054,22.397,-10.122,89.908,30.74
42576973,0.601,-0.937,-0.003,22.412,-11.206,91.603,30.79
42584364,0.636,-0.904,0.003,22.412,-9.924,88.489,30.79
42593715,0.612,-0.961,-0.01,23.115,-8.397,86.748,30.84
42606269,0.614,-0.968,-0.052,25.16,-7.664,86.672,30.79
42616314,0.567,-0.997,-0.092,25.649,-11.45,87.695,30.84
42623004,0.574,-1.027,-0.068,26.611,-14.198,87.069,30.79
42634946,0.542,-0.996,-0.013,27.389,-13.298,86.763,30.84
42651269,0.518,-0.976,0.027,26.58,-13.664,87.008,30.79
42660423,0.501,-1.017,0.008,25.664,-13.191,84.122,30.88
42662728,0.51,-1.057,-0.012,24.885,-14.382,81.725,30.93
42674425,0.472,-1.043,-0.014,24.687,-15.557,80.901,30.79
42686049,0.438,-1.031,-0.003,24.214,-15.344,78.779,30.84
42693490,0.436,-1.079,-0.087,22.626,-16.824,75.847,30.88
42705494,0.404,-1.071,0.02,20.84,-18.58,76.611,30.79
42713302,0.413,-1.053,0.007,17.771,-19.573,72.992,30.88
42724809,0.392,-1.053,0.067,15.191,-18.321,68.366,30.88
42731381,0.36,-1.052,0.011,14.794,-18.214,62.687,30.74
42743227,0.342,-1.056,-0.023,14.641,-22.183,59.206,30.79
42764802,0.382,-1.071,-0.018,15.481,-25.725,57.542,30.74
42776016,0.389,-1.053,-0.005,15.481,-27.374,56.382,30.79
42778935,0.411,-1.025,0.024,14.641,-26.122,54.702,30.74
42785264,0.385,-1.017,0.036,12.565,-23.786,52.214,30.79
42800255,0.372,-1.01,0.034,9.008,-24.153,50.427,30.69
42807072,0.36,-1.012,0.037,7.847,-22.534,47.74,30.74
42814179,0.367,-1.018,0.021,7.466,-21.542,44.504,30.79
42829148,0.378,-1.031,-0.01,8.565,-21.511,43.145,30.84
42834163,0.362,-1.019,0.002,9.145,-21.771,43.252,30.79
42846244,0.401,-1.022,-0.0,9.634,-20.656,41.771,30.84
42852440,0.388,-1.019,0.022,9.695,-16.626,41.328,30.84
42858136,0.36,-0.978,0.06,8.794,-12.351,39.679,30.88
42878846,0.351,-1.022,0.032,7.71,-8.87,35.786,30.84
42885646,0.321,-1.038,0.019,8.107,-7.328,33.282,30.88
42894499,0.272,-1.019,0.015,8.168,-7.16,31.374,30.88
42907979,0.275,-1.046,-0.019,7.16,-9.786,29.924,30.88
42914584,0.284,-1.043,-0.006,6.916,-10.885,29.74,30.84
42924156,0.305,-1.028,0.061,7.252,-7.695,28.779,30.84
42935685,0.288,-1.044,0.035,7.099,-4.595,26.992,30.79
42945715,0.254,-1.04,0.024,6.718,-2.824,26.427,30.84
42951537,0.223,-0.985,0.07,4.931,-0.519,25.924,30.79
42962948,0.248,-1.019,0.053,3.588,0.794,21.496,30.74
42980323,0.203,-1.03,0.032,2.885,1.74,19.359,30.88
42990315,0.234,-1.005,0.055,2.275,2.641,19.282,30.88
42992644,0.225,-1.025,0.036,1.863,3.847,17.74,30.74
43008708,0.23,-1.023,0.019,1.74,4.336,17.985,30.88
43018223,0.223,-1.004,0.029,1.023,5.405,17.878,30.84
43025290,0.207,-1.006,0.054,0.351,6.595,17.573,30.79
43035373,0.221,-1.002,0.071,-0.076,9.954,16.26,30.84
43049450,0.229,-1.001,0.061,-1.664,12.626,15.603,30.79
43054324,0.257,-1.031,0.062,-1.176,15.191,14.87,30.84
43061821,0.197,-1.025,0.052,-1.802,15.786,13.13,30.69
43077265,0.19,-1.013,0.029,-2.427,14.153,11.832,30.88
43090211,0.182,-1.008,0.033,-2.336,13.206,10.916,30.74
43095478,0.19,-0.989,0.053,-2.229,12.26,10.901,30.79
43104645,0.223,-0.982,0.039,-1.542,12.855,10.947,30.74
43115069,0.212,-0.975,0.039,-2.137,12.443,10.534,30.79
43123585,0.211,-0.982,0.067,-2.336,13.053,9.542,30.84
43135725,0.222,-1.003,0.068,-3.328,13.099,7.527,30.79
43144547,0.224,-1.032,0.082,-1.74,14.916,4.321,30.79
43153821,0.192,-1.009,0.053,-1.359,16.336,2.504,30.84
43159768,0.197,-1.01,0.062,-1.099,14.84,1.16,30.88
43172230,0.209,-1.001,0.078,0.534,16.351,1.313,30.74
43185130,0.177,-0.983,0.079,-0.855,16.55,0.855,30.79
43198438,0.184,-0.994,0.066,-1.863,14.397,0.901,30.84
43204564,0.21,-1.012,0.057,-2.122,14.122,0.366,30.79
43221990,0.189,-1.04,0.062,-2.382,12.718,-1.603,30.88
43229954,0.205,-1.022,0.076,-3.511,12.229,-2.733,30.84
43235745,0.186,-1.018,0.079,-3.786,11.954,-4.183,30.88
43246047,0.163,-1.036,0.063,-2.305,11.603,-5.145,30.74
43255993,0.144,-0.976,0.054,-3.863,8.748,-5.802,30.79
43265124,0.179,-0.999,0.05,-3.954,6.626,-5.374,30.79
43271741,0.151,-1.007,0.055,-4.321,4.382,-3.924,30.88
43282793,0.184,-1.018,0.065,-3.924,4.412,-3.725,30.79
43297834,0.17,-1.001,0.074,-3.511,5.282,-3.863,30.84
43309321,0.166,-1.018,0.07,-4.748,4.229,-3.817,30.79
43314875,0.155,-1.012,0.069,-5.16,3.466,-4.214,30.74
43325264,0.146,-1.006,0.075,-5.252,2.626,-4.534,30.88
43337147,0.152,-0.975,0.079,-5.282,2.809,-3.969,30.74
43344773,0.166,-0.986,0.083,-5.786,3.435,-4.214,30.79
43356615,0.147,-0.992,0.083,-5.496,3.832,-4.076,30.79
43369098,0.169,-1.004,0.082,-5.893,3.756,-4.076,30.84
43377513,0.162,-1.009,0.082,-6.198,4.198,-3.985,30.79
43381629,0.168,-1.009,0.098,-5.847,4.122,-3.74,30.84
43393463,0.154,-1.011,0.092,-5.863,4.55,-3.618,30.88
43411234,0.135,-1.009,0.088,-5.511,3.435,-3.542,30.74
43423114,0.13,-0.996,0.083,-5.42,2.931,-3.176,30.79
43425530,0.155,-0.997,0.088,-4.427,3.191,-3.069,30.84
43439458,0.161,-1.0,0.086,-3.45,4.198,-2.611,30.84
43453376,0.156,-0.994,0.085,-3.359,4.962,-1.878,30.79
43455578,0.171,-0.992,0.087,-3.237,5.817,-1.939,30.84
43462246,0.166,-0.994,0.081,-3.221,5.924,-1.969,30.88
43475363,0.158,-0.995,0.078,-3.359,5.74,-1.679,30.84
43485480,0.147,-0.985,0.087,-3.267,5.16,-1.939,30.79
43492603,0.146,-0.998,0.079,-3.832,4.336,-2.489,30.79
43504314,0.172,-0.997,0.076,-3.023,4.626,-2.519,30.84
43514170,0.162,-0.995,0.078,-2.611,4.916,-2.214,30.79
43531438,0.161,-0.985,0.085,-2.122,4.397,-1.924,30.74
43535333,0.162,-0.985,0.086,-1.664,4.565,-1.634,30.79
43544176,0.173,-1.012,0.083,-1.435,4.305,-1.588,30.79
43555432,0.16,-0.996,0.094,-1.756,4.489,-1.496,30.79
43563687,0.153,-0.995,0.091,-2.214,4.641,-1.771,30.88
43579275,0.14,-0.987,0.104,-2.015,3.725,-1.328,30.84
43584511,0.143,-0.996,0.076,-2.397,3.115,-1.847,30.79
43596066,0.136,-1.002,0.065,-2.031,2.061,-1.252,30.74
43602699,0.167,-1.002,0.085,-1.756,1.908,-0.702,30.79
43609784,0.158,-1.003,0.086,-1.634,2.0,-0.611,30.84
43627199,0.147,-0.986,0.094,-2.641,1.053,-0.382,30.88
43638251,0.152,-0.985,0.095,-3.298,-0.29,-0.061,30.79
43643481,0.145,-0.98,0.072,-4.061,-1.023,-0.412,30.84
43659518,0.172,-0.985,0.086,-4.092,-1.053,-0.992,30.79
43668029,0.173,-1.005,0.063,-3.435,-0.992,-0.534,30.84
43674703,0.168,-0.997,0.059,-3.374,-1.344,-0.046,30.88
43687904,0.175,-0.987,0.072,-3.298,-1.527,0.168,30.84
43697495,0.169,-0.993,0.072,-2.779,-2.031,0.305,30.74
43702138,0.173,-0.995,0.067,-3.023,-2.183,0.321,30.79
43712884,0.179,-1.001,0.062,-3.45,-2.733,0.046,30.74
43724528,0.17,-0.996,0.073,-3.74,-2.84,-0.458,30.79
43738463,0.158,-0.985,0.07,-3.908,-3.542,-0.702,30.84
43744233,0.165,-0.997,0.077,-4.336,-4.244,-0.779,30.88
43755884,0.165,-0.984,0.079,-4.29,-4.244,-0.198,30.93
43768330,0.155,-0.994,0.068,-3.863,-4.076,0.214,30.84
43773672,0.162,-1.008,0.071,-3.74,-4.656,0.672,30.79
43784342,0.167,-1.005,0.062,-3.237,-4.733,0.473,30.74
43795463,0.157,-1.005,0.062,-3.496,-5.176,0.015,30.88
43803763,0.164,-0.994,0.078,-3.374,-4.733,-0.351,30.74
43810918,0.157,-0.999,0.084,-3.664,-5.13,-0.504,30.79
43827850,0.17,-0.998,0.072,-3.557,-4.397,-0.702,30.79
43841880,0.18,-0.997,0.064,-3.038,-3.863,-0.198,30.74
43847007,0.183,-1.003,0.059,-2.977,-3.221,-0.351,30.79
43852958,0.169,-0.996,0.077,-2.931,-2.809,-0.198,30.93
43865375,0.173,-1.003,0.07,-3.374,-3.298,-0.382,30.88
43875051,0.175,-1.0,0.085,-3.069,-3.16,-0.489,30.74
43885374,0.153,-0.989,0.072,-3.115,-3.008,-0.641,30.88
43895130,0.161,-1.001,0.075,-3.206,-3.069,-0.901,30.84
43903775,0.17,-0.998,0.061,-2.687,-2.458,-0.809,30.84
43913621,0.169,-1.001,0.058,-2.321,-2.061,-0.275,30.69
43920857,0.169,-0.992,0.065,-2.443,-1.359,-0.061,30.84
43940141,0.178,-1.0,0.045,-2.885,-1.603,0.076,30.88
43949028,0.184,-1.001,0.072,-2.702,-0.244,-0.046,30.84
43954276,0.176,-0.992,0.064,-2.656,0.748,-0.901,30.88
43967097,0.159,-0.998,0.058,-3.863,-0.092,-1.008,30.84
43974221,0.175,-0.993,0.068,-4.0,0.031,-1.588,30.84
43982555,0.17,-1.0,0.062,-3.863,0.168,-1.649,30.88
43995404,0.177,-0.989,0.067,-3.71,0.504,-1.527,30.93
44005400,0.176,-1.0,0.058,-3.588,1.16,-1.649,30.79
44011862,0.188,-1.005,0.067,-3.511,1.573,-1.634,30.79
44024162,0.17,-1.002,0.062,-3.542,2.061,-1.634,30.79
44034893,0.171,-1.007,0.073,-3.496,2.473,-2.107,30.88
44050671,0.178,-1.001,0.074,-3.359,2.916,-1.878,30.84
44052896,0.16,-0.987,0.086,-3.389,3.023,-1.664,30.88
44064590,0.172,-0.993,0.071,-3.542,3.527,-1.878,30.84
44076077,0.167,-1.007,0.073,-2.656,3.985,-1.786,30.79
44083947,0.167,-1.001,0.061,-2.702,3.374,-1.481,30.84
44095383,0.171,-1.003,0.062,-2.229,4.366,-1.389,30.88
44104013,0.167,-0.999,0.06,-2.076,4.214,-1.13,30.79
44113130,0.173,-1.0,0.073,-2.305,4.122,-1.084,30.93
44122878,0.173,-0.996,0.064,-2.809,4.183,-1.206,30.79
44131352,0.165,-0.991,0.076,-2.977,3.634,-1.313,30.84
44145374,0.156,-0.99,0.074,-3.008,3.603,-1.618,30.79
44160067,0.165,-1.0,0.059,-2.992,2.977,-1.649,30.84
44165402,0.175,-1.0,0.069,-2.855,2.611,-1.42,30.79
44175059,0.179,-0.992,0.064,-2.84,2.763,-1.527,30.79
44188804,0.172,-0.999,0.082,-2.977,2.84,-1.588,30.84
44195556,0.176,-0.996,0.078,-3.221,2.962,-1.13,30.88
44203695,0.168,-0.985,0.078,-3.328,3.16,-1.45,30.84
44217914,0.163,-0.995,0.075,-3.496,2.962,-1.206,30.88
44224055,0.165,-0.999,0.058,-3.282,2.641,-0.977,30.84
44234043,0.157,-0.99,0.062,-3.176,1.725,-0.87,30.88
44240751,0.173,-1.002,0.071,-3.038,1.237,-0.916,30.88
44253166,0.171,-1.0,0.066,-3.084,1.45,-0.901,30.74
44266605,0.163,-0.995,0.067,-3.481,1.42,-0.992,30.79
44276637,0.172,-1.001,0.062,-3.359,1.45,0.733,30.74
44281732,0.165,-1.006,0.059,-3.053,2.366,-0.916,30.79
44301003,0.165,-0.991,0.075,-3.771,1.481,-0.947,30.88
44306409,0.163,-0.999,0.06,-3.802,1.313,-0.656,30.79
44313504,0.167,-0.994,0.072,-3.695,1.038,-0.473,30.88
44324898,0.16,-1.0,0.072,-3.725,0.779,-0.763,30.74
44335226,0.175,-0.999,0.072,-3.618,1.099,-0.534,30.79
44344369,0.173,-0.996,0.071,-3.511,1.863,-0.519,30.84
44351506,0.173,-1.006,0.07,-3.573,2.168,-0.55,30.79
44365270,0.176,-1.005,0.07,-3.13,2.382,-0.687,30.84
44376890,0.175,-0.998,0.065,-3.267,2.153,-0.382,30.93
44386921,0.172,-0.994,0.068,-2.611,1.786,0.076,30.88
44392564,0.167,-1.005,0.068,-2.947,1.298,0.198,30.84
44406277,0.18,-1.001,0.065,-2.443,1.282,0.626,30.79
44414097,0.171,-1.005,0.059,-2.275,1.237,1.053,30.84
44423563,0.163,-0.999,0.064,-2.061,1.313,0.916,30.79
44436402,0.165,-1.008,0.07,-2.214,1.557,0.992,30.93
44447078,0.172,-0.997,0.074,-2.412,1.679,0.855,30.84
44451449,0.172,-0.999,0.07,-2.183,1.45,0.901,30.88
44463174,0.181,-1.001,0.065,-1.939,1.282,0.687,30.84
44470367,0.173,-1.0,0.071,-2.046,1.084,0.656,30.79
44485234,0.177,-1.001,0.081,-2.397,0.748,0.473,30.79
44495722,0.18,-0.985,0.071,-2.29,0.183,-0.244,30.88
44504162,0.181,-1.014,0.067,-1.985,1.573,-0.824,30.84
44518082,0.18,-0.998,0.069,-2.412,0.092,-0.489,30.74
44522834,0.177,-1.007,0.057,-1.863,-0.076,-0.794,30.79
44536031,0.177,-0.992,0.073,-1.817,-0.061,-1.084,30.84
44546478,0.183,-1.001,0.069,-2.153,-0.824,-1.481,30.79
44555745,0.178,-1.008,0.065,-1.893,-1.038,-1.45,30.74
44562615,0.187,-0.995,0.059,-1.939,-0.885,-1.527,30.88
44573669,0.169,-1.003,0.071,-2.168,-1.511,-1.74,30.88
44589191,0.169,-0.989,0.068,-2.672,-1.802,-2.076,30.84
44601943,0.162,-1.0,0.07,-3.16,-1.878,-2.489,30.88
44607700,0.167,-0.996,0.074,-2.885,-1.588,-2.382,30.74
44613901,0.175,-1.0,0.074,-2.733,-1.588,-2.458,30.88
44627642,0.165,-0.997,0.06,-2.565,-1.405,-1.954,30.93
44633607,0.156,-0.998,0.07,-2.947,-1.71,-2.031,30.79
44644506,0.168,-0.995,0.066,-3.267,-2.046,-2.153,30.84
44653553,0.175,-0.989,0.066,-3.313,-1.069,-2.382,30.84
44665593,0.172,-0.998,0.062,-3.511,-1.374,-2.122,30.79
44671968,0.177,-0.993,0.074,-3.328,-1.115,-2.321,30.84
44683430,0.16,-0.988,0.081,-3.649,-1.176,-2.198,30.88
44697331,0.17,-0.992,0.07,-3.466,-0.947,-1.969,30.84
44710190,0.177,-0.984,0.064,-3.206,-0.412,-1.328,30.88
44715510,0.176,-1.0,0.063,-2.809,0.275,-1.176,30.84
44723682,0.172,-0.999,0.06,-2.702,0.58,-0.824,30.84
44735240,0.164,-1.0,0.071,-2.473,1.008,-0.427,30.98
44745970,0.161,-0.985,0.077,-2.977,1.053,-0.565,30.93
44751252,0.161,-0.996,0.064,-2.931,0.84,-0.733,30.88
44765968,0.167,-0.997,0.069,-2.885,0.931,-0.489,30.93
44776672,0.168,-1.003,0.054,-2.702,1.099,-0.382,30.79
44783054,0.165,-1.001,0.079,-2.458,1.42,0.275,30.84
44794415,0.176,-0.996,0.057,-2.168,1.817,0.427,30.84
44806964,0.168,-0.999,0.077,-2.26,1.802,0.382,30.88
44816745,0.177,-0.998,0.074,-2.58,1.863,0.351,30.84
44822440,0.165,-0.992,0.068,-3.206,1.679,0.031,30.88
44836993,0.172,-1.003,0.07,-3.42,1.008,-0.305,30.84
44847710,0.177,-0.992,0.061,-3.008,1.115,0.229,30.79
44855998,0.171,-0.99,0.073,-3.16,0.565,0.015,30.79
44862766,0.181,-0.995,0.059,-3.282,-0.107,-0.107,30.79
44874955,0.175,-1.003,0.07,-3.008,-0.061,-0.061,30.88
44883208,0.171,-0.993,0.078,-3.435,0.26,-0.015,30.84
44893600,0.178,-0.999,0.07,-3.664,-0.092,-0.214,30.88
44900033,0.173,-1.002,0.073,-3.298,-0.244,-0.26,30.84
44918370,0.175,-0.997,0.069,-2.977,0.244,-0.107,30.79
44928367,0.187,-1.027,0.069,-2.076,0.748,0.55,30.84
44934894,0.16,-0.99,0.065,-3.74,-0.977,-0.611,30.79
44944755,0.174,-0.998,0.065,-3.466,-0.916,-0.595,30.88
44956714,0.165,-0.999,0.069,-3.817,-0.947,-0.626,30.84
44966306,0.176,-1.003,0.066,-4.107,-0.885,-1.008,30.88
44972555,0.177,-0.998,0.068,-4.244,-1.115,-1.099,30.84
44984742,0.171,-0.997,0.07,-4.748,-1.053,-1.45,30.88
44996814,0.17,-1.004,0.064,-4.626,-1.481,-1.832,30.84
45002762,0.165,-1.002,0.055,-4.718,-1.527,-2.275,30.79
45010203,0.176,-1.005,0.053,-4.412,-1.267,-2.137,30.88
45023926,0.181,-1.003,0.061,-4.153,-1.221,-2.458,30.74
45035546,0.176,-1.008,0.079,-3.847,-1.313,-2.412,30.88
45044256,0.162,-1.002,0.065,-4.015,-1.771,-2.382,30.74
45056617,0.172,-0.995,0.063,-4.076,-1.466,-2.534,30.79
45063777,0.183,-0.999,0.064,-3.374,-0.84,-2.336,30.84
45074455,0.169,-1.007,0.062,-2.916,0.0,-2.0,30.79
45082548,0.173,-1.005,0.073,-2.595,-0.351,-1.695,30.79
45094981,0.181,-1.001,0.063,-2.351,0.504,-1.374,30.84
45101374,0.171,-0.993,0.06,-2.473,0.702,-1.145,30.88
45113158,0.167,-0.997,0.068,-2.763,-0.031,-1.053,30.84
45129008,0.164,-0.992,0.055,-2.763,-0.153,-0.992,30.88
45139711,0.166,-0.996,0.062,-2.748,0.031,-0.718,30.88
45143707,0.183,-0.993,0.051,-2.183,0.595,-0.687,30.88
45154040,0.179,-0.997,0.053,-1.573,1.038,0.076,30.88
45164734,0.165,-1.001,0.069,-1.573,1.099,0.489,30.84
45174211,0.178,-0.992,0.066,-1.969,0.947,0.779,30.79
45185849,0.172,-1.0,0.066,-2.0,0.901,0.916,30.74
45196298,0.166,-0.989,0.074,-2.687,0.58,0.916,30.79
45204555,0.166,-0.987,0.069,-3.145,0.229,0.595,30.93
45211915,0.173,-0.995,0.074,-3.008,0.626,0.443,30.88
45224687,0.168,-0.992,0.06,-3.099,0.473,0.55,30.88
45236904,0.167,-0.997,0.069,-2.824,0.443,0.718,30.84
45244607,0.174,-1.004,0.056,-2.656,0.351,0.809,30.79
45258308,0.175,-0.997,0.066,-2.519,0.58,1.145,30.84
45268677,0.164,-0.998,0.075,-2.794,0.366,0.595,30.79
45274384,0.168,-1.0,0.07,-3.099,0.412,0.412,30.84
45285012,0.181,-1.004,0.078,-3.344,0.626,0.275,30.88
45297590,0.171,-0.992,0.068,-3.053,0.672,0.122,30.93
45303931,0.179,-1.007,0.059,-3.237,0.168,-0.015,30.84
45311002,0.176,-0.999,0.071,-3.145,0.183,-0.107,30.79
45325104,0.179,-0.992,0.071,-3.191,0.153,-0.626,30.74
45335874,0.177,-0.999,0.07,-3.588,-0.321,-0.656,30.79
45343920,0.171,-1.002,0.058,-3.313,-0.153,-0.962,30.84
45359593,0.171,-0.991,0.072,-3.634,-0.427,-1.099,30.79
45370055,0.174,-1.0,0.074,-3.832,-0.443,-1.634,30.93
45372047,0.167,-1.0,0.066,-3.649,-0.702,-1.802,30.93
45386441,0.174,-0.989,0.064,-3.74,-1.099,-1.405,30.88
45394870,0.195,-0.992,0.079,-2.534,1.359,-1.008,30.84
45402394,0.164,-0.997,0.052,-3.328,-0.672,-1.221,30.88
45413935,0.18,-1.004,0.061,-2.779,-0.153,-1.374,30.93
45421229,0.175,-1.008,0.066,-2.336,0.611,-1.115,30.79
45436349,0.153,-0.992,0.06,-2.687,-0.061,-1.16,30.84
45444863,0.169,-1.0,0.072,-3.939,-1.298,-0.641,30.88
45455575,0.157,-0.99,0.065,-3.695,-1.053,-0.962,30.88
45468383,0.176,-1.0,0.07,-3.847,-1.389,-0.947,30.93
45473218,0.161,-0.999,0.065,-3.115,-0.779,-1.176,30.88
45487252,0.169,-0.994,0.075,-3.328,-0.595,-1.13,30.84
45495033,0.167,-1.001,0.058,-3.435,-0.992,-1.069,30.88
45504948,0.18,-1.001,0.042,-3.71,-1.634,-0.321,30.79
45511705,0.163,-0.992,0.071,-3.939,-1.649,-0.107,30.88
45526480,0.185,-0.997,0.065,-4.168,-1.557,-0.489,30.88
45536503,0.156,-0.986,0.075,-4.504,-1.053,-0.473,30.84
45544856,0.173,-0.995,0.074,-4.443,-0.718,-1.115,30.79
45554989,0.177,-1.003,0.057,-3.847,-0.214,-0.824,30.84
45565910,0.184,-1.01,0.049,-3.221,0.55,-0.305,30.88
45573063,0.177,-1.008,0.057,-2.641,0.015,0.504,30.84
45584402,0.174,-1.004,0.062,-2.55,-0.336,1.069,30.88
45594902,0.175,-1.002,0.056,-2.672,-0.061,0.595,30.79
45603356,0.164,-0.996,0.087,-2.672,0.015,0.198,30.74
45609708,0.164,-1.0,0.062,-2.763,0.733,-0.366,30.88
45622139,0.16,-1.002,0.068,-3.023,0.198,-0.458,30.93
45634875,0.169,-0.996,0.064,-2.977,-0.076,-0.244,30.88
45644661,0.167,-0.991,0.06,-2.611,0.153,-0.183,30.84
45654565,0.183,-0.998,0.072,-2.779,0.626,-0.336,30.79
45664055,0.172,-0.993,0.066,-2.992,0.473,-0.947,30.84
45674762,0.187,-0.999,0.066,-3.038,0.855,-0.962,30.84
45683613,0.179,-1.0,0.072,-3.053,1.466,-0.962,30.88
45698495,0.175,-1.0,0.058,-2.855,1.588,-1.023,30.84
45702853,0.175,-1.001,0.061,-2.55,1.42,-0.947,30.88
45713416,0.179,-1.003,0.05,-2.26,1.42,-0.977,30.74
45721127,0.163,-0.997,0.072,-1.847,1.435,-1.069,30.88
45737457,0.163,-0.997,0.06,-1.939,0.687,-0.916,30.93
45745287,0.17,-0.995,0.067,-2.015,0.824,-0.962,30.93
45756636,0.174,-0.996,0.065,-1.924,1.313,-0.809,30.79
45768508,0.164,-0.998,0.061,-2.489,1.084,-1.053,30.84
45773058,0.163,-0.997,0.07,-2.611,1.237,-1.542,30.79
45782523,0.161,-1.001,0.064,-2.687,1.176,-1.664,30.84
45794881,0.161,-1.009,0.064,-2.718,1.328,-1.344,30.79
45804645,0.173,-0.997,0.064,-2.58,1.008,-1.252,30.84
45811831,0.156,-0.992,0.063,-2.565,0.855,-0.977,30.88
45826304,0.167,-1.001,0.061,-2.656,0.153,-0.748,30.79
45843986,0.163,-0.99,0.06,-2.962,0.916,-0.84,30.84
45850465,0.166,-0.987,0.067,-3.008,0.992,-0.962,30.79
45856652,0.169,-0.993,0.056,-3.344,0.595,-1.069,30.84
45870346,0.171,-0.992,0.056,-3.405,0.718,-0.962,30.79
45879326,0.166,-0.989,0.069,-3.74,0.809,-0.901,30.79
45889440,0.167,-0.99,0.067,-3.389,0.656,-1.145,30.79
45899844,0.165,-1.002,0.062,-3.466,0.885,-1.145,30.88
45911575,0.177,-1.004,0.054,-3.053,0.687,-0.794,30.84
45918901,0.179,-0.997,0.063,-2.702,0.794,-0.458,30.79
45923379,0.168,-1.002,0.064,-2.87,0.84,-0.473,30.93
45929751,0.158,-0.997,0.067,-3.42,0.275,-0.229,30.88
45947068,0.173,-0.996,0.048,-3.344,0.229,-0.351,30.84
45959306,0.173,-1.0,0.069,-3.008,0.336,-0.305,30.88
45963711,0.172,-0.993,0.066,-3.298,0.382,-0.351,30.69
45974637,0.168,-0.995,0.069,-3.603,-0.229,-0.519,30.84
45987615,0.172,-0.995,0.066,-3.618,0.305,-0.794,30.88
45994540,0.167,-0.997,0.059,-3.634,0.122,-0.656,30.84
46006706,0.171,-1.004,0.061,-3.496,-0.779,-0.855,30.88
46014447,0.168,-1.01,0.054,-3.573,-1.374,-0.565,30.84
46022262,0.178,-0.999,0.034,-3.939,-1.603,-0.901,30.79
46032931,0.145,-1.0,0.04,-5.863,-4.198,-0.489,30.74
46040647,0.154,-0.984,0.037,-6.992,-5.634,-1.618,30.84
46054563,0.18,-1.015,0.077,-7.282,-5.771,-1.893,30.79
46063640,0.162,-1.007,0.038,-7.13,-5.45,-2.244,30.74
46075594,0.177,-1.009,0.041,-7.832,-7.435,-2.183,30.88
46087394,0.177,-0.996,0.072,-7.603,-6.885,-2.977,30.84
46091943,0.167,-1.034,0.015,-8.87,-11.466,-3.16,30.88
46105773,0.165,-0.997,0.035,-10.198,-13.786,-2.672,30.74
46113707,0.182,-1.003,0.018,-14.092,-16.0,-4.412,30.84
46123406,0.162,-0.994,0.053,-15.893,-15.023,-6.351,30.88
46129723,0.194,-1.003,0.075,-18.489,-14.107,-8.382,30.84
46151605,0.189,-1.04,0.051,-19.023,-13.359,-11.405,30.88
46159026,0.184,-1.045,0.054,-18.947,-14.458,-13.634,30.88
46165382,0.21,-1.058,0.003,-18.137,-14.137,-15.405,30.79
46176673,0.248,-1.046,0.013,-17.863,-14.305,-16.29,30.84
46186804,0.239,-1.028,0.021,-17.969,-12.702,-19.053,30.84
46192281,0.241,-1.01,0.035,-19.542,-13.221,-21.588,30.88
46205877,0.273,-1.019,0.027,-20.183,-10.87,-23.832,30.93
46213619,0.273,-1.005,0.043,-20.473,-9.099,-25.359,30.88
46223494,0.3,-1.035,-0.011,-21.634,-8.947,-28.58,30.84
46230218,0.32,-1.064,0.032,-21.832,-8.0,-31.374,30.88
46250080,0.297,-1.036,-0.001,-23.115,-7.496,-34.168,30.79
46262376,0.314,-1.049,-0.046,-24.122,-6.626,-37.42,30.84
46264195,0.322,-1.035,-0.001,-24.718,-5.298,-40.031,30.79
46275558,0.287,-1.021,-0.047,-27.389,-6.321,-42.534,30.84
46286393,0.318,-1.049,-0.044,-29.405,-6.809,-44.382,30.88
46294702,0.346,-1.064,-0.062,-29.893,-5.786,-45.145,30.93
46305732,0.346,-1.068,-0.076,-30.229,-6.748,-45.939,30.88
46313548,0.325,-1.036,-0.069,-29.969,-7.237,-46.702,30.84
46323838,0.351,-1.042,-0.041,-30.092,-6.748,-48.626,30.79
46330699,0.386,-1.047,-0.032,-30.641,-3.13,-51.282,30.88
46346687,0.376,-1.04,-0.052,-31.863,-0.809,-53.893,30.84
46359292,0.298,-1.019,-0.106,-34.885,-2.748,-54.595,30.88
46364075,0.358,-1.012,-0.092,-37.069,-4.382,-56.58,30.84
46376430,0.399,-1.062,-0.092,-37.786,-4.565,-57.969,30.79
46386877,0.367,-1.053,-0.089,-37.038,-3.832,-58.672,30.84
46393016,0.392,-1.038,-0.134,-36.427,-5.145,-60.015,30.88
46406978,0.396,-1.055,-0.129,-36.321,-6.137,-61.038,30.93
46414620,0.463,-1.035,-0.093,-36.29,-4.198,-62.748,30.93
46424447,0.46,-1.047,-0.128,-37.084,-1.542,-65.038,30.88
46430958,0.344,-0.989,-0.135,-40.397,-4.244,-64.55,30.84
46446859,0.447,-1.012,-0.13,-43.725,-6.626,-65.863,30.88
46460247,0.499,-1.028,-0.104,-44.489,-4.229,-66.519,30.93
46464868,0.475,-1.006,-0.162,-45.359,-4.183,-66.718,30.88
46476727,0.472,-1.031,-0.178,-44.931,-5.527,-67.313,30.84
46492627,0.482,-1.02,-0.19,-43.496,-5.771,-67.863,30.88
46495153,0.51,-1.005,-0.181,-42.809,-6.534,-68.641,30.79
46501222,0.521,-0.983,-0.142,-42.733,-5.084,-69.618,30.84
46513791,0.491,-0.97,-0.171,-44.641,-5.679,-69.649,30.88
46525099,0.573,-0.968,-0.173,-46.55,-4.672,-70.443,30.84
46531336,0.475,-1.015,-0.192,-46.443,-5.405,-69.237,30.88
46544097,0.578,-0.978,-0.189,-45.115,-0.107,-72.55,30.84
46556033,0.551,-0.995,-0.233,-46.427,-3.435,-72.015,30.88
46566622,0.532,-0.955,-0.225,-45.176,-6.0,-71.74,30.84
46574408,0.572,-0.978,-0.245,-44.076,-6.122,-73.588,30.88
46588903,0.592,-0.937,-0.217,-44.595,-7.771,-72.87,30.88
46593972,0.619,-0.94,-0.202,-45.573,-5.802,-73.267,30.93
46605792,0.662,-0.934,-0.188,-46.26,-0.55,-77.557,30.88
46614210,0.629,-0.939,-0.22,-46.473,3.466,-79.725,30.93
46623465,0.655,-0.952,-0.243,-45.695,3.206,-78.244,30.88
46631721,0.608,-0.929,-0.27,-44.626,2.718,-79.252,30.84
46643858,0.648,-0.931,-0.269,-43.542,1.802,-79.481,30.79
46656945,0.617,-0.905,-0.265,-43.298,0.092,-77.191,30.88
46666050,0.692,-0.9,-0.24,-43.145,2.702,-78.901,30.84
46672538,0.662,-0.902,-0.288,-44.275,3.618,-78.977,30.88
46686921,0.721,-0.868,-0.215,-46.0,3.71,-77.817,30.84
46694587,0.697,-0.878,-0.284,-45.924,7.908,-79.45,30.79
46704871,0.719,-0.863,-0.25,-46.382,9.496,-81.527,30.93
46714309,0.729,-0.898,-0.291,-45.221,10.611,-83.786,30.79
46725050,0.685,-0.851,-0.29,-43.786,9.817,-82.168,30.84
46732924,0.723,-0.847,-0.354,-42.031,9.466,-83.13,30.84
46739704,0.717,-0.85,-0.307,-41.053,7.542,-80.809,30.88
46759217,0.788,-0.83,-0.274,-39.267,12.565,-82.092,30.84
46766941,0.776,-0.784,-0.262,-40.305,16.626,-82.779,30.88
46773033,0.796,-0.789,-0.3,-40.855,20.58,-84.55,30.74
46787547,0.786,-0.764,-0.325,-42.198,21.374,-84.779,30.88
46795363,0.76,-0.767,-0.315,-43.145,21.008,-85.679,30.88
46806091,0.773,-0.756,-0.349,-44.076,19.282,-85.756,30.88
46815007,0.834,-0.784,-0.322,-43.282,20.305,-85.527,30.98
46823607,0.811,-0.754,-0.32,-42.183,22.137,-84.84,30.93
46833042,0.833,-0.739,-0.307,-41.069,23.679,-86.0,30.88
46840335,0.824,-0.729,-0.325,-40.122,24.153,-86.916,30.84
46857775,0.856,-0.712,-0.345,-39.191,24.122,-87.527,30.88
46865059,0.781,-0.661,-0.382,-40.733,20.931,-86.168,30.93
46873271,0.85,-0.665,-0.365,-44.061,15.618,-85.863,30.79
46888176,0.913,-0.706,-0.338,-44.275,17.527,-84.122,30.88
46896783,0.922,-0.672,-0.323,-44.641,20.076,-82.29,30.84
46904041,0.942,-0.658,-0.336,-45.405,26.275,-85.664,30.79
46915073,0.907,-0.662,-0.339,-45.542,27.802,-86.473,30.93
46925465,0.903,-0.645,-0.385,-45.237,27.359,-87.42,30.79
46933801,0.88,-0.625,-0.379,-44.458,22.916,-86.87,30.93
46940648,0.939,-0.624,-0.375,-43.374,21.695,-87.893,30.88
46958057,0.929,-0.587,-0.369,-42.534,19.817,-86.595,30.93
46968186,0.9,-0.543,-0.387,-44.107,15.603,-84.519,30.79
46973447,0.983,-0.524,-0.333,-46.748,14.809,-84.366,30.88
46987516,0.98,-0.528,-0.355,-49.588,16.061,-84.84,30.84
46993886,1.0,-0.507,-0.359,-51.969,17.481,-85.252,30.88
47004348,0.975,-0.525,-0.377,-53.511,18.29,-86.29,30.84
47016871,0.979,-0.499,-0.39,-53.023,17.924,-86.275,30.79
47027278,1.007,-0.507,-0.376,-53.71,15.847,-87.282,30.74
47033742,0.948,-0.478,-0.414,-53.038,10.718,-86.031,30.79
47040824,0.912,-0.399,-0.422,-56.656,-0.412,-87.252,30.84
47054245,1.036,-0.401,-0.376,-56.992,-3.145,-87.725,30.84
47062529,1.031,-0.386,-0.378,-57.313,-1.557,-88.87,30.88
47073758,1.139,-0.366,-0.366,-57.481,5.328,-90.397,30.84
47088611,1.064,-0.389,-0.381,-57.908,9.191,-89.115,30.88
47097125,1.0,-0.358,-0.443,-59.099,6.84,-86.092,30.93
47104317,1.072,-0.355,-0.39,-62.489,0.489,-84.107,30.88
47116810,1.074,-0.366,-0.374,-61.695,0.947,-84.687,30.93
47125690,1.032,-0.296,-0.402,-59.634,1.374,-85.527,30.84
47129955,1.076,-0.307,-0.358,-57.344,0.641,-89.145,30.79
47141683,1.066,-0.279,-0.428,-56.031,0.672,-90.031,30.84
47158767,1.032,-0.239,-0.402,-56.168,-3.679,-89.038,30.79
47165286,1.046,-0.189,-0.434,-62.168,-11.42,-88.198,30.74
47173520,1.129,-0.215,-0.384,-65.374,-10.641,-86.962,30.88
47188132,1.138,-0.199,-0.352,-66.565,-5.817,-87.053,30.84
47193684,1.116,-0.16,-0.375,-66.412,-1.664,-88.351,30.98
47204260,1.135,-0.176,-0.388,-65.985,2.336,-91.527,30.88
47215449,1.064,-0.178,-0.412,-63.435,1.298,-91.573,30.93
47226667,1.03,-0.111,-0.432,-61.511,-5.115,-93.008,30.88
47231156,1.048,-0.118,-0.419,-60.687,-9.863,-92.336,30.93
47241936,1.121,-0.117,-0.438,-59.45,-12.214,-94.901,30.88
47258031,1.119,-0.088,-0.382,-58.427,-9.847,-93.878,30.88
47267708,1.149,-0.048,-0.365,-59.374,-3.786,-95.176,30.88
47274811,1.135,0.013,-0.361,-59.985,1.084,-95.817,30.88
47289059,1.104,-0.018,-0.428,-62.305,3.817,-100.336,30.84
47296860,1.021,-0.005,-0.435,-61.847,-1.954,-98.183,30.79
47306436,1.07,0.016,-0.453,-61.725,-6.55,-98.931,30.74
47314646,1.134,-0.006,-0.459,-60.687,-8.031,-100.641,30.79
47326108,1.122,0.021,-0.419,-58.366,-5.863,-99.252,30.74
47330915,1.112,0.094,-0.35,-59.71,-1.847,-100.076,30.79
47342751,1.135,0.133,-0.368,-62.061,5.405,-104.687,30.88
47358128,1.022,0.124,-0.397,-64.412,5.847,-106.336,30.84
47364885,1.031,0.142,-0.414,-65.191,3.16,-107.954,30.88
47374467,1.021,0.126,-0.422,-64.855,-0.046,-108.947,30.74
47388651,1.042,0.154,-0.427,-61.771,-0.947,-109.511,30.88
47396277,1.025,0.17,-0.385,-58.031,-1.16,-109.191,30.84
47402886,1.058,0.231,-0.374,-57.405,0.321,-110.611,30.88
47415427,1.091,0.239,-0.336,-57.908,6.901,-113.649,30.88
47425964,0.965,0.306,-0.399,-61.908,3.832,-113.695,30.84
47432114,1.039,0.311,-0.35,-64.504,2.626,-115.969,30.88
47443374,0.936,0.322,-0.415,-67.389,-3.786,-115.511,30.74
47457934,1.043,0.281,-0.379,-66.229,-4.458,-116.489,30.88
47464574,1.001,0.271,-0.362,-61.679,-2.55,-115.679,30.93
47474694,0.992,0.312,-0.334,-57.878,-1.557,-112.962,30.79
47490066,1.026,0.336,-0.327,-56.229,4.427,-114.107,30.84
47494978,0.874,0.384,-0.34,-57.008,3.603,-113.405,30.84
47502342,0.887,0.431,-0.348,-62.595,-5.13,-110.656,30.79
47514854,0.892,0.427,-0.305,-65.023,-5.069,-111.206,30.84
47524055,0.849,0.421,-0.323,-64.962,-9.496,-107.466,30.79
47531788,0.874,0.437,-0.285,-62.305,-10.55,-105.145,30.88
47543772,0.928,0.423,-0.282,-56.992,-5.008,-106.427,30.88
47555988,0.843,0.458,-0.273,-49.863,-0.794,-103.298,30.79
47564684,0.829,0.504,-0.246,-47.481,0.046,-103.115,30.93
47572968,0.704,0.559,-0.253,-47.023,-5.038,-99.252,30.79
47587841,0.747,0.62,-0.268,-50.931,-8.427,-100.489,30.84
47594223,0.733,0.568,-0.219,-52.092,-10.321,-96.916,30.79
47607202,0.723,0.565,-0.178,-50.229,-9.496,-92.015,30.84
47615607,0.719,0.547,-0.196,-47.008,-7.71,-85.756,30.79
47624270,0.738,0.517,-0.157,-39.969,-2.87,-78.733,30.88
47632740,0.696,0.54,-0.168,-31.191,1.802,-71.069,30.93
47639763,0.612,0.581,-0.211,-24.534,-0.412,-61.557,30.79
47657733,0.594,0.641,-0.175,-21.557,-2.763,-57.863,30.84
47665002,0.601,0.684,-0.188,-16.855,-5.221,-51.954,30.79
47672587,0.61,0.696,-0.158,-12.992,-4.382,-47.847,30.84
47687600,0.634,0.714,-0.164,-10.733,-2.931,-44.443,30.88
47692248,0.673,0.662,-0.128,-6.504,-0.824,-37.115,30.79
47703842,0.656,0.655,-0.154,0.855,2.244,-29.099,30.84
47711919,0.637,0.675,-0.156,5.71,5.634,-20.702,30.88
47722573,0.669,0.672,-0.184,11.695,9.817,-11.588,30.93
47728110,0.572,0.708,-0.213,15.756,7.969,-1.252,30.79
47752671,0.636,0.734,-0.225,20.534,9.588,4.611,30.84
47759200,0.641,0.721,-0.24,23.802,9.71,10.779,30.79
47764321,0.669,0.711,-0.236,25.832,11.328,15.359,30.88
47774629,0.646,0.734,-0.244,27.573,12.305,19.908,30.93
47785878,0.683,0.721,-0.25,29.023,14.84,24.198,30.88
47794641,0.668,0.715,-0.255,30.565,16.962,27.863,30.93
47804985,0.666,0.711,-0.26,32.473,16.565,32.656,30.79
47816962,0.713,0.665,-0.272,34.656,19.13,35.847,30.79
47821061,0.698,0.656,-0.259,38.504,22.061,41.588,30.88
47832861,0.707,0.689,-0.29,40.626,23.038,45.832,30.79
47850699,0.704,0.685,-0.297,40.26,24.244,49.084,30.84
47860368,0.679,0.685,-0.307,40.076,23.634,52.626,30.79
47864967,0.739,0.668,-0.304,38.977,22.382,55.511,30.74
47874713,0.731,0.63,-0.301,39.985,22.489,59.053,30.79
47887366,0.772,0.608,-0.292,42.916,24.595,61.573,30.84
47892605,0.769,0.632,-0.277,46.382,26.244,64.153,30.88
47905799,0.78,0.635,-0.321,47.786,28.26,64.275,30.79
47918367,0.761,0.617,-0.339,47.954,25.634,65.893,30.74
47923517,0.779,0.593,-0.316,47.725,23.237,68.275,30.88
47930357,0.835,0.583,-0.325,48.275,21.939,70.626,30.93
47948487,0.822,0.593,-0.316,47.45,20.901,72.931,30.88
47958203,0.878,0.56,-0.298,46.885,21.786,74.107,30.84
47964000,0.881,0.545,-0.309,47.115,26.031,74.809,30.79
47977399,0.893,0.512,-0.323,47.298,26.397,77.267,30.79
47985126,0.877,0.494,-0.346,47.435,25.023,79.939,30.84
47996877,0.839,0.508,-0.335,47.527,22.0,83.557,30.79
48005100,0.869,0.497,-0.319,46.183,20.26,83.954,30.84
48014319,0.92,0.448,-0.309,46.855,17.115,85.847,30.88
48020711,0.954,0.427,-0.341,48.672,20.122,85.191,30.84
48034495,0.95,0.403,-0.305,51.374,23.16,87.649,30.88
48047486,0.932,0.419,-0.33,50.137,24.656,86.855,30.93
48053253,0.901,0.392,-0.353,48.321,20.168,90.824,30.84
48059020,0.888,0.398,-0.324,46.947,15.817,93.13,30.79
48076667,0.94,0.339,-0.352,44.687,10.412,94.412,30.93
48084383,0.958,0.258,-0.333,45.679,6.901,98.443,30.88
48094952,1.05,0.26,-0.296,51.298,13.756,98.534,30.79
48105715,0.969,0.306,-0.347,54.031,18.168,99.573,30.88
48114076,0.984,0.302,-0.337,52.046,21.084,96.168,30.84
48123476,0.913,0.29,-0.333,51.053,18.534,99.298,30.84
48131996,0.948,0.218,-0.36,48.275,12.26,102.26,30.88
48146532,0.957,0.207,-0.319,47.832,6.305,107.405,30.84
48154591,1.007,0.147,-0.352,48.061,3.466,109.206,30.88
48166072,1.035,0.085,-0.294,52.427,6.046,111.939,30.84
48176791,0.989,0.185,-0.306,55.435,10.198,113.878,30.79
48182235,0.991,0.193,-0.377,53.756,10.855,108.901,30.88
48195782,0.925,0.118,-0.396,52.351,5.863,111.221,30.93
48207680,0.984,0.053,-0.363,49.893,-2.763,115.328,30.88
48213727,1.038,0.018,-0.327,49.206,-4.473,117.725,30.93
48220445,1.042,0.018,-0.295,50.87,0.305,118.672,30.79
48236927,1.101,-0.004,-0.314,52.595,7.634,115.008,30.84
48248866,1.088,-0.117,-0.311,56.55,15.252,114.519,30.88
48254175,1.024,-0.048,-0.354,60.382,19.954,117.542,30.93
48264843,0.893,-0.016,-0.464,57.13,8.87,119.618,30.84
48274376,1.023,-0.115,-0.382,53.893,-0.931,119.786,30.88
48284624,1.055,-0.216,-0.399,53.969,-3.282,121.176,30.93
48297293,1.121,-0.239,-0.367,57.725,-0.519,122.275,30.79
48305175,1.114,-0.244,-0.277,61.267,8.947,121.74,30.84
48313409,1.071,-0.178,-0.341,60.198,12.87,121.145,30.88
48321948,1.052,-0.259,-0.353,58.901,15.939,119.557,30.74
48336779,0.978,-0.2,-0.411,57.695,16.061,118.656,30.88
48347291,1.006,-0.215,-0.365,54.504,12.031,117.145,30.69
48354086,1.019,-0.301,-0.354,53.527,7.939,117.069,30.93
48361761,1.153,-0.497,-0.335,57.008,6.718,119.878,30.88
48378916,1.101,-0.393,-0.276,63.695,15.115,124.702,30.93
48383717,1.009,-0.242,-0.369,61.359,19.069,118.443,30.88
48395320,1.029,-0.408,-0.308,59.863,18.809,114.397,30.84
48404640,0.964,-0.356,-0.355,58.565,15.191,115.863,30.88
48415634,0.991,-0.4,-0.346,54.229,6.885,116.458,30.88
48423569,1.106,-0.523,-0.333,55.389,9.847,114.473,30.84
48430649,1.091,-0.464,-0.267,59.191,19.099,115.359,30.79
48449049,1.066,-0.497,-0.253,61.42,27.206,114.122,30.93
48457102,1.015,-0.5,-0.275,62.595,30.489,114.611,30.98
48463704,0.865,-0.499,-0.355,59.573,20.458,118.198,30.79
48476151,0.969,-0.526,-0.297,55.863,11.939,118.977,30.84
48483697,0.972,-0.585,-0.31,54.656,10.397,118.534,30.88
48493699,1.041,-0.592,-0.216,57.466,17.863,116.947,30.93
48505273,1.056,-0.619,-0.214,61.145,28.626,114.87,30.88
48516295,0.975,-0.606,-0.2,64.214,38.382,114.977,30.84
48524702,0.855,-0.676,-0.365,60.107,27.191,119.374,30.79
48531440,0.868,-0.738,-0.254,56.168,11.13,126.504,30.84
48547657,0.879,-0.711,-0.297,52.061,2.229,129.74,30.88
48554434,0.87,-0.731,-0.243,48.58,-2.336,127.725,30.88
48565046,0.99,-0.763,-0.179,51.908,8.0,121.954,30.74
48576125,0.916,-0.721,-0.173,55.069,21.099,115.771,30.88
48583987,0.884,-0.786,-0.178,55.45,24.504,115.771,30.93
48594911,0.83,-0.781,-0.19,55.328,22.947,119.359,30.88
48607191,0.759,-0.741,-0.222,49.053,14.214,120.748,30.84
48618011,0.833,-0.793,-0.19,45.634,10.489,119.573,30.88
48622408,0.863,-0.856,-0.216,45.344,10.672,116.992,30.79
48632917,0.848,-0.899,-0.134,48.794,15.282,117.298,30.84
48640787,0.776,-0.801,-0.106,50.015,19.115,115.466,30.79
48655504,0.764,-0.883,-0.147,48.443,16.443,114.153,30.84
48664213,0.747,-0.874,-0.129,47.725,14.641,113.771,30.88
48676263,0.708,-0.966,-0.19,42.473,3.649,116.748,30.84
48685837,0.689,-0.924,-0.135,38.641,-3.817,118.244,30.88
48692922,0.757,-0.98,-0.159,35.221,-6.275,114.641,30.79
48704228,0.834,-1.073,-0.092,39.695,2.0,112.427,30.93
48716336,0.699,-0.939,-0.082,40.366,6.87,109.603,30.88
48724218,0.705,-0.967,-0.13,39.649,7.008,105.832,30.93
48734416,0.682,-1.036,-0.107,39.45,3.069,105.603,30.98
48741556,0.602,-0.96,-0.174,35.603,-4.58,107.832,30.98
48760052,0.656,-1.063,-0.155,32.458,-12.153,109.389,30.79
48766809,0.669,-1.021,-0.095,31.771,-11.71,108.305,30.84
48773722,0.611,-0.974,-0.084,30.718,-10.122,106.076,30.84
48786783,0.619,-0.964,-0.053,31.847,-5.985,101.817,30.88
48795802,0.56,-0.969,-0.089,32.595,-5.634,99.893,30.84
48806311,0.556,-1.041,-0.115,32.244,-11.817,99.618,30.88
48814660,0.57,-1.039,-0.052,32.412,-13.374,99.954,30.84
48824160,0.513,-0.978,-0.096,30.855,-13.115,97.344,30.79
48830844,0.512,-1.057,-0.064,29.099,-16.626,95.603,30.79
48842423,0.515,-1.057,-0.04,29.664,-15.756,92.87,30.84
48861624,0.466,-1.025,-0.017,31.099,-14.107,90.656,30.88
48869774,0.502,-1.048,-0.042,31.802,-13.618,88.611,30.84
48875140,0.47,-1.045,0.011,35.008,-10.901,87.191,30.88
48888783,0.409,-1.053,-0.082,33.74,-15.084,86.351,30.93
48899205,0.446,-1.092,-0.015,32.031,-19.649,87.588,30.88
48904428,0.42,-1.075,-0.017,31.221,-18.046,84.473,31.02
48915460,0.375,-1.087,0.005,29.74,-17.511,81.496,30.84
48924884,0.389,-1.105,0.026,30.718,-14.382,75.298,30.88
48933967,0.359,-1.097,0.019,32.214,-13.206,71.45,30.84
48944038,0.385,-1.1,0.008,33.511,-13.679,66.855,30.98
48951256,0.285,-1.057,-0.018,30.0,-20.55,65.939,30.93
48966902,0.374,-1.054,0.058,26.779,-22.595,61.832,30.88
48976410,0.389,-1.07,0.051,24.733,-19.542,57.557,30.84
48983247,0.335,-1.062,0.002,21.267,-18.84,53.695,30.84
48996219,0.331,-1.056,0.007,19.145,-19.359,49.618,30.79
49005203,0.362,-1.068,0.047,18.504,-17.695,44.962,30.84
49016958,0.348,-1.067,0.008,17.832,-16.84,40.55,30.88
49026190,0.364,-1.055,0.04,17.664,-14.672,36.84,30.84
49036383,0.358,-1.052,0.036,17.298,-11.282,32.443,30.79
49041407,0.333,-1.028,0.006,14.718,-12.519,30.443,30.74
49052801,0.363,-1.044,-0.011,12.947,-12.656,27.435,30.84
49068177,0.355,-1.025,0.025,11.481,-10.397,24.901,30.88
49077365,0.371,-1.034,0.021,9.802,-7.496,19.924,30.84
49085010,0.341,-1.04,0.033,8.29,-5.863,16.229,30.88
49096394,0.322,-1.035,0.01,7.481,-2.947,12.366,30.84
49106921,0.261,-1.016,-0.026,5.374,-5.878,10.336,30.79
49114258,0.316,-1.033,0.009,4.321,-6.473,8.977,30.88
49126179,0.334,-1.043,0.01,4.26,-4.672,7.145,30.88
49135738,0.305,-1.034,0.022,2.489,-2.901,5.405,30.79
49144114,0.313,-1.041,0.022,1.618,0.275,2.214,30.93
49151176,0.278,-1.061,-0.003,0.855,2.382,-0.458,30.88
49168496,0.265,-1.036,0.02,0.107,2.412,-0.733,30.93
49174867,0.254,-1.014,0.024,-0.321,3.664,-1.13,30.88
49184038,0.246,-1.003,0.043,-0.076,5.13,-1.527,30.84
49198168,0.256,-1.001,0.025,-0.58,6.153,-1.466,30.93
49207076,0.252,-0.993,0.042,-0.489,8.153,-1.481,30.79
49212597,0.225,-1.002,0.016,-1.115,8.718,-1.557,30.93
49226102,0.219,-1.018,0.014,-2.0,7.618,-2.031,30.88
49235294,0.228,-0.999,0.035,-2.366,7.695,-2.29,30.84
49242421,0.217,-1.001,0.06,-2.427,8.718,-2.84,30.88
49249744,0.217,-0.984,0.067,-3.618,10.351,-4.107,30.84
49266625,0.204,-0.996,0.067,-4.748,11.008,-4.763,30.88
49277800,0.209,-1.015,0.037,-5.557,10.397,-4.397,30.79
49284740,0.221,-1.031,0.034,-4.55,9.954,-3.13,30.84
49298174,0.223,-1.017,0.044,-3.435,10.305,-2.244,30.88
49304630,0.228,-1.009,0.051,-3.695,10.229,-1.969,30.93
49314250,0.227,-0.99,0.075,-4.183,11.359,-2.244,30.79
49327167,0.229,-0.979,0.069,-6.137,12.733,-3.924,30.74
49336257,0.198,-0.974,0.084,-7.786,12.611,-4.641,30.88
49341296,0.219,-0.979,0.074,-8.55,12.718,-6.473,30.88
49352527,0.207,-0.996,0.054,-8.794,11.527,-6.519,30.84
49367646,0.244,-1.0,0.062,-7.115,11.954,-5.74,30.88
49375667,0.252,-1.001,0.068,-6.321,13.038,-5.344,30.84
49384834,0.226,-0.993,0.064,-6.641,12.427,-5.008,30.79
49398272,0.243,-1.005,0.08,-7.664,11.527,-5.42,30.98
49404663,0.225,-0.978,0.112,-8.702,12.153,-6.58,30.88
49414231,0.197,-0.986,0.083,-9.954,12.275,-8.534,30.88
49426155,0.199,-1.006,0.069,-10.947,11.053,-8.26,30.84
49435839,0.221,-1.009,0.067,-10.977,10.595,-8.107,30.88
49443268,0.212,-1.014,0.068,-10.595,10.092,-7.969,30.74
49449979,0.236,-1.008,0.063,-9.282,11.939,-7.908,30.88
49468935,0.227,-1.012,0.044,-8.733,11.832,-6.565,30.84
49479218,0.233,-0.987,0.07,-8.84,11.863,-5.924,30.88
49484052,0.23,-0.974,0.065,-10.565,11.252,-6.29,30.88
49497493,0.225,-0.979,0.067,-12.336,10.58,-7.664,30.84
49508699,0.224,-0.988,0.066,-12.885,10.763,-9.099,30.88
49513895,0.21,-0.999,0.039,-13.328,9.908,-9.527,30.84
49525702,0.207,-1.009,0.042,-12.58,8.809,-9.115,30.88
49533695,0.212,-1.001,0.049,-11.725,8.382,-8.55,30.84
49541770,0.201,-0.993,0.031,-12.55,5.863,-7.359,30.88
49552700,0.244,-1.002,0.062,-12.26,5.115,-6.336,30.88
49564905,0.242,-1.001,0.046,-12.534,5.282,-5.344,30.84
49577859,0.236,-1.001,0.074,-13.023,5.756,-5.557,30.79
49584441,0.19,-0.994,0.033,-13.985,4.076,-6.244,30.84
49599826,0.206,-0.997,0.051,-14.718,1.618,-6.321,30.79
49608178,0.231,-1.02,0.032,-14.198,2.656,-7.099,30.84
49612946,0.214,-1.007,0.049,-14.168,3.267,-6.824,30.88
49628094,0.21,-0.991,0.041,-15.267,2.489,-6.992,30.84
49635824,0.239,-1.004,0.043,-16.351,2.229,-6.977,31.02
49643673,0.24,-1.006,0.041,-16.443,2.29,-6.229,30.79
49649961,0.237,-1.0,0.026,-15.74,1.328,-5.084,30.84
49662262,0.229,-0.992,0.036,-15.863,0.168,-4.779,30.88
49675238,0.232,-0.995,0.02,-16.336,-1.328,-5.359,30.93
49683971,0.235,-1.014,0.031,-16.412,-1.557,-6.015,30.88
49694267,0.237,-1.0,0.053,-16.626,0.229,-6.977,30.93
49704942,0.232,-0.992,0.028,-17.573,-1.099,-6.962,30.84
49713528,0.258,-1.005,0.023,-17.802,-1.756,-6.84,30.88
49727177,0.26,-1.0,0.041,-16.916,-0.153,-6.137,30.93
49738910,0.265,-0.998,0.02,-16.55,-1.099,-6.137,30.88
49743576,0.256,-0.987,0.021,-15.771,-1.115,-5.664,30.93
49751910,0.25,-0.993,0.02,-15.16,-1.191,-5.679,30.88
49767550,0.27,-1.022,0.009,-14.626,-0.855,-5.725,30.88
49776709,0.248,-1.018,-0.006,-14.55,-0.901,-5.328,30.84
49784937,0.233,-0.999,0.008,-15.038,-1.435,-5.176,30.88
49794512,0.235,-1.005,0.001,-16.702,-3.664,-5.359,30.93
49804347,0.241,-1.019,0.02,-17.13,-3.786,-6.443,30.88
49813745,0.246,-1.014,0.005,-17.802,-2.565,-8.244,30.84
49825144,0.232,-1.031,-0.028,-19.725,-5.74,-8.763,30.79
49836392,0.253,-1.009,0.02,-19.649,-5.389,-10.076,30.84
49844831,0.287,-1.035,-0.047,-20.061,-3.695,-12.473,30.84
49853405,0.235,-1.017,-0.004,-20.153,-4.305,-11.588,30.88
49860215,0.269,-1.002,-0.024,-21.924,-6.305,-12.29,31.02
49879067,0.287,-1.038,-0.019,-23.45,-6.931,-13.542,30.79
49885887,0.273,-1.015,0.003,-23.725,-5.313,-14.718,30.93
49893219,0.27,-1.018,-0.023,-25.756,-6.076,-16.763,30.88
49907185,0.316,-1.042,-0.028,-25.252,-4.458,-20.321,30.93
49915568,0.307,-1.03,-0.044,-25.176,-3.664,-21.664,30.93
49926347,0.296,-1.016,-0.046,-24.824,-4.458,-22.443,30.88
49937183,0.301,-1.033,-0.059,-24.611,-5.664,-23.466,30.84
49943495,0.343,-1.057,-0.081,-23.939,-6.305,-23.893,30.88
49954097,0.337,-1.034,-0.062,-24.153,-6.229,-24.275,30.79
49960888,0.345,-1.05,-0.062,-24.779,-6.321,-26.275,30.88
49979626,0.351,-1.032,-0.063,-25.496,-5.527,-28.947,30.88
49987751,0.333,-1.032,-0.099,-26.962,-6.962,-31.069,30.74
49993912,0.38,-1.035,-0.063,-27.145,-6.473,-32.534,30.88
50007614,0.396,-1.026,-0.097,-27.496,-4.84,-34.794,30.84
50017228,0.396,-1.013,-0.094,-28.351,-4.168,-35.908,30.88
50024068,0.409,-1.041,-0.129,-28.504,-2.855,-39.42,30.84
50040057,0.412,-1.035,-0.12,-28.855,-2.489,-41.939,30.88
50047533,0.407,-1.03,-0.109,-28.962,-2.565,-44.58,30.79
50054175,0.409,-0.997,-0.102,-30.076,-3.221,-46.901,30.84
50061058,0.444,-1.014,-0.105,-30.397,-1.405,-48.84,30.98
50078306,0.457,-1.041,-0.122,-29.145,1.74,-51.282,30.93
50084652,0.448,-1.009,-0.138,-28.702,3.573,-51.786,30.79
50093217,0.45,-1.014,-0.127,-28.336,4.351,-52.901,30.84
50106344,0.465,-1.006,-0.127,-27.847,6.122,-53.924,30.88
50117339,0.466,-1.017,-0.143,-27.206,6.595,-56.275,30.84
50125171,0.454,-1.039,-0.187,-25.481,7.542,-51.832,30.84
50136424,0.441,-0.984,-0.132,-27.206,8.58,-60.748,30.88
50145703,0.49,-0.983,-0.137,-27.145,7.771,-59.298,30.84
50151120,0.497,-0.994,-0.155,-27.588,8.763,-60.626,30.88
50162265,0.494,-0.998,-0.162,-27.695,9.328,-61.237,30.93
50180371,0.488,-0.981,-0.136,-27.542,10.366,-61.45,30.88
50189912,0.455,-0.97,-0.186,-28.198,8.275,-60.87,30.84
50194495,0.524,-0.983,-0.175,-27.481,8.122,-63.374,30.93
50203403,0.498,-0.976,-0.147,-26.427,9.634,-63.924,30.88
50215385,0.528,-0.973,-0.181,-25.802,9.786,-63.756,30.93
50220379,0.53,-0.969,-0.166,-25.481,10.87,-64.046,30.98
50237586,0.525,-0.965,-0.175,-25.16,12.427,-64.321,30.93
50247957,0.532,-0.96,-0.208,-25.634,11.893,-63.817,30.88
50251223,0.548,-0.958,-0.19,-25.985,10.504,-63.221,30.93
50262927,0.557,-0.946,-0.201,-25.985,10.748,-63.374,30.88
50276542,0.575,-0.937,-0.199,-25.725,11.969,-64.687,30.88
50287182,0.567,-0.932,-0.214,-25.679,12.397,-66.153,30.93
50294020,0.576,-0.938,-0.19,-25.878,11.725,-65.618,30.88
50304481,0.581,-0.888,-0.203,-27.939,10.473,-65.527,30.84
50317180,0.621,-0.923,-0.23,-29.267,9.847,-65.557,30.88
50322178,0.609,-0.926,-0.205,-29.237,9.557,-63.832,30.98
50336656,0.618,-0.924,-0.207,-28.885,9.328,-62.977,30.88
50344523,0.641,-0.884,-0.212,-28.809,9.74,-64.214,30.84
50352447,0.623,-0.89,-0.25,-28.58,7.756,-64.122,30.93
50363689,0.664,-0.874,-0.208,-28.153,8.427,-64.718,30.88
50370623,0.659,-0.873,-0.231,-28.824,8.626,-64.916,30.93
50388102,0.688,-0.876,-0.233,-29.359,9.023,-64.29,30.88
50393097,0.626,-0.852,-0.251,-32.137,6.336,-61.756,30.93
50405833,0.707,-0.869,-0.235,-33.802,5.573,-61.374,30.88
50415409,0.706,-0.848,-0.207,-33.405,7.878,-60.718,30.98
50422735,0.69,-0.851,-0.244,-32.84,8.122,-61.45,30.84
50437595,0.699,-0.842,-0.229,-31.756,8.84,-62.321,30.88
50445574,0.702,-0.815,-0.259,-31.756,8.656,-63.374,30.84
50453562,0.708,-0.825,-0.267,-31.924,7.725,-62.687,30.88
50458363,0.732,-0.824,-0.267,-31.924,6.382,-61.679,30.84
50471736,0.724,-0.814,-0.269,-31.71,4.321,-59.878,30.88
50484405,0.746,-0.766,-0.257,-32.763,3.664,-59.069,30.93
50493652,0.766,-0.803,-0.255,-33.176,4.809,-60.031,30.84
50504521,0.776,-0.777,-0.294,-33.603,7.725,-61.435,30.88
50515832,0.77,-0.769,-0.25,-34.214,8.366,-61.939,30.93
50523608,0.756,-0.771,-0.281,-34.947,8.611,-62.809,30.88
50534771,0.737,-0.754,-0.309,-36.55,4.153,-61.557,30.93
50545645,0.8,-0.763,-0.287,-37.221,1.695,-60.489,30.79
50553894,0.826,-0.758,-0.306,-36.763,1.847,-59.267,30.93
50560861,0.832,-0.725,-0.27,-34.702,4.672,-58.992,30.88
50577681,0.844,-0.737,-0.301,-34.641,6.595,-60.687,30.88
50587538,0.835,-0.719,-0.298,-34.565,6.824,-60.901,30.84
50595001,0.849,-0.69,-0.293,-35.618,6.107,-61.084,30.88
50605028,0.859,-0.699,-0.312,-37.115,5.359,-61.832,30.93
50615541,0.875,-0.697,-0.288,-36.702,6.366,-61.038,30.88
50624021,0.864,-0.688,-0.322,-36.901,7.664,-61.191,30.93
50631637,0.883,-0.683,-0.292,-36.412,8.611,-61.191,30.88
50645417,0.892,-0.66,-0.308,-35.13,11.511,-62.611,30.84
50654719,0.886,-0.659,-0.339,-34.824,10.366,-62.0,30.84
50661572,0.876,-0.631,-0.335,-34.824,7.679,-60.107,30.98
50674342,0.937,-0.622,-0.32,-35.145,8.26,-61.053,30.84
50687591,0.893,-0.601,-0.297,-36.58,8.58,-59.45,30.88
50696339,0.943,-0.598,-0.298,-36.718,10.794,-60.229,30.88
50703194,0.928,-0.625,-0.307,-35.695,13.298,-61.13,30.79
50717235,0.921,-0.61,-0.334,-34.397,14.351,-61.634,30.84
50728269,0.913,-0.624,-0.363,-31.695,13.756,-62.473,30.84
50732998,0.896,-0.594,-0.331,-29.282,10.931,-60.321,30.88
50745531,0.919,-0.58,-0.345,-28.443,9.466,-59.115,30.84
50757302,0.948,-0.569,-0.327,-28.031,11.038,-59.176,30.88
50763228,0.964,-0.555,-0.296,-29.282,13.267,-58.122,30.93
50774400,0.975,-0.543,-0.327,-30.351,17.908,-59.939,30.88
50787261,0.955,-0.533,-0.32,-30.687,19.618,-60.992,30.88
50798350,0.927,-0.523,-0.358,-31.817,18.137,-63.16,30.84
50803335,0.954,-0.533,-0.345,-30.626,15.405,-61.588,30.88
50815431,0.916,-0.505,-0.366,-29.008,10.931,-59.863,30.93
50825461,1.006,-0.488,-0.339,-28.595,10.0,-59.786,30.88
50834072,1.035,-0.478,-0.318,-27.985,14.321,-61.023,30.84
50844773,1.02,-0.461,-0.325,-29.802,16.29,-60.641,30.88
50856705,1.03,-0.457,-0.331,-31.237,19.389,-63.374,30.84
50863873,0.975,-0.446,-0.354,-31.985,17.435,-62.397,30.84
50874622,1.038,-0.47,-0.373,-31.389,15.832,-63.71,30.88
50881655,1.037,-0.472,-0.35,-28.275,15.695,-63.069,30.84
50897440,1.026,-0.433,-0.356,-27.786,14.992,-63.74,30.88
50905936,1.031,-0.389,-0.325,-28.122,13.802,-62.824,30.84
50913601,1.063,-0.39,-0.328,-28.733,13.847,-63.282,30.88
50926989,1.025,-0.375,-0.332,-30.733,12.748,-62.962,30.93
50935436,1.062,-0.358,-0.358,-33.038,11.878,-64.641,30.93
50944140,1.038,-0.372,-0.334,-31.908,11.664,-65.71,30.88
50955116,1.057,-0.353,-0.343,-30.076,10.351,-64.687,30.84
50964207,1.051,-0.342,-0.348,-28.092,7.985,-63.267,30.88
50970553,1.031,-0.315,-0.333,-28.229,3.939,-60.595,31.02
50982240,1.061,-0.253,-0.347,-30.962,0.534,-60.031,30.98
50998060,1.121,-0.318,-0.334,-32.779,0.901,-60.779,30.84
51007551,1.08,-0.29,-0.333,-32.336,3.74,-60.611,30.93
51014453,1.074,-0.298,-0.353,-33.191,4.763,-61.221,30.88
51028719,1.035,-0.278,-0.362,-33.038,2.244,-60.992,30.84
51036687,1.016,-0.266,-0.363,-33.45,-3.496,-59.908,30.79
51039286,1.048,-0.222,-0.357,-34.275,-7.588,-59.847,30.93
51054784,1.071,-0.25,-0.346,-33.634,-8.092,-59.679,30.88
51064788,1.093,-0.205,-0.361,-34.122,-7.74,-59.252,30.79
51071180,1.107,-0.224,-0.333,-36.198,-7.252,-59.282,30.79
51083030,1.087,-0.196,-0.364,-37.679,-7.115,-59.527,30.88
51100415,1.071,-0.218,-0.363,-39.298,-7.832,-60.947,30.84
51105667,1.067,-0.216,-0.381,-38.443,-10.0,-60.275,30.79
51114693,1.102,-0.235,-0.391,-37.038,-11.527,-59.802,30.93
51127387,1.047,-0.21,-0.357,-35.71,-13.435,-57.954,30.88
51135386,1.095,-0.15,-0.347,-36.84,-13.725,-58.489,30.84
51144615,1.092,-0.146,-0.362,-37.542,-12.84,-59.756,30.93
51156790,1.098,-0.122,-0.37,-37.863,-13.069,-60.748,30.88
51166303,1.095,-0.085,-0.385,-38.855,-13.588,-61.786,30.93
51170974,1.116,-0.108,-0.379,-38.947,-12.565,-62.916,30.88
51182433,1.104,-0.088,-0.393,-38.351,-13.74,-61.496,30.93
51194420,1.135,-0.076,-0.395,-38.397,-12.397,-62.305,30.88
51205396,1.095,-0.051,-0.359,-38.214,-10.55,-62.687,30.84
51213598,1.118,-0.014,-0.359,-40.168,-10.947,-62.901,30.84
51227535,1.115,-0.03,-0.408,-40.916,-9.191,-64.855,30.98
51237943,1.128,-0.038,-0.417,-41.511,-8.427,-66.458,30.84
51244529,1.113,-0.018,-0.416,-42.565,-8.885,-66.427,30.88
51256188,1.156,-0.003,-0.416,-43.634,-6.244,-67.405,30.88
51265590,1.122,0.005,-0.385,-45.176,-4.198,-68.122,30.98
51271585,1.102,0.083,-0.371,-48.382,-4.198,-67.252,30.84
51282920,1.159,0.03,-0.38,-50.641,0.84,-71.191,30.93
51300940,1.083,0.032,-0.354,-47.45,4.275,-70.718,30.79
51306697,1.119,0.063,-0.416,-44.214,8.473,-74.061,30.93
51314446,1.084,0.041,-0.404,-41.45,6.519,-74.29,30.88
51324385,1.014,0.105,-0.399,-39.344,1.42,-72.031,30.84
51339816,1.065,0.135,-0.417,-40.626,-0.885,-74.244,30.88
51342035,1.085,0.147,-0.393,-42.076,-3.084,-74.351,30.79
51355400,1.168,0.112,-0.36,-41.45,3.13,-75.649,30.93
51363164,1.115,0.155,-0.35,-39.679,11.481,-76.443,30.79
51372745,1.114,0.17,-0.413,-40.656,14.458,-78.061,30.84
51384456,1.098,0.137,-0.391,-39.328,16.168,-79.893,30.88
51400985,0.994,0.156,-0.44,-36.656,10.824,-78.26,30.84
51411762,1.005,0.222,-0.428,-38.092,1.786,-79.221,30.88
51413625,1.089,0.204,-0.402,-38.687,0.824,-83.359,30.84
51424302,1.131,0.219,-0.387,-36.107,4.504,-84.611,30.84
51432738,1.113,0.258,-0.357,-34.84,8.779,-85.756,30.88
51442817,1.105,0.278,-0.375,-35.649,11.496,-86.794,30.84
51455349,1.084,0.279,-0.384,-36.992,12.244,-87.832,30.88
51465881,0.997,0.349,-0.404,-40.198,7.374,-88.305,30.84
51473988,1.026,0.348,-0.383,-42.626,2.366,-89.878,30.88
51480617,1.013,0.326,-0.396,-43.725,-1.282,-90.26,30.84
51492927,1.064,0.334,-0.367,-42.947,-3.252,-92.061,30.93
51510624,1.089,0.336,-0.342,-39.878,0.397,-96.366,30.79
51516150,1.097,0.357,-0.345,-36.794,6.763,-98.183,30.93
51526211,1.041,0.383,-0.347,-34.626,7.573,-99.023,30.88
51540964,0.939,0.447,-0.384,-36.84,1.924,-99.496,30.79
51546254,0.978,0.491,-0.354,-43.053,-6.565,-100.504,30.88
51553025,0.974,0.443,-0.344,-46.611,-10.763,-101.542,30.88
51565258,1.002,0.443,-0.336,-46.718,-12.962,-100.687,30.93
51573807,1.046,0.428,-0.282,-43.573,-7.832,-102.656,30.88
51581716,1.007,0.437,-0.319,-39.344,-0.611,-105.985,30.84
51594342,0.972,0.456,-0.302,-38.626,-1.008,-107.038,30.79
51608318,0.889,0.482,-0.311,-36.641,-1.924,-107.191,30.84
51617019,0.845,0.527,-0.336,-38.092,-8.962,-105.664,30.88
51622177,0.868,0.542,-0.274,-40.672,-15.466,-104.489,30.88
51638250,0.861,0.551,-0.281,-40.122,-17.511,-104.305,30.93
51646719,0.84,0.537,-0.329,-39.252,-20.84,-103.786,30.98
51653646,0.88,0.514,-0.293,-35.969,-21.282,-103.847,30.93
51668531,0.865,0.549,-0.293,-31.053,-16.427,-104.626,30.88
51678131,0.827,0.568,-0.274,-30.748,-12.351,-105.053,30.84
51682008,0.781,0.582,-0.273,-32.122,-11.16,-103.847,30.88
51693687,0.724,0.604,-0.256,-39.298,-14.443,-99.924,30.88
51710449,0.769,0.626,-0.221,-46.061,-11.847,-99.099,30.93
51717693,0.692,0.583,-0.238,-46.55,-11.099,-91.145,30.88
51724597,0.7,0.572,-0.238,-42.427,-10.824,-83.496,30.84
51736740,0.63,0.558,-0.302,-36.794,-12.916,-77.695,30.88
51744097,0.647,0.6,-0.241,-29.466,-14.672,-74.55,30.84
51751849,0.625,0.675,-0.256,-24.641,-12.519,-74.458,30.88
51766444,0.617,0.704,-0.255,-22.107,-13.115,-73.053,30.88
51771816,0.56,0.775,-0.254,-23.023,-15.115,-70.046,30.93
51782207,0.592,0.781,-0.213,-26.885,-16.947,-66.656,30.88
51793909,0.612,0.805,-0.184,-33.573,-15.634,-67.053,30.93
51800602,0.55,0.77,-0.224,-36.076,-16.641,-60.122,30.88
51818621,0.598,0.748,-0.193,-34.397,-14.824,-53.313,30.88
51823649,0.544,0.79,-0.227,-31.527,-12.443,-47.832,30.88
51835699,0.531,0.798,-0.253,-24.366,-13.511,-39.725,30.88
51846052,0.551,0.844,-0.22,-20.58,-11.389,-39.069,30.93
51853670,0.506,0.858,-0.258,-16.168,-13.145,-34.153,30.88
51865177,0.497,0.863,-0.244,-14.672,-14.504,-31.756,30.84
51873818,0.53,0.866,-0.249,-13.252,-15.878,-26.58,30.88
51883992,0.51,0.817,-0.24,-13.969,-17.221,-20.519,30.74
51894156,0.539,0.827,-0.219,-15.496,-16.046,-15.267,30.93
51902907,0.565,0.804,-0.177,-14.427,-11.618,-8.702,30.88
51915464,0.544,0.777,-0.188,-10.504,-6.656,-0.031,30.93
51926388,0.52,0.807,-0.216,-5.466,-5.13,8.076,30.98
51933639,0.487,0.818,-0.244,-0.183,-5.527,14.672,30.93
51946748,0.523,0.817,-0.241,5.298,-6.076,18.565,30.88
51955982,0.527,0.822,-0.243,9.863,-4.26,21.221,30.84
51963005,0.541,0.857,-0.233,12.58,-3.145,23.527,30.88
51976645,0.535,0.843,-0.24,13.832,-4.351,27.985,30.88
51985208,0.564,0.845,-0.221,13.145,-5.298,32.626,30.93
51991693,0.583,0.801,-0.227,16.672,-2.87,36.534,30.79
52005428,0.606,0.791,-0.202,18.962,0.321,39.405,30.93
52017376,0.607,0.783,-0.235,22.794,2.84,43.237,30.88
52024613,0.642,0.781,-0.238,26.351,5.023,45.649,30.84
52034045,0.612,0.795,-0.255,30.321,6.321,48.061,30.84
52046513,0.612,0.808,-0.254,31.511,5.756,47.542,30.98
52054312,0.633,0.822,-0.286,31.252,4.443,46.595,30.93
52064058,0.647,0.829,-0.271,30.519,3.969,46.183,30.79
52076579,0.672,0.796,-0.267,30.733,5.191,45.42,30.93
52086892,0.695,0.771,-0.279,32.901,7.756,46.137,30.79
52091436,0.73,0.765,-0.271,34.473,9.634,46.229,30.88
52102492,0.685,0.745,-0.304,36.534,10.26,47.679,30.84
52119895,0.718,0.739,-0.292,38.977,11.664,48.0,30.88
52127241,0.708,0.749,-0.295,40.26,13.038,48.977,30.84
52135232,0.707,0.724,-0.325,40.565,14.748,48.626,30.88
52150608,0.684,0.733,-0.314,40.427,13.924,49.313,30.93
52157941,0.745,0.722,-0.314,40.855,15.618,49.42,30.88
52163234,0.742,0.702,-0.313,41.374,15.573,51.084,30.88
52175214,0.788,0.649,-0.334,42.336,16.122,53.13,30.84
52183043,0.814,0.627,-0.309,46.962,18.565,57.496,30.98
52193356,0.781,0.663,-0.335,48.84,20.962,58.748,30.93
52200012,0.768,0.673,-0.354,48.351,21.985,57.511,30.88
52218494,0.759,0.653,-0.344,47.618,22.092,57.649,30.93
52227952,0.771,0.623,-0.346,46.901,20.58,58.595,30.79
52235131,0.79,0.586,-0.36,46.015,18.702,61.023,30.88
52246806,0.807,0.54,-0.341,47.389,17.756,66.458,30.84
52261087,0.892,0.532,-0.344,49.267,23.069,67.008,30.98
52266399,0.829,0.552,-0.327,51.496,27.023,69.573,30.93
52273530,0.844,0.57,-0.362,50.87,28.55,70.458,30.88
52289481,0.834,0.535,-0.396,49.634,28.122,71.023,30.88
52297272,0.838,0.502,-0.374,51.679,27.344,76.382,30.88
52302951,0.837,0.522,-0.389,47.786,24.718,73.649,30.88
52310100,0.87,0.438,-0.368,48.015,23.588,77.069,30.93
52328254,0.903,0.458,-0.372,52.916,26.473,83.206,30.88
52339274,0.857,0.488,-0.385,50.305,26.061,79.298,30.93
52343566,0.869,0.464,-0.377,48.412,21.802,81.359,30.88
52357696,0.917,0.438,-0.389,49.405,20.351,82.84,30.93
52368908,0.917,0.427,-0.418,48.534,21.802,79.16,30.98
52374653,0.934,0.379,-0.409,49.359,21.725,79.985,30.88
52385618,0.996,0.352,-0.374,51.435,26.962,80.855,30.93
52397380,0.956,0.375,-0.398,48.366,27.16,80.275,30.88
52402059,0.959,0.361,-0.396,46.061,27.511,81.221,30.84
52412797,0.936,0.348,-0.424,45.924,23.618,86.061,30.88
52420126,0.967,0.368,-0.422,42.198,21.115,82.794,30.84
52435284,0.993,0.326,-0.424,42.366,22.702,81.832,30.88
52444644,1.017,0.312,-0.388,44.183,26.687,80.565,30.88
52454675,1.023,0.276,-0.407,44.977,28.046,81.191,30.84
52464376,0.981,0.267,-0.424,46.153,27.008,84.412,30.88
52472856,0.944,0.313,-0.436,42.824,17.939,87.878,30.93
52484746,0.963,0.284,-0.425,39.221,11.908,88.382,30.79
52492675,0.987,0.243,-0.432,37.069,7.099,88.489,30.84
52503566,1.065,0.185,-0.395,38.183,8.031,88.656,30.88
52510463,1.104,0.168,-0.412,41.511,17.893,85.542,30.88
52528331,1.026,0.159,-0.424,43.405,22.153,86.702,30.84
52540296,1.029,0.144,-0.433,44.824,23.313,87.038,30.88
52545418,0.958,0.13,-0.441,44.046,16.763,91.573,30.84
52552054,0.978,0.106,-0.474,41.863,6.061,94.855,30.88
52564999,1.005,0.079,-0.416,40.565,-1.328,97.695,30.88
52574366,1.094,0.043,-0.385,41.954,1.908,94.58,30.88
52585627,1.061,0.083,-0.402,43.511,6.046,93.221,30.88
52596074,1.075,0.085,-0.427,44.137,12.748,87.206,30.93
52603488,1.045,0.059,-0.432,43.634,13.679,84.702,30.88
52613405,1.019,-0.023,-0.463,43.191,7.542,86.885,30.84
52622105,1.023,-0.022,-0.445,41.42,-3.252,92.687,30.88
52636043,1.095,-0.015,-0.425,40.702,-4.534,91.282,30.93
52645344,1.105,-0.056,-0.407,40.962,-1.74,88.977,30.98
52653339,1.155,-0.079,-0.4,43.42,6.901,85.542,30.88
52666459,1.098,-0.101,-0.436,44.84,14.458,83.481,30.93
52673865,1.105,-0.074,-0.43,43.832,17.023,82.107,30.88
52685761,1.057,-0.127,-0.461,41.374,14.412,81.282,30.93
52697483,1.059,-0.124,-0.438,39.847,10.748,82.412,30.88
52704984,1.066,-0.119,-0.426,37.16,7.084,82.779,30.93
52710550,1.111,-0.171,-0.384,36.198,5.863,83.176,30.88
52723201,1.147,-0.226,-0.39,38.092,9.13,83.817,30.93
52737224,1.154,-0.206,-0.36,41.618,15.481,86.031,30.84
52746908,1.051,-0.123,-0.405,40.489,17.328,82.061,30.88
52756534,1.051,-0.197,-0.442,39.267,14.382,80.565,30.93
52770177,1.043,-0.217,-0.397,38.382,9.267,82.519,30.79
52775000,1.066,-0.195,-0.371,38.504,8.29,81.542,30.84
52785173,1.134,-0.302,-0.34,41.863,13.252,80.168,30.88
52798086,1.107,-0.269,-0.311,46.122,21.924,80.611,30.84
52805085,1.084,-0.29,-0.355,46.473,25.023,80.87,30.84
52812810,1.054,-0.306,-0.353,47.038,25.74,82.397,30.88
52819732,0.953,-0.258,-0.425,42.855,15.557,85.985,30.84
52839275,1.012,-0.31,-0.351,39.13,8.107,86.107,30.88
52848848,1.031,-0.384,-0.407,39.298,5.038,86.687,30.93
52855219,1.101,-0.427,-0.31,44.229,11.725,89.13,30.98
52865289,1.043,-0.327,-0.281,49.557,23.374,87.908,30.84
52876021,1.025,-0.346,-0.315,48.931,26.565,84.412,30.93
52884330,0.98,-0.417,-0.349,49.542,26.55,83.664,30.98
52897834,0.898,-0.41,-0.405,46.29,16.519,87.191,30.93
52907501,0.917,-0.419,-0.363,42.382,4.824,91.649,30.79
52912046,0.997,-0.511,-0.355,41.13,-0.672,92.092,30.93
52922037,1.068,-0.563,-0.271,45.466,5.115,92.855,30.98
52934637,1.045,-0.502,-0.277,49.313,16.076,88.275,30.79
52943083,1.004,-0.553,-0.259,48.977,19.206,86.611,30.84
52953752,0.967,-0.55,-0.304,49.13,20.412,86.366,30.88
52970045,0.913,-0.547,-0.309,46.015,13.603,88.015,30.84
52980529,0.957,-0.596,-0.309,42.947,8.168,87.389,30.79
52983152,0.985,-0.67,-0.326,42.84,4.412,88.076,30.93
52994680,0.973,-0.688,-0.299,44.351,4.382,90.122,30.88
53002417,1.034,-0.675,-0.252,46.214,8.656,89.832,30.84
53013005,0.937,-0.577,-0.236,43.664,11.649,85.16,30.93
53024966,0.932,-0.628,-0.26,41.511,12.229,81.206,30.79
53031469,0.862,-0.623,-0.298,37.924,7.42,81.115,30.93
53044889,0.912,-0.639,-0.282,34.58,1.679,81.725,30.98
53054278,0.888,-0.669,-0.277,31.649,-4.58,84.168,30.93
53065991,0.935,-0.632,-0.222,30.687,-2.29,84.977,30.98
53078397,0.957,-0.708,-0.242,29.817,-3.267,84.168,30.84
53083450,0.909,-0.693,-0.188,31.847,2.855,83.527,30.93
53097515,0.87,-0.656,-0.228,33.13,6.107,84.718,30.88
53109090,0.817,-0.68,-0.215,32.244,5.496,80.656,30.93
53114454,0.795,-0.698,-0.262,30.916,-1.145,83.374,30.98
53121385,0.8,-0.784,-0.303,28.84,-10.046,86.656,30.88
53133642,0.875,-0.798,-0.216,30.748,-9.725,86.473,30.88
53151791,0.841,-0.789,-0.183,31.817,-4.29,84.168,30.93
53156372,0.829,-0.807,-0.183,32.794,1.817,80.534,30.84
53163264,0.808,-0.829,-0.2,33.237,4.794,79.618,30.79
53180417,0.741,-0.821,-0.219,33.664,4.214,79.924,30.93
53185087,0.703,-0.792,-0.23,31.084,-2.183,81.053,30.79
53196333,0.742,-0.887,-0.271,28.229,-10.412,81.878,31.02
53207466,0.815,-0.958,-0.192,30.107,-10.947,83.45,30.88
53212591,0.769,-0.848,-0.134,32.153,-2.962,81.71,30.98
53223519,0.716,-0.857,-0.145,31.45,1.038,78.504,30.93
53230827,0.698,-0.882,-0.16,30.794,3.588,75.649,30.98
53250292,0.683,-0.882,-0.201,30.656,2.55,74.229,30.93
53257730,0.658,-0.909,-0.224,26.366,-9.008,76.947,30.88
53263353,0.732,-0.898,-0.164,24.885,-12.031,76.901,30.93
53278577,0.704,-0.878,-0.178,25.618,-6.137,74.931,30.88
53287290,0.676,-0.865,-0.113,25.649,-7.588,73.695,30.93
53294021,0.724,-0.876,-0.123,28.168,5.527,68.641,30.93
53307702,0.647,-0.868,-0.101,28.183,3.924,69.328,30.79
53316782,0.646,-0.929,-0.144,28.885,2.748,70.611,30.84
53321280,0.635,-0.951,-0.177,28.947,3.191,72.58,30.98
53332991,0.614,-0.94,-0.116,29.786,4.855,74.351,30.93
53349949,0.607,-0.936,-0.215,28.015,-7.496,73.45,30.98
53360524,0.656,-0.985,-0.092,28.519,-5.176,72.931,30.84
53364710,0.588,-0.895,-0.077,28.672,-2.718,72.046,30.93
53373447,0.555,-0.94,-0.086,27.252,-4.015,69.771,30.98
53385724,0.555,-0.943,-0.081,27.496,-4.55,67.863,30.93
53392032,0.528,-0.959,-0.102,26.824,-7.679,68.275,30.88
53405280,0.542,-1.005,-0.105,27.008,-10.534,69.817,30.84
53417046,0.544,-1.012,-0.12,27.023,-12.366,71.847,30.79
53422875,0.595,-1.044,-0.048,29.191,-7.466,71.008,30.93
53428298,0.546,-1.002,-0.021,30.046,-0.733,69.176,30.98
53450622,0.497,-1.003,-0.062,29.618,2.427,65.557,30.98
53455085,0.456,-0.985,-0.064,28.58,0.595,64.992,31.02
53462579,0.444,-1.003,-0.075,28.611,-1.084,64.076,30.98
53478583,0.428,-1.03,-0.102,28.824,-4.992,64.947,30.93
53485825,0.461,-1.052,-0.07,28.977,-7.389,65.969,30.88
53494199,0.496,-1.038,-0.018,30.977,-1.985,63.817,30.88
53505559,0.441,-1.031,0.0,31.13,2.779,61.405,30.93
53513394,0.39,-1.006,-0.011,30.443,6.244,60.412,30.88
53521563,0.389,-1.013,-0.056,29.893,6.992,59.038,30.84
53532275,0.362,-1.051,-0.07,28.916,4.107,60.061,30.88
53545154,0.323,-1.016,-0.066,26.382,-1.466,61.954,30.84
53554570,0.37,-1.056,-0.037,24.87,-3.053,60.733,30.88
53564666,0.391,-1.048,0.007,25.542,0.779,58.901,30.84
53575451,0.392,-1.054,0.002,26.412,5.328,56.458,30.84
53586547,0.371,-1.046,0.018,27.42,10.336,55.023,30.88
53591373,0.356,-1.046,0.002,27.908,12.382,53.13,30.84
53605290,0.311,-1.043,-0.021,26.885,10.397,52.641,30.88
53613223,0.31,-1.014,-0.04,25.695,7.389,52.855,30.84
53623559,0.306,-1.04,-0.052,23.679,4.031,51.924,30.79
53628157,0.306,-1.06,-0.031,20.504,1.206,51.206,30.84
53644764,0.328,-1.025,0.081,18.687,4.992,47.511,30.93
53657894,0.315,-1.022,0.071,16.0,9.466,42.458,30.88
53663774,0.336,-1.052,0.088,15.374,12.122,38.626,30.84
53674865,0.31,-1.048,0.03,16.076,14.687,36.076,30.98
53686739,0.296,-1.076,-0.006,15.71,12.214,35.45,30.98
53694589,0.283,-1.029,0.042,15.466,9.893,35.145,30.88
53706083,0.302,-1.017,0.019,14.366,8.504,33.145,30.88
53713906,0.317,-1.028,0.057,13.939,8.58,31.008,30.93
53722107,0.324,-1.017,0.066,14.412,10.626,28.58,30.88
53732921,0.316,-1.018,0.076,13.954,11.466,26.382,30.93
53739973,0.311,-0.994,0.086,14.641,13.634,24.519,30.88
53758416,0.255,-0.986,0.069,13.481,10.321,23.206,30.93
53764624,0.279,-1.005,0.05,13.359,7.267,22.412,30.88
53775040,0.273,-1.001,0.046,14.855,7.115,21.313,30.88
53785899,0.257,-0.993,0.071,15.237,7.557,20.351,30.84
53792473,0.236,-1.002,0.096,15.527,7.435,19.313,30.88
53805653,0.228,-1.02,0.09,14.824,7.328,17.725,30.93
53818259,0.222,-1.018,0.082,14.595,8.305,16.687,30.98
53823893,0.234,-1.022,0.106,15.053,10.672,15.053,30.93
53830714,0.205,-1.017,0.094,15.954,12.748,14.397,30.88
53846441,0.184,-1.003,0.083,14.885,10.779,14.885,30.98
53858560,0.156,-1.005,0.067,14.092,8.275,15.038,30.93
53863555,0.152,-1.009,0.064,12.366,4.794,16.046,30.88
53875447,0.171,-0.981,0.107,11.954,6.092,15.115,30.84
53889151,0.155,-0.988,0.103,10.397,7.176,14.076,30.88
53890852,0.167,-1.012,0.107,9.42,8.153,12.855,30.93
53904944,0.168,-1.01,0.1,8.718,9.511,12.275,30.88
53916926,0.177,-1.017,0.094,8.718,11.603,12.718,30.88
53922528,0.147,-1.001,0.077,8.305,11.42,11.664,30.93
53934389,0.124,-0.983,0.069,7.176,9.405,12.489,30.88
53945888,0.124,-0.973,0.082,6.061,7.756,12.84,30.93
53958024,0.128,-0.98,0.087,4.977,6.641,13.282,30.98
53963078,0.161,-0.991,0.113,5.023,7.649,13.191,30.98
53978461,0.148,-1.002,0.119,5.313,9.359,13.298,30.79
53988354,0.147,-1.004,0.1,4.275,8.84,13.191,30.98
53994261,0.16,-1.009,0.117,4.046,9.466,13.053,30.93
54004889,0.147,-1.0,0.106,4.046,10.168,11.969,30.88
54016888,0.147,-0.986,0.12,3.252,10.29,11.603,31.02
54021455,0.13,-0.974,0.116,2.748,9.756,11.71,30.88
54033409,0.139,-1.011,0.104,1.832,8.26,11.405,30.84
54048145,0.148,-0.994,0.115,1.496,8.168,11.344,30.88
54058226,0.154,-0.998,0.125,1.374,7.374,11.42,30.88
54063839,0.148,-0.992,0.124,1.191,7.618,10.763,30.93
54074211,0.156,-0.995,0.14,1.206,7.832,9.298,30.88
54085355,0.153,-1.003,0.14,1.954,9.145,7.588,30.93
54094719,0.142,-0.975,0.147,1.496,9.71,7.588,30.88
54107038,0.101,-0.973,0.126,0.229,7.359,6.427,31.02
54116721,0.128,-0.989,0.108,-1.16,4.733,6.061,30.98
54120967,0.142,-1.001,0.127,-0.901,5.084,5.344,30.88
54132892,0.143,-1.001,0.133,-0.153,6.183,4.305,30.93
54150131,0.133,-0.999,0.141,-0.611,5.847,3.771,30.88
54157948,0.1,-0.996,0.143,-1.466,4.366,2.962,30.93
54164018,0.107,-0.99,0.146,-2.061,3.45,2.137,30.79
54179324,0.146,-1.008,0.141,-2.092,4.641,2.336,30.93
54188781,0.105,-1.007,0.133,-2.947,2.397,0.366,30.98
54193136,0.111,-1.001,0.124,-3.634,1.679,-0.656,30.93
54207168,0.117,-1.002,0.12,-3.893,0.687,-0.748,30.93
54216967,0.126,-1.0,0.141,-3.71,0.366,-0.916,30.88
54224692,0.13,-1.0,0.134,-3.557,0.412,-1.573,30.93
54231802,0.106,-0.993,0.136,-4.092,-0.489,-1.924,30.98
54249247,0.108,-0.987,0.133,-4.595,-1.42,-2.046,30.98
54256357,0.12,-0.988,0.145,-4.916,-1.313,-2.702,30.88
54264156,0.118,-0.985,0.141,-4.931,-1.206,-3.115,30.84
54274437,0.102,-0.983,0.131,-4.931,-0.779,-3.069,30.93
54283385,0.119,-0.985,0.146,-4.55,-0.626,-2.244,30.88
54293596,0.109,-0.995,0.143,-3.954,0.305,-2.656,30.84
54307195,0.096,-0.992,0.14,-3.954,-0.183,-2.321,30.98
54315657,0.101,-0.99,0.14,-3.802,-0.55,-2.366,30.93
54322528,0.109,-0.994,0.12,-3.695,-1.084,-1.695,30.88
54334677,0.115,-0.995,0.135,-3.42,-0.824,-1.237,30.88
54349968,0.095,-0.99,0.151,-3.084,-0.519,-1.069,30.93
54357614,0.096,-0.979,0.141,-3.695,-1.145,-1.099,30.88
54362639,0.086,-0.982,0.149,-3.618,-0.55,-0.824,31.02
54378198,0.107,-0.985,0.155,-3.496,-0.275,-1.053,30.88
54384406,0.1,-0.98,0.14,-3.695,0.214,-1.023,30.93
54393811,0.117,-0.99,0.143,-3.496,0.366,-0.84,30.88
54406352,0.103,-0.99,0.138,-2.702,1.13,-0.641,30.88
54415814,0.102,-0.985,0.127,-2.641,0.397,-0.305,30.84
54421463,0.114,-1.011,0.149,-2.962,0.153,-0.58,30.88
54432713,0.106,-0.988,0.159,-2.855,0.855,-0.702,30.93
54448964,0.086,-0.99,0.146,-3.695,0.58,-0.672,30.88
54456444,0.105,-0.994,0.152,-3.298,1.389,-0.718,30.93
54464602,0.093,-0.985,0.138,-2.84,1.511,-0.122,30.98
54477311,0.087,-0.984,0.134,-2.122,0.977,-0.168,30.88
54486720,0.098,-0.986,0.14,-1.924,0.916,-0.153,30.93
54493549,0.113,-0.979,0.133,-1.847,0.992,-0.168,30.88
54504562,0.109,-0.971,0.147,-2.046,1.099,-0.107,30.84
54514508,0.102,-0.975,0.16,-2.962,0.0,-0.321,30.88
54523658,0.12,-0.966,0.142,-4.015,0.031,-0.611,30.79
54530948,0.108,-0.96,0.153,-4.473,-0.015,-1.008,30.79
54547805,0.122,-0.993,0.149,-5.13,0.198,-2.244,30.98
54558160,0.107,-0.979,0.142,-5.573,-1.359,-1.634,30.84
54564615,0.125,-0.968,0.123,-5.42,-1.374,-2.107,30.88
54576398,0.12,-0.979,0.121,-4.702,-0.473,-1.817,30.84
54585429,0.108,-0.968,0.133,-4.641,-1.313,-1.328,30.88
54595655,0.118,-0.983,0.138,-4.55,-0.641,-1.267,30.93
54608087,0.115,-0.985,0.146,-4.489,0.168,-1.13,30.88
54616046,0.11,-0.982,0.145,-4.718,-0.214,-1.099,30.88
54621378,0.109,-0.985,0.131,-4.687,0.198,-1.344,30.93
54634578,0.098,-0.981,0.124,-4.794,-0.244,-0.992,30.88
54646313,0.094,-0.983,0.132,-5.573,-2.504,-0.565,30.93
54657636,0.104,-1.0,0.135,-5.939,-2.366,-0.641,30.88
54663002,0.094,-0.984,0.143,-7.008,-3.145,-0.977,30.93
54676574,0.105,-0.985,0.137,-7.16,-3.038,-1.466,30.84
54684529,0.099,-0.99,0.134,-7.053,-3.634,-1.252,30.88
54696486,0.112,-1.009,0.129,-6.58,-3.649,-1.099,31.02
54705027,0.138,-0.996,0.143,-5.237,-2.153,-0.565,30.88
54712571,0.123,-0.996,0.126,-4.794,-1.954,-0.504,30.93
54724389,0.095,-0.98,0.133,-5.511,-2.748,-0.55,30.88
54731413,0.108,-0.993,0.119,-7.053,-5.023,-1.115,31.02
54748727,0.102,-0.983,0.134,-8.641,-5.908,-1.939,30.88
54757231,0.106,-0.983,0.146,-9.954,-5.924,-2.87,30.79
54764032,0.129,-0.988,0.146,-10.366,-5.053,-4.733,31.02
54779141,0.119,-1.001,0.123,-10.214,-4.84,-4.992,30.88
54783885,0.12,-1.01,0.12,-8.962,-4.855,-4.26,30.84
54796183,0.153,-1.01,0.117,-7.466,-3.481,-3.328,30.88
54806658,0.133,-1.003,0.106,-5.878,-2.916,-2.565,30.98
54814765,0.1,-0.988,0.101,-6.504,-5.786,-0.595,30.88
54821647,0.137,-0.994,0.113,-6.702,-6.275,-0.824,30.98
54834058,0.129,-0.991,0.106,-6.351,-5.344,-0.626,30.84
54849353,0.128,-0.987,0.124,-6.565,-4.504,-0.84,30.88
54857107,0.118,-0.974,0.12,-7.405,-4.733,-1.527,30.93
54862340,0.112,-0.981,0.101,-8.473,-6.29,-1.618,30.88
54875011,0.128,-0.987,0.111,-8.794,-5.725,-2.076,30.93
54883761,0.126,-0.982,0.146,-8.58,-4.076,-3.008,30.98
54895143,0.105,-0.982,0.134,-9.252,-3.649,-3.695,30.88
54905980,0.126,-0.995,0.122,-9.603,-3.725,-3.374,30.84
54913840,0.135,-1.003,0.107,-8.84,-2.595,-3.115,30.88
54924366,0.093,-0.992,0.105,-8.901,-3.084,-2.031,30.93
54932078,0.116,-1.007,0.106,-8.336,-3.695,-2.427,30.88
54944902,0.107,-1.017,0.101,-9.618,-6.0,-1.908,30.93
54954933,0.117,-0.991,0.125,-9.603,-5.45,-2.885,30.88
54966655,0.106,-0.99,0.122,-11.206,-5.908,-4.321,30.84
54979809,0.117,-0.993,0.109,-12.137,-6.214,-4.168,30.84
54984557,0.145,-0.994,0.098,-11.771,-4.855,-4.275,30.98
54991654,0.132,-1.0,0.102,-11.42,-4.779,-3.45,30.84
55004790,0.138,-1.008,0.104,-10.855,-4.427,-3.008,30.88
55014901,0.107,-0.988,0.093,-11.511,-6.229,-3.176,30.84
55021451,0.141,-0.999,0.082,-12.29,-7.542,-3.985,30.88
55033868,0.153,-0.989,0.106,-12.595,-6.427,-4.763,30.93
55046358,0.127,-0.97,0.131,-13.939,-3.908,-7.023,30.93
55056311,0.134,-0.993,0.101,-15.511,-3.359,-9.557,30.88
55064015,0.136,-1.006,0.075,-16.748,-4.947,-9.405,30.84
55081254,0.157,-1.013,0.07,-15.878,-4.168,-9.359,30.98
55086657,0.156,-1.014,0.08,-15.603,-4.794,-8.794,30.98
55092740,0.16,-1.013,0.085,-15.298,-4.641,-9.969,30.88
55105178,0.156,-1.003,0.092,-15.557,-5.115,-10.489,30.84
55114687,0.163,-1.013,0.065,-15.969,-4.84,-11.221,30.93
55123192,0.135,-0.989,0.065,-16.458,-5.42,-11.511,30.98
55130239,0.154,-1.002,0.063,-17.817,-6.137,-12.168,30.93
55148265,0.18,-1.009,0.068,-18.229,-3.908,-13.42,30.88
55158337,0.18,-1.014,0.078,-18.275,-1.695,-14.855,30.93
55163017,0.188,-1.03,0.051,-18.275,-0.687,-16.473,30.88
55177873,0.176,-1.023,0.068,-17.893,0.046,-17.282,30.88
55185628,0.178,-1.02,0.035,-17.634,0.046,-18.305,30.93
55197359,0.183,-1.011,0.039,-17.145,-0.947,-17.893,30.88
55204882,0.178,-1.013,0.028,-16.321,-0.229,-18.122,30.93
55215461,0.176,-1.017,0.027,-16.626,-1.023,-17.634,30.88
55224394,0.192,-1.009,0.046,-16.244,-0.092,-17.038,30.84
55231449,0.195,-1.01,0.053,-16.87,0.779,-17.45,30.88
55247908,0.211,-1.014,0.06,-17.328,3.023,-17.832,30.93
55257749,0.197,-1.01,0.045,-16.855,5.389,-19.573,30.84
55264457,0.194,-1.018,0.031,-17.328,4.931,-21.42,30.88
55280297,0.158,-1.012,-0.003,-17.603,1.969,-21.756,30.93
55284675,0.197,-1.017,0.014,-17.542,1.466,-22.366,30.88
55295279,0.213,-1.02,0.01,-17.603,0.275,-22.748,30.93
55307963,0.214,-1.021,0.023,-18.214,-1.084,-22.489,30.88
55315439,0.216,-1.016,0.046,-18.611,-0.137,-23.878,30.93
55321070,0.231,-1.013,0.045,-19.13,2.198,-25.008,30.93
55334606,0.238,-1.012,0.034,-20.29,2.779,-26.351,30.88
55348170,0.236,-1.018,0.013,-20.275,3.237,-28.611,30.84
55357421,0.249,-1.023,-0.004,-20.641,1.756,-29.695,30.98
55359799,0.266,-1.022,0.011,-19.313,3.557,-30.916,30.93
55377374,0.272,-1.015,0.009,-18.473,4.595,-32.321,30.88
55384287,0.238,-0.999,-0.004,-18.763,3.542,-33.023,30.93
55395424,0.233,-0.998,-0.015,-20.336,0.901,-32.519,30.84
55406712,0.296,-1.007,-0.005,-20.305,-0.305,-33.13,30.88
55415463,0.285,-1.032,-0.016,-19.649,-0.061,-33.786,30.93
55422219,0.285,-0.993,0.027,-19.893,-1.191,-34.168,30.88
55438367,0.296,-0.992,0.006,-20.321,0.122,-36.458,30.93
55450270,0.32,-1.01,-0.009,-20.962,0.763,-38.153,30.88
55458130,0.298,-1.001,-0.024,-21.466,0.107,-38.824,30.88
55463360,0.297,-1.021,-0.057,-22.916,-2.351,-38.84,30.88
55477183,0.318,-0.998,-0.031,-23.802,-3.145,-39.053,30.88
55485624,0.31,-1.004,-0.056,-24.137,-4.366,-38.672,30.93
55492950,0.333,-1.005,-0.034,-24.885,-6.046,-38.687,30.98
55505476,0.307,-1.001,-0.062,-25.252,-7.481,-38.931,30.93
55515912,0.364,-1.016,-0.05,-26.244,-8.29,-38.168,30.88
55522900,0.338,-0.999,-0.034,-26.855,-7.237,-37.695,31.02
55529736,0.329,-1.002,-0.073,-27.557,-6.412,-38.763,30.93
55547396,0.339,-1.02,-0.073,-28.641,-7.878,-38.595,30.98
55554807,0.358,-1.029,-0.089,-28.336,-7.221,-38.641,30.93
55563734,0.351,-1.016,-0.06,-27.618,-7.756,-37.985,30.98
55576218,0.341,-1.015,-0.094,-28.29,-9.893,-38.489,30.93
55585893,0.351,-1.039,-0.099,-28.29,-11.634,-38.26,30.88
55592881,0.391,-1.034,-0.096,-27.573,-12.061,-38.29,30.84
55605551,0.383,-1.032,-0.09,-27.237,-10.656,-38.046,30.88
55615734,0.381,-1.021,-0.09,-29.099,-13.359,-38.626,30.98
55623023,0.382,-1.013,-0.106,-29.893,-10.0,-39.771,30.93
55629750,0.406,-1.019,-0.096,-31.832,-11.878,-39.466,30.98
55647983,0.412,-1.02,-0.122,-31.924,-11.878,-39.481,30.84
55654618,0.401,-1.004,-0.13,-32.092,-13.237,-40.458,30.88
55663802,0.417,-0.902,-0.13,-36.458,-15.145,-45.374,30.84
55677071,0.508,-0.998,-0.119,-30.412,-12.229,-40.916,30.88
55686348,0.408,-1.0,-0.153,-31.954,-12.626,-41.511,30.98
55692914,0.457,-0.978,-0.129,-30.977,-10.901,-41.542,30.93
55704809,0.432,-0.983,-0.158,-32.748,-12.443,-40.718,30.88
55716442,0.469,-0.984,-0.128,-33.053,-11.649,-40.458,30.84
55722457,0.478,-0.962,-0.136,-33.038,-10.962,-42.076,30.88
55735758,0.468,-0.963,-0.129,-34.107,-10.626,-42.122,30.98
55748183,0.481,-0.972,-0.155,-34.321,-8.519,-44.748,30.98
55755553,0.497,-0.987,-0.169,-34.122,-6.58,-45.16,30.88
55761063,0.506,-0.976,-0.179,-33.878,-4.443,-45.496,30.93
55776799,0.468,-0.981,-0.17,-34.214,-5.496,-45.298,30.88
55786775,0.458,-0.972,-0.184,-34.962,-4.473,-44.382,30.84
55792821,0.547,-0.974,-0.175,-30.107,2.458,-49.237,30.98
55805664,0.46,-0.935,-0.203,-30.55,-1.588,-47.038,30.93
55816952,0.515,-0.939,-0.178,-30.489,-1.42,-48.015,30.98
55822712,0.538,-0.926,-0.166,-30.198,1.115,-50.153,30.88
55829756,0.541,-0.913,-0.16,-30.992,3.237,-50.534,30.84
55848820,0.564,-0.946,-0.214,-31.115,6.702,-51.542,30.88
55855941,0.534,-0.95,-0.211,-30.031,8.687,-51.252,30.93
55862430,0.563,-0.947,-0.196,-28.748,9.313,-51.328,30.98
55877427,0.564,-0.937,-0.193,-25.924,9.71,-50.779,31.02
55886976,0.516,-0.901,-0.225,-24.519,7.664,-49.115,30.88
55893804,0.585,-0.905,-0.226,-23.191,6.611,-49.42,30.88
55906271,0.612,-0.904,-0.221,-22.244,9.679,-50.153,30.93
55915370,0.606,-0.884,-0.197,-21.939,13.389,-50.748,30.88
55923578,0.617,-0.885,-0.217,-23.191,15.359,-51.115,31.02
55930720,0.553,-0.882,-0.246,-24.595,13.878,-49.206,30.98
55948857,0.603,-0.884,-0.216,-24.458,13.008,-48.779,30.84
55955876,0.624,-0.911,-0.245,-22.718,13.725,-48.885,30.98
55963623,0.618,-0.88,-0.223,-19.863,15.13,-49.084,30.98
55977994,0.607,-0.874,-0.276,-18.916,14.794,-50.137,30.93
55987165,0.646,-0.875,-0.238,-18.122,15.099,-50.565,30.88
55994646,0.632,-0.848,-0.237,-18.855,15.802,-50.29,30.93
56007441,0.655,-0.838,-0.235,-19.954,17.511,-50.229,30.88
56018400,0.664,-0.865,-0.263,-20.885,17.924,-49.939,30.88
56024168,0.655,-0.861,-0.27,-21.145,16.489,-49.069,30.88
56031033,0.676,-0.849,-0.259,-20.519,16.107,-49.389,30.88
56048982,0.677,-0.842,-0.28,-20.015,16.122,-51.176,30.93
56056042,0.685,-0.806,-0.244,-19.786,14.962,-50.29,30.88
56063634,0.692,-0.794,-0.244,-20.794,14.397,-51.145,30.84
56077664,0.687,-0.809,-0.272,-23.206,11.267,-49.252,30.98
56087436,0.738,-0.819,-0.255,-22.947,11.908,-47.405,30.93
56093826,0.706,-0.821,-0.247,-22.779,12.504,-45.649,30.88
56105914,0.733,-0.801,-0.258,-22.565,13.053,-46.061,30.88
56117642,0.714,-0.812,-0.268,-21.298,12.58,-45.908,30.93
56124412,0.733,-0.791,-0.273,-20.076,11.679,-45.863,30.88
56131342,0.732,-0.79,-0.268,-20.595,10.412,-44.992,30.84
56148117,0.725,-0.755,-0.241,-20.748,9.908,-44.458,30.88
56155820,0.709,-0.717,-0.271,-24.382,6.977,-43.267,30.93
56164428,0.807,-0.775,-0.268,-25.023,7.802,-43.649,30.98
56177252,0.77,-0.77,-0.254,-23.16,10.977,-41.771,30.88
56187355,0.724,-0.729,-0.267,-22.901,9.45,-41.008,31.02
56194087,0.74,-0.732,-0.278,-22.534,7.374,-41.466,30.88
56206632,0.754,-0.731,-0.292,-21.542,5.267,-40.473,30.93
56216048,0.78,-0.73,-0.293,-20.336,4.0,-38.382,30.88
56220553,0.819,-0.729,-0.3,-20.824,4.168,-37.527,30.84
56232551,0.811,-0.719,-0.262,-20.992,5.847,-36.061,30.98
56248671,0.821,-0.708,-0.274,-21.664,8.473,-36.305,30.98
56256103,0.793,-0.721,-0.284,-22.229,9.45,-37.038,30.93
56264294,0.784,-0.717,-0.295,-22.0,7.115,-35.802,30.88
56278010,0.772,-0.689,-0.321,-22.901,3.725,-35.221,31.02
56286833,0.801,-0.719,-0.31,-21.985,0.611,-34.076,30.79
56293362,0.837,-0.722,-0.298,-19.252,0.641,-32.595,30.88
56305793,0.839,-0.67,-0.324,-19.115,1.374,-31.252,30.98
56315880,0.865,-0.698,-0.31,-20.122,2.427,-31.832,30.98
56321801,0.847,-0.662,-0.288,-21.16,3.008,-30.962,30.93
56333408,0.849,-0.662,-0.315,-23.191,3.267,-31.954,30.88
56349973,0.821,-0.66,-0.31,-24.122,2.168,-31.359,30.93
56360737,0.854,-0.677,-0.336,-24.076,0.611,-32.519,30.88
56362845,0.851,-0.679,-0.289,-22.473,1.191,-32.427,30.93
56374108,0.878,-0.656,-0.333,-21.16,2.565,-33.221,30.98
56385549,0.857,-0.67,-0.318,-21.374,0.931,-31.893,30.88
56392715,0.875,-0.646,-0.307,-20.519,1.282,-31.237,30.93
56405199,0.891,-0.64,-0.332,-21.389,1.237,-31.115,30.88
56413071,0.881,-0.65,-0.305,-21.405,2.198,-30.718,30.93
56423153,0.87,-0.626,-0.324,-21.252,2.351,-30.702,30.88
56434723,0.882,-0.62,-0.293,-21.221,1.389,-29.71,30.93
56451297,0.914,-0.632,-0.316,-19.924,3.817,-31.099,30.98
56458101,0.883,-0.621,-0.302,-17.832,4.489,-30.58,30.84
56463254,0.916,-0.621,-0.367,-17.573,5.374,-32.153,30.88
56474797,0.885,-0.615,-0.32,-16.748,3.893,-30.916,30.98
56489377,0.884,-0.597,-0.328,-17.069,1.573,-29.573,30.84
56493640,0.896,-0.584,-0.312,-17.695,1.328,-29.405,30.79
56505776,0.936,-0.586,-0.301,-17.786,2.947,-30.153,30.93
56517630,0.933,-0.588,-0.299,-16.901,6.137,-30.962,30.88
56524035,0.92,-0.589,-0.352,-16.611,7.435,-32.031,30.84
56531310,0.905,-0.601,-0.349,-15.954,5.74,-31.328,30.98
56550929,0.917,-0.59,-0.354,-15.084,4.366,-31.405,30.88
56558673,0.952,-0.608,-0.345,-14.55,4.427,-31.328,30.84
56563965,0.947,-0.567,-0.326,-12.992,7.038,-30.931,30.98
56574953,0.946,-0.571,-0.348,-13.71,8.076,-31.664,30.84
56586748,0.952,-0.568,-0.327,-13.603,8.351,-31.863,30.88
56594806,0.936,-0.549,-0.345,-13.802,9.191,-32.122,30.93
56606141,0.939,-0.567,-0.358,-14.702,8.137,-32.58,30.98
56618188,0.982,-0.569,-0.349,-14.137,10.809,-33.649,30.98
56624595,0.945,-0.56,-0.365,-13.939,11.481,-33.237,30.84
56631464,0.976,-0.569,-0.377,-14.809,11.939,-33.786,30.88
56646223,0.931,-0.564,-0.377,-15.313,9.847,-32.427,31.02
56658695,0.972,-0.536,-0.313,-15.16,9.725,-32.779,30.88
56663964,0.951,-0.539,-0.329,-15.13,11.313,-33.725,30.88
56671375,0.949,-0.504,-0.338,-15.344,10.107,-34.198,30.88
56686108,0.946,-0.503,-0.339,-16.0,10.382,-35.023,30.93
56694407,1.016,-0.533,-0.35,-15.649,11.847,-37.099,30.93
56703338,0.973,-0.5,-0.336,-14.885,12.992,-36.656,30.88
56713705,0.964,-0.493,-0.351,-15.145,11.664,-36.519,30.93
56721969,0.976,-0.482,-0.347,-14.595,8.931,-35.282,30.88
56732381,0.979,-0.461,-0.364,-14.504,6.87,-34.794,30.93
56745570,1.019,-0.472,-0.34,-14.947,6.137,-34.87,30.88
56757505,1.016,-0.454,-0.334,-15.664,6.931,-34.504,30.98
56764663,1.037,-0.454,-0.319,-16.504,10.046,-36.229,30.84
56779726,1.013,-0.454,-0.377,-18.198,10.595,-36.58,30.88
56789317,1.019,-0.461,-0.347,-17.771,10.656,-36.931,30.93
56794667,1.007,-0.463,-0.36,-16.84,9.282,-37.176,30.88
56805753,0.995,-0.442,-0.368,-16.992,5.176,-35.542,30.93
56818243,1.031,-0.429,-0.333,-16.489,4.275,-35.573,30.98
56822275,1.043,-0.426,-0.325,-16.168,5.954,-36.168,30.84
56832913,1.039,-0.411,-0.335,-16.626,7.466,-36.137,30.93
56839939,1.02,-0.402,-0.345,-18.183,7.267,-36.0,30.88
56857132,1.01,-0.414,-0.344,-19.16,6.977,-35.878,30.84
56865320,1.004,-0.407,-0.391,-20.443,4.336,-35.664,30.88
56878412,1.012,-0.405,-0.344,-19.74,1.847,-35.069,30.93
56887627,1.026,-0.422,-0.338,-18.595,2.763,-35.817,30.79
56893736,1.038,-0.377,-0.342,-17.45,3.206,-35.557,30.93
56904403,1.038,-0.352,-0.327,-18.412,3.267,-36.382,30.93
56916870,1.045,-0.378,-0.335,-18.947,4.412,-36.992,30.88
56922344,1.04,-0.36,-0.357,-20.061,3.71,-36.107,30.84
56934158,1.039,-0.371,-0.374,-20.962,1.924,-35.863,30.88
56950432,1.039,-0.379,-0.372,-21.023,0.702,-35.466,30.88
56956612,1.08,-0.388,-0.35,-19.115,1.603,-35.618,31.07
56961908,1.052,-0.335,-0.352,-18.137,1.359,-35.099,31.02
56979684,1.062,-0.313,-0.354,-18.809,2.244,-36.565,30.93
56986168,1.051,-0.335,-0.353,-19.695,2.107,-36.366,30.88
56993567,1.068,-0.296,-0.347,-21.084,1.496,-36.489,30.93
57004489,1.051,-0.312,-0.353,-23.328,0.824,-36.55,30.88
57014839,1.085,-0.33,-0.347,-24.229,2.763,-36.336,31.02
57023542,1.092,-0.327,-0.328,-24.015,5.786,-35.756,30.98
57030068,1.037,-0.329,-0.357,-23.267,7.786,-34.641,30.88
57046446,1.061,-0.335,-0.359,-20.275,8.137,-33.695,30.98
57059388,1.018,-0.315,-0.36,-17.42,5.847,-31.664,30.88
57064889,1.044,-0.28,-0.341,-16.168,3.588,-30.443,30.93
57074247,1.05,-0.265,-0.341,-16.534,3.786,-31.969,30.88
57087696,1.085,-0.256,-0.354,-17.649,4.763,-33.389,30.93
57093924,1.053,-0.27,-0.375,-19.023,4.87,-34.351,30.98
57104279,1.077,-0.251,-0.354,-19.954,6.275,-35.481,30.93
57116573,1.028,-0.261,-0.379,-20.901,4.779,-35.496,30.98
57125384,1.092,-0.249,-0.356,-19.634,4.565,-35.893,30.88
57131276,1.078,-0.246,-0.358,-18.443,4.779,-36.489,30.93
57143420,1.077,-0.227,-0.358,-17.878,5.099,-37.237,30.98
57156794,1.089,-0.22,-0.375,-18.748,5.405,-38.58,30.93
57164984,1.092,-0.205,-0.372,-19.847,4.321,-38.0,30.98
57172067,1.058,-0.189,-0.388,-22.87,0.901,-37.206,30.84
57187986,1.122,-0.201,-0.368,-24.092,0.458,-37.496,30.98
57194237,1.1,-0.223,-0.365,-24.305,1.847,-37.954,30.93
57207890,1.121,-0.19,-0.368,-22.748,4.321,-38.031,30.93
57216842,1.111,-0.186,-0.361,-22.458,5.618,-39.328,30.88
57224882,1.108,-0.186,-0.398,-22.046,4.87,-39.328,30.84
57232458,1.047,-0.167,-0.41,-23.786,0.519,-39.74,30.98
57244295,1.084,-0.152,-0.391,-26.534,-4.87,-39.069,30.93
57257180,1.123,-0.173,-0.37,-27.756,-4.779,-39.069,30.98
57265524,1.133,-0.16,-0.349,-27.084,-2.229,-39.221,30.93
57272392,1.132,-0.141,-0.351,-27.359,0.672,-40.168,30.93
57285796,1.125,-0.124,-0.352,-27.145,3.466,-41.511,30.88
57292342,1.094,-0.116,-0.385,-27.74,2.29,-42.183,30.93
57304780,1.028,-0.1,-0.423,-29.954,-3.939,-41.603,30.88
57314843,1.111,-0.101,-0.375,-30.58,-7.115,-42.0,30.93
57323626,1.11,-0.115,-0.38,-30.458,-7.573,-42.473,31.07
57332926,1.121,-0.082,-0.337,-30.687,-7.71,-40.58,31.02
57339736,1.142,-0.071,-0.316,-31.847,-2.366,-42.84,30.93
57356629,1.138,-0.071,-0.339,-32.458,1.435,-42.214,30.88
57364188,1.094,-0.038,-0.365,-34.198,2.015,-43.389,30.93
57376734,1.056,-0.044,-0.391,-36.26,-2.55,-42.855,30.88
57386376,1.082,-0.058,-0.404,-34.427,-5.328,-42.855,30.84
57391442,1.096,-0.063,-0.401,-31.603,-7.863,-42.58,30.79
57405065,1.114,-0.063,-0.385,-28.366,-5.557,-43.725,30.98
57417295,1.149,-0.007,-0.376,-26.305,-1.847,-46.229,31.02
57422084,1.154,-0.008,-0.376,-26.702,2.046,-48.458,30.88
57433682,1.107,-0.008,-0.402,-27.74,2.351,-49.756,30.84
57451138,1.057,0.025,-0.385,-30.0,-3.817,-48.305,30.88
57460803,1.134,0.008,-0.365,-31.252,-4.0,-49.573,30.93
57462872,1.087,-0.005,-0.39,-31.023,-4.321,-48.0,30.88
57479690,1.148,0.004,-0.36,-29.13,-3.802,-47.191,30.93
57487764,1.123,0.033,-0.404,-27.679,0.183,-48.794,30.88
57494448,1.098,0.071,-0.427,-27.756,-1.771,-50.473,30.98
57506878,1.132,0.08,-0.396,-29.282,-4.229,-52.244,30.93
57516997,1.124,0.081,-0.376,-28.855,-3.817,-53.649,30.98
57523401,1.111,0.117,-0.405,-28.748,-4.214,-54.855,30.93
57534730,1.061,0.132,-0.42,-30.275,-8.168,-55.282,30.88
57551405,1.137,0.121,-0.41,-30.366,-8.534,-56.015,30.93
57561324,1.169,0.108,-0.391,-30.397,-6.015,-57.573,30.93
57563600,1.102,0.128,-0.418,-30.107,-4.122,-57.42,30.88
57574551,1.16,0.136,-0.435,-32.29,-1.756,-60.977,30.84
57587934,1.09,0.135,-0.397,-32.794,-3.038,-60.702,30.88
57593407,1.106,0.16,-0.418,-35.252,-3.496,-62.641,30.88
57607083,1.081,0.16,-0.379,-36.244,-3.969,-62.885,30.88
57616319,1.095,0.167,-0.435,-37.206,-4.061,-63.16,30.84
57624201,1.094,0.141,-0.415,-36.977,-3.542,-63.786,31.02
57630811,1.134,0.171,-0.38,-36.901,-1.13,-64.779,30.98
57649006,1.114,0.177,-0.37,-38.015,2.427,-66.198,30.93
57656436,1.095,0.193,-0.416,-36.427,5.435,-69.634,30.88
57665472,1.005,0.247,-0.403,-37.817,-0.84,-69.359,30.93
57677816,1.066,0.247,-0.406,-37.725,-4.229,-71.435,30.98
57687285,1.016,0.216,-0.4,-36.244,-7.053,-72.061,30.88
57693818,1.063,0.271,-0.396,-35.588,-7.053,-73.267,30.84
57706299,1.053,0.28,-0.358,-35.42,-7.817,-72.473,30.88
57716891,1.071,0.329,-0.383,-37.618,-6.015,-72.641,30.84
57721433,1.057,0.337,-0.384,-42.748,-5.832,-72.855,30.98
57731970,1.035,0.326,-0.374,-47.832,-6.015,-72.977,30.93
57745057,1.057,0.299,-0.386,-50.305,-3.588,-73.328,30.88
57753895,1.057,0.263,-0.386,-48.336,-0.397,-73.099,30.93
57764420,0.968,0.306,-0.367,-44.611,-2.55,-70.641,30.98
57778671,0.968,0.332,-0.405,-41.542,-4.916,-71.908,30.88
57787665,0.95,0.324,-0.407,-38.947,-5.924,-72.748,30.93
57795175,0.902,0.4,-0.433,-37.939,-13.634,-72.0,30.88
57806450,0.956,0.448,-0.393,-42.122,-18.076,-73.893,31.02
57815552,0.963,0.441,-0.355,-47.344,-20.336,-74.29,30.98
57821947,1.04,0.401,-0.332,-50.351,-16.122,-73.695,30.93
57832736,1.019,0.377,-0.294,-48.443,-7.237,-72.534,30.98
57850605,0.982,0.387,-0.312,-47.389,-2.885,-69.588,30.88
57856987,0.906,0.423,-0.335,-45.71,-0.351,-67.679,30.93
57864285,0.81,0.457,-0.392,-44.076,-7.008,-65.13,30.88
57874354,0.792,0.482,-0.395,-43.985,-17.435,-61.13,30.93
57883776,0.895,0.503,-0.325,-43.496,-21.053,-63.038,30.88
57893351,0.874,0.549,-0.263,-41.771,-22.168,-64.0,31.02
57906255,0.94,0.539,-0.367,-40.855,-20.061,-64.855,30.98
57915794,0.962,0.504,-0.308,-39.771,-12.931,-68.29,30.88
57922074,0.85,0.524,-0.254,-38.626,-10.58,-64.885,30.93
57933429,0.801,0.568,-0.324,-42.168,-13.359,-63.237,30.98
57950608,0.789,0.565,-0.302,-44.275,-19.252,-59.221,30.93
57960347,0.82,0.524,-0.289,-43.481,-22.168,-57.389,30.88
57964482,0.802,0.543,-0.286,-39.527,-23.13,-53.176,30.98
57974097,0.86,0.578,-0.272,-35.557,-19.847,-52.168,30.98
57984262,0.808,0.621,-0.243,-33.557,-16.58,-52.275,30.88
57992412,0.814,0.656,-0.24,-32.153,-14.183,-51.679,31.02
58006594,0.777,0.689,-0.299,-33.115,-13.359,-52.366,30.88
58016196,0.722,0.68,-0.31,-36.015,-17.725,-49.359,30.93
58021906,0.736,0.666,-0.279,-39.206,-21.115,-45.176,30.88
58033807,0.728,0.641,-0.247,-41.176,-22.809,-40.779,30.93
58049580,0.765,0.615,-0.23,-37.985,-19.832,-34.931,30.88
58057124,0.708,0.645,-0.254,-32.763,-18.565,-28.397,30.88
58062416,0.724,0.69,-0.265,-27.542,-16.229,-25.13,30.93
58074785,0.7,0.7,-0.258,-23.328,-14.763,-25.16,30.88
58087959,0.646,0.752,-0.348,-24.183,-11.924,-24.672,30.93
58094243,0.677,0.734,-0.246,-21.588,-15.939,-25.45,30.88
58105326,0.694,0.792,-0.244,-22.58,-12.626,-23.954,31.02
58113173,0.675,0.751,-0.242,-23.282,-12.092,-19.908,30.98
58122394,0.665,0.706,-0.222,-18.84,-10.489,-11.038,30.93
58134306,0.67,0.724,-0.229,-13.924,-8.718,-3.298,30.93
58149402,0.705,0.706,-0.231,-9.389,-5.023,2.733,30.98
58158873,0.72,0.679,-0.242,-0.244,2.229,8.931,30.84
58163743,0.709,0.707,-0.255,6.031,9.832,12.427,30.98
58175416,0.693,0.732,-0.25,10.733,15.359,16.748,30.93
58186279,0.697,0.749,-0.272,13.511,19.603,19.725,30.88
58193892,0.608,0.758,-0.289,15.802,16.229,26.55,30.84
58203811,0.735,0.749,-0.222,19.084,18.336,30.595,30.93
58214461,0.712,0.707,-0.233,23.191,20.901,35.725,30.98
58222428,0.739,0.694,-0.223,30.198,21.969,41.084,30.93
58232276,0.736,0.702,-0.271,35.237,23.664,44.626,30.88
58245926,0.743,0.723,-0.289,36.687,24.534,43.908,30.93
58254626,0.788,0.686,-0.254,38.229,26.214,42.641,30.88
58264316,0.778,0.695,-0.241,41.618,27.786,44.855,30.84
58276762,0.764,0.693,-0.285,41.466,27.481,45.206,30.98
58285286,0.784,0.667,-0.272,40.611,25.115,46.931,30.98
58293571,0.838,0.641,-0.266,41.374,26.702,47.71,30.93
58306783,0.84,0.61,-0.316,42.748,29.71,48.061,30.98
58316967,0.869,0.579,-0.305,45.053,32.137,48.504,30.84
58322937,0.866,0.573,-0.285,47.359,36.489,50.046,30.88
58329755,0.867,0.574,-0.296,48.534,37.16,52.198,30.88
58346260,0.831,0.565,-0.305,49.405,35.695,54.672,30.98
58357853,0.854,0.575,-0.307,49.817,32.977,56.855,30.88
58362469,0.857,0.565,-0.335,47.847,29.924,57.252,30.93
58374321,0.893,0.545,-0.32,47.053,29.71,57.557,30.88
58382902,0.908,0.496,-0.331,47.45,30.84,57.771,30.93
58393733,0.922,0.469,-0.3,47.863,31.954,59.893,30.88
58403974,0.926,0.428,-0.316,50.137,31.954,64.504,30.84
58415650,0.888,0.486,-0.334,49.664,31.725,66.137,30.88
58420268,0.889,0.506,-0.311,48.595,29.45,65.939,30.98
58432424,0.946,0.44,-0.358,47.313,28.565,63.649,30.93
58448120,0.937,0.374,-0.313,48.229,29.191,64.885,30.88
58458572,0.945,0.395,-0.319,52.885,31.649,68.733,30.93
58464437,0.899,0.456,-0.314,50.29,31.374,66.366,30.88
58476556,0.92,0.406,-0.333,47.13,27.389,66.855,30.93
58484030,0.932,0.361,-0.317,46.473,24.061,70.489,30.88
58494957,0.978,0.336,-0.286,46.855,24.794,74.107,30.93
58506011,0.978,0.324,-0.321,48.443,20.962,79.45,30.84
58514186,0.955,0.35,-0.352,45.221,19.863,77.725,30.88
58522842,1.047,0.282,-0.299,45.267,24.733,76.443,30.93
58529967,1.011,0.294,-0.287,49.313,30.824,81.023,30.98
58546329,0.917,0.346,-0.356,44.901,27.328,80.031,30.93
58556684,0.944,0.273,-0.342,40.977,18.794,83.679,30.98
58563322,0.959,0.252,-0.323,39.756,13.588,86.687,30.93
58577876,1.025,0.177,-0.357,37.466,8.977,88.458,30.93
58583184,1.094,0.1,-0.324,41.618,11.847,92.748,30.98
58594610,1.05,0.176,-0.321,47.74,19.45,95.13,30.93
58603024,1.066,0.198,-0.333,44.275,22.336,89.45,30.88
58613617,1.08,0.117,-0.305,45.878,26.198,91.313,30.93
58620527,0.968,0.196,-0.327,44.916,23.008,97.435,30.88
58637893,1.029,0.192,-0.353,36.916,16.076,92.824,30.84
58650513,1.053,0.106,-0.312,35.496,13.878,94.214,30.84
58655802,1.076,0.091,-0.311,36.107,14.702,95.74,30.98
58665643,1.117,-0.01,-0.316,37.695,11.328,97.969,30.93
58682120,1.168,-0.023,-0.26,44.702,19.053,100.824,30.98
58684339,1.066,0.09,-0.314,45.267,21.924,101.176,30.84
58694790,1.028,0.091,-0.316,41.618,19.634,97.374,30.98
58706001,1.035,0.06,-0.32,40.214,14.641,97.038,30.88
58714404,1.022,0.034,-0.339,38.489,8.55,97.023,30.84
58723160,1.08,-0.004,-0.306,38.733,6.87,96.733,30.98
58730411,1.164,-0.071,-0.286,41.298,7.542,95.847,31.02
58747437,1.104,-0.025,-0.276,45.267,15.221,97.954,30.98
58757129,1.109,-0.027,-0.27,44.916,18.031,98.351,30.84
58762725,1.082,-0.069,-0.264,43.649,19.191,96.84,30.98
58776347,0.989,-0.044,-0.332,41.908,14.565,100.168,30.93
58784690,0.991,-0.057,-0.345,38.458,6.763,100.824,30.93
58795369,1.046,-0.129,-0.336,37.435,2.0,100.443,30.98
58807267,1.133,-0.252,-0.257,40.748,5.664,99.878,30.84
58815245,1.121,-0.217,-0.25,44.656,11.969,101.252,30.98
58820090,1.106,-0.212,-0.298,47.099,20.076,98.992,30.84
58833613,1.095,-0.226,-0.279,48.55,25.374,97.405,30.88
58847400,1.027,-0.249,-0.319,48.702,25.832,98.198,30.93
58856706,1.005,-0.245,-0.295,46.229,19.145,100.748,30.93
58863884,1.028,-0.263,-0.271,43.588,15.45,100.565,30.98
58879286,1.107,-0.365,-0.256,44.656,16.718,100.412,30.84
58884192,1.096,-0.369,-0.201,49.252,24.855,100.885,30.88
58891734,1.11,-0.34,-0.262,51.237,31.924,100.229,30.93
58904154,1.06,-0.384,-0.219,54.061,37.74,98.794,30.88
58914371,0.982,-0.338,-0.276,53.298,35.191,99.511,30.93
58921157,0.95,-0.375,-0.281,47.954,24.718,101.679,30.88
58933311,0.983,-0.394,-0.25,44.565,17.359,102.855,30.98
58946713,1.014,-0.466,-0.276,42.794,11.573,105.298,31.02
58955100,1.14,-0.539,-0.143,47.42,21.053,103.893,30.98
58961224,1.076,-0.459,-0.176,49.969,32.244,103.023,30.93
58978355,1.098,-0.532,-0.168,49.405,38.015,102.427,30.88
58983983,1.076,-0.603,-0.218,50.84,44.443,102.046,30.98
58997621,0.915,-0.536,-0.289,45.527,34.885,107.359,30.98
59005177,0.943,-0.551,-0.209,37.237,24.855,104.901,30.88
59011568,0.987,-0.615,-0.189,33.878,20.29,105.023,30.93
59022448,1.078,-0.701,-0.159,36.183,27.176,103.237,30.88
59036314,1.069,-0.701,-0.139,38.29,32.031,101.725,30.93
59046598,1.008,-0.684,-0.137,39.756,36.672,101.695,30.88
59055705,0.967,-0.642,-0.161,37.42,35.939,97.878,30.93
59063717,0.914,-0.646,-0.19,32.611,28.611,97.985,30.98
59078921,0.93,-0.651,-0.154,27.588,22.229,98.0,30.98
59084120,0.95,-0.649,-0.12,23.511,19.435,97.511,31.02
59094359,1.058,-0.697,-0.056,23.725,26.641,95.16,30.88
59104318,0.98,-0.689,-0.06,27.374,31.45,96.779,30.93
59113808,0.954,-0.64,-0.088,27.099,36.29,92.321,30.88
59124238,0.918,-0.696,-0.12,26.214,33.893,93.328,30.93
59131291,0.854,-0.713,-0.1,24.992,27.649,93.878,30.88
59153341,0.859,-0.672,-0.084,22.412,22.55,94.458,30.88
59158714,0.878,-0.711,-0.088,22.031,20.58,95.069,30.93
59163878,0.864,-0.711,-0.047,22.702,21.511,95.924,30.98
59176199,0.95,-0.808,-0.073,26.763,28.321,93.832,30.84
59187028,0.89,-0.782,-0.007,30.748,35.954,94.794,30.98
59194431,0.765,-0.729,-0.062,29.695,33.511,96.412,30.93
59210478,0.759,-0.842,-0.073,25.466,21.969,99.176,30.88
59222721,0.773,-0.841,-0.049,23.786,15.237,99.42,30.88
59224676,0.768,-0.846,-0.033,21.389,9.511,101.008,30.93
59235720,0.742,-0.847,-0.01,22.656,10.87,101.42,30.98
59249219,0.826,-0.908,0.006,26.626,18.504,98.0,30.93
59270461,0.787,-0.924,0.048,30.534,26.0,96.443,30.98
59273538,0.75,-0.93,-0.002,32.687,29.603,94.977,30.98
59280095,0.592,-0.909,-0.088,28.947,18.763,98.855,30.98
59288297,0.632,-0.945,-0.067,23.725,4.931,100.214,30.93
59300753,0.625,-0.97,0.004,20.718,-3.405,101.115,31.02
59304401,0.634,-0.9,0.062,19.405,-3.038,99.359,30.98
59314850,0.634,-0.939,0.036,18.626,-0.321,94.153,30.93
59325684,0.667,-0.984,0.068,20.275,3.405,90.198,30.98
59331482,0.635,-0.977,0.049,21.053,3.496,89.634,30.93
59342734,0.614,-1.04,-0.036,19.237,-2.015,90.641,30.88
59349720,0.566,-0.996,-0.042,16.534,-7.908,92.336,30.98
59367894,0.58,-0.973,0.047,12.779,-13.221,91.618,30.98
59377114,0.567,-0.951,0.054,9.053,-14.458,89.771,30.98
59383675,0.578,-0.988,0.06,7.16,-13.374,85.771,30.93
59396333,0.569,-0.986,0.064,7.038,-11.527,83.13,30.98
59404817,0.552,-1.008,0.031,7.053,-11.908,81.374,30.93
59415667,0.543,-1.014,0.012,7.634,-14.092,81.389,30.98
59424523,0.546,-1.002,-0.011,7.511,-16.809,81.817,31.02
59433808,0.546,-1.012,0.0,7.45,-19.924,82.443,30.88
59440199,0.539,-1.013,0.038,7.252,-20.412,82.824,30.88
59453614,0.512,-0.962,0.071,5.573,-19.573,79.664,30.93
59462664,0.484,-0.972,0.046,3.45,-20.092,74.901,30.88
59472505,0.496,-1.014,0.042,4.366,-19.481,70.611,30.93
59486091,0.476,-1.005,0.027,6.229,-19.664,69.252,30.98
59499020,0.479,-1.012,0.024,8.534,-19.679,69.038,30.93
59503920,0.502,-1.021,0.055,11.466,-17.466,68.397,30.88
59514004,0.436,-1.009,0.003,12.611,-20.489,69.893,30.93
59525877,0.446,-1.005,0.049,12.427,-25.359,72.244,30.88
59534616,0.419,-0.98,0.081,13.74,-23.908,69.435,30.98
59542457,0.38,-0.984,0.066,14.443,-24.031,66.687,30.93
59557662,0.411,-1.009,0.088,16.641,-22.733,64.168,30.88
59568687,0.39,-1.016,0.084,19.069,-20.885,63.13,30.93
59576804,0.39,-1.029,0.105,22.015,-17.511,61.527,30.98
59583917,0.355,-1.017,0.077,24.137,-15.954,61.588,30.93
59595990,0.345,-1.044,0.054,25.664,-16.809,61.664,30.98
59605205,0.323,-1.031,0.084,27.282,-16.916,62.931,30.88
59616495,0.275,-1.023,0.054,27.191,-19.695,63.038,31.02
59628030,0.255,-0.969,0.122,24.824,-20.336,63.176,30.98
59635793,0.26,-0.991,0.128,22.809,-18.504,57.649,30.84
59644400,0.247,-1.02,0.118,21.878,-15.634,53.664,30.88
59651451,0.25,-1.033,0.142,21.42,-12.0,51.13,30.93
59667517,0.237,-1.057,0.127,22.214,-7.817,48.794,30.88
59678436,0.205,-1.052,0.092,22.427,-7.282,48.366,30.93
59684295,0.227,-1.078,0.079,22.244,-7.878,48.611,30.84
59696361,0.185,-1.069,0.064,21.756,-9.786,49.542,30.98
59705289,0.187,-1.008,0.154,20.168,-8.947,47.817,30.84
59712766,0.159,-0.994,0.156,17.557,-7.16,43.206,30.88
59724307,0.19,-1.033,0.15,15.496,-5.191,39.267,30.93
59734559,0.213,-1.033,0.149,14.763,-1.924,36.656,30.79
59741904,0.204,-1.042,0.129,14.443,0.977,34.885,30.93
59754395,0.195,-1.036,0.113,14.137,1.282,34.107,30.93
59767460,0.211,-1.028,0.114,13.588,1.389,34.718,30.98
59776575,0.219,-1.022,0.129,14.015,3.344,33.985,30.93
59783255,0.196,-1.032,0.119,13.282,3.771,32.076,30.88
59795292,0.202,-1.009,0.154,12.443,5.038,29.221,30.93
59804273,0.212,-1.01,0.158,11.511,7.496,25.71,30.98
59814446,0.227,-1.018,0.144,11.496,10.672,23.252,30.88
59824630,0.211,-1.022,0.142,11.008,13.145,20.458,30.98
59834776,0.188,-0.996,0.124,9.206,11.817,19.679,30.98
59840289,0.209,-1.016,0.123,8.489,12.275,18.046,31.02
59852789,0.212,-1.017,0.128,8.931,13.679,16.015,30.88
59870421,0.197,-1.011,0.13,8.427,13.603,13.832,30.93
59875135,0.191,-1.005,0.118,7.405,12.885,12.076,30.98
59885216,0.169,-1.002,0.103,6.168,10.015,10.977,30.93
59895752,0.145,-0.992,0.105,4.962,6.947,10.473,30.88
59905384,0.144,-0.979,0.12,3.344,5.069,9.664,30.98
59914884,0.159,-0.982,0.129,1.71,5.328,7.13,30.93
59925781,0.146,-0.994,0.151,0.275,5.664,4.702,30.88
59934214,0.129,-0.997,0.139,-1.618,5.191,2.153,30.93
59944381,0.121,-0.996,0.133,-2.763,3.542,0.489,30.88
59952706,0.126,-1.005,0.143,-3.496,2.244,-0.58,30.84
59966675,0.13,-1.002,0.149,-4.092,1.359,-1.511,30.98
59975823,0.125,-1.006,0.17,-4.061,1.313,-2.687,30.84
59986377,0.118,-0.99,0.161,-4.931,-0.031,-3.481,30.98
59998580,0.11,-0.997,0.168,-5.802,-1.985,-3.313,30.88
60003857,0.122,-1.0,0.177,-5.496,-1.099,-3.695,31.02
60014497,0.092,-0.976,0.187,-5.832,-0.885,-4.092,30.88
60025053,0.089,-0.974,0.166,-6.489,-2.122,-4.595,30.93
60031294,0.105,-0.985,0.186,-6.656,-2.321,-4.901,30.98
60042160,0.09,-0.975,0.164,-6.84,-2.0,-5.542,30.93
60056147,0.079,-0.973,0.15,-7.45,-4.107,-4.366,30.98
60065515,0.115,-0.98,0.164,-7.16,-3.099,-4.702,30.88
60074673,0.103,-0.981,0.169,-6.336,-1.634,-4.58,31.02
60091168,0.1,-0.981,0.166,-6.061,0.061,-4.962,30.88
60097545,0.093,-0.97,0.179,-6.443,0.046,-5.176,31.02
60102434,0.09,-0.975,0.157,-6.748,-0.672,-4.656,30.98
60114148,0.098,-0.974,0.174,-6.779,0.092,-5.13,30.93
60124480,0.082,-0.978,0.158,-6.672,0.092,-4.84,30.98
60133392,0.093,-0.985,0.162,-6.366,0.702,-4.137,30.93
60140336,0.093,-0.984,0.147,-6.489,0.321,-3.435,30.93
60156865,0.093,-0.971,0.174,-6.504,0.763,-3.053,30.88
60169894,0.098,-0.976,0.175,-6.519,1.542,-3.511,30.93
60175604,0.103,-0.983,0.179,-6.397,2.489,-3.863,30.98
60181858,0.086,-0.97,0.183,-6.534,2.855,-4.214,30.93
60193407,0.089,-0.969,0.157,-6.885,2.901,-4.0,30.98
60205006,0.084,-0.979,0.159,-6.855,2.198,-3.557,30.93
60217698,0.097,-0.979,0.162,-5.832,3.298,-2.611,30.93
60226040,0.095,-0.979,0.163,-4.931,4.046,-2.534,30.88
60234291,0.092,-0.976,0.165,-4.58,3.527,-1.908,30.93
60243905,0.103,-0.978,0.161,-4.824,3.069,-1.435,30.98
60251190,0.094,-0.975,0.179,-4.0,3.282,-1.664,30.93
60266410,0.082,-0.976,0.16,-4.412,1.695,-1.481,30.98
60273009,0.113,-0.98,0.163,-3.832,2.061,-1.13,30.88
60283759,0.099,-0.983,0.168,-3.115,3.084,-0.565,30.88
60298591,0.104,-0.987,0.152,-3.023,3.252,-0.26,30.88
60303508,0.117,-0.985,0.169,-2.504,4.015,0.168,30.93
60314101,0.109,-0.975,0.162,-2.473,4.473,0.046,30.88
60325465,0.087,-0.98,0.163,-3.466,3.053,-0.015,30.93
60334358,0.103,-0.983,0.173,-3.985,2.321,0.061,30.88
60342740,0.089,-0.989,0.153,-4.901,1.313,0.076,30.84
60349966,0.094,-0.995,0.141,-5.313,0.443,0.168,30.98
60365714,0.078,-0.972,0.161,-5.45,-0.244,0.504,31.07
60375372,0.086,-0.973,0.164,-5.863,-0.824,-0.534,31.02
60382384,0.104,-0.995,0.153,-6.061,-0.931,-0.58,30.88
60394671,0.111,-0.994,0.175,-5.023,0.107,-0.733,30.93
60402447,0.107,-0.99,0.152,-5.206,0.58,-1.008,30.98
60414437,0.097,-0.979,0.172,-5.328,-0.397,-0.84,30.93
60422711,0.113,-0.988,0.15,-5.267,-0.366,-1.634,30.98
60433620,0.116,-0.98,0.162,-5.237,-0.809,-1.908,30.98
60440526,0.107,-0.976,0.153,-5.756,-1.221,-1.939,30.93
60458935,0.125,-0.985,0.153,-6.412,-2.565,-2.305,30.88
60474154,0.105,-0.986,0.155,-6.534,-2.473,-2.885,30.93
60477058,0.127,-0.99,0.157,-6.656,-2.55,-3.618,30.88
60482745,0.122,-0.989,0.159,-6.534,-2.0,-4.382,30.93
60498817,0.114,-0.984,0.161,-6.366,-1.878,-5.16,30.88
60504706,0.114,-0.988,0.148,-6.58,-2.336,-5.466,31.02
60515678,0.122,-0.989,0.143,-7.115,-3.527,-5.511,30.93
60526401,0.114,-0.979,0.129,-7.481,-4.107,-5.542,30.88
60534338,0.123,-0.983,0.146,-7.786,-4.244,-5.802,31.02
60543456,0.121,-0.983,0.14,-8.534,-4.565,-6.687,30.98
60550532,0.114,-0.964,0.155,-10.305,-5.603,-7.221,30.93
60568025,0.119,-0.972,0.16,-11.298,-6.092,-8.718,30.88
60576750,0.111,-1.0,0.142,-11.542,-6.733,-9.542,30.93
60582910,0.115,-0.995,0.135,-11.023,-7.908,-9.069,30.98
60598988,0.141,-1.009,0.119,-10.473,-9.023,-7.939,30.88
60603900,0.153,-1.012,0.124,-9.267,-7.115,-7.359,31.12
60614821,0.11,-0.979,0.126,-9.863,-7.71,-7.023,30.98
60624053,0.121,-0.976,0.121,-11.649,-9.603,-8.336,30.93
60634462,0.123,-0.984,0.152,-14.015,-9.328,-9.924,30.88
60640329,0.138,-0.988,0.137,-16.901,-9.725,-12.519,30.88
60652609,0.142,-1.005,0.137,-18.29,-10.0,-14.443,30.88
60665153,0.152,-1.029,0.106,-17.664,-10.137,-15.145,30.88
60675411,0.161,-1.035,0.108,-15.634,-8.046,-13.802,30.93
60686463,0.176,-1.027,0.089,-13.038,-6.229,-11.817,30.98
60698755,0.163,-1.021,0.087,-10.947,-3.405,-10.733,30.93
60703762,0.144,-0.992,0.105,-11.069,-1.802,-10.901,31.07
60710689,0.138,-0.964,0.145,-12.855,-1.344,-14.473,31.02
60725402,0.178,-0.988,0.135,-14.748,1.664,-19.786,30.98
60735056,0.175,-0.995,0.12,-16.748,2.198,-22.718,30.88
60741246,0.142,-1.0,0.091,-19.969,-1.252,-24.916,30.93
60757292,0.159,-1.006,0.093,-23.695,-5.481,-25.649,30.88
60768156,0.213,-1.029,0.081,-24.015,-4.672,-28.336,31.02
60775456,0.224,-1.049,0.082,-22.427,-4.168,-28.962,30.88
60782565,0.235,-1.058,0.051,-21.542,-6.366,-29.527,30.93
60798393,0.221,-1.049,0.039,-19.924,-7.237,-30.015,30.98
60804260,0.25,-1.02,0.097,-19.038,-7.038,-30.565,30.93
60815918,0.258,-0.998,0.098,-19.221,-5.557,-32.763,30.93
60826428,0.259,-1.001,0.074,-20.718,-5.832,-35.466,30.98
60835440,0.275,-1.008,0.064,-23.13,-6.122,-36.321,31.02
60842532,0.283,-1.017,0.056,-24.718,-6.962,-37.237,30.88
60856498,0.295,-1.048,0.018,-25.115,-7.252,-39.466,30.93
60867487,0.287,-1.039,0.074,-25.099,-7.557,-40.0,30.88
60876748,0.299,-1.051,0.06,-23.725,-6.107,-41.695,30.93
60883351,0.263,-1.023,0.053,-22.87,-3.863,-42.275,31.02
60896705,0.281,-1.012,0.059,-22.84,-3.267,-43.237,30.98
60904562,0.274,-1.025,0.038,-24.244,-4.412,-44.473,31.02
60916093,0.318,-1.032,0.048,-25.252,-3.603,-45.023,30.88
60924682,0.298,-1.019,0.056,-25.786,-2.443,-45.038,30.98
60935007,0.305,-1.033,-0.005,-27.802,-5.038,-45.588,30.88
60943525,0.286,-1.022,0.001,-27.313,-6.748,-44.885,30.84
60950592,0.295,-1.014,0.018,-26.427,-7.115,-44.641,30.93
60968154,0.333,-1.024,0.004,-25.893,-6.458,-44.504,30.88
60977652,0.317,-1.009,0.02,-24.656,-4.504,-42.962,30.93
60982967,0.341,-0.987,0.025,-25.115,-3.496,-43.191,30.98
61000039,0.35,-0.996,0.011,-25.725,-1.832,-44.351,31.02
61004992,0.364,-0.996,-0.017,-26.336,-0.198,-45.511,30.98
61016020,0.374,-1.007,0.004,-26.443,2.076,-47.053,30.98
61028080,0.342,-1.01,-0.035,-25.954,2.748,-48.473,30.93
61035715,0.344,-1.006,-0.049,-25.45,0.992,-48.076,30.98
61044738,0.357,-0.998,-0.054,-24.229,-0.947,-46.718,30.93
61051576,0.384,-0.997,-0.052,-22.504,-1.481,-46.275,30.88
61067611,0.403,-0.978,-0.041,-23.115,-2.565,-45.42,30.93
61078454,0.465,-0.978,0.008,-23.206,2.809,-48.183,30.98
61083596,0.447,-0.96,0.017,-24.534,8.382,-50.763,31.02
61098601,0.436,-0.969,-0.029,-26.153,10.244,-53.863,30.88
61106157,0.415,-0.973,-0.034,-26.504,10.031,-54.901,30.88
61116421,0.406,-0.983,-0.06,-26.595,8.611,-55.252,30.93
61126048,0.447,-1.011,-0.051,-24.931,6.84,-53.42,30.98
61134172,0.467,-1.01,-0.029,-22.214,8.58,-51.405,30.93
61140713,0.382,-0.986,-0.005,-22.733,8.55,-50.137,30.88
61152488,0.519,-1.0,0.009,-21.771,13.634,-54.626,31.02
61167903,0.45,-0.986,-0.006,-24.611,13.16,-53.038,30.98
61178665,0.471,-0.984,0.002,-24.092,15.939,-54.718,30.98
61184217,0.482,-0.995,-0.003,-24.595,18.412,-55.099,30.93
61196753,0.495,-0.989,-0.018,-24.321,21.557,-56.87,30.88
61202969,0.454,-0.993,-0.073,-24.122,19.466,-55.893,30.93
61211646,0.466,-0.978,-0.094,-24.427,14.275,-54.336,30.98
61227389,0.508,-0.973,-0.072,-22.092,13.496,-54.046,30.93
61236445,0.522,-0.941,-0.064,-22.275,13.13,-55.893,30.98
61241074,0.594,-0.947,-0.027,-21.176,16.443,-52.229,30.93
61252930,0.529,-0.91,-0.027,-23.863,19.237,-57.771,31.02
61269171,0.56,-0.932,-0.063,-25.374,20.214,-56.565,30.98
61280138,0.52,-0.935,-0.098,-27.267,18.29,-55.069,30.93
61284894,0.556,-0.954,-0.111,-27.282,16.214,-53.756,30.88
61293537,0.563,-0.989,-0.128,-23.45,15.298,-51.725,30.88
61304697,0.555,-0.943,-0.115,-20.229,16.229,-51.435,30.88
61310538,0.583,-0.897,-0.084,-20.153,15.069,-52.076,30.93
61325653,0.619,-0.87,-0.084,-21.908,16.641,-53.038,31.02
61334936,0.578,-0.843,-0.092,-26.702,15.191,-51.969,30.98
61343418,0.632,-0.888,-0.078,-29.878,15.435,-52.0,30.93
61353193,0.649,-0.962,-0.114,-28.321,18.092,-51.145,30.88
61361827,0.6,-0.921,-0.094,-24.718,18.305,-48.275,31.02
61377478,0.584,-0.9,-0.139,-22.931,16.626,-48.885,30.88
61385334,0.614,-0.873,-0.091,-20.809,15.496,-49.817,30.98
61392402,0.618,-0.845,-0.103,-19.756,15.053,-50.443,30.93
61405675,0.636,-0.839,-0.093,-21.038,12.794,-49.832,30.98
61413418,0.665,-0.847,-0.094,-22.931,11.42,-48.992,31.02
61424737,0.692,-0.863,-0.047,-23.466,13.725,-47.908,30.88
61435887,0.672,-0.849,-0.067,-23.771,15.679,-47.099,30.93
61443208,0.673,-0.876,-0.086,-23.359,15.221,-47.817,30.98
61453693,0.677,-0.886,-0.135,-20.305,15.099,-47.603,31.02
61460489,0.657,-0.882,-0.096,-17.008,13.435,-46.351,30.98
61478117,0.666,-0.828,-0.131,-16.183,11.359,-46.687,30.98
61486622,0.709,-0.814,-0.082,-17.969,8.641,-46.412,30.93
61493719,0.752,-0.807,-0.072,-20.214,9.969,-47.466,31.07
61506778,0.727,-0.832,-0.089,-23.679,9.786,-46.611,31.02
61514758,0.746,-0.831,-0.106,-25.573,9.649,-45.771,30.98
61525237,0.742,-0.879,-0.127,-24.412,8.916,-45.298,30.93
61534125,0.722,-0.83,-0.111,-20.977,8.382,-44.366,30.88
61543687,0.729,-0.797,-0.125,-20.412,6.214,-44.443,30.88
61554699,0.766,-0.819,-0.134,-19.74,4.947,-45.405,30.93
61561424,0.728,-0.795,-0.152,-21.267,1.313,-43.069,31.07
61576954,0.79,-0.804,-0.127,-23.511,0.015,-42.198,30.93
61584639,0.807,-0.795,-0.098,-24.214,3.145,-41.649,30.98
61594062,0.778,-0.791,-0.118,-24.336,4.076,-39.969,30.93
61606292,0.77,-0.776,-0.137,-24.015,3.664,-41.252,30.98
61616025,0.768,-0.774,-0.165,-23.496,0.565,-42.84,30.88
61626581,0.781,-0.772,-0.168,-22.061,-1.725,-42.244,31.02
61636333,0.807,-0.749,-0.177,-22.0,-3.252,-43.099,30.98
61645231,0.832,-0.787,-0.146,-22.122,-2.992,-43.176,30.93
61651058,0.846,-0.763,-0.13,-22.305,-0.26,-42.489,30.98
61662446,0.833,-0.76,-0.147,-23.466,1.45,-41.847,30.98
61680090,0.834,-0.73,-0.16,-23.374,1.099,-41.42,30.98
61686752,0.789,-0.709,-0.16,-25.481,-3.435,-41.069,30.98
61695567,0.86,-0.717,-0.169,-25.099,-4.458,-43.863,30.93
61710112,0.868,-0.741,-0.185,-24.229,-5.344,-44.382,31.07
61718313,0.872,-0.697,-0.15,-23.053,-4.351,-43.206,30.93
61724779,0.908,-0.692,-0.176,-25.557,-1.695,-44.611,30.88
61736381,0.898,-0.736,-0.165,-25.664,0.595,-44.26,30.93
61746136,0.874,-0.725,-0.188,-24.504,0.718,-43.084,30.98
61752202,0.843,-0.7,-0.198,-22.26,-1.206,-41.389,30.98
61763140,0.923,-0.682,-0.187,-20.931,-2.198,-43.16,30.93
61782487,0.907,-0.653,-0.162,-20.626,-1.298,-44.885,30.88
61791711,0.919,-0.653,-0.18,-22.015,-0.351,-46.824,30.93
61794313,0.91,-0.659,-0.188,-22.305,0.626,-47.817,30.98
61810047,0.91,-0.686,-0.225,-22.397,-1.45,-46.382,30.93
61819723,0.923,-0.687,-0.201,-20.305,-2.061,-44.595,30.88
61821897,0.912,-0.655,-0.211,-18.901,-2.58,-44.824,31.02
61836189,0.919,-0.6,-0.199,-18.534,-3.511,-45.374,30.93
61847906,0.934,-0.622,-0.195,-18.29,-2.336,-47.176,30.98
61852466,0.942,-0.608,-0.196,-18.855,-0.321,-49.42,30.93
61863486,0.968,-0.628,-0.208,-19.603,0.351,-50.122,30.98
61870600,0.945,-0.641,-0.226,-19.328,0.031,-48.748,31.12
61886281,0.917,-0.619,-0.232,-18.489,-2.137,-46.412,30.98
61894751,0.954,-0.623,-0.239,-18.824,-3.374,-45.71,30.93
61905882,0.969,-0.607,-0.229,-18.305,-2.916,-46.687,30.93
61916902,0.962,-0.574,-0.204,-18.947,-1.206,-48.58,30.88
61921970,0.975,-0.583,-0.215,-19.389,1.069,-51.679,30.93
61936788,0.958,-0.589,-0.235,-19.16,0.519,-51.74,30.88
61948728,0.941,-0.599,-0.263,-17.695,-2.489,-51.13,30.88
61953495,0.939,-0.552,-0.279,-18.351,-8.611,-48.489,30.98
61964036,0.983,-0.548,-0.255,-18.992,-9.695,-48.87,30.93
61971695,1.011,-0.556,-0.25,-18.733,-7.893,-49.099,31.02
61986220,1.027,-0.509,-0.193,-18.626,-2.168,-50.534,30.98
61994821,0.991,-0.505,-0.232,-19.053,1.618,-54.092,30.93
62004887,0.898,-0.505,-0.318,-21.099,-6.26,-51.893,30.98
62015155,0.959,-0.507,-0.286,-20.885,-12.992,-51.084,31.02
62021892,0.939,-0.497,-0.312,-20.244,-19.344,-49.069,30.98
62037020,0.966,-0.489,-0.281,-19.71,-23.389,-46.641,31.07
62044854,1.064,-0.521,-0.297,-18.947,-20.443,-49.221,30.98
62052762,1.018,-0.47,-0.231,-17.359,-15.435,-49.176,30.98
62063863,1.063,-0.465,-0.261,-19.847,-11.221,-50.779,30.93
62070941,0.994,-0.48,-0.319,-22.305,-12.229,-49.939,30.98
62086419,0.974,-0.46,-0.312,-24.046,-16.565,-46.336,31.02
62094356,1.013,-0.477,-0.296,-25.099,-18.092,-45.802,30.98
62106734,1.022,-0.471,-0.34,-25.374,-17.878,-45.496,30.93
62117596,1.051,-0.474,-0.304,-24.061,-16.244,-46.443,30.98
62122334,1.054,-0.436,-0.284,-21.939,-13.863,-46.489,30.98
62134791,1.029,-0.408,-0.335,-22.992,-13.756,-47.359,31.02
62145173,1.009,-0.381,-0.321,-25.359,-17.13,-46.565,31.07
62153562,1.02,-0.374,-0.337,-29.023,-21.389,-45.298,30.93
62163427,1.078,-0.398,-0.299,-29.573,-19.527,-44.305,30.98
62171513,1.081,-0.365,-0.301,-28.87,-13.679,-44.595,30.93
62187495,1.062,-0.373,-0.297,-29.13,-11.496,-45.038,30.88
62195145,1.067,-0.373,-0.323,-29.725,-10.183,-45.42,30.98
62201969,1.028,-0.346,-0.336,-31.084,-10.412,-46.397,30.84
62217608,1.049,-0.393,-0.356,-31.74,-11.649,-46.672,30.98
62223186,1.05,-0.402,-0.351,-29.466,-10.076,-45.221,30.93
62234777,1.066,-0.372,-0.361,-30.015,-7.908,-48.046,30.98
62245153,1.057,-0.358,-0.339,-28.58,-7.328,-45.45,30.93
62252991,1.103,-0.307,-0.344,-29.405,-4.489,-46.153,31.07
62263171,1.04,-0.312,-0.364,-31.847,-4.84,-46.443,30.98
62271170,1.12,-0.297,-0.356,-33.42,-2.885,-49.267,30.93
62283973,1.046,-0.312,-0.403,-32.779,-2.015,-49.099,30.88
62294401,1.076,-0.319,-0.384,-29.878,-2.336,-48.763,31.02
62304784,1.071,-0.284,-0.397,-27.71,-2.092,-48.55,30.98
62316758,1.061,-0.245,-0.402,-29.053,-3.74,-49.206,30.98
62322137,1.11,-0.254,-0.372,-30.168,-2.519,-49.679,30.98
62336087,1.139,-0.246,-0.382,-31.603,1.496,-52.198,30.88
62347680,1.126,-0.251,-0.352,-33.023,6.046,-53.099,30.93
62352429,1.106,-0.242,-0.353,-33.405,8.962,-53.115,30.88
62364010,1.068,-0.223,-0.381,-32.473,8.672,-52.305,30.93
62377252,1.027,-0.219,-0.431,-32.29,3.71,-51.771,30.98
62389682,1.115,-0.219,-0.392,-31.115,2.58,-54.122,30.93
62394929,1.096,-0.2,-0.38,-29.802,3.466,-55.908,31.07
62411735,1.121,-0.171,-0.357,-29.16,5.115,-57.511,30.98
62418374,1.124,-0.149,-0.366,-30.092,7.542,-59.435,30.93
62424256,1.133,-0.154,-0.351,-31.802,8.885,-59.389,30.98
62434561,1.096,-0.166,-0.388,-33.405,8.733,-58.137,30.93
62446241,1.09,-0.159,-0.376,-34.031,6.595,-57.053,30.88
62453784,1.104,-0.15,-0.379,-33.557,5.863,-56.885,31.02
62459739,1.122,-0.166,-0.362,-30.672,9.405,-59.847,30.88
62472258,1.097,-0.101,-0.392,-28.58,9.13,-60.107,31.12
62485148,1.112,-0.078,-0.374,-29.45,9.145,-62.763,30.93
62491904,1.077,-0.058,-0.359,-32.55,6.29,-63.069,30.98
62506403,1.093,-0.016,-0.386,-37.389,0.733,-62.046,30.93
62518492,1.11,-0.051,-0.393,-39.71,-0.321,-62.183,30.98
62524030,1.166,-0.061,-0.374,-39.481,0.336,-62.29,30.93
62535065,1.156,-0.053,-0.348,-38.58,4.412,-63.664,30.98
62543648,1.125,-0.042,-0.348,-36.947,7.618,-64.275,30.93
62553992,1.118,0.0,-0.385,-36.031,7.969,-65.237,31.02
62561010,0.989,0.062,-0.423,-40.779,-2.198,-63.527,30.88
62573081,1.007,0.118,-0.419,-48.26,-15.008,-61.985,31.02
62587136,1.156,0.067,-0.391,-54.55,-21.405,-61.206,30.98
62595801,1.206,0.011,-0.365,-52.748,-18.336,-60.351,30.98
62606497,1.217,0.005,-0.39,-48.733,-11.786,-61.557,30.88
62616723,1.141,0.077,-0.365,-44.321,-7.786,-61.832,30.93
62624069,1.132,0.122,-0.404,-44.901,-7.527,-63.634,30.93
62631565,1.119,0.069,-0.429,-45.679,-11.069,-62.687,30.88
62645978,1.102,0.094,-0.412,-45.878,-14.137,-60.366,30.93
62654702,1.146,0.092,-0.4,-49.466,-16.015,-59.939,30.88
62661388,1.132,0.1,-0.351,-50.855,-14.137,-59.023,30.93
62677429,1.129,0.139,-0.343,-52.779,-10.214,-60.626,30.88
62687904,1.074,0.131,-0.38,-52.214,-9.939,-61.053,30.88
62696008,1.059,0.15,-0.395,-49.634,-10.885,-61.939,30.93
62701068,1.076,0.158,-0.394,-47.359,-12.855,-63.542,30.88
62716987,1.05,0.203,-0.4,-45.282,-14.916,-65.237,30.93
62724231,1.037,0.225,-0.395,-46.595,-18.137,-66.489,30.98
62734403,1.075,0.242,-0.351,-48.931,-18.26,-68.061,30.93
62751239,1.127,0.217,-0.352,-49.695,-13.817,-70.687,31.07
62755961,1.085,0.214,-0.341,-49.634,-8.656,-73.237,31.02
62762068,1.027,0.272,-0.379,-49.45,-6.458,-75.908,30.93
62774252,0.988,0.288,-0.425,-50.29,-12.397,-77.344,30.98
62787662,1.019,0.253,-0.413,-47.863,-16.55,-79.359,30.93
62793511,1.04,0.281,-0.416,-45.328,-18.779,-80.656,30.98
62802250,1.062,0.269,-0.403,-44.107,-18.748,-83.115,30.93
62818312,1.149,0.25,-0.333,-43.115,-12.076,-86.565,30.98
62825740,1.09,0.314,-0.317,-41.863,-2.046,-88.153,30.93
62832898,1.044,0.328,-0.366,-44.153,1.313,-90.855,30.93
62846588,0.912,0.337,-0.386,-46.489,-5.939,-88.672,30.98
62856993,1.002,0.388,-0.38,-46.809,-9.267,-90.443,30.93
62862682,0.996,0.348,-0.377,-44.656,-12.122,-90.809,30.98
62869688,1.021,0.349,-0.359,-39.359,-11.069,-89.878,30.93
62887223,1.066,0.353,-0.279,-34.611,-6.519,-91.542,30.88
62896014,1.024,0.382,-0.29,-30.382,1.191,-94.931,30.93
62901830,0.876,0.453,-0.309,-28.855,1.435,-91.145,30.93
62917324,0.887,0.52,-0.337,-32.137,-1.802,-92.702,30.98
62926949,0.87,0.505,-0.374,-38.412,-9.267,-93.328,30.93
62934393,0.961,0.448,-0.356,-39.878,-10.595,-93.924,30.88
62945511,0.932,0.442,-0.316,-38.198,-10.611,-89.74,30.93
62956594,0.985,0.469,-0.277,-36.534,-5.145,-89.893,30.98
62963803,0.958,0.473,-0.276,-34.916,1.786,-91.267,30.98
62970986,0.851,0.515,-0.228,-31.863,6.137,-89.939,30.98
62984277,0.78,0.581,-0.311,-30.611,3.008,-88.702,30.88
62995853,0.727,0.616,-0.378,-33.069,-8.153,-87.924,30.93
63003757,0.857,0.563,-0.343,-33.481,-13.496,-91.176,30.98
63017783,0.804,0.539,-0.331,-29.115,-15.771,-88.901,31.02
63024160,0.869,0.572,-0.287,-27.725,-14.412,-88.977,30.98
63034702,0.849,0.569,-0.263,-28.336,-10.305,-88.122,31.02
63045538,0.855,0.582,-0.207,-28.489,-2.061,-85.115,30.88
63055118,0.826,0.596,-0.229,-28.87,6.229,-83.145,30.88
63061412,0.691,0.59,-0.275,-31.405,5.008,-77.878,30.93
63072204,0.673,0.592,-0.313,-30.977,1.13,-73.42,31.07
63087180,0.644,0.621,-0.325,-27.756,-6.534,-68.702,30.93
63096272,0.593,0.699,-0.424,-26.504,-8.748,-63.42,31.07
63104643,0.711,0.652,-0.276,-19.71,-12.733,-68.611,30.93
63118235,0.678,0.698,-0.283,-15.878,-11.344,-64.824,30.98
63124709,0.674,0.739,-0.268,-15.496,-8.855,-63.221,30.93
63134924,0.709,0.719,-0.257,-19.695,-3.527,-60.397,30.93
63146772,0.662,0.724,-0.239,-18.992,4.87,-53.878,30.98
63157508,0.529,0.783,-0.285,-21.847,-0.366,-46.519,30.93
63161707,0.585,0.816,-0.305,-26.84,-3.511,-42.794,30.88
63173344,0.585,0.805,-0.318,-30.076,-5.252,-40.718,31.02
63191488,0.646,0.746,-0.236,-28.137,-3.389,-38.748,31.07
63201420,0.615,0.785,-0.217,-19.679,1.969,-35.267,30.93
63204591,0.557,0.89,-0.284,-17.771,3.893,-34.244,31.02
63216327,0.573,0.906,-0.281,-18.473,5.557,-34.962,30.98
63227640,0.593,0.85,-0.258,-17.084,7.145,-32.534,30.93
63233105,0.531,0.812,-0.274,-15.267,4.977,-25.481,30.88
63244413,0.584,0.843,-0.243,-12.947,3.908,-18.534,30.88
63254896,0.572,0.841,-0.249,-9.435,4.107,-11.023,30.98
63263305,0.562,0.831,-0.239,-6.443,3.313,-4.977,30.93
63270245,0.619,0.825,-0.227,-2.366,5.328,-0.504,30.93
63293208,0.635,0.818,-0.248,1.389,10.443,2.366,30.98
63300703,0.623,0.823,-0.245,3.573,13.069,5.084,30.93
63305754,0.604,0.825,-0.231,6.214,15.023,8.275,30.98
63312796,0.596,0.827,-0.274,8.504,14.87,12.305,30.93
63325372,0.599,0.791,-0.265,10.168,11.786,15.756,30.98
63334714,0.633,0.784,-0.26,11.466,11.771,18.885,30.98
63344916,0.686,0.751,-0.212,13.313,15.267,21.893,30.93
63355507,0.658,0.778,-0.23,14.504,19.084,25.069,31.07
63363783,0.638,0.812,-0.271,13.542,20.382,24.763,30.93
63373859,0.645,0.785,-0.265,12.443,19.573,23.908,30.98
63382523,0.658,0.76,-0.274,14.061,19.527,23.542,30.93
63397060,0.639,0.755,-0.297,16.183,16.824,23.802,30.98
63405717,0.664,0.772,-0.283,17.42,14.427,22.611,30.93
63416506,0.657,0.762,-0.292,20.595,11.74,23.282,30.98
63427518,0.665,0.787,-0.292,22.0,9.206,21.802,30.98
63433630,0.722,0.804,-0.287,22.458,7.771,19.206,30.93
63445477,0.746,0.796,-0.293,22.061,9.435,17.511,30.98
63455716,0.73,0.793,-0.312,20.107,10.153,16.321,30.93
63464483,0.766,0.784,-0.291,18.412,10.427,16.031,30.88
63471408,0.762,0.769,-0.305,17.13,10.885,16.962,31.02
63485069,0.76,0.748,-0.315,17.664,10.931,18.885,30.98
63498007,0.761,0.747,-0.328,18.977,9.511,19.786,31.02
63504383,0.784,0.734,-0.317,20.046,8.992,19.115,30.93
63514515,0.775,0.757,-0.334,20.153,9.374,18.153,30.98
63525780,0.773,0.758,-0.31,19.313,9.069,17.084,31.02
63535340,0.786,0.766,-0.328,16.931,9.45,15.252,31.07
63543077,0.758,0.749,-0.346,15.496,7.298,16.076,30.93
63554071,0.781,0.736,-0.333,15.221,6.031,15.527,30.98
63564157,0.765,0.725,-0.333,15.527,4.977,16.137,31.02
63570511,0.786,0.728,-0.321,16.122,4.748,16.443,30.93
63582285,0.78,0.718,-0.332,15.176,5.115,16.962,31.07
63598466,0.76,0.718,-0.348,14.0,3.176,18.168,30.93
63607493,0.749,0.721,-0.343,11.893,2.107,18.931,30.98
63614850,0.784,0.716,-0.341,10.489,1.817,19.298,30.93
63630792,0.764,0.697,-0.349,9.71,2.519,19.389,30.98
63635678,0.767,0.686,-0.35,9.863,2.275,20.275,30.93
63645637,0.755,0.679,-0.357,9.511,2.565,21.145,30.98
63655564,0.776,0.668,-0.356,9.191,2.366,22.718,30.88
63663991,0.754,0.658,-0.344,9.695,2.244,25.282,30.93
63673709,0.759,0.673,-0.353,9.664,0.519,27.145,30.98
63681076,0.777,0.659,-0.352,12.137,-0.58,28.824,31.02
63698857,0.751,0.662,-0.358,11.954,-0.992,29.145,30.88
63708937,0.772,0.672,-0.346,12.168,-0.336,28.595,30.98
63714133,0.793,0.649,-0.35,11.908,-1.252,30.26,31.07
63726927,0.786,0.64,-0.332,13.023,0.092,32.305,30.98
63736960,0.766,0.668,-0.352,14.198,-0.565,33.817,30.93
63746904,0.764,0.678,-0.364,13.847,-3.084,33.771,30.98
63756342,0.818,0.66,-0.36,14.427,-3.023,32.977,30.93
63764684,0.819,0.648,-0.364,15.756,-1.771,31.634,30.98
63772141,0.818,0.641,-0.371,16.962,-1.389,31.435,31.02
63783684,0.822,0.636,-0.38,16.901,-1.511,31.496,30.98
63798052,0.825,0.639,-0.385,16.748,-2.687,33.023,30.98
63805783,0.832,0.63,-0.381,16.031,-3.191,33.191,30.93
63811234,0.841,0.633,-0.401,15.588,-3.863,32.855,30.98
63827528,0.86,0.611,-0.381,16.0,-4.412,33.542,30.93
63836275,0.903,0.594,-0.398,17.42,-1.542,32.0,30.88
63843285,0.862,0.594,-0.384,19.053,0.168,32.076,30.93
63856106,0.84,0.63,-0.435,17.664,-1.664,30.198,30.98
63866316,0.854,0.618,-0.421,16.794,-3.45,29.145,30.93
63874088,0.858,0.6,-0.431,17.038,-4.641,28.168,30.98
63881464,0.867,0.603,-0.41,15.863,-5.817,27.908,30.98
63897885,0.888,0.596,-0.412,14.916,-5.511,27.542,31.02
63905334,0.899,0.586,-0.403,13.832,-3.511,27.527,30.98
63913854,0.889,0.573,-0.396,14.092,-2.916,28.305,31.02
63926410,0.868,0.6,-0.417,12.992,-3.527,28.305,30.88
63936218,0.873,0.574,-0.424,13.13,-3.42,26.275,30.93
63942675,0.861,0.572,-0.426,13.145,-4.473,25.924,30.88
63956090,0.851,0.569,-0.419,12.519,-6.107,24.901,30.98
63964724,0.883,0.553,-0.42,12.58,-6.473,25.359,30.93
63971680,0.922,0.516,-0.398,13.42,-4.931,25.802,30.98
63985613,0.882,0.536,-0.402,14.275,-3.603,28.122,31.02
63997649,0.904,0.537,-0.394,15.435,-2.061,28.534,30.98
64008287,0.889,0.529,-0.418,15.603,-0.076,28.519,30.93
64013426,0.875,0.531,-0.435,15.863,0.565,28.809,30.98
64027502,0.878,0.522,-0.42,15.695,0.55,29.42,31.02
64036236,0.892,0.517,-0.43,16.122,1.038,30.168,31.02
64043408,0.896,0.476,-0.438,16.672,0.443,32.824,30.88
64055054,0.973,0.442,-0.407,19.954,5.802,33.191,31.02
64064430,0.986,0.443,-0.407,23.878,15.74,31.374,30.98
64070394,0.879,0.5,-0.43,25.435,17.985,33.481,30.93
64082387,0.854,0.499,-0.441,22.763,14.458,36.198,30.88
64098954,0.904,0.495,-0.432,20.458,13.725,35.481,30.93
64109489,0.883,0.474,-0.467,19.45,12.076,36.122,30.98
64114354,0.922,0.43,-0.439,19.969,10.824,37.817,30.88
64128557,0.938,0.423,-0.419,21.695,13.038,39.069,30.93
64136606,0.942,0.44,-0.426,23.466,16.198,38.687,30.98
64142831,0.933,0.441,-0.432,24.076,17.878,36.824,30.93
64156352,0.934,0.433,-0.441,23.527,19.435,35.786,30.98
64165217,0.919,0.43,-0.467,24.351,18.656,35.496,30.98
64172502,0.947,0.419,-0.467,24.885,18.061,33.939,30.98
64179767,0.957,0.402,-0.45,24.901,18.809,32.58,31.02
64196576,0.979,0.402,-0.456,25.374,19.954,31.618,31.02
64208981,1.003,0.383,-0.431,25.267,21.969,31.038,30.98
64213863,0.988,0.398,-0.446,23.969,23.802,31.038,30.93
64227303,0.965,0.397,-0.453,22.092,22.763,31.71,30.98
64233597,0.978,0.383,-0.45,19.893,21.191,32.168,31.02
64244105,0.958,0.368,-0.512,18.031,18.733,32.229,30.98
64255276,1.001,0.36,-0.469,18.275,19.573,32.076,30.88
64265237,0.999,0.342,-0.454,18.992,20.0,32.794,30.93
64270831,1.019,0.358,-0.442,19.588,21.328,32.565,30.98
64282422,0.995,0.379,-0.45,18.824,21.893,32.015,30.93
64293406,0.998,0.366,-0.449,16.992,20.702,32.015,30.98
64306277,1.026,0.346,-0.425,16.168,21.145,32.748,30.93
64315145,0.982,0.344,-0.454,15.817,19.405,34.702,30.88
64322964,1.008,0.342,-0.42,14.489,17.954,35.832,30.93
64337219,1.01,0.346,-0.431,14.458,18.916,36.931,30.88
64342810,0.997,0.34,-0.436,14.565,17.618,37.13,30.88
64355523,1.025,0.315,-0.425,13.679,17.664,36.305,30.93
64365106,1.004,0.315,-0.408,14.672,18.214,36.916,30.98
64372864,0.953,0.344,-0.427,12.443,12.794,38.824,30.93
64380034,1.022,0.311,-0.397,11.664,11.038,38.046,30.98
64397358,1.001,0.298,-0.406,11.771,9.511,39.817,31.02
64404823,1.012,0.293,-0.407,12.229,9.405,40.916,30.98
64413914,1.042,0.275,-0.414,12.214,10.87,40.824,30.93
64431093,1.031,0.234,-0.394,13.649,13.267,42.015,30.98
64436129,1.026,0.219,-0.42,14.687,12.412,44.046,30.88
64446579,1.018,0.209,-0.4,15.985,11.252,46.473,31.12
64459121,1.014,0.237,-0.413,16.824,10.29,47.176,30.98
64467208,0.971,0.244,-0.436,14.962,5.863,48.0,30.93
64471427,1.048,0.205,-0.406,15.405,5.374,48.916,31.07
64483291,1.039,0.186,-0.421,13.908,5.145,47.969,30.93
64499529,1.07,0.132,-0.407,13.893,5.756,49.756,30.88
64507269,1.103,0.109,-0.39,18.534,9.74,54.87,30.98
64512409,1.034,0.175,-0.402,16.153,10.244,52.809,31.12
64524490,1.03,0.167,-0.414,16.198,8.916,53.435,31.07
64537854,1.014,0.162,-0.445,14.718,6.672,50.718,30.93
64544581,1.04,0.129,-0.428,13.206,3.405,50.183,30.98
64556322,1.052,0.113,-0.399,13.176,1.939,50.351,30.93
64562314,1.093,0.08,-0.392,14.229,2.84,49.725,30.88
64574085,1.074,0.081,-0.386,16.015,4.366,50.718,31.02
64581491,1.058,0.111,-0.384,17.786,5.511,50.473,31.02
64594363,1.042,0.128,-0.421,16.366,4.076,46.977,30.98
64606415,1.064,0.1,-0.406,16.992,2.84,46.122,30.93
64615163,1.053,0.117,-0.417,16.687,1.435,45.679,30.98
64626355,1.064,0.117,-0.398,15.954,1.435,44.55,30.93
64636887,1.091,0.083,-0.403,15.725,1.695,45.008,30.98
64642623,1.086,0.046,-0.383,17.237,3.649,46.794,31.02
64655717,1.075,0.062,-0.383,19.588,5.053,48.0,30.98
64660862,1.048,0.068,-0.408,19.802,4.794,48.504,30.93
64672679,1.064,0.049,-0.393,19.786,3.847,48.763,31.02
64679721,1.05,0.043,-0.393,20.366,4.198,50.29,30.88
64698776,1.09,0.019,-0.388,21.374,6.977,49.649,31.02
64708050,1.067,-0.025,-0.379,24.046,10.26,51.069,30.98
64713335,1.058,-0.018,-0.374,26.015,11.817,54.031,30.93
64727165,1.03,-0.021,-0.378,27.603,11.969,55.893,30.98
64734864,1.009,-0.012,-0.392,27.649,9.863,58.0,31.02
64745862,1.031,-0.069,-0.395,27.252,6.458,59.832,30.98
64753149,1.07,-0.117,-0.386,28.321,6.122,62.107,30.98
64765277,1.111,-0.129,-0.368,30.733,12.473,61.298,30.93
64770036,1.096,-0.114,-0.356,32.748,18.672,60.718,30.98
64782262,1.087,-0.112,-0.367,34.153,24.198,58.641,30.93
64796382,1.061,-0.142,-0.39,34.076,25.053,58.977,30.98
64803614,1.06,-0.182,-0.377,34.473,23.893,61.099,30.88
64814491,1.057,-0.176,-0.365,35.771,22.26,64.702,31.07
64824958,1.083,-0.17,-0.388,32.718,20.519,61.771,31.07
64833325,1.13,-0.228,-0.362,33.878,23.176,61.191,30.93
64845694,1.135,-0.231,-0.374,35.237,27.878,60.947,30.88
64855574,1.134,-0.233,-0.323,34.122,31.267,60.29,31.02
64863135,1.112,-0.226,-0.344,33.863,35.374,59.908,30.98
64872081,1.05,-0.212,-0.382,29.908,31.908,58.84,30.93
64887718,1.106,-0.236,-0.337,28.473,32.229,56.473,30.98
64896184,1.096,-0.228,-0.374,27.481,31.924,55.282,30.98
64906563,1.067,-0.251,-0.354,24.565,26.748,55.099,31.02
64912892,1.132,-0.269,-0.305,23.634,27.389,53.924,30.98
64924582,1.063,-0.249,-0.352,23.756,26.092,58.489,30.93
64932873,1.127,-0.242,-0.285,21.817,28.397,52.55,31.07
64947646,1.125,-0.267,-0.281,22.458,33.435,51.008,31.02
64955517,1.104,-0.264,-0.275,24.382,37.221,50.733,30.98
64963991,1.056,-0.285,-0.32,25.542,35.527,52.534,30.93
64974021,1.034,-0.291,-0.312,24.947,29.634,55.74,31.02
64982626,1.063,-0.281,-0.293,24.229,27.053,56.092,30.98
64995590,1.087,-0.291,-0.267,23.267,27.756,54.321,31.02
65005358,1.102,-0.331,-0.244,23.985,31.176,53.42,30.98
65015563,1.119,-0.339,-0.184,28.947,42.504,54.351,31.02
65027127,1.042,-0.328,-0.224,27.298,41.71,53.038,30.98
65032586,0.913,-0.321,-0.294,24.809,32.153,58.947,31.02
65046440,0.996,-0.386,-0.258,20.168,21.099,62.336,30.88
65058740,0.994,-0.401,-0.249,19.237,16.031,66.321,30.88
65063579,1.092,-0.46,-0.243,19.557,18.962,65.847,30.93
65070661,1.095,-0.48,-0.163,24.718,30.733,64.794,31.07
65088685,0.997,-0.414,-0.193,27.008,36.321,65.954,31.02
65100954,0.976,-0.422,-0.205,26.229,36.763,66.305,31.07
65105935,0.838,-0.409,-0.229,22.397,27.313,70.229,30.93
65115796,0.959,-0.459,-0.184,17.405,20.0,72.229,30.88
65127621,0.96,-0.494,-0.191,16.763,19.221,74.382,30.98
65134405,0.957,-0.53,-0.188,17.115,18.076,77.863,30.93
65144649,0.973,-0.532,-0.159,19.832,20.809,80.412,31.07
65159925,0.956,-0.533,-0.161,21.786,23.649,80.962,31.02
65164343,0.95,-0.55,-0.137,21.969,24.992,81.267,30.98
65172358,0.923,-0.561,-0.127,20.931,25.756,82.229,30.98
65178319,0.855,-0.549,-0.18,16.824,17.954,85.786,30.98
65196922,0.891,-0.594,-0.16,12.931,10.473,87.954,30.93
65206390,0.902,-0.672,-0.179,11.069,4.641,90.87,30.84
65213868,0.956,-0.711,-0.161,13.588,5.115,91.527,30.98
65225295,0.954,-0.698,-0.127,17.695,10.55,89.573,30.93
65234490,0.917,-0.656,-0.138,18.733,11.832,88.382,30.98
65245933,0.907,-0.662,-0.133,18.962,11.725,86.733,30.93
65257233,0.902,-0.662,-0.157,17.786,10.87,85.71,30.98
65264448,0.891,-0.656,-0.15,15.756,9.206,86.87,31.07
65268663,0.919,-0.688,-0.156,13.74,6.321,87.817,30.98
65283715,0.92,-0.707,-0.121,13.328,4.427,90.015,30.98
65296557,0.913,-0.697,-0.134,13.466,3.924,91.099,31.02
65307222,0.891,-0.693,-0.134,12.718,2.779,90.656,31.07
65314300,0.87,-0.696,-0.12,12.702,1.176,91.389,30.93
65327236,0.873,-0.688,-0.115,12.641,1.145,90.107,31.07
65334712,0.845,-0.694,-0.125,12.748,0.565,89.603,31.02
65346790,0.899,-0.765,-0.099,15.527,3.16,87.42,30.98
65357819,0.865,-0.785,-0.111,18.382,3.802,88.794,30.98
65366060,0.817,-0.783,-0.131,19.725,0.794,91.145,31.02
65372453,0.813,-0.75,-0.112,20.855,0.214,92.26,30.98
65384838,0.746,-0.726,-0.094,20.015,-3.084,93.573,30.93
65396621,0.812,-0.785,-0.096,20.275,-2.885,92.427,30.98
65406657,0.855,-0.879,-0.072,23.985,1.481,91.634,31.02
65413892,0.778,-0.864,-0.065,26.809,4.992,93.435,30.98
65424434,0.741,-0.85,-0.081,28.351,7.038,92.595,30.93
65434300,0.698,-0.845,-0.115,28.473,4.244,92.58,31.02
65445915,0.694,-0.914,-0.138,27.954,-1.557,93.313,31.07
65455527,0.639,-0.905,-0.092,27.344,-5.374,95.053,31.02
65465860,0.682,-0.892,-0.072,26.214,-5.496,93.405,30.88
65474725,0.724,-0.941,-0.014,28.275,-0.87,91.099,31.02
65481788,0.714,-0.934,-0.055,31.038,4.947,89.099,30.98
65498481,0.647,-0.954,-0.065,32.901,9.481,87.878,31.02
65507956,0.571,-0.964,-0.154,31.603,4.336,88.351,31.07
65514444,0.517,-0.994,-0.17,27.939,-6.977,91.053,30.98
65527080,0.614,-0.994,-0.057,28.244,-8.626,89.435,30.93
65536023,0.548,-0.958,-0.003,28.015,-7.069,88.794,30.98
65542882,0.6,-0.98,0.016,26.916,-3.985,85.908,31.02
65556137,0.598,-1.009,0.013,28.702,3.405,83.191,30.98
65565839,0.569,-1.021,-0.019,29.527,5.817,81.74,31.02
65573029,0.48,-0.957,-0.075,27.74,2.611,81.664,30.98
65584535,0.526,-0.994,-0.039,26.534,-1.496,79.969,30.93
65603026,0.532,-0.995,-0.059,26.137,-4.122,78.076,30.93
65610344,0.538,-1.012,-0.027,25.069,-8.916,78.58,31.07
65614824,0.511,-0.974,0.019,25.069,-8.046,76.534,31.02
65626588,0.486,-0.912,0.063,23.496,-6.137,73.924,31.07
65638310,0.492,-0.955,0.015,22.702,-4.672,69.71,30.93
65643496,0.462,-0.974,0.008,22.748,-6.092,69.618,30.98
65653622,0.458,-0.992,0.01,23.206,-7.176,69.237,30.93
65665346,0.477,-1.027,-0.003,24.107,-8.351,69.13,30.98
65674385,0.467,-1.022,-0.007,24.305,-10.168,70.412,30.98
65681232,0.461,-1.042,-0.004,23.298,-11.603,70.366,31.02
65693641,0.427,-1.004,0.054,22.962,-10.076,69.695,30.98
65707812,0.384,-0.98,0.067,21.145,-9.649,67.313,30.93
65716563,0.387,-1.021,0.074,21.191,-7.74,64.336,30.98
65723564,0.383,-1.047,0.053,21.389,-6.458,62.656,30.93
65735366,0.351,-1.057,0.048,22.336,-6.366,62.382,31.07
65744072,0.36,-1.069,0.052,23.542,-5.42,61.649,31.02
65756672,0.345,-1.073,0.039,25.023,-4.366,61.145,30.93
65767028,0.331,-1.097,0.0,26.275,-6.26,61.145,30.98
65773970,0.3,-1.059,0.094,26.565,-5.939,61.481,30.93
65783900,0.266,-1.012,0.079,25.924,-4.595,60.534,30.98
65791206,0.242,-0.999,0.111,23.466,-1.664,57.481,30.93
65808030,0.248,-1.008,0.099,21.771,-0.443,54.87,30.98
65817330,0.254,-1.027,0.1,21.008,0.779,53.618,31.07
65823791,0.245,-1.028,0.105,21.084,2.092,53.664,30.98
65836443,0.26,-1.053,0.076,22.137,3.527,52.351,30.98
65845406,0.24,-1.063,0.037,23.221,3.664,52.809,30.93
65852418,0.232,-1.058,0.048,25.16,2.855,52.947,30.98
65863613,0.195,-0.992,0.111,25.527,3.878,53.023,31.02
65874191,0.186,-0.99,0.126,23.603,4.595,51.939,30.98
65882191,0.216,-1.005,0.128,23.42,7.878,49.176,30.93
65895005,0.185,-1.028,0.117,23.023,9.328,48.107,30.98
65908408,0.185,-1.037,0.117,22.718,10.244,48.595,31.07
65917585,0.188,-1.038,0.116,24.015,11.847,47.588,30.93
65924185,0.152,-1.03,0.097,24.885,12.595,46.992,30.98
65938147,0.174,-1.01,0.115,25.557,12.687,45.832,30.93
65945172,0.173,-1.017,0.135,25.588,13.389,45.374,30.98
65955431,0.161,-0.997,0.175,24.046,15.069,43.985,31.02
65964065,0.151,-0.967,0.182,22.183,18.305,40.87,30.98
65974297,0.124,-0.972,0.169,19.618,20.489,37.679,31.02
65981009,0.125,-0.967,0.175,16.397,21.206,33.908,30.98
65992270,0.177,-0.97,0.157,16.382,26.107,32.351,30.98
66010950,0.103,-0.988,0.137,15.313,27.298,31.16,31.02
66018967,0.118,-1.011,0.142,13.298,25.771,29.817,30.98
66025330,0.14,-0.997,0.122,12.305,23.42,29.695,30.93
66037606,0.146,-0.993,0.124,12.779,23.786,26.183,31.07
66046835,0.159,-0.99,0.143,13.282,23.588,25.237,30.93
66053376,0.162,-0.993,0.125,13.893,24.137,24.229,30.98
66066540,0.146,-1.005,0.153,13.389,23.802,22.244,30.98
66076329,0.162,-0.994,0.17,13.511,25.176,21.328,31.02
66082973,0.15,-0.996,0.148,13.221,25.954,22.092,30.98
66089802,0.073,-1.002,0.165,12.473,24.901,20.198,31.02
66104275,0.058,-0.969,0.16,11.359,22.763,20.458,30.98
66119837,0.052,-0.959,0.178,9.191,18.855,19.557,30.93
66122560,0.029,-0.994,0.2,5.954,14.412,17.084,31.07
66137855,0.072,-0.97,0.22,4.076,12.962,14.122,31.02
66144220,0.08,-0.987,0.231,2.198,14.977,10.122,30.93
66154482,0.063,-1.003,0.238,0.366,14.733,6.901,30.88
66166033,0.058,-1.002,0.24,-1.481,14.336,3.206,30.93
66176534,0.053,-1.007,0.225,-2.351,14.855,2.229,30.98
66181779,0.023,-1.014,0.245,-2.519,14.489,0.947,30.98
66193425,0.017,-1.022,0.22,-2.076,12.977,0.397,31.07
66210564,0.032,-1.02,0.213,-1.16,11.893,0.153,31.02
66217034,0.065,-1.022,0.23,-0.794,12.244,-1.756,31.02
66221799,0.083,-1.026,0.224,0.962,14.366,-1.74,30.98
66234175,0.026,-1.034,0.19,0.733,12.656,-2.092,31.02
66247947,0.033,-1.025,0.205,-0.153,10.382,-2.336,30.88
66253682,0.038,-1.0,0.226,-0.748,10.183,-3.084,31.02
66266133,0.012,-0.973,0.216,-0.901,12.336,-3.832,30.98
66276029,-0.019,-0.957,0.201,-1.74,12.26,-5.099,30.98
66283829,0.034,-0.968,0.2,-3.771,10.718,-6.641,30.98
66290940,0.06,-0.984,0.201,-3.389,12.565,-7.618,30.98
66308849,0.04,-0.98,0.201,-3.466,13.053,-8.489,31.02
66316222,0.015,-0.968,0.205,-4.794,10.275,-8.595,31.07
66323828,0.011,-0.969,0.16,-5.191,8.336,-8.748,30.93
66334591,0.023,-0.968,0.167,-3.435,6.931,-10.031,30.98
66343846,0.042,-0.969,0.184,-1.695,5.634,-10.809,30.93
66353984,0.045,-0.963,0.2,-0.534,6.443,-11.252,30.98
66365634,0.025,-0.937,0.199,0.427,7.435,-10.366,30.98
66375335,0.049,-0.924,0.197,-0.336,6.611,-9.832,30.93
66382163,0.075,-0.954,0.211,-0.015,7.74,-10.137,30.98
66394174,0.074,-0.961,0.225,0.855,11.252,-9.786,31.02
66404818,0.049,-0.954,0.221,2.244,13.71,-10.29,31.07
66413831,0.035,-0.947,0.207,2.412,15.542,-10.351,31.02
66421275,0.034,-0.947,0.213,2.153,16.0,-10.351,31.07
66437356,0.04,-0.945,0.204,2.412,16.55,-10.107,30.93
66446356,0.031,-0.943,0.194,2.763,17.695,-9.771,31.02
66456055,0.009,-0.939,0.183,3.649,19.344,-8.58,30.98
66466150,0.047,-0.946,0.2,3.74,19.878,-8.672,30.93
66474397,0.034,-0.96,0.205,4.992,21.069,-8.443,31.07
66480434,0.032,-0.951,0.196,5.664,23.053,-8.504,31.02
66492228,0.021,-0.957,0.213,5.527,23.695,-8.885,30.98
66507019,0.007,-0.959,0.197,4.947,22.137,-8.687,31.02
66515597,0.02,-0.958,0.202,4.137,21.725,-8.198,30.98
66524591,0.029,-0.96,0.191,3.924,21.756,-7.511,30.98
66537453,-0.01,-0.951,0.175,4.015,21.42,-6.473,31.02
66546062,0.004,-0.943,0.17,3.344,20.641,-5.344,30.98
66553447,0.02,-0.965,0.184,3.221,20.504,-5.74,31.02
66565249,0.035,-0.987,0.187,3.542,21.053,-5.282,30.98
66577021,0.05,-0.989,0.205,3.863,21.13,-4.977,31.02
66583031,0.036,-0.981,0.209,3.832,21.74,-4.092,30.88
66590466,0.019,-0.971,0.205,1.893,21.45,-3.176,30.93
66606712,0.029,-0.981,0.225,1.42,18.198,-4.763,31.02
66617458,0.017,-0.957,0.206,0.87,17.695,-3.924,31.07
66624011,0.042,-0.954,0.207,-0.489,16.885,-4.962,31.02
66636162,0.036,-0.96,0.21,-0.901,15.145,-5.573,31.07
66645492,0.026,-0.973,0.217,-1.725,13.084,-6.031,31.02
66655816,0.026,-0.974,0.224,-2.214,11.023,-6.534,31.07
66664514,0.016,-0.969,0.235,-3.023,10.214,-6.626,31.12
66674883,0.026,-0.963,0.229,-3.847,8.626,-8.229,30.93
66681141,0.032,-0.973,0.229,-4.809,6.718,-8.992,30.98
66694854,0.04,-0.977,0.228,-4.718,5.832,-9.496,30.93
66707518,0.048,-0.975,0.217,-4.214,6.504,-9.603,31.07
66717711,0.049,-0.971,0.208,-2.748,7.374,-9.328,31.02
66723332,0.051,-0.966,0.211,-2.076,7.863,-8.565,30.98
66740778,0.042,-0.967,0.21,-0.931,8.031,-8.626,30.98
66745572,0.049,-0.959,0.221,0.198,9.053,-8.565,30.98
66756296,0.052,-0.952,0.217,0.229,9.649,-8.076,30.88
66764447,0.038,-0.949,0.222,0.412,9.847,-7.756,30.93
66775408,0.037,-0.951,0.2,0.122,9.756,-7.435,31.07
66780175,0.03,-0.944,0.223,-0.092,8.443,-6.534,31.02
66794094,0.023,-0.942,0.214,0.198,7.786,-5.618,30.98
66806959,0.032,-0.953,0.222,0.137,8.061,-5.084,30.93
66816783,0.027,-0.952,0.209,1.008,8.794,-4.443,31.07
66824604,0.044,-0.966,0.204,1.557,10.061,-4.046,30.98
66839358,0.035,-0.968,0.193,2.885,11.939,-2.962,30.93
66844503,0.029,-0.961,0.221,3.649,12.718,-1.557,30.98
66854831,0.022,-0.964,0.225,3.771,13.344,-1.344,31.02
66866527,0.008,-0.958,0.234,3.374,13.466,-1.115,30.98
66875287,-0.001,-0.944,0.229,3.008,13.008,-1.74,30.93
66883591,-0.007,-0.936,0.222,0.901,11.679,-2.015,31.07
66890790,0.01,-0.954,0.218,-0.397,9.786,-2.229,31.02
66909549,0.029,-0.944,0.222,-0.427,10.046,-2.137,31.12
66917681,0.04,-0.951,0.223,-1.252,11.084,-1.298,31.07
66924135,0.02,-0.95,0.222,-0.992,8.916,-0.84,31.02
66937966,0.044,-0.962,0.216,-0.534,8.824,-0.046,31.07
66944614,0.06,-0.961,0.233,0.183,10.244,0.519,31.02
66952617,0.059,-0.964,0.223,0.763,10.809,0.702,30.98
66967232,0.041,-0.963,0.227,1.053,10.015,1.099,31.02
66975423,0.029,-0.954,0.22,0.656,8.84,1.817,31.07
66982439,0.039,-0.956,0.229,0.687,8.183,2.962,31.07
66989756,0.037,-0.96,0.233,0.916,8.519,2.0,31.02
67007578,0.042,-0.954,0.238,0.763,8.489,2.153,31.07
67016681,0.046,-0.964,0.23,0.916,7.985,2.153,31.02
67023962,0.033,-0.951,0.235,1.13,8.336,2.0,30.98
67039168,0.038,-0.944,0.237,1.053,7.954,1.908,31.12
67044216,0.033,-0.953,0.239,0.641,7.053,1.389,30.98
67053957,0.033,-0.958,0.238,0.031,6.458,1.053,31.02
67064242,0.029,-0.95,0.246,0.183,6.382,0.84,31.02
67074962,0.02,-0.949,0.241,0.137,6.595,-0.031,30.88
67082219,0.023,-0.947,0.233,0.061,6.733,-0.794,31.12
67095381,0.022,-0.952,0.237,-0.122,6.076,-1.099,30.98
67107842,0.02,-0.95,0.231,-0.153,6.031,-0.885,30.93
67116930,0.03,-0.943,0.242,-0.336,6.382,-0.55,31.07
67123580,0.034,-0.951,0.24,-0.412,6.26,-0.626,30.93
67136456,0.027,-0.957,0.224,-0.366,6.458,-0.382,30.98
67145658,0.018,-0.954,0.227,-0.611,5.908,-0.168,30.98
67156365,0.017,-0.947,0.242,-1.282,5.45,-0.244,31.02
67164324,0.021,-0.942,0.229,-1.282,5.145,-0.626,31.07
67173697,0.034,-0.952,0.244,-1.771,5.328,-1.099,30.93
67180734,0.023,-0.957,0.239,-1.603,5.649,-1.267,30.88
67192952,0.035,-0.96,0.233,-1.618,5.863,-0.779,31.07
67207343,0.025,-0.961,0.221,-1.084,6.137,-0.229,30.98
67214083,0.033,-0.964,0.224,-0.87,6.198,0.137,30.93
67223513,0.038,-0.966,0.229,-0.794,6.885,0.168,31.02
67240528,0.021,-0.955,0.239,-0.214,6.718,0.748,30.98
67246054,0.021,-0.958,0.237,-0.565,6.641,1.023,31.02
67256009,0.027,-0.949,0.23,-0.931,6.198,0.855,30.98
67267177,0.028,-0.963,0.243,-1.053,5.832,0.779,31.02
67275452,0.019,-0.955,0.241,-0.977,6.122,0.092,30.88
67284716,0.018,-0.955,0.243,-1.115,5.893,-0.504,30.98
67292135,0.036,-0.945,0.241,-0.992,6.122,-1.282,31.12
67307301,0.028,-0.955,0.236,-1.053,5.511,-1.496,30.88
67317788,0.033,-0.957,0.238,-0.702,5.618,-1.466,31.02
67324228,0.047,-0.955,0.238,-0.519,5.634,-1.756,31.07
67336185,0.043,-0.955,0.25,-0.901,5.603,-1.298,30.93
67345077,0.027,-0.952,0.245,-1.313,4.489,-1.344,30.98
67352640,0.023,-0.949,0.237,-1.893,3.405,-1.618,31.02
67364897,0.027,-0.95,0.247,-2.366,3.008,-2.198,30.98
67374526,0.028,-0.965,0.242,-2.351,3.099,-2.931,31.07
67383194,0.028,-0.969,0.235,-1.908,3.359,-3.145,31.02
67390217,0.03,-0.957,0.234,-2.0,3.679,-3.069,30.98
67407661,0.038,-0.96,0.226,-1.863,3.771,-2.641,30.93
67413408,0.033,-0.963,0.23,-1.069,4.122,-2.519,30.98
67422834,0.021,-0.953,0.242,-1.191,3.832,-1.878,31.02
67436398,0.03,-0.95,0.235,-1.282,3.298,-2.0,31.07
67443629,0.027,-0.954,0.245,-1.45,3.557,-1.908,31.02
67454995,0.034,-0.949,0.244,-1.725,3.466,-1.893,31.02
67465616,0.023,-0.939,0.243,-1.71,3.863,-2.214,30.98
67474180,0.025,-0.938,0.237,-1.893,4.229,-2.779,31.02
67481494,0.033,-0.947,0.244,-1.771,4.626,-2.763,31.07
67499040,0.033,-0.938,0.248,-1.344,5.466,-2.214,30.93
67508508,0.028,-0.951,0.249,-0.931,6.015,-1.954,30.88
67515875,0.025,-0.947,0.238,-0.794,6.443,-0.931,31.02
67522957,0.029,-0.962,0.241,-0.275,6.687,0.183,30.98
67538630,0.012,-0.954,0.248,0.0,6.153,1.603,30.98
67543677,0.008,-0.95,0.237,0.351,6.092,2.153,31.02
67555013,0.014,-0.952,0.23,0.427,6.198,2.397,30.98
67570163,0.02,-0.962,0.241,1.191,6.84,2.947,31.02
67574338,0.026,-0.947,0.228,1.313,7.954,2.855,30.98
67581020,0.021,-0.962,0.235,1.664,8.718,2.885,31.02
67597807,0.019,-0.944,0.252,1.389,9.038,3.206,31.07
67607678,0.018,-0.949,0.247,0.885,8.962,3.252,31.02
67616100,0.013,-0.945,0.236,0.351,8.092,3.069,31.02
67622774,-0.001,-0.949,0.229,-0.87,6.305,2.702,30.98
67636205,0.023,-0.952,0.249,-1.969,5.359,2.229,31.02
67643178,0.019,-0.953,0.246,-2.092,5.267,0.977,30.98
67655178,0.027,-0.958,0.236,-2.656,4.443,0.168,30.98
67666047,0.037,-0.969,0.236,-2.565,4.931,-0.443,30.98
67674273,0.042,-0.963,0.249,-2.107,5.008,-0.58,31.02
67680048,0.051,-0.966,0.235,-1.725,5.466,-0.153,31.02
67692812,0.003,-0.954,0.234,-1.618,4.611,0.382,30.98
67706991,0.037,-0.945,0.257,-1.817,4.412,-0.198,30.93
67715594,0.041,-0.953,0.255,-1.954,3.817,-0.595,30.88
67726207,0.037,-0.954,0.26,-2.0,3.542,-0.519,30.93
67738376,0.017,-0.957,0.266,-1.817,3.023,-1.084,31.07
67744488,0.023,-0.956,0.255,-2.229,3.115,-2.046,30.98
67758434,0.025,-0.953,0.242,-2.275,2.992,-2.427,30.98
67770699,0.02,-0.943,0.251,-2.031,2.641,-2.824,30.98
67775115,0.017,-0.946,0.251,-2.595,2.473,-3.634,30.93
67783695,0.008,-0.945,0.25,-2.84,1.954,-3.893,30.98
67791003,0.019,-0.938,0.251,-2.855,1.786,-4.382,31.02
67807696,0.014,-0.956,0.254,-3.267,1.908,-4.733,30.98
67816284,0.007,-0.947,0.253,-3.359,1.527,-4.687,31.02
67823494,0.009,-0.949,0.234,-3.802,2.458,-5.298,30.88
67839467,0.014,-0.96,0.235,-3.389,2.641,-5.267,30.98
67844155,0.021,-0.954,0.243,-2.702,3.573,-4.626,31.02
67854676,0.026,-0.954,0.23,-2.763,4.58,-3.969,30.98
67864487,0.027,-0.951,0.234,-2.321,5.695,-3.298,31.02
67875157,0.01,-0.949,0.238,-2.107,6.229,-2.305,31.07
67881949,0.01,-0.935,0.234,-2.015,6.748,-2.214,31.02
67894285,0.009,-0.945,0.232,-2.29,7.328,-2.489,30.88
67906336,0.019,-0.952,0.248,-2.107,7.771,-2.244,30.93
67915875,0.023,-0.945,0.241,-2.305,8.046,-2.061,31.02
67922590,0.025,-0.95,0.248,-2.534,8.275,-1.618,30.98
67935995,0.017,-0.945,0.248,-2.061,8.427,-1.328,31.12
67942919,0.014,-0.94,0.228,-2.427,8.031,-0.718,30.98
67954989,0.018,-0.945,0.24,-2.275,7.252,-0.626,31.02
67962793,0.012,-0.949,0.251,-2.519,7.237,-0.443,30.98
67973922,0.018,-0.945,0.25,-2.504,6.427,-0.763,31.02
67980475,0.015,-0.958,0.244,-3.084,6.214,-1.42,31.02
67998613,0.02,-0.96,0.249,-3.145,6.489,-1.832,31.07
68009980,0.024,-0.966,0.258,-3.008,6.733,-2.214,31.12
68014516,0.025,-0.952,0.255,-2.763,6.779,-2.626,30.98
68021695,0.02,-0.959,0.24,-2.977,6.382,-3.237,31.02
68034428,0.017,-0.958,0.241,-3.206,6.015,-3.45,30.98
68045350,0.019,-0.95,0.259,-3.145,5.908,-3.985,31.02
68056610,0.027,-0.942,0.255,-3.405,5.924,-4.504,30.98
68064671,0.017,-0.947,0.26,-3.435,5.618,-4.534,31.07
68073024,0.031,-0.955,0.259,-3.16,5.45,-4.809,31.02
68084005,0.032,-0.951,0.252,-3.328,6.046,-4.702,30.98
68091215,0.027,-0.951,0.249,-2.916,5.603,-4.58,30.93
68105551,0.014,-0.956,0.249,-2.824,5.45,-4.748,30.98
68113155,0.017,-0.954,0.242,-2.244,4.885,-4.519,30.98
68124739,0.023,-0.955,0.241,-1.756,4.901,-4.473,30.98
68134721,0.021,-0.953,0.255,-1.45,5.542,-4.458,30.88
68144563,0.01,-0.953,0.24,-1.267,5.115,-4.366,30.93
68153749,0.029,-0.957,0.244,-1.008,5.802,-4.351,30.98
68165571,-0.009,-0.947,0.242,-1.16,4.824,-3.786,31.12
68171270,-0.001,-0.944,0.236,-2.336,2.366,-3.466,30.98
68182180,0.01,-0.95,0.241,-2.58,2.55,-3.466,31.12
68197709,0.017,-0.95,0.235,-2.885,2.779,-3.557,30.98
68204487,0.015,-0.947,0.242,-3.145,2.641,-3.649,31.07
68215049,0.005,-0.939,0.245,-3.939,1.756,-3.267,31.02
68227340,0.012,-0.951,0.246,-4.519,0.748,-3.191,30.98
68236897,0.022,-0.949,0.252,-4.977,0.397,-2.84,31.02
68242905,0.02,-0.948,0.243,-4.87,0.183,-2.366,31.07
68256229,0.017,-0.957,0.256,-5.023,0.55,-2.275,30.93
68265846,0.012,-0.946,0.247,-4.947,0.336,-1.649,30.98
68273205,0.013,-0.946,0.233,-5.511,-1.527,-1.145,30.93
68280269,-0.009,-0.954,0.22,-7.496,-5.634,-0.351,31.02
68296976,-0.024,-0.946,0.227,-8.595,-10.26,-0.382,30.98
68305760,-0.051,-0.918,0.247,-10.0,-14.443,-1.405,30.93
68313015,-0.029,-0.929,0.251,-12.076,-18.84,-2.855,31.07
68327531,-0.005,-0.942,0.231,-14.275,-23.084,-3.115,31.02
68334939,0.035,-0.991,0.222,-15.618,-25.557,-2.336,30.98
68346486,0.073,-1.0,0.23,-14.046,-23.267,-2.229,31.02
68357968,0.055,-0.967,0.245,-11.893,-18.794,-2.29,30.98
68366066,0.036,-0.966,0.262,-11.557,-17.969,-3.725,30.98
68374331,0.044,-0.966,0.263,-11.939,-17.496,-3.908,31.02
68381307,0.039,-0.958,0.263,-12.84,-19.695,-2.931,31.07
68398739,-0.007,-0.954,0.229,-14.84,-25.939,-2.092,30.93
68406860,0.015,-0.963,0.201,-16.382,-31.985,-1.298,31.07
68413465,0.09,-0.977,0.239,-14.916,-31.603,-1.634,31.02
68425112,0.081,-0.967,0.247,-13.298,-28.504,-1.649,30.98
68435010,0.099,-0.973,0.245,-11.511,-26.214,-1.618,30.98
68445747,0.095,-0.98,0.258,-10.092,-23.237,-1.74,30.93
68455281,0.064,-0.957,0.243,-10.076,-22.809,-0.244,31.07
68465823,0.072,-0.966,0.241,-9.542,-22.489,0.626,31.02
68471198,0.081,-0.958,0.238,-8.687,-20.626,0.916,30.98
68484417,0.042,-0.953,0.24,-8.061,-20.336,2.214,30.88
68497365,0.035,-0.948,0.211,-7.985,-21.252,2.656,31.07
68506145,0.039,-0.949,0.219,-8.031,-22.962,3.893,31.02
68516043,0.071,-0.963,0.225,-7.618,-23.282,4.183,31.02
68526065,0.064,-0.967,0.227,-6.672,-21.038,4.779,31.07
68535158,0.037,-0.957,0.24,-6.0,-20.641,5.939,31.12
68542261,0.014,-0.947,0.231,-6.198,-19.466,6.947,30.98
68554670,0.031,-0.953,0.229,-7.099,-19.939,7.359,31.02
68564121,0.022,-0.967,0.199,-7.206,-21.206,7.908,31.07
68573086,0.008,-0.961,0.195,-7.847,-23.405,8.947,30.98
68580219,0.019,-0.96,0.208,-7.908,-25.16,8.794,30.98
68597987,0.041,-0.968,0.215,-7.802,-24.992,8.183,30.98
68607187,0.04,-0.962,0.21,-7.832,-25.069,8.275,31.02
68612796,0.057,-0.957,0.225,-7.878,-24.763,7.847,30.98
68627269,0.035,-0.951,0.213,-8.229,-23.298,7.389,31.12
68635685,0.041,-0.957,0.208,-8.58,-23.313,7.313,30.98
68646279,0.061,-0.962,0.212,-9.053,-23.206,6.885,31.02
68656074,0.045,-0.944,0.213,-9.634,-24.092,6.763,30.98
68663916,0.048,-0.957,0.198,-10.947,-25.634,5.954,30.98
68671042,0.044,-0.935,0.2,-10.824,-25.74,4.87,31.02
68684490,0.062,-0.955,0.233,-11.069,-24.336,3.771,30.98
68697071,0.076,-0.967,0.235,-10.305,-22.321,2.473,31.02
68705860,0.071,-0.973,0.237,-9.969,-21.45,2.244,30.98
68716212,0.058,-0.945,0.223,-10.885,-22.137,2.855,31.02
68727564,0.032,-0.954,0.193,-9.832,-25.634,4.809,31.07
68735744,0.026,-0.956,0.151,-11.634,-28.565,6.794,31.02
68741947,0.043,-0.959,0.146,-11.252,-29.924,8.26,31.07
68755749,0.019,-0.972,0.155,-9.298,-31.359,8.87,30.98
68766888,0.09,-0.969,0.206,-8.0,-28.168,7.771,31.02
68772839,0.068,-0.961,0.223,-4.977,-23.374,5.679,30.98
68779962,0.064,-0.958,0.236,-4.351,-19.221,4.962,31.02
68796907,0.037,-0.948,0.227,-6.626,-20.779,5.069,30.98
68806475,0.002,-0.957,0.229,-10.366,-29.084,5.053,31.02
68813282,-0.021,-0.944,0.186,-13.221,-35.954,4.718,31.07
68825418,0.008,-0.945,0.16,-15.603,-39.603,4.321,30.98
68832584,0.089,-0.961,0.195,-14.458,-37.511,2.412,31.02
68846944,0.142,-0.973,0.2,-12.58,-31.42,0.626,30.98
68855986,0.126,-0.997,0.207,-11.802,-27.679,-0.137,30.93
68865419,0.07,-0.98,0.195,-12.947,-27.435,0.412,30.98
68870419,0.089,-0.995,0.205,-14.733,-29.588,0.824,30.93
68882080,0.068,-0.994,0.205,-15.008,-29.191,-0.855,31.07
68898533,0.061,-0.987,0.192,-14.87,-28.519,-2.336,31.02
68906753,0.083,-0.979,0.206,-16.153,-28.748,-4.321,30.93
68913447,0.061,-0.971,0.195,-17.359,-29.802,-4.427,31.07
68927835,0.094,-0.998,0.157,-18.061,-30.855,-4.412,31.02
68932877,0.107,-0.99,0.144,-16.809,-28.351,-3.985,30.98
68945803,0.107,-0.995,0.16,-15.679,-26.29,-3.893,31.02
68954613,0.096,-0.98,0.182,-15.298,-25.328,-4.412,30.98
68964076,0.089,-0.963,0.179,-15.832,-24.931,-4.443,31.02
68970782,0.086,-0.966,0.181,-16.809,-26.26,-5.985,31.07
68987973,0.101,-0.974,0.193,-18.794,-26.748,-6.031,31.07
69000407,0.084,-0.967,0.172,-19.634,-26.321,-6.305,31.02
69005266,0.109,-0.977,0.139,-20.244,-25.145,-6.061,30.98
69015074,0.108,-0.974,0.099,-20.977,-23.725,-6.214,31.02
69026571,0.115,-0.993,0.107,-21.71,-23.771,-6.611,30.98
69034904,0.096,-0.985,0.137,-21.863,-23.725,-7.115,31.07
69046589,0.084,-0.977,0.154,-23.084,-23.588,-8.809,30.98
69058956,0.102,-0.997,0.153,-24.153,-23.42,-10.0,31.02
69063116,0.122,-1.017,0.126,-24.565,-22.55,-10.443,31.02
69071880,0.088,-0.969,0.13,-25.13,-21.252,-10.092,31.07
69085749,0.069,-0.974,0.103,-27.939,-24.901,-9.74,31.02
69097265,0.125,-1.011,0.054,-28.29,-25.16,-10.351,31.07
69104617,0.146,-1.028,0.079,-26.305,-22.244,-9.832,31.12
69111683,0.141,-1.017,0.114,-25.466,-21.328,-9.45,31.17
69128963,0.124,-1.02,0.117,-26.046,-21.252,-10.718,30.98
69134504,0.141,-1.015,0.119,-27.42,-21.527,-11.847,31.07
69147243,0.14,-0.989,0.124,-28.198,-20.351,-12.565,31.07
69157432,0.081,-0.956,0.08,-30.763,-23.603,-11.832,31.02
69161982,0.15,-0.998,0.055,-32.824,-27.634,-13.038,31.07
69172241,0.169,-1.019,0.072,-32.901,-27.863,-13.313,31.02
69185722,0.132,-1.01,0.084,-32.534,-27.786,-13.466,31.07
69199987,0.174,-1.023,0.076,-31.252,-26.595,-14.321,31.02
69203845,0.171,-1.024,0.083,-29.481,-24.061,-13.756,31.07
69218098,0.185,-1.022,0.109,-29.878,-21.664,-15.481,30.98
69228024,0.176,-1.038,0.104,-30.336,-19.817,-17.817,31.02
69234759,0.15,-1.013,0.072,-30.824,-19.725,-17.221,31.07
69245696,0.156,-1.021,0.041,-31.496,-21.557,-17.878,31.02
69257106,0.199,-1.028,0.033,-30.84,-20.366,-18.046,30.98
69261495,0.192,-1.024,0.014,-30.046,-19.557,-17.237,31.02
69272749,0.167,-0.997,0.029,-30.87,-20.779,-16.458,31.07
69285086,0.209,-0.988,0.066,-32.015,-18.992,-17.481,31.02
69293530,0.233,-1.016,0.068,-32.153,-16.809,-20.824,30.98
69304692,0.227,-0.994,0.046,-31.298,-13.145,-21.282,31.07
69321254,0.2,-1.007,0.007,-31.16,-12.809,-23.084,31.02
69325625,0.224,-1.016,0.009,-30.107,-11.664,-24.015,31.17
69333195,0.232,-1.015,0.022,-29.145,-9.756,-24.107,31.02
69345229,0.209,-1.018,-0.025,-28.229,-9.359,-25.298,31.07
69356863,0.192,-0.997,-0.045,-29.71,-12.779,-24.809,31.12
69361268,0.266,-1.025,-0.004,-29.206,-12.229,-26.046,31.07
69373262,0.24,-1.019,0.035,-27.496,-8.092,-26.977,31.02
69384541,0.253,-1.024,0.025,-27.069,-4.992,-29.069,31.02
69395191,0.254,-1.046,-0.003,-26.397,-2.382,-29.573,30.98
69404255,0.245,-1.052,-0.02,-25.924,-0.626,-30.168,30.93
69417983,0.24,-1.041,-0.016,-25.206,0.672,-30.137,30.98
69425052,0.224,-1.046,-0.048,-24.595,0.458,-31.695,30.93
69432715,0.239,-1.025,-0.025,-23.924,0.29,-30.992,30.98
69448986,0.255,-1.028,-0.038,-22.931,0.198,-33.176,30.93
69455044,0.238,-1.012,-0.03,-21.695,0.565,-32.58,31.07
69461771,0.274,-1.031,-0.043,-20.87,0.763,-34.489,30.98
69475367,0.277,-1.018,-0.036,-19.389,3.557,-33.71,31.02
69488306,0.294,-1.0,-0.011,-18.412,7.069,-34.992,30.98
69497258,0.294,-1.017,-0.026,-17.725,10.015,-36.885,31.02
69503312,0.296,-1.026,-0.026,-16.473,11.145,-36.336,31.07
69517572,0.306,-1.039,-0.049,-15.542,10.702,-36.733,31.02
69524426,0.288,-1.021,-0.036,-13.786,9.588,-36.611,31.07
69535505,0.308,-1.02,-0.055,-10.794,8.992,-37.511,31.02
69543734,0.319,-1.005,-0.06,-8.214,8.702,-37.481,31.02
69553671,0.287,-0.968,-0.052,-7.588,8.382,-36.855,31.07
69563018,0.318,-0.965,-0.025,-8.244,7.435,-37.649,31.02
69570110,0.347,-0.987,-0.026,-8.26,8.931,-37.756,30.98
69589176,0.363,-1.004,-0.032,-8.427,11.863,-37.71,31.02
69596764,0.341,-0.991,-0.009,-8.702,14.962,-36.992,30.98
69602722,0.337,-0.978,-0.021,-9.786,15.985,-37.969,31.02
69615473,0.354,-1.006,-0.049,-10.198,15.771,-39.695,30.98
69622556,0.317,-0.998,-0.074,-8.702,15.298,-39.008,31.07
69634937,0.323,-0.986,-0.071,-7.527,14.122,-38.672,31.02
69646368,0.318,-0.983,-0.088,-8.305,11.939,-38.855,31.07
69653859,0.332,-0.976,-0.058,-9.771,8.947,-37.573,31.02
69664079,0.386,-0.989,-0.037,-10.534,10.87,-37.74,30.98
69672318,0.359,-0.994,-0.076,-11.771,10.763,-37.008,30.88
69685341,0.351,-0.984,-0.054,-12.672,10.779,-36.061,30.98
69694383,0.378,-0.992,-0.042,-13.725,11.878,-37.725,31.02
69706085,0.369,-0.998,-0.058,-13.237,11.863,-38.275,31.02
69719297,0.371,-1.006,-0.109,-13.023,10.779,-38.885,30.98
69722007,0.34,-0.987,-0.097,-13.344,7.008,-35.16,31.02
69738018,0.403,-0.989,-0.104,-14.015,4.397,-35.069,30.98
69749210,0.391,-0.977,-0.111,-14.321,3.954,-33.023,31.02
69752976,0.429,-0.968,-0.081,-15.206,3.008,-32.947,30.98
69764645,0.453,-0.975,-0.061,-15.817,5.313,-34.321,31.07
69771608,0.436,-0.944,-0.059,-17.145,6.229,-34.702,31.07
69788193,0.448,-0.951,-0.072,-19.573,6.366,-36.427,30.98
69793289,0.481,-0.981,-0.088,-18.901,8.611,-37.313,31.02
69810155,0.449,-0.994,-0.103,-18.595,8.473,-37.008,30.98
69821032,0.414,-0.976,-0.135,-18.58,4.718,-34.565,31.02
69823268,0.508,-0.97,-0.102,-17.267,3.527,-34.244,31.07
69834582,0.469,-0.948,-0.107,-16.489,1.74,-34.611,31.02
69847004,0.494,-0.941,-0.088,-17.328,-0.824,-34.519,31.07
69854803,0.537,-0.948,-0.072,-16.885,1.802,-35.786,31.07
69860409,0.54,-0.948,-0.091,-17.603,2.427,-36.595,31.02
69874381,0.558,-0.955,-0.068,-17.893,3.634,-38.809,31.07
69886823,0.534,-0.949,-0.103,-17.328,3.298,-39.191,31.02
69896629,0.495,-0.952,-0.116,-16.962,1.13,-38.626,30.98
69904281,0.546,-0.954,-0.117,-17.252,-0.733,-40.87,31.12
69918185,0.531,-0.962,-0.103,-15.084,-4.0,-36.031,30.98
69923816,0.531,-0.95,-0.086,-16.641,-6.137,-37.45,31.02
69935970,0.563,-0.929,-0.075,-16.015,-4.321,-36.687,30.98
69947344,0.581,-0.936,-0.071,-14.901,-1.176,-39.191,30.98
69955726,0.567,-0.938,-0.079,-14.427,1.344,-42.336,31.02
69961178,0.563,-0.941,-0.084,-13.924,0.733,-42.565,30.98
69974057,0.567,-0.937,-0.103,-13.908,1.557,-42.55,31.02
69985769,0.557,-0.945,-0.127,-13.023,0.351,-41.664,30.98
69995441,0.587,-0.948,-0.109,-11.71,0.183,-39.771,30.93
70003261,0.586,-0.943,-0.104,-9.786,1.237,-42.321,30.98
70018531,0.554,-0.899,-0.112,-9.13,1.344,-43.038,30.98
70024168,0.595,-0.884,-0.11,-10.092,1.053,-45.863,31.02
70034409,0.596,-0.903,-0.134,-11.099,0.321,-47.634,31.07
70046650,0.612,-0.908,-0.133,-11.466,0.885,-46.198,31.02
70053653,0.591,-0.908,-0.133,-13.069,0.122,-44.885,31.07
70062840,0.643,-0.908,-0.122,-13.053,0.305,-42.733,30.93
70068383,0.614,-0.916,-0.138,-11.649,1.832,-43.588,30.98
70088059,0.602,-0.895,-0.146,-10.672,1.267,-42.26,30.93
70095938,0.65,-0.883,-0.148,-10.137,1.908,-43.252,30.93
70102950,0.647,-0.875,-0.13,-10.382,4.58,-44.183,31.07
70114661,0.673,-0.891,-0.118,-10.565,7.588,-44.427,31.02
70122018,0.668,-0.872,-0.156,-12.122,9.725,-44.947,31.07
70136380,0.623,-0.877,-0.152,-13.008,8.214,-43.206,31.02
70145249,0.634,-0.865,-0.16,-12.26,7.893,-42.87,31.07
70153654,0.67,-0.866,-0.156,-10.58,8.046,-43.084,31.02
70164057,0.67,-0.862,-0.156,-8.229,8.931,-42.687,31.02
70171417,0.703,-0.841,-0.148,-7.588,11.649,-43.13,31.07
70189196,0.689,-0.831,-0.143,-8.962,12.321,-42.885,31.02
70194762,0.655,-0.802,-0.162,-12.534,9.13,-41.511,30.98
70205979,0.722,-0.845,-0.163,-14.84,9.634,-43.176,31.02
70219467,0.681,-0.851,-0.158,-13.817,9.084,-41.74,31.07
70222212,0.75,-0.852,-0.138,-10.626,12.458,-42.412,31.07
70235839,0.723,-0.86,-0.152,-7.664,15.924,-41.298,31.07
70244375,0.727,-0.816,-0.157,-6.321,16.824,-41.053,31.07
70253087,0.678,-0.787,-0.184,-9.099,11.45,-39.466,31.02
70259750,0.762,-0.791,-0.147,-11.924,9.206,-39.115,31.07
70282148,0.767,-0.809,-0.128,-13.069,11.389,-38.595,30.93
70288696,0.775,-0.767,-0.125,-12.992,13.13,-39.191,31.07
70293485,0.735,-0.801,-0.158,-12.489,12.366,-39.603,31.02
70304643,0.776,-0.794,-0.141,-10.122,13.863,-39.435,31.07
70315174,0.713,-0.749,-0.186,-9.176,10.168,-37.191,31.07
70323611,0.775,-0.771,-0.167,-8.763,7.664,-37.206,31.02
70334528,0.78,-0.765,-0.178,-8.977,6.565,-36.55,31.07
70342456,0.788,-0.739,-0.157,-10.718,5.42,-34.55,31.02
70353924,0.825,-0.759,-0.12,-12.275,7.847,-35.45,31.07
70360480,0.791,-0.749,-0.133,-12.748,10.076,-35.405,31.02
70374844,0.776,-0.772,-0.156,-13.084,8.763,-37.435,31.07
70386788,0.772,-0.789,-0.169,-11.45,6.916,-34.855,31.02
70392652,0.776,-0.771,-0.192,-11.237,2.855,-33.237,31.02
70407729,0.798,-0.753,-0.187,-12.244,-0.885,-32.351,31.07
70413390,0.869,-0.746,-0.164,-12.748,0.0,-33.298,31.02
70423532,0.847,-0.726,-0.138,-13.023,3.221,-32.427,31.07
70436142,0.838,-0.724,-0.139,-15.115,4.366,-32.183,31.02
70444585,0.836,-0.733,-0.153,-16.092,4.656,-32.84,31.07
70455368,0.785,-0.726,-0.188,-18.061,1.466,-31.695,31.02
70461503,0.772,-0.728,-0.223,-19.817,-4.351,-32.305,31.07
70478610,0.83,-0.754,-0.192,-19.344,-7.206,-31.298,30.98
70484442,0.852,-0.742,-0.191,-18.412,-7.588,-31.771,31.12
70494252,0.844,-0.706,-0.163,-17.344,-6.794,-30.702,31.07
70508240,0.873,-0.672,-0.168,-18.733,-5.221,-31.389,31.02
70514724,0.857,-0.696,-0.169,-21.145,-3.908,-31.573,31.07
70526710,0.848,-0.698,-0.189,-23.71,-5.557,-31.038,31.02
70538204,0.838,-0.706,-0.217,-24.595,-7.45,-29.908,30.98
70545167,0.844,-0.725,-0.235,-25.176,-10.198,-28.702,30.93
70550813,0.922,-0.753,-0.216,-22.519,-7.878,-30.824,31.02
70561721,0.856,-0.701,-0.195,-19.756,-6.641,-29.221,31.07
70579183,0.891,-0.654,-0.198,-21.878,-6.107,-30.244,31.02
70588206,0.893,-0.69,-0.205,-22.748,-4.977,-31.634,31.07
70593879,0.862,-0.674,-0.194,-24.092,-6.336,-30.794,31.02
70606435,0.868,-0.674,-0.224,-25.237,-8.0,-30.443,30.98
70617445,0.872,-0.691,-0.203,-24.885,-8.901,-29.71,30.93
70624905,0.902,-0.682,-0.227,-22.947,-8.183,-30.076,31.07
70635695,0.903,-0.654,-0.206,-21.71,-7.511,-30.366,31.07
70645359,0.911,-0.641,-0.23,-21.954,-7.786,-31.344,30.93
70651126,0.901,-0.643,-0.213,-22.595,-8.076,-31.924,31.07
70662203,0.925,-0.629,-0.2,-22.931,-6.473,-31.359,31.02
70678360,0.908,-0.644,-0.232,-23.328,-6.0,-30.962,31.07
70684780,0.911,-0.629,-0.231,-23.252,-6.305,-30.458,30.98
70693814,0.914,-0.635,-0.264,-22.794,-7.527,-30.931,30.98
70707737,0.92,-0.635,-0.245,-21.45,-8.076,-32.504,31.12
70712921,0.96,-0.648,-0.231,-19.863,-6.183,-33.115,31.12
70725986,0.944,-0.625,-0.232,-19.481,-4.305,-34.214,31.07
70734961,0.934,-0.612,-0.21,-20.061,-2.473,-35.908,30.93
70744473,0.946,-0.609,-0.26,-20.595,-2.046,-36.672,30.98
70750841,0.921,-0.631,-0.267,-20.55,-3.649,-35.191,31.02
70762426,0.936,-0.623,-0.268,-19.74,-5.618,-34.84,31.07
70778153,0.956,-0.606,-0.236,-19.069,-5.42,-35.542,31.07
70784850,0.948,-0.582,-0.261,-19.038,-3.847,-36.916,31.07
70794255,0.947,-0.552,-0.214,-18.87,-3.206,-38.733,31.02
70807596,0.966,-0.559,-0.258,-20.092,-1.954,-41.298,31.02
70815951,0.961,-0.599,-0.27,-19.267,-1.481,-41.771,30.98
70826739,0.944,-0.589,-0.292,-17.496,-2.565,-39.42,31.02
70837162,0.927,-0.563,-0.31,-16.718,-5.573,-37.756,30.98
70847441,0.969,-0.557,-0.274,-16.061,-5.985,-37.206,31.02
70851361,0.998,-0.538,-0.255,-15.496,-3.008,-37.405,30.98
70862716,0.969,-0.501,-0.261,-16.137,-2.137,-37.786,31.17
70878952,1.0,-0.523,-0.27,-16.763,-0.427,-38.687,31.07
70885643,0.971,-0.549,-0.32,-17.832,-0.962,-38.595,31.07
70895255,0.98,-0.553,-0.289,-15.817,-1.954,-36.061,31.02
70907638,0.97,-0.519,-0.316,-15.71,-0.962,-34.733,31.07
70915296,1.011,-0.532,-0.291,-16.107,-1.664,-35.893,31.12
70921311,1.021,-0.494,-0.286,-15.786,1.679,-37.832,31.07
70936577,1.011,-0.489,-0.298,-17.084,2.656,-38.565,31.12
70946303,1.022,-0.49,-0.31,-16.595,3.466,-38.992,30.98
70952188,1.013,-0.482,-0.301,-15.893,3.42,-38.947,31.07
70963674,1.006,-0.465,-0.343,-16.595,1.786,-38.611,31.02
70980666,1.029,-0.485,-0.339,-16.687,0.977,-38.977,30.98
70989930,1.046,-0.478,-0.301,-15.405,2.641,-38.427,31.02
70993153,1.052,-0.437,-0.287,-15.481,4.504,-39.099,31.07
71008283,1.041,-0.448,-0.3,-15.588,7.542,-41.405,31.02
71018934,1.038,-0.446,-0.303,-14.992,10.443,-43.45,30.98
71023204,1.037,-0.452,-0.325,-15.313,10.443,-43.328,31.02
71035354,1.029,-0.438,-0.337,-15.542,9.267,-43.221,31.02
71043229,1.007,-0.439,-0.339,-16.275,5.756,-41.924,31.07
71052834,1.048,-0.419,-0.335,-17.695,2.809,-40.992,31.02
71064415,1.109,-0.452,-0.291,-18.55,6.687,-42.153,31.07
71076095,1.09,-0.4,-0.25,-17.099,13.16,-43.145,31.02
71087469,1.077,-0.398,-0.3,-18.351,16.656,-45.023,31.07
71093138,1.055,-0.438,-0.321,-16.718,17.298,-45.45,31.12
71104711,1.019,-0.42,-0.334,-14.733,14.397,-44.916,31.07
71114767,1.028,-0.392,-0.305,-14.87,11.496,-45.435,30.98
71123902,1.057,-0.386,-0.311,-15.725,9.863,-45.802,31.02
71137726,1.087,-0.378,-0.284,-15.206,11.878,-45.893,30.98
71142755,1.075,-0.346,-0.262,-14.901,14.198,-46.458,31.12
71152988,1.072,-0.349,-0.274,-15.511,16.84,-48.26,31.07
71159738,1.062,-0.355,-0.278,-15.618,16.443,-47.817,31.02
71177996,0.993,-0.327,-0.284,-15.481,12.916,-47.115,31.07
71186942,1.022,-0.313,-0.286,-17.74,6.947,-47.267,30.93
71191994,1.06,-0.332,-0.296,-17.206,5.725,-47.481,31.02
71203674,1.089,-0.33,-0.274,-15.496,7.573,-47.359,30.98
71217218,1.05,-0.3,-0.285,-13.832,9.374,-47.771,31.02
71224486,1.091,-0.298,-0.263,-12.763,10.977,-49.481,30.98
71237595,1.027,-0.249,-0.273,-12.626,10.244,-49.313,31.02
71245995,1.036,-0.274,-0.301,-14.641,5.145,-48.672,31.07
71253648,1.014,-0.262,-0.325,-17.863,-0.931,-46.962,30.93
71260479,1.042,-0.235,-0.295,-19.634,-6.748,-45.115,31.07
71278963,1.115,-0.282,-0.308,-20.29,-7.359,-44.656,30.98
71285532,1.092,-0.275,-0.274,-16.504,-3.618,-44.168,31.02
71295304,1.088,-0.225,-0.295,-16.305,-2.977,-42.031,30.98
71306896,1.098,-0.221,-0.273,-16.046,0.183,-43.191,31.02
71313124,1.066,-0.213,-0.317,-16.183,-0.916,-41.74,31.07
71323343,1.075,-0.217,-0.324,-17.802,-3.618,-40.748,30.98
71337947,1.094,-0.236,-0.322,-18.427,-6.183,-39.252,31.07
71344993,1.107,-0.205,-0.313,-18.122,-6.809,-37.313,31.02
71353906,1.094,-0.197,-0.303,-19.527,-6.382,-36.733,31.02
71360711,1.135,-0.195,-0.281,-20.672,-4.183,-37.786,30.98
71377004,1.098,-0.18,-0.309,-20.885,-3.618,-37.038,31.02
71386799,1.117,-0.181,-0.295,-21.099,-2.748,-37.145,31.07
71393703,1.094,-0.169,-0.316,-22.656,-4.748,-36.992,31.02
71404885,1.04,-0.133,-0.33,-25.115,-10.519,-35.42,31.07
71414912,1.116,-0.158,-0.316,-25.603,-11.832,-36.473,31.07
71425800,1.119,-0.156,-0.314,-22.595,-11.481,-35.084,31.07
71437266,1.111,-0.09,-0.325,-21.405,-11.328,-35.053,31.02
71443881,1.153,-0.108,-0.298,-22.412,-9.466,-37.878,31.12
71454031,1.134,-0.127,-0.342,-22.855,-8.29,-38.931,31.07
71460812,1.126,-0.124,-0.327,-23.786,-7.878,-39.374,31.02
71482295,1.107,-0.124,-0.345,-24.992,-9.191,-39.771,30.98
71487140,1.124,-0.134,-0.346,-24.397,-11.71,-38.244,31.02
71493410,1.158,-0.132,-0.338,-22.168,-10.901,-37.969,30.98
71506506,1.149,-0.075,-0.314,-20.962,-6.794,-39.496,30.98
71515284,1.164,-0.047,-0.307,-22.611,-4.031,-43.115,31.07
71525244,1.142,-0.037,-0.307,-23.588,-2.305,-44.733,30.98
71535588,1.1,-0.034,-0.365,-24.733,-4.26,-45.069,31.02
71543403,1.127,-0.049,-0.332,-24.489,-6.366,-45.282,31.07
71554102,1.112,-0.044,-0.355,-22.748,-7.878,-44.397,31.02
71560977,1.163,-0.06,-0.339,-20.26,-7.374,-44.84,31.07
71577760,1.133,-0.008,-0.317,-19.573,-6.137,-44.992,31.12
71584065,1.163,0.045,-0.318,-22.626,-4.0,-46.855,30.98
71593880,1.131,0.013,-0.328,-26.244,-3.603,-48.29,30.98
71607177,1.119,0.011,-0.315,-28.595,-4.382,-48.137,30.98
71615441,1.131,-0.0,-0.329,-28.931,-3.817,-47.969,30.98
71625871,1.09,-0.062,-0.359,-27.481,-3.374,-46.26,31.02
71635375,1.091,-0.03,-0.356,-23.908,-4.473,-44.382,31.07
71645880,1.108,-0.052,-0.349,-19.985,-4.473,-44.397,31.02
71654642,1.104,0.01,-0.312,-15.252,-1.206,-44.779,30.98
71661698,1.05,0.074,-0.333,-15.038,-4.458,-44.855,31.02
71679185,1.11,0.095,-0.343,-17.389,-4.214,-47.573,31.07
71687849,1.086,0.081,-0.361,-19.527,-6.0,-47.893,30.98
71694088,1.077,0.056,-0.367,-19.252,-6.137,-47.191,31.02
71705578,1.061,0.062,-0.354,-17.466,-8.427,-44.626,31.07
71714550,1.082,0.079,-0.38,-17.618,-10.198,-44.656,31.12
71724918,1.075,0.07,-0.349,-17.771,-10.916,-44.198,31.07
71734250,1.063,0.093,-0.319,-17.374,-13.511,-41.588,30.93
71744881,1.098,0.129,-0.354,-19.252,-13.435,-42.504,30.98
71750175,1.098,0.094,-0.355,-19.802,-12.626,-42.87,31.02
71763327,1.093,0.114,-0.38,-20.656,-12.534,-41.481,31.02
71775334,1.07,0.122,-0.396,-22.641,-15.176,-40.412,31.07
71784784,1.052,0.141,-0.349,-23.878,-17.908,-38.031,30.93
71796326,1.066,0.189,-0.357,-26.611,-20.214,-37.542,30.98
71807481,1.091,0.146,-0.361,-27.237,-20.58,-38.321,31.02
71813018,1.09,0.145,-0.368,-24.977,-19.786,-37.863,31.07
71825103,1.067,0.175,-0.392,-23.924,-19.099,-37.847,31.02
71835331,1.067,0.214,-0.401,-23.588,-21.053,-38.198,31.02
71843723,1.079,0.218,-0.418,-26.809,-21.466,-40.443,30.98
71850577,1.098,0.167,-0.4,-27.817,-21.527,-40.0,31.02
71868931,1.084,0.171,-0.413,-27.634,-21.847,-37.328,31.07
71880128,1.071,0.209,-0.382,-29.695,-20.885,-35.649,31.02
71885164,1.091,0.208,-0.355,-33.328,-18.137,-36.794,30.98
71895666,1.088,0.183,-0.391,-33.756,-14.656,-36.992,31.02
71907090,1.068,0.181,-0.385,-31.176,-12.458,-36.748,31.07
71913231,1.003,0.252,-0.451,-29.878,-14.55,-37.42,30.98
71929019,0.993,0.252,-0.446,-29.863,-19.115,-39.16,31.02
71940582,1.038,0.277,-0.401,-31.679,-22.015,-41.053,31.07
71945116,1.042,0.258,-0.383,-33.466,-22.489,-39.771,31.12
71951020,1.099,0.266,-0.354,-34.748,-17.832,-39.191,31.07
71963567,1.113,0.238,-0.363,-35.786,-10.107,-39.069,31.12
71976838,1.041,0.242,-0.359,-39.924,-8.397,-36.87,31.07
71985249,1.078,0.228,-0.32,-38.458,-0.275,-37.328,31.02
71995713,0.989,0.232,-0.372,-34.87,1.832,-36.702,30.98
72007488,0.905,0.244,-0.456,-27.221,-4.885,-34.824,31.07
72013754,0.958,0.267,-0.452,-18.015,-11.786,-35.16,31.02
72027577,1.005,0.343,-0.417,-12.977,-12.0,-39.756,31.07
72035484,1.046,0.395,-0.371,-12.855,-8.87,-42.26,31.02
72044343,1.09,0.396,-0.399,-19.298,-4.321,-45.053,31.07
72052070,1.071,0.358,-0.339,-24.427,0.305,-42.519,31.07
72068091,1.009,0.372,-0.425,-27.725,3.298,-39.099,30.98
72076762,0.982,0.359,-0.427,-29.053,-0.107,-35.71,31.12
72085759,1.011,0.372,-0.43,-26.137,-1.45,-34.748,31.02
72092126,1.029,0.365,-0.484,-23.115,-2.122,-36.092,30.98
72107621,1.027,0.377,-0.417,-18.992,-1.328,-37.374,31.02
72113767,1.031,0.442,-0.438,-18.885,0.779,-38.931,31.07
72125731,1.003,0.475,-0.436,-22.931,1.099,-40.687,31.12
72136061,1.024,0.426,-0.439,-26.107,1.191,-42.336,30.88
72144272,1.0,0.409,-0.428,-27.634,0.855,-40.977,31.07
72153838,1.017,0.421,-0.419,-29.756,2.183,-42.168,30.98
72160930,1.071,0.371,-0.372,-28.336,6.443,-43.359,31.02
72175895,0.98,0.418,-0.394,-26.153,10.84,-44.794,31.02
72185773,0.956,0.453,-0.404,-24.809,9.038,-45.969,30.98
72196328,0.943,0.455,-0.438,-23.038,5.588,-48.137,31.02
72207139,0.87,0.512,-0.439,-23.527,-2.855,-49.191,31.07
72213351,1.001,0.531,-0.392,-25.756,-6.29,-54.153,31.02
72224937,0.993,0.49,-0.369,-26.382,-5.511,-56.214,31.07
72239261,1.025,0.491,-0.36,-26.626,-2.382,-57.527,30.98
72243343,1.03,0.478,-0.345,-27.573,1.115,-58.382,31.07
72249982,0.967,0.507,-0.353,-28.687,3.603,-58.626,30.98
72273010,0.967,0.519,-0.383,-29.695,3.588,-59.573,31.02
72282622,0.898,0.501,-0.406,-30.168,-1.145,-58.427,31.07
72284424,0.932,0.511,-0.39,-28.382,-4.305,-57.42,31.02
72294709,0.93,0.518,-0.393,-27.893,-6.84,-57.618,30.98
72307298,0.958,0.555,-0.352,-28.305,-6.122,-59.252,31.02
72312909,0.951,0.594,-0.368,-30.107,-2.351,-61.847,31.07
72327224,0.946,0.557,-0.362,-32.519,0.015,-63.496,31.07
72335031,0.898,0.572,-0.337,-35.145,1.221,-63.16,31.07
72345077,0.891,0.559,-0.37,-35.435,0.641,-61.786,31.02
72351590,0.831,0.558,-0.388,-37.435,-2.885,-60.076,31.02
72367856,0.87,0.553,-0.333,-37.679,-3.542,-58.336,31.07
72382926,0.886,0.558,-0.299,-35.496,-0.153,-57.435,31.12
72385067,0.789,0.579,-0.324,-33.374,-0.84,-55.237,31.07
72392466,0.796,0.613,-0.357,-31.206,-2.229,-55.435,31.02
72411152,0.779,0.618,-0.366,-31.511,-4.305,-56.992,30.98
72414701,0.762,0.634,-0.36,-32.168,-4.351,-56.031,31.07
72427981,0.755,0.665,-0.329,-31.771,-7.756,-57.038,30.98
72435662,0.788,0.678,-0.32,-35.176,-9.176,-59.573,31.12
72444156,0.775,0.615,-0.293,-32.84,-9.466,-56.427,31.07
72452609,0.782,0.618,-0.248,-32.992,-9.695,-52.458,31.07
72467922,0.788,0.633,-0.238,-29.664,-4.977,-50.687,31.02
72481818,0.718,0.671,-0.284,-26.809,-4.763,-49.725,31.07
72487342,0.692,0.69,-0.276,-23.496,-8.153,-48.779,31.12
72493388,0.654,0.777,-0.354,-24.595,-14.779,-51.893,31.07
72507568,0.692,0.802,-0.32,-27.817,-22.336,-55.847,30.98
72515316,0.72,0.794,-0.266,-28.748,-25.008,-53.45,31.07
72525662,0.786,0.737,-0.291,-26.092,-23.542,-51.206,31.02
72535132,0.764,0.708,-0.257,-26.794,-22.0,-49.16,31.12
72544559,0.802,0.682,-0.246,-28.611,-16.626,-45.45,31.07
72553322,0.747,0.704,-0.228,-28.489,-10.656,-40.443,31.02
72560077,0.686,0.734,-0.262,-29.084,-9.908,-34.443,31.07
72578273,0.686,0.719,-0.297,-30.29,-9.13,-30.687,31.02
72586622,0.649,0.727,-0.24,-28.87,-10.718,-27.832,31.07
72592399,0.659,0.741,-0.297,-26.244,-8.977,-27.466,31.07
72608812,0.639,0.729,-0.269,-22.366,-9.466,-27.695,30.98
72614799,0.63,0.752,-0.253,-17.893,-9.557,-27.298,31.02
72625324,0.591,0.81,-0.291,-15.328,-13.145,-25.771,31.02
72634281,0.609,0.835,-0.269,-16.656,-15.634,-27.42,31.07
72643297,0.628,0.843,-0.255,-15.099,-17.115,-23.893,31.12
72653940,0.632,0.812,-0.254,-15.374,-17.588,-18.656,31.07
72660709,0.667,0.798,-0.241,-15.435,-16.031,-14.672,31.12
72678739,0.689,0.756,-0.237,-14.534,-13.16,-9.069,30.98
72686532,0.657,0.755,-0.209,-13.221,-9.847,-3.527,30.98
72692912,0.674,0.754,-0.215,-9.725,-4.519,0.443,31.07
72708703,0.624,0.794,-0.222,-7.176,-3.069,3.527,31.07
72713710,0.613,0.804,-0.283,-2.962,-2.412,4.58,31.12
72724695,0.558,0.785,-0.306,2.382,-6.458,6.153,31.07
72735256,0.602,0.803,-0.317,5.74,-12.733,6.382,31.02
72744587,0.65,0.775,-0.304,8.901,-14.305,4.565,31.07
72751420,0.688,0.828,-0.255,9.359,-13.221,4.473,31.02
72769077,0.706,0.827,-0.264,8.015,-10.076,5.45,31.07
72780855,0.728,0.82,-0.236,6.046,-6.672,7.969,30.98
72785864,0.692,0.809,-0.282,4.87,-4.137,11.511,31.02
72792307,0.694,0.797,-0.288,4.29,-3.573,15.282,31.07
72805374,0.701,0.789,-0.29,5.267,-1.588,17.237,31.12
72812941,0.712,0.795,-0.281,5.588,0.031,18.244,31.07
72825348,0.706,0.792,-0.281,6.733,3.069,17.924,31.02
72835749,0.688,0.814,-0.297,6.962,4.824,17.847,31.07
72843808,0.624,0.847,-0.353,5.832,1.313,16.687,31.02
72850366,0.637,0.857,-0.34,4.611,-5.344,16.198,31.07
72862867,0.69,0.824,-0.348,5.939,-7.389,13.023,31.07
72876725,0.703,0.79,-0.331,7.359,-9.359,10.855,30.93
72883868,0.716,0.818,-0.347,7.359,-9.313,9.13,30.98
72894109,0.711,0.866,-0.328,4.489,-8.305,9.557,31.02
72906755,0.749,0.773,-0.314,3.649,-4.412,8.885,30.98
72912189,0.751,0.755,-0.293,1.359,-0.779,10.87,31.02
72925162,0.733,0.728,-0.31,-0.443,2.84,13.023,30.98
72935496,0.695,0.743,-0.335,-0.87,4.153,14.489,31.02
72943045,0.689,0.756,-0.344,0.458,3.328,14.412,31.12
72954169,0.672,0.733,-0.391,1.176,-0.382,13.344,31.07
72961634,0.679,0.698,-0.387,4.244,-0.29,9.863,31.02
72975130,0.71,0.726,-0.337,4.702,0.214,7.435,31.17
72983416,0.69,0.722,-0.352,4.565,0.947,8.183,31.12
72994660,0.729,0.7,-0.3,4.031,2.702,10.458,31.07
73003850,0.734,0.661,-0.309,3.466,5.878,14.916,31.12
73014927,0.74,0.642,-0.286,3.466,8.748,20.626,31.07
73022704,0.75,0.661,-0.28,3.725,12.626,25.679,30.98
73034418,0.705,0.696,-0.329,4.534,13.679,29.802,31.02
73042656,0.674,0.715,-0.371,5.466,9.985,31.282,30.98
73053451,0.693,0.698,-0.381,7.847,4.0,31.74,31.12
73060638,0.748,0.704,-0.365,11.847,1.282,31.038,30.98
73075159,0.786,0.729,-0.346,13.191,2.382,28.473,31.02
73082399,0.784,0.76,-0.344,12.611,4.534,25.328,30.98
73096180,0.786,0.777,-0.361,10.336,4.229,23.725,31.02
73110673,0.816,0.76,-0.365,8.748,5.16,21.389,31.02
73117501,0.795,0.751,-0.397,8.122,4.473,20.672,31.17
73124362,0.809,0.72,-0.396,7.511,1.71,19.878,31.02
73136777,0.843,0.729,-0.369,7.053,2.046,18.763,31.07
73142821,0.832,0.737,-0.375,4.0,2.382,18.061,31.12
73152252,0.874,0.723,-0.344,0.092,5.847,16.351,31.07
73164743,0.85,0.695,-0.357,-2.351,8.977,15.511,31.12
73181866,0.821,0.673,-0.373,-3.588,8.733,14.992,31.07
73188118,0.802,0.655,-0.381,-3.298,6.824,14.092,31.07
73192904,0.797,0.66,-0.357,-3.023,4.748,12.977,31.12
73204740,0.816,0.652,-0.352,-4.382,4.718,9.954,31.07
73216595,0.832,0.605,-0.315,-3.71,6.198,8.947,31.02
73223991,0.787,0.616,-0.301,-2.458,8.137,10.183,30.98
73233846,0.767,0.65,-0.284,-2.794,7.282,11.13,31.07
73247549,0.76,0.666,-0.292,-3.221,6.626,12.687,31.07
73251687,0.749,0.649,-0.293,-1.481,4.565,16.321,31.02
73263550,0.752,0.669,-0.315,1.405,2.885,18.489,31.07
73282067,0.779,0.675,-0.327,5.496,0.794,19.359,31.07
73287734,0.781,0.695,-0.306,7.511,0.244,20.763,30.93
73292703,0.793,0.708,-0.305,9.038,-0.031,21.221,31.07
73304778,0.827,0.71,-0.296,9.527,1.557,22.0,31.12
73319751,0.828,0.671,-0.294,10.702,4.061,23.13,30.98
73324359,0.823,0.669,-0.327,13.13,4.687,26.305,30.98
73336773,0.82,0.671,-0.336,13.832,4.443,27.817,31.07
73344614,0.824,0.649,-0.332,15.008,5.053,28.916,31.02
73354598,0.854,0.635,-0.346,17.573,6.031,30.519,31.12
73361982,0.875,0.603,-0.337,20.748,8.321,31.832,31.17
73376575,0.867,0.621,-0.323,22.595,10.611,33.008,31.02
73389164,0.877,0.63,-0.306,22.122,14.0,33.511,30.98
73394573,0.86,0.634,-0.311,22.168,16.901,34.855,31.02
73404684,0.853,0.601,-0.322,22.107,18.458,35.679,31.07
73414857,0.84,0.556,-0.325,24.046,19.267,37.939,31.07
73422574,0.848,0.546,-0.328,27.664,19.282,40.824,31.07
73434484,0.804,0.562,-0.333,30.855,16.504,43.603,30.98
73445342,0.851,0.571,-0.307,32.58,15.206,43.374,31.12
73452990,0.825,0.567,-0.326,35.023,15.328,44.595,31.07
73464786,0.817,0.593,-0.314,34.29,13.924,41.206,31.12
73476830,0.868,0.571,-0.312,35.298,16.489,38.107,31.07
73486723,0.847,0.553,-0.309,35.649,15.786,38.947,31.02
73493865,0.868,0.514,-0.309,37.45,15.374,40.031,30.98
73504444,0.845,0.522,-0.34,40.641,13.634,44.0,30.98
73513954,0.871,0.516,-0.35,42.29,10.321,45.985,31.07
73523612,0.865,0.516,-0.33,44.687,8.901,47.832,31.07
73534604,0.892,0.546,-0.365,46.748,6.489,49.038,31.12
73544449,0.907,0.523,-0.382,46.901,6.427,48.534,31.07
73552476,0.954,0.493,-0.359,47.603,7.679,48.809,31.02
73562768,0.959,0.46,-0.37,49.038,10.718,49.863,31.07
73570682,0.935,0.43,-0.409,49.924,8.504,53.649,31.02
73588169,0.948,0.431,-0.408,51.74,8.26,55.511,31.07
73595571,0.934,0.438,-0.427,53.328,7.527,56.504,31.07
73605918,0.931,0.434,-0.465,53.802,4.87,55.435,31.02
73616948,0.963,0.432,-0.453,53.817,2.947,54.977,31.07
73622444,0.954,0.442,-0.462,50.977,1.405,53.206,31.02
73636395,1.012,0.388,-0.447,46.641,0.733,51.847,31.07
73644188,1.035,0.341,-0.413,45.725,4.656,53.252,31.02
73654042,0.974,0.373,-0.47,44.397,5.252,55.496,31.07
73661070,0.958,0.364,-0.466,41.786,3.252,55.664,31.12
73676582,0.957,0.353,-0.472,40.061,0.107,54.672,31.17
73688323,0.946,0.346,-0.485,38.366,-2.58,54.305,31.07
73693669,0.937,0.351,-0.491,36.321,-6.504,53.069,31.02
73705304,0.992,0.303,-0.501,34.397,-9.817,52.076,31.17
73716913,0.994,0.262,-0.463,34.595,-10.687,52.962,30.93
73725352,0.987,0.297,-0.464,34.305,-10.336,53.405,31.07
73736939,0.967,0.313,-0.471,32.351,-11.435,53.16,31.02
73744415,0.986,0.3,-0.47,30.672,-11.679,52.137,31.07
73752017,0.973,0.276,-0.474,29.069,-13.725,53.466,31.12
73763604,1.024,0.229,-0.471,29.313,-13.954,53.573,31.02
73770463,1.006,0.198,-0.484,29.939,-12.977,55.481,31.17
73788223,1.049,0.208,-0.464,30.977,-9.008,55.023,31.12
73793505,1.011,0.219,-0.479,31.389,-7.298,55.634,31.17
73804776,0.975,0.235,-0.481,30.229,-8.962,57.74,30.93
73817662,0.988,0.234,-0.488,28.794,-11.267,58.672,31.07
73823011,0.989,0.215,-0.502,28.107,-13.45,59.42,31.12
73834724,1.016,0.185,-0.5,29.206,-14.061,59.328,31.07
73845470,1.041,0.162,-0.518,30.718,-11.389,57.252,31.07
73853815,1.042,0.131,-0.514,32.244,-9.206,57.069,31.02
73860484,1.07,0.139,-0.494,34.015,-3.908,55.557,30.98
73882510,1.021,0.14,-0.492,34.336,0.214,54.931,30.93
73890422,0.976,0.158,-0.51,33.985,0.382,55.359,31.07
73895953,0.974,0.141,-0.519,32.214,-2.534,55.969,31.02
73902509,1.015,0.095,-0.514,32.855,-2.809,55.221,31.07
73914614,0.997,0.079,-0.519,34.656,-1.863,55.969,31.02
73924505,0.991,0.101,-0.553,34.321,-2.534,54.916,31.07
73934935,1.017,0.068,-0.547,33.786,-3.145,54.931,31.07
73944064,1.019,0.062,-0.513,33.435,-1.389,54.748,31.02
73954905,1.022,0.056,-0.52,32.214,0.168,55.176,31.07
73963659,1.028,0.036,-0.52,32.153,1.618,54.29,31.02
73970704,1.01,0.039,-0.533,32.901,3.542,53.481,31.07
73986802,0.997,0.048,-0.56,34.031,2.702,52.092,31.02
73992517,1.028,0.005,-0.553,33.649,2.611,50.565,31.07
74003650,1.024,-0.0,-0.535,34.702,3.924,50.901,31.02
74017305,0.986,0.014,-0.569,32.672,1.634,52.489,31.07
74025642,1.046,-0.026,-0.52,30.809,1.252,54.458,31.07
74032431,1.056,-0.073,-0.506,31.435,4.153,54.962,31.12
74045422,1.018,-0.049,-0.517,32.397,6.336,58.58,31.07
74055729,1.011,-0.025,-0.528,30.824,6.687,57.802,31.02
74062991,0.994,-0.063,-0.533,30.321,5.176,58.55,30.98
74073922,1.006,-0.094,-0.536,30.198,4.489,59.725,31.12
74086263,0.984,-0.107,-0.529,30.137,3.252,61.099,31.07
74102084,1.045,-0.113,-0.484,31.893,5.481,62.092,31.02
74104002,1.03,-0.122,-0.507,33.145,8.519,61.16,31.12
74114492,1.01,-0.176,-0.499,34.137,8.87,63.679,31.07
74125578,0.995,-0.136,-0.498,34.244,9.924,64.198,31.02
74133337,0.966,-0.147,-0.5,33.924,7.435,66.489,31.07
74145780,0.965,-0.137,-0.503,32.137,4.397,65.969,31.12
74156499,0.979,-0.192,-0.499,31.16,1.786,66.779,31.07
74165176,1.037,-0.272,-0.466,31.786,2.947,67.939,31.02
74171491,1.05,-0.279,-0.449,35.893,9.42,71.817,31.07
74183967,0.978,-0.206,-0.481,34.87,12.641,71.053,31.02
74197199,0.96,-0.265,-0.487,32.473,8.336,71.802,31.12
74205571,0.979,-0.29,-0.449,33.771,8.855,73.496,31.07
74211986,0.944,-0.268,-0.488,32.718,7.313,72.595,31.12
74226460,0.974,-0.308,-0.487,33.359,6.412,71.649,30.98
74232033,1.004,-0.352,-0.487,34.855,8.55,71.359,31.02
74246080,0.988,-0.353,-0.467,36.611,10.748,73.069,31.07
74258651,1.006,-0.327,-0.444,37.069,13.466,73.725,31.12
74262978,0.965,-0.338,-0.464,34.901,13.45,72.763,31.02
74273789,0.974,-0.357,-0.424,34.656,14.427,73.588,31.07
74280888,0.941,-0.35,-0.468,33.237,13.771,73.863,31.12
74298815,0.977,-0.415,-0.433,33.603,13.435,75.13,31.07
74304103,0.997,-0.447,-0.402,36.84,17.985,75.771,31.12
74315896,0.961,-0.439,-0.43,38.687,20.458,77.206,31.07
74328484,0.922,-0.449,-0.449,40.229,19.496,79.573,31.07
74333924,0.923,-0.43,-0.421,41.679,19.328,79.527,31.07
74345426,0.913,-0.435,-0.419,40.031,17.252,77.282,31.02
74353231,0.906,-0.465,-0.403,39.45,14.55,77.832,31.02
74363659,0.961,-0.523,-0.403,40.87,15.466,77.496,31.07
74370483,0.944,-0.538,-0.356,43.389,19.313,79.649,31.02
74386323,0.95,-0.517,-0.366,44.397,23.405,79.344,30.98
74395359,0.947,-0.548,-0.362,44.626,24.977,79.985,31.02
74402610,0.897,-0.533,-0.405,45.725,26.336,80.641,30.98
74414650,0.848,-0.556,-0.397,43.618,19.679,82.397,30.98
74427586,0.893,-0.622,-0.388,42.534,15.252,84.0,31.07
74434031,0.932,-0.692,-0.324,45.664,16.824,86.763,31.07
74447241,0.906,-0.618,-0.292,46.947,22.992,84.534,31.12
74455473,0.891,-0.638,-0.348,46.84,25.74,81.939,31.07
74461652,0.868,-0.682,-0.333,48.992,27.588,82.366,31.02
74472458,0.806,-0.668,-0.347,48.916,25.084,82.534,30.98
74487525,0.799,-0.713,-0.383,45.481,17.069,83.405,31.02
74495426,0.862,-0.756,-0.304,45.725,15.618,85.099,31.17
74504717,0.891,-0.713,-0.264,46.183,20.427,83.069,30.98
74518076,0.88,-0.712,-0.272,46.687,25.359,82.275,31.02
74524767,0.865,-0.742,-0.262,46.519,29.405,80.351,31.07
74532189,0.82,-0.739,-0.272,47.557,32.229,80.229,31.12
74543673,0.753,-0.731,-0.313,46.321,27.802,79.878,30.98
74555089,0.719,-0.777,-0.332,42.779,16.748,82.87,31.12
74562230,0.767,-0.801,-0.287,39.664,8.977,85.74,31.17
74574658,0.773,-0.774,-0.249,39.542,8.702,85.481,31.12
74588168,0.766,-0.824,-0.27,39.099,9.679,84.122,31.12
74597015,0.8,-0.834,-0.191,40.824,14.183,83.069,30.98
74603519,0.765,-0.823,-0.206,42.55,17.282,82.733,31.02
74615153,0.752,-0.833,-0.196,43.939,19.084,81.908,31.07
74624149,0.701,-0.813,-0.208,45.115,19.924,83.237,31.12
74634849,0.698,-0.833,-0.24,43.374,16.153,84.595,30.98
74644093,0.693,-0.864,-0.197,42.076,12.092,88.0,31.02
74654481,0.697,-0.865,-0.17,42.061,11.176,88.534,31.02
74664400,0.667,-0.893,-0.183,41.557,9.924,89.069,31.07
74672822,0.691,-0.927,-0.126,43.542,10.672,88.58,31.02
74687378,0.632,-0.89,-0.117,46.061,13.221,88.626,31.07
74695634,0.571,-0.893,-0.179,45.023,7.985,89.481,31.02
74705944,0.574,-0.934,-0.125,44.595,5.359,90.321,30.98
74716995,0.562,-0.939,-0.162,44.046,2.092,91.16,31.12
74723031,0.6,-1.036,-0.188,42.87,-1.817,92.153,31.12
74736776,0.611,-1.053,-0.107,44.153,-0.061,92.718,31.07
74749380,0.566,-1.001,-0.087,45.099,4.412,89.359,31.12
74754862,0.533,-0.963,-0.066,43.969,8.198,87.252,31.07
74761461,0.545,-1.0,-0.088,43.008,10.504,84.595,31.12
74776986,0.506,-1.008,-0.086,42.885,11.053,85.053,31.07
74785122,0.495,-1.018,-0.115,41.557,8.244,85.435,31.07
74794589,0.485,-1.034,-0.099,39.511,5.282,87.527,31.12
74804931,0.529,-1.042,-0.038,40.168,6.183,87.511,31.07
74815889,0.506,-1.016,-0.057,40.885,8.504,86.611,31.02
74821139,0.47,-1.006,-0.052,41.511,9.832,86.122,31.17
74837630,0.421,-0.965,-0.063,41.786,10.046,85.954,31.02
74850663,0.429,-0.984,-0.038,41.496,7.954,84.977,31.07
74852532,0.439,-1.001,-0.031,39.985,7.176,84.076,31.02
74864309,0.418,-0.986,-0.002,39.573,7.847,84.214,31.02
74881742,0.424,-1.013,-0.016,38.565,8.947,82.214,31.07
74888371,0.422,-1.046,-0.002,39.221,10.489,81.221,31.02
74894031,0.436,-1.072,-0.009,41.786,13.481,80.092,31.17
74914066,0.412,-1.073,0.004,44.687,15.832,78.519,31.12
74918871,0.358,-1.041,-0.002,46.901,17.069,77.084,31.07
74924209,0.296,-1.03,0.007,46.305,12.931,74.84,31.02
74935359,0.318,-1.037,0.017,43.924,7.802,73.084,31.02
74943041,0.332,-1.027,0.052,42.885,9.252,70.427,31.07
74954648,0.319,-1.021,0.068,40.58,10.885,66.076,31.12
74961791,0.343,-1.011,0.065,37.634,12.412,65.374,31.07
74975001,0.325,-1.087,0.105,37.221,15.282,60.061,31.12
74983356,0.285,-1.104,0.064,38.046,16.916,59.573,31.07
74993465,0.261,-1.127,0.026,39.634,15.359,61.802,31.12
75007159,0.265,-1.103,0.072,42.0,16.29,61.664,31.02
75015935,0.201,-1.068,0.03,40.84,14.305,61.756,31.07
75022716,0.233,-1.091,0.048,37.985,8.443,59.252,31.02
75035653,0.262,-1.081,0.112,37.145,11.084,56.565,30.98
75045988,0.246,-1.063,0.112,36.519,14.809,55.328,31.12
75052293,0.175,-1.018,0.134,34.275,18.122,53.695,31.07
75065596,0.172,-1.005,0.115,30.641,17.344,50.29,31.07
75077679,0.161,-1.025,0.086,27.847,15.664,47.313,31.07
75084996,0.123,-1.035,0.073,24.473,11.053,47.527,31.07
75093798,0.145,-1.029,0.078,20.901,6.26,45.542,31.02
75110515,0.192,-1.029,0.098,19.924,6.855,42.718,31.07
75115663,0.194,-1.024,0.108,19.282,8.122,40.595,31.02
75131642,0.193,-1.02,0.127,17.924,8.565,38.885,31.07
75140398,0.183,-1.021,0.095,17.008,9.084,35.481,31.02
75149032,0.126,-1.009,0.078,13.084,2.321,36.519,31.07
75151644,0.209,-1.031,0.109,10.794,0.489,36.305,31.07
75162737,0.21,-1.009,0.119,10.305,3.634,35.344,31.02
75169948,0.181,-0.986,0.113,8.611,2.962,32.718,31.07
75188672,0.176,-0.949,0.125,5.527,1.878,28.916,31.02
75194019,0.199,-0.966,0.124,2.55,0.473,25.053,30.98
75209012,0.222,-1.01,0.149,-0.229,0.366,21.313,31.12
75220693,0.193,-1.007,0.155,-2.321,0.641,18.947,31.07
75222906,0.164,-1.027,0.14,-3.878,-0.992,16.397,31.12
75236895,0.119,-1.012,0.123,-5.359,-3.069,15.176,31.02
75244926,0.14,-1.028,0.148,-5.588,-5.313,13.13,31.07
75254536,0.108,-1.047,0.094,-4.84,-4.824,12.611,31.02
75261122,0.05,-1.012,0.128,-3.511,-6.611,13.542,30.98
75277238,0.068,-1.019,0.162,-4.275,-8.962,11.237,31.12
75287274,0.078,-1.05,0.176,-4.885,-9.893,9.42,31.07
75295486,0.068,-1.045,0.173,-5.374,-9.038,8.412,31.12
75302502,0.052,-1.01,0.179,-5.863,-8.656,6.153,31.07
75320507,0.014,-0.988,0.166,-7.847,-12.504,4.107,30.98
75325265,0.051,-1.015,0.15,-7.969,-14.748,3.115,31.02
75332158,0.08,-1.0,0.151,-5.389,-12.763,3.084,30.98
75347191,0.073,-0.961,0.142,-3.985,-11.756,2.809,31.02
75355374,0.075,-0.955,0.156,-4.458,-12.626,2.26,31.07
75363927,0.107,-0.945,0.16,-5.16,-12.397,1.45,31.12
75371001,0.111,-0.958,0.15,-6.26,-11.115,0.198,31.07
75387980,0.11,-0.982,0.159,-6.443,-8.794,-0.885,31.02
75394537,0.107,-0.977,0.153,-5.573,-5.359,-1.115,31.12
75404491,0.08,-0.973,0.13,-4.351,-2.656,-1.603,31.07
75419762,0.063,-0.977,0.145,-3.221,-1.115,-1.664,31.12
75425219,0.084,-0.96,0.145,-1.939,2.397,-1.985,30.98
75432016,0.084,-0.961,0.131,-1.588,5.252,-2.382,31.12
75443670,0.068,-0.968,0.147,-1.176,7.557,-1.466,31.07
75454737,0.046,-0.973,0.159,-1.771,9.13,-1.053,31.02
75461688,0.039,-0.987,0.161,-2.046,10.336,-1.115,31.02
75474076,0.047,-1.0,0.168,-1.45,12.977,-0.183,31.07
75488508,0.011,-0.98,0.161,-0.595,13.725,0.046,31.12
75496728,0.003,-0.995,0.138,-0.137,12.931,0.076,31.17
75503197,0.033,-1.018,0.158,1.725,13.099,1.435,31.02
75515599,0.04,-0.979,0.155,3.466,15.206,2.855,31.17
75523876,0.023,-0.979,0.169,3.344,15.267,3.573,31.17
75534687,0.046,-0.983,0.181,2.641,15.695,3.664,31.07
75544680,0.029,-0.969,0.181,2.015,17.069,3.084,31.07
75553644,0.015,-0.954,0.191,0.702,16.443,2.076,31.02
75560435,0.024,-0.965,0.164,-1.542,14.611,1.176,31.07
75577615,0.024,-0.974,0.176,-1.878,13.74,0.489,31.12
75588222,0.045,-0.977,0.157,-1.557,13.954,0.015,31.07
75595931,0.058,-0.977,0.15,-0.962,13.786,0.107,31.12
75602786,0.07,-0.98,0.159,0.137,15.328,0.885,31.07
75616590,0.069,-0.978,0.153,0.153,15.359,1.099,31.07
75622380,0.068,-0.982,0.161,-0.305,14.198,0.947,31.12
75636076,0.058,-0.96,0.185,-1.939,13.985,-0.122,31.07
75644938,0.056,-0.948,0.178,-4.565,12.519,-2.107,31.02
75653287,0.058,-0.961,0.162,-6.198,12.397,-3.374,31.17
75663997,0.056,-0.954,0.16,-7.191,11.282,-3.313,31.12
75671198,0.034,-0.977,0.154,-7.985,8.122,-4.473,31.07
75689104,0.054,-0.977,0.141,-7.466,7.496,-4.977,31.12
75693984,0.051,-0.983,0.158,-6.397,6.931,-5.099,31.02
75704883,0.042,-0.979,0.167,-6.107,6.168,-5.481,31.07
75715836,0.05,-0.989,0.179,-5.969,5.252,-5.374,31.12
75724606,0.044,-0.977,0.188,-6.229,6.26,-6.015,30.98
75735255,0.025,-0.979,0.169,-6.824,5.863,-6.0,31.02
75746761,0.027,-0.997,0.18,-6.977,6.015,-5.832,31.07
75751047,0.015,-0.984,0.165,-6.504,5.374,-5.42,31.02
75762778,0.028,-0.976,0.181,-6.84,4.443,-5.069,31.02
75768301,0.029,-0.987,0.174,-6.366,4.473,-5.206,31.17
75784144,0.021,-0.975,0.179,-5.969,3.359,-5.145,30.93
75794627,0.034,-0.981,0.162,-5.496,3.664,-4.977,30.98
75809302,0.046,-0.998,0.174,-4.137,4.931,-4.183,31.12
75817412,0.044,-0.982,0.166,-3.603,6.443,-3.527,30.98
75822473,0.03,-0.982,0.182,-4.046,6.733,-3.405,31.12
75836572,0.03,-0.978,0.171,-4.0,7.481,-3.099,31.02
75845684,0.024,-0.981,0.166,-4.046,7.847,-3.16,31.07
75853409,0.043,-0.988,0.183,-3.542,9.13,-3.817,31.02
75860727,0.017,-0.985,0.156,-3.008,9.237,-3.542,31.07
75874768,0.039,-0.99,0.181,-2.779,9.145,-3.16,31.21
75884607,0.026,-0.982,0.165,-1.832,10.122,-3.069,31.07
75894540,0.011,-0.97,0.154,-2.473,8.962,-2.397,31.07
75906574,0.042,-0.969,0.189,-2.153,9.282,-2.366,31.07
75915401,0.036,-0.962,0.178,-2.168,10.504,-2.824,31.17
75925553,0.043,-0.962,0.182,-3.023,10.382,-3.389,31.02
75934340,0.051,-0.967,0.172,-3.466,11.481,-4.519,31.07
75945126,0.025,-0.973,0.176,-3.725,12.137,-4.87,31.12
75951411,0.019,-0.98,0.176,-3.954,11.42,-5.145,31.07
75964201,0.018,-0.989,0.161,-3.206,9.893,-4.992,31.12
75977355,0.058,-0.987,0.168,-1.725,10.962,-4.565,31.07
75987325,0.043,-0.968,0.164,-0.321,12.977,-4.519,31.17
75993279,0.028,-0.956,0.166,-0.931,12.397,-4.443,31.02
76007031,0.046,-0.959,0.167,-1.756,11.878,-4.794,31.07
76013920,0.053,-0.958,0.192,-2.168,11.786,-5.069,31.02
76025257,0.033,-0.95,0.169,-2.824,11.191,-5.145,30.98
76032125,0.027,-0.956,0.156,-3.603,9.221,-5.145,31.12
76044122,0.06,-0.976,0.165,-3.038,9.664,-4.885,30.98
76054395,0.057,-0.965,0.165,-2.29,10.214,-4.061,31.12
76063243,0.054,-0.982,0.157,-2.275,10.168,-4.015,31.07
76077462,0.056,-0.986,0.165,-2.702,11.115,-3.969,31.17
76083312,0.044,-0.979,0.16,-3.221,10.809,-3.985,31.02
76093867,0.042,-0.987,0.163,-3.374,10.0,-3.649,31.07
76105506,0.023,-0.973,0.163,-3.71,7.664,-3.557,31.02
76113315,0.013,-0.996,0.143,-3.679,5.847,-2.824,31.07
76126979,0.044,-0.989,0.143,-2.702,4.794,-2.214,31.12
76134783,0.061,-0.994,0.163,-1.527,5.679,-2.351,31.07
76142588,0.029,-0.975,0.158,-1.863,4.855,-2.275,31.12
76152612,0.052,-0.966,0.168,-3.802,3.695,-2.473,31.12
76161475,0.047,-0.971,0.158,-4.412,2.733,-2.916,31.07
76178082,0.046,-0.966,0.164,-5.099,1.588,-2.916,31.02
76187902,0.055,-0.977,0.177,-5.374,1.099,-3.588,31.07
76192871,0.052,-0.985,0.156,-5.13,-0.427,-3.695,31.12
76210404,0.067,-0.99,0.163,-4.29,-0.901,-3.466,31.07
76215441,0.084,-0.981,0.166,-3.206,0.122,-2.824,31.12
76225938,0.061,-0.977,0.167,-2.672,0.534,-2.733,30.98
76239377,0.058,-0.979,0.17,-3.542,-0.87,-2.901,30.98
76246400,0.05,-0.971,0.163,-4.763,-2.061,-2.992,31.12
76251263,0.049,-0.97,0.162,-5.282,-2.992,-3.756,31.07
76262732,0.046,-0.971,0.167,-6.29,-4.153,-4.412,31.02
76278771,0.028,-0.977,0.156,-7.359,-6.748,-4.656,31.07
76286561,0.034,-0.998,0.161,-7.099,-8.473,-4.519,31.12
76295282,0.079,-1.0,0.144,-6.061,-8.076,-4.336,31.07
76304593,0.073,-0.989,0.166,-4.885,-5.832,-4.565,31.12
76317292,0.041,-0.966,0.153,-6.366,-6.198,-4.763,31.07
76322597,0.057,-0.98,0.161,-7.771,-7.237,-5.802,31.17
76335259,0.077,-0.981,0.162,-8.26,-6.229,-6.763,31.12
76346321,0.071,-0.98,0.168,-8.718,-5.924,-7.878,31.07
76353049,0.033,-0.985,0.154,-9.664,-7.313,-8.183,31.12
76360225,0.053,-0.99,0.124,-9.771,-8.763,-7.969,31.07
76379006,0.079,-0.986,0.143,-8.763,-7.206,-7.786,31.12
76384850,0.068,-0.979,0.154,-8.26,-5.481,-8.275,30.98
76393962,0.054,-0.97,0.148,-8.855,-4.992,-8.26,31.12
76408036,0.059,-0.966,0.145,-11.13,-6.504,-8.351,31.12
76415019,0.07,-0.98,0.133,-12.504,-5.985,-8.855,31.07
76426314,0.088,-0.992,0.119,-12.336,-5.374,-9.496,31.02
76433637,0.077,-1.001,0.137,-12.076,-4.611,-9.908,31.17
76443882,0.072,-0.979,0.145,-12.305,-3.527,-10.702,31.12
76450057,0.056,-0.974,0.126,-14.107,-4.107,-12.183,31.07
76463396,0.05,-0.966,0.145,-16.58,-6.0,-12.595,31.02
76475736,0.068,-0.962,0.107,-19.389,-6.656,-14.336,30.98
76486602,0.067,-0.993,0.086,-20.702,-7.756,-16.565,31.07
76494054,0.109,-0.994,0.086,-20.641,-7.511,-18.595,31.12
76508045,0.083,-1.0,0.095,-19.924,-8.962,-19.985,31.07
76513095,0.125,-1.015,0.131,-18.947,-8.092,-20.992,31.12
76525385,0.153,-0.997,0.137,-17.389,-5.496,-20.656,31.07
76535655,0.163,-0.995,0.109,-16.733,-2.992,-20.168,31.07
76544220,0.151,-0.989,0.127,-15.542,-2.137,-20.092,31.07
76551222,0.171,-1.018,0.113,-15.649,-1.282,-21.084,31.12
76568515,0.162,-1.053,0.096,-15.145,-1.344,-22.672,31.02
76577862,0.133,-1.027,0.112,-14.718,-0.29,-22.137,31.07
76585899,0.16,-1.023,0.105,-15.038,-1.786,-23.786,31.12
76592325,0.175,-1.046,0.119,-14.763,-0.458,-25.16,31.07
76608165,0.161,-1.036,0.079,-14.427,-0.84,-24.748,31.02
76613956,0.166,-1.038,0.084,-14.275,-2.244,-23.878,31.07
76623623,0.187,-1.036,0.082,-13.267,-0.718,-25.221,30.98
76635703,0.169,-1.009,0.082,-13.588,-1.634,-26.0,30.98
76641945,0.188,-1.014,0.085,-14.702,-1.649,-27.786,31.12
76652476,0.18,-1.015,0.073,-15.634,-2.382,-28.26,31.12
76666478,0.173,-0.99,0.063,-15.847,-1.542,-27.954,31.07
76675021,0.173,-1.007,0.074,-16.916,-2.595,-29.176,31.12
76684205,0.165,-1.008,0.074,-18.122,-3.817,-29.847,31.07
76701467,0.192,-1.028,0.069,-18.351,-4.656,-30.153,31.02
76709221,0.182,-1.011,0.083,-17.74,-4.168,-30.046,30.98
76711036,0.186,-1.006,0.068,-17.863,-4.947,-30.947,31.07
76727550,0.201,-1.003,0.066,-17.45,-5.16,-31.802,31.07
76736267,0.224,-0.991,0.063,-17.817,-4.641,-32.107,31.07
76742140,0.242,-1.023,0.058,-17.221,-2.031,-33.084,31.02
76753469,0.246,-1.034,0.076,-16.779,-0.336,-33.237,30.98
76770716,0.251,-1.023,0.063,-15.954,1.878,-33.985,31.02
76777299,0.242,-1.029,0.052,-15.374,2.473,-35.359,31.07
76784650,0.238,-1.032,0.046,-15.221,2.55,-36.824,31.02
76799496,0.223,-1.019,0.03,-15.695,-0.076,-37.328,30.98
76808273,0.266,-1.033,0.04,-15.985,-0.962,-37.099,31.07
76814049,0.248,-0.99,0.055,-16.534,-1.023,-37.084,31.07
76827481,0.278,-0.999,0.054,-19.115,-1.496,-39.282,30.98
76838439,0.289,-1.025,0.046,-19.786,0.015,-39.527,31.02
76843391,0.279,-1.024,0.023,-19.115,1.481,-38.55,31.07
76850155,0.28,-1.026,0.035,-17.695,2.794,-39.267,31.12
76868023,0.255,-0.992,0.004,-16.809,2.244,-39.237,31.17
76878846,0.258,-0.973,0.003,-18.153,-0.473,-38.931,31.02
76884075,0.293,-0.96,0.015,-18.321,-0.26,-38.84,31.07
76894693,0.318,-0.983,0.02,-19.191,0.55,-38.824,31.17
76905806,0.331,-0.981,0.034,-18.885,2.718,-39.038,31.12
76914266,0.335,-0.991,0.037,-19.832,3.405,-38.87,31.07
76925512,0.31,-1.0,-0.0,-20.015,3.893,-38.84,31.02
76933205,0.313,-1.017,-0.007,-18.55,4.031,-39.45,31.07
76944597,0.293,-1.0,0.01,-17.634,2.107,-38.611,31.02
76951490,0.311,-0.985,-0.004,-17.847,0.229,-37.603,30.98
76964542,0.345,-0.998,0.006,-17.679,-0.275,-37.42,31.02
76977030,0.365,-1.011,0.006,-17.802,0.107,-38.168,31.12
76984247,0.357,-1.005,0.015,-17.71,0.076,-36.473,31.07
76993899,0.36,-0.978,0.029,-18.733,0.153,-36.275,31.12
77006659,0.348,-0.975,0.01,-18.916,0.901,-37.756,31.07
77014614,0.353,-0.978,-0.009,-19.527,-0.076,-38.198,31.02
77027321,0.368,-0.975,0.008,-18.779,-0.061,-37.542,31.17
77035713,0.361,-0.974,-0.03,-18.229,-0.718,-36.0,31.02
77041010,0.351,-0.962,-0.024,-17.328,-2.702,-33.893,31.07
77052773,0.395,-0.967,-0.03,-16.55,-3.939,-33.863,31.17
77067983,0.403,-0.974,-0.006,-16.809,-4.809,-34.351,31.12
77077922,0.403,-0.944,-0.008,-17.802,-4.412,-34.137,31.07
77084116,0.394,-0.938,0.005,-18.84,-4.901,-34.611,31.12
77098491,0.408,-0.979,-0.015,-19.466,-4.092,-36.137,31.17
77105134,0.426,-0.998,-0.04,-19.847,-4.321,-36.626,31.12
77111696,0.372,-0.993,-0.058,-19.969,-6.29,-33.481,31.07
77124905,0.437,-0.998,-0.055,-19.405,-6.672,-32.595,31.07
77134932,0.406,-0.99,-0.036,-18.504,-6.733,-31.985,31.12
77140951,0.423,-0.98,-0.055,-18.443,-6.168,-33.313,31.07
77152996,0.422,-0.967,-0.015,-19.786,-6.244,-33.527,31.12
77167414,0.457,-0.975,-0.04,-20.916,-5.969,-33.42,30.98
77173634,0.437,-0.956,-0.038,-21.374,-5.908,-31.664,30.98
77184337,0.469,-0.96,-0.083,-23.084,-5.359,-32.076,31.07
77198889,0.479,-0.991,-0.056,-22.321,-3.863,-30.183,31.12
77203573,0.434,-0.959,-0.074,-20.763,-2.733,-27.634,31.12
77214756,0.445,-0.95,-0.081,-20.519,-3.069,-28.366,31.17
77226339,0.439,-0.936,-0.095,-19.588,-5.069,-27.725,31.02
77234577,0.461,-0.914,-0.055,-19.466,-6.244,-25.954,31.17
77241342,0.496,-0.912,-0.069,-20.198,-5.038,-26.137,31.02
77253497,0.52,-0.948,-0.074,-19.405,-3.435,-21.298,30.98
77265235,0.45,-0.894,-0.062,-20.031,-1.725,-24.916,31.17
77274682,0.503,-0.919,-0.084,-20.87,-3.481,-23.557,31.12
77285815,0.477,-0.928,-0.054,-19.435,-3.45,-21.466,31.07
77297021,0.478,-0.914,-0.102,-17.634,-3.405,-20.443,31.12
77303829,0.467,-0.904,-0.082,-16.214,-5.908,-17.573,31.07
77314810,0.492,-0.916,-0.079,-16.107,-6.076,-19.786,31.12
77325373,0.523,-0.928,-0.068,-15.45,-4.901,-17.695,31.17
77335258,0.508,-0.913,-0.072,-14.916,-2.672,-18.092,31.02
77341371,0.514,-0.923,-0.089,-14.916,-2.244,-16.779,31.12
77353559,0.496,-0.919,-0.085,-14.626,-1.481,-16.947,31.07
77365966,0.507,-0.938,-0.098,-13.771,-2.427,-17.069,31.02
77374388,0.512,-0.936,-0.109,-11.786,-2.779,-15.511,31.07
77380429,0.533,-0.934,-0.108,-10.244,-2.412,-15.847,31.12
77396340,0.548,-0.936,-0.114,-8.779,-1.74,-15.344,31.17
77406048,0.561,-0.901,-0.101,-9.252,-0.382,-15.435,31.12
77416505,0.555,-0.91,-0.087,-10.198,1.252,-16.153,31.07
77424204,0.555,-0.91,-0.081,-11.389,1.481,-17.237,31.07
77432797,0.523,-0.943,-0.131,-12.626,0.901,-18.214,31.02
77442706,0.565,-0.967,-0.126,-11.771,0.382,-18.443,31.07
77455412,0.563,-0.968,-0.134,-8.779,2.198,-17.802,31.12
77464179,0.584,-0.945,-0.123,-7.176,2.947,-16.443,31.07
77474013,0.572,-0.936,-0.134,-6.977,4.382,-17.969,31.12
77485713,0.578,-0.911,-0.108,-8.015,5.328,-18.519,31.07
77495271,0.556,-0.894,-0.129,-10.137,3.45,-19.725,31.02
77501265,0.581,-0.924,-0.141,-11.573,1.817,-21.42,31.12
77514651,0.615,-0.938,-0.12,-10.412,3.038,-21.649,30.98
77526438,0.616,-0.936,-0.121,-8.656,6.122,-21.74,31.12
77532158,0.594,-0.92,-0.132,-7.634,8.015,-22.443,31.07
77544160,0.597,-0.912,-0.143,-7.664,8.061,-23.099,31.02
77559968,0.549,-0.896,-0.187,-8.076,5.588,-21.389,31.17
77570148,0.598,-0.906,-0.134,-8.84,3.664,-21.786,31.12
77572383,0.615,-0.918,-0.138,-8.947,4.885,-21.573,31.17
77587317,0.612,-0.906,-0.12,-9.802,6.809,-21.863,31.07
77596015,0.592,-0.899,-0.143,-10.733,8.092,-23.466,31.12
77602600,0.598,-0.908,-0.144,-11.496,7.481,-24.748,31.07
77614684,0.606,-0.925,-0.166,-11.832,7.649,-26.58,31.12
77625277,0.559,-0.913,-0.17,-10.779,4.809,-23.115,31.07
77633429,0.613,-0.889,-0.147,-9.908,4.153,-22.29,31.07
77640479,0.604,-0.886,-0.156,-10.29,3.252,-23.466,31.07
77657414,0.667,-0.88,-0.151,-10.458,3.908,-24.763,31.07
77666854,0.647,-0.87,-0.143,-11.252,5.954,-25.328,31.02
77673251,0.707,-0.884,-0.118,-10.779,9.618,-26.519,31.17
77685471,0.65,-0.885,-0.16,-10.779,10.809,-27.221,31.21
77695960,0.649,-0.877,-0.147,-11.069,10.168,-26.901,31.07
77703601,0.616,-0.874,-0.159,-10.153,8.321,-26.0,31.12
77714693,0.645,-0.883,-0.165,-9.298,5.939,-24.382,31.07
77724049,0.681,-0.885,-0.161,-8.321,6.229,-25.206,30.98
77734742,0.668,-0.885,-0.154,-7.16,7.878,-24.763,31.02
77741901,0.669,-0.851,-0.136,-7.435,8.611,-25.069,31.07
77758222,0.686,-0.863,-0.144,-9.298,10.015,-27.115,31.02
77767506,0.679,-0.871,-0.139,-10.092,11.298,-27.924,31.17
77774315,0.639,-0.869,-0.183,-11.267,10.015,-28.122,31.02
77787916,0.67,-0.895,-0.146,-9.954,8.977,-26.519,30.98
77798496,0.671,-0.878,-0.161,-8.153,9.053,-24.198,31.12
77804841,0.665,-0.849,-0.156,-7.756,9.328,-24.351,31.02
77816348,0.663,-0.841,-0.162,-7.45,8.672,-25.481,31.07
77826895,0.688,-0.828,-0.148,-8.26,8.504,-25.359,31.02
77831421,0.701,-0.811,-0.134,-9.435,10.275,-25.771,31.07
77842871,0.704,-0.843,-0.147,-10.855,12.397,-27.282,31.02
77849915,0.658,-0.826,-0.158,-11.969,11.618,-26.26,31.17
77864822,0.658,-0.828,-0.137,-11.771,10.427,-25.053,31.12
77875931,0.682,-0.837,-0.153,-11.176,9.023,-25.176,31.12
77883693,0.67,-0.852,-0.178,-9.802,7.832,-24.122,31.07
77896810,0.735,-0.866,-0.112,-7.802,9.053,-24.321,31.02
77901697,0.716,-0.811,-0.156,-8.565,11.237,-24.885,31.17
77916622,0.72,-0.807,-0.14,-11.099,11.466,-25.695,31.07
77922037,0.72,-0.796,-0.133,-12.351,12.672,-25.511,31.07
77933034,0.705,-0.837,-0.174,-13.328,11.145,-25.038,31.02
77944029,0.708,-0.846,-0.177,-12.473,9.053,-23.038,31.02
77951024,0.743,-0.845,-0.169,-10.29,9.237,-22.015,30.98
77965237,0.746,-0.816,-0.131,-8.626,10.305,-21.176,31.02
77973388,0.724,-0.771,-0.152,-9.435,10.473,-21.099,31.07
77985206,0.752,-0.777,-0.144,-11.481,10.58,-23.084,31.12
77997884,0.742,-0.798,-0.166,-12.595,10.092,-23.099,31.17
78003885,0.695,-0.788,-0.187,-13.527,7.084,-20.992,31.07
78014404,0.761,-0.802,-0.155,-12.977,5.908,-20.244,31.12
78023351,0.744,-0.804,-0.18,-11.176,5.863,-18.779,30.98
78033917,0.754,-0.782,-0.157,-9.786,5.786,-18.534,31.02
78039738,0.747,-0.778,-0.151,-8.977,6.122,-18.794,31.07
78052112,0.781,-0.76,-0.147,-9.45,6.55,-18.855,31.12
78064553,0.77,-0.754,-0.151,-10.718,6.885,-19.588,31.07
78073487,0.755,-0.762,-0.177,-12.947,5.023,-19.679,31.12
78085359,0.743,-0.781,-0.188,-14.336,1.466,-18.595,31.02
78098588,0.776,-0.822,-0.173,-12.504,0.748,-17.664,31.07
78103366,0.778,-0.802,-0.129,-10.458,1.237,-15.817,31.02
78117833,0.776,-0.754,-0.161,-10.305,1.634,-15.802,31.17
78129975,0.791,-0.771,-0.156,-11.023,1.008,-16.183,31.12
78134793,0.793,-0.772,-0.154,-11.725,1.618,-17.405,30.98
78140985,0.788,-0.791,-0.173,-12.962,1.237,-17.832,31.12
78153307,0.767,-0.798,-0.187,-12.962,-0.626,-16.58,31.12
78167297,0.793,-0.792,-0.168,-12.855,-2.58,-15.542,30.98
78176473,0.775,-0.757,-0.152,-12.458,-3.405,-14.061,31.12
78186434,0.773,-0.752,-0.171,-12.336,-3.496,-14.275,31.07
78201011,0.799,-0.753,-0.166,-12.122,-3.878,-15.084,30.98
78206432,0.778,-0.753,-0.167,-12.137,-3.328,-15.053,30.98
78213014,0.819,-0.745,-0.173,-13.13,-2.046,-17.069,31.12
78225531,0.795,-0.78,-0.184,-14.137,-2.702,-16.687,31.02
78235486,0.803,-0.761,-0.191,-14.092,-3.328,-16.153,31.07
78241591,0.799,-0.753,-0.194,-13.847,-6.122,-14.153,31.12
78255212,0.813,-0.776,-0.17,-11.908,-4.58,-13.985,31.07
78267344,0.804,-0.722,-0.172,-11.725,-4.855,-13.298,31.02
78273629,0.81,-0.727,-0.159,-12.809,-4.504,-14.534,31.07
78284821,0.814,-0.726,-0.161,-13.023,-3.16,-15.939,31.07
78304392,0.813,-0.714,-0.184,-14.55,-3.328,-16.824,31.12
78310041,0.794,-0.729,-0.21,-13.664,-3.832,-15.802,31.07
78311881,0.801,-0.715,-0.211,-14.168,-6.748,-15.435,31.12
78327652,0.844,-0.743,-0.189,-12.366,-6.626,-14.366,31.17
78333585,0.836,-0.71,-0.18,-10.55,-4.275,-13.985,31.12
78341993,0.808,-0.662,-0.181,-12.427,-4.718,-13.924,31.17
78353947,0.834,-0.7,-0.208,-13.71,-4.198,-15.557,31.12
78360751,0.835,-0.741,-0.217,-12.84,-3.832,-14.153,31.12
78375001,0.828,-0.769,-0.235,-11.908,-3.496,-14.153,31.17
78382332,0.844,-0.759,-0.224,-9.069,-2.061,-12.641,31.12
78394750,0.84,-0.746,-0.25,-8.84,-0.992,-12.87,31.07
78406970,0.844,-0.735,-0.195,-9.206,0.061,-12.763,31.12
78412810,0.85,-0.707,-0.216,-9.618,2.137,-13.863,31.07
78424519,0.833,-0.723,-0.239,-10.733,1.603,-13.527,31.12
78434624,0.825,-0.717,-0.222,-9.817,-0.687,-12.55,31.02
78443204,0.846,-0.718,-0.253,-10.107,-0.473,-13.008,31.07
78448334,0.847,-0.725,-0.243,-11.649,-0.641,-14.611,31.12
78461780,0.918,-0.76,-0.211,-10.336,1.71,-13.405,31.17
78474446,0.854,-0.708,-0.196,-9.603,3.267,-16.611,31.07
78482796,0.832,-0.695,-0.223,-10.336,2.534,-15.344,31.07
78494901,0.807,-0.74,-0.236,-9.481,0.947,-14.84,31.12
78507023,0.831,-0.71,-0.225,-8.137,-1.115,-14.656,31.12
78514179,0.849,-0.699,-0.245,-9.588,-1.786,-15.053,31.07
78526574,0.889,-0.728,-0.234,-11.527,-1.389,-16.794,31.02
78534441,0.869,-0.723,-0.224,-11.756,1.649,-17.313,31.07
78544428,0.861,-0.705,-0.232,-12.275,2.748,-17.573,31.21
78550778,0.849,-0.724,-0.226,-12.382,2.473,-17.634,31.07
78567768,0.838,-0.713,-0.23,-11.099,2.046,-16.076,31.07
78577023,0.843,-0.699,-0.242,-11.115,0.443,-15.771,31.17
78584473,0.866,-0.704,-0.255,-11.313,-0.046,-16.443,31.07
78595131,0.897,-0.688,-0.222,-12.336,0.916,-17.252,31.12
78606253,0.889,-0.656,-0.213,-11.389,2.534,-16.519,31.17
78613669,0.864,-0.649,-0.236,-13.679,3.16,-17.924,31.12
78628206,0.871,-0.683,-0.252,-15.282,2.137,-17.954,31.07
78640231,0.872,-0.71,-0.243,-13.878,2.947,-17.542,31.12
78644551,0.851,-0.711,-0.243,-12.702,2.885,-16.489,31.17
78652019,0.866,-0.681,-0.236,-12.489,2.031,-15.863,31.07
78667889,0.872,-0.682,-0.243,-12.885,3.13,-16.55,31.02
78676816,0.848,-0.668,-0.247,-13.359,3.053,-15.481,31.07
78685385,0.876,-0.661,-0.235,-15.42,2.183,-15.847,31.02
78692567,0.894,-0.695,-0.253,-15.618,4.779,-17.023,31.07
78706827,0.871,-0.675,-0.233,-14.84,4.305,-16.427,31.02
78715071,0.873,-0.656,-0.248,-14.733,4.015,-16.641,31.07
78722950,0.865,-0.663,-0.264,-13.893,4.0,-16.794,31.07
78737711,0.877,-0.644,-0.252,-14.015,3.313,-17.145,31.12
78745328,0.874,-0.644,-0.253,-12.565,2.412,-15.176,31.17
78752999,0.897,-0.628,-0.235,-13.557,2.458,-14.183,31.12
78760006,0.91,-0.618,-0.229,-15.252,4.229,-13.985,31.17
78777278,0.881,-0.641,-0.238,-16.031,5.023,-14.244,31.12
78786664,0.87,-0.661,-0.249,-14.412,5.176,-13.74,31.07
78793325,0.869,-0.654,-0.255,-11.939,4.977,-13.176,31.17
78806616,0.856,-0.626,-0.26,-11.099,4.718,-12.153,31.12
78815823,0.867,-0.639,-0.259,-12.183,3.618,-11.71,31.07
78824036,0.866,-0.625,-0.234,-11.313,3.618,-9.053,31.21
78835452,0.859,-0.607,-0.279,-12.901,1.511,-8.092,31.17
78844651,0.88,-0.645,-0.232,-12.031,2.031,-7.435,30.98
78854455,0.869,-0.635,-0.247,-10.183,3.588,-6.779,31.17
78861789,0.879,-0.646,-0.239,-9.908,4.076,-6.748,30.98
78878178,0.879,-0.642,-0.242,-9.405,3.527,-6.0,31.12
78885066,0.862,-0.623,-0.263,-9.878,3.115,-4.855,31.07
78895129,0.859,-0.637,-0.288,-10.168,0.443,-3.481,31.02
78907432,0.849,-0.603,-0.261,-11.328,-3.725,-1.679,31.07
78914330,0.891,-0.588,-0.279,-11.588,-4.58,-1.924,31.12
78919281,0.926,-0.598,-0.242,-11.298,-2.702,-3.206,31.17
78936661,0.938,-0.61,-0.27,-12.061,-0.504,-4.87,31.07
78946151,0.917,-0.628,-0.269,-12.763,0.412,-5.206,31.12
78952029,0.914,-0.631,-0.261,-13.053,0.519,-5.069,31.17
78963450,0.885,-0.629,-0.303,-10.947,-0.672,-3.588,31.02
78981209,0.866,-0.613,-0.318,-11.42,-6.58,-2.229,31.17
78990181,0.954,-0.642,-0.258,-11.191,-7.573,-3.817,31.12
78994711,0.943,-0.618,-0.256,-10.275,-5.038,-3.756,31.07
79007803,0.945,-0.599,-0.271,-10.397,-3.359,-4.641,31.12
79018879,0.934,-0.613,-0.295,-13.802,-3.71,-6.443,31.07
79022241,0.916,-0.632,-0.28,-11.939,-3.863,-5.359,31.07
79035292,0.896,-0.625,-0.311,-11.679,-7.221,-4.427,31.12
79047658,0.907,-0.614,-0.319,-12.275,-10.519,-2.427,31.17
79052424,0.953,-0.65,-0.292,-10.214,-10.061,-3.71,31.12
79064398,0.935,-0.601,-0.276,-9.237,-8.26,-4.412,31.07
79076422,0.949,-0.602,-0.298,-11.252,-7.725,-6.0,31.12
79088140,0.926,-0.632,-0.281,-11.42,-7.313,-6.855,31.07
79093352,0.917,-0.615,-0.3,-10.611,-6.809,-6.611,31.07
79104323,0.878,-0.607,-0.329,-12.183,-11.145,-5.588,31.12
79117587,0.932,-0.627,-0.3,-12.305,-13.099,-6.061,31.07
79122624,0.912,-0.594,-0.318,-13.023,-13.496,-6.84,31.12
79134787,0.945,-0.63,-0.309,-10.183,-12.443,-7.191,31.17
79149458,0.934,-0.592,-0.306,-10.137,-11.481,-7.725,31.12
79153659,0.913,-0.606,-0.296,-11.878,-11.038,-9.053,31.17
79159733,0.948,-0.584,-0.293,-12.244,-8.992,-11.115,31.12
79172154,0.914,-0.602,-0.319,-11.679,-9.466,-10.534,31.12
79186156,0.951,-0.647,-0.343,-12.305,-10.779,-11.725,31.07
79194582,0.947,-0.663,-0.319,-9.557,-7.542,-12.427,31.12
79205238,0.937,-0.622,-0.317,-7.435,-6.824,-12.061,31.17
79216566,0.921,-0.595,-0.334,-9.557,-10.031,-11.725,31.12
79224099,0.947,-0.574,-0.303,-9.466,-9.725,-12.916,31.17
79234428,0.969,-0.565,-0.331,-10.58,-8.626,-14.504,31.12
79243689,0.971,-0.537,-0.3,-10.443,-8.55,-13.893,31.17
79254516,0.967,-0.592,-0.353,-7.802,-5.435,-16.702,31.17
79260523,0.971,-0.583,-0.343,-6.641,-5.893,-16.489,31.02
79273451,0.95,-0.623,-0.357,-2.733,-4.626,-16.321,31.07
79286291,0.942,-0.573,-0.354,-1.13,-6.046,-15.328,31.12
79295423,0.973,-0.581,-0.346,-1.771,-6.458,-15.985,31.07
79307922,1.021,-0.577,-0.325,-3.053,-3.496,-17.053,31.07
79323963,0.979,-0.568,-0.337,-1.985,0.061,-18.29,31.07
79326513,0.964,-0.572,-0.352,-1.939,-0.336,-20.031,31.02
79333126,0.965,-0.592,-0.353,-0.992,-1.145,-21.389,31.02
79346308,0.985,-0.608,-0.357,0.427,-1.908,-22.489,31.17
79354059,0.959,-0.603,-0.353,1.435,-3.42,-22.427,31.12
79361931,0.986,-0.57,-0.344,1.878,-2.672,-24.702,31.07
79375572,0.996,-0.561,-0.323,1.176,0.885,-27.466,31.12
79388262,0.98,-0.576,-0.323,-0.916,1.908,-29.588,31.07
79393981,0.989,-0.569,-0.326,-0.702,1.725,-31.374,30.98
79404248,0.961,-0.574,-0.363,-0.947,0.626,-32.397,31.12
79420225,0.967,-0.559,-0.36,0.427,-1.16,-32.824,31.17
79427742,0.996,-0.557,-0.39,0.351,-2.153,-34.305,31.12
79434187,1.01,-0.608,-0.355,-0.458,-2.321,-35.313,31.17
79445812,1.029,-0.556,-0.333,-0.458,1.282,-36.229,31.02
79456743,1.022,-0.518,-0.323,-2.977,3.527,-39.252,31.07
79463887,0.975,-0.509,-0.387,-6.031,3.13,-40.092,31.02
79471067,1.001,-0.538,-0.385,-5.969,1.802,-41.038,31.12
79484587,0.978,-0.562,-0.393,-4.031,1.389,-40.534,31.07
79495527,1.004,-0.518,-0.375,-4.473,-0.901,-39.13,31.12
79504257,1.008,-0.508,-0.359,-7.817,-0.947,-38.351,31.17
79517553,1.045,-0.515,-0.34,-8.702,4.489,-39.802,31.12
79524714,1.026,-0.508,-0.359,-9.405,7.435,-40.305,30.98
79534683,0.959,-0.515,-0.371,-9.527,6.916,-40.214,31.02
79544460,0.98,-0.486,-0.367,-9.939,6.031,-41.573,31.17
79557940,0.845,-0.418,-0.443,-15.252,-4.137,-40.153,31.07
79562104,0.964,-0.42,-0.386,-18.977,-10.84,-39.527,31.12
79572243,1.009,-0.505,-0.391,-18.794,-9.237,-39.328,31.07
79584993,1.021,-0.508,-0.324,-15.863,-4.366,-37.878,31.12
79597428,1.022,-0.429,-0.379,-16.87,-0.122,-38.412,31.07
79604249,0.974,-0.434,-0.36,-20.153,0.168,-38.458,31.12
79618680,0.999,-0.453,-0.364,-19.466,3.13,-38.718,31.07
79626864,0.959,-0.45,-0.419,-20.84,2.305,-38.244,31.17
79634945,0.978,-0.475,-0.382,-18.87,0.595,-37.16,31.02
79646584,0.993,-0.442,-0.423,-17.863,0.275,-36.046,31.07
79654433,0.99,-0.437,-0.356,-17.511,0.031,-34.687,31.12
79662725,1.049,-0.395,-0.335,-17.786,1.42,-34.122,31.17
79673231,1.003,-0.378,-0.374,-19.939,1.893,-33.267,31.17
79679885,1.021,-0.329,-0.326,-21.74,2.931,-33.13,31.17
79694241,1.007,-0.362,-0.373,-22.702,6.092,-33.908,31.02
79704835,0.987,-0.395,-0.381,-22.229,4.718,-32.84,31.12
79714262,0.944,-0.353,-0.421,-22.763,-1.832,-30.244,31.07
79727054,1.026,-0.392,-0.378,-23.344,-2.519,-32.061,31.12
79732958,1.015,-0.357,-0.385,-21.16,-2.153,-30.473,31.07
79746602,1.013,-0.323,-0.34,-20.626,-1.267,-29.756,31.02
79758407,1.048,-0.343,-0.369,-21.618,0.733,-30.626,31.07
79762979,1.027,-0.342,-0.376,-21.679,4.168,-31.863,31.17
79773961,0.954,-0.291,-0.403,-26.702,-0.305,-31.008,31.07
79781058,1.021,-0.374,-0.409,-28.229,-1.817,-31.221,30.98
79793963,1.009,-0.362,-0.422,-27.634,-1.145,-29.359,31.12
79803592,1.05,-0.381,-0.37,-26.046,0.84,-28.977,31.07
79814971,1.02,-0.344,-0.375,-23.649,3.893,-28.626,31.21
79831288,1.016,-0.321,-0.378,-22.305,5.374,-28.687,31.07
79833229,1.029,-0.3,-0.367,-22.443,6.443,-29.542,31.12
79845060,0.946,-0.283,-0.401,-24.26,5.115,-29.511,31.17
79855213,0.962,-0.279,-0.411,-28.351,-1.847,-28.443,31.17
79863959,0.998,-0.321,-0.381,-27.939,-1.924,-28.382,31.21
79874805,1.033,-0.302,-0.349,-26.229,-2.779,-26.947,30.98
79881382,1.042,-0.266,-0.355,-23.573,1.71,-29.053,31.12
79895498,1.038,-0.258,-0.349,-19.954,4.519,-31.527,31.07
79903684,0.972,-0.227,-0.37,-16.687,3.618,-32.87,31.12
79914283,0.882,-0.156,-0.454,-18.672,-8.763,-30.321,31.07
79928134,1.025,-0.214,-0.42,-19.573,-12.595,-31.496,31.12
79933084,1.026,-0.26,-0.394,-17.053,-13.802,-27.802,31.12
79944861,1.115,-0.253,-0.349,-14.855,-8.29,-25.527,30.98
79955400,1.143,-0.239,-0.305,-13.435,-0.595,-23.435,31.21
79963367,1.093,-0.229,-0.314,-12.168,7.374,-23.527,31.07
79970143,1.018,-0.182,-0.363,-11.969,6.382,-21.252,31.12
79982324,1.063,-0.205,-0.408,-13.863,6.443,-23.16,31.07
79995150,0.966,-0.205,-0.449,-12.931,-1.344,-17.756,31.17
80003703,1.064,-0.188,-0.395,-13.527,-4.779,-16.794,31.12
80014866,1.105,-0.212,-0.396,-14.366,-3.298,-16.473,31.07
80027093,1.126,-0.209,-0.365,-14.855,-0.87,-15.069,31.12
80032646,1.136,-0.199,-0.369,-14.947,4.229,-14.977,31.17
80045858,1.094,-0.164,-0.384,-14.214,4.855,-14.87,30.98
80059230,1.087,-0.205,-0.404,-12.214,5.298,-16.229,31.07
80064079,1.079,-0.201,-0.422,-8.779,4.015,-15.908,31.12
80071130,1.083,-0.206,-0.42,-6.397,5.191,-17.115,31.02
80086789,1.056,-0.149,-0.434,-6.473,3.313,-16.672,31.17
80099166,1.092,-0.147,-0.401,-9.756,-1.45,-16.214,31.02
80104164,1.149,-0.163,-0.389,-12.519,1.725,-18.87,31.17
80114933,1.12,-0.196,-0.385,-11.893,5.908,-17.573,31.02
80127457,1.095,-0.149,-0.417,-10.076,5.817,-18.763,31.17
80135061,1.103,-0.179,-0.41,-8.656,5.878,-20.824,31.17
80149331,1.066,-0.162,-0.453,-7.969,4.198,-21.145,31.07
80155168,1.062,-0.141,-0.448,-9.328,0.366,-21.252,31.17
80163908,1.104,-0.137,-0.427,-12.244,-1.908,-21.557,31.02
80172273,1.135,-0.16,-0.406,-13.695,1.557,-22.107,31.07
80187047,1.152,-0.185,-0.394,-13.115,5.023,-21.924,31.02
80200528,1.109,-0.167,-0.418,-10.794,7.328,-21.145,31.17
80205748,1.107,-0.147,-0.416,-8.718,6.947,-23.13,31.12
80213223,1.094,-0.132,-0.439,-7.45,5.847,-25.481,31.17
80227825,1.072,-0.121,-0.444,-8.336,1.74,-27.176,31.07
80233005,1.146,-0.116,-0.417,-9.618,2.55,-29.618,31.02
80245192,1.123,-0.143,-0.412,-11.771,3.435,-29.237,31.07
80256037,1.134,-0.124,-0.411,-12.168,3.237,-28.153,31.02
80264322,1.083,-0.132,-0.433,-12.794,3.603,-28.214,30.98
80273682,1.115,-0.131,-0.408,-12.122,2.275,-28.443,31.02
80280698,1.133,-0.112,-0.394,-12.489,4.046,-30.519,31.07
80297128,1.132,-0.133,-0.396,-12.87,6.992,-32.214,31.12
80305330,1.093,-0.119,-0.42,-11.557,6.412,-32.366,31.07
80315651,1.024,-0.07,-0.457,-12.901,1.023,-31.802,31.07
80327286,1.044,-0.075,-0.436,-14.504,-5.45,-32.183,31.02
80332609,1.092,-0.075,-0.418,-16.565,-9.649,-31.924,31.07
80343821,1.127,-0.085,-0.372,-16.504,-8.26,-32.015,31.12
80354833,1.141,-0.079,-0.388,-17.038,-4.153,-32.656,31.07
80363037,1.111,-0.075,-0.39,-15.802,-2.702,-32.504,31.02
80374423,1.071,-0.066,-0.427,-15.344,-2.885,-32.779,31.07
80381382,1.058,-0.06,-0.45,-12.901,-6.824,-32.015,31.02
80398596,1.08,-0.051,-0.414,-12.366,-9.664,-32.107,31.17
80404065,1.081,-0.007,-0.419,-13.389,-10.763,-31.802,31.17
80415545,1.113,-0.019,-0.426,-16.031,-11.206,-31.878,31.21
80431748,1.122,-0.057,-0.396,-16.198,-7.954,-32.031,31.07
80434387,1.081,-0.032,-0.42,-16.366,-8.885,-30.275,31.02
80444141,1.074,-0.057,-0.43,-16.779,-8.382,-31.053,31.07
80455891,1.022,0.0,-0.457,-15.969,-12.443,-29.344,31.12
80464150,1.056,0.004,-0.435,-17.847,-16.244,-29.511,31.07
80474699,1.053,0.0,-0.439,-17.359,-18.061,-27.45,31.21
80483266,1.103,0.005,-0.412,-18.748,-19.282,-26.748,31.02
80498315,1.094,-0.007,-0.406,-19.099,-15.832,-27.954,31.07
80505661,1.07,0.037,-0.419,-19.679,-15.74,-27.893,31.12
80513387,1.052,0.025,-0.425,-20.305,-15.084,-29.542,31.07
80527589,1.034,0.012,-0.451,-18.611,-17.542,-28.824,31.12
80533300,1.019,0.045,-0.465,-16.473,-21.282,-27.802,31.17
80545246,1.051,0.059,-0.459,-17.374,-25.084,-29.13,31.12
80556036,1.116,0.042,-0.421,-16.901,-23.786,-30.244,31.17
80563884,1.083,0.074,-0.437,-17.084,-20.366,-30.061,31.07
80569337,1.075,0.079,-0.419,-18.198,-20.412,-29.893,31.21
80583414,1.107,0.132,-0.407,-19.527,-17.282,-30.779,31.17
80597066,1.079,0.03,-0.491,-17.878,-15.695,-32.687,31.12
80605286,1.05,0.066,-0.478,-15.573,-18.504,-31.74,31.17
80616392,1.096,0.099,-0.474,-15.267,-17.924,-33.237,31.02
80627832,1.09,0.1,-0.466,-14.504,-16.901,-32.794,31.07
80634377,1.096,0.112,-0.453,-13.084,-14.015,-32.947,31.12
80644588,1.047,0.139,-0.511,-13.863,-13.908,-31.176,31.17
80657033,1.083,0.105,-0.492,-13.481,-12.992,-33.16,31.07
80665908,1.058,0.114,-0.497,-14.473,-12.244,-33.817,31.12
80670302,1.088,0.111,-0.493,-15.786,-9.527,-34.489,31.07
80683997,1.068,0.105,-0.504,-15.588,-6.046,-34.092,31.12
80696748,1.028,0.106,-0.499,-15.16,-6.198,-32.87,31.07
80705776,0.989,0.144,-0.538,-15.893,-8.855,-33.313,31.12
80713598,1.034,0.133,-0.485,-17.237,-10.702,-34.687,31.07
80727747,1.073,0.107,-0.483,-16.183,-7.45,-35.786,31.12
80732859,1.051,0.119,-0.505,-16.397,-4.977,-35.786,31.02
80749795,1.006,0.137,-0.512,-16.977,-4.443,-35.496,31.07
80760467,1.004,0.143,-0.512,-15.74,-5.649,-33.786,31.12
80764713,0.996,0.16,-0.511,-16.84,-7.511,-33.756,31.17
80770876,1.048,0.186,-0.485,-18.611,-6.748,-34.794,31.17
80783087,1.063,0.155,-0.481,-19.42,-2.855,-35.74,31.07
80796230,1.051,0.16,-0.52,-18.763,0.519,-35.908,31.12
80804275,1.038,0.178,-0.495,-18.458,1.634,-36.794,31.12
80811982,0.986,0.2,-0.515,-18.87,0.733,-36.427,31.17
80826035,0.956,0.211,-0.574,-20.412,-3.282,-35.16,31.12
80834245,0.99,0.191,-0.532,-22.229,-7.527,-34.641,31.17
80843266,1.027,0.201,-0.497,-21.924,-6.748,-33.023,31.12
80853537,1.014,0.224,-0.473,-23.023,-4.382,-32.107,31.17
80862060,1.094,0.246,-0.452,-23.802,0.092,-33.924,31.07
80872750,1.021,0.255,-0.521,-25.527,3.252,-33.924,31.17
80879725,1.032,0.25,-0.533,-27.115,5.649,-36.244,31.12
80897033,0.982,0.235,-0.545,-28.382,3.069,-36.183,31.12
80904787,0.934,0.264,-0.552,-26.855,-3.908,-33.817,30.98
80918478,1.014,0.297,-0.526,-27.511,-6.779,-34.748,31.12
80927829,1.042,0.285,-0.491,-28.55,-4.275,-35.282,31.17
80933132,1.034,0.328,-0.496,-29.786,-1.237,-35.542,31.12
80943994,1.065,0.297,-0.487,-32.198,3.038,-36.794,31.07
80954992,1.006,0.287,-0.529,-31.542,4.626,-35.954,31.07
80964087,0.997,0.318,-0.54,-31.756,2.198,-37.252,31.07
80974149,0.993,0.291,-0.557,-32.565,0.641,-38.122,31.02
80982239,1.001,0.317,-0.512,-31.176,0.198,-37.695,31.02
80999677,1.008,0.357,-0.517,-33.267,-0.748,-37.573,31.07
81004929,0.989,0.346,-0.538,-36.901,-1.939,-37.023,31.12
81015335,1.084,0.31,-0.463,-37.832,1.252,-36.809,31.07
81026354,1.065,0.339,-0.449,-37.802,7.924,-36.779,31.02
81032624,1.045,0.353,-0.494,-37.344,11.084,-38.687,31.17
81046368,0.937,0.348,-0.56,-35.786,8.427,-39.634,31.07
81053721,0.99,0.34,-0.494,-34.137,6.565,-43.267,31.17
81064880,0.929,0.439,-0.508,-33.16,2.809,-43.45,31.21
81070742,0.97,0.454,-0.501,-37.786,-2.336,-45.725,31.07
81084143,1.015,0.42,-0.441,-39.511,-2.748,-46.687,31.07
81097650,1.047,0.419,-0.419,-40.183,0.931,-47.771,31.12
81106330,1.072,0.386,-0.405,-38.947,7.878,-51.893,31.07
81116338,0.942,0.386,-0.482,-32.412,9.42,-51.573,31.12
81128217,0.932,0.446,-0.46,-29.939,3.084,-51.863,31.07
81134059,0.959,0.458,-0.434,-31.802,1.023,-56.214,31.12
81145867,0.898,0.492,-0.459,-31.603,-3.099,-54.977,31.07
81155712,0.97,0.488,-0.429,-35.496,-6.992,-55.145,31.02
81166692,1.015,0.443,-0.401,-35.878,-3.374,-56.534,31.07
81172475,1.01,0.413,-0.389,-35.42,1.786,-55.038,31.17
81186008,0.948,0.475,-0.42,-34.122,6.015,-54.275,31.12
81200667,0.924,0.481,-0.442,-36.015,6.076,-54.443,31.17
81204520,0.882,0.456,-0.442,-36.076,3.344,-51.969,31.12
81214827,0.857,0.479,-0.469,-36.962,0.122,-50.183,30.98
81227810,0.862,0.473,-0.452,-38.687,-3.42,-49.786,31.12
81232779,0.897,0.49,-0.376,-38.397,-3.237,-49.435,31.07
81243077,0.867,0.501,-0.421,-37.908,-1.252,-49.42,31.12
81255818,0.88,0.459,-0.403,-35.664,-1.542,-49.221,31.17
81263567,0.825,0.471,-0.435,-30.244,-0.489,-48.901,31.02
81273904,0.768,0.559,-0.453,-29.45,-6.351,-47.679,31.17
81280773,0.812,0.595,-0.419,-35.374,-10.061,-50.183,31.07
81301924,0.768,0.586,-0.422,-40.046,-14.809,-47.389,31.02
81311737,0.948,0.567,-0.315,-40.84,-10.626,-48.733,31.17
81313743,0.836,0.549,-0.355,-39.618,-3.099,-47.847,31.12
81329576,0.827,0.563,-0.318,-35.908,-3.405,-44.824,31.17
81339695,0.792,0.626,-0.398,-35.053,-3.313,-46.336,31.12
81344144,0.697,0.639,-0.42,-33.176,-10.061,-46.611,31.17
81354217,0.755,0.679,-0.396,-32.977,-17.313,-48.168,31.12
81363426,0.731,0.664,-0.406,-36.107,-22.534,-50.672,31.07
81375088,0.82,0.653,-0.335,-36.458,-25.954,-50.58,31.07
81381296,0.925,0.749,0.221,-27.206,-11.863,-45.481,31.12
81394318,0.814,0.709,-0.281,-35.725,-18.855,-50.382,31.07
81407903,0.86,0.605,-0.274,-38.901,-13.588,-48.443,31.12
81412989,0.809,0.666,-0.287,-30.061,-10.794,-46.458,31.17
81424714,0.7,0.784,-0.41,-33.069,-14.336,-48.687,31.12
81436550,0.747,0.701,-0.383,-29.282,-16.656,-48.168,31.07
81444289,0.764,0.728,-0.422,-32.29,-19.038,-50.916,31.12
81451871,0.742,0.667,-0.363,-25.145,-18.84,-48.275,31.07
81463119,0.744,0.751,-0.372,-28.031,-23.13,-45.511,31.07
81476301,0.796,0.766,-0.319,-31.008,-19.466,-47.71,31.02
81482281,0.782,0.747,-0.309,-31.16,-13.405,-44.443,31.17
81493740,0.725,0.727,-0.346,-28.153,-13.573,-42.229,31.12
81508966,0.719,0.747,-0.394,-26.183,-12.305,-43.023,31.07
81515858,0.667,0.729,-0.418,-25.557,-13.786,-42.198,31.02
81521250,0.628,0.754,-0.431,-23.145,-19.374,-39.573,31.17
81538455,0.654,0.767,-0.415,-27.924,-23.176,-37.435,31.12
81548213,0.713,0.733,-0.349,-31.145,-23.069,-34.473,31.17
81554421,0.705,0.735,-0.311,-30.901,-17.832,-30.305,31.07
81564372,0.733,0.742,-0.301,-30.55,-12.351,-27.786,31.12
81573908,0.728,0.702,-0.248,-25.847,-4.626,-26.29,31.17
81583960,0.626,0.83,-0.324,-19.023,-1.679,-25.069,31.12
81594621,0.531,0.849,-0.402,-20.336,-7.313,-27.359,31.07
81601727,0.574,0.823,-0.359,-20.702,-14.87,-30.397,31.12
81616571,0.61,0.806,-0.31,-20.718,-17.511,-31.695,31.17
81624163,0.634,0.81,-0.259,-18.748,-16.458,-30.962,31.12
81636583,0.673,0.797,-0.264,-16.031,-13.206,-30.611,31.17
81647847,0.628,0.761,-0.238,-13.802,-8.733,-27.496,31.07
81653425,0.602,0.755,-0.24,-11.023,-8.198,-22.702,31.12
81664827,0.619,0.766,-0.239,-6.87,-6.473,-18.656,31.17
81674704,0.594,0.806,-0.285,-2.305,-4.519,-16.641,31.02
81686465,0.591,0.796,-0.277,0.504,-3.878,-16.504,31.07
81691110,0.61,0.79,-0.305,3.282,-1.863,-16.901,31.02
81703038,0.628,0.797,-0.271,3.542,0.489,-15.954,31.07
81719379,0.615,0.794,-0.29,3.71,3.038,-13.405,31.12
81725072,0.618,0.794,-0.261,3.344,6.198,-10.626,31.17
81731485,0.639,0.776,-0.267,4.275,11.74,-8.214,31.07
81747494,0.6,0.761,-0.295,5.817,14.824,-4.244,31.12
81756843,0.587,0.75,-0.296,7.924,16.076,-0.153,31.07
81763746,0.587,0.755,-0.307,12.412,16.504,3.267,31.12
81776231,0.61,0.782,-0.312,16.779,18.504,4.672,31.07
81783821,0.549,0.832,-0.357,19.252,17.802,5.756,31.12
81794023,0.575,0.852,-0.353,18.183,14.412,6.061,31.07
81801164,0.606,0.843,-0.348,16.947,13.557,6.489,31.12
81815979,0.586,0.849,-0.357,16.168,12.168,7.405,31.07
81828234,0.616,0.842,-0.365,15.542,11.038,8.244,31.12
81833718,0.633,0.838,-0.363,15.405,11.237,9.725,31.02
81845409,0.65,0.818,-0.362,16.107,11.634,11.939,31.17
81856599,0.61,0.837,-0.405,16.611,9.954,13.588,31.12
81862698,0.621,0.841,-0.418,15.847,7.176,14.595,30.98
81877313,0.65,0.833,-0.413,13.863,6.763,12.809,31.12
81884691,0.642,0.838,-0.431,11.344,7.603,11.282,31.17
81894248,0.64,0.819,-0.417,9.053,6.534,11.023,31.21
81900336,0.642,0.805,-0.434,6.84,5.603,11.542,31.07
81912205,0.631,0.793,-0.447,5.053,2.809,13.344,31.12
81929173,0.65,0.773,-0.436,4.366,1.344,14.107,31.21
81938897,0.683,0.765,-0.399,4.489,1.634,14.901,31.17
81944843,0.688,0.746,-0.392,4.641,3.542,15.618,31.12
81957560,0.624,0.772,-0.425,4.672,2.29,17.908,31.17
81966917,0.608,0.81,-0.459,0.611,-2.794,16.931,31.12
81973652,0.623,0.798,-0.439,-2.595,-8.061,15.832,31.17
81986664,0.653,0.786,-0.423,-3.847,-11.313,15.588,31.12
81994224,0.687,0.773,-0.416,-4.305,-11.344,13.664,31.17
82003460,0.677,0.77,-0.414,-4.809,-12.137,13.282,31.12
82010343,0.681,0.764,-0.403,-6.672,-12.336,13.191,31.12
82026986,0.707,0.745,-0.386,-7.099,-11.374,13.466,31.17
82035436,0.722,0.747,-0.368,-6.397,-9.42,14.58,31.02
82044299,0.676,0.763,-0.388,-5.481,-7.45,13.603,31.17
82055820,0.674,0.778,-0.396,-6.031,-8.061,13.221,31.12
82067744,0.661,0.784,-0.415,-7.191,-9.802,12.656,31.07
82073922,0.662,0.761,-0.396,-8.107,-12.092,11.954,31.02
82084704,0.689,0.768,-0.384,-7.618,-12.229,11.832,31.17
82093765,0.696,0.771,-0.383,-8.122,-13.237,12.779,31.12
82106860,0.69,0.772,-0.37,-7.466,-12.84,13.237,31.02
82112499,0.725,0.756,-0.359,-6.076,-11.221,13.099,31.17
82118362,0.719,0.74,-0.356,-5.832,-9.344,13.573,31.12
82137305,0.722,0.742,-0.371,-5.084,-6.534,13.42,31.17
82147286,0.705,0.738,-0.374,-3.969,-4.397,13.863,31.12
82154157,0.715,0.74,-0.355,-2.687,-2.473,14.397,31.17
82165258,0.685,0.744,-0.374,-2.046,-1.13,15.344,31.12
82175263,0.685,0.739,-0.371,-1.634,-1.74,15.985,31.07
82186242,0.669,0.741,-0.399,-0.397,-2.336,16.595,31.02
82197085,0.696,0.743,-0.375,1.496,-3.252,16.366,31.17
82208972,0.72,0.727,-0.36,2.931,-1.588,16.351,31.07
82211723,0.743,0.724,-0.348,5.328,1.45,16.29,31.12
82223154,0.739,0.727,-0.36,6.214,5.191,16.534,31.17
82244146,0.735,0.735,-0.37,6.809,6.931,17.115,31.12
82251787,0.693,0.749,-0.395,5.863,6.977,18.244,31.17
82253818,0.706,0.735,-0.378,5.863,6.519,19.344,31.12
82270771,0.721,0.713,-0.382,7.313,6.397,20.168,31.07
82280219,0.735,0.703,-0.38,9.191,7.542,20.443,31.12
82282739,0.747,0.708,-0.359,10.489,10.718,19.771,31.07
82294989,0.741,0.704,-0.36,12.153,13.298,19.863,31.07
82303088,0.705,0.721,-0.37,12.489,13.237,20.321,31.12
82314918,0.709,0.709,-0.382,13.038,12.55,20.366,31.07
82321224,0.708,0.705,-0.397,13.817,12.107,20.824,31.12
82333810,0.738,0.695,-0.376,15.282,11.969,21.176,31.07
82347615,0.737,0.677,-0.354,17.069,13.985,22.458,31.12
82354706,0.737,0.696,-0.366,18.061,15.664,23.588,31.17
82362358,0.764,0.682,-0.352,18.687,17.634,23.115,31.12
82375405,0.738,0.655,-0.362,21.496,20.076,25.298,31.07
82383013,0.757,0.709,-0.373,22.626,19.954,23.542,31.07
82393998,0.753,0.667,-0.382,24.412,19.71,24.763,31.12
82404787,0.749,0.666,-0.361,26.015,19.374,26.656,31.17
82414484,0.758,0.668,-0.356,27.405,20.076,27.771,31.12
82423817,0.779,0.662,-0.359,28.122,21.802,27.542,31.07
82431224,0.782,0.641,-0.371,30.611,24.0,28.305,31.12
82448861,0.768,0.635,-0.386,33.496,24.992,30.153,31.17
82458875,0.772,0.647,-0.378,34.458,25.328,31.282,31.12
82464276,0.775,0.64,-0.403,34.84,25.847,32.443,31.17
82476981,0.789,0.632,-0.39,35.634,25.954,33.954,31.17
82487524,0.797,0.631,-0.385,35.954,27.008,35.679,31.07
82492435,0.809,0.603,-0.391,36.641,28.733,37.206,31.17
82507234,0.826,0.58,-0.384,38.198,30.763,38.763,31.02
82514499,0.822,0.57,-0.401,42.244,33.679,41.74,31.17
82523329,0.816,0.557,-0.402,42.947,35.16,43.16,31.12
82534120,0.818,0.582,-0.406,43.313,36.168,42.763,31.17
82541761,0.779,0.591,-0.436,44.214,35.191,45.42,31.12
82557639,0.778,0.582,-0.42,40.489,33.557,46.351,31.07
82565164,0.817,0.555,-0.406,40.321,31.954,47.023,31.17
82576888,0.87,0.519,-0.4,39.405,32.198,49.618,31.07
82589035,0.846,0.483,-0.393,42.779,34.794,52.168,31.07
82594513,0.862,0.532,-0.403,43.771,36.947,53.756,31.21
82601193,0.87,0.509,-0.399,45.832,39.71,56.015,31.07
82614530,0.813,0.517,-0.436,44.947,38.58,59.298,31.12
82626137,0.786,0.55,-0.443,40.672,33.45,60.183,31.07
82632252,0.822,0.491,-0.417,37.985,28.809,61.878,31.12
82644051,0.874,0.447,-0.407,38.229,28.031,64.351,31.17
82656137,0.921,0.385,-0.38,42.641,28.519,68.244,31.17
82667834,0.927,0.402,-0.364,43.191,33.267,68.748,31.07
82673521,0.911,0.42,-0.384,45.237,36.153,72.763,31.21
82684722,0.898,0.444,-0.421,44.672,36.275,72.351,31.12
82696720,0.889,0.408,-0.419,43.252,34.962,74.107,31.17
82703138,0.857,0.369,-0.435,43.695,31.008,77.069,31.21
82716862,0.885,0.374,-0.436,42.855,25.832,79.954,31.07
82724165,0.957,0.336,-0.383,41.649,25.359,80.443,31.12
82734573,0.93,0.318,-0.373,45.298,26.168,85.435,31.17
82741422,0.972,0.321,-0.375,45.298,26.458,87.16,31.07
82755015,1.027,0.241,-0.365,44.763,31.023,85.832,31.07
82766649,0.954,0.207,-0.393,50.763,34.641,90.58,31.12
82776669,0.873,0.28,-0.445,52.824,28.748,95.634,31.12
82783460,0.927,0.31,-0.428,45.573,21.878,92.29,31.07
82796680,0.978,0.2,-0.366,45.053,20.504,93.45,31.12
82804143,1.008,0.152,-0.364,47.145,21.191,96.489,31.17
82815510,1.062,0.102,-0.313,51.191,24.641,99.756,31.21
82825687,1.036,0.096,-0.365,54.656,29.832,101.985,31.17
82836638,1.007,0.103,-0.382,54.763,29.557,105.511,31.17
82843782,0.997,0.063,-0.367,54.718,28.885,109.985,31.07
82850977,0.986,0.067,-0.389,55.863,27.42,110.687,31.12
82867091,0.955,0.068,-0.421,55.221,21.893,113.985,31.02
82874908,1.008,0.028,-0.346,56.198,17.16,116.809,31.07
82884435,1.061,0.007,-0.33,58.168,18.427,115.176,31.12
82896791,1.061,-0.005,-0.325,61.649,21.13,114.824,31.17
82905531,1.043,0.002,-0.351,61.771,22.748,111.817,31.12
82916920,1.042,-0.03,-0.356,61.969,21.74,111.115,31.17
82926218,1.045,-0.046,-0.421,61.237,22.122,111.145,31.07
82937521,0.947,-0.042,-0.435,57.969,14.473,114.641,31.17
82941976,0.989,-0.08,-0.395,53.42,4.412,115.618,31.21
82952746,1.083,-0.157,-0.339,51.206,2.061,114.122,31.12
82959741,1.153,-0.208,-0.312,53.985,8.87,112.702,31.07
82974293,1.132,-0.205,-0.299,56.901,16.458,110.702,31.21
82984171,1.082,-0.231,-0.326,57.237,18.641,110.565,31.17
82995717,1.119,-0.262,-0.326,57.695,21.542,109.344,31.21
83008579,1.023,-0.254,-0.417,55.847,20.611,110.336,31.07
83011718,0.941,-0.212,-0.461,50.656,7.298,113.313,31.17
83025108,1.057,-0.256,-0.385,46.763,-0.641,112.137,31.17
83032419,1.113,-0.293,-0.342,47.13,2.763,105.42,31.12
83044495,1.104,-0.331,-0.333,47.328,7.45,103.466,31.12
83054267,1.116,-0.341,-0.323,49.603,14.824,102.916,31.17
83061100,1.079,-0.328,-0.319,50.0,19.695,100.321,31.21
83076296,1.065,-0.344,-0.32,48.702,21.588,99.038,31.17
83082098,1.043,-0.358,-0.316,47.298,22.855,99.71,31.12
83096811,0.996,-0.39,-0.369,43.878,17.802,102.29,31.17
83110976,1.025,-0.442,-0.309,41.771,15.405,102.748,31.07
83113183,1.055,-0.47,-0.283,43.542,19.023,101.481,31.17
83124174,1.056,-0.498,-0.243,46.183,25.878,101.16,31.12
83133088,0.992,-0.468,-0.219,50.198,31.603,101.221,31.07
83144267,0.997,-0.457,-0.264,50.153,32.504,99.649,31.07
83150625,0.949,-0.527,-0.282,49.389,31.511,100.183,31.21
83162629,0.88,-0.526,-0.343,47.603,25.053,104.046,31.07
83180264,0.961,-0.601,-0.292,46.0,20.519,107.008,31.12
83188932,1.01,-0.672,-0.245,47.481,25.328,107.771,31.17
83194684,1.02,-0.71,-0.202,49.023,34.244,107.099,31.12
83208374,1.021,-0.682,-0.138,52.672,46.214,106.244,31.17
83216095,0.939,-0.653,-0.23,53.832,50.412,107.42,31.12
83222994,0.847,-0.668,-0.261,50.137,44.656,107.817,31.17
83236535,0.798,-0.675,-0.306,44.55,30.855,111.557,31.07
83248214,0.836,-0.755,-0.276,38.611,18.26,113.221,31.12
83252609,0.926,-0.83,-0.173,38.351,17.496,113.527,31.17
83263694,1.092,-0.871,-0.098,43.481,34.58,109.206,31.12
83270467,1.026,-0.827,-0.099,48.0,51.725,104.672,31.17
83284453,0.927,-0.779,-0.176,48.733,60.458,100.504,31.12
83293301,0.752,-0.727,-0.241,41.786,51.939,100.229,31.07
83304741,0.763,-0.767,-0.257,31.053,33.679,101.359,31.12
83315288,0.874,-0.886,-0.182,25.115,23.969,100.107,31.17
83323033,0.891,-0.873,-0.105,25.634,27.084,100.366,31.07
83337486,0.891,-0.825,-0.104,24.29,29.939,95.405,31.21
83342942,0.865,-0.865,-0.131,23.496,31.115,92.305,31.07
83354866,0.887,-0.867,-0.083,24.595,32.809,90.214,31.12
83360536,0.874,-0.849,-0.13,23.725,33.496,86.183,31.17
83373251,0.781,-0.81,-0.117,21.252,28.977,86.595,31.12
83386277,0.789,-0.81,-0.114,16.183,22.046,84.977,31.07
83395580,0.828,-0.854,-0.082,14.275,19.221,83.45,31.12
83405446,0.803,-0.868,-0.077,15.405,18.122,83.328,31.17
83417383,0.826,-0.881,-0.065,16.87,19.206,81.679,31.17
83423222,0.831,-0.903,-0.039,18.305,21.847,79.45,31.21
83439460,0.793,-0.893,-0.031,18.641,24.29,78.061,31.07
83445304,0.769,-0.874,-0.027,17.298,25.557,76.626,31.12
83456814,0.678,-0.865,-0.067,14.031,21.893,76.275,31.26
83461839,0.724,-0.905,-0.057,11.924,18.153,75.298,31.12
83475642,0.691,-0.903,-0.013,11.908,18.183,74.58,31.17
83488006,0.673,-0.874,0.004,12.092,18.26,74.565,31.12
83497341,0.674,-0.909,0.01,12.427,19.115,72.809,31.07
83502617,0.62,-0.909,-0.005,13.893,20.046,70.885,31.12
83519384,0.588,-0.915,-0.038,14.931,16.55,71.313,31.12
83524107,0.573,-0.937,-0.012,17.603,13.511,71.527,31.26
83535912,0.549,-0.955,-0.068,18.519,8.473,74.595,31.12
83545629,0.587,-1.009,-0.031,19.725,6.092,76.672,31.07
83552613,0.56,-1.005,0.013,21.496,7.847,79.008,31.02
83564459,0.525,-0.962,0.038,21.557,9.191,80.824,31.07
83571628,0.507,-0.977,0.052,21.908,11.618,80.443,31.12
83587685,0.458,-1.005,0.037,22.366,10.84,80.061,31.17
83592879,0.422,-1.008,0.02,23.466,9.191,81.267,31.07
83603804,0.435,-1.008,0.001,24.718,6.58,82.382,31.12
83618228,0.419,-1.012,0.01,25.435,5.267,84.076,31.26
83623656,0.431,-1.032,0.004,25.252,4.595,85.664,31.02
83637701,0.424,-1.043,0.045,25.679,4.916,86.885,31.17
83643029,0.376,-1.0,0.062,24.947,5.878,87.695,31.12
83650985,0.394,-0.98,0.082,24.275,7.374,85.191,31.17
83662737,0.348,-0.988,0.068,20.824,6.137,83.985,31.21
83669764,0.345,-1.014,0.072,19.389,4.0,84.0,31.17
83688021,0.347,-1.03,0.053,18.656,2.29,84.947,31.17
83695054,0.341,-1.06,-0.005,16.702,-1.069,85.817,31.12
83705419,0.309,-1.062,0.053,17.908,-2.397,87.908,31.17
83717005,0.345,-1.039,0.105,18.916,-1.71,84.916,31.12
83722070,0.275,-1.036,0.065,18.382,-1.115,82.885,31.17
83738201,0.295,-1.044,0.107,18.382,-2.275,82.687,31.21
83743735,0.305,-1.041,0.101,18.626,-0.901,81.847,31.07
83754001,0.259,-1.033,0.098,18.229,-0.168,81.191,31.21
83760322,0.255,-1.029,0.094,16.031,-2.504,80.534,31.07
83776619,0.301,-1.062,0.09,15.237,-1.756,78.763,31.12
83788313,0.301,-1.073,0.119,16.382,0.87,76.321,31.12
83793118,0.282,-1.068,0.127,18.962,5.206,72.137,31.17
83804659,0.253,-1.047,0.107,19.45,6.87,69.084,31.02
83815132,0.251,-1.056,0.133,19.634,7.466,65.664,31.07
83824899,0.231,-1.039,0.117,20.275,8.473,64.931,31.12
83837523,0.176,-1.016,0.12,16.855,4.198,61.74,31.17
83848807,0.203,-1.037,0.132,16.107,3.664,59.45,31.21
83851518,0.211,-1.025,0.144,15.863,4.763,56.672,31.07
83863673,0.221,-1.043,0.129,16.885,7.466,53.954,31.21
83880572,0.208,-1.061,0.149,16.794,8.366,52.015,31.12
83886988,0.221,-1.062,0.147,18.87,12.901,47.344,31.07
83892427,0.179,-1.021,0.149,19.282,15.13,45.176,31.12
83908247,0.15,-0.997,0.149,18.58,15.344,45.893,31.17
83913703,0.148,-0.99,0.134,15.344,12.29,42.931,31.21
83923716,0.157,-0.998,0.132,14.412,13.573,41.13,31.17
83935249,0.177,-1.015,0.129,13.313,14.794,39.328,31.12
83947228,0.175,-1.023,0.137,12.198,15.573,34.992,31.17
83954264,0.16,-1.039,0.136,11.725,15.908,32.0,31.12
83961827,0.178,-1.033,0.142,11.023,16.87,29.832,31.17
83978698,0.106,-1.002,0.137,7.45,14.885,25.267,31.21
83985711,0.103,-1.005,0.121,5.252,10.031,23.924,31.12
83993785,0.07,-0.99,0.088,2.794,5.527,21.511,31.17
84008302,0.081,-0.989,0.109,0.763,1.145,20.336,31.12
84015969,0.112,-1.018,0.124,0.534,-0.015,18.229,31.17
84022393,0.121,-1.045,0.135,0.183,-0.214,15.756,31.21
84036163,0.099,-1.044,0.134,-1.328,-2.916,13.847,31.07
84045814,0.092,-1.03,0.179,-2.504,-3.389,11.527,31.12
84053135,0.073,-1.022,0.159,-4.656,-5.71,8.29,31.07
84059781,0.037,-1.026,0.19,-6.061,-9.74,8.397,31.12
84077726,0.083,-0.98,0.19,-6.687,-10.107,5.496,31.07
84087193,0.034,-0.985,0.164,-7.74,-11.405,5.084,31.07
84093311,0.048,-1.014,0.16,-8.153,-13.206,3.756,31.12
84109151,0.066,-1.021,0.168,-7.557,-13.282,2.198,31.07
84114101,0.054,-1.024,0.173,-7.603,-14.061,1.099,31.12
84124579,0.052,-1.016,0.187,-7.328,-13.344,-0.076,31.17
84137152,0.043,-0.983,0.183,-7.267,-12.763,-1.191,31.12
84144884,0.031,-0.983,0.171,-7.618,-11.435,-0.229,31.17
84150311,0.057,-0.968,0.165,-6.611,-12.962,-2.397,31.12
84163472,0.038,-0.978,0.162,-6.046,-14.015,-2.489,31.07
84176270,0.056,-0.985,0.167,-5.298,-12.26,-2.473,31.17
84185459,0.049,-0.993,0.16,-3.634,-10.015,-2.687,31.21
84196939,0.062,-0.99,0.161,-3.374,-8.351,-2.687,31.17
84211159,0.047,-0.988,0.18,-2.672,-5.924,-2.641,31.12
84213530,0.06,-0.983,0.183,-2.489,-3.053,-3.191,31.17
84227548,0.031,-0.994,0.171,-2.427,-0.031,-3.939,31.12
84235346,0.015,-0.972,0.15,-2.473,0.366,-4.595,31.07
84244006,0.019,-0.953,0.144,-3.878,1.145,-3.74,31.12
84252738,0.026,-0.953,0.153,-3.802,2.015,-4.275,31.17
84259772,0.015,-0.95,0.132,-4.153,2.244,-4.305,31.07
84277789,0.011,-0.945,0.136,-4.763,1.282,-4.809,31.12
84286199,0.01,-0.923,0.135,-6.504,-1.969,-4.565,31.17
84292977,0.031,-0.952,0.142,-7.191,-3.405,-4.794,31.12
84307397,0.057,-0.96,0.149,-6.84,-1.038,-5.115,31.07
84312563,0.057,-0.972,0.182,-5.786,1.939,-4.244,31.12
84326452,0.05,-0.95,0.163,-5.206,5.084,-4.382,31.07
84334177,0.053,-0.967,0.165,-4.992,7.954,-4.824,31.21
84344461,0.048,-0.971,0.163,-4.122,10.489,-4.947,31.07
84350497,0.036,-0.957,0.155,-2.84,12.321,-4.229,31.17
84366862,0.023,-0.935,0.171,-2.779,12.947,-5.221,31.12
84378762,-0.002,-0.933,0.146,-3.618,11.038,-4.55,31.26
84383867,0.031,-0.943,0.14,-3.374,9.45,-3.267,31.12
84391015,0.046,-0.938,0.155,-1.725,11.267,-2.0,31.17
84405086,0.049,-0.927,0.157,0.336,14.412,-2.015,31.02
84414713,0.037,-0.924,0.147,1.023,14.626,-2.122,31.17
84424438,0.016,-0.931,0.125,1.023,13.42,-2.611,31.12
84436692,0.03,-0.95,0.151,-0.351,11.282,-1.802,31.07
84441557,0.043,-0.95,0.163,-2.412,9.985,-0.366,31.17
84453677,0.033,-0.979,0.166,-5.557,8.061,-0.763,31.12
84465568,0.071,-1.037,0.183,-5.405,11.466,2.412,31.17
84477332,0.04,-1.019,0.178,-2.672,18.168,4.672,31.12
84483011,-0.032,-0.987,0.139,-2.046,21.435,4.565,31.17
84499941,-0.035,-1.025,0.116,-1.206,18.718,5.481,31.12
84507747,-0.019,-1.031,0.147,0.947,18.794,6.397,31.17
84513953,-0.013,-1.001,0.163,1.908,19.145,6.519,31.21
84526042,-0.037,-0.985,0.172,0.504,16.641,6.702,31.07
84537451,-0.029,-0.981,0.183,-1.084,12.901,7.008,31.17
84544726,0.012,-0.979,0.149,-1.649,12.046,6.244,31.12
84552188,0.036,-0.98,0.175,-1.527,12.305,5.649,31.17
84568156,0.054,-0.973,0.168,-1.893,12.84,4.916,31.12
84574621,0.044,-0.974,0.173,-2.458,11.832,4.458,31.17
84584271,0.05,-0.985,0.183,-3.42,9.847,3.511,31.12
84604028,0.046,-0.969,0.19,-4.305,7.985,2.046,31.17
84605855,0.025,-0.949,0.197,-6.366,4.55,-0.305,31.21
84613057,-0.004,-0.935,0.185,-8.687,0.015,-2.473,31.17
84628486,0.055,-0.977,0.175,-10.397,-3.038,-4.885,31.17
84637169,0.072,-0.959,0.191,-9.74,-2.305,-7.16,31.12
84642997,0.099,-0.964,0.176,-6.504,3.191,-9.237,31.07
84650167,0.062,-0.955,0.137,-6.641,4.061,-11.038,31.21
84667786,0.064,-0.981,0.127,-5.466,1.832,-10.397,31.17
84679056,0.073,-0.984,0.164,-4.458,2.107,-9.511,31.12
84683654,0.049,-0.972,0.205,-3.908,2.626,-8.992,31.17
84697572,-0.004,-0.98,0.16,-5.573,0.26,-8.122,31.12
84706192,0.011,-0.999,0.173,-4.824,-0.122,-6.626,31.17
84716726,-0.013,-1.031,0.167,-2.489,0.824,-4.779,31.17
84729171,-0.034,-1.003,0.17,-0.702,0.275,-4.122,31.12
84737702,-0.038,-0.998,0.161,-0.168,-1.374,-3.679,31.26
84741134,-0.027,-0.996,0.179,-0.718,-4.122,-2.351,31.12
84752813,-0.035,-0.995,0.184,-0.427,-5.863,-0.855,31.17
84769571,-0.014,-1.003,0.173,-0.534,-6.779,1.237,31.21
84776394,-0.008,-0.979,0.167,0.58,-6.137,3.557,31.17
84784817,-0.008,-0.967,0.15,0.458,-7.832,6.427,31.12
84796912,-0.019,-0.956,0.135,0.672,-7.985,7.481,31.07
84807051,-0.023,-0.947,0.136,-0.855,-10.397,7.374,31.17
84813655,0.015,-0.945,0.168,-2.626,-11.908,6.229,31.21
84825335,0.015,-0.933,0.176,-4.641,-12.382,5.725,31.17
84836746,0.021,-0.935,0.164,-6.87,-14.046,4.718,31.12
84843192,0.046,-0.95,0.141,-8.061,-14.809,3.237,31.17
84850525,0.063,-0.978,0.128,-7.771,-14.534,2.611,31.12
84864316,0.075,-0.988,0.118,-6.794,-13.847,2.687,31.17
84875381,0.098,-0.996,0.126,-5.771,-11.511,2.87,31.12
84884238,0.077,-0.981,0.14,-5.481,-9.832,2.885,31.17
84896587,0.044,-0.978,0.154,-7.023,-10.366,2.412,31.07
84905656,0.014,-0.954,0.17,-8.534,-10.992,1.191,31.12
84916062,-0.007,-0.959,0.151,-10.473,-13.466,0.977,31.17
84925261,0.023,-0.982,0.155,-11.191,-14.366,0.611,31.12
84935751,0.034,-0.986,0.154,-9.115,-11.832,0.702,31.07
84941255,0.019,-0.971,0.166,-7.405,-9.969,0.366,31.21
84953202,0.033,-0.988,0.174,-6.519,-9.252,-0.336,31.17
84970766,0.024,-0.987,0.186,-6.122,-9.328,0.382,31.21
84979956,0.034,-1.015,0.204,-5.908,-10.626,0.397,31.17
84985820,0.012,-1.015,0.181,-4.397,-10.076,1.45,31.17
84997180,0.018,-1.015,0.182,-2.183,-8.87,2.076,31.17
85005881,0.014,-0.994,0.172,-0.504,-8.153,2.351,31.17
85012315,0.003,-0.965,0.172,0.519,-7.237,2.595,31.12
85025167,-0.003,-0.957,0.163,-0.031,-8.183,2.275,31.07
85033648,0.007,-0.95,0.169,-0.885,-8.198,2.809,31.21
85044163,0.041,-0.974,0.186,-1.115,-8.122,3.084,31.07
85051215,0.011,-0.969,0.152,-1.084,-8.122,3.664,31.21
85067650,0.024,-0.98,0.126,-0.794,-8.489,4.198,31.07
85074164,0.033,-0.991,0.121,-0.061,-8.58,4.58,31.17
85084123,0.04,-0.981,0.138,0.489,-8.214,5.298,31.26
85099399,0.041,-0.958,0.131,0.901,-7.344,5.237,31.07
85104909,0.039,-0.932,0.14,-0.641,-7.16,4.656,31.21
85111723,0.036,-0.917,0.148,-3.008,-7.344,3.115,31.17
85124212,0.057,-0.94,0.146,-5.557,-8.076,1.115,31.21
85134568,0.052,-0.958,0.133,-8.443,-8.748,-0.382,31.17
85142566,0.086,-0.975,0.132,-9.725,-7.817,-2.656,31.12
85154731,0.071,-0.975,0.144,-10.855,-6.26,-4.29,31.17
85167041,0.05,-0.982,0.149,-11.542,-6.061,-5.939,31.17
85176140,0.013,-0.977,0.152,-12.931,-8.305,-5.664,31.07
85182965,0.052,-0.993,0.134,-12.031,-7.847,-5.664,31.17
85197465,0.047,-1.006,0.134,-9.527,-5.405,-5.328,31.12
85202618,0.023,-1.005,0.127,-6.611,-4.015,-4.977,31.17
85216039,0.009,-1.004,0.153,-5.42,-4.015,-4.321,31.12
85230570,0.0,-0.988,0.174,-4.763,-4.336,-3.847,31.07
85234323,-0.006,-0.984,0.165,-5.359,-5.924,-3.237,31.12
85238491,0.004,-0.984,0.161,-5.603,-6.992,-3.282,31.17
85251994,0.01,-0.993,0.154,-5.511,-7.985,-3.008,31.17
85266570,0.026,-0.973,0.183,-4.412,-5.221,-2.244,31.07
85275489,0.031,-0.969,0.173,-4.183,-3.786,-2.122,31.07
85286160,0.016,-0.976,0.179,-4.397,-2.412,-1.573,31.12
85296548,0.017,-0.965,0.153,-4.26,-1.878,-1.115,31.07
85304144,0.05,-0.97,0.157,-3.374,-0.168,-0.611,31.12
85314031,0.032,-0.964,0.129,-2.534,0.947,0.382,31.17
85324341,0.052,-0.998,0.125,-1.542,2.473,0.656,31.21
85332701,0.037,-0.967,0.154,-0.687,5.13,1.038,31.17
85342949,0.028,-0.945,0.165,-1.252,5.863,0.458,31.17
85350623,0.026,-0.969,0.138,-2.534,4.855,0.809,31.17
85364271,0.039,-0.983,0.13,-2.458,5.16,2.046,31.07
85373279,0.037,-0.996,0.101,-1.557,5.817,2.58,31.21
85389294,0.027,-0.999,0.124,-0.824,5.405,2.55,31.17
85398030,0.013,-0.975,0.14,-1.786,3.908,1.252,31.21
85402945,0.022,-0.976,0.149,-4.382,2.55,-0.58,31.07
85418159,0.071,-1.004,0.142,-6.855,1.969,-2.412,31.21
85428548,0.04,-1.042,0.127,-5.008,3.313,-3.908,31.26
85434499,0.024,-0.976,0.111,-8.779,3.42,-5.45,31.17
85441776,0.065,-0.995,0.151,-8.794,2.672,-7.191,31.17
85458746,0.043,-0.977,0.149,-8.931,1.649,-8.656,31.07
85465353,0.043,-0.984,0.129,-9.878,-1.725,-10.305,31.12
85473747,0.079,-0.981,0.143,-9.71,-2.718,-11.634,31.07
85488166,0.098,-0.975,0.185,-9.618,-1.649,-13.191,31.12
85495515,0.093,-0.971,0.173,-9.267,-1.023,-15.176,31.17
85502229,0.099,-0.969,0.161,-9.13,0.809,-16.672,31.21
85514273,0.093,-0.961,0.13,-9.588,0.214,-17.389,31.17
85523224,0.125,-0.959,0.168,-8.427,2.214,-19.405,31.17
85531953,0.088,-0.942,0.184,-8.519,2.595,-21.557,31.12
85544656,0.05,-0.951,0.149,-9.908,-0.107,-22.962,31.17
85558350,0.09,-0.975,0.153,-10.061,-1.45,-23.878,31.21
85567025,0.112,-0.999,0.173,-8.427,0.611,-23.389,31.26
85572679,0.112,-1.027,0.145,-6.382,3.313,-21.985,31.12
85588986,0.066,-1.04,0.111,-3.634,4.55,-18.901,31.17
85594291,0.038,-1.021,0.106,-2.366,4.58,-16.076,31.21
85606114,0.057,-1.021,0.128,-1.557,4.641,-14.641,31.07
85616819,0.05,-1.016,0.154,-1.42,5.481,-14.641,31.17
85624842,0.006,-1.006,0.128,-3.191,3.847,-14.702,31.17
85634393,0.017,-0.994,0.129,-5.71,1.756,-14.794,31.17
85641827,0.037,-0.981,0.132,-8.122,1.481,-14.58,31.12
85657341,0.073,-0.997,0.131,-9.038,4.427,-14.962,31.07
85666808,0.05,-0.976,0.114,-10.626,5.298,-15.405,31.12
85674677,0.077,-0.985,0.13,-12.321,5.16,-15.695,31.07
85688919,0.049,-0.978,0.097,-12.809,4.427,-16.519,31.12
85693843,0.058,-0.975,0.082,-14.015,-0.244,-14.901,31.17
85700310,0.097,-0.984,0.087,-13.496,-0.214,-13.298,31.07
85716083,0.099,-0.987,0.09,-10.947,1.466,-12.504,31.17
85724356,0.093,-0.982,0.088,-10.489,1.496,-10.26,31.17
85731543,0.122,-0.982,0.098,-9.588,2.244,-8.779,31.12
85746997,0.142,-1.001,0.12,-8.122,5.267,-8.427,31.17
85757496,0.127,-0.982,0.125,-7.298,7.313,-8.061,31.21
85764772,0.129,-0.982,0.128,-8.336,7.603,-9.038,31.17
85772330,0.1,-0.972,0.123,-9.359,6.397,-9.557,31.12
85786689,0.117,-0.985,0.104,-10.733,4.611,-10.489,31.17
85792281,0.138,-1.008,0.118,-10.137,4.947,-10.641,31.17
85809152,0.119,-0.989,0.111,-9.191,6.015,-10.519,31.17
85819248,0.119,-0.983,0.089,-8.611,6.183,-10.626,31.26
85822926,0.137,-0.982,0.109,-8.061,6.412,-10.229,31.12
85834536,0.125,-0.963,0.133,-7.985,6.244,-11.099,31.17
85841528,0.114,-0.959,0.117,-9.74,4.626,-12.947,31.12
85854361,0.126,-0.981,0.115,-10.366,2.672,-14.046,31.26
85863641,0.123,-0.985,0.102,-11.511,1.817,-14.26,31.12
85875805,0.144,-0.997,0.125,-10.611,2.611,-15.435,31.07
85889468,0.136,-0.964,0.128,-9.74,4.168,-14.84,31.17
85894339,0.15,-0.987,0.107,-9.008,4.366,-14.565,31.07
85909263,0.152,-1.005,0.108,-7.969,5.221,-13.954,31.21
85921287,0.137,-1.012,0.11,-6.092,4.916,-13.496,31.12
85924495,0.107,-0.996,0.079,-5.588,2.855,-13.725,31.17
85931510,0.121,-1.017,0.065,-5.893,-1.771,-13.313,31.21
85947237,0.157,-1.002,0.132,-5.74,-1.084,-12.809,31.07
85958692,0.141,-0.988,0.1,-7.053,-1.878,-13.053,31.21
85966906,0.131,-0.996,0.101,-8.824,-4.061,-12.931,31.17
85973229,0.151,-1.005,0.091,-9.832,-4.962,-13.267,31.07
85989184,0.172,-1.04,0.067,-9.053,-3.267,-13.267,31.07
85994360,0.17,-1.033,0.081,-7.496,-1.237,-12.534,31.12
86010652,0.13,-1.003,0.075,-7.832,-1.985,-13.267,31.21
86021021,0.136,-1.026,0.064,-10.305,-5.084,-14.244,31.07
86025584,0.159,-1.01,0.066,-11.969,-6.534,-14.107,31.12
86033194,0.177,-1.001,0.071,-13.237,-5.939,-14.015,31.17
86040234,0.192,-1.003,0.069,-15.038,-5.008,-14.885,31.12
86057581,0.17,-0.994,0.063,-17.359,-4.015,-15.023,31.07
86066607,0.171,-0.988,0.056,-19.664,-3.282,-15.649,31.17
86072838,0.163,-0.987,0.053,-20.992,-3.389,-16.137,31.07
86085948,0.161,-1.015,0.054,-22.0,-4.29,-16.656,31.12
86093282,0.132,-1.018,0.019,-21.985,-6.885,-16.107,31.12
86104501,0.184,-1.028,0.065,-20.962,-8.458,-13.893,31.17
86115612,0.201,-1.009,0.026,-19.527,-6.809,-12.046,31.12
86124375,0.17,-0.982,0.043,-19.389,-5.71,-10.29,31.17
86134512,0.205,-0.974,0.041,-21.557,-6.229,-10.412,31.21
86142169,0.201,-0.999,0.062,-23.099,-5.359,-10.534,31.17
86156621,0.197,-1.008,0.046,-23.725,-6.122,-11.191,31.17
86165126,0.193,-1.011,0.043,-23.511,-6.168,-12.107,31.07
86176125,0.17,-1.002,0.02,-22.198,-7.374,-12.183,31.21
86190312,0.202,-1.005,0.034,-20.336,-8.58,-11.145,31.21
86192630,0.198,-0.998,0.026,-19.13,-9.588,-10.137,31.17
86206247,0.191,-0.997,0.021,-18.504,-11.634,-9.282,31.21
86214213,0.224,-0.989,0.037,-16.916,-10.626,-8.947,31.17
86223511,0.26,-0.981,0.047,-16.29,-6.87,-8.672,31.12
86230493,0.219,-0.98,0.047,-16.092,-5.573,-8.351,31.17
86247507,0.243,-0.993,0.029,-16.641,-4.947,-9.176,31.17
86259325,0.21,-0.988,0.019,-16.031,-3.176,-8.855,31.17
86264499,0.209,-0.993,0.021,-17.359,-3.359,-8.901,31.21
86274520,0.192,-0.998,0.023,-16.595,-3.176,-8.153,31.12
86283825,0.219,-1.006,0.018,-16.183,-2.397,-8.779,31.07
86294176,0.199,-1.018,0.011,-15.008,-1.511,-8.427,31.12
86303411,0.182,-1.015,-0.013,-13.527,-1.542,-7.481,31.17
86313862,0.19,-1.001,0.015,-12.779,-1.893,-8.947,31.12
86322278,0.201,-0.991,0.022,-13.74,-3.267,-9.282,31.07
86332480,0.222,-0.998,0.026,-14.198,-3.511,-9.832,31.17
86345217,0.238,-1.007,0.006,-14.458,-3.359,-10.107,31.07
86356535,0.225,-1.005,0.019,-14.198,-2.656,-10.183,31.12
86364222,0.205,-0.995,0.007,-14.244,-2.992,-10.473,31.17
86371883,0.239,-1.005,-0.012,-13.71,-3.282,-11.023,31.17
86386268,0.253,-1.015,0.005,-11.282,-1.771,-10.076,31.12
86391497,0.262,-0.996,-0.014,-10.092,-1.206,-10.168,31.07
86406018,0.24,-1.008,-0.032,-9.756,-1.924,-10.504,31.21
86418235,0.272,-0.996,-0.002,-8.672,-1.527,-10.733,31.17
86422545,0.267,-0.988,-0.015,-8.214,-0.702,-11.695,31.12
86433615,0.276,-0.99,0.013,-8.947,-0.275,-12.641,31.17
86440507,0.272,-0.998,0.003,-9.557,0.519,-12.962,31.21
86454625,0.252,-0.99,-0.001,-10.229,0.473,-13.389,31.07
86462850,0.26,-1.004,-0.027,-9.863,1.16,-13.847,31.07
86474464,0.263,-1.023,-0.002,-8.473,1.649,-14.275,31.12
86487098,0.247,-1.018,-0.029,-7.008,1.466,-13.756,31.07
86493949,0.255,-1.007,-0.012,-6.214,1.038,-13.405,31.21
86506466,0.261,-0.994,-0.009,-5.649,1.466,-13.435,31.17
86515912,0.256,-0.995,-0.001,-5.42,1.863,-13.374,31.21
86523716,0.255,-0.992,-0.023,-6.595,2.046,-13.527,31.17
86530376,0.267,-1.001,-0.009,-7.45,2.473,-13.634,31.12
86545748,0.255,-0.999,-0.013,-7.756,2.84,-13.573,31.07
86557265,0.267,-1.014,-0.012,-7.588,2.84,-13.42,31.17
86562520,0.246,-1.019,-0.015,-6.931,2.198,-13.176,31.12
86578844,0.24,-1.008,-0.037,-5.908,1.71,-13.344,31.17
86588752,0.243,-1.003,-0.025,-5.634,-0.351,-13.16,31.12
86595424,0.279,-1.001,-0.01,-5.389,0.748,-13.832,31.17
86607024,0.255,-0.982,-0.028,-6.26,0.229,-13.053,31.21
86616637,0.284,-0.978,-0.019,-6.931,0.534,-13.466,31.17
86620873,0.289,-1.004,-0.028,-6.84,1.74,-13.145,31.12
86631964,0.299,-1.018,-0.008,-6.794,1.847,-12.397,31.17
86644750,0.268,-1.006,-0.03,-6.397,1.954,-12.687,31.21
86656337,0.283,-1.003,-0.02,-5.847,1.756,-13.298,31.21
86664449,0.287,-0.996,-0.03,-5.496,1.237,-12.779,31.07
86672846,0.302,-0.992,-0.011,-5.389,1.42,-14.015,31.21
86686550,0.291,-1.011,-0.017,-6.061,1.389,-14.092,31.26
86693891,0.28,-1.019,-0.023,-7.038,0.244,-13.191,31.21
86706506,0.28,-1.003,-0.012,-7.42,0.0,-13.191,31.17
86717781,0.294,-1.002,-0.011,-8.061,-0.565,-13.435,31.21
86721983,0.298,-1.005,0.003,-7.771,0.229,-14.748,31.17
86733992,0.279,-1.0,0.004,-7.649,-0.992,-15.13,31.12
86745758,0.277,-1.012,-0.032,-6.733,-2.214,-15.695,31.17
86756548,0.329,-1.005,-0.014,-4.901,-2.733,-14.244,31.17
86761720,0.325,-0.979,-0.025,-3.893,-1.176,-13.252,31.21
86780251,0.325,-0.972,-0.018,-4.443,-2.214,-12.748,31.07
86787832,0.331,-0.983,-0.03,-5.282,-1.649,-12.489,31.12
86793402,0.333,-0.989,-0.025,-4.519,-0.748,-10.992,31.17
86804230,0.306,-0.969,-0.016,-5.405,-1.542,-11.802,31.12
86811906,0.29,-0.968,-0.048,-7.16,-3.771,-13.176,31.17
86823512,0.305,-0.992,-0.034,-7.847,-6.382,-13.786,31.21
86830034,0.334,-0.981,-0.036,-6.931,-5.298,-13.145,31.17
86844806,0.338,-0.976,-0.073,-7.038,-4.733,-13.679,31.17
86855794,0.333,-0.999,-0.059,-6.382,-4.87,-13.618,31.12
86862213,0.346,-0.995,-0.051,-5.191,-4.412,-11.527,31.17
86878235,0.351,-0.992,-0.067,-5.649,-3.969,-12.26,31.21
86885435,0.325,-0.996,-0.042,-5.832,-3.985,-11.71,31.17
86899535,0.349,-0.979,-0.056,-7.206,-4.244,-12.595,31.12
86908695,0.355,-1.007,-0.048,-7.664,-3.557,-12.901,31.26
86916088,0.315,-0.979,-0.051,-7.328,-2.733,-12.076,31.21
86924315,0.351,-0.992,-0.1,-9.023,-2.656,-14.122,30.98
86931179,0.362,-1.024,-0.083,-8.901,-1.939,-14.84,31.17
86950678,0.341,-1.011,-0.057,-6.076,-0.29,-12.351,31.21
86958143,0.339,-0.984,-0.061,-5.74,0.351,-11.634,31.17
86964121,0.374,-0.983,-0.061,-7.435,-0.321,-15.176,31.12
86976191,0.337,-0.994,-0.051,-7.42,0.168,-14.046,31.17
86983961,0.37,-0.975,-0.058,-7.511,-0.473,-14.29,31.12
86995326,0.385,-0.984,-0.069,-8.885,0.275,-15.359,31.07
87006244,0.375,-0.987,-0.063,-8.534,0.595,-14.641,31.12
87015090,0.375,-0.998,-0.093,-7.115,1.924,-14.229,31.26
87020594,0.393,-1.004,-0.051,-6.076,2.55,-13.145,31.17
87033710,0.375,-0.988,-0.048,-4.916,3.496,-12.855,31.12
87047259,0.357,-0.964,-0.063,-4.809,2.931,-13.13,31.07
87052481,0.377,-0.985,-0.045,-5.74,1.664,-13.618,31.12
87066292,0.395,-0.99,-0.038,-5.542,2.84,-12.641,31.17
87080591,0.373,-0.978,-0.063,-6.443,3.298,-13.191,31.12
87084528,0.388,-0.988,-0.074,-7.771,2.275,-13.496,31.17
87097187,0.392,-1.003,-0.069,-6.885,3.344,-13.115,31.12
87105264,0.397,-0.995,-0.035,-6.275,5.053,-12.504,31.17
87113134,0.379,-0.974,-0.035,-5.588,6.198,-12.214,31.21
87122633,0.343,-0.984,-0.07,-5.893,4.641,-11.786,31.12
87136938,0.355,-0.987,-0.058,-4.107,2.641,-10.916,31.17
87150350,0.385,-0.972,-0.055,-2.947,2.107,-9.405,31.12
87155066,0.381,-0.961,-0.071,-2.962,2.153,-9.206,31.17
87162393,0.371,-0.947,-0.052,-4.336,2.046,-9.802,31.12
87175943,0.398,-0.972,-0.067,-4.992,2.275,-9.863,31.17
87181853,0.378,-0.955,-0.064,-5.45,2.977,-8.229,31.21
87195133,0.381,-0.95,-0.069,-5.74,2.397,-8.901,31.17
87207121,0.367,-0.941,-0.072,-6.076,0.305,-8.794,31.17
87213047,0.398,-0.934,-0.089,-6.305,-0.214,-9.71,31.21
87219755,0.417,-0.982,-0.077,-5.45,-0.779,-8.305,31.17
87241901,0.414,-0.967,-0.081,-5.954,0.015,-7.802,31.12
87252195,0.415,-0.981,-0.088,-6.153,0.229,-6.687,31.07
87254203,0.388,-0.969,-0.091,-6.641,-0.58,-6.412,31.12
87264408,0.409,-0.967,-0.08,-7.13,-0.55,-7.176,31.17
87274332,0.425,-0.983,-0.082,-7.527,0.366,-9.344,31.21
87283947,0.395,-0.971,-0.091,-7.481,0.336,-7.939,31.07
87295629,0.426,-0.971,-0.078,-8.107,-0.168,-7.099,31.17
87305533,0.421,-0.983,-0.092,-9.924,-0.168,-8.84,31.12
87310875,0.413,-0.993,-0.097,-8.275,0.473,-7.481,31.17
87322198,0.406,-0.974,-0.083,-8.519,-0.321,-7.466,31.12
87334989,0.424,-0.94,-0.086,-9.42,-0.168,-8.046,31.17
87345109,0.41,-0.96,-0.083,-9.053,0.336,-8.489,31.12
87354485,0.419,-0.951,-0.077,-9.725,0.366,-8.443,31.17
87367609,0.403,-0.939,-0.1,-11.405,-1.282,-8.427,31.12
87374881,0.41,-0.985,-0.083,-10.244,-2.382,-8.031,31.02
87381947,0.406,-0.951,-0.074,-10.214,-2.656,-7.145,31.26
87393817,0.439,-0.974,-0.085,-8.702,-2.519,-7.282,31.12
87404721,0.424,-0.958,-0.087,-8.26,-1.771,-7.74,31.17
87411873,0.428,-0.936,-0.089,-10.0,-2.244,-8.656,31.21
87428665,0.434,-0.988,-0.092,-8.366,-1.756,-8.061,31.17
87445261,0.438,-0.97,-0.075,-8.504,-1.527,-7.267,31.12
87447990,0.445,-0.969,-0.084,-8.519,-0.947,-6.779,31.12
87452823,0.435,-0.953,-0.088,-9.74,-0.595,-7.389,31.07
87468616,0.406,-0.997,-0.092,-6.992,-1.542,-6.153,31.21
87474059,0.436,-0.973,-0.092,-6.168,-0.473,-5.74,31.17
87485283,0.439,-0.92,-0.09,-8.168,-1.374,-6.427,31.12
87495977,0.439,-0.967,-0.082,-6.351,-1.634,-5.908,31.17
87504023,0.44,-0.962,-0.113,-7.176,-0.076,-6.046,31.26
87513693,0.445,-0.949,-0.095,-7.756,0.244,-5.878,31.17
87520800,0.42,-0.964,-0.103,-8.412,1.313,-6.244,31.07
87535849,0.425,-0.972,-0.094,-8.382,1.573,-6.351,31.12
87545404,0.406,-0.992,-0.112,-6.595,1.557,-4.641,31.17
87553716,0.427,-0.974,-0.121,-6.397,1.42,-5.863,31.21
87567053,0.43,-0.971,-0.111,-5.328,1.573,-4.977,31.17
87572674,0.424,-0.954,-0.109,-7.664,0.687,-6.183,31.12
87586387,0.458,-0.979,-0.099,-7.16,1.221,-5.45,31.17
87598195,0.443,-0.965,-0.094,-7.481,2.29,-4.855,31.17
87604172,0.436,-0.977,-0.093,-8.687,2.916,-4.595,31.17
87611237,0.432,-0.973,-0.102,-9.573,4.076,-5.038,31.17
87626863,0.432,-0.968,-0.101,-11.313,3.985,-7.099,31.21
87639008,0.421,-0.979,-0.092,-9.618,4.29,-5.725,31.17
87643826,0.407,-0.952,-0.106,-9.038,2.916,-6.244,31.12
87653656,0.429,-0.946,-0.094,-8.809,2.366,-6.443,31.17
87664801,0.461,-0.95,-0.073,-8.992,3.527,-6.916,31.12
87671252,0.445,-0.938,-0.072,-9.573,4.092,-6.351,31.17
87687095,0.457,-0.949,-0.088,-8.382,5.206,-5.603,31.17
87695067,0.43,-0.941,-0.127,-6.87,4.733,-5.16,31.12
87703357,0.439,-0.949,-0.108,-4.443,4.29,-3.115,31.17
87713957,0.43,-0.935,-0.098,-2.412,3.664,-2.931,31.12
87721354,0.442,-0.925,-0.121,-2.076,2.916,-2.565,31.07
87734337,0.446,-0.932,-0.116,-2.809,1.71,-2.534,31.12
87743610,0.448,-0.935,-0.105,-1.756,1.893,-1.466,31.17
87754856,0.45,-0.941,-0.133,-2.489,1.527,-1.267,31.12
87764566,0.444,-0.947,-0.125,-2.092,1.267,-1.557,31.17
87773923,0.456,-0.958,-0.122,-1.847,1.267,-0.794,31.17
87786218,0.444,-0.955,-0.107,-0.611,2.305,0.58,31.12
87797399,0.45,-0.95,-0.103,-0.656,3.069,1.115,31.17
87804762,0.451,-0.954,-0.109,-1.313,3.481,0.519,31.21
87811914,0.437,-0.968,-0.118,-2.198,2.397,0.702,31.17
87828077,0.45,-0.976,-0.118,-2.656,2.672,0.198,31.21
87834529,0.441,-0.972,-0.123,-2.885,2.595,0.107,31.17
87844115,0.438,-0.944,-0.102,-3.145,1.786,0.321,31.21
87858402,0.451,-0.955,-0.105,-2.916,1.924,0.046,31.12
87863763,0.438,-0.973,-0.111,-2.229,1.679,0.809,31.17
87881501,0.452,-0.97,-0.098,-1.466,1.176,0.84,31.21
87892039,0.445,-0.959,-0.107,-1.496,-0.229,0.947,31.17
87894809,0.455,-0.952,-0.104,-1.893,-1.145,0.214,31.12
87902828,0.453,-0.956,-0.118,-2.641,-2.214,-0.351,31.17
87909821,0.481,-0.96,-0.087,-2.916,-1.527,-0.336,31.21
87926702,0.46,-0.962,-0.11,-3.695,-1.313,-0.198,31.07
87936125,0.454,-0.975,-0.121,-3.466,-3.053,-0.061,31.17
87943284,0.467,-0.982,-0.11,-2.137,-3.298,-0.015,31.21
87960072,0.474,-0.98,-0.102,-1.405,-3.511,-0.168,31.17
87962091,0.466,-0.956,-0.116,-1.542,-3.267,-0.351,31.21
87977125,0.493,-0.957,-0.1,-2.84,-3.588,-0.794,31.07
87987441,0.468,-0.955,-0.121,-3.71,-3.038,-1.45,31.21
87993328,0.462,-0.982,-0.13,-5.45,-3.557,-3.069,31.17
88004829,0.45,-0.961,-0.125,-4.565,-3.74,-1.863,31.21
88018372,0.461,-0.958,-0.123,-4.489,-3.588,-1.313,31.12
88026703,0.467,-0.961,-0.101,-4.397,-3.282,-1.435,31.17
88033697,0.452,-0.973,-0.134,-4.87,-3.206,-2.092,31.21
88044510,0.448,-0.965,-0.126,-3.42,-2.977,-1.511,31.17
88054493,0.449,-0.962,-0.132,-4.534,-5.084,-0.809,31.21
88064826,0.475,-0.968,-0.112,-4.809,-4.244,-1.817,31.07
88074602,0.42,-0.957,-0.126,-4.702,-3.908,-1.176,31.12
88086384,0.442,-0.956,-0.126,-6.901,-3.771,-1.893,31.17
88094092,0.442,-0.968,-0.122,-7.115,-4.382,-1.878,31.17
88101217,0.444,-0.975,-0.136,-6.427,-4.947,-1.649,31.12
88115026,0.46,-0.984,-0.134,-4.901,-3.832,-1.618,31.17
88125849,0.441,-0.965,-0.126,-3.756,-4.092,-0.779,31.21
88133922,0.456,-0.91,-0.115,-6.534,-4.061,-1.344,31.17
88146364,0.479,-0.963,-0.099,-4.885,-3.649,-1.924,31.17
88154666,0.477,-0.949,-0.121,-5.802,-2.382,-1.832,31.17
88165388,0.447,-0.958,-0.133,-7.405,-2.565,-2.687,31.21
88175131,0.461,-0.979,-0.146,-7.466,-4.321,-2.351,31.12
88184416,0.47,-1.016,-0.125,-5.206,-4.076,-2.901,31.17
88190921,0.459,-0.975,-0.14,-3.481,-2.702,-1.786,31.21
88203271,0.471,-0.943,-0.149,-6.29,-3.344,-3.359,31.17
88216308,0.471,-0.954,-0.128,-7.115,-3.527,-4.321,31.21
88224705,0.487,-0.949,-0.137,-7.282,-1.618,-4.809,31.17
88232679,0.465,-0.946,-0.135,-9.527,-2.061,-6.382,31.17
88245827,0.464,-0.964,-0.15,-10.229,-2.244,-7.206,31.17
88254571,0.458,-0.985,-0.177,-9.557,-2.84,-6.519,31.17
88267363,0.463,-0.981,-0.164,-7.664,-2.153,-6.061,31.21
88277237,0.415,-0.932,-0.161,-8.702,-5.237,-5.191,31.17
88281645,0.508,-0.959,-0.151,-9.527,-3.496,-8.26,31.02
88292802,0.479,-0.96,-0.128,-10.672,-2.153,-7.817,31.17
88299828,0.495,-0.957,-0.133,-12.122,-0.779,-8.489,31.21
88316999,0.479,-0.953,-0.141,-13.176,0.489,-9.573,31.07
88325024,0.475,-0.964,-0.146,-12.656,0.748,-9.176,31.17
88334603,0.454,-0.985,-0.159,-9.878,0.198,-11.145,31.21
88346237,0.438,-0.967,-0.162,-7.405,-2.229,-9.878,31.07
88351545,0.52,-0.94,-0.146,-8.29,-4.351,-11.45,31.12
88367811,0.484,-0.924,-0.141,-8.229,-3.267,-11.496,31.26
88378081,0.545,-0.928,-0.119,-9.878,-0.901,-12.214,31.21
88382218,0.491,-0.915,-0.125,-11.191,0.733,-12.718,31.17
88394220,0.501,-0.949,-0.153,-12.641,1.023,-14.153,31.12
88407363,0.491,-0.999,-0.149,-11.145,0.183,-14.336,31.17
88418500,0.472,-0.994,-0.177,-6.916,0.26,-13.588,31.17
88423726,0.485,-0.971,-0.173,-4.183,-1.618,-13.237,31.21
88435391,0.5,-0.896,-0.154,-5.527,-1.282,-13.267,31.07
88447114,0.537,-0.95,-0.136,-5.237,0.473,-14.214,31.12
88452486,0.51,-0.933,-0.144,-7.298,1.832,-13.939,31.17
88466159,0.479,-0.932,-0.166,-8.962,2.168,-13.664,31.21
88478519,0.497,-0.956,-0.172,-8.626,1.42,-14.031,31.17
88484210,0.479,-0.947,-0.167,-7.221,1.282,-13.557,31.12
88490734,0.495,-0.943,-0.173,-6.366,1.099,-14.061,31.12
88506053,0.483,-0.924,-0.175,-5.908,1.206,-14.336,31.17
88517644,0.499,-0.92,-0.175,-6.84,0.748,-15.206,31.21
88522635,0.497,-0.93,-0.177,-7.908,1.115,-14.947,31.26
88538373,0.514,-0.943,-0.175,-7.817,2.809,-14.916,31.12
88548739,0.495,-0.956,-0.193,-7.344,3.817,-13.679,31.07
88554707,0.48,-0.945,-0.185,-5.969,3.664,-12.427,31.21
88564962,0.503,-0.944,-0.182,-5.481,3.878,-12.489,31.26
88576785,0.505,-0.956,-0.177,-6.092,4.458,-14.092,31.21
88581302,0.492,-0.941,-0.184,-6.656,4.87,-12.107,31.12
88592851,0.499,-0.927,-0.181,-7.847,6.489,-11.863,31.26
88612372,0.531,-0.927,-0.163,-8.26,6.672,-13.13,31.21
88620301,0.528,-0.944,-0.171,-9.405,7.527,-13.328,31.26
88624976,0.514,-0.957,-0.179,-9.13,8.595,-12.351,31.12
88638240,0.515,-0.941,-0.183,-7.878,8.412,-10.763,31.17
88645861,0.535,-0.928,-0.188,-7.13,8.458,-10.87,31.21
88651609,0.498,-0.905,-0.172,-6.351,8.382,-10.366,31.17
88667482,0.546,-0.892,-0.162,-7.115,8.443,-10.779,31.21
88677335,0.532,-0.911,-0.159,-7.756,9.115,-10.824,31.21
88683279,0.557,-0.932,-0.172,-8.489,9.298,-11.16,31.17
88694727,0.532,-0.917,-0.161,-7.588,11.863,-10.244,31.21
88706760,0.54,-0.927,-0.164,-7.328,11.969,-9.802,31.17
88717017,0.519,-0.932,-0.17,-6.656,11.511,-10.519,31.21
88722115,0.533,-0.919,-0.169,-5.878,11.069,-11.359,31.17
88738518,0.548,-0.931,-0.152,-5.603,11.74,-13.069,31.21
88749274,0.546,-0.903,-0.168,-5.618,11.802,-12.55,31.17
88754428,0.54,-0.906,-0.166,-6.519,11.969,-13.466,31.21
88765854,0.562,-0.915,-0.159,-7.008,11.664,-13.267,31.17
88773649,0.547,-0.934,-0.179,-6.763,13.206,-12.87,31.17
88783933,0.563,-0.938,-0.153,-5.603,13.252,-12.626,31.12
88790636,0.563,-0.922,-0.156,-4.809,15.496,-13.863,31.17
88808624,0.543,-0.912,-0.16,-4.779,14.977,-14.046,31.12
88822900,0.555,-0.906,-0.171,-5.771,13.557,-14.992,31.17
88824882,0.572,-0.928,-0.167,-5.191,14.092,-15.023,31.21
88834327,0.551,-0.932,-0.188,-3.557,13.634,-13.878,31.17
88848090,0.545,-0.917,-0.171,-1.466,12.672,-12.718,31.31
88853497,0.579,-0.884,-0.167,-0.779,12.748,-12.595,31.17
88864827,0.566,-0.882,-0.155,-1.802,12.733,-13.725,31.26
88875309,0.587,-0.88,-0.15,-3.359,13.45,-14.305,31.12
88885105,0.586,-0.905,-0.154,-5.008,14.565,-16.275,31.17
88891781,0.564,-0.912,-0.162,-4.092,14.443,-13.679,31.21
88906218,0.552,-0.916,-0.188,-2.626,13.435,-11.832,31.17
88920523,0.572,-0.926,-0.161,-0.763,12.794,-10.427,31.21
88925790,0.551,-0.898,-0.144,-0.076,12.55,-10.046,31.26
88931343,0.572,-0.886,-0.153,-0.901,11.74,-9.954,31.21
88946548,0.573,-0.897,-0.136,-2.855,11.71,-10.29,31.07
88954735,0.593,-0.906,-0.139,-3.359,13.145,-10.244,31.17
88964698,0.566,-0.909,-0.141,-4.122,13.634,-10.092,31.12
88975119,0.533,-0.888,-0.166,-5.13,12.061,-9.893,31.26
88982807,0.553,-0.904,-0.164,-5.481,8.901,-8.565,31.21
88993443,0.572,-0.912,-0.169,-4.061,8.626,-7.603,31.17
89000531,0.554,-0.907,-0.157,-2.198,7.466,-5.374,31.21
89016776,0.578,-0.875,-0.153,-1.878,7.282,-4.824,31.17
89024953,0.589,-0.873,-0.155,-3.664,6.824,-4.931,31.12
89036124,0.591,-0.891,-0.145,-5.13,7.267,-5.023,31.12
89048711,0.586,-0.886,-0.149,-5.939,7.756,-5.069,31.07
89054247,0.575,-0.881,-0.16,-7.298,7.481,-4.718,31.12
89064261,0.566,-0.902,-0.157,-7.069,5.908,-3.954,31.17
89073706,0.569,-0.899,-0.178,-4.794,4.458,-1.985,31.21
89084033,0.572,-0.902,-0.147,-3.542,3.389,-1.115,31.17
89090981,0.594,-0.871,-0.151,-3.771,2.84,-1.328,31.21
89103081,0.594,-0.888,-0.139,-5.588,2.473,-1.634,31.07
89115408,0.593,-0.872,-0.148,-6.55,1.634,-1.053,31.17
89123354,0.593,-0.902,-0.181,-8.0,2.031,-1.603,31.21
89139853,0.575,-0.922,-0.192,-6.489,-0.29,0.687,31.17
89147183,0.582,-0.907,-0.197,-4.87,-2.641,1.542,31.21
89154776,0.568,-0.852,-0.198,-6.366,-4.885,1.954,31.26
89163858,0.606,-0.893,-0.182,-6.0,-6.947,1.542,31.21
89174832,0.612,-0.893,-0.179,-7.511,-7.878,0.931,31.17
89182725,0.623,-0.902,-0.189,-9.695,-8.611,0.702,31.12
89193792,0.647,-0.927,-0.172,-11.053,-7.374,0.84,31.21
89200866,0.632,-0.908,-0.148,-11.435,-6.489,1.71,31.26
89214590,0.617,-0.907,-0.209,-11.802,-6.565,0.611,31.12
89221732,0.574,-0.943,-0.217,-9.084,-11.191,1.145,31.17
89233842,0.627,-0.949,-0.214,-6.122,-15.023,0.992,31.21
89245067,0.637,-0.89,-0.203,-4.153,-14.489,0.84,31.17
89254968,0.669,-0.849,-0.195,-7.969,-17.389,1.115,31.12
89265976,0.709,-0.896,-0.163,-8.992,-13.603,-1.618,31.12
89273581,0.666,-0.87,-0.178,-14.336,-11.924,-2.656,31.17
89283199,0.666,-0.896,-0.177,-17.069,-9.939,-4.763,31.21
89289902,0.631,-0.935,-0.186,-19.344,-10.84,-6.183,31.17
89306424,0.612,-0.941,-0.181,-15.954,-10.336,-7.42,31.12
89316322,0.59,-0.909,-0.21,-13.725,-12.626,-8.031,31.26
89321810,0.595,-0.934,-0.212,-13.405,-14.611,-9.557,31.17
89338729,0.646,-0.915,-0.188,-11.924,-13.466,-10.977,31.17
89345123,0.649,-0.87,-0.155,-14.0,-10.702,-12.321,31.26
89354856,0.658,-0.89,-0.19,-15.71,-8.366,-14.229,31.12
89366242,0.6,-0.879,-0.202,-18.809,-9.038,-14.855,31.07
89377897,0.62,-0.92,-0.209,-14.748,-8.824,-15.588,31.12
89383800,0.619,-0.91,-0.205,-11.679,-8.26,-16.626,31.26
89390008,0.634,-0.885,-0.18,-12.519,-8.519,-17.985,31.12
89406318,0.634,-0.842,-0.183,-10.443,-7.13,-18.29,31.17
89417689,0.638,-0.886,-0.193,-12.031,-5.908,-21.008,31.17
89422534,0.638,-0.883,-0.205,-10.794,-4.336,-20.84,31.12
89435044,0.645,-0.905,-0.242,-10.565,-3.16,-19.802,31.17
89446347,0.645,-0.931,-0.218,-10.015,-3.023,-19.649,31.21
89452669,0.648,-0.89,-0.22,-7.817,-0.656,-19.328,31.17
89472970,0.618,-0.862,-0.233,-8.366,-1.359,-20.641,31.21
89484255,0.646,-0.838,-0.205,-8.916,-0.656,-23.298,31.26
89494124,0.66,-0.849,-0.194,-9.328,1.145,-25.069,31.12
89498258,0.646,-0.865,-0.216,-7.695,3.74,-24.595,31.17
89503205,0.647,-0.857,-0.239,-4.992,3.771,-22.947,31.17
89510365,0.621,-0.875,-0.262,-4.366,3.863,-22.107,31.12
89528570,0.67,-0.867,-0.212,-3.481,4.473,-22.519,31.17
89537034,0.641,-0.834,-0.231,-3.695,6.718,-22.763,31.12
89543271,0.655,-0.842,-0.23,-3.405,7.435,-23.985,31.26
89558075,0.648,-0.838,-0.209,-2.977,9.42,-24.977,31.12
89569844,0.643,-0.828,-0.21,-2.779,10.382,-25.252,31.07
89575574,0.629,-0.843,-0.238,-2.916,10.687,-24.84,31.17
89586275,0.614,-0.857,-0.241,-2.824,8.748,-23.115,31.31
89597924,0.657,-0.849,-0.22,-1.45,8.687,-21.206,31.17
89602553,0.677,-0.845,-0.211,0.366,11.74,-20.412,31.21
89611967,0.676,-0.849,-0.205,1.374,13.588,-20.427,31.17
89625894,0.668,-0.837,-0.212,1.71,15.374,-20.885,31.12
89637740,0.656,-0.815,-0.189,1.008,16.061,-19.969,31.17
89644098,0.665,-0.792,-0.21,-1.771,16.458,-19.74,31.21
89660156,0.643,-0.814,-0.227,-4.641,15.618,-18.855,31.21
89670494,0.671,-0.84,-0.222,-4.015,16.229,-17.069,31.17
89673106,0.658,-0.86,-0.194,-2.733,16.168,-14.916,31.12
89687241,0.663,-0.83,-0.175,-0.244,18.183,-15.069,31.07
89695207,0.642,-0.791,-0.201,0.565,16.565,-14.779,31.17
89702613,0.666,-0.807,-0.207,0.046,16.061,-14.962,31.17
89713498,0.68,-0.818,-0.19,-0.305,17.45,-14.58,31.21
89721026,0.622,-0.792,-0.216,-3.496,15.893,-12.779,31.12
89737463,0.672,-0.803,-0.185,-6.137,14.031,-11.359,31.26
89742739,0.681,-0.847,-0.179,-6.473,16.687,-8.931,31.21
89754301,0.671,-0.837,-0.161,-4.611,17.71,-6.183,31.07
89766253,0.65,-0.811,-0.178,-2.305,18.443,-5.664,31.12
89773036,0.641,-0.813,-0.196,-1.115,16.534,-5.252,31.07
89787100,0.679,-0.798,-0.179,-0.565,15.847,-4.824,31.17
89794800,0.662,-0.801,-0.192,-1.939,14.58,-4.168,31.17
89803245,0.669,-0.809,-0.181,-3.145,14.015,-2.382,31.17
89810407,0.703,-0.81,-0.188,-3.878,15.023,-0.55,31.21
89826521,0.684,-0.863,-0.194,-3.664,16.26,0.672,31.17
89842798,0.646,-0.844,-0.18,-1.344,15.038,2.153,31.21
89847530,0.665,-0.78,-0.197,-0.58,13.908,1.908,31.17
89856870,0.66,-0.8,-0.191,-1.038,12.916,1.359,31.12
89869530,0.685,-0.796,-0.177,-1.038,11.985,1.603,31.26
89875154,0.651,-0.794,-0.202,-3.008,9.679,2.595,31.17
89882402,0.68,-0.806,-0.176,-4.84,7.527,3.969,31.21
89894892,0.717,-0.831,-0.193,-6.244,9.695,4.351,31.26
89904834,0.684,-0.861,-0.199,-5.206,9.893,6.397,31.21
89913174,0.676,-0.836,-0.192,-3.344,9.344,8.519,31.17
89920478,0.696,-0.818,-0.18,-2.427,8.718,8.809,31.12
89937272,0.686,-0.798,-0.182,-3.16,7.038,9.45,31.17
89945449,0.702,-0.802,-0.173,-4.275,6.519,9.206,31.21
89956395,0.72,-0.818,-0.186,-6.0,6.198,9.176,31.17
89969619,0.714,-0.839,-0.186,-6.901,5.542,9.863,31.07
89975474,0.726,-0.839,-0.182,-6.626,5.313,10.427,31.31
89985141,0.709,-0.851,-0.182,-5.756,4.656,11.13,31.26
89994429,0.711,-0.82,-0.186,-4.779,4.305,11.038,31.12
90004457,0.729,-0.806,-0.161,-4.947,4.092,10.672,31.17
90011214,0.706,-0.817,-0.163,-6.26,4.092,10.046,31.21
90024369,0.716,-0.831,-0.178,-7.176,2.794,9.832,31.26
90038420,0.717,-0.847,-0.181,-6.794,1.359,10.855,31.17
90045119,0.723,-0.863,-0.169,-5.542,0.901,11.679,31.21
90052786,0.725,-0.85,-0.162,-3.725,1.664,11.756,31.07
90066728,0.711,-0.832,-0.185,-3.405,1.908,10.916,31.12
90074992,0.715,-0.814,-0.177,-3.191,1.466,10.015,31.17
90086354,0.681,-0.822,-0.176,-3.405,0.351,9.008,31.21
90094814,0.708,-0.833,-0.174,-4.275,-1.16,8.519,31.17
90103635,0.697,-0.848,-0.188,-4.244,-1.725,8.137,31.12
90114196,0.687,-0.846,-0.197,-4.626,-4.443,8.275,31.21
90121253,0.709,-0.864,-0.183,-4.275,-4.107,7.359,31.17
90138344,0.697,-0.865,-0.183,-4.351,-3.969,7.298,31.21
90145531,0.709,-0.854,-0.179,-4.504,-3.679,6.611,31.26
90155772,0.688,-0.859,-0.177,-4.351,-3.634,6.489,31.21
90168657,0.684,-0.841,-0.181,-3.924,-4.229,6.473,31.26
90175029,0.688,-0.843,-0.184,-4.29,-5.191,6.947,31.12
90181857,0.696,-0.854,-0.174,-3.74,-4.962,6.824,31.26
90193969,0.673,-0.844,-0.2,-4.137,-5.664,7.344,31.17
90204808,0.691,-0.853,-0.192,-3.649,-6.244,6.718,31.21
90211780,0.674,-0.849,-0.2,-3.084,-5.802,6.397,31.26
90228640,0.684,-0.846,-0.171,-3.588,-5.817,5.618,31.21
90239664,0.679,-0.849,-0.178,-3.725,-4.855,5.389,31.17
90245179,0.668,-0.849,-0.185,-4.0,-4.733,5.649,31.17
90254818,0.658,-0.854,-0.196,-3.802,-4.809,6.092,31.17
90268802,0.645,-0.864,-0.2,-2.031,-6.0,7.42,31.17
90274721,0.658,-0.852,-0.203,0.351,-6.656,8.672,31.31
90286147,0.658,-0.855,-0.188,0.824,-6.656,8.718,31.17
90296942,0.655,-0.843,-0.185,0.519,-7.252,9.267,31.12
90304722,0.667,-0.841,-0.183,-0.519,-5.847,8.779,31.07
90314644,0.654,-0.859,-0.18,-1.878,-5.542,8.824,31.21
90323704,0.625,-0.856,-0.196,-2.794,-6.107,8.718,31.17
90336037,0.619,-0.851,-0.183,-2.153,-6.595,9.557,31.17
90344995,0.646,-0.857,-0.178,-0.687,-6.672,9.496,31.02
90355784,0.617,-0.863,-0.186,0.55,-7.359,10.382,31.17
90365731,0.649,-0.849,-0.179,0.611,-7.573,9.908,31.21
90373868,0.641,-0.867,-0.174,0.366,-6.534,9.42,31.17
90385631,0.65,-0.859,-0.177,-0.397,-5.863,9.344,31.21
90396315,0.631,-0.857,-0.192,-0.947,-5.191,9.496,31.17
90403998,0.588,-0.861,-0.219,-1.847,-8.031,10.58,31.21
90412316,0.628,-0.879,-0.188,-0.229,-10.031,12.076,31.26
90427924,0.635,-0.89,-0.182,2.55,-8.29,12.763,31.07
90437191,0.628,-0.865,-0.193,4.779,-9.084,13.557,31.21
90444789,0.617,-0.878,-0.207,4.992,-9.298,13.756,31.17
90452211,0.649,-0.862,-0.192,5.725,-8.58,12.702,31.21
90465444,0.636,-0.864,-0.206,4.55,-7.954,12.305,31.17
90473751,0.614,-0.861,-0.22,2.824,-9.405,12.26,31.21
90485270,0.653,-0.896,-0.193,1.206,-9.374,11.649,31.17
90493237,0.636,-0.896,-0.199,1.511,-7.634,12.0,31.21
90504457,0.635,-0.888,-0.198,1.634,-7.13,12.198,31.21
90509819,0.619,-0.901,-0.225,2.489,-7.924,11.237,31.17
90522330,0.615,-0.901,-0.235,3.008,-10.412,11.038,31.21
90537509,0.635,-0.893,-0.226,3.206,-10.809,9.557,31.17
90543379,0.635,-0.877,-0.232,3.13,-11.206,8.595,31.12
90555863,0.65,-0.872,-0.217,1.206,-11.588,7.359,31.17
90567122,0.645,-0.867,-0.215,-1.328,-10.809,7.099,31.21
90573528,0.659,-0.858,-0.203,-4.031,-9.603,6.565,31.17
90587186,0.641,-0.894,-0.217,-4.794,-9.237,5.435,31.21
90594779,0.594,-0.919,-0.243,-4.321,-10.947,6.046,31.12
90602693,0.635,-0.936,-0.235,-2.26,-12.565,5.466,31.17
90612396,0.652,-0.921,-0.225,-1.924,-11.588,3.954,31.21
90626272,0.645,-0.891,-0.211,-2.931,-11.176,2.473,31.07
90635216,0.66,-0.872,-0.217,-7.511,-9.42,0.55,31.21
90644491,0.628,-0.899,-0.22,-9.847,-7.878,-0.641,31.26
90660571,0.656,-0.916,-0.209,-10.855,-6.611,-2.0,31.12
90671140,0.604,-0.931,-0.249,-9.74,-6.672,-1.878,31.26
90673319,0.622,-0.907,-0.241,-6.718,-8.916,-1.74,31.07
90684960,0.64,-0.884,-0.225,-6.443,-9.969,-3.573,31.21
90699156,0.64,-0.884,-0.221,-5.924,-9.618,-4.916,31.26
90703705,0.653,-0.869,-0.225,-8.427,-9.374,-5.282,31.12
90714322,0.653,-0.899,-0.211,-8.122,-6.55,-6.458,31.17
90721478,0.651,-0.899,-0.216,-7.832,-4.672,-6.015,31.12
90737966,0.614,-0.9,-0.235,-7.603,-4.382,-6.84,31.17
90742937,0.618,-0.903,-0.248,-6.336,-4.947,-7.328,31.17
90759367,0.634,-0.906,-0.244,-6.076,-6.366,-7.282,31.21
90766515,0.639,-0.899,-0.226,-2.061,-4.718,-7.45,31.26
90772925,0.653,-0.873,-0.231,-2.519,-5.069,-8.427,31.21
90784994,0.688,-0.898,-0.22,-2.427,-0.092,-12.061,31.17
90795478,0.698,-0.903,-0.239,-2.366,5.679,-14.733,31.17
90803891,0.615,-0.868,-0.267,-3.16,6.168,-15.649,31.17
90810777,0.659,-0.885,-0.259,-2.458,5.221,-17.832,31.12
90827688,0.67,-0.924,-0.201,1.191,7.191,-19.069,31.12
90839038,0.603,-0.871,-0.202,4.29,5.221,-18.244,31.17
90844332,0.663,-0.829,-0.206,5.13,2.824,-20.412,31.21
90853656,0.645,-0.832,-0.232,5.282,2.29,-22.122,31.17
90866988,0.667,-0.834,-0.198,5.267,0.702,-23.099,31.12
90874598,0.683,-0.833,-0.216,3.893,2.336,-24.214,31.17
90884254,0.638,-0.861,-0.241,2.504,2.107,-22.824,31.17
90894519,0.625,-0.881,-0.242,1.511,-0.443,-20.473,31.17
90902828,0.672,-0.916,-0.201,3.13,-0.397,-20.076,31.17
90913189,0.641,-0.901,-0.198,6.0,2.473,-20.473,31.21
90920478,0.61,-0.871,-0.193,5.802,1.542,-21.328,31.07
90936895,0.623,-0.836,-0.198,4.534,0.733,-23.252,31.21
90942608,0.628,-0.858,-0.213,1.817,0.427,-24.382,31.26
90954522,0.634,-0.892,-0.212,0.183,0.214,-22.489,31.21
90965951,0.637,-0.884,-0.261,-0.137,0.672,-19.435,31.07
90972071,0.676,-0.92,-0.221,0.412,1.298,-17.725,31.26
90985933,0.701,-0.887,-0.197,2.366,5.679,-18.901,31.12
90993859,0.608,-0.838,-0.245,0.901,4.565,-18.214,31.17
91003363,0.677,-0.822,-0.205,-1.145,3.511,-19.756,31.21
91009897,0.676,-0.822,-0.228,-4.107,6.198,-20.641,31.26
91027528,0.629,-0.839,-0.231,-7.298,5.511,-18.885,31.21
91043209,0.638,-0.85,-0.25,-8.687,4.107,-17.008,31.26
91047619,0.675,-0.894,-0.211,-7.939,3.878,-15.298,31.21
91055540,0.697,-0.886,-0.256,-6.641,8.031,-15.969,31.17
91069352,0.663,-0.872,-0.235,-6.931,8.519,-16.489,31.17
91075327,0.683,-0.822,-0.213,-8.611,9.603,-17.557,31.21
91084882,0.674,-0.811,-0.249,-10.992,9.221,-18.061,31.17
91095068,0.639,-0.83,-0.286,-13.786,6.366,-17.313,31.21
91104540,0.712,-0.855,-0.248,-13.74,5.221,-16.336,31.07
91110505,0.757,-0.881,-0.252,-13.267,9.328,-16.214,31.21
91122726,0.741,-0.871,-0.211,-11.313,14.718,-17.45,31.17
91138352,0.72,-0.842,-0.277,-11.847,16.794,-18.947,31.21
91145046,0.688,-0.86,-0.256,-12.763,14.641,-19.511,31.12
91153956,0.723,-0.818,-0.268,-13.542,12.321,-19.802,31.17
91171529,0.753,-0.863,-0.266,-15.374,11.069,-20.473,31.12
91177882,0.797,-0.879,-0.237,-13.359,13.573,-21.618,31.17
91185084,0.773,-0.859,-0.222,-12.275,16.351,-21.435,31.12
91195648,0.794,-0.826,-0.182,-14.366,19.802,-23.573,31.17
91205495,0.761,-0.808,-0.188,-16.504,22.015,-26.504,31.12
91211479,0.711,-0.79,-0.195,-18.55,20.351,-28.87,31.17
91222100,0.691,-0.796,-0.223,-20.214,16.0,-31.099,31.17
91234677,0.691,-0.831,-0.214,-19.115,10.992,-30.229,31.12
91245410,0.732,-0.827,-0.225,-14.107,9.298,-28.809,31.17
91253661,0.764,-0.79,-0.176,-12.672,8.687,-27.695,31.21
91268660,0.802,-0.766,-0.181,-13.298,12.412,-28.947,31.07
91278719,0.795,-0.773,-0.156,-14.229,16.0,-29.527,31.12
91284249,0.775,-0.759,-0.181,-15.16,19.282,-30.534,31.26
91295851,0.716,-0.758,-0.189,-16.504,18.656,-30.611,31.12
91303724,0.731,-0.763,-0.188,-16.58,17.725,-30.916,31.21
91312262,0.692,-0.77,-0.22,-15.313,15.038,-28.87,31.17
91321775,0.729,-0.77,-0.2,-12.916,13.023,-27.008,31.21
91335134,0.747,-0.772,-0.189,-11.71,14.244,-25.053,31.17
91347815,0.75,-0.751,-0.182,-11.603,16.534,-23.176,31.21
91353133,0.745,-0.732,-0.188,-11.817,20.168,-21.802,31.17
91365069,0.72,-0.722,-0.193,-11.985,21.496,-19.42,31.21
91376535,0.72,-0.709,-0.185,-11.298,22.901,-18.55,31.17
91384676,0.677,-0.696,-0.222,-9.145,22.351,-16.641,31.12
91396844,0.678,-0.692,-0.2,-5.267,20.794,-13.252,31.21
91410412,0.68,-0.671,-0.215,-2.504,21.008,-9.74,31.26
91412796,0.685,-0.704,-0.179,2.0,21.649,-5.618,31.21
91421961,0.675,-0.646,-0.193,1.405,18.748,-0.885,31.17
91436122,0.724,-0.671,-0.165,3.649,21.573,2.565,31.21
91444265,0.695,-0.685,-0.165,6.336,21.618,7.985,31.17
91454007,0.701,-0.684,-0.172,8.885,23.756,12.153,31.21
91470848,0.676,-0.71,-0.163,11.893,24.168,17.206,31.17
91479036,0.689,-0.704,-0.16,16.336,25.603,21.435,31.31
91484336,0.628,-0.672,-0.175,17.191,23.374,25.969,31.26
91497313,0.614,-0.655,-0.145,17.893,19.389,30.305,31.17
91506120,0.666,-0.66,-0.142,18.107,17.557,33.679,31.21
91512190,0.679,-0.701,-0.128,17.71,18.718,35.969,31.17
91523718,0.673,-0.733,-0.113,18.55,18.824,40.275,31.12
91536186,0.684,-0.743,-0.135,20.519,19.771,44.977,31.17
91544238,0.691,-0.751,-0.12,19.863,21.863,47.771,31.21
91551500,0.652,-0.762,-0.122,21.725,22.168,51.282,31.17
91567497,0.607,-0.733,-0.111,20.412,18.015,56.687,31.21
91577761,0.665,-0.748,-0.098,20.137,16.382,58.229,31.17
91583505,0.636,-0.794,-0.111,21.985,17.42,62.473,31.17
91598642,0.629,-0.815,-0.094,22.824,15.252,64.168,31.21
91606002,0.637,-0.834,-0.081,23.832,16.046,68.748,31.17
91613538,0.641,-0.803,-0.081,24.092,20.153,65.802,31.21
91624911,0.6,-0.809,-0.078,20.931,18.321,67.328,31.17
91640408,0.635,-0.826,-0.043,19.74,19.328,68.076,31.21
91649359,0.612,-0.84,-0.037,18.473,20.26,70.672,31.17
91651991,0.597,-0.843,-0.067,18.489,21.634,70.718,31.21
91668386,0.575,-0.85,-0.047,18.763,20.855,72.015,31.17
91678825,0.565,-0.844,-0.022,18.153,20.718,70.672,31.17
91684359,0.554,-0.862,-0.065,18.305,20.672,70.748,31.21
91696459,0.551,-0.88,-0.068,18.397,19.069,71.511,31.17
91708555,0.599,-0.929,-0.053,18.26,18.977,71.038,31.21
91714418,0.577,-0.958,-0.018,20.198,20.229,73.16,31.07
91720884,0.588,-0.958,-0.041,22.84,23.359,77.618,31.21
91738234,0.554,-0.953,-0.049,26.015,24.901,79.893,31.07
91749329,0.494,-0.912,-0.061,25.374,22.534,80.977,31.21
91754778,0.526,-0.899,-0.041,24.656,21.878,80.305,31.17
91764727,0.509,-0.908,-0.026,22.672,21.649,79.145,31.12
91774381,0.5,-0.912,-0.037,20.122,21.893,77.282,31.21
91784010,0.532,-0.945,-0.009,17.985,22.733,75.802,31.17
91794797,0.56,-1.031,-0.033,18.656,26.504,75.221,31.21
91809300,0.517,-1.054,-0.031,21.557,29.603,79.099,31.26
91814047,0.532,-1.05,-0.037,25.038,33.557,82.336,31.21
91821700,0.459,-1.024,-0.043,26.779,34.763,85.954,31.17
91837625,0.445,-0.985,-0.031,26.198,35.069,88.458,31.21
91850457,0.42,-0.939,-0.007,24.183,36.611,86.733,31.17
91855640,0.418,-0.937,0.027,19.878,36.84,82.015,31.12
91862326,0.429,-0.968,0.021,17.344,38.305,78.321,31.17
91878819,0.446,-1.051,-0.006,15.786,38.885,76.58,31.26
91884144,0.446,-1.088,0.01,18.87,41.374,79.008,31.12
91895544,0.387,-1.04,0.009,21.908,43.481,80.366,31.26
91904512,0.297,-0.972,-0.047,20.321,37.634,82.885,31.21
91914065,0.375,-0.944,0.02,18.718,35.176,80.244,31.17
91923455,0.377,-0.957,0.034,17.863,38.183,74.901,31.21
91930512,0.324,-0.96,0.038,15.634,37.389,71.527,31.17
91948893,0.336,-0.962,0.068,14.443,37.588,68.321,31.12
91957504,0.341,-0.956,0.052,14.336,40.046,65.298,31.17
91964536,0.329,-0.998,0.025,13.786,39.679,63.939,31.17
91978578,0.339,-1.033,0.091,15.389,41.42,64.718,31.12
91985889,0.321,-1.0,0.082,17.878,45.298,67.053,31.17
91996416,0.257,-0.952,0.033,18.58,47.176,67.344,31.12
92005131,0.236,-0.956,0.037,17.71,42.763,67.435,31.26
92015199,0.197,-0.948,0.073,16.992,40.656,64.916,31.12
92021173,0.193,-0.95,0.078,17.481,40.947,60.855,31.17
92032474,0.182,-0.932,0.061,16.153,37.496,59.298,31.12
92047977,0.213,-0.938,0.087,16.031,39.206,55.634,31.17
92057605,0.199,-0.952,0.076,15.603,40.351,54.885,31.26
92064848,0.229,-1.042,0.095,15.908,42.107,55.191,31.31
92077017,0.179,-0.987,0.093,18.779,44.336,57.634,31.07
92085262,0.141,-0.927,0.093,19.405,45.008,59.008,31.21
92092642,0.13,-0.935,0.109,20.168,45.481,58.046,31.26
92104871,0.112,-0.937,0.09,21.695,45.985,57.878,31.21
92115844,0.097,-0.934,0.088,22.824,45.679,57.176,31.26
92122302,0.051,-0.944,0.062,22.275,42.809,57.099,31.21
92134457,0.096,-1.026,0.094,20.87,39.328,56.931,31.17
92146312,0.14,-1.139,0.126,22.214,41.328,59.069,31.07
92155526,0.123,-1.152,0.19,24.427,46.55,64.305,31.21
92161447,0.064,-1.078,0.211,27.511,53.176,65.496,31.17
92178302,-0.039,-1.035,0.145,27.924,56.076,66.26,31.21
92183159,-0.064,-1.01,0.114,28.763,55.908,63.649,31.07
92194481,-0.144,-0.987,0.085,27.878,52.687,61.679,31.31
92205360,-0.11,-1.01,0.101,26.779,46.214,58.672,31.17
92213547,-0.04,-1.096,0.155,24.046,42.382,54.611,31.21
92223767,-0.02,-1.128,0.253,23.221,44.214,51.16,31.17
92232350,-0.008,-1.126,0.278,22.015,51.496,45.267,31.17
92247038,-0.045,-1.095,0.28,19.389,55.969,43.435,31.21
92254565,-0.064,-1.025,0.273,15.786,57.206,42.489,31.26
92266848,-0.073,-1.005,0.235,12.351,55.802,40.336,31.12
92279352,-0.052,-1.008,0.171,10.809,56.397,37.008,31.17
92283714,-0.038,-1.024,0.186,8.702,51.649,34.168,31.12
92294791,-0.02,-1.054,0.177,7.221,46.382,30.977,31.17
92306989,-0.024,-1.074,0.207,5.359,39.557,26.702,31.12
92313890,-0.012,-1.072,0.207,3.084,32.061,22.336,31.21
92319957,-0.007,-1.03,0.215,0.733,26.336,18.336,31.17
92333202,0.012,-1.025,0.228,-1.069,22.076,14.748,31.21
92346334,0.005,-0.993,0.248,0.26,23.313,12.55,31.26
92355063,0.001,-0.955,0.247,2.321,25.099,11.13,31.12
92366198,-0.04,-0.939,0.222,3.71,24.107,10.84,31.26
92379051,-0.057,-0.986,0.234,3.969,21.634,10.779,31.21
92385052,-0.069,-1.029,0.241,4.611,19.374,10.153,31.17
92395778,-0.093,-0.965,0.208,6.336,20.977,9.084,31.21
92404795,-0.136,-0.93,0.206,5.878,20.931,7.649,31.21
92413903,-0.115,-0.955,0.204,7.389,21.466,4.382,31.26
92422359,-0.139,-0.958,0.193,8.718,23.618,2.443,31.21
92434579,-0.127,-0.956,0.171,11.099,26.168,1.847,31.26
92446315,-0.108,-0.971,0.155,12.901,27.786,1.206,31.21
92455505,-0.152,-0.959,0.137,12.901,24.183,2.84,31.26
92462691,-0.168,-0.961,0.122,12.779,18.504,5.16,31.21
92474740,-0.152,-0.959,0.101,15.176,16.748,5.008,31.35
92484238,-0.167,-0.931,0.108,15.985,14.458,5.695,31.21
92494720,-0.136,-0.92,0.115,16.061,12.183,6.305,31.21
92504568,-0.116,-0.94,0.132,16.947,12.0,6.809,31.26
92513587,-0.083,-0.946,0.126,18.809,14.992,9.008,31.21
92524175,-0.041,-0.963,0.147,20.519,21.511,11.817,31.17
92531321,-0.076,-0.988,0.177,21.634,28.427,13.16,31.31
92547187,-0.148,-0.967,0.194,20.244,32.519,12.794,31.26
92555430,-0.183,-0.905,0.181,18.198,34.855,10.107,31.21
92563244,-0.231,-0.915,0.187,16.122,34.382,7.634,31.17
92579001,-0.218,-0.954,0.141,16.015,34.305,3.847,31.12
92583860,-0.227,-0.981,0.08,17.557,35.298,1.527,31.21
92595179,-0.2,-0.977,0.083,17.954,34.137,0.412,31.17
92604594,-0.183,-0.939,0.125,19.053,35.481,-0.672,31.21
92616310,-0.176,-0.927,0.155,19.008,37.42,-2.366,31.07
92620653,-0.186,-0.919,0.137,18.214,38.046,-2.962,31.21
92634490,-0.179,-0.911,0.118,16.0,36.931,-2.565,31.17
92647971,-0.149,-0.92,0.152,14.947,37.878,-1.817,31.12
92656422,-0.147,-0.927,0.166,15.878,40.427,-0.015,31.26
92664272,-0.123,-0.924,0.137,18.092,46.779,2.58,31.12
92680461,-0.168,-0.922,0.11,18.519,48.809,3.725,31.21
92685480,-0.227,-0.906,0.129,17.023,45.298,4.87,31.17
92692456,-0.205,-0.891,0.111,17.008,43.496,3.221,31.21
92705649,-0.247,-0.9,0.117,14.733,39.45,1.298,31.17
92715290,-0.224,-0.905,0.125,12.885,36.672,-1.16,31.21
92722094,-0.196,-0.896,0.138,11.237,35.985,-4.427,31.17
92734509,-0.179,-0.902,0.165,11.053,38.916,-7.527,31.21
92746830,-0.182,-0.904,0.169,9.893,42.046,-9.786,31.26
92756862,-0.176,-0.899,0.184,8.473,44.504,-11.756,31.26
92762810,-0.199,-0.909,0.138,7.191,45.573,-12.427,31.12
92775641,-0.183,-0.916,0.125,6.489,46.779,-13.771,31.26
92784804,-0.169,-0.918,0.147,6.504,48.58,-14.962,31.31
92794868,-0.165,-0.914,0.139,6.122,50.519,-16.076,31.17
92805039,-0.166,-0.902,0.147,6.763,54.092,-17.542,31.21
92815951,-0.189,-0.897,0.151,6.565,56.382,-19.053,31.17
92823356,-0.212,-0.87,0.141,5.267,54.962,-19.771,31.21
92830371,-0.219,-0.874,0.123,2.229,49.756,-20.0,31.26
92845319,-0.199,-0.916,0.115,1.908,46.58,-20.26,31.12
92857194,-0.189,-0.922,0.091,3.573,44.672,-19.817,31.21
92862811,-0.189,-0.909,0.098,3.634,42.595,-18.489,31.17
92875668,-0.184,-0.919,0.128,4.534,42.214,-17.939,31.12
92889357,-0.144,-0.922,0.113,6.672,46.489,-17.74,31.17
92894659,-0.144,-0.927,0.117,7.786,49.542,-17.527,31.21
92901454,-0.149,-0.911,0.144,7.145,49.664,-16.244,31.17
92916072,-0.167,-0.899,0.136,5.649,48.153,-15.679,31.21
92925971,-0.209,-0.888,0.131,3.542,45.145,-14.748,31.17
92932421,-0.247,-0.872,0.149,-0.092,42.305,-15.16,31.17
92943550,-0.213,-0.87,0.174,-3.069,39.924,-16.733,31.21
92952004,-0.166,-0.903,0.156,-2.687,43.435,-18.885,31.17
92966370,-0.155,-0.911,0.133,-2.26,46.168,-19.435,31.21
92975698,-0.107,-0.932,0.131,-0.504,49.237,-19.313,31.17
92983238,-0.145,-0.926,0.132,0.901,50.977,-18.55,31.12
92997798,-0.222,-0.892,0.135,0.489,48.748,-17.435,31.17
93003860,-0.211,-0.875,0.121,-0.305,43.924,-16.061,31.21
93013665,-0.156,-0.897,0.143,0.779,44.458,-18.244,31.17
93024780,-0.186,-0.883,0.134,1.023,44.0,-19.405,31.26
93034587,-0.202,-0.867,0.126,0.015,40.611,-19.099,31.21
93044797,-0.16,-0.866,0.136,1.008,38.87,-19.13,31.17
93051149,-0.172,-0.867,0.141,0.763,37.634,-18.382,31.31
93067116,-0.174,-0.873,0.13,-0.397,32.641,-16.489,31.17
93078974,-0.138,-0.87,0.142,-0.855,30.733,-15.053,31.21
93087546,-0.148,-0.871,0.138,-0.153,30.015,-13.634,31.26
93094744,-0.112,-0.892,0.154,0.489,30.58,-12.702,31.12
93108165,-0.124,-0.925,0.174,2.29,33.45,-12.168,31.17
93114993,-0.143,-0.915,0.183,3.176,35.969,-12.733,31.17
93122140,-0.236,-0.882,0.19,0.076,32.84,-13.435,31.21
93135789,-0.233,-0.887,0.189,-2.183,26.885,-13.664,31.07
93146139,-0.203,-0.891,0.164,-2.656,24.153,-15.649,31.21
93154913,-0.177,-0.893,0.155,-2.412,23.771,-17.771,31.17
93164048,-0.167,-0.907,0.151,-1.145,25.221,-19.038,31.21
93171131,-0.188,-0.893,0.14,-0.916,23.573,-19.221,31.17
93184882,-0.199,-0.866,0.151,-0.626,21.496,-17.71,31.12
93198174,-0.125,-0.899,0.15,-0.122,19.42,-17.16,31.17
93203407,-0.096,-0.918,0.178,2.26,23.969,-16.718,31.26
93215636,-0.139,-0.954,0.188,2.458,20.58,-14.183,31.21
93229153,-0.192,-0.948,0.217,2.0,18.229,-13.725,31.26
93234407,-0.221,-0.988,0.267,3.191,20.031,-14.641,31.12
93242404,-0.232,-1.013,0.253,6.824,28.366,-18.84,31.17
93254278,-0.288,-1.013,0.185,8.305,31.756,-22.641,31.21
93264550,-0.372,-0.981,0.16,5.069,26.229,-24.336,31.17
93272112,-0.366,-0.984,0.137,0.214,14.656,-24.504,31.21
93284258,-0.278,-1.026,0.165,-1.634,8.748,-25.053,31.17
93295420,-0.271,-1.019,0.209,-2.687,4.473,-24.519,31.17
93308076,-0.217,-1.033,0.232,-3.328,2.702,-22.931,31.12
93313560,-0.181,-1.018,0.237,-2.443,5.145,-21.878,31.26
93325230,-0.202,-0.967,0.206,-0.962,6.962,-19.756,31.21
93336333,-0.247,-0.888,0.162,-1.618,5.786,-16.901,31.26
93344192,-0.265,-0.863,0.137,-3.176,-0.977,-15.542,31.12
93356188,-0.262,-0.839,0.125,-6.183,-9.389,-14.534,31.17
93365414,-0.249,-0.786,0.127,-9.359,-17.221,-14.305,31.31
93375075,-0.179,-0.763,0.164,-10.183,-19.298,-14.137,31.26
93384490,-0.177,-0.838,0.154,-9.145,-13.603,-13.802,31.17
93391483,-0.432,-1.049,0.087,-3.603,-9.496,-8.855,31.31
93405666,-0.824,-1.206,0.114,-0.046,-10.748,-1.053,31.17
93417539,-0.746,-1.125,0.332,-11.527,-39.71,-1.725,31.12
93423268,-0.258,-1.107,0.273,-19.084,-47.359,-16.198,31.26
93434487,-0.31,-0.991,0.119,-20.031,-31.008,-23.023,31.12
93448815,-0.353,-0.911,0.092,-27.466,-29.817,-19.878,31.26
93454402,-0.163,-0.865,0.188,-29.649,-30.672,-23.74,31.12
93461951,-0.048,-0.915,0.26,-19.527,-19.252,-24.718,31.17
93475844,-0.02,-0.901,0.257,-7.252,-4.336,-26.473,31.17
93485656,-0.211,-0.915,0.192,-1.878,-1.511,-21.145,31.21
93492370,-0.164,-0.865,0.271,-1.328,-9.924,-18.718,31.17
93502947,-0.145,-0.884,0.28,1.038,-14.992,-17.573,31.12
93516442,-0.052,-0.839,0.225,6.855,-5.405,-20.122,31.17
93526831,-0.18,-0.865,0.09,11.237,2.29,-20.718,31.21
93536327,-0.257,-0.906,0.121,13.145,13.939,-15.74,31.17
93543423,-0.275,-0.939,0.034,9.618,10.534,-15.817,31.21
93558810,-0.274,-0.999,0.12,9.481,6.244,-11.618,31.12
93566398,-0.106,-0.914,0.244,8.992,1.954,-13.389,31.17
93573310,-0.197,-1.003,0.21,9.756,-1.496,-9.191,31.21
93585817,-0.064,-0.948,0.31,9.939,-3.267,-12.0,31.26
93592670,0.031,-0.984,0.247,11.252,-5.756,-9.664,31.21
93604862,0.054,-0.97,0.162,9.466,0.656,-10.351,31.26
93611723,-0.047,-1.091,0.214,12.885,3.191,-8.061,31.21
93625141,-0.099,-0.948,0.219,9.664,4.351,-12.214,31.17
93636333,-0.071,-0.885,0.211,6.275,7.42,-14.305,31.26
93644799,-0.116,-0.785,0.205,-2.611,0.702,-19.084,31.21
93652371,-0.091,-0.954,0.219,-7.542,-2.046,-22.092,31.17
93666158,-0.098,-0.918,0.146,-8.916,-3.481,-28.565,31.31
93674355,-0.15,-0.902,0.227,-15.267,-7.115,-33.847,31.17
93684930,-0.124,-0.926,0.225,-17.817,-7.115,-37.145,31.21
93694506,-0.113,-0.97,0.201,-19.527,-5.13,-38.595,31.17
93706232,-0.084,-0.981,0.188,-20.046,-2.519,-38.672,31.21
93711987,-0.057,-0.977,0.177,-18.779,1.374,-36.763,31.26
93725969,-0.026,-0.981,0.181,-16.763,5.527,-34.244,31.26
93734559,0.015,-0.99,0.184,-13.847,9.817,-32.244,31.21
93746686,0.009,-0.992,0.203,-13.038,10.137,-29.878,31.17
93752352,0.029,-1.02,0.19,-10.641,8.305,-27.969,31.12
93765010,-0.031,-1.031,0.151,-11.16,2.198,-24.382,31.17
93775617,-0.021,-1.067,0.154,-14.0,-4.84,-19.908,31.07
93782289,0.0,-1.06,0.166,-14.87,-7.053,-17.374,31.26
93795451,-0.001,-1.065,0.194,-15.985,-7.191,-14.901,31.21
93804172,-0.012,-1.083,0.218,-17.069,-6.977,-13.176,31.12
93812503,0.005,-1.089,0.257,-16.519,-4.305,-12.427,31.17
93824430,0.021,-1.12,0.28,-14.824,0.29,-13.023,31.21
93836940,0.053,-1.158,0.243,-11.191,7.924,-16.061,31.17
93847133,0.045,-1.129,0.231,-6.641,18.321,-18.534,31.21
93854331,0.05,-1.098,0.223,-2.58,30.687,-21.649,31.17
93864864,-0.002,-1.089,0.218,-0.992,39.099,-21.664,31.26
93876117,0.036,-1.103,0.205,-2.26,39.863,-21.756,31.26
93883660,0.054,-1.055,0.223,0.748,47.206,-25.649,31.26
93898495,-0.028,-1.077,0.249,-0.733,42.0,-24.473,31.12
93905156,-0.005,-1.1,0.208,-1.985,35.069,-22.992,31.17
93913519,0.024,-1.097,0.161,-1.893,31.435,-23.664,31.12
93920290,0.003,-1.077,0.112,-4.687,25.084,-21.16,31.17
93932146,-0.01,-1.084,0.055,-10.0,13.786,-16.794,31.31
93945434,-0.006,-1.073,-0.039,-15.786,5.084,-12.534,31.17
93951764,-0.094,-1.189,0.056,-11.939,7.298,-7.374,31.17
93966725,-0.002,-1.124,0.08,-15.695,5.802,-11.237,31.26
93977278,-0.105,-1.214,0.236,-9.695,5.954,-8.305,31.07
93983031,-0.019,-1.165,0.286,8.565,26.947,-12.504,31.12
93996565,-0.129,-0.919,0.396,16.137,37.16,-13.466,31.26
94005474,-0.198,-1.068,0.13,14.321,29.466,-7.191,31.21
94014250,-0.181,-1.034,0.262,13.939,4.595,-0.656,31.07
94021239,0.031,-1.004,0.372,15.695,4.977,-4.885,31.21
94037565,-0.21,-0.937,0.239,12.015,-0.824,7.344,31.26
94047185,-0.212,-0.909,0.143,2.855,-11.267,17.511,31.17
94056518,-0.213,-0.919,0.127,-1.954,-22.458,25.527,31.17
94066278,-0.084,-0.955,0.151,-1.954,-29.267,27.298,31.26
94078289,0.076,-0.98,0.146,0.916,-21.023,23.542,31.12
94084242,0.055,-0.989,0.144,6.305,-2.29,21.237,31.26
94098168,-0.011,-0.984,0.109,8.0,5.954,18.779,31.21
94104315,-0.054,-0.982,0.155,9.985,11.679,15.496,31.26
94112238,-0.037,-1.06,0.196,11.924,18.885,9.725,31.21
94122945,0.01,-1.008,0.187,14.794,27.542,2.901,31.26
94129975,-0.001,-1.025,0.176,17.237,34.962,-2.84,31.26
94697854,-0.028,-1.022,0.202,18.137,38.733,-9.145,31.21
94709690,-0.037,-1.072,0.241,19.435,44.534,-13.786,31.17
94718033,-0.026,-1.088,0.251,21.252,48.244,-20.061,31.21
94728486,-0.043,-1.118,0.236,22.229,50.122,-21.405,31.17
94742899,0.01,-1.132,0.282,23.679,63.145,-24.122,31.21
94750769,-0.019,-1.143,0.296,27.939,65.038,-29.573,31.26
94756732,0.034,-1.145,0.325,30.198,72.519,-34.489,31.21
94760338,0.075,-1.136,0.343,33.786,86.183,-40.229,31.17
94774716,0.072,-1.142,0.327,40.015,92.656,-45.954,31.17
94782266,0.079,-1.101,0.362,44.779,99.328,-53.42,31.21
94791686,0.153,-1.127,0.384,52.779,118.382,-63.267,31.17
94793562,0.109,-1.101,0.363,61.084,125.191,-68.412,31.21
94796849,0.132,-1.102,0.351,67.969,132.702,-75.084,31.17
94798461,0.022,-1.046,0.316,75.389,127.359,-72.29,31.21
94830726,0.109,-1.05,0.333,80.046,133.924,-75.756,31.26
94837439,0.1,-1.029,0.348,90.641,141.847,-77.481,31.12
94846763,0.08,-1.004,0.353,98.153,157.557,-79.893,31.12
94850015,0.041,-0.946,0.349,107.618,167.099,-81.405,31.26
94855115,-0.095,-0.859,0.318,108.672,158.214,-79.42,31.21
94860306,0.082,-0.811,0.406,106.122,163.313,-80.626,31.26
94872368,0.043,-0.854,0.353,115.328,163.893,-79.053,31.21
94882506,-0.062,-0.747,0.346,119.634,160.595,-73.42,31.26
94884175,-0.027,-0.646,0.403,110.962,147.206,-71.267,31.21
94886239,0.079,-0.741,0.368,111.45,142.229,-68.305,31.17
94888364,-0.073,-0.717,0.326,116.885,134.977,-57.527,31.21
94893009,-0.071,-0.66,0.353,110.595,121.145,-53.176,31.21
94897633,-0.009,-0.647,0.359,107.221,108.534,-49.374,31.26
94906716,-0.042,-0.627,0.298,105.191,100.443,-38.489,31.21
94911412,-0.081,-0.623,0.313,103.237,85.695,-31.069,31.17
94918984,-0.091,-0.597,0.324,98.031,71.176,-23.42,31.21
94927239,-0.135,-0.57,0.316,89.282,54.321,-14.0,31.26
94929021,-0.144,-0.611,0.309,80.733,40.412,-4.107,31.31
94930876,-0.135,-0.631,0.28,73.618,17.695,7.221,31.26
94933350,-0.094,-0.638,0.286,67.954,1.298,21.313,31.21
94934931,-0.042,-0.64,0.29,65.084,-6.443,31.786,31.21
94937180,-0.045,-0.632,0.258,62.305,-12.443,43.115,31.17
94939324,-0.073,-0.62,0.251,56.504,-19.756,53.878,31.12
94967544,-0.085,-0.622,0.256,49.71,-29.756,67.313,31.26
94974536,-0.08,-0.626,0.256,41.45,-41.176,78.397,31.21
94980889,-0.058,-0.635,0.284,32.931,-50.87,88.534,31.17
94983972,-0.056,-0.641,0.303,23.863,-57.466,98.855,31.31
94994352,-0.029,-0.657,0.305,15.679,-64.061,107.282,31.17
95006659,-0.028,-0.651,0.315,5.008,-70.87,116.031,31.26
95015653,-0.036,-0.672,0.308,-6.229,-79.466,125.145,31.21
95018393,-0.011,-0.697,0.306,-16.641,-86.748,132.275,31.26
95023361,-0.002,-0.698,0.307,-27.664,-94.29,136.84,31.21
95026905,0.011,-0.722,0.312,-37.603,-98.733,139.359,31.17
95034096,0.036,-0.757,0.314,-46.901,-106.519,141.924,31.21
95044226,0.064,-0.804,0.324,-53.954,-108.855,142.779,31.26
95050034,0.092,-0.832,0.335,-59.573,-108.626,142.168,31.21
95057663,0.113,-0.871,0.353,-62.901,-105.221,139.817,31.21
95061532,0.138,-0.884,0.381,-64.687,-98.733,136.305,31.17
95065213,0.151,-0.91,0.404,-66.107,-90.183,129.908,31.21
95067410,0.164,-0.945,0.427,-66.58,-79.145,122.809,31.17
95069542,0.179,-0.984,0.454,-65.298,-66.427,114.748,31.21
95091167,0.169,-1.05,0.499,-63.069,-51.069,105.71,31.17
95102690,0.195,-1.072,0.525,-59.176,-34.962,94.153,31.31
95111664,0.193,-1.062,0.552,-54.504,-18.366,80.855,31.21
95114460,0.173,-1.023,0.56,-50.855,-4.931,67.511,31.17
95118690,0.157,-1.029,0.583,-48.595,4.382,54.397,31.12
95132776,0.173,-1.001,0.604,-42.809,13.969,39.786,31.17
95140117,0.153,-0.962,0.597,-37.237,20.809,25.405,31.21
95142715,0.113,-0.928,0.575,-34.962,21.267,14.916,31.26
95148385,0.113,-0.917,0.581,-30.656,20.55,3.496,31.26
95161446,0.12,-0.863,0.601,-26.168,20.763,-7.16,31.17
95167910,0.025,-0.652,0.582,-39.756,11.252,-11.328,31.17
95172875,-0.043,-0.729,0.618,-50.565,-8.992,-12.855,31.21
95177225,-0.05,-0.843,0.626,-54.87,-28.519,-12.779,31.17
95179320,0.011,-0.828,0.585,-51.099,-39.802,-14.885,31.12
95181899,0.018,-0.832,0.578,-47.679,-58.656,-16.885,31.17
95183887,0.104,-0.852,0.577,-45.374,-66.0,-16.427,31.21
95207368,0.149,-0.863,0.563,-37.603,-65.374,-17.893,31.17
95219929,0.123,-0.867,0.539,-27.634,-67.725,-12.718,31.17
95225753,0.115,-0.893,0.527,-17.985,-69.771,-6.305,31.31
95227731,0.135,-0.773,0.586,-18.061,-62.214,-6.977,31.17
95232960,0.083,-0.866,0.542,-13.74,-68.534,0.244,31.31
95238661,0.089,-0.852,0.556,-13.099,-72.046,2.244,31.26
95249858,0.073,-0.85,0.537,-14.611,-74.641,5.496,31.12
95254785,0.129,-0.858,0.542,-14.992,-71.71,7.115,31.26
95257888,0.152,-0.895,0.551,-11.542,-64.55,4.733,31.21
95263894,0.171,-0.949,0.557,-5.893,-53.344,1.557,31.17
95278342,0.213,-0.963,0.551,2.092,-35.496,-3.099,31.26
95284386,0.212,-0.956,0.53,11.069,-15.115,-6.855,31.21
95290717,0.186,-0.957,0.528,19.267,4.55,-11.802,31.26
95293679,0.163,-0.958,0.531,26.641,21.344,-17.206,31.21
95295444,0.138,-0.935,0.521,31.908,36.397,-24.122,31.26
95297731,0.118,-0.93,0.509,35.557,49.389,-32.794,31.21
95299336,0.087,-0.916,0.5,38.504,59.42,-38.443,31.17
95301128,0.061,-0.88,0.493,39.908,67.267,-45.267,31.21
95330168,0.027,-0.88,0.475,40.84,71.344,-48.076,31.21
95336887,0.017,-0.865,0.475,41.038,73.481,-51.344,31.17
95341797,-0.009,-0.86,0.462,40.519,74.382,-54.046,31.21
95343930,-0.025,-0.872,0.45,40.412,73.832,-54.84,31.17
95348848,-0.034,-0.864,0.434,38.473,72.137,-53.496,31.12
95352211,-0.04,-0.867,0.425,37.298,70.336,-53.695,31.26
95366649,-0.05,-0.865,0.41,35.802,68.519,-52.489,31.21
95372374,-0.058,-0.867,0.406,34.061,66.382,-50.473,31.17
95374855,-0.051,-0.846,0.396,32.366,66.031,-49.008,31.17
95381208,-0.053,-0.839,0.41,30.29,66.061,-46.84,31.21
95390665,-0.063,-0.805,0.404,26.687,65.298,-45.038,31.17
95399352,-0.044,-0.821,0.408,24.794,66.702,-43.298,31.21
95404457,-0.041,-0.792,0.419,23.008,68.748,-42.809,31.17
95408968,-0.052,-0.782,0.425,19.924,70.198,-41.16,31.21
95410591,-0.044,-0.784,0.416,18.031,72.366,-41.099,31.35
95413155,-0.072,-0.78,0.418,14.412,73.053,-39.405,31.31
95415073,-0.077,-0.788,0.405,12.824,74.58,-38.763,31.21
95437984,-0.064,-0.773,0.424,10.626,76.87,-37.557,31.26
95446025,-0.075,-0.782,0.433,8.26,76.84,-36.244,31.21
95455336,-0.076,-0.768,0.439,5.053,76.153,-34.595,31.17
95457548,-0.098,-0.772,0.452,2.672,74.137,-32.55,31.21
95462757,-0.095,-0.779,0.45,0.183,71.664,-30.794,31.17
95469282,-0.097,-0.789,0.462,-1.863,68.504,-29.038,31.21
95478809,-0.097,-0.792,0.471,-3.084,65.374,-27.023,31.17
95486060,-0.108,-0.814,0.468,-4.137,62.229,-25.344,31.17
95488187,-0.102,-0.816,0.472,-4.626,59.206,-24.046,31.21
95494906,-0.084,-0.812,0.529,-3.634,56.58,-22.794,31.26
95501750,-0.086,-0.828,0.487,-2.748,54.672,-22.656,31.21
95512127,-0.09,-0.835,0.482,-1.221,53.099,-23.145,31.26
95519175,-0.088,-0.835,0.482,0.443,51.557,-23.359,31.21
95522154,-0.092,-0.84,0.491,2.061,49.924,-23.695,31.26
95524474,-0.089,-0.843,0.492,3.588,47.802,-24.183,31.21
95526293,-0.091,-0.842,0.48,4.473,45.756,-24.55,31.21
95527861,-0.102,-0.852,0.474,4.824,43.527,-24.382,31.07
95556520,-0.116,-0.854,0.486,4.687,40.962,-24.107,31.21
95562976,-0.115,-0.855,0.491,4.076,38.779,-23.008,31.17
95568777,-0.116,-0.848,0.484,3.252,36.565,-22.107,31.21
95573347,-0.123,-0.85,0.497,2.107,34.244,-20.718,31.17
95577849,-0.124,-0.835,0.495,1.145,31.985,-19.481,31.26
95589832,-0.125,-0.839,0.485,0.595,29.878,-18.061,31.26
95596530,-0.117,-0.832,0.491,0.565,28.153,-16.947,31.17
95599049,-0.112,-0.834,0.496,1.191,26.855,-15.863,31.31
95602038,-0.106,-0.835,0.498,2.427,26.58,-14.962,31.17
95607938,-0.103,-0.834,0.488,3.924,26.198,-14.351,31.21
95620485,-0.102,-0.839,0.484,5.313,26.183,-13.405,31.17
95631750,-0.106,-0.84,0.474,6.992,25.008,-12.87,31.12
95633728,-0.115,-0.831,0.464,7.969,24.382,-12.092,31.26
95636486,-0.122,-0.83,0.468,7.954,22.198,-11.237,31.26
95638066,-0.126,-0.83,0.453,7.756,20.061,-10.107,31.21
95639910,-0.123,-0.815,0.455,6.626,17.145,-9.16,31.26
95668035,-0.126,-0.812,0.453,5.053,13.405,-8.153,31.21
95675603,-0.12,-0.813,0.438,2.718,9.954,-6.779,31.26
95681166,-0.112,-0.811,0.439,0.366,6.718,-6.397,31.21
95683087,-0.107,-0.811,0.431,-2.0,3.679,-6.061,31.17
95688955,-0.098,-0.805,0.435,-4.763,1.435,-5.267,31.21
95700355,-0.094,-0.799,0.441,-7.069,-0.58,-4.427,31.17
95705893,-0.09,-0.805,0.458,-9.115,-1.389,-4.137,31.26
95711189,-0.079,-0.803,0.443,-10.519,-1.527,-3.802,31.12
95714422,-0.083,-0.812,0.442,-11.573,-1.359,-3.695,31.26
95720348,-0.069,-0.816,0.457,-12.656,-0.718,-3.527,31.12
95731298,-0.071,-0.827,0.466,-13.023,0.565,-3.542,31.17
95740787,-0.063,-0.828,0.459,-13.298,2.458,-3.496,31.12
95745152,-0.054,-0.831,0.473,-13.252,4.748,-3.481,31.26
95746838,-0.054,-0.834,0.479,-12.748,7.389,-3.542,31.31
95749221,-0.057,-0.836,0.478,-12.626,10.122,-3.435,31.31
95751201,-0.057,-0.837,0.49,-12.351,13.282,-4.0,31.26
95772617,-0.042,-0.838,0.498,-12.031,17.206,-4.122,31.21
95781853,-0.046,-0.843,0.509,-11.099,19.817,-4.412,31.26
95787708,-0.056,-0.842,0.513,-10.366,22.84,-4.672,31.21
95792919,-0.058,-0.837,0.512,-9.069,25.588,-5.16,31.17
95795015,-0.068,-0.84,0.523,-7.603,27.557,-5.878,31.21
95800323,-0.067,-0.833,0.521,-6.29,28.275,-6.748,31.21
95811964,-0.071,-0.837,0.517,-4.214,28.473,-7.71,31.17
95817350,-0.078,-0.84,0.512,-2.122,28.0,-8.809,31.21
95822615,-0.078,-0.833,0.508,0.168,27.16,-10.015,31.17
95824317,-0.09,-0.833,0.502,2.458,25.511,-10.84,31.21
95830716,-0.099,-0.826,0.51,4.275,23.237,-11.344,31.17
95839810,-0.107,-0.831,0.502,5.603,20.244,-11.985,31.21
95851947,-0.11,-0.826,0.501,7.069,16.809,-12.061,31.17
95856144,-0.123,-0.828,0.488,7.435,13.389,-11.908,31.17
95857959,-0.119,-0.823,0.49,7.664,9.664,-11.359,31.21
95860459,-0.124,-0.818,0.471,7.42,5.573,-11.191,31.26
95862062,-0.125,-0.82,0.474,7.176,1.725,-10.733,31.12
95885215,-0.12,-0.824,0.477,6.901,-0.244,-10.519,31.26
95897958,-0.126,-0.821,0.468,6.565,-2.336,-9.649,31.17
95903201,-0.127,-0.82,0.463,6.031,-3.695,-9.313,31.26
95905823,-0.123,-0.821,0.458,5.053,-5.069,-8.611,31.21
95911377,-0.128,-0.825,0.463,4.107,-5.802,-7.786,31.21
95918505,-0.125,-0.814,0.453,3.252,-5.908,-6.931,31.26
95928668,-0.12,-0.808,0.459,2.198,-6.29,-6.168,31.21
95933816,-0.132,-0.803,0.454,0.763,-6.84,-5.16,31.26
95944394,-0.131,-0.792,0.444,-0.443,-7.679,-4.046,31.21
95953331,-0.126,-0.792,0.451,-2.076,-8.198,-2.534,31.26
95964125,-0.13,-0.794,0.453,-3.649,-9.435,-0.931,31.26
95995726,-0.122,-0.794,0.452,-4.977,-10.244,0.611,31.17
96002434,-0.114,-0.792,0.461,-6.382,-10.794,2.137,31.17
96008059,-0.116,-0.801,0.458,-7.634,-10.748,3.771,31.21
96013275,-0.106,-0.807,0.468,-8.382,-10.595,5.313,31.26
96020476,-0.114,-0.809,0.48,-9.282,-10.931,6.473,31.21
96031616,-0.104,-0.811,0.479,-9.847,-10.885,7.756,31.17
96036691,-0.089,-0.812,0.479,-10.473,-11.008,8.626,31.21
96046892,-0.098,-0.816,0.48,-11.008,-11.893,9.618,31.17
96055133,-0.09,-0.813,0.484,-11.298,-12.382,9.924,31.17
96064538,-0.084,-0.818,0.475,-11.16,-12.229,10.015,31.12
96070797,-0.066,-0.819,0.494,-11.893,-11.481,9.908,31.26
96100872,-0.056,-0.822,0.486,-11.115,-10.244,9.634,31.21
96107708,-0.073,-0.824,0.512,-10.87,-9.969,9.878,31.17
96113112,-0.053,-0.833,0.501,-10.931,-9.145,9.573,31.31
96115523,-0.028,-0.822,0.511,-10.107,-6.992,8.55,31.26
96122198,-0.058,-0.832,0.506,-9.511,-7.237,8.672,31.21
96136150,-0.048,-0.84,0.5,-8.885,-6.55,8.244,31.26
96140994,-0.043,-0.842,0.509,-7.771,-5.389,7.389,31.26
96156494,-0.053,-0.835,0.515,-6.458,-4.443,6.198,31.21
96168834,-0.051,-0.838,0.511,-5.221,-4.26,5.008,31.17
96172395,-0.052,-0.832,0.513,-4.336,-4.427,3.817,31.31
96204788,-0.051,-0.833,0.51,-3.176,-5.038,2.565,31.26
96214424,-0.05,-0.832,0.501,-2.168,-6.015,1.176,31.21
96217273,-0.054,-0.829,0.499,-1.328,-6.55,-0.046,31.26
96223117,-0.057,-0.826,0.507,-0.29,-7.221,-1.13,31.21
96229128,-0.06,-0.831,0.499,0.84,-7.496,-1.893,31.21
96239654,-0.061,-0.838,0.483,1.817,-8.366,-2.519,31.26
96245333,-0.06,-0.846,0.461,1.893,-9.328,-3.344,31.31
96255264,-0.05,-0.849,0.437,1.664,-9.008,-3.847,31.17
96267934,-0.052,-0.851,0.421,0.198,-8.321,-4.55,31.21
96276217,-0.068,-0.865,0.441,-1.45,-6.076,-4.229,31.26
96280687,-0.077,-0.874,0.464,-2.87,-2.031,-3.985,31.31
96311654,-0.062,-0.892,0.476,-3.115,3.74,-2.916,31.17
96321186,-0.043,-0.879,0.457,-3.221,11.618,-1.481,31.21
96322903,-0.043,-0.861,0.425,-3.115,18.916,-0.351,31.31
96327287,-0.051,-0.832,0.406,-3.939,24.458,-0.321,31.26
96335813,-0.066,-0.804,0.414,-6.183,26.687,-0.458,31.21
96348848,-0.092,-0.798,0.417,-8.748,26.321,-1.084,31.26
96353921,-0.097,-0.789,0.424,-12.55,24.458,-1.389,31.31
96365028,-0.108,-0.791,0.426,-16.153,22.962,-1.115,31.17
96376973,-0.114,-0.796,0.463,-18.763,22.321,-0.809,31.21
96381789,-0.094,-0.804,0.483,-19.939,24.092,-1.252,31.26
96413250,-0.088,-0.799,0.499,-18.992,27.496,-1.573,31.17
96422697,-0.075,-0.777,0.505,-17.496,30.382,-1.237,31.31
96424535,-0.069,-0.799,0.503,-14.473,34.611,-1.13,31.17
96427719,-0.067,-0.815,0.494,-12.595,32.031,0.962,31.21
96433673,-0.103,-0.803,0.511,-9.053,36.565,2.076,31.26
96448343,-0.085,-0.794,0.517,-5.649,35.71,2.305,31.31
96453487,-0.083,-0.756,0.516,-2.565,34.504,2.458,31.17
96465150,-0.086,-0.727,0.494,-2.672,30.962,3.481,31.21
96480565,-0.079,-0.666,0.495,-8.122,25.634,3.313,31.26
96484244,-0.065,-0.707,0.498,-15.191,18.687,3.771,31.17
96510894,0.003,-0.834,0.54,-14.015,22.595,0.366,31.21
96524292,-0.031,-0.898,0.573,-10.58,30.931,-2.244,31.26
96526292,-0.069,-0.9,0.581,-8.458,35.786,-3.267,31.21
96528590,-0.052,-0.901,0.594,-4.29,41.527,-5.374,31.26
96534033,-0.06,-0.92,0.561,0.672,45.344,-8.107,31.21
96547160,-0.083,-0.92,0.54,5.023,44.321,-11.328,31.17
96554248,-0.101,-0.924,0.512,7.695,38.672,-11.969,31.21
96564959,-0.104,-0.91,0.505,8.611,31.252,-11.74,31.07
96576808,-0.119,-0.917,0.5,9.634,21.725,-9.008,31.26
96584780,-0.14,-0.906,0.502,9.679,12.061,-8.0,31.21
96614930,-0.163,-0.896,0.495,9.191,0.489,-6.565,31.17
96624389,-0.159,-0.884,0.496,7.725,-11.954,-4.855,31.21
96626411,-0.134,-0.866,0.489,5.969,-23.74,-3.634,31.17
96630747,-0.096,-0.857,0.469,5.466,-33.924,-3.695,31.21
96635684,-0.077,-0.847,0.433,5.573,-42.275,-4.672,31.17
96650091,-0.083,-0.842,0.401,5.359,-51.282,-6.321,31.21
96655282,-0.064,-0.841,0.36,5.145,-59.13,-8.779,31.17
96661936,-0.044,-0.825,0.335,3.786,-65.374,-11.924,31.21
96675129,-0.015,-0.798,0.321,0.733,-69.344,-15.13,31.21
96685301,0.009,-0.763,0.327,-2.244,-69.664,-18.168,31.26
96716024,0.043,-0.733,0.362,-4.977,-64.656,-20.992,31.21
96723032,0.073,-0.743,0.383,-7.237,-53.511,-23.878,31.26
96728635,0.072,-0.781,0.402,-8.901,-37.603,-26.076,31.21
96730621,0.074,-0.807,0.406,-8.153,-19.267,-27.649,31.17
96736326,0.099,-0.818,0.415,-6.809,2.824,-29.023,31.12
96747479,0.087,-0.853,0.432,-3.359,27.252,-30.0,31.17
96756918,0.048,-0.893,0.439,0.489,49.863,-28.824,31.31
96764563,0.002,-0.899,0.446,3.786,67.359,-26.733,31.21
96775759,-0.032,-0.887,0.451,5.969,79.649,-24.382,31.17
96786719,-0.053,-0.87,0.455,8.321,88.656,-21.588,31.21
96813861,-0.095,-0.87,0.449,8.748,90.962,-18.687,31.26
96824861,-0.138,-0.884,0.442,7.649,86.504,-14.55,31.21
96830984,-0.162,-0.896,0.462,5.939,79.313,-10.397,31.26
96835099,-0.201,-0.911,0.465,4.855,67.557,-5.725,31.31
96839419,-0.227,-0.894,0.452,2.427,51.237,-0.794,31.26
96850986,-0.219,-0.895,0.444,-0.351,32.29,2.916,31.21
96858880,-0.219,-0.887,0.435,-3.328,11.771,6.397,31.17
96864854,-0.197,-0.852,0.434,-4.87,-10.076,7.252,31.26
96875503,-0.152,-0.804,0.432,-7.176,-29.802,5.588,31.21
96883504,-0.097,-0.787,0.421,-8.168,-44.534,1.359,31.26
96894464,-0.055,-0.788,0.434,-7.237,-52.244,-4.321,31.21
96923600,-0.031,-0.813,0.438,-5.252,-54.794,-9.985,31.17
96933810,-0.02,-0.832,0.427,-3.13,-53.328,-14.611,31.21
96937129,-0.017,-0.858,0.415,-0.504,-48.534,-18.992,31.26
96942247,-0.015,-0.87,0.42,1.771,-40.672,-22.656,31.21
96950116,-0.006,-0.872,0.43,4.87,-29.42,-26.275,31.26
96960025,-0.011,-0.856,0.454,7.527,-16.611,-29.298,31.26
96965415,-0.046,-0.846,0.461,10.092,-5.13,-31.282,31.31
96975270,-0.098,-0.849,0.455,9.756,1.496,-29.893,31.26
96984675,-0.121,-0.864,0.428,8.824,4.702,-28.794,31.21
96994620,-0.142,-0.869,0.418,5.237,5.603,-23.053,31.26
97023817,-0.138,-0.877,0.423,3.511,4.84,-17.389,31.21
97033874,-0.154,-0.874,0.421,1.145,3.023,-12.061,31.26
97038801,-0.169,-0.861,0.427,-1.45,-0.565,-6.214,31.21
97041134,-0.168,-0.842,0.437,-4.611,-5.344,-1.389,31.26
97047523,-0.164,-0.82,0.435,-6.916,-10.397,2.763,31.35
97058289,-0.154,-0.794,0.445,-9.237,-15.298,5.924,31.21
97064978,-0.153,-0.787,0.449,-11.817,-20.885,8.382,31.26
97074296,-0.143,-0.776,0.448,-14.0,-26.992,10.153,31.21
97085290,-0.128,-0.786,0.452,-15.359,-31.802,11.939,31.26
97093212,-0.106,-0.781,0.447,-16.275,-35.573,12.779,31.21
97103388,-0.084,-0.792,0.454,-16.122,-36.534,13.099,31.26
97133001,-0.072,-0.793,0.467,-14.565,-34.824,12.076,31.21
97138655,-0.066,-0.782,0.473,-12.534,-32.305,10.565,31.17
97144242,-0.059,-0.778,0.477,-10.595,-28.87,8.153,31.26
97149084,-0.048,-0.767,0.487,-8.626,-24.87,6.351,31.21
97157509,-0.079,-0.76,0.482,-7.038,-23.237,5.206,31.17
97171817,-0.095,-0.79,0.472,-7.328,-23.832,5.405,31.21
97173578,-0.115,-0.798,0.47,-8.046,-25.069,6.58,31.26
97185015,-0.124,-0.808,0.472,-8.626,-27.221,8.901,31.21
97196277,-0.115,-0.813,0.471,-9.496,-28.885,11.756,31.17
97204497,-0.114,-0.825,0.472,-9.924,-30.046,14.84,31.21
97240826,-0.113,-0.834,0.47,-9.985,-30.947,18.473,31.26
97246283,-0.111,-0.837,0.458,-10.504,-32.046,21.542,31.26
97248174,-0.105,-0.838,0.441,-11.878,-33.847,24.84,31.21
97250650,-0.094,-0.84,0.433,-13.832,-34.611,27.45,31.26
97256074,-0.069,-0.833,0.451,-14.947,-34.076,29.634,31.21
97267990,-0.064,-0.806,0.457,-17.084,-32.885,31.954,31.17
97273180,-0.053,-0.816,0.46,-18.87,-31.13,33.496,31.21
97284121,-0.04,-0.815,0.452,-20.519,-27.725,34.718,31.26
97296986,-0.044,-0.83,0.465,-22.214,-24.519,36.198,31.21
97306920,-0.031,-0.846,0.468,-22.718,-21.42,37.328,31.26
97309739,-0.01,-0.846,0.46,-22.977,-17.344,36.26,31.17
97344160,-0.039,-0.841,0.477,-23.145,-16.214,38.0,31.31
97349821,-0.021,-0.839,0.487,-22.855,-14.916,37.084,31.26
97351575,0.003,-0.827,0.488,-21.893,-12.443,35.389,31.21
97357418,-0.036,-0.829,0.49,-20.473,-13.13,34.26,31.26
97373401,-0.018,-0.826,0.504,-19.832,-13.634,32.656,31.21
97378924,-0.031,-0.82,0.516,-17.786,-13.466,30.779,31.26
97383580,-0.019,-0.813,0.518,-15.634,-14.687,28.901,31.21
97397138,-0.024,-0.807,0.523,-13.573,-15.756,27.038,31.26
97405416,-0.027,-0.812,0.508,-11.725,-18.87,26.046,31.17
97414498,-0.03,-0.843,0.51,-9.603,-21.939,24.763,31.31
97441258,-0.031,-0.875,0.491,-7.756,-24.901,24.015,31.26
97450986,-0.037,-0.888,0.485,-6.443,-27.298,23.267,31.21
97456152,-0.046,-0.905,0.491,-5.099,-29.282,23.298,31.17
97458369,-0.051,-0.911,0.497,-4.977,-30.58,23.481,31.21
97464801,-0.059,-0.911,0.499,-5.313,-31.649,24.0,31.26
97477565,-0.058,-0.909,0.486,-6.733,-33.282,24.427,31.12
97485498,-0.063,-0.894,0.486,-8.916,-35.527,24.626,31.17
97493188,-0.054,-0.873,0.482,-11.038,-37.878,25.069,31.17
97505756,-0.039,-0.858,0.473,-12.885,-40.58,24.931,31.31
97516265,-0.014,-0.857,0.473,-13.939,-42.443,24.626,31.26
97545321,-0.007,-0.848,0.472,-13.832,-42.656,24.107,31.31
97560415,0.013,-0.846,0.481,-13.176,-42.153,23.191,31.17
97562869,0.014,-0.841,0.466,-11.802,-40.565,21.939,31.31
97566785,0.026,-0.837,0.473,-10.443,-38.84,20.687,31.26
97571429,0.017,-0.83,0.479,-8.916,-37.176,19.16,31.21
97585943,0.017,-0.819,0.486,-7.74,-35.237,17.74,31.26
97590769,0.005,-0.808,0.482,-7.16,-34.336,16.122,31.26
97592904,0.005,-0.79,0.473,-7.038,-34.748,15.115,31.31
97604619,0.007,-0.786,0.475,-7.389,-35.038,14.397,31.17
97614769,0.021,-0.797,0.474,-6.977,-34.824,13.939,31.21
97623223,0.019,-0.797,0.466,-6.321,-34.489,13.405,31.17
97654544,0.025,-0.803,0.454,-5.099,-33.008,12.458,31.31
97664073,0.026,-0.807,0.465,-3.878,-30.687,10.916,31.26
97666561,0.035,-0.829,0.47,-2.779,-27.527,9.679,31.21
97671544,0.023,-0.849,0.47,-0.962,-23.359,8.55,31.21
97677095,0.004,-0.871,0.473,0.092,-20.092,8.198,31.26
97688832,-0.013,-0.881,0.466,0.122,-18.336,8.107,31.21
97694022,-0.028,-0.88,0.459,-0.687,-18.305,8.183,31.17
97705405,-0.023,-0.881,0.466,-2.198,-18.916,8.107,31.21
97715100,-0.022,-0.869,0.447,-3.679,-20.382,8.153,31.26
97724144,-0.017,-0.872,0.458,-5.16,-21.267,7.832,31.31
97750535,-0.012,-0.879,0.461,-6.046,-21.069,7.053,31.26
97761046,-0.012,-0.883,0.47,-6.244,-19.939,6.763,31.21
97766113,-0.018,-0.879,0.476,-6.153,-18.763,5.756,31.21
97768277,-0.009,-0.86,0.479,-6.244,-17.71,4.87,31.35
97774572,-0.0,-0.864,0.479,-6.015,-16.275,4.153,31.21
97788458,-0.006,-0.853,0.479,-5.695,-14.901,2.931,31.26
97794646,-0.001,-0.838,0.484,-5.328,-13.939,1.817,31.21
97802431,-0.013,-0.831,0.491,-4.885,-12.779,1.115,31.26
97817343,-0.014,-0.831,0.48,-4.427,-12.092,0.504,31.21
97825562,-0.016,-0.821,0.501,-3.756,-11.481,-0.534,31.17
97856070,-0.014,-0.819,0.498,-3.573,-11.282,-0.824,31.17
97865756,-0.016,-0.82,0.496,-2.779,-10.58,-1.344,31.21
97867785,-0.024,-0.821,0.498,-2.046,-9.786,-1.908,31.17
97869575,-0.028,-0.821,0.501,-1.496,-9.481,-1.878,31.21
97875472,-0.031,-0.836,0.507,-0.58,-8.87,-1.771,31.17
97888079,-0.045,-0.842,0.51,-0.015,-8.901,-1.038,31.21
97895949,-0.041,-0.852,0.513,1.13,-8.702,-0.458,31.26
97903660,-0.042,-0.846,0.508,1.908,-8.122,-0.137,31.31
97918532,-0.036,-0.856,0.498,3.786,-6.519,-0.061,31.17
97925492,-0.047,-0.843,0.502,4.641,-5.649,-0.061,31.31
97953336,-0.044,-0.832,0.485,4.702,-5.42,-0.519,31.31
97963723,-0.049,-0.835,0.479,4.55,-5.695,-0.504,31.26
97969583,-0.057,-0.828,0.48,3.359,-6.534,-0.458,31.21
97976268,-0.041,-0.826,0.469,2.229,-6.733,-0.061,31.26
97984927,-0.043,-0.823,0.475,0.977,-6.519,0.641,31.31
97996344,-0.035,-0.828,0.464,0.015,-5.924,1.13,31.26
97998889,-0.028,-0.824,0.473,-0.504,-4.366,1.832,31.21
98004617,-0.02,-0.826,0.464,-0.046,-1.45,2.382,31.17
98016693,-0.014,-0.824,0.46,0.55,1.191,3.008,31.26
98026443,-0.019,-0.822,0.447,0.977,4.031,3.588,31.21
98032224,-0.017,-0.823,0.452,0.885,5.847,4.198,31.35
98061901,-0.024,-0.829,0.443,0.672,6.901,5.527,31.31
98070850,-0.03,-0.826,0.447,-0.412,7.145,6.718,31.35
98073071,-0.033,-0.821,0.443,-1.771,6.58,7.618,31.21
98080566,-0.023,-0.826,0.436,-3.099,5.817,8.504,31.26
98094818,-0.021,-0.831,0.443,-4.824,5.771,9.084,31.31
98099703,-0.011,-0.83,0.434,-5.878,6.122,9.374,31.35
98103555,-0.004,-0.829,0.441,-7.313,6.977,9.527,31.17
98116256,-0.004,-0.821,0.436,-8.046,8.229,9.557,31.21
98128303,0.009,-0.827,0.44,-9.16,9.588,9.511,31.35
98133856,0.01,-0.832,0.441,-9.847,11.053,9.298,31.31
98162032,0.003,-0.844,0.444,-10.366,12.824,8.244,31.26
98174380,0.015,-0.849,0.449,-10.305,14.656,7.481,31.21
98177995,0.009,-0.852,0.455,-10.214,16.901,6.458,31.26
98183813,0.01,-0.85,0.463,-9.802,19.45,4.977,31.21
98193836,0.009,-0.847,0.464,-9.069,21.802,3.344,31.31
98199415,0.002,-0.847,0.459,-8.611,23.557,2.153,31.17
98204455,-0.001,-0.859,0.449,-8.137,24.336,0.992,31.21
98216848,-0.01,-0.855,0.47,-8.229,25.16,0.397,31.26
98231506,-0.01,-0.849,0.47,-8.0,24.305,-0.015,31.21
98235447,-0.017,-0.834,0.467,-8.061,22.504,-0.366,31.26
98261177,-0.02,-0.845,0.47,-9.16,20.351,-0.611,31.21
98272822,-0.022,-0.84,0.465,-9.466,17.924,-0.595,31.26
98278173,-0.016,-0.839,0.475,-9.679,16.015,-0.473,31.26
98280346,-0.01,-0.834,0.473,-9.985,14.458,-0.626,31.12
98286970,-0.004,-0.827,0.476,-9.969,13.221,-0.992,31.26
98299444,0.011,-0.836,0.487,-9.573,13.237,-2.122,31.21
98307246,0.002,-0.825,0.495,-8.779,13.74,-2.702,31.26
98314321,0.005,-0.828,0.508,-8.092,13.313,-3.985,31.21
98327499,-0.023,-0.83,0.505,-7.466,12.153,-5.267,31.26
98338116,-0.033,-0.846,0.518,-6.336,9.939,-6.519,31.21
98360378,-0.029,-0.85,0.51,-4.473,8.458,-8.26,31.26
98376372,-0.025,-0.859,0.53,-2.107,7.664,-11.389,31.26
98382480,-0.038,-0.877,0.517,0.855,6.229,-13.817,31.21
98386324,-0.047,-0.88,0.516,4.275,5.649,-16.84,31.17
98390676,-0.063,-0.867,0.512,6.229,4.611,-18.962,31.21
98401127,-0.077,-0.878,0.508,7.893,3.069,-20.031,31.26
98410067,-0.096,-0.86,0.518,8.504,1.847,-21.511,31.26
98414831,-0.095,-0.846,0.511,9.069,-0.137,-21.374,31.26
98423385,-0.091,-0.853,0.491,8.351,-2.733,-20.672,31.21
98434342,-0.098,-0.831,0.485,7.969,-5.053,-20.672,31.26
98442698,-0.081,-0.827,0.474,8.015,-6.672,-20.061,31.26
98473740,-0.094,-0.809,0.451,6.382,-8.855,-18.565,31.21
98482489,-0.094,-0.81,0.456,5.863,-10.656,-16.336,31.17
98484422,-0.089,-0.812,0.457,5.328,-11.099,-14.977,31.21
98489639,-0.072,-0.805,0.447,4.977,-10.214,-13.389,31.26
98493240,-0.064,-0.81,0.457,4.351,-8.748,-11.664,31.26
98507865,-0.062,-0.808,0.445,4.275,-6.748,-10.122,31.26
98513390,-0.061,-0.801,0.435,3.969,-3.893,-8.183,31.31
98524436,-0.067,-0.811,0.44,3.267,-1.954,-6.412,31.26
98535393,-0.066,-0.827,0.425,2.183,-0.061,-4.366,31.26
98543549,-0.07,-0.832,0.427,1.282,1.786,-2.336,31.21
98578485,-0.077,-0.844,0.424,0.718,3.45,-0.84,31.35
98583663,-0.073,-0.851,0.433,-0.229,5.603,0.366,31.21
98585390,-0.068,-0.847,0.43,-0.901,7.328,1.603,31.26
98589623,-0.056,-0.84,0.435,-0.962,10.229,1.038,31.26
98604830,-0.06,-0.833,0.436,-1.573,12.55,0.962,31.26
98614335,-0.062,-0.829,0.429,-2.214,14.565,0.763,31.31
98616731,-0.047,-0.844,0.436,-2.565,16.855,0.611,31.21
98626390,-0.065,-0.852,0.443,-2.565,19.176,1.176,31.26
98635027,-0.073,-0.862,0.443,-2.672,20.733,2.275,31.21
98645518,-0.079,-0.863,0.448,-2.305,21.969,3.42,31.26
98651356,-0.074,-0.853,0.448,-1.374,23.115,4.397,31.21
98682041,-0.075,-0.847,0.438,-1.069,23.42,5.389,31.26
98691063,-0.081,-0.847,0.439,-1.817,22.015,5.954,31.17
98693379,-0.086,-0.848,0.444,-2.977,20.321,7.084,31.26
98697810,-0.093,-0.845,0.45,-3.863,19.176,7.588,31.21
98704625,-0.09,-0.832,0.457,-4.992,18.015,8.534,31.17
98720390,-0.089,-0.835,0.45,-6.687,16.809,9.16,31.26
98723119,-0.085,-0.837,0.454,-7.298,15.603,9.542,31.21
98734867,-0.072,-0.845,0.46,-8.137,15.695,9.45,31.17
98745526,-0.062,-0.845,0.461,-7.847,16.916,9.13,31.31
98754329,-0.058,-0.843,0.469,-7.145,18.687,9.191,31.26
98788640,-0.06,-0.838,0.472,-6.626,20.595,8.718,31.31
98795798,-0.058,-0.841,0.475,-6.229,21.954,8.214,31.26
98797902,-0.053,-0.826,0.466,-6.137,22.397,7.985,31.21
98800907,-0.057,-0.83,0.471,-6.153,22.412,7.496,31.17
98805987,-0.053,-0.824,0.461,-6.031,21.786,6.931,31.17
98817161,-0.043,-0.825,0.471,-5.664,21.099,5.679,31.31
98825578,-0.046,-0.819,0.473,-4.687,20.321,4.031,31.17
98833129,-0.03,-0.813,0.474,-4.29,19.954,2.382,31.21
98845625,-0.041,-0.814,0.467,-3.328,17.817,0.702,31.26
98857439,-0.042,-0.813,0.462,-2.519,17.344,-1.13,31.31
98889195,-0.034,-0.81,0.465,-0.962,16.366,-2.397,31.17
98897613,-0.025,-0.815,0.461,0.168,15.924,-4.0,31.21
98899752,-0.031,-0.82,0.448,1.496,15.649,-5.802,31.17
98902489,-0.042,-0.831,0.446,2.733,15.084,-7.511,31.35
98908431,-0.021,-0.823,0.441,3.985,15.099,-9.038,31.21
98919479,-0.034,-0.834,0.447,4.26,15.664,-10.443,31.17
98925068,-0.048,-0.851,0.464,5.069,15.969,-11.221,31.21
98934259,-0.047,-0.853,0.446,5.771,16.183,-12.504,31.17
98945804,-0.063,-0.85,0.435,5.282,15.053,-12.931,31.31
98958157,-0.065,-0.857,0.425,5.008,13.191,-13.542,31.26
98963615,-0.068,-0.871,0.423,4.931,11.42,-14.626,31.21
98992269,-0.072,-0.858,0.424,3.405,10.015,-14.962,31.17
99001811,-0.081,-0.875,0.438,2.779,9.42,-15.618,31.26
99004551,-0.062,-0.867,0.447,2.763,11.496,-17.023,31.21
99010489,-0.065,-0.867,0.456,2.885,15.527,-18.855,31.26
99022246,-0.07,-0.873,0.462,3.267,20.351,-20.122,31.21
99031574,-0.092,-0.886,0.468,3.466,24.87,-20.977,31.35
99033613,-0.103,-0.874,0.473,4.0,29.176,-21.71,31.17
99047377,-0.129,-0.852,0.464,3.985,31.557,-21.42,31.26
99055234,-0.139,-0.828,0.482,3.542,33.16,-20.809,31.31
99065368,-0.148,-0.807,0.493,3.008,33.481,-20.412,31.31
99095359,-0.153,-0.794,0.489,2.244,33.252,-19.603,31.26
99104838,-0.148,-0.781,0.503,1.405,33.45,-18.733,31.31
99106830,-0.176,-0.771,0.508,1.237,32.336,-16.763,31.26
99108571,-0.175,-0.761,0.506,0.015,29.74,-13.969,31.21
99114282,-0.197,-0.775,0.516,-2.305,24.809,-9.756,31.17
99127804,-0.195,-0.793,0.513,-3.099,18.275,-5.206,31.17
99136304,-0.187,-0.825,0.509,-2.794,11.542,-0.351,31.26
99142957,-0.168,-0.834,0.481,-1.557,5.969,3.099,31.31
99171176,-0.141,-0.844,0.474,-0.565,1.603,6.641,31.31
99176031,-0.123,-0.847,0.472,1.893,-0.397,8.534,31.17
99178080,-0.103,-0.838,0.475,3.817,-1.603,9.45,31.21
99181475,-0.091,-0.829,0.458,5.832,-2.244,9.878,31.26
99249761,-0.08,-0.817,0.428,6.122,-3.45,9.221,31.21
99255475,-0.067,-0.804,0.417,5.511,-5.084,8.244,31.17
99260922,-0.046,-0.792,0.4,4.168,-6.504,6.412,31.26
99265398,-0.035,-0.784,0.394,2.748,-7.527,4.611,31.35
99270240,-0.016,-0.792,0.393,1.252,-7.435,2.0,31.17
99285369,-0.012,-0.804,0.395,0.412,-6.427,0.122,31.21
99290440,0.002,-0.795,0.394,-1.893,-3.817,-1.542,31.26
99292844,-0.008,-0.827,0.37,-1.985,-0.412,-3.389,31.21
99297816,-0.02,-0.852,0.381,-2.779,3.298,-3.863,31.26
99305673,-0.017,-0.872,0.378,-3.069,5.756,-4.626,31.31
99314885,-0.034,-0.88,0.391,-3.496,7.435,-4.305,31.26
99322709,-0.051,-0.895,0.393,-4.595,8.427,-4.305,31.17
99327069,-0.062,-0.897,0.418,-5.542,7.924,-3.954,31.26
99329148,-0.069,-0.904,0.409,-6.55,6.473,-4.779,31.17
99354089,-0.077,-0.899,0.419,-7.985,4.26,-4.275,31.21
99364087,-0.066,-0.892,0.425,-9.511,3.008,-5.084,31.35
99371681,-0.062,-0.886,0.43,-10.29,2.931,-6.397,31.21
99373913,-0.059,-0.874,0.438,-10.748,3.221,-8.153,31.26
99380412,-0.068,-0.864,0.45,-11.603,3.16,-9.954,31.21
99392178,-0.078,-0.861,0.461,-12.336,3.893,-11.939,31.17
99400583,-0.079,-0.841,0.471,-13.313,4.565,-13.16,31.26
99404820,-0.087,-0.843,0.474,-13.023,4.885,-13.878,31.35
99420874,-0.094,-0.849,0.479,-12.427,5.802,-14.321,31.17
99426594,-0.103,-0.838,0.492,-12.107,5.847,-13.664,31.21
99434996,-0.098,-0.844,0.501,-10.718,6.947,-13.008,31.26
99753113,-0.106,-0.848,0.498,-9.252,8.382,-12.015,31.31
99768819,-0.113,-0.843,0.514,-7.832,8.931,-9.786,31.17
99770939,-0.106,-0.851,0.503,-5.771,9.557,-7.878,31.21
99772928,-0.105,-0.854,0.499,-3.893,9.42,-5.802,31.26
99778356,-0.098,-0.852,0.493,-1.389,8.733,-4.198,31.17
99790363,-0.091,-0.851,0.482,0.794,8.55,-3.069,31.21
99795962,-0.088,-0.85,0.492,2.824,8.076,-2.153,31.35
99800998,-0.092,-0.851,0.482,4.443,7.466,-1.74,31.31
99803154,-0.084,-0.852,0.466,5.527,6.855,-1.481,31.26
99807456,-0.083,-0.853,0.453,6.412,6.412,-1.74,31.21
99814730,-0.075,-0.848,0.453,6.153,5.634,-1.863,31.35
99827384,-0.076,-0.845,0.441,5.893,4.214,-2.351,31.21
99835741,-0.07,-0.843,0.442,4.931,2.55,-3.038,31.17
99838017,-0.063,-0.838,0.424,3.832,1.313,-3.115,31.26
99839507,-0.059,-0.844,0.424,2.702,0.534,-3.863,31.21
99841883,-0.058,-0.844,0.412,1.649,0.458,-4.351,31.26
99843412,-0.052,-0.851,0.42,0.977,0.611,-4.702,31.21
99845055,-0.053,-0.853,0.416,0.794,1.481,-5.313,31.17
99877058,-0.045,-0.854,0.417,0.336,2.58,-5.756,31.21
99882411,-0.041,-0.861,0.423,-0.122,3.634,-6.534,31.17
99884337,-0.049,-0.853,0.422,-0.26,5.42,-7.084,31.21
99888664,-0.056,-0.859,0.423,-0.763,6.534,-6.641,31.26
99895042,-0.048,-0.855,0.418,-0.687,8.107,-7.282,31.26
99907092,-0.055,-0.858,0.423,-0.656,9.954,-8.458,31.21
99912241,-0.061,-0.853,0.433,-0.992,10.916,-8.29,31.26
99914351,-0.056,-0.854,0.441,-0.992,11.893,-9.115,31.21
99919125,-0.061,-0.844,0.446,-1.115,12.84,-9.924,31.26
99925351,-0.082,-0.852,0.452,-1.038,13.176,-9.878,31.31
99934119,-0.085,-0.849,0.447,-0.779,12.458,-10.168,31.26
99944839,-0.094,-0.853,0.46,-0.534,12.229,-10.244,31.21
99948402,-0.095,-0.854,0.455,0.107,11.496,-10.107,31.26
99950126,-0.093,-0.847,0.45,0.321,10.687,-9.832,31.35
99952342,-0.104,-0.849,0.444,0.519,9.817,-9.115,31.21
99954195,-0.097,-0.844,0.465,1.115,8.656,-8.824,31.26
99955818,-0.107,-0.842,0.464,1.084,7.481,-7.954,31.21
99984122,-0.108,-0.842,0.45,0.885,6.061,-6.855,31.26
99992400,-0.107,-0.839,0.455,1.008,4.885,-5.511,31.21
99994777,-0.105,-0.835,0.452,0.779,3.374,-4.427,31.26
99998936,-0.099,-0.833,0.447,0.366,1.985,-3.405,31.21
100002868,-0.1,-0.836,0.439,0.061,0.855,-2.214,31.26
100013598,-0.091,-0.833,0.445,-0.473,0.076,-1.191,31.17
100020894,-0.077,-0.832,0.434,-0.702,-0.336,-0.55,31.26
100026064,-0.072,-0.837,0.441,-0.901,-0.351,-0.031,31.26
100029490,-0.065,-0.846,0.441,-0.565,0.29,0.153,31.21
100034389,-0.071,-0.847,0.434,-0.55,1.16,0.198,31.17
100046602,-0.056,-0.847,0.441,-0.504,2.29,0.061,31.31
100057294,-0.072,-0.857,0.426,0.214,4.412,-0.947,31.26
100061169,-0.064,-0.856,0.432,-0.168,4.702,-0.412,31.31
100063674,-0.062,-0.848,0.434,-0.275,5.542,-1.42,31.26
100065379,-0.064,-0.846,0.444,-0.794,6.458,-2.092,31.26
100066924,-0.076,-0.854,0.439,-1.802,6.427,-2.611,31.26
100090590,-0.075,-0.84,0.446,-2.427,6.443,-2.794,31.26
100101612,-0.079,-0.844,0.442,-3.023,6.168,-2.885,31.21
100107430,-0.077,-0.844,0.445,-3.435,5.588,-2.931,31.35
100112220,-0.081,-0.841,0.449,-3.618,5.466,-3.145,31.21
100116624,-0.09,-0.848,0.448,-3.42,5.191,-2.809,31.26
100130167,-0.087,-0.848,0.453,-3.069,4.901,-2.733,31.21
100138826,-0.09,-0.836,0.458,-2.931,4.489,-2.58,31.26
100142467,-0.092,-0.837,0.45,-2.809,4.275,-2.168,31.17
100148343,-0.097,-0.835,0.453,-3.053,3.282,-1.664,31.26
100160728,-0.101,-0.831,0.444,-3.389,2.275,-0.977,31.31
100171196,-0.097,-0.828,0.446,-3.863,1.115,-0.366,31.17
100174201,-0.088,-0.835,0.446,-4.076,0.336,0.305,31.17
100175796,-0.086,-0.828,0.454,-4.366,-0.26,0.87,31.31
100178225,-0.085,-0.833,0.46,-4.565,-0.412,1.359,31.26
100179842,-0.081,-0.831,0.461,-4.672,-0.855,1.878,31.21
100181442,-0.082,-0.83,0.453,-4.779,-1.038,2.107,31.17
100206786,-0.077,-0.841,0.463,-4.672,-1.313,2.29,31.31
100216505,-0.081,-0.838,0.444,-4.489,-1.374,2.015,31.17
100221525,-0.076,-0.842,0.461,-4.351,-1.359,2.229,31.4
100227743,-0.076,-0.842,0.459,-4.198,-1.466,2.0,31.26
100234929,-0.062,-0.841,0.469,-4.0,-1.252,1.924,31.21
100250444,-0.068,-0.837,0.464,-3.771,-0.947,1.817,31.31
100252287,-0.073,-0.836,0.468,-3.74,-1.023,1.817,31.26
100255976,-0.071,-0.844,0.464,-3.557,-1.13,1.588,31.21
100260894,-0.071,-0.834,0.458,-3.695,-1.664,1.71,31.17
100272630,-0.065,-0.835,0.461,-3.481,-1.74,1.863,31.21
100278962,-0.066,-0.833,0.461,-3.771,-1.863,1.588,31.35
100288041,-0.063,-0.844,0.462,-3.267,-2.015,1.725,31.21
100289334,-0.069,-0.838,0.467,-2.458,-1.176,1.145,31.26
100290757,-0.062,-0.842,0.46,-1.908,-0.885,0.656,31.21
100293624,-0.06,-0.838,0.462,-1.115,0.305,0.29,31.21
100295025,-0.062,-0.844,0.455,-0.58,0.992,-0.092,31.35
100323699,-0.063,-0.842,0.457,-0.183,1.634,-0.687,31.31
100332750,-0.071,-0.839,0.455,0.061,1.802,-0.794,31.26
100334641,-0.069,-0.834,0.451,-0.366,1.557,-0.931,31.21
100339020,-0.071,-0.835,0.458,-0.687,0.794,-0.916,31.26
100343092,-0.076,-0.831,0.454,-1.221,0.382,-0.824,31.21
100355042,-0.07,-0.828,0.446,-1.71,0.214,-0.595,31.17
100363140,-0.072,-0.827,0.458,-1.863,-0.244,-0.733,31.21
100367460,-0.076,-0.832,0.461,-2.366,-0.427,-0.748,31.26
100372111,-0.071,-0.832,0.454,-2.672,-0.382,-0.611,31.26
100384801,-0.074,-0.836,0.454,-3.145,-0.351,-0.504,31.31
100393037,-0.075,-0.841,0.457,-3.527,-0.702,-0.321,31.26
100397259,-0.072,-0.84,0.462,-3.679,-0.702,-0.458,31.21
100398567,-0.076,-0.836,0.459,-4.046,-0.794,-0.26,31.26
100423849,-0.07,-0.838,0.468,-3.924,-0.87,0.0,31.31
100434277,-0.063,-0.834,0.474,-4.015,-0.931,-0.275,31.26
100439764,-0.065,-0.831,0.456,-3.969,-0.626,-0.183,31.31
100441425,-0.062,-0.834,0.467,-3.603,-0.473,-0.626,31.21
100447015,-0.063,-0.835,0.47,-3.573,-0.351,-0.626,31.26
100456940,-0.058,-0.837,0.468,-3.023,-0.015,-0.763,31.31
100467699,-0.048,-0.837,0.471,-2.534,0.84,-1.13,31.17
100473798,-0.058,-0.839,0.467,-1.939,1.573,-1.511,31.31
100485727,-0.059,-0.841,0.47,-1.298,2.336,-1.817,31.17
100498379,-0.064,-0.833,0.462,-1.115,2.733,-2.137,31.31
100523139,-0.056,-0.837,0.465,-0.473,3.145,-2.458,31.26
100533844,-0.058,-0.833,0.453,-0.321,3.115,-2.733,31.26
100540247,-0.058,-0.836,0.454,-0.84,2.931,-2.962,31.21
100546383,-0.062,-0.835,0.461,-1.023,2.901,-3.206,31.26
100554334,-0.06,-0.83,0.463,-1.008,3.069,-3.16,31.21
100564069,-0.064,-0.838,0.461,-1.099,3.374,-3.389,31.26
100568742,-0.067,-0.831,0.456,-1.008,3.847,-3.695,31.26
100574648,-0.065,-0.838,0.45,-1.13,4.107,-3.847,31.26
100587444,-0.064,-0.837,0.451,-1.023,4.244,-3.985,31.21
100596654,-0.072,-0.835,0.456,-0.977,4.58,-3.878,31.21
100601330,-0.068,-0.831,0.461,-0.885,4.84,-3.771,31.26
100631516,-0.07,-0.835,0.455,-0.763,4.855,-3.649,31.31
100639824,-0.076,-0.83,0.464,-1.084,4.672,-3.618,31.17
100641998,-0.079,-0.83,0.469,-0.885,4.305,-3.221,31.21
100645841,-0.076,-0.829,0.463,-1.023,3.832,-2.977,31.26
100655549,-0.074,-0.828,0.46,-1.389,3.405,-2.55,31.26
100665110,-0.079,-0.827,0.449,-1.603,3.267,-2.473,31.26
100672480,-0.075,-0.834,0.458,-1.511,3.267,-2.046,31.26
100685051,-0.075,-0.837,0.457,-1.588,3.679,-2.198,31.31
100697480,-0.077,-0.842,0.458,-1.573,4.183,-1.924,31.26
100703483,-0.077,-0.837,0.459,-1.344,4.076,-2.061,31.31
100731526,-0.074,-0.843,0.447,-1.725,4.214,-2.076,31.26
100737199,-0.074,-0.844,0.458,-1.847,4.092,-1.954,31.31
100742565,-0.077,-0.835,0.468,-2.015,3.695,-2.015,31.17
100749264,-0.079,-0.828,0.463,-2.351,3.267,-1.939,31.26
100760108,-0.083,-0.836,0.466,-2.504,2.809,-1.863,31.17
100769221,-0.081,-0.833,0.465,-2.901,2.107,-1.618,31.26
100773782,-0.078,-0.833,0.463,-3.221,1.771,-1.527,31.31
100785391,-0.07,-0.828,0.464,-3.221,1.893,-1.328,31.26
100798677,-0.073,-0.84,0.471,-3.405,1.847,-1.16,31.31
100804631,-0.071,-0.839,0.477,-2.718,1.954,-0.977,31.35
100828729,-0.08,-0.834,0.463,-2.489,2.55,-0.901,31.21
100838477,-0.069,-0.832,0.474,-2.031,2.092,-0.611,31.17
100843604,-0.068,-0.835,0.472,-1.939,1.832,-0.473,31.26
100846487,-0.072,-0.843,0.472,-1.374,1.527,-0.611,31.21
100851602,-0.073,-0.835,0.464,-1.099,1.282,-0.565,31.26
100864489,-0.069,-0.835,0.461,-0.916,1.084,-0.534,31.21
100872080,-0.067,-0.84,0.458,-0.702,0.641,-0.763,31.26
100885663,-0.065,-0.838,0.459,-0.58,0.595,-0.885,31.21
100897835,-0.071,-0.845,0.458,-0.687,0.244,-0.931,31.17
100902570,-0.062,-0.839,0.457,-0.977,0.397,-1.023,31.31
100932581,-0.064,-0.838,0.458,-1.115,0.229,-1.084,31.26
100937588,-0.066,-0.84,0.459,-1.084,0.351,-1.053,31.26
100942630,-0.071,-0.841,0.464,-1.374,0.397,-1.252,31.21
100946925,-0.064,-0.833,0.468,-1.496,0.092,-1.328,31.26
100955037,-0.063,-0.834,0.46,-1.267,0.061,-1.374,31.31
100968409,-0.068,-0.834,0.464,-1.573,0.061,-1.573,31.26
100974499,-0.066,-0.835,0.461,-1.511,0.29,-1.634,31.31
100985275,-0.064,-0.833,0.458,-2.168,0.015,-1.786,31.26
100997342,-0.066,-0.831,0.461,-2.244,0.626,-1.435,31.26
101003482,-0.065,-0.833,0.462,-2.885,0.977,-1.344,31.21
101027149,-0.065,-0.834,0.468,-3.145,0.84,-0.763,31.26
101037385,-0.067,-0.828,0.468,-3.13,1.405,-0.992,31.21
101042839,-0.076,-0.83,0.464,-3.359,1.466,-0.55,31.26
101048243,-0.061,-0.829,0.48,-3.084,1.527,-0.534,31.21
101054600,-0.071,-0.836,0.468,-2.931,1.038,-0.336,31.26
101065815,-0.065,-0.828,0.463,-2.748,1.023,0.183,31.17
101074608,-0.065,-0.835,0.465,-2.504,0.489,0.183,31.21
101084572,-0.062,-0.837,0.473,-2.031,0.366,0.351,31.26
101096561,-0.062,-0.832,0.47,-1.527,0.794,0.58,31.21
101101646,-0.068,-0.835,0.472,-1.282,0.519,0.519,31.26
101135290,-0.069,-0.834,0.463,-1.542,0.305,0.473,31.21
101140136,-0.064,-0.83,0.461,-1.557,0.0,-0.153,31.17
101143763,-0.062,-0.839,0.467,-1.771,0.092,-0.382,31.31
101148595,-0.06,-0.842,0.469,-2.015,0.702,-0.611,31.26
101155300,-0.053,-0.836,0.469,-1.74,2.275,-0.931,31.26
101168030,-0.056,-0.838,0.463,-1.557,2.947,-0.748,31.21
101174240,-0.062,-0.842,0.468,-1.252,3.725,-0.809,31.17
101184301,-0.072,-0.842,0.462,-1.557,3.878,-0.855,31.21
101197535,-0.065,-0.839,0.457,-2.122,4.168,-1.023,31.17
101202973,-0.064,-0.841,0.465,-2.779,5.282,-1.42,31.26
101231040,-0.062,-0.844,0.456,-2.885,7.008,-1.145,31.26
101239741,-0.057,-0.85,0.477,-3.313,10.244,-1.511,31.26
101241814,-0.082,-0.844,0.467,-3.527,12.672,-0.824,31.31
101246372,-0.079,-0.84,0.485,-3.527,14.931,-0.229,31.26
101254173,-0.078,-0.832,0.471,-3.481,16.382,0.702,31.31
101265485,-0.082,-0.833,0.475,-4.076,16.55,1.618,31.17
101273369,-0.085,-0.831,0.475,-3.603,16.519,2.763,31.31
101284711,-0.088,-0.829,0.486,-2.733,15.786,3.725,31.26
101296974,-0.095,-0.813,0.488,-2.092,14.229,4.443,31.26
101323438,-0.081,-0.817,0.484,-1.634,12.504,5.206,31.21
101335821,-0.088,-0.819,0.494,-0.214,11.053,5.237,31.26
101340907,-0.087,-0.819,0.492,1.053,8.962,5.237,31.31
101342564,-0.095,-0.82,0.493,2.244,6.84,4.748,31.35
101348294,-0.082,-0.833,0.485,3.573,4.87,3.588,31.21
101355233,-0.089,-0.835,0.48,4.565,3.664,2.336,31.26
101365528,-0.09,-0.821,0.473,5.298,2.015,0.718,31.31
101371020,-0.084,-0.825,0.474,5.099,0.595,-0.229,31.21
101384956,-0.092,-0.815,0.469,4.702,-0.702,-1.282,31.17
101397298,-0.084,-0.81,0.462,3.863,-1.603,-2.015,31.31
101402981,-0.076,-0.818,0.439,2.901,-2.412,-2.321,31.26
101432181,-0.082,-0.823,0.448,1.893,-3.496,-2.412,31.21
101440461,-0.074,-0.832,0.441,0.733,-4.244,-2.473,31.35
101445355,-0.076,-0.829,0.438,-0.122,-4.351,-2.107,31.31
101453258,-0.073,-0.827,0.446,-1.206,-4.977,-1.771,31.26
101464492,-0.08,-0.825,0.457,-2.107,-5.145,-1.786,31.31
101469189,-0.07,-0.826,0.451,-3.038,-5.557,-1.725,31.31
101474564,-0.077,-0.826,0.464,-3.71,-5.939,-1.664,31.17
101485948,-0.074,-0.833,0.477,-3.267,-5.725,-1.221,31.31
101493862,-0.086,-0.827,0.493,-2.595,-4.977,-1.069,31.35
101504027,-0.099,-0.82,0.491,-2.855,-5.664,-0.321,31.31
101531890,-0.091,-0.822,0.49,-2.718,-6.611,-0.031,31.26
101540931,-0.082,-0.832,0.487,-2.885,-6.626,-0.198,31.21
101543116,-0.07,-0.832,0.488,-2.244,-5.557,-0.672,31.35
101548139,-0.069,-0.824,0.483,-1.649,-3.527,-0.458,31.31
101554696,-0.065,-0.825,0.485,-0.809,-1.145,-0.672,31.21
101565979,-0.069,-0.822,0.491,-0.672,0.809,-0.656,31.26
101574501,-0.067,-0.829,0.484,-0.061,2.0,-0.534,31.21
101585779,-0.061,-0.828,0.474,-0.137,3.115,-0.58,31.26
101596961,-0.061,-0.829,0.466,-0.092,3.969,-0.397,31.21
101601609,-0.061,-0.828,0.476,0.321,4.824,-0.031,31.26
101637915,-0.062,-0.827,0.492,1.099,6.107,-0.031,31.21
101643395,-0.069,-0.812,0.48,1.359,6.595,-0.29,31.26
101645974,-0.069,-0.81,0.483,1.405,6.198,-0.321,31.31
101652668,-0.058,-0.807,0.491,1.13,5.71,-0.962,31.31
101659658,-0.071,-0.81,0.489,1.023,5.053,-1.832,31.26
101669216,-0.052,-0.814,0.482,1.328,4.305,-2.733,31.21
101674422,-0.061,-0.818,0.486,1.221,3.847,-3.542,31.26
101685911,-0.05,-0.826,0.47,1.328,3.74,-4.672,31.21
101701457,-0.082,-0.824,0.492,1.802,3.237,-3.939,31.26
101705508,-0.079,-0.846,0.509,1.42,2.427,-4.595,31.31
101722856,-0.075,-0.85,0.521,3.344,2.519,-5.008,31.26
101742282,-0.094,-0.812,0.488,4.489,0.748,-5.176,31.26
101746973,-0.094,-0.801,0.447,4.595,-3.13,-6.427,31.21
101749661,-0.077,-0.825,0.44,4.855,-8.397,-8.427,31.26
101756406,-0.07,-0.844,0.441,5.939,-10.702,-8.885,31.21
101763163,-0.078,-0.829,0.429,6.015,-11.405,-9.405,31.26
101776172,-0.108,-0.806,0.411,3.634,-14.031,-9.252,31.31
101782998,-0.1,-0.803,0.404,0.321,-16.29,-8.702,31.26
101795689,-0.09,-0.798,0.401,-3.725,-15.832,-8.366,31.21
101805122,-0.086,-0.792,0.417,-8.626,-14.107,-6.763,31.26
101811330,-0.091,-0.788,0.425,-14.504,-12.107,-4.58,31.26
101841045,-0.084,-0.783,0.444,-18.855,-8.672,0.092,31.21
101849379,-0.061,-0.78,0.471,-22.718,-1.969,3.237,31.26
101853398,-0.054,-0.785,0.494,-24.779,5.939,6.748,31.21
101861520,-0.058,-0.773,0.511,-26.855,13.099,10.473,31.35
101873497,-0.054,-0.777,0.514,-28.214,20.382,13.405,31.21
101878960,-0.036,-0.794,0.533,-27.023,27.985,14.763,31.26
101883678,-0.036,-0.811,0.55,-24.611,35.679,15.527,31.31
101894958,-0.04,-0.826,0.573,-21.466,41.008,15.298,31.17
101907344,-0.06,-0.837,0.574,-17.603,42.84,14.733,31.17
101911678,-0.085,-0.84,0.582,-13.267,41.252,13.237,31.31
101942680,-0.106,-0.859,0.591,-9.237,35.344,10.534,31.17
101950808,-0.096,-0.865,0.573,-4.55,28.794,6.702,31.31
101952611,-0.092,-0.876,0.542,-0.595,23.74,2.947,31.35
101954783,-0.092,-0.885,0.518,3.13,16.626,-0.626,31.21
101965964,-0.07,-0.888,0.493,6.992,8.473,-4.092,31.35
101981365,-0.061,-0.891,0.492,10.824,0.504,-7.649,31.21
101983926,-0.075,-0.882,0.496,13.908,-6.427,-10.351,31.35
101994118,-0.073,-0.868,0.499,17.145,-13.252,-12.031,31.26
102005853,-0.073,-0.862,0.48,18.84,-18.641,-13.74,31.21
102014974,-0.083,-0.849,0.481,19.71,-24.092,-14.565,31.35
102038661,-0.079,-0.842,0.483,19.695,-27.389,-15.313,31.21
102047827,-0.069,-0.838,0.47,18.702,-28.061,-16.473,31.26
102056362,-0.069,-0.824,0.464,17.496,-26.824,-16.947,31.21
102058781,-0.067,-0.834,0.461,17.45,-25.328,-17.649,31.26
102063833,-0.053,-0.814,0.426,15.908,-20.779,-19.145,31.31
102075789,-0.052,-0.81,0.406,13.786,-18.046,-18.092,31.26
102085638,-0.058,-0.818,0.403,13.221,-12.397,-18.641,31.26
102097684,-0.083,-0.804,0.421,9.237,-11.405,-17.969,31.21
102105241,-0.063,-0.813,0.43,6.168,-7.389,-17.664,31.17
102115777,-0.058,-0.789,0.437,4.046,0.809,-15.649,31.21
102134232,-0.059,-0.78,0.429,1.267,7.817,-12.565,31.26
102153398,-0.063,-0.769,0.417,-1.115,13.603,-9.985,31.21
102158274,-0.07,-0.76,0.431,-3.023,18.962,-7.328,31.26
102160446,-0.092,-0.762,0.457,-4.397,24.244,-3.649,31.31
102165288,-0.109,-0.755,0.462,-7.374,26.321,-0.595,31.21
102178532,-0.123,-0.747,0.459,-10.595,25.206,2.626,31.26
102187947,-0.08,-0.771,0.448,-13.786,28.26,3.084,31.21
102194840,-0.061,-0.782,0.455,-15.069,30.992,3.008,31.26
102208343,-0.072,-0.788,0.467,-16.702,31.588,4.611,31.31
102217563,-0.077,-0.799,0.472,-18.153,30.733,4.733,31.26
102222411,-0.1,-0.806,0.482,-19.176,28.336,4.595,31.31
102253986,-0.104,-0.815,0.461,-20.702,24.137,4.992,31.26
102262125,-0.094,-0.824,0.459,-21.313,18.656,4.641,31.31
102264011,-0.103,-0.848,0.45,-22.198,11.725,3.954,31.21
102268636,-0.066,-0.865,0.481,-20.931,4.962,2.885,31.26
102276870,-0.082,-0.857,0.498,-18.015,-1.954,2.473,31.31
102288884,-0.094,-0.851,0.531,-14.977,-8.931,2.061,31.26
102293985,-0.109,-0.848,0.539,-12.626,-16.214,1.374,31.31
102305467,-0.106,-0.867,0.555,-9.695,-22.137,0.382,31.26
102316926,-0.084,-0.869,0.559,-7.038,-25.847,-0.733,31.21
102326319,-0.077,-0.868,0.544,-4.214,-27.557,-1.481,31.26
102349695,-0.068,-0.865,0.528,-1.634,-28.565,-2.931,31.21
102359166,-0.048,-0.865,0.514,0.779,-27.893,-4.87,31.21
102363389,-0.034,-0.864,0.5,3.298,-25.13,-6.794,31.26
102368333,-0.024,-0.865,0.497,5.435,-21.557,-8.198,31.21
102372944,-0.023,-0.853,0.486,7.267,-17.405,-9.115,31.26
102385223,-0.037,-0.844,0.473,7.924,-13.817,-9.725,31.21
102391626,-0.039,-0.833,0.456,7.725,-10.382,-10.137,31.26
102406279,-0.039,-0.824,0.436,6.595,-7.618,-9.725,31.31
102418372,-0.036,-0.822,0.432,5.145,-4.901,-9.42,31.35
102424557,-0.037,-0.817,0.426,3.023,-1.756,-8.809,31.35
102430621,-0.048,-0.803,0.419,0.534,1.13,-7.069,31.21
102459946,-0.045,-0.799,0.419,-2.275,4.656,-5.389,31.26
102468392,-0.052,-0.796,0.424,-5.237,7.756,-3.756,31.4
102470102,-0.04,-0.803,0.437,-7.038,11.282,-1.695,31.26
102475032,-0.039,-0.798,0.441,-9.45,15.099,0.198,31.4
102488194,-0.046,-0.797,0.45,-10.748,19.145,0.901,31.35
102497934,-0.059,-0.801,0.471,-11.038,21.344,2.58,31.21
102502447,-0.069,-0.811,0.471,-11.969,22.748,3.649,31.26
102516208,-0.08,-0.817,0.481,-12.718,22.397,4.504,31.26
102526500,-0.09,-0.82,0.497,-12.092,20.275,5.389,31.31
102532587,-0.091,-0.823,0.502,-11.603,17.328,5.603,31.26
102563147,-0.099,-0.828,0.505,-10.916,13.634,5.267,31.21
102570815,-0.096,-0.833,0.509,-10.412,10.0,4.733,31.17
102574337,-0.095,-0.833,0.501,-9.374,6.015,4.565,31.31
102579547,-0.082,-0.842,0.499,-8.565,1.466,3.389,31.35
102591053,-0.104,-0.86,0.487,-6.565,-4.443,3.527,31.21
102596769,-0.08,-0.858,0.493,-5.191,-7.847,2.382,31.26
102602565,-0.105,-0.858,0.488,-3.42,-12.489,2.107,31.35
102616395,-0.077,-0.85,0.499,-2.702,-17.16,1.802,31.31
102624266,-0.06,-0.857,0.488,-0.84,-16.534,-1.756,31.26
102633575,-0.096,-0.866,0.489,-0.015,-20.122,-0.26,31.21
102664589,-0.053,-0.854,0.483,0.443,-21.267,-0.015,31.26
102672701,-0.038,-0.848,0.471,1.542,-20.565,-1.573,31.26
102675472,-0.044,-0.848,0.453,2.107,-20.153,-1.771,31.26
102679765,-0.037,-0.834,0.439,1.74,-19.634,-2.397,31.12
102684450,-0.034,-0.832,0.433,0.687,-18.473,-2.092,31.26
102697450,-0.032,-0.83,0.432,-0.275,-17.13,-1.878,31.26
102705554,-0.028,-0.831,0.447,-1.634,-14.427,-1.344,31.31
102715925,-0.014,-0.828,0.451,-2.153,-10.168,-0.901,31.35
102725693,-0.02,-0.815,0.455,-2.855,-5.664,0.076,31.21
102734427,-0.037,-0.813,0.455,-4.168,-1.939,0.885,31.35
102762988,-0.027,-0.82,0.446,-5.893,1.374,1.939,31.26
102773556,-0.022,-0.821,0.452,-7.802,4.366,2.611,31.17
102778354,-0.024,-0.818,0.447,-8.962,7.573,3.298,31.31
102782188,-0.032,-0.81,0.462,-9.832,9.527,3.893,31.35
102786586,-0.032,-0.819,0.464,-10.702,10.534,4.183,31.26
102798852,-0.044,-0.816,0.465,-10.58,11.053,4.305,31.21
102807352,-0.051,-0.823,0.484,-10.565,10.84,4.916,31.26
102813071,-0.027,-0.827,0.471,-10.076,11.115,2.87,31.31
102827437,-0.052,-0.837,0.481,-9.771,9.267,3.878,31.35
102832747,-0.035,-0.835,0.492,-8.687,9.008,2.183,31.26
102843462,-0.054,-0.842,0.479,-8.107,6.595,1.618,31.35
102868252,-0.044,-0.847,0.502,-7.069,3.954,0.916,31.31
102881606,-0.056,-0.854,0.496,-5.725,1.466,0.244,31.31
102884002,-0.054,-0.853,0.492,-5.13,-1.206,-1.084,31.26
102889453,-0.054,-0.85,0.496,-3.618,-3.634,-1.71,31.21
102898537,-0.06,-0.854,0.481,-2.656,-5.954,-2.824,31.26
102907785,-0.051,-0.855,0.497,-1.847,-8.214,-3.145,31.21
102913846,-0.041,-0.853,0.502,-0.534,-9.298,-3.664,31.26
102925444,-0.031,-0.846,0.494,0.351,-8.595,-5.237,31.26
102943314,-0.042,-0.846,0.468,0.366,-9.618,-4.733,31.35
102945498,-0.042,-0.843,0.469,0.427,-9.756,-5.115,31.21
102972265,-0.044,-0.835,0.466,0.137,-9.053,-5.328,31.31
102982856,-0.04,-0.837,0.466,0.351,-7.481,-5.176,31.26
102988960,-0.043,-0.84,0.461,0.382,-5.115,-5.053,31.31
102994741,-0.049,-0.828,0.455,-0.305,-3.359,-4.092,31.26
103007106,-0.046,-0.823,0.458,-0.733,-2.092,-3.649,31.31
103016000,-0.061,-0.826,0.457,-0.962,-0.382,-2.763,31.17
103018634,-0.047,-0.833,0.46,-1.695,0.763,-2.672,31.26
103023609,-0.044,-0.833,0.458,-2.29,2.366,-1.786,31.35
103034257,-0.041,-0.827,0.45,-2.809,4.168,-1.176,31.31
103041867,-0.04,-0.828,0.451,-3.481,5.481,-1.038,31.35
103073089,-0.044,-0.829,0.466,-3.878,6.824,-0.656,31.35
103083380,-0.051,-0.822,0.463,-4.305,7.878,0.015,31.21
103091768,-0.053,-0.818,0.461,-4.824,8.748,0.351,31.26
103094772,-0.064,-0.819,0.453,-5.511,8.519,1.023,31.21
103102114,-0.086,-0.811,0.458,-6.183,8.031,2.901,31.26
103108953,-0.073,-0.826,0.474,-7.023,5.771,2.366,31.26
103123350,-0.059,-0.833,0.477,-7.313,4.29,2.992,31.35
103125140,-0.038,-0.835,0.472,-7.389,3.863,1.939,31.21
103135392,-0.04,-0.841,0.476,-7.74,2.672,2.504,31.21
103144322,-0.034,-0.839,0.471,-7.496,1.893,1.725,31.26
103154156,-0.045,-0.841,0.485,-7.267,1.298,1.374,31.31
103482914,-0.051,-0.84,0.467,-6.977,0.198,0.687,31.26
103490296,-0.054,-0.836,0.473,-6.061,-0.672,-0.305,31.31
103498813,-0.054,-0.841,0.474,-6.229,-3.221,0.015,31.26
103504317,-0.051,-0.838,0.476,-6.122,-5.069,-0.534,31.26
103506288,-0.048,-0.847,0.479,-5.771,-6.076,-1.053,31.26
103510714,-0.039,-0.854,0.479,-5.344,-6.702,-1.145,31.31
103512627,-0.037,-0.858,0.473,-4.458,-6.824,-1.42,31.12
103514444,-0.042,-0.849,0.475,-3.588,-6.29,-1.13,31.26
103516944,-0.055,-0.828,0.467,-2.275,-5.878,0.611,31.31
103522034,-0.041,-0.852,0.478,-2.763,-4.519,-1.13,31.26
103530096,-0.036,-0.846,0.471,-2.244,-5.16,-0.58,31.21
103538264,-0.019,-0.833,0.474,-1.939,-3.435,0.122,31.26
103544392,-0.038,-0.842,0.484,-1.924,-2.336,-0.702,31.35
103549227,-0.034,-0.844,0.469,-1.603,-1.802,-1.115,31.35
103551595,-0.01,-0.848,0.471,-1.237,1.466,-0.748,31.17
103554217,-0.007,-0.853,0.477,-1.099,3.74,-1.496,31.31
103557970,-0.02,-0.843,0.464,-1.252,4.992,-1.832,31.26
103563387,-0.026,-0.835,0.46,-1.496,5.557,-2.031,31.21
103570823,-0.027,-0.842,0.457,-1.863,6.26,-2.321,31.26
103576430,-0.044,-0.837,0.448,-2.55,5.893,-2.107,31.31
103581517,-0.039,-0.835,0.46,-2.763,5.42,-2.061,31.26
103586082,-0.042,-0.828,0.452,-3.16,4.962,-2.076,31.35
103590578,-0.047,-0.833,0.465,-3.038,4.229,-2.153,31.26
103594153,-0.051,-0.834,0.465,-3.435,3.618,-2.198,31.26
103597431,-0.048,-0.831,0.459,-3.664,3.069,-2.122,31.21
103599440,-0.052,-0.831,0.454,-3.893,2.55,-2.122,31.26
103601092,-0.047,-0.836,0.458,-4.153,1.847,-1.863,31.21
103603548,-0.051,-0.842,0.468,-4.519,1.42,-1.435,31.26
103605497,-0.047,-0.835,0.467,-4.351,1.16,-1.298,31.31
103607476,-0.05,-0.838,0.469,-4.031,1.038,-1.008,31.26
103609414,-0.047,-0.843,0.468,-4.046,0.763,-0.84,31.26
103611433,-0.057,-0.84,0.477,-4.076,0.656,-0.443,31.35
103613219,-0.054,-0.842,0.475,-3.954,0.214,-0.244,31.26
103615544,-0.054,-0.844,0.472,-3.786,-0.275,-0.305,31.21
103617373,-0.044,-0.841,0.48,-3.466,-0.718,-0.519,31.35
103619615,-0.05,-0.847,0.469,-2.809,-0.458,-0.397,31.31
103621680,-0.041,-0.851,0.469,-2.611,-0.29,-0.55,31.26
103622929,-0.048,-0.851,0.466,-2.153,-0.031,-0.351,31.31
103623475,-0.044,-0.841,0.463,-1.908,0.275,-0.397,31.17
103624242,-0.049,-0.842,0.46,-1.878,1.099,-0.046,31.26
103624778,-0.044,-0.841,0.471,-1.725,1.405,0.305,31.26
103625779,-0.047,-0.845,0.462,-1.802,1.832,-0.061,31.35
103627121,-0.033,-0.839,0.465,-1.328,2.443,0.015,31.31
103628376,-0.042,-0.84,0.463,-1.679,2.611,0.0,31.26
103630768,-0.042,-0.839,0.449,-1.42,3.221,-0.137,31.31
103631922,-0.054,-0.823,0.453,-1.603,3.313,0.275,31.35
103632452,-0.058,-0.834,0.45,-2.305,2.718,0.412,31.31
103632974,-0.038,-0.836,0.458,-2.687,2.214,0.382,31.26
103642849,-0.042,-0.838,0.465,-3.267,1.863,0.412,31.17
103649895,-0.038,-0.836,0.453,-3.817,2.107,0.275,31.35
103662353,-0.043,-0.837,0.454,-3.573,1.725,0.763,31.35
103674568,-0.053,-0.836,0.466,-4.168,2.26,0.382,31.31
103681845,-0.05,-0.833,0.461,-4.519,1.267,0.321,31.35
