t_us,ax_g,ay_g,az_g,gx_dps,gy_dps,gz_dps,temp_c
1740028177,-0.689000,-0.505000,0.159000,-1.878000,1.130000,1.435000,34.32
1740037969,-0.691000,-0.514000,0.163000,-1.771000,1.435000,1.099000,34.46
1740043740,-0.692000,-0.510000,0.163000,-1.282000,1.893000,0.718000,34.41
1740058396,-0.691000,-0.508000,0.162000,-1.389000,1.557000,0.473000,34.32
1740069851,-0.700000,-0.513000,0.148000,-1.740000,0.382000,0.733000,34.37
1740075094,-0.696000,-0.517000,0.158000,-2.092000,-0.290000,0.901000,34.46
1740087261,-0.686000,-0.516000,0.158000,-1.924000,-0.534000,0.779000,34.37
1740098733,-0.679000,-0.520000,0.155000,-2.076000,-0.550000,0.656000,34.41
1740108845,-0.671000,-0.529000,0.165000,-1.847000,0.779000,2.672000,34.37
1740113745,-0.685000,-0.513000,0.162000,-1.328000,0.992000,-0.229000,34.41
1740125354,-0.680000,-0.510000,0.166000,-2.290000,1.053000,0.214000,34.46
1740139293,-0.658000,-0.526000,0.170000,-1.969000,3.176000,1.206000,34.41
1740147687,-0.692000,-0.495000,0.144000,-1.710000,2.290000,-1.420000,34.37
1740157060,-0.690000,-0.517000,0.154000,-2.290000,1.802000,-0.336000,34.41
1740164511,-0.670000,-0.509000,0.154000,-1.267000,3.420000,-1.527000,34.32
1740177847,-0.691000,-0.513000,0.154000,-2.351000,2.534000,-2.427000,34.46
1740184064,-0.662000,-0.532000,0.175000,-1.725000,4.718000,0.901000,34.32
1740195526,-0.685000,-0.498000,0.163000,-2.061000,3.038000,-1.924000,34.37
1740207791,-0.688000,-0.509000,0.166000,-2.275000,3.557000,-1.817000,34.32
1740217835,-0.685000,-0.512000,0.170000,-2.489000,3.450000,-1.649000,34.37
1740227094,-0.682000,-0.513000,0.160000,-1.802000,3.756000,-1.756000,34.32
1740233660,-0.683000,-0.519000,0.152000,-2.687000,3.099000,-1.618000,34.37
1740246879,-0.667000,-0.524000,0.155000,-2.214000,4.534000,-0.794000,34.32
1740256900,-0.679000,-0.519000,0.159000,-1.878000,5.267000,-2.321000,34.37
1740266480,-0.681000,-0.506000,0.173000,-1.969000,5.771000,-1.405000,34.32
1740274210,-0.683000,-0.500000,0.184000,-1.649000,7.420000,-2.198000,34.32
1740286531,-0.674000,-0.505000,0.171000,-1.267000,8.412000,-1.863000,34.37
1740297131,-0.687000,-0.512000,0.161000,-0.885000,8.794000,-2.656000,34.37
1740304763,-0.693000,-0.511000,0.142000,-0.229000,9.435000,-2.473000,34.37
1740317001,-0.700000,-0.510000,0.132000,-0.504000,8.595000,-2.840000,34.32
1740327519,-0.697000,-0.515000,0.142000,-0.458000,8.183000,-2.351000,34.46
1740334627,-0.712000,-0.516000,0.138000,-0.550000,6.794000,-2.962000,34.41
1740348197,-0.688000,-0.499000,0.137000,-0.290000,7.298000,-2.641000,34.46
1740360157,-0.708000,-0.518000,0.152000,-0.534000,5.023000,-3.771000,34.41
1740368155,-0.698000,-0.510000,0.159000,-1.313000,4.626000,-2.611000,34.46
1740374363,-0.704000,-0.514000,0.153000,-1.893000,4.214000,-2.626000,34.41
1740386679,-0.685000,-0.507000,0.162000,-1.344000,5.298000,-2.458000,34.32
1740397895,-0.680000,-0.500000,0.152000,-1.130000,6.855000,-2.595000,34.46
1740406261,-0.688000,-0.501000,0.162000,-0.672000,6.824000,-2.275000,34.32
1740417717,-0.696000,-0.514000,0.158000,-0.962000,5.893000,-1.527000,34.37
1740427177,-0.684000,-0.519000,0.162000,-0.977000,5.908000,-1.664000,34.41
1740436290,-0.697000,-0.510000,0.147000,-0.397000,6.779000,-2.183000,34.37
1740443580,-0.706000,-0.508000,0.145000,-0.916000,5.756000,-1.908000,34.41
1740455105,-0.701000,-0.516000,0.157000,-1.893000,4.992000,-1.115000,34.46
1740467894,-0.694000,-0.504000,0.164000,-1.756000,5.084000,-1.817000,34.41
1740478648,-0.698000,-0.529000,0.173000,-1.725000,5.160000,-0.519000,34.37
1740486722,-0.688000,-0.515000,0.160000,-1.832000,4.611000,-0.931000,34.32
1740494309,-0.696000,-0.501000,0.155000,-2.336000,3.893000,-1.069000,34.41
1740506508,-0.693000,-0.515000,0.158000,-2.779000,3.450000,-1.221000,34.27
1740513597,-0.690000,-0.519000,0.152000,-2.611000,3.756000,-0.931000,34.37
1740527431,-0.696000,-0.510000,0.157000,-2.992000,3.344000,-1.160000,34.37
1740536254,-0.694000,-0.516000,0.152000,-3.466000,3.954000,0.092000,34.32
1740546358,-0.701000,-0.513000,0.168000,-3.084000,2.855000,-0.916000,34.37
1740556286,-0.703000,-0.506000,0.149000,-3.786000,2.046000,-0.046000,34.41
1740563423,-0.693000,-0.516000,0.160000,-3.954000,2.076000,0.122000,34.37
1740581167,-0.689000,-0.510000,0.158000,-3.908000,2.015000,0.366000,34.41
1740586179,-0.692000,-0.514000,0.156000,-4.153000,1.878000,0.626000,34.27
1740596429,-0.687000,-0.515000,0.153000,-4.153000,1.985000,0.458000,34.41
1740608439,-0.690000,-0.520000,0.156000,-4.366000,1.710000,0.794000,34.41
1740614927,-0.689000,-0.511000,0.159000,-4.565000,1.084000,1.359000,34.37
1740627819,-0.686000,-0.519000,0.165000,-4.748000,1.985000,0.962000,34.41
1740636259,-0.693000,-0.520000,0.156000,-4.809000,1.527000,1.099000,34.37
1740647332,-0.690000,-0.511000,0.158000,-5.130000,1.282000,1.328000,34.32
1740653847,-0.690000,-0.521000,0.159000,-4.702000,1.573000,1.038000,34.37
1740665281,-0.694000,-0.517000,0.157000,-5.084000,1.099000,0.977000,34.32
1740676298,-0.687000,-0.514000,0.143000,-5.176000,0.779000,1.298000,34.37
1740685793,-0.674000,-0.520000,0.159000,-4.534000,1.450000,0.901000,34.41
1740697120,-0.692000,-0.514000,0.148000,-4.351000,2.504000,0.809000,34.37
1740709546,-0.679000,-0.517000,0.148000,-3.603000,2.519000,0.244000,34.41
1740718312,-0.690000,-0.516000,0.148000,-3.847000,2.168000,-0.107000,34.32
1740725142,-0.696000,-0.511000,0.153000,-4.031000,1.695000,0.260000,34.37
1740736956,-0.686000,-0.518000,0.155000,-4.137000,1.649000,-0.214000,34.46
1740747595,-0.688000,-0.523000,0.135000,-3.725000,1.420000,-0.473000,34.37
1740754503,-0.689000,-0.515000,0.154000,-3.695000,1.374000,-0.687000,34.41
1740767769,-0.683000,-0.508000,0.154000,-3.618000,1.099000,-0.855000,34.37
1740775051,-0.682000,-0.515000,0.156000,-3.237000,1.618000,-1.435000,34.22
1740788992,-0.687000,-0.519000,0.146000,-3.099000,1.282000,-1.573000,34.37
1740794992,-0.687000,-0.513000,0.151000,-3.130000,0.931000,-1.878000,34.41
1740808849,-0.690000,-0.509000,0.156000,-3.298000,1.023000,-2.000000,34.37
1740817992,-0.687000,-0.518000,0.144000,-3.145000,0.809000,-2.321000,34.22
1740825069,-0.690000,-0.512000,0.140000,-2.992000,1.053000,-2.534000,34.41
1740836818,-0.681000,-0.514000,0.149000,-3.084000,0.412000,-2.534000,34.37
1740846768,-0.680000,-0.514000,0.146000,-3.313000,0.229000,-2.687000,34.32
1740855825,-0.659000,-0.573000,0.172000,-2.733000,2.107000,3.466000,34.37
1740862918,-0.705000,-0.498000,0.139000,-2.443000,0.870000,-3.954000,34.41
1740882975,-0.696000,-0.516000,0.146000,-2.947000,0.382000,-1.786000,34.37
1740889113,-0.675000,-0.530000,0.153000,-2.733000,1.176000,-2.046000,34.32
1740895445,-0.690000,-0.511000,0.139000,-2.122000,1.450000,-3.573000,34.37
1740906611,-0.686000,-0.521000,0.141000,-2.351000,1.115000,-2.611000,34.41
1740916645,-0.691000,-0.518000,0.160000,-2.382000,1.176000,-3.038000,34.46
1740926637,-0.685000,-0.522000,0.154000,-1.817000,1.405000,-3.603000,34.32
1740938180,-0.697000,-0.518000,0.142000,-1.832000,1.710000,-3.618000,34.32
1740946210,-0.684000,-0.525000,0.141000,-2.153000,1.802000,-2.809000,34.27
1740951256,-0.682000,-0.522000,0.149000,-2.366000,1.634000,-2.885000,34.46
1740965350,-0.693000,-0.522000,0.140000,-2.641000,1.939000,-4.351000,34.46
1740977546,-0.683000,-0.532000,0.153000,-2.458000,2.092000,-1.160000,34.22
1740987349,-0.683000,-0.506000,0.143000,-2.168000,1.237000,-3.496000,34.37
1740997491,-0.692000,-0.514000,0.153000,-2.611000,1.130000,-3.176000,34.32
1741010499,-0.690000,-0.522000,0.149000,-2.687000,0.947000,-2.153000,34.37
1741014903,-0.683000,-0.516000,0.152000,-2.626000,1.069000,-3.191000,34.41
1741027456,-0.689000,-0.523000,0.155000,-2.504000,1.466000,-3.084000,34.37
1741037976,-0.688000,-0.523000,0.150000,-2.458000,2.275000,-3.130000,34.41
1741046773,-0.704000,-0.513000,0.153000,-2.443000,1.496000,-2.275000,34.32
1741052894,-0.687000,-0.517000,0.151000,-2.763000,1.511000,-2.305000,34.37
1741065104,-0.686000,-0.522000,0.140000,-2.229000,1.924000,-2.824000,34.51
1741078457,-0.692000,-0.517000,0.139000,-3.038000,1.985000,-2.977000,34.37
1741086748,-0.684000,-0.537000,0.150000,-2.748000,0.885000,-2.321000,34.41
1741096965,-0.689000,-0.526000,0.149000,-2.718000,1.084000,-2.656000,34.46
1741109640,-0.682000,-0.522000,0.142000,-2.733000,1.237000,-2.168000,34.41
1741115839,-0.678000,-0.517000,0.152000,-2.824000,1.740000,-2.061000,34.46
1741127278,-0.672000,-0.535000,0.159000,-2.015000,3.344000,-0.962000,34.41
1741138141,-0.691000,-0.510000,0.148000,-2.565000,2.687000,-2.672000,34.27
1741146656,-0.687000,-0.530000,0.150000,-2.702000,2.260000,-1.298000,34.32
1741154025,-0.679000,-0.518000,0.144000,-2.779000,2.763000,-2.168000,34.37
1741166642,-0.690000,-0.521000,0.141000,-2.931000,2.137000,-1.969000,34.37
1741178868,-0.693000,-0.519000,0.138000,-3.130000,1.527000,-2.336000,34.37
1741188731,-0.678000,-0.518000,0.141000,-3.160000,1.908000,-2.275000,34.37
1741195635,-0.677000,-0.531000,0.153000,-3.176000,2.183000,-2.412000,34.41
1741208322,-0.674000,-0.532000,0.161000,-2.290000,3.985000,-1.389000,34.37
1741216751,-0.691000,-0.517000,0.140000,-2.504000,3.344000,-2.305000,34.41
1741227878,-0.696000,-0.524000,0.137000,-2.763000,2.687000,-2.443000,34.27
1741237077,-0.666000,-0.542000,0.154000,-1.893000,5.267000,-1.481000,34.41
1741246107,-0.672000,-0.535000,0.147000,-0.595000,7.847000,-2.855000,34.37
1741255056,-0.683000,-0.538000,0.144000,-0.137000,9.435000,-2.244000,34.32
1741262156,-0.677000,-0.532000,0.128000,1.221000,12.687000,-2.580000,34.37
1741279108,-0.650000,-0.560000,0.121000,3.069000,16.550000,-2.031000,34.32
1741287818,-0.645000,-0.559000,0.153000,5.969000,23.863000,-2.015000,34.32
1741295030,-0.680000,-0.527000,0.143000,6.992000,25.420000,-1.710000,34.46
1741306772,-0.717000,-0.535000,0.138000,6.718000,24.489000,-2.412000,34.32
1741314427,-0.644000,-0.501000,0.139000,7.954000,31.466000,1.023000,34.37
1741326312,-0.684000,-0.484000,0.135000,8.763000,35.740000,-0.855000,34.32
1741337226,-0.668000,-0.484000,0.150000,9.756000,41.618000,0.290000,34.46
1741345054,-0.712000,-0.516000,0.150000,9.634000,42.641000,0.015000,34.41
1741356571,-0.724000,-0.526000,0.133000,8.794000,44.229000,2.962000,34.37
1741363578,-0.680000,-0.485000,0.100000,9.344000,51.237000,1.481000,34.41
1741378551,-0.811000,-0.532000,0.085000,10.809000,46.198000,5.038000,34.27
1741383872,-0.775000,-0.504000,0.077000,9.649000,48.794000,7.573000,34.41
1741401100,-0.734000,-0.496000,0.093000,9.695000,49.710000,10.534000,34.46
1741409508,-0.714000,-0.483000,0.154000,9.924000,52.382000,11.634000,34.37
1741416104,-0.760000,-0.483000,0.185000,7.908000,54.275000,12.916000,34.41
1741427910,-0.734000,-0.537000,0.141000,10.931000,57.725000,14.412000,34.46
1741437893,-0.747000,-0.529000,0.085000,9.206000,57.328000,17.206000,34.41
1741445516,-0.740000,-0.526000,0.036000,9.176000,55.099000,19.939000,34.37
1741452640,-0.767000,-0.492000,0.033000,7.802000,52.809000,22.229000,34.41
1741467562,-0.757000,-0.477000,0.025000,7.588000,51.817000,23.756000,34.27
1741480837,-0.868000,-0.448000,0.052000,5.924000,46.580000,25.023000,34.22
1741485857,-0.831000,-0.385000,-0.005000,3.435000,41.725000,20.489000,34.37
1741496101,-0.807000,-0.428000,-0.022000,0.153000,37.237000,19.435000,34.41
1741509889,-0.764000,-0.490000,0.027000,-0.992000,36.733000,23.969000,34.41
1741515708,-0.717000,-0.485000,0.008000,2.534000,41.374000,24.855000,34.37
1741526749,-0.805000,-0.419000,-0.070000,-0.901000,40.076000,25.313000,34.41
1741534352,-0.791000,-0.422000,-0.049000,-1.573000,37.634000,24.107000,34.27
1741546279,-0.733000,-0.482000,0.003000,1.206000,42.534000,23.954000,34.32
1741553071,-0.790000,-0.400000,-0.030000,0.794000,40.229000,18.794000,34.37
1741566029,-0.754000,-0.442000,-0.051000,-2.824000,40.733000,21.664000,34.32
1741576642,-0.766000,-0.457000,-0.040000,0.000000,42.427000,19.252000,34.46
1741585751,-0.756000,-0.469000,-0.043000,2.000000,46.122000,22.275000,34.32
1741599184,-0.770000,-0.492000,-0.054000,3.756000,49.924000,21.435000,34.37
1741608283,-0.806000,-0.461000,-0.068000,3.527000,49.954000,20.366000,34.32
1741616257,-0.767000,-0.470000,-0.088000,2.687000,54.153000,22.718000,34.37
1741626769,-0.772000,-0.484000,-0.065000,3.908000,56.046000,24.382000,34.37
1741636721,-0.790000,-0.410000,-0.059000,0.565000,60.153000,22.992000,34.32
1741646518,-0.796000,-0.417000,-0.115000,0.397000,61.634000,20.473000,34.37
1741653381,-0.784000,-0.436000,-0.102000,-3.008000,64.366000,23.847000,34.41
1741666407,-0.818000,-0.397000,-0.130000,-3.298000,65.603000,21.664000,34.37
1741679020,-0.820000,-0.443000,-0.161000,-1.588000,67.771000,21.985000,34.41
1741685685,-0.785000,-0.461000,-0.171000,-1.313000,67.740000,23.740000,34.37
1741696762,-0.813000,-0.434000,-0.196000,-2.763000,68.977000,23.252000,34.32
1741706205,-0.800000,-0.403000,-0.170000,-6.702000,70.046000,27.359000,34.37
1741716361,-0.799000,-0.378000,-0.200000,-9.771000,72.031000,25.557000,34.41
1741726620,-0.801000,-0.418000,-0.217000,-7.939000,72.611000,23.130000,34.37
1741736914,-0.839000,-0.401000,-0.208000,-9.878000,70.351000,22.168000,34.37
1741745704,-0.841000,-0.397000,-0.278000,-12.611000,71.527000,24.962000,34.41
1741752603,-0.806000,-0.436000,-0.248000,-11.954000,73.924000,27.023000,34.37
1741769233,-0.839000,-0.411000,-0.243000,-11.725000,75.389000,28.611000,34.37
1741776825,-0.813000,-0.406000,-0.278000,-10.550000,75.618000,28.305000,34.46
1741786955,-0.825000,-0.380000,-0.297000,-10.351000,79.206000,30.275000,34.41
1741799013,-0.796000,-0.347000,-0.298000,-11.511000,79.802000,29.481000,34.37
1741804218,-0.809000,-0.328000,-0.280000,-13.282000,79.282000,30.229000,34.32
1741816325,-0.826000,-0.328000,-0.311000,-14.137000,80.656000,31.893000,34.37
1741826943,-0.801000,-0.332000,-0.366000,-15.069000,79.405000,32.931000,34.32
1741834812,-0.813000,-0.333000,-0.384000,-14.595000,79.664000,34.427000,34.46
1741844668,-0.823000,-0.313000,-0.352000,-13.969000,79.649000,35.420000,34.41
1741858063,-0.821000,-0.329000,-0.418000,-11.008000,82.687000,34.824000,34.32
1741865126,-0.828000,-0.267000,-0.382000,-16.412000,85.359000,38.595000,34.37
1741878379,-0.792000,-0.233000,-0.400000,-21.664000,82.901000,42.168000,34.32
1741884076,-0.758000,-0.223000,-0.411000,-21.908000,86.397000,43.511000,34.46
1741901317,-0.812000,-0.221000,-0.444000,-24.229000,84.107000,41.099000,34.41
1741907084,-0.802000,-0.227000,-0.410000,-25.344000,80.718000,45.511000,34.27
1741914874,-0.795000,-0.259000,-0.445000,-25.557000,78.015000,42.534000,34.32
1741926519,-0.792000,-0.243000,-0.510000,-28.672000,76.092000,42.031000,34.37
1741936845,-0.794000,-0.250000,-0.452000,-32.962000,69.145000,44.626000,34.32
1741943405,-0.796000,-0.237000,-0.465000,-34.427000,68.412000,44.550000,34.37
1741956079,-0.794000,-0.237000,-0.461000,-37.038000,66.244000,45.466000,34.32
1741968782,-0.781000,-0.253000,-0.471000,-36.504000,65.924000,44.534000,34.37
1741977312,-0.789000,-0.246000,-0.493000,-38.458000,64.427000,45.481000,34.37
1741986811,-0.789000,-0.249000,-0.519000,-39.511000,63.359000,46.672000,34.37
1741995330,-0.803000,-0.237000,-0.513000,-40.214000,62.122000,49.511000,34.37
1742008787,-0.771000,-0.243000,-0.511000,-39.756000,60.870000,50.885000,34.32
1742016531,-0.769000,-0.208000,-0.520000,-40.137000,60.748000,52.489000,34.37
1742032593,-0.754000,-0.176000,-0.526000,-41.435000,60.534000,53.557000,34.41
1742039560,-0.760000,-0.182000,-0.562000,-41.328000,61.344000,54.061000,34.37
1742043536,-0.763000,-0.152000,-0.547000,-42.321000,62.168000,53.374000,34.41
1742053848,-0.755000,-0.146000,-0.552000,-42.489000,63.099000,52.550000,34.37
1742066066,-0.765000,-0.133000,-0.596000,-42.412000,64.565000,52.107000,34.41
1742076505,-0.752000,-0.141000,-0.605000,-42.427000,62.397000,52.809000,34.27
1742087893,-0.731000,-0.137000,-0.609000,-39.481000,64.687000,51.542000,34.37
1742098274,-0.749000,-0.102000,-0.633000,-39.542000,64.947000,52.214000,34.41
1742107476,-0.718000,-0.105000,-0.635000,-39.145000,66.382000,52.275000,34.37
1742115870,-0.724000,-0.082000,-0.625000,-40.168000,67.115000,52.260000,34.41
1742126247,-0.713000,-0.077000,-0.639000,-41.542000,67.939000,52.611000,34.37
1742135213,-0.701000,-0.070000,-0.656000,-42.122000,68.473000,52.626000,34.41
1742146729,-0.677000,-0.079000,-0.631000,-40.107000,69.450000,50.885000,34.37
1742152580,-0.679000,-0.048000,-0.673000,-40.244000,70.565000,50.290000,34.41
1742165434,-0.680000,-0.033000,-0.677000,-41.313000,69.710000,51.496000,34.37
1742177832,-0.661000,-0.031000,-0.682000,-40.061000,70.534000,50.672000,34.41
1742185931,-0.653000,-0.028000,-0.675000,-40.382000,70.290000,51.908000,34.37
1742195882,-0.653000,-0.010000,-0.732000,-40.107000,72.046000,52.061000,34.27
1742207289,-0.651000,0.008000,-0.694000,-40.931000,71.756000,52.427000,34.37
1742216626,-0.654000,0.020000,-0.752000,-41.344000,70.947000,52.504000,34.46
1742226192,-0.646000,0.041000,-0.745000,-40.763000,71.328000,51.771000,34.41
1742235545,-0.653000,0.050000,-0.762000,-41.221000,70.321000,51.435000,34.37
1742246155,-0.636000,0.058000,-0.779000,-43.389000,70.580000,52.122000,34.41
1742251906,-0.618000,0.062000,-0.760000,-44.427000,71.191000,52.901000,34.37
1742264851,-0.620000,0.062000,-0.769000,-44.855000,71.282000,53.557000,34.32
1742277098,-0.613000,0.076000,-0.777000,-44.305000,70.687000,54.031000,34.37
1742284606,-0.658000,0.115000,-0.777000,-44.931000,70.458000,55.527000,34.41
1742295868,-0.577000,0.074000,-0.790000,-43.771000,72.473000,55.038000,34.27
1742307256,-0.588000,0.077000,-0.815000,-40.916000,76.076000,54.153000,34.37
1742315069,-0.597000,0.104000,-0.807000,-42.305000,75.969000,56.244000,34.32
1742326170,-0.549000,0.094000,-0.818000,-42.656000,80.046000,55.038000,34.37
1742338021,-0.576000,0.132000,-0.836000,-41.817000,82.260000,53.954000,34.32
1742346651,-0.564000,0.141000,-0.857000,-44.366000,81.496000,54.595000,34.37
1742356673,-0.519000,0.126000,-0.850000,-44.565000,82.198000,54.183000,34.32
1742364583,-0.501000,0.162000,-0.845000,-44.198000,83.710000,54.550000,34.27
1742376724,-0.469000,0.172000,-0.869000,-45.832000,84.855000,55.557000,34.41
1742387827,-0.439000,0.216000,-0.853000,-48.137000,86.870000,54.504000,34.46
1742398481,-0.469000,0.233000,-0.915000,-51.191000,88.992000,53.267000,34.32
1742409823,-0.459000,0.262000,-0.874000,-56.290000,87.679000,52.076000,34.27
1742414378,-0.426000,0.245000,-0.907000,-58.931000,90.626000,49.832000,34.41
1742425982,-0.426000,0.240000,-0.908000,-61.496000,90.809000,49.267000,34.37
1742437547,-0.422000,0.253000,-0.906000,-61.557000,90.260000,49.145000,34.37
1742445694,-0.383000,0.245000,-0.892000,-61.893000,88.565000,50.229000,34.32
1742456102,-0.338000,0.237000,-0.910000,-59.481000,88.855000,51.908000,34.37
1742464660,-0.332000,0.292000,-0.868000,-60.015000,86.855000,54.718000,34.41
1742478888,-0.323000,0.308000,-0.880000,-61.847000,82.916000,58.366000,34.27
1742489755,-0.288000,0.315000,-0.835000,-63.908000,81.679000,59.359000,34.41
1742495276,-0.275000,0.329000,-0.881000,-63.939000,83.588000,58.122000,34.46
1742508779,-0.273000,0.349000,-0.878000,-65.618000,82.031000,58.137000,34.32
1742517620,-0.288000,0.358000,-0.868000,-67.679000,81.435000,57.985000,34.37
1742525525,-0.268000,0.330000,-0.887000,-67.695000,80.244000,57.740000,34.32
1742536841,-0.286000,0.371000,-0.883000,-68.809000,77.695000,58.901000,34.27
1742547943,-0.258000,0.369000,-0.865000,-71.664000,74.260000,61.389000,34.46
1742555465,-0.211000,0.383000,-0.854000,-71.145000,73.374000,62.305000,34.41
1742562343,-0.177000,0.388000,-0.869000,-69.252000,72.931000,62.061000,34.27
1742575395,-0.150000,0.400000,-0.826000,-67.634000,72.397000,60.870000,34.37
1742588191,-0.113000,0.377000,-0.911000,-64.595000,71.481000,60.244000,34.37
1742594146,-0.075000,0.409000,-0.839000,-63.496000,73.481000,59.221000,34.32
1742609579,-0.115000,0.444000,-0.869000,-63.023000,75.618000,58.641000,34.37
1742618697,-0.109000,0.445000,-0.927000,-65.176000,77.664000,58.305000,34.32
1742624714,-0.083000,0.443000,-0.866000,-65.725000,79.191000,55.099000,34.37
1742636641,-0.021000,0.443000,-0.850000,-66.351000,82.855000,53.771000,34.32
1742647130,-0.004000,0.426000,-0.896000,-62.870000,85.878000,51.756000,34.37
1742655044,0.024000,0.451000,-0.855000,-59.389000,89.221000,51.557000,34.32
1742662144,0.058000,0.359000,-0.700000,-54.412000,91.252000,48.412000,34.46
1742675706,0.075000,0.487000,-0.892000,-51.313000,100.443000,49.084000,34.37
1742689281,0.056000,0.498000,-0.910000,-49.099000,102.565000,44.855000,34.41
1742695745,0.041000,0.563000,-0.882000,-53.908000,109.099000,45.649000,34.37
1742709999,0.073000,0.535000,-0.894000,-56.656000,112.595000,44.779000,34.32
1742717503,0.121000,0.549000,-0.865000,-55.557000,115.985000,39.664000,34.46
1742725013,0.087000,0.565000,-0.876000,-56.290000,117.557000,41.802000,34.41
1742736129,0.175000,0.547000,-0.866000,-52.977000,124.992000,38.794000,34.37
1742746246,0.158000,0.599000,-0.935000,-54.168000,125.252000,38.656000,34.32
1742754752,0.125000,0.538000,-0.860000,-52.336000,129.817000,38.092000,34.37
1742766903,0.062000,0.591000,-0.772000,-49.786000,128.076000,37.771000,34.41
1742779572,0.175000,0.620000,-0.875000,-57.023000,119.160000,37.389000,34.41
1742787921,0.148000,0.625000,-0.795000,-62.809000,120.305000,43.038000,34.46
1742796492,0.225000,0.678000,-0.901000,-70.397000,119.176000,44.153000,34.46
1742808654,0.233000,0.595000,-0.630000,-67.756000,120.305000,44.763000,34.27
1742816816,0.292000,0.636000,-0.660000,-64.931000,118.443000,41.939000,34.22
1742827038,0.355000,0.671000,-0.640000,-65.573000,116.397000,41.374000,34.37
1742837437,0.341000,0.641000,-0.630000,-63.573000,114.840000,40.672000,34.32
1742846585,0.336000,0.636000,-0.638000,-64.275000,108.137000,42.000000,34.37
1742854367,0.369000,0.721000,-0.593000,-64.702000,104.092000,38.076000,34.41
1742866379,0.402000,0.611000,-0.583000,-63.481000,102.931000,41.313000,34.27
1742876949,0.363000,0.713000,-0.598000,-60.137000,101.573000,35.924000,34.32
1742887481,0.389000,0.766000,-0.561000,-72.183000,92.275000,28.427000,34.32
1742894915,0.419000,0.577000,-0.501000,-70.366000,90.290000,32.046000,34.37
1742907069,0.429000,0.638000,-0.506000,-65.084000,93.740000,33.863000,34.32
1742916440,0.462000,0.647000,-0.489000,-63.588000,84.168000,35.969000,34.37
1742926762,0.520000,0.656000,-0.522000,-62.992000,80.443000,32.153000,34.32
1742938826,0.500000,0.653000,-0.502000,-60.122000,80.947000,30.412000,34.46
1742947346,0.470000,0.666000,-0.445000,-58.275000,72.504000,30.855000,34.32
1742954469,0.490000,0.705000,-0.385000,-55.740000,70.458000,29.542000,34.27
1742970346,0.492000,0.712000,-0.386000,-55.405000,62.824000,28.550000,34.41
1742978774,0.524000,0.697000,-0.386000,-52.595000,59.038000,26.305000,34.27
1742988736,0.529000,0.737000,-0.337000,-42.489000,51.313000,22.153000,34.41
1742995095,0.469000,0.827000,-0.385000,-44.809000,39.191000,27.496000,34.46
1743007782,0.525000,0.683000,-0.304000,-38.046000,25.908000,28.244000,34.37
1743017563,0.525000,0.710000,-0.306000,-31.450000,15.634000,28.061000,34.37
1743025079,0.571000,0.687000,-0.299000,-25.481000,4.397000,28.351000,34.37
1743037115,0.641000,0.662000,-0.322000,-18.412000,-0.473000,25.328000,34.41
1743049035,0.645000,0.640000,-0.342000,-11.893000,-4.473000,21.664000,34.37
1743054957,0.641000,0.636000,-0.360000,-6.489000,-5.695000,15.023000,34.32
1743061907,0.623000,0.635000,-0.375000,-2.107000,-9.924000,8.794000,34.37
1743076382,0.618000,0.636000,-0.413000,0.611000,-14.641000,3.267000,34.41
1743086589,0.593000,0.615000,-0.444000,4.061000,-20.137000,-2.153000,34.37
1743094931,0.604000,0.613000,-0.481000,6.656000,-26.931000,-6.214000,34.41
1743108401,0.619000,0.595000,-0.482000,10.916000,-31.176000,-11.237000,34.46
1743118894,0.624000,0.593000,-0.489000,13.420000,-34.534000,-15.740000,34.27
1743125541,0.647000,0.608000,-0.468000,17.466000,-32.504000,-22.626000,34.41
1743136994,0.608000,0.655000,-0.488000,16.702000,-34.733000,-26.779000,34.37
1743147866,0.635000,0.634000,-0.466000,17.359000,-35.466000,-30.885000,34.32
1743155170,0.647000,0.650000,-0.457000,20.931000,-35.664000,-36.107000,34.37
1743162117,0.620000,0.661000,-0.464000,23.939000,-37.771000,-39.695000,34.32
1743175150,0.602000,0.657000,-0.465000,26.122000,-40.382000,-41.710000,34.37
1743186523,0.571000,0.668000,-0.490000,28.748000,-42.489000,-42.824000,34.32
1743194911,0.539000,0.687000,-0.474000,27.786000,-47.496000,-43.298000,34.37
1743209285,0.555000,0.676000,-0.479000,29.756000,-49.053000,-45.206000,34.32
1743215837,0.496000,0.704000,-0.534000,30.824000,-49.282000,-45.298000,34.27
1743225746,0.476000,0.698000,-0.507000,32.137000,-54.748000,-46.962000,34.32
1743237498,0.474000,0.713000,-0.534000,32.962000,-60.229000,-46.931000,34.46
1743247017,0.482000,0.712000,-0.527000,34.962000,-60.916000,-47.664000,34.46
1743254783,0.448000,0.719000,-0.546000,37.038000,-61.802000,-48.809000,34.41
1743268254,0.417000,0.724000,-0.539000,37.954000,-66.534000,-49.328000,34.37
1743277066,0.440000,0.724000,-0.570000,36.443000,-69.389000,-48.931000,34.41
1743293272,0.406000,0.747000,-0.601000,33.817000,-72.427000,-47.603000,34.46
1743295846,0.393000,0.731000,-0.548000,32.931000,-78.992000,-45.481000,34.32
1743307106,0.427000,0.698000,-0.592000,34.595000,-79.893000,-44.351000,34.37
1743319744,0.401000,0.684000,-0.564000,38.153000,-77.664000,-45.023000,34.41
1743324579,0.371000,0.681000,-0.616000,42.198000,-78.122000,-46.153000,34.37
1743336247,0.336000,0.633000,-0.649000,50.641000,-75.099000,-43.695000,34.41
1743344817,0.255000,0.715000,-0.636000,49.359000,-78.748000,-44.840000,34.41
1743355181,0.250000,0.712000,-0.662000,43.634000,-85.115000,-40.901000,34.27
1743366323,0.266000,0.676000,-0.651000,44.458000,-87.084000,-43.099000,34.32
1743373625,0.231000,0.672000,-0.622000,46.397000,-91.313000,-43.740000,34.37
1743386642,0.278000,0.635000,-0.710000,48.504000,-90.733000,-45.115000,34.32
1743395735,0.240000,0.629000,-0.629000,54.321000,-85.802000,-48.763000,34.27
1743407675,0.185000,0.647000,-0.680000,56.550000,-86.962000,-48.702000,34.41
1743419783,0.207000,0.622000,-0.721000,55.771000,-87.420000,-48.550000,34.37
1743425186,0.104000,0.618000,-0.658000,57.221000,-88.595000,-52.366000,34.41
1743436471,0.106000,0.663000,-0.635000,54.351000,-95.664000,-52.336000,34.37
1743445520,0.184000,0.586000,-0.691000,56.290000,-93.099000,-57.466000,34.37
1743456793,0.117000,0.585000,-0.636000,61.847000,-89.328000,-60.977000,34.37
1743465865,0.154000,0.558000,-0.720000,63.878000,-91.893000,-62.168000,34.37
1743472665,0.143000,0.567000,-0.704000,66.763000,-84.107000,-64.702000,34.32
1743489218,0.024000,0.612000,-0.681000,67.878000,-86.611000,-67.679000,34.27
1743498922,0.050000,0.568000,-0.696000,66.153000,-89.252000,-70.504000,34.32
1743504649,-0.011000,0.565000,-0.728000,67.588000,-86.992000,-72.947000,34.37
1743518490,-0.112000,0.546000,-0.770000,69.023000,-91.206000,-75.359000,34.41
1743528201,-0.069000,0.509000,-0.728000,67.145000,-99.298000,-75.008000,34.37
1743535514,0.020000,0.513000,-0.789000,65.527000,-103.863000,-71.756000,34.32
1743546898,0.022000,0.446000,-0.832000,67.695000,-100.473000,-71.221000,34.37
1743559052,-0.036000,0.447000,-0.755000,72.427000,-95.038000,-72.733000,34.37
1743564898,-0.116000,0.473000,-0.751000,76.031000,-97.298000,-71.466000,34.32
1743576616,-0.167000,0.426000,-0.855000,76.183000,-100.061000,-70.076000,34.37
1743586303,-0.245000,0.431000,-0.808000,73.374000,-105.786000,-69.038000,34.41
1743595200,-0.241000,0.408000,-0.816000,71.466000,-111.863000,-67.542000,34.37
1743602511,-0.229000,0.344000,-0.957000,64.076000,-116.611000,-63.832000,34.32
1743619190,-0.146000,0.291000,-0.855000,63.099000,-115.557000,-63.939000,34.37
1743626433,-0.156000,0.259000,-0.827000,69.710000,-106.534000,-67.847000,34.32
1743635677,-0.210000,0.265000,-0.794000,75.740000,-97.084000,-69.481000,34.37
1743647000,-0.345000,0.280000,-0.869000,79.237000,-99.954000,-69.511000,34.32
1743658724,-0.403000,0.331000,-0.809000,72.260000,-110.641000,-67.527000,34.41
1743663378,-0.342000,0.229000,-0.781000,73.176000,-110.840000,-70.229000,34.37
1743674612,-0.389000,0.263000,-0.779000,71.603000,-113.176000,-68.595000,34.37
1743687047,-0.368000,0.185000,-0.896000,68.702000,-116.748000,-67.725000,34.37
1743699080,-0.307000,0.141000,-0.782000,73.939000,-108.611000,-70.275000,34.32
1743706785,-0.424000,0.188000,-0.797000,78.336000,-101.099000,-71.206000,34.27
1743712104,-0.489000,0.172000,-0.795000,77.771000,-104.641000,-70.305000,34.41
1743726195,-0.541000,0.199000,-0.758000,76.824000,-109.573000,-68.641000,34.37
1743737481,-0.522000,0.179000,-0.783000,74.718000,-114.550000,-69.099000,34.32
1743745263,-0.564000,0.157000,-0.791000,73.832000,-112.580000,-70.321000,34.37
1743756602,-0.584000,0.124000,-0.789000,74.260000,-111.008000,-74.351000,34.32
1743766713,-0.588000,0.116000,-0.830000,71.282000,-107.863000,-74.321000,34.41
1743772814,-0.583000,0.092000,-0.800000,68.840000,-104.275000,-77.374000,34.37
1743788565,-0.691000,0.113000,-0.797000,67.863000,-104.519000,-78.840000,34.32
1743797984,-0.666000,0.077000,-0.754000,62.626000,-112.015000,-77.908000,34.37
1743807233,-0.621000,0.069000,-0.669000,62.336000,-114.183000,-79.038000,34.41
1743817843,-0.634000,0.025000,-0.790000,63.328000,-108.153000,-79.542000,34.37
1743832194,-0.646000,-0.027000,-0.735000,66.962000,-102.504000,-82.489000,34.32
1743837496,-0.660000,-0.049000,-0.780000,71.298000,-93.603000,-85.237000,34.37
1743848029,-0.785000,-0.019000,-0.774000,68.595000,-88.977000,-84.122000,34.32
1743856439,-0.827000,-0.018000,-0.716000,62.427000,-93.847000,-82.107000,34.46
1743865599,-0.760000,-0.083000,-0.677000,59.603000,-94.489000,-82.855000,34.37
1743875693,-0.733000,-0.079000,-0.684000,57.985000,-93.511000,-80.489000,34.41
1743882203,-0.710000,-0.114000,-0.706000,63.053000,-84.427000,-82.000000,34.37
1743895346,-0.737000,-0.113000,-0.675000,65.695000,-79.267000,-84.580000,34.27
1743909287,-0.775000,-0.116000,-0.703000,65.405000,-73.237000,-86.092000,34.46
1743915070,-0.825000,-0.139000,-0.683000,64.885000,-70.626000,-84.519000,34.32
1743930727,-0.885000,-0.117000,-0.654000,61.267000,-72.656000,-81.527000,34.37
1743939136,-0.871000,-0.143000,-0.634000,57.527000,-76.550000,-79.527000,34.41
1743945199,-0.781000,-0.161000,-0.600000,56.824000,-70.656000,-77.969000,34.27
1743957940,-0.765000,-0.160000,-0.556000,61.115000,-67.313000,-79.893000,34.32
1743967531,-0.778000,-0.182000,-0.594000,62.183000,-65.053000,-77.023000,34.27
1743973889,-0.787000,-0.174000,-0.555000,64.137000,-62.244000,-75.847000,34.46
1743985301,-0.808000,-0.170000,-0.538000,64.473000,-63.496000,-73.405000,34.41
1744002290,-0.821000,-0.206000,-0.622000,60.916000,-66.519000,-69.924000,34.27
1744008984,-0.820000,-0.234000,-0.534000,61.359000,-67.756000,-68.061000,34.32
1744016725,-0.840000,-0.241000,-0.556000,61.832000,-65.435000,-66.794000,34.46
1744031595,-0.862000,-0.255000,-0.524000,60.443000,-65.053000,-64.763000,34.22
1744039685,-0.876000,-0.256000,-0.500000,58.626000,-66.168000,-61.954000,34.37
1744046703,-0.860000,-0.276000,-0.473000,54.947000,-69.588000,-58.336000,34.32
1744055914,-0.838000,-0.300000,-0.462000,53.786000,-72.397000,-55.160000,34.37
1744067735,-0.810000,-0.323000,-0.444000,54.489000,-73.557000,-53.145000,34.41
1744076490,-0.812000,-0.358000,-0.484000,56.992000,-74.992000,-50.794000,34.37
1744083092,-0.805000,-0.334000,-0.427000,58.473000,-73.298000,-53.038000,34.32
1744094972,-0.853000,-0.326000,-0.427000,57.664000,-75.389000,-50.015000,34.41
1744107741,-0.853000,-0.353000,-0.422000,55.725000,-73.802000,-48.763000,34.37
1744116958,-0.932000,-0.286000,-0.382000,51.878000,-78.947000,-68.107000,34.46
1744127603,-0.951000,-0.388000,-0.367000,54.427000,-95.634000,-86.656000,34.37
1744139575,-0.813000,-0.387000,-0.370000,39.954000,-89.832000,-73.344000,34.32
1744147207,-0.783000,-0.383000,-0.323000,42.260000,-83.160000,-67.176000,34.37
1744157523,-0.843000,-0.449000,-0.351000,43.924000,-84.305000,-58.931000,34.32
1744167716,-0.799000,-0.497000,-0.304000,45.802000,-83.771000,-53.313000,34.37
1744178143,-0.797000,-0.475000,-0.272000,48.336000,-73.115000,-49.176000,34.32
1744186229,-0.807000,-0.515000,-0.243000,46.473000,-69.985000,-48.458000,34.37
1744192954,-0.899000,-0.564000,-0.278000,39.099000,-77.069000,-37.710000,34.27
1744209147,-0.777000,-0.549000,-0.227000,35.435000,-78.641000,-45.053000,34.32
1744219457,-0.760000,-0.553000,-0.166000,39.099000,-69.328000,-48.076000,34.27
1744225346,-0.832000,-0.461000,-0.154000,37.008000,-66.198000,-48.427000,34.41
1744239256,-0.791000,-0.481000,-0.198000,32.107000,-65.420000,-48.061000,34.27
1744246813,-0.699000,-0.491000,-0.164000,31.084000,-56.000000,-44.794000,34.41
1744255807,-0.729000,-0.506000,-0.183000,32.198000,-48.260000,-42.397000,34.27
1744266657,-0.804000,-0.494000,-0.198000,31.908000,-46.183000,-36.183000,34.32
1744278385,-0.819000,-0.480000,-0.222000,32.168000,-43.176000,-32.260000,34.37
1744284364,-0.822000,-0.487000,-0.226000,29.176000,-44.489000,-30.183000,34.32
1744296171,-0.793000,-0.478000,-0.218000,28.901000,-40.672000,-28.321000,34.27
1744307384,-0.818000,-0.463000,-0.163000,28.977000,-39.450000,-25.954000,34.37
1744319292,-0.812000,-0.469000,-0.156000,27.176000,-41.664000,-22.412000,34.32
1744327167,-0.780000,-0.479000,-0.146000,26.931000,-39.008000,-21.099000,34.27
1744336894,-0.810000,-0.474000,-0.185000,25.679000,-36.015000,-16.351000,34.37
1744348527,-0.834000,-0.495000,-0.095000,27.466000,-43.954000,-13.786000,34.37
1744355877,-0.788000,-0.482000,-0.085000,29.328000,-42.656000,-9.099000,34.32
1744367117,-0.722000,-0.529000,-0.149000,29.740000,-41.389000,-8.687000,34.37
1744376772,-0.774000,-0.523000,-0.073000,35.084000,-37.359000,-7.237000,34.41
1744385753,-0.860000,-0.414000,-0.110000,28.366000,-39.084000,-11.023000,34.37
1744394311,-0.846000,-0.422000,-0.184000,23.099000,-45.420000,-7.008000,34.32
1744406071,-0.865000,-0.432000,-0.123000,17.450000,-49.740000,-10.794000,34.46
1744419109,-0.770000,-0.460000,-0.123000,16.748000,-44.733000,-12.275000,34.22
1744427937,-0.739000,-0.500000,-0.154000,17.053000,-39.069000,-13.985000,34.37
1744438889,-0.725000,-0.518000,-0.110000,18.305000,-31.450000,-15.939000,34.37
1744453214,-0.714000,-0.517000,-0.050000,21.939000,-23.527000,-16.824000,34.32
1744457973,-0.737000,-0.519000,-0.034000,23.069000,-20.290000,-15.832000,34.27
1744465454,-0.737000,-0.543000,-0.021000,23.954000,-17.618000,-13.557000,34.32
1744476639,-0.709000,-0.541000,-0.005000,22.992000,-15.664000,-13.435000,34.27
1744486594,-0.694000,-0.565000,-0.008000,25.466000,-6.565000,-12.733000,34.32
1744492771,-0.718000,-0.588000,0.034000,27.954000,0.947000,-13.298000,34.37
1744505055,-0.756000,-0.597000,0.038000,30.382000,3.466000,-12.855000,34.32
1744520808,-0.735000,-0.557000,0.032000,31.069000,10.229000,-10.351000,34.27
1744527071,-0.723000,-0.555000,0.066000,31.191000,14.427000,-9.069000,34.32
1744535655,-0.777000,-0.530000,0.045000,28.733000,11.557000,-5.053000,34.37
1744545921,-0.743000,-0.499000,0.061000,26.351000,15.450000,-2.046000,34.32
1744558237,-0.728000,-0.521000,0.069000,23.847000,15.695000,-2.290000,34.37
1744566842,-0.741000,-0.524000,0.038000,22.870000,17.664000,0.656000,34.27
1744577919,-0.727000,-0.509000,0.026000,18.122000,13.573000,2.565000,34.32
1744591513,-0.715000,-0.513000,0.053000,14.260000,11.664000,4.840000,34.37
1744594088,-0.714000,-0.519000,0.074000,13.389000,11.282000,4.137000,34.41
1744605381,-0.715000,-0.517000,0.053000,12.962000,10.840000,5.588000,34.37
1744612475,-0.728000,-0.504000,0.040000,8.840000,7.511000,6.198000,34.32
1744626835,-0.757000,-0.509000,0.034000,6.198000,0.702000,8.046000,34.27
1744635675,-0.726000,-0.508000,0.036000,2.748000,-2.885000,8.305000,34.32
1744647338,-0.712000,-0.517000,0.033000,0.550000,-4.779000,7.695000,34.27
1744658231,-0.723000,-0.513000,0.004000,-3.756000,-7.389000,8.305000,34.22
1744665544,-0.715000,-0.516000,0.040000,-7.374000,-10.382000,8.550000,34.27
1744675831,-0.703000,-0.518000,0.044000,-9.069000,-9.618000,9.511000,34.32
1744687281,-0.669000,-0.525000,0.086000,-8.275000,-6.870000,9.405000,34.37
1744696548,-0.667000,-0.569000,0.057000,-4.397000,-3.786000,9.481000,34.32
1744706793,-0.699000,-0.562000,0.032000,-3.237000,-4.076000,9.786000,34.37
1744713606,-0.704000,-0.529000,0.044000,-5.008000,-5.771000,10.229000,34.37
1744728618,-0.687000,-0.537000,0.065000,-5.344000,-4.901000,9.924000,34.41
1744738595,-0.684000,-0.545000,0.071000,-6.351000,-3.237000,9.878000,34.27
1744745732,-0.695000,-0.534000,0.073000,-7.405000,-0.443000,9.008000,34.32
1744760082,-0.691000,-0.523000,0.086000,-8.382000,0.794000,9.221000,34.27
1744764716,-0.680000,-0.510000,0.087000,-9.924000,3.496000,9.023000,34.32
1744778079,-0.679000,-0.537000,0.086000,-8.840000,6.565000,8.534000,34.46
1744788491,-0.693000,-0.520000,0.052000,-9.099000,8.779000,8.183000,34.32
1744798770,-0.684000,-0.522000,0.056000,-9.130000,10.107000,8.000000,34.37
1744803335,-0.714000,-0.532000,0.051000,-7.588000,11.420000,8.122000,34.22
1744815038,-0.730000,-0.513000,0.049000,-7.954000,11.985000,7.832000,34.37
1744826148,-0.722000,-0.523000,0.047000,-8.351000,12.458000,7.176000,34.27
1744837316,-0.722000,-0.512000,0.058000,-9.038000,13.267000,7.344000,34.41
1744847015,-0.706000,-0.512000,0.066000,-8.656000,13.878000,6.565000,34.27
1744857107,-0.709000,-0.529000,0.038000,-7.466000,14.046000,6.366000,34.37
1744866991,-0.713000,-0.522000,0.068000,-5.893000,13.924000,6.427000,34.37
1744874493,-0.715000,-0.499000,0.063000,-5.511000,13.328000,6.504000,34.22
1744886562,-0.717000,-0.497000,0.049000,-5.939000,14.122000,6.092000,34.37
1744898274,-0.718000,-0.493000,0.046000,-6.198000,15.710000,6.183000,34.41
1744904515,-0.710000,-0.501000,0.042000,-7.191000,17.145000,5.664000,34.37
1744916353,-0.729000,-0.502000,0.050000,-8.107000,18.565000,6.076000,34.41
1744927852,-0.729000,-0.507000,0.050000,-8.809000,18.443000,6.504000,34.27
1744938990,-0.713000,-0.531000,0.068000,-8.046000,18.779000,6.626000,34.37
1744944568,-0.704000,-0.521000,0.041000,-7.328000,19.832000,5.389000,34.32
1744955966,-0.716000,-0.518000,0.044000,-6.382000,20.412000,6.977000,34.37
1744969001,-0.692000,-0.525000,0.030000,-4.046000,21.710000,6.855000,34.32
1744974564,-0.709000,-0.501000,0.012000,-4.229000,23.756000,6.031000,34.27
1744988343,-0.730000,-0.495000,-0.005000,-5.511000,24.046000,5.954000,34.32
1745000427,-0.731000,-0.498000,0.024000,-7.496000,24.611000,5.405000,34.37
1745005166,-0.714000,-0.498000,0.034000,-7.954000,27.252000,5.176000,34.32
1745012242,-0.724000,-0.509000,-0.016000,-7.511000,32.244000,5.313000,34.27
1745028765,-0.768000,-0.507000,-0.021000,-6.809000,30.779000,6.580000,34.32
1745037632,-0.730000,-0.474000,-0.005000,-8.412000,30.443000,6.336000,34.37
1745047154,-0.724000,-0.491000,-0.030000,-6.351000,32.427000,5.649000,34.37
1745057729,-0.738000,-0.505000,-0.057000,-3.756000,35.878000,5.282000,34.32
1745066360,-0.735000,-0.480000,-0.036000,-4.061000,37.985000,4.931000,34.37
1745076116,-0.773000,-0.511000,-0.052000,-5.099000,43.450000,4.947000,34.37
1745086559,-0.756000,-0.502000,0.010000,-7.771000,47.481000,3.481000,34.37
1745095939,-0.739000,-0.539000,-0.065000,-9.695000,52.947000,4.977000,34.41
1745106382,-0.738000,-0.587000,-0.081000,-8.580000,57.145000,5.771000,34.37
1745112456,-0.747000,-0.573000,-0.094000,-4.840000,59.115000,4.198000,34.32
1745124964,-0.787000,-0.524000,-0.124000,-5.389000,62.809000,2.153000,34.37
1745136914,-0.809000,-0.519000,-0.121000,-6.763000,64.321000,4.779000,34.32
1745147610,-0.780000,-0.533000,-0.096000,-9.145000,67.863000,4.351000,34.27
1745157591,-0.777000,-0.531000,-0.143000,-10.046000,71.176000,7.649000,34.37
1745168565,-0.772000,-0.520000,-0.167000,-10.198000,75.160000,11.420000,34.32
1745177019,-0.790000,-0.477000,-0.189000,-10.534000,73.954000,10.962000,34.27
1745187559,-0.789000,-0.427000,-0.225000,-13.038000,73.527000,10.748000,34.32
1745196378,-0.819000,-0.386000,-0.230000,-19.115000,71.221000,14.718000,34.46
1745205738,-0.826000,-0.397000,-0.226000,-23.176000,67.939000,15.557000,34.32
1745212306,-0.828000,-0.409000,-0.255000,-26.321000,65.115000,16.336000,34.37
1745223594,-0.816000,-0.424000,-0.255000,-27.740000,65.878000,16.000000,34.22
1745240662,-0.828000,-0.400000,-0.268000,-30.015000,66.153000,16.397000,34.37
1745247169,-0.831000,-0.399000,-0.258000,-33.954000,65.863000,17.405000,34.32
1745256256,-0.827000,-0.385000,-0.297000,-36.779000,66.092000,18.824000,34.32
1745268903,-0.841000,-0.380000,-0.282000,-42.443000,66.305000,20.885000,34.37
1745276926,-0.838000,-0.432000,-0.299000,-42.794000,68.168000,22.321000,34.32
1745285616,-0.863000,-0.421000,-0.321000,-47.145000,69.954000,23.710000,34.37
1745296694,-0.860000,-0.437000,-0.340000,-49.878000,69.832000,25.099000,34.41
1745304260,-0.859000,-0.445000,-0.345000,-53.542000,70.076000,26.580000,34.27
1745315860,-0.813000,-0.442000,-0.357000,-55.756000,71.511000,27.893000,34.32
1745322378,-0.825000,-0.424000,-0.388000,-58.977000,71.969000,31.053000,34.46
1745336444,-0.804000,-0.431000,-0.406000,-60.962000,71.802000,33.771000,34.22
1745347979,-0.824000,-0.406000,-0.435000,-63.450000,74.336000,37.008000,34.37
1745354315,-0.840000,-0.397000,-0.445000,-66.565000,75.863000,39.115000,34.32
1745369817,-0.859000,-0.406000,-0.463000,-69.374000,78.321000,41.832000,34.27
1745377757,-0.881000,-0.408000,-0.509000,-72.443000,81.450000,44.198000,34.27
1745385612,-0.862000,-0.407000,-0.527000,-74.397000,82.000000,47.252000,34.32
1745396827,-0.834000,-0.398000,-0.526000,-74.290000,81.740000,50.198000,34.37
1745406954,-0.830000,-0.314000,-0.548000,-74.977000,79.603000,53.008000,34.41
1745415042,-0.820000,-0.290000,-0.593000,-76.458000,80.290000,54.153000,34.37
1745426393,-0.804000,-0.258000,-0.559000,-77.450000,82.198000,57.618000,34.41
1745433169,-0.846000,-0.278000,-0.611000,-76.076000,83.588000,59.053000,34.37
1745450950,-0.854000,-0.264000,-0.599000,-79.878000,82.000000,62.031000,34.22
1745460426,-0.824000,-0.249000,-0.585000,-81.481000,83.756000,64.122000,34.46
1745465501,-0.835000,-0.221000,-0.633000,-83.267000,82.992000,63.817000,34.37
1745479028,-0.813000,-0.196000,-0.596000,-86.244000,82.702000,64.137000,34.41
1745490567,-0.787000,-0.222000,-0.620000,-84.397000,85.282000,64.656000,34.27
1745496774,-0.818000,-0.214000,-0.653000,-83.939000,86.519000,66.473000,34.41
1745507869,-0.802000,-0.224000,-0.653000,-84.458000,86.641000,68.748000,34.37
1745515782,-0.779000,-0.203000,-0.616000,-83.176000,88.489000,69.771000,34.32
1745525272,-0.744000,-0.195000,-0.666000,-82.885000,90.779000,70.000000,34.37
1745530870,-0.748000,-0.158000,-0.650000,-83.237000,91.008000,71.817000,34.32
1745543595,-0.739000,-0.158000,-0.691000,-83.634000,91.053000,72.260000,34.27
1745558218,-0.738000,-0.116000,-0.706000,-84.031000,95.038000,72.153000,34.32
1745566698,-0.717000,-0.126000,-0.727000,-83.908000,95.496000,70.519000,34.27
1745577220,-0.710000,-0.104000,-0.734000,-82.840000,98.962000,69.954000,34.37
1745591134,-0.731000,-0.079000,-0.760000,-84.092000,99.588000,69.389000,34.37
1745596578,-0.693000,-0.093000,-0.763000,-85.756000,99.038000,70.000000,34.27
1745607079,-0.687000,-0.074000,-0.750000,-84.992000,100.870000,71.023000,34.32
1745619794,-0.669000,-0.079000,-0.758000,-83.756000,100.183000,73.466000,34.37
1745628610,-0.644000,-0.064000,-0.757000,-80.992000,100.641000,73.634000,34.22
1745635285,-0.624000,-0.051000,-0.767000,-76.122000,101.618000,74.092000,34.27
1745642106,-0.595000,0.012000,-0.745000,-76.794000,102.382000,74.214000,34.41
1745658954,-0.577000,-0.005000,-0.825000,-77.924000,105.328000,75.893000,34.27
1745668995,-0.600000,0.004000,-0.807000,-76.015000,107.710000,75.847000,34.22
1745675628,-0.586000,0.034000,-0.810000,-77.969000,107.176000,75.481000,34.32
1745689065,-0.567000,0.020000,-0.845000,-78.809000,107.939000,75.267000,34.37
1745698194,-0.578000,0.059000,-0.845000,-80.672000,109.954000,73.634000,34.41
1745705320,-0.569000,0.050000,-0.857000,-81.725000,109.908000,72.458000,34.37
1745717643,-0.539000,0.059000,-0.829000,-80.840000,112.198000,68.534000,34.32
1745729618,-0.554000,0.092000,-0.812000,-82.550000,111.969000,68.290000,34.46
1745734745,-0.488000,0.079000,-0.822000,-83.298000,111.267000,67.282000,34.32
1745745780,-0.483000,0.101000,-0.818000,-81.878000,112.748000,67.634000,34.37
1745756910,-0.451000,0.137000,-0.766000,-82.305000,110.595000,65.817000,34.32
1745767596,-0.433000,0.143000,-0.871000,-81.771000,111.420000,66.244000,34.27
1745776607,-0.407000,0.168000,-0.812000,-80.916000,111.939000,64.550000,34.41
1745785168,-0.392000,0.154000,-0.868000,-78.336000,113.496000,63.634000,34.32
1745797489,-0.415000,0.198000,-0.862000,-80.122000,112.107000,61.405000,34.37
1745802649,-0.363000,0.247000,-0.844000,-84.153000,113.863000,58.412000,34.37
1745816843,-0.363000,0.236000,-0.875000,-85.420000,112.397000,57.954000,34.37
1745829108,-0.320000,0.264000,-0.840000,-87.359000,111.176000,56.809000,34.41
1745833414,-0.260000,0.262000,-0.834000,-84.779000,111.679000,55.603000,34.37
1745844571,-0.239000,0.251000,-0.803000,-79.603000,112.198000,54.580000,34.32
1745857381,-0.232000,0.301000,-0.852000,-77.725000,111.771000,55.267000,34.37
1745869345,-0.237000,0.352000,-0.871000,-78.015000,112.122000,56.550000,34.41
1745875580,-0.215000,0.354000,-0.865000,-79.389000,110.107000,56.672000,34.37
1745886366,-0.165000,0.427000,-0.882000,-83.786000,113.069000,62.366000,34.41
1745896431,-0.189000,0.410000,-0.825000,-85.557000,112.656000,57.557000,34.18
1745906795,-0.137000,0.431000,-0.855000,-86.244000,110.901000,56.779000,34.32
1745915561,-0.086000,0.450000,-0.796000,-86.565000,111.588000,54.992000,34.32
1745926937,-0.058000,0.450000,-0.823000,-86.214000,109.695000,54.794000,34.37
1745936693,-0.009000,0.460000,-0.803000,-83.450000,110.718000,52.885000,34.32
1745943543,-0.003000,0.490000,-0.821000,-82.733000,110.550000,51.969000,34.37
1745959833,-0.013000,0.544000,-0.838000,-85.649000,110.473000,52.214000,34.46
1745969778,0.029000,0.532000,-0.842000,-88.137000,106.855000,52.229000,34.27
1745977185,0.042000,0.549000,-0.842000,-91.969000,106.153000,52.397000,34.32
1745988317,0.043000,0.568000,-0.812000,-93.313000,103.939000,53.038000,34.27
1745996831,0.080000,0.567000,-0.854000,-94.412000,103.298000,53.527000,34.32
1746006537,0.127000,0.565000,-0.803000,-93.985000,103.573000,55.099000,34.27
1746014540,0.151000,0.552000,-0.813000,-91.221000,104.870000,55.893000,34.32
1746026009,0.149000,0.571000,-0.814000,-90.992000,105.588000,57.710000,34.37
1746036629,0.202000,0.586000,-0.762000,-90.489000,105.496000,57.618000,34.32
1746042587,0.156000,0.631000,-0.775000,-94.397000,106.305000,60.183000,34.22
1746056001,0.176000,0.623000,-0.755000,-98.947000,100.275000,63.420000,34.37
1746068309,0.228000,0.610000,-0.704000,-99.313000,99.099000,64.504000,34.32
1746078812,0.243000,0.648000,-0.670000,-100.076000,93.084000,63.328000,34.37
1746086272,0.269000,0.567000,-0.617000,-96.382000,95.939000,67.145000,34.32
1746098225,0.296000,0.637000,-0.724000,-93.084000,91.847000,64.443000,34.37
1746108678,0.346000,0.588000,-0.584000,-89.298000,99.908000,62.626000,34.41
1746118659,0.292000,0.656000,-0.617000,-87.115000,102.229000,62.382000,34.37
1746127710,0.215000,0.758000,-0.629000,-95.939000,90.656000,58.656000,34.41
1746137072,0.277000,0.607000,-0.599000,-98.229000,89.893000,64.504000,34.46
1746143580,0.379000,0.646000,-0.513000,-99.206000,84.595000,62.260000,34.32
1746154902,0.392000,0.704000,-0.362000,-96.534000,78.412000,54.809000,34.27
1746167312,0.420000,0.661000,-0.460000,-93.298000,81.618000,64.702000,34.27
1746178073,0.420000,0.641000,-0.436000,-75.511000,70.412000,40.473000,34.27
1746186787,0.606000,0.751000,-0.470000,-73.206000,79.939000,46.351000,34.37
1746195332,0.562000,0.743000,-0.424000,-72.107000,87.389000,48.092000,34.32
1746208563,0.547000,0.690000,-0.442000,-63.847000,86.153000,42.885000,34.37
1746213708,0.407000,0.803000,-0.381000,-67.939000,76.229000,43.924000,34.41
1746226053,0.458000,0.803000,-0.370000,-75.710000,62.687000,46.275000,34.37
1746240361,0.541000,0.714000,-0.299000,-72.229000,56.641000,43.191000,34.32
1746244919,0.601000,0.737000,-0.270000,-65.756000,55.924000,39.206000,34.37
1746255369,0.544000,0.773000,-0.216000,-62.305000,49.771000,36.122000,34.32
1746262199,0.549000,0.723000,-0.186000,-55.008000,37.038000,39.313000,34.37
1746276785,0.589000,0.715000,-0.174000,-47.695000,27.099000,38.275000,34.32
1746286253,0.576000,0.696000,-0.149000,-36.122000,12.962000,32.443000,34.27
1746296412,0.695000,0.715000,-0.183000,-32.809000,11.191000,31.191000,34.32
1746306541,0.647000,0.668000,-0.180000,-24.870000,9.450000,26.214000,34.37
1746315176,0.606000,0.705000,-0.210000,-20.107000,2.351000,21.221000,34.32
1746327066,0.559000,0.712000,-0.214000,-18.443000,-7.420000,17.389000,34.37
1746338358,0.583000,0.709000,-0.268000,-18.962000,-17.313000,13.863000,34.32
1746345256,0.614000,0.673000,-0.258000,-15.450000,-25.847000,9.038000,34.27
1746355784,0.697000,0.644000,-0.244000,-8.641000,-29.389000,2.855000,34.41
1746362614,0.712000,0.669000,-0.250000,0.015000,-29.466000,-2.198000,34.22
1746377899,0.688000,0.669000,-0.271000,8.489000,-33.298000,-6.198000,34.27
1746387528,0.681000,0.682000,-0.301000,13.863000,-37.405000,-8.260000,34.41
1746395462,0.675000,0.708000,-0.327000,16.397000,-39.863000,-9.435000,34.37
1746408986,0.652000,0.706000,-0.360000,16.870000,-43.130000,-10.733000,34.27
1746417578,0.641000,0.719000,-0.368000,15.481000,-44.626000,-12.626000,34.27
1746425570,0.641000,0.702000,-0.383000,17.023000,-44.748000,-15.710000,34.32
1746437690,0.662000,0.695000,-0.400000,20.687000,-43.176000,-19.710000,34.37
1746447884,0.638000,0.716000,-0.415000,24.824000,-41.847000,-22.656000,34.32
1746455948,0.636000,0.711000,-0.420000,28.031000,-42.504000,-24.183000,34.37
1746462773,0.646000,0.699000,-0.400000,31.985000,-42.519000,-27.344000,34.32
1746479872,0.654000,0.743000,-0.408000,35.038000,-41.908000,-28.565000,34.27
1746489991,0.608000,0.747000,-0.451000,36.244000,-38.824000,-31.939000,34.41
1746496279,0.579000,0.735000,-0.434000,36.412000,-39.664000,-34.137000,34.27
1746510288,0.549000,0.730000,-0.491000,37.008000,-39.939000,-36.641000,34.32
1746518322,0.528000,0.743000,-0.459000,37.893000,-43.511000,-38.947000,34.27
1746527490,0.493000,0.751000,-0.502000,37.130000,-46.901000,-38.702000,34.22
1746538356,0.527000,0.723000,-0.447000,39.053000,-49.450000,-40.779000,34.46
1746546520,0.545000,0.738000,-0.471000,40.611000,-48.565000,-42.840000,34.22
1746555591,0.536000,0.735000,-0.464000,42.092000,-48.412000,-43.786000,34.37
1746562216,0.532000,0.772000,-0.490000,42.977000,-46.519000,-46.504000,34.27
1746578723,0.486000,0.740000,-0.495000,47.740000,-44.580000,-46.916000,34.32
1746588355,0.432000,0.749000,-0.518000,50.397000,-48.336000,-47.771000,34.27
1746596395,0.404000,0.723000,-0.512000,49.328000,-55.542000,-46.000000,34.41
1746606482,0.410000,0.737000,-0.523000,48.901000,-60.107000,-45.237000,34.27
1746621740,0.438000,0.730000,-0.577000,46.458000,-63.374000,-44.260000,34.22
1746627090,0.441000,0.707000,-0.555000,47.145000,-62.427000,-46.412000,34.37
1746638932,0.399000,0.733000,-0.553000,46.992000,-62.519000,-48.687000,34.32
1746646519,0.401000,0.693000,-0.584000,48.809000,-62.412000,-48.611000,34.27
1746658250,0.360000,0.694000,-0.575000,50.336000,-61.985000,-50.046000,34.41
1746666782,0.312000,0.692000,-0.604000,52.626000,-65.649000,-49.817000,34.37
1746673594,0.292000,0.701000,-0.562000,51.710000,-73.420000,-47.160000,34.32
1746691305,0.305000,0.712000,-0.618000,48.305000,-81.328000,-44.443000,34.37
1746701080,0.352000,0.668000,-0.625000,46.443000,-85.878000,-44.107000,34.32
1746707085,0.318000,0.674000,-0.601000,47.878000,-83.817000,-46.473000,34.37
1746720181,0.250000,0.660000,-0.647000,48.931000,-82.824000,-48.840000,34.37
1746728154,0.222000,0.652000,-0.643000,49.649000,-81.740000,-51.542000,34.32
1746735966,0.164000,0.680000,-0.662000,50.031000,-83.435000,-54.290000,34.37
1746744638,0.051000,0.657000,-0.684000,45.435000,-88.489000,-53.176000,34.32
1746755679,0.072000,0.661000,-0.645000,41.710000,-100.458000,-53.557000,34.27
1746766107,0.188000,0.650000,-0.765000,33.649000,-108.626000,-52.321000,34.41
1746772909,0.262000,0.608000,-0.680000,33.802000,-102.397000,-59.725000,34.27
1746789844,0.154000,0.616000,-0.695000,37.863000,-98.733000,-63.115000,34.41
1746801676,0.075000,0.650000,-0.712000,33.802000,-104.702000,-62.275000,34.27
1746806991,0.091000,0.613000,-0.667000,36.427000,-102.718000,-66.351000,34.32
1746817405,-0.004000,0.619000,-0.666000,36.382000,-105.908000,-70.473000,34.37
1746826961,-0.024000,0.634000,-0.656000,30.840000,-115.710000,-69.771000,34.32
1746837227,-0.005000,0.600000,-0.698000,25.878000,-127.130000,-68.519000,34.27
1746847836,0.096000,0.574000,-0.684000,23.008000,-131.527000,-69.099000,34.41
1746856728,0.172000,0.498000,-0.718000,28.153000,-122.901000,-74.748000,34.27
1746866249,0.104000,0.473000,-0.649000,38.611000,-108.366000,-82.015000,34.37
1746876554,-0.076000,0.516000,-0.719000,43.557000,-108.580000,-82.534000,34.22
1746883081,-0.172000,0.526000,-0.766000,41.466000,-111.542000,-83.237000,34.37
1746895918,-0.204000,0.514000,-0.675000,38.748000,-115.710000,-86.901000,34.32
1746905807,-0.204000,0.515000,-0.733000,35.160000,-121.786000,-85.420000,34.27
1746915649,-0.213000,0.475000,-0.825000,34.443000,-127.802000,-81.679000,34.32
1746929475,-0.119000,0.405000,-0.752000,31.618000,-132.412000,-83.267000,34.37
1746937074,-0.014000,0.334000,-0.747000,46.229000,-113.802000,-89.115000,34.32
1746947104,-0.229000,0.397000,-0.705000,54.534000,-99.053000,-92.351000,34.27
1746957173,-0.266000,0.393000,-0.675000,60.885000,-100.122000,-93.664000,34.41
1746969398,-0.264000,0.393000,-0.776000,64.977000,-93.176000,-96.611000,34.27
1746975520,-0.413000,0.446000,-0.691000,62.534000,-100.107000,-94.916000,34.32
1746986572,-0.355000,0.421000,-0.721000,61.084000,-106.427000,-94.779000,34.27
1746999435,-0.366000,0.385000,-0.740000,59.481000,-106.733000,-95.084000,34.32
1747010608,-0.346000,0.321000,-0.758000,62.550000,-102.794000,-95.282000,34.27
1747016711,-0.391000,0.282000,-0.737000,73.527000,-88.443000,-99.481000,34.37
1747026517,-0.448000,0.281000,-0.720000,83.221000,-79.924000,-102.931000,34.32
1747037794,-0.509000,0.351000,-0.708000,86.550000,-78.351000,-102.534000,34.27
1747045763,-0.587000,0.383000,-0.723000,82.336000,-84.595000,-100.809000,34.22
1747058872,-0.629000,0.325000,-0.765000,80.977000,-91.099000,-101.344000,34.37
1747067336,-0.658000,0.346000,-0.739000,76.214000,-91.435000,-100.351000,34.32
1747077819,-0.583000,0.296000,-0.720000,68.031000,-99.634000,-95.115000,34.27
1747084579,-0.513000,0.200000,-0.800000,71.649000,-85.511000,-98.489000,34.41
1747096704,-0.674000,0.234000,-0.663000,76.229000,-77.603000,-102.351000,34.27
1747114354,-0.719000,0.226000,-0.760000,75.542000,-82.122000,-100.611000,34.32
1747120020,-0.751000,0.273000,-0.684000,69.252000,-81.618000,-95.786000,34.37
1747125038,-0.710000,0.232000,-0.671000,65.160000,-91.863000,-95.023000,34.32
1747138802,-0.676000,0.203000,-0.698000,61.008000,-92.122000,-94.962000,34.27
1747147002,-0.711000,0.190000,-0.656000,58.794000,-95.756000,-94.031000,34.32
1747154303,-0.707000,0.107000,-0.721000,60.473000,-91.878000,-94.305000,34.27
1747166977,-0.763000,0.094000,-0.718000,59.954000,-87.466000,-95.328000,34.22
1747179036,-0.866000,0.125000,-0.714000,55.359000,-91.969000,-89.771000,34.32
1747183526,-0.882000,0.136000,-0.665000,44.260000,-101.573000,-84.489000,34.37
1747194888,-0.804000,0.100000,-0.564000,38.031000,-110.336000,-82.076000,34.32
1747206745,-0.724000,0.040000,-0.584000,40.244000,-105.527000,-81.069000,34.27
1747217185,-0.750000,-0.003000,-0.639000,44.611000,-99.145000,-84.534000,34.32
1747225505,-0.767000,-0.029000,-0.593000,47.649000,-94.260000,-84.992000,34.27
1747235184,-0.900000,-0.035000,-0.654000,47.649000,-90.641000,-82.015000,34.37
1747247392,-0.989000,-0.042000,-0.564000,40.580000,-100.534000,-77.847000,34.27
1747255809,-0.962000,-0.031000,-0.533000,33.008000,-113.221000,-72.763000,34.32
1747266700,-0.901000,-0.031000,-0.475000,26.977000,-118.031000,-67.206000,34.27
1747276299,-0.698000,-0.129000,-0.483000,29.374000,-113.740000,-67.466000,34.22
1747286511,-0.676000,-0.131000,-0.492000,39.420000,-94.229000,-72.519000,34.27
1747292320,-0.839000,-0.046000,-0.468000,40.809000,-87.832000,-72.046000,34.41
1747305626,-0.907000,-0.057000,-0.449000,35.634000,-90.962000,-70.489000,34.27
1747317817,-0.926000,-0.094000,-0.474000,33.878000,-89.908000,-69.420000,34.32
1747328319,-0.962000,-0.100000,-0.451000,30.901000,-90.427000,-70.214000,34.27
1747336334,-0.949000,-0.132000,-0.477000,29.282000,-91.420000,-69.847000,34.41
1747346540,-0.919000,-0.131000,-0.427000,30.290000,-89.695000,-70.458000,34.37
1747357667,-0.879000,-0.153000,-0.390000,33.313000,-87.893000,-69.511000,34.22
1747368279,-0.871000,-0.138000,-0.389000,39.160000,-80.153000,-69.359000,34.22
1747377013,-0.890000,-0.107000,-0.324000,40.046000,-79.313000,-70.321000,34.27
1747388129,-0.804000,-0.151000,-0.331000,39.527000,-80.137000,-68.672000,34.27
1747395562,-0.845000,-0.141000,-0.319000,40.962000,-79.863000,-70.168000,34.27
1747402095,-0.843000,-0.179000,-0.375000,44.031000,-71.924000,-72.168000,34.32
1747420076,-0.919000,-0.164000,-0.310000,44.443000,-68.626000,-72.947000,34.37
1747426547,-0.862000,-0.099000,-0.339000,41.496000,-69.817000,-61.069000,34.32
1747435895,-0.948000,-0.264000,-0.276000,41.023000,-59.160000,-68.198000,34.18
1747449399,-1.157000,-0.387000,-0.249000,42.580000,-88.076000,-116.733000,34.32
1747456504,-0.871000,-0.410000,-0.232000,43.420000,-81.908000,-89.298000,34.37
1747465136,-0.773000,-0.278000,-0.205000,50.168000,-63.634000,-80.656000,34.32
1747476667,-0.800000,-0.260000,-0.309000,50.366000,-58.153000,-79.252000,34.46
1747489113,-0.936000,-0.505000,-0.135000,65.115000,-56.427000,-70.702000,34.22
1747493896,-0.801000,-0.214000,-0.210000,60.153000,-49.985000,-62.534000,34.37
1747505308,-0.847000,-0.334000,-0.159000,69.405000,-46.748000,-59.298000,34.32
1747511836,-0.988000,-0.321000,-0.234000,57.450000,-63.542000,-80.931000,34.37
1747531085,-0.877000,-0.465000,-0.195000,59.832000,-59.023000,-60.977000,34.32
1747536406,-0.812000,-0.392000,-0.124000,64.290000,-44.595000,-80.626000,34.27
1747546883,-0.910000,-0.390000,-0.132000,60.473000,-47.405000,-72.153000,34.32
1747557295,-0.872000,-0.442000,-0.148000,59.511000,-42.840000,-67.145000,34.41
1747567053,-0.879000,-0.478000,-0.060000,62.229000,-42.122000,-68.031000,34.27
1747574875,-0.843000,-0.421000,-0.079000,57.328000,-39.496000,-58.412000,34.41
1747586259,-0.817000,-0.474000,-0.094000,62.046000,-36.336000,-55.893000,34.18
1747597207,-0.848000,-0.429000,-0.061000,58.519000,-32.870000,-52.183000,34.32
1747603137,-0.833000,-0.463000,-0.064000,60.260000,-31.618000,-50.397000,34.37
1747615105,-0.802000,-0.475000,-0.049000,59.420000,-25.725000,-46.397000,34.32
1747629738,-0.852000,-0.486000,-0.093000,61.939000,-20.107000,-40.916000,34.27
1747640362,-0.858000,-0.480000,-0.062000,61.038000,-19.298000,-33.740000,34.41
1747646108,-0.828000,-0.473000,-0.028000,62.214000,-19.466000,-26.656000,34.27
1747660184,-0.836000,-0.463000,-0.029000,62.382000,-15.160000,-20.443000,34.41
1747668295,-0.836000,-0.440000,-0.052000,61.985000,-14.137000,-14.840000,34.27
1747676655,-0.821000,-0.473000,-0.004000,65.084000,-17.695000,-14.305000,34.22
1747685291,-0.792000,-0.456000,-0.074000,65.313000,-17.771000,-13.023000,34.37
1747696051,-0.877000,-0.366000,-0.019000,64.305000,-22.840000,-5.756000,34.22
1747706330,-0.831000,-0.421000,-0.109000,59.786000,-19.557000,-20.550000,34.27
1747712922,-0.873000,-0.399000,-0.155000,43.939000,-21.603000,-24.305000,34.32
1747729001,-0.776000,-0.440000,-0.118000,42.504000,-22.534000,-23.893000,34.41
1747740005,-0.736000,-0.462000,-0.133000,46.672000,-14.779000,-27.221000,34.37
1747743757,-0.820000,-0.436000,-0.050000,46.275000,-13.786000,-29.756000,34.32
1747755637,-0.754000,-0.442000,-0.110000,44.046000,-10.153000,-27.069000,34.27
1747769563,-0.729000,-0.464000,-0.058000,43.679000,-6.321000,-28.824000,34.27
1747777870,-0.763000,-0.454000,-0.021000,43.817000,-1.832000,-30.260000,34.37
1747788263,-0.777000,-0.451000,-0.035000,42.763000,0.198000,-30.427000,34.22
1747797112,-0.787000,-0.440000,-0.008000,39.450000,1.908000,-28.519000,34.27
1747806640,-0.799000,-0.452000,0.047000,38.275000,3.267000,-27.420000,34.22
1747812788,-0.763000,-0.458000,0.067000,37.588000,4.947000,-26.336000,34.27
1747823921,-0.754000,-0.464000,0.063000,36.885000,5.969000,-26.351000,34.32
1747836872,-0.741000,-0.462000,0.072000,33.847000,2.702000,-24.366000,34.27
1747847675,-0.736000,-0.484000,0.086000,32.534000,6.550000,-20.840000,34.32
1747855669,-0.718000,-0.495000,0.085000,30.244000,5.740000,-21.389000,34.27
1747864304,-0.730000,-0.509000,0.088000,28.931000,8.840000,-19.924000,34.32
1747878184,-0.764000,-0.511000,0.090000,27.557000,8.611000,-16.076000,34.22
1747886955,-0.760000,-0.517000,0.083000,25.420000,7.511000,-14.031000,34.27
1747895277,-0.731000,-0.520000,0.123000,24.931000,7.527000,-12.137000,34.32
1747905821,-0.707000,-0.553000,0.098000,26.260000,9.252000,-10.336000,34.37
1747914258,-0.724000,-0.526000,0.060000,23.511000,5.679000,-8.992000,34.32
1747924312,-0.683000,-0.521000,0.068000,21.252000,7.695000,-7.863000,34.27
1747937551,-0.694000,-0.509000,0.082000,18.427000,6.992000,-8.382000,34.32
1747946766,-0.718000,-0.525000,0.089000,16.534000,5.252000,-6.046000,34.18
1747955968,-0.720000,-0.522000,0.072000,14.931000,1.573000,-4.092000,34.32
1747965746,-0.708000,-0.495000,0.085000,12.092000,0.962000,-3.130000,34.37
1747977552,-0.694000,-0.476000,0.076000,6.718000,1.191000,-4.809000,34.22
1747985178,-0.717000,-0.510000,0.106000,5.878000,-1.618000,-3.206000,34.27
1747996033,-0.676000,-0.521000,0.086000,6.000000,0.183000,-2.122000,34.27
1748007806,-0.703000,-0.515000,0.103000,3.496000,0.794000,-3.573000,34.32
1748016986,-0.721000,-0.500000,0.103000,0.885000,-2.137000,-2.702000,34.27
1748025794,-0.690000,-0.532000,0.118000,1.786000,-0.550000,-1.817000,34.32
1748032819,-0.684000,-0.535000,0.105000,1.038000,0.595000,-3.084000,34.27
1748048416,-0.708000,-0.524000,0.093000,0.748000,-0.061000,-2.473000,34.22
1748055071,-0.710000,-0.528000,0.112000,-0.137000,-1.405000,-1.756000,34.27
1748065765,-0.678000,-0.517000,0.129000,-1.435000,-1.084000,-2.763000,34.22
1748076946,-0.669000,-0.517000,0.116000,-1.710000,2.031000,-3.466000,34.27
1748083934,-0.684000,-0.533000,0.107000,-0.962000,3.542000,-3.527000,34.32
1748097138,-0.680000,-0.530000,0.117000,-1.328000,4.779000,-3.695000,34.27
1748104984,-0.676000,-0.511000,0.119000,-1.985000,6.534000,-3.511000,34.22
1748118073,-0.689000,-0.508000,0.117000,-3.267000,8.244000,-3.191000,34.41
1748126891,-0.711000,-0.510000,0.119000,-4.107000,8.962000,-2.824000,34.27
1748133872,-0.729000,-0.516000,0.097000,-4.443000,8.702000,-2.168000,34.27
1748149492,-0.718000,-0.536000,0.101000,-4.824000,8.489000,-2.733000,34.37
1748156166,-0.732000,-0.521000,0.120000,-4.992000,8.611000,-2.290000,34.32
1748166004,-0.729000,-0.525000,0.102000,-6.153000,6.718000,-1.420000,34.37
1748178127,-0.704000,-0.525000,0.098000,-6.687000,6.855000,-1.160000,34.22
1748185286,-0.715000,-0.503000,0.115000,-8.687000,6.397000,0.260000,34.37
1748198501,-0.701000,-0.506000,0.116000,-10.000000,6.137000,1.603000,34.32
1748206422,-0.699000,-0.502000,0.133000,-10.687000,6.443000,2.244000,34.27
1748216417,-0.700000,-0.490000,0.105000,-11.176000,6.244000,2.672000,34.32
1748223694,-0.713000,-0.491000,0.097000,-11.542000,6.489000,3.313000,34.41
1748235275,-0.716000,-0.515000,0.098000,-11.939000,7.802000,2.947000,34.27
1748245251,-0.739000,-0.518000,0.103000,-10.031000,6.611000,5.221000,34.32
1748256239,-0.729000,-0.500000,0.080000,-14.321000,4.397000,6.031000,34.27
1748267027,-0.733000,-0.486000,0.065000,-17.573000,2.458000,6.992000,34.32
1748279014,-0.749000,-0.442000,0.113000,-21.710000,2.015000,7.634000,34.18
1748286372,-0.711000,-0.482000,0.119000,-23.679000,3.603000,8.107000,34.32
1748294897,-0.702000,-0.554000,0.071000,-20.901000,8.015000,9.099000,34.27
1748306329,-0.725000,-0.544000,0.036000,-18.504000,8.290000,9.099000,34.22
1748314460,-0.774000,-0.533000,0.043000,-16.947000,7.176000,10.565000,34.37
1748324168,-0.773000,-0.510000,0.016000,-18.931000,5.542000,11.450000,34.32
1748336138,-0.749000,-0.502000,0.047000,-19.969000,6.443000,11.725000,34.22
1748349960,-0.737000,-0.495000,0.070000,-20.931000,11.282000,13.069000,34.37
1748361290,-0.745000,-0.488000,0.057000,-25.420000,15.252000,16.611000,34.27
1748366932,-0.751000,-0.461000,0.074000,-30.733000,18.443000,17.710000,34.37
1748377572,-0.703000,-0.545000,0.046000,-28.870000,24.870000,23.053000,34.32
1748388415,-0.696000,-0.532000,0.041000,-27.344000,32.595000,21.115000,34.27
1748396053,-0.758000,-0.551000,-0.018000,-26.947000,37.832000,22.000000,34.32
1748406798,-0.762000,-0.590000,-0.002000,-19.466000,40.061000,31.298000,34.27
1748416599,-0.789000,-0.499000,-0.027000,-25.130000,43.954000,23.588000,34.32
1748425970,-0.801000,-0.517000,-0.026000,-26.351000,43.863000,27.130000,34.27
1748435141,-0.778000,-0.477000,-0.021000,-29.527000,50.473000,29.344000,34.27
1748442014,-0.805000,-0.487000,-0.045000,-33.176000,54.565000,27.924000,34.41
1748458101,-0.788000,-0.496000,-0.062000,-34.641000,57.481000,31.053000,34.37
1748468405,-0.753000,-0.510000,-0.065000,-34.855000,62.687000,30.031000,34.22
1748475021,-0.772000,-0.524000,-0.117000,-34.504000,68.489000,30.046000,34.27
1748487492,-0.790000,-0.487000,-0.147000,-34.855000,69.084000,27.817000,34.32
1748498021,-0.787000,-0.501000,-0.158000,-34.901000,71.573000,26.397000,34.27
1748505264,-0.811000,-0.521000,-0.158000,-34.076000,75.344000,25.374000,34.22
1748516386,-0.819000,-0.480000,-0.140000,-34.962000,77.069000,24.473000,34.27
1748529032,-0.814000,-0.471000,-0.186000,-36.244000,78.809000,23.878000,34.32
1748533808,-0.656000,-0.432000,-0.282000,-40.794000,92.076000,52.656000,34.32
1748547157,-0.852000,-0.487000,-0.152000,-39.527000,91.008000,32.626000,34.27
1748555162,-0.840000,-0.439000,-0.219000,-35.878000,89.634000,33.588000,34.32
1748565807,-0.766000,-0.410000,-0.234000,-35.847000,96.687000,32.519000,34.37
1748576357,-0.835000,-0.409000,-0.268000,-37.298000,98.931000,33.420000,34.32
1748588532,-0.885000,-0.409000,-0.247000,-40.275000,95.511000,37.664000,34.27
1748596021,-0.852000,-0.424000,-0.216000,-40.473000,96.534000,36.260000,34.32
1748604845,-0.889000,-0.408000,-0.240000,-42.412000,99.374000,36.748000,34.27
1748618386,-0.898000,-0.385000,-0.259000,-45.084000,96.595000,36.702000,34.32
1748628704,-0.885000,-0.383000,-0.293000,-48.977000,96.107000,36.519000,34.27
1748633200,-0.865000,-0.374000,-0.259000,-50.015000,96.458000,35.450000,34.27
1748644324,-0.868000,-0.352000,-0.304000,-51.145000,96.763000,35.664000,34.37
1748657248,-0.870000,-0.356000,-0.356000,-57.328000,98.092000,35.924000,34.27
1748666910,-0.861000,-0.365000,-0.329000,-57.908000,96.656000,38.611000,34.32
1748676117,-0.891000,-0.354000,-0.382000,-59.389000,98.885000,36.840000,34.18
1748686533,-0.867000,-0.339000,-0.398000,-60.626000,98.519000,38.168000,34.32
1748698609,-0.859000,-0.334000,-0.405000,-62.305000,99.557000,38.779000,34.27
1748708091,-0.869000,-0.309000,-0.476000,-65.634000,100.718000,41.649000,34.32
1748716844,-0.852000,-0.333000,-0.464000,-67.863000,100.183000,42.473000,34.27
1748727379,-0.864000,-0.322000,-0.511000,-68.076000,99.557000,43.939000,34.41
1748736425,-0.860000,-0.314000,-0.523000,-68.870000,97.038000,44.031000,34.37
1748742876,-0.854000,-0.287000,-0.518000,-69.863000,94.382000,44.015000,34.27
1748754959,-0.796000,-0.288000,-0.543000,-70.000000,90.840000,45.191000,34.41
1748768242,-0.786000,-0.257000,-0.617000,-72.366000,95.008000,47.115000,34.27
1748777894,-0.794000,-0.237000,-0.573000,-73.664000,89.374000,48.137000,34.32
1748788997,-0.784000,-0.219000,-0.591000,-77.588000,90.687000,51.588000,34.37
1748799483,-0.772000,-0.186000,-0.610000,-79.252000,89.603000,54.275000,34.22
1748807994,-0.761000,-0.194000,-0.635000,-81.420000,86.977000,57.893000,34.37
1748818455,-0.754000,-0.191000,-0.622000,-77.924000,86.305000,60.885000,34.32
1748827550,-0.763000,-0.156000,-0.646000,-77.099000,84.809000,64.947000,34.27
1748838010,-0.752000,-0.147000,-0.633000,-76.550000,81.710000,68.427000,34.22
1748846769,-0.745000,-0.115000,-0.682000,-78.046000,84.214000,71.832000,34.32
1748853590,-0.767000,-0.089000,-0.637000,-80.260000,82.687000,71.893000,34.27
1748867126,-0.770000,-0.091000,-0.672000,-82.000000,82.855000,70.656000,34.27
1748878687,-0.792000,-0.056000,-0.686000,-84.473000,82.901000,69.710000,34.27
1748884467,-0.803000,-0.054000,-0.698000,-87.740000,80.107000,69.450000,34.32
1748900306,-0.777000,-0.072000,-0.723000,-88.824000,80.382000,70.031000,34.18
1748908271,-0.749000,-0.092000,-0.738000,-86.427000,80.366000,70.397000,34.32
1748915835,-0.739000,-0.052000,-0.709000,-84.809000,81.252000,71.878000,34.37
1748928409,-0.708000,-0.019000,-0.736000,-83.267000,80.931000,73.282000,34.22
1748936133,-0.666000,-0.003000,-0.770000,-84.779000,82.748000,75.023000,34.27
1748946616,-0.663000,-0.001000,-0.745000,-82.840000,84.824000,75.191000,34.22
1748952493,-0.633000,0.026000,-0.738000,-81.038000,87.969000,75.618000,34.32
1748964339,-0.619000,0.029000,-0.782000,-79.786000,91.160000,75.328000,34.27
1748978011,-0.599000,0.037000,-0.789000,-78.840000,95.740000,74.183000,34.32
1748986489,-0.605000,0.033000,-0.786000,-75.542000,96.031000,73.695000,34.37
1748996799,-0.597000,0.047000,-0.786000,-72.458000,96.885000,75.053000,34.32
1749005868,-0.586000,0.073000,-0.814000,-72.107000,99.069000,75.832000,34.18
1749016019,-0.557000,0.068000,-0.798000,-70.366000,98.977000,76.687000,34.41
1749026072,-0.495000,0.091000,-0.801000,-68.107000,102.260000,76.977000,34.37
1749035420,-0.492000,0.104000,-0.794000,-63.863000,106.351000,75.313000,34.32
1749046399,-0.498000,0.137000,-0.806000,-62.779000,108.992000,73.695000,34.27
1749056789,-0.497000,0.172000,-0.824000,-63.115000,110.611000,72.641000,34.22
1749063571,-0.458000,0.201000,-0.829000,-65.359000,111.435000,70.626000,34.32
1749078133,-0.432000,0.199000,-0.813000,-65.634000,114.305000,67.313000,34.27
1749088203,-0.424000,0.204000,-0.841000,-63.618000,116.229000,64.931000,34.37
1749095035,-0.407000,0.222000,-0.865000,-63.603000,118.809000,64.244000,34.27
1749110100,-0.414000,0.227000,-0.844000,-61.847000,119.756000,63.053000,34.32
1749117507,-0.396000,0.258000,-0.853000,-62.076000,119.878000,63.267000,34.27
1749127821,-0.366000,0.264000,-0.896000,-61.206000,120.794000,62.061000,34.32
1749137478,-0.322000,0.273000,-0.885000,-60.626000,122.504000,60.351000,34.27
1749148274,-0.311000,0.323000,-0.906000,-61.176000,125.344000,58.550000,34.22
1749155593,-0.302000,0.349000,-0.924000,-63.466000,127.695000,57.389000,34.27
1749162401,-0.268000,0.335000,-0.952000,-65.145000,131.863000,54.137000,34.27
1749175885,-0.266000,0.367000,-0.928000,-68.977000,132.595000,51.863000,34.22
1749187459,-0.253000,0.369000,-0.972000,-71.771000,134.275000,50.794000,34.27
1749193753,-0.232000,0.365000,-0.941000,-73.481000,133.542000,50.153000,34.22
1749210437,-0.188000,0.387000,-0.911000,-74.931000,133.191000,50.672000,34.37
1749217209,-0.148000,0.414000,-0.924000,-76.290000,133.282000,51.252000,34.32
1749225762,-0.107000,0.405000,-0.892000,-76.626000,133.832000,52.031000,34.27
1749236900,-0.090000,0.438000,-0.865000,-76.565000,135.695000,51.542000,34.32
1749249283,-0.086000,0.460000,-0.902000,-78.931000,133.099000,54.321000,34.27
1749255016,-0.021000,0.424000,-0.870000,-81.969000,132.473000,55.817000,34.22
1749266406,0.001000,0.464000,-0.858000,-80.794000,136.092000,55.786000,34.27
1749278260,0.007000,0.500000,-0.875000,-82.626000,134.962000,58.321000,34.22
1749287873,0.040000,0.488000,-0.862000,-85.695000,136.351000,60.626000,34.13
1749295401,0.022000,0.488000,-0.835000,-86.000000,135.405000,62.779000,34.18
1749307584,0.061000,0.510000,-0.874000,-86.122000,133.282000,64.382000,34.37
1749317632,0.107000,0.518000,-0.772000,-87.985000,131.679000,63.557000,34.27
1749325898,0.135000,0.539000,-0.793000,-87.740000,134.565000,62.656000,34.22
1749337426,0.157000,0.499000,-0.757000,-87.191000,135.466000,62.687000,34.27
1749348158,0.204000,0.510000,-0.726000,-83.924000,135.786000,60.168000,34.32
1749354956,0.218000,0.558000,-0.668000,-81.847000,140.153000,56.183000,34.27
1749365800,0.220000,0.530000,-0.716000,-82.885000,140.137000,54.061000,34.32
1749372794,0.262000,0.547000,-0.719000,-80.550000,138.534000,48.550000,34.27
1749389163,0.247000,0.513000,-0.651000,-78.855000,139.618000,42.351000,34.27
1749399379,0.287000,0.523000,-0.611000,-75.817000,137.084000,36.718000,34.32
1749405692,0.319000,0.547000,-0.668000,-73.099000,132.901000,31.511000,34.18
1749418048,0.365000,0.467000,-0.531000,-72.229000,134.443000,28.412000,34.22
1749425444,0.360000,0.490000,-0.496000,-63.496000,127.420000,21.008000,34.18
1749436056,0.309000,0.530000,-0.521000,-58.473000,129.374000,19.145000,34.32
1749448350,0.303000,0.547000,-0.550000,-60.534000,116.947000,19.557000,34.27
1749456663,0.390000,0.479000,-0.462000,-57.740000,110.351000,16.519000,34.32
1749465312,0.366000,0.543000,-0.442000,-50.992000,102.443000,14.305000,34.18
1749472108,0.445000,0.551000,-0.414000,-45.008000,92.183000,14.458000,34.22
1749490081,0.551000,0.550000,-0.364000,-35.771000,90.779000,11.710000,34.18
1749498983,0.548000,0.625000,-0.315000,-29.924000,86.718000,11.496000,34.37
1749505528,0.532000,0.563000,-0.275000,-16.779000,76.901000,9.832000,34.32
1749517599,0.606000,0.746000,-0.278000,-16.962000,70.046000,9.527000,34.27
1749524930,0.656000,0.684000,-0.380000,-11.954000,58.977000,6.824000,34.27
1749536405,0.631000,0.647000,-0.283000,-6.763000,54.305000,8.168000,34.27
1749546108,0.572000,0.712000,-0.336000,-2.992000,49.191000,6.321000,34.32
1749556481,0.545000,0.688000,-0.300000,-6.595000,36.702000,5.160000,34.37
1749566635,0.497000,0.706000,-0.323000,-0.427000,25.206000,3.496000,34.32
1749573797,0.481000,0.785000,-0.358000,-3.695000,2.565000,5.756000,34.27
1749589055,0.585000,0.674000,-0.389000,-6.122000,-6.504000,6.641000,34.22
1749598506,0.549000,0.635000,-0.385000,-2.275000,-18.855000,8.260000,34.27
1749606011,0.553000,0.658000,-0.385000,0.595000,-30.046000,8.198000,34.22
1749619684,0.569000,0.637000,-0.390000,5.511000,-40.015000,7.511000,34.22
1749624763,0.597000,0.648000,-0.388000,10.473000,-48.244000,4.916000,34.18
1749636856,0.599000,0.662000,-0.382000,14.870000,-55.176000,2.092000,34.32
1749648114,0.597000,0.669000,-0.401000,18.489000,-61.176000,-1.282000,34.27
1749658382,0.595000,0.668000,-0.420000,20.275000,-65.939000,-4.824000,34.32
1749663053,0.592000,0.649000,-0.472000,21.725000,-69.573000,-8.351000,34.27
1749674728,0.588000,0.609000,-0.516000,23.649000,-70.962000,-10.382000,34.22
1749687337,0.561000,0.611000,-0.521000,27.313000,-70.977000,-12.718000,34.18
1749697838,0.508000,0.617000,-0.547000,29.053000,-76.351000,-12.305000,34.22
1749706003,0.517000,0.600000,-0.573000,30.473000,-81.298000,-12.534000,34.27
1749714720,0.517000,0.605000,-0.572000,33.603000,-83.496000,-13.450000,34.22
1749727744,0.508000,0.640000,-0.571000,34.855000,-84.183000,-14.916000,34.18
1749738217,0.575000,0.626000,-0.561000,34.702000,-84.092000,-18.168000,34.37
1749747192,0.564000,0.634000,-0.604000,36.702000,-80.382000,-21.969000,34.27
1749757462,0.490000,0.628000,-0.644000,39.924000,-77.725000,-25.786000,34.27
1749763410,0.448000,0.641000,-0.625000,40.977000,-80.382000,-27.924000,34.32
1749774250,0.425000,0.643000,-0.667000,40.305000,-81.832000,-28.870000,34.37
1749790911,0.410000,0.612000,-0.694000,41.466000,-84.779000,-31.527000,34.32
1749801632,0.375000,0.630000,-0.680000,41.832000,-85.908000,-32.504000,34.27
1749806866,0.378000,0.654000,-0.697000,41.649000,-89.771000,-33.481000,34.22
1749821862,0.403000,0.619000,-0.721000,40.519000,-90.031000,-33.603000,34.27
1749829178,0.382000,0.617000,-0.706000,41.588000,-88.641000,-35.374000,34.32
1749836398,0.365000,0.596000,-0.762000,43.985000,-88.489000,-36.550000,34.22
1749847610,0.331000,0.569000,-0.729000,46.275000,-85.115000,-40.122000,34.27
1749858160,0.314000,0.589000,-0.700000,50.229000,-83.191000,-43.634000,34.32
1749866805,0.283000,0.624000,-0.708000,48.901000,-87.542000,-42.840000,34.27
1749873588,0.262000,0.611000,-0.764000,46.763000,-90.595000,-41.237000,34.22
1749886348,0.236000,0.574000,-0.726000,47.771000,-92.565000,-41.496000,34.18
1749895434,0.272000,0.561000,-0.784000,45.924000,-97.176000,-41.710000,34.32
1749906158,0.300000,0.492000,-0.773000,49.664000,-93.328000,-44.565000,34.37
1749917371,0.160000,0.507000,-0.810000,54.412000,-87.817000,-47.191000,34.22
1749927454,0.095000,0.535000,-0.767000,54.000000,-91.252000,-48.443000,34.18
1749938641,0.114000,0.523000,-0.782000,52.641000,-96.321000,-49.664000,34.32
1749951841,0.084000,0.541000,-0.799000,50.214000,-98.107000,-50.550000,34.22
1749958817,0.058000,0.534000,-0.771000,48.992000,-105.710000,-50.733000,34.18
1749965967,0.135000,0.524000,-0.760000,48.885000,-108.641000,-51.282000,34.27
1749972846,0.169000,0.491000,-0.824000,46.733000,-108.061000,-52.382000,34.37
1749985856,0.189000,0.393000,-0.778000,55.145000,-99.603000,-57.099000,34.22
1750000348,0.013000,0.439000,-0.809000,63.038000,-91.740000,-61.252000,34.27
1750005996,-0.028000,0.443000,-0.774000,63.466000,-95.939000,-62.794000,34.22
1750019749,-0.047000,0.429000,-0.814000,63.344000,-97.542000,-64.000000,34.27
1750027439,-0.127000,0.447000,-0.792000,61.435000,-101.878000,-65.237000,34.32
1750035415,-0.147000,0.444000,-0.810000,57.969000,-110.214000,-64.702000,34.27
1750046919,-0.081000,0.426000,-0.764000,54.443000,-119.740000,-64.046000,34.22
1750057037,0.003000,0.373000,-0.875000,54.779000,-116.779000,-63.634000,34.22
1750064802,0.060000,0.273000,-0.825000,65.908000,-106.763000,-70.382000,34.27
1750078519,-0.164000,0.325000,-0.820000,76.336000,-96.794000,-72.870000,34.32
1750084851,-0.277000,0.381000,-0.847000,70.672000,-105.176000,-69.191000,34.27
1750097215,-0.241000,0.370000,-0.790000,65.542000,-110.824000,-69.710000,34.32
1750102831,-0.291000,0.379000,-0.819000,59.969000,-114.748000,-69.237000,34.37
1750120361,-0.301000,0.307000,-0.848000,56.885000,-118.397000,-70.244000,34.32
1750127343,-0.283000,0.235000,-0.856000,60.015000,-114.397000,-73.313000,34.27
1750134688,-0.293000,0.239000,-0.842000,64.702000,-110.122000,-77.328000,34.22
1750147009,-0.339000,0.237000,-0.944000,62.733000,-110.672000,-75.878000,34.18
1750157664,-0.369000,0.211000,-0.849000,63.115000,-106.901000,-75.359000,34.32
1750163303,-0.489000,0.291000,-0.760000,60.824000,-111.298000,-73.557000,34.18
1750174598,-0.436000,0.276000,-0.803000,53.878000,-122.565000,-71.130000,34.32
1750188656,-0.414000,0.219000,-0.802000,53.176000,-119.038000,-73.389000,34.37
1750200605,-0.412000,0.149000,-0.803000,58.870000,-118.840000,-76.626000,34.18
1750206280,-0.529000,0.168000,-0.914000,58.565000,-113.939000,-77.588000,34.22
1750218134,-0.584000,0.186000,-0.817000,54.931000,-116.366000,-77.588000,34.27
1750227509,-0.657000,0.155000,-0.927000,49.756000,-121.527000,-75.298000,34.22
1750235560,-0.619000,0.110000,-0.763000,44.595000,-122.260000,-77.389000,34.27
1750247484,-0.637000,0.137000,-0.685000,44.870000,-128.824000,-76.336000,34.22
1750257318,-0.580000,0.153000,-0.732000,42.092000,-134.733000,-74.550000,34.27
1750265854,-0.513000,0.084000,-0.712000,45.069000,-133.099000,-76.763000,34.32
1750272549,-0.526000,0.049000,-0.760000,51.649000,-130.336000,-79.359000,34.37
1750291094,-0.549000,0.021000,-0.826000,52.748000,-122.137000,-80.458000,34.22
1750299825,-0.643000,0.010000,-0.721000,55.313000,-111.939000,-81.725000,34.27
1750304611,-0.812000,0.045000,-0.702000,51.008000,-115.313000,-78.336000,34.22
1750318667,-0.799000,0.029000,-0.670000,43.221000,-121.679000,-75.618000,34.27
1750326679,-0.756000,-0.008000,-0.590000,40.870000,-129.985000,-76.046000,34.27
1750337632,-0.681000,-0.063000,-0.664000,44.519000,-126.458000,-77.511000,34.18
1750346273,-0.650000,-0.071000,-0.646000,50.489000,-118.198000,-82.305000,34.27
1750358214,-0.657000,-0.085000,-0.608000,56.351000,-113.740000,-84.473000,34.32
1750363386,-0.701000,-0.063000,-0.646000,57.191000,-107.756000,-83.725000,34.18
1750376927,-0.786000,-0.077000,-0.514000,58.580000,-105.038000,-83.053000,34.22
1750389817,-0.868000,-0.119000,-0.539000,59.817000,-109.053000,-81.038000,34.27
1750396691,-0.905000,-0.139000,-0.561000,58.183000,-110.046000,-79.160000,34.22
1750405966,-0.909000,-0.171000,-0.460000,59.130000,-115.389000,-77.954000,34.18
1750413993,-0.828000,-0.206000,-0.561000,60.702000,-109.679000,-77.634000,34.32
1750427361,-0.877000,-0.188000,-0.486000,63.496000,-99.206000,-78.366000,34.37
1750438223,-0.924000,-0.190000,-0.491000,64.046000,-100.031000,-75.328000,34.13
1750448427,-0.914000,-0.205000,-0.447000,64.443000,-96.183000,-73.649000,34.22
1750457182,-0.951000,-0.216000,-0.468000,66.214000,-93.023000,-71.313000,34.27
1750465786,-0.933000,-0.234000,-0.414000,66.397000,-93.603000,-69.282000,34.22
1750472619,-0.892000,-0.258000,-0.406000,68.168000,-92.840000,-68.626000,34.27
1750485527,-0.899000,-0.256000,-0.402000,72.107000,-89.771000,-69.130000,34.27
1750497422,-0.905000,-0.246000,-0.456000,73.191000,-87.115000,-68.015000,34.18
1750503645,-0.902000,-0.248000,-0.391000,72.901000,-83.267000,-67.405000,34.22
1750519956,-0.951000,-0.231000,-0.369000,71.405000,-83.756000,-64.641000,34.27
1750526985,-0.962000,-0.251000,-0.404000,67.695000,-85.634000,-62.748000,34.22
1750534268,-0.990000,-0.280000,-0.380000,67.618000,-87.023000,-62.153000,34.27
1750546153,-0.972000,-0.273000,-0.377000,65.084000,-90.519000,-58.076000,34.13
1750556395,-0.921000,-0.297000,-0.353000,65.527000,-90.122000,-56.565000,34.18
1750563710,-0.886000,-0.337000,-0.300000,65.863000,-88.611000,-55.053000,34.32
1750577121,-0.868000,-0.374000,-0.320000,68.794000,-82.870000,-55.160000,34.27
1750589509,-0.892000,-0.330000,-0.291000,66.702000,-78.336000,-55.573000,34.27
1750596040,-0.904000,-0.341000,-0.236000,61.679000,-79.954000,-53.802000,34.32
1750606272,-0.887000,-0.282000,-0.290000,52.412000,-79.466000,-68.901000,34.27
1750618089,-0.897000,-0.428000,-0.187000,51.282000,-82.198000,-64.305000,34.22
1750625753,-0.868000,-0.430000,-0.185000,51.099000,-82.382000,-58.198000,34.18
1750637178,-0.811000,-0.445000,-0.240000,53.344000,-76.427000,-49.099000,34.22
1750645752,-0.809000,-0.442000,-0.145000,57.374000,-66.092000,-46.824000,34.27
1750655697,-0.900000,-0.430000,-0.188000,56.901000,-65.863000,-40.809000,34.32
1750666765,-0.853000,-0.512000,-0.256000,53.344000,-61.420000,-25.786000,34.27
1750673635,-0.928000,-0.434000,-0.109000,48.733000,-59.740000,-43.160000,34.22
1750691151,-0.884000,-0.443000,-0.166000,46.779000,-63.450000,-37.084000,34.18
1750696904,-0.823000,-0.452000,-0.119000,45.176000,-61.588000,-38.061000,34.22
1750705792,-0.872000,-0.435000,-0.124000,45.405000,-60.000000,-33.603000,34.27
1750719416,-0.836000,-0.439000,-0.134000,44.840000,-59.099000,-32.168000,34.32
1750727637,-0.827000,-0.486000,-0.141000,54.565000,-53.328000,-29.847000,34.37
1750737187,-0.846000,-0.424000,-0.132000,53.053000,-50.992000,-30.061000,34.27
1750750909,-0.870000,-0.406000,-0.074000,51.954000,-51.634000,-28.412000,34.32
1750759302,-0.877000,-0.433000,-0.055000,50.489000,-52.840000,-26.366000,34.18
1750764783,-0.824000,-0.243000,-0.269000,36.046000,-52.641000,-28.015000,34.22
1750777943,-0.897000,-0.380000,-0.067000,33.084000,-57.954000,-24.580000,34.18
1750790102,-0.849000,-0.449000,-0.008000,31.618000,-59.817000,-22.183000,34.27
1750800691,-0.780000,-0.495000,0.034000,39.786000,-60.229000,-21.405000,34.18
1750803606,-0.758000,-0.418000,-0.006000,36.580000,-54.321000,-14.107000,34.22
1750818525,-0.792000,-0.451000,0.013000,39.481000,-53.130000,-13.573000,34.18
1750826673,-0.790000,-0.443000,0.011000,39.405000,-50.412000,-12.382000,34.22
1750837138,-0.793000,-0.442000,-0.032000,37.649000,-48.656000,-14.092000,34.27
1750847843,-0.812000,-0.446000,-0.023000,29.725000,-43.695000,-13.786000,34.32
1750858776,-0.772000,-0.443000,-0.025000,22.229000,-38.122000,-14.550000,34.27
1750863412,-0.753000,-0.461000,-0.012000,19.069000,-32.321000,-13.252000,34.32
1750874857,-0.716000,-0.492000,-0.004000,18.198000,-26.092000,-13.603000,34.18
1750891314,-0.692000,-0.507000,0.023000,19.084000,-18.015000,-15.206000,34.27
1750902492,-0.700000,-0.447000,0.059000,18.733000,-11.557000,-18.092000,34.32
1750906448,-0.741000,-0.473000,0.038000,17.237000,-5.466000,-17.740000,34.18
1750921366,-0.748000,-0.477000,0.061000,17.832000,-1.527000,-17.145000,34.41
1750928206,-0.722000,-0.479000,0.073000,18.550000,2.290000,-18.412000,34.18
1750938202,-0.724000,-0.479000,0.115000,18.244000,6.443000,-17.939000,34.18
1750944821,-0.733000,-0.482000,0.127000,18.015000,10.321000,-16.489000,34.27
1750958712,-0.709000,-0.469000,0.115000,16.565000,13.191000,-15.908000,34.22
1750962738,-0.699000,-0.494000,0.182000,17.588000,14.565000,-14.168000,34.27
1750974493,-0.713000,-0.482000,0.164000,19.557000,18.443000,-13.511000,34.22
1750986963,-0.738000,-0.476000,0.159000,21.298000,20.443000,-12.733000,34.27
1750995799,-0.750000,-0.478000,0.186000,22.214000,22.122000,-10.550000,34.22
1751006733,-0.732000,-0.489000,0.128000,23.221000,23.466000,-9.710000,34.18
1751017319,-0.756000,-0.465000,0.139000,22.992000,23.328000,-8.244000,34.32
1751029432,-0.771000,-0.455000,0.138000,20.687000,20.763000,-6.244000,34.32
1751036505,-0.746000,-0.458000,0.128000,19.008000,18.275000,-4.412000,34.27
1751048603,-0.726000,-0.463000,0.100000,16.092000,16.214000,-3.359000,34.22
1751058603,-0.706000,-0.461000,0.122000,13.954000,14.366000,-2.748000,34.27
1751063148,-0.726000,-0.449000,0.114000,12.580000,13.542000,-3.160000,34.22
1751074308,-0.727000,-0.462000,0.107000,10.229000,11.252000,-2.015000,34.27
1751086852,-0.710000,-0.474000,0.120000,8.901000,9.374000,-1.618000,34.22
1751096342,-0.708000,-0.490000,0.105000,8.748000,8.580000,-1.466000,34.18
1751106951,-0.718000,-0.481000,0.139000,8.641000,6.229000,-1.008000,34.22
1751115598,-0.711000,-0.476000,0.134000,7.527000,4.565000,-0.473000,34.27
1751128555,-0.713000,-0.455000,0.147000,5.481000,3.298000,-1.344000,34.22
1751134757,-0.704000,-0.484000,0.155000,3.908000,0.885000,-1.328000,34.27
1751145116,-0.708000,-0.479000,0.150000,2.626000,-1.099000,-1.664000,34.22
1751157797,-0.699000,-0.477000,0.156000,1.588000,-2.046000,-2.015000,34.18
1751164406,-0.689000,-0.507000,0.157000,1.496000,-1.985000,-2.656000,34.27
1751176028,-0.722000,-0.502000,0.172000,1.786000,-4.000000,-2.748000,34.22
1751188010,-0.680000,-0.527000,0.165000,2.947000,-2.046000,-3.237000,34.27
1751199031,-0.676000,-0.521000,0.153000,5.023000,1.786000,-4.000000,34.22
1751205394,-0.688000,-0.494000,0.153000,5.115000,1.878000,-5.176000,34.37
1751215428,-0.698000,-0.491000,0.144000,3.420000,1.160000,-4.504000,34.32
1751225356,-0.701000,-0.488000,0.145000,1.527000,0.366000,-4.550000,34.27
1751235731,-0.688000,-0.493000,0.151000,1.481000,1.664000,-5.038000,34.32
1751246802,-0.700000,-0.497000,0.145000,1.573000,2.260000,-5.786000,34.27
1751258467,-0.695000,-0.502000,0.154000,1.099000,2.672000,-6.137000,34.32
1751265675,-0.685000,-0.504000,0.172000,2.366000,3.008000,-6.702000,34.22
1751272650,-0.688000,-0.503000,0.169000,2.809000,5.084000,-7.420000,34.27
1751286053,-0.703000,-0.494000,0.156000,2.489000,5.466000,-7.832000,34.22
1751294688,-0.702000,-0.494000,0.159000,2.794000,5.466000,-7.618000,34.18
1751307645,-0.704000,-0.482000,0.162000,1.924000,5.771000,-7.756000,34.18
1751319573,-0.726000,-0.473000,0.151000,0.824000,4.137000,-7.221000,34.27
1751327736,-0.717000,-0.462000,0.147000,-0.733000,3.298000,-6.412000,34.32
1751337596,-0.720000,-0.478000,0.167000,-1.618000,1.557000,-5.420000,34.27
1751347126,-0.703000,-0.489000,0.173000,-1.847000,1.939000,-5.374000,34.22
1751358884,-0.702000,-0.490000,0.172000,-1.191000,3.176000,-5.145000,34.27
1751362763,-0.705000,-0.499000,0.168000,-0.382000,3.450000,-4.733000,34.22
1751374164,-0.710000,-0.499000,0.144000,-0.656000,4.244000,-4.473000,34.27
1751388633,-0.708000,-0.500000,0.167000,-1.466000,4.855000,-3.618000,34.27
1751396526,-0.714000,-0.484000,0.154000,-3.817000,5.573000,-2.840000,34.32
1751405693,-0.687000,-0.501000,0.167000,-4.260000,6.504000,-0.962000,34.18
1751420946,-0.689000,-0.496000,0.152000,-5.206000,10.656000,-1.069000,34.22
1751426233,-0.723000,-0.484000,0.145000,-7.313000,12.489000,-0.031000,34.27
1751436929,-0.719000,-0.485000,0.156000,-9.634000,13.802000,0.626000,34.22
1751446762,-0.704000,-0.500000,0.111000,-10.229000,18.489000,0.595000,34.18
1751456609,-0.708000,-0.526000,0.134000,-10.427000,22.244000,1.649000,34.22
1751462583,-0.730000,-0.497000,0.094000,-11.481000,27.878000,2.763000,34.27
1751475766,-0.754000,-0.463000,0.122000,-13.725000,31.099000,6.092000,34.32
1751487975,-0.735000,-0.466000,0.156000,-11.588000,33.496000,11.344000,34.18
1751494542,-0.755000,-0.411000,0.064000,-16.626000,37.176000,8.595000,34.37
1751506050,-0.838000,-0.421000,0.019000,-20.275000,37.466000,9.679000,34.32
1751523344,-0.815000,-0.479000,0.029000,-22.458000,37.679000,10.000000,34.27
1751525523,-0.777000,-0.549000,0.025000,-18.275000,44.336000,10.855000,34.18
1751538000,-0.688000,-0.610000,0.039000,-10.947000,55.099000,13.542000,34.27
1751545270,-0.847000,-0.502000,0.030000,-12.168000,57.588000,17.176000,34.22
1751555764,-0.906000,-0.439000,0.033000,-16.779000,45.542000,23.618000,34.27
1751562416,-0.795000,-0.389000,-0.011000,-27.710000,47.160000,26.168000,34.13
1751574323,-0.737000,-0.415000,0.005000,-32.565000,55.939000,21.435000,34.27
1751588576,-0.779000,-0.502000,-0.054000,-30.122000,60.015000,20.962000,34.22
1751596800,-0.791000,-0.485000,-0.065000,-27.298000,63.939000,23.496000,34.27
1751606613,-0.826000,-0.490000,-0.116000,-26.000000,67.939000,25.221000,34.22
1751617495,-0.847000,-0.472000,-0.150000,-27.985000,69.435000,26.718000,34.22
1751626659,-0.814000,-0.482000,-0.137000,-29.008000,71.206000,29.023000,34.27
1751637965,-0.833000,-0.471000,-0.163000,-30.641000,77.069000,28.824000,34.32
1751646583,-0.839000,-0.469000,-0.169000,-32.580000,80.290000,28.748000,34.27
1751655591,-0.816000,-0.471000,-0.131000,-34.916000,81.985000,28.824000,34.32
1751666350,-0.793000,-0.474000,-0.141000,-34.550000,84.580000,26.947000,34.27
1751673667,-0.775000,-0.482000,-0.138000,-33.511000,87.359000,25.832000,34.13
1751685717,-0.786000,-0.463000,-0.165000,-34.779000,91.420000,26.519000,34.18
1751696686,-0.827000,-0.450000,-0.216000,-36.885000,91.206000,28.763000,34.22
1751708439,-0.834000,-0.482000,-0.181000,-37.099000,92.748000,31.496000,34.18
1751721488,-0.828000,-0.444000,-0.215000,-37.969000,97.023000,35.008000,34.22
1751723569,-0.865000,-0.431000,-0.250000,-43.405000,96.672000,35.863000,34.27
1751737761,-0.875000,-0.446000,-0.219000,-45.893000,94.931000,35.588000,34.18
1751746449,-0.855000,-0.427000,-0.249000,-48.061000,93.985000,34.366000,34.27
1751754960,-0.844000,-0.405000,-0.260000,-50.427000,97.435000,32.718000,34.27
1751765096,-0.863000,-0.397000,-0.310000,-54.595000,98.244000,33.863000,34.32
1751772059,-0.887000,-0.412000,-0.294000,-57.542000,98.626000,36.580000,34.27
1751788666,-0.872000,-0.420000,-0.278000,-59.160000,98.748000,38.534000,34.22
1751798104,-0.898000,-0.395000,-0.333000,-60.137000,98.244000,39.771000,34.18
1751805668,-0.914000,-0.387000,-0.327000,-62.031000,94.840000,41.298000,34.22
1751819853,-0.884000,-0.361000,-0.355000,-66.000000,92.504000,38.855000,34.37
1751826749,-0.853000,-0.343000,-0.392000,-69.695000,94.061000,38.916000,34.32
1751836335,-0.852000,-0.370000,-0.390000,-71.084000,96.885000,39.450000,34.18
1751846206,-0.872000,-0.362000,-0.434000,-70.641000,99.069000,41.344000,34.22
1751854913,-0.902000,-0.332000,-0.446000,-72.595000,97.695000,43.374000,34.27
1751863838,-0.882000,-0.350000,-0.442000,-71.145000,99.695000,43.450000,34.22
1751876284,-0.891000,-0.325000,-0.451000,-71.573000,98.183000,43.863000,34.22
1751888577,-0.854000,-0.326000,-0.412000,-71.817000,94.443000,43.481000,34.27
1751898665,-0.846000,-0.298000,-0.498000,-72.611000,92.962000,44.748000,34.27
1751906894,-0.810000,-0.300000,-0.454000,-72.840000,91.145000,44.321000,34.27
1751918619,-0.797000,-0.276000,-0.496000,-73.557000,94.565000,45.618000,34.32
1751925227,-0.800000,-0.278000,-0.516000,-73.863000,96.763000,46.748000,34.27
1751937734,-0.802000,-0.282000,-0.525000,-73.053000,95.420000,48.870000,34.22
1751945606,-0.790000,-0.267000,-0.552000,-72.336000,96.397000,49.527000,34.27
1751956381,-0.793000,-0.243000,-0.563000,-72.855000,95.786000,50.565000,34.22
1751962405,-0.767000,-0.232000,-0.591000,-71.115000,91.725000,50.947000,34.18
1751975098,-0.719000,-0.219000,-0.610000,-68.656000,95.282000,49.099000,34.22
1751986945,-0.743000,-0.184000,-0.658000,-67.221000,97.954000,49.786000,34.27
1751997051,-0.757000,-0.156000,-0.654000,-70.809000,97.832000,50.626000,34.22
1752008226,-0.750000,-0.132000,-0.665000,-73.710000,98.763000,50.763000,34.18
1752022198,-0.724000,-0.143000,-0.625000,-74.855000,101.206000,50.122000,34.13
1752024357,-0.713000,-0.118000,-0.662000,-75.664000,101.298000,50.931000,34.22
1752036673,-0.713000,-0.103000,-0.698000,-76.076000,102.092000,52.107000,34.27
1752047986,-0.673000,-0.117000,-0.710000,-75.176000,102.702000,52.336000,34.27
1752056018,-0.714000,-0.080000,-0.724000,-74.137000,103.863000,53.985000,34.18
1752065869,-0.696000,-0.066000,-0.746000,-73.206000,103.145000,54.153000,34.22
1752074501,-0.710000,-0.017000,-0.768000,-73.359000,102.611000,56.214000,34.27
1752088065,-0.663000,0.003000,-0.761000,-76.305000,103.954000,57.099000,34.22
1752097457,-0.639000,0.019000,-0.785000,-79.527000,102.122000,58.962000,34.27
1752104656,-0.612000,0.028000,-0.756000,-79.115000,102.626000,59.664000,34.32
1752116633,-0.598000,0.053000,-0.770000,-79.573000,101.191000,60.275000,34.18
1752124430,-0.569000,0.059000,-0.815000,-78.305000,102.382000,60.336000,34.22
1752135580,-0.580000,0.080000,-0.802000,-77.695000,101.954000,61.191000,34.27
1752148984,-0.589000,0.110000,-0.845000,-79.069000,99.863000,63.756000,34.22
1752157521,-0.568000,0.095000,-0.838000,-80.611000,99.435000,65.863000,34.27
1752164942,-0.581000,0.115000,-0.844000,-80.412000,98.687000,67.924000,34.27
1752176745,-0.566000,0.132000,-0.854000,-82.168000,96.351000,70.672000,34.22
1752189542,-0.536000,0.150000,-0.814000,-81.740000,95.832000,72.321000,34.18
1752199721,-0.501000,0.147000,-0.897000,-84.031000,96.519000,74.702000,34.18
1752205458,-0.510000,0.166000,-0.833000,-81.405000,95.649000,75.221000,34.18
1752221238,-0.526000,0.187000,-0.905000,-81.756000,94.901000,76.702000,34.22
1752226581,-0.479000,0.166000,-0.888000,-80.565000,95.618000,76.244000,34.18
1752236482,-0.488000,0.177000,-0.896000,-78.489000,97.145000,76.901000,34.32
1752246523,-0.487000,0.230000,-0.910000,-82.290000,97.527000,78.901000,34.37
1752256660,-0.454000,0.219000,-0.878000,-84.718000,94.412000,80.595000,34.22
1752264363,-0.394000,0.247000,-0.861000,-85.588000,97.374000,80.824000,34.27
1752277004,-0.362000,0.282000,-0.872000,-84.595000,97.679000,80.748000,34.13
1752285053,-0.277000,0.289000,-0.878000,-84.336000,98.779000,80.290000,34.18
1752299526,-0.276000,0.289000,-0.916000,-80.565000,103.069000,79.221000,34.22
1752305381,-0.288000,0.324000,-0.900000,-81.679000,103.389000,80.504000,34.18
1752320902,-0.277000,0.303000,-0.891000,-80.595000,105.313000,82.458000,34.27
1752325995,-0.287000,0.330000,-0.943000,-82.321000,106.000000,83.496000,34.13
1752336624,-0.246000,0.324000,-0.893000,-84.122000,105.908000,84.885000,34.18
1752344860,-0.183000,0.324000,-0.880000,-82.458000,110.763000,84.702000,34.18
1752356541,-0.161000,0.351000,-0.882000,-79.344000,115.038000,83.374000,34.27
1752362999,-0.130000,0.355000,-0.862000,-76.473000,116.824000,82.092000,34.22
1752375253,-0.108000,0.385000,-0.891000,-75.344000,116.260000,81.786000,34.18
1752388062,-0.059000,0.403000,-0.865000,-75.191000,118.092000,80.168000,34.22
1752397966,-0.085000,0.459000,-0.845000,-77.130000,119.435000,79.603000,34.27
1752408640,-0.002000,0.419000,-0.868000,-79.160000,120.916000,79.145000,34.22
1752419867,-0.037000,0.470000,-0.827000,-77.206000,123.924000,79.221000,34.27
1752425849,0.026000,0.477000,-0.823000,-79.328000,121.542000,79.908000,34.22
1752436687,0.090000,0.463000,-0.775000,-76.244000,124.580000,77.389000,34.18
1752445883,0.113000,0.489000,-0.760000,-73.405000,126.611000,74.992000,34.22
1752456278,0.173000,0.470000,-0.756000,-69.053000,126.489000,72.305000,34.27
1752462190,0.202000,0.497000,-0.738000,-66.885000,129.115000,69.649000,34.32
1752474894,0.164000,0.552000,-0.731000,-71.099000,127.771000,70.031000,34.18
1752487155,0.247000,0.513000,-0.768000,-75.221000,125.908000,67.847000,34.37
1752497604,0.328000,0.475000,-0.614000,-68.611000,132.061000,62.183000,34.18
1752507817,0.248000,0.539000,-0.702000,-60.198000,144.962000,60.656000,34.27
1752518697,0.232000,0.572000,-0.703000,-60.916000,144.260000,60.443000,34.32
1752524781,0.262000,0.494000,-0.659000,-56.122000,141.252000,58.641000,34.27
1752538487,0.293000,0.530000,-0.685000,-53.160000,145.313000,59.023000,34.22
1752544735,0.243000,0.584000,-0.704000,-54.718000,144.733000,61.023000,34.27
1752555694,0.305000,0.574000,-0.652000,-52.489000,136.382000,58.901000,34.22
1752560784,0.279000,0.550000,-0.625000,-52.733000,138.916000,59.557000,34.18
1752573843,0.337000,0.558000,-0.585000,-51.328000,130.168000,54.611000,34.22
1752586319,0.377000,0.571000,-0.517000,-50.565000,125.710000,53.908000,34.18
1752596209,0.458000,0.585000,-0.521000,-46.595000,123.053000,49.160000,34.22
1752608096,0.464000,0.588000,-0.509000,-42.351000,118.901000,41.374000,34.27
1752618043,0.458000,0.596000,-0.446000,-41.099000,110.794000,35.710000,34.27
1752625823,0.492000,0.588000,-0.422000,-36.275000,101.130000,28.641000,34.22
1752638320,0.489000,0.664000,-0.380000,-34.504000,93.008000,23.756000,34.27
1752646019,0.544000,0.651000,-0.441000,-34.489000,76.168000,20.763000,34.27
1752655101,0.661000,0.618000,-0.311000,-29.191000,69.084000,18.076000,34.18
1752666867,0.652000,0.604000,-0.351000,-21.496000,61.740000,16.779000,34.22
1752673611,0.727000,0.616000,-0.298000,-16.137000,54.641000,15.679000,34.18
1752686592,0.690000,0.586000,-0.282000,-4.153000,49.710000,12.870000,34.32
1752696949,0.645000,0.610000,-0.366000,-0.702000,36.931000,12.229000,34.18
1752708226,0.633000,0.595000,-0.358000,1.573000,26.702000,11.084000,34.32
1752718060,0.578000,0.616000,-0.352000,0.672000,14.366000,8.855000,34.27
1752726355,0.587000,0.557000,-0.377000,3.420000,4.000000,5.847000,34.22
1752734345,0.614000,0.572000,-0.387000,6.718000,-6.779000,0.824000,34.18
1752745917,0.601000,0.599000,-0.440000,5.893000,-20.687000,-0.122000,34.22
1752756298,0.691000,0.542000,-0.437000,8.672000,-28.504000,-2.611000,34.27
1752763140,0.668000,0.560000,-0.467000,12.840000,-35.557000,-4.412000,34.22
1752779435,0.694000,0.572000,-0.464000,14.702000,-40.733000,-6.840000,34.22
1752789751,0.671000,0.577000,-0.474000,17.298000,-46.229000,-8.534000,34.18
1752797711,0.678000,0.569000,-0.493000,19.069000,-49.939000,-10.550000,34.27
1752808225,0.650000,0.572000,-0.524000,21.252000,-53.832000,-12.382000,34.27
1752818949,0.642000,0.577000,-0.547000,22.580000,-58.718000,-13.695000,34.22
1752826935,0.635000,0.581000,-0.542000,23.710000,-62.901000,-14.290000,34.18
1752835296,0.630000,0.597000,-0.586000,24.840000,-64.977000,-15.924000,34.22
1752846624,0.636000,0.602000,-0.573000,24.000000,-67.527000,-17.389000,34.27
1752856838,0.633000,0.604000,-0.591000,24.580000,-67.084000,-19.679000,34.22
1752862855,0.600000,0.589000,-0.621000,26.855000,-65.420000,-22.916000,34.18
1752879669,0.587000,0.604000,-0.612000,28.427000,-66.397000,-25.863000,34.32
1752892409,0.554000,0.612000,-0.597000,29.481000,-66.626000,-28.458000,34.18
1752897630,0.514000,0.626000,-0.638000,28.611000,-68.473000,-30.794000,34.22
1752908380,0.513000,0.618000,-0.621000,28.412000,-69.969000,-34.550000,34.18
1752919349,0.503000,0.618000,-0.672000,27.328000,-72.244000,-36.885000,34.22
1752925040,0.522000,0.589000,-0.671000,26.656000,-73.313000,-39.298000,34.27
1752939101,0.460000,0.582000,-0.695000,30.275000,-72.244000,-43.298000,34.18
1752944711,0.410000,0.583000,-0.698000,30.519000,-72.947000,-45.344000,34.18
1752955632,0.416000,0.621000,-0.669000,30.794000,-78.031000,-47.542000,34.27
1752962577,0.405000,0.602000,-0.727000,30.244000,-78.382000,-50.198000,34.22
1752974487,0.370000,0.583000,-0.705000,30.382000,-79.786000,-52.489000,34.27
1752987818,0.373000,0.569000,-0.752000,31.191000,-83.267000,-52.977000,34.13
1752997311,0.396000,0.549000,-0.707000,33.206000,-80.000000,-56.473000,34.18
1753007867,0.331000,0.559000,-0.716000,36.229000,-82.260000,-58.611000,34.22
1753019711,0.328000,0.569000,-0.711000,35.985000,-84.519000,-58.947000,34.27
1753024814,0.289000,0.566000,-0.708000,37.756000,-84.550000,-60.718000,34.22
1753036726,0.249000,0.574000,-0.720000,37.160000,-88.580000,-61.115000,34.27
1753046975,0.238000,0.550000,-0.714000,36.840000,-91.847000,-61.878000,34.22
1753055499,0.274000,0.493000,-0.789000,39.115000,-91.603000,-63.802000,34.27
1753062010,0.263000,0.473000,-0.747000,44.901000,-87.130000,-66.489000,34.22
1753074002,0.174000,0.514000,-0.746000,49.527000,-88.779000,-66.321000,34.27
1753087056,0.149000,0.516000,-0.757000,49.710000,-91.817000,-64.992000,34.18
1753096370,0.125000,0.527000,-0.757000,50.366000,-92.198000,-65.557000,34.18
1753107396,0.134000,0.517000,-0.691000,51.145000,-95.832000,-66.824000,34.18
1753117657,0.178000,0.496000,-0.696000,54.305000,-93.985000,-69.496000,34.22
1753123911,0.169000,0.456000,-0.730000,63.282000,-89.298000,-73.832000,34.27
1753140315,0.151000,0.422000,-0.708000,72.061000,-86.153000,-75.771000,34.22
1753150643,0.160000,0.404000,-0.740000,81.618000,-83.282000,-76.840000,34.18
1753155293,0.103000,0.419000,-0.768000,90.290000,-77.053000,-76.824000,34.22
1753166627,-0.033000,0.437000,-0.768000,93.634000,-75.802000,-76.137000,34.18
1753173491,-0.143000,0.477000,-0.756000,89.634000,-91.389000,-69.313000,34.22
1753186812,-0.039000,0.399000,-0.769000,88.519000,-97.206000,-67.985000,34.18
1753196283,-0.072000,0.380000,-0.809000,91.206000,-93.389000,-70.885000,34.22
1753207165,-0.098000,0.313000,-0.846000,95.756000,-92.519000,-72.031000,34.18
1753217641,-0.153000,0.308000,-0.875000,99.023000,-91.344000,-71.511000,34.22
1753223398,-0.193000,0.284000,-0.906000,102.458000,-90.748000,-71.435000,34.32
1753236658,-0.238000,0.305000,-0.899000,98.748000,-94.260000,-68.351000,34.27
1753249812,-0.264000,0.337000,-0.875000,95.359000,-97.176000,-66.031000,34.27
1753253758,-0.260000,0.297000,-0.927000,90.198000,-100.397000,-66.366000,34.18
1753265102,-0.219000,0.244000,-0.859000,90.870000,-97.450000,-70.748000,34.22
1753272383,-0.231000,0.228000,-0.918000,95.573000,-95.573000,-74.229000,34.18
1753287318,-0.337000,0.239000,-0.992000,95.985000,-92.947000,-74.611000,34.32
1753296035,-0.389000,0.232000,-0.929000,89.710000,-98.901000,-71.206000,34.18
1753303127,-0.312000,0.169000,-0.953000,85.634000,-103.053000,-70.656000,34.22
1753316492,-0.310000,0.169000,-0.893000,85.160000,-96.855000,-70.382000,34.27
1753326819,-0.407000,0.158000,-0.853000,86.626000,-100.290000,-69.084000,34.22
1753336399,-0.349000,0.112000,-0.999000,84.137000,-102.595000,-66.687000,34.27
1753348854,-0.398000,0.081000,-0.928000,87.298000,-100.397000,-62.885000,34.27
1753356581,-0.474000,0.093000,-0.969000,88.107000,-101.542000,-61.405000,34.22
1753363306,-0.502000,0.088000,-0.928000,82.122000,-103.893000,-58.656000,34.18
1753376647,-0.512000,0.079000,-0.938000,75.985000,-106.336000,-54.137000,34.22
1753389782,-0.512000,0.049000,-0.933000,75.389000,-103.832000,-54.260000,34.37
1753395777,-0.584000,0.054000,-0.908000,70.992000,-108.443000,-51.267000,34.13
1753406467,-0.539000,0.025000,-0.920000,68.275000,-113.725000,-47.878000,34.18
1753416334,-0.525000,0.013000,-0.897000,66.611000,-114.916000,-46.214000,34.22
1753425671,-0.528000,0.013000,-0.864000,67.481000,-114.000000,-45.695000,34.08
1753436655,-0.564000,0.003000,-0.905000,64.840000,-112.580000,-44.305000,34.13
1753450205,-0.606000,-0.020000,-0.864000,63.267000,-112.794000,-42.840000,34.18
1753454692,-0.655000,-0.010000,-0.856000,60.321000,-110.779000,-42.214000,34.22
1753466107,-0.675000,-0.011000,-0.847000,56.061000,-111.985000,-41.389000,34.18
1753477403,-0.714000,-0.039000,-0.875000,50.565000,-116.351000,-40.519000,34.27
1753489339,-0.698000,-0.036000,-0.779000,43.878000,-118.901000,-39.756000,34.22
1753496462,-0.660000,-0.066000,-0.792000,39.420000,-121.053000,-38.321000,34.27
1753507825,-0.617000,-0.106000,-0.834000,40.137000,-118.809000,-40.412000,34.22
1753519699,-0.648000,-0.102000,-0.736000,43.252000,-112.779000,-40.962000,34.18
1753526696,-0.695000,-0.092000,-0.774000,43.344000,-109.954000,-41.435000,34.13
1753535995,-0.707000,-0.104000,-0.733000,41.725000,-106.397000,-42.763000,34.18
1753547739,-0.725000,-0.119000,-0.675000,39.328000,-106.534000,-41.817000,34.22
1753556643,-0.800000,-0.129000,-0.710000,38.168000,-108.137000,-38.550000,34.27
1753563279,-0.788000,-0.140000,-0.679000,34.382000,-108.031000,-35.420000,34.22
1753576571,-0.714000,-0.189000,-0.635000,35.893000,-106.641000,-34.855000,34.27
1753587145,-0.747000,-0.211000,-0.649000,40.443000,-102.397000,-33.450000,34.22
1753594440,-0.739000,-0.187000,-0.664000,42.794000,-95.985000,-34.916000,34.27
1753610857,-0.771000,-0.135000,-0.596000,41.618000,-95.221000,-35.023000,34.04
1753617988,-0.833000,-0.189000,-0.660000,41.481000,-97.603000,-32.977000,34.08
1753625709,-0.803000,-0.167000,-0.555000,40.901000,-93.008000,-33.618000,34.27
1753637211,-0.843000,-0.145000,-0.577000,40.137000,-92.214000,-34.382000,34.22
1753648766,-0.809000,-0.162000,-0.584000,35.420000,-91.481000,-33.435000,34.18
1753654743,-0.794000,-0.214000,-0.499000,36.595000,-87.740000,-33.618000,34.22
1753666056,-0.771000,-0.258000,-0.542000,42.595000,-84.489000,-36.611000,34.18
1753675323,-0.791000,-0.229000,-0.486000,46.290000,-76.916000,-38.168000,34.13
1753687529,-0.812000,-0.224000,-0.513000,46.137000,-78.183000,-37.405000,34.27
1753696490,-0.818000,-0.240000,-0.509000,44.947000,-76.718000,-37.450000,34.22
1753705042,-0.867000,-0.224000,-0.461000,45.023000,-74.687000,-37.588000,34.18
1753717011,-0.854000,-0.238000,-0.447000,42.870000,-77.221000,-36.702000,34.22
1753723405,-0.797000,-0.309000,-0.460000,44.061000,-72.992000,-36.947000,34.18
1753738055,-0.813000,-0.292000,-0.421000,45.588000,-66.290000,-38.107000,34.22
1753747093,-0.835000,-0.278000,-0.365000,46.504000,-66.366000,-37.069000,34.22
1753752482,-0.821000,-0.295000,-0.408000,43.115000,-67.481000,-35.496000,34.18
1753764130,-0.796000,-0.308000,-0.402000,43.466000,-67.267000,-37.237000,34.18
1753776514,-0.819000,-0.293000,-0.324000,43.847000,-68.214000,-37.786000,34.18
1753787203,-0.834000,-0.304000,-0.382000,41.374000,-69.817000,-35.847000,34.13
1753795631,-0.819000,-0.357000,-0.317000,40.290000,-71.695000,-34.092000,34.18
1753809347,-0.802000,-0.368000,-0.272000,44.183000,-68.046000,-34.626000,34.22
1753817352,-0.855000,-0.342000,-0.363000,44.351000,-62.427000,-32.824000,34.18
1753827749,-0.859000,-0.334000,-0.255000,39.145000,-66.916000,-29.405000,34.22
1753838268,-0.844000,-0.356000,-0.283000,38.672000,-67.573000,-27.023000,34.18
1753849309,-0.831000,-0.368000,-0.253000,41.069000,-68.305000,-28.977000,34.22
1753855296,-0.794000,-0.335000,-0.254000,37.450000,-69.511000,-28.809000,34.18
1753861863,-0.845000,-0.326000,-0.297000,34.061000,-73.435000,-28.443000,34.27
1753875720,-0.832000,-0.365000,-0.247000,33.206000,-75.298000,-44.321000,34.13
1753888878,-0.839000,-0.383000,-0.250000,29.542000,-70.977000,-34.687000,34.18
1753895640,-0.853000,-0.346000,-0.207000,25.557000,-68.489000,-30.824000,34.32
1753906669,-0.868000,-0.373000,-0.229000,21.466000,-68.870000,-26.977000,34.18
1753916659,-0.850000,-0.385000,-0.186000,18.504000,-68.626000,-22.794000,34.13
1753925254,-0.850000,-0.416000,-0.161000,17.969000,-72.260000,-20.382000,34.18
1753937146,-0.812000,-0.422000,-0.127000,17.893000,-75.450000,-21.038000,34.13
1753949164,-0.780000,-0.396000,-0.145000,17.282000,-74.901000,-22.687000,34.18
1753953464,-0.796000,-0.385000,-0.149000,16.641000,-74.809000,-21.710000,34.13
1753965152,-0.773000,-0.380000,-0.101000,15.527000,-71.405000,-20.977000,34.08
1753977091,-0.803000,-0.371000,-0.110000,15.191000,-69.634000,-19.802000,34.13
1753985427,-0.852000,-0.384000,-0.156000,4.229000,-70.168000,-14.061000,34.18
1753996308,-0.835000,-0.387000,-0.138000,8.168000,-66.794000,-14.809000,34.22
1754006770,-0.830000,-0.416000,-0.105000,8.061000,-70.153000,-18.473000,34.13
1754017404,-0.847000,-0.440000,-0.106000,10.275000,-70.534000,-15.695000,34.18
1754026501,-0.830000,-0.416000,-0.074000,12.061000,-72.580000,-15.145000,34.22
1754035172,-0.821000,-0.408000,-0.102000,12.290000,-72.412000,-16.382000,34.18
1754046636,-0.804000,-0.385000,-0.038000,10.489000,-70.107000,-16.870000,34.22
1754056509,-0.799000,-0.408000,-0.029000,10.198000,-69.206000,-16.824000,34.18
1754063122,-0.827000,-0.405000,-0.011000,11.573000,-67.863000,-17.985000,34.22
1754079562,-0.812000,-0.369000,-0.015000,9.237000,-69.786000,-18.656000,34.18
1754088787,-0.811000,-0.409000,-0.007000,7.878000,-72.718000,-17.679000,34.22
1754097193,-0.774000,-0.445000,0.026000,8.092000,-71.908000,-17.908000,34.18
1754108471,-0.782000,-0.422000,0.031000,5.237000,-73.023000,-17.069000,34.13
1754118648,-0.734000,-0.468000,0.013000,5.405000,-68.656000,-14.809000,34.08
1754126431,-0.773000,-0.406000,0.019000,4.076000,-58.412000,-18.168000,34.22
1754138054,-0.765000,-0.440000,-0.011000,2.092000,-48.763000,-21.527000,34.18
1754145204,-0.759000,-0.489000,0.052000,6.809000,-42.656000,-21.023000,34.18
1754156001,-0.743000,-0.456000,0.025000,12.275000,-34.916000,-22.443000,34.13
1754162057,-0.750000,-0.450000,0.048000,13.847000,-25.405000,-23.786000,34.18
1754174254,-0.752000,-0.450000,0.045000,12.076000,-16.046000,-24.870000,34.22
1754188964,-0.720000,-0.491000,0.089000,13.176000,-9.252000,-25.084000,34.18
1754197157,-0.726000,-0.479000,0.097000,15.221000,-6.611000,-24.885000,34.13
1754208544,-0.710000,-0.461000,0.138000,16.702000,0.901000,-24.947000,34.18
1754218051,-0.723000,-0.430000,0.135000,18.656000,7.527000,-25.221000,34.22
1754226659,-0.766000,-0.437000,0.133000,18.168000,12.290000,-24.366000,34.27
1754236236,-0.777000,-0.439000,0.133000,17.740000,15.115000,-22.061000,34.22
1754244858,-0.767000,-0.447000,0.150000,16.992000,17.160000,-19.878000,34.18
1754255768,-0.750000,-0.454000,0.136000,16.489000,22.473000,-18.992000,34.22
1754261863,-0.764000,-0.459000,0.141000,18.229000,25.771000,-16.489000,34.27
1754274138,-0.761000,-0.452000,0.136000,18.809000,28.229000,-14.992000,34.13
1754286647,-0.747000,-0.465000,0.134000,20.107000,27.939000,-13.527000,34.27
1754296698,-0.747000,-0.454000,0.124000,21.481000,27.344000,-11.878000,34.08
1754307566,-0.767000,-0.451000,0.123000,21.328000,25.328000,-9.710000,34.22
1754317873,-0.754000,-0.452000,0.121000,22.107000,22.611000,-7.817000,34.08
1754325640,-0.754000,-0.440000,0.122000,21.985000,21.221000,-6.687000,34.22
1754337779,-0.776000,-0.434000,0.129000,19.481000,17.878000,-4.962000,34.18
1754346410,-0.759000,-0.446000,0.131000,16.641000,14.412000,-2.397000,34.22
1754355867,-0.719000,-0.455000,0.142000,15.618000,13.511000,-1.756000,34.18
1754361905,-0.720000,-0.460000,0.131000,15.313000,14.321000,-1.267000,34.13
1754378878,-0.718000,-0.462000,0.118000,14.321000,12.779000,-1.466000,34.08
1754386856,-0.734000,-0.449000,0.123000,12.198000,10.565000,-1.145000,34.22
1754396155,-0.732000,-0.456000,0.122000,10.061000,6.702000,-0.397000,34.27
1754406874,-0.724000,-0.433000,0.127000,6.977000,4.153000,-0.840000,34.13
1754416799,-0.718000,-0.450000,0.133000,4.305000,1.420000,-0.809000,34.18
1754425809,-0.707000,-0.476000,0.126000,3.313000,0.855000,-1.450000,34.08
1754436425,-0.706000,-0.478000,0.150000,2.336000,0.489000,-1.969000,34.18
1754445216,-0.694000,-0.486000,0.148000,2.031000,0.748000,-2.397000,34.27
1754456721,-0.696000,-0.497000,0.142000,2.092000,1.802000,-2.794000,34.13
1754463522,-0.690000,-0.500000,0.149000,2.122000,2.107000,-3.481000,34.18
1754476419,-0.702000,-0.492000,0.147000,2.916000,2.366000,-3.481000,34.13
1754487299,-0.699000,-0.487000,0.135000,1.573000,2.427000,-4.168000,34.18
1754495949,-0.698000,-0.481000,0.140000,0.595000,1.511000,-4.702000,34.22
1754506467,-0.691000,-0.487000,0.151000,-0.153000,1.756000,-5.053000,34.27
1754519639,-0.697000,-0.485000,0.138000,-0.718000,3.145000,-5.802000,34.22
1754526649,-0.713000,-0.472000,0.162000,-1.099000,3.099000,-5.618000,34.18
1754539834,-0.687000,-0.495000,0.167000,0.076000,4.809000,-6.031000,34.13
1754550835,-0.708000,-0.495000,0.142000,1.053000,6.626000,-6.931000,34.18
1754554391,-0.734000,-0.474000,0.137000,-0.061000,5.176000,-6.855000,34.22
1754565134,-0.730000,-0.458000,0.135000,-1.481000,2.397000,-5.893000,34.18
1754572691,-0.723000,-0.458000,0.131000,-3.176000,2.275000,-5.405000,34.18
1754585826,-0.730000,-0.458000,0.137000,-4.550000,1.710000,-5.756000,34.18
1754596643,-0.734000,-0.445000,0.130000,-5.695000,0.489000,-5.099000,34.08
1754605805,-0.728000,-0.452000,0.132000,-7.053000,-0.321000,-5.374000,34.13
1754616399,-0.726000,-0.460000,0.146000,-7.802000,-0.366000,-4.656000,34.18
1754624386,-0.721000,-0.471000,0.156000,-7.954000,-1.924000,-4.275000,34.13
1754638056,-0.710000,-0.476000,0.146000,-7.008000,-1.298000,-4.153000,34.18
1754648070,-0.725000,-0.473000,0.134000,-7.084000,-1.542000,-3.481000,34.22
1754654131,-0.726000,-0.484000,0.149000,-7.802000,-1.038000,-3.206000,34.08
1754665536,-0.732000,-0.474000,0.130000,-8.519000,-1.206000,-1.985000,34.13
1754677770,-0.727000,-0.473000,0.126000,-9.542000,-0.901000,-1.359000,34.18
1754685732,-0.718000,-0.481000,0.149000,-9.893000,-1.115000,-0.824000,34.13
1754697453,-0.709000,-0.469000,0.151000,-9.985000,0.901000,-0.992000,34.08
1754706208,-0.714000,-0.489000,0.126000,-9.466000,1.786000,0.137000,34.22
1754718572,-0.704000,-0.481000,0.132000,-9.313000,4.061000,0.702000,34.18
1754725480,-0.708000,-0.499000,0.134000,-9.099000,5.344000,1.969000,34.22
1754738493,-0.729000,-0.469000,0.118000,-9.710000,6.718000,2.382000,34.08
1754747066,-0.731000,-0.468000,0.104000,-11.237000,6.824000,2.626000,34.18
1754754582,-0.713000,-0.473000,0.129000,-11.756000,7.740000,3.405000,34.13
1754766795,-0.719000,-0.490000,0.098000,-12.366000,10.702000,4.183000,34.18
1754776977,-0.716000,-0.474000,0.089000,-13.863000,13.267000,4.733000,34.22
1754786898,-0.747000,-0.477000,0.103000,-14.519000,13.405000,7.053000,34.18
1754794634,-0.728000,-0.450000,0.115000,-18.672000,14.321000,8.733000,34.22
1754811287,-0.694000,-0.488000,0.119000,-16.947000,16.412000,11.038000,34.18
1754816826,-0.741000,-0.466000,0.097000,-15.496000,19.145000,12.061000,34.22
1754824602,-0.744000,-0.470000,0.062000,-16.260000,20.336000,11.298000,34.18
1754836569,-0.773000,-0.482000,0.023000,-18.550000,20.580000,11.847000,34.13
1754848523,-0.781000,-0.466000,0.017000,-21.557000,20.122000,13.359000,34.18
1754854642,-0.763000,-0.470000,0.052000,-21.527000,21.130000,16.000000,34.18
1754866834,-0.744000,-0.477000,0.041000,-23.160000,24.168000,16.473000,34.13
1754878687,-0.749000,-0.460000,0.065000,-24.198000,29.145000,18.611000,34.18
1754888715,-0.755000,-0.469000,0.017000,-23.939000,30.733000,19.237000,34.18
1754895127,-0.772000,-0.473000,0.011000,-25.511000,33.939000,19.634000,34.18
1754907531,-0.792000,-0.460000,0.003000,-27.053000,34.840000,19.053000,34.22
1754916735,-0.800000,-0.468000,0.004000,-28.870000,34.748000,20.153000,34.18
1754925068,-0.800000,-0.473000,-0.019000,-33.115000,34.031000,19.298000,34.22
1754935416,-0.813000,-0.478000,-0.042000,-34.427000,35.252000,20.626000,34.18
1754943742,-0.809000,-0.479000,-0.023000,-36.031000,37.267000,21.863000,34.22
1754953699,-0.784000,-0.488000,-0.011000,-37.527000,40.947000,21.542000,34.18
1754970035,-0.752000,-0.529000,-0.036000,-36.168000,43.924000,23.985000,34.27
1754982637,-0.736000,-0.491000,-0.026000,-34.244000,50.580000,21.511000,34.13
1754988892,-0.796000,-0.467000,-0.070000,-33.969000,52.931000,22.412000,34.18
1754998568,-0.820000,-0.467000,-0.104000,-38.595000,51.130000,23.298000,34.13
1755007393,-0.822000,-0.477000,-0.130000,-41.099000,49.802000,21.878000,34.08
1755015323,-0.821000,-0.465000,-0.093000,-41.786000,53.053000,19.710000,34.22
1755025492,-0.800000,-0.500000,-0.124000,-39.206000,57.099000,21.252000,34.18
1755038696,-0.756000,-0.509000,-0.150000,-36.779000,63.069000,20.626000,34.22
1755045992,-0.744000,-0.501000,-0.122000,-30.427000,69.023000,22.473000,34.18
1755052466,-0.776000,-0.432000,-0.161000,-28.626000,74.305000,23.603000,34.22
1755065106,-0.810000,-0.396000,-0.206000,-34.031000,76.260000,21.985000,34.18
1755077385,-0.817000,-0.440000,-0.193000,-34.824000,78.779000,19.481000,34.13
1755087486,-0.814000,-0.469000,-0.210000,-33.237000,82.412000,15.206000,34.13
1755097917,-0.810000,-0.411000,-0.170000,-34.076000,89.786000,12.366000,34.18
1755108104,-0.852000,-0.358000,-0.218000,-42.061000,90.855000,14.046000,34.18
1755114371,-0.854000,-0.395000,-0.203000,-47.786000,89.695000,16.641000,34.18
1755128172,-0.842000,-0.420000,-0.205000,-47.023000,91.618000,18.092000,34.22
1755134431,-0.854000,-0.389000,-0.229000,-48.214000,93.847000,18.763000,34.08
1755144763,-0.870000,-0.341000,-0.237000,-49.863000,91.817000,20.718000,34.32
1755156301,-0.872000,-0.351000,-0.272000,-53.710000,91.023000,20.992000,34.08
1755163324,-0.865000,-0.377000,-0.260000,-54.336000,88.718000,20.962000,34.22
1755176346,-0.876000,-0.366000,-0.231000,-53.481000,89.420000,20.992000,34.18
1755185034,-0.888000,-0.317000,-0.294000,-55.573000,87.084000,23.237000,34.13
1755197361,-0.869000,-0.325000,-0.338000,-59.557000,90.748000,26.244000,34.18
1755206661,-0.871000,-0.374000,-0.344000,-59.206000,91.176000,27.069000,34.18
1755214808,-0.881000,-0.342000,-0.334000,-56.290000,91.191000,29.496000,34.22
1755228916,-0.894000,-0.312000,-0.389000,-60.779000,90.977000,31.221000,34.18
1755239239,-0.876000,-0.350000,-0.419000,-61.802000,91.252000,30.901000,34.13
1755243452,-0.891000,-0.345000,-0.455000,-60.901000,91.298000,30.748000,34.27
1755255123,-0.866000,-0.334000,-0.435000,-62.595000,88.824000,31.206000,34.22
1755261915,-0.844000,-0.300000,-0.490000,-65.618000,90.595000,33.496000,34.18
1755274865,-0.785000,-0.309000,-0.493000,-68.153000,91.618000,36.214000,34.13
1755286342,-0.799000,-0.299000,-0.497000,-66.321000,95.053000,38.687000,34.18
1755295683,-0.814000,-0.276000,-0.524000,-67.985000,94.763000,40.519000,34.13
1755308101,-0.792000,-0.268000,-0.542000,-69.145000,90.412000,40.076000,34.27
1755319058,-0.762000,-0.275000,-0.552000,-70.977000,90.824000,38.962000,34.04
1755328149,-0.771000,-0.226000,-0.600000,-74.656000,90.092000,38.473000,34.18
1755336886,-0.761000,-0.232000,-0.593000,-76.260000,89.450000,35.069000,34.27
1755341404,-0.764000,-0.208000,-0.634000,-81.359000,88.015000,35.359000,34.13
1755353647,-0.747000,-0.232000,-0.650000,-83.969000,91.206000,35.969000,34.27
1755365867,-0.736000,-0.282000,-0.648000,-83.634000,91.023000,37.710000,34.22
1755380045,-0.760000,-0.275000,-0.676000,-82.794000,92.168000,40.275000,34.18
1755386760,-0.740000,-0.249000,-0.659000,-83.374000,92.015000,41.313000,34.13
1755398462,-0.721000,-0.222000,-0.683000,-84.351000,94.687000,42.122000,34.18
1755406329,-0.726000,-0.176000,-0.680000,-84.947000,95.863000,42.687000,34.22
1755416568,-0.737000,-0.140000,-0.690000,-88.763000,95.252000,42.229000,34.27
1755424230,-0.705000,-0.129000,-0.685000,-90.260000,95.725000,41.420000,34.22
1755435266,-0.715000,-0.108000,-0.715000,-92.214000,97.618000,41.618000,34.08
1755446023,-0.732000,-0.135000,-0.700000,-89.802000,97.695000,42.366000,34.22
1755453158,-0.730000,-0.088000,-0.740000,-89.496000,97.359000,43.191000,34.18
1755468209,-0.710000,-0.102000,-0.774000,-89.695000,94.718000,45.115000,34.08
1755477344,-0.671000,-0.071000,-0.734000,-86.122000,92.443000,45.924000,34.27
1755484932,-0.661000,-0.011000,-0.780000,-88.214000,90.931000,48.489000,34.18
1755496222,-0.632000,-0.004000,-0.770000,-88.244000,91.145000,50.519000,34.22
1755507142,-0.599000,0.016000,-0.739000,-87.466000,91.450000,51.282000,34.27
1755515112,-0.623000,0.050000,-0.789000,-87.298000,94.305000,52.214000,34.22
1755526117,-0.592000,0.043000,-0.760000,-86.275000,94.870000,52.733000,34.18
1755536380,-0.573000,0.074000,-0.845000,-87.374000,93.847000,53.863000,34.13
1755547164,-0.569000,0.057000,-0.801000,-84.824000,95.435000,54.763000,34.18
1755556838,-0.584000,0.086000,-0.830000,-84.000000,94.321000,56.397000,34.13
1755563587,-0.584000,0.111000,-0.818000,-85.038000,94.321000,58.061000,34.18
1755575628,-0.557000,0.128000,-0.832000,-85.496000,91.023000,59.206000,34.22
1755585945,-0.535000,0.112000,-0.833000,-86.183000,92.092000,61.496000,34.18
1755595786,-0.538000,0.134000,-0.806000,-84.779000,90.473000,61.832000,34.08
1755608226,-0.496000,0.155000,-0.833000,-83.588000,89.924000,63.038000,34.04
1755616354,-0.466000,0.167000,-0.830000,-80.687000,90.534000,63.969000,34.18
1755626441,-0.437000,0.186000,-0.818000,-80.107000,87.985000,64.427000,34.18
1755633803,-0.407000,0.194000,-0.855000,-79.725000,91.069000,64.672000,34.18
1755644858,-0.421000,0.220000,-0.848000,-77.481000,90.916000,64.534000,34.13
1755656265,-0.421000,0.238000,-0.893000,-78.489000,90.565000,66.137000,34.18
1755663099,-0.399000,0.235000,-0.854000,-79.176000,91.053000,66.168000,34.13
1755676491,-0.391000,0.250000,-0.906000,-78.168000,91.313000,65.985000,34.18
1755685233,-0.370000,0.249000,-0.871000,-79.557000,91.099000,66.229000,34.13
1755696498,-0.331000,0.235000,-0.857000,-76.137000,90.702000,68.076000,34.27
1755710732,-0.304000,0.275000,-0.862000,-73.099000,89.298000,70.458000,34.22
1755718718,-0.263000,0.242000,-0.858000,-71.115000,86.748000,72.626000,34.18
1755726507,-0.234000,0.279000,-0.847000,-65.893000,88.443000,72.916000,34.08
1755735109,-0.237000,0.326000,-0.854000,-64.000000,91.237000,71.908000,34.13
1755746626,-0.245000,0.320000,-0.795000,-64.443000,94.137000,70.840000,34.18
1755755908,-0.226000,0.356000,-0.869000,-65.557000,95.664000,67.878000,34.22
1755762529,-0.224000,0.344000,-0.869000,-65.527000,95.908000,65.557000,34.27
1755774486,-0.201000,0.363000,-0.889000,-64.214000,95.664000,64.702000,34.13
1755788814,-0.185000,0.347000,-0.875000,-63.160000,95.450000,65.145000,34.18
1755796610,-0.173000,0.365000,-0.882000,-60.794000,95.145000,66.290000,34.22
1755806640,-0.114000,0.395000,-0.870000,-59.802000,95.603000,65.313000,34.18
1755815842,-0.091000,0.416000,-0.895000,-59.496000,98.046000,64.168000,34.13
1755825808,-0.099000,0.440000,-0.875000,-60.611000,98.214000,62.641000,34.18
1755837175,-0.057000,0.431000,-0.876000,-60.580000,98.962000,60.580000,34.22
1755844809,-0.067000,0.450000,-0.885000,-60.947000,103.817000,58.000000,34.18
1755856840,-0.031000,0.463000,-0.874000,-60.473000,99.176000,55.252000,34.13
1755862195,0.024000,0.427000,-0.873000,-57.496000,106.901000,51.863000,34.13
1755875639,0.051000,0.469000,-0.854000,-55.496000,108.763000,48.229000,34.18
1755888133,0.048000,0.517000,-0.863000,-57.969000,110.809000,49.679000,34.13
1755893509,0.090000,0.488000,-0.868000,-57.863000,112.580000,48.321000,34.18
1755909223,0.094000,0.476000,-0.827000,-56.107000,114.351000,46.748000,34.13
1755923281,0.121000,0.489000,-0.867000,-56.641000,116.046000,45.939000,34.18
1755927971,0.123000,0.473000,-0.838000,-54.733000,115.389000,44.153000,34.22
1755936214,0.148000,0.502000,-0.800000,-53.282000,117.191000,43.817000,34.27
1755948253,0.147000,0.595000,-0.844000,-56.595000,117.710000,42.092000,34.22
1755957036,0.191000,0.573000,-0.761000,-60.183000,116.260000,41.588000,34.18
1755966785,0.207000,0.598000,-0.774000,-65.053000,116.718000,41.405000,34.13
1755973614,0.277000,0.557000,-0.774000,-62.473000,116.794000,41.313000,34.08
1755985865,0.330000,0.549000,-0.804000,-58.122000,121.908000,42.092000,34.13
1755996672,0.311000,0.529000,-0.760000,-52.183000,123.771000,43.481000,34.18
1756006041,0.292000,0.600000,-0.708000,-49.924000,126.244000,44.305000,34.18
1756017051,0.264000,0.619000,-0.715000,-54.122000,121.481000,45.038000,34.13
1756030507,0.295000,0.622000,-0.697000,-55.313000,118.504000,44.427000,34.18
1756035470,0.319000,0.634000,-0.697000,-60.855000,114.641000,42.122000,34.22
1756046786,0.390000,0.582000,-0.652000,-59.344000,114.641000,38.504000,34.27
1756055543,0.365000,0.610000,-0.614000,-57.237000,113.145000,34.656000,34.13
1756066666,0.377000,0.635000,-0.602000,-57.634000,107.542000,34.382000,34.27
1756073129,0.411000,0.621000,-0.580000,-56.153000,101.237000,33.802000,34.13
1756085475,0.478000,0.630000,-0.542000,-55.878000,97.038000,34.015000,34.18
1756098433,0.540000,0.598000,-0.507000,-51.191000,96.947000,31.405000,34.22
1756106866,0.532000,0.633000,-0.492000,-48.290000,95.359000,29.740000,34.08
1756118391,0.551000,0.610000,-0.498000,-44.290000,94.840000,24.550000,34.22
1756128704,0.522000,0.612000,-0.477000,-38.977000,90.260000,20.137000,34.08
1756137958,0.491000,0.610000,-0.463000,-36.947000,83.618000,17.435000,34.22
1756145564,0.453000,0.583000,-0.428000,-32.595000,73.878000,14.931000,34.18
1756154713,0.490000,0.615000,-0.404000,-30.595000,61.374000,11.695000,34.18
1756167171,0.530000,0.607000,-0.378000,-27.939000,54.137000,7.130000,34.13
1756174165,0.599000,0.595000,-0.331000,-25.389000,47.756000,2.718000,34.18
1756185905,0.662000,0.622000,-0.312000,-19.145000,45.618000,-3.069000,34.22
1756197304,0.661000,0.623000,-0.310000,-13.084000,40.885000,-5.969000,34.18
1756207507,0.675000,0.656000,-0.292000,-8.656000,34.611000,-7.191000,34.22
1756213005,0.652000,0.605000,-0.347000,-2.687000,26.229000,-8.168000,34.08
1756225495,0.640000,0.602000,-0.344000,2.458000,18.031000,-6.885000,34.13
1756237639,0.599000,0.606000,-0.377000,6.351000,8.672000,-5.496000,34.18
1756245930,0.598000,0.622000,-0.405000,8.122000,-1.450000,-5.603000,34.13
1756257422,0.602000,0.646000,-0.405000,10.840000,-8.397000,-7.740000,34.18
1756265876,0.569000,0.684000,-0.412000,10.366000,-19.023000,-7.847000,34.13
1756275742,0.646000,0.667000,-0.404000,12.321000,-27.267000,-9.206000,34.13
1756286911,0.653000,0.672000,-0.428000,15.298000,-32.626000,-10.153000,34.08
1756299950,0.632000,0.676000,-0.448000,17.405000,-39.313000,-10.031000,34.18
1756307932,0.628000,0.685000,-0.443000,19.573000,-45.924000,-9.771000,34.18
1756315434,0.603000,0.681000,-0.473000,20.702000,-52.885000,-9.176000,34.22
1756326544,0.577000,0.688000,-0.459000,20.840000,-58.626000,-8.183000,34.18
1756336792,0.572000,0.698000,-0.468000,20.870000,-64.931000,-8.046000,34.13
1756345172,0.558000,0.690000,-0.511000,20.351000,-69.634000,-7.985000,34.18
1756356722,0.568000,0.672000,-0.498000,20.519000,-74.718000,-7.634000,34.22
1756364908,0.601000,0.659000,-0.503000,21.328000,-77.817000,-8.031000,34.18
1756375891,0.562000,0.671000,-0.531000,23.710000,-77.817000,-8.870000,34.22
1756381887,0.557000,0.653000,-0.540000,24.931000,-80.962000,-8.824000,34.08
1756394043,0.528000,0.651000,-0.535000,28.015000,-81.618000,-9.695000,34.22
1756406646,0.492000,0.658000,-0.537000,28.641000,-84.000000,-10.840000,34.22
1756415040,0.467000,0.663000,-0.600000,28.489000,-87.496000,-11.420000,34.18
1756426209,0.466000,0.644000,-0.613000,27.282000,-89.695000,-13.832000,34.22
1756437878,0.450000,0.612000,-0.607000,29.908000,-92.275000,-16.611000,34.18
1756444812,0.456000,0.609000,-0.624000,32.275000,-93.740000,-17.939000,34.27
1756457005,0.441000,0.598000,-0.650000,35.710000,-94.122000,-19.924000,34.18
1756464950,0.411000,0.589000,-0.670000,38.962000,-94.427000,-21.756000,34.22
1756475426,0.388000,0.604000,-0.639000,40.015000,-95.252000,-23.985000,34.18
1756486534,0.399000,0.610000,-0.701000,38.305000,-99.389000,-25.374000,34.22
1756493431,0.429000,0.581000,-0.682000,39.099000,-97.313000,-29.802000,34.18
1756508064,0.351000,0.588000,-0.695000,40.763000,-97.893000,-32.153000,34.22
1756517083,0.392000,0.543000,-0.713000,42.351000,-100.885000,-33.985000,34.27
1756524806,0.369000,0.534000,-0.708000,49.130000,-96.763000,-37.374000,34.22
1756537494,0.283000,0.553000,-0.752000,50.931000,-99.206000,-36.168000,34.08
1756544089,0.287000,0.561000,-0.713000,50.275000,-100.595000,-36.672000,34.13
1756557168,0.270000,0.540000,-0.794000,48.214000,-103.557000,-38.412000,34.08
1756565511,0.315000,0.483000,-0.771000,47.740000,-102.382000,-42.489000,34.22
1756575927,0.297000,0.485000,-0.744000,52.977000,-95.878000,-47.985000,34.13
1756585723,0.186000,0.516000,-0.785000,56.626000,-96.122000,-51.649000,34.18
1756592579,0.138000,0.507000,-0.807000,54.916000,-100.107000,-52.962000,34.18
1756609796,0.116000,0.501000,-0.744000,55.038000,-103.466000,-55.038000,34.18
1756618315,0.104000,0.514000,-0.841000,53.786000,-106.229000,-57.695000,34.13
1756624338,0.111000,0.458000,-0.844000,50.504000,-109.679000,-58.458000,34.18
1756637299,0.144000,0.409000,-0.805000,53.573000,-104.656000,-62.779000,34.22
1756644708,0.073000,0.449000,-0.767000,59.878000,-102.305000,-64.550000,34.18
1756654404,0.019000,0.476000,-0.834000,59.725000,-105.389000,-63.924000,34.22
1756666076,0.011000,0.457000,-0.776000,60.260000,-106.794000,-64.870000,34.18
1756678005,-0.002000,0.458000,-0.768000,61.802000,-109.939000,-64.885000,34.22
1756684350,-0.011000,0.460000,-0.806000,61.527000,-108.061000,-64.947000,34.18
1756698116,0.014000,0.395000,-0.897000,58.779000,-107.130000,-65.756000,34.13
1756704879,0.012000,0.353000,-0.811000,66.214000,-98.153000,-70.198000,34.18
1756715678,-0.189000,0.437000,-0.879000,67.282000,-100.168000,-67.573000,34.18
1756726835,-0.181000,0.427000,-0.847000,62.840000,-106.427000,-67.389000,34.13
1756740681,-0.166000,0.434000,-0.782000,62.473000,-107.969000,-70.244000,34.08
1756749088,-0.179000,0.447000,-0.804000,60.748000,-111.893000,-69.695000,34.18
1756755611,-0.167000,0.369000,-0.877000,60.137000,-112.351000,-70.595000,34.08
1756768105,-0.102000,0.298000,-0.920000,62.229000,-108.534000,-73.954000,34.13
1756778474,-0.170000,0.305000,-0.857000,71.221000,-99.481000,-74.992000,34.18
1756783186,-0.389000,0.397000,-0.943000,66.779000,-101.481000,-70.275000,34.13
1756794412,-0.401000,0.367000,-0.850000,60.336000,-112.901000,-67.954000,34.18
1756807223,-0.358000,0.344000,-0.870000,57.573000,-115.145000,-68.916000,34.13
1756817592,-0.379000,0.343000,-0.807000,56.412000,-114.153000,-70.183000,34.18
1756828160,-0.376000,0.300000,-0.829000,54.382000,-118.031000,-67.573000,34.13
1756837050,-0.285000,0.203000,-0.866000,58.565000,-112.473000,-70.504000,34.13
1756847539,-0.390000,0.186000,-0.862000,66.580000,-104.153000,-71.374000,34.27
1756855943,-0.544000,0.213000,-0.906000,65.298000,-110.076000,-64.580000,34.13
1756865473,-0.562000,0.203000,-0.876000,60.000000,-115.435000,-61.802000,34.18
1756883728,-0.576000,0.172000,-0.830000,57.817000,-114.931000,-58.687000,34.04
1756887108,-0.542000,0.171000,-0.808000,56.977000,-118.611000,-57.939000,34.18
1756892460,-0.492000,0.122000,-0.804000,57.542000,-115.176000,-59.023000,34.13
1756905300,-0.481000,0.094000,-0.789000,63.710000,-111.191000,-61.985000,34.08
1756917457,-0.570000,0.123000,-0.868000,63.084000,-112.885000,-61.542000,34.04
1756927105,-0.597000,0.137000,-0.816000,58.519000,-112.443000,-62.107000,34.18
1756937400,-0.643000,0.121000,-0.749000,54.733000,-112.046000,-63.969000,34.22
1756948117,-0.657000,0.080000,-0.792000,50.763000,-112.443000,-64.748000,34.18
1756956685,-0.674000,0.044000,-0.739000,51.939000,-110.260000,-65.817000,34.04
1756965211,-0.645000,0.001000,-0.740000,57.069000,-112.015000,-66.840000,34.18
1756976981,-0.667000,0.019000,-0.785000,59.252000,-111.298000,-62.489000,34.18
1756988936,-0.652000,0.037000,-0.722000,59.557000,-114.137000,-59.878000,34.13
1756995207,-0.682000,0.054000,-0.719000,57.053000,-114.641000,-55.924000,34.08
1757002132,-0.689000,0.036000,-0.744000,50.809000,-116.580000,-53.725000,34.13
1757015696,-0.658000,-0.005000,-0.693000,51.466000,-113.649000,-54.718000,34.18
1757026057,-0.690000,-0.034000,-0.711000,54.840000,-105.847000,-58.427000,34.13
1757036613,-0.746000,-0.015000,-0.672000,56.489000,-101.542000,-60.489000,34.18
1757050134,-0.797000,-0.006000,-0.705000,54.076000,-105.008000,-61.420000,34.13
1757057250,-0.820000,0.024000,-0.665000,46.153000,-108.947000,-59.664000,34.18
1757063270,-0.793000,-0.021000,-0.666000,41.053000,-115.344000,-58.824000,34.13
1757077189,-0.759000,-0.064000,-0.689000,36.794000,-117.160000,-58.214000,34.18
1757090166,-0.720000,-0.124000,-0.620000,40.351000,-110.702000,-61.847000,34.13
1757094237,-0.719000,-0.144000,-0.586000,47.298000,-100.275000,-64.687000,34.18
1757104580,-0.797000,-0.110000,-0.589000,52.275000,-92.031000,-65.099000,34.13
1757116900,-0.825000,-0.096000,-0.543000,52.244000,-92.977000,-64.214000,34.08
1757127865,-0.811000,-0.114000,-0.564000,52.626000,-92.626000,-62.916000,34.18
1757135135,-0.796000,-0.117000,-0.499000,53.649000,-93.344000,-63.160000,34.22
1757146946,-0.758000,-0.151000,-0.548000,53.893000,-96.092000,-64.580000,34.18
1757158521,-0.749000,-0.180000,-0.549000,54.763000,-91.130000,-65.191000,34.13
1757166076,-0.811000,-0.199000,-0.465000,57.420000,-87.695000,-66.611000,34.08
1757175486,-0.853000,-0.227000,-0.500000,58.992000,-82.122000,-68.137000,34.13
1757185244,-0.902000,-0.243000,-0.457000,60.122000,-78.641000,-67.725000,34.18
1757196646,-0.915000,-0.256000,-0.462000,59.954000,-79.802000,-65.588000,34.13
1757202419,-0.903000,-0.264000,-0.408000,60.168000,-73.450000,-63.985000,34.08
1757214965,-0.888000,-0.286000,-0.383000,60.290000,-73.863000,-62.992000,34.13
1757226915,-0.844000,-0.323000,-0.406000,61.664000,-69.160000,-63.832000,34.18
1757236819,-0.850000,-0.318000,-0.342000,64.397000,-64.427000,-62.275000,34.13
1757247770,-0.859000,-0.333000,-0.383000,66.000000,-61.023000,-62.947000,34.27
1757261893,-0.914000,-0.327000,-0.341000,65.069000,-56.977000,-60.687000,34.18
1757266740,-0.932000,-0.356000,-0.337000,63.740000,-58.076000,-57.344000,34.08
1757278447,-0.924000,-0.366000,-0.319000,61.603000,-54.580000,-55.664000,34.08
1757287765,-0.951000,-0.355000,-0.280000,61.771000,-56.092000,-52.779000,34.13
1757297107,-0.883000,-0.365000,-0.312000,57.786000,-57.053000,-49.359000,34.18
1757305665,-0.827000,-0.384000,-0.265000,58.611000,-54.458000,-46.443000,34.13
1757312239,-0.833000,-0.370000,-0.250000,60.092000,-50.214000,-44.855000,34.18
1757330469,-0.853000,-0.363000,-0.324000,57.817000,-50.046000,-41.496000,34.22
1757339316,-0.860000,-0.352000,-0.228000,57.405000,-50.198000,-39.588000,34.08
1757344833,-0.871000,-0.343000,-0.290000,54.809000,-51.221000,-37.664000,34.04
1757357866,-0.897000,-0.359000,-0.267000,51.679000,-51.053000,-35.603000,34.08
1757369148,-0.885000,-0.310000,-0.227000,45.893000,-54.947000,-37.389000,34.04
1757375787,-0.901000,-0.373000,-0.232000,43.908000,-58.962000,-39.695000,34.18
1757389754,-0.868000,-0.368000,-0.204000,39.695000,-61.145000,-35.924000,34.18
1757400864,-0.829000,-0.350000,-0.208000,35.588000,-61.084000,-28.183000,34.13
1757404737,-0.834000,-0.374000,-0.199000,33.649000,-63.145000,-24.305000,34.18
1757415349,-0.841000,-0.406000,-0.156000,33.221000,-65.878000,-20.107000,34.18
1757422956,-0.851000,-0.349000,-0.188000,29.908000,-69.496000,-25.542000,34.08
1757435803,-0.836000,-0.388000,-0.135000,30.244000,-70.962000,-17.298000,34.13
1757446013,-0.837000,-0.382000,-0.133000,28.534000,-71.802000,-18.519000,34.18
1757455321,-0.862000,-0.387000,-0.117000,25.756000,-76.061000,-14.962000,34.13
1757466506,-0.839000,-0.392000,-0.125000,22.244000,-76.336000,-9.511000,34.08
1757477560,-0.796000,-0.413000,-0.074000,22.534000,-76.473000,-10.641000,34.04
1757486233,-0.832000,-0.360000,-0.047000,22.229000,-76.244000,-13.084000,34.18
1757496461,-0.827000,-0.473000,0.037000,15.374000,-82.779000,2.626000,34.22
1757507176,-0.797000,-0.451000,-0.048000,7.985000,-85.038000,-15.420000,34.18
1757513719,-0.784000,-0.467000,-0.012000,12.473000,-84.076000,-13.573000,34.13
1757526478,-0.775000,-0.446000,-0.018000,10.473000,-80.672000,-13.115000,34.22
1757533818,-0.793000,-0.421000,-0.003000,6.458000,-79.603000,-12.321000,34.08
1757547959,-0.804000,-0.454000,0.041000,4.107000,-81.282000,-10.550000,34.13
1757558297,-0.783000,-0.465000,0.059000,2.351000,-79.191000,-10.153000,34.18
1757567498,-0.760000,-0.483000,0.071000,1.573000,-75.237000,-11.817000,34.08
1757577116,-0.766000,-0.469000,0.079000,1.527000,-72.626000,-9.191000,34.18
1757585083,-0.736000,-0.504000,0.068000,2.947000,-69.710000,-9.771000,34.13
1757597006,-0.754000,-0.506000,0.076000,5.527000,-64.183000,-9.740000,34.08
1757607996,-0.779000,-0.462000,0.088000,6.244000,-61.328000,-11.618000,34.13
1757613502,-0.785000,-0.496000,0.061000,5.878000,-62.977000,-8.000000,34.18
1757626639,-0.742000,-0.563000,-0.011000,14.107000,-59.115000,-13.771000,34.13
1757634008,-0.720000,-0.511000,0.031000,11.206000,-42.641000,-14.626000,34.08
1757648057,-0.688000,-0.508000,0.007000,11.710000,-32.504000,-18.214000,34.22
1757656086,-0.699000,-0.465000,0.008000,10.534000,-24.183000,-20.947000,34.18
1757669749,-0.707000,-0.478000,0.038000,10.519000,-15.679000,-21.511000,34.08
1757677514,-0.681000,-0.482000,0.058000,12.595000,-8.153000,-22.504000,34.13
1757688026,-0.679000,-0.454000,0.072000,13.511000,0.656000,-23.969000,34.08
1757696012,-0.704000,-0.448000,0.106000,15.756000,9.603000,-24.992000,34.13
1757709108,-0.713000,-0.434000,0.142000,16.305000,16.962000,-24.015000,34.18
1757713108,-0.710000,-0.447000,0.140000,17.878000,24.397000,-23.588000,34.13
1757724392,-0.739000,-0.427000,0.128000,18.168000,31.160000,-22.504000,34.08
1757736761,-0.763000,-0.425000,0.141000,17.176000,32.656000,-19.771000,34.13
1757746575,-0.761000,-0.445000,0.135000,18.092000,36.122000,-17.679000,34.08
1757756715,-0.782000,-0.425000,0.156000,18.153000,37.237000,-16.534000,34.04
1757768561,-0.813000,-0.435000,0.154000,18.718000,33.802000,-13.893000,34.18
1757776706,-0.785000,-0.429000,0.131000,18.290000,32.977000,-11.603000,34.04
1757786915,-0.791000,-0.428000,0.154000,18.427000,32.229000,-11.405000,34.08
1757798908,-0.805000,-0.446000,0.176000,19.191000,27.252000,-7.832000,34.13
1757810974,-0.771000,-0.438000,0.146000,18.000000,23.802000,-5.557000,34.18
1757814715,-0.732000,-0.460000,0.175000,18.153000,22.611000,-3.771000,34.18
1757824261,-0.684000,-0.489000,0.148000,21.328000,25.130000,-3.649000,34.13
1757838323,-0.760000,-0.443000,0.137000,21.115000,24.992000,-3.496000,34.08
1757847443,-0.793000,-0.432000,0.148000,17.908000,16.427000,1.389000,34.13
1757855984,-0.723000,-0.442000,0.118000,13.435000,12.397000,3.252000,34.18
1757866766,-0.715000,-0.457000,0.124000,10.290000,11.527000,3.252000,34.13
1757876787,-0.720000,-0.463000,0.132000,7.542000,10.076000,3.405000,34.08
1757885440,-0.718000,-0.463000,0.136000,5.252000,8.519000,3.008000,34.13
1757897473,-0.729000,-0.446000,0.133000,1.756000,6.107000,3.023000,34.18
1757906572,-0.704000,-0.485000,0.149000,0.015000,4.794000,3.389000,34.04
1757917027,-0.681000,-0.523000,0.134000,1.649000,5.450000,2.336000,34.08
1757926017,-0.693000,-0.517000,0.140000,3.038000,5.298000,1.237000,34.13
1757933360,-0.718000,-0.493000,0.144000,2.366000,3.573000,1.771000,34.18
1757948968,-0.725000,-0.476000,0.154000,0.672000,1.206000,1.908000,34.08
1757958387,-0.714000,-0.467000,0.164000,-2.382000,-0.214000,2.061000,34.04
1757966175,-0.703000,-0.489000,0.166000,-3.435000,-0.641000,2.336000,34.18
1757979811,-0.699000,-0.490000,0.175000,-4.015000,0.366000,1.466000,34.13
1757987868,-0.701000,-0.480000,0.154000,-3.282000,2.061000,-0.046000,34.08
1757997695,-0.709000,-0.491000,0.156000,-3.359000,2.107000,-0.595000,34.13
1758006729,-0.709000,-0.498000,0.131000,-3.771000,3.389000,-0.916000,34.18
1758017638,-0.710000,-0.477000,0.140000,-5.603000,2.794000,-0.641000,34.13
1758022908,-0.716000,-0.455000,0.130000,-8.229000,0.931000,-0.412000,34.18
1758034569,-0.711000,-0.468000,0.151000,-9.771000,-0.702000,-0.473000,34.04
1758049066,-0.702000,-0.470000,0.147000,-9.664000,1.282000,-0.763000,34.18
1758060101,-0.712000,-0.475000,0.157000,-9.863000,3.053000,-1.954000,34.04
1758066226,-0.708000,-0.467000,0.157000,-9.344000,2.992000,-2.122000,34.13
1758081019,-0.739000,-0.462000,0.118000,-9.771000,2.534000,-2.443000,34.08
1758088797,-0.762000,-0.457000,0.110000,-12.580000,-1.603000,-2.290000,33.99
1758095703,-0.755000,-0.431000,0.114000,-16.443000,-3.405000,-1.710000,34.08
1758106413,-0.725000,-0.452000,0.157000,-18.977000,-4.885000,-1.023000,34.13
1758118109,-0.683000,-0.476000,0.171000,-19.420000,-0.382000,-0.718000,34.18
1758123691,-0.688000,-0.497000,0.157000,-16.198000,4.534000,-1.878000,34.13
1758134782,-0.716000,-0.502000,0.165000,-12.321000,6.702000,-0.076000,34.08
1758141894,-0.727000,-0.457000,0.131000,-13.389000,9.389000,-0.458000,34.13
1758155892,-0.779000,-0.464000,0.105000,-15.023000,7.969000,2.336000,34.08
1758166420,-0.785000,-0.444000,0.077000,-18.687000,5.206000,4.000000,34.13
1758175211,-0.765000,-0.480000,0.096000,-20.534000,3.847000,4.687000,34.18
1758188779,-0.733000,-0.490000,0.127000,-18.962000,6.244000,5.725000,34.13
1758193450,-0.718000,-0.465000,0.115000,-17.908000,12.275000,4.397000,34.13
1758205835,-0.743000,-0.475000,0.099000,-18.550000,12.412000,6.198000,34.08
1758220942,-0.729000,-0.450000,0.071000,-21.099000,13.435000,8.504000,34.13
1758225790,-0.721000,-0.469000,0.097000,-20.748000,13.679000,9.206000,34.08
1758235693,-0.757000,-0.445000,0.056000,-23.725000,14.595000,9.710000,34.08
1758242956,-0.791000,-0.423000,0.045000,-29.206000,14.321000,12.824000,34.18
1758255846,-0.793000,-0.428000,0.004000,-36.687000,8.473000,14.260000,34.04
1758266893,-0.791000,-0.492000,0.069000,-40.916000,7.099000,16.901000,34.08
1758276682,-0.764000,-0.476000,0.069000,-45.588000,9.496000,15.527000,34.22
1758289450,-0.764000,-0.486000,0.099000,-48.183000,12.198000,16.687000,34.08
1758294612,-0.735000,-0.510000,0.070000,-48.580000,14.427000,19.221000,34.13
1758305748,-0.735000,-0.469000,0.063000,-47.664000,17.893000,20.855000,34.18
1758318097,-0.768000,-0.443000,0.023000,-48.412000,20.321000,23.267000,34.13
1758325727,-0.818000,-0.449000,0.005000,-48.977000,20.473000,24.076000,34.13
1758335555,-0.816000,-0.463000,-0.009000,-50.489000,18.794000,25.908000,34.08
1758342228,-0.820000,-0.472000,0.017000,-48.031000,25.023000,27.252000,34.13
1758361799,-0.803000,-0.487000,-0.024000,-45.817000,26.794000,30.550000,34.08
1758366790,-0.786000,-0.503000,-0.024000,-42.870000,29.649000,33.664000,34.13
1758373742,-0.783000,-0.458000,-0.026000,-38.260000,32.107000,35.191000,34.08
1758388739,-0.802000,-0.401000,-0.060000,-38.504000,33.237000,36.198000,34.13
1758396626,-0.816000,-0.337000,-0.065000,-43.176000,35.695000,33.908000,34.18
1758407410,-0.820000,-0.375000,-0.050000,-48.931000,32.702000,33.099000,34.13
1758416299,-0.813000,-0.377000,-0.075000,-53.435000,36.916000,34.611000,34.08
1758426143,-0.833000,-0.422000,-0.056000,-54.672000,40.870000,35.618000,34.13
1758434091,-0.817000,-0.477000,-0.039000,-52.076000,43.649000,37.191000,34.08
1758446753,-0.825000,-0.466000,-0.061000,-46.733000,47.053000,39.954000,34.08
1758458886,-0.835000,-0.432000,-0.084000,-43.450000,50.580000,39.435000,34.18
1758468338,-0.855000,-0.417000,-0.073000,-42.076000,49.878000,40.427000,34.08
1758478685,-0.790000,-0.406000,-0.129000,-40.855000,51.756000,39.237000,34.13
1758493598,-0.777000,-0.400000,-0.109000,-38.595000,57.282000,36.763000,34.08
1758498447,-0.799000,-0.370000,-0.088000,-38.107000,62.733000,36.321000,34.22
1758505052,-0.801000,-0.352000,-0.104000,-37.969000,66.901000,33.206000,34.08
1758517046,-0.858000,-0.375000,-0.136000,-38.153000,75.206000,33.160000,34.13
1758526793,-0.842000,-0.412000,-0.132000,-37.252000,79.634000,35.802000,34.08
1758532928,-0.835000,-0.440000,-0.186000,-33.496000,83.130000,38.107000,34.04
1758544565,-0.830000,-0.374000,-0.131000,-29.206000,88.107000,39.084000,34.18
1758562342,-0.855000,-0.323000,-0.199000,-28.931000,92.046000,39.466000,34.13
1758570773,-0.812000,-0.331000,-0.153000,-29.786000,91.771000,36.947000,34.08
1758576152,-0.771000,-0.353000,-0.189000,-24.183000,102.977000,32.855000,34.18
1758584781,-0.831000,-0.306000,-0.195000,-23.420000,110.733000,31.053000,34.22
1758597602,-0.898000,-0.288000,-0.206000,-23.298000,115.664000,31.130000,34.08
1758606212,-0.912000,-0.318000,-0.279000,-25.176000,116.611000,34.137000,34.08
1758614025,-0.885000,-0.375000,-0.283000,-21.084000,119.557000,35.176000,34.08
1758625205,-0.891000,-0.371000,-0.348000,-17.542000,122.580000,34.947000,34.13
1758636074,-0.889000,-0.326000,-0.381000,-15.603000,125.405000,37.603000,34.18
1758642613,-0.912000,-0.296000,-0.367000,-12.687000,124.275000,36.382000,34.13
1758657463,-0.910000,-0.214000,-0.436000,-17.908000,124.122000,36.656000,34.08
1758668959,-0.906000,-0.220000,-0.462000,-23.954000,126.122000,36.244000,34.04
1758674179,-0.918000,-0.221000,-0.462000,-30.977000,123.771000,37.267000,34.08
1758685871,-0.917000,-0.232000,-0.496000,-35.771000,122.168000,38.015000,34.13
1758698788,-0.885000,-0.228000,-0.496000,-39.282000,119.618000,40.672000,34.08
1758704734,-0.870000,-0.217000,-0.510000,-42.473000,113.008000,42.809000,34.08
1758716138,-0.810000,-0.198000,-0.499000,-41.985000,111.160000,44.031000,34.13
1758726356,-0.806000,-0.168000,-0.593000,-45.145000,108.351000,45.847000,34.18
1758734717,-0.794000,-0.172000,-0.545000,-47.969000,106.519000,47.328000,34.04
1758745806,-0.790000,-0.166000,-0.563000,-52.168000,104.702000,48.366000,34.08
1758752315,-0.799000,-0.170000,-0.576000,-54.702000,105.130000,49.573000,34.13
1758768584,-0.845000,-0.156000,-0.623000,-56.153000,102.626000,53.221000,34.18
1758777212,-0.811000,-0.180000,-0.637000,-58.504000,98.916000,56.977000,34.22
1758786136,-0.801000,-0.144000,-0.625000,-56.626000,97.023000,59.435000,34.08
1758799317,-0.780000,-0.139000,-0.667000,-58.046000,94.321000,61.008000,34.13
1758805275,-0.767000,-0.096000,-0.660000,-58.305000,93.863000,63.267000,34.08
1758816053,-0.735000,-0.056000,-0.662000,-59.740000,90.794000,63.679000,34.04
1758827393,-0.732000,-0.044000,-0.743000,-62.962000,91.710000,64.107000,34.08
1758836223,-0.697000,-0.051000,-0.670000,-62.687000,91.115000,64.336000,34.08
1758844338,-0.706000,-0.023000,-0.746000,-63.939000,90.855000,63.863000,34.13
1758859274,-0.700000,-0.060000,-0.751000,-64.702000,90.885000,64.214000,34.18
1758868526,-0.692000,-0.046000,-0.750000,-64.153000,90.534000,64.290000,34.04
1758876883,-0.697000,-0.010000,-0.757000,-66.260000,91.130000,64.427000,34.08
1758882869,-0.683000,-0.008000,-0.775000,-67.710000,90.000000,64.290000,34.13
1758897224,-0.634000,-0.010000,-0.716000,-66.733000,91.649000,62.427000,34.08
1758905683,-0.597000,-0.008000,-0.756000,-65.053000,91.176000,61.206000,34.13
1758917231,-0.583000,0.014000,-0.787000,-63.374000,96.122000,61.573000,34.08
1758928307,-0.601000,-0.002000,-0.797000,-58.916000,98.031000,61.664000,34.13
1758936445,-0.614000,0.014000,-0.823000,-57.878000,100.229000,62.290000,34.18
1758943125,-0.598000,0.065000,-0.786000,-60.000000,102.412000,63.893000,34.18
1758955089,-0.566000,0.046000,-0.800000,-58.947000,104.092000,60.321000,34.04
1758967875,-0.589000,0.070000,-0.819000,-60.656000,103.878000,60.168000,34.08
1758975553,-0.561000,0.101000,-0.855000,-63.145000,104.260000,62.183000,34.18
1758986916,-0.533000,0.043000,-0.832000,-58.229000,104.718000,60.794000,34.18
1758998396,-0.499000,0.076000,-0.841000,-58.702000,106.321000,63.969000,34.04
1759006363,-0.521000,0.064000,-0.848000,-56.183000,109.939000,65.237000,34.08
1759016383,-0.502000,0.108000,-0.807000,-54.992000,108.351000,66.000000,34.04
1759026264,-0.483000,0.140000,-0.859000,-56.992000,108.763000,67.298000,34.08
1759037100,-0.493000,0.151000,-0.797000,-57.237000,109.740000,66.366000,34.22
1759042535,-0.479000,0.183000,-0.853000,-60.489000,107.954000,64.962000,34.08
1759053849,-0.494000,0.207000,-0.844000,-62.565000,108.550000,63.985000,34.13
1759069673,-0.524000,0.231000,-0.823000,-67.298000,104.656000,65.176000,34.13
1759079143,-0.490000,0.213000,-0.823000,-68.901000,98.748000,65.740000,34.18
1759085311,-0.460000,0.226000,-0.821000,-69.206000,95.237000,67.191000,34.04
1759097730,-0.422000,0.249000,-0.789000,-68.336000,90.397000,68.611000,34.08
1759105547,-0.356000,0.279000,-0.844000,-67.527000,87.008000,71.511000,34.13
1759115843,-0.322000,0.288000,-0.837000,-67.786000,85.847000,75.038000,34.08
1759127938,-0.299000,0.309000,-0.823000,-66.519000,86.672000,77.832000,34.13
1759138282,-0.318000,0.388000,-0.849000,-69.557000,86.885000,80.366000,34.08
1759146294,-0.270000,0.343000,-0.897000,-70.779000,84.336000,81.313000,34.04
1759153137,-0.251000,0.297000,-0.963000,-67.786000,90.122000,79.939000,34.08
1759169866,-0.296000,0.322000,-0.909000,-64.504000,88.427000,78.214000,34.13
1759175655,-0.289000,0.375000,-0.930000,-67.786000,84.885000,77.695000,34.08
1759185433,-0.254000,0.408000,-0.945000,-72.824000,83.969000,77.496000,34.18
1759197329,-0.220000,0.419000,-0.932000,-76.901000,80.031000,78.397000,34.08
1759205440,-0.105000,0.414000,-0.926000,-79.282000,79.985000,79.542000,34.18
1759215926,-0.092000,0.440000,-0.935000,-79.053000,81.053000,80.351000,34.13
1759226885,0.026000,0.459000,-0.877000,-81.344000,87.695000,81.053000,34.18
1759236762,0.044000,0.485000,-0.922000,-77.634000,97.053000,77.557000,34.13
1759245966,-0.053000,0.531000,-0.921000,-80.718000,99.756000,77.954000,34.08
1759252914,-0.052000,0.570000,-0.935000,-87.282000,95.359000,78.824000,34.04
1759269967,-0.012000,0.565000,-0.892000,-94.794000,95.695000,79.756000,34.18
1759279240,0.042000,0.576000,-0.844000,-96.809000,93.908000,78.885000,34.13
1759285419,0.225000,0.487000,-0.870000,-95.053000,104.000000,75.893000,34.18
1759298321,0.161000,0.528000,-0.822000,-83.145000,112.641000,74.489000,34.13
1759305666,0.153000,0.545000,-0.898000,-79.008000,109.710000,78.122000,34.04
1759315486,0.172000,0.530000,-0.874000,-76.565000,113.130000,81.511000,34.18
1759326953,0.137000,0.561000,-0.844000,-73.969000,113.038000,82.733000,34.13
1759338818,0.164000,0.551000,-0.874000,-75.786000,116.000000,82.275000,34.18
1759345605,0.127000,0.559000,-0.784000,-77.145000,118.565000,81.008000,34.13
1759352591,0.252000,0.539000,-0.756000,-75.450000,121.832000,77.313000,34.18
1759369961,0.260000,0.531000,-0.743000,-71.237000,130.947000,73.603000,34.22
1759379252,0.248000,0.506000,-0.676000,-64.565000,130.168000,72.916000,34.08
1759386197,0.311000,0.497000,-0.703000,-56.015000,129.893000,72.702000,34.04
1759398938,0.326000,0.521000,-0.646000,-49.282000,129.969000,74.550000,34.18
1759406481,0.332000,0.552000,-0.656000,-43.908000,129.847000,75.115000,34.13
1759416528,0.355000,0.523000,-0.653000,-40.489000,130.901000,72.962000,34.18
1759426503,0.385000,0.521000,-0.592000,-40.519000,133.969000,66.779000,34.08
1759434236,0.403000,0.554000,-0.526000,-36.794000,140.000000,56.214000,34.13
1759445577,0.331000,0.603000,-0.585000,-38.779000,136.687000,50.458000,34.08
1759452043,0.343000,0.569000,-0.518000,-41.191000,133.023000,44.290000,34.04
1759466655,0.333000,0.566000,-0.513000,-42.855000,126.153000,39.313000,34.08
1759477773,0.376000,0.529000,-0.443000,-40.504000,116.641000,33.817000,34.13
1759484040,0.491000,0.541000,-0.481000,-36.336000,109.389000,30.718000,34.18
1759500618,0.592000,0.486000,-0.378000,-27.344000,112.305000,29.328000,34.04
1759511719,0.593000,0.542000,-0.378000,-18.443000,109.603000,26.916000,34.08
1759514233,0.645000,0.594000,-0.357000,-14.824000,105.725000,25.634000,34.22
1759526140,0.624000,0.605000,-0.359000,-12.122000,100.504000,22.351000,33.99
1759536362,0.643000,0.616000,-0.323000,-10.885000,93.374000,17.573000,34.13
1759545118,0.653000,0.632000,-0.329000,-11.038000,85.695000,12.397000,34.18
1759551876,0.666000,0.656000,-0.340000,-12.702000,79.771000,8.153000,34.18
1759568861,0.680000,0.634000,-0.316000,-12.092000,71.511000,2.397000,34.08
1759580431,0.687000,0.621000,-0.334000,-9.664000,59.145000,1.008000,34.08
1759585750,0.764000,0.593000,-0.339000,-2.718000,50.153000,0.641000,34.22
1759596555,0.759000,0.616000,-0.336000,0.901000,41.817000,1.344000,34.08
1759604193,0.709000,0.642000,-0.351000,2.076000,32.122000,5.420000,34.13
1759615603,0.729000,0.656000,-0.353000,2.412000,19.008000,4.992000,34.18
1759625701,0.736000,0.626000,-0.307000,4.122000,11.603000,3.160000,34.13
1759636717,0.695000,0.635000,-0.326000,4.672000,1.679000,-0.076000,34.08
1759644482,0.675000,0.666000,-0.318000,4.534000,-9.634000,-2.824000,34.13
1759654088,0.710000,0.632000,-0.326000,4.504000,-20.473000,-4.901000,34.08
1759668499,0.722000,0.593000,-0.368000,8.046000,-29.084000,-6.580000,34.13
1759677965,0.709000,0.589000,-0.378000,12.290000,-36.794000,-6.931000,34.08
1759686749,0.691000,0.596000,-0.391000,15.023000,-45.374000,-5.939000,34.08
1759694956,0.707000,0.590000,-0.402000,18.351000,-51.664000,-6.580000,34.22
1759706541,0.677000,0.602000,-0.403000,19.802000,-57.344000,-6.992000,34.08
1759716339,0.678000,0.619000,-0.413000,19.679000,-62.565000,-8.198000,34.08
1759726411,0.705000,0.623000,-0.425000,19.527000,-64.718000,-10.565000,34.08
1759736435,0.673000,0.615000,-0.454000,20.718000,-67.374000,-12.626000,34.13
1759746318,0.693000,0.580000,-0.473000,21.817000,-72.687000,-13.588000,34.08
1759754229,0.700000,0.564000,-0.491000,27.008000,-72.992000,-15.160000,34.13
1759770390,0.653000,0.567000,-0.507000,31.588000,-74.885000,-15.847000,34.08
1759779085,0.615000,0.576000,-0.533000,34.305000,-78.412000,-15.908000,34.13
1759788438,0.625000,0.589000,-0.522000,36.061000,-79.954000,-17.817000,34.18
1759794914,0.619000,0.606000,-0.547000,38.015000,-79.954000,-21.939000,34.13
1759809348,0.591000,0.606000,-0.584000,37.863000,-79.313000,-26.443000,34.22
1759818320,0.552000,0.598000,-0.604000,38.183000,-80.656000,-31.527000,34.08
1759826105,0.520000,0.609000,-0.591000,38.229000,-83.496000,-36.122000,34.04
1759835143,0.523000,0.591000,-0.615000,38.137000,-87.466000,-40.153000,34.08
1759846913,0.497000,0.593000,-0.597000,39.023000,-90.076000,-43.832000,34.13
1759854156,0.511000,0.587000,-0.607000,39.939000,-92.107000,-47.084000,34.08
1759865746,0.573000,0.544000,-0.586000,44.779000,-90.748000,-52.168000,34.13
1759875660,0.476000,0.595000,-0.603000,50.153000,-89.359000,-55.557000,34.18
1759887374,0.402000,0.609000,-0.671000,50.992000,-92.427000,-57.588000,34.13
1759897326,0.351000,0.604000,-0.659000,47.267000,-98.244000,-58.870000,34.18
1759906565,0.306000,0.611000,-0.664000,42.641000,-104.779000,-58.824000,34.13
1759918388,0.291000,0.590000,-0.688000,38.336000,-112.824000,-61.099000,34.08
1759923536,0.326000,0.522000,-0.671000,37.649000,-117.893000,-63.725000,34.18
1759938149,0.351000,0.483000,-0.699000,46.611000,-114.870000,-67.847000,34.08
1759946306,0.267000,0.512000,-0.691000,54.916000,-117.099000,-67.771000,34.18
1759953897,0.221000,0.537000,-0.761000,54.855000,-121.695000,-64.534000,34.04
1759964661,0.225000,0.514000,-0.708000,55.786000,-125.847000,-63.344000,34.18
1759977372,0.194000,0.527000,-0.823000,48.412000,-131.939000,-61.786000,34.13
1759990590,0.182000,0.507000,-0.764000,42.992000,-133.924000,-62.824000,34.08
1759996541,0.107000,0.473000,-0.762000,41.786000,-136.107000,-64.641000,34.22
1760004182,0.156000,0.424000,-0.756000,41.588000,-138.260000,-68.382000,34.08
1760018160,0.149000,0.433000,-0.784000,47.435000,-133.359000,-73.099000,34.13
1760026450,0.038000,0.467000,-0.833000,46.656000,-132.046000,-73.679000,34.08
1760034392,-0.023000,0.470000,-0.826000,42.931000,-138.107000,-72.061000,34.13
1760046636,-0.004000,0.419000,-0.854000,39.389000,-142.473000,-72.809000,33.99
1760057587,-0.007000,0.399000,-0.881000,37.557000,-138.061000,-73.374000,34.18
1760062831,-0.034000,0.377000,-0.808000,40.046000,-138.687000,-72.153000,34.04
1760076459,-0.039000,0.438000,-0.797000,40.534000,-141.221000,-70.137000,34.08
1760088582,-0.033000,0.432000,-0.871000,38.351000,-138.931000,-72.198000,34.08
1760098919,-0.111000,0.450000,-0.799000,39.053000,-137.618000,-73.328000,34.18
1760105568,-0.141000,0.455000,-0.801000,38.641000,-137.893000,-74.183000,34.13
1760120151,-0.190000,0.458000,-0.798000,36.824000,-136.031000,-74.794000,34.08
1760125460,-0.221000,0.395000,-0.826000,37.328000,-136.779000,-75.542000,34.13
1760136820,-0.211000,0.346000,-0.840000,37.542000,-136.214000,-74.885000,34.08
1760148263,-0.240000,0.372000,-0.789000,41.023000,-136.656000,-73.481000,34.04
1760157108,-0.239000,0.377000,-0.848000,42.519000,-136.977000,-73.802000,34.18
1760166068,-0.338000,0.394000,-0.842000,43.115000,-133.435000,-73.756000,34.04
1760172606,-0.408000,0.362000,-0.854000,43.603000,-137.817000,-73.893000,34.08
1760191627,-0.452000,0.353000,-0.851000,39.115000,-139.023000,-74.901000,34.18
1760200027,-0.516000,0.420000,-0.801000,28.962000,-140.702000,-72.916000,34.13
1760206361,-0.427000,0.294000,-0.802000,22.504000,-144.275000,-75.069000,34.08
1760219201,-0.337000,0.212000,-0.797000,31.817000,-130.947000,-81.115000,34.13
1760226732,-0.444000,0.249000,-0.788000,42.916000,-127.176000,-86.626000,34.08
1760238980,-0.566000,0.353000,-0.760000,39.099000,-131.557000,-84.580000,34.04
1760256583,-0.526000,0.317000,-0.787000,35.695000,-132.931000,-84.183000,34.08
1760260959,-0.606000,0.250000,-0.777000,32.580000,-128.992000,-84.504000,34.04
1760264698,-0.632000,0.204000,-0.760000,30.702000,-131.588000,-83.496000,34.18
1760275830,-0.565000,0.170000,-0.677000,31.954000,-127.237000,-85.298000,34.04
1760290253,-0.555000,0.166000,-0.661000,37.435000,-118.519000,-88.595000,34.18
1760301353,-0.634000,0.220000,-0.731000,42.611000,-111.511000,-91.328000,34.04
1760307118,-0.756000,0.236000,-0.693000,43.603000,-115.618000,-88.611000,34.08
1760317196,-0.714000,0.209000,-0.647000,40.214000,-120.321000,-88.031000,34.08
1760327986,-0.757000,0.187000,-0.702000,38.076000,-116.458000,-87.481000,34.22
1760336658,-0.798000,0.135000,-0.658000,35.863000,-114.550000,-86.565000,34.08
1760347769,-0.737000,0.017000,-0.688000,38.565000,-111.954000,-89.435000,34.13
1760355570,-0.760000,0.041000,-0.628000,46.962000,-102.153000,-90.504000,34.08
1760364836,-0.811000,0.110000,-0.620000,49.954000,-99.237000,-90.061000,34.04
1760373959,-0.796000,0.106000,-0.609000,49.008000,-99.023000,-91.267000,34.08
1760388942,-0.888000,0.108000,-0.576000,46.137000,-98.168000,-89.496000,34.13
1760397819,-0.890000,0.076000,-0.600000,40.687000,-99.557000,-87.527000,34.08
1760406629,-0.799000,-0.029000,-0.522000,40.076000,-96.595000,-89.435000,34.04
1760417480,-0.756000,-0.111000,-0.564000,47.557000,-86.031000,-93.084000,34.18
1760428346,-0.870000,-0.097000,-0.555000,53.817000,-77.511000,-90.137000,34.13
1760437599,-0.881000,-0.092000,-0.502000,58.626000,-74.794000,-87.542000,34.13
1760449028,-0.872000,-0.080000,-0.487000,60.992000,-74.916000,-85.206000,34.08
1760457052,-0.919000,-0.026000,-0.456000,58.885000,-75.206000,-85.023000,34.18
1760465659,-0.869000,-0.020000,-0.499000,53.603000,-80.794000,-85.511000,34.08
1760471943,-0.795000,-0.113000,-0.496000,54.427000,-77.618000,-85.313000,34.04
1760483833,-0.809000,-0.148000,-0.463000,57.191000,-67.206000,-87.588000,34.18
1760497051,-0.912000,-0.144000,-0.462000,59.634000,-64.947000,-85.313000,34.13
1760507156,-0.912000,-0.177000,-0.453000,60.275000,-67.252000,-81.740000,34.08
1760514686,-0.920000,-0.194000,-0.448000,62.519000,-69.954000,-78.672000,34.13
1760528103,-0.890000,-0.182000,-0.419000,64.382000,-72.534000,-76.260000,34.08
1760532925,-0.835000,-0.176000,-0.414000,67.130000,-70.198000,-76.504000,34.04
1760546729,-0.812000,-0.186000,-0.400000,70.137000,-64.244000,-77.939000,34.08
1760560755,-0.827000,-0.217000,-0.430000,72.687000,-60.458000,-78.397000,34.08
1760565082,-0.885000,-0.227000,-0.413000,72.794000,-55.939000,-76.611000,34.13
1760575093,-0.946000,-0.212000,-0.383000,71.924000,-59.252000,-74.489000,34.18
1760587005,-0.969000,-0.221000,-0.418000,68.260000,-61.893000,-72.382000,34.13
1760596200,-0.952000,-0.269000,-0.362000,65.359000,-63.496000,-69.695000,34.18
1760605536,-0.901000,-0.302000,-0.321000,68.183000,-63.603000,-68.580000,34.13
1760615731,-0.878000,-0.309000,-0.311000,73.496000,-60.031000,-69.115000,34.08
1760626096,-0.884000,-0.271000,-0.249000,76.000000,-59.634000,-68.489000,34.13
1760635928,-0.874000,-0.271000,-0.297000,77.191000,-58.092000,-67.725000,34.08
1760648125,-0.879000,-0.289000,-0.320000,75.176000,-57.496000,-67.115000,34.04
1760658298,-0.912000,-0.308000,-0.268000,72.443000,-55.847000,-64.107000,34.18
1760666291,-0.934000,-0.337000,-0.243000,71.069000,-57.603000,-61.267000,34.04
1760672868,-0.958000,-0.331000,-0.251000,67.298000,-57.939000,-57.053000,34.18
1760686991,-0.963000,-0.334000,-0.254000,64.687000,-60.992000,-71.130000,34.08
1760701327,-0.938000,-0.379000,-0.220000,62.336000,-65.435000,-63.191000,34.04
1760704511,-0.876000,-0.352000,-0.184000,61.191000,-67.405000,-60.824000,34.08
1760719615,-0.861000,-0.334000,-0.197000,60.275000,-68.183000,-49.252000,34.13
1760727567,-0.847000,-0.349000,-0.242000,58.672000,-62.519000,-46.366000,34.08
1760735142,-0.866000,-0.366000,-0.180000,56.504000,-56.305000,-39.878000,34.13
1760746640,-0.896000,-0.381000,-0.184000,53.237000,-55.786000,-37.084000,34.18
1760758519,-0.915000,-0.406000,-0.157000,49.145000,-56.947000,-34.534000,34.04
1760764034,-0.912000,-0.382000,-0.178000,45.802000,-59.969000,-26.885000,34.08
1760777351,-0.853000,-0.472000,-0.112000,49.511000,-61.435000,-21.603000,34.13
1760785538,-0.851000,-0.458000,-0.100000,55.450000,-59.756000,-22.641000,34.08
1760796092,-0.899000,-0.396000,-0.246000,56.092000,-65.359000,-44.580000,34.04
1760806324,-0.844000,-0.421000,-0.104000,47.191000,-64.794000,-22.092000,34.18
1760818717,-0.819000,-0.438000,-0.107000,45.023000,-60.779000,-23.053000,34.08
1760825365,-0.842000,-0.442000,-0.080000,48.229000,-59.374000,-19.725000,34.18
1760837181,-0.820000,-0.418000,-0.101000,45.679000,-53.985000,-18.366000,33.99
1760845681,-0.862000,-0.414000,-0.062000,41.038000,-53.008000,-16.000000,34.13
1760855823,-0.860000,-0.393000,-0.078000,34.550000,-54.137000,-15.084000,34.08
1760861883,-0.810000,-0.449000,-0.061000,28.656000,-52.748000,-13.099000,34.13
1760873883,-0.752000,-0.454000,-0.012000,25.802000,-49.679000,-13.878000,34.08
1760887315,-0.773000,-0.448000,0.030000,26.412000,-48.168000,-14.275000,34.04
1760896848,-0.807000,-0.441000,0.015000,24.702000,-45.817000,-13.298000,34.18
1760908304,-0.775000,-0.437000,0.004000,19.420000,-41.053000,-12.153000,34.04
1760918510,-0.780000,-0.462000,0.045000,17.435000,-40.137000,-10.198000,34.08
1760923947,-0.747000,-0.472000,0.039000,19.832000,-34.733000,-8.962000,34.13
1760937775,-0.758000,-0.445000,0.006000,18.565000,-28.137000,-9.786000,34.18
1760945367,-0.777000,-0.448000,0.028000,19.176000,-28.122000,-8.718000,34.18
1760954568,-0.740000,-0.433000,0.016000,16.656000,-22.351000,-8.229000,34.13
1760966341,-0.743000,-0.462000,0.031000,15.924000,-18.702000,-7.664000,34.08
1760979395,-0.753000,-0.438000,0.014000,14.947000,-16.702000,-7.237000,34.08
1760991008,-0.726000,-0.469000,0.035000,16.260000,-9.802000,-10.076000,34.08
1760997302,-0.753000,-0.466000,0.024000,17.710000,-4.031000,-12.137000,34.04
1761008985,-0.760000,-0.466000,0.004000,18.214000,-1.359000,-13.099000,34.18
1761022066,-0.765000,-0.448000,0.030000,16.061000,4.183000,-11.985000,34.04
1761024669,-0.749000,-0.458000,0.052000,15.084000,4.718000,-11.954000,34.08
1761035410,-0.731000,-0.447000,0.092000,13.405000,6.443000,-10.702000,34.22
1761045978,-0.725000,-0.435000,0.095000,11.985000,4.809000,-10.336000,34.08
1761054874,-0.717000,-0.462000,0.119000,12.641000,9.634000,-9.908000,34.04
1761066330,-0.725000,-0.469000,0.133000,13.878000,14.260000,-9.573000,34.04
1761073377,-0.741000,-0.465000,0.131000,15.176000,15.756000,-9.099000,34.08
1761086675,-0.750000,-0.456000,0.110000,15.282000,16.229000,-7.588000,34.04
1761096407,-0.760000,-0.431000,0.108000,13.847000,15.527000,-6.336000,34.08
1761107476,-0.774000,-0.428000,0.107000,11.069000,13.008000,-4.763000,34.04
1761117477,-0.751000,-0.450000,0.117000,8.321000,9.679000,-3.252000,34.08
1761125895,-0.740000,-0.457000,0.117000,6.992000,9.802000,-2.550000,34.04
1761137441,-0.737000,-0.441000,0.128000,4.244000,9.298000,-2.443000,33.99
1761145306,-0.726000,-0.452000,0.130000,2.473000,7.878000,-1.710000,34.04
1761155580,-0.723000,-0.471000,0.139000,0.641000,7.527000,0.046000,34.18
1761162605,-0.710000,-0.486000,0.141000,2.443000,7.389000,0.321000,34.04
1761178344,-0.708000,-0.486000,0.126000,4.198000,7.618000,-0.275000,33.99
1761190086,-0.726000,-0.455000,0.112000,3.145000,6.275000,-0.305000,34.08
1761195493,-0.748000,-0.444000,0.124000,0.427000,1.420000,0.519000,34.08
1761207681,-0.704000,-0.447000,0.103000,-1.939000,2.489000,1.954000,33.99
1761219479,-0.708000,-0.464000,0.117000,-3.832000,1.802000,1.221000,34.13
1761226369,-0.703000,-0.461000,0.110000,-6.031000,2.122000,1.130000,34.08
1761236156,-0.704000,-0.468000,0.131000,-6.290000,1.756000,1.252000,34.13
1761248381,-0.709000,-0.470000,0.112000,-6.870000,2.382000,0.947000,33.99
1761252928,-0.729000,-0.497000,0.119000,-6.885000,0.702000,0.000000,34.04
1761264692,-0.722000,-0.495000,0.106000,-5.527000,1.649000,-0.107000,34.08
1761277171,-0.733000,-0.481000,0.125000,-5.420000,-0.458000,0.382000,34.04
1761287925,-0.722000,-0.464000,0.106000,-7.130000,-1.588000,0.809000,34.08
1761297164,-0.703000,-0.471000,0.126000,-8.855000,-1.802000,0.504000,34.04
1761305111,-0.707000,-0.474000,0.123000,-9.969000,-0.901000,0.198000,34.18
1761317471,-0.703000,-0.479000,0.130000,-11.603000,-0.992000,0.366000,34.08
1761324299,-0.710000,-0.495000,0.143000,-11.298000,0.107000,0.427000,34.04
1761335497,-0.707000,-0.496000,0.131000,-10.321000,1.298000,-0.427000,34.08
1761347200,-0.720000,-0.470000,0.148000,-10.015000,2.092000,-0.977000,34.18
1761353096,-0.721000,-0.473000,0.120000,-10.412000,1.511000,-0.565000,34.18
1761365369,-0.721000,-0.469000,0.127000,-11.710000,1.389000,-0.611000,34.13
1761379770,-0.730000,-0.462000,0.126000,-12.626000,1.328000,-0.504000,34.08
1761387778,-0.720000,-0.457000,0.119000,-13.527000,0.702000,-0.397000,34.13
1761398286,-0.733000,-0.460000,0.107000,-14.244000,1.511000,-0.382000,34.08
1761408982,-0.750000,-0.454000,0.108000,-16.183000,-0.183000,0.046000,34.13
1761416418,-0.718000,-0.462000,0.137000,-16.046000,-0.595000,0.321000,34.18
1761425975,-0.716000,-0.475000,0.111000,-15.038000,1.374000,-1.344000,34.13
1761436808,-0.737000,-0.469000,0.115000,-15.511000,1.237000,-0.962000,34.08
1761447008,-0.740000,-0.468000,0.129000,-16.229000,-0.473000,-0.031000,34.04
1761453364,-0.729000,-0.466000,0.124000,-16.763000,-0.748000,0.901000,34.04
1761469653,-0.730000,-0.471000,0.125000,-16.397000,-0.366000,1.985000,34.08
1761480383,-0.748000,-0.457000,0.086000,-17.252000,-0.107000,3.069000,34.13
1761487127,-0.713000,-0.474000,0.140000,-16.366000,0.137000,2.718000,34.08
1761497395,-0.712000,-0.464000,0.111000,-15.237000,2.885000,2.550000,34.18
1761506168,-0.742000,-0.472000,0.088000,-15.298000,3.405000,2.412000,33.99
1761516939,-0.758000,-0.463000,0.105000,-15.298000,2.840000,2.809000,34.13
1761525544,-0.743000,-0.463000,0.105000,-14.855000,2.595000,4.504000,34.08
1761535418,-0.728000,-0.462000,0.079000,-16.870000,3.710000,5.359000,34.13
1761543852,-0.731000,-0.455000,0.104000,-18.015000,6.275000,5.725000,34.08
1761554444,-0.748000,-0.456000,0.111000,-18.855000,8.076000,6.595000,34.13
1761567083,-0.741000,-0.482000,0.112000,-18.489000,12.412000,7.679000,34.08
1761575802,-0.711000,-0.477000,0.127000,-16.168000,16.427000,8.763000,34.04
1761585719,-0.735000,-0.455000,0.082000,-15.344000,21.710000,7.679000,34.08
1761596181,-0.790000,-0.440000,0.049000,-17.542000,19.832000,9.298000,34.13
1761609652,-0.783000,-0.452000,0.051000,-18.427000,17.573000,11.344000,34.04
1761617180,-0.772000,-0.458000,0.047000,-20.214000,19.511000,11.084000,34.08
1761628533,-0.797000,-0.443000,0.045000,-21.206000,20.580000,12.672000,34.13
1761637930,-0.776000,-0.446000,0.048000,-22.916000,24.382000,13.252000,34.08
1761642974,-0.771000,-0.473000,0.029000,-24.504000,30.122000,14.977000,34.08
1761654560,-0.781000,-0.479000,0.041000,-21.435000,34.504000,17.359000,34.08
1761666724,-0.792000,-0.454000,0.036000,-21.542000,38.565000,18.580000,34.13
1761676327,-0.804000,-0.426000,0.035000,-22.702000,40.458000,19.435000,34.08
1761685996,-0.797000,-0.437000,-0.021000,-26.000000,41.115000,20.244000,34.04
1761691589,-0.797000,-0.448000,-0.006000,-26.962000,43.481000,20.321000,34.08
1761708658,-0.814000,-0.442000,-0.024000,-26.107000,47.756000,21.435000,34.04
1761718622,-0.823000,-0.427000,-0.010000,-27.206000,49.542000,22.229000,34.08
1761729678,-0.821000,-0.448000,-0.053000,-27.878000,51.969000,25.924000,34.04
1761740091,-0.830000,-0.475000,-0.043000,-24.763000,54.565000,27.649000,34.08
1761746372,-0.823000,-0.438000,-0.076000,-23.695000,58.916000,27.328000,34.08
1761753123,-0.840000,-0.416000,-0.086000,-24.916000,60.031000,27.435000,34.13
1761766752,-0.826000,-0.392000,-0.122000,-28.733000,58.718000,27.389000,34.08
1761779335,-0.811000,-0.413000,-0.080000,-31.893000,59.679000,27.573000,34.04
1761785175,-0.803000,-0.418000,-0.082000,-32.412000,61.252000,27.176000,34.08
1761796335,-0.807000,-0.401000,-0.083000,-32.153000,61.435000,28.031000,34.08
1761807583,-0.807000,-0.403000,-0.116000,-32.198000,62.290000,29.038000,33.99
1761816053,-0.800000,-0.407000,-0.125000,-32.580000,62.305000,28.794000,34.04
1761827826,-0.812000,-0.411000,-0.132000,-31.481000,63.588000,28.611000,34.08
1761837926,-0.819000,-0.402000,-0.168000,-31.038000,64.763000,28.550000,34.04
1761845507,-0.830000,-0.397000,-0.162000,-32.382000,69.954000,28.748000,34.08
1761850798,-0.836000,-0.373000,-0.154000,-34.031000,71.435000,29.237000,34.13
1761865421,-0.836000,-0.372000,-0.180000,-35.740000,73.160000,29.939000,34.18
1761877314,-0.816000,-0.382000,-0.165000,-35.435000,73.389000,30.366000,34.13
1761883656,-0.818000,-0.365000,-0.199000,-33.298000,76.275000,30.580000,34.08
1761899023,-0.859000,-0.348000,-0.255000,-35.939000,77.023000,32.137000,34.04
1761907084,-0.824000,-0.378000,-0.265000,-36.427000,74.015000,31.847000,34.04
1761915122,-0.844000,-0.377000,-0.291000,-35.527000,78.046000,33.344000,34.18
1761926023,-0.879000,-0.358000,-0.302000,-36.290000,80.580000,35.084000,34.04
1761937246,-0.843000,-0.342000,-0.295000,-37.282000,83.664000,33.756000,34.08
1761944133,-0.855000,-0.293000,-0.318000,-39.832000,86.565000,33.786000,34.08
1761955622,-0.861000,-0.288000,-0.349000,-40.504000,88.305000,33.634000,34.08
1761969575,-0.844000,-0.355000,-0.341000,-37.954000,88.809000,33.252000,34.04
1761977600,-0.836000,-0.286000,-0.434000,-38.137000,91.313000,34.656000,33.99
1761988368,-0.841000,-0.337000,-0.435000,-38.534000,94.763000,33.649000,34.04
1761999356,-0.869000,-0.321000,-0.432000,-33.435000,100.290000,31.145000,34.18
1762005481,-0.876000,-0.267000,-0.494000,-36.107000,102.779000,29.893000,34.13
1762017047,-0.882000,-0.241000,-0.498000,-39.481000,103.466000,27.679000,34.08
1762027213,-0.859000,-0.252000,-0.476000,-43.267000,101.374000,26.580000,34.13
1762036211,-0.820000,-0.254000,-0.470000,-43.710000,100.046000,26.901000,33.99
1762041783,-0.786000,-0.266000,-0.484000,-44.992000,100.168000,27.740000,34.04
1762054483,-0.784000,-0.260000,-0.486000,-43.878000,98.061000,28.351000,34.08
1762066740,-0.775000,-0.237000,-0.517000,-46.397000,95.710000,27.649000,34.08
1762076421,-0.793000,-0.215000,-0.519000,-49.069000,91.298000,27.740000,34.04
1762087625,-0.796000,-0.227000,-0.541000,-54.244000,90.718000,28.336000,34.08
1762097779,-0.759000,-0.258000,-0.511000,-54.473000,91.069000,29.099000,34.08
1762104448,-0.745000,-0.234000,-0.547000,-55.176000,91.176000,30.580000,34.08
1762119740,-0.735000,-0.222000,-0.542000,-55.344000,90.427000,30.824000,34.13
1762125719,-0.717000,-0.212000,-0.574000,-56.489000,88.214000,30.656000,33.99
1762134368,-0.730000,-0.204000,-0.615000,-57.847000,89.313000,30.412000,34.04
1762145873,-0.734000,-0.214000,-0.603000,-57.328000,86.962000,29.313000,34.08
1762158282,-0.738000,-0.184000,-0.637000,-57.618000,86.824000,27.969000,34.13
1762166828,-0.745000,-0.165000,-0.633000,-59.557000,86.550000,28.595000,34.08
1762176715,-0.698000,-0.172000,-0.646000,-61.573000,85.573000,29.389000,34.13
1762186587,-0.674000,-0.170000,-0.647000,-61.618000,86.626000,31.435000,34.08
1762196854,-0.670000,-0.133000,-0.660000,-61.420000,86.962000,33.313000,34.04
1762202649,-0.661000,-0.152000,-0.693000,-63.344000,86.794000,34.015000,34.13
1762218782,-0.688000,-0.155000,-0.669000,-61.008000,89.160000,34.168000,34.08
1762229118,-0.696000,-0.105000,-0.679000,-62.565000,86.275000,33.817000,34.13
1762233526,-0.681000,-0.104000,-0.695000,-65.313000,84.137000,33.328000,34.08
1762244642,-0.657000,-0.097000,-0.694000,-66.611000,83.069000,33.863000,34.08
1762257203,-0.648000,-0.087000,-0.729000,-68.489000,82.962000,34.763000,34.08
1762268372,-0.643000,-0.064000,-0.692000,-69.771000,82.092000,36.580000,34.04
1762275245,-0.642000,-0.072000,-0.744000,-70.397000,80.443000,37.969000,33.99
1762292180,-0.643000,-0.014000,-0.766000,-71.542000,80.534000,39.847000,34.13
1762299083,-0.629000,-0.044000,-0.744000,-70.076000,78.840000,39.603000,34.08
1762306130,-0.623000,-0.016000,-0.775000,-70.214000,78.412000,39.496000,34.13
1762317562,-0.619000,0.016000,-0.773000,-70.992000,77.420000,39.573000,34.08
1762329076,-0.615000,0.042000,-0.811000,-73.908000,74.519000,39.252000,34.13
1762336888,-0.592000,0.027000,-0.811000,-75.634000,72.733000,39.405000,34.08
1762343724,-0.583000,0.042000,-0.797000,-76.366000,72.809000,40.198000,34.04
1762356589,-0.577000,0.045000,-0.831000,-77.176000,72.641000,41.527000,34.08
1762373712,-0.543000,0.018000,-0.806000,-75.924000,71.725000,42.733000,34.08
1762376045,-0.529000,0.047000,-0.814000,-73.786000,70.870000,44.504000,34.13
1762386848,-0.507000,0.075000,-0.803000,-72.656000,71.435000,45.679000,34.18
1762397227,-0.491000,0.094000,-0.838000,-72.580000,72.015000,45.450000,34.18
1762406202,-0.479000,0.112000,-0.822000,-72.489000,72.260000,44.870000,34.18
1762414485,-0.504000,0.149000,-0.844000,-73.557000,71.740000,45.145000,34.04
1762425072,-0.497000,0.138000,-0.861000,-74.489000,69.405000,46.015000,34.08
1762436527,-0.495000,0.148000,-0.857000,-75.405000,70.855000,46.656000,34.04
1762443217,-0.491000,0.184000,-0.880000,-76.000000,68.580000,50.015000,34.08
1762455210,-0.435000,0.134000,-0.875000,-72.198000,69.252000,51.511000,34.04
1762469756,-0.464000,0.187000,-0.880000,-71.405000,68.015000,54.550000,33.99
1762478155,-0.427000,0.210000,-0.867000,-69.298000,67.130000,56.092000,34.13
1762488302,-0.417000,0.252000,-0.960000,-69.130000,72.061000,53.573000,33.99
1762497239,-0.458000,0.237000,-0.849000,-73.328000,68.504000,56.992000,34.04
1762505227,-0.410000,0.273000,-0.847000,-74.473000,67.115000,57.435000,34.13
1762516798,-0.406000,0.276000,-0.864000,-76.031000,66.275000,58.672000,34.08
1762525629,-0.359000,0.249000,-0.859000,-73.527000,64.718000,60.489000,34.04
1762536765,-0.339000,0.251000,-0.877000,-68.855000,64.611000,62.427000,34.08
1762542920,-0.356000,0.286000,-0.864000,-66.122000,61.405000,67.084000,34.08
1762554617,-0.318000,0.307000,-0.858000,-62.779000,59.328000,71.603000,33.99
1762569819,-0.277000,0.329000,-0.889000,-60.382000,62.015000,72.519000,34.13
1762576471,-0.256000,0.370000,-0.842000,-59.924000,64.229000,71.679000,33.99
1762586885,-0.219000,0.399000,-0.820000,-59.405000,63.847000,63.328000,34.13
1762600717,-0.285000,0.464000,-0.829000,-65.695000,73.267000,65.298000,34.08
1762605592,-0.243000,0.440000,-0.837000,-66.550000,72.290000,61.542000,34.13
1762617899,-0.240000,0.399000,-0.837000,-63.435000,72.244000,61.237000,34.08
1762625409,-0.198000,0.431000,-0.896000,-59.450000,68.534000,63.603000,34.13
1762637578,-0.181000,0.440000,-0.835000,-56.718000,69.954000,67.466000,34.08
1762642695,-0.156000,0.498000,-0.875000,-52.962000,72.061000,67.817000,34.08
1762654088,-0.101000,0.522000,-0.821000,-54.443000,74.656000,67.267000,34.04
1762666946,-0.081000,0.554000,-0.860000,-53.069000,81.557000,63.908000,34.08
1762678313,-0.103000,0.582000,-0.874000,-56.550000,84.656000,61.847000,34.04
1762687561,-0.085000,0.539000,-0.890000,-56.931000,85.359000,58.611000,34.08
1762694643,-0.098000,0.533000,-0.920000,-55.115000,90.473000,57.450000,34.04
1762707645,-0.097000,0.493000,-0.913000,-53.817000,90.885000,61.130000,34.08
1762717872,-0.073000,0.487000,-0.886000,-49.008000,90.718000,64.244000,34.13
1762727881,-0.050000,0.521000,-0.936000,-51.511000,91.664000,66.595000,34.08
1762735016,0.012000,0.513000,-0.853000,-49.008000,95.725000,64.137000,34.22
1762747112,0.042000,0.566000,-0.920000,-49.008000,102.198000,60.397000,34.08
1762753705,0.091000,0.573000,-0.918000,-49.298000,114.275000,52.809000,34.04
1762766402,-0.017000,0.596000,-0.910000,-50.198000,119.740000,48.702000,33.99
1762779156,-0.021000,0.567000,-0.866000,-58.992000,117.237000,52.076000,34.04
1762784790,0.027000,0.539000,-0.861000,-59.511000,117.374000,54.504000,34.04
1762796695,0.061000,0.525000,-0.842000,-58.595000,114.656000,57.435000,34.08
1762808287,0.253000,0.511000,-0.802000,-49.603000,118.275000,56.473000,34.04
1762816380,0.273000,0.576000,-0.826000,-43.924000,129.023000,55.298000,34.08
1762828286,0.241000,0.619000,-0.784000,-40.901000,134.321000,54.748000,34.13
1762841004,0.219000,0.646000,-0.846000,-43.786000,136.626000,52.092000,34.08
1762846553,0.168000,0.700000,-0.800000,-51.191000,134.504000,49.771000,34.13
1762853117,0.174000,0.673000,-0.786000,-58.397000,130.748000,46.718000,34.08
1762869392,0.174000,0.667000,-0.777000,-62.947000,130.260000,44.901000,34.13
1762882099,0.258000,0.558000,-0.758000,-63.008000,128.550000,44.229000,34.08
1762887766,0.372000,0.507000,-0.698000,-53.710000,132.809000,42.504000,34.04
1762898133,0.337000,0.610000,-0.690000,-47.740000,134.733000,45.084000,34.08
1762909361,0.423000,0.616000,-0.665000,-46.901000,135.863000,45.435000,33.99
1762915294,0.385000,0.649000,-0.681000,-46.840000,139.130000,45.695000,34.08
1762926882,0.360000,0.641000,-0.646000,-51.023000,135.893000,44.489000,33.99
1762935680,0.343000,0.625000,-0.645000,-56.015000,133.679000,41.221000,34.04
1762948166,0.304000,0.584000,-0.586000,-58.611000,132.916000,37.084000,33.99
1762952989,0.320000,0.563000,-0.627000,-61.359000,130.153000,34.809000,33.94
1762964765,0.449000,0.456000,-0.545000,-56.718000,128.000000,28.840000,33.99
1762980708,0.414000,0.478000,-0.537000,-47.252000,125.160000,25.511000,34.13
1762991133,0.505000,0.522000,-0.525000,-44.626000,119.954000,26.962000,34.08
1762996352,0.532000,0.545000,-0.479000,-40.443000,118.702000,28.122000,34.04
1763005917,0.557000,0.570000,-0.475000,-39.374000,114.763000,30.443000,34.08
1763017740,0.531000,0.591000,-0.445000,-39.435000,112.031000,31.252000,34.04
1763028394,0.543000,0.571000,-0.411000,-40.427000,106.076000,29.786000,34.08
1763036910,0.576000,0.564000,-0.378000,-36.931000,103.267000,25.374000,34.04
1763047135,0.554000,0.600000,-0.361000,-35.160000,96.473000,22.382000,34.13
1763052637,0.627000,0.573000,-0.318000,-30.794000,93.053000,18.092000,34.18
1763064351,0.637000,0.603000,-0.290000,-24.962000,88.870000,14.504000,33.99
1763080541,0.646000,0.646000,-0.271000,-23.832000,78.015000,13.237000,33.99
1763087084,0.687000,0.629000,-0.250000,-22.000000,68.275000,12.122000,34.13
1763096322,0.694000,0.665000,-0.214000,-17.786000,59.939000,12.519000,34.08
1763104841,0.690000,0.710000,-0.200000,-17.878000,48.366000,13.725000,34.04
1763117012,0.730000,0.700000,-0.171000,-17.008000,36.092000,14.779000,33.99
1763127814,0.740000,0.703000,-0.177000,-13.939000,26.092000,15.130000,34.04
1763136686,0.754000,0.678000,-0.143000,-9.924000,14.580000,13.924000,34.08
1763146142,0.760000,0.690000,-0.189000,-4.840000,4.626000,14.687000,34.04
1763153169,0.738000,0.685000,-0.219000,-1.160000,-6.015000,14.748000,34.08
1763166595,0.721000,0.686000,-0.250000,-0.427000,-18.076000,14.382000,34.04
1763178865,0.720000,0.659000,-0.240000,2.183000,-26.901000,12.061000,34.13
1763189212,0.682000,0.666000,-0.273000,4.092000,-36.031000,8.779000,34.08
1763196712,0.657000,0.660000,-0.286000,5.450000,-46.840000,7.420000,34.13
1763208074,0.698000,0.638000,-0.288000,6.947000,-57.817000,6.427000,34.08
1763215892,0.705000,0.638000,-0.313000,9.832000,-65.542000,5.802000,34.08
1763225465,0.750000,0.615000,-0.322000,13.008000,-73.237000,5.832000,34.08
1763237298,0.769000,0.617000,-0.329000,16.015000,-76.351000,4.901000,34.13
1763245260,0.754000,0.613000,-0.334000,19.344000,-79.573000,4.275000,34.08
1763254472,0.746000,0.599000,-0.366000,22.718000,-82.260000,3.069000,34.04
1763269511,0.734000,0.568000,-0.374000,27.160000,-83.359000,0.290000,34.08
1763277961,0.709000,0.579000,-0.367000,32.519000,-85.481000,-2.427000,34.04
1763287332,0.671000,0.622000,-0.400000,34.748000,-88.809000,-3.863000,34.08
1763294051,0.705000,0.603000,-0.405000,36.244000,-93.450000,-7.740000,34.04
1763304906,0.672000,0.597000,-0.470000,40.000000,-92.611000,-12.473000,34.08
1763317219,0.631000,0.572000,-0.493000,42.321000,-94.656000,-16.397000,34.08
1763325709,0.603000,0.551000,-0.508000,45.740000,-96.672000,-20.153000,34.04
1763336011,0.544000,0.559000,-0.499000,49.878000,-99.328000,-23.389000,34.08
1763344533,0.561000,0.552000,-0.519000,50.947000,-105.756000,-25.344000,34.04
1763354278,0.588000,0.543000,-0.495000,54.183000,-106.122000,-28.702000,34.08
1763367076,0.590000,0.586000,-0.556000,56.962000,-110.305000,-33.008000,33.94
1763377189,0.627000,0.540000,-0.620000,57.954000,-111.511000,-37.282000,33.99
1763386057,0.604000,0.519000,-0.613000,64.351000,-106.336000,-42.458000,34.13
1763396716,0.503000,0.542000,-0.645000,66.260000,-106.824000,-44.519000,34.08
1763405760,0.460000,0.522000,-0.682000,66.015000,-108.840000,-45.817000,34.13
1763416585,0.445000,0.531000,-0.684000,64.885000,-108.977000,-48.656000,34.18
1763426047,0.426000,0.534000,-0.687000,63.786000,-108.687000,-52.901000,34.13
1763441685,0.387000,0.544000,-0.733000,61.679000,-112.916000,-55.786000,34.08
1763446327,0.446000,0.500000,-0.728000,59.267000,-116.031000,-56.672000,34.08
1763452554,0.444000,0.462000,-0.766000,64.122000,-111.557000,-60.733000,34.13
1763464667,0.408000,0.455000,-0.729000,67.664000,-109.786000,-62.153000,34.08
1763477922,0.380000,0.465000,-0.742000,71.634000,-107.130000,-64.305000,34.04
1763483784,0.344000,0.486000,-0.739000,73.359000,-105.908000,-67.664000,34.08
1763497911,0.272000,0.502000,-0.762000,73.160000,-106.061000,-71.511000,34.04
1763508920,0.225000,0.492000,-0.792000,69.756000,-110.336000,-72.565000,34.08
1763514433,0.242000,0.418000,-0.912000,64.901000,-111.618000,-72.840000,34.04
1763528281,0.206000,0.372000,-0.837000,66.092000,-110.260000,-69.954000,33.99
1763540516,0.156000,0.372000,-0.870000,71.466000,-110.336000,-67.359000,34.04
1763545044,0.150000,0.415000,-0.850000,72.809000,-108.763000,-65.084000,34.08
1763556553,0.157000,0.443000,-0.841000,73.924000,-107.511000,-67.389000,34.04
1763563443,0.108000,0.493000,-0.848000,73.679000,-105.817000,-71.038000,34.04
1763576269,0.041000,0.506000,-0.840000,69.679000,-109.389000,-74.718000,33.99
1763586403,0.022000,0.460000,-0.925000,62.489000,-115.573000,-77.740000,33.99
1763597589,0.035000,0.375000,-0.898000,61.878000,-114.076000,-80.901000,33.99
1763607523,-0.083000,0.385000,-0.879000,62.382000,-116.840000,-80.076000,34.04
1763613462,-0.091000,0.413000,-0.869000,59.191000,-125.160000,-75.450000,34.08
1763629328,-0.088000,0.407000,-0.876000,57.252000,-126.641000,-73.847000,34.13
1763639399,-0.118000,0.425000,-0.825000,55.038000,-130.275000,-72.489000,34.08
1763643569,-0.115000,0.428000,-0.835000,51.008000,-134.305000,-71.282000,34.13
1763654863,-0.083000,0.364000,-0.897000,50.641000,-130.885000,-73.069000,34.08
1763667089,-0.181000,0.343000,-0.910000,50.870000,-128.427000,-74.168000,34.13
1763676725,-0.317000,0.340000,-0.981000,48.595000,-132.168000,-69.511000,33.99
1763687051,-0.312000,0.311000,-0.916000,43.771000,-138.641000,-66.687000,34.04
1763697048,-0.337000,0.328000,-0.895000,40.672000,-142.198000,-63.511000,34.04
1763709445,-0.289000,0.294000,-0.904000,37.802000,-142.947000,-63.008000,33.99
1763716180,-0.302000,0.322000,-0.884000,37.924000,-140.336000,-67.817000,34.04
1763728647,-0.260000,0.298000,-0.875000,37.496000,-137.939000,-72.489000,34.08
1763737764,-0.326000,0.264000,-0.969000,39.344000,-131.008000,-75.878000,34.08
1763746121,-0.460000,0.262000,-0.917000,35.420000,-133.145000,-74.916000,33.99
1763752782,-0.463000,0.229000,-0.832000,33.695000,-136.794000,-74.275000,34.13
1763766117,-0.463000,0.221000,-0.820000,32.977000,-138.046000,-72.061000,33.99
1763778298,-0.476000,0.183000,-0.841000,33.802000,-135.954000,-70.977000,34.04
1763784069,-0.401000,0.134000,-0.872000,34.458000,-137.908000,-70.565000,34.08
1763795639,-0.414000,0.130000,-0.790000,44.275000,-125.725000,-74.504000,34.04
1763807839,-0.568000,0.165000,-0.857000,45.588000,-122.321000,-74.229000,34.08
1763815463,-0.643000,0.169000,-0.807000,42.336000,-121.725000,-73.832000,34.04
1763826885,-0.684000,0.123000,-0.775000,38.260000,-123.802000,-72.260000,33.94
1763836813,-0.635000,0.063000,-0.792000,37.802000,-123.282000,-71.145000,34.08
1763844422,-0.605000,0.022000,-0.751000,40.901000,-119.649000,-70.885000,34.04
1763855805,-0.575000,-0.003000,-0.766000,45.908000,-115.832000,-72.748000,34.08
1763864714,-0.601000,0.029000,-0.727000,53.924000,-104.733000,-75.969000,34.04
1763876799,-0.702000,0.067000,-0.789000,53.893000,-101.634000,-75.634000,34.08
1763886648,-0.738000,0.077000,-0.717000,47.511000,-104.061000,-75.053000,34.04
1763900535,-0.741000,0.028000,-0.748000,46.656000,-99.084000,-76.901000,34.08
1763906085,-0.769000,-0.030000,-0.740000,46.504000,-94.183000,-77.221000,34.04
1763916545,-0.729000,-0.121000,-0.699000,54.260000,-83.863000,-78.992000,34.08
1763926379,-0.735000,-0.117000,-0.640000,65.740000,-70.397000,-79.588000,34.04
1763937533,-0.791000,-0.097000,-0.671000,70.809000,-66.473000,-76.382000,33.99
1763942175,-0.767000,-0.088000,-0.673000,71.145000,-66.046000,-72.275000,34.08
1763953809,-0.767000,-0.075000,-0.612000,70.198000,-68.809000,-68.901000,34.08
1763970551,-0.773000,-0.057000,-0.626000,70.763000,-64.061000,-69.069000,34.08
1763975573,-0.806000,-0.083000,-0.625000,70.489000,-61.252000,-68.229000,34.04
1763985486,-0.822000,-0.102000,-0.604000,71.206000,-57.832000,-66.885000,34.08
1763997147,-0.820000,-0.156000,-0.668000,75.053000,-51.481000,-66.855000,34.04
1764004689,-0.846000,-0.138000,-0.606000,78.794000,-44.214000,-67.435000,34.08
1764016483,-0.862000,-0.133000,-0.615000,78.183000,-44.794000,-64.885000,34.04
1764027334,-0.836000,-0.114000,-0.627000,74.702000,-44.840000,-62.122000,34.08
1764035131,-0.818000,-0.122000,-0.557000,72.931000,-48.046000,-61.252000,33.94
1764044841,-0.813000,-0.134000,-0.555000,71.191000,-51.649000,-60.107000,34.08
1764057933,-0.792000,-0.137000,-0.531000,69.878000,-52.733000,-59.740000,34.13
1764073025,-0.814000,-0.136000,-0.524000,67.939000,-56.351000,-56.611000,34.18
1764078746,-0.802000,-0.178000,-0.562000,66.229000,-58.809000,-54.214000,34.04
1764084748,-0.825000,-0.195000,-0.576000,66.473000,-56.519000,-52.290000,34.04
1764097660,-0.852000,-0.211000,-0.601000,65.023000,-59.969000,-48.992000,34.08
1764107212,-0.836000,-0.221000,-0.553000,61.863000,-61.710000,-44.427000,34.08
1764115481,-0.843000,-0.218000,-0.538000,60.260000,-64.595000,-40.153000,33.99
1764132778,-0.798000,-0.241000,-0.492000,57.282000,-70.397000,-37.466000,34.04
1764137539,-0.761000,-0.250000,-0.469000,57.008000,-72.672000,-35.924000,33.99
1764143048,-0.778000,-0.251000,-0.499000,57.603000,-75.008000,-34.962000,34.04
1764155780,-0.796000,-0.263000,-0.477000,56.015000,-77.756000,-33.771000,34.08
1764169321,-0.805000,-0.260000,-0.438000,55.344000,-77.863000,-32.641000,34.04
1764178631,-0.880000,-0.258000,-0.461000,50.092000,-82.076000,-30.779000,33.99
1764186129,-0.841000,-0.318000,-0.457000,47.542000,-85.634000,-27.725000,34.13
1764198213,-0.810000,-0.311000,-0.395000,49.847000,-85.008000,-26.427000,33.99
1764204972,-0.844000,-0.279000,-0.438000,47.374000,-89.359000,-24.198000,34.13
1764215936,-0.814000,-0.292000,-0.398000,44.321000,-94.321000,-22.687000,33.99
1764227817,-0.812000,-0.278000,-0.349000,43.481000,-96.824000,-22.290000,34.08
1764235779,-0.813000,-0.304000,-0.350000,40.992000,-102.000000,-27.802000,34.13
1764245942,-0.810000,-0.320000,-0.347000,40.550000,-97.023000,-25.573000,34.08
1764254183,-0.847000,-0.340000,-0.321000,39.817000,-98.962000,-23.466000,34.08
1764267981,-0.838000,-0.379000,-0.312000,38.122000,-95.557000,-20.947000,34.08
1764277207,-0.896000,-0.374000,-0.258000,37.176000,-95.817000,-18.015000,34.04
1764285076,-0.920000,-0.370000,-0.262000,33.847000,-98.931000,-16.397000,33.99
1764296242,-0.878000,-0.411000,-0.240000,29.542000,-103.206000,-16.809000,34.04
1764307444,-0.877000,-0.442000,-0.236000,30.092000,-103.328000,-18.382000,34.08
1764316013,-0.865000,-0.449000,-0.231000,30.458000,-96.366000,-18.885000,33.94
1764327191,-0.851000,-0.448000,-0.161000,29.389000,-93.038000,-19.450000,34.08
1764337280,-0.860000,-0.444000,-0.190000,27.527000,-85.893000,-18.962000,34.13
1764343708,-0.872000,-0.350000,0.023000,18.290000,-80.351000,-19.359000,33.99
1764360067,-0.876000,-0.507000,-0.165000,21.725000,-79.267000,-15.969000,33.99
1764372920,-0.835000,-0.485000,-0.127000,23.588000,-74.809000,-19.588000,34.13
1764378698,-0.837000,-0.485000,-0.137000,26.107000,-67.389000,-18.198000,33.99
1764388432,-0.795000,-0.495000,-0.116000,27.908000,-61.817000,-18.092000,34.04
1764399658,-0.780000,-0.477000,-0.080000,31.588000,-54.580000,-17.252000,34.08
1764404739,-0.798000,-0.444000,-0.095000,33.802000,-50.763000,-17.130000,34.04
1764417082,-0.816000,-0.393000,-0.110000,31.359000,-45.847000,-16.779000,34.08
1764426952,-0.814000,-0.376000,-0.077000,28.809000,-44.626000,-16.489000,33.94
1764435096,-0.799000,-0.389000,-0.049000,28.855000,-41.221000,-15.573000,33.99
1764446838,-0.766000,-0.411000,-0.104000,30.275000,-38.229000,-13.695000,34.04
1764454166,-0.753000,-0.406000,-0.108000,30.107000,-32.260000,-15.481000,34.08
1764466330,-0.774000,-0.401000,-0.140000,30.947000,-27.664000,-14.519000,33.94
1764477039,-0.762000,-0.389000,-0.199000,27.344000,-20.260000,-23.985000,34.08
1764484760,-0.762000,-0.402000,-0.089000,34.489000,-15.817000,-25.252000,33.99
1764497202,-0.760000,-0.387000,-0.147000,37.252000,-8.565000,-27.878000,33.94
1764505028,-0.772000,-0.375000,-0.112000,36.672000,-3.740000,-29.405000,33.99
1764516239,-0.776000,-0.353000,-0.081000,36.076000,0.855000,-30.443000,34.04
1764528044,-0.763000,-0.371000,-0.052000,36.321000,4.550000,-30.183000,34.08
1764535373,-0.769000,-0.381000,-0.024000,36.214000,9.115000,-29.710000,34.04
1764545388,-0.763000,-0.404000,-0.020000,36.519000,13.191000,-29.191000,33.99
1764552137,-0.807000,-0.386000,-0.013000,34.305000,15.573000,-26.885000,34.13
1764569251,-0.811000,-0.420000,0.014000,35.557000,16.397000,-23.328000,33.99
1764578641,-0.790000,-0.417000,0.031000,34.504000,19.664000,-22.168000,34.04
1764584793,-0.802000,-0.407000,0.031000,34.015000,22.107000,-21.710000,33.99
1764597794,-0.812000,-0.431000,0.016000,31.588000,20.382000,-18.901000,33.94
1764604767,-0.811000,-0.433000,0.031000,29.160000,18.015000,-15.756000,34.04
1764616039,-0.779000,-0.450000,0.030000,26.687000,17.298000,-13.954000,33.99
1764627386,-0.785000,-0.476000,0.033000,28.244000,17.878000,-11.786000,34.08
1764635391,-0.795000,-0.459000,0.022000,26.031000,15.756000,-10.519000,34.08
1764644827,-0.789000,-0.449000,0.036000,24.611000,13.802000,-6.916000,33.94
1764650460,-0.760000,-0.457000,0.048000,22.489000,13.053000,-5.053000,33.99
1764669739,-0.740000,-0.467000,0.032000,21.634000,14.061000,-4.870000,34.13
1764677770,-0.761000,-0.446000,0.011000,19.282000,12.702000,-3.282000,34.08
1764684629,-0.765000,-0.448000,0.054000,16.153000,10.107000,-2.000000,34.04
1764698072,-0.754000,-0.449000,0.035000,13.542000,9.008000,-1.160000,33.99
1764703126,-0.739000,-0.449000,0.044000,11.328000,5.908000,-0.290000,34.04
1764717390,-0.731000,-0.477000,0.035000,9.588000,6.046000,-0.244000,34.08
1764729008,-0.745000,-0.473000,0.031000,9.420000,6.840000,-0.092000,34.08
1764734231,-0.765000,-0.470000,0.046000,8.519000,5.298000,-0.229000,34.13
1764746129,-0.729000,-0.463000,0.055000,6.977000,6.153000,0.473000,33.99
1764756486,-0.747000,-0.451000,0.045000,5.710000,6.580000,0.122000,34.04
1764768740,-0.759000,-0.450000,0.044000,3.710000,5.603000,0.321000,34.08
1764774359,-0.739000,-0.472000,0.062000,2.489000,5.679000,0.275000,33.99
1764785903,-0.724000,-0.469000,0.057000,1.985000,7.466000,-0.473000,33.99
1764794830,-0.729000,-0.447000,0.063000,0.779000,8.672000,-0.489000,34.04
1764805503,-0.738000,-0.460000,0.034000,0.473000,11.756000,-0.534000,33.99
1764817075,-0.748000,-0.462000,0.040000,0.244000,14.046000,-0.122000,34.04
1764828381,-0.737000,-0.468000,0.030000,0.015000,15.542000,0.229000,33.99
1764835951,-0.754000,-0.451000,0.023000,-0.504000,16.672000,0.183000,34.04
1764842702,-0.779000,-0.429000,0.029000,-2.763000,14.672000,1.237000,33.99
1764859473,-0.747000,-0.433000,0.018000,-3.908000,14.000000,0.427000,33.99
1764869856,-0.765000,-0.411000,0.009000,-5.221000,13.863000,-0.229000,34.04
1764874777,-0.763000,-0.416000,0.014000,-7.466000,13.191000,1.008000,33.99
1764891854,-0.754000,-0.440000,-0.007000,-8.901000,14.489000,0.733000,34.04
1764897829,-0.773000,-0.448000,0.006000,-9.527000,15.756000,1.084000,34.08
1764908060,-0.786000,-0.452000,-0.029000,-10.076000,16.122000,1.420000,34.04
1764917837,-0.789000,-0.434000,-0.020000,-11.267000,15.725000,1.618000,34.08
1764926373,-0.803000,-0.451000,-0.005000,-12.000000,14.733000,3.374000,34.04
1764936050,-0.765000,-0.464000,0.007000,-13.282000,15.084000,3.359000,33.99
1764942849,-0.762000,-0.454000,-0.009000,-13.649000,17.481000,3.344000,33.94
1764960003,-0.750000,-0.439000,0.010000,-15.099000,18.641000,3.924000,34.08
1764970527,-0.729000,-0.457000,-0.020000,-16.397000,21.786000,5.008000,34.04
1764975397,-0.746000,-0.458000,-0.025000,-16.992000,25.511000,6.107000,34.08
1764988206,-0.760000,-0.459000,-0.023000,-17.695000,28.198000,7.863000,34.08
1764996618,-0.775000,-0.457000,-0.038000,-18.229000,30.366000,9.282000,34.08
1765008057,-0.785000,-0.445000,-0.060000,-19.832000,32.000000,9.237000,33.99
1765016843,-0.807000,-0.469000,-0.111000,-21.099000,33.634000,10.733000,34.04
1765026812,-0.807000,-0.480000,-0.060000,-22.137000,33.191000,9.939000,33.99
1765035472,-0.817000,-0.452000,-0.128000,-26.122000,30.947000,9.573000,34.04
1765042414,-0.792000,-0.449000,-0.074000,-29.252000,28.519000,9.450000,33.99
1765055718,-0.790000,-0.474000,-0.117000,-31.344000,29.847000,11.679000,34.04
1765066353,-0.763000,-0.481000,-0.076000,-33.496000,32.870000,14.290000,34.08
1765076298,-0.767000,-0.495000,-0.065000,-33.023000,34.718000,15.786000,34.04
1765088237,-0.774000,-0.479000,-0.118000,-34.275000,38.962000,17.313000,33.99
1765092772,-0.812000,-0.492000,-0.121000,-35.817000,40.397000,18.214000,34.04
1765107313,-0.824000,-0.455000,-0.098000,-36.336000,42.672000,17.802000,34.08
1765115890,-0.849000,-0.430000,-0.148000,-37.221000,44.580000,17.374000,33.99
1765125930,-0.809000,-0.455000,-0.182000,-41.237000,47.008000,18.107000,34.04
1765134364,-0.805000,-0.476000,-0.164000,-39.725000,51.450000,19.771000,34.08
1765146287,-0.803000,-0.438000,-0.196000,-38.916000,54.580000,20.550000,34.08
1765159291,-0.791000,-0.414000,-0.200000,-39.649000,56.092000,23.450000,34.08
1765167924,-0.788000,-0.396000,-0.228000,-38.733000,57.588000,24.885000,34.04
1765174575,-0.804000,-0.367000,-0.225000,-39.679000,58.366000,26.031000,33.99
1765187054,-0.812000,-0.358000,-0.219000,-41.176000,56.672000,25.679000,34.04
1765197223,-0.845000,-0.369000,-0.273000,-42.931000,58.168000,27.847000,33.99
1765206132,-0.852000,-0.348000,-0.249000,-42.672000,56.748000,27.863000,34.04
1765217494,-0.833000,-0.356000,-0.266000,-44.519000,60.855000,31.008000,34.08
1765227037,-0.836000,-0.346000,-0.258000,-43.573000,61.725000,31.130000,34.08
1765233148,-0.823000,-0.341000,-0.262000,-42.931000,65.466000,32.611000,33.94
1765249258,-0.824000,-0.303000,-0.251000,-44.305000,68.015000,32.794000,34.08
1765261960,-0.837000,-0.296000,-0.258000,-47.420000,69.053000,33.206000,34.04
1765267235,-0.811000,-0.324000,-0.284000,-48.504000,70.076000,32.947000,33.99
1765278200,-0.805000,-0.341000,-0.320000,-46.458000,73.588000,33.130000,34.04
1765288956,-0.844000,-0.336000,-0.313000,-45.710000,75.450000,34.122000,33.89
1765294653,-0.833000,-0.339000,-0.346000,-43.786000,76.168000,34.748000,34.04
1765308754,-0.810000,-0.310000,-0.367000,-42.977000,77.359000,35.053000,34.08
1765316720,-0.823000,-0.313000,-0.438000,-44.305000,81.908000,36.427000,34.04
1765325427,-0.805000,-0.317000,-0.371000,-43.008000,84.931000,35.710000,34.08
1765332083,-0.852000,-0.283000,-0.450000,-45.603000,85.450000,34.901000,34.04
1765343769,-0.831000,-0.278000,-0.426000,-48.153000,86.779000,33.588000,34.04
1765355930,-0.812000,-0.290000,-0.442000,-48.427000,87.237000,30.168000,34.08
1765366256,-0.801000,-0.305000,-0.468000,-47.313000,91.695000,29.969000,33.99
1765377373,-0.784000,-0.311000,-0.482000,-43.725000,91.160000,28.763000,34.08
1765387846,-0.786000,-0.292000,-0.470000,-41.359000,93.053000,29.481000,34.04
1765393603,-0.778000,-0.269000,-0.521000,-42.260000,95.725000,30.962000,33.99
1765406829,-0.796000,-0.272000,-0.516000,-42.290000,98.992000,31.618000,34.04
1765414244,-0.795000,-0.248000,-0.513000,-45.481000,99.252000,31.557000,33.99
1765424546,-0.789000,-0.217000,-0.543000,-47.588000,98.977000,29.863000,33.94
1765435826,-0.774000,-0.222000,-0.527000,-49.450000,99.847000,28.947000,33.99
1765446330,-0.768000,-0.240000,-0.563000,-47.786000,98.534000,28.275000,33.94
1765461776,-0.751000,-0.233000,-0.597000,-48.473000,97.191000,28.809000,34.08
1765466508,-0.760000,-0.255000,-0.595000,-45.664000,98.000000,28.595000,33.94
1765474340,-0.782000,-0.207000,-0.631000,-47.176000,96.718000,29.298000,34.08
1765487571,-0.791000,-0.173000,-0.622000,-51.176000,95.969000,28.809000,34.04
1765495203,-0.754000,-0.184000,-0.641000,-54.626000,94.992000,28.031000,34.13
1765506960,-0.736000,-0.187000,-0.646000,-55.985000,94.092000,28.168000,34.08
1765516829,-0.726000,-0.152000,-0.650000,-56.595000,94.305000,28.061000,33.99
1765523380,-0.700000,-0.177000,-0.692000,-58.748000,90.763000,28.840000,34.18
1765534348,-0.696000,-0.179000,-0.681000,-57.588000,91.038000,28.733000,33.94
1765546590,-0.718000,-0.140000,-0.690000,-58.351000,90.885000,29.664000,34.08
1765557365,-0.720000,-0.109000,-0.712000,-61.969000,86.366000,30.214000,34.13
1765566169,-0.675000,-0.148000,-0.698000,-60.366000,88.534000,32.092000,33.99
1765573976,-0.662000,-0.109000,-0.703000,-60.672000,88.168000,33.420000,34.04
1765586301,-0.642000,-0.095000,-0.700000,-60.977000,86.168000,33.115000,34.08
1765596528,-0.617000,-0.072000,-0.731000,-61.924000,86.870000,33.298000,34.13
1765612760,-0.637000,-0.075000,-0.752000,-62.366000,85.069000,34.534000,34.08
1765617516,-0.628000,-0.024000,-0.802000,-64.198000,80.260000,33.832000,34.04
1765626450,-0.647000,-0.047000,-0.777000,-64.168000,80.260000,35.969000,34.08
1765633186,-0.626000,-0.023000,-0.788000,-64.962000,77.008000,37.679000,34.08
1765648536,-0.579000,-0.010000,-0.766000,-66.076000,73.954000,39.374000,33.94
1765658708,-0.566000,0.024000,-0.774000,-64.763000,73.725000,39.847000,34.08
1765665968,-0.532000,0.029000,-0.819000,-64.992000,73.053000,41.237000,34.08
1765676288,-0.511000,0.031000,-0.808000,-63.115000,72.809000,41.053000,33.99
1765684430,-0.541000,0.068000,-0.843000,-65.725000,73.786000,40.763000,34.04
1765696398,-0.574000,0.078000,-0.834000,-67.908000,72.611000,41.771000,33.99
1765706931,-0.521000,0.046000,-0.837000,-69.527000,71.160000,41.099000,33.94
1765714771,-0.490000,0.033000,-0.835000,-68.305000,73.053000,42.031000,34.08
1765725898,-0.493000,0.032000,-0.845000,-66.565000,74.321000,43.206000,34.04
1765732680,-0.446000,0.053000,-0.834000,-64.733000,74.443000,42.641000,33.99
1765749160,-0.461000,0.083000,-0.868000,-64.321000,78.366000,40.916000,33.94
1765756889,-0.461000,0.074000,-0.853000,-64.824000,79.328000,40.733000,34.08
1765767070,-0.466000,0.099000,-0.863000,-64.611000,81.542000,39.145000,33.94
1765776448,-0.460000,0.073000,-0.856000,-64.122000,81.206000,38.443000,34.08
1765786833,-0.418000,0.073000,-0.856000,-61.771000,81.740000,39.313000,34.08
1765796908,-0.416000,0.094000,-0.846000,-58.916000,82.534000,40.305000,34.04
1765808443,-0.365000,0.134000,-0.825000,-56.366000,81.832000,40.122000,34.08
1765814685,-0.317000,0.137000,-0.837000,-53.145000,86.611000,39.389000,33.99
1765825459,-0.304000,0.137000,-0.841000,-49.450000,89.588000,38.656000,33.99
1765837870,-0.308000,0.135000,-0.869000,-44.565000,90.168000,37.328000,34.04
1765849916,-0.359000,0.187000,-0.918000,-42.641000,91.847000,36.550000,33.99
1765856053,-0.387000,0.224000,-0.937000,-45.893000,90.870000,35.481000,34.13
1765866360,-0.369000,0.227000,-0.952000,-49.985000,91.099000,35.679000,33.99
1765879461,-0.393000,0.224000,-0.989000,-51.939000,90.336000,37.496000,33.94
1765885293,-0.372000,0.227000,-0.954000,-53.023000,84.641000,39.695000,33.99
1765900018,-0.306000,0.257000,-0.944000,-52.779000,79.664000,39.298000,34.13
1765909831,-0.260000,0.296000,-0.942000,-53.603000,78.962000,41.115000,33.99
1765912963,-0.228000,0.342000,-0.895000,-53.771000,77.389000,39.756000,33.94
1765924909,-0.178000,0.383000,-0.893000,-53.939000,78.183000,36.397000,33.94
1765937154,-0.186000,0.376000,-0.916000,-54.183000,78.061000,36.702000,34.08
1765948573,-0.176000,0.346000,-0.888000,-52.977000,75.313000,38.015000,34.04
1765957176,-0.147000,0.331000,-0.940000,-51.542000,72.336000,40.977000,33.99
1765965793,-0.138000,0.346000,-0.893000,-49.634000,71.359000,43.893000,34.08
1765974713,-0.112000,0.357000,-0.943000,-47.511000,71.786000,44.550000,34.08
1765988477,-0.143000,0.407000,-0.932000,-49.695000,73.405000,44.305000,33.94
1765997303,-0.110000,0.410000,-0.929000,-52.794000,71.481000,42.443000,33.99
1766007170,-0.058000,0.387000,-0.933000,-52.977000,75.221000,38.977000,34.04
1766012692,-0.072000,0.387000,-0.951000,-53.206000,74.076000,37.618000,33.99
1766024327,-0.004000,0.339000,-0.936000,-48.443000,76.366000,36.809000,34.04
1766036843,-0.033000,0.370000,-0.990000,-48.305000,78.748000,39.542000,33.99
1766047506,-0.036000,0.377000,-0.943000,-45.634000,80.611000,41.679000,34.04
1766056255,-0.033000,0.401000,-0.994000,-45.344000,81.511000,43.282000,34.08
1766064230,-0.001000,0.387000,-0.979000,-46.244000,82.855000,42.885000,33.94
1766077072,0.007000,0.432000,-0.953000,-44.733000,84.076000,41.344000,34.04
1766088195,0.064000,0.450000,-0.979000,-44.641000,87.420000,37.511000,33.99
1766096275,0.084000,0.433000,-0.978000,-44.443000,91.618000,35.267000,34.04
1766108435,0.095000,0.442000,-0.939000,-43.603000,95.389000,31.725000,33.99
1766112681,0.066000,0.467000,-1.005000,-45.725000,94.840000,30.916000,34.08
1766124444,0.035000,0.414000,-0.962000,-47.267000,97.023000,31.466000,34.08
1766139596,0.065000,0.409000,-0.969000,-46.855000,95.939000,30.870000,34.04
1766148907,0.106000,0.443000,-0.988000,-44.962000,100.595000,31.282000,33.99
1766155578,0.073000,0.487000,-0.939000,-44.229000,100.916000,31.420000,34.04
1766170236,0.150000,0.506000,-0.936000,-47.160000,101.878000,29.618000,34.08
1766174796,0.170000,0.510000,-0.907000,-50.458000,105.389000,30.595000,33.94
1766186665,0.153000,0.513000,-0.919000,-51.786000,105.664000,32.321000,34.08
1766197044,0.192000,0.455000,-0.872000,-50.641000,105.145000,32.519000,34.04
1766205321,0.261000,0.460000,-0.878000,-47.115000,104.275000,33.634000,33.99
1766211849,0.286000,0.474000,-0.902000,-42.122000,108.061000,34.000000,34.04
1766228795,0.261000,0.509000,-0.914000,-40.702000,111.511000,35.771000,34.04
1766236573,0.264000,0.522000,-0.898000,-42.153000,113.115000,35.908000,33.99
1766246220,0.254000,0.550000,-0.882000,-45.466000,113.863000,35.527000,34.04
1766258127,0.240000,0.585000,-0.926000,-53.053000,111.679000,33.740000,34.08
1766268005,0.252000,0.542000,-0.877000,-57.649000,113.160000,34.015000,33.99
1766275495,0.340000,0.500000,-0.861000,-57.832000,110.733000,31.969000,34.08
1766288120,0.429000,0.484000,-0.811000,-54.275000,112.015000,29.359000,34.04
1766295872,0.429000,0.499000,-0.812000,-52.672000,113.221000,31.618000,34.08
1766305603,0.508000,0.524000,-0.783000,-49.817000,118.000000,30.366000,34.04
1766316632,0.479000,0.572000,-0.824000,-50.550000,119.969000,29.450000,33.99
1766328052,0.516000,0.535000,-0.737000,-49.206000,119.664000,25.008000,33.94
1766337883,0.384000,0.551000,-0.748000,-56.305000,121.618000,28.382000,34.08
1766345727,0.435000,0.519000,-0.708000,-59.603000,121.435000,24.198000,34.04
1766357865,0.452000,0.524000,-0.699000,-59.420000,122.107000,19.634000,33.99
1766367123,0.482000,0.464000,-0.673000,-61.420000,120.031000,17.420000,34.04
1766375148,0.520000,0.460000,-0.674000,-55.237000,122.305000,12.168000,34.04
1766387853,0.464000,0.509000,-0.635000,-54.214000,118.672000,13.267000,33.99
1766395942,0.540000,0.503000,-0.619000,-52.763000,116.962000,12.855000,34.04
1766404335,0.516000,0.546000,-0.587000,-52.885000,114.321000,13.527000,33.99
1766416083,0.547000,0.602000,-0.558000,-55.756000,109.878000,13.008000,33.99
1766427644,0.600000,0.567000,-0.543000,-58.626000,112.947000,11.496000,34.08
1766436059,0.600000,0.561000,-0.502000,-54.870000,112.763000,6.779000,33.94
1766445312,0.567000,0.586000,-0.488000,-54.992000,110.565000,4.733000,34.08
1766456035,0.566000,0.581000,-0.421000,-54.183000,104.962000,2.168000,34.04
1766466426,0.547000,0.612000,-0.404000,-52.046000,97.115000,1.206000,33.99
1766475344,0.652000,0.572000,-0.406000,-51.313000,90.000000,2.504000,34.13
1766486354,0.667000,0.581000,-0.369000,-44.366000,88.015000,1.756000,33.99
1766493937,0.646000,0.644000,-0.319000,-41.603000,80.702000,3.527000,34.04
1766504735,0.663000,0.696000,-0.288000,-42.763000,72.321000,6.229000,34.04
1766517999,0.714000,0.672000,-0.263000,-42.397000,66.122000,6.321000,33.99
1766525722,0.712000,0.659000,-0.223000,-39.542000,60.534000,4.809000,34.04
1766536213,0.683000,0.689000,-0.227000,-37.053000,51.664000,4.473000,34.08
1766545958,0.692000,0.697000,-0.183000,-36.031000,39.115000,5.893000,34.04
1766559016,0.707000,0.690000,-0.195000,-35.084000,25.313000,9.939000,33.99
1766565913,0.711000,0.687000,-0.201000,-33.115000,13.374000,12.733000,34.13
1766577921,0.727000,0.670000,-0.186000,-31.588000,0.031000,17.038000,34.08
1766587313,0.751000,0.636000,-0.183000,-26.916000,-8.672000,18.061000,33.94
1766594607,0.688000,0.658000,-0.195000,-22.000000,-18.458000,19.679000,33.99
1766605401,0.678000,0.685000,-0.214000,-20.718000,-30.534000,20.458000,34.13
1766612228,0.699000,0.669000,-0.216000,-19.084000,-41.389000,19.527000,33.89
1766628928,0.718000,0.681000,-0.208000,-16.427000,-50.382000,17.527000,34.13
1766638953,0.748000,0.660000,-0.236000,-15.557000,-58.962000,16.092000,33.99
1766645211,0.814000,0.617000,-0.238000,-9.649000,-62.550000,12.824000,34.08
1766659859,0.768000,0.622000,-0.261000,-3.573000,-67.557000,11.756000,34.13
1766666157,0.802000,0.610000,-0.279000,-0.641000,-71.786000,12.107000,34.08
1766676716,0.792000,0.586000,-0.306000,5.939000,-73.573000,12.229000,34.04
1766686925,0.757000,0.608000,-0.361000,9.344000,-75.511000,13.435000,33.99
1766695219,0.740000,0.602000,-0.370000,11.771000,-77.679000,13.252000,33.94
1766705716,0.729000,0.612000,-0.380000,13.145000,-79.664000,11.573000,34.08
1766712475,0.739000,0.604000,-0.389000,15.298000,-81.038000,9.053000,34.13
1766729811,0.742000,0.603000,-0.400000,18.931000,-81.527000,5.695000,34.08
1766738701,0.749000,0.593000,-0.415000,21.237000,-83.084000,1.924000,34.04
1766745763,0.760000,0.568000,-0.430000,26.534000,-82.443000,-2.519000,33.99
1766760201,0.748000,0.565000,-0.465000,30.687000,-81.176000,-6.244000,34.04
1766766192,0.714000,0.562000,-0.474000,34.168000,-80.779000,-10.031000,34.04
1766776707,0.694000,0.563000,-0.475000,37.939000,-79.832000,-14.015000,34.08
1766788848,0.679000,0.580000,-0.501000,40.427000,-79.756000,-19.252000,34.08
1766795316,0.635000,0.582000,-0.518000,42.198000,-82.382000,-23.084000,33.99
1766805582,0.625000,0.584000,-0.518000,43.893000,-85.084000,-25.466000,34.04
1766812477,0.624000,0.572000,-0.552000,45.542000,-87.908000,-28.275000,34.08
1766829117,0.652000,0.560000,-0.541000,46.947000,-88.427000,-31.954000,34.04
1766839322,0.647000,0.602000,-0.552000,46.962000,-87.847000,-35.664000,34.08
1766845245,0.614000,0.592000,-0.568000,46.427000,-89.313000,-38.870000,33.94
1766858084,0.595000,0.556000,-0.567000,48.550000,-91.176000,-43.099000,34.08
1766865639,0.557000,0.555000,-0.591000,52.061000,-94.397000,-44.885000,34.13
1766877440,0.529000,0.558000,-0.594000,54.504000,-98.427000,-44.779000,33.99
1766886557,0.499000,0.584000,-0.612000,54.870000,-103.725000,-42.687000,34.04
1766895998,0.505000,0.566000,-0.670000,50.824000,-110.397000,-39.634000,33.99
1766904820,0.514000,0.517000,-0.667000,51.160000,-110.107000,-40.931000,34.08
1766916695,0.439000,0.534000,-0.613000,51.969000,-111.542000,-42.137000,34.04
1766929090,0.426000,0.537000,-0.652000,52.458000,-114.458000,-43.481000,34.08
1766939361,0.394000,0.541000,-0.692000,52.336000,-116.931000,-44.962000,33.99
1766945562,0.356000,0.541000,-0.635000,53.252000,-123.817000,-45.634000,33.99
1766957532,0.352000,0.542000,-0.668000,54.168000,-128.458000,-44.672000,34.04
1766966757,0.353000,0.518000,-0.682000,54.412000,-134.168000,-42.351000,34.08
1766976569,0.362000,0.480000,-0.753000,55.160000,-135.832000,-40.611000,34.04
1766986335,0.304000,0.477000,-0.746000,57.725000,-134.305000,-40.366000,33.99
1766997332,0.266000,0.490000,-0.728000,58.916000,-138.046000,-41.328000,33.94
1767003526,0.187000,0.524000,-0.771000,57.206000,-140.214000,-41.618000,33.89
1767016538,0.174000,0.487000,-0.781000,54.229000,-145.740000,-43.298000,34.04
1767027328,0.139000,0.477000,-0.766000,53.893000,-150.550000,-44.840000,33.99
1767035705,0.090000,0.515000,-0.806000,50.107000,-156.473000,-44.290000,34.08
1767046558,0.131000,0.489000,-0.853000,44.534000,-160.321000,-46.931000,34.04
1767057618,0.160000,0.445000,-0.840000,42.443000,-162.412000,-50.992000,33.99
1767065949,0.150000,0.429000,-0.814000,44.351000,-158.305000,-57.252000,34.04
1767076858,0.065000,0.451000,-0.837000,46.412000,-152.168000,-63.756000,33.99
1767084928,-0.055000,0.450000,-0.870000,46.046000,-155.786000,-67.038000,33.94
1767095704,-0.109000,0.448000,-0.889000,39.786000,-160.244000,-67.969000,34.08
1767102238,-0.117000,0.443000,-0.827000,34.947000,-166.779000,-68.550000,33.94
1767113998,-0.080000,0.428000,-0.861000,30.244000,-174.137000,-68.198000,34.08
1767127323,-0.043000,0.358000,-0.886000,28.580000,-176.443000,-68.718000,34.04
1767136991,0.006000,0.269000,-0.922000,35.328000,-165.878000,-76.687000,33.99
1767147242,-0.102000,0.280000,-0.858000,43.618000,-157.496000,-83.634000,33.94
1767156762,-0.177000,0.315000,-0.893000,44.550000,-151.176000,-89.832000,34.08
1767163767,-0.335000,0.368000,-0.863000,39.496000,-149.985000,-93.832000,33.99
1767178606,-0.437000,0.381000,-0.864000,31.863000,-160.580000,-93.939000,34.13
1767190232,-0.390000,0.282000,-0.879000,26.351000,-166.855000,-91.573000,33.99
1767194346,-0.333000,0.186000,-0.831000,28.489000,-165.435000,-90.351000,34.13
1767205420,-0.260000,0.124000,-0.845000,35.511000,-161.618000,-90.229000,33.89
1767213041,-0.317000,0.141000,-0.854000,45.786000,-142.977000,-92.153000,34.04
1767231085,-0.471000,0.181000,-0.812000,51.634000,-136.397000,-91.863000,33.99
1767236338,-0.500000,0.160000,-0.868000,52.962000,-128.366000,-92.931000,33.94
1767243560,-0.580000,0.156000,-0.771000,52.901000,-120.992000,-94.214000,34.08
1767258043,-0.621000,0.164000,-0.778000,51.466000,-124.641000,-92.779000,34.04
1767266438,-0.634000,0.136000,-0.836000,50.702000,-123.771000,-92.153000,33.99
1767275729,-0.621000,0.087000,-0.842000,53.725000,-119.969000,-92.550000,34.04
1767289979,-0.596000,0.074000,-0.791000,58.794000,-111.924000,-95.313000,34.04
1767296633,-0.633000,0.119000,-0.778000,59.679000,-106.229000,-95.237000,33.99
1767303266,-0.699000,0.154000,-0.796000,55.603000,-100.702000,-95.084000,33.99
1767318323,-0.750000,0.136000,-0.757000,51.053000,-100.901000,-95.298000,33.99
1767327058,-0.755000,0.104000,-0.769000,45.389000,-101.664000,-95.221000,33.94
1767337419,-0.707000,0.016000,-0.776000,41.817000,-96.931000,-95.344000,34.08
1767349083,-0.706000,-0.026000,-0.725000,49.450000,-91.389000,-97.802000,34.04
1767360232,-0.763000,-0.002000,-0.750000,54.794000,-89.008000,-94.305000,33.99
1767364769,-0.793000,0.049000,-0.732000,54.183000,-88.992000,-88.977000,33.94
1767376703,-0.776000,0.057000,-0.705000,51.130000,-91.267000,-85.481000,34.08
1767385208,-0.781000,0.069000,-0.720000,47.664000,-90.046000,-82.382000,34.13
1767395559,-0.766000,0.051000,-0.715000,46.824000,-88.519000,-84.580000,33.99
1767406815,-0.796000,0.021000,-0.694000,42.931000,-88.840000,-84.534000,33.94
1767414254,-0.786000,-0.007000,-0.679000,43.588000,-84.626000,-84.092000,33.99
1767427552,-0.800000,-0.019000,-0.645000,43.908000,-80.214000,-83.649000,34.08
1767436884,-0.800000,-0.035000,-0.594000,45.847000,-78.733000,-82.992000,34.04
1767447201,-0.815000,-0.044000,-0.594000,47.802000,-80.977000,-80.534000,34.08
1767462207,-0.788000,-0.034000,-0.617000,46.962000,-81.985000,-76.718000,33.99
1767464484,-0.793000,-0.045000,-0.576000,46.107000,-83.344000,-73.466000,33.99
1767475013,-0.802000,-0.083000,-0.621000,44.015000,-84.382000,-69.282000,33.94
1767486670,-0.786000,-0.133000,-0.564000,46.824000,-78.397000,-68.443000,33.99
1767494576,-0.867000,-0.121000,-0.538000,49.374000,-76.565000,-66.351000,34.04
1767504611,-0.896000,-0.108000,-0.530000,47.756000,-77.664000,-63.130000,33.99
1767518072,-0.860000,-0.114000,-0.500000,45.023000,-79.282000,-61.725000,34.04
1767527132,-0.851000,-0.139000,-0.469000,44.977000,-82.962000,-59.756000,34.08
1767535798,-0.835000,-0.156000,-0.471000,46.656000,-85.435000,-59.038000,33.94
1767547014,-0.851000,-0.173000,-0.490000,48.489000,-84.473000,-59.542000,33.99
1767557472,-0.858000,-0.186000,-0.407000,50.519000,-86.473000,-58.260000,33.94
1767566908,-0.859000,-0.216000,-0.476000,51.145000,-85.924000,-57.374000,33.94
1767575789,-0.891000,-0.208000,-0.415000,50.595000,-82.107000,-56.275000,33.99
1767586374,-0.906000,-0.228000,-0.344000,48.427000,-85.802000,-53.939000,34.04
1767596259,-0.911000,-0.227000,-0.390000,45.786000,-86.031000,-51.603000,33.99
1767602474,-0.904000,-0.254000,-0.344000,45.618000,-88.183000,-50.382000,33.99
1767619484,-0.922000,-0.281000,-0.358000,44.168000,-92.565000,-52.534000,33.99
1767629344,-0.825000,-0.327000,-0.380000,46.550000,-87.725000,-50.107000,33.94
1767637132,-0.832000,-0.340000,-0.264000,52.458000,-77.847000,-51.389000,33.99
1767647111,-0.959000,-0.304000,-0.299000,52.198000,-72.870000,-48.000000,33.94
1767659392,-0.941000,-0.353000,-0.248000,48.427000,-76.687000,-44.443000,33.99
1767664034,-0.907000,-0.364000,-0.226000,48.550000,-75.420000,-42.137000,33.94
1767676332,-0.911000,-0.352000,-0.236000,48.687000,-75.115000,-41.634000,33.99
1767684108,-0.888000,-0.345000,-0.232000,48.015000,-74.244000,-41.176000,33.94
1767694036,-0.878000,-0.344000,-0.218000,48.443000,-72.260000,-41.115000,33.99
1767705622,-0.878000,-0.351000,-0.226000,48.702000,-69.008000,-40.641000,34.04
1767712193,-0.906000,-0.352000,-0.219000,47.832000,-65.359000,-38.962000,34.08
1767729908,-0.938000,-0.379000,-0.203000,50.870000,-66.580000,-55.573000,33.99
1767736136,-0.909000,-0.312000,-0.198000,40.748000,-66.260000,-44.947000,33.94
1767747324,-0.842000,-0.343000,-0.166000,38.595000,-64.855000,-37.664000,33.89
1767757367,-0.821000,-0.314000,-0.200000,38.779000,-57.328000,-35.786000,33.99
1767767462,-0.865000,-0.342000,-0.172000,37.298000,-56.748000,-31.267000,33.99
1767774839,-0.850000,-0.387000,-0.186000,39.924000,-53.435000,-28.244000,34.04
1767788258,-0.876000,-0.396000,-0.165000,40.458000,-50.137000,-28.321000,33.89
1767796803,-0.908000,-0.387000,-0.130000,41.115000,-49.924000,-28.992000,33.94
1767803433,-0.885000,-0.364000,-0.194000,35.481000,-50.489000,-20.153000,34.08
1767816720,-0.859000,-0.449000,-0.083000,36.718000,-51.695000,-20.198000,34.13
1767826055,-0.843000,-0.398000,-0.098000,37.908000,-48.718000,-18.260000,33.99
1767834782,-0.841000,-0.383000,-0.100000,38.672000,-47.618000,-16.519000,33.94
1767850352,-0.822000,-0.381000,-0.112000,36.229000,-47.649000,-17.328000,34.04
1767859554,-0.819000,-0.415000,-0.056000,29.008000,-51.893000,-16.611000,33.99
1767865365,-0.848000,-0.342000,-0.095000,26.565000,-50.672000,-22.321000,34.04
1767879337,-0.795000,-0.401000,-0.071000,25.954000,-50.198000,-18.092000,34.08
1767888951,-0.777000,-0.392000,-0.058000,29.206000,-48.061000,-16.626000,34.04
1767894818,-0.786000,-0.383000,-0.082000,28.824000,-45.237000,-17.389000,33.99
1767906627,-0.807000,-0.377000,-0.068000,28.153000,-43.908000,-16.885000,34.04
1767918328,-0.826000,-0.374000,-0.079000,25.084000,-45.466000,-16.977000,33.99
1767929139,-0.825000,-0.374000,-0.071000,19.939000,-46.992000,-15.038000,33.94
1767934488,-0.817000,-0.384000,-0.033000,16.260000,-48.550000,-11.282000,34.08
1767945130,-0.797000,-0.410000,-0.020000,14.046000,-47.756000,-10.641000,34.04
1767957115,-0.772000,-0.443000,0.026000,14.107000,-43.939000,-9.023000,33.99
1767963209,-0.750000,-0.463000,0.023000,14.794000,-40.733000,-10.595000,34.08
1767977661,-0.751000,-0.457000,0.044000,17.130000,-35.145000,-10.550000,33.99
1767989855,-0.760000,-0.436000,0.032000,17.527000,-34.046000,-11.008000,33.99
1767994226,-0.782000,-0.425000,0.037000,16.672000,-32.076000,-9.328000,34.04
1768005111,-0.764000,-0.403000,0.031000,12.947000,-32.137000,-9.008000,33.99
1768012109,-0.758000,-0.437000,0.033000,11.557000,-30.168000,-8.427000,34.04
1768027529,-0.758000,-0.437000,0.020000,12.351000,-26.412000,-5.908000,33.99
1768036228,-0.751000,-0.433000,0.010000,11.237000,-22.122000,-8.183000,34.04
1768047193,-0.763000,-0.457000,-0.005000,11.176000,-15.725000,-10.137000,33.99
1768058016,-0.771000,-0.442000,0.033000,11.374000,-12.443000,-10.809000,34.13
1768066910,-0.748000,-0.431000,0.030000,11.511000,-8.931000,-12.687000,33.99
1768075546,-0.737000,-0.417000,0.023000,9.145000,-4.870000,-13.282000,34.04
1768086265,-0.751000,-0.435000,0.062000,9.084000,-2.748000,-13.206000,34.08
1768093963,-0.746000,-0.427000,0.081000,7.740000,-0.351000,-12.214000,34.08
1768104836,-0.728000,-0.429000,0.097000,7.969000,3.618000,-12.015000,33.94
1768112557,-0.739000,-0.443000,0.104000,9.374000,7.817000,-12.046000,34.08
1768126185,-0.767000,-0.426000,0.086000,8.290000,10.947000,-11.344000,33.99
1768136255,-0.774000,-0.423000,0.109000,6.840000,11.817000,-9.893000,33.99
1768145747,-0.785000,-0.427000,0.113000,6.595000,12.672000,-9.359000,34.04
1768157373,-0.782000,-0.413000,0.109000,5.328000,12.427000,-8.000000,33.99
1768163872,-0.792000,-0.416000,0.104000,3.542000,11.267000,-6.656000,33.94
1768179698,-0.790000,-0.421000,0.102000,1.527000,10.992000,-4.718000,33.99
1768188974,-0.761000,-0.435000,0.110000,0.824000,11.267000,-3.084000,33.94
1768193997,-0.757000,-0.446000,0.106000,0.748000,11.389000,-2.260000,33.99
1768205792,-0.763000,-0.442000,0.103000,0.168000,11.237000,-0.779000,33.94
1768212747,-0.753000,-0.447000,0.117000,-0.656000,11.328000,0.687000,34.04
1768226967,-0.739000,-0.438000,0.126000,-1.267000,10.183000,2.458000,33.99
1768235493,-0.726000,-0.421000,0.123000,-2.611000,10.336000,3.954000,34.04
1768247177,-0.727000,-0.424000,0.095000,-3.969000,11.893000,4.214000,33.99
1768257613,-0.754000,-0.433000,0.062000,-5.802000,12.427000,4.412000,33.94
1768265722,-0.770000,-0.438000,0.062000,-7.618000,11.939000,5.252000,33.89
1768279701,-0.752000,-0.449000,0.068000,-9.160000,12.290000,5.435000,33.94
1768292696,-0.754000,-0.447000,0.078000,-10.870000,14.137000,6.061000,33.89
1768294801,-0.749000,-0.442000,0.099000,-14.000000,13.832000,7.450000,33.94
1768306940,-0.721000,-0.446000,0.110000,-15.069000,15.511000,7.863000,33.99
1768319022,-0.698000,-0.437000,0.133000,-15.130000,20.504000,6.229000,33.94
1768326390,-0.700000,-0.469000,0.084000,-14.595000,23.542000,6.351000,34.08
1768336071,-0.702000,-0.478000,0.061000,-12.458000,26.870000,6.458000,33.94
1768347502,-0.728000,-0.474000,0.055000,-6.595000,26.137000,10.122000,34.08
1768358167,-0.750000,-0.407000,0.028000,-9.832000,27.649000,10.595000,33.99
1768365770,-0.741000,-0.397000,0.018000,-11.878000,27.618000,7.985000,33.94
1768379440,-0.788000,-0.393000,0.050000,-15.878000,32.351000,9.618000,33.99
1768391014,-0.774000,-0.417000,0.047000,-17.573000,35.710000,11.313000,33.94
1768395536,-0.750000,-0.455000,0.014000,-18.092000,38.733000,11.008000,33.99
1768406839,-0.769000,-0.478000,0.009000,-13.481000,42.412000,11.450000,34.13
1768413761,-0.798000,-0.429000,-0.056000,-13.038000,42.947000,11.817000,33.89
1768426287,-0.791000,-0.431000,-0.022000,-15.511000,41.237000,12.000000,34.13
1768436112,-0.784000,-0.426000,-0.027000,-14.840000,44.305000,12.229000,33.99
1768446759,-0.811000,-0.408000,-0.032000,-15.939000,48.672000,10.137000,34.04
1768458315,-0.860000,-0.409000,-0.064000,-18.641000,49.954000,9.756000,34.08
1768464355,-0.846000,-0.418000,-0.058000,-21.847000,48.748000,11.786000,34.08
1768478256,-0.821000,-0.441000,-0.086000,-22.137000,51.969000,10.504000,34.04
1768486154,-0.830000,-0.450000,-0.050000,-21.466000,51.618000,13.206000,33.89
1768494578,-0.819000,-0.425000,-0.096000,-20.427000,54.656000,13.542000,34.08
1768505619,-0.802000,-0.389000,-0.088000,-25.176000,56.656000,13.405000,33.99
1768512735,-0.816000,-0.392000,-0.097000,-27.435000,58.626000,12.626000,34.04
1768528394,-0.841000,-0.404000,-0.132000,-29.634000,60.992000,14.290000,33.99
1768536666,-0.857000,-0.396000,-0.092000,-31.756000,63.939000,15.053000,34.04
1768547333,-0.870000,-0.418000,-0.116000,-30.763000,65.649000,17.160000,33.89
1768558148,-0.807000,-0.459000,-0.163000,-30.809000,69.328000,17.389000,34.04
1768563242,-0.832000,-0.450000,-0.155000,-26.366000,73.359000,19.695000,33.99
1768575617,-0.884000,-0.353000,-0.181000,-25.664000,75.893000,20.931000,34.04
1768586580,-0.840000,-0.344000,-0.234000,-32.260000,76.260000,21.481000,33.99
1768595266,-0.858000,-0.380000,-0.211000,-34.962000,78.382000,23.298000,34.04
1768604390,-0.854000,-0.364000,-0.206000,-38.519000,77.435000,23.221000,34.04
1768619087,-0.863000,-0.358000,-0.230000,-42.565000,76.351000,22.351000,33.99
1768628354,-0.844000,-0.386000,-0.234000,-47.206000,73.832000,23.664000,34.04
1768637258,-0.819000,-0.401000,-0.249000,-46.580000,76.107000,26.000000,33.99
1768644240,-0.846000,-0.418000,-0.300000,-47.313000,76.321000,29.985000,33.99
1768657510,-0.839000,-0.428000,-0.332000,-48.000000,77.008000,34.305000,33.99
1768665820,-0.846000,-0.405000,-0.287000,-47.298000,80.153000,36.534000,34.04
1768676875,-0.862000,-0.338000,-0.327000,-49.252000,80.748000,37.038000,33.89
1768687784,-0.863000,-0.316000,-0.359000,-52.382000,81.756000,36.947000,34.04
1768696463,-0.834000,-0.357000,-0.326000,-53.481000,82.733000,36.214000,33.99
1768703132,-0.846000,-0.322000,-0.363000,-54.626000,84.687000,39.786000,34.04
1768714978,-0.821000,-0.328000,-0.361000,-53.832000,84.565000,39.450000,34.08
1768728437,-0.863000,-0.284000,-0.389000,-56.504000,86.595000,41.359000,34.04
1768739236,-0.851000,-0.291000,-0.345000,-57.863000,84.519000,40.015000,33.99
1768746133,-0.879000,-0.260000,-0.389000,-58.427000,88.076000,38.229000,33.99
1768761146,-0.874000,-0.257000,-0.426000,-62.641000,87.313000,39.634000,33.94
1768765794,-0.842000,-0.292000,-0.393000,-62.580000,90.916000,41.511000,33.99
1768776977,-0.851000,-0.280000,-0.390000,-60.763000,91.191000,43.176000,34.04
1768786688,-0.879000,-0.259000,-0.449000,-59.145000,93.435000,43.679000,33.99
1768796911,-0.831000,-0.283000,-0.424000,-57.740000,90.687000,42.718000,34.04
1768801756,-0.809000,-0.249000,-0.478000,-57.435000,91.069000,40.916000,34.08
1768813748,-0.821000,-0.214000,-0.458000,-57.481000,90.672000,38.366000,34.13
1768829926,-0.823000,-0.177000,-0.514000,-58.977000,87.908000,36.366000,34.08
1768837070,-0.793000,-0.150000,-0.491000,-62.733000,90.962000,34.595000,34.04
1768845819,-0.791000,-0.171000,-0.508000,-67.084000,87.786000,34.809000,33.99
1768858962,-0.752000,-0.231000,-0.527000,-65.939000,91.176000,35.695000,34.04
1768867675,-0.786000,-0.236000,-0.545000,-61.527000,90.611000,37.756000,33.89
1768878390,-0.761000,-0.206000,-0.548000,-60.015000,85.771000,38.656000,33.89
1768886622,-0.762000,-0.189000,-0.540000,-56.809000,82.656000,38.046000,34.04
1768899227,-0.720000,-0.156000,-0.584000,-56.061000,80.595000,37.756000,33.99
1768905646,-0.708000,-0.149000,-0.581000,-55.740000,79.756000,38.031000,34.04
1768912518,-0.709000,-0.150000,-0.580000,-56.061000,79.420000,38.947000,33.99
1768929730,-0.712000,-0.127000,-0.632000,-57.740000,79.679000,41.496000,34.04
1768939855,-0.707000,-0.122000,-0.581000,-57.008000,78.290000,42.214000,33.99
1768945428,-0.708000,-0.094000,-0.657000,-57.420000,77.985000,43.099000,33.94
1768960226,-0.679000,-0.085000,-0.644000,-56.321000,75.298000,41.832000,33.89
1768967242,-0.680000,-0.034000,-0.672000,-55.939000,72.626000,40.397000,33.94
1768975070,-0.656000,-0.011000,-0.676000,-57.557000,70.275000,39.008000,33.99
1768990578,-0.640000,-0.016000,-0.691000,-57.863000,70.473000,38.947000,33.94
1768997673,-0.666000,-0.018000,-0.724000,-56.672000,70.656000,39.176000,33.94
1769004323,-0.699000,-0.040000,-0.737000,-59.634000,71.145000,41.924000,34.08
1769018023,-0.668000,-0.020000,-0.709000,-60.580000,69.053000,41.832000,34.08
1769026342,-0.638000,-0.002000,-0.748000,-61.237000,68.473000,40.916000,33.99
1769037315,-0.595000,-0.010000,-0.711000,-59.924000,68.351000,39.374000,34.04
1769044163,-0.591000,-0.003000,-0.769000,-57.496000,69.084000,37.863000,33.89
1769059970,-0.590000,0.005000,-0.775000,-58.397000,69.389000,39.313000,34.04
1769067836,-0.609000,0.026000,-0.749000,-55.603000,70.015000,40.992000,33.99
1769075512,-0.556000,0.042000,-0.749000,-56.427000,69.298000,40.992000,34.04
1769087442,-0.541000,0.033000,-0.742000,-53.130000,70.382000,41.069000,33.99
1769097723,-0.521000,0.035000,-0.767000,-51.725000,70.641000,41.466000,33.94
1769104078,-0.517000,0.056000,-0.763000,-48.122000,70.672000,39.267000,33.99
1769115559,-0.510000,0.090000,-0.765000,-45.191000,71.481000,37.420000,34.04
1769124147,-0.472000,0.088000,-0.783000,-44.260000,72.183000,35.420000,33.99
1769136061,-0.515000,0.082000,-0.733000,-36.336000,77.771000,36.290000,33.99
1769146808,-0.507000,0.143000,-0.834000,-32.229000,78.198000,37.908000,33.94
1769159587,-0.529000,0.099000,-0.874000,-37.191000,83.924000,38.840000,33.99
1769166631,-0.481000,0.088000,-0.816000,-32.672000,84.229000,36.962000,33.99
1769173935,-0.511000,0.158000,-0.881000,-32.519000,86.550000,34.748000,33.89
1769185621,-0.519000,0.162000,-0.849000,-35.649000,84.214000,35.618000,34.04
1769197700,-0.451000,0.201000,-0.823000,-30.763000,88.260000,34.260000,33.89
1769203098,-0.434000,0.242000,-0.867000,-34.733000,87.298000,35.756000,34.04
1769216752,-0.393000,0.124000,-0.824000,-33.084000,88.901000,35.802000,34.08
1769224205,-0.398000,0.172000,-0.856000,-26.641000,90.275000,35.496000,34.04
1769235095,-0.421000,0.213000,-0.909000,-28.443000,90.397000,35.634000,34.08
1769246446,-0.450000,0.210000,-0.904000,-30.992000,86.855000,35.435000,34.04
1769260586,-0.499000,0.248000,-0.911000,-36.595000,84.305000,33.969000,33.99
1769265334,-0.473000,0.232000,-0.874000,-43.053000,77.496000,32.962000,33.89
1769276945,-0.378000,0.252000,-0.830000,-46.229000,74.870000,31.634000,34.04
1769285302,-0.334000,0.288000,-0.864000,-48.336000,72.015000,30.687000,33.99
1769296230,-0.263000,0.247000,-0.877000,-46.153000,71.389000,30.061000,33.94
1769302828,-0.274000,0.247000,-0.884000,-43.603000,69.664000,31.282000,33.89
1769319652,-0.311000,0.275000,-0.899000,-45.863000,66.916000,33.771000,33.94
1769328195,-0.343000,0.286000,-0.884000,-51.038000,61.053000,36.122000,33.99
1769336733,-0.286000,0.282000,-0.835000,-54.565000,55.725000,35.817000,34.04
1769347381,-0.240000,0.292000,-0.835000,-56.412000,53.817000,35.847000,33.99
1769359402,-0.215000,0.312000,-0.833000,-58.382000,54.244000,35.405000,33.94
1769364706,-0.196000,0.308000,-0.839000,-59.191000,52.092000,34.992000,33.99
1769376584,-0.166000,0.273000,-0.885000,-57.282000,50.290000,34.931000,33.94
1769384311,-0.165000,0.275000,-0.840000,-52.992000,49.160000,35.618000,33.99
1769395446,-0.191000,0.305000,-0.895000,-51.405000,46.916000,38.672000,33.94
1769402188,-0.212000,0.291000,-0.920000,-51.496000,45.145000,41.924000,33.94
1769414115,-0.179000,0.318000,-0.903000,-52.611000,43.924000,43.267000,33.99
1769427816,-0.192000,0.383000,-0.900000,-55.817000,42.336000,44.702000,34.04
1769436548,-0.135000,0.385000,-0.905000,-58.275000,40.840000,44.031000,33.99
1769448309,-0.099000,0.364000,-0.926000,-58.015000,41.191000,43.649000,34.04
1769459419,-0.097000,0.383000,-0.905000,-54.763000,42.183000,42.977000,33.89
1769464318,-0.056000,0.374000,-0.900000,-51.832000,42.473000,42.290000,33.85
1769478698,-0.078000,0.416000,-0.908000,-49.282000,44.977000,41.679000,33.89
1769486713,-0.108000,0.424000,-0.937000,-50.229000,46.290000,41.298000,34.04
1769495535,-0.088000,0.420000,-0.931000,-52.672000,46.336000,40.458000,33.89
1769506936,-0.117000,0.460000,-0.912000,-55.618000,46.626000,39.573000,33.94
1769513858,-0.087000,0.450000,-0.933000,-56.840000,44.641000,38.855000,33.89
1769527174,-0.024000,0.419000,-0.944000,-53.786000,47.328000,36.580000,34.04
1769536664,-0.026000,0.457000,-0.948000,-50.992000,49.374000,34.427000,33.99
1769547472,-0.021000,0.490000,-0.936000,-50.336000,53.008000,32.031000,33.89
1769556533,-0.030000,0.500000,-0.936000,-51.008000,56.412000,29.282000,33.94
1769564049,-0.024000,0.506000,-0.893000,-52.702000,59.252000,26.458000,33.99
1769576098,-0.036000,0.523000,-0.896000,-53.176000,57.756000,25.603000,33.94
1769587317,0.017000,0.471000,-0.900000,-48.901000,56.855000,23.695000,33.99
1769594936,0.022000,0.474000,-0.928000,-42.595000,59.679000,22.214000,33.94
1769606802,0.087000,0.410000,-0.963000,-36.870000,65.634000,18.855000,33.99
1769613658,-0.017000,0.448000,-0.940000,-28.458000,75.145000,15.099000,34.04
1769628252,-0.129000,0.534000,-0.939000,-32.397000,72.443000,14.992000,34.08
1769636069,-0.089000,0.530000,-0.912000,-40.275000,68.015000,13.557000,33.85
1769646833,-0.040000,0.560000,-0.813000,-44.031000,66.885000,14.107000,33.99
1769658200,0.067000,0.572000,-0.849000,-45.863000,65.389000,14.962000,34.04
1769664038,0.163000,0.524000,-0.851000,-40.504000,68.885000,14.931000,33.99
1769679500,0.220000,0.487000,-0.842000,-28.504000,80.168000,13.863000,33.99
1769690525,0.154000,0.603000,-0.828000,-20.947000,84.901000,16.336000,33.99
1769695040,0.132000,0.647000,-0.847000,-21.435000,86.183000,16.824000,33.99
1769706565,0.035000,0.708000,-0.841000,-26.137000,86.046000,16.427000,33.94
1769713313,-0.027000,0.738000,-0.877000,-38.076000,82.076000,18.412000,33.99
1769726493,-0.005000,0.709000,-0.848000,-47.893000,77.634000,19.359000,33.94
1769735798,0.072000,0.660000,-0.782000,-51.756000,74.931000,20.244000,33.99
1769746591,0.232000,0.629000,-0.740000,-47.252000,74.382000,22.977000,34.04
1769757706,0.256000,0.653000,-0.816000,-38.092000,74.626000,30.382000,33.89
1769765430,0.305000,0.694000,-0.761000,-34.321000,75.282000,38.153000,34.04
1769775740,0.318000,0.751000,-0.785000,-34.412000,74.763000,45.115000,34.08
1769786848,0.294000,0.744000,-0.787000,-37.527000,78.595000,50.336000,33.94
1769795222,0.219000,0.740000,-0.822000,-42.366000,80.168000,51.832000,33.99
1769806910,0.285000,0.668000,-0.804000,-46.153000,78.947000,50.809000,34.13
1769813607,0.309000,0.627000,-0.848000,-42.382000,85.115000,45.573000,34.13
1769827943,0.304000,0.649000,-0.854000,-42.794000,84.061000,44.565000,33.99
1769836301,0.314000,0.650000,-0.848000,-41.863000,88.611000,43.817000,33.89
1769847868,0.296000,0.643000,-0.828000,-47.725000,88.137000,47.298000,33.99
1769858064,0.414000,0.597000,-0.789000,-48.992000,91.466000,46.351000,34.04
1769864605,0.372000,0.622000,-0.772000,-49.450000,96.763000,43.237000,33.89
1769878800,0.413000,0.612000,-0.773000,-51.893000,96.321000,40.947000,33.94
1769886264,0.507000,0.562000,-0.772000,-46.656000,101.725000,35.282000,33.99
1769895948,0.487000,0.564000,-0.772000,-41.649000,110.031000,29.298000,33.94
1769906922,0.458000,0.605000,-0.735000,-40.198000,112.336000,25.802000,33.99
1769913936,0.427000,0.591000,-0.709000,-41.618000,116.183000,22.305000,34.04
1769926352,0.383000,0.555000,-0.691000,-43.603000,113.679000,18.443000,33.89
1769936541,0.351000,0.528000,-0.675000,-46.122000,113.511000,17.466000,33.94
1769948012,0.369000,0.522000,-0.604000,-46.412000,109.863000,16.702000,33.94
1769959409,0.446000,0.539000,-0.554000,-43.053000,108.489000,13.924000,34.08
1769964925,0.478000,0.544000,-0.563000,-36.916000,105.740000,15.496000,33.94
1769977068,0.560000,0.576000,-0.526000,-30.550000,110.458000,14.290000,34.08
1769985865,0.499000,0.646000,-0.527000,-28.809000,107.527000,17.954000,33.99
1769994786,0.488000,0.686000,-0.512000,-31.160000,104.931000,19.725000,33.99
1770006429,0.408000,0.490000,-0.338000,-23.206000,102.137000,23.664000,33.85
1770013248,0.421000,0.776000,-0.541000,-31.084000,98.321000,17.802000,33.99
1770029627,0.344000,0.646000,-0.453000,-37.664000,89.511000,16.290000,33.85
1770036363,0.425000,0.627000,-0.405000,-39.115000,75.359000,16.290000,33.99
1770046337,0.517000,0.616000,-0.384000,-34.427000,68.702000,15.084000,33.85
1770058282,0.549000,0.659000,-0.378000,-31.344000,60.000000,17.710000,33.99
1770067061,0.575000,0.702000,-0.354000,-31.542000,50.931000,21.695000,33.85
1770077254,0.606000,0.705000,-0.309000,-32.443000,40.137000,25.405000,33.89
1770087410,0.703000,0.697000,-0.279000,-30.046000,36.656000,25.359000,33.94
1770097996,0.665000,0.731000,-0.310000,-29.710000,30.336000,27.374000,33.94
1770106598,0.686000,0.713000,-0.282000,-29.664000,22.046000,28.947000,33.99
1770113657,0.712000,0.711000,-0.294000,-27.756000,14.000000,31.053000,33.94
1770130900,0.721000,0.695000,-0.286000,-25.603000,7.069000,33.573000,33.99
1770136900,0.726000,0.683000,-0.286000,-23.924000,-0.733000,34.916000,33.99
1770146244,0.790000,0.679000,-0.280000,-21.160000,-4.580000,34.656000,33.99
1770158088,0.749000,0.693000,-0.317000,-20.473000,-8.611000,35.954000,34.04
1770167149,0.757000,0.670000,-0.323000,-19.695000,-11.817000,34.519000,33.89
1770177311,0.721000,0.679000,-0.313000,-18.916000,-17.145000,33.511000,33.94
1770186705,0.731000,0.674000,-0.324000,-18.855000,-22.931000,32.137000,33.99
1770195809,0.748000,0.658000,-0.320000,-18.275000,-28.916000,30.366000,33.94
1770206545,0.771000,0.634000,-0.326000,-15.160000,-34.321000,27.267000,33.89
1770213346,0.760000,0.618000,-0.335000,-11.084000,-37.725000,25.725000,33.94
1770230191,0.795000,0.593000,-0.348000,-5.023000,-40.580000,21.344000,33.94
1770240688,0.769000,0.587000,-0.347000,1.038000,-41.954000,17.435000,33.99
1770246583,0.743000,0.612000,-0.363000,4.656000,-46.656000,14.122000,34.04
1770255179,0.718000,0.621000,-0.354000,5.405000,-51.924000,11.405000,33.99
1770264757,0.734000,0.616000,-0.375000,5.679000,-56.824000,8.107000,34.04
1770277991,0.771000,0.605000,-0.366000,7.649000,-59.863000,3.588000,33.89
1770287557,0.772000,0.584000,-0.421000,10.992000,-61.099000,-0.046000,33.94
1770298519,0.779000,0.573000,-0.408000,15.450000,-61.679000,-2.809000,33.89
1770303013,0.772000,0.566000,-0.409000,22.000000,-63.053000,-5.969000,33.94
1770314473,0.765000,0.573000,-0.429000,27.115000,-63.985000,-8.214000,33.99
1770329139,0.719000,0.580000,-0.436000,30.153000,-66.275000,-10.458000,33.94
1770337032,0.702000,0.577000,-0.461000,32.885000,-67.985000,-13.802000,33.99
1770346339,0.698000,0.578000,-0.470000,33.771000,-69.695000,-17.802000,33.94
1770355126,0.681000,0.578000,-0.480000,36.580000,-69.771000,-22.809000,33.89
1770365605,0.643000,0.565000,-0.506000,39.817000,-71.817000,-27.542000,33.99
1770378530,0.637000,0.534000,-0.519000,44.580000,-73.359000,-31.969000,33.85
1770387352,0.604000,0.525000,-0.522000,49.557000,-74.931000,-36.122000,33.99
1770397351,0.559000,0.513000,-0.509000,54.779000,-77.023000,-39.832000,33.94
1770403313,0.534000,0.520000,-0.511000,58.672000,-83.298000,-42.763000,34.08
1770414031,0.542000,0.532000,-0.525000,61.878000,-87.908000,-45.725000,33.94
1770426523,0.539000,0.513000,-0.586000,63.863000,-91.496000,-49.206000,33.89
1770437487,0.540000,0.491000,-0.562000,68.321000,-91.756000,-54.061000,34.04
1770446456,0.490000,0.511000,-0.578000,73.496000,-92.183000,-58.366000,33.99
1770459542,0.493000,0.538000,-0.587000,75.588000,-94.443000,-61.298000,34.04
1770468909,0.488000,0.542000,-0.598000,76.595000,-96.550000,-63.878000,33.99
1770475923,0.483000,0.551000,-0.594000,78.168000,-97.573000,-64.534000,33.99
1770486960,0.459000,0.540000,-0.660000,80.916000,-97.786000,-65.282000,33.94
1770497617,0.427000,0.522000,-0.708000,81.298000,-99.740000,-64.397000,33.89
1770506584,0.408000,0.500000,-0.728000,82.336000,-98.824000,-64.153000,33.99
1770513384,0.375000,0.494000,-0.730000,82.565000,-99.969000,-65.542000,33.99
1770530130,0.315000,0.491000,-0.716000,84.840000,-102.580000,-66.229000,33.94
1770536897,0.280000,0.532000,-0.719000,81.405000,-105.008000,-66.687000,33.89
1770546333,0.265000,0.515000,-0.739000,80.809000,-106.672000,-69.298000,34.04
1770559133,0.265000,0.545000,-0.761000,78.366000,-111.160000,-70.977000,33.99
1770567972,0.258000,0.510000,-0.791000,77.908000,-115.008000,-71.084000,34.04
1770576001,0.244000,0.463000,-0.805000,76.046000,-117.359000,-70.916000,33.99
1770587780,0.220000,0.445000,-0.814000,78.534000,-113.023000,-71.405000,34.04
1770598412,0.173000,0.434000,-0.820000,78.763000,-116.611000,-70.000000,33.99
1770605672,0.144000,0.429000,-0.809000,79.435000,-116.366000,-70.977000,33.99
1770612319,0.051000,0.448000,-0.847000,78.382000,-121.679000,-68.809000,33.94
1770625533,0.014000,0.454000,-0.847000,75.084000,-128.626000,-67.389000,33.89
1770637598,0.014000,0.416000,-0.888000,70.321000,-133.893000,-65.954000,34.04
1770643240,0.025000,0.405000,-0.866000,68.901000,-134.382000,-64.947000,33.99
1770658982,0.027000,0.334000,-0.958000,70.107000,-132.641000,-63.466000,33.94
1770667761,-0.048000,0.329000,-0.895000,73.573000,-125.008000,-64.595000,34.08
1770674587,-0.168000,0.396000,-0.867000,71.053000,-133.557000,-59.053000,33.94
1770686751,-0.128000,0.388000,-0.921000,64.244000,-139.771000,-56.412000,33.99
1770696066,-0.142000,0.355000,-0.913000,59.450000,-144.641000,-55.679000,34.04
1770703864,-0.157000,0.306000,-0.996000,56.626000,-147.466000,-55.313000,33.89
1770716798,-0.170000,0.283000,-0.934000,55.527000,-146.580000,-55.924000,33.94
1770724846,-0.189000,0.255000,-0.904000,58.916000,-143.786000,-56.702000,33.89
1770735397,-0.283000,0.285000,-0.939000,59.863000,-141.496000,-54.321000,33.89
1770745991,-0.334000,0.300000,-0.910000,55.359000,-147.740000,-50.031000,34.04
1770761306,-0.319000,0.296000,-0.887000,51.069000,-155.817000,-47.527000,33.89
1770766558,-0.306000,0.281000,-0.960000,45.115000,-158.794000,-46.916000,33.94
1770776914,-0.328000,0.238000,-0.898000,41.588000,-157.405000,-48.214000,33.89
1770786147,-0.359000,0.197000,-0.873000,44.244000,-155.374000,-50.504000,33.94
1770797212,-0.359000,0.156000,-0.877000,48.809000,-147.405000,-54.901000,33.99
1770806856,-0.473000,0.172000,-0.854000,55.237000,-141.389000,-55.832000,34.04
1770813358,-0.552000,0.220000,-0.906000,53.344000,-146.168000,-51.603000,33.99
1770830782,-0.566000,0.229000,-0.897000,46.092000,-154.565000,-48.107000,34.04
1770840489,-0.543000,0.188000,-0.844000,39.298000,-158.885000,-47.664000,33.89
1770845707,-0.515000,0.129000,-0.884000,39.481000,-154.702000,-51.160000,33.89
1770857216,-0.512000,0.093000,-0.794000,40.550000,-145.725000,-57.664000,33.94
1770870144,-0.589000,0.088000,-0.833000,47.618000,-134.656000,-64.275000,33.89
1770875585,-0.698000,0.097000,-0.839000,47.817000,-129.527000,-63.924000,34.08
1770887399,-0.769000,0.118000,-0.820000,42.733000,-133.267000,-62.031000,33.99
1770895329,-0.729000,0.090000,-0.786000,34.611000,-138.672000,-59.389000,33.94
1770904817,-0.671000,0.040000,-0.851000,30.947000,-137.053000,-61.176000,33.89
1770916371,-0.654000,-0.002000,-0.769000,30.534000,-131.176000,-63.450000,33.94
1770922869,-0.633000,-0.035000,-0.740000,35.344000,-122.595000,-65.160000,33.99
1770936988,-0.672000,-0.009000,-0.733000,39.221000,-115.069000,-67.466000,34.04
1770946641,-0.689000,-0.017000,-0.714000,41.466000,-108.321000,-70.183000,33.99
1770957148,-0.740000,-0.009000,-0.698000,43.878000,-100.443000,-73.160000,33.85
1770968927,-0.775000,-0.026000,-0.722000,43.252000,-98.519000,-72.947000,33.94
1770976963,-0.771000,-0.058000,-0.701000,41.649000,-94.351000,-73.191000,34.08
1770986121,-0.753000,-0.096000,-0.646000,43.634000,-90.366000,-73.496000,34.04
1770996847,-0.800000,-0.070000,-0.691000,46.015000,-85.160000,-72.458000,34.08
1771005700,-0.833000,-0.066000,-0.634000,44.550000,-83.908000,-70.168000,33.94
1771013872,-0.814000,-0.071000,-0.627000,44.107000,-81.908000,-68.382000,33.99
1771029719,-0.791000,-0.069000,-0.624000,44.489000,-78.901000,-68.702000,33.94
1771040026,-0.773000,-0.087000,-0.594000,47.527000,-73.313000,-71.237000,33.99
1771048597,-0.821000,-0.071000,-0.650000,48.977000,-67.069000,-72.870000,33.94
1771058645,-0.845000,-0.090000,-0.634000,46.031000,-66.290000,-71.649000,33.99
1771068090,-0.826000,-0.111000,-0.568000,44.809000,-66.580000,-69.557000,34.04
1771075118,-0.841000,-0.095000,-0.575000,44.931000,-64.092000,-67.282000,33.94
1771086799,-0.851000,-0.113000,-0.542000,43.679000,-66.015000,-63.481000,33.89
1771095778,-0.813000,-0.137000,-0.521000,45.496000,-66.824000,-61.084000,33.99
1771105587,-0.795000,-0.140000,-0.503000,48.641000,-65.145000,-59.924000,33.99
1771111935,-0.786000,-0.156000,-0.514000,53.389000,-62.183000,-60.458000,33.94
1771124769,-0.803000,-0.152000,-0.483000,55.557000,-58.885000,-61.573000,33.99
1771138915,-0.865000,-0.124000,-0.489000,53.725000,-60.305000,-58.687000,33.94
1771148169,-0.893000,-0.133000,-0.529000,46.840000,-62.992000,-56.000000,33.89
1771154543,-0.871000,-0.188000,-0.432000,44.137000,-67.130000,-53.588000,33.94
1771169387,-0.860000,-0.200000,-0.447000,45.634000,-68.382000,-52.031000,33.89
1771174193,-0.841000,-0.232000,-0.406000,45.908000,-69.420000,-49.740000,33.94
1771186094,-0.826000,-0.266000,-0.374000,50.504000,-68.870000,-48.046000,33.89
1771196842,-0.839000,-0.238000,-0.411000,52.275000,-67.817000,-46.687000,33.89
1771205096,-0.838000,-0.264000,-0.335000,52.611000,-68.947000,-45.359000,34.04
1771214952,-0.834000,-0.274000,-0.338000,53.557000,-69.099000,-43.710000,33.99
1771227684,-0.830000,-0.263000,-0.354000,52.595000,-67.969000,-45.099000,33.94
1771237893,-0.858000,-0.291000,-0.314000,52.137000,-69.557000,-43.939000,33.89
1771246696,-0.869000,-0.294000,-0.327000,49.557000,-70.702000,-43.496000,33.85
1771254275,-0.850000,-0.309000,-0.294000,46.840000,-70.977000,-42.107000,33.99
1771268313,-0.853000,-0.354000,-0.274000,48.473000,-71.069000,-40.122000,33.94
1771277059,-0.859000,-0.346000,-0.295000,48.626000,-69.710000,-38.260000,33.99
1771286065,-0.871000,-0.349000,-0.298000,48.076000,-71.786000,-46.718000,33.94
1771300215,-0.864000,-0.373000,-0.293000,47.435000,-68.183000,-42.733000,33.99
1771306379,-0.852000,-0.358000,-0.249000,45.939000,-67.588000,-39.191000,33.85
1771314048,-0.831000,-0.365000,-0.238000,45.725000,-63.817000,-34.351000,33.89
1771329688,-0.854000,-0.341000,-0.231000,43.420000,-61.084000,-32.061000,33.99
1771337713,-0.874000,-0.353000,-0.231000,40.061000,-62.901000,-28.366000,33.85
1771347136,-0.834000,-0.391000,-0.224000,39.603000,-61.542000,-27.893000,33.89
1771358680,-0.851000,-0.402000,-0.192000,40.580000,-60.244000,-28.046000,34.04
1771369840,-0.846000,-0.370000,-0.182000,45.130000,-57.832000,-28.092000,33.89
1771375552,-0.839000,-0.372000,-0.174000,39.069000,-57.069000,-21.756000,34.04
1771385969,-0.824000,-0.425000,-0.113000,42.244000,-56.412000,-24.977000,33.89
1771398245,-0.835000,-0.373000,-0.181000,41.603000,-57.206000,-21.542000,34.04
1771406801,-0.844000,-0.366000,-0.164000,38.870000,-58.855000,-20.061000,33.99
1771415886,-0.815000,-0.391000,-0.145000,36.366000,-58.473000,-18.840000,33.85
1771422664,-0.831000,-0.413000,-0.143000,37.573000,-57.802000,-17.893000,33.99
1771439129,-0.831000,-0.411000,-0.120000,38.366000,-57.557000,-18.947000,33.85
1771449389,-0.847000,-0.403000,-0.132000,35.145000,-56.214000,-18.015000,33.89
1771455705,-0.873000,-0.398000,-0.151000,33.344000,-56.809000,-17.099000,34.04
1771468414,-0.827000,-0.399000,-0.106000,29.527000,-58.992000,-17.115000,33.99
1771476952,-0.841000,-0.384000,-0.083000,25.130000,-57.420000,-17.023000,33.89
1771486973,-0.813000,-0.387000,-0.076000,21.511000,-60.672000,-15.908000,33.94
1771496958,-0.788000,-0.410000,-0.059000,17.649000,-58.595000,-15.237000,33.89
1771507713,-0.766000,-0.435000,-0.006000,20.244000,-55.435000,-13.771000,33.94
1771513861,-0.778000,-0.417000,-0.004000,23.511000,-54.641000,-15.786000,33.89
1771526800,-0.806000,-0.448000,0.012000,26.641000,-51.695000,-14.748000,33.94
1771534868,-0.811000,-0.441000,0.005000,27.267000,-48.763000,-14.122000,33.99
1771549180,-0.824000,-0.435000,0.022000,28.153000,-49.206000,-10.534000,33.94
1771556566,-0.819000,-0.409000,0.002000,24.458000,-47.328000,-9.863000,33.89
1771568250,-0.825000,-0.430000,0.018000,22.046000,-46.290000,-8.427000,33.85
1771575656,-0.766000,-0.437000,0.039000,23.603000,-41.069000,-7.985000,33.99
1771587322,-0.740000,-0.501000,0.050000,25.160000,-35.786000,-7.893000,33.94
1771595719,-0.735000,-0.455000,-0.088000,18.611000,-28.824000,-14.550000,33.94
1771606955,-0.757000,-0.463000,0.031000,18.840000,-22.947000,-15.847000,33.89
1771612501,-0.737000,-0.473000,0.018000,20.687000,-16.382000,-17.237000,33.80
1771625035,-0.718000,-0.508000,0.009000,24.244000,-7.160000,-17.679000,34.08
1771636961,-0.744000,-0.467000,0.053000,25.985000,-2.427000,-18.824000,33.85
1771646756,-0.755000,-0.463000,0.072000,27.298000,4.092000,-19.618000,33.99
1771656852,-0.733000,-0.425000,0.059000,26.809000,9.023000,-18.947000,33.94
1771666355,-0.740000,-0.446000,0.090000,28.122000,14.168000,-18.718000,33.89
1771677080,-0.724000,-0.450000,0.104000,28.534000,18.702000,-20.183000,33.94
1771688712,-0.756000,-0.460000,0.082000,27.954000,23.115000,-20.244000,33.89
1771696476,-0.769000,-0.442000,0.096000,27.634000,25.573000,-20.260000,33.85
1771706250,-0.787000,-0.437000,0.101000,25.954000,25.145000,-19.573000,33.99
1771712551,-0.784000,-0.427000,0.078000,24.458000,24.947000,-18.336000,33.94
1771728886,-0.767000,-0.432000,0.095000,21.649000,25.466000,-17.740000,33.94
1771737566,-0.787000,-0.434000,0.093000,19.252000,23.176000,-16.412000,33.89
1771746364,-0.786000,-0.438000,0.100000,16.443000,20.107000,-14.214000,33.94
1771757413,-0.760000,-0.452000,0.076000,14.733000,19.817000,-12.550000,33.89
1771766318,-0.747000,-0.461000,0.081000,13.359000,20.305000,-11.176000,33.94
1771775068,-0.751000,-0.474000,0.077000,12.382000,18.977000,-9.481000,33.89
1771786514,-0.746000,-0.469000,0.097000,11.573000,17.359000,-7.023000,34.04
1771796874,-0.750000,-0.438000,0.077000,10.427000,15.756000,-5.695000,33.99
1771805703,-0.738000,-0.456000,0.097000,8.580000,12.427000,-4.580000,33.94
1771812493,-0.735000,-0.442000,0.074000,5.206000,10.382000,-3.588000,33.89
1771830392,-0.745000,-0.447000,0.101000,2.137000,7.756000,-2.336000,33.94
1771846980,-0.739000,-0.453000,0.074000,-0.534000,6.305000,-1.191000,33.99
1771852936,-0.732000,-0.480000,0.094000,-2.611000,5.939000,-0.382000,33.99
1771858896,-0.739000,-0.482000,0.095000,-2.305000,6.061000,0.183000,33.94
1771867803,-0.752000,-0.478000,0.068000,-3.115000,4.885000,1.176000,33.89
1771875930,-0.746000,-0.466000,0.084000,-5.115000,3.298000,2.168000,33.94
1771887097,-0.756000,-0.455000,0.086000,-7.588000,1.084000,2.885000,33.99
1771896938,-0.743000,-0.447000,0.089000,-10.321000,0.000000,4.244000,33.94
1771906316,-0.721000,-0.471000,0.091000,-11.695000,0.809000,3.145000,33.89
1771914104,-0.765000,-0.448000,0.064000,-14.656000,0.031000,3.664000,33.94
1771926178,-0.752000,-0.462000,0.090000,-17.313000,-0.809000,5.237000,33.99
1771938382,-0.728000,-0.478000,0.081000,-18.275000,0.382000,4.794000,33.94
1771948652,-0.725000,-0.488000,0.060000,-19.496000,1.954000,4.244000,33.99
1771955147,-0.735000,-0.464000,0.067000,-21.542000,1.725000,5.389000,33.94
1771967166,-0.733000,-0.459000,0.083000,-22.870000,2.107000,6.183000,33.94
1771977001,-0.729000,-0.461000,0.066000,-23.695000,4.000000,6.641000,33.99
1771987897,-0.733000,-0.446000,0.059000,-24.962000,6.779000,6.305000,33.89
1771998889,-0.757000,-0.443000,0.069000,-24.992000,9.115000,7.267000,33.99
1772006127,-0.745000,-0.480000,0.096000,-23.313000,11.267000,9.099000,33.94
1772014831,-0.742000,-0.479000,0.060000,-19.725000,15.069000,7.328000,33.99
1772021883,-0.785000,-0.471000,0.075000,-19.328000,17.405000,9.802000,33.94
1772038758,-0.804000,-0.468000,0.033000,-19.374000,16.840000,13.389000,33.99
1772048698,-0.798000,-0.464000,0.012000,-21.634000,15.420000,15.374000,33.94
1772054768,-0.810000,-0.461000,-0.027000,-23.634000,14.656000,14.870000,33.89
1772067532,-0.805000,-0.448000,-0.012000,-26.473000,14.855000,14.092000,33.94
1772076768,-0.793000,-0.445000,0.008000,-27.802000,16.519000,16.214000,33.99
1772086754,-0.752000,-0.452000,0.069000,-27.527000,20.229000,17.908000,33.94
1772098243,-0.730000,-0.446000,0.079000,-24.977000,23.878000,19.374000,33.94
1772104317,-0.730000,-0.438000,0.020000,-22.611000,27.389000,20.351000,33.89
1772114555,-0.747000,-0.420000,0.015000,-23.725000,29.542000,18.809000,33.85
1772130055,-0.759000,-0.430000,-0.005000,-23.664000,29.893000,16.794000,33.89
1772137849,-0.743000,-0.465000,-0.016000,-22.137000,32.137000,16.443000,34.08
1772147964,-0.793000,-0.456000,-0.047000,-20.824000,34.595000,16.672000,33.89
1772153360,-0.812000,-0.421000,-0.003000,-23.191000,37.282000,16.412000,34.04
1772167473,-0.826000,-0.417000,-0.012000,-25.145000,38.977000,16.824000,33.89
1772177170,-0.815000,-0.413000,-0.027000,-27.710000,40.855000,18.260000,33.94
1772186376,-0.796000,-0.422000,-0.042000,-28.092000,44.931000,18.305000,33.99
1772197672,-0.797000,-0.441000,-0.047000,-27.313000,46.702000,18.672000,33.94
1772206609,-0.781000,-0.445000,-0.074000,-26.214000,48.870000,19.420000,33.99
1772213134,-0.792000,-0.434000,-0.051000,-26.122000,51.099000,18.336000,33.85
1772230233,-0.804000,-0.427000,-0.076000,-25.954000,50.641000,17.725000,33.89
1772242751,-0.802000,-0.429000,-0.105000,-26.122000,53.160000,18.076000,34.04
1772249023,-0.802000,-0.451000,-0.130000,-25.420000,57.313000,18.702000,33.94
1772255787,-0.796000,-0.440000,-0.103000,-23.878000,63.771000,19.313000,33.99
1772270418,-0.820000,-0.408000,-0.134000,-24.672000,67.374000,20.489000,33.94
1772275826,-0.818000,-0.396000,-0.166000,-26.092000,68.809000,20.229000,33.89
1772287044,-0.819000,-0.398000,-0.212000,-29.099000,72.076000,20.473000,33.94
1772295529,-0.848000,-0.410000,-0.232000,-30.290000,75.191000,19.954000,33.99
1772306050,-0.850000,-0.431000,-0.239000,-31.023000,75.832000,19.786000,33.85
1772311924,-0.869000,-0.434000,-0.235000,-29.969000,78.397000,19.969000,33.89
1772323734,-0.844000,-0.410000,-0.224000,-28.748000,82.458000,20.473000,33.94
1772338641,-0.828000,-0.396000,-0.236000,-28.916000,84.794000,24.046000,33.89
1772345427,-0.785000,-0.369000,-0.193000,-26.916000,89.145000,23.664000,34.04
1772355528,-0.784000,-0.350000,-0.256000,-26.427000,87.573000,25.069000,33.89
1772366479,-0.771000,-0.360000,-0.310000,-27.405000,90.260000,25.252000,33.94
1772376063,-0.837000,-0.385000,-0.331000,-25.802000,90.412000,23.679000,33.89
1772387797,-0.871000,-0.364000,-0.365000,-28.595000,88.183000,26.855000,33.99
1772396786,-0.875000,-0.363000,-0.351000,-32.137000,86.015000,29.573000,33.94
1772405930,-0.856000,-0.308000,-0.345000,-31.618000,87.496000,30.840000,33.99
1772415471,-0.840000,-0.245000,-0.363000,-37.695000,86.611000,29.145000,33.85
1772422412,-0.827000,-0.311000,-0.389000,-41.924000,83.527000,28.290000,33.89
1772439995,-0.822000,-0.350000,-0.411000,-42.092000,82.763000,30.901000,33.99
1772448997,-0.736000,-0.295000,-0.433000,-38.550000,85.756000,27.740000,33.99
1772454729,-0.855000,-0.247000,-0.489000,-49.710000,89.527000,28.137000,33.85
1772466625,-0.877000,-0.324000,-0.387000,-53.496000,87.588000,30.015000,33.99
1772474956,-0.856000,-0.324000,-0.389000,-52.794000,90.977000,29.359000,33.85
1772486051,-0.823000,-0.288000,-0.416000,-50.641000,91.267000,30.534000,33.89
1772498017,-0.834000,-0.331000,-0.490000,-55.252000,90.840000,31.405000,33.94
1772505872,-0.806000,-0.331000,-0.428000,-53.679000,89.817000,30.779000,33.99
1772514353,-0.780000,-0.301000,-0.464000,-52.244000,88.443000,28.992000,33.85
1772529749,-0.785000,-0.249000,-0.505000,-54.611000,91.511000,27.649000,33.99
1772538307,-0.802000,-0.247000,-0.510000,-59.924000,90.382000,26.870000,33.94
1772548328,-0.820000,-0.312000,-0.503000,-59.206000,91.069000,27.405000,34.04
1772553406,-0.803000,-0.252000,-0.588000,-62.397000,90.916000,28.672000,33.89
1772566525,-0.778000,-0.283000,-0.571000,-63.679000,89.313000,31.038000,33.94
1772575605,-0.794000,-0.269000,-0.607000,-58.672000,91.450000,33.221000,33.89
1772586217,-0.793000,-0.203000,-0.608000,-59.817000,89.618000,34.504000,33.99
1772597408,-0.752000,-0.161000,-0.639000,-61.450000,85.725000,33.206000,33.99
1772606515,-0.739000,-0.112000,-0.647000,-65.908000,84.931000,32.550000,33.94
1772613169,-0.722000,-0.085000,-0.622000,-68.947000,82.305000,30.794000,33.89
1772629287,-0.696000,-0.082000,-0.665000,-71.359000,81.115000,30.351000,33.94
1772637317,-0.714000,-0.094000,-0.680000,-71.053000,78.672000,31.878000,33.89
1772646871,-0.712000,-0.143000,-0.695000,-70.015000,76.550000,36.366000,33.94
1772657595,-0.690000,-0.168000,-0.674000,-66.824000,76.885000,40.489000,33.99
1772668967,-0.727000,-0.075000,-0.705000,-66.244000,74.565000,43.786000,33.94
1772674558,-0.671000,-0.042000,-0.657000,-68.321000,71.389000,42.672000,33.89
1772686480,-0.668000,0.001000,-0.692000,-71.649000,71.420000,39.573000,33.94
1772696557,-0.653000,0.002000,-0.700000,-77.206000,70.137000,36.672000,33.99
1772705384,-0.669000,-0.018000,-0.717000,-78.397000,71.267000,34.504000,33.94
1772711974,-0.658000,-0.073000,-0.738000,-79.924000,69.115000,37.206000,33.94
1772724033,-0.648000,-0.098000,-0.725000,-75.573000,70.214000,40.382000,33.99
1772736349,-0.650000,-0.085000,-0.741000,-73.466000,68.855000,44.443000,33.99
1772746221,-0.624000,-0.060000,-0.750000,-69.664000,69.084000,46.260000,33.89
1772756827,-0.630000,-0.062000,-0.771000,-67.847000,66.763000,47.649000,33.85
1772768225,-0.582000,-0.055000,-0.703000,-65.344000,67.847000,46.351000,33.89
1772774011,-0.577000,-0.010000,-0.762000,-64.183000,70.046000,45.450000,34.04
1772788548,-0.553000,-0.010000,-0.736000,-65.298000,73.817000,43.008000,33.99
1772801160,-0.553000,0.004000,-0.745000,-62.351000,77.160000,40.824000,33.94
1772805428,-0.548000,0.014000,-0.781000,-62.626000,78.244000,39.160000,33.99
1772816056,-0.514000,-0.029000,-0.773000,-62.168000,78.672000,37.969000,33.94
1772823396,-0.533000,-0.022000,-0.796000,-55.053000,81.084000,38.779000,33.89
1772836266,-0.582000,-0.058000,-0.822000,-47.573000,82.855000,40.962000,34.04
1772846771,-0.567000,0.098000,-0.842000,-48.977000,82.809000,38.870000,33.99
1772857403,-0.536000,0.080000,-0.755000,-51.817000,82.321000,39.038000,33.94
1772868070,-0.541000,0.099000,-0.767000,-54.382000,81.771000,41.527000,33.89
1772873773,-0.462000,0.076000,-0.760000,-50.153000,84.427000,41.679000,34.04
1772885059,-0.441000,0.094000,-0.781000,-44.962000,80.626000,42.183000,33.89
1772899549,-0.401000,0.140000,-0.790000,-38.947000,81.084000,41.221000,33.89
1772904136,-0.446000,0.239000,-0.814000,-38.656000,82.901000,42.046000,34.04
1772915323,-0.482000,0.268000,-0.854000,-43.115000,81.756000,43.145000,33.89
1772922057,-0.494000,0.242000,-0.862000,-46.962000,80.382000,45.374000,34.04
1772936136,-0.491000,0.243000,-0.856000,-49.191000,77.527000,48.137000,33.89
1772946710,-0.394000,0.207000,-0.869000,-46.427000,74.855000,48.504000,34.04
1772956509,-0.395000,0.276000,-0.918000,-45.008000,73.542000,50.840000,33.89
1772968904,-0.406000,0.340000,-0.915000,-46.443000,72.000000,51.282000,34.04
1772974405,-0.378000,0.347000,-0.919000,-52.382000,67.954000,52.504000,33.89
1772985985,-0.356000,0.337000,-0.872000,-54.107000,67.160000,52.000000,33.85
1772997018,-0.371000,0.346000,-0.874000,-56.672000,65.313000,52.779000,33.99
1773005204,-0.330000,0.322000,-0.883000,-57.649000,62.244000,54.427000,33.85
1773014883,-0.305000,0.313000,-0.903000,-57.359000,59.435000,56.611000,33.89
1773029150,-0.260000,0.289000,-0.865000,-56.977000,55.282000,58.779000,33.94
1773039892,-0.188000,0.251000,-0.842000,-50.595000,56.275000,58.580000,33.89
1773048266,-0.225000,0.302000,-0.862000,-48.382000,57.695000,58.885000,33.99
1773055009,-0.216000,0.335000,-0.840000,-47.756000,54.595000,57.130000,33.85
1773066438,-0.185000,0.375000,-0.872000,-51.069000,52.626000,53.191000,33.89
1773076549,-0.186000,0.365000,-0.919000,-53.420000,54.977000,50.244000,33.94
1773086137,-0.184000,0.300000,-0.943000,-55.603000,53.908000,50.519000,33.89
1773098084,-0.197000,0.252000,-0.940000,-52.595000,57.450000,50.626000,33.94
1773104880,-0.251000,0.251000,-0.931000,-49.908000,57.878000,51.893000,33.99
1773114493,-0.211000,0.255000,-0.892000,-48.977000,58.168000,51.069000,34.04
1773130203,-0.158000,0.288000,-0.852000,-44.565000,59.908000,48.107000,33.99
1773138837,-0.116000,0.333000,-0.860000,-43.237000,61.450000,45.160000,33.85
1773148157,-0.040000,0.302000,-0.839000,-38.962000,63.786000,42.931000,33.89
1773155039,-0.065000,0.341000,-0.887000,-33.908000,69.817000,42.382000,34.04
1773166880,-0.044000,0.307000,-0.846000,-29.740000,70.427000,41.313000,33.99
1773176601,-0.071000,0.329000,-0.892000,-21.328000,77.771000,38.214000,33.94
1773187433,-0.086000,0.404000,-0.896000,-20.412000,76.916000,35.542000,33.99
1773198008,-0.047000,0.429000,-0.920000,-20.305000,79.115000,31.252000,33.94
1773206751,-0.048000,0.489000,-0.927000,-22.824000,82.366000,26.656000,33.94
1773213872,-0.052000,0.467000,-0.908000,-25.588000,84.198000,21.679000,33.89
1773229894,-0.098000,0.464000,-0.909000,-30.641000,85.206000,23.069000,33.94
1773240711,-0.065000,0.450000,-0.849000,-29.878000,83.924000,23.863000,33.89
1773248192,0.028000,0.428000,-0.835000,-26.519000,80.443000,24.992000,33.94
1773255258,0.072000,0.481000,-0.854000,-20.840000,80.443000,25.496000,33.89
1773271888,0.063000,0.563000,-0.875000,-20.733000,80.611000,27.985000,33.94
1773276924,0.061000,0.584000,-0.909000,-22.794000,81.603000,29.954000,33.89
1773287361,-0.051000,0.595000,-0.868000,-28.031000,80.489000,32.733000,33.94
1773296534,-0.011000,0.559000,-0.854000,-33.710000,71.954000,36.168000,33.89
1773307618,0.041000,0.545000,-0.844000,-34.229000,69.756000,37.038000,33.85
1773313950,0.076000,0.580000,-0.898000,-34.947000,63.221000,39.267000,33.89
1773326574,0.173000,0.547000,-0.871000,-32.763000,62.366000,41.863000,33.94
1773340228,0.138000,0.596000,-0.906000,-30.244000,61.344000,44.748000,33.99
1773348817,0.097000,0.594000,-0.896000,-34.015000,58.672000,47.527000,33.94
1773355541,0.064000,0.599000,-0.871000,-39.206000,56.183000,49.328000,33.99
1773369588,0.063000,0.608000,-0.859000,-45.099000,52.840000,47.786000,33.94
1773376640,0.124000,0.589000,-0.872000,-50.504000,47.573000,47.740000,33.89
1773384786,0.208000,0.517000,-0.843000,-46.580000,47.817000,45.252000,33.94
1773396679,0.204000,0.519000,-0.842000,-46.305000,46.061000,46.504000,33.99
1773408577,0.248000,0.518000,-0.824000,-42.229000,44.718000,46.382000,33.99
1773413975,0.242000,0.570000,-0.839000,-43.725000,45.420000,46.672000,33.99
1773426618,0.217000,0.574000,-0.840000,-46.855000,44.076000,47.405000,33.99
1773439280,0.243000,0.548000,-0.832000,-48.229000,44.885000,46.427000,33.94
1773445491,0.241000,0.536000,-0.869000,-49.191000,44.687000,44.718000,33.99
1773455923,0.281000,0.518000,-0.836000,-48.382000,44.153000,41.817000,33.94
1773468179,0.343000,0.497000,-0.889000,-46.198000,46.580000,38.580000,33.89
1773476528,0.348000,0.512000,-0.871000,-42.504000,50.031000,35.115000,33.94
1773486919,0.375000,0.520000,-0.904000,-41.191000,52.901000,31.924000,33.89
1773498767,0.361000,0.538000,-0.909000,-41.863000,59.145000,30.046000,33.85
1773505116,0.312000,0.571000,-0.886000,-46.382000,61.618000,29.618000,33.89
1773514607,0.371000,0.513000,-0.879000,-47.588000,62.061000,29.023000,34.04
1773526533,0.406000,0.483000,-0.840000,-44.947000,67.252000,28.412000,33.89
1773538306,0.459000,0.517000,-0.832000,-40.565000,71.023000,27.893000,33.85
1773547525,0.519000,0.503000,-0.821000,-34.183000,77.634000,27.695000,33.99
1773554929,0.505000,0.554000,-0.832000,-28.534000,84.718000,27.573000,33.94
1773567409,0.494000,0.594000,-0.815000,-28.305000,87.527000,26.702000,33.99
1773576899,0.470000,0.602000,-0.817000,-28.718000,89.282000,25.939000,33.94
1773585882,0.368000,0.656000,-0.783000,-33.191000,94.641000,26.168000,33.89
1773597140,0.390000,0.640000,-0.779000,-39.817000,90.962000,25.679000,33.94
1773605293,0.416000,0.616000,-0.744000,-41.695000,90.992000,24.840000,33.99
1773614840,0.512000,0.593000,-0.733000,-39.115000,92.275000,24.366000,33.94
1773620492,0.531000,0.579000,-0.738000,-31.603000,96.244000,26.122000,33.99
1773636881,0.519000,0.657000,-0.735000,-27.435000,98.718000,29.481000,33.99
1773646250,0.513000,0.706000,-0.685000,-30.260000,95.405000,33.130000,33.80
1773657002,0.527000,0.738000,-0.698000,-34.061000,94.565000,33.756000,33.99
1773668494,0.495000,0.701000,-0.672000,-38.992000,96.718000,33.756000,33.85
1773673491,0.515000,0.688000,-0.623000,-41.847000,93.802000,32.382000,33.99
1773685427,0.550000,0.659000,-0.629000,-40.794000,94.672000,31.603000,33.94
1773696119,0.608000,0.597000,-0.659000,-39.450000,94.412000,33.557000,33.89
1773704056,0.608000,0.623000,-0.624000,-34.321000,96.931000,32.870000,33.85
1773715132,0.579000,0.615000,-0.615000,-33.924000,97.786000,36.275000,33.99
1773722224,0.538000,0.634000,-0.625000,-36.122000,98.687000,37.573000,33.85
1773736937,0.488000,0.524000,-0.484000,-33.985000,93.053000,39.145000,33.89
1773746830,0.583000,0.741000,-0.623000,-45.786000,90.885000,38.840000,33.94
1773756461,0.594000,0.530000,-0.488000,-47.740000,90.656000,36.992000,33.89
1773767120,0.627000,0.592000,-0.521000,-44.656000,90.656000,35.771000,34.04
1773773135,0.624000,0.584000,-0.483000,-43.664000,90.947000,34.763000,33.99
1773790205,0.622000,0.577000,-0.459000,-44.015000,89.496000,34.122000,33.94
1773798662,0.638000,0.555000,-0.406000,-43.695000,86.885000,32.641000,33.89
1773804421,0.636000,0.562000,-0.406000,-44.275000,82.977000,32.321000,33.89
1773815694,0.619000,0.552000,-0.395000,-43.252000,81.084000,30.916000,33.94
1773829108,0.624000,0.561000,-0.371000,-44.229000,72.901000,32.702000,33.89
1773843604,0.715000,0.563000,-0.315000,-43.786000,64.290000,33.389000,33.94
1773846504,0.835000,0.551000,-0.295000,-40.412000,63.863000,32.382000,33.99
1773856136,0.801000,0.600000,-0.267000,-36.305000,64.443000,32.260000,33.94
1773867776,0.836000,0.622000,-0.256000,-37.191000,59.160000,33.145000,33.89
1773874215,0.894000,0.603000,-0.209000,-34.260000,57.771000,31.344000,33.94
1773885542,0.833000,0.658000,-0.211000,-35.008000,52.382000,32.168000,33.99
1773900030,0.841000,0.670000,-0.176000,-38.855000,42.458000,33.511000,33.94
1773904316,0.818000,0.634000,-0.155000,-39.282000,30.855000,34.015000,33.89
1773915917,0.875000,0.597000,-0.153000,-37.389000,18.901000,34.458000,33.94
1773922814,0.897000,0.634000,-0.129000,-29.634000,11.053000,32.534000,33.99
1773938151,0.908000,0.656000,-0.155000,-34.153000,3.450000,32.947000,33.85
1773946238,0.875000,0.570000,-0.126000,-28.794000,-6.718000,32.412000,33.89
1773957064,0.902000,0.605000,-0.146000,-26.244000,-15.634000,29.252000,33.94
1773968545,0.858000,0.589000,-0.170000,-24.595000,-25.313000,27.282000,34.08
1773973660,0.840000,0.587000,-0.191000,-24.351000,-36.718000,24.931000,33.94
1773985632,0.812000,0.587000,-0.198000,-24.565000,-48.580000,23.389000,33.89
1774000282,0.822000,0.580000,-0.216000,-25.649000,-60.656000,21.420000,33.89
1774004960,0.917000,0.513000,-0.211000,-25.573000,-68.412000,17.588000,33.94
1774015845,0.997000,0.454000,-0.201000,-14.076000,-64.962000,8.733000,33.89
1774023130,0.944000,0.471000,-0.246000,-2.763000,-65.771000,3.069000,33.99
1774037218,0.954000,0.486000,-0.286000,1.802000,-68.015000,0.305000,33.89
1774046104,0.941000,0.493000,-0.314000,5.924000,-67.084000,-2.931000,33.94
1774057564,0.902000,0.507000,-0.313000,9.145000,-65.374000,-7.435000,33.89
1774068544,0.865000,0.520000,-0.331000,11.435000,-66.153000,-11.924000,33.94
1774073823,0.858000,0.533000,-0.357000,10.534000,-67.374000,-16.580000,33.89
1774087704,0.868000,0.508000,-0.376000,11.573000,-67.023000,-21.878000,33.94
1774095415,0.859000,0.482000,-0.384000,17.252000,-65.679000,-27.695000,33.99
1774104194,0.832000,0.482000,-0.412000,22.565000,-65.008000,-32.595000,33.85
1774116067,0.824000,0.490000,-0.422000,28.031000,-65.206000,-36.519000,33.89
1774129344,0.811000,0.515000,-0.414000,31.298000,-65.634000,-40.473000,33.94
1774140418,0.823000,0.500000,-0.421000,34.687000,-63.557000,-46.397000,33.89
1774146980,0.798000,0.540000,-0.417000,39.069000,-61.160000,-52.595000,33.94
1774157762,0.782000,0.553000,-0.476000,41.115000,-61.023000,-58.092000,33.89
1774167922,0.788000,0.554000,-0.458000,41.176000,-60.595000,-62.382000,33.94
1774173561,0.782000,0.521000,-0.480000,45.817000,-60.076000,-67.359000,33.99
1774187587,0.737000,0.544000,-0.499000,49.374000,-59.191000,-71.557000,33.85
1774199492,0.686000,0.558000,-0.487000,51.664000,-60.290000,-75.328000,33.99
1774203949,0.628000,0.583000,-0.520000,52.290000,-62.397000,-78.840000,33.99
1774215593,0.619000,0.601000,-0.550000,48.992000,-67.969000,-79.954000,33.94
1774222371,0.669000,0.539000,-0.530000,49.771000,-71.969000,-82.321000,33.89
1774237103,0.682000,0.539000,-0.543000,54.870000,-72.198000,-82.244000,34.04
1774246522,0.688000,0.523000,-0.553000,62.183000,-72.809000,-82.000000,33.99
1774256322,0.659000,0.557000,-0.534000,67.969000,-72.626000,-79.603000,33.89
1774267341,0.596000,0.609000,-0.561000,69.679000,-73.695000,-77.649000,33.99
1774273096,0.553000,0.618000,-0.593000,66.168000,-77.771000,-77.038000,33.94
1774288431,0.552000,0.588000,-0.583000,62.779000,-80.275000,-77.420000,33.99
1774298583,0.533000,0.543000,-0.583000,65.511000,-79.939000,-80.092000,34.04
1774304450,0.484000,0.540000,-0.589000,70.107000,-81.008000,-81.573000,33.99
1774315235,0.468000,0.551000,-0.596000,73.969000,-82.962000,-81.023000,33.85
1774328528,0.411000,0.573000,-0.615000,76.214000,-85.954000,-79.725000,33.89
1774339309,0.365000,0.576000,-0.741000,72.702000,-91.221000,-76.275000,33.85
1774346613,0.360000,0.524000,-0.717000,69.084000,-95.847000,-73.954000,33.89
1774356382,0.307000,0.524000,-0.669000,71.969000,-95.267000,-75.160000,33.94
1774366850,0.264000,0.556000,-0.683000,70.901000,-100.168000,-72.702000,33.89
1774376515,0.266000,0.548000,-0.700000,69.771000,-104.870000,-72.748000,33.94
1774386079,0.201000,0.571000,-0.697000,70.122000,-105.435000,-74.534000,33.99
1774398573,0.133000,0.600000,-0.743000,67.649000,-113.847000,-74.672000,33.94
1774403064,0.171000,0.551000,-0.814000,60.229000,-120.992000,-72.412000,33.89
1774414223,0.266000,0.445000,-0.811000,61.221000,-121.237000,-73.191000,33.99
1774427216,0.190000,0.446000,-0.801000,67.939000,-117.252000,-71.313000,33.94
1774442126,0.119000,0.509000,-0.811000,68.534000,-118.122000,-65.817000,33.99
1774444994,0.049000,0.563000,-0.839000,64.641000,-123.618000,-60.504000,33.85
1774460340,0.022000,0.606000,-0.828000,57.069000,-127.756000,-58.092000,33.89
1774465892,0.024000,0.581000,-0.858000,49.450000,-134.229000,-56.534000,33.94
1774476145,0.072000,0.506000,-0.929000,47.206000,-133.878000,-58.397000,33.89
1774485709,0.059000,0.466000,-0.855000,48.916000,-131.328000,-60.275000,33.85
1774499533,0.074000,0.424000,-0.929000,50.687000,-130.305000,-61.313000,33.89
1774505794,-0.002000,0.416000,-0.906000,55.481000,-122.321000,-61.145000,34.04
1774512813,-0.139000,0.473000,-0.900000,54.733000,-129.130000,-55.160000,33.80
1774527227,-0.115000,0.495000,-0.922000,45.740000,-137.221000,-50.489000,33.94
1774537773,-0.090000,0.486000,-0.905000,40.061000,-143.130000,-49.603000,33.80
1774543665,-0.078000,0.442000,-0.901000,37.573000,-140.305000,-51.878000,33.94
1774559722,-0.072000,0.389000,-0.883000,39.954000,-138.275000,-56.427000,33.89
1774568308,-0.098000,0.365000,-0.885000,42.840000,-133.634000,-60.504000,33.94
1774574866,-0.182000,0.350000,-0.946000,45.450000,-130.214000,-60.580000,33.89
1774587019,-0.255000,0.386000,-0.864000,43.084000,-131.664000,-55.954000,33.94
1774598199,-0.281000,0.369000,-0.844000,38.565000,-137.740000,-54.611000,33.89
1774603985,-0.263000,0.363000,-0.824000,36.214000,-140.840000,-54.733000,33.89
1774615647,-0.206000,0.277000,-0.894000,40.031000,-138.840000,-58.382000,33.94
1774626822,-0.212000,0.268000,-0.823000,46.397000,-128.443000,-63.359000,33.89
1774637695,-0.257000,0.243000,-0.855000,51.649000,-126.107000,-63.160000,33.99
1774646475,-0.368000,0.309000,-0.910000,51.389000,-115.374000,-64.885000,33.89
1774654747,-0.483000,0.304000,-0.772000,45.908000,-121.069000,-64.412000,33.85
1774665187,-0.441000,0.295000,-0.858000,39.160000,-125.466000,-66.611000,33.99
1774678896,-0.433000,0.234000,-0.828000,35.771000,-118.794000,-72.412000,33.94
1774687583,-0.419000,0.146000,-0.798000,43.496000,-111.496000,-77.328000,33.99
1774696996,-0.473000,0.190000,-0.795000,54.519000,-99.603000,-80.855000,33.94
1774703242,-0.522000,0.200000,-0.818000,57.450000,-98.137000,-79.496000,33.89
1774713876,-0.558000,0.200000,-0.881000,59.450000,-95.328000,-78.229000,33.94
1774726374,-0.651000,0.202000,-0.860000,54.595000,-98.901000,-75.740000,33.89
1774737045,-0.618000,0.137000,-0.849000,52.870000,-100.901000,-76.061000,33.94
1774746454,-0.604000,0.126000,-0.812000,52.840000,-97.603000,-76.809000,33.99
1774759336,-0.587000,0.096000,-0.772000,57.420000,-92.824000,-78.840000,33.94
1774768111,-0.612000,0.126000,-0.748000,59.939000,-89.634000,-79.634000,33.99
1774776433,-0.645000,0.142000,-0.755000,59.969000,-91.649000,-76.962000,33.94
1774787342,-0.640000,0.133000,-0.768000,58.427000,-90.824000,-76.687000,33.99
1774795992,-0.676000,0.111000,-0.728000,56.931000,-91.786000,-75.786000,33.94
1774805589,-0.650000,0.073000,-0.784000,54.550000,-91.008000,-73.863000,33.99
1774812437,-0.665000,0.014000,-0.749000,57.679000,-85.664000,-74.382000,33.94
1774828905,-0.731000,0.026000,-0.706000,59.771000,-82.534000,-74.550000,33.99
1774838987,-0.754000,0.042000,-0.726000,56.885000,-84.000000,-73.115000,33.89
1774844702,-0.760000,0.020000,-0.692000,54.504000,-86.168000,-71.939000,33.85
1774857852,-0.777000,-0.002000,-0.716000,51.344000,-90.840000,-68.519000,33.89
1774866755,-0.721000,-0.062000,-0.689000,50.458000,-92.992000,-65.511000,33.99
1774876168,-0.686000,-0.096000,-0.632000,55.802000,-91.832000,-63.466000,33.99
1774888865,-0.726000,-0.078000,-0.682000,61.008000,-85.511000,-62.061000,33.94
1774896815,-0.761000,-0.077000,-0.638000,62.641000,-83.466000,-60.916000,33.89
1774903885,-0.781000,-0.066000,-0.612000,61.878000,-81.863000,-59.389000,33.94
1774915738,-0.798000,-0.064000,-0.631000,58.290000,-83.252000,-58.611000,33.99
1774928420,-0.787000,-0.078000,-0.584000,54.855000,-87.099000,-58.779000,33.94
1774937119,-0.790000,-0.106000,-0.619000,54.580000,-87.527000,-57.863000,33.89
1774947152,-0.775000,-0.124000,-0.615000,55.115000,-83.847000,-59.069000,33.94
1774958810,-0.810000,-0.172000,-0.544000,57.328000,-82.229000,-56.580000,33.80
1774966128,-0.824000,-0.169000,-0.571000,59.115000,-78.794000,-55.069000,33.94
1774976638,-0.855000,-0.187000,-0.529000,60.504000,-76.992000,-52.214000,33.89
1774987046,-0.849000,-0.186000,-0.516000,61.206000,-78.031000,-50.015000,33.94
1774996091,-0.853000,-0.171000,-0.514000,60.000000,-79.878000,-48.336000,33.89
1775000653,-0.823000,-0.205000,-0.487000,59.695000,-81.954000,-47.908000,34.04
1775014255,-0.811000,-0.216000,-0.476000,61.573000,-80.198000,-47.863000,33.89
1775028203,-0.833000,-0.228000,-0.449000,62.580000,-77.786000,-47.496000,33.94
1775036885,-0.864000,-0.229000,-0.457000,61.847000,-76.489000,-46.000000,33.94
1775047021,-0.870000,-0.258000,-0.445000,61.740000,-75.435000,-45.710000,33.89
1775055857,-0.885000,-0.264000,-0.445000,61.374000,-73.908000,-44.840000,33.94
1775066061,-0.892000,-0.259000,-0.427000,59.664000,-74.962000,-43.084000,33.99
1775076581,-0.874000,-0.264000,-0.398000,58.198000,-76.565000,-41.908000,33.85
1775091350,-0.864000,-0.253000,-0.403000,57.679000,-76.305000,-42.122000,33.89
1775100121,-0.865000,-0.254000,-0.407000,55.817000,-78.122000,-43.374000,33.94
1775105002,-0.846000,-0.250000,-0.379000,52.397000,-79.924000,-43.908000,33.99
1775116901,-0.817000,-0.292000,-0.379000,51.496000,-78.733000,-44.031000,33.85
1775126719,-0.832000,-0.303000,-0.324000,52.092000,-76.947000,-41.832000,33.89
1775138221,-0.858000,-0.311000,-0.344000,52.534000,-77.389000,-38.611000,34.04
1775144038,-0.880000,-0.324000,-0.357000,52.885000,-79.298000,-35.695000,33.99
1775155710,-0.877000,-0.331000,-0.322000,53.405000,-81.695000,-34.168000,34.04
1775167741,-0.874000,-0.325000,-0.349000,54.244000,-82.122000,-45.786000,33.89
1775173245,-0.874000,-0.330000,-0.317000,51.420000,-80.153000,-44.290000,33.85
1775185201,-0.855000,-0.359000,-0.294000,50.290000,-76.519000,-38.290000,33.89
1775200032,-0.839000,-0.344000,-0.247000,51.023000,-70.168000,-33.389000,33.94
1775204446,-0.880000,-0.312000,-0.233000,47.863000,-65.985000,-31.160000,33.85
1775214704,-0.896000,-0.323000,-0.229000,42.489000,-66.611000,-25.176000,33.80
1775227443,-0.860000,-0.379000,-0.212000,41.191000,-67.160000,-25.511000,33.94
1775238477,-0.880000,-0.381000,-0.193000,41.344000,-66.550000,-27.160000,33.89
1775246453,-0.863000,-0.406000,-0.215000,40.977000,-65.450000,-26.275000,33.89
1775257153,-0.826000,-0.430000,-0.167000,45.603000,-60.427000,-25.160000,33.89
1775269167,-0.843000,-0.423000,-0.174000,48.641000,-56.397000,-23.695000,33.85
1775275489,-0.871000,-0.417000,-0.156000,46.962000,-57.176000,-22.824000,33.99
1775287376,-0.867000,-0.340000,-0.189000,38.321000,-55.511000,-15.420000,33.85
1775297631,-0.824000,-0.356000,-0.155000,37.023000,-59.878000,-20.076000,33.89
1775305932,-0.818000,-0.366000,-0.123000,35.527000,-59.450000,-20.427000,33.94
1775312428,-0.851000,-0.340000,-0.109000,31.313000,-58.000000,-19.740000,33.89
1775325020,-0.843000,-0.383000,-0.136000,27.115000,-58.198000,-17.634000,33.94
1775337144,-0.829000,-0.406000,-0.111000,24.397000,-57.176000,-18.550000,33.89
1775346984,-0.829000,-0.427000,-0.085000,26.092000,-52.870000,-15.832000,33.94
1775358529,-0.830000,-0.411000,-0.088000,23.969000,-48.870000,-16.733000,33.89
1775369198,-0.834000,-0.395000,-0.049000,21.985000,-47.038000,-15.802000,33.94
1775377797,-0.809000,-0.381000,-0.041000,22.260000,-45.588000,-12.931000,33.89
1775390380,-0.809000,-0.369000,-0.050000,17.176000,-44.092000,-13.771000,33.80
1775400561,-0.813000,-0.387000,-0.031000,13.084000,-42.122000,-12.870000,33.89
1775406761,-0.784000,-0.428000,-0.025000,14.458000,-40.183000,-9.267000,33.80
1775416485,-0.773000,-0.461000,0.006000,16.336000,-35.771000,-8.244000,33.85
1775422626,-0.771000,-0.462000,-0.007000,19.298000,-30.702000,-7.832000,33.89
1775435591,-0.771000,-0.465000,-0.022000,22.947000,-24.870000,-6.458000,33.85
1775449377,-0.802000,-0.430000,-0.016000,21.847000,-20.916000,-7.802000,33.99
1775455013,-0.815000,-0.401000,-0.056000,16.183000,-19.802000,-8.626000,33.94
1775465625,-0.801000,-0.421000,-0.035000,13.023000,-18.763000,-8.840000,33.99
1775479637,-0.781000,-0.423000,-0.007000,11.466000,-16.351000,-10.443000,33.94
1775490205,-0.767000,-0.427000,-0.024000,11.115000,-13.466000,-10.168000,33.89
1775496491,-0.743000,-0.443000,-0.035000,9.298000,-8.214000,-10.641000,33.85
1775508095,-0.741000,-0.488000,-0.012000,11.344000,-3.053000,-10.565000,33.89
1775517801,-0.727000,-0.500000,0.000000,15.282000,3.618000,-11.527000,33.75
1775526876,-0.737000,-0.468000,0.017000,17.527000,9.053000,-12.855000,33.89
1775533758,-0.767000,-0.431000,0.023000,17.878000,11.542000,-12.458000,33.85
1775549625,-0.760000,-0.414000,0.032000,15.267000,13.099000,-11.771000,33.89
1775562527,-0.770000,-0.416000,0.024000,13.282000,15.664000,-12.687000,33.99
1775569026,-0.792000,-0.404000,0.029000,8.840000,16.275000,-13.115000,33.94
1775578461,-0.785000,-0.406000,0.044000,4.702000,16.412000,-12.183000,33.80
1775590078,-0.771000,-0.433000,0.032000,2.366000,17.588000,-11.145000,33.94
1775597739,-0.767000,-0.444000,0.029000,1.221000,18.595000,-9.252000,33.80
1775604100,-0.756000,-0.450000,0.020000,0.489000,19.954000,-7.527000,33.85
1775616403,-0.734000,-0.451000,0.006000,1.481000,21.145000,-6.198000,33.89
1775626611,-0.735000,-0.420000,0.041000,2.550000,22.534000,-6.427000,33.85
1775634111,-0.762000,-0.387000,0.012000,1.374000,21.863000,-4.947000,33.80
1775646099,-0.770000,-0.381000,-0.008000,-3.588000,20.092000,-3.679000,33.94
1775655257,-0.770000,-0.400000,0.016000,-6.290000,20.305000,-3.069000,33.89
1775666895,-0.752000,-0.439000,0.014000,-7.511000,19.511000,-3.298000,33.94
1775673641,-0.746000,-0.488000,0.022000,-4.809000,21.221000,-2.046000,33.89
1775689996,-0.762000,-0.465000,0.031000,-3.344000,21.496000,-1.756000,33.94
1775699027,-0.771000,-0.452000,0.020000,-3.435000,20.885000,0.183000,33.99
1775705108,-0.754000,-0.438000,0.001000,-6.794000,19.252000,0.595000,33.94
1775715798,-0.756000,-0.413000,0.016000,-9.832000,20.305000,-0.092000,33.85
1775728278,-0.755000,-0.428000,0.028000,-11.618000,21.008000,1.405000,33.89
1775734837,-0.738000,-0.449000,0.023000,-12.382000,22.794000,0.427000,33.94
1775746534,-0.769000,-0.442000,0.020000,-13.725000,24.611000,0.687000,33.89
1775757509,-0.781000,-0.419000,-0.002000,-18.534000,24.977000,-0.840000,33.94
1775766849,-0.787000,-0.463000,-0.020000,-17.908000,24.198000,2.076000,33.89
1775775038,-0.762000,-0.504000,-0.019000,-14.947000,25.435000,3.481000,33.85
1775785712,-0.774000,-0.460000,-0.010000,-16.870000,27.359000,2.489000,33.80
1775797749,-0.803000,-0.440000,-0.042000,-18.534000,25.695000,3.832000,33.94
1775803631,-0.792000,-0.412000,-0.031000,-22.641000,25.756000,4.687000,33.99
1775817524,-0.797000,-0.410000,-0.042000,-25.527000,25.023000,4.321000,33.85
1775830440,-0.793000,-0.416000,-0.058000,-28.504000,24.107000,4.107000,33.89
1775834943,-0.801000,-0.416000,-0.043000,-30.977000,21.542000,5.435000,33.85
1775846069,-0.787000,-0.419000,-0.080000,-32.672000,18.229000,5.420000,33.89
1775853062,-0.753000,-0.435000,-0.060000,-31.771000,17.542000,3.786000,33.85
1775865129,-0.773000,-0.397000,-0.109000,-33.939000,15.802000,2.550000,33.89
1775875737,-0.792000,-0.393000,-0.130000,-38.534000,13.282000,3.695000,33.94
1775886531,-0.785000,-0.437000,-0.085000,-40.168000,13.252000,4.794000,33.94
1775899479,-0.766000,-0.438000,-0.099000,-42.870000,16.931000,8.015000,33.99
1775904793,-0.752000,-0.432000,-0.084000,-45.206000,22.244000,9.740000,33.85
1775917197,-0.742000,-0.448000,-0.081000,-45.237000,27.374000,12.458000,33.89
1775928629,-0.774000,-0.477000,-0.083000,-43.038000,31.710000,15.802000,33.89
1775936463,-0.792000,-0.467000,-0.112000,-40.382000,36.992000,15.542000,33.89
1775945402,-0.844000,-0.451000,-0.095000,-41.298000,32.901000,16.534000,33.85
1775951945,-0.824000,-0.435000,-0.140000,-44.824000,28.275000,14.840000,33.80
1775970018,-0.850000,-0.438000,-0.126000,-49.084000,29.145000,15.176000,33.85
1775978867,-0.837000,-0.425000,-0.106000,-51.649000,29.023000,14.366000,33.89
1775984105,-0.845000,-0.454000,-0.109000,-53.298000,34.076000,14.473000,33.85
1775997743,-0.794000,-0.478000,-0.132000,-54.702000,39.008000,16.611000,33.89
1776006682,-0.754000,-0.500000,-0.126000,-51.160000,42.977000,19.496000,33.85
1776014496,-0.760000,-0.456000,-0.131000,-48.687000,49.115000,21.725000,33.89
1776027842,-0.783000,-0.428000,-0.165000,-49.145000,50.489000,23.450000,33.94
1776038967,-0.785000,-0.419000,-0.150000,-48.931000,50.382000,22.473000,33.89
1776043879,-0.795000,-0.413000,-0.199000,-49.160000,50.779000,20.000000,33.85
1776057467,-0.830000,-0.409000,-0.210000,-51.863000,51.771000,20.092000,33.89
1776065088,-0.835000,-0.413000,-0.204000,-51.679000,54.702000,20.321000,33.89
1776076466,-0.835000,-0.434000,-0.211000,-50.916000,57.359000,22.183000,33.89
1776086852,-0.807000,-0.383000,-0.228000,-50.947000,61.588000,21.954000,33.99
1776098403,-0.800000,-0.402000,-0.235000,-51.069000,63.771000,21.878000,33.94
1776107991,-0.792000,-0.393000,-0.241000,-50.443000,65.160000,20.901000,33.80
1776114845,-0.756000,-0.380000,-0.260000,-49.557000,66.275000,20.901000,33.94
1776126793,-0.789000,-0.355000,-0.269000,-49.328000,68.290000,20.336000,33.80
1776137377,-0.771000,-0.383000,-0.271000,-49.924000,65.939000,20.977000,33.94
1776143126,-0.748000,-0.373000,-0.279000,-47.099000,68.153000,19.969000,33.89
1776154649,-0.805000,-0.361000,-0.303000,-46.412000,71.969000,21.008000,33.94
1776166676,-0.797000,-0.334000,-0.337000,-46.366000,71.191000,21.252000,33.89
1776177872,-0.835000,-0.357000,-0.312000,-47.405000,71.344000,22.153000,33.94
1776186389,-0.865000,-0.394000,-0.275000,-42.641000,72.321000,22.366000,33.89
1776195106,-0.815000,-0.333000,-0.387000,-45.450000,69.084000,20.763000,33.85
1776207114,-0.798000,-0.377000,-0.386000,-43.847000,69.176000,21.344000,33.80
1776216333,-0.802000,-0.389000,-0.408000,-38.992000,69.985000,21.802000,33.94
1776226441,-0.767000,-0.296000,-0.397000,-36.534000,71.237000,21.328000,33.89
1776235127,-0.822000,-0.262000,-0.464000,-41.695000,73.954000,23.939000,33.94
1776246706,-0.785000,-0.302000,-0.383000,-44.015000,74.473000,24.000000,33.89
1776253400,-0.814000,-0.291000,-0.375000,-41.985000,73.954000,23.374000,33.94
1776266301,-0.764000,-0.226000,-0.437000,-46.565000,75.160000,20.779000,33.94
1776275437,-0.793000,-0.238000,-0.513000,-51.695000,73.817000,21.130000,33.80
1776286084,-0.791000,-0.385000,-0.493000,-45.618000,71.038000,23.740000,33.94
1776299651,-0.777000,-0.251000,-0.519000,-41.023000,75.069000,22.092000,33.89
1776310291,-0.815000,-0.223000,-0.597000,-45.603000,73.740000,26.489000,33.89
1776316686,-0.827000,-0.226000,-0.510000,-45.710000,72.931000,28.595000,33.89
1776327238,-0.790000,-0.179000,-0.518000,-47.511000,72.290000,27.954000,33.94
1776340069,-0.782000,-0.131000,-0.560000,-53.649000,69.542000,27.832000,33.89
1776346117,-0.750000,-0.146000,-0.550000,-58.458000,68.137000,27.832000,33.85
1776352030,-0.747000,-0.160000,-0.561000,-61.267000,65.267000,28.580000,33.99
1776368406,-0.739000,-0.199000,-0.562000,-60.397000,62.122000,30.870000,33.85
1776377184,-0.719000,-0.224000,-0.548000,-55.588000,59.115000,32.718000,33.89
1776385850,-0.710000,-0.194000,-0.567000,-52.137000,56.214000,36.000000,33.85
1776397390,-0.745000,-0.162000,-0.589000,-51.450000,55.756000,38.412000,33.89
1776406808,-0.763000,-0.147000,-0.610000,-54.931000,56.153000,40.183000,33.85
1776414211,-0.754000,-0.126000,-0.580000,-57.130000,53.206000,40.351000,33.99
1776426908,-0.750000,-0.124000,-0.617000,-62.015000,54.061000,39.847000,33.85
1776435437,-0.717000,-0.135000,-0.578000,-63.557000,53.420000,38.489000,33.89
1776445592,-0.709000,-0.151000,-0.633000,-64.031000,52.870000,38.473000,33.85
1776455966,-0.671000,-0.173000,-0.644000,-60.092000,52.687000,37.084000,33.89
1776462744,-0.712000,-0.144000,-0.657000,-57.252000,51.008000,40.947000,33.89
1776477502,-0.693000,-0.095000,-0.673000,-54.702000,51.481000,39.771000,33.85
1776487267,-0.694000,-0.093000,-0.652000,-56.122000,50.153000,41.389000,33.89
1776495802,-0.682000,-0.062000,-0.702000,-57.420000,52.855000,41.099000,33.94
1776509124,-0.677000,-0.083000,-0.696000,-59.847000,53.649000,42.229000,33.89
1776514203,-0.639000,-0.097000,-0.666000,-58.336000,55.893000,42.061000,33.85
1776525428,-0.630000,-0.076000,-0.693000,-56.061000,57.954000,42.427000,33.89
1776537771,-0.604000,-0.107000,-0.707000,-52.061000,59.115000,42.214000,33.85
1776543698,-0.606000,-0.068000,-0.741000,-48.840000,59.863000,43.298000,33.89
1776554733,-0.644000,-0.051000,-0.768000,-47.588000,60.473000,44.412000,33.85
1776568039,-0.630000,-0.031000,-0.766000,-48.122000,60.397000,44.718000,33.89
1776576811,-0.612000,0.010000,-0.736000,-48.763000,60.351000,43.649000,33.94
1776587352,-0.585000,0.007000,-0.744000,-50.305000,60.015000,42.275000,33.99
1776595558,-0.565000,-0.015000,-0.745000,-48.656000,62.260000,41.099000,33.85
1776606096,-0.540000,-0.007000,-0.719000,-45.710000,62.229000,39.435000,33.89
1776616374,-0.539000,0.050000,-0.746000,-42.290000,64.672000,36.565000,33.85
1776627216,-0.529000,0.046000,-0.760000,-42.947000,66.260000,36.198000,33.80
1776636694,-0.572000,0.049000,-0.789000,-42.489000,66.656000,36.992000,33.85
1776647305,-0.583000,0.057000,-0.791000,-45.206000,66.656000,38.275000,33.89
1776654597,-0.571000,0.079000,-0.754000,-44.122000,64.809000,37.878000,33.89
1776665808,-0.546000,0.084000,-0.809000,-45.206000,64.275000,37.191000,33.85
1776678774,-0.533000,0.068000,-0.789000,-42.672000,63.252000,36.534000,33.89
1776685367,-0.491000,0.089000,-0.783000,-42.336000,63.969000,35.130000,33.99
1776697713,-0.505000,0.120000,-0.810000,-42.611000,64.885000,34.763000,33.80
1776708120,-0.509000,0.132000,-0.803000,-44.092000,63.313000,34.748000,33.85
1776716935,-0.485000,0.129000,-0.792000,-44.977000,61.710000,34.336000,33.80
1776724420,-0.473000,0.139000,-0.789000,-44.366000,62.656000,33.237000,33.85
1776736873,-0.432000,0.119000,-0.823000,-44.290000,61.649000,32.992000,33.80
1776746668,-0.436000,0.152000,-0.822000,-42.290000,64.198000,29.908000,33.85
1776755120,-0.470000,0.213000,-0.788000,-43.573000,61.710000,31.115000,33.89
1776765303,-0.448000,0.230000,-0.806000,-47.924000,60.305000,30.550000,33.85
1776778147,-0.456000,0.192000,-0.836000,-49.191000,57.740000,30.672000,33.89
1776784821,-0.412000,0.190000,-0.831000,-43.664000,57.145000,31.511000,33.94
1776798538,-0.385000,0.191000,-0.857000,-39.282000,52.565000,32.153000,33.80
1776809096,-0.367000,0.191000,-0.856000,-33.527000,53.817000,32.947000,33.94
1776816983,-0.406000,0.283000,-0.844000,-34.504000,53.053000,35.985000,33.89
1776824918,-0.401000,0.318000,-0.885000,-38.427000,53.924000,36.153000,33.75
1776836516,-0.403000,0.286000,-0.887000,-44.458000,53.725000,37.527000,33.99
1776847499,-0.352000,0.266000,-0.901000,-43.908000,52.840000,37.527000,33.80
1776854631,-0.328000,0.289000,-1.019000,-40.183000,56.519000,36.763000,33.85
1776865103,-0.308000,0.258000,-0.896000,-38.183000,50.611000,39.008000,33.80
1776873411,-0.276000,0.298000,-0.895000,-34.198000,52.321000,39.603000,33.94
1776887994,-0.312000,0.311000,-0.911000,-37.756000,55.084000,43.099000,33.89
1776898456,-0.313000,0.341000,-0.925000,-39.618000,57.267000,42.107000,33.94
1776908027,-0.316000,0.348000,-0.899000,-44.885000,57.038000,40.519000,33.89
1776916698,-0.310000,0.314000,-0.904000,-47.130000,55.374000,38.992000,33.85
1776927440,-0.255000,0.309000,-0.900000,-44.183000,55.130000,36.824000,33.89
1776936691,-0.236000,0.320000,-0.886000,-39.130000,56.366000,36.580000,33.94
1776946740,-0.196000,0.334000,-0.884000,-35.924000,58.427000,36.595000,33.89
1776954501,-0.245000,0.369000,-0.906000,-35.328000,59.710000,38.427000,33.85
1776964370,-0.281000,0.399000,-0.918000,-38.641000,58.977000,38.000000,33.89
1776976936,-0.241000,0.398000,-0.838000,-41.496000,58.198000,33.420000,33.94
1776987266,-0.228000,0.431000,-0.924000,-43.069000,59.252000,30.809000,33.89
1776997226,-0.221000,0.406000,-0.908000,-44.107000,60.214000,28.290000,33.85
1777008358,-0.204000,0.383000,-0.948000,-41.679000,59.282000,28.290000,33.89
1777015474,-0.187000,0.395000,-0.947000,-40.611000,58.366000,30.061000,33.89
1777026632,-0.157000,0.404000,-0.913000,-38.519000,60.611000,29.435000,33.85
1777034981,-0.192000,0.467000,-0.936000,-40.565000,61.527000,30.244000,33.89
1777046409,-0.136000,0.455000,-0.904000,-43.298000,61.908000,29.267000,33.94
1777052735,-0.161000,0.459000,-0.909000,-43.786000,64.183000,28.107000,33.80
1777063952,-0.144000,0.455000,-0.904000,-44.305000,62.824000,28.290000,33.94
1777077100,-0.115000,0.457000,-0.875000,-43.802000,63.618000,29.160000,33.89
1777086672,-0.055000,0.454000,-0.879000,-40.214000,66.794000,29.618000,33.94
1777098033,-0.074000,0.470000,-0.921000,-38.565000,68.031000,31.832000,33.89
1777106741,-0.105000,0.486000,-0.907000,-35.939000,69.450000,33.679000,33.85
1777115806,-0.086000,0.500000,-0.937000,-37.023000,68.397000,34.626000,33.80
1777127675,-0.120000,0.523000,-0.935000,-38.794000,68.183000,33.893000,33.94
1777136604,-0.131000,0.564000,-0.911000,-47.389000,65.053000,35.573000,33.80
1777147604,-0.067000,0.524000,-0.889000,-50.733000,64.931000,34.397000,33.85
1777156533,-0.016000,0.502000,-0.877000,-48.763000,66.672000,33.176000,33.99
1777163659,0.052000,0.474000,-0.900000,-45.053000,69.420000,31.969000,33.89
1777176275,0.014000,0.525000,-0.881000,-41.069000,70.473000,32.565000,33.85
1777187150,0.076000,0.535000,-0.889000,-40.611000,73.603000,30.870000,33.89
1777196064,0.017000,0.584000,-0.927000,-44.550000,74.198000,31.313000,33.94
1777212031,-0.006000,0.549000,-0.915000,-50.015000,74.779000,31.725000,33.89
1777218876,-0.068000,0.552000,-0.872000,-53.695000,71.313000,33.420000,33.94
1777226656,0.021000,0.481000,-0.905000,-53.420000,66.748000,34.794000,33.80
1777234854,0.083000,0.458000,-0.856000,-46.702000,67.954000,35.344000,33.85
1777247469,0.130000,0.504000,-0.881000,-40.855000,67.389000,38.122000,33.89
1777257088,0.149000,0.534000,-0.854000,-36.672000,68.794000,39.939000,33.94
1777263591,0.153000,0.534000,-0.859000,-34.748000,71.786000,41.191000,33.89
1777279825,0.126000,0.560000,-0.846000,-35.282000,73.374000,42.397000,33.94
1777289596,0.097000,0.558000,-0.872000,-37.664000,72.916000,42.229000,33.89
1777297371,0.066000,0.571000,-0.848000,-39.328000,72.366000,41.374000,33.94
1777304252,0.161000,0.569000,-0.791000,-40.687000,68.473000,39.954000,33.85
1777317732,0.223000,0.551000,-0.841000,-37.649000,70.916000,38.794000,33.89
1777326327,0.212000,0.554000,-0.834000,-32.763000,71.893000,41.023000,33.94
1777337711,0.217000,0.579000,-0.813000,-31.664000,69.405000,44.733000,33.89
1777350230,0.245000,0.609000,-0.826000,-30.992000,72.687000,46.061000,33.94
1777358082,0.215000,0.631000,-0.811000,-32.305000,74.595000,45.863000,33.89
1777364171,0.196000,0.632000,-0.839000,-34.855000,73.588000,44.809000,33.85
1777377373,0.227000,0.602000,-0.831000,-36.351000,70.412000,42.611000,33.89
1777389993,0.295000,0.611000,-0.785000,-35.802000,69.496000,40.153000,33.85
1777396503,0.320000,0.626000,-0.822000,-34.137000,72.260000,38.977000,33.89
1777403463,0.332000,0.618000,-0.823000,-33.725000,74.061000,38.015000,33.85
1777419760,0.317000,0.661000,-0.791000,-36.931000,73.939000,40.305000,33.89
1777429409,0.337000,0.631000,-0.816000,-39.710000,76.458000,40.489000,33.94
1777435316,0.339000,0.600000,-0.769000,-40.840000,78.351000,39.695000,33.80
1777446214,0.392000,0.594000,-0.750000,-37.817000,78.580000,39.511000,33.89
1777459053,0.392000,0.622000,-0.738000,-33.618000,82.305000,38.794000,33.85
1777465002,0.369000,0.635000,-0.725000,-34.107000,79.344000,40.137000,33.89
1777476622,0.431000,0.677000,-0.702000,-35.695000,79.359000,40.046000,33.94
1777489867,0.409000,0.658000,-0.738000,-37.878000,80.458000,41.023000,33.89
1777500948,0.410000,0.636000,-0.683000,-38.366000,81.664000,39.847000,33.85
1777506378,0.488000,0.621000,-0.663000,-37.588000,82.183000,38.412000,33.89
1777517005,0.444000,0.633000,-0.713000,-36.244000,84.855000,38.916000,33.85
1777527066,0.531000,0.571000,-0.638000,-34.412000,85.832000,36.931000,33.80
1777535015,0.556000,0.598000,-0.661000,-31.053000,87.450000,35.359000,33.94
1777546471,0.541000,0.591000,-0.682000,-28.076000,91.099000,34.305000,33.80
1777555471,0.490000,0.643000,-0.687000,-28.290000,94.901000,32.015000,33.85
1777565643,0.356000,0.727000,-0.640000,-35.802000,90.198000,32.076000,33.89
1777576815,0.384000,0.680000,-0.642000,-49.969000,81.863000,33.206000,33.94
1777584993,0.490000,0.601000,-0.561000,-51.176000,79.679000,31.252000,33.89
1777597116,0.534000,0.586000,-0.573000,-48.336000,74.534000,33.099000,33.85
1777606887,0.702000,0.539000,-0.523000,-41.221000,76.351000,32.977000,33.75
1777617472,0.693000,0.613000,-0.527000,-32.534000,82.137000,36.809000,33.89
1777626616,0.667000,0.662000,-0.492000,-31.176000,82.198000,40.916000,33.85
1777635892,0.657000,0.660000,-0.494000,-31.374000,83.573000,41.847000,33.89
1777646665,0.615000,0.662000,-0.463000,-32.107000,83.573000,42.107000,33.94
1777655949,0.584000,0.671000,-0.491000,-35.618000,81.405000,40.351000,33.89
1777666645,0.583000,0.636000,-0.449000,-38.458000,78.076000,36.641000,33.85
1777672246,0.649000,0.610000,-0.445000,-39.588000,72.458000,33.893000,33.89
1777684186,0.705000,0.589000,-0.459000,-36.397000,70.382000,33.374000,33.94
1777698295,0.726000,0.601000,-0.466000,-33.603000,67.191000,35.221000,33.89
1777708357,0.740000,0.620000,-0.364000,-26.901000,64.656000,34.718000,33.85
1777715424,0.760000,0.698000,-0.438000,-34.412000,64.947000,38.427000,33.89
1777728856,0.732000,0.593000,-0.356000,-33.374000,60.244000,38.641000,33.85
1777736545,0.749000,0.614000,-0.358000,-33.298000,57.466000,35.527000,33.80
1777748094,0.751000,0.605000,-0.325000,-33.115000,52.977000,33.557000,33.94
1777756057,0.790000,0.591000,-0.288000,-30.641000,49.282000,30.534000,33.89
1777766580,0.732000,0.582000,-0.199000,-24.916000,43.802000,28.229000,33.85
1777773290,0.836000,0.644000,-0.287000,-25.191000,38.962000,28.198000,33.89
1777784523,0.792000,0.571000,-0.216000,-21.603000,30.733000,29.511000,33.89
1777800277,0.876000,0.585000,-0.214000,-18.626000,25.405000,28.733000,33.94
1777810376,0.841000,0.605000,-0.210000,-13.847000,22.534000,27.008000,33.80
1777816896,0.825000,0.607000,-0.209000,-13.099000,14.382000,25.588000,33.89
1777824184,0.806000,0.574000,-0.227000,-9.496000,8.901000,22.443000,33.89
1777835938,0.756000,0.569000,-0.229000,-7.130000,-2.702000,21.649000,33.94
1777846837,0.809000,0.555000,-0.235000,-5.405000,-13.221000,20.122000,33.89
1777858339,0.797000,0.585000,-0.246000,0.550000,-21.573000,15.466000,33.85
1777868741,0.807000,0.570000,-0.238000,-0.183000,-32.061000,15.328000,33.80
1777873498,0.869000,0.528000,-0.259000,4.748000,-37.481000,12.443000,33.94
1777885339,0.878000,0.549000,-0.275000,8.702000,-40.870000,9.053000,33.89
1777892075,0.876000,0.566000,-0.281000,12.046000,-43.328000,4.595000,33.85
1777905370,0.906000,0.543000,-0.292000,13.695000,-46.840000,0.198000,33.89
1777916796,0.891000,0.533000,-0.295000,19.359000,-47.435000,-4.336000,33.85
1777925659,0.851000,0.539000,-0.337000,22.076000,-50.565000,-7.466000,33.89
1777937815,0.857000,0.530000,-0.340000,24.382000,-54.656000,-10.305000,33.85
1777943531,0.860000,0.525000,-0.374000,27.740000,-55.496000,-13.542000,33.89
1777955523,0.841000,0.521000,-0.366000,30.168000,-57.344000,-16.718000,33.94
1777966481,0.837000,0.517000,-0.385000,33.756000,-57.679000,-20.382000,33.99
1777974629,0.788000,0.522000,-0.421000,36.153000,-59.237000,-23.985000,33.89
1777985469,0.775000,0.505000,-0.413000,38.992000,-61.740000,-27.969000,33.85
1777992826,0.771000,0.478000,-0.425000,43.740000,-62.580000,-33.084000,33.89
1778004875,0.746000,0.491000,-0.446000,47.771000,-63.847000,-37.313000,33.94
1778016115,0.732000,0.489000,-0.452000,52.183000,-67.389000,-40.397000,33.80
1778026926,0.724000,0.507000,-0.471000,54.076000,-70.137000,-42.305000,33.94
1778038738,0.724000,0.515000,-0.507000,56.534000,-72.107000,-45.267000,33.89
1778043466,0.712000,0.520000,-0.513000,58.382000,-72.076000,-48.626000,33.85
1778055439,0.641000,0.531000,-0.536000,58.824000,-75.099000,-51.405000,33.89
1778066658,0.668000,0.519000,-0.501000,58.885000,-81.206000,-53.496000,33.85
1778074270,0.716000,0.495000,-0.551000,62.809000,-83.191000,-55.267000,33.89
1778084846,0.746000,0.474000,-0.540000,68.595000,-82.595000,-56.794000,33.85
1778096826,0.757000,0.531000,-0.568000,73.450000,-79.893000,-57.328000,33.89
1778105565,0.738000,0.548000,-0.580000,76.092000,-79.710000,-56.641000,33.94
1778116064,0.725000,0.571000,-0.666000,75.053000,-77.863000,-56.779000,33.99
1778126164,0.646000,0.549000,-0.684000,75.115000,-75.527000,-58.412000,33.85
1778138591,0.515000,0.570000,-0.701000,72.519000,-75.160000,-60.061000,33.80
1778147298,0.476000,0.573000,-0.680000,67.802000,-83.618000,-60.321000,33.85
1778155325,0.496000,0.531000,-0.711000,65.328000,-86.641000,-61.359000,33.85
1778167247,0.480000,0.530000,-0.749000,64.763000,-87.115000,-60.931000,33.89
1778174317,0.431000,0.537000,-0.746000,64.061000,-90.122000,-59.863000,33.75
1778184330,0.516000,0.502000,-0.758000,62.748000,-92.779000,-59.527000,33.89
1778198863,0.520000,0.497000,-0.721000,67.954000,-87.191000,-61.557000,33.99
1778208984,0.427000,0.545000,-0.781000,67.985000,-87.802000,-60.656000,33.80
1778217352,0.363000,0.519000,-0.802000,63.649000,-90.992000,-60.870000,33.85
1778224005,0.329000,0.496000,-0.768000,62.519000,-92.794000,-64.092000,33.89
1778236614,0.271000,0.479000,-0.767000,63.221000,-96.321000,-65.618000,33.94
1778246242,0.299000,0.466000,-0.823000,60.168000,-101.038000,-64.137000,33.99
1778257176,0.343000,0.396000,-0.809000,62.992000,-102.015000,-63.634000,33.85
1778266307,0.305000,0.432000,-0.812000,66.977000,-102.137000,-60.244000,33.89
1778277029,0.269000,0.459000,-0.858000,64.244000,-104.641000,-54.641000,33.85
1778283355,0.293000,0.432000,-0.868000,65.130000,-105.053000,-55.771000,33.89
1778295859,0.223000,0.432000,-0.883000,64.794000,-102.351000,-56.885000,33.85
1778307766,0.188000,0.440000,-0.898000,66.641000,-102.137000,-60.076000,33.75
1778317918,0.134000,0.399000,-0.900000,64.015000,-105.710000,-60.947000,33.89
1778328236,0.090000,0.403000,-0.920000,60.489000,-107.863000,-61.099000,33.94
1778337991,0.066000,0.373000,-0.901000,57.786000,-112.580000,-59.145000,33.89
1778346468,0.049000,0.373000,-0.931000,54.519000,-114.733000,-57.756000,33.89
1778357079,0.047000,0.362000,-0.888000,54.397000,-116.763000,-57.221000,33.89
1778365877,0.055000,0.343000,-0.909000,54.809000,-119.145000,-55.939000,33.85
1778378686,0.057000,0.305000,-0.927000,58.550000,-113.496000,-57.954000,33.89
1778382704,-0.030000,0.322000,-0.904000,61.740000,-112.977000,-57.939000,33.94
1778393905,-0.073000,0.346000,-0.934000,58.061000,-115.130000,-56.427000,33.80
1778406844,-0.086000,0.315000,-0.893000,56.214000,-116.275000,-57.985000,33.85
1778417688,-0.133000,0.335000,-0.880000,54.397000,-120.198000,-56.595000,33.89
1778426974,-0.087000,0.280000,-0.948000,52.412000,-122.977000,-54.702000,33.85
1778440818,-0.063000,0.199000,-0.923000,59.221000,-118.687000,-56.580000,33.80
1778451285,-0.133000,0.242000,-0.906000,65.481000,-113.939000,-55.969000,33.85
1778456352,-0.190000,0.302000,-0.899000,63.802000,-114.412000,-52.107000,33.80
1778467753,-0.166000,0.304000,-0.911000,59.359000,-118.244000,-51.878000,33.80
1778476465,-0.191000,0.266000,-0.958000,58.244000,-114.550000,-54.840000,33.94
1778485286,-0.251000,0.223000,-0.971000,56.779000,-113.786000,-56.611000,33.89
1778490703,-0.298000,0.210000,-0.917000,56.672000,-115.664000,-56.748000,33.89
1778503499,-0.332000,0.172000,-1.021000,56.626000,-116.901000,-57.359000,33.89
1778517411,-0.387000,0.167000,-0.945000,55.939000,-117.939000,-55.985000,33.85
1778526391,-0.400000,0.177000,-0.901000,54.885000,-121.237000,-52.290000,33.89
1778537929,-0.338000,0.188000,-0.911000,54.733000,-119.908000,-52.183000,33.75
1778548067,-0.319000,0.180000,-0.887000,54.947000,-121.740000,-51.206000,33.89
1778555835,-0.302000,0.167000,-0.903000,57.496000,-118.855000,-53.038000,33.85
1778567031,-0.328000,0.158000,-0.867000,58.840000,-116.641000,-56.229000,33.89
1778577403,-0.349000,0.133000,-0.894000,58.611000,-115.740000,-57.649000,33.85
1778587551,-0.426000,0.089000,-0.889000,61.160000,-110.031000,-60.733000,33.89
1778594858,-0.527000,0.066000,-0.870000,62.351000,-109.588000,-60.214000,33.94
1778606839,-0.559000,0.030000,-0.896000,63.649000,-111.084000,-58.275000,33.99
1778618808,-0.592000,0.036000,-0.863000,61.725000,-115.160000,-53.252000,33.94
1778628838,-0.526000,0.003000,-0.852000,58.290000,-119.237000,-48.947000,33.99
1778635526,-0.471000,-0.012000,-0.843000,62.595000,-115.069000,-50.489000,33.85
1778649645,-0.541000,0.047000,-0.811000,63.450000,-113.450000,-50.443000,33.80
1778658793,-0.492000,0.013000,-0.837000,65.267000,-110.550000,-52.947000,33.89
1778665400,-0.542000,-0.012000,-0.828000,68.214000,-103.206000,-57.069000,33.85
1778675592,-0.632000,-0.018000,-0.796000,69.695000,-97.664000,-58.718000,33.89
1778688035,-0.670000,-0.033000,-0.788000,69.664000,-99.771000,-59.145000,33.85
1778692948,-0.679000,-0.043000,-0.799000,68.412000,-103.817000,-57.557000,33.89
1778704503,-0.670000,-0.075000,-0.800000,66.718000,-106.290000,-54.809000,33.85
1778716869,-0.672000,-0.084000,-0.772000,68.137000,-106.611000,-53.313000,33.89
1778725633,-0.650000,-0.103000,-0.771000,68.809000,-105.573000,-51.664000,33.85
1778735003,-0.656000,-0.113000,-0.727000,69.511000,-103.863000,-50.168000,33.89
1778747221,-0.671000,-0.122000,-0.737000,72.656000,-98.198000,-50.290000,33.85
1778758426,-0.718000,-0.104000,-0.685000,72.992000,-96.901000,-49.603000,33.99
1778766712,-0.713000,-0.127000,-0.657000,73.008000,-99.847000,-47.573000,33.94
1778778088,-0.727000,-0.150000,-0.731000,73.191000,-100.137000,-47.664000,33.99
1778786784,-0.734000,-0.195000,-0.701000,71.344000,-100.855000,-47.786000,33.94
1778795215,-0.770000,-0.200000,-0.637000,72.611000,-99.435000,-45.908000,33.89
1778801013,-0.776000,-0.186000,-0.689000,72.763000,-99.252000,-45.405000,33.85
1778813685,-0.780000,-0.223000,-0.604000,71.603000,-98.046000,-44.412000,33.85
1778827043,-0.796000,-0.218000,-0.600000,71.939000,-99.053000,-41.878000,33.89
1778836556,-0.784000,-0.217000,-0.597000,71.023000,-101.405000,-41.695000,33.85
1778846618,-0.784000,-0.259000,-0.593000,71.282000,-100.947000,-41.908000,33.89
1778860386,-0.783000,-0.287000,-0.572000,70.824000,-98.992000,-42.412000,33.94
1778865365,-0.777000,-0.314000,-0.483000,73.527000,-99.786000,-43.435000,33.89
1778876419,-0.792000,-0.306000,-0.516000,73.603000,-100.580000,-41.679000,33.85
1778886751,-0.798000,-0.342000,-0.518000,73.634000,-101.069000,-40.183000,33.80
1778897713,-0.800000,-0.351000,-0.516000,73.802000,-98.168000,-39.985000,33.75
1778904580,-0.812000,-0.352000,-0.436000,71.878000,-96.916000,-39.176000,33.89
1778916626,-0.837000,-0.359000,-0.456000,70.061000,-96.031000,-38.183000,33.94
1778924430,-0.874000,-0.362000,-0.418000,67.557000,-95.053000,-39.084000,33.89
1778935229,-0.879000,-0.375000,-0.395000,63.893000,-96.473000,-39.038000,33.94
1778947244,-0.884000,-0.395000,-0.422000,63.267000,-94.076000,-39.038000,33.89
1778959348,-0.890000,-0.416000,-0.385000,60.534000,-93.893000,-38.260000,33.85
1778968454,-0.896000,-0.427000,-0.382000,59.527000,-93.176000,-35.603000,33.89
1778973566,-0.874000,-0.415000,-0.369000,57.588000,-91.221000,-33.634000,33.94
1778988454,-0.872000,-0.421000,-0.328000,56.092000,-90.656000,-31.389000,33.89
1778997559,-0.824000,-0.425000,-0.351000,53.344000,-88.931000,-30.244000,33.89
1779003478,-0.825000,-0.416000,-0.285000,53.557000,-87.282000,-40.351000,33.85
1779014366,-0.862000,-0.389000,-0.297000,51.679000,-86.702000,-43.664000,33.80
1779027346,-0.872000,-0.399000,-0.313000,42.595000,-88.870000,-34.412000,33.80
1779038016,-0.789000,-0.442000,-0.265000,43.527000,-83.389000,-26.122000,33.89
1779046300,-0.819000,-0.428000,-0.249000,45.496000,-74.611000,-24.824000,33.85
1779059989,-0.857000,-0.442000,-0.265000,45.756000,-74.718000,-18.565000,33.89
1779067361,-0.864000,-0.420000,-0.238000,46.366000,-70.519000,-15.542000,33.85
1779076277,-0.839000,-0.429000,-0.225000,44.122000,-65.939000,-16.534000,33.89
1779084323,-0.845000,-0.420000,-0.253000,40.748000,-64.656000,-12.977000,33.85
1779094793,-0.824000,-0.466000,-0.215000,41.420000,-63.588000,-12.427000,33.80
1779105907,-0.825000,-0.443000,-0.206000,43.023000,-58.336000,-12.305000,33.85
1779112158,-0.844000,-0.457000,-0.206000,43.832000,-58.244000,-10.748000,33.80
1779140038,-0.822000,-0.381000,-0.226000,38.168000,-55.176000,-13.206000,33.75
1779148879,-0.978000,-0.424000,-0.140000,28.260000,-65.679000,-27.084000,33.89
1779154741,-0.846000,-0.411000,-0.131000,21.924000,-58.779000,-11.359000,33.94
1779160464,-0.800000,-0.450000,-0.174000,23.221000,-49.710000,-9.847000,33.80
1779172017,-0.795000,-0.483000,-0.192000,25.939000,-43.985000,-8.290000,33.85
1779182869,-0.809000,-0.437000,-0.167000,24.305000,-38.534000,-9.542000,33.89
1779185446,-0.821000,-0.450000,-0.144000,24.031000,-35.802000,-6.443000,33.71
1779195809,-0.816000,-0.421000,-0.158000,21.115000,-31.939000,-8.947000,33.85
1779207551,-0.844000,-0.422000,-0.125000,18.321000,-31.664000,-7.130000,33.89
1779216136,-0.823000,-0.421000,-0.127000,12.763000,-31.145000,-6.519000,33.85
1779222772,-0.812000,-0.433000,-0.129000,10.656000,-27.954000,-6.840000,33.89
1779234610,-0.802000,-0.466000,-0.115000,10.443000,-22.840000,-5.099000,33.85
1779247404,-0.788000,-0.487000,-0.089000,12.397000,-18.275000,-4.550000,33.71
1779257281,-0.752000,-0.493000,-0.127000,15.679000,-12.183000,-4.412000,33.94
1779267829,-0.801000,-0.438000,-0.098000,14.702000,-8.458000,-3.985000,33.89
1779278809,-0.788000,-0.431000,-0.097000,12.137000,-6.183000,-2.412000,33.75
1779286240,-0.756000,-0.418000,-0.076000,9.450000,-2.763000,-2.366000,33.89
1779297128,-0.745000,-0.427000,-0.073000,7.191000,0.794000,-2.473000,33.85
1779307016,-0.764000,-0.402000,-0.077000,4.519000,5.588000,-2.885000,33.80
1779316439,-0.775000,-0.406000,-0.052000,1.847000,8.458000,-2.305000,33.94
1779322715,-0.762000,-0.417000,-0.045000,0.504000,10.870000,-1.267000,33.89
1779334752,-0.753000,-0.427000,-0.070000,0.076000,14.519000,-1.863000,33.85
1779349647,-0.782000,-0.422000,-0.062000,-1.191000,16.504000,-1.969000,33.75
1779360182,-0.793000,-0.424000,-0.079000,-4.107000,15.313000,-1.069000,33.89
1779365871,-0.805000,-0.404000,-0.077000,-7.817000,13.649000,0.321000,33.85
1779379703,-0.805000,-0.403000,-0.059000,-9.542000,12.061000,1.191000,33.89
1779388529,-0.786000,-0.411000,-0.040000,-10.458000,12.031000,1.435000,33.85
1779396531,-0.790000,-0.418000,-0.054000,-11.237000,13.267000,1.435000,33.80
1779407751,-0.786000,-0.431000,-0.025000,-10.809000,13.939000,3.115000,33.85
1779418493,-0.772000,-0.453000,-0.019000,-8.275000,15.099000,4.534000,33.89
1779423244,-0.772000,-0.452000,-0.026000,-9.649000,16.611000,4.443000,33.94
1779434413,-0.785000,-0.456000,-0.031000,-10.473000,15.328000,5.389000,33.80
1779447080,-0.759000,-0.466000,-0.012000,-7.771000,13.359000,6.489000,33.85
1779457856,-0.713000,-0.449000,-0.001000,-7.389000,15.832000,4.534000,33.80
1779466386,-0.737000,-0.444000,-0.027000,-5.053000,18.809000,3.038000,33.85
1779474338,-0.761000,-0.410000,-0.041000,-7.206000,19.695000,3.038000,33.80
1779486455,-0.753000,-0.427000,-0.008000,-10.168000,19.344000,4.321000,33.75
1779496555,-0.746000,-0.464000,-0.035000,-8.947000,21.115000,4.626000,33.80
1779509461,-0.769000,-0.468000,-0.028000,-9.206000,22.504000,4.534000,33.89
1779519282,-0.783000,-0.464000,-0.058000,-7.511000,22.305000,5.359000,33.85
1779523482,-0.768000,-0.446000,-0.049000,-8.489000,22.046000,5.344000,33.89
1779534817,-0.754000,-0.452000,-0.021000,-9.267000,23.130000,4.412000,33.85
1779547082,-0.763000,-0.419000,-0.037000,-11.298000,23.893000,3.924000,33.99
1779555521,-0.744000,-0.419000,-0.044000,-13.863000,23.328000,3.695000,33.80
1779567636,-0.746000,-0.458000,-0.037000,-12.443000,26.153000,3.664000,33.89
1779575985,-0.726000,-0.460000,-0.034000,-10.870000,27.313000,4.397000,33.75
1779588342,-0.732000,-0.453000,-0.067000,-9.069000,30.153000,3.649000,33.80
1779597202,-0.742000,-0.456000,-0.100000,-8.229000,32.550000,2.565000,33.75
1779604419,-0.774000,-0.437000,-0.059000,-10.565000,33.389000,2.260000,33.80
1779619420,-0.771000,-0.420000,-0.049000,-11.802000,34.947000,2.046000,33.75
1779623509,-0.769000,-0.403000,-0.052000,-13.740000,35.679000,0.901000,33.80
1779634503,-0.764000,-0.409000,-0.103000,-15.511000,36.336000,1.511000,33.85
1779646700,-0.772000,-0.453000,-0.119000,-16.000000,37.969000,0.702000,33.89
1779656800,-0.796000,-0.469000,-0.114000,-13.664000,38.550000,0.534000,33.85
1779666661,-0.813000,-0.458000,-0.156000,-12.382000,37.221000,1.786000,33.80
1779675793,-0.792000,-0.450000,-0.152000,-15.695000,38.031000,3.252000,33.75
1779687680,-0.806000,-0.471000,-0.151000,-15.038000,42.473000,3.542000,33.85
1779697030,-0.817000,-0.433000,-0.124000,-14.870000,44.580000,4.748000,33.80
1779710244,-0.777000,-0.376000,-0.172000,-18.992000,47.710000,5.542000,33.89
1779719927,-0.753000,-0.428000,-0.162000,-20.336000,51.115000,6.092000,33.80
1779723818,-0.773000,-0.457000,-0.182000,-16.702000,54.412000,7.450000,33.85
1779733894,-0.798000,-0.427000,-0.220000,-16.702000,55.527000,6.015000,33.89
1779747005,-0.823000,-0.415000,-0.240000,-17.710000,55.053000,5.908000,33.75
1779759028,-0.843000,-0.426000,-0.265000,-21.450000,54.992000,7.573000,33.80
1779765599,-0.835000,-0.446000,-0.233000,-22.870000,57.206000,9.542000,33.85
1779777160,-0.840000,-0.467000,-0.242000,-20.626000,57.878000,10.046000,33.80
1779788579,-0.802000,-0.363000,-0.302000,-24.382000,61.634000,12.031000,33.85
1779795970,-0.797000,-0.354000,-0.284000,-32.748000,61.282000,12.351000,33.89
1779805965,-0.775000,-0.409000,-0.236000,-30.809000,61.282000,10.641000,33.75
1779821594,-0.769000,-0.349000,-0.312000,-29.557000,61.603000,10.702000,33.89
1779826209,-0.792000,-0.340000,-0.342000,-36.382000,61.435000,10.519000,33.85
1779832976,-0.831000,-0.399000,-0.319000,-36.931000,62.580000,12.031000,33.99
1779844857,-0.831000,-0.402000,-0.353000,-37.527000,62.351000,16.351000,33.85
1779857256,-0.811000,-0.416000,-0.352000,-37.740000,63.725000,18.672000,33.80
1779866872,-0.827000,-0.383000,-0.333000,-37.252000,64.076000,21.435000,33.80
1779877352,-0.808000,-0.330000,-0.369000,-40.840000,62.580000,22.641000,33.85
1779886021,-0.786000,-0.314000,-0.353000,-45.893000,63.359000,22.122000,33.89
1779895238,-0.787000,-0.344000,-0.359000,-46.779000,61.359000,20.947000,33.85
1779906446,-0.783000,-0.355000,-0.414000,-48.000000,60.626000,20.321000,33.80
1779917014,-0.806000,-0.381000,-0.394000,-48.565000,61.374000,20.824000,33.85
1779926157,-0.847000,-0.368000,-0.419000,-50.580000,59.985000,24.015000,33.71
1779936891,-0.810000,-0.377000,-0.414000,-51.557000,59.359000,25.954000,33.85
1779943541,-0.802000,-0.366000,-0.403000,-50.840000,59.527000,26.977000,33.89
1779956466,-0.789000,-0.331000,-0.427000,-50.931000,60.870000,27.832000,33.85
1779966746,-0.784000,-0.314000,-0.471000,-52.809000,61.878000,26.565000,33.80
1779977448,-0.757000,-0.320000,-0.442000,-53.389000,61.191000,24.076000,33.75
1779990932,-0.757000,-0.311000,-0.453000,-54.305000,60.702000,23.435000,33.80
1779996593,-0.776000,-0.296000,-0.529000,-59.573000,61.740000,25.573000,33.85
1780007614,-0.800000,-0.344000,-0.485000,-58.702000,61.649000,26.000000,33.89
1780017454,-0.767000,-0.333000,-0.510000,-56.885000,60.107000,26.550000,33.94
1780027026,-0.756000,-0.319000,-0.510000,-57.435000,61.237000,26.992000,33.85
1780035409,-0.732000,-0.299000,-0.507000,-57.847000,60.824000,26.779000,33.80
1780042252,-0.718000,-0.287000,-0.511000,-58.076000,61.160000,26.000000,33.85
1780059492,-0.708000,-0.285000,-0.547000,-57.450000,62.168000,24.061000,33.80
1780068864,-0.688000,-0.284000,-0.538000,-56.702000,62.809000,24.962000,33.94
1780076372,-0.656000,-0.280000,-0.536000,-53.786000,65.450000,23.481000,33.89
1780088546,-0.664000,-0.300000,-0.577000,-50.336000,66.977000,23.084000,33.85
1780097891,-0.694000,-0.293000,-0.599000,-47.359000,73.023000,23.710000,33.89
1780104992,-0.734000,-0.230000,-0.621000,-49.328000,70.931000,25.527000,33.94
1780120991,-0.729000,-0.254000,-0.598000,-48.397000,71.542000,23.618000,33.89
1780127539,-0.740000,-0.216000,-0.624000,-48.580000,72.489000,23.053000,33.85
1780134201,-0.698000,-0.221000,-0.608000,-50.168000,73.069000,22.137000,33.80
1780146186,-0.672000,-0.220000,-0.634000,-49.099000,74.779000,22.412000,33.85
1780156260,-0.669000,-0.217000,-0.658000,-47.450000,76.534000,22.947000,33.80
1780171488,-0.655000,-0.198000,-0.635000,-45.939000,76.107000,23.664000,33.85
1780176719,-0.646000,-0.199000,-0.671000,-44.870000,77.115000,22.962000,33.80
1780185534,-0.652000,-0.192000,-0.677000,-42.000000,77.282000,20.687000,33.89
1780197524,-0.667000,-0.161000,-0.708000,-42.046000,76.015000,19.267000,33.85
1780203654,-0.685000,-0.154000,-0.708000,-45.832000,75.298000,19.038000,33.89
1780217582,-0.674000,-0.146000,-0.691000,-45.832000,75.817000,17.511000,33.85
1780226206,-0.676000,-0.106000,-0.748000,-49.649000,74.458000,17.221000,33.80
1780234614,-0.660000,-0.140000,-0.747000,-53.878000,76.076000,18.534000,33.85
1780244889,-0.671000,-0.073000,-0.768000,-56.366000,76.305000,19.725000,33.89
1780257475,-0.618000,-0.168000,-0.747000,-53.863000,73.695000,18.885000,33.85
1780266613,-0.620000,-0.139000,-0.754000,-52.779000,73.206000,20.092000,33.80
1780275805,-0.627000,-0.091000,-0.744000,-53.237000,69.145000,21.679000,33.94
1780286628,-0.581000,-0.083000,-0.767000,-55.573000,66.809000,22.427000,33.89
1780297201,-0.575000,-0.072000,-0.759000,-55.634000,66.153000,23.878000,33.85
1780306068,-0.573000,-0.069000,-0.770000,-56.733000,64.336000,25.496000,33.80
1780316440,-0.581000,-0.059000,-0.768000,-56.855000,63.344000,26.947000,33.85
1780325669,-0.579000,-0.039000,-0.788000,-58.916000,61.145000,28.321000,33.89
1780336784,-0.548000,-0.057000,-0.751000,-58.763000,58.244000,28.061000,33.89
1780343352,-0.530000,-0.018000,-0.789000,-57.893000,56.015000,28.504000,33.94
1780355305,-0.482000,-0.016000,-0.785000,-56.137000,54.824000,27.786000,33.89
1780368202,-0.484000,0.010000,-0.780000,-54.794000,54.092000,26.779000,33.75
1780378200,-0.509000,0.043000,-0.811000,-55.542000,53.893000,25.481000,33.80
1780388956,-0.542000,0.025000,-0.836000,-60.443000,53.847000,27.466000,33.89
1780399972,-0.532000,-0.009000,-0.820000,-60.656000,52.534000,29.115000,33.89
1780407430,-0.546000,-0.037000,-0.777000,-63.237000,50.076000,32.366000,33.94
1780414875,-0.532000,-0.010000,-0.806000,-59.038000,49.267000,34.031000,33.89
1780426801,-0.471000,0.008000,-0.823000,-55.725000,46.427000,35.191000,33.94
1780436601,-0.440000,0.038000,-0.826000,-51.771000,47.954000,33.985000,33.80
1780443197,-0.424000,0.069000,-0.846000,-50.595000,47.160000,34.275000,33.85
1780454592,-0.417000,0.099000,-0.825000,-48.809000,48.824000,33.252000,33.89
1780469343,-0.439000,0.108000,-0.861000,-51.374000,50.031000,34.321000,33.85
1780475656,-0.464000,0.085000,-0.850000,-51.725000,51.893000,35.649000,33.80
1780485977,-0.456000,0.088000,-0.844000,-50.473000,51.496000,35.023000,33.85
1780498828,-0.418000,0.078000,-0.857000,-48.076000,51.695000,33.695000,33.80
1780507972,-0.360000,0.074000,-0.861000,-42.183000,54.321000,31.282000,33.80
1780518550,-0.352000,0.091000,-0.896000,-36.443000,55.298000,30.427000,33.75
1780526564,-0.333000,0.119000,-0.890000,-31.924000,57.969000,29.405000,33.80
1780536722,-0.350000,0.154000,-0.879000,-30.580000,61.374000,28.641000,33.80
1780542771,-0.375000,0.182000,-0.894000,-31.527000,64.366000,27.176000,33.80
1780554166,-0.341000,0.133000,-0.878000,-32.595000,66.351000,25.237000,33.85
1780567084,-0.335000,0.167000,-0.862000,-29.634000,67.847000,22.763000,33.80
1780577612,-0.304000,0.173000,-0.903000,-27.282000,69.130000,20.748000,33.85
1780587395,-0.292000,0.156000,-0.906000,-23.939000,69.328000,19.985000,33.89
1780594248,-0.265000,0.196000,-0.957000,-19.679000,74.260000,15.664000,33.85
1780610156,-0.326000,0.212000,-0.927000,-21.328000,69.786000,17.450000,33.89
1780616497,-0.325000,0.251000,-0.921000,-23.221000,70.198000,14.244000,33.85
1780627357,-0.319000,0.263000,-0.917000,-28.550000,67.282000,12.382000,33.71
1780639151,-0.269000,0.252000,-0.914000,-30.672000,64.443000,9.389000,33.85
1780643472,-0.271000,0.255000,-0.936000,-31.145000,63.435000,9.160000,33.89
1780653947,-0.213000,0.202000,-0.916000,-28.901000,61.176000,10.000000,33.85
1780666674,-0.214000,0.253000,-0.929000,-26.137000,62.107000,11.878000,33.99
1780675917,-0.214000,0.254000,-0.905000,-27.267000,60.519000,12.626000,33.85
1780685186,-0.198000,0.284000,-0.920000,-28.015000,61.328000,10.916000,33.89
1780696778,-0.227000,0.303000,-0.948000,-31.924000,59.893000,10.794000,33.89
1780708119,-0.220000,0.267000,-0.931000,-33.237000,56.962000,10.824000,33.85
1780716321,-0.220000,0.275000,-0.948000,-33.557000,54.336000,13.496000,33.80
1780725266,-0.208000,0.273000,-0.973000,-35.069000,52.733000,16.427000,33.85
1780740560,-0.191000,0.258000,-0.964000,-35.649000,52.794000,19.374000,33.80
1780746542,-0.186000,0.286000,-0.956000,-36.687000,50.214000,20.473000,33.85
1780753410,-0.179000,0.312000,-0.962000,-38.489000,47.679000,20.137000,33.89
1780768832,-0.135000,0.304000,-0.961000,-39.374000,44.489000,19.221000,33.94
1780781801,-0.120000,0.330000,-0.978000,-40.916000,45.221000,18.672000,33.80
1780787516,-0.094000,0.314000,-0.977000,-42.763000,45.756000,18.656000,33.85
1780798450,-0.074000,0.318000,-0.977000,-43.405000,47.557000,19.145000,33.80
1780809871,-0.078000,0.305000,-1.000000,-44.229000,49.298000,19.557000,33.94
1780817500,-0.058000,0.292000,-0.990000,-43.328000,50.214000,19.588000,33.89
1780824493,-0.069000,0.344000,-1.020000,-43.420000,52.168000,18.336000,33.85
1780837627,-0.081000,0.333000,-1.024000,-44.061000,54.458000,16.931000,33.89
1780848987,-0.065000,0.351000,-0.998000,-43.344000,54.947000,13.969000,33.85
1780853363,-0.149000,0.353000,-1.013000,-48.565000,56.229000,16.122000,33.89
1780865034,-0.074000,0.333000,-1.009000,-49.069000,57.389000,16.641000,33.80
1780876231,-0.050000,0.356000,-1.009000,-48.000000,58.443000,17.710000,33.85
1780890981,-0.042000,0.372000,-0.993000,-46.565000,56.458000,20.412000,33.80
1780896361,0.013000,0.372000,-0.990000,-43.405000,56.794000,21.985000,33.85
1780904563,0.021000,0.419000,-0.999000,-39.771000,59.649000,24.840000,33.89
1780916526,0.015000,0.380000,-0.953000,-36.275000,59.405000,26.183000,33.80
1780922201,0.036000,0.421000,-0.981000,-38.611000,62.153000,28.901000,33.89
1780938718,0.013000,0.437000,-0.993000,-36.687000,64.427000,28.595000,33.85
1780951140,0.054000,0.433000,-0.991000,-36.611000,64.656000,26.702000,33.89
1780953559,0.084000,0.435000,-0.986000,-37.221000,66.229000,24.962000,33.85
1780965206,0.006000,0.477000,-1.022000,-36.458000,70.229000,22.626000,33.80
1780971988,0.011000,0.421000,-1.009000,-42.061000,66.885000,25.511000,33.75
1780985623,0.104000,0.382000,-0.956000,-39.603000,68.702000,24.214000,33.80
1780997069,0.039000,0.456000,-0.975000,-40.656000,69.450000,25.756000,33.94
1781006618,0.104000,0.451000,-0.951000,-40.992000,68.198000,26.321000,33.89
1781018432,0.142000,0.449000,-0.970000,-41.557000,70.260000,26.489000,33.85
1781023771,0.112000,0.476000,-0.935000,-39.924000,73.267000,26.092000,33.89
1781035966,0.088000,0.465000,-0.969000,-44.137000,70.321000,28.931000,33.80
1781050071,0.104000,0.396000,-0.946000,-42.443000,72.672000,28.260000,33.85
1781054531,0.063000,0.454000,-0.901000,-43.496000,70.916000,28.702000,33.80
1781065380,0.146000,0.462000,-0.872000,-44.580000,67.740000,27.008000,33.80
1781072319,0.175000,0.492000,-0.882000,-42.901000,71.588000,26.519000,33.89
1781084555,0.187000,0.547000,-0.868000,-46.031000,65.908000,29.374000,33.94
1781096813,0.344000,0.495000,-0.875000,-45.618000,66.763000,28.992000,33.71
1781105688,0.295000,0.488000,-0.929000,-40.763000,72.977000,30.427000,33.94
1781118017,0.244000,0.511000,-0.909000,-41.252000,72.504000,31.328000,33.80
1781123088,0.209000,0.543000,-0.930000,-42.351000,71.954000,30.183000,33.75
1781137893,0.149000,0.533000,-0.961000,-47.389000,69.099000,28.931000,33.89
1781149645,0.134000,0.530000,-0.941000,-53.832000,63.420000,28.580000,33.85
1781154187,0.136000,0.583000,-0.919000,-61.450000,54.290000,30.977000,33.80
1781165834,0.279000,0.554000,-0.862000,-68.290000,49.542000,32.763000,33.85
1781172539,0.338000,0.545000,-0.848000,-67.954000,51.634000,34.534000,33.80
1781186143,0.377000,0.560000,-0.840000,-66.382000,52.000000,37.069000,33.75
1781197315,0.469000,0.546000,-0.821000,-61.298000,57.008000,37.542000,33.89
1781206809,0.439000,0.555000,-0.834000,-54.641000,60.260000,38.626000,33.85
1781216618,0.406000,0.580000,-0.844000,-53.511000,63.344000,40.641000,33.80
1781223894,0.377000,0.581000,-0.827000,-54.901000,64.672000,40.687000,33.89
1781237829,0.309000,0.619000,-0.818000,-59.176000,62.992000,41.435000,33.94
1781246667,0.324000,0.594000,-0.804000,-64.458000,59.893000,42.183000,33.89
1781255345,0.380000,0.545000,-0.789000,-66.183000,58.229000,40.733000,33.85
1781266068,0.471000,0.508000,-0.775000,-59.695000,64.046000,36.305000,33.80
1781273879,0.410000,0.577000,-0.771000,-57.313000,65.099000,36.427000,33.94
1781287329,0.451000,0.585000,-0.739000,-57.115000,65.282000,36.198000,33.71
1781296677,0.474000,0.578000,-0.738000,-56.382000,68.015000,33.618000,33.85
1781306908,0.406000,0.638000,-0.707000,-58.351000,69.115000,32.015000,33.80
1781317566,0.445000,0.650000,-0.711000,-64.412000,66.794000,29.969000,33.85
1781325458,0.495000,0.601000,-0.656000,-65.405000,68.107000,27.374000,33.80
1781337123,0.540000,0.560000,-0.675000,-62.687000,70.061000,25.496000,33.85
1781348114,0.588000,0.531000,-0.648000,-55.420000,75.008000,24.229000,33.89
1781356043,0.567000,0.586000,-0.645000,-49.328000,77.206000,26.290000,33.75
1781366358,0.571000,0.609000,-0.664000,-43.344000,79.893000,25.664000,33.80
1781374880,0.554000,0.643000,-0.644000,-45.420000,81.069000,27.313000,33.85
1781387185,0.512000,0.653000,-0.631000,-46.366000,79.069000,27.771000,33.80
1781397130,0.513000,0.671000,-0.629000,-49.679000,77.511000,27.817000,33.75
1781407976,0.544000,0.651000,-0.614000,-52.321000,75.511000,28.275000,33.94
1781416655,0.613000,0.641000,-0.553000,-50.977000,75.435000,26.901000,33.71
1781425923,0.679000,0.653000,-0.563000,-47.954000,76.824000,28.519000,33.75
1781436704,0.709000,0.648000,-0.543000,-43.389000,79.939000,30.046000,33.89
1781450758,0.709000,0.681000,-0.550000,-41.267000,83.863000,33.405000,33.80
1781459489,0.666000,0.713000,-0.529000,-41.664000,84.656000,36.672000,33.80
1781466933,0.652000,0.691000,-0.503000,-42.824000,83.527000,37.145000,33.85
1781473694,0.570000,0.700000,-0.513000,-46.336000,81.084000,38.015000,33.89
1781490728,0.582000,0.662000,-0.475000,-49.695000,75.817000,37.450000,33.85
1781497638,0.630000,0.620000,-0.441000,-47.664000,74.611000,34.076000,33.89
1781506377,0.616000,0.642000,-0.425000,-45.374000,71.817000,32.092000,33.85
1781520094,0.648000,0.655000,-0.398000,-44.992000,67.176000,31.817000,33.80
1781527439,0.714000,0.637000,-0.383000,-43.817000,62.962000,32.550000,33.85
1781536659,0.753000,0.617000,-0.346000,-40.061000,64.321000,33.237000,33.80
1781545002,0.749000,0.620000,-0.344000,-38.305000,65.542000,34.153000,33.85
1781560275,0.740000,0.611000,-0.329000,-36.153000,65.954000,33.802000,33.80
1781564146,0.697000,0.610000,-0.301000,-34.458000,65.679000,33.221000,33.85
1781573861,0.629000,0.602000,-0.332000,-34.107000,61.527000,32.947000,33.89
1781589595,0.660000,0.564000,-0.281000,-33.115000,54.855000,30.641000,33.94
1781598158,0.666000,0.583000,-0.275000,-29.725000,49.023000,28.962000,33.89
1781606628,0.681000,0.588000,-0.266000,-28.244000,40.198000,28.565000,33.89
1781614254,0.741000,0.586000,-0.246000,-26.076000,32.107000,28.473000,33.85
1781625560,0.791000,0.601000,-0.215000,-22.672000,26.473000,28.947000,33.89
1781636420,0.817000,0.614000,-0.190000,-19.786000,21.374000,28.779000,33.85
1781646650,0.829000,0.651000,-0.206000,-20.214000,14.977000,30.504000,33.80
1781658001,0.865000,0.626000,-0.188000,-19.313000,11.206000,30.061000,33.85
1781666861,0.824000,0.669000,-0.186000,-18.962000,2.992000,31.527000,33.89
1781674492,0.843000,0.613000,-0.165000,-19.359000,-6.198000,32.244000,33.66
1781690021,0.855000,0.597000,-0.198000,-18.092000,-15.084000,34.122000,33.89
1781698352,0.879000,0.584000,-0.188000,-15.313000,-21.954000,32.641000,33.75
1781707701,0.900000,0.565000,-0.216000,-12.031000,-26.198000,29.618000,33.80
1781714608,0.857000,0.594000,-0.238000,-8.702000,-32.519000,27.344000,33.85
1781727661,0.840000,0.614000,-0.251000,-9.084000,-40.580000,25.710000,33.89
1781736539,0.879000,0.596000,-0.246000,-9.282000,-47.252000,22.718000,33.85
1781748219,0.883000,0.587000,-0.257000,-6.595000,-50.870000,17.893000,33.89
1781755893,0.854000,0.592000,-0.282000,-6.458000,-56.366000,15.130000,33.85
1781765296,0.902000,0.559000,-0.291000,-5.710000,-60.550000,11.695000,33.89
1781774582,0.920000,0.520000,-0.272000,0.763000,-61.130000,7.282000,33.85
1781787257,0.901000,0.528000,-0.308000,7.069000,-62.183000,4.092000,33.80
1781799452,0.901000,0.522000,-0.332000,11.252000,-62.672000,1.038000,33.85
1781809443,0.883000,0.534000,-0.343000,16.168000,-61.298000,-2.565000,33.75
1781815821,0.856000,0.553000,-0.339000,19.298000,-61.389000,-7.557000,33.80
1781828969,0.851000,0.556000,-0.362000,20.153000,-60.198000,-12.840000,33.89
1781835640,0.824000,0.552000,-0.383000,21.176000,-59.221000,-18.595000,33.80
1781846440,0.798000,0.541000,-0.389000,23.191000,-61.893000,-23.160000,33.85
1781857355,0.833000,0.498000,-0.420000,27.725000,-62.504000,-26.870000,33.80
1781868606,0.819000,0.498000,-0.439000,33.099000,-61.450000,-29.053000,33.85
1781874528,0.816000,0.490000,-0.420000,38.824000,-60.733000,-30.580000,33.89
1781886833,0.792000,0.507000,-0.438000,43.924000,-60.000000,-32.366000,33.75
1781894926,0.766000,0.533000,-0.451000,47.435000,-59.725000,-35.221000,33.80
1781907128,0.731000,0.561000,-0.432000,49.084000,-59.740000,-39.435000,33.85
1781915600,0.720000,0.564000,-0.467000,50.672000,-61.359000,-43.802000,33.89
1781929304,0.728000,0.562000,-0.475000,49.649000,-63.542000,-45.878000,33.85
1781939523,0.743000,0.528000,-0.496000,54.244000,-64.031000,-48.031000,33.80
1781945515,0.736000,0.526000,-0.513000,58.870000,-64.779000,-48.763000,33.75
1781956405,0.720000,0.542000,-0.516000,63.847000,-64.336000,-49.359000,33.89
1781968123,0.693000,0.565000,-0.522000,67.435000,-65.863000,-49.191000,33.94
1781974257,0.670000,0.574000,-0.510000,67.649000,-66.275000,-50.275000,33.80
1781986327,0.625000,0.600000,-0.566000,68.534000,-68.672000,-51.802000,33.89
1781997578,0.610000,0.588000,-0.578000,64.565000,-71.985000,-52.015000,33.75
1782008941,0.629000,0.538000,-0.599000,66.412000,-75.420000,-53.374000,33.89
1782014533,0.622000,0.525000,-0.595000,70.198000,-77.008000,-53.634000,33.85
1782025868,0.587000,0.516000,-0.622000,74.519000,-77.603000,-53.298000,33.80
1782038495,0.578000,0.534000,-0.646000,77.405000,-78.061000,-52.962000,33.85
1782043773,0.556000,0.542000,-0.608000,78.779000,-81.939000,-53.863000,33.80
1782058080,0.533000,0.574000,-0.616000,79.725000,-82.824000,-55.481000,33.89
1782069995,0.483000,0.577000,-0.675000,76.656000,-86.382000,-56.901000,33.80
1782074288,0.475000,0.519000,-0.693000,74.962000,-91.282000,-59.099000,33.85
1782085945,0.429000,0.465000,-0.732000,76.687000,-94.076000,-61.878000,33.80
1782092637,0.420000,0.442000,-0.721000,75.710000,-99.160000,-61.832000,33.75
1782106226,0.403000,0.434000,-0.687000,78.885000,-101.069000,-63.817000,33.80
1782116785,0.374000,0.480000,-0.717000,78.870000,-103.649000,-64.916000,33.85
1782125948,0.345000,0.491000,-0.756000,78.321000,-106.702000,-65.893000,33.89
1782139883,0.297000,0.479000,-0.730000,74.763000,-110.351000,-66.733000,33.85
1782145276,0.266000,0.481000,-0.778000,72.611000,-117.603000,-67.252000,33.80
1782156976,0.324000,0.437000,-0.885000,64.947000,-125.679000,-67.863000,33.94
1782166131,0.355000,0.366000,-0.848000,63.618000,-127.206000,-68.748000,33.89
1782175320,0.304000,0.356000,-0.802000,70.809000,-122.565000,-70.611000,33.75
1782184590,0.164000,0.419000,-0.808000,71.878000,-123.130000,-68.870000,33.85
1782196521,0.176000,0.410000,-0.880000,67.221000,-128.061000,-66.931000,33.89
1782210438,0.201000,0.405000,-0.820000,64.702000,-128.840000,-68.595000,33.80
1782219191,0.165000,0.440000,-0.812000,63.664000,-127.252000,-70.244000,33.89
1782226546,0.159000,0.407000,-0.892000,61.603000,-126.687000,-71.878000,33.85
1782239790,0.160000,0.307000,-0.938000,61.679000,-125.618000,-73.481000,33.80
1782249053,0.105000,0.267000,-0.932000,67.023000,-121.786000,-74.504000,33.85
1782255304,0.003000,0.286000,-0.873000,70.840000,-121.649000,-71.115000,33.89
1782265676,-0.024000,0.320000,-0.896000,68.733000,-128.214000,-64.076000,33.75
1782277259,0.023000,0.308000,-0.937000,67.466000,-130.122000,-61.649000,33.80
1782283759,-0.017000,0.300000,-0.930000,66.611000,-125.878000,-62.992000,33.75
1782294853,-0.104000,0.290000,-0.961000,66.183000,-126.550000,-62.046000,33.89
1782307470,-0.114000,0.271000,-0.983000,62.885000,-126.794000,-61.282000,33.85
1782318150,-0.154000,0.208000,-0.971000,64.107000,-126.122000,-60.947000,33.80
1782326232,-0.150000,0.184000,-0.958000,65.298000,-124.336000,-59.756000,33.85
1782335007,-0.170000,0.195000,-0.939000,69.115000,-123.435000,-57.679000,33.89
1782347465,-0.205000,0.205000,-0.982000,69.298000,-121.466000,-57.069000,33.85
1782356141,-0.227000,0.246000,-0.940000,67.710000,-124.107000,-58.260000,33.89
1782365053,-0.257000,0.224000,-1.008000,65.893000,-124.931000,-59.573000,33.75
1782375497,-0.302000,0.243000,-0.967000,61.695000,-124.809000,-60.901000,33.80
1782386052,-0.305000,0.192000,-0.944000,60.229000,-126.061000,-60.427000,33.80
1782392897,-0.294000,0.145000,-0.988000,60.489000,-123.954000,-59.527000,33.85
1782409393,-0.316000,0.104000,-0.941000,64.244000,-119.542000,-59.893000,33.89
1782417538,-0.376000,0.109000,-0.969000,67.496000,-117.115000,-59.725000,33.85
1782426478,-0.384000,0.122000,-0.942000,69.420000,-112.137000,-60.748000,33.80
1782437940,-0.426000,0.155000,-0.896000,67.908000,-115.481000,-59.649000,33.80
1782448127,-0.450000,0.177000,-0.935000,66.107000,-115.466000,-61.374000,33.89
1782456260,-0.484000,0.160000,-0.939000,61.511000,-115.908000,-61.588000,33.75
1782466536,-0.464000,0.052000,-0.938000,62.977000,-114.336000,-61.298000,33.89
1782475920,-0.469000,0.039000,-0.912000,64.290000,-109.786000,-60.641000,33.75
1782485716,-0.488000,0.010000,-0.854000,68.565000,-108.718000,-60.244000,33.89
1782495920,-0.492000,0.036000,-0.901000,72.550000,-104.489000,-62.641000,33.75
1782502711,-0.555000,0.072000,-0.877000,69.725000,-104.611000,-63.618000,33.80
1782521571,-0.623000,0.082000,-0.877000,64.137000,-107.435000,-62.229000,33.85
1782529728,-0.621000,0.042000,-0.865000,58.595000,-110.534000,-62.183000,33.80
1782536751,-0.630000,-0.031000,-0.857000,56.947000,-109.511000,-60.137000,33.85
1782549152,-0.629000,-0.101000,-0.831000,58.702000,-106.168000,-57.969000,33.89
1782559573,-0.634000,-0.124000,-0.807000,62.366000,-105.313000,-55.023000,33.85
1782565833,-0.636000,-0.112000,-0.840000,63.740000,-104.137000,-53.908000,33.89
1782576305,-0.635000,-0.113000,-0.826000,62.229000,-103.664000,-53.527000,33.85
1782587957,-0.648000,-0.106000,-0.765000,60.458000,-103.053000,-54.031000,33.80
1782593932,-0.659000,-0.102000,-0.791000,57.450000,-101.237000,-54.855000,33.89
1782605212,-0.717000,-0.137000,-0.777000,54.107000,-98.015000,-55.267000,33.85
1782610766,-0.726000,-0.196000,-0.744000,53.191000,-97.389000,-53.221000,33.71
1782628397,-0.719000,-0.262000,-0.747000,57.023000,-96.031000,-50.977000,33.85
1782636864,-0.738000,-0.283000,-0.775000,61.740000,-91.008000,-49.969000,33.89
1782645259,-0.761000,-0.272000,-0.761000,62.916000,-87.344000,-50.412000,33.75
1782661476,-0.783000,-0.234000,-0.754000,59.603000,-86.702000,-49.985000,33.80
1782666072,-0.800000,-0.214000,-0.722000,53.649000,-86.885000,-49.038000,33.75
1782675564,-0.757000,-0.228000,-0.693000,45.969000,-87.695000,-48.061000,33.80
1782686304,-0.729000,-0.303000,-0.629000,47.344000,-84.565000,-48.901000,33.85
1782696406,-0.717000,-0.302000,-0.624000,49.802000,-80.275000,-49.191000,33.80
1782703043,-0.734000,-0.299000,-0.597000,52.748000,-79.588000,-49.313000,33.75
1782719673,-0.706000,-0.297000,-0.583000,55.924000,-73.756000,-50.550000,33.80
1782728893,-0.745000,-0.267000,-0.595000,59.282000,-71.038000,-52.137000,33.75
1782737346,-0.766000,-0.261000,-0.598000,56.473000,-72.397000,-52.000000,33.89
1782748543,-0.771000,-0.265000,-0.560000,56.412000,-72.137000,-51.832000,33.85
1782758366,-0.802000,-0.234000,-0.562000,55.802000,-72.122000,-50.534000,33.80
1782766441,-0.806000,-0.231000,-0.580000,52.687000,-72.672000,-47.969000,33.85
1782777061,-0.800000,-0.265000,-0.515000,52.641000,-73.847000,-44.794000,33.85
1782785034,-0.789000,-0.277000,-0.558000,55.679000,-72.733000,-42.519000,33.89
1782797348,-0.793000,-0.261000,-0.577000,56.534000,-72.687000,-41.893000,33.85
1782806062,-0.798000,-0.240000,-0.492000,57.328000,-74.748000,-41.130000,33.80
1782812649,-0.829000,-0.219000,-0.571000,58.214000,-83.023000,-61.893000,33.89
1782826794,-0.774000,-0.275000,-0.496000,51.588000,-77.832000,-43.573000,33.80
1782839669,-0.797000,-0.311000,-0.449000,53.160000,-77.420000,-41.389000,33.85
1782845734,-0.807000,-0.333000,-0.465000,53.298000,-76.382000,-34.611000,33.80
1782858504,-0.818000,-0.348000,-0.435000,53.618000,-75.511000,-27.832000,33.85
1782868817,-0.821000,-0.374000,-0.405000,56.580000,-75.954000,-24.336000,33.89
1782876370,-0.825000,-0.351000,-0.389000,56.061000,-76.641000,-22.718000,33.85
1782887867,-0.846000,-0.385000,-0.403000,57.679000,-80.489000,-22.916000,33.80
1782897695,-0.827000,-0.378000,-0.389000,56.641000,-81.878000,-25.145000,33.75
1782904158,-0.804000,-0.396000,-0.330000,54.641000,-77.847000,-21.817000,33.89
1782915828,-0.843000,-0.421000,-0.333000,56.702000,-81.145000,-18.519000,33.75
1782926054,-0.846000,-0.338000,-0.336000,50.000000,-82.489000,-15.634000,33.89
1782937598,-0.816000,-0.446000,-0.234000,51.618000,-83.618000,-8.519000,33.75
1782946919,-0.842000,-0.431000,-0.234000,52.244000,-81.939000,-15.389000,33.89
1782957907,-0.854000,-0.439000,-0.268000,51.374000,-83.435000,-10.351000,33.85
1782966399,-0.825000,-0.429000,-0.260000,46.198000,-85.634000,-9.710000,33.89
1782976902,-0.801000,-0.482000,-0.244000,44.824000,-82.550000,-7.527000,33.85
1782989324,-0.819000,-0.427000,-0.198000,41.359000,-78.962000,-10.504000,33.85
1782997647,-0.859000,-0.472000,-0.176000,38.885000,-80.458000,-5.939000,33.89
1783003705,-0.818000,-0.502000,-0.154000,35.664000,-78.641000,-6.290000,33.85
1783014261,-0.917000,-0.207000,-0.316000,28.458000,-75.282000,-26.412000,33.80
1783026887,-0.927000,-0.531000,-0.166000,15.130000,-89.634000,8.855000,33.85
1783038045,-0.646000,-0.639000,-0.009000,29.420000,-74.580000,-0.824000,33.89
1783046694,-0.748000,-0.499000,-0.079000,38.382000,-65.160000,-13.389000,33.80
1783059850,-0.824000,-0.431000,-0.137000,32.137000,-64.992000,-7.908000,33.80
1783067213,-0.812000,-0.508000,-0.079000,30.122000,-67.435000,-4.779000,33.75
1783076398,-0.753000,-0.514000,-0.122000,32.000000,-58.153000,-7.237000,33.89
1783087149,-0.798000,-0.510000,-0.091000,33.954000,-57.435000,-5.267000,33.75
1783099552,-0.787000,-0.503000,-0.129000,35.634000,-55.344000,-5.817000,33.80
1783106343,-0.778000,-0.450000,-0.110000,33.527000,-52.198000,-5.588000,33.75
1783113012,-0.744000,-0.456000,-0.130000,31.099000,-47.450000,-5.252000,33.80
1783127170,-0.783000,-0.443000,-0.119000,26.168000,-44.977000,-9.389000,33.85
1783140534,-0.763000,-0.451000,-0.110000,24.260000,-48.168000,-6.031000,33.71
1783145311,-0.759000,-0.480000,-0.105000,21.740000,-46.198000,-5.710000,33.85
1783155738,-0.732000,-0.482000,-0.074000,23.496000,-41.618000,-6.137000,33.80
1783165845,-0.739000,-0.482000,-0.078000,24.748000,-37.679000,-7.634000,33.75
1783174576,-0.758000,-0.487000,-0.079000,24.183000,-29.496000,-10.885000,33.80
1783186023,-0.751000,-0.473000,-0.148000,20.183000,-22.824000,-13.466000,33.80
1783198467,-0.735000,-0.510000,-0.061000,22.031000,-15.282000,-14.809000,33.89
1783207138,-0.694000,-0.506000,-0.053000,26.687000,-5.435000,-17.359000,33.80
1783216645,-0.739000,-0.471000,-0.037000,26.427000,0.672000,-18.916000,33.85
1783223449,-0.767000,-0.469000,-0.026000,22.962000,3.359000,-18.321000,33.80
1783239889,-0.720000,-0.474000,0.021000,24.260000,7.511000,-18.565000,33.85
1783249791,-0.705000,-0.492000,0.041000,28.336000,14.702000,-20.473000,33.71
1783255363,-0.732000,-0.498000,0.045000,31.389000,20.015000,-20.321000,33.94
1783267572,-0.761000,-0.476000,0.032000,31.969000,23.313000,-19.817000,33.80
1783274862,-0.781000,-0.439000,0.005000,28.931000,23.710000,-17.924000,33.85
1783285996,-0.779000,-0.451000,0.031000,26.443000,22.473000,-15.389000,33.80
1783298078,-0.764000,-0.440000,0.026000,23.435000,22.321000,-14.046000,33.85
1783307296,-0.724000,-0.438000,0.033000,22.351000,26.122000,-14.718000,33.80
1783316051,-0.791000,-0.438000,0.040000,20.885000,23.725000,-12.595000,33.85
1783323135,-0.783000,-0.440000,0.024000,17.557000,20.519000,-9.145000,33.80
1783339761,-0.763000,-0.450000,0.014000,16.229000,19.542000,-7.817000,33.75
1783346462,-0.765000,-0.451000,0.022000,13.466000,17.771000,-6.137000,33.80
1783354922,-0.744000,-0.446000,0.061000,12.076000,17.588000,-4.763000,33.80
1783368279,-0.735000,-0.462000,0.035000,11.008000,16.794000,-3.771000,33.85
1783375533,-0.731000,-0.477000,0.029000,9.588000,15.191000,-2.962000,33.80
1783386000,-0.725000,-0.474000,0.035000,7.878000,13.298000,-2.321000,33.75
1783397578,-0.738000,-0.476000,0.029000,5.618000,10.885000,-1.450000,33.71
1783406878,-0.740000,-0.472000,0.035000,2.046000,8.137000,-0.809000,33.85
1783411553,-0.752000,-0.479000,0.039000,-1.115000,4.779000,-0.550000,33.71
1783424078,-0.752000,-0.475000,0.044000,-4.458000,2.031000,0.611000,33.85
1783439466,-0.730000,-0.482000,0.052000,-5.710000,0.260000,1.115000,33.89
1783450514,-0.724000,-0.499000,0.061000,-6.198000,0.092000,0.931000,33.75
1783456041,-0.712000,-0.518000,0.064000,-5.008000,-0.046000,0.641000,33.80
1783469630,-0.714000,-0.500000,0.079000,-4.687000,-0.824000,-0.092000,33.85
1783479340,-0.714000,-0.497000,0.082000,-4.473000,-2.626000,-0.229000,33.80
1783487845,-0.719000,-0.492000,0.054000,-5.679000,-3.817000,-0.565000,33.85
1783497010,-0.744000,-0.476000,0.049000,-7.511000,-5.603000,-0.275000,33.80
1783506913,-0.730000,-0.475000,0.068000,-9.603000,-7.160000,-0.901000,33.94
1783513609,-0.731000,-0.471000,0.067000,-11.786000,-7.725000,-0.504000,33.80
1783524729,-0.709000,-0.477000,0.065000,-13.038000,-6.534000,-0.947000,33.85
1783537014,-0.719000,-0.484000,0.059000,-13.817000,-5.008000,-1.344000,33.80
1783547736,-0.727000,-0.493000,0.075000,-14.214000,-4.809000,-1.206000,33.89
1783556797,-0.715000,-0.496000,0.064000,-14.137000,-4.031000,-1.771000,33.85
1783565956,-0.723000,-0.484000,0.072000,-14.305000,-4.092000,-1.969000,33.80
1783579359,-0.719000,-0.488000,0.077000,-14.427000,-4.153000,-1.924000,33.80
1783586619,-0.714000,-0.478000,0.081000,-14.962000,-3.664000,-2.031000,33.80
1783595967,-0.715000,-0.474000,0.083000,-14.718000,-2.595000,-2.366000,33.85
1783607276,-0.699000,-0.465000,0.083000,-14.916000,-0.290000,-2.870000,33.80
1783617080,-0.699000,-0.468000,0.077000,-14.000000,1.802000,-3.160000,33.75
1783624440,-0.701000,-0.472000,0.075000,-13.237000,3.679000,-2.962000,33.80
1783636740,-0.697000,-0.444000,0.070000,-13.725000,5.023000,-3.832000,33.85
1783644756,-0.704000,-0.436000,0.057000,-15.176000,6.137000,-3.435000,33.71
1783659080,-0.693000,-0.443000,0.077000,-15.893000,6.840000,-2.885000,33.85
1783664446,-0.699000,-0.469000,0.046000,-13.496000,7.908000,-1.511000,33.80
1783677397,-0.717000,-0.445000,0.050000,-12.550000,8.443000,-0.076000,33.85
1783687026,-0.753000,-0.453000,0.016000,-14.366000,8.687000,-0.397000,33.80
1783694143,-0.795000,-0.478000,0.017000,-16.748000,7.679000,-0.290000,33.85
1783706560,-0.804000,-0.503000,0.047000,-17.557000,4.321000,-0.015000,33.80
1783717180,-0.781000,-0.505000,0.067000,-19.069000,4.183000,0.412000,33.85
1783724971,-0.781000,-0.528000,0.044000,-18.626000,2.931000,1.008000,33.71
1783730710,-0.762000,-0.511000,0.066000,-19.802000,3.527000,1.939000,33.89
1783750390,-0.742000,-0.546000,0.097000,-17.466000,3.344000,4.366000,33.85
1783759012,-0.700000,-0.521000,0.096000,-15.710000,8.702000,2.275000,33.80
1783766184,-0.707000,-0.516000,0.084000,-12.534000,15.191000,2.168000,33.85
1783777018,-0.737000,-0.522000,0.046000,-12.198000,19.221000,2.397000,33.80
1783784048,-0.760000,-0.510000,0.044000,-13.389000,19.359000,4.748000,33.75
1783797389,-0.772000,-0.491000,-0.001000,-13.191000,21.710000,5.908000,33.89
1783806881,-0.776000,-0.480000,0.014000,-15.542000,20.718000,7.298000,33.85
1783817867,-0.754000,-0.467000,0.002000,-16.290000,21.802000,7.191000,33.80
1783825002,-0.754000,-0.433000,-0.011000,-16.351000,24.672000,7.160000,33.85
1783831910,-0.754000,-0.438000,-0.014000,-17.450000,24.641000,7.618000,33.71
1783849759,-0.735000,-0.429000,-0.046000,-16.733000,28.672000,7.573000,33.75
1783858999,-0.754000,-0.460000,-0.073000,-17.618000,28.168000,8.611000,33.80
1783865478,-0.750000,-0.465000,-0.047000,-15.344000,30.351000,9.511000,33.75
1783877679,-0.790000,-0.458000,-0.060000,-18.061000,27.053000,11.313000,33.71
1783887347,-0.792000,-0.465000,-0.059000,-20.046000,25.359000,13.588000,33.75
1783895360,-0.767000,-0.460000,-0.028000,-20.855000,24.794000,14.305000,33.80
1783906902,-0.749000,-0.464000,-0.011000,-18.687000,27.099000,13.679000,33.85
1783915475,-0.735000,-0.471000,-0.020000,-16.947000,30.092000,13.985000,33.80
1783924177,-0.755000,-0.446000,-0.042000,-15.847000,31.298000,14.031000,33.85
1783936455,-0.767000,-0.441000,-0.091000,-16.962000,31.069000,15.634000,33.80
1783949224,-0.814000,-0.449000,-0.102000,-18.824000,30.458000,14.779000,33.85
1783958402,-0.830000,-0.473000,-0.110000,-19.038000,26.366000,13.740000,33.89
1783968703,-0.800000,-0.440000,-0.113000,-20.718000,29.069000,12.580000,33.80
1783979573,-0.782000,-0.468000,-0.102000,-20.885000,31.328000,14.931000,33.85
1783987733,-0.743000,-0.503000,-0.098000,-17.466000,34.931000,17.466000,33.80
1783994544,-0.775000,-0.468000,-0.093000,-15.466000,39.359000,17.053000,33.85
1784007810,-0.783000,-0.424000,-0.118000,-17.191000,39.786000,17.939000,33.80
1784016361,-0.734000,-0.416000,-0.128000,-18.916000,41.191000,17.053000,33.75
1784023397,-0.746000,-0.438000,-0.123000,-20.046000,44.992000,16.290000,33.80
1784034971,-0.782000,-0.438000,-0.145000,-18.824000,47.634000,17.084000,33.80
1784047724,-0.797000,-0.444000,-0.193000,-19.939000,47.878000,16.412000,33.80
1784062099,-0.829000,-0.454000,-0.196000,-20.672000,47.420000,16.595000,33.75
1784067614,-0.813000,-0.440000,-0.204000,-21.038000,47.496000,15.771000,33.80
1784077114,-0.783000,-0.435000,-0.193000,-21.313000,48.031000,16.824000,33.75
1784089260,-0.750000,-0.431000,-0.212000,-22.305000,51.099000,16.489000,33.80
1784096852,-0.754000,-0.408000,-0.235000,-23.298000,54.580000,15.557000,33.85
1784106140,-0.757000,-0.405000,-0.245000,-24.916000,56.260000,14.779000,33.89
1784117752,-0.780000,-0.409000,-0.267000,-26.168000,57.374000,14.458000,33.85
1784126784,-0.791000,-0.404000,-0.273000,-29.389000,58.656000,13.573000,33.71
1784133635,-0.826000,-0.464000,-0.302000,-29.786000,59.817000,13.527000,33.75
1784145493,-0.806000,-0.450000,-0.327000,-31.527000,60.519000,15.206000,33.80
1784157372,-0.813000,-0.453000,-0.299000,-29.130000,60.672000,17.450000,33.75
1784167275,-0.776000,-0.394000,-0.325000,-31.328000,62.336000,18.336000,33.75
1784177708,-0.737000,-0.372000,-0.301000,-38.031000,62.061000,18.473000,33.89
1784189018,-0.739000,-0.407000,-0.301000,-38.290000,65.924000,16.733000,33.80
1784197875,-0.811000,-0.422000,-0.272000,-31.725000,65.267000,16.519000,33.89
1784207242,-0.765000,-0.338000,-0.382000,-38.840000,68.015000,14.458000,33.85
1784216646,-0.786000,-0.395000,-0.398000,-47.588000,73.115000,16.183000,33.80
1784227470,-0.894000,-0.534000,-0.339000,-41.023000,72.595000,22.870000,33.75
1784232284,-0.789000,-0.413000,-0.389000,-37.634000,75.298000,25.450000,33.80
1784244125,-0.836000,-0.361000,-0.403000,-41.954000,76.504000,29.298000,33.75
1784258516,-0.827000,-0.366000,-0.384000,-42.000000,73.023000,29.298000,33.80
1784268334,-0.837000,-0.343000,-0.408000,-42.336000,70.107000,27.160000,33.85
1784275876,-0.783000,-0.255000,-0.406000,-45.298000,66.260000,24.443000,33.80
1784287135,-0.780000,-0.302000,-0.444000,-50.061000,67.008000,23.466000,33.85
1784296639,-0.795000,-0.304000,-0.438000,-54.947000,68.794000,23.939000,33.80
1784307487,-0.855000,-0.339000,-0.467000,-53.695000,68.779000,23.664000,33.75
1784317063,-0.851000,-0.353000,-0.450000,-55.313000,66.885000,26.061000,33.80
1784325644,-0.779000,-0.354000,-0.445000,-55.664000,64.733000,25.939000,33.85
1784336073,-0.824000,-0.352000,-0.438000,-55.802000,67.160000,31.420000,33.80
1784342878,-0.760000,-0.312000,-0.457000,-52.977000,65.389000,31.176000,33.80
1784360587,-0.738000,-0.298000,-0.448000,-50.595000,63.374000,30.015000,33.75
1784368990,-0.709000,-0.313000,-0.439000,-49.038000,62.061000,27.542000,33.71
1784375653,-0.670000,-0.257000,-0.503000,-49.573000,66.351000,25.130000,33.75
1784387856,-0.735000,-0.257000,-0.504000,-49.924000,70.977000,24.214000,33.80
1784397555,-0.769000,-0.297000,-0.531000,-52.153000,71.527000,29.344000,33.94
1784405482,-0.740000,-0.299000,-0.586000,-50.351000,74.840000,29.939000,33.80
1784416873,-0.785000,-0.299000,-0.590000,-49.664000,73.511000,32.260000,33.75
1784428486,-0.729000,-0.257000,-0.554000,-50.519000,69.145000,31.160000,33.80
1784434952,-0.696000,-0.224000,-0.602000,-49.313000,69.160000,29.038000,33.85
1784447736,-0.684000,-0.200000,-0.640000,-52.015000,70.473000,27.725000,33.71
1784459598,-0.665000,-0.167000,-0.637000,-53.038000,71.832000,27.053000,33.85
1784466373,-0.688000,-0.192000,-0.641000,-55.023000,72.977000,27.924000,33.80
1784475660,-0.679000,-0.226000,-0.614000,-52.183000,69.389000,26.824000,33.75
1784491631,-0.696000,-0.217000,-0.624000,-54.168000,73.053000,30.565000,33.71
1784499469,-0.694000,-0.211000,-0.667000,-52.962000,71.618000,31.893000,33.85
1784505817,-0.659000,-0.192000,-0.656000,-50.672000,70.870000,32.000000,33.89
1784515930,-0.616000,-0.215000,-0.652000,-47.206000,68.580000,30.489000,33.80
1784527802,-0.602000,-0.138000,-0.652000,-46.885000,71.618000,27.664000,33.75
1784534175,-0.636000,-0.132000,-0.660000,-48.794000,72.901000,26.183000,33.80
1784545684,-0.665000,-0.106000,-0.731000,-52.168000,76.229000,26.183000,33.75
1784556768,-0.693000,-0.166000,-0.686000,-51.802000,75.695000,26.809000,33.71
1784565398,-0.694000,-0.149000,-0.664000,-51.710000,73.359000,28.748000,33.89
1784576784,-0.633000,-0.132000,-0.691000,-48.885000,73.389000,28.122000,33.80
1784585280,-0.588000,-0.109000,-0.694000,-44.763000,71.740000,27.695000,33.75
1784598235,-0.578000,-0.073000,-0.751000,-42.061000,72.458000,27.786000,33.80
1784607445,-0.586000,-0.077000,-0.756000,-41.786000,73.191000,29.481000,33.75
1784616367,-0.651000,0.049000,-0.768000,-45.496000,73.573000,31.908000,33.80
1784626929,-0.624000,-0.052000,-0.795000,-46.611000,73.099000,29.786000,33.75
1784634832,-0.659000,-0.031000,-0.786000,-52.931000,72.641000,32.183000,33.80
1784644350,-0.641000,-0.048000,-0.786000,-52.321000,72.809000,31.817000,33.75
1784659575,-0.592000,-0.042000,-0.794000,-51.038000,69.069000,30.947000,33.80
1784667482,-0.615000,-0.037000,-0.817000,-53.252000,69.405000,33.313000,33.75
1784677518,-0.543000,-0.053000,-0.802000,-49.924000,66.641000,33.466000,33.75
1784687859,-0.530000,-0.019000,-0.771000,-47.588000,65.359000,34.031000,33.80
1784698819,-0.516000,0.028000,-0.778000,-49.160000,66.122000,33.267000,33.75
1784706508,-0.479000,-0.001000,-0.754000,-45.267000,64.824000,29.405000,33.80
1784714059,-0.525000,0.037000,-0.845000,-51.191000,69.649000,32.122000,33.80
1784725950,-0.495000,0.000000,-0.797000,-50.137000,69.435000,31.069000,33.80
1784736562,-0.519000,0.025000,-0.804000,-49.756000,69.221000,30.229000,33.85
1784743369,-0.510000,0.026000,-0.838000,-49.588000,66.504000,30.168000,33.71
1784755389,-0.495000,-0.010000,-0.866000,-50.519000,62.473000,30.229000,33.85
1784768217,-0.487000,0.016000,-0.816000,-48.046000,61.420000,30.779000,33.80
1784778019,-0.442000,0.089000,-0.823000,-47.359000,59.191000,31.389000,33.75
1784787922,-0.382000,0.098000,-0.843000,-46.916000,62.031000,31.908000,33.80
1784798620,-0.360000,0.079000,-0.866000,-45.237000,64.992000,32.351000,33.94
1784806295,-0.428000,0.104000,-0.877000,-44.427000,65.603000,33.588000,33.80
1784813617,-0.426000,0.126000,-0.857000,-43.924000,63.847000,32.076000,33.85
1784826686,-0.424000,0.147000,-0.883000,-45.176000,62.107000,30.321000,33.71
1784836681,-0.410000,0.147000,-0.872000,-46.183000,59.939000,28.931000,33.75
1784842880,-0.380000,0.165000,-0.867000,-45.695000,57.969000,27.374000,33.89
1784855488,-0.354000,0.167000,-0.880000,-45.481000,59.359000,26.229000,33.80
1784868011,-0.336000,0.168000,-0.881000,-43.573000,59.008000,26.397000,33.80
1784874797,-0.314000,0.181000,-0.893000,-41.878000,60.305000,26.672000,33.80
1784886043,-0.333000,0.184000,-0.883000,-41.496000,60.321000,27.466000,33.75
1784902416,-0.336000,0.176000,-0.895000,-40.397000,59.603000,27.557000,33.80
1784907592,-0.317000,0.190000,-0.894000,-39.115000,59.679000,26.473000,33.85
1784918522,-0.344000,0.250000,-0.902000,-39.924000,59.130000,26.351000,33.89
1784924412,-0.284000,0.239000,-0.860000,-41.985000,55.328000,25.878000,33.85
1784936999,-0.265000,0.263000,-0.899000,-41.130000,57.038000,25.725000,33.89
1784943257,-0.257000,0.230000,-0.894000,-39.649000,55.252000,26.244000,33.75
1784954434,-0.185000,0.224000,-0.899000,-34.489000,54.412000,25.924000,33.71
1784971280,-0.186000,0.264000,-0.922000,-31.344000,59.053000,23.389000,33.85
1784980742,-0.219000,0.306000,-0.898000,-30.641000,59.695000,20.137000,33.80
1784986029,-0.257000,0.344000,-0.907000,-35.878000,59.573000,18.458000,33.85
1785000112,-0.290000,0.345000,-0.931000,-41.099000,57.985000,18.458000,33.80
1785011005,-0.227000,0.270000,-0.924000,-44.550000,54.305000,18.519000,33.94
1785017661,-0.230000,0.235000,-0.937000,-40.718000,53.374000,19.466000,33.80
1785024716,-0.169000,0.222000,-0.939000,-37.038000,52.397000,20.412000,33.75
1785038937,-0.183000,0.259000,-0.959000,-33.053000,53.252000,22.198000,33.80
1785043259,-0.184000,0.255000,-0.945000,-32.519000,53.573000,23.985000,33.75
1785053864,-0.192000,0.273000,-0.971000,-32.931000,52.580000,24.885000,33.80
1785067877,-0.170000,0.290000,-0.938000,-35.038000,52.260000,24.229000,33.85
1785078622,-0.160000,0.337000,-0.958000,-38.504000,50.015000,25.511000,33.80
1785085239,-0.056000,0.289000,-0.944000,-37.237000,51.099000,24.321000,33.75
1785097620,-0.042000,0.306000,-0.985000,-34.351000,52.641000,24.198000,33.80
1785111003,-0.049000,0.313000,-1.003000,-31.832000,54.504000,24.290000,33.80
1785116140,-0.061000,0.321000,-1.007000,-31.282000,54.626000,24.366000,33.66
1785125225,-0.123000,0.346000,-1.015000,-32.763000,54.641000,25.038000,33.80
1785135295,-0.128000,0.335000,-0.969000,-35.252000,51.160000,25.771000,33.85
1785146566,-0.065000,0.328000,-0.904000,-34.733000,46.550000,23.313000,33.80
1785153364,-0.062000,0.343000,-0.963000,-39.985000,46.198000,26.427000,33.75
1785167810,0.018000,0.330000,-0.927000,-34.870000,47.634000,25.374000,33.80
1785176969,0.053000,0.362000,-0.942000,-32.092000,49.802000,25.496000,33.80
1785185176,0.044000,0.344000,-0.937000,-28.076000,55.038000,24.092000,33.80
1785196917,-0.021000,0.413000,-0.941000,-28.031000,56.015000,23.023000,33.75
1785208911,-0.019000,0.409000,-0.958000,-29.695000,54.397000,19.939000,33.80
1785216682,-0.052000,0.413000,-0.957000,-35.939000,53.267000,19.053000,33.75
1785226506,-0.008000,0.385000,-0.958000,-36.000000,50.534000,16.901000,33.89
1785237340,0.021000,0.382000,-0.979000,-35.084000,49.359000,16.626000,33.85
1785247177,0.028000,0.393000,-0.974000,-34.198000,47.588000,19.176000,33.89
1785253481,0.057000,0.433000,-0.924000,-34.763000,46.397000,21.786000,33.75
1785269274,0.083000,0.436000,-0.932000,-35.771000,46.595000,25.328000,33.80
1785278766,0.070000,0.432000,-0.904000,-33.298000,48.595000,27.618000,33.75
1785287320,0.122000,0.404000,-0.919000,-28.519000,48.275000,30.275000,33.80
1785298190,0.102000,0.438000,-0.931000,-22.565000,51.267000,33.389000,33.75
1785308635,0.089000,0.442000,-0.949000,-19.847000,49.435000,38.061000,33.80
1785316689,0.121000,0.458000,-0.951000,-18.992000,53.344000,40.214000,33.85
1785324464,0.034000,0.522000,-0.953000,-21.298000,52.275000,43.206000,33.80
1785336226,0.023000,0.530000,-0.963000,-27.344000,48.397000,44.870000,33.85
1785346863,0.066000,0.461000,-0.932000,-26.550000,43.985000,43.313000,33.80
1785353674,0.080000,0.477000,-0.950000,-30.916000,41.542000,45.603000,33.85
1785366005,0.144000,0.458000,-0.958000,-28.702000,42.779000,45.069000,33.75
1785380485,0.198000,0.500000,-0.935000,-26.641000,44.534000,42.534000,33.80
1785388536,0.155000,0.565000,-0.958000,-28.870000,47.252000,40.183000,33.85
1785393823,0.191000,0.587000,-0.922000,-33.313000,47.771000,35.710000,33.80
1785408282,0.136000,0.567000,-0.966000,-37.053000,51.466000,32.244000,33.80
1785417514,0.095000,0.515000,-0.954000,-43.893000,47.695000,32.962000,33.89
1785428255,0.151000,0.456000,-0.965000,-45.374000,46.183000,34.122000,33.85
1785437045,0.152000,0.438000,-0.933000,-44.641000,44.290000,36.290000,33.80
1785448168,0.242000,0.452000,-0.915000,-41.924000,45.893000,37.008000,33.85
1785454172,0.276000,0.505000,-0.909000,-39.618000,51.496000,34.366000,33.80
1785467778,0.272000,0.576000,-0.865000,-41.405000,54.473000,30.214000,33.75
1785480185,0.274000,0.578000,-0.913000,-45.771000,59.313000,26.305000,33.89
1785486984,0.242000,0.533000,-0.888000,-49.130000,62.214000,23.420000,33.85
1785493276,0.242000,0.486000,-0.900000,-46.870000,59.328000,21.969000,33.71
1785509152,0.308000,0.422000,-0.921000,-43.313000,60.580000,23.725000,33.75
1785519797,0.289000,0.452000,-0.883000,-37.634000,63.191000,26.061000,33.80
1785526241,0.300000,0.519000,-0.889000,-38.321000,63.389000,29.298000,33.94
1785537156,0.291000,0.559000,-0.875000,-42.565000,65.252000,30.198000,33.75
1785549093,0.273000,0.567000,-0.838000,-44.198000,65.328000,28.702000,33.80
1785555103,0.270000,0.555000,-0.833000,-46.718000,64.748000,27.405000,33.71
1785566691,0.273000,0.517000,-0.810000,-47.328000,63.481000,26.855000,33.89
1785578585,0.306000,0.515000,-0.766000,-43.893000,59.924000,26.916000,33.75
1785587488,0.375000,0.513000,-0.812000,-39.237000,57.924000,29.405000,33.80
1785595934,0.385000,0.492000,-0.792000,-34.351000,61.008000,30.733000,33.75
1785606055,0.404000,0.519000,-0.767000,-29.893000,64.550000,29.588000,33.80
1785619844,0.355000,0.597000,-0.745000,-29.634000,65.435000,30.397000,33.75
1785625202,0.427000,0.580000,-0.754000,-31.145000,67.634000,27.191000,33.80
1785636106,0.508000,0.553000,-0.780000,-27.893000,67.740000,25.267000,33.85
1785646565,0.558000,0.506000,-0.839000,-21.603000,72.336000,23.267000,33.80
1785655923,0.597000,0.539000,-0.791000,-16.015000,77.130000,21.466000,33.94
1785666797,0.586000,0.608000,-0.867000,-13.313000,85.237000,20.107000,33.80
1785674254,0.489000,0.626000,-0.844000,-17.710000,89.649000,18.641000,33.85
1785689135,0.485000,0.623000,-0.808000,-24.366000,86.916000,15.710000,33.71
1785699165,0.509000,0.583000,-0.787000,-26.656000,91.191000,10.962000,33.75
1785705912,0.518000,0.582000,-0.764000,-28.489000,90.427000,6.962000,33.80
1785718047,0.669000,0.510000,-0.787000,-26.992000,88.061000,4.000000,33.89
1785725383,0.702000,0.527000,-0.782000,-20.214000,97.313000,0.260000,33.75
1785736713,0.721000,0.542000,-0.749000,-15.038000,102.809000,0.733000,33.80
1785747175,0.713000,0.558000,-0.781000,-14.092000,110.702000,0.015000,33.85
1785757210,0.583000,0.631000,-0.707000,-15.557000,112.779000,0.000000,33.71
1785762546,0.597000,0.828000,-0.730000,-19.542000,102.137000,-2.580000,33.94
1785774109,0.619000,0.630000,-0.701000,-36.473000,112.565000,-0.473000,33.80
1785790352,0.549000,0.435000,-0.687000,-30.992000,106.214000,-1.511000,33.75
1785800773,0.700000,0.627000,-0.765000,-35.939000,104.122000,-2.733000,33.80
1785805921,0.677000,0.522000,-0.672000,-29.573000,108.473000,2.458000,33.75
1785813523,0.690000,0.589000,-0.678000,-26.626000,110.229000,7.664000,33.89
1785825675,0.659000,0.640000,-0.641000,-29.496000,110.382000,13.145000,33.75
1785836683,0.648000,0.660000,-0.622000,-34.626000,109.740000,15.847000,33.89
1785847173,0.618000,0.661000,-0.590000,-39.985000,106.901000,16.733000,33.80
1785857517,0.599000,0.619000,-0.603000,-46.427000,104.366000,15.802000,33.80
1785861283,0.604000,0.593000,-0.541000,-50.718000,101.206000,14.534000,33.71
1785873902,0.666000,0.572000,-0.533000,-51.221000,95.527000,12.611000,33.75
1785890027,0.628000,0.600000,-0.555000,-53.084000,90.672000,17.511000,33.71
1785896638,0.658000,0.575000,-0.527000,-55.496000,88.809000,21.832000,33.75
1785906671,0.633000,0.597000,-0.473000,-57.221000,84.321000,25.908000,33.80
1785913523,0.588000,0.620000,-0.442000,-62.382000,77.649000,30.305000,33.75
1785928178,0.575000,0.613000,-0.421000,-66.748000,72.137000,31.710000,33.80
1785936112,0.625000,0.561000,-0.355000,-68.718000,68.947000,29.511000,33.75
1785946919,0.566000,0.594000,-0.328000,-69.481000,64.733000,27.160000,33.71
1785957691,0.597000,0.599000,-0.276000,-70.947000,55.878000,25.344000,33.75
1785962760,0.648000,0.573000,-0.260000,-69.405000,47.817000,25.145000,33.80
1785974243,0.689000,0.577000,-0.247000,-67.313000,41.328000,27.038000,33.85
1785990003,0.675000,0.591000,-0.243000,-64.992000,33.435000,31.695000,33.75
1785996947,0.713000,0.620000,-0.190000,-66.183000,25.374000,35.573000,33.89
1786006469,0.742000,0.633000,-0.152000,-66.565000,17.893000,39.008000,33.80
1786014549,0.773000,0.634000,-0.148000,-63.847000,11.038000,41.221000,33.80
1786025875,0.793000,0.648000,-0.130000,-61.863000,1.603000,42.916000,33.85
1786037090,0.771000,0.668000,-0.140000,-58.565000,-7.832000,45.145000,33.80
1786047667,0.737000,0.691000,-0.155000,-57.908000,-21.099000,49.603000,33.75
1786058446,0.740000,0.697000,-0.166000,-60.534000,-36.901000,54.931000,33.80
1786063245,0.849000,0.637000,-0.139000,-61.710000,-49.267000,56.244000,33.75
1786074532,0.873000,0.641000,-0.157000,-58.870000,-56.275000,55.649000,33.80
1786086460,0.938000,0.594000,-0.165000,-56.122000,-61.466000,52.992000,33.75
1786097367,0.932000,0.598000,-0.164000,-49.191000,-65.023000,48.748000,33.89
1786106423,0.906000,0.628000,-0.176000,-45.466000,-70.870000,45.618000,33.75
1786114359,0.932000,0.613000,-0.203000,-46.107000,-78.519000,44.977000,33.80
1786127241,1.020000,0.539000,-0.217000,-43.389000,-80.061000,42.290000,33.80
1786136157,1.098000,0.446000,-0.213000,-33.771000,-73.298000,34.840000,33.85
1786146734,1.047000,0.433000,-0.217000,-19.679000,-63.771000,26.366000,33.80
1786158160,0.962000,0.466000,-0.264000,-12.489000,-60.443000,20.687000,33.80
1786162875,0.912000,0.500000,-0.277000,-9.588000,-61.328000,15.908000,33.80
1786174260,0.893000,0.512000,-0.317000,-9.221000,-63.389000,9.466000,33.94
1786190722,0.915000,0.491000,-0.331000,-8.809000,-63.527000,2.473000,33.80
1786197495,0.933000,0.447000,-0.338000,-4.687000,-63.237000,-4.580000,33.85
1786206577,0.977000,0.421000,-0.339000,3.481000,-59.557000,-11.634000,33.80
1786219873,0.993000,0.411000,-0.366000,13.939000,-55.084000,-16.824000,33.75
1786227442,1.060000,0.380000,-0.360000,24.473000,-46.504000,-23.389000,33.80
1786236420,1.011000,0.422000,-0.377000,35.374000,-35.573000,-30.397000,33.75
1786244367,0.942000,0.458000,-0.384000,42.107000,-29.756000,-35.618000,33.80
1786260059,0.900000,0.502000,-0.385000,42.992000,-26.336000,-40.687000,33.75
1786263368,0.878000,0.515000,-0.400000,44.748000,-23.328000,-46.015000,33.80
1786273856,0.883000,0.503000,-0.396000,47.542000,-22.000000,-51.481000,33.75
1786286574,0.896000,0.480000,-0.429000,53.191000,-18.626000,-56.000000,33.75
1786296125,0.889000,0.456000,-0.417000,61.664000,-14.305000,-59.588000,33.80
1786305333,0.841000,0.479000,-0.457000,67.679000,-10.458000,-59.267000,33.71
1786316989,0.864000,0.507000,-0.436000,73.908000,-11.557000,-61.603000,33.89
1786328402,0.829000,0.533000,-0.448000,78.122000,-9.557000,-63.221000,33.75
1786336954,0.775000,0.583000,-0.459000,78.595000,-10.061000,-64.015000,33.80
1786345345,0.752000,0.606000,-0.469000,75.954000,-11.802000,-64.733000,33.85
1786355104,0.744000,0.597000,-0.468000,74.534000,-14.550000,-66.183000,33.80
1786367030,0.732000,0.599000,-0.483000,74.198000,-17.969000,-66.595000,33.85
1786373555,0.725000,0.563000,-0.514000,74.947000,-21.069000,-65.374000,33.80
1786387251,0.738000,0.552000,-0.490000,77.756000,-24.977000,-63.435000,33.75
1786399710,0.740000,0.550000,-0.484000,83.145000,-25.542000,-63.771000,33.80
1786404915,0.689000,0.578000,-0.513000,85.786000,-30.534000,-60.214000,33.75
1786417301,0.645000,0.616000,-0.546000,82.779000,-36.229000,-55.740000,33.71
1786428758,0.638000,0.605000,-0.499000,79.817000,-41.878000,-54.351000,33.85
1786437836,0.655000,0.592000,-0.514000,79.298000,-45.191000,-56.992000,33.80
1786445432,0.623000,0.589000,-0.586000,76.855000,-49.588000,-57.298000,33.71
1786455652,0.592000,0.547000,-0.573000,78.687000,-52.519000,-58.107000,33.71
1786466104,0.554000,0.532000,-0.578000,79.603000,-59.084000,-56.656000,33.80
1786472894,0.526000,0.541000,-0.596000,79.053000,-65.649000,-53.511000,33.85
1786489244,0.513000,0.547000,-0.637000,76.336000,-72.168000,-50.687000,33.80
1786501917,0.513000,0.514000,-0.601000,75.008000,-77.405000,-50.565000,33.66
1786507544,0.454000,0.537000,-0.649000,73.832000,-83.206000,-50.000000,33.80
1786519073,0.458000,0.509000,-0.660000,69.802000,-89.038000,-49.466000,33.85
1786528993,0.455000,0.508000,-0.665000,71.267000,-95.328000,-49.542000,33.80
1786535928,0.481000,0.481000,-0.669000,70.641000,-98.198000,-48.198000,33.85
1786546973,0.479000,0.490000,-0.667000,72.458000,-100.275000,-47.603000,33.80
1786555875,0.496000,0.476000,-0.691000,73.008000,-102.687000,-46.015000,33.75
1786566636,0.470000,0.479000,-0.745000,73.496000,-104.000000,-44.183000,33.89
1786572267,0.421000,0.490000,-0.781000,71.939000,-104.397000,-42.427000,33.85
1786584392,0.336000,0.479000,-0.786000,69.542000,-106.153000,-43.588000,33.71
1786596470,0.310000,0.473000,-0.785000,66.626000,-110.046000,-44.550000,33.85
1786606241,0.279000,0.466000,-0.790000,63.038000,-116.809000,-44.153000,33.80
1786617853,0.353000,0.418000,-0.798000,60.565000,-121.008000,-44.687000,33.66
1786630762,0.322000,0.426000,-0.799000,64.382000,-122.122000,-45.557000,33.75
1786635874,0.320000,0.424000,-0.883000,64.443000,-123.496000,-45.557000,33.80
1786646633,0.343000,0.395000,-0.911000,63.939000,-119.847000,-45.466000,33.85
1786657948,0.295000,0.402000,-0.847000,66.412000,-116.107000,-47.221000,33.80
1786666296,0.209000,0.453000,-0.883000,64.061000,-119.679000,-47.038000,33.75
1786676155,0.218000,0.404000,-0.929000,60.382000,-121.908000,-47.115000,33.80
1786682941,0.144000,0.364000,-0.880000,59.008000,-122.458000,-46.550000,33.80
1786699342,0.141000,0.351000,-0.942000,58.641000,-125.664000,-45.099000,33.80
1786708500,0.186000,0.319000,-0.923000,61.664000,-120.641000,-45.893000,33.85
1786714965,0.128000,0.324000,-0.957000,65.115000,-120.595000,-43.939000,33.71
1786727148,0.162000,0.329000,-0.981000,63.435000,-120.718000,-39.893000,33.75
1786736766,0.105000,0.338000,-0.976000,66.870000,-115.145000,-40.580000,33.80
1786747714,0.028000,0.361000,-0.963000,63.725000,-116.153000,-41.344000,33.85
1786756272,0.027000,0.361000,-0.944000,62.473000,-114.977000,-46.458000,33.80
1786766085,-0.058000,0.363000,-0.989000,60.092000,-113.832000,-49.802000,33.75
1786774625,-0.089000,0.283000,-1.003000,58.137000,-113.771000,-53.695000,33.80
1786786674,-0.129000,0.265000,-0.975000,58.687000,-113.924000,-56.641000,33.85
1786800444,-0.176000,0.283000,-1.004000,56.336000,-118.061000,-55.710000,33.80
1786809183,-0.233000,0.289000,-1.051000,49.542000,-124.489000,-51.145000,33.85
1786817051,-0.131000,0.225000,-0.965000,45.573000,-129.527000,-49.496000,33.80
1786828981,-0.133000,0.216000,-0.953000,47.038000,-126.168000,-50.153000,33.75
1786838487,-0.157000,0.218000,-0.918000,50.336000,-123.924000,-50.931000,33.89
1786846006,-0.157000,0.214000,-0.932000,54.702000,-117.878000,-54.702000,33.71
1786857535,-0.215000,0.206000,-0.930000,56.824000,-113.817000,-56.550000,33.75
1786866888,-0.259000,0.193000,-0.967000,57.450000,-117.511000,-55.969000,33.80
1786872861,-0.309000,0.181000,-1.022000,53.374000,-118.977000,-53.496000,33.75
1786884352,-0.317000,0.109000,-0.953000,50.641000,-118.901000,-51.664000,33.89
1786899273,-0.327000,0.114000,-0.940000,52.443000,-121.099000,-50.260000,33.66
1786907148,-0.381000,0.130000,-0.946000,49.496000,-120.977000,-47.481000,33.80
1786916332,-0.372000,0.103000,-0.918000,49.649000,-120.305000,-47.649000,33.75
1786927757,-0.351000,0.051000,-0.974000,52.870000,-113.679000,-50.702000,33.89
1786936486,-0.414000,0.066000,-0.875000,54.687000,-108.702000,-52.687000,33.85
1786946115,-0.428000,0.077000,-0.902000,55.344000,-108.992000,-53.176000,33.80
1786957727,-0.458000,0.098000,-0.909000,53.450000,-109.481000,-52.779000,33.75
1786969807,-0.504000,0.078000,-0.913000,49.924000,-111.634000,-52.519000,33.80
1786975592,-0.488000,0.026000,-0.967000,48.366000,-111.527000,-52.534000,33.75
1786982153,-0.484000,-0.023000,-0.903000,52.473000,-105.038000,-51.847000,33.80
1786996353,-0.554000,-0.013000,-0.859000,55.282000,-99.679000,-49.756000,33.75
1787007983,-0.568000,-0.014000,-0.848000,55.725000,-99.649000,-47.435000,33.75
1787013459,-0.552000,-0.025000,-0.848000,57.359000,-97.710000,-46.672000,33.71
1787029425,-0.516000,-0.042000,-0.847000,58.000000,-98.000000,-46.351000,33.66
1787036888,-0.521000,-0.034000,-0.864000,60.168000,-95.069000,-47.588000,33.80
1787047368,-0.552000,-0.014000,-0.846000,63.573000,-88.809000,-46.870000,33.75
1787059253,-0.610000,-0.016000,-0.850000,63.756000,-87.038000,-47.008000,33.80
1787068805,-0.652000,-0.026000,-0.844000,60.809000,-85.603000,-46.397000,33.80
1787073969,-0.680000,-0.048000,-0.831000,58.702000,-85.664000,-45.298000,33.71
1787085337,-0.681000,-0.068000,-0.811000,57.023000,-85.756000,-44.992000,33.85
1787092003,-0.696000,-0.073000,-0.783000,57.527000,-84.779000,-45.008000,33.80
1787105401,-0.690000,-0.081000,-0.837000,56.412000,-84.321000,-43.710000,33.75
1787118274,-0.656000,-0.111000,-0.800000,56.229000,-84.321000,-42.992000,33.80
1787126868,-0.674000,-0.102000,-0.787000,58.779000,-82.580000,-41.771000,33.75
1787136165,-0.689000,-0.101000,-0.787000,57.893000,-82.427000,-39.252000,33.89
1787146401,-0.708000,-0.116000,-0.766000,57.130000,-80.916000,-37.786000,33.75
1787155042,-0.717000,-0.119000,-0.743000,55.740000,-81.786000,-35.588000,33.80
1787165125,-0.716000,-0.103000,-0.718000,54.107000,-82.931000,-34.244000,33.75
1787177175,-0.715000,-0.103000,-0.727000,51.832000,-83.176000,-32.992000,33.71
1787183227,-0.726000,-0.114000,-0.697000,49.481000,-84.595000,-31.603000,33.75
1787197280,-0.713000,-0.134000,-0.727000,47.969000,-84.412000,-30.840000,33.71
1787207417,-0.734000,-0.153000,-0.680000,46.748000,-84.336000,-30.412000,33.85
1787214646,-0.755000,-0.162000,-0.693000,45.618000,-86.000000,-28.641000,33.80
1787226379,-0.738000,-0.199000,-0.690000,43.053000,-85.313000,-27.481000,33.80
1787239413,-0.775000,-0.220000,-0.627000,43.344000,-83.756000,-25.450000,33.85
1787244800,-0.776000,-0.216000,-0.635000,43.221000,-86.031000,-23.130000,33.80
1787256882,-0.726000,-0.230000,-0.578000,43.038000,-86.489000,-24.122000,33.75
1787267140,-0.729000,-0.227000,-0.580000,45.511000,-87.008000,-23.176000,33.80
1787275529,-0.740000,-0.230000,-0.589000,45.969000,-84.031000,-23.771000,33.66
1787286378,-0.763000,-0.252000,-0.546000,45.954000,-84.885000,-24.031000,33.80
1787293382,-0.737000,-0.264000,-0.536000,47.099000,-84.458000,-23.969000,33.71
1787306828,-0.762000,-0.258000,-0.555000,45.954000,-82.580000,-24.061000,33.80
1787316502,-0.784000,-0.265000,-0.515000,45.435000,-83.313000,-22.626000,33.85
1787327486,-0.787000,-0.277000,-0.516000,44.198000,-83.176000,-22.382000,33.80
1787336977,-0.789000,-0.286000,-0.508000,43.206000,-81.130000,-22.427000,33.85
1787345054,-0.797000,-0.305000,-0.460000,42.901000,-82.992000,-21.649000,33.80
1787356949,-0.784000,-0.288000,-0.466000,40.763000,-86.916000,-20.641000,33.75
1787367178,-0.780000,-0.302000,-0.435000,39.969000,-90.214000,-20.947000,33.80
1787375264,-0.745000,-0.323000,-0.427000,40.092000,-89.145000,-22.641000,33.75
1787384230,-0.751000,-0.359000,-0.443000,42.351000,-87.221000,-24.397000,33.71
1787400476,-0.777000,-0.364000,-0.380000,44.198000,-80.473000,-27.359000,33.75
1787408996,-0.827000,-0.336000,-0.376000,44.031000,-78.916000,-28.947000,33.80
1787418350,-0.838000,-0.388000,-0.332000,48.015000,-82.351000,-38.870000,33.85
1787428492,-0.847000,-0.371000,-0.345000,44.885000,-80.947000,-34.794000,33.75
1787437952,-0.808000,-0.398000,-0.320000,43.237000,-83.679000,-30.290000,33.80
1787447295,-0.778000,-0.400000,-0.324000,42.855000,-82.504000,-28.137000,33.80
1787458058,-0.749000,-0.394000,-0.292000,42.000000,-78.916000,-28.092000,33.80
1787466063,-0.784000,-0.394000,-0.263000,42.260000,-72.748000,-27.786000,33.75
1787476617,-0.816000,-0.394000,-0.250000,41.008000,-70.779000,-27.740000,33.89
1787482847,-0.823000,-0.417000,-0.234000,40.351000,-67.893000,-30.366000,33.75
1787493881,-0.825000,-0.434000,-0.223000,41.389000,-64.519000,-31.939000,33.80
1787510200,-0.824000,-0.438000,-0.224000,41.878000,-61.740000,-32.565000,33.75
1787520129,-0.834000,-0.439000,-0.201000,42.992000,-60.351000,-30.550000,33.80
1787526202,-0.833000,-0.446000,-0.198000,42.840000,-61.145000,-29.221000,33.75
1787537807,-0.804000,-0.411000,-0.203000,42.931000,-58.763000,-30.458000,33.89
1787548250,-0.819000,-0.413000,-0.206000,41.496000,-55.160000,-25.557000,33.75
1787554954,-0.801000,-0.448000,-0.133000,45.817000,-54.672000,-27.344000,33.71
1787566716,-0.803000,-0.405000,-0.172000,46.672000,-48.550000,-26.519000,33.75
1787577001,-0.831000,-0.413000,-0.164000,45.771000,-47.664000,-25.069000,33.71
1787585087,-0.835000,-0.408000,-0.176000,40.687000,-49.130000,-19.405000,33.66
1787590799,-0.820000,-0.396000,-0.136000,44.992000,-44.473000,-23.084000,33.80
1787609773,-0.846000,-0.395000,-0.148000,38.397000,-49.038000,-26.748000,33.75
1787618964,-0.832000,-0.424000,-0.083000,37.710000,-51.511000,-22.397000,33.80
1787625263,-0.766000,-0.417000,-0.094000,34.870000,-51.527000,-24.061000,33.75
1787639113,-0.777000,-0.422000,-0.081000,34.092000,-46.550000,-23.176000,33.75
1787648751,-0.803000,-0.427000,-0.081000,34.061000,-44.931000,-22.779000,33.80
1787655940,-0.804000,-0.393000,-0.099000,29.481000,-41.328000,-23.450000,33.66
1787666984,-0.817000,-0.422000,-0.034000,28.015000,-41.527000,-20.336000,33.80
1787678300,-0.787000,-0.455000,-0.042000,26.947000,-40.565000,-15.008000,33.80
1787684166,-0.734000,-0.468000,-0.042000,28.260000,-35.435000,-14.183000,33.80
1787694903,-0.800000,-0.487000,0.010000,31.573000,-31.634000,-12.916000,33.75
1787710263,-0.749000,-0.467000,-0.054000,33.603000,-26.763000,-11.863000,33.80
1787717367,-0.784000,-0.432000,-0.045000,32.779000,-23.908000,-7.710000,33.75
1787725794,-0.794000,-0.421000,-0.122000,28.092000,-21.282000,-14.611000,33.71
1787738954,-0.801000,-0.415000,-0.100000,22.260000,-16.656000,-10.992000,33.75
1787746428,-0.790000,-0.430000,-0.060000,21.115000,-14.122000,-11.527000,33.71
1787756825,-0.751000,-0.467000,-0.064000,20.534000,-6.534000,-11.496000,33.85
1787766426,-0.749000,-0.496000,-0.040000,23.191000,1.466000,-13.099000,33.71
1787778392,-0.774000,-0.482000,-0.043000,25.023000,6.779000,-12.748000,33.66
1787786818,-0.801000,-0.461000,-0.063000,23.924000,8.702000,-13.267000,33.80
1787793710,-0.804000,-0.437000,-0.040000,20.931000,8.809000,-11.756000,33.85
1787806856,-0.780000,-0.437000,-0.002000,18.397000,9.664000,-10.992000,33.71
1787819780,-0.759000,-0.459000,0.031000,17.969000,12.626000,-11.420000,33.85
1787826128,-0.764000,-0.449000,0.048000,17.344000,16.198000,-11.710000,33.71
1787836921,-0.769000,-0.462000,0.050000,17.298000,17.267000,-9.237000,33.71
1787847263,-0.730000,-0.475000,0.080000,17.053000,19.328000,-9.038000,33.66
1787855800,-0.732000,-0.469000,0.066000,19.298000,22.626000,-9.847000,33.71
1787866747,-0.757000,-0.468000,0.025000,18.901000,23.878000,-8.809000,33.75
1787876991,-0.781000,-0.463000,0.027000,16.366000,22.229000,-6.885000,33.80
1787887349,-0.781000,-0.451000,0.029000,14.687000,19.573000,-4.000000,33.75
1787893636,-0.769000,-0.445000,0.011000,13.634000,14.336000,-0.885000,33.80
1787905776,-0.762000,-0.443000,0.012000,10.427000,14.931000,-1.267000,33.75
1787919608,-0.751000,-0.447000,0.023000,8.550000,13.466000,-0.031000,33.80
1787928340,-0.760000,-0.438000,0.014000,5.939000,11.954000,0.840000,33.75
1787934656,-0.756000,-0.426000,0.010000,2.290000,8.763000,0.947000,33.71
1787946854,-0.748000,-0.453000,0.045000,0.183000,5.420000,2.580000,33.75
1787956770,-0.724000,-0.479000,0.025000,-1.053000,3.511000,2.977000,33.80
1787967169,-0.725000,-0.474000,0.037000,-1.359000,1.405000,3.191000,33.75
1787978122,-0.735000,-0.459000,0.029000,-3.069000,-0.534000,3.160000,33.80
1787986274,-0.730000,-0.458000,0.044000,-4.702000,-2.534000,3.847000,33.75
1787995509,-0.735000,-0.469000,0.044000,-6.489000,-3.511000,4.275000,33.80
1788002511,-0.736000,-0.463000,0.050000,-8.519000,-5.038000,4.305000,33.71
1788019277,-0.737000,-0.457000,0.047000,-10.656000,-5.405000,4.733000,33.75
1788028289,-0.733000,-0.482000,0.056000,-11.908000,-6.931000,5.389000,33.71
1788034711,-0.707000,-0.505000,0.062000,-10.534000,-4.947000,5.267000,33.75
1788046260,-0.725000,-0.500000,0.073000,-9.374000,-4.046000,4.382000,33.80
1788056599,-0.723000,-0.477000,0.058000,-9.618000,-4.275000,4.198000,33.80
1788066703,-0.735000,-0.481000,0.038000,-10.504000,-6.076000,3.695000,33.71
1788077046,-0.741000,-0.458000,0.044000,-11.405000,-6.031000,2.595000,33.66
1788085593,-0.750000,-0.449000,0.044000,-13.710000,-8.366000,2.015000,33.80
1788095917,-0.726000,-0.465000,0.056000,-15.527000,-9.710000,1.908000,33.75
1788102864,-0.719000,-0.468000,0.059000,-15.527000,-8.504000,0.794000,33.89
1788118274,-0.715000,-0.473000,0.056000,-15.725000,-7.282000,0.580000,33.85
1788128140,-0.708000,-0.479000,0.034000,-15.252000,-5.878000,-0.244000,33.71
1788134870,-0.717000,-0.467000,0.052000,-14.763000,-4.733000,-1.160000,33.85
1788146547,-0.723000,-0.455000,0.042000,-14.443000,-5.466000,-1.924000,33.71
1788156373,-0.718000,-0.454000,0.057000,-14.473000,-5.511000,-2.733000,33.75
1788166690,-0.719000,-0.447000,0.061000,-14.748000,-4.977000,-4.214000,33.80
1788178392,-0.729000,-0.461000,0.077000,-15.405000,-5.756000,-5.084000,33.75
1788186786,-0.743000,-0.447000,0.079000,-16.122000,-6.672000,-4.275000,33.80
1788195591,-0.742000,-0.463000,0.081000,-16.519000,-7.573000,-3.649000,33.80
1788202405,-0.722000,-0.486000,0.095000,-15.511000,-6.336000,-3.603000,33.71
1788218772,-0.708000,-0.489000,0.094000,-12.901000,-3.740000,-3.878000,33.71
1788228470,-0.720000,-0.492000,0.086000,-10.137000,-1.466000,-3.130000,33.75
1788234854,-0.724000,-0.478000,0.102000,-9.405000,-1.313000,-2.855000,33.80
1788247258,-0.723000,-0.475000,0.086000,-8.550000,-0.947000,-2.962000,33.85
1788253508,-0.721000,-0.471000,0.071000,-8.092000,-0.977000,-2.855000,33.80
1788267723,-0.736000,-0.464000,0.077000,-7.405000,-0.809000,-2.397000,33.75
1788278305,-0.738000,-0.470000,0.083000,-8.137000,-0.611000,-3.267000,33.71
1788286262,-0.736000,-0.468000,0.081000,-7.649000,-0.824000,-3.527000,33.66
1788295854,-0.729000,-0.481000,0.072000,-6.809000,0.061000,-3.969000,33.80
1788302688,-0.738000,-0.472000,0.075000,-5.786000,0.382000,-4.092000,33.85
1788319239,-0.742000,-0.466000,0.082000,-5.420000,-1.130000,-3.847000,33.71
1788328338,-0.730000,-0.458000,0.074000,-4.947000,-1.008000,-3.664000,33.75
1788335327,-0.733000,-0.467000,0.062000,-4.870000,-0.916000,-4.000000,33.80
1788346377,-0.731000,-0.467000,0.081000,-4.321000,-0.275000,-3.740000,33.75
1788356441,-0.729000,-0.461000,0.065000,-4.397000,0.458000,-4.122000,33.80
1788366600,-0.729000,-0.462000,0.067000,-4.275000,0.977000,-3.756000,33.80
1788375286,-0.729000,-0.469000,0.054000,-4.473000,1.817000,-3.679000,33.75
1788386731,-0.733000,-0.472000,0.073000,-3.389000,2.214000,-4.000000,33.80
1788396718,-0.734000,-0.472000,0.083000,-2.626000,3.069000,-3.618000,33.75
1788405492,-0.721000,-0.476000,0.067000,-1.664000,4.656000,-3.878000,33.71
1788418304,-0.713000,-0.476000,0.094000,-0.947000,6.107000,-3.771000,33.75
1788427174,-0.725000,-0.478000,0.068000,-0.275000,7.496000,-4.076000,33.80
1788436357,-0.751000,-0.472000,0.072000,-0.611000,6.656000,-3.817000,33.75
1788453722,-0.755000,-0.468000,0.073000,-1.573000,5.756000,-2.901000,33.71
1788458617,-0.726000,-0.489000,0.076000,-1.527000,7.145000,-3.267000,33.85
1788468655,-0.725000,-0.487000,0.068000,-1.634000,8.168000,-3.725000,33.80
1788477897,-0.727000,-0.479000,0.068000,-1.863000,9.603000,-3.206000,33.75
1788487662,-0.724000,-0.473000,0.075000,-0.748000,10.427000,-2.351000,33.80
1788493808,-0.704000,-0.473000,0.064000,-0.809000,12.595000,-2.107000,33.75
1788504377,-0.705000,-0.463000,0.071000,-0.824000,12.473000,-1.450000,33.71
1788516646,-0.701000,-0.456000,0.072000,-1.405000,12.885000,-0.779000,33.75
1788527456,-0.700000,-0.464000,0.037000,-1.466000,15.206000,-1.893000,33.71
1788536298,-0.748000,-0.447000,0.026000,-2.214000,13.863000,-2.718000,33.75
1788543800,-0.768000,-0.467000,0.027000,-3.237000,12.290000,-2.244000,33.75
1788555382,-0.790000,-0.476000,0.017000,-5.130000,10.504000,-2.580000,33.89
1788567201,-0.781000,-0.479000,0.038000,-6.504000,8.092000,-2.366000,33.75
1788576648,-0.772000,-0.476000,0.059000,-6.824000,6.504000,-1.267000,33.71
1788587689,-0.744000,-0.480000,0.048000,-7.344000,5.038000,-1.038000,33.80
1788593225,-0.716000,-0.479000,0.044000,-7.634000,6.412000,-1.389000,33.80
1788605141,-0.706000,-0.492000,0.055000,-6.550000,7.282000,-2.076000,33.85
1788615043,-0.726000,-0.479000,0.038000,-5.832000,9.496000,-2.275000,33.71
1788625923,-0.725000,-0.482000,0.018000,-5.939000,9.985000,-1.863000,33.85
1788638578,-0.726000,-0.485000,0.013000,-6.595000,11.679000,-1.466000,33.80
1788648508,-0.738000,-0.494000,0.009000,-5.328000,13.527000,-0.534000,33.75
1788657114,-0.765000,-0.474000,-0.002000,-6.168000,12.351000,0.534000,33.80
1788664393,-0.765000,-0.458000,-0.023000,-8.809000,12.916000,1.313000,33.75
1788675406,-0.769000,-0.484000,0.011000,-8.794000,11.878000,1.573000,33.71
1788687015,-0.753000,-0.489000,-0.021000,-9.359000,12.840000,1.771000,33.75
1788693538,-0.749000,-0.494000,-0.012000,-9.878000,12.718000,1.374000,33.80
1788705861,-0.759000,-0.472000,-0.031000,-10.855000,12.305000,1.420000,33.75
1788717906,-0.771000,-0.446000,0.005000,-11.389000,9.053000,1.176000,33.80
1788727842,-0.762000,-0.474000,-0.036000,-14.198000,9.939000,2.931000,33.71
1788737756,-0.754000,-0.466000,-0.036000,-16.214000,9.695000,3.221000,33.71
1788749475,-0.755000,-0.466000,-0.034000,-17.130000,11.053000,3.511000,33.71
1788757396,-0.769000,-0.465000,-0.052000,-18.977000,10.687000,5.084000,33.85
1788764607,-0.750000,-0.468000,-0.016000,-20.244000,9.725000,5.908000,33.80
1788775687,-0.747000,-0.489000,-0.051000,-20.336000,13.389000,5.756000,33.75
1788786867,-0.766000,-0.476000,-0.025000,-21.328000,14.214000,7.221000,33.80
1788793746,-0.765000,-0.489000,-0.040000,-20.519000,14.473000,8.534000,33.75
1788805842,-0.771000,-0.470000,-0.027000,-22.550000,15.298000,10.336000,33.80
1788819789,-0.758000,-0.469000,-0.028000,-24.061000,15.878000,11.664000,33.75
1788828033,-0.754000,-0.465000,-0.047000,-24.580000,17.252000,11.771000,33.80
1788837955,-0.763000,-0.480000,-0.039000,-24.733000,17.527000,13.664000,33.66
1788847168,-0.752000,-0.487000,-0.047000,-24.840000,19.206000,13.450000,33.71
1788856473,-0.770000,-0.469000,-0.063000,-24.031000,19.237000,14.046000,33.75
1788866792,-0.745000,-0.466000,-0.040000,-25.267000,19.939000,15.221000,33.71
1788878343,-0.748000,-0.462000,-0.050000,-25.420000,22.702000,14.931000,33.66
1788886537,-0.756000,-0.458000,-0.065000,-25.466000,23.969000,16.046000,33.80
1788892200,-0.754000,-0.460000,-0.088000,-25.298000,25.481000,17.038000,33.75
1788905394,-0.745000,-0.458000,-0.063000,-25.176000,26.977000,17.176000,33.80
1788917931,-0.749000,-0.441000,-0.075000,-24.611000,28.244000,15.908000,33.75
1788927821,-0.753000,-0.417000,-0.115000,-26.626000,28.229000,15.130000,33.66
1788938633,-0.765000,-0.435000,-0.114000,-27.939000,27.740000,14.489000,33.71
1788947283,-0.771000,-0.440000,-0.120000,-28.153000,26.458000,14.260000,33.66
1788956386,-0.759000,-0.426000,-0.119000,-29.817000,28.351000,15.389000,33.71
1788966775,-0.768000,-0.436000,-0.115000,-31.267000,30.519000,15.511000,33.71
1788975377,-0.746000,-0.462000,-0.136000,-30.412000,34.626000,15.573000,33.71
1788985291,-0.778000,-0.463000,-0.139000,-30.305000,36.504000,16.137000,33.75
1788996152,-0.773000,-0.449000,-0.135000,-31.405000,37.725000,16.397000,33.71
1789003084,-0.787000,-0.454000,-0.140000,-33.893000,39.053000,16.244000,33.75
1789018377,-0.789000,-0.445000,-0.117000,-33.344000,38.473000,15.985000,33.71
1789027481,-0.800000,-0.454000,-0.139000,-31.282000,41.099000,15.191000,33.75
1789037713,-0.786000,-0.455000,-0.170000,-30.290000,42.504000,15.328000,33.71
1789047172,-0.781000,-0.492000,-0.144000,-26.534000,43.725000,14.626000,33.75
1789053113,-0.786000,-0.464000,-0.165000,-22.748000,45.481000,13.756000,33.71
1789067498,-0.809000,-0.411000,-0.206000,-23.328000,45.679000,14.214000,33.75
1789078171,-0.797000,-0.384000,-0.209000,-28.870000,44.977000,14.244000,33.80
1789085028,-0.780000,-0.413000,-0.182000,-28.153000,46.473000,13.115000,33.75
1789094787,-0.804000,-0.362000,-0.235000,-28.290000,47.710000,12.580000,33.61
1789107417,-0.798000,-0.352000,-0.236000,-31.282000,46.779000,12.840000,33.80
1789119557,-0.799000,-0.402000,-0.280000,-31.374000,50.137000,13.420000,33.61
1789128698,-0.802000,-0.427000,-0.258000,-28.473000,51.725000,14.397000,33.80
1789134525,-0.812000,-0.399000,-0.273000,-26.595000,53.023000,14.305000,33.75
1789148562,-0.820000,-0.357000,-0.272000,-29.099000,53.099000,14.916000,33.71
1789158293,-0.779000,-0.366000,-0.280000,-31.603000,52.580000,15.664000,33.75
1789164448,-0.787000,-0.376000,-0.294000,-31.832000,54.992000,15.664000,33.80
1789176213,-0.796000,-0.313000,-0.293000,-35.420000,53.954000,16.275000,33.66
1789187169,-0.754000,-0.368000,-0.290000,-35.420000,53.008000,14.855000,33.80
1789193636,-0.742000,-0.379000,-0.308000,-34.122000,53.573000,14.321000,33.71
1789206656,-0.748000,-0.374000,-0.317000,-32.061000,55.924000,14.168000,33.80
1789219695,-0.773000,-0.377000,-0.333000,-31.450000,56.183000,14.916000,33.75
1789228937,-0.770000,-0.375000,-0.347000,-31.817000,55.374000,14.962000,33.80
1789236582,-0.774000,-0.346000,-0.342000,-31.084000,58.779000,14.718000,33.75
1789248156,-0.781000,-0.333000,-0.370000,-32.473000,57.878000,15.954000,33.71
1789257061,-0.734000,-0.363000,-0.368000,-31.939000,57.573000,16.794000,33.66
1789267633,-0.759000,-0.349000,-0.377000,-28.198000,59.130000,17.466000,33.80
1789276724,-0.737000,-0.292000,-0.410000,-27.969000,57.237000,17.206000,33.66
1789286570,-0.729000,-0.312000,-0.391000,-29.435000,59.893000,17.191000,33.80
1789293259,-0.734000,-0.302000,-0.400000,-30.885000,59.771000,17.252000,33.85
1789304328,-0.750000,-0.303000,-0.432000,-32.519000,61.115000,17.450000,33.71
1789319382,-0.808000,-0.273000,-0.480000,-34.870000,61.481000,19.557000,33.66
1789326143,-0.805000,-0.324000,-0.464000,-35.282000,56.473000,17.695000,33.80
1789335790,-0.787000,-0.326000,-0.454000,-37.588000,55.511000,17.679000,33.75
1789346913,-0.806000,-0.320000,-0.458000,-35.740000,54.260000,17.267000,33.71
1789354107,-0.764000,-0.304000,-0.471000,-38.214000,52.427000,16.855000,33.75
1789368523,-0.757000,-0.290000,-0.462000,-41.084000,51.710000,16.473000,33.75
1789376771,-0.736000,-0.299000,-0.463000,-42.107000,51.176000,17.053000,33.80
1789386893,-0.710000,-0.332000,-0.464000,-41.832000,52.137000,15.603000,33.85
1789396077,-0.740000,-0.242000,-0.521000,-45.649000,52.870000,15.405000,33.80
1789402927,-0.739000,-0.273000,-0.506000,-46.794000,51.420000,12.565000,33.75
1789416146,-0.762000,-0.283000,-0.557000,-48.198000,50.656000,14.107000,33.71
1789427336,-0.719000,-0.351000,-0.542000,-45.618000,47.786000,15.802000,33.71
1789435266,-0.678000,-0.371000,-0.509000,-39.618000,50.275000,15.969000,33.89
1789451285,-0.697000,-0.292000,-0.546000,-38.672000,49.847000,15.954000,33.66
1789457979,-0.664000,-0.278000,-0.537000,-37.969000,49.191000,13.771000,33.80
1789466296,-0.653000,-0.227000,-0.544000,-38.443000,49.466000,12.427000,33.66
1789478274,-0.666000,-0.202000,-0.572000,-41.573000,49.313000,12.519000,33.80
1789486115,-0.638000,-0.239000,-0.618000,-41.099000,52.748000,12.809000,33.75
1789495054,-0.633000,-0.267000,-0.559000,-37.710000,53.053000,10.260000,33.80
1789506936,-0.658000,-0.242000,-0.594000,-35.466000,51.695000,10.855000,33.85
1789518592,-0.660000,-0.215000,-0.630000,-37.481000,51.435000,11.756000,33.80
1789527973,-0.675000,-0.244000,-0.617000,-35.359000,50.916000,13.160000,33.75
1789536118,-0.687000,-0.236000,-0.625000,-32.992000,47.664000,12.855000,33.71
1789546735,-0.641000,-0.153000,-0.619000,-35.252000,48.031000,10.107000,33.75
1789557187,-0.651000,-0.151000,-0.632000,-36.870000,48.015000,8.611000,33.80
1789564540,-0.649000,-0.214000,-0.610000,-33.695000,47.053000,8.168000,33.75
1789576102,-0.611000,-0.151000,-0.661000,-33.099000,45.985000,7.725000,33.71
1789583829,-0.612000,-0.182000,-0.663000,-36.168000,48.885000,8.321000,33.75
1789595362,-0.625000,-0.202000,-0.662000,-33.176000,49.420000,8.397000,33.80
1789605995,-0.637000,-0.222000,-0.656000,-28.183000,50.198000,10.336000,33.85
1789613357,-0.625000,-0.157000,-0.674000,-28.000000,49.069000,9.542000,33.71
1789627157,-0.606000,-0.171000,-0.681000,-29.664000,48.916000,9.557000,33.71
1789636756,-0.637000,-0.122000,-0.712000,-29.298000,51.557000,7.481000,33.75
1789647425,-0.677000,-0.025000,-0.788000,-37.023000,51.634000,7.847000,33.80
1789657800,-0.651000,-0.158000,-0.683000,-34.687000,50.595000,5.832000,33.71
1789664941,-0.619000,-0.129000,-0.740000,-35.053000,49.130000,7.023000,33.71
1789676560,-0.632000,-0.156000,-0.758000,-34.672000,49.405000,9.786000,33.75
1789687655,-0.621000,-0.154000,-0.743000,-32.168000,47.817000,11.099000,33.71
1789696059,-0.598000,-0.106000,-0.746000,-31.450000,47.145000,10.901000,33.75
1789705082,-0.579000,-0.080000,-0.732000,-33.298000,47.038000,10.412000,33.71
1789711887,-0.565000,-0.070000,-0.743000,-34.244000,46.779000,8.275000,33.85
1789729384,-0.597000,-0.064000,-0.759000,-36.336000,47.969000,7.603000,33.71
1789738600,-0.611000,-0.095000,-0.760000,-38.427000,45.710000,7.786000,33.85
1789746118,-0.549000,-0.157000,-0.767000,-35.908000,44.412000,8.061000,33.71
1789757638,-0.543000,-0.171000,-0.814000,-31.099000,46.229000,9.679000,33.85
1789767084,-0.565000,-0.151000,-0.798000,-29.328000,46.718000,10.580000,33.71
1789774999,-0.557000,-0.120000,-0.802000,-28.641000,47.985000,8.870000,33.75
1789786366,-0.574000,-0.086000,-0.793000,-33.450000,48.855000,6.885000,33.80
1789796772,-0.577000,-0.088000,-0.788000,-35.099000,49.832000,5.374000,33.85
1789804643,-0.553000,-0.090000,-0.812000,-39.221000,49.359000,2.427000,33.80
1789816716,-0.527000,-0.132000,-0.829000,-40.687000,49.588000,1.282000,33.66
1789829564,-0.491000,-0.151000,-0.833000,-39.282000,50.244000,-0.092000,33.80
1789838588,-0.489000,-0.149000,-0.773000,-43.298000,49.008000,-0.580000,33.66
1789844517,-0.498000,-0.099000,-0.847000,-40.397000,51.237000,-3.008000,33.71
1789858680,-0.578000,0.008000,-0.892000,-44.015000,56.427000,-0.260000,33.75
1789868567,-0.517000,-0.127000,-0.828000,-45.466000,51.496000,2.901000,33.80
1789874592,-0.451000,-0.135000,-0.796000,-39.053000,53.679000,6.382000,33.75
1789888216,-0.460000,-0.064000,-0.822000,-35.359000,54.656000,12.382000,33.80
1789896826,-0.422000,-0.055000,-0.822000,-31.313000,56.290000,13.695000,33.80
1789903968,-0.450000,-0.008000,-0.827000,-28.840000,55.954000,14.412000,33.75
1789915584,-0.457000,0.017000,-0.847000,-29.420000,54.412000,13.069000,33.71
1789926957,-0.463000,0.042000,-0.846000,-30.107000,52.870000,11.099000,33.75
1789942460,-0.528000,0.094000,-0.866000,-34.977000,49.267000,11.481000,33.80
1789946714,-0.507000,0.056000,-0.868000,-39.985000,46.534000,12.183000,33.75
1789957000,-0.502000,0.037000,-0.861000,-40.794000,42.351000,15.328000,33.71
1789972931,-0.465000,0.046000,-0.853000,-39.237000,41.176000,15.771000,33.75
1789975083,-0.463000,0.068000,-0.859000,-41.130000,37.053000,19.802000,33.80
1789985634,-0.420000,0.091000,-0.856000,-40.076000,34.336000,20.107000,33.75
1789997707,-0.407000,0.103000,-0.887000,-39.603000,33.527000,20.687000,33.80
1790005727,-0.403000,0.082000,-0.883000,-36.641000,34.534000,18.397000,33.85
1790015135,-0.439000,0.116000,-0.880000,-41.206000,32.229000,22.290000,33.71
1790021850,-0.408000,0.106000,-0.881000,-42.290000,31.084000,22.626000,33.66
1790040457,-0.406000,0.101000,-0.896000,-43.939000,33.695000,24.198000,33.80
1790048394,-0.417000,0.075000,-0.931000,-42.992000,32.458000,25.863000,33.75
1790056357,-0.374000,0.055000,-0.927000,-39.145000,32.290000,26.870000,33.80
1790068137,-0.331000,0.075000,-0.948000,-34.855000,32.611000,25.420000,33.75
1790078108,-0.380000,0.139000,-0.956000,-36.153000,34.107000,27.908000,33.80
1790084787,-0.350000,0.112000,-0.956000,-36.519000,36.733000,26.550000,33.75
1790096881,-0.384000,0.142000,-0.952000,-37.847000,37.374000,26.962000,33.80
1790108182,-0.318000,0.085000,-0.969000,-38.046000,37.252000,26.809000,33.80
1790114522,-0.273000,0.028000,-0.981000,-32.962000,41.740000,25.435000,33.71
1790127627,-0.255000,0.025000,-0.985000,-28.473000,45.359000,25.389000,33.71
1790135826,-0.234000,0.006000,-1.010000,-19.053000,51.313000,20.870000,33.75
1790146407,-0.283000,0.118000,-1.012000,-23.099000,54.763000,21.710000,33.80
1790155045,-0.269000,0.099000,-0.974000,-27.221000,58.626000,18.412000,33.85
1790169849,-0.295000,0.136000,-1.015000,-27.160000,61.802000,12.473000,33.71
1790178821,-0.287000,0.132000,-1.001000,-29.466000,63.176000,8.580000,33.85
1790185802,-0.217000,0.109000,-1.031000,-26.336000,66.031000,2.626000,33.71
1790195830,-0.238000,0.103000,-0.978000,-24.794000,70.214000,2.183000,33.80
1790207136,-0.243000,0.134000,-1.019000,-24.748000,71.130000,1.954000,33.71
1790214674,-0.245000,0.139000,-0.992000,-25.710000,72.061000,3.115000,33.75
1790226838,-0.263000,0.187000,-0.974000,-27.191000,71.878000,4.107000,33.80
1790237738,-0.284000,0.224000,-0.976000,-30.641000,68.397000,4.565000,33.75
1790251966,-0.210000,0.180000,-0.982000,-31.786000,65.847000,4.885000,33.71
1790253888,-0.210000,0.200000,-0.981000,-28.855000,64.809000,6.153000,33.75
1790266128,-0.187000,0.251000,-0.969000,-28.229000,60.840000,6.473000,33.61
1790278027,-0.155000,0.264000,-0.986000,-29.313000,61.405000,5.740000,33.75
1790285559,-0.197000,0.313000,-0.965000,-33.115000,61.557000,6.061000,33.71
1790297326,-0.235000,0.292000,-0.996000,-37.267000,57.832000,6.412000,33.75
1790306766,-0.228000,0.290000,-0.985000,-43.511000,54.321000,7.542000,33.71
1790315107,-0.228000,0.271000,-0.966000,-46.626000,49.649000,9.328000,33.85
1790320779,-0.173000,0.236000,-1.006000,-48.183000,46.229000,12.214000,33.71
1790333891,-0.158000,0.214000,-0.984000,-46.809000,44.779000,15.389000,33.75
1790347564,-0.138000,0.281000,-0.964000,-46.046000,42.473000,18.962000,33.71
1790356976,-0.121000,0.318000,-0.977000,-49.817000,43.053000,21.450000,33.66
1790368281,-0.140000,0.341000,-0.961000,-52.977000,44.885000,23.298000,33.71
1790377750,-0.142000,0.307000,-0.955000,-56.137000,42.229000,23.099000,33.75
1790386360,-0.173000,0.296000,-0.982000,-55.527000,39.557000,24.550000,33.75
1790397597,-0.159000,0.283000,-0.984000,-56.031000,36.458000,26.779000,33.71
1790406686,-0.136000,0.297000,-0.995000,-54.519000,32.489000,30.260000,33.66
1790415288,-0.116000,0.309000,-1.014000,-55.573000,31.725000,34.748000,33.71
1790426653,-0.114000,0.311000,-0.960000,-55.084000,30.977000,37.435000,33.80
1790433435,-0.099000,0.367000,-0.932000,-57.145000,26.718000,38.672000,33.71
1790445527,-0.016000,0.363000,-0.971000,-59.771000,27.008000,38.656000,33.75
1790456049,-0.019000,0.319000,-0.978000,-54.916000,31.191000,38.824000,33.71
1790465551,-0.062000,0.343000,-0.984000,-53.069000,31.160000,38.198000,33.66
1790477734,-0.035000,0.352000,-0.973000,-52.534000,31.282000,39.359000,33.71
1790484788,-0.091000,0.368000,-0.981000,-55.420000,30.351000,41.145000,33.75
1790498722,-0.037000,0.357000,-0.938000,-56.870000,28.916000,40.901000,33.71
1790508564,-0.029000,0.394000,-0.955000,-55.115000,30.366000,38.901000,33.75
1790518715,0.009000,0.379000,-0.955000,-58.229000,30.824000,38.153000,33.71
1790526082,0.093000,0.346000,-0.923000,-51.267000,35.221000,35.099000,33.66
1790533201,0.050000,0.376000,-0.988000,-46.779000,39.237000,35.817000,33.80
1790549230,0.008000,0.395000,-0.947000,-45.649000,40.733000,37.298000,33.75
1790555798,-0.005000,0.440000,-0.954000,-45.603000,37.710000,37.939000,33.80
1790565557,0.037000,0.448000,-0.981000,-47.237000,38.092000,35.969000,33.75
1790576940,0.019000,0.433000,-0.969000,-47.908000,39.634000,31.176000,33.71
1790583578,0.001000,0.468000,-0.988000,-49.160000,35.786000,28.855000,33.75
1790598806,-0.011000,0.480000,-0.994000,-53.206000,33.084000,28.137000,33.75
1790607219,0.042000,0.439000,-0.972000,-57.847000,25.618000,28.443000,33.71
1790615607,0.116000,0.465000,-0.959000,-55.908000,29.756000,24.824000,33.75
1790626379,0.080000,0.505000,-0.928000,-58.794000,29.282000,21.802000,33.71
1790633154,0.147000,0.541000,-0.919000,-60.336000,26.534000,19.496000,33.75
1790646916,0.192000,0.523000,-0.964000,-61.893000,29.344000,18.504000,33.71
1790659589,0.149000,0.508000,-0.940000,-60.550000,34.214000,18.504000,33.80
1790666073,0.118000,0.513000,-0.892000,-61.237000,30.947000,21.771000,33.71
1790677634,0.147000,0.537000,-0.906000,-61.298000,30.870000,24.366000,33.75
1790684731,0.116000,0.551000,-0.887000,-63.221000,30.412000,27.679000,33.71
1790697816,0.157000,0.551000,-0.841000,-61.802000,29.298000,30.443000,33.75
1790707381,0.214000,0.551000,-0.835000,-59.573000,29.817000,32.916000,33.80
1790716684,0.267000,0.547000,-0.871000,-53.969000,35.084000,33.496000,33.75
1790726584,0.196000,0.582000,-0.871000,-51.725000,39.405000,35.298000,33.80
1790733677,0.166000,0.582000,-0.835000,-51.450000,37.496000,36.351000,33.75
1790746242,0.195000,0.615000,-0.841000,-53.496000,39.710000,37.176000,33.61
1790756927,0.094000,0.621000,-0.827000,-58.519000,40.947000,38.031000,33.66
1790765803,0.175000,0.586000,-0.820000,-60.733000,34.611000,39.420000,33.71
1790779768,0.245000,0.544000,-0.869000,-55.435000,40.901000,36.931000,33.75
1790789618,0.216000,0.542000,-0.838000,-48.290000,47.313000,35.237000,33.80
1790796851,0.187000,0.593000,-0.822000,-44.504000,49.466000,35.053000,33.71
1790810887,0.133000,0.644000,-0.842000,-47.221000,48.718000,37.420000,33.80
1790821030,0.133000,0.595000,-0.830000,-53.282000,45.649000,39.817000,33.61
1790823379,0.198000,0.545000,-0.812000,-52.198000,44.595000,41.405000,33.85
1790833955,0.293000,0.494000,-0.808000,-46.122000,47.786000,40.870000,33.80
1790846624,0.345000,0.507000,-0.805000,-34.947000,58.046000,38.580000,33.75
1790856521,0.309000,0.568000,-0.788000,-27.527000,64.794000,36.718000,33.80
1790865981,0.270000,0.644000,-0.824000,-27.832000,68.595000,34.137000,33.75
1790876908,0.219000,0.657000,-0.790000,-34.260000,71.069000,31.496000,33.80
1790888586,0.245000,0.627000,-0.770000,-37.481000,66.076000,29.084000,33.75
1790896456,0.247000,0.636000,-0.804000,-39.359000,66.977000,27.618000,33.71
1790908372,0.261000,0.608000,-0.760000,-40.321000,63.450000,28.656000,33.75
1790915942,0.406000,0.567000,-0.754000,-36.794000,66.901000,29.344000,33.80
1790924220,0.422000,0.585000,-0.718000,-29.740000,77.740000,27.313000,33.75
1790934210,0.349000,0.684000,-0.711000,-27.420000,79.267000,28.504000,33.71
1790946750,0.403000,0.706000,-0.694000,-28.031000,77.573000,28.824000,33.75
1790957747,0.450000,0.683000,-0.701000,-24.733000,78.229000,27.328000,33.80
1790965682,0.437000,0.704000,-0.716000,-23.939000,79.924000,27.359000,33.75
1790975819,0.396000,0.703000,-0.750000,-24.733000,80.840000,27.756000,33.80
1790989084,0.369000,0.680000,-0.728000,-28.168000,80.214000,28.824000,33.66
1790997051,0.314000,0.719000,-0.681000,-31.832000,79.130000,29.466000,33.75
1791006785,0.385000,0.719000,-0.660000,-37.160000,70.153000,30.901000,33.71
1791017363,0.639000,0.619000,-0.678000,-33.664000,73.237000,27.084000,33.75
1791025457,0.604000,0.666000,-0.701000,-23.939000,85.389000,25.191000,33.80
1791034716,0.530000,0.713000,-0.733000,-23.267000,87.573000,27.481000,33.71
1791047898,0.450000,0.742000,-0.728000,-27.237000,86.336000,28.305000,33.80
1791058495,0.356000,0.725000,-0.696000,-33.771000,82.763000,28.336000,33.66
1791066173,0.383000,0.731000,-0.645000,-45.008000,73.847000,29.221000,33.71
1791076674,0.446000,0.712000,-0.604000,-49.664000,72.076000,26.641000,33.75
1791087613,0.520000,0.687000,-0.622000,-52.015000,67.298000,27.557000,33.71
1791096816,0.675000,0.630000,-0.614000,-47.267000,71.603000,27.954000,33.85
1791107181,0.696000,0.651000,-0.601000,-40.366000,80.794000,30.580000,33.71
1791116102,0.623000,0.704000,-0.594000,-39.145000,83.557000,36.443000,33.66
1791126207,0.646000,0.704000,-0.582000,-42.672000,83.389000,41.649000,33.80
1791134890,0.598000,0.698000,-0.597000,-43.618000,85.832000,41.939000,33.75
1791140646,0.546000,0.693000,-0.601000,-47.679000,85.511000,41.756000,33.71
1791159384,0.554000,0.647000,-0.573000,-50.931000,85.008000,40.076000,33.66
1791167568,0.553000,0.640000,-0.560000,-51.603000,84.076000,39.160000,33.75
1791175809,0.574000,0.640000,-0.543000,-53.450000,79.557000,40.397000,33.80
1791187723,0.664000,0.596000,-0.550000,-53.634000,79.069000,41.282000,33.71
1791196128,0.665000,0.605000,-0.514000,-52.504000,82.321000,41.298000,33.89
1791207028,0.620000,0.666000,-0.464000,-53.679000,83.115000,41.847000,33.75
1791216853,0.616000,0.696000,-0.469000,-59.466000,82.153000,42.183000,33.80
1791225447,0.589000,0.681000,-0.425000,-67.557000,79.252000,42.977000,33.75
1791235184,0.592000,0.657000,-0.378000,-70.733000,76.916000,40.962000,33.80
1791242211,0.640000,0.631000,-0.348000,-72.321000,73.847000,39.985000,33.75
1791258478,0.682000,0.608000,-0.307000,-69.115000,73.908000,39.191000,33.80
1791268165,0.711000,0.631000,-0.272000,-65.985000,72.397000,40.626000,33.66
1791275437,0.722000,0.641000,-0.274000,-62.107000,71.466000,41.756000,33.80
1791286873,0.708000,0.671000,-0.229000,-61.221000,68.275000,44.611000,33.66
1791297088,0.687000,0.705000,-0.230000,-62.656000,63.527000,47.573000,33.71
1791307031,0.702000,0.688000,-0.212000,-66.916000,56.580000,49.420000,33.75
1791316650,0.737000,0.667000,-0.166000,-67.878000,51.298000,48.565000,33.71
1791325160,0.793000,0.655000,-0.137000,-65.069000,48.305000,48.580000,33.75
1791335625,0.811000,0.671000,-0.115000,-59.725000,43.878000,48.626000,33.71
1791342480,0.794000,0.726000,-0.114000,-60.534000,36.046000,51.573000,33.61
1791360253,0.779000,0.719000,-0.069000,-61.878000,22.916000,54.931000,33.75
1791369329,0.771000,0.737000,-0.014000,-66.733000,5.527000,60.779000,33.71
1791375325,0.784000,0.752000,0.083000,-70.351000,-15.313000,65.481000,33.85
1791388275,0.748000,0.736000,0.044000,-71.115000,-35.588000,67.328000,33.71
1791398149,0.672000,0.724000,-0.108000,-78.382000,-58.748000,73.298000,33.75
1791405466,0.759000,0.580000,-0.182000,-84.855000,-74.244000,76.809000,33.89
1791417536,0.867000,0.471000,-0.179000,-79.908000,-80.351000,73.176000,33.66
1791428317,0.992000,0.452000,-0.156000,-70.824000,-81.115000,67.740000,33.71
1791435639,1.147000,0.419000,-0.118000,-60.947000,-73.435000,57.588000,33.66
1791442475,1.133000,0.471000,-0.102000,-47.389000,-62.366000,45.817000,33.71
1791456129,1.086000,0.499000,-0.149000,-41.130000,-55.130000,36.397000,33.75
1791470183,1.015000,0.529000,-0.165000,-37.939000,-50.229000,30.412000,33.71
1791475843,1.037000,0.542000,-0.227000,-38.931000,-50.183000,24.458000,33.75
1791489855,1.018000,0.493000,-0.207000,-34.458000,-48.977000,21.496000,33.80
1791496707,1.012000,0.472000,-0.246000,-32.122000,-45.802000,15.710000,33.75
1791505451,1.143000,0.399000,-0.193000,-26.977000,-36.885000,6.580000,33.80
1791518164,1.108000,0.394000,-0.175000,-11.237000,-23.038000,-5.328000,33.75
1791526092,1.041000,0.455000,-0.180000,0.458000,-17.878000,-12.366000,33.75
1791536119,1.049000,0.483000,-0.261000,6.947000,-13.618000,-16.504000,33.80
1791542151,1.032000,0.479000,-0.244000,12.992000,-8.702000,-20.931000,33.75
1791561590,1.011000,0.504000,-0.250000,16.214000,-3.802000,-25.191000,33.80
1791573424,0.969000,0.521000,-0.249000,18.794000,0.336000,-29.466000,33.71
1791578589,0.988000,0.516000,-0.229000,21.740000,2.687000,-33.618000,33.80
1791585617,0.999000,0.512000,-0.246000,28.061000,8.977000,-38.916000,33.75
1791600397,0.947000,0.531000,-0.260000,33.313000,12.260000,-40.916000,33.71
1791607625,0.948000,0.530000,-0.258000,38.290000,14.336000,-42.229000,33.75
1791617673,0.963000,0.542000,-0.260000,45.252000,17.634000,-43.756000,33.71
1791627578,0.913000,0.584000,-0.269000,48.763000,19.084000,-42.931000,33.75
1791636270,0.890000,0.609000,-0.261000,50.672000,19.069000,-41.588000,33.71
1791643574,0.879000,0.623000,-0.241000,51.420000,18.733000,-40.824000,33.75
1791654860,0.868000,0.635000,-0.253000,53.237000,20.641000,-41.786000,33.80
1791666935,0.820000,0.668000,-0.255000,53.282000,19.527000,-40.534000,33.75
1791677758,0.837000,0.669000,-0.250000,50.885000,16.458000,-37.740000,33.80
1791686712,0.846000,0.656000,-0.251000,51.878000,16.489000,-37.221000,33.75
1791694041,0.797000,0.662000,-0.285000,52.779000,14.595000,-34.794000,33.71
1791706303,0.797000,0.681000,-0.272000,50.977000,10.977000,-31.053000,33.75
1791715819,0.809000,0.666000,-0.278000,50.473000,7.695000,-28.565000,33.80
1791729513,0.794000,0.681000,-0.265000,50.855000,6.107000,-27.038000,33.80
1791738771,0.767000,0.683000,-0.286000,49.649000,2.824000,-25.618000,33.75
1791744657,0.756000,0.674000,-0.271000,47.557000,-1.786000,-23.924000,33.61
1791755375,0.752000,0.683000,-0.286000,46.443000,-5.954000,-22.290000,33.66
1791767191,0.737000,0.684000,-0.312000,44.092000,-12.137000,-20.153000,33.71
1791776624,0.743000,0.669000,-0.317000,42.107000,-18.183000,-17.786000,33.75
1791786701,0.771000,0.656000,-0.320000,40.977000,-21.679000,-16.458000,33.71
1791796292,0.783000,0.632000,-0.297000,41.466000,-24.855000,-15.191000,33.85
1791808115,0.768000,0.649000,-0.337000,41.771000,-27.481000,-14.168000,33.80
1791812911,0.750000,0.643000,-0.335000,40.061000,-31.389000,-12.397000,33.66
1791824436,0.748000,0.635000,-0.329000,39.344000,-35.786000,-11.786000,33.61
1791839756,0.722000,0.642000,-0.353000,38.137000,-40.855000,-11.664000,33.75
1791844033,0.751000,0.642000,-0.355000,36.321000,-45.435000,-12.458000,33.71
1791854942,0.767000,0.635000,-0.370000,36.458000,-49.145000,-14.931000,33.85
1791862091,0.740000,0.616000,-0.406000,37.038000,-51.511000,-18.198000,33.71
1791879515,0.716000,0.595000,-0.413000,36.626000,-56.458000,-19.420000,33.75
1791885944,0.692000,0.599000,-0.423000,36.611000,-62.214000,-21.069000,33.80
1791896296,0.664000,0.580000,-0.427000,36.504000,-68.565000,-22.794000,33.71
1791908338,0.645000,0.591000,-0.444000,35.771000,-76.504000,-24.519000,33.66
1791917154,0.676000,0.584000,-0.434000,34.046000,-83.740000,-26.198000,33.71
1791927446,0.700000,0.603000,-0.476000,32.076000,-85.282000,-27.496000,33.75
1791935998,0.740000,0.554000,-0.435000,36.168000,-88.962000,-32.931000,33.71
1791945225,0.723000,0.560000,-0.445000,40.763000,-89.786000,-37.328000,33.71
1791954427,0.699000,0.579000,-0.480000,43.435000,-94.198000,-37.160000,33.61
1791968846,0.726000,0.529000,-0.508000,45.374000,-97.374000,-38.366000,33.75
1791980475,0.725000,0.529000,-0.483000,49.359000,-96.718000,-40.260000,33.80
1791987994,0.692000,0.552000,-0.500000,51.191000,-98.137000,-41.405000,33.75
1791995547,0.688000,0.550000,-0.526000,51.695000,-98.229000,-42.992000,33.71
1792008734,0.688000,0.544000,-0.541000,52.962000,-99.267000,-43.634000,33.75
1792017168,0.665000,0.524000,-0.556000,56.427000,-97.282000,-45.481000,33.71
1792025880,0.638000,0.492000,-0.585000,59.130000,-96.870000,-48.366000,33.75
1792037945,0.564000,0.541000,-0.581000,63.496000,-96.779000,-51.099000,33.80
1792047058,0.523000,0.538000,-0.631000,63.542000,-101.557000,-50.153000,33.75
1792054349,0.533000,0.566000,-0.668000,62.229000,-105.588000,-49.863000,33.61
1792065877,0.555000,0.568000,-0.638000,60.382000,-108.107000,-48.504000,33.75
1792076197,0.618000,0.546000,-0.651000,63.069000,-108.458000,-49.756000,33.71
1792088145,0.639000,0.524000,-0.698000,68.260000,-101.985000,-53.939000,33.71
1792096650,0.587000,0.500000,-0.695000,76.641000,-93.130000,-57.298000,33.80
1792105960,0.447000,0.558000,-0.713000,82.794000,-88.153000,-57.542000,33.71
1792116457,0.367000,0.602000,-0.749000,80.382000,-90.885000,-55.908000,33.75
1792124257,0.350000,0.570000,-0.769000,77.053000,-92.580000,-55.802000,33.71
1792138845,0.357000,0.524000,-0.789000,76.534000,-93.817000,-55.725000,33.75
1792148919,0.379000,0.489000,-0.783000,80.855000,-93.359000,-56.412000,33.71
1792153440,0.355000,0.501000,-0.816000,85.771000,-92.061000,-55.069000,33.85
1792165160,0.330000,0.500000,-0.878000,84.122000,-92.183000,-53.374000,33.71
1792171880,0.352000,0.501000,-0.900000,81.649000,-88.000000,-52.885000,33.66
1792185463,0.261000,0.502000,-0.860000,83.084000,-83.267000,-56.855000,33.80
1792196968,0.212000,0.524000,-0.877000,79.649000,-83.817000,-59.267000,33.66
1792206891,0.215000,0.505000,-0.900000,76.198000,-82.947000,-61.863000,33.71
1792221355,0.188000,0.455000,-0.902000,75.893000,-82.489000,-64.198000,33.75
1792226940,0.141000,0.458000,-0.883000,76.916000,-84.840000,-64.748000,33.80
1792235090,0.184000,0.447000,-0.913000,74.473000,-87.344000,-64.031000,33.75
1792246033,0.197000,0.406000,-0.925000,75.817000,-86.214000,-62.321000,33.80
1792254506,0.200000,0.373000,-0.923000,77.252000,-84.763000,-60.595000,33.75
1792264619,0.169000,0.371000,-0.904000,81.023000,-79.649000,-63.176000,33.71
1792276906,0.071000,0.360000,-0.950000,83.344000,-77.282000,-64.412000,33.75
1792286569,-0.023000,0.376000,-0.912000,81.389000,-78.183000,-63.695000,33.80
1792296013,-0.081000,0.385000,-0.885000,76.901000,-85.664000,-61.282000,33.75
1792306850,-0.025000,0.372000,-0.924000,70.427000,-93.740000,-58.031000,33.85
1792317997,0.037000,0.294000,-0.882000,70.183000,-94.473000,-57.969000,33.71
1792326366,0.023000,0.262000,-0.920000,72.229000,-97.282000,-54.947000,33.80
1792335645,0.052000,0.253000,-0.903000,74.397000,-99.176000,-52.427000,33.71
1792346511,0.007000,0.259000,-0.916000,79.664000,-97.542000,-50.336000,33.75
1792354413,-0.079000,0.240000,-0.935000,81.282000,-99.252000,-48.153000,33.71
1792363696,-0.109000,0.226000,-0.913000,79.496000,-101.084000,-48.687000,33.85
1792379051,-0.161000,0.247000,-0.866000,77.466000,-104.901000,-48.901000,33.71
1792393048,-0.220000,0.262000,-0.927000,70.427000,-114.092000,-46.977000,33.85
1792398422,-0.197000,0.220000,-0.933000,63.695000,-118.656000,-46.534000,33.80
1792406427,-0.252000,0.193000,-0.887000,61.405000,-126.794000,-46.015000,33.75
1792419714,-0.233000,0.146000,-0.990000,58.565000,-136.794000,-43.969000,33.80
1792427896,-0.181000,0.093000,-0.917000,60.092000,-139.969000,-42.092000,33.66
1792438201,-0.247000,0.121000,-0.942000,62.015000,-138.336000,-40.229000,33.80
1792448238,-0.224000,0.123000,-0.884000,61.069000,-138.672000,-39.267000,33.75
1792457031,-0.250000,0.158000,-0.861000,62.275000,-140.076000,-41.389000,33.80
1792466814,-0.264000,0.185000,-0.876000,59.740000,-142.626000,-42.565000,33.66
1792473372,-0.286000,0.125000,-0.907000,56.458000,-146.947000,-44.519000,33.71
1792488763,-0.353000,0.062000,-0.941000,56.458000,-147.237000,-46.885000,33.85
1792497173,-0.457000,0.049000,-0.955000,53.649000,-149.191000,-46.305000,33.71
1792505661,-0.519000,0.007000,-0.900000,51.695000,-154.321000,-44.427000,33.66
1792520719,-0.481000,-0.006000,-0.883000,51.206000,-155.634000,-43.954000,33.80
1792529686,-0.527000,0.001000,-0.865000,51.008000,-155.115000,-41.954000,33.75
1792536512,-0.532000,-0.015000,-0.917000,50.214000,-153.954000,-38.076000,33.71
1792546120,-0.510000,-0.045000,-0.904000,54.595000,-145.191000,-41.435000,33.75
1792558384,-0.573000,-0.041000,-0.803000,57.557000,-145.206000,-42.962000,33.71
1792564566,-0.561000,-0.012000,-0.878000,57.664000,-147.328000,-44.733000,33.80
1792576079,-0.565000,-0.039000,-0.884000,54.260000,-143.588000,-49.145000,33.75
1792589115,-0.704000,-0.032000,-0.829000,50.137000,-144.565000,-48.748000,33.71
1792600003,-0.618000,-0.127000,-0.806000,55.832000,-147.389000,-48.672000,33.75
1792606327,-0.592000,-0.172000,-0.801000,61.878000,-134.489000,-53.328000,33.71
1792616532,-0.694000,-0.169000,-0.806000,66.824000,-127.435000,-52.870000,33.85
1792629280,-0.745000,-0.129000,-0.775000,65.435000,-129.511000,-50.336000,33.71
1792636933,-0.698000,-0.157000,-0.741000,61.481000,-131.832000,-49.130000,33.71
1792646307,-0.688000,-0.157000,-0.766000,62.214000,-124.489000,-52.977000,33.61
1792657469,-0.735000,-0.139000,-0.745000,61.969000,-115.511000,-58.947000,33.75
1792666819,-0.778000,-0.165000,-0.685000,59.466000,-115.786000,-60.885000,33.71
1792673250,-0.761000,-0.188000,-0.715000,59.588000,-112.137000,-63.771000,33.75
1792684924,-0.761000,-0.231000,-0.684000,58.031000,-108.000000,-67.328000,33.71
1792698999,-0.741000,-0.283000,-0.669000,58.351000,-106.611000,-66.611000,33.66
1792706748,-0.739000,-0.286000,-0.659000,58.061000,-101.969000,-65.924000,33.71
1792718658,-0.773000,-0.291000,-0.608000,60.855000,-99.481000,-64.641000,33.75
1792731884,-0.771000,-0.282000,-0.624000,62.611000,-94.794000,-63.634000,33.71
1792736767,-0.786000,-0.275000,-0.607000,63.832000,-90.427000,-65.069000,33.66
1792747223,-0.794000,-0.290000,-0.583000,66.305000,-83.466000,-66.824000,33.71
1792756807,-0.819000,-0.273000,-0.556000,66.473000,-80.168000,-67.573000,33.75
1792765693,-0.812000,-0.277000,-0.528000,65.725000,-78.763000,-66.992000,33.80
1792775960,-0.824000,-0.279000,-0.530000,64.733000,-77.618000,-66.504000,33.75
1792782729,-0.830000,-0.308000,-0.541000,63.924000,-78.489000,-64.275000,33.71
1792799638,-0.805000,-0.362000,-0.547000,64.336000,-77.573000,-62.672000,33.75
1792809229,-0.826000,-0.356000,-0.480000,67.313000,-74.962000,-62.107000,33.75
1792814057,-0.846000,-0.323000,-0.502000,68.626000,-73.786000,-60.336000,33.71
1792827748,-0.854000,-0.309000,-0.472000,65.359000,-72.397000,-58.397000,33.75
1792837447,-0.870000,-0.324000,-0.406000,63.313000,-75.252000,-56.641000,33.80
1792844530,-0.891000,-0.277000,-0.455000,58.809000,-76.321000,-54.076000,33.75
1792857257,-0.846000,-0.337000,-0.412000,53.573000,-80.412000,-50.992000,33.80
1792867671,-0.858000,-0.379000,-0.412000,55.496000,-76.504000,-50.977000,33.80
1792873810,-0.911000,-0.394000,-0.385000,58.962000,-78.763000,-64.305000,33.71
1792885634,-0.929000,-0.367000,-0.358000,54.397000,-78.824000,-55.847000,33.75
1792894923,-0.890000,-0.390000,-0.357000,50.244000,-79.191000,-45.359000,33.71
1792906194,-0.913000,-0.397000,-0.293000,49.634000,-75.710000,-36.595000,33.75
1792916586,-0.870000,-0.406000,-0.293000,48.931000,-72.031000,-31.466000,33.71
1792930523,-0.861000,-0.409000,-0.292000,46.412000,-74.641000,-23.924000,33.75
1792938613,-0.869000,-0.409000,-0.271000,46.443000,-74.046000,-24.031000,33.71
1792948960,-0.834000,-0.482000,-0.314000,47.008000,-71.313000,-33.008000,33.75
1792956863,-0.878000,-0.390000,-0.295000,39.221000,-76.244000,-23.435000,33.80
1792968063,-0.839000,-0.444000,-0.206000,42.275000,-70.870000,-21.725000,33.75
1792976717,-0.893000,-0.456000,-0.210000,43.145000,-69.099000,-19.008000,33.80
1792983622,-0.847000,-0.457000,-0.220000,42.748000,-69.847000,-13.740000,33.75
1792996690,-0.838000,-0.477000,-0.194000,43.420000,-68.489000,-10.977000,33.66
1793011012,-0.807000,-0.472000,-0.137000,42.824000,-67.710000,-6.962000,33.71
1793015856,-0.812000,-0.456000,-0.134000,43.344000,-70.031000,-5.527000,33.71
1793029236,-0.816000,-0.430000,-0.118000,41.908000,-66.153000,-3.191000,33.80
1793039945,-0.828000,-0.436000,-0.112000,39.679000,-66.260000,-3.618000,33.75
1793046580,-0.843000,-0.537000,-0.139000,37.405000,-65.145000,-6.214000,33.71
1793058411,-0.857000,-0.418000,-0.170000,28.260000,-57.099000,2.733000,33.75
1793068697,-0.817000,-0.490000,-0.107000,26.015000,-65.023000,-2.733000,33.71
1793076039,-0.825000,-0.525000,-0.100000,30.519000,-60.595000,-1.603000,33.66
1793082413,-0.815000,-0.489000,-0.115000,29.817000,-56.443000,-3.511000,33.80
1793095715,-0.799000,-0.500000,-0.119000,28.443000,-52.885000,-3.221000,33.75
1793108530,-0.836000,-0.423000,-0.099000,24.321000,-52.397000,-2.748000,33.80
1793114107,-0.851000,-0.421000,-0.097000,16.656000,-54.702000,-1.786000,33.75
1793125206,-0.833000,-0.412000,-0.044000,9.511000,-56.824000,-0.229000,33.80
1793137851,-0.799000,-0.499000,-0.042000,9.664000,-56.336000,6.519000,33.75
1793147465,-0.716000,-0.499000,-0.062000,9.939000,-49.496000,4.412000,33.71
1793158541,-0.718000,-0.511000,-0.018000,15.206000,-40.504000,5.832000,33.66
1793170579,-0.718000,-0.521000,-0.018000,22.611000,-33.145000,6.733000,33.71
1793175260,-0.739000,-0.430000,-0.052000,22.198000,-26.870000,3.603000,33.75
1793186838,-0.757000,-0.410000,-0.044000,16.656000,-25.191000,5.084000,33.80
1793193529,-0.749000,-0.415000,-0.024000,11.649000,-24.626000,7.176000,33.75
1793206673,-0.728000,-0.439000,-0.052000,8.458000,-21.160000,4.550000,33.80
1793215745,-0.740000,-0.404000,-0.018000,3.252000,-17.588000,1.405000,33.66
1793227608,-0.758000,-0.466000,-0.024000,0.947000,-15.969000,1.328000,33.71
1793236981,-0.754000,-0.520000,-0.021000,2.000000,-10.611000,0.305000,33.71
1793245084,-0.724000,-0.547000,-0.014000,6.137000,-5.817000,-1.985000,33.80
1793257013,-0.755000,-0.503000,0.002000,6.504000,-1.511000,-4.641000,33.71
1793267107,-0.774000,-0.471000,0.015000,6.183000,-1.344000,-4.275000,33.75
1793275699,-0.749000,-0.456000,0.041000,5.038000,-1.756000,-3.573000,33.71
1793282143,-0.717000,-0.443000,0.050000,4.489000,-0.489000,-3.878000,33.66
1793300154,-0.708000,-0.446000,0.043000,3.405000,2.443000,-3.969000,33.71
1793309448,-0.736000,-0.414000,0.063000,0.443000,5.084000,-4.168000,33.75
1793317036,-0.735000,-0.443000,0.081000,-0.962000,7.130000,-3.863000,33.71
1793327563,-0.746000,-0.448000,0.050000,-2.840000,8.290000,-4.229000,33.71
1793337719,-0.761000,-0.468000,0.049000,-3.863000,7.084000,-3.603000,33.71
1793345811,-0.770000,-0.462000,0.053000,-3.450000,5.802000,-2.687000,33.75
1793356114,-0.770000,-0.458000,0.054000,-2.321000,4.977000,-1.802000,33.71
1793365486,-0.755000,-0.469000,0.070000,-1.496000,4.092000,-1.710000,33.66
1793376714,-0.754000,-0.454000,0.051000,-1.786000,3.985000,-1.481000,33.71
1793383620,-0.757000,-0.439000,0.061000,-3.130000,2.855000,-0.855000,33.66
1793399924,-0.749000,-0.437000,0.075000,-4.611000,1.206000,0.641000,33.80
1793408489,-0.724000,-0.466000,0.074000,-5.588000,0.229000,1.908000,33.75
1793417782,-0.699000,-0.469000,0.085000,-4.382000,1.420000,1.847000,33.71
1793424885,-0.708000,-0.459000,0.083000,-3.389000,2.168000,2.351000,33.75
1793436104,-0.710000,-0.455000,0.083000,-3.359000,0.534000,3.038000,33.71
1793446925,-0.707000,-0.446000,0.087000,-3.802000,0.565000,3.496000,33.75
1793457114,-0.714000,-0.448000,0.071000,-4.702000,1.374000,3.145000,33.71
1793468368,-0.740000,-0.448000,0.069000,-6.611000,1.420000,2.916000,33.85
1793477203,-0.760000,-0.452000,0.081000,-8.718000,-0.672000,3.969000,33.71
1793485500,-0.743000,-0.477000,0.086000,-8.855000,-0.779000,4.290000,33.71
1793492508,-0.734000,-0.508000,0.091000,-8.031000,0.626000,3.878000,33.85
1793508547,-0.731000,-0.499000,0.101000,-6.779000,1.359000,3.725000,33.71
1793518048,-0.735000,-0.495000,0.094000,-5.878000,0.718000,3.969000,33.75
1793525001,-0.717000,-0.475000,0.096000,-6.031000,0.107000,3.450000,33.71
1793539004,-0.693000,-0.459000,0.106000,-5.511000,0.397000,2.260000,33.57
1793546884,-0.703000,-0.432000,0.094000,-5.985000,1.466000,1.038000,33.71
1793557569,-0.722000,-0.434000,0.074000,-7.160000,0.718000,0.061000,33.85
1793565709,-0.722000,-0.436000,0.083000,-7.725000,0.611000,-0.809000,33.71
1793575332,-0.728000,-0.439000,0.053000,-8.504000,0.672000,-1.527000,33.75
1793582410,-0.733000,-0.446000,0.077000,-9.435000,0.672000,-2.046000,33.71
1793593929,-0.737000,-0.455000,0.030000,-10.153000,0.321000,-2.489000,33.66
1793609303,-0.760000,-0.439000,0.048000,-11.221000,-1.374000,-2.809000,33.71
1793619199,-0.747000,-0.428000,0.060000,-12.107000,-3.771000,-2.473000,33.75
1793625590,-0.726000,-0.428000,0.067000,-12.412000,-4.794000,-2.794000,33.80
1793637873,-0.719000,-0.437000,0.080000,-13.511000,-5.160000,-3.420000,33.66
1793648534,-0.719000,-0.433000,0.114000,-14.321000,-6.046000,-4.656000,33.71
1793658574,-0.721000,-0.443000,0.092000,-14.275000,-6.550000,-4.366000,33.75
1793668537,-0.716000,-0.452000,0.103000,-15.756000,-5.481000,-3.771000,33.66
1793678759,-0.714000,-0.474000,0.110000,-15.847000,-4.687000,-3.649000,33.80
1793686556,-0.708000,-0.478000,0.107000,-14.412000,-2.092000,-3.710000,33.75
1793693644,-0.722000,-0.487000,0.104000,-13.679000,0.550000,-3.191000,33.71
1793706703,-0.746000,-0.485000,0.119000,-13.282000,1.664000,-2.901000,33.71
1793721217,-0.728000,-0.473000,0.102000,-12.076000,1.985000,-1.969000,33.71
1793726448,-0.730000,-0.464000,0.105000,-11.023000,3.466000,-2.183000,33.75
1793740056,-0.737000,-0.468000,0.094000,-10.366000,4.061000,-2.290000,33.71
1793747454,-0.753000,-0.458000,0.088000,-10.275000,5.374000,-2.885000,33.75
1793756457,-0.760000,-0.466000,0.112000,-10.122000,4.870000,-2.504000,33.71
1793767375,-0.745000,-0.471000,0.107000,-9.084000,6.244000,-2.351000,33.75
1793779710,-0.759000,-0.480000,0.087000,-9.038000,6.137000,-1.542000,33.80
1793783927,-0.750000,-0.481000,0.096000,-6.855000,6.580000,-1.466000,33.66
1793794121,-0.750000,-0.455000,0.060000,-6.412000,7.450000,-1.863000,33.71
1793806515,-0.765000,-0.436000,0.056000,-7.344000,7.069000,-1.466000,33.75
1793815507,-0.741000,-0.443000,0.071000,-8.244000,6.321000,-0.718000,33.71
1793826527,-0.710000,-0.442000,0.065000,-7.786000,8.473000,-0.489000,33.75
1793836900,-0.745000,-0.427000,0.056000,-8.489000,10.443000,0.092000,33.71
1793848512,-0.768000,-0.421000,0.108000,-8.916000,10.580000,1.298000,33.66
1793853430,-0.729000,-0.474000,0.099000,-5.893000,12.611000,1.695000,33.80
1793865555,-0.703000,-0.500000,0.068000,-1.756000,17.038000,-0.031000,33.66
1793879793,-0.743000,-0.478000,0.065000,1.756000,19.466000,-2.443000,33.75
1793884077,-0.786000,-0.405000,0.030000,-1.252000,16.198000,-2.015000,33.61
1793895266,-0.776000,-0.383000,0.012000,-9.313000,14.611000,-1.817000,33.75
1793901891,-0.754000,-0.420000,0.074000,-12.076000,19.573000,-2.641000,33.71
1793919014,-0.710000,-0.496000,0.067000,-8.168000,27.832000,-3.527000,33.75
1793926738,-0.726000,-0.556000,0.022000,-2.779000,36.656000,-3.008000,33.71
1793935540,-0.803000,-0.517000,0.063000,1.634000,39.038000,0.168000,33.71
1793948062,-0.802000,-0.467000,0.006000,0.046000,37.206000,2.351000,33.80
1793953204,-0.787000,-0.407000,-0.016000,-4.076000,36.336000,4.244000,33.75
1793967578,-0.734000,-0.441000,-0.009000,-7.573000,39.985000,2.168000,33.71
1793979458,-0.733000,-0.474000,0.023000,-1.878000,47.053000,-0.947000,33.75
1793983930,-0.757000,-0.471000,-0.005000,3.176000,54.046000,-0.443000,33.80
1793996022,-0.776000,-0.447000,-0.026000,3.542000,55.252000,1.221000,33.66
1794009269,-0.791000,-0.444000,-0.083000,-0.992000,56.550000,2.855000,33.71
1794020727,-0.814000,-0.431000,-0.101000,-5.603000,55.878000,6.168000,33.66
1794026860,-0.815000,-0.445000,-0.097000,-9.435000,53.389000,9.038000,33.71
1794037563,-0.785000,-0.465000,-0.132000,-10.321000,54.626000,10.092000,33.75
1794050407,-0.782000,-0.462000,-0.139000,-10.489000,55.466000,8.519000,33.71
1794055568,-0.815000,-0.479000,-0.085000,-6.198000,55.221000,10.275000,33.71
1794066986,-0.793000,-0.381000,-0.126000,-8.031000,53.511000,7.069000,33.75
1794078159,-0.801000,-0.381000,-0.106000,-14.855000,52.916000,8.519000,33.61
1794086059,-0.794000,-0.421000,-0.078000,-17.603000,50.595000,9.099000,33.71
1794095339,-0.759000,-0.450000,-0.118000,-18.275000,52.290000,12.412000,33.61
1794102167,-0.766000,-0.454000,-0.106000,-16.992000,52.580000,12.504000,33.75
1794120619,-0.789000,-0.459000,-0.130000,-17.359000,52.779000,14.122000,33.71
1794129477,-0.798000,-0.459000,-0.131000,-17.191000,51.374000,14.565000,33.75
1794135256,-0.851000,-0.417000,-0.143000,-19.099000,51.053000,14.809000,33.80
1794147510,-0.820000,-0.422000,-0.130000,-20.794000,49.481000,14.061000,33.75
1794156831,-0.794000,-0.436000,-0.159000,-21.725000,48.260000,15.344000,33.71
1794167755,-0.793000,-0.445000,-0.140000,-21.863000,48.031000,17.267000,33.66
1794179660,-0.784000,-0.416000,-0.171000,-25.176000,44.977000,18.198000,33.71
1794184393,-0.780000,-0.396000,-0.181000,-29.298000,42.977000,19.313000,33.75
1794194653,-0.775000,-0.400000,-0.173000,-31.969000,42.137000,19.969000,33.61
1794206082,-0.780000,-0.420000,-0.196000,-33.374000,43.313000,20.870000,33.75
1794218500,-0.788000,-0.441000,-0.190000,-32.779000,43.618000,21.573000,33.71
1794228110,-0.778000,-0.454000,-0.209000,-31.053000,44.641000,22.198000,33.75
1794236911,-0.774000,-0.428000,-0.206000,-29.450000,43.328000,22.901000,33.80
1794246043,-0.787000,-0.403000,-0.235000,-31.420000,42.290000,23.450000,33.71
1794259331,-0.802000,-0.391000,-0.255000,-35.511000,39.084000,23.740000,33.66
1794264733,-0.788000,-0.383000,-0.249000,-39.695000,37.450000,22.702000,33.71
1794275601,-0.770000,-0.409000,-0.259000,-41.954000,38.702000,22.198000,33.85
1794287241,-0.767000,-0.414000,-0.270000,-41.740000,41.481000,22.260000,33.71
1794295434,-0.775000,-0.430000,-0.272000,-39.817000,43.344000,22.412000,33.75
1794304893,-0.762000,-0.420000,-0.277000,-38.702000,44.687000,23.435000,33.80
1794319781,-0.753000,-0.424000,-0.285000,-35.847000,44.290000,22.702000,33.75
1794330022,-0.755000,-0.383000,-0.307000,-34.534000,44.122000,21.847000,33.71
1794338011,-0.749000,-0.372000,-0.305000,-35.176000,44.290000,22.534000,33.75
1794346091,-0.716000,-0.411000,-0.333000,-34.031000,44.702000,21.740000,33.71
1794357797,-0.720000,-0.387000,-0.306000,-31.420000,46.122000,20.687000,33.57
1794367503,-0.763000,-0.349000,-0.318000,-28.748000,46.901000,21.191000,33.71
1794374407,-0.738000,-0.357000,-0.353000,-25.344000,49.084000,19.695000,33.75
1794387061,-0.745000,-0.366000,-0.351000,-23.435000,51.725000,19.557000,33.71
1794396898,-0.756000,-0.356000,-0.363000,-22.000000,51.740000,18.824000,33.66
1794403350,-0.783000,-0.315000,-0.352000,-21.908000,54.641000,16.229000,33.71
1794416977,-0.811000,-0.267000,-0.387000,-25.679000,52.992000,13.603000,33.66
1794424840,-0.811000,-0.309000,-0.386000,-31.298000,53.374000,12.733000,33.80
1794436321,-0.801000,-0.352000,-0.378000,-30.382000,52.626000,13.893000,33.57
1794446541,-0.725000,-0.395000,-0.375000,-25.603000,56.427000,14.748000,33.57
1794458306,-0.697000,-0.383000,-0.351000,-17.496000,60.656000,14.840000,33.71
1794465634,-0.726000,-0.327000,-0.413000,-12.962000,63.817000,16.397000,33.61
1794479273,-0.726000,-0.278000,-0.405000,-12.824000,64.977000,15.985000,33.61
1794487482,-0.737000,-0.264000,-0.408000,-11.588000,65.221000,13.328000,33.66
1794497302,-0.739000,-0.270000,-0.467000,-15.450000,64.855000,12.840000,33.80
1794503346,-0.752000,-0.287000,-0.432000,-16.046000,66.000000,11.725000,33.75
1794514199,-0.771000,-0.268000,-0.462000,-17.389000,66.794000,10.534000,33.80
1794531811,-0.761000,-0.292000,-0.466000,-19.511000,65.053000,10.534000,33.75
1794541280,-0.726000,-0.326000,-0.473000,-17.786000,65.710000,9.817000,33.80
1794546501,-0.731000,-0.317000,-0.494000,-16.229000,65.588000,11.115000,33.75
1794560395,-0.724000,-0.303000,-0.493000,-15.450000,65.817000,11.695000,33.71
1794567844,-0.720000,-0.296000,-0.493000,-15.542000,66.519000,10.977000,33.75
1794576560,-0.727000,-0.249000,-0.530000,-18.794000,64.580000,11.588000,33.80
1794585076,-0.728000,-0.240000,-0.527000,-22.244000,64.214000,10.641000,33.75
1794594968,-0.720000,-0.259000,-0.529000,-26.000000,62.290000,11.481000,33.80
1794606667,-0.690000,-0.283000,-0.522000,-24.718000,59.908000,12.580000,33.66
1794612963,-0.695000,-0.250000,-0.544000,-24.412000,58.260000,12.947000,33.71
1794627040,-0.684000,-0.265000,-0.562000,-24.031000,55.588000,14.031000,33.66
1794637222,-0.689000,-0.247000,-0.579000,-24.809000,54.565000,14.534000,33.80
1794644107,-0.660000,-0.230000,-0.550000,-24.962000,51.557000,13.557000,33.61
1794656534,-0.680000,-0.230000,-0.573000,-26.214000,52.137000,13.527000,33.75
1794667964,-0.711000,-0.221000,-0.596000,-28.824000,50.977000,15.908000,33.71
1794676174,-0.702000,-0.216000,-0.593000,-31.237000,49.450000,16.718000,33.66
1794688271,-0.677000,-0.249000,-0.558000,-32.977000,46.427000,17.496000,33.71
1794701801,-0.650000,-0.236000,-0.588000,-34.031000,44.550000,17.542000,33.61
1794704953,-0.667000,-0.229000,-0.627000,-33.756000,44.137000,18.275000,33.71
1794716868,-0.685000,-0.219000,-0.627000,-34.046000,42.397000,18.840000,33.75
1794723657,-0.705000,-0.180000,-0.586000,-38.779000,38.092000,20.550000,33.71
1794736509,-0.646000,-0.232000,-0.651000,-36.534000,36.840000,19.145000,33.75
1794746263,-0.661000,-0.189000,-0.652000,-39.176000,37.313000,23.542000,33.71
1794757587,-0.666000,-0.154000,-0.682000,-40.718000,38.000000,28.229000,33.75
1794770131,-0.580000,-0.183000,-0.639000,-37.969000,34.672000,24.168000,33.80
1794775708,-0.660000,-0.099000,-0.698000,-42.611000,36.427000,27.008000,33.75
1794787040,-0.627000,-0.106000,-0.653000,-45.191000,34.656000,25.939000,33.71
1794798024,-0.654000,-0.102000,-0.707000,-44.733000,33.130000,25.435000,33.85
1794806096,-0.630000,-0.104000,-0.683000,-43.481000,33.221000,23.450000,33.71
1794815598,-0.625000,-0.137000,-0.735000,-41.176000,32.870000,23.893000,33.75
1794822141,-0.615000,-0.138000,-0.716000,-40.992000,31.481000,25.802000,33.80
1794838641,-0.619000,-0.133000,-0.739000,-40.870000,31.954000,27.160000,33.61
1794848056,-0.607000,-0.123000,-0.707000,-41.374000,33.267000,28.351000,33.71
1794854967,-0.590000,-0.130000,-0.708000,-40.137000,33.695000,28.672000,33.61
1794866530,-0.598000,-0.085000,-0.727000,-40.366000,34.702000,27.359000,33.66
1794876811,-0.565000,-0.091000,-0.708000,-38.366000,35.740000,24.458000,33.71
1794887319,-0.572000,-0.085000,-0.763000,-34.779000,39.160000,21.725000,33.75
1794896766,-0.576000,-0.124000,-0.743000,-32.916000,39.847000,21.756000,33.80
1794907771,-0.538000,-0.133000,-0.734000,-30.412000,42.015000,20.260000,33.75
1794914115,-0.572000,-0.081000,-0.798000,-28.031000,42.962000,19.954000,33.61
1794926996,-0.580000,-0.100000,-0.709000,-26.061000,43.176000,15.664000,33.75
1794939897,-0.597000,-0.053000,-0.754000,-32.382000,46.947000,15.603000,33.71
1794949169,-0.587000,-0.020000,-0.812000,-34.626000,45.466000,12.244000,33.66
1794956858,-0.572000,-0.064000,-0.788000,-35.435000,46.992000,9.969000,33.71
1794970090,-0.568000,-0.047000,-0.797000,-35.466000,46.595000,9.893000,33.75
1794978260,-0.518000,-0.106000,-0.815000,-30.992000,48.473000,11.328000,33.61
1794985456,-0.526000,-0.080000,-0.799000,-27.618000,49.313000,13.359000,33.66
1794997431,-0.514000,-0.060000,-0.799000,-26.534000,48.870000,15.511000,33.71
1795006734,-0.526000,-0.017000,-0.798000,-25.328000,49.176000,16.519000,33.66
1795013771,-0.510000,0.005000,-0.801000,-26.748000,49.573000,16.687000,33.71
1795025276,-0.506000,0.010000,-0.799000,-27.191000,49.786000,16.427000,33.75
1795037428,-0.494000,0.024000,-0.783000,-26.290000,50.214000,15.527000,33.71
1795046273,-0.508000,0.044000,-0.807000,-25.832000,49.679000,15.344000,33.80
1795056995,-0.477000,0.024000,-0.818000,-24.443000,48.046000,14.779000,33.66
1795065304,-0.489000,0.030000,-0.849000,-23.496000,47.282000,15.252000,33.71
1795077545,-0.512000,0.027000,-0.844000,-23.740000,46.901000,16.412000,33.71
1795082839,-0.536000,0.050000,-0.849000,-24.748000,44.550000,18.580000,33.61
1795098085,-0.487000,0.057000,-0.836000,-25.786000,40.718000,20.031000,33.75
1795106662,-0.445000,0.059000,-0.858000,-25.115000,41.191000,20.031000,33.71
1795114879,-0.478000,0.080000,-0.855000,-25.008000,41.985000,20.595000,33.66
1795124638,-0.445000,0.068000,-0.863000,-25.664000,41.344000,19.725000,33.71
1795139381,-0.435000,0.065000,-0.868000,-24.382000,42.748000,18.015000,33.75
1795148352,-0.462000,0.082000,-0.893000,-25.817000,43.466000,17.573000,33.61
1795157248,-0.453000,0.061000,-0.882000,-26.489000,43.832000,16.519000,33.66
1795164601,-0.470000,0.079000,-0.906000,-28.046000,43.252000,16.565000,33.80
1795176006,-0.464000,0.059000,-0.902000,-29.939000,43.710000,16.305000,33.66
1795186813,-0.447000,0.077000,-0.878000,-28.901000,42.656000,15.771000,33.71
1795196657,-0.405000,0.086000,-0.894000,-28.870000,43.221000,14.702000,33.66
1795206213,-0.397000,0.083000,-0.893000,-28.916000,45.053000,14.611000,33.80
1795215210,-0.389000,0.098000,-0.915000,-28.229000,45.802000,13.832000,33.66
1795224242,-0.398000,0.125000,-0.870000,-29.496000,46.351000,12.672000,33.71
1795240339,-0.429000,0.191000,-0.870000,-32.794000,46.061000,11.557000,33.71
1795250418,-0.438000,0.181000,-0.896000,-37.435000,42.718000,11.130000,33.66
1795258479,-0.441000,0.148000,-0.910000,-39.115000,40.198000,11.557000,33.80
1795265735,-0.400000,0.137000,-0.891000,-38.626000,36.336000,11.985000,33.66
1795277413,-0.393000,0.162000,-0.887000,-37.115000,33.725000,13.527000,33.71
1795287578,-0.392000,0.186000,-0.879000,-37.832000,31.756000,14.427000,33.75
1795294535,-0.382000,0.198000,-0.886000,-40.656000,29.786000,16.382000,33.71
1795306174,-0.361000,0.152000,-0.892000,-42.198000,29.496000,17.954000,33.66
1795316801,-0.379000,0.138000,-0.885000,-41.908000,27.496000,20.504000,33.80
1795323603,-0.353000,0.142000,-0.932000,-41.954000,24.336000,21.191000,33.75
1795335811,-0.321000,0.094000,-0.877000,-38.153000,26.397000,23.939000,33.71
1795348326,-0.344000,0.133000,-0.893000,-35.160000,25.328000,25.542000,33.66
1795357382,-0.313000,0.130000,-0.915000,-35.420000,24.214000,26.534000,33.71
1795368116,-0.318000,0.111000,-0.923000,-33.359000,24.305000,26.748000,33.66
1795377302,-0.338000,0.130000,-0.915000,-34.443000,23.511000,28.107000,33.71
1795386571,-0.317000,0.108000,-0.905000,-33.069000,23.191000,27.634000,33.66
1795394339,-0.292000,0.120000,-0.906000,-32.015000,23.313000,27.053000,33.71
1795405190,-0.285000,0.137000,-0.925000,-31.893000,24.870000,25.634000,33.75
1795417731,-0.306000,0.142000,-0.913000,-31.679000,24.702000,24.183000,33.71
1795423078,-0.285000,0.169000,-0.898000,-32.015000,23.008000,23.618000,33.85
1795436069,-0.269000,0.180000,-0.916000,-30.794000,23.573000,23.496000,33.71
1795450124,-0.249000,0.161000,-0.896000,-29.603000,24.275000,23.405000,33.71
1795458532,-0.202000,0.148000,-0.905000,-26.000000,27.725000,22.260000,33.71
1795468275,-0.242000,0.193000,-0.911000,-22.809000,28.519000,21.710000,33.61
1795477815,-0.214000,0.215000,-0.915000,-21.634000,29.130000,20.366000,33.85
1795486676,-0.205000,0.235000,-0.916000,-19.985000,31.191000,17.527000,33.61
1795496731,-0.228000,0.265000,-0.931000,-20.046000,32.840000,14.397000,33.75
1795507076,-0.265000,0.290000,-0.934000,-23.725000,31.969000,12.107000,33.71
1795516599,-0.266000,0.288000,-0.952000,-28.305000,29.863000,10.244000,33.66
1795522917,-0.257000,0.246000,-0.949000,-29.237000,28.076000,8.840000,33.71
1795534876,-0.208000,0.241000,-0.929000,-26.565000,27.649000,7.939000,33.75
1795549419,-0.180000,0.281000,-0.962000,-24.321000,28.702000,8.443000,33.71
1795556830,-0.143000,0.249000,-0.966000,-19.634000,31.511000,6.962000,33.75
1795567258,-0.194000,0.295000,-0.987000,-19.542000,33.191000,9.191000,33.71
1795577411,-0.187000,0.296000,-0.960000,-19.191000,35.450000,8.947000,33.66
1795585375,-0.211000,0.329000,-0.963000,-20.840000,34.473000,9.084000,33.71
1795598027,-0.210000,0.312000,-0.957000,-23.160000,36.046000,7.450000,33.75
1795605953,-0.263000,0.311000,-0.942000,-24.137000,35.389000,6.443000,33.80
1795616626,-0.246000,0.326000,-0.912000,-26.397000,33.679000,3.954000,33.66
1795623120,-0.231000,0.324000,-0.920000,-27.634000,33.328000,1.939000,33.61
1795635936,-0.217000,0.307000,-0.900000,-26.122000,32.244000,1.313000,33.66
1795648371,-0.168000,0.304000,-0.891000,-23.038000,31.603000,2.489000,33.75
1795654883,-0.141000,0.303000,-0.906000,-19.206000,32.824000,4.366000,33.71
1795668742,-0.155000,0.311000,-0.900000,-16.305000,34.229000,6.534000,33.66
1795679160,-0.190000,0.325000,-0.891000,-13.771000,34.214000,8.366000,33.71
1795687319,-0.193000,0.347000,-0.891000,-14.046000,32.641000,9.130000,33.71
1795695049,-0.169000,0.352000,-0.896000,-14.504000,32.290000,7.817000,33.61
1795706453,-0.183000,0.365000,-0.900000,-15.115000,28.977000,7.420000,33.75
1795717164,-0.160000,0.362000,-0.936000,-15.542000,28.122000,6.870000,33.71
1795723484,-0.099000,0.304000,-0.926000,-13.359000,28.031000,5.679000,33.57
1795735786,-0.148000,0.342000,-0.920000,-12.137000,27.450000,6.947000,33.71
1795743388,-0.129000,0.359000,-0.916000,-13.817000,25.634000,7.939000,33.66
1795757517,-0.101000,0.350000,-0.927000,-14.183000,25.863000,8.412000,33.71
1795766888,-0.109000,0.325000,-0.936000,-12.885000,27.389000,8.718000,33.75
1795777301,-0.099000,0.322000,-0.945000,-11.298000,26.382000,9.603000,33.71
1795786370,-0.085000,0.332000,-0.959000,-8.580000,26.504000,9.527000,33.66
1795797647,-0.074000,0.323000,-0.963000,-6.351000,27.588000,9.359000,33.61
1795806792,-0.112000,0.354000,-0.941000,-5.863000,26.534000,8.947000,33.75
1795816467,-0.096000,0.377000,-0.938000,-6.763000,25.221000,8.122000,33.71
1795824025,-0.062000,0.375000,-0.964000,-8.107000,26.305000,6.779000,33.66
1795836338,-0.083000,0.346000,-0.957000,-8.397000,28.031000,6.763000,33.61
1795850483,-0.075000,0.338000,-0.955000,-7.252000,26.534000,7.053000,33.75
1795859295,-0.023000,0.334000,-0.965000,-5.237000,28.443000,6.809000,33.80
1795864765,-0.030000,0.362000,-0.945000,-2.901000,30.305000,5.954000,33.75
1795878199,-0.010000,0.403000,-0.954000,-2.779000,31.389000,4.473000,33.75
1795887176,0.004000,0.375000,-0.979000,-2.931000,34.443000,2.305000,33.71
1795897054,-0.057000,0.356000,-1.006000,-0.183000,35.878000,1.023000,33.75
1795906479,-0.089000,0.363000,-0.989000,-0.489000,34.824000,0.656000,33.71
1795916480,-0.062000,0.373000,-0.959000,-1.023000,34.962000,-0.824000,33.61
1795925364,-0.030000,0.364000,-0.996000,-2.580000,36.076000,-2.122000,33.71
1795932144,-0.033000,0.330000,-0.982000,-3.252000,38.321000,-3.893000,33.75
1795949752,-0.040000,0.351000,-0.966000,-2.824000,38.534000,-7.389000,33.71
1795958150,-0.013000,0.353000,-0.963000,-4.015000,40.137000,-11.725000,33.75
1795964601,-0.037000,0.337000,-0.969000,-3.588000,42.015000,-16.092000,33.71
1795976706,-0.050000,0.367000,-0.999000,-6.031000,40.382000,-20.809000,33.66
1795983014,-0.090000,0.325000,-0.952000,-5.053000,42.550000,-21.832000,33.80
1795997120,-0.114000,0.328000,-0.961000,-7.557000,37.160000,-20.275000,33.66
1796009212,-0.062000,0.305000,-0.907000,-7.466000,31.939000,-16.977000,33.71
1796017356,0.031000,0.304000,-0.918000,-6.916000,29.588000,-12.214000,33.66
1796025136,0.041000,0.261000,-0.929000,-1.298000,31.237000,-6.870000,33.71
1796032250,0.047000,0.312000,-0.913000,3.969000,31.557000,-1.466000,33.66
1796048753,0.081000,0.364000,-0.926000,5.863000,33.298000,0.977000,33.61
1796055331,0.046000,0.402000,-0.960000,2.519000,34.992000,0.198000,33.75
1796065019,0.027000,0.374000,-0.947000,2.534000,35.466000,1.176000,33.71
1796078881,0.005000,0.423000,-0.948000,0.931000,33.237000,0.046000,33.75
1796087270,0.014000,0.396000,-0.990000,-2.870000,30.275000,-0.214000,33.71
1796097740,0.042000,0.362000,-0.989000,-4.382000,27.206000,1.221000,33.75
1796105405,0.020000,0.350000,-1.006000,-1.603000,25.237000,4.153000,33.71
1796117558,0.042000,0.367000,-1.015000,-2.656000,22.183000,8.626000,33.71
1796122563,0.048000,0.396000,-1.025000,-5.252000,19.710000,12.351000,33.75
1796136381,0.051000,0.408000,-1.027000,-8.458000,17.954000,14.336000,33.71
1796149081,0.094000,0.424000,-1.029000,-10.366000,16.275000,12.931000,33.80
1796159010,0.109000,0.415000,-1.025000,-12.611000,17.985000,12.443000,33.80
1796165863,0.107000,0.404000,-1.006000,-12.870000,19.786000,10.336000,33.66
1796177654,0.112000,0.401000,-1.019000,-12.809000,19.908000,9.176000,33.71
1796184988,0.128000,0.396000,-1.048000,-14.443000,21.374000,8.595000,33.66
1796196928,0.098000,0.375000,-1.024000,-14.015000,22.397000,8.672000,33.71
1796207165,0.124000,0.367000,-1.036000,-13.038000,22.885000,8.580000,33.66
1796216634,0.112000,0.372000,-1.037000,-12.565000,26.336000,7.786000,33.71
1796223461,0.100000,0.386000,-1.015000,-12.824000,28.076000,6.809000,33.75
1796235176,0.116000,0.393000,-1.041000,-15.084000,29.282000,6.351000,33.71
1796246210,0.124000,0.369000,-1.025000,-15.130000,32.290000,4.992000,33.75
1796257539,0.155000,0.384000,-1.041000,-15.023000,33.450000,4.641000,33.71
1796266793,0.185000,0.349000,-1.072000,-14.641000,37.466000,4.412000,33.75
1796274753,0.168000,0.338000,-1.055000,-11.786000,40.840000,4.962000,33.71
1796286606,0.150000,0.383000,-1.083000,-12.580000,43.267000,5.786000,33.75
1796296912,0.124000,0.383000,-1.071000,-15.420000,45.786000,4.672000,33.80
1796305993,0.114000,0.404000,-1.068000,-18.489000,44.809000,3.405000,33.75
1796315811,0.080000,0.483000,-1.107000,-26.489000,46.977000,4.687000,33.80
1796326451,0.162000,0.353000,-1.019000,-25.802000,43.008000,0.183000,33.75
1796336336,0.188000,0.378000,-1.073000,-26.336000,42.626000,1.573000,33.80
1796343407,0.194000,0.427000,-1.090000,-29.084000,46.656000,5.145000,33.75
1796359878,0.228000,0.351000,-1.018000,-24.244000,46.458000,4.947000,33.71
1796368722,0.233000,0.412000,-1.025000,-24.168000,48.443000,7.130000,33.66
1796375790,0.173000,0.439000,-1.037000,-27.924000,49.618000,8.366000,33.71
1796387537,0.155000,0.442000,-1.034000,-32.168000,47.847000,8.702000,33.61
1796397298,0.166000,0.485000,-1.062000,-40.061000,47.282000,12.031000,33.66
1796407165,0.211000,0.359000,-0.986000,-37.069000,45.496000,10.321000,33.80
1796417508,0.206000,0.415000,-0.996000,-35.863000,44.702000,11.450000,33.75
1796427506,0.239000,0.417000,-0.997000,-37.435000,47.053000,12.885000,33.71
1796432916,0.208000,0.422000,-0.982000,-38.229000,48.229000,13.573000,33.85
1796443887,0.189000,0.443000,-0.979000,-41.893000,48.656000,14.992000,33.71
1796456227,0.164000,0.433000,-0.966000,-46.000000,46.931000,16.351000,33.71
1796470937,0.202000,0.408000,-0.932000,-48.275000,44.809000,17.237000,33.61
1796476500,0.198000,0.400000,-0.953000,-48.840000,45.359000,17.282000,33.66
1796485247,0.155000,0.423000,-0.922000,-48.947000,43.740000,19.328000,33.80
1796496794,0.150000,0.464000,-0.900000,-52.611000,38.244000,24.092000,33.75
1796506639,0.229000,0.467000,-0.867000,-57.130000,34.779000,28.214000,33.71
1796516389,0.208000,0.492000,-0.856000,-58.183000,34.748000,31.908000,33.66
1796528474,0.238000,0.493000,-0.810000,-58.382000,28.214000,35.878000,33.71
1796532976,0.323000,0.487000,-0.855000,-58.366000,31.435000,36.687000,33.66
1796544540,0.293000,0.526000,-0.823000,-54.061000,34.840000,35.527000,33.71
1796556683,0.276000,0.597000,-0.843000,-54.824000,31.664000,36.473000,33.75
1796568769,0.316000,0.585000,-0.820000,-57.710000,30.382000,36.519000,33.61
1796576667,0.295000,0.600000,-0.850000,-58.855000,28.153000,36.412000,33.75
1796591708,0.309000,0.608000,-0.839000,-59.328000,24.489000,37.328000,33.71
1796601984,0.339000,0.587000,-0.899000,-61.756000,23.008000,39.313000,33.75
1796608084,0.314000,0.605000,-0.822000,-62.672000,22.916000,41.542000,33.61
1796614585,0.368000,0.628000,-0.860000,-63.252000,17.374000,43.374000,33.75
1796626478,0.462000,0.620000,-0.885000,-65.176000,19.115000,43.313000,33.66
1796634452,0.477000,0.583000,-0.849000,-61.679000,24.748000,41.771000,33.71
1796644699,0.472000,0.597000,-0.865000,-55.924000,30.458000,39.084000,33.66
1796658127,0.433000,0.629000,-0.862000,-56.565000,33.847000,37.145000,33.71
1796666855,0.376000,0.658000,-0.831000,-58.977000,36.366000,35.588000,33.66
1796675942,0.367000,0.687000,-0.848000,-65.847000,32.015000,34.809000,33.71
1796686843,0.424000,0.642000,-0.859000,-71.176000,33.664000,33.481000,33.71
1796696828,0.503000,0.573000,-0.802000,-69.053000,35.954000,31.527000,33.80
1796706824,0.562000,0.539000,-0.834000,-61.695000,42.275000,31.267000,33.66
1796715730,0.577000,0.573000,-0.794000,-52.947000,50.779000,32.824000,33.80
1796726722,0.534000,0.631000,-0.793000,-50.489000,57.420000,33.756000,33.75
1796734969,0.510000,0.670000,-0.794000,-52.076000,62.366000,34.000000,33.71
1796744804,0.557000,0.672000,-0.775000,-53.771000,67.557000,32.137000,33.66
1796751870,0.567000,0.647000,-0.792000,-51.527000,73.496000,26.870000,33.71
1796768051,0.513000,0.629000,-0.785000,-49.420000,78.076000,22.840000,33.66
1796776426,0.508000,0.582000,-0.769000,-48.687000,76.962000,23.450000,33.71
1796787193,0.550000,0.582000,-0.755000,-45.802000,79.847000,22.351000,33.66
1796796497,0.506000,0.605000,-0.786000,-46.641000,83.374000,23.206000,33.71
1796805611,0.551000,0.566000,-0.720000,-46.092000,84.595000,22.397000,33.75
1796817176,0.543000,0.604000,-0.741000,-45.847000,91.695000,22.214000,33.71
1796828397,0.548000,0.594000,-0.737000,-48.000000,95.221000,23.206000,33.75
1796837282,0.567000,0.573000,-0.661000,-45.389000,98.794000,21.298000,33.71
1796845194,0.587000,0.617000,-0.665000,-42.489000,102.870000,20.260000,33.66
1796851911,0.586000,0.615000,-0.673000,-42.290000,102.611000,21.206000,33.66
1796871318,0.639000,0.595000,-0.661000,-40.244000,104.229000,22.504000,33.71
1796880284,0.574000,0.635000,-0.643000,-39.649000,106.550000,23.878000,33.75
1796886459,0.562000,0.636000,-0.609000,-43.573000,103.969000,28.198000,33.71
1796899341,0.580000,0.632000,-0.587000,-45.939000,105.405000,29.481000,33.66
1796907528,0.523000,0.652000,-0.572000,-48.489000,104.656000,30.794000,33.71
1796918093,0.558000,0.632000,-0.519000,-51.420000,101.618000,30.611000,33.71
1796927142,0.586000,0.623000,-0.524000,-51.374000,100.641000,29.496000,33.80
1796937949,0.601000,0.631000,-0.454000,-50.748000,97.710000,28.931000,33.75
1796944954,0.625000,0.645000,-0.447000,-51.496000,94.504000,30.366000,33.71
1796950500,0.639000,0.641000,-0.441000,-53.405000,90.489000,32.870000,33.75
1796965080,0.598000,0.636000,-0.389000,-55.527000,86.275000,35.374000,33.80
1796976481,0.594000,0.640000,-0.368000,-57.954000,79.069000,38.092000,33.75
1796985783,0.597000,0.631000,-0.358000,-61.069000,73.985000,39.649000,33.71
1796999771,0.590000,0.599000,-0.316000,-62.473000,67.893000,40.122000,33.66
1797009468,0.610000,0.590000,-0.282000,-61.939000,63.313000,39.267000,33.61
1797016901,0.586000,0.621000,-0.272000,-63.115000,54.198000,41.191000,33.75
1797026354,0.632000,0.591000,-0.247000,-63.527000,43.389000,44.153000,33.71
1797033923,0.704000,0.580000,-0.218000,-61.740000,35.954000,46.687000,33.75
1797045959,0.752000,0.601000,-0.196000,-58.550000,31.771000,49.817000,33.71
1797052338,0.775000,0.631000,-0.177000,-59.084000,27.359000,51.802000,33.75
1797065455,0.866000,0.608000,-0.123000,-56.504000,26.931000,49.511000,33.71
1797077982,0.837000,0.667000,-0.112000,-54.885000,23.389000,49.008000,33.75
1797083708,0.828000,0.667000,-0.117000,-55.237000,14.489000,48.412000,33.66
1797099993,0.819000,0.629000,-0.137000,-55.069000,5.282000,49.893000,33.71
1797111019,0.787000,0.627000,-0.181000,-53.115000,-3.664000,50.656000,33.75
1797116813,0.776000,0.584000,-0.158000,-52.031000,-15.008000,52.061000,33.71
1797128638,0.868000,0.583000,-0.149000,-51.863000,-22.229000,52.702000,33.66
1797136374,0.911000,0.555000,-0.146000,-43.511000,-25.008000,49.221000,33.61
1797145656,0.881000,0.615000,-0.172000,-43.191000,-34.153000,49.008000,33.71
1797152187,0.936000,0.565000,-0.168000,-44.397000,-39.878000,46.794000,33.71
1797164027,0.964000,0.593000,-0.146000,-41.130000,-46.412000,43.023000,33.75
1797177398,0.997000,0.594000,-0.173000,-38.870000,-51.160000,39.649000,33.71
1797185942,0.998000,0.566000,-0.172000,-36.504000,-54.382000,37.298000,33.75
1797196111,1.086000,0.520000,-0.153000,-32.366000,-54.565000,31.634000,33.71
1797204919,1.085000,0.495000,-0.166000,-21.634000,-48.870000,23.023000,33.75
1797214874,1.034000,0.501000,-0.199000,-14.473000,-46.107000,15.832000,33.71
1797226075,0.969000,0.531000,-0.246000,-12.733000,-46.382000,12.947000,33.66
1797236643,0.951000,0.510000,-0.242000,-11.359000,-47.542000,9.740000,33.61
1797245236,0.950000,0.522000,-0.254000,-10.412000,-50.260000,7.252000,33.75
1797251822,0.986000,0.513000,-0.279000,-9.756000,-49.969000,4.122000,33.71
1797264087,0.998000,0.489000,-0.270000,-5.863000,-46.687000,0.351000,33.66
1797276531,1.034000,0.468000,-0.273000,-0.626000,-42.458000,-3.496000,33.71
1797286729,1.085000,0.450000,-0.258000,7.802000,-33.191000,-10.000000,33.75
1797297045,1.040000,0.470000,-0.279000,17.008000,-23.908000,-15.908000,33.71
1797306207,0.990000,0.525000,-0.281000,22.748000,-18.412000,-21.038000,33.66
1797315237,0.968000,0.539000,-0.293000,24.489000,-16.214000,-23.847000,33.71
1797327002,0.960000,0.510000,-0.305000,27.573000,-13.802000,-26.290000,33.66
1797337332,0.945000,0.490000,-0.334000,31.130000,-9.924000,-29.160000,33.71
1797345487,0.920000,0.488000,-0.335000,36.763000,-6.443000,-31.450000,33.71
1797351902,0.925000,0.479000,-0.335000,42.580000,-3.740000,-33.176000,33.75
1797364277,0.904000,0.512000,-0.367000,47.527000,-0.061000,-34.779000,33.71
1797376727,0.881000,0.542000,-0.363000,49.985000,1.466000,-36.458000,33.71
1797386236,0.846000,0.608000,-0.359000,49.985000,1.679000,-36.931000,33.71
1797397171,0.850000,0.605000,-0.358000,46.580000,0.061000,-37.649000,33.66
1797410553,0.854000,0.598000,-0.364000,45.740000,-1.328000,-38.137000,33.71
1797415237,0.891000,0.562000,-0.377000,46.519000,-1.282000,-39.603000,33.66
1797427080,0.903000,0.539000,-0.364000,52.076000,1.740000,-41.176000,33.61
1797435638,0.889000,0.560000,-0.365000,56.977000,4.947000,-42.473000,33.66
1797446558,0.850000,0.588000,-0.383000,60.000000,5.679000,-42.824000,33.61
1797452823,0.810000,0.625000,-0.401000,58.336000,2.824000,-41.115000,33.75
1797465008,0.788000,0.634000,-0.394000,53.511000,-1.435000,-39.191000,33.80
1797479494,0.791000,0.615000,-0.404000,52.321000,-4.473000,-38.962000,33.66
1797487480,0.795000,0.594000,-0.411000,52.534000,-7.206000,-39.420000,33.71
1797498081,0.800000,0.588000,-0.420000,52.153000,-9.878000,-39.099000,33.75
1797507382,0.793000,0.572000,-0.412000,54.794000,-11.786000,-39.221000,33.71
1797516885,0.790000,0.582000,-0.439000,55.939000,-14.061000,-37.695000,33.75
1797523727,0.768000,0.587000,-0.437000,56.351000,-17.160000,-36.183000,33.61
1797535461,0.774000,0.593000,-0.431000,55.496000,-20.443000,-35.435000,33.66
1797546156,0.777000,0.597000,-0.427000,55.328000,-21.756000,-36.687000,33.71
1797552663,0.753000,0.592000,-0.444000,55.649000,-24.718000,-37.969000,33.57
1797565428,0.738000,0.595000,-0.458000,54.947000,-29.389000,-37.313000,33.71
1797577514,0.726000,0.554000,-0.481000,54.931000,-34.702000,-37.069000,33.66
1797587323,0.745000,0.528000,-0.485000,57.573000,-38.580000,-36.305000,33.71
1797597782,0.754000,0.541000,-0.484000,59.893000,-39.740000,-36.565000,33.75
1797608259,0.718000,0.552000,-0.502000,62.580000,-41.282000,-36.809000,33.71
1797615978,0.691000,0.582000,-0.522000,61.466000,-44.565000,-37.069000,33.71
1797627599,0.672000,0.573000,-0.535000,58.947000,-48.183000,-36.870000,33.66
1797639191,0.639000,0.591000,-0.551000,54.183000,-53.695000,-35.252000,33.71
1797646810,0.667000,0.557000,-0.528000,54.061000,-57.786000,-37.328000,33.66
1797652134,0.652000,0.551000,-0.563000,54.290000,-60.931000,-38.443000,33.71
1797665843,0.633000,0.547000,-0.570000,56.000000,-63.053000,-39.893000,33.66
1797679729,0.622000,0.556000,-0.553000,57.206000,-66.489000,-41.084000,33.71
1797688886,0.605000,0.562000,-0.603000,57.160000,-70.473000,-41.924000,33.71
1797695634,0.605000,0.549000,-0.611000,56.183000,-73.160000,-42.885000,33.71
1797711550,0.555000,0.534000,-0.557000,57.405000,-76.000000,-44.656000,33.66
1797717035,0.528000,0.559000,-0.600000,55.176000,-81.359000,-43.832000,33.71
1797727901,0.552000,0.551000,-0.636000,54.214000,-84.137000,-45.878000,33.66
1797736708,0.499000,0.536000,-0.635000,55.481000,-87.038000,-46.931000,33.71
1797746532,0.502000,0.527000,-0.672000,55.527000,-91.863000,-45.878000,33.66
1797751368,0.512000,0.505000,-0.688000,55.802000,-92.656000,-45.710000,33.71
1797763918,0.458000,0.523000,-0.674000,56.885000,-93.176000,-45.252000,33.57
1797779367,0.423000,0.547000,-0.683000,55.405000,-97.588000,-42.824000,33.71
1797789183,0.439000,0.536000,-0.668000,53.115000,-101.542000,-42.229000,33.75
1797795828,0.426000,0.530000,-0.696000,55.313000,-103.176000,-44.397000,33.71
1797807300,0.415000,0.514000,-0.708000,55.740000,-105.725000,-43.115000,33.75
1797816661,0.437000,0.489000,-0.757000,56.489000,-108.809000,-41.695000,33.71
1797828006,0.443000,0.451000,-0.769000,59.603000,-104.885000,-40.962000,33.75
1797836954,0.386000,0.519000,-0.747000,64.809000,-105.740000,-40.076000,33.61
1797845395,0.346000,0.510000,-0.812000,62.565000,-110.794000,-37.374000,33.66
1797855837,0.352000,0.485000,-0.764000,61.542000,-111.664000,-37.099000,33.66
1797862668,0.325000,0.495000,-0.768000,64.198000,-113.542000,-37.725000,33.61
1797881135,0.305000,0.500000,-0.800000,63.939000,-114.519000,-37.450000,33.66
1797888803,0.280000,0.485000,-0.821000,65.328000,-117.267000,-36.718000,33.71
1797894899,0.263000,0.438000,-0.895000,62.763000,-118.870000,-33.786000,33.75
1797907865,0.264000,0.370000,-0.905000,65.557000,-116.779000,-34.656000,33.80
1797916786,0.188000,0.362000,-0.894000,67.405000,-112.962000,-34.840000,33.61
1797924272,0.196000,0.363000,-0.875000,69.435000,-115.221000,-36.962000,33.61
1797936675,0.159000,0.377000,-0.902000,70.183000,-115.557000,-38.702000,33.75
1797945962,0.105000,0.393000,-0.944000,69.191000,-118.366000,-39.725000,33.71
1797954622,0.056000,0.438000,-0.912000,63.435000,-118.870000,-41.160000,33.66
1797966485,0.029000,0.395000,-0.934000,61.939000,-125.832000,-41.863000,33.71
1797980008,0.058000,0.333000,-0.966000,56.427000,-131.176000,-40.763000,33.66
1797989627,0.106000,0.222000,-0.982000,60.153000,-125.374000,-44.122000,33.71
1797995852,0.012000,0.236000,-0.927000,63.985000,-119.542000,-46.198000,33.66
1798008825,0.022000,0.251000,-0.931000,66.977000,-119.771000,-46.840000,33.80
1798017837,-0.001000,0.285000,-0.955000,67.954000,-114.321000,-50.290000,33.75
1798023769,-0.098000,0.315000,-0.944000,65.298000,-117.176000,-50.229000,33.71
1798036820,-0.106000,0.298000,-0.982000,59.069000,-123.008000,-48.947000,33.75
1798047358,-0.076000,0.251000,-0.970000,56.992000,-124.366000,-51.802000,33.61
1798053373,-0.095000,0.205000,-0.974000,59.496000,-120.718000,-54.153000,33.66
1798064780,-0.126000,0.157000,-1.002000,62.000000,-117.588000,-54.672000,33.71
1798079251,-0.161000,0.138000,-0.991000,66.305000,-112.824000,-57.221000,33.85
1798089187,-0.260000,0.165000,-1.018000,66.153000,-109.832000,-57.939000,33.71
1798095754,-0.282000,0.162000,-1.022000,62.824000,-109.695000,-58.290000,33.66
1798103285,-0.337000,0.162000,-1.032000,59.450000,-110.794000,-58.718000,33.61
1798114226,-0.307000,0.125000,-1.023000,55.603000,-112.992000,-58.229000,33.71
1798128663,-0.291000,0.104000,-0.989000,55.221000,-111.160000,-57.115000,33.75
1798137839,-0.272000,0.095000,-0.995000,59.924000,-107.359000,-57.298000,33.61
1798148301,-0.324000,0.104000,-1.077000,60.137000,-100.153000,-58.412000,33.80
1798156145,-0.376000,0.080000,-1.029000,59.634000,-96.122000,-59.954000,33.71
1798162856,-0.347000,0.037000,-0.992000,57.634000,-95.053000,-61.145000,33.66
1798179368,-0.317000,0.016000,-0.935000,59.450000,-92.214000,-63.695000,33.71
1798189684,-0.360000,0.058000,-0.932000,60.244000,-89.069000,-63.863000,33.66
1798195971,-0.384000,0.070000,-0.908000,58.290000,-89.649000,-61.985000,33.71
1798208176,-0.351000,0.027000,-0.924000,57.908000,-88.824000,-62.076000,33.66
1798215243,-0.354000,0.002000,-0.933000,60.901000,-84.641000,-64.901000,33.61
1798224898,-0.425000,0.041000,-0.923000,60.779000,-82.504000,-66.214000,33.75
1798236491,-0.469000,0.047000,-0.888000,59.221000,-86.901000,-65.557000,33.71
1798247737,-0.547000,0.078000,-0.915000,55.282000,-88.595000,-63.206000,33.66
1798254460,-0.472000,0.015000,-0.881000,53.710000,-89.802000,-63.130000,33.61
1798267638,-0.483000,-0.026000,-0.878000,57.084000,-85.282000,-63.695000,33.75
1798279946,-0.565000,0.009000,-0.887000,57.069000,-84.992000,-61.939000,33.71
1798286507,-0.561000,0.002000,-0.852000,54.733000,-87.573000,-61.053000,33.66
1798296772,-0.576000,-0.002000,-0.860000,53.038000,-88.718000,-59.924000,33.71
1798308558,-0.591000,-0.013000,-0.864000,49.771000,-93.939000,-58.443000,33.75
1798318977,-0.593000,-0.024000,-0.832000,46.321000,-97.756000,-57.344000,33.71
1798325945,-0.600000,-0.027000,-0.852000,43.588000,-100.656000,-56.092000,33.75
1798337650,-0.614000,-0.065000,-0.807000,41.313000,-102.962000,-56.214000,33.71
1798347709,-0.628000,-0.094000,-0.812000,40.244000,-102.489000,-56.168000,33.71
1798353606,-0.674000,-0.100000,-0.816000,37.573000,-102.183000,-54.229000,33.66
1798364108,-0.684000,-0.112000,-0.793000,33.496000,-103.832000,-49.695000,33.71
1798376759,-0.680000,-0.149000,-0.742000,30.198000,-106.641000,-47.344000,33.80
1798391174,-0.674000,-0.150000,-0.727000,30.061000,-108.748000,-45.176000,33.71
1798395780,-0.638000,-0.175000,-0.727000,30.031000,-110.198000,-46.092000,33.66
1798410702,-0.651000,-0.190000,-0.730000,32.046000,-110.870000,-45.649000,33.61
1798421682,-0.679000,-0.192000,-0.729000,31.053000,-111.084000,-46.015000,33.57
1798426445,-0.704000,-0.199000,-0.664000,29.863000,-111.603000,-44.366000,33.71
1798436516,-0.704000,-0.217000,-0.630000,30.031000,-111.160000,-42.198000,33.57
1798445059,-0.708000,-0.236000,-0.622000,31.817000,-109.954000,-40.733000,33.71
1798455431,-0.750000,-0.238000,-0.604000,32.931000,-107.252000,-38.107000,33.75
1798466584,-0.740000,-0.267000,-0.619000,34.672000,-106.962000,-38.748000,33.80
1798474343,-0.749000,-0.273000,-0.608000,36.290000,-103.985000,-39.649000,33.66
1798487423,-0.771000,-0.287000,-0.565000,38.748000,-102.809000,-39.450000,33.71
1798497061,-0.776000,-0.278000,-0.601000,37.542000,-103.237000,-38.885000,33.66
1798504522,-0.784000,-0.309000,-0.571000,37.969000,-101.832000,-37.038000,33.71
1798518344,-0.768000,-0.318000,-0.515000,39.359000,-100.947000,-35.786000,33.66
1798526797,-0.792000,-0.285000,-0.500000,39.481000,-100.137000,-34.855000,33.71
1798537769,-0.792000,-0.274000,-0.457000,38.718000,-101.481000,-35.603000,33.66
1798547019,-0.783000,-0.286000,-0.474000,38.458000,-100.046000,-36.382000,33.61
1798555070,-0.789000,-0.313000,-0.471000,40.076000,-96.855000,-37.313000,33.71
1798563631,-0.825000,-0.326000,-0.423000,41.664000,-94.626000,-36.687000,33.75
1798576128,-0.818000,-0.350000,-0.431000,43.374000,-93.679000,-35.832000,33.71
1798588857,-0.824000,-0.370000,-0.431000,45.695000,-89.481000,-35.496000,33.66
1798599021,-0.850000,-0.350000,-0.369000,48.611000,-87.878000,-34.534000,33.71
1798608389,-0.844000,-0.344000,-0.413000,48.046000,-87.557000,-33.740000,33.80
1798619075,-0.810000,-0.362000,-0.363000,45.985000,-86.611000,-33.130000,33.61
1798627278,-0.823000,-0.358000,-0.356000,49.298000,-83.084000,-32.916000,33.75
1798637726,-0.873000,-0.346000,-0.309000,48.122000,-83.817000,-32.519000,33.61
1798650229,-0.853000,-0.329000,-0.348000,44.489000,-83.939000,-32.244000,33.75
1798657768,-0.878000,-0.369000,-0.324000,42.580000,-88.519000,-41.008000,33.80
1798666855,-0.853000,-0.395000,-0.279000,43.863000,-89.008000,-45.817000,33.66
1798673512,-0.894000,-0.401000,-0.349000,43.771000,-84.183000,-42.687000,33.61
1798690260,-0.803000,-0.455000,-0.242000,45.573000,-73.802000,-34.107000,33.66
1798700200,-0.851000,-0.441000,-0.212000,50.565000,-69.496000,-29.282000,33.71
1798706344,-0.860000,-0.379000,-0.221000,50.550000,-64.733000,-21.328000,33.66
1798720691,-0.870000,-0.412000,-0.221000,45.908000,-66.076000,-19.832000,33.71
1798729938,-0.758000,-0.493000,-0.181000,47.237000,-70.336000,-20.794000,33.66
1798736864,-0.788000,-0.443000,-0.157000,48.870000,-63.481000,-26.183000,33.61
1798747467,-0.824000,-0.437000,-0.148000,49.405000,-64.244000,-26.000000,33.66
1798754978,-0.795000,-0.470000,-0.153000,50.595000,-60.519000,-25.573000,33.71
1798765120,-0.814000,-0.468000,-0.142000,52.336000,-54.718000,-24.000000,33.57
1798776637,-0.840000,-0.476000,-0.135000,55.221000,-51.252000,-20.336000,33.66
1798788456,-0.847000,-0.466000,-0.148000,55.969000,-46.855000,-17.267000,33.71
1798796604,-0.862000,-0.439000,-0.132000,54.580000,-45.206000,-15.115000,33.75
1798805192,-0.826000,-0.444000,-0.122000,53.176000,-44.855000,-12.901000,33.71
1798815639,-0.827000,-0.567000,-0.180000,48.580000,-45.924000,-11.115000,33.66
1798829005,-0.857000,-0.451000,-0.114000,41.573000,-45.176000,-15.695000,33.61
1798833929,-0.837000,-0.455000,-0.082000,38.305000,-43.878000,-12.626000,33.71
1798845925,-0.804000,-0.485000,-0.074000,37.740000,-41.847000,-11.985000,33.71
1798856414,-0.777000,-0.488000,-0.056000,39.863000,-36.565000,-12.626000,33.75
1798864379,-0.799000,-0.464000,-0.075000,38.931000,-32.702000,-14.672000,33.61
1798874605,-0.831000,-0.471000,-0.066000,37.160000,-34.260000,-9.435000,33.66
1798887993,-0.781000,-0.452000,-0.052000,35.206000,-33.038000,-9.023000,33.71
1798896827,-0.780000,-0.433000,-0.050000,30.336000,-30.962000,-8.840000,33.66
1798906549,-0.781000,-0.456000,-0.054000,26.137000,-31.420000,-8.183000,33.61
1798913308,-0.802000,-0.438000,-0.029000,21.084000,-29.908000,-6.870000,33.75
1798930259,-0.777000,-0.473000,-0.036000,19.145000,-28.992000,-6.229000,33.71
1798936095,-0.751000,-0.507000,-0.028000,21.511000,-25.420000,-7.053000,33.66
1798946836,-0.751000,-0.521000,-0.010000,27.695000,-19.924000,-6.336000,33.80
1798955875,-0.750000,-0.502000,-0.037000,29.618000,-16.809000,-7.786000,33.66
1798966912,-0.760000,-0.481000,-0.014000,30.565000,-15.206000,-5.786000,33.71
1798973186,-0.756000,-0.420000,-0.035000,23.130000,-18.244000,-6.076000,33.66
1798985401,-0.759000,-0.458000,0.004000,20.382000,-19.008000,-1.924000,33.61
1798998722,-0.749000,-0.432000,0.013000,13.939000,-18.702000,-5.145000,33.80
1799007340,-0.741000,-0.453000,0.032000,12.794000,-18.962000,-3.130000,33.75
1799017089,-0.735000,-0.438000,0.011000,8.061000,-15.802000,-4.153000,33.80
1799029908,-0.708000,-0.476000,0.046000,8.427000,-14.763000,-1.588000,33.66
1799036104,-0.704000,-0.488000,0.023000,8.718000,-9.679000,-2.977000,33.71
1799046608,-0.734000,-0.479000,0.010000,8.550000,-7.969000,-2.382000,33.66
1799056118,-0.716000,-0.474000,0.024000,7.969000,-6.595000,-3.511000,33.61
1799066813,-0.694000,-0.482000,0.022000,9.038000,-3.115000,-4.565000,33.75
1799073868,-0.703000,-0.482000,0.016000,9.710000,0.458000,-6.015000,33.71
1799086073,-0.716000,-0.479000,0.020000,9.786000,2.412000,-6.031000,33.66
1799099066,-0.710000,-0.472000,0.044000,9.740000,4.931000,-6.672000,33.71
1799107372,-0.710000,-0.474000,0.043000,10.076000,7.771000,-7.802000,33.66
1799114648,-0.720000,-0.466000,0.051000,9.710000,9.023000,-7.832000,33.71
1799125985,-0.719000,-0.447000,0.043000,7.893000,9.252000,-8.183000,33.66
1799135560,-0.731000,-0.433000,0.058000,4.702000,8.824000,-7.511000,33.61
1799146651,-0.735000,-0.443000,0.078000,2.198000,8.611000,-7.267000,33.75
1799157708,-0.726000,-0.456000,0.074000,0.702000,9.359000,-7.756000,33.71
1799166590,-0.731000,-0.460000,0.090000,-0.779000,9.389000,-7.786000,33.75
1799175384,-0.719000,-0.479000,0.074000,-1.237000,10.336000,-7.878000,33.71
1799182495,-0.728000,-0.466000,0.077000,-1.267000,11.252000,-7.695000,33.66
1799199119,-0.722000,-0.483000,0.090000,-0.885000,11.450000,-7.237000,33.71
1799209040,-0.734000,-0.480000,0.079000,-0.992000,11.038000,-6.794000,33.61
1799216310,-0.758000,-0.460000,0.061000,-2.260000,9.252000,-5.450000,33.71
1799228004,-0.749000,-0.450000,0.083000,-4.183000,6.290000,-4.718000,33.71
1799238145,-0.745000,-0.446000,0.073000,-5.603000,5.099000,-4.351000,33.66
1799245955,-0.747000,-0.455000,0.077000,-7.221000,3.573000,-3.557000,33.61
1799256728,-0.729000,-0.471000,0.085000,-8.565000,2.626000,-3.099000,33.66
1799269165,-0.719000,-0.484000,0.100000,-8.092000,3.344000,-2.931000,33.71
1799276263,-0.715000,-0.491000,0.082000,-7.756000,2.916000,-2.641000,33.66
1799283362,-0.728000,-0.475000,0.082000,-8.519000,2.122000,-2.305000,33.71
1799296799,-0.729000,-0.462000,0.066000,-9.282000,0.489000,-1.389000,33.75
1799305248,-0.739000,-0.466000,0.081000,-11.115000,-1.695000,-1.084000,33.61
1799316910,-0.736000,-0.464000,0.076000,-12.229000,-2.550000,-0.656000,33.66
1799330046,-0.739000,-0.467000,0.085000,-13.053000,-2.931000,-0.565000,33.61
1799340537,-0.735000,-0.459000,0.088000,-14.748000,-3.069000,-1.069000,33.66
1799345756,-0.719000,-0.473000,0.078000,-15.435000,-2.840000,-0.809000,33.61
1799354045,-0.717000,-0.499000,0.092000,-15.313000,-1.344000,-1.145000,33.75
1799368684,-0.714000,-0.509000,0.092000,-14.656000,0.107000,-1.435000,33.71
1799376307,-0.719000,-0.508000,0.087000,-13.176000,-0.107000,-0.458000,33.66
1799383289,-0.724000,-0.486000,0.084000,-13.130000,-0.947000,-0.382000,33.80
1799396355,-0.723000,-0.485000,0.082000,-13.618000,-1.481000,-0.687000,33.57
1799404706,-0.734000,-0.474000,0.088000,-14.733000,-1.756000,-1.405000,33.71
1799415679,-0.745000,-0.466000,0.099000,-15.939000,-3.817000,-1.145000,33.66
1799430529,-0.711000,-0.473000,0.101000,-15.740000,-2.840000,-1.405000,33.71
1799437931,-0.698000,-0.502000,0.098000,-14.076000,-0.137000,-0.809000,33.66
1799446646,-0.706000,-0.515000,0.109000,-12.489000,2.061000,-0.672000,33.61
1799454926,-0.736000,-0.503000,0.083000,-11.130000,2.336000,0.275000,33.71
1799465518,-0.747000,-0.469000,0.078000,-12.763000,-0.305000,1.023000,33.66
1799476067,-0.736000,-0.450000,0.074000,-15.893000,-2.687000,1.053000,33.71
1799483155,-0.738000,-0.418000,0.096000,-19.282000,-2.992000,0.321000,33.57
1799498252,-0.695000,-0.468000,0.132000,-17.924000,-1.282000,0.275000,33.71
1799510772,-0.631000,-0.537000,0.118000,-10.565000,6.779000,-1.267000,33.66
1799516044,-0.674000,-0.544000,0.060000,-3.802000,12.916000,-1.969000,33.71
1799526819,-0.740000,-0.489000,0.027000,-3.130000,10.061000,-0.565000,33.71
1799534743,-0.748000,-0.433000,0.041000,-6.489000,5.252000,1.466000,33.80
1799546515,-0.722000,-0.427000,0.065000,-9.023000,2.718000,2.748000,33.66
1799555578,-0.693000,-0.443000,0.075000,-12.748000,4.779000,1.237000,33.61
1799566160,-0.708000,-0.490000,0.080000,-13.237000,9.160000,0.855000,33.75
1799574211,-0.720000,-0.482000,0.112000,-12.366000,14.947000,0.565000,33.61
1799584047,-0.736000,-0.488000,0.062000,-12.794000,19.389000,0.916000,33.66
1799599242,-0.750000,-0.528000,0.076000,-12.779000,22.260000,1.573000,33.71
1799607491,-0.731000,-0.559000,0.063000,-9.450000,26.000000,1.618000,33.57
1799616664,-0.754000,-0.528000,0.054000,-7.023000,28.916000,1.282000,33.71
1799626953,-0.759000,-0.494000,0.036000,-8.137000,30.046000,0.702000,33.66
1799641108,-0.760000,-0.491000,0.039000,-8.580000,30.076000,1.985000,33.71
1799646728,-0.740000,-0.494000,0.051000,-7.359000,31.802000,1.695000,33.75
1799656958,-0.744000,-0.440000,0.021000,-9.557000,36.229000,-1.344000,33.71
1799666403,-0.745000,-0.491000,0.013000,-8.672000,35.313000,1.450000,33.75
1799675504,-0.719000,-0.490000,-0.018000,-8.107000,39.771000,0.656000,33.61
1799684652,-0.763000,-0.482000,-0.072000,-8.733000,41.084000,0.550000,33.75
1799700420,-0.786000,-0.458000,-0.082000,-8.809000,40.931000,2.214000,33.71
1799710088,-0.781000,-0.454000,-0.072000,-13.786000,42.061000,1.695000,33.71
1799718626,-0.791000,-0.448000,-0.051000,-15.557000,40.534000,3.466000,33.66
1799725327,-0.778000,-0.443000,-0.055000,-16.901000,41.298000,3.924000,33.71
1799740576,-0.747000,-0.466000,-0.089000,-17.359000,42.550000,5.588000,33.75
1799748834,-0.722000,-0.487000,-0.074000,-16.061000,41.603000,5.695000,33.80
1799755005,-0.755000,-0.477000,-0.071000,-12.855000,42.641000,5.802000,33.71
1799767588,-0.759000,-0.455000,-0.095000,-14.763000,41.130000,5.969000,33.61
1799777472,-0.766000,-0.448000,-0.116000,-17.954000,39.328000,5.557000,33.66
1799784954,-0.761000,-0.456000,-0.062000,-20.382000,40.412000,5.282000,33.71
1799796322,-0.763000,-0.471000,-0.091000,-22.198000,42.397000,5.695000,33.75
1799806389,-0.786000,-0.464000,-0.106000,-24.794000,41.985000,5.603000,33.71
1799818017,-0.783000,-0.479000,-0.102000,-25.893000,43.496000,8.229000,33.75
1799824475,-0.781000,-0.480000,-0.116000,-25.771000,43.908000,8.550000,33.71
1799840018,-0.793000,-0.479000,-0.123000,-26.641000,43.954000,9.542000,33.75
1799847312,-0.795000,-0.467000,-0.141000,-27.771000,42.183000,11.038000,33.71
1799855464,-0.795000,-0.440000,-0.154000,-31.954000,39.328000,11.130000,33.66
1799867166,-0.783000,-0.455000,-0.144000,-32.656000,38.626000,12.122000,33.61
1799879234,-0.771000,-0.448000,-0.165000,-32.992000,40.809000,13.511000,33.66
1799884539,-0.767000,-0.468000,-0.164000,-33.374000,42.534000,16.015000,33.71
1799895360,-0.753000,-0.495000,-0.180000,-31.374000,45.496000,17.023000,33.66
1799902130,-0.771000,-0.457000,-0.176000,-30.168000,44.733000,18.275000,33.61
1799916193,-0.784000,-0.427000,-0.191000,-31.542000,45.985000,18.855000,33.66
1799927506,-0.774000,-0.382000,-0.199000,-35.817000,44.046000,17.313000,33.71
1799937286,-0.770000,-0.414000,-0.213000,-38.382000,42.870000,16.901000,33.75
1799949261,-0.804000,-0.420000,-0.231000,-40.947000,42.794000,17.985000,33.61
1799956654,-0.805000,-0.425000,-0.267000,-43.282000,41.603000,18.687000,33.66
1799965864,-0.785000,-0.472000,-0.252000,-43.450000,41.893000,20.763000,33.71
1799977422,-0.802000,-0.460000,-0.235000,-41.084000,41.466000,22.565000,33.75
1799984448,-0.783000,-0.447000,-0.269000,-39.267000,42.382000,23.649000,33.71
1799994181,-0.766000,-0.437000,-0.263000,-39.023000,42.427000,24.656000,33.71
1800009217,-0.761000,-0.356000,-0.278000,-40.122000,41.725000,24.779000,33.66
1800019457,-0.754000,-0.374000,-0.285000,-40.992000,40.351000,24.092000,33.52
1800027638,-0.749000,-0.376000,-0.305000,-42.641000,41.969000,24.015000,33.66
1800037579,-0.768000,-0.374000,-0.300000,-42.260000,42.809000,23.084000,33.52
1800045904,-0.767000,-0.375000,-0.309000,-43.328000,44.076000,23.038000,33.66
1800055614,-0.770000,-0.389000,-0.314000,-42.046000,44.977000,22.290000,33.71
1800063743,-0.772000,-0.383000,-0.329000,-42.214000,44.565000,22.443000,33.75
1800076004,-0.769000,-0.399000,-0.327000,-41.573000,46.504000,23.481000,33.71
1800086716,-0.777000,-0.370000,-0.338000,-41.053000,46.046000,21.954000,33.66
1800092706,-0.755000,-0.360000,-0.320000,-42.046000,45.496000,20.183000,33.71
1800105539,-0.779000,-0.362000,-0.340000,-41.145000,48.473000,18.779000,33.57
1800117745,-0.807000,-0.345000,-0.354000,-42.565000,48.794000,18.580000,33.71
1800124198,-0.764000,-0.421000,-0.369000,-41.115000,51.023000,18.366000,33.66
1800138143,-0.781000,-0.432000,-0.362000,-36.260000,53.664000,18.214000,33.61
1800151766,-0.784000,-0.393000,-0.372000,-34.748000,53.511000,18.031000,33.75
1800156681,-0.784000,-0.372000,-0.386000,-32.794000,53.710000,17.328000,33.61
1800167587,-0.765000,-0.346000,-0.387000,-35.863000,53.008000,16.779000,33.75
1800175951,-0.718000,-0.362000,-0.359000,-34.519000,52.855000,14.931000,33.71
1800188297,-0.726000,-0.354000,-0.395000,-32.809000,55.985000,14.779000,33.66
1800196618,-0.727000,-0.353000,-0.389000,-31.939000,59.130000,15.359000,33.61
1800203546,-0.719000,-0.361000,-0.388000,-28.580000,61.634000,16.611000,33.66
1800215534,-0.726000,-0.344000,-0.426000,-25.496000,63.893000,17.756000,33.80
1800230326,-0.729000,-0.334000,-0.475000,-25.649000,66.000000,18.885000,33.66
1800235745,-0.748000,-0.320000,-0.469000,-23.847000,65.771000,17.145000,33.75
1800248154,-0.777000,-0.286000,-0.480000,-25.725000,66.031000,17.573000,33.71
1800255571,-0.770000,-0.256000,-0.495000,-28.183000,63.145000,15.679000,33.75
1800265828,-0.772000,-0.267000,-0.506000,-31.344000,63.527000,15.802000,33.61
1800276649,-0.760000,-0.280000,-0.508000,-32.656000,62.061000,17.038000,33.57
1800287617,-0.750000,-0.290000,-0.494000,-32.672000,60.626000,17.740000,33.71
1800295307,-0.725000,-0.282000,-0.510000,-32.397000,59.557000,19.405000,33.61
1800302274,-0.717000,-0.284000,-0.522000,-30.611000,58.519000,20.198000,33.61
1800316704,-0.704000,-0.274000,-0.545000,-29.863000,56.443000,21.008000,33.57
1800327794,-0.712000,-0.237000,-0.516000,-29.069000,55.893000,21.099000,33.71
1800333327,-0.703000,-0.230000,-0.535000,-29.969000,53.985000,21.435000,33.66
1800349410,-0.700000,-0.206000,-0.542000,-31.985000,55.771000,22.473000,33.61
1800359880,-0.684000,-0.215000,-0.523000,-31.939000,52.000000,20.748000,33.66
1800366124,-0.710000,-0.202000,-0.571000,-34.290000,54.534000,24.229000,33.61
1800377055,-0.709000,-0.214000,-0.584000,-33.573000,52.824000,24.336000,33.66
1800385943,-0.717000,-0.199000,-0.619000,-34.382000,50.443000,24.641000,33.61
1800394482,-0.720000,-0.216000,-0.598000,-36.947000,46.031000,26.000000,33.66
1800406215,-0.714000,-0.188000,-0.602000,-35.634000,43.313000,25.359000,33.61
1800418163,-0.704000,-0.171000,-0.631000,-37.359000,41.053000,26.931000,33.66
1800430138,-0.694000,-0.179000,-0.627000,-37.206000,40.397000,28.504000,33.66
1800436939,-0.667000,-0.177000,-0.624000,-37.023000,38.672000,29.878000,33.71
1800446747,-0.644000,-0.172000,-0.624000,-38.809000,38.840000,30.565000,33.71
1800459174,-0.631000,-0.148000,-0.619000,-38.397000,38.443000,29.466000,33.71
1800463644,-0.626000,-0.140000,-0.695000,-38.412000,41.115000,27.344000,33.75
1800476129,-0.657000,-0.150000,-0.668000,-38.626000,38.153000,26.718000,33.71
1800487039,-0.658000,-0.149000,-0.664000,-37.328000,35.832000,26.794000,33.85
1800494748,-0.659000,-0.171000,-0.671000,-37.679000,35.206000,29.282000,33.71
1800504531,-0.640000,-0.179000,-0.659000,-35.206000,35.206000,31.893000,33.66
1800518136,-0.617000,-0.143000,-0.684000,-32.473000,36.809000,33.740000,33.71
1800527829,-0.607000,-0.130000,-0.706000,-30.015000,36.641000,36.992000,33.66
1800538292,-0.594000,-0.129000,-0.698000,-29.160000,38.397000,37.313000,33.71
1800544621,-0.590000,-0.092000,-0.693000,-28.321000,40.870000,35.908000,33.75
1800557917,-0.604000,-0.072000,-0.707000,-29.176000,41.344000,34.504000,33.61
1800566967,-0.624000,-0.070000,-0.715000,-29.832000,41.725000,33.740000,33.75
1800575123,-0.624000,-0.091000,-0.723000,-28.550000,40.168000,32.198000,33.71
1800586843,-0.616000,-0.102000,-0.721000,-28.565000,39.008000,32.489000,33.75
1800596914,-0.574000,-0.096000,-0.747000,-25.221000,41.176000,32.382000,33.71
1800604492,-0.580000,-0.083000,-0.757000,-25.527000,41.053000,34.366000,33.57
1800615343,-0.587000,-0.060000,-0.727000,-24.031000,44.000000,34.153000,33.61
1800623830,-0.587000,-0.035000,-0.748000,-25.328000,43.328000,33.695000,33.71
1800634627,-0.548000,-0.026000,-0.716000,-25.496000,44.046000,30.687000,33.75
1800646692,-0.529000,-0.019000,-0.723000,-25.634000,45.313000,27.344000,33.80
1800658023,-0.538000,-0.037000,-0.746000,-24.366000,45.924000,26.137000,33.66
1800668018,-0.512000,-0.047000,-0.749000,-22.000000,46.046000,24.870000,33.71
1800678589,-0.500000,-0.070000,-0.774000,-18.595000,47.573000,23.313000,33.61
1800686845,-0.550000,-0.071000,-0.749000,-17.969000,47.496000,24.046000,33.71
1800697329,-0.554000,-0.045000,-0.754000,-17.298000,47.420000,23.267000,33.66
1800703311,-0.543000,-0.019000,-0.773000,-18.153000,47.588000,21.740000,33.71
1800714221,-0.537000,-0.013000,-0.761000,-18.611000,47.130000,19.496000,33.57
1800726727,-0.513000,-0.012000,-0.790000,-19.679000,46.534000,17.450000,33.71
1800737807,-0.498000,-0.028000,-0.798000,-20.198000,44.321000,14.458000,33.66
1800746232,-0.485000,-0.023000,-0.855000,-17.740000,47.038000,16.534000,33.61
1800758021,-0.461000,-0.042000,-0.799000,-13.618000,46.534000,14.763000,33.66
1800770514,-0.484000,0.009000,-0.838000,-13.191000,48.504000,13.771000,33.71
1800776372,-0.522000,0.060000,-0.891000,-17.649000,49.023000,15.481000,33.75
1800786584,-0.520000,0.013000,-0.812000,-20.214000,46.977000,13.802000,33.61
1800794862,-0.529000,0.044000,-0.827000,-24.305000,43.542000,12.992000,33.66
1800808028,-0.492000,0.052000,-0.813000,-25.725000,41.115000,11.328000,33.71
1800813252,-0.452000,0.040000,-0.841000,-25.496000,39.267000,10.855000,33.61
1800825948,-0.427000,0.012000,-0.841000,-21.053000,37.298000,11.496000,33.61
1800835897,-0.438000,0.067000,-0.877000,-18.992000,39.969000,13.679000,33.71
1800844822,-0.441000,0.056000,-0.841000,-18.916000,36.702000,14.336000,33.66
1800856225,-0.447000,0.068000,-0.861000,-20.611000,37.237000,15.359000,33.61
1800868700,-0.481000,0.094000,-0.868000,-23.481000,37.802000,15.145000,33.66
1800876043,-0.493000,0.097000,-0.884000,-28.351000,35.206000,15.496000,33.71
1800885997,-0.467000,0.095000,-0.838000,-30.046000,32.153000,13.252000,33.66
1800898127,-0.438000,0.090000,-0.875000,-30.305000,30.473000,12.534000,33.71
1800906495,-0.405000,0.053000,-0.890000,-28.244000,29.542000,13.145000,33.66
1800912587,-0.416000,0.075000,-0.891000,-24.275000,30.580000,13.679000,33.61
1800930967,-0.399000,0.122000,-0.897000,-24.595000,30.489000,14.885000,33.75
1800940225,-0.450000,0.120000,-0.925000,-25.359000,33.038000,15.237000,33.71
1800947759,-0.461000,0.126000,-0.911000,-29.221000,31.176000,16.672000,33.66
1800958687,-0.428000,0.131000,-0.908000,-32.733000,30.092000,15.740000,33.71
1800968695,-0.413000,0.129000,-0.908000,-34.046000,31.099000,14.382000,33.75
1800976382,-0.417000,0.145000,-0.920000,-35.145000,29.359000,14.718000,33.71
1800986946,-0.361000,0.136000,-0.931000,-34.550000,28.260000,14.962000,33.66
1800997296,-0.365000,0.133000,-0.947000,-33.603000,29.786000,16.366000,33.61
1801005752,-0.390000,0.159000,-0.937000,-32.550000,29.542000,18.183000,33.75
1801012966,-0.370000,0.166000,-0.914000,-33.588000,29.588000,18.092000,33.71
1801024353,-0.368000,0.199000,-0.915000,-33.878000,30.947000,17.084000,33.71
1801039868,-0.372000,0.192000,-0.924000,-36.748000,31.664000,16.366000,33.66
1801049910,-0.355000,0.176000,-0.907000,-37.252000,31.664000,15.359000,33.61
1801056820,-0.321000,0.195000,-0.888000,-36.092000,31.878000,14.366000,33.61
1801071592,-0.327000,0.168000,-0.883000,-32.641000,33.206000,14.137000,33.71
1801079300,-0.324000,0.162000,-0.898000,-33.985000,34.168000,15.985000,33.66
1801086356,-0.344000,0.180000,-0.901000,-30.107000,35.206000,17.557000,33.61
1801098482,-0.320000,0.184000,-0.925000,-28.809000,34.015000,18.809000,33.66
1801108268,-0.293000,0.203000,-0.883000,-24.214000,34.870000,15.695000,33.61
1801112907,-0.311000,0.263000,-0.923000,-27.466000,37.679000,16.061000,33.75
1801123893,-0.340000,0.246000,-0.953000,-30.656000,38.321000,15.679000,33.71
1801136397,-0.352000,0.231000,-0.946000,-33.389000,37.252000,15.634000,33.66
1801144315,-0.345000,0.243000,-0.931000,-36.656000,36.550000,14.489000,33.71
1801156466,-0.324000,0.254000,-0.917000,-38.183000,34.046000,14.015000,33.66
1801166959,-0.292000,0.212000,-0.926000,-38.046000,34.183000,13.817000,33.61
1801178164,-0.274000,0.203000,-0.918000,-33.557000,33.389000,14.794000,33.75
1801187535,-0.258000,0.203000,-0.913000,-30.687000,33.389000,16.458000,33.71
1801195052,-0.241000,0.219000,-0.913000,-29.130000,34.656000,18.214000,33.66
1801210920,-0.272000,0.270000,-0.935000,-30.504000,35.756000,19.466000,33.71
1801216980,-0.246000,0.220000,-0.869000,-27.176000,34.290000,17.786000,33.66
1801223497,-0.262000,0.279000,-0.931000,-31.389000,35.252000,21.573000,33.61
1801239466,-0.226000,0.221000,-0.912000,-27.282000,37.359000,21.649000,33.66
1801248391,-0.190000,0.211000,-0.877000,-20.336000,36.840000,18.962000,33.71
1801257747,-0.216000,0.266000,-0.931000,-21.252000,37.817000,21.649000,33.75
1801268695,-0.214000,0.273000,-0.926000,-17.328000,40.748000,19.710000,33.71
1801278784,-0.242000,0.293000,-0.945000,-18.733000,40.916000,19.847000,33.66
1801287082,-0.242000,0.287000,-0.921000,-20.504000,41.725000,20.137000,33.80
1801294594,-0.198000,0.252000,-0.928000,-18.137000,41.435000,19.252000,33.75
1801308166,-0.160000,0.246000,-0.926000,-14.427000,42.947000,17.786000,33.71
1801317377,-0.136000,0.265000,-0.969000,-9.466000,46.275000,16.748000,33.66
1801324312,-0.141000,0.283000,-0.970000,-7.618000,53.405000,13.679000,33.80
1801335213,-0.170000,0.319000,-0.942000,-8.504000,53.924000,11.664000,33.61
1801346189,-0.180000,0.385000,-1.010000,-13.496000,54.672000,8.107000,33.66
1801357416,-0.181000,0.312000,-0.990000,-17.115000,56.168000,6.412000,33.61
1801367634,-0.186000,0.261000,-0.982000,-17.618000,57.481000,6.870000,33.71
1801373921,-0.206000,0.261000,-0.999000,-15.588000,56.198000,8.916000,33.71
1801386308,-0.175000,0.302000,-0.960000,-12.458000,54.580000,8.595000,33.66
1801394502,-0.104000,0.362000,-0.987000,-13.115000,53.038000,7.282000,33.71
1801409419,-0.094000,0.369000,-0.992000,-14.809000,54.672000,6.824000,33.66
1801419703,-0.119000,0.406000,-0.974000,-15.466000,54.504000,3.588000,33.71
1801423817,-0.086000,0.400000,-0.994000,-19.817000,52.183000,2.214000,33.75
1801435358,-0.118000,0.364000,-0.975000,-20.916000,53.145000,3.420000,33.61
1801442428,-0.129000,0.326000,-0.991000,-18.855000,51.344000,5.298000,33.66
1801455848,-0.100000,0.323000,-0.965000,-19.710000,48.458000,8.168000,33.61
1801466703,-0.068000,0.366000,-0.950000,-18.702000,48.412000,9.863000,33.66
1801475879,-0.048000,0.393000,-0.960000,-19.893000,47.237000,10.427000,33.61
1801488267,-0.025000,0.374000,-0.965000,-20.550000,48.565000,10.412000,33.75
1801493154,-0.077000,0.405000,-0.973000,-20.824000,48.366000,11.878000,33.71
1801507998,-0.075000,0.380000,-0.982000,-23.374000,46.366000,14.489000,33.75
1801516928,-0.087000,0.348000,-0.974000,-22.672000,44.229000,18.015000,33.71
1801525582,-0.052000,0.344000,-0.967000,-21.450000,42.351000,20.763000,33.66
1801535114,-0.046000,0.415000,-0.958000,-21.924000,42.198000,22.153000,33.71
1801543686,-0.020000,0.436000,-0.960000,-25.511000,40.901000,22.870000,33.61
1801556396,-0.026000,0.454000,-0.945000,-27.008000,38.718000,21.664000,33.66
1801566070,-0.012000,0.443000,-0.970000,-30.046000,36.916000,23.603000,33.71
1801576669,-0.007000,0.402000,-0.951000,-30.931000,36.076000,26.611000,33.66
1801587514,-0.009000,0.392000,-0.958000,-28.794000,34.046000,31.267000,33.71
1801595387,0.007000,0.380000,-0.976000,-28.061000,33.802000,36.061000,33.71
1801606480,0.034000,0.350000,-0.950000,-24.397000,33.389000,38.183000,33.71
1801616287,0.044000,0.406000,-0.945000,-23.603000,31.435000,38.901000,33.66
1801624761,0.086000,0.395000,-0.973000,-23.221000,33.847000,36.397000,33.71
1801635099,0.023000,0.428000,-0.958000,-23.557000,35.573000,34.916000,33.66
1801641898,0.051000,0.379000,-0.948000,-25.267000,34.336000,31.420000,33.71
1801659207,0.089000,0.353000,-0.975000,-23.206000,37.374000,30.244000,33.75
1801669108,0.056000,0.329000,-0.995000,-22.321000,39.603000,30.794000,33.71
1801675757,0.040000,0.319000,-0.978000,-20.534000,38.687000,31.603000,33.66
1801687946,0.103000,0.335000,-0.975000,-18.702000,39.099000,31.008000,33.71
1801697512,0.112000,0.371000,-0.964000,-17.847000,41.603000,29.740000,33.66
1801705321,0.136000,0.373000,-0.969000,-18.504000,43.954000,27.313000,33.61
1801717453,0.181000,0.384000,-0.942000,-16.870000,46.397000,23.389000,33.75
1801729897,0.193000,0.404000,-0.977000,-16.000000,50.321000,18.641000,33.71
1801735396,0.174000,0.386000,-0.967000,-15.389000,54.107000,15.206000,33.66
1801742503,0.127000,0.405000,-0.970000,-16.290000,53.069000,12.702000,33.61
1801755773,0.192000,0.370000,-0.929000,-15.359000,54.260000,10.229000,33.66
1801770369,0.169000,0.404000,-0.971000,-17.374000,55.634000,10.489000,33.71
1801775602,0.180000,0.416000,-0.948000,-17.176000,54.641000,9.725000,33.75
1801788995,0.224000,0.428000,-0.941000,-18.931000,52.489000,9.115000,33.71
1801799334,0.217000,0.455000,-0.939000,-18.229000,52.458000,8.885000,33.66
1801806078,0.241000,0.449000,-0.947000,-19.969000,52.290000,9.527000,33.57
1801816155,0.265000,0.431000,-0.912000,-18.198000,52.672000,9.817000,33.61
1801825055,0.189000,0.532000,-0.906000,-20.305000,51.130000,12.519000,33.61
1801836500,0.247000,0.509000,-0.894000,-24.214000,47.282000,13.939000,33.71
1801843291,0.283000,0.485000,-0.888000,-21.588000,46.824000,14.168000,33.66
1801856325,0.266000,0.516000,-0.901000,-21.267000,46.000000,16.595000,33.61
1801865675,0.302000,0.501000,-0.898000,-19.679000,46.565000,18.534000,33.57
1801874682,0.251000,0.543000,-0.915000,-18.336000,47.313000,23.252000,33.71
1801886745,0.211000,0.539000,-0.892000,-20.947000,43.817000,27.985000,33.75
1801899328,0.235000,0.558000,-0.851000,-21.618000,38.000000,30.824000,33.71
1801906110,0.300000,0.587000,-0.839000,-24.718000,36.122000,32.290000,33.66
1801916731,0.313000,0.595000,-0.896000,-28.031000,33.817000,35.481000,33.71
1801925974,0.393000,0.535000,-0.872000,-26.046000,34.198000,34.275000,33.66
1801936674,0.417000,0.535000,-0.921000,-23.359000,37.374000,34.351000,33.61
1801943320,0.421000,0.509000,-0.936000,-19.740000,42.595000,33.008000,33.66
1801955495,0.314000,0.523000,-0.944000,-19.908000,43.573000,31.542000,33.61
1801969914,0.263000,0.477000,-0.941000,-23.374000,41.511000,31.237000,33.57
1801978205,0.217000,0.472000,-0.928000,-29.527000,35.282000,32.550000,33.61
1801988182,0.306000,0.450000,-0.891000,-32.336000,33.878000,30.809000,33.75
1801997325,0.366000,0.451000,-0.901000,-32.366000,33.191000,28.763000,33.71
1802006190,0.489000,0.390000,-0.902000,-27.893000,36.092000,25.802000,33.75
1802016548,0.522000,0.411000,-0.886000,-19.420000,45.038000,22.107000,33.61
1802026613,0.503000,0.496000,-0.882000,-16.260000,50.794000,19.893000,33.61
1802036781,0.527000,0.486000,-0.906000,-16.840000,58.534000,15.802000,33.57
1802043635,0.439000,0.512000,-0.895000,-17.634000,64.351000,11.298000,33.71
1802056074,0.362000,0.518000,-0.917000,-22.565000,63.679000,8.153000,33.61
1802069035,0.400000,0.433000,-0.933000,-24.748000,60.748000,6.611000,33.71
1802078364,0.447000,0.395000,-0.922000,-21.450000,61.817000,5.802000,33.66
1802085022,0.466000,0.461000,-0.892000,-19.053000,61.466000,7.267000,33.61
1802099078,0.615000,0.458000,-0.894000,-19.740000,64.092000,5.618000,33.66
1802107515,0.621000,0.468000,-0.869000,-18.137000,74.611000,2.550000,33.71
1802115469,0.530000,0.504000,-0.889000,-16.458000,78.412000,1.542000,33.75
1802127671,0.556000,0.510000,-0.879000,-18.977000,81.282000,-0.489000,33.71
1802137293,0.504000,0.484000,-0.867000,-22.947000,84.641000,-0.641000,33.66
1802144532,0.418000,0.468000,-0.866000,-24.122000,81.176000,-0.382000,33.61
1802158245,0.468000,0.508000,-0.815000,-27.252000,77.908000,-0.061000,33.66
1802164927,0.480000,0.531000,-0.840000,-30.702000,73.573000,2.244000,33.61
1802176391,0.572000,0.486000,-0.837000,-31.740000,73.328000,2.137000,33.57
1802185880,0.600000,0.515000,-0.807000,-29.847000,75.099000,3.710000,33.71
1802198922,0.574000,0.574000,-0.806000,-30.702000,76.565000,5.573000,33.66
1802208726,0.543000,0.573000,-0.792000,-35.771000,76.351000,8.031000,33.61
1802215635,0.489000,0.589000,-0.764000,-40.519000,74.061000,9.649000,33.66
1802227104,0.471000,0.574000,-0.770000,-45.069000,68.092000,12.595000,33.71
1802239997,0.517000,0.553000,-0.762000,-48.076000,60.901000,17.069000,33.66
1802245413,0.601000,0.532000,-0.735000,-48.015000,58.275000,21.740000,33.75
1802252499,0.625000,0.582000,-0.715000,-46.046000,58.580000,26.107000,33.61
1802266023,0.634000,0.620000,-0.755000,-48.611000,61.618000,28.351000,33.66
1802277392,0.617000,0.634000,-0.703000,-51.924000,60.580000,29.511000,33.61
1802285395,0.615000,0.664000,-0.699000,-56.382000,59.908000,29.466000,33.71
1802300410,0.632000,0.608000,-0.712000,-61.527000,59.069000,29.359000,33.71
1802310189,0.565000,0.581000,-0.691000,-63.115000,57.496000,29.908000,33.75
1802316634,0.621000,0.544000,-0.678000,-64.977000,53.160000,31.878000,33.71
1802327279,0.611000,0.563000,-0.661000,-66.305000,51.420000,34.107000,33.66
1802336005,0.630000,0.565000,-0.660000,-68.672000,49.359000,36.336000,33.61
1802345974,0.627000,0.564000,-0.615000,-70.489000,46.198000,37.802000,33.66
1802352709,0.673000,0.552000,-0.570000,-71.450000,45.939000,38.397000,33.61
1802368147,0.696000,0.579000,-0.572000,-71.893000,47.008000,37.313000,33.66
1802377692,0.734000,0.550000,-0.533000,-72.122000,48.046000,36.382000,33.71
1802385462,0.718000,0.536000,-0.529000,-69.939000,50.382000,34.412000,33.66
1802395963,0.712000,0.524000,-0.508000,-68.626000,49.679000,34.168000,33.61
1802408542,0.731000,0.511000,-0.474000,-65.359000,49.511000,32.901000,33.66
1802417008,0.770000,0.533000,-0.486000,-61.206000,50.351000,31.802000,33.71
1802433047,0.764000,0.539000,-0.494000,-57.649000,50.275000,30.626000,33.75
1802442200,0.752000,0.547000,-0.471000,-58.244000,49.908000,29.969000,33.61
1802446531,0.783000,0.558000,-0.434000,-56.534000,52.275000,28.351000,33.66
1802452851,0.749000,0.578000,-0.456000,-57.878000,51.420000,27.954000,33.71
1802469709,0.760000,0.562000,-0.434000,-60.183000,49.557000,28.580000,33.66
1802478023,0.820000,0.536000,-0.416000,-57.618000,51.053000,25.847000,33.71
1802487353,0.802000,0.538000,-0.399000,-54.397000,52.550000,24.260000,33.71
1802497948,0.783000,0.511000,-0.399000,-49.649000,51.679000,22.336000,33.66
1802508573,0.771000,0.562000,-0.361000,-46.473000,48.702000,21.069000,33.61
1802516052,0.830000,0.565000,-0.334000,-44.458000,46.763000,19.221000,33.71
1802526604,0.824000,0.572000,-0.319000,-40.901000,46.214000,17.618000,33.71
1802537116,0.838000,0.599000,-0.310000,-39.023000,44.702000,16.534000,33.66
1802547358,0.840000,0.597000,-0.304000,-38.779000,40.656000,17.313000,33.71
1802554893,0.885000,0.587000,-0.268000,-37.496000,37.435000,17.053000,33.66
1802565339,0.927000,0.594000,-0.260000,-34.336000,36.824000,15.664000,33.61
1802579724,0.879000,0.614000,-0.270000,-32.748000,36.901000,16.534000,33.66
1802587481,0.872000,0.605000,-0.243000,-31.176000,32.977000,15.740000,33.61
1802597768,0.833000,0.625000,-0.251000,-31.603000,28.046000,17.176000,33.66
1802607630,0.833000,0.618000,-0.258000,-33.145000,19.893000,18.565000,33.61
1802616381,0.865000,0.592000,-0.192000,-33.695000,12.550000,18.718000,33.66
1802626595,0.883000,0.595000,-0.189000,-32.443000,5.786000,18.611000,33.61
1802635800,0.894000,0.592000,-0.181000,-30.870000,1.053000,17.511000,33.66
1802647178,0.916000,0.576000,-0.181000,-28.290000,-3.756000,15.282000,33.71
1802655377,0.928000,0.604000,-0.294000,-22.305000,-9.099000,11.756000,33.66
1802665894,0.870000,0.566000,-0.197000,-23.206000,-13.237000,11.466000,33.71
1802680713,0.887000,0.541000,-0.209000,-19.969000,-19.099000,10.046000,33.57
1802689957,0.878000,0.547000,-0.199000,-17.603000,-24.550000,8.885000,33.71
1802696827,0.862000,0.569000,-0.213000,-15.756000,-32.183000,9.542000,33.66
1802708725,0.899000,0.521000,-0.217000,-14.916000,-37.542000,8.794000,33.61
1802718648,0.938000,0.504000,-0.215000,-9.802000,-36.977000,4.962000,33.66
1802725634,0.924000,0.526000,-0.208000,-3.969000,-37.863000,1.313000,33.71
1802737909,0.928000,0.543000,-0.228000,-1.466000,-39.924000,0.061000,33.66
1802747562,0.958000,0.534000,-0.244000,2.214000,-39.847000,-1.786000,33.80
1802756403,0.962000,0.537000,-0.252000,6.733000,-37.435000,-3.817000,33.61
1802766522,0.930000,0.547000,-0.295000,9.847000,-37.282000,-4.565000,33.66
1802775288,0.929000,0.528000,-0.295000,12.168000,-36.168000,-5.359000,33.61
1802787086,0.923000,0.522000,-0.312000,16.611000,-34.275000,-6.947000,33.66
1802793525,0.906000,0.536000,-0.306000,20.733000,-31.969000,-9.389000,33.61
1802809230,0.870000,0.551000,-0.334000,23.481000,-31.985000,-10.794000,33.57
1802818708,0.876000,0.561000,-0.343000,24.779000,-32.840000,-13.099000,33.61
1802825951,0.875000,0.564000,-0.350000,26.366000,-33.160000,-14.992000,33.71
1802837190,0.893000,0.568000,-0.369000,28.885000,-32.397000,-17.893000,33.71
1802843520,0.905000,0.545000,-0.345000,32.595000,-30.901000,-20.962000,33.66
1802856288,0.876000,0.562000,-0.387000,34.779000,-28.702000,-23.389000,33.71
1802866498,0.866000,0.565000,-0.385000,37.145000,-28.168000,-25.634000,33.57
1802874733,0.861000,0.568000,-0.394000,39.145000,-27.130000,-28.000000,33.61
1802886579,0.849000,0.562000,-0.393000,41.221000,-27.328000,-29.511000,33.66
1802892531,0.844000,0.562000,-0.418000,43.344000,-27.634000,-30.763000,33.61
1802909258,0.832000,0.559000,-0.418000,44.809000,-26.855000,-31.466000,33.57
1802918357,0.839000,0.560000,-0.425000,46.351000,-27.786000,-32.290000,33.71
1802926119,0.846000,0.559000,-0.431000,48.626000,-26.809000,-33.603000,33.66
1802935213,0.821000,0.574000,-0.435000,50.550000,-25.771000,-35.130000,33.71
1802948191,0.799000,0.578000,-0.440000,52.611000,-26.565000,-36.458000,33.66
1802954552,0.776000,0.574000,-0.449000,53.145000,-28.275000,-38.260000,33.71
1802965931,0.755000,0.564000,-0.453000,53.878000,-31.282000,-38.611000,33.66
1802977735,0.767000,0.537000,-0.473000,55.389000,-34.015000,-39.802000,33.61
1802988615,0.755000,0.528000,-0.470000,58.137000,-34.580000,-41.481000,33.66
1802997133,0.725000,0.565000,-0.454000,58.382000,-37.618000,-41.771000,33.71
1803006235,0.740000,0.565000,-0.465000,57.130000,-41.511000,-42.031000,33.66
1803018720,0.761000,0.580000,-0.495000,57.817000,-41.252000,-43.710000,33.61
1803023999,0.750000,0.538000,-0.510000,58.031000,-42.962000,-44.168000,33.66
1803035450,0.729000,0.547000,-0.503000,60.656000,-42.260000,-45.435000,33.61
1803047345,0.657000,0.602000,-0.515000,59.420000,-47.725000,-43.878000,33.66
1803055810,0.692000,0.589000,-0.540000,57.389000,-55.344000,-41.664000,33.52
1803065361,0.719000,0.566000,-0.556000,58.046000,-58.229000,-40.458000,33.75
1803072145,0.716000,0.528000,-0.572000,60.382000,-59.939000,-38.534000,33.61
1803087011,0.739000,0.524000,-0.574000,65.863000,-60.031000,-40.321000,33.75
1803096317,0.701000,0.560000,-0.594000,68.321000,-58.290000,-39.985000,33.61
1803106111,0.659000,0.573000,-0.629000,68.595000,-59.832000,-39.267000,33.66
1803116576,0.621000,0.570000,-0.652000,66.763000,-64.336000,-38.534000,33.71
1803123708,0.607000,0.547000,-0.646000,66.931000,-66.275000,-40.397000,33.66
1803135774,0.547000,0.550000,-0.655000,65.817000,-69.740000,-40.275000,33.71
1803147438,0.561000,0.543000,-0.662000,61.023000,-76.763000,-37.817000,33.66
1803155259,0.631000,0.468000,-0.676000,64.061000,-77.466000,-39.359000,33.61
1803164872,0.628000,0.476000,-0.733000,67.893000,-72.992000,-40.046000,33.66
1803179870,0.563000,0.462000,-0.732000,69.817000,-71.679000,-40.427000,33.66
1803189314,0.517000,0.462000,-0.737000,71.832000,-72.275000,-40.397000,33.61
1803197622,0.486000,0.463000,-0.738000,72.947000,-70.947000,-42.626000,33.66
1803204306,0.410000,0.451000,-0.739000,72.015000,-73.405000,-43.527000,33.61
1803215909,0.406000,0.467000,-0.742000,69.573000,-78.809000,-43.710000,33.71
1803226622,0.442000,0.449000,-0.737000,68.855000,-84.336000,-44.015000,33.71
1803236411,0.489000,0.400000,-0.797000,69.603000,-83.450000,-46.565000,33.66
1803248716,0.460000,0.378000,-0.761000,75.344000,-79.832000,-50.290000,33.61
1803254944,0.377000,0.421000,-0.794000,78.580000,-78.260000,-50.672000,33.75
1803264369,0.340000,0.420000,-0.832000,77.069000,-81.298000,-51.756000,33.71
1803280078,0.296000,0.411000,-0.773000,75.588000,-82.519000,-52.214000,33.66
1803290300,0.305000,0.390000,-0.821000,74.092000,-89.069000,-52.595000,33.61
1803298367,0.307000,0.358000,-0.815000,71.008000,-93.771000,-50.702000,33.75
1803305891,0.350000,0.341000,-0.831000,74.382000,-92.214000,-53.618000,33.71
1803319209,0.293000,0.359000,-0.863000,76.427000,-91.359000,-53.557000,33.57
1803326650,0.241000,0.357000,-0.887000,74.244000,-93.374000,-48.687000,33.71
1803337732,0.214000,0.323000,-0.896000,74.107000,-96.702000,-49.145000,33.66
1803346138,0.126000,0.328000,-0.872000,69.740000,-103.282000,-48.351000,33.71
1803357475,0.117000,0.310000,-0.896000,66.351000,-108.885000,-47.511000,33.66
1803363572,0.126000,0.293000,-0.913000,65.221000,-112.870000,-47.450000,33.61
1803375564,0.089000,0.298000,-0.906000,63.588000,-115.802000,-45.099000,33.66
1803385885,0.076000,0.298000,-0.969000,61.496000,-120.153000,-40.305000,33.61
1803396859,0.084000,0.292000,-0.972000,55.969000,-125.084000,-38.122000,33.66
1803406429,0.112000,0.242000,-0.969000,55.160000,-125.542000,-37.649000,33.71
1803420021,0.101000,0.272000,-0.936000,56.168000,-125.908000,-40.611000,33.71
1803427511,0.091000,0.283000,-0.976000,56.214000,-127.557000,-40.870000,33.57
1803437984,0.096000,0.281000,-0.996000,55.985000,-126.809000,-43.130000,33.61
1803446018,-0.002000,0.269000,-1.052000,53.374000,-126.885000,-39.695000,33.71
1803456938,-0.016000,0.213000,-1.041000,50.519000,-127.679000,-37.008000,33.61
1803463124,-0.037000,0.177000,-1.039000,51.130000,-126.763000,-34.458000,33.66
1803473866,-0.046000,0.178000,-1.037000,51.908000,-125.282000,-34.489000,33.61
1803486763,-0.114000,0.202000,-1.073000,52.137000,-121.710000,-34.855000,33.57
1803501021,-0.174000,0.226000,-1.018000,48.198000,-122.458000,-34.885000,33.71
1803506105,-0.177000,0.227000,-1.036000,46.504000,-124.885000,-35.466000,33.57
1803519738,-0.178000,0.213000,-1.063000,44.015000,-123.786000,-35.832000,33.71
1803526785,-0.191000,0.164000,-1.037000,42.885000,-121.985000,-36.076000,33.66
1803536541,-0.195000,0.138000,-1.025000,44.885000,-121.817000,-36.870000,33.71
1803547020,-0.205000,0.135000,-1.058000,47.420000,-116.534000,-38.321000,33.66
1803555452,-0.260000,0.160000,-1.026000,46.305000,-114.137000,-38.992000,33.71
1803565611,-0.298000,0.166000,-0.990000,42.947000,-116.275000,-38.824000,33.66
1803571989,-0.281000,0.171000,-0.964000,40.763000,-117.679000,-39.695000,33.61
1803589177,-0.265000,0.149000,-0.955000,40.122000,-117.969000,-42.046000,33.66
1803602518,-0.286000,0.104000,-1.013000,42.565000,-111.771000,-44.763000,33.61
1803608230,-0.393000,0.095000,-0.965000,41.603000,-108.473000,-44.122000,33.66
1803615650,-0.409000,0.087000,-0.922000,42.260000,-110.718000,-42.702000,33.71
1803626987,-0.399000,0.086000,-0.948000,41.023000,-111.756000,-40.458000,33.66
1803633323,-0.356000,0.034000,-0.902000,46.534000,-105.802000,-40.489000,33.71
1803647567,-0.429000,0.063000,-0.896000,50.275000,-100.336000,-42.702000,33.75
1803657456,-0.471000,0.108000,-0.889000,49.420000,-103.053000,-43.008000,33.61
1803669205,-0.459000,0.112000,-0.889000,46.595000,-105.695000,-44.305000,33.71
1803674805,-0.456000,0.084000,-0.884000,43.802000,-104.718000,-47.496000,33.61
1803688536,-0.498000,0.036000,-0.845000,44.290000,-100.214000,-48.702000,33.61
1803696074,-0.529000,0.028000,-0.858000,45.435000,-102.168000,-49.527000,33.66
1803707501,-0.574000,0.019000,-0.863000,43.359000,-104.153000,-48.626000,33.71
1803712966,-0.607000,-0.012000,-0.828000,39.969000,-105.527000,-45.908000,33.66
1803724853,-0.596000,-0.045000,-0.787000,38.015000,-111.649000,-45.160000,33.61
1803736334,-0.549000,-0.069000,-0.774000,40.076000,-112.229000,-46.901000,33.66
1803745771,-0.545000,-0.073000,-0.740000,43.664000,-107.649000,-49.710000,33.71
1803756448,-0.606000,-0.056000,-0.742000,45.527000,-103.863000,-52.351000,33.66
1803769094,-0.677000,-0.027000,-0.737000,43.649000,-103.710000,-51.863000,33.61
1803773921,-0.678000,-0.070000,-0.713000,40.336000,-104.519000,-49.603000,33.66
1803784196,-0.671000,-0.122000,-0.733000,41.527000,-104.534000,-49.191000,33.71
1803797072,-0.680000,-0.147000,-0.717000,40.748000,-107.817000,-45.664000,33.66
1803806390,-0.630000,-0.185000,-0.717000,43.084000,-107.557000,-46.260000,33.61
1803815090,-0.683000,-0.172000,-0.716000,42.855000,-104.672000,-44.992000,33.66
1803827087,-0.742000,-0.138000,-0.693000,39.206000,-106.611000,-44.107000,33.71
1803836346,-0.699000,-0.188000,-0.634000,36.962000,-107.695000,-43.725000,33.66
1803844820,-0.706000,-0.183000,-0.652000,40.473000,-104.672000,-45.466000,33.71
1803856638,-0.722000,-0.186000,-0.676000,39.313000,-102.137000,-44.031000,33.66
1803864418,-0.729000,-0.212000,-0.664000,38.336000,-103.160000,-42.290000,33.61
1803876232,-0.731000,-0.236000,-0.620000,37.863000,-104.748000,-40.321000,33.66
1803886391,-0.700000,-0.260000,-0.650000,39.954000,-105.466000,-39.038000,33.71
1803894641,-0.710000,-0.254000,-0.653000,40.305000,-102.962000,-39.466000,33.66
1803906996,-0.760000,-0.234000,-0.618000,39.267000,-102.519000,-39.206000,33.61
1803916666,-0.767000,-0.242000,-0.602000,39.145000,-101.710000,-40.916000,33.61
1803924322,-0.800000,-0.226000,-0.584000,38.458000,-99.252000,-41.618000,33.75
1803940221,-0.777000,-0.263000,-0.540000,39.481000,-98.733000,-41.328000,33.71
1803946888,-0.767000,-0.289000,-0.539000,42.321000,-97.176000,-40.611000,33.66
1803956015,-0.756000,-0.313000,-0.540000,45.908000,-95.573000,-39.389000,33.61
1803966671,-0.755000,-0.320000,-0.528000,50.137000,-94.687000,-38.275000,33.66
1803976032,-0.755000,-0.302000,-0.530000,54.321000,-94.672000,-38.473000,33.61
1803983904,-0.792000,-0.280000,-0.551000,54.122000,-90.870000,-40.000000,33.71
1803995790,-0.835000,-0.291000,-0.500000,52.840000,-91.145000,-40.107000,33.71
1804008280,-0.824000,-0.296000,-0.470000,50.947000,-90.702000,-41.588000,33.66
1804017473,-0.828000,-0.294000,-0.454000,49.023000,-87.924000,-44.122000,33.61
1804028010,-0.838000,-0.297000,-0.409000,47.221000,-86.733000,-44.550000,33.66
1804040581,-0.802000,-0.348000,-0.450000,49.359000,-82.137000,-47.634000,33.71
1804046170,-0.835000,-0.356000,-0.387000,48.244000,-76.382000,-48.137000,33.66
1804056781,-0.818000,-0.282000,-0.406000,49.252000,-76.763000,-77.084000,33.61
1804066444,-0.859000,-0.398000,-0.364000,57.939000,-76.580000,-66.229000,33.75
1804078037,-0.830000,-0.400000,-0.408000,47.954000,-72.580000,-61.282000,33.61
1804083213,-0.715000,-0.405000,-0.364000,52.748000,-61.969000,-45.099000,33.66
1804093602,-0.800000,-0.405000,-0.354000,54.122000,-53.771000,-45.191000,33.61
1804111933,-0.898000,-0.416000,-0.280000,51.038000,-54.611000,-40.092000,33.66
1804122366,-0.773000,-0.484000,-0.275000,49.359000,-52.794000,-36.840000,33.52
1804129462,-0.865000,-0.474000,-0.247000,51.527000,-53.679000,-41.023000,33.75
1804140862,-0.822000,-0.431000,-0.295000,53.603000,-55.344000,-45.542000,33.61
1804150830,-0.845000,-0.421000,-0.223000,50.870000,-51.130000,-35.221000,33.66
1804156403,-0.772000,-0.485000,-0.207000,57.771000,-42.565000,-41.420000,33.61
1804167376,-0.844000,-0.454000,-0.213000,60.076000,-41.985000,-42.305000,33.61
1804175870,-0.869000,-0.427000,-0.217000,56.580000,-42.061000,-40.611000,33.66
1804185791,-0.823000,-0.460000,-0.185000,54.458000,-38.733000,-38.962000,33.61
1804196878,-0.811000,-0.487000,-0.174000,56.916000,-36.061000,-36.779000,33.66
1804208595,-0.823000,-0.499000,-0.183000,58.427000,-34.840000,-36.870000,33.61
1804218003,-0.869000,-0.490000,-0.200000,58.947000,-33.985000,-34.122000,33.61
1804226297,-0.873000,-0.479000,-0.178000,58.092000,-33.939000,-32.824000,33.61
1804236367,-0.874000,-0.484000,-0.185000,58.473000,-36.183000,-30.992000,33.66
1804249878,-0.832000,-0.471000,-0.194000,55.924000,-34.977000,-27.176000,33.71
1804255467,-0.825000,-0.475000,-0.147000,55.313000,-32.489000,-24.763000,33.66
1804266786,-0.803000,-0.471000,-0.153000,54.550000,-30.702000,-21.298000,33.71
1804278843,-0.756000,-0.470000,-0.140000,52.412000,-27.954000,-18.733000,33.66
1804285858,-0.762000,-0.473000,-0.096000,50.855000,-24.916000,-17.878000,33.61
1804294648,-0.801000,-0.458000,-0.084000,49.817000,-23.466000,-15.954000,33.66
1804310251,-0.756000,-0.448000,-0.134000,46.992000,-22.321000,-14.137000,33.61
1804319393,-0.770000,-0.474000,-0.109000,45.557000,-19.740000,-13.435000,33.66
1804328862,-0.782000,-0.466000,-0.085000,43.557000,-17.160000,-10.183000,33.61
1804335640,-0.799000,-0.476000,-0.087000,41.237000,-15.389000,-8.046000,33.66
1804348787,-0.802000,-0.478000,-0.066000,39.267000,-14.458000,-5.557000,33.61
1804357500,-0.769000,-0.491000,-0.086000,38.687000,-12.992000,-3.405000,33.75
1804364374,-0.763000,-0.449000,-0.088000,33.878000,-11.389000,-5.221000,33.61
1804377333,-0.773000,-0.471000,-0.075000,29.954000,-12.687000,-1.710000,33.66
1804387453,-0.734000,-0.492000,-0.066000,28.412000,-9.405000,1.206000,33.61
1804393891,-0.745000,-0.460000,-0.101000,25.145000,-7.695000,-1.634000,33.66
1804405356,-0.773000,-0.440000,-0.102000,19.954000,-6.962000,-0.183000,33.61
1804414705,-0.756000,-0.461000,-0.083000,15.481000,-6.260000,0.687000,33.66
1804426641,-0.736000,-0.486000,-0.036000,13.969000,-2.092000,0.504000,33.66
1804436584,-0.748000,-0.519000,-0.044000,14.595000,-0.427000,2.076000,33.61
1804450480,-0.744000,-0.525000,-0.062000,13.863000,1.084000,1.771000,33.61
1804457922,-0.770000,-0.500000,-0.028000,12.137000,0.321000,2.229000,33.61
1804465250,-0.757000,-0.486000,-0.023000,9.832000,-2.275000,3.145000,33.66
1804478518,-0.772000,-0.485000,0.006000,7.267000,-4.672000,3.313000,33.61
1804487137,-0.735000,-0.482000,0.006000,5.649000,-3.786000,4.046000,33.75
1804494362,-0.730000,-0.506000,0.000000,5.511000,-2.885000,3.481000,33.61
1804508083,-0.727000,-0.505000,0.010000,5.145000,-2.870000,3.847000,33.66
1804515314,-0.741000,-0.488000,0.005000,4.198000,-2.611000,4.672000,33.61
1804526281,-0.751000,-0.477000,-0.013000,1.557000,-4.595000,5.802000,33.66
1804535014,-0.743000,-0.476000,0.010000,-2.168000,-6.687000,5.863000,33.61
1804550850,-0.722000,-0.490000,0.021000,-4.183000,-7.924000,5.985000,33.57
1804559125,-0.725000,-0.481000,0.001000,-5.573000,-8.443000,5.695000,33.61
1804565910,-0.743000,-0.470000,0.027000,-7.664000,-10.107000,5.969000,33.66
1804577433,-0.732000,-0.488000,0.031000,-8.763000,-10.504000,6.718000,33.71
1804588183,-0.719000,-0.516000,0.021000,-9.313000,-12.794000,7.603000,33.57
1804595355,-0.723000,-0.515000,0.020000,-9.115000,-13.466000,7.237000,33.61
1804602281,-0.722000,-0.497000,0.017000,-10.305000,-13.924000,6.885000,33.66
1804615415,-0.725000,-0.472000,0.030000,-12.962000,-16.458000,6.962000,33.71
1804626689,-0.708000,-0.481000,0.030000,-14.702000,-17.542000,6.992000,33.57
1804635776,-0.697000,-0.486000,0.025000,-16.947000,-16.458000,7.237000,33.52
1804650389,-0.681000,-0.475000,0.038000,-18.916000,-16.244000,5.603000,33.57
1804658766,-0.686000,-0.494000,0.063000,-19.069000,-14.443000,5.313000,33.80
1804665666,-0.692000,-0.482000,0.040000,-19.160000,-13.679000,4.779000,33.57
1804677448,-0.700000,-0.501000,0.041000,-19.573000,-11.893000,4.931000,33.61
1804687756,-0.712000,-0.495000,0.044000,-19.191000,-12.443000,3.496000,33.66
1804696842,-0.719000,-0.482000,0.058000,-20.458000,-11.038000,3.725000,33.71
1804706835,-0.732000,-0.467000,0.048000,-21.985000,-12.870000,2.809000,33.66
1804719635,-0.724000,-0.472000,0.048000,-22.977000,-12.092000,1.847000,33.61
1804726280,-0.739000,-0.473000,0.061000,-23.664000,-12.000000,1.115000,33.61
1804734565,-0.731000,-0.478000,0.084000,-24.290000,-11.176000,1.008000,33.66
1804748250,-0.708000,-0.484000,0.070000,-23.313000,-9.924000,0.336000,33.71
1804757755,-0.715000,-0.500000,0.078000,-21.817000,-8.626000,0.443000,33.61
1804765415,-0.729000,-0.507000,0.065000,-20.244000,-7.328000,0.458000,33.71
1804778210,-0.742000,-0.486000,0.059000,-19.557000,-8.580000,1.099000,33.66
1804789383,-0.734000,-0.465000,0.074000,-20.550000,-9.359000,2.015000,33.61
1804795604,-0.718000,-0.477000,0.073000,-19.817000,-8.214000,1.847000,33.66
1804800584,-0.735000,-0.479000,0.075000,-19.038000,-7.160000,1.649000,33.61
1804818495,-0.752000,-0.468000,0.069000,-18.443000,-6.718000,1.267000,33.66
1804828367,-0.746000,-0.463000,0.068000,-18.321000,-7.756000,1.817000,33.71
1804836765,-0.724000,-0.482000,0.059000,-18.351000,-7.099000,1.832000,33.71
1804846869,-0.723000,-0.496000,0.067000,-16.794000,-5.802000,1.985000,33.71
1804857190,-0.729000,-0.495000,0.062000,-15.313000,-5.221000,2.229000,33.66
1804864769,-0.722000,-0.483000,0.067000,-14.321000,-5.298000,2.382000,33.61
1804876381,-0.734000,-0.468000,0.059000,-14.504000,-5.298000,2.382000,33.57
1804887885,-0.726000,-0.466000,0.067000,-14.916000,-6.595000,2.321000,33.80
1804896122,-0.722000,-0.461000,0.073000,-14.489000,-6.550000,2.427000,33.66
1804902134,-0.719000,-0.464000,0.072000,-14.672000,-5.985000,1.847000,33.71
1804915735,-0.723000,-0.469000,0.087000,-14.336000,-5.435000,2.260000,33.66
1804928101,-0.707000,-0.481000,0.085000,-13.649000,-4.962000,2.260000,33.71
1804938309,-0.720000,-0.483000,0.096000,-12.275000,-3.695000,1.939000,33.57
1804948552,-0.713000,-0.478000,0.058000,-11.771000,-3.252000,1.603000,33.61
1804962086,-0.728000,-0.477000,0.076000,-12.183000,-3.985000,1.618000,33.75
1804970041,-0.723000,-0.479000,0.075000,-12.260000,-4.687000,1.237000,33.61
1804977295,-0.716000,-0.481000,0.075000,-11.893000,-4.275000,0.153000,33.66
1804988199,-0.736000,-0.475000,0.078000,-12.626000,-5.924000,0.351000,33.71
1804996981,-0.723000,-0.482000,0.086000,-13.221000,-6.702000,-0.183000,33.66
1805005028,-0.718000,-0.490000,0.098000,-13.313000,-6.687000,-0.626000,33.61
1805014466,-0.704000,-0.492000,0.094000,-12.198000,-4.840000,-0.962000,33.66
1805030315,-0.700000,-0.497000,0.086000,-11.206000,-2.931000,-1.344000,33.61
1805038452,-0.710000,-0.499000,0.084000,-10.809000,-1.756000,-0.931000,33.66
1805048453,-0.709000,-0.492000,0.105000,-10.153000,-1.115000,-0.885000,33.61
1805053510,-0.728000,-0.479000,0.079000,-10.122000,-1.588000,-0.595000,33.66
1805070196,-0.750000,-0.477000,0.065000,-10.595000,-2.901000,-1.084000,33.71
1805077106,-0.764000,-0.473000,0.047000,-11.267000,-4.595000,-1.588000,33.71
1805083711,-0.730000,-0.491000,0.091000,-11.588000,-7.496000,-2.061000,33.57
1805097423,-0.695000,-0.499000,0.083000,-9.252000,-5.069000,-2.641000,33.61
1805106793,-0.696000,-0.485000,0.089000,-6.947000,-2.321000,-3.145000,33.66
1805114150,-0.690000,-0.500000,0.087000,-5.710000,-0.351000,-2.397000,33.71
1805127133,-0.700000,-0.486000,0.078000,-4.794000,2.366000,-2.412000,33.57
1805140144,-0.706000,-0.464000,0.081000,-4.321000,3.985000,-2.351000,33.61
1805149852,-0.729000,-0.459000,0.082000,-4.870000,4.275000,-1.863000,33.66
1805155506,-0.744000,-0.466000,0.064000,-5.649000,4.504000,-2.061000,33.61
1805170066,-0.764000,-0.468000,0.061000,-6.718000,3.405000,-1.908000,33.66
1805178978,-0.755000,-0.471000,0.066000,-7.450000,2.397000,-1.771000,33.61
1805184841,-0.732000,-0.490000,0.062000,-7.160000,2.534000,-1.557000,33.66
1805197554,-0.716000,-0.502000,0.068000,-6.534000,4.412000,-1.099000,33.61
1805208124,-0.732000,-0.491000,0.062000,-6.534000,5.664000,-0.504000,33.57
1805215912,-0.719000,-0.492000,0.074000,-6.183000,6.305000,0.107000,33.71
1805222157,-0.708000,-0.481000,0.072000,-5.603000,8.458000,-0.351000,33.75
1805236666,-0.728000,-0.469000,0.071000,-6.260000,7.725000,-0.183000,33.61
1805248323,-0.726000,-0.476000,0.072000,-7.099000,7.908000,0.702000,33.57
1805256927,-0.741000,-0.476000,0.068000,-6.550000,8.733000,0.901000,33.61
1805270230,-0.743000,-0.488000,0.033000,-6.565000,7.466000,1.664000,33.75
1805277308,-0.750000,-0.493000,0.026000,-6.992000,7.389000,1.588000,33.61
1805286518,-0.743000,-0.494000,0.030000,-6.031000,6.809000,1.924000,33.61
1805296701,-0.752000,-0.483000,0.017000,-6.748000,5.435000,1.740000,33.61
1805305172,-0.748000,-0.457000,0.029000,-8.824000,3.221000,2.366000,33.71
1805313055,-0.728000,-0.481000,0.049000,-7.893000,3.023000,2.458000,33.57
1805324141,-0.724000,-0.470000,0.032000,-8.885000,3.160000,2.244000,33.61
1805336429,-0.728000,-0.478000,0.045000,-9.466000,3.618000,2.626000,33.66
1805345377,-0.729000,-0.504000,0.043000,-9.374000,3.115000,2.992000,33.61
1805356483,-0.725000,-0.503000,0.041000,-10.046000,2.076000,3.130000,33.57
1805365236,-0.742000,-0.488000,0.033000,-10.656000,0.092000,2.870000,33.71
1805376878,-0.714000,-0.490000,0.027000,-11.435000,-1.145000,1.985000,33.57
1805387103,-0.714000,-0.492000,0.039000,-11.267000,-0.901000,1.084000,33.61
1805398313,-0.707000,-0.490000,0.039000,-12.641000,0.229000,0.840000,33.75
1805408930,-0.710000,-0.511000,0.062000,-11.802000,2.672000,0.580000,33.61
1805413411,-0.720000,-0.492000,0.071000,-11.618000,3.023000,1.145000,33.57
1805425459,-0.705000,-0.496000,0.061000,-11.542000,3.832000,1.573000,33.71
1805439076,-0.703000,-0.497000,0.070000,-11.298000,4.275000,0.870000,33.75
1805450014,-0.705000,-0.495000,0.067000,-10.916000,3.847000,0.504000,33.61
1805457914,-0.728000,-0.470000,0.057000,-12.718000,2.504000,-0.794000,33.66
1805465718,-0.714000,-0.488000,0.048000,-10.977000,1.878000,-0.992000,33.52
1805476142,-0.699000,-0.504000,0.041000,-8.550000,4.137000,-1.939000,33.66
1805483861,-0.727000,-0.488000,0.041000,-7.466000,5.359000,-2.061000,33.61
1805495792,-0.725000,-0.491000,0.012000,-5.298000,6.107000,-1.008000,33.75
1805506922,-0.742000,-0.466000,0.060000,-6.397000,5.282000,-1.115000,33.57
1805515144,-0.739000,-0.438000,0.028000,-8.076000,5.282000,0.076000,33.71
1805526342,-0.740000,-0.447000,0.021000,-9.832000,4.534000,0.137000,33.61
1805533639,-0.722000,-0.437000,0.051000,-10.885000,4.489000,0.275000,33.61
1805547643,-0.727000,-0.463000,0.036000,-10.565000,4.473000,0.290000,33.66
1805554790,-0.717000,-0.480000,0.041000,-9.710000,5.695000,-0.901000,33.61
1805569077,-0.726000,-0.507000,0.052000,-7.924000,7.191000,-1.405000,33.66
1805582604,-0.733000,-0.511000,0.017000,-4.595000,9.099000,-2.290000,33.71
1805588041,-0.758000,-0.494000,0.022000,-5.557000,10.153000,-2.366000,33.57
1805596972,-0.772000,-0.496000,0.013000,-7.145000,9.893000,-0.153000,33.61
1805609278,-0.754000,-0.515000,0.020000,-8.672000,10.107000,1.435000,33.66
1805619637,-0.726000,-0.482000,0.039000,-7.313000,14.076000,1.145000,33.61
1805624059,-0.733000,-0.459000,0.040000,-6.595000,15.771000,1.115000,33.66
1805634471,-0.715000,-0.457000,0.019000,-6.870000,18.092000,1.450000,33.61
1805647601,-0.733000,-0.489000,0.010000,-6.107000,20.046000,2.168000,33.66
1805657002,-0.741000,-0.502000,-0.012000,-4.489000,22.092000,2.656000,33.71
1805665729,-0.761000,-0.498000,-0.028000,-2.366000,24.656000,2.824000,33.66
1805676429,-0.764000,-0.489000,-0.033000,-2.153000,25.878000,3.313000,33.61
1805689890,-0.781000,-0.446000,-0.022000,-4.656000,26.061000,2.901000,33.66
1805696820,-0.759000,-0.454000,-0.031000,-6.366000,25.481000,3.588000,33.71
1805707548,-0.746000,-0.440000,-0.017000,-6.855000,27.802000,4.305000,33.57
1805719171,-0.746000,-0.458000,-0.036000,-9.328000,29.542000,4.153000,33.61
1805727241,-0.739000,-0.477000,-0.052000,-8.015000,31.878000,5.359000,33.61
1805734919,-0.725000,-0.470000,-0.025000,-5.924000,35.496000,5.542000,33.66
1805740548,-0.742000,-0.469000,-0.048000,-4.321000,37.221000,4.809000,33.61
1805760448,-0.786000,-0.433000,-0.073000,-6.443000,36.870000,8.290000,33.61
1805770133,-0.788000,-0.474000,-0.097000,-6.718000,36.321000,8.412000,33.61
1805776182,-0.792000,-0.470000,-0.072000,-6.275000,38.595000,8.519000,33.66
1805788959,-0.797000,-0.452000,-0.067000,-6.885000,38.901000,8.595000,33.71
1805795535,-0.767000,-0.443000,-0.075000,-8.076000,39.221000,9.969000,33.57
1805806171,-0.741000,-0.460000,-0.098000,-8.641000,42.870000,10.092000,33.61
1805818081,-0.746000,-0.460000,-0.093000,-8.076000,44.443000,9.908000,33.57
1805829772,-0.739000,-0.456000,-0.098000,-8.214000,46.824000,10.382000,33.61
1805835091,-0.754000,-0.432000,-0.121000,-9.191000,47.939000,9.527000,33.57
1805842045,-0.742000,-0.426000,-0.124000,-11.511000,47.649000,8.443000,33.61
1805855661,-0.760000,-0.409000,-0.115000,-13.038000,47.634000,8.076000,33.57
1805867209,-0.762000,-0.414000,-0.139000,-15.725000,46.366000,7.985000,33.61
1805876235,-0.760000,-0.440000,-0.100000,-15.710000,49.389000,8.443000,33.66
1805891443,-0.728000,-0.493000,-0.129000,-14.183000,49.725000,10.763000,33.61
1805899687,-0.709000,-0.500000,-0.162000,-10.366000,53.160000,13.405000,33.66
1805905843,-0.745000,-0.489000,-0.196000,-7.969000,56.885000,14.214000,33.61
1805917007,-0.780000,-0.457000,-0.217000,-10.198000,56.489000,14.519000,33.57
1805929285,-0.825000,-0.441000,-0.227000,-15.344000,54.763000,17.130000,33.75
1805935325,-0.823000,-0.436000,-0.217000,-18.565000,50.031000,15.893000,33.61
1805946138,-0.844000,-0.421000,-0.200000,-22.733000,50.748000,16.733000,33.66
1805958437,-0.814000,-0.400000,-0.225000,-24.473000,48.534000,16.061000,33.71
1805970129,-0.784000,-0.418000,-0.214000,-26.229000,48.718000,15.023000,33.66
1805977143,-0.757000,-0.446000,-0.221000,-24.046000,48.351000,14.305000,33.71
1805986853,-0.741000,-0.433000,-0.225000,-25.282000,47.832000,16.397000,33.71
1805999215,-0.735000,-0.406000,-0.255000,-24.427000,47.313000,16.031000,33.71
1806004455,-0.773000,-0.341000,-0.354000,-30.336000,48.534000,18.992000,33.66
1806015721,-0.770000,-0.410000,-0.250000,-30.519000,46.214000,18.458000,33.61
1806027101,-0.793000,-0.384000,-0.247000,-28.824000,45.298000,17.466000,33.75
1806035391,-0.786000,-0.386000,-0.292000,-32.015000,46.565000,18.031000,33.61
1806044996,-0.791000,-0.361000,-0.298000,-33.847000,43.588000,19.863000,33.66
1806058617,-0.792000,-0.425000,-0.263000,-32.153000,42.229000,20.015000,33.61
1806069251,-0.782000,-0.410000,-0.310000,-29.389000,42.168000,19.374000,33.57
1806077490,-0.771000,-0.377000,-0.313000,-30.183000,42.733000,19.053000,33.71
1806084950,-0.787000,-0.411000,-0.306000,-32.947000,43.634000,20.229000,33.66
1806097608,-0.806000,-0.365000,-0.333000,-35.252000,44.153000,19.893000,33.61
1806106397,-0.820000,-0.354000,-0.360000,-36.885000,45.206000,19.115000,33.75
1806117057,-0.808000,-0.351000,-0.351000,-40.412000,44.427000,19.206000,33.71
1806126476,-0.762000,-0.390000,-0.359000,-39.405000,43.756000,19.603000,33.66
1806137257,-0.738000,-0.373000,-0.361000,-37.832000,45.466000,19.298000,33.61
1806143654,-0.738000,-0.369000,-0.387000,-34.870000,46.565000,18.947000,33.52
1806156114,-0.719000,-0.403000,-0.372000,-33.786000,48.061000,19.145000,33.57
1806168532,-0.776000,-0.355000,-0.425000,-29.847000,49.176000,18.153000,33.52
1806174873,-0.806000,-0.350000,-0.419000,-33.481000,49.527000,19.634000,33.66
1806186416,-0.802000,-0.331000,-0.414000,-36.885000,48.763000,19.756000,33.61
1806200837,-0.784000,-0.329000,-0.425000,-39.328000,48.489000,18.733000,33.66
1806209883,-0.784000,-0.281000,-0.429000,-42.321000,50.565000,17.847000,33.61
1806216878,-0.769000,-0.266000,-0.423000,-46.076000,50.321000,17.634000,33.61
1806224376,-0.712000,-0.288000,-0.428000,-48.336000,49.542000,18.824000,33.71
1806239391,-0.689000,-0.312000,-0.457000,-47.267000,50.260000,19.756000,33.57
1806243354,-0.698000,-0.335000,-0.470000,-44.840000,50.214000,21.618000,33.71
1806254234,-0.708000,-0.330000,-0.471000,-40.718000,49.267000,23.771000,33.75
1806266608,-0.720000,-0.296000,-0.471000,-38.855000,48.031000,24.870000,33.61
1806280007,-0.715000,-0.297000,-0.491000,-40.198000,48.229000,24.275000,33.66
1806285882,-0.735000,-0.280000,-0.462000,-41.435000,47.924000,24.321000,33.71
1806297086,-0.729000,-0.260000,-0.473000,-42.290000,48.275000,23.191000,33.66
1806307625,-0.727000,-0.277000,-0.490000,-43.557000,47.802000,22.550000,33.71
1806315447,-0.726000,-0.298000,-0.498000,-43.435000,48.305000,21.634000,33.66
1806323427,-0.736000,-0.312000,-0.511000,-41.389000,46.076000,22.031000,33.71
1806338030,-0.697000,-0.327000,-0.520000,-38.260000,45.679000,20.992000,33.66
1806346154,-0.703000,-0.298000,-0.514000,-36.092000,46.947000,20.214000,33.61
1806352931,-0.706000,-0.297000,-0.535000,-34.290000,48.458000,19.863000,33.66
1806365075,-0.722000,-0.282000,-0.528000,-33.389000,49.466000,18.214000,33.61
1806377203,-0.747000,-0.238000,-0.544000,-34.122000,49.328000,17.053000,33.66
1806387540,-0.734000,-0.244000,-0.542000,-35.160000,48.870000,15.038000,33.61
1806395593,-0.745000,-0.228000,-0.559000,-35.863000,49.725000,13.542000,33.66
1806409544,-0.714000,-0.267000,-0.547000,-37.527000,47.191000,13.542000,33.71
1806417122,-0.662000,-0.233000,-0.601000,-35.374000,48.718000,12.489000,33.66
1806427254,-0.685000,-0.238000,-0.573000,-31.710000,49.359000,14.076000,33.66
1806439393,-0.675000,-0.221000,-0.579000,-28.779000,48.656000,14.275000,33.52
1806446477,-0.652000,-0.149000,-0.604000,-28.519000,49.221000,15.527000,33.71
1806456870,-0.670000,-0.195000,-0.593000,-24.992000,49.573000,15.618000,33.61
1806463423,-0.649000,-0.166000,-0.607000,-25.573000,48.458000,14.626000,33.57
1806481376,-0.663000,-0.138000,-0.612000,-25.924000,48.687000,14.046000,33.61
1806487033,-0.586000,-0.184000,-0.592000,-25.252000,44.107000,10.031000,33.66
1806496327,-0.692000,-0.153000,-0.650000,-26.214000,47.954000,14.015000,33.61
1806509290,-0.680000,-0.149000,-0.662000,-26.000000,44.458000,15.496000,33.66
1806516741,-0.677000,-0.154000,-0.653000,-25.099000,45.099000,16.427000,33.61
1806527189,-0.652000,-0.143000,-0.667000,-22.046000,44.779000,16.137000,33.66
1806538439,-0.655000,-0.106000,-0.676000,-24.626000,45.099000,17.573000,33.71
1806549496,-0.641000,-0.095000,-0.686000,-26.458000,45.328000,17.405000,33.66
1806555647,-0.631000,-0.094000,-0.694000,-27.282000,44.885000,16.305000,33.71
1806562219,-0.621000,-0.094000,-0.710000,-30.489000,43.817000,15.496000,33.66
1806578068,-0.651000,-0.014000,-0.809000,-34.183000,45.328000,17.099000,33.61
1806589466,-0.639000,-0.116000,-0.699000,-32.000000,43.649000,16.702000,33.57
1806595368,-0.619000,-0.152000,-0.725000,-29.298000,42.672000,18.427000,33.61
1806606205,-0.604000,-0.139000,-0.704000,-26.595000,42.992000,19.847000,33.75
1806617456,-0.591000,-0.119000,-0.711000,-26.168000,41.176000,21.344000,33.61
1806624193,-0.575000,-0.108000,-0.737000,-24.595000,43.038000,20.534000,33.66
1806638016,-0.614000,-0.055000,-0.739000,-25.023000,44.550000,18.947000,33.61
1806645820,-0.632000,-0.040000,-0.781000,-30.153000,46.458000,18.076000,33.66
1806654350,-0.644000,-0.107000,-0.754000,-34.840000,45.038000,18.565000,33.61
1806666289,-0.647000,-0.104000,-0.780000,-35.359000,43.298000,19.099000,33.57
1806672978,-0.571000,-0.104000,-0.786000,-35.878000,40.992000,17.786000,33.71
1806686427,-0.557000,-0.060000,-0.765000,-32.992000,41.481000,16.321000,33.71
1806696904,-0.530000,-0.021000,-0.799000,-35.282000,41.313000,13.344000,33.66
1806707102,-0.586000,0.005000,-0.807000,-37.771000,43.435000,11.328000,33.61
1806717169,-0.594000,0.015000,-0.844000,-42.947000,41.985000,11.511000,33.75
1806724630,-0.544000,-0.103000,-0.774000,-43.450000,39.542000,14.534000,33.52
1806736343,-0.500000,-0.086000,-0.806000,-40.214000,41.099000,18.168000,33.66
1806752156,-0.485000,-0.044000,-0.817000,-36.519000,42.168000,18.565000,33.61
1806756366,-0.536000,-0.029000,-0.816000,-35.084000,45.344000,20.779000,33.61
1806764994,-0.546000,-0.015000,-0.844000,-35.954000,44.382000,20.550000,33.61
1806780299,-0.571000,-0.003000,-0.825000,-37.282000,43.099000,20.656000,33.57
1806791377,-0.585000,0.004000,-0.821000,-41.405000,39.481000,22.519000,33.61
1806798342,-0.557000,-0.023000,-0.829000,-44.931000,37.679000,25.756000,33.66
1806805908,-0.513000,-0.039000,-0.795000,-43.191000,34.977000,26.840000,33.61
1806818047,-0.487000,-0.005000,-0.818000,-39.985000,34.351000,27.557000,33.57
1806827166,-0.472000,0.012000,-0.816000,-38.351000,34.046000,28.779000,33.71
1806834485,-0.446000,0.027000,-0.810000,-35.130000,35.740000,27.542000,33.66
1806848372,-0.500000,0.082000,-0.814000,-34.733000,36.122000,28.000000,33.71
1806857467,-0.497000,0.081000,-0.814000,-38.779000,33.176000,29.313000,33.57
1806864198,-0.469000,0.070000,-0.791000,-38.031000,32.183000,29.206000,33.61
1806876432,-0.436000,0.071000,-0.817000,-36.137000,31.069000,28.763000,33.66
1806891654,-0.458000,0.073000,-0.845000,-33.069000,31.130000,28.137000,33.61
1806903966,-0.443000,0.074000,-0.855000,-31.771000,31.847000,26.305000,33.66
1806905489,-0.429000,0.082000,-0.854000,-31.084000,32.962000,24.641000,33.61
1806917555,-0.468000,0.126000,-0.858000,-30.733000,35.069000,23.939000,33.57
1806930223,-0.411000,0.102000,-0.827000,-33.466000,34.534000,24.076000,33.66
1806935103,-0.361000,0.093000,-0.821000,-32.473000,36.275000,22.412000,33.61
1806946513,-0.306000,0.081000,-0.837000,-29.115000,40.718000,19.359000,33.57
1806959030,-0.303000,0.055000,-0.844000,-21.237000,47.374000,14.351000,33.71
1806967709,-0.341000,0.071000,-0.877000,-13.985000,49.649000,11.481000,33.66
1806975593,-0.397000,0.099000,-0.886000,-11.389000,50.290000,10.534000,33.71
1806982696,-0.372000,0.048000,-0.847000,-10.000000,49.023000,9.771000,33.61
1806995583,-0.326000,0.063000,-0.861000,-6.382000,50.244000,8.595000,33.71
1807006948,-0.316000,0.067000,-0.837000,-1.664000,55.893000,4.366000,33.66
1807017135,-0.349000,0.108000,-0.850000,1.115000,56.687000,1.206000,33.61
1807029089,-0.339000,0.108000,-0.855000,3.328000,58.794000,-3.557000,33.75
1807036621,-0.343000,0.098000,-0.865000,5.237000,58.809000,-7.176000,33.71
1807046344,-0.340000,0.106000,-0.856000,6.046000,58.565000,-9.542000,33.66
1807059129,-0.357000,0.122000,-0.853000,6.733000,58.107000,-10.061000,33.71
1807070277,-0.359000,0.091000,-0.864000,7.084000,57.008000,-9.634000,33.66
1807076782,-0.338000,0.085000,-0.864000,9.832000,56.031000,-9.511000,33.71
1807083727,-0.339000,0.117000,-0.875000,13.023000,53.893000,-9.771000,33.66
1807096377,-0.333000,0.165000,-0.882000,11.710000,51.832000,-11.115000,33.71
1807108620,-0.390000,0.243000,-0.930000,6.061000,51.053000,-11.221000,33.66
1807117220,-0.396000,0.213000,-0.906000,-1.374000,43.969000,-10.473000,33.61
1807127992,-0.392000,0.229000,-0.911000,-6.748000,39.099000,-9.740000,33.71
1807138378,-0.313000,0.083000,-0.890000,-4.260000,35.649000,-6.611000,33.61
1807146359,-0.288000,0.115000,-0.937000,-2.229000,35.206000,-2.672000,33.71
1807155338,-0.329000,0.149000,-0.946000,-3.725000,31.924000,2.229000,33.75
1807165552,-0.304000,0.175000,-0.940000,-5.863000,27.435000,4.611000,33.52
1807174213,-0.301000,0.216000,-0.922000,-8.901000,25.802000,5.145000,33.66
1807184191,-0.335000,0.268000,-0.945000,-16.504000,22.214000,6.565000,33.71
1807196819,-0.281000,0.177000,-0.953000,-21.908000,19.542000,9.481000,33.66
1807205822,-0.275000,0.118000,-0.961000,-22.565000,19.832000,12.595000,33.61
1807215217,-0.306000,0.129000,-0.997000,-21.863000,17.191000,18.427000,33.75
1807226379,-0.292000,0.136000,-0.989000,-22.534000,13.817000,22.260000,33.61
1807236482,-0.267000,0.146000,-1.008000,-23.466000,12.458000,24.718000,33.66
1807246521,-0.276000,0.191000,-1.018000,-25.573000,11.954000,26.168000,33.71
1807259223,-0.301000,0.165000,-1.015000,-29.817000,7.725000,28.748000,33.66
1807267042,-0.331000,0.194000,-0.992000,-34.382000,6.687000,29.389000,33.61
1807274912,-0.303000,0.185000,-1.012000,-38.611000,3.664000,29.954000,33.66
1807284016,-0.287000,0.155000,-1.008000,-40.626000,4.595000,30.718000,33.61
1807299010,-0.272000,0.151000,-1.018000,-40.550000,1.542000,32.382000,33.66
1807309188,-0.219000,0.160000,-1.060000,-38.412000,2.779000,31.634000,33.52
1807316655,-0.209000,0.177000,-1.055000,-38.351000,5.863000,30.809000,33.75
1807324309,-0.260000,0.185000,-1.034000,-38.351000,6.565000,28.779000,33.71
1807335749,-0.261000,0.217000,-1.015000,-40.275000,6.519000,26.580000,33.66
1807346530,-0.302000,0.231000,-1.020000,-46.122000,5.847000,25.771000,33.61
1807356877,-0.287000,0.201000,-1.001000,-51.145000,2.565000,26.214000,33.61
1807368099,-0.215000,0.192000,-0.969000,-48.824000,3.542000,24.977000,33.61
1807375030,-0.151000,0.170000,-0.985000,-43.557000,7.069000,22.763000,33.61
1807384265,-0.156000,0.232000,-0.972000,-39.160000,11.649000,22.947000,33.66
1807400073,-0.147000,0.249000,-0.973000,-36.137000,15.527000,22.550000,33.71
1807409241,-0.186000,0.237000,-0.962000,-32.809000,19.145000,20.672000,33.66
1807418256,-0.199000,0.254000,-0.957000,-31.725000,19.023000,20.565000,33.61
1807424607,-0.198000,0.253000,-0.988000,-30.137000,22.824000,19.176000,33.66
1807438562,-0.263000,0.268000,-1.004000,-31.008000,23.389000,19.389000,33.61
1807447955,-0.220000,0.217000,-0.963000,-30.718000,22.183000,18.244000,33.57
1807455777,-0.209000,0.271000,-0.945000,-28.137000,25.344000,15.053000,33.61
1807467020,-0.190000,0.298000,-0.936000,-28.198000,27.160000,11.908000,33.66
1807471901,-0.187000,0.295000,-0.936000,-27.145000,29.908000,8.122000,33.61
1807483988,-0.206000,0.294000,-0.912000,-27.695000,28.580000,9.298000,33.66
1807495891,-0.182000,0.240000,-0.952000,-24.641000,28.305000,10.748000,33.71
1807512042,-0.140000,0.174000,-0.941000,-18.107000,30.733000,12.061000,33.66
1807520415,-0.129000,0.200000,-0.923000,-10.076000,32.641000,14.137000,33.61
1807526972,-0.159000,0.274000,-0.943000,-7.237000,36.763000,13.389000,33.66
1807538945,-0.184000,0.293000,-0.913000,-6.382000,39.069000,8.962000,33.71
1807549032,-0.201000,0.341000,-0.908000,-7.710000,41.206000,3.466000,33.57
1807556643,-0.215000,0.331000,-0.911000,-10.092000,41.038000,0.061000,33.61
1807568190,-0.164000,0.260000,-0.926000,-11.481000,38.473000,-1.618000,33.71
1807579363,-0.104000,0.193000,-0.914000,-3.863000,40.168000,-1.573000,33.57
1807584356,-0.126000,0.265000,-0.933000,2.626000,41.649000,-0.031000,33.71
1807596359,-0.101000,0.293000,-0.949000,4.901000,41.786000,0.901000,33.71
1807608774,-0.093000,0.340000,-0.939000,6.366000,44.824000,-0.336000,33.71
1807624613,-0.103000,0.386000,-0.941000,4.092000,46.046000,-1.786000,33.57
1807626241,-0.076000,0.351000,-0.959000,1.237000,47.008000,-4.183000,33.61
1807636729,-0.103000,0.332000,-0.974000,2.489000,48.000000,-4.168000,33.66
1807650205,-0.111000,0.345000,-0.976000,2.473000,46.763000,-2.489000,33.61
1807654659,-0.085000,0.340000,-0.990000,2.321000,46.916000,-0.947000,33.66
1807666971,-0.082000,0.349000,-0.967000,1.695000,46.168000,-0.351000,33.61
1807678303,-0.094000,0.376000,-0.976000,0.336000,46.687000,-0.748000,33.75
1807685932,-0.117000,0.405000,-0.974000,-3.740000,44.733000,-0.763000,33.61
1807692138,-0.069000,0.377000,-0.939000,-6.763000,42.321000,-1.298000,33.57
1807705588,-0.088000,0.405000,-0.963000,-7.008000,40.397000,0.550000,33.71
1807718026,-0.020000,0.380000,-0.978000,-10.092000,37.725000,4.779000,33.57
1807728017,0.010000,0.365000,-0.964000,-10.809000,37.221000,10.092000,33.61
1807735882,0.004000,0.386000,-0.976000,-6.595000,37.160000,11.756000,33.57
1807747762,-0.018000,0.431000,-1.030000,-9.237000,36.718000,15.038000,33.61
1807757281,-0.023000,0.381000,-1.014000,-11.939000,35.084000,16.702000,33.66
1807767569,-0.055000,0.395000,-1.022000,-14.137000,33.954000,17.954000,33.61
1807777294,-0.048000,0.424000,-1.029000,-19.160000,30.427000,19.221000,33.66
1807788115,-0.054000,0.420000,-1.031000,-25.496000,28.901000,19.832000,33.66
1807792709,-0.014000,0.374000,-1.022000,-29.237000,24.565000,20.992000,33.61
1807804404,0.051000,0.347000,-1.047000,-29.969000,24.412000,21.557000,33.66
1807819123,0.049000,0.352000,-1.032000,-29.405000,26.397000,23.298000,33.71
1807826942,0.048000,0.347000,-1.053000,-30.885000,25.618000,25.588000,33.71
1807836835,0.036000,0.333000,-1.052000,-32.015000,26.763000,26.626000,33.80
1807845589,0.006000,0.362000,-1.031000,-35.023000,25.237000,27.679000,33.66
1807855900,0.015000,0.346000,-1.007000,-37.939000,24.427000,27.282000,33.71
1807866764,0.050000,0.325000,-0.995000,-39.450000,24.168000,26.977000,33.66
1807878075,0.098000,0.295000,-1.021000,-38.550000,26.473000,26.931000,33.71
1807889720,0.108000,0.270000,-0.990000,-34.672000,30.779000,25.450000,33.66
1807893920,0.103000,0.287000,-0.999000,-32.321000,33.191000,24.580000,33.71
1807904659,0.088000,0.313000,-0.974000,-30.244000,36.595000,22.382000,33.66
1807918499,0.060000,0.379000,-0.960000,-32.611000,34.641000,22.290000,33.71
1807929335,0.139000,0.358000,-0.967000,-35.038000,34.779000,20.336000,33.66
1807936958,0.140000,0.334000,-0.992000,-33.130000,36.504000,19.221000,33.61
1807946079,0.138000,0.341000,-1.006000,-30.611000,37.420000,19.130000,33.75
1807958358,0.143000,0.368000,-1.009000,-29.588000,38.595000,18.290000,33.71
1807963034,0.063000,0.427000,-0.987000,-30.489000,39.176000,17.481000,33.66
1807975325,0.040000,0.475000,-0.981000,-35.969000,34.076000,16.473000,33.71
1807989777,0.116000,0.483000,-0.931000,-40.977000,29.542000,13.252000,33.57
1807994436,0.160000,0.483000,-0.966000,-43.389000,27.924000,10.870000,33.61
1808005246,0.183000,0.450000,-0.972000,-42.870000,29.771000,9.298000,33.66
1808012338,0.164000,0.465000,-0.976000,-40.595000,29.481000,10.275000,33.66
1808026391,0.207000,0.473000,-0.966000,-41.160000,30.885000,11.298000,33.61
1808036861,0.164000,0.489000,-0.958000,-41.206000,31.847000,12.916000,33.57
1808047431,0.156000,0.514000,-0.951000,-43.466000,31.115000,14.580000,33.61
1808060062,0.116000,0.529000,-0.967000,-46.198000,29.420000,15.481000,33.61
1808065275,0.151000,0.494000,-0.947000,-48.153000,28.885000,16.015000,33.61
1808077112,0.150000,0.500000,-0.949000,-50.015000,27.771000,17.160000,33.66
1808088173,0.192000,0.473000,-0.957000,-49.389000,28.214000,17.679000,33.61
1808096540,0.229000,0.468000,-0.927000,-45.924000,31.893000,17.053000,33.66
1808105383,0.214000,0.514000,-0.926000,-43.924000,35.420000,16.718000,33.61
1808112480,0.188000,0.523000,-0.936000,-42.748000,37.237000,16.214000,33.57
1808132689,0.127000,0.549000,-0.938000,-46.412000,36.443000,17.756000,33.61
1808138314,0.111000,0.546000,-0.926000,-51.405000,32.214000,21.328000,33.66
1808144625,0.231000,0.508000,-0.893000,-52.748000,29.481000,23.847000,33.61
1808157580,0.324000,0.454000,-0.904000,-47.924000,39.618000,22.351000,33.57
1808166736,0.202000,0.498000,-0.906000,-37.481000,45.252000,21.282000,33.61
1808177160,0.179000,0.575000,-0.909000,-39.542000,41.237000,24.382000,33.75
1808187678,0.264000,0.564000,-0.874000,-41.008000,41.740000,24.336000,33.71
1808198683,0.245000,0.577000,-0.862000,-40.000000,44.122000,21.618000,33.66
1808205926,0.223000,0.588000,-0.881000,-41.420000,44.107000,20.916000,33.61
1808212765,0.216000,0.557000,-0.876000,-44.534000,44.046000,20.214000,33.57
1808225996,0.237000,0.538000,-0.843000,-43.634000,44.229000,18.977000,33.61
1808239349,0.262000,0.541000,-0.851000,-41.725000,45.557000,18.397000,33.66
1808246148,0.252000,0.544000,-0.875000,-39.435000,47.527000,18.183000,33.66
1808258276,0.277000,0.524000,-0.827000,-40.260000,48.870000,19.298000,33.61
1808265568,0.329000,0.537000,-0.768000,-34.244000,51.023000,17.252000,33.66
1808276512,0.364000,0.585000,-0.736000,-29.496000,50.000000,15.817000,33.52
1808289531,0.377000,0.612000,-0.865000,-31.221000,54.656000,17.237000,33.71
1808298547,0.414000,0.548000,-0.827000,-26.947000,57.832000,16.443000,33.61
1808306108,0.337000,0.582000,-0.830000,-25.527000,61.389000,17.924000,33.66
1808312952,0.300000,0.584000,-0.811000,-25.893000,60.763000,19.069000,33.71
1808326720,0.344000,0.567000,-0.794000,-26.153000,61.802000,17.221000,33.66
1808337977,0.291000,0.621000,-0.799000,-27.908000,61.863000,16.962000,33.61
1808345684,0.252000,0.630000,-0.789000,-31.466000,57.221000,16.962000,33.66
1808360113,0.364000,0.594000,-0.749000,-31.618000,53.771000,15.298000,33.61
1808367303,0.472000,0.571000,-0.767000,-26.641000,55.649000,14.397000,33.66
1808376635,0.497000,0.581000,-0.776000,-21.282000,59.924000,14.382000,33.80
1808386921,0.481000,0.612000,-0.778000,-17.954000,64.229000,15.496000,33.66
1808395101,0.433000,0.674000,-0.769000,-19.359000,65.969000,17.786000,33.71
1808406801,0.399000,0.660000,-0.777000,-24.595000,64.046000,18.595000,33.66
1808413411,0.377000,0.643000,-0.764000,-28.504000,59.802000,19.664000,33.71
1808425968,0.428000,0.595000,-0.761000,-29.450000,56.260000,19.542000,33.66
1808434695,0.528000,0.587000,-0.736000,-25.405000,55.863000,18.702000,33.71
1808446574,0.572000,0.630000,-0.789000,-22.824000,57.573000,20.137000,33.66
1808459137,0.598000,0.635000,-0.793000,-22.000000,65.298000,19.450000,33.61
1808465464,0.491000,0.683000,-0.757000,-21.771000,67.740000,20.916000,33.71
1808479192,0.472000,0.715000,-0.761000,-28.763000,63.053000,23.237000,33.66
1808487509,0.454000,0.685000,-0.758000,-35.527000,59.557000,23.832000,33.61
1808499011,0.491000,0.642000,-0.746000,-37.740000,56.015000,24.000000,33.66
1808506813,0.516000,0.651000,-0.713000,-37.282000,56.397000,24.107000,33.71
1808513698,0.520000,0.686000,-0.706000,-37.038000,53.481000,24.534000,33.61
1808530412,0.590000,0.684000,-0.685000,-40.977000,52.885000,25.450000,33.61
1808539653,0.657000,0.668000,-0.696000,-39.725000,54.137000,25.374000,33.66
1808546034,0.654000,0.666000,-0.618000,-39.557000,55.191000,25.771000,33.71
1808557163,0.588000,0.682000,-0.574000,-37.939000,57.496000,24.779000,33.66
1808568028,0.593000,0.675000,-0.563000,-38.901000,55.115000,23.786000,33.61
1808578122,0.667000,0.628000,-0.566000,-37.542000,57.832000,21.832000,33.66
1808587980,0.618000,0.630000,-0.522000,-32.198000,61.145000,19.252000,33.61
1808598733,0.614000,0.659000,-0.529000,-32.794000,59.725000,18.840000,33.75
1808602749,0.629000,0.623000,-0.574000,-31.527000,61.496000,18.672000,33.61
1808613909,0.584000,0.612000,-0.552000,-30.580000,61.496000,19.603000,33.66
1808631664,0.613000,0.612000,-0.540000,-29.878000,59.832000,21.481000,33.71
1808639978,0.612000,0.639000,-0.564000,-30.031000,61.313000,22.931000,33.57
1808645807,0.583000,0.616000,-0.580000,-31.084000,59.985000,23.466000,33.61
1808657248,0.601000,0.612000,-0.555000,-31.771000,57.664000,23.237000,33.75
1808667000,0.642000,0.618000,-0.566000,-32.183000,57.649000,22.290000,33.52
1808677688,0.602000,0.604000,-0.568000,-33.420000,56.290000,21.344000,33.61
1808686587,0.679000,0.604000,-0.532000,-33.450000,54.183000,20.534000,33.66
1808695618,0.696000,0.628000,-0.551000,-33.847000,55.023000,20.015000,33.61
1808702872,0.668000,0.645000,-0.543000,-36.229000,53.191000,21.420000,33.57
1808716190,0.680000,0.621000,-0.540000,-39.557000,50.901000,21.542000,33.71
1808728360,0.730000,0.639000,-0.522000,-41.771000,51.023000,22.656000,33.66
1808737948,0.726000,0.622000,-0.483000,-42.519000,50.122000,23.405000,33.61
1808748090,0.716000,0.621000,-0.512000,-43.618000,49.191000,23.496000,33.61
1808759556,0.732000,0.632000,-0.466000,-43.496000,49.023000,23.267000,33.71
1808765287,0.719000,0.645000,-0.449000,-44.565000,46.565000,23.725000,33.66
1808777348,0.771000,0.651000,-0.426000,-45.664000,44.031000,24.137000,33.61
1808785612,0.760000,0.663000,-0.411000,-45.664000,43.405000,24.168000,33.75
1808796838,0.802000,0.636000,-0.437000,-46.198000,40.962000,26.321000,33.61
1808802519,0.783000,0.652000,-0.399000,-46.489000,41.267000,27.771000,33.66
1808815092,0.752000,0.652000,-0.396000,-47.328000,39.298000,28.779000,33.61
1808827332,0.743000,0.651000,-0.373000,-51.053000,35.527000,29.664000,33.57
1808833957,0.790000,0.632000,-0.359000,-52.626000,34.366000,28.275000,33.71
1808848092,0.740000,0.642000,-0.329000,-53.115000,32.824000,26.901000,33.66
1808860509,0.763000,0.634000,-0.324000,-55.252000,28.397000,26.672000,33.52
1808866276,0.810000,0.604000,-0.304000,-53.573000,27.282000,23.878000,33.66
1808876868,0.790000,0.628000,-0.275000,-51.115000,24.550000,24.153000,33.71
1808886505,0.827000,0.635000,-0.280000,-49.634000,21.267000,24.733000,33.66
1808896605,0.853000,0.635000,-0.248000,-47.145000,18.244000,24.397000,33.71
1808903328,0.825000,0.657000,-0.259000,-45.649000,17.038000,25.527000,33.71
1808914966,0.798000,0.650000,-0.261000,-46.366000,12.214000,25.924000,33.57
1808927258,0.778000,0.642000,-0.260000,-47.557000,7.954000,25.863000,33.61
1808937862,0.823000,0.600000,-0.222000,-47.023000,4.611000,24.183000,33.66
1808946409,0.845000,0.617000,-0.217000,-44.489000,3.191000,21.817000,33.52
1808954350,0.819000,0.633000,-0.218000,-42.794000,-0.809000,21.023000,33.66
1808965479,0.849000,0.625000,-0.222000,-42.198000,-7.313000,21.542000,33.52
1808975782,0.910000,0.602000,-0.231000,-39.221000,-9.053000,21.359000,33.66
1808986928,0.881000,0.605000,-0.204000,-34.397000,-10.565000,20.611000,33.61
1808998029,0.854000,0.645000,-0.225000,-34.794000,-13.542000,21.237000,33.66
1809004259,0.913000,0.621000,-0.216000,-33.023000,-14.504000,19.359000,33.61
1809015216,0.912000,0.617000,-0.191000,-28.504000,-13.130000,15.145000,33.57
1809026496,0.860000,0.634000,-0.199000,-25.130000,-15.084000,12.107000,33.61
1809040428,0.861000,0.633000,-0.198000,-23.924000,-20.580000,11.130000,33.57
1809046299,0.886000,0.631000,-0.216000,-22.443000,-23.954000,10.550000,33.61
1809056668,0.909000,0.609000,-0.217000,-18.687000,-25.405000,8.962000,33.66
1809068666,0.938000,0.589000,-0.213000,-14.992000,-24.229000,6.656000,33.71
1809074237,0.939000,0.577000,-0.191000,-7.664000,-21.374000,2.901000,33.61
1809088725,0.894000,0.606000,-0.204000,-2.137000,-21.359000,0.809000,33.66
1809100806,0.858000,0.624000,-0.221000,-1.786000,-24.031000,0.824000,33.71
1809105756,0.854000,0.616000,-0.220000,-0.611000,-26.962000,0.015000,33.57
1809115672,0.866000,0.609000,-0.232000,1.695000,-29.160000,-1.466000,33.61
1809123949,0.853000,0.594000,-0.263000,3.450000,-30.702000,-1.817000,33.61
1809136643,0.865000,0.578000,-0.258000,5.481000,-30.718000,-3.038000,33.61
1809147593,0.849000,0.583000,-0.258000,9.588000,-30.763000,-4.489000,33.57
1809157936,0.890000,0.583000,-0.263000,12.947000,-29.038000,-7.573000,33.61
1809172391,0.876000,0.589000,-0.266000,17.573000,-26.427000,-10.595000,33.57
1809177567,0.844000,0.611000,-0.280000,19.450000,-26.595000,-12.305000,33.71
1809188392,0.845000,0.609000,-0.295000,20.870000,-27.878000,-14.000000,33.66
1809196963,0.856000,0.618000,-0.311000,20.672000,-28.977000,-14.641000,33.61
1809206963,0.874000,0.613000,-0.299000,22.748000,-28.550000,-15.405000,33.57
1809215923,0.856000,0.608000,-0.338000,24.443000,-27.649000,-16.305000,33.61
1809222728,0.856000,0.597000,-0.324000,27.053000,-26.748000,-17.267000,33.66
1809239333,0.842000,0.606000,-0.344000,30.153000,-25.985000,-18.824000,33.61
1809249139,0.835000,0.621000,-0.354000,31.939000,-25.924000,-20.809000,33.57
1809256953,0.843000,0.623000,-0.357000,33.924000,-25.893000,-22.977000,33.71
1809267881,0.823000,0.640000,-0.357000,35.328000,-25.038000,-25.191000,33.57
1809274938,0.817000,0.644000,-0.376000,35.450000,-27.038000,-26.443000,33.61
1809285337,0.832000,0.629000,-0.364000,36.763000,-27.115000,-28.214000,33.57
1809298168,0.821000,0.637000,-0.368000,38.153000,-27.359000,-29.450000,33.71
1809309489,0.802000,0.625000,-0.394000,38.519000,-28.336000,-29.740000,33.71
1809315292,0.792000,0.627000,-0.377000,39.328000,-28.351000,-31.191000,33.66
1809322222,0.771000,0.641000,-0.401000,39.557000,-28.992000,-33.115000,33.61
1809336641,0.748000,0.638000,-0.386000,39.023000,-31.252000,-34.229000,33.66
1809347456,0.723000,0.656000,-0.415000,38.260000,-33.588000,-35.893000,33.71
1809356599,0.718000,0.637000,-0.402000,38.015000,-36.779000,-37.557000,33.52
1809370480,0.702000,0.640000,-0.400000,38.519000,-39.985000,-38.824000,33.71
1809380795,0.688000,0.629000,-0.416000,39.847000,-44.275000,-40.412000,33.66
1809386233,0.677000,0.629000,-0.423000,40.931000,-48.626000,-41.939000,33.61
1809397462,0.672000,0.640000,-0.428000,41.038000,-54.427000,-42.000000,33.57
1809405146,0.680000,0.627000,-0.447000,41.435000,-59.817000,-40.855000,33.61
1809415377,0.696000,0.600000,-0.442000,44.031000,-63.313000,-39.344000,33.66
1809426853,0.671000,0.601000,-0.471000,47.359000,-64.687000,-36.870000,33.71
1809438876,0.651000,0.625000,-0.466000,48.550000,-68.504000,-34.427000,33.66
1809448302,0.659000,0.640000,-0.475000,48.779000,-73.511000,-30.916000,33.61
1809455165,0.664000,0.638000,-0.508000,48.672000,-74.076000,-30.336000,33.66
1809466766,0.621000,0.621000,-0.473000,52.718000,-79.038000,-29.420000,33.71
1809477279,0.581000,0.649000,-0.511000,51.893000,-79.817000,-29.771000,33.75
1809484646,0.573000,0.616000,-0.595000,50.122000,-85.450000,-26.183000,33.52
1809496026,0.654000,0.551000,-0.601000,51.038000,-87.053000,-25.557000,33.66
1809508456,0.611000,0.563000,-0.576000,58.504000,-80.916000,-27.160000,33.61
1809515515,0.518000,0.619000,-0.627000,58.855000,-82.458000,-25.771000,33.66
1809526558,0.529000,0.594000,-0.651000,56.611000,-84.412000,-24.718000,33.80
1809533322,0.530000,0.576000,-0.660000,58.229000,-84.855000,-27.954000,33.57
1809547881,0.482000,0.581000,-0.638000,58.214000,-85.603000,-29.588000,33.71
1809557758,0.433000,0.615000,-0.745000,54.290000,-87.954000,-26.794000,33.75
1809564639,0.543000,0.552000,-0.693000,54.931000,-93.405000,-29.359000,33.71
1809577552,0.546000,0.521000,-0.743000,57.573000,-86.458000,-33.542000,33.57
1809587196,0.514000,0.507000,-0.766000,60.565000,-82.901000,-35.771000,33.61
1809595354,0.499000,0.500000,-0.683000,66.519000,-78.718000,-40.137000,33.66
1809604702,0.453000,0.557000,-0.715000,69.420000,-77.954000,-42.550000,33.61
1809617358,0.428000,0.594000,-0.742000,66.763000,-79.496000,-42.794000,33.66
1809625956,0.420000,0.556000,-0.783000,65.008000,-79.863000,-46.519000,33.66
1809632716,0.391000,0.498000,-0.791000,65.740000,-79.496000,-49.542000,33.61
1809646445,0.364000,0.456000,-0.864000,67.939000,-79.221000,-50.244000,33.57
1809657019,0.337000,0.437000,-0.797000,68.382000,-79.695000,-49.954000,33.61
1809664742,0.290000,0.497000,-0.777000,70.672000,-80.183000,-49.206000,33.61
1809676796,0.277000,0.539000,-0.814000,65.160000,-84.718000,-47.511000,33.71
1809690568,0.327000,0.512000,-0.801000,63.786000,-85.740000,-49.710000,33.57
1809697112,0.303000,0.474000,-0.833000,65.527000,-87.084000,-52.198000,33.61
1809707514,0.302000,0.470000,-0.816000,68.046000,-86.244000,-54.397000,33.66
1809719547,0.246000,0.466000,-0.816000,70.550000,-89.008000,-54.000000,33.61
1809725524,0.244000,0.460000,-0.852000,69.847000,-91.771000,-53.267000,33.57
1809732180,0.199000,0.446000,-0.806000,73.115000,-92.198000,-54.122000,33.71
1809748821,0.105000,0.474000,-0.857000,73.389000,-94.580000,-53.267000,33.66
1809761055,0.092000,0.423000,-0.892000,70.718000,-100.550000,-51.740000,33.61
1809766204,0.072000,0.391000,-0.873000,71.221000,-105.298000,-50.550000,33.66
1809777116,0.057000,0.374000,-0.912000,70.336000,-110.840000,-46.763000,33.61
1809788399,0.086000,0.374000,-0.875000,70.763000,-113.542000,-47.160000,33.66
1809794254,0.079000,0.392000,-0.903000,70.412000,-114.992000,-45.496000,33.71
1809808364,0.060000,0.363000,-0.952000,69.969000,-117.069000,-44.198000,33.66
1809822671,-0.026000,0.345000,-0.963000,66.916000,-114.931000,-43.557000,33.71
1809825418,-0.097000,0.308000,-0.934000,64.733000,-118.168000,-42.198000,33.57
1809835883,-0.085000,0.288000,-0.918000,62.687000,-120.824000,-39.878000,33.61
1809842648,-0.046000,0.290000,-0.924000,62.885000,-121.542000,-39.130000,33.66
1809860175,-0.045000,0.292000,-0.923000,61.649000,-121.863000,-38.061000,33.57
1809866769,-0.055000,0.285000,-0.948000,60.580000,-121.282000,-37.832000,33.71
1809876339,-0.088000,0.224000,-1.036000,62.779000,-118.458000,-40.824000,33.66
1809888727,-0.169000,0.214000,-1.057000,58.321000,-113.511000,-40.901000,33.52
1809897022,-0.222000,0.138000,-0.954000,57.221000,-121.237000,-39.634000,33.61
1809905251,-0.176000,0.178000,-0.980000,57.221000,-122.519000,-37.511000,33.61
1809916870,-0.164000,0.187000,-0.947000,57.496000,-119.985000,-38.550000,33.57
1809924847,-0.182000,0.177000,-0.943000,59.267000,-114.641000,-38.901000,33.61
1809933999,-0.213000,0.171000,-0.957000,61.405000,-109.099000,-41.115000,33.57
1809949719,-0.245000,0.126000,-0.964000,62.076000,-108.595000,-42.153000,33.61
1809958476,-0.343000,0.162000,-1.045000,60.351000,-108.092000,-42.427000,33.66
1809967473,-0.419000,0.157000,-1.004000,52.931000,-112.611000,-41.725000,33.71
1809977399,-0.385000,0.139000,-0.933000,50.000000,-119.878000,-42.718000,33.47
1809988320,-0.304000,0.131000,-0.943000,49.023000,-121.221000,-43.298000,33.61
1809996268,-0.306000,0.129000,-0.916000,50.779000,-112.305000,-46.626000,33.57
1810007611,-0.350000,0.143000,-0.896000,55.893000,-105.756000,-50.168000,33.61
1810016032,-0.375000,0.169000,-0.845000,56.290000,-103.420000,-53.053000,33.66
1810027080,-0.402000,0.158000,-0.868000,55.802000,-104.885000,-53.832000,33.61
1810036854,-0.420000,0.132000,-0.895000,53.053000,-106.931000,-54.840000,33.75
1810043697,-0.428000,0.088000,-0.869000,51.053000,-109.496000,-54.962000,33.61
1810058579,-0.465000,0.024000,-0.865000,53.145000,-108.947000,-53.863000,33.57
1810065224,-0.520000,0.009000,-0.836000,56.137000,-106.718000,-52.336000,33.66
1810075519,-0.593000,0.027000,-0.828000,56.519000,-107.908000,-50.473000,33.61
1810088438,-0.619000,0.043000,-0.858000,53.221000,-112.687000,-47.863000,33.75
1810097279,-0.659000,0.043000,-0.888000,48.366000,-115.588000,-45.481000,33.61
1810106462,-0.692000,0.052000,-0.865000,43.221000,-116.794000,-45.481000,33.66
1810116728,-0.719000,0.036000,-0.830000,38.397000,-122.901000,-45.176000,33.61
1810127297,-0.638000,0.004000,-0.825000,36.076000,-131.557000,-44.366000,33.61
1810134602,-0.563000,-0.030000,-0.870000,36.595000,-129.344000,-44.901000,33.61
1810147499,-0.613000,-0.069000,-0.825000,36.015000,-124.595000,-44.321000,33.75
1810157022,-0.642000,-0.057000,-0.784000,35.313000,-127.985000,-42.992000,33.71
1810166540,-0.623000,-0.043000,-0.775000,34.595000,-130.107000,-44.015000,33.66
1810176676,-0.622000,-0.050000,-0.767000,33.206000,-124.092000,-45.374000,33.71
1810188856,-0.644000,-0.094000,-0.692000,34.229000,-120.458000,-46.977000,33.57
1810197907,-0.634000,-0.115000,-0.694000,38.305000,-118.137000,-48.260000,33.71
1810208596,-0.658000,-0.137000,-0.713000,42.397000,-112.779000,-48.855000,33.66
1810218803,-0.718000,-0.159000,-0.707000,44.412000,-107.985000,-47.664000,33.61
1810228165,-0.773000,-0.168000,-0.673000,45.099000,-108.412000,-45.557000,33.57
1810231914,-0.798000,-0.149000,-0.660000,44.122000,-109.053000,-43.115000,33.61
1810243655,-0.791000,-0.144000,-0.615000,42.763000,-110.885000,-41.511000,33.66
1810256727,-0.758000,-0.156000,-0.617000,43.374000,-108.916000,-42.275000,33.61
1810271047,-0.730000,-0.185000,-0.596000,45.939000,-99.618000,-46.061000,33.66
1810276429,-0.787000,-0.195000,-0.562000,51.466000,-91.985000,-49.725000,33.61
1810289146,-0.863000,-0.158000,-0.581000,51.359000,-89.405000,-49.863000,33.61
1810299721,-0.903000,-0.164000,-0.559000,45.740000,-91.893000,-47.969000,33.57
1810307330,-0.893000,-0.197000,-0.525000,40.397000,-93.634000,-44.122000,33.71
1810316913,-0.880000,-0.230000,-0.508000,39.206000,-97.679000,-41.847000,33.57
1810329191,-0.809000,-0.283000,-0.487000,40.733000,-97.679000,-41.802000,33.61
1810335054,-0.781000,-0.285000,-0.457000,47.954000,-91.969000,-43.969000,33.66
1810346572,-0.801000,-0.254000,-0.445000,51.664000,-87.756000,-44.840000,33.61
1810358010,-0.786000,-0.228000,-0.417000,53.160000,-86.443000,-47.176000,33.71
1810370350,-0.800000,-0.209000,-0.388000,51.573000,-85.603000,-49.405000,33.71
1810375847,-0.824000,-0.199000,-0.408000,49.130000,-86.641000,-50.260000,33.66
1810388890,-0.834000,-0.258000,-0.403000,46.550000,-86.885000,-48.565000,33.61
1810400076,-0.839000,-0.295000,-0.396000,46.366000,-85.466000,-47.954000,33.66
1810405416,-0.826000,-0.353000,-0.334000,50.748000,-82.504000,-47.038000,33.61
1810418691,-0.854000,-0.363000,-0.395000,53.939000,-81.069000,-44.611000,33.66
1810426544,-0.822000,-0.368000,-0.359000,57.786000,-78.901000,-44.122000,33.61
1810435857,-0.851000,-0.353000,-0.310000,61.618000,-77.664000,-44.718000,33.57
1810444482,-0.859000,-0.307000,-0.285000,59.313000,-79.893000,-43.878000,33.71
1810456509,-0.868000,-0.284000,-0.321000,56.336000,-79.069000,-44.779000,33.66
1810469351,-0.891000,-0.314000,-0.257000,49.893000,-83.435000,-44.168000,33.61
1810480129,-0.833000,-0.314000,-0.269000,43.847000,-82.947000,-49.344000,33.66
1810487081,-0.833000,-0.451000,-0.175000,56.626000,-84.626000,-64.015000,33.61
1810495898,-0.875000,-0.426000,-0.255000,52.214000,-76.260000,-56.733000,33.66
1810506371,-0.824000,-0.444000,-0.215000,52.015000,-72.061000,-48.305000,33.61
1810513568,-0.847000,-0.450000,-0.143000,53.878000,-68.031000,-44.061000,33.66
1810527246,-0.814000,-0.452000,-0.190000,57.527000,-61.908000,-38.504000,33.61
1810539584,-0.883000,-0.420000,-0.160000,56.290000,-61.679000,-40.168000,33.66
1810543813,-0.868000,-0.430000,-0.142000,52.641000,-59.435000,-26.366000,33.61
1810554300,-0.786000,-0.451000,-0.078000,57.786000,-56.763000,-37.267000,33.75
1810568098,-0.866000,-0.402000,-0.123000,56.382000,-56.305000,-36.733000,33.61
1810577428,-0.816000,-0.415000,-0.122000,52.733000,-55.160000,-35.954000,33.57
1810586345,-0.816000,-0.430000,-0.089000,51.466000,-54.397000,-34.473000,33.61
1810596894,-0.815000,-0.449000,-0.086000,51.557000,-51.405000,-32.489000,33.57
1810607508,-0.821000,-0.514000,-0.042000,50.305000,-49.939000,-24.000000,33.61
1810615238,-0.839000,-0.416000,-0.086000,56.580000,-40.137000,-28.580000,33.57
1810627047,-0.837000,-0.436000,-0.054000,53.176000,-43.359000,-26.748000,33.71
1810636223,-0.826000,-0.472000,-0.059000,56.015000,-41.802000,-24.489000,33.66
1810647040,-0.813000,-0.439000,-0.055000,55.878000,-38.000000,-23.603000,33.71
1810652116,-0.829000,-0.421000,-0.061000,52.626000,-36.290000,-25.664000,33.61
1810665501,-0.872000,-0.387000,-0.084000,43.649000,-37.466000,-24.595000,33.61
1810678354,-0.842000,-0.409000,-0.043000,38.962000,-39.954000,-19.069000,33.71
1810689087,-0.835000,-0.426000,-0.057000,34.519000,-39.588000,-19.542000,33.57
1810696201,-0.826000,-0.438000,-0.011000,33.878000,-37.450000,-12.687000,33.61
1810707014,-0.807000,-0.449000,-0.026000,31.878000,-30.947000,-12.244000,33.57
1810717250,-0.843000,-0.465000,-0.061000,35.634000,-29.634000,-8.290000,33.61
1810728098,-0.798000,-0.478000,-0.171000,26.809000,-22.290000,-14.748000,33.66
1810737073,-0.792000,-0.531000,-0.064000,32.901000,-22.168000,-12.809000,33.61
1810747493,-0.742000,-0.477000,-0.099000,32.321000,-12.702000,-16.595000,33.61
1810755420,-0.777000,-0.467000,-0.098000,31.802000,-9.908000,-17.221000,33.71
1810762218,-0.784000,-0.451000,-0.053000,28.489000,-6.901000,-16.046000,33.66
1810780339,-0.754000,-0.458000,-0.016000,27.130000,-1.649000,-15.542000,33.61
1810789743,-0.759000,-0.454000,0.022000,25.847000,2.626000,-14.809000,33.66
1810795837,-0.757000,-0.456000,0.031000,26.031000,7.817000,-14.076000,33.61
1810808723,-0.719000,-0.454000,0.032000,26.656000,15.038000,-14.137000,33.66
1810818648,-0.740000,-0.459000,0.023000,26.794000,19.389000,-13.664000,33.61
1810825402,-0.768000,-0.461000,0.025000,24.809000,21.084000,-12.702000,33.57
1810838025,-0.760000,-0.444000,0.030000,21.359000,21.527000,-11.221000,33.71
1810848521,-0.760000,-0.448000,0.049000,19.328000,21.969000,-10.153000,33.66
1810854931,-0.758000,-0.447000,0.048000,16.443000,21.908000,-9.145000,33.61
1810862124,-0.753000,-0.454000,0.033000,13.802000,21.618000,-7.695000,33.57
1810880785,-0.760000,-0.449000,0.043000,11.389000,20.672000,-6.305000,33.61
1810887362,-0.765000,-0.445000,0.035000,10.092000,18.840000,-4.504000,33.66
1810896331,-0.708000,-0.470000,0.000000,7.481000,17.832000,-2.641000,33.61
1810913249,-0.752000,-0.450000,0.023000,5.160000,13.710000,-1.176000,33.66
1810921490,-0.742000,-0.445000,0.031000,2.550000,11.725000,-0.092000,33.61
1810926130,-0.740000,-0.452000,0.028000,0.229000,10.198000,0.519000,33.66
1810937478,-0.750000,-0.441000,0.037000,-3.588000,7.053000,0.992000,33.71
1810949611,-0.723000,-0.455000,0.057000,-5.878000,4.534000,2.015000,33.57
1810956132,-0.724000,-0.471000,0.054000,-8.000000,1.786000,2.611000,33.61
1810963251,-0.715000,-0.490000,0.081000,-9.038000,-0.565000,3.420000,33.52
1810979218,-0.712000,-0.488000,0.063000,-9.618000,-2.366000,4.412000,33.71
1810992053,-0.730000,-0.493000,0.067000,-11.053000,-5.649000,6.031000,33.71
1810997649,-0.727000,-0.493000,0.070000,-11.954000,-7.573000,6.550000,33.66
1811007186,-0.727000,-0.483000,0.068000,-12.351000,-8.763000,6.473000,33.61
1811016962,-0.734000,-0.493000,0.059000,-13.618000,-9.191000,5.618000,33.57
1811026514,-0.761000,-0.467000,0.070000,-16.382000,-10.962000,5.634000,33.61
1811033523,-0.773000,-0.457000,0.074000,-19.298000,-14.443000,6.489000,33.57
1811046015,-0.745000,-0.483000,0.094000,-20.214000,-14.763000,6.489000,33.71
1811056790,-0.713000,-0.507000,0.082000,-19.588000,-13.740000,5.053000,33.61
1811063124,-0.712000,-0.518000,0.089000,-17.328000,-13.603000,4.305000,33.71
1811075775,-0.727000,-0.497000,0.052000,-17.405000,-12.550000,4.107000,33.57
1811088777,-0.729000,-0.465000,0.054000,-20.733000,-16.260000,3.313000,33.61
1811098058,-0.719000,-0.475000,0.065000,-23.206000,-17.237000,4.321000,33.66
1811108393,-0.707000,-0.477000,0.072000,-24.153000,-16.366000,3.344000,33.71
1811122312,-0.718000,-0.486000,0.082000,-24.046000,-14.397000,1.542000,33.57
1811127610,-0.731000,-0.470000,0.076000,-24.046000,-13.160000,1.008000,33.71
1811134213,-0.714000,-0.483000,0.101000,-23.053000,-11.252000,0.076000,33.57
1811148076,-0.702000,-0.499000,0.118000,-20.565000,-8.947000,-1.084000,33.61
1811158023,-0.689000,-0.511000,0.107000,-17.817000,-7.023000,-2.244000,33.66
1811163503,-0.714000,-0.481000,0.085000,-16.733000,-5.328000,-2.855000,33.61
1811174677,-0.728000,-0.466000,0.093000,-17.160000,-6.046000,-2.626000,33.57
1811187331,-0.716000,-0.466000,0.097000,-17.588000,-5.573000,-2.595000,33.71
1811197997,-0.726000,-0.464000,0.090000,-17.466000,-4.305000,-2.855000,33.57
1811206539,-0.746000,-0.448000,0.094000,-17.740000,-3.298000,-2.809000,33.61
1811214274,-0.737000,-0.448000,0.105000,-18.916000,-3.511000,-1.771000,33.57
1811227139,-0.726000,-0.460000,0.106000,-18.031000,-2.641000,-1.557000,33.61
1811236946,-0.716000,-0.469000,0.096000,-17.511000,-1.496000,-1.786000,33.57
1811245131,-0.734000,-0.469000,0.099000,-17.893000,-2.305000,-1.313000,33.61
1811255480,-0.723000,-0.473000,0.110000,-17.817000,-3.099000,-0.947000,33.57
1811264094,-0.714000,-0.474000,0.110000,-17.176000,-3.084000,-1.038000,33.61
1811274260,-0.714000,-0.470000,0.096000,-17.511000,-4.290000,-0.824000,33.66
1811286685,-0.720000,-0.470000,0.102000,-17.511000,-5.069000,-0.489000,33.52
1811297199,-0.720000,-0.479000,0.100000,-17.069000,-5.282000,-0.718000,33.57
1811306895,-0.727000,-0.473000,0.099000,-17.496000,-6.580000,-0.580000,33.66
1811317386,-0.735000,-0.477000,0.104000,-18.580000,-8.534000,-0.046000,33.61
1811329168,-0.738000,-0.477000,0.108000,-19.786000,-9.893000,0.107000,33.75
1811336252,-0.719000,-0.486000,0.123000,-20.122000,-10.916000,-0.427000,33.61
1811345449,-0.699000,-0.495000,0.123000,-18.901000,-9.924000,-1.435000,33.66
1811360733,-0.706000,-0.499000,0.123000,-17.954000,-8.565000,-2.504000,33.61
1811366774,-0.707000,-0.512000,0.120000,-16.947000,-8.015000,-2.458000,33.61
1811373699,-0.721000,-0.492000,0.132000,-16.840000,-8.366000,-2.702000,33.71
1811388689,-0.718000,-0.490000,0.118000,-16.473000,-8.855000,-1.664000,33.57
1811399497,-0.729000,-0.483000,0.139000,-16.397000,-10.076000,-1.496000,33.61
1811406554,-0.717000,-0.484000,0.120000,-15.847000,-9.313000,-1.557000,33.57
1811417584,-0.704000,-0.499000,0.124000,-15.176000,-8.977000,-1.420000,33.61
1811425645,-0.702000,-0.514000,0.111000,-13.679000,-6.824000,-1.557000,33.66
1811435473,-0.707000,-0.508000,0.096000,-12.901000,-5.298000,-1.802000,33.61
1811446214,-0.729000,-0.499000,0.094000,-12.275000,-5.466000,-0.641000,33.66
1811457671,-0.725000,-0.481000,0.083000,-12.916000,-5.405000,-0.824000,33.61
1811466561,-0.722000,-0.490000,0.083000,-13.847000,-5.496000,0.076000,33.66
1811473217,-0.724000,-0.481000,0.083000,-14.595000,-4.885000,-0.397000,33.61
1811485313,-0.725000,-0.469000,0.093000,-14.916000,-5.008000,-0.031000,33.66
1811497844,-0.727000,-0.468000,0.095000,-15.817000,-5.664000,0.275000,33.61
1811507615,-0.719000,-0.451000,0.133000,-16.229000,-5.786000,-0.595000,33.66
1811517519,-0.702000,-0.469000,0.136000,-13.802000,-3.939000,-0.397000,33.61
1811526906,-0.728000,-0.485000,0.122000,-12.092000,-1.710000,-0.244000,33.75
1811535962,-0.733000,-0.487000,0.116000,-12.107000,-3.099000,0.046000,33.52
1811548267,-0.719000,-0.484000,0.140000,-11.863000,-3.603000,0.443000,33.66
1811555126,-0.724000,-0.495000,0.127000,-11.603000,-3.191000,1.420000,33.61
1811566519,-0.703000,-0.494000,0.130000,-11.130000,-2.763000,1.832000,33.61
1811573304,-0.696000,-0.507000,0.130000,-9.466000,-0.153000,1.115000,33.66
1811585495,-0.714000,-0.491000,0.123000,-8.748000,2.550000,1.450000,33.61
1811598410,-0.699000,-0.487000,0.130000,-7.847000,3.038000,0.718000,33.61
1811607399,-0.709000,-0.503000,0.134000,-6.534000,6.092000,1.771000,33.61
1811614132,-0.694000,-0.492000,0.110000,-5.237000,7.420000,1.328000,33.66
1811626001,-0.709000,-0.465000,0.087000,-5.420000,6.779000,0.305000,33.71
1811637081,-0.735000,-0.468000,0.090000,-6.656000,7.298000,1.450000,33.66
1811646120,-0.723000,-0.485000,0.078000,-7.679000,7.344000,1.389000,33.61
1811658024,-0.724000,-0.488000,0.079000,-7.802000,8.244000,0.473000,33.57
1811665861,-0.687000,-0.474000,0.070000,-5.878000,10.626000,0.107000,33.61
1811675274,-0.737000,-0.478000,0.085000,-7.847000,9.618000,0.855000,33.57
1811682221,-0.703000,-0.499000,0.082000,-7.649000,10.076000,1.496000,33.61
1811698310,-0.697000,-0.475000,0.076000,-8.260000,8.977000,-0.031000,33.57
1811708502,-0.726000,-0.436000,0.058000,-11.374000,9.649000,0.656000,33.61
1811718536,-0.738000,-0.444000,0.062000,-15.695000,6.366000,1.053000,33.66
1811727208,-0.714000,-0.464000,0.056000,-19.725000,6.061000,1.786000,33.61
1811736316,-0.714000,-0.466000,0.050000,-20.214000,6.458000,2.580000,33.66
1811747389,-0.713000,-0.464000,0.082000,-21.557000,6.122000,2.473000,33.61
1811757071,-0.704000,-0.476000,0.048000,-21.740000,7.496000,2.458000,33.57
1811766274,-0.732000,-0.491000,0.049000,-21.924000,5.084000,2.595000,33.61
1811776488,-0.734000,-0.485000,0.009000,-21.878000,3.542000,2.748000,33.66
1811783502,-0.741000,-0.480000,0.020000,-23.252000,2.290000,1.969000,33.61
1811796250,-0.736000,-0.503000,0.029000,-23.389000,1.527000,2.244000,33.66
1811806935,-0.745000,-0.495000,0.050000,-23.634000,0.992000,3.160000,33.61
1811815912,-0.714000,-0.495000,0.063000,-22.443000,4.076000,4.901000,33.61
1811828342,-0.709000,-0.499000,0.055000,-20.336000,7.435000,5.908000,33.61
1811835938,-0.723000,-0.500000,0.062000,-20.275000,8.855000,7.298000,33.61
1811846761,-0.740000,-0.495000,0.035000,-20.076000,12.672000,6.885000,33.66
1811857923,-0.769000,-0.490000,0.013000,-20.336000,10.779000,7.405000,33.52
1811867085,-0.783000,-0.474000,0.022000,-23.313000,7.084000,6.397000,33.66
1811873011,-0.766000,-0.462000,0.024000,-24.931000,5.084000,6.290000,33.61
1811884370,-0.781000,-0.493000,0.033000,-26.275000,5.405000,7.756000,33.66
1811896927,-0.748000,-0.480000,0.042000,-25.008000,8.198000,7.588000,33.71
1811911212,-0.747000,-0.511000,0.026000,-22.840000,8.122000,9.374000,33.66
1811916726,-0.742000,-0.485000,0.021000,-24.153000,9.374000,10.382000,33.71
1811929671,-0.737000,-0.450000,0.026000,-22.366000,10.076000,11.527000,33.57
1811936749,-0.735000,-0.445000,0.008000,-22.840000,9.878000,11.603000,33.61
1811946665,-0.760000,-0.429000,0.012000,-25.252000,12.489000,10.733000,33.57
1811956772,-0.777000,-0.434000,0.031000,-25.176000,12.702000,9.954000,33.61
1811968444,-0.794000,-0.460000,-0.009000,-24.687000,12.718000,11.664000,33.57
1811972908,-0.768000,-0.467000,0.006000,-25.985000,15.084000,9.206000,33.61
1811984381,-0.777000,-0.522000,-0.008000,-22.672000,17.435000,11.603000,33.57
1811996557,-0.723000,-0.500000,-0.026000,-19.954000,17.725000,12.534000,33.61
1812007715,-0.735000,-0.478000,-0.017000,-19.023000,20.275000,12.015000,33.57
1812016505,-0.744000,-0.440000,-0.016000,-18.550000,21.160000,11.649000,33.57
1812026804,-0.746000,-0.416000,-0.018000,-20.183000,21.649000,11.374000,33.61
1812038439,-0.742000,-0.417000,-0.021000,-22.168000,24.244000,10.626000,33.66
1812046271,-0.763000,-0.427000,-0.028000,-22.427000,26.870000,10.550000,33.61
1812055410,-0.762000,-0.461000,-0.051000,-22.947000,28.534000,11.130000,33.61
1812066017,-0.749000,-0.484000,-0.026000,-19.282000,30.672000,11.588000,33.52
1812076533,-0.774000,-0.450000,-0.062000,-18.260000,31.969000,10.794000,33.57
1812083013,-0.774000,-0.463000,-0.075000,-19.802000,31.466000,11.115000,33.61
1812097764,-0.755000,-0.444000,-0.063000,-20.290000,33.435000,10.840000,33.66
1812111186,-0.758000,-0.435000,-0.068000,-20.015000,36.427000,10.687000,33.61
1812116773,-0.746000,-0.448000,-0.039000,-18.153000,38.000000,11.252000,33.57
1812126984,-0.752000,-0.436000,-0.078000,-17.618000,41.069000,11.817000,33.71
1812138216,-0.751000,-0.495000,-0.097000,-13.328000,43.603000,15.237000,33.66
1812145933,-0.735000,-0.488000,-0.086000,-9.008000,47.191000,13.664000,33.71
1812156635,-0.783000,-0.414000,-0.104000,-8.595000,48.748000,14.168000,33.66
1812169062,-0.750000,-0.384000,-0.110000,-12.137000,50.504000,14.290000,33.61
1812176825,-0.750000,-0.385000,-0.109000,-15.954000,53.374000,14.534000,33.57
1812181948,-0.757000,-0.394000,-0.119000,-18.031000,55.924000,15.191000,33.61
1812195722,-0.759000,-0.425000,-0.156000,-18.595000,58.214000,15.466000,33.66
1812208026,-0.791000,-0.435000,-0.130000,-17.237000,57.420000,14.718000,33.61
1812218202,-0.802000,-0.423000,-0.176000,-15.252000,55.618000,14.763000,33.66
1812225296,-0.786000,-0.422000,-0.203000,-18.489000,53.893000,13.160000,33.61
1812236965,-0.810000,-0.439000,-0.188000,-17.863000,52.412000,12.382000,33.57
1812243460,-0.810000,-0.400000,-0.200000,-20.885000,49.817000,9.893000,33.61
1812257776,-0.816000,-0.389000,-0.178000,-23.908000,51.573000,8.183000,33.57
1812266583,-0.815000,-0.411000,-0.209000,-25.618000,52.702000,8.702000,33.61
1812277639,-0.813000,-0.443000,-0.188000,-24.382000,51.969000,10.473000,33.66
1812286337,-0.764000,-0.500000,-0.220000,-19.450000,54.153000,11.756000,33.61
1812292781,-0.776000,-0.462000,-0.200000,-16.076000,53.817000,12.626000,33.71
1812311388,-0.805000,-0.412000,-0.216000,-15.740000,51.435000,12.931000,33.57
1812320785,-0.784000,-0.373000,-0.251000,-19.573000,48.534000,13.420000,33.52
1812327463,-0.750000,-0.380000,-0.235000,-22.015000,47.802000,13.344000,33.66
1812340804,-0.764000,-0.370000,-0.229000,-22.595000,48.779000,12.198000,33.61
1812349564,-0.771000,-0.387000,-0.230000,-24.031000,49.771000,12.962000,33.57
1812355850,-0.764000,-0.382000,-0.263000,-23.405000,50.550000,13.939000,33.71
1812368239,-0.760000,-0.399000,-0.285000,-23.252000,49.588000,13.450000,33.71
1812379168,-0.801000,-0.415000,-0.309000,-23.817000,50.031000,16.015000,33.61
1812384884,-0.811000,-0.383000,-0.336000,-24.107000,46.305000,15.679000,33.66
1812396599,-0.810000,-0.378000,-0.330000,-25.908000,43.695000,16.427000,33.61
1812407601,-0.775000,-0.372000,-0.312000,-26.046000,42.473000,16.885000,33.57
1812417009,-0.777000,-0.337000,-0.344000,-26.947000,42.962000,17.359000,33.61
1812424497,-0.750000,-0.346000,-0.320000,-29.573000,42.244000,17.588000,33.57
1812435747,-0.750000,-0.362000,-0.305000,-28.565000,42.824000,17.725000,33.61
1812448181,-0.742000,-0.326000,-0.326000,-28.916000,40.489000,17.603000,33.66
1812453307,-0.732000,-0.338000,-0.317000,-28.870000,41.038000,17.557000,33.61
1812467521,-0.725000,-0.337000,-0.333000,-26.000000,38.870000,17.099000,33.75
1812479585,-0.733000,-0.311000,-0.362000,-25.038000,38.229000,15.847000,33.61
1812484054,-0.717000,-0.297000,-0.381000,-27.084000,36.702000,15.176000,33.57
1812495512,-0.744000,-0.354000,-0.368000,-25.664000,38.153000,14.305000,33.61
1812502171,-0.744000,-0.319000,-0.389000,-23.756000,35.771000,14.840000,33.66
1812515677,-0.745000,-0.334000,-0.376000,-25.679000,37.160000,16.534000,33.61
1812527826,-0.722000,-0.347000,-0.398000,-23.115000,39.618000,16.046000,33.66
1812537518,-0.734000,-0.337000,-0.389000,-22.855000,39.771000,15.771000,33.71
1812549015,-0.734000,-0.322000,-0.391000,-22.198000,41.023000,15.160000,33.61
1812556724,-0.735000,-0.319000,-0.427000,-22.244000,40.809000,14.947000,33.57
1812565695,-0.744000,-0.352000,-0.380000,-21.176000,40.443000,13.847000,33.61
1812580676,-0.733000,-0.336000,-0.427000,-19.176000,42.260000,12.809000,33.66
1812585241,-0.742000,-0.321000,-0.441000,-18.076000,44.351000,11.817000,33.61
1812594235,-0.754000,-0.343000,-0.445000,-16.565000,44.382000,12.947000,33.61
1812609127,-0.751000,-0.280000,-0.486000,-18.351000,46.550000,14.076000,33.61
1812619269,-0.715000,-0.344000,-0.477000,-12.656000,45.084000,11.130000,33.57
1812627257,-0.765000,-0.283000,-0.442000,-16.504000,45.756000,12.153000,33.61
1812637542,-0.745000,-0.265000,-0.479000,-17.160000,45.450000,9.847000,33.66
1812648815,-0.744000,-0.286000,-0.489000,-17.374000,45.832000,9.313000,33.52
1812656333,-0.740000,-0.247000,-0.445000,-18.779000,42.931000,9.084000,33.66
1812668109,-0.710000,-0.286000,-0.479000,-15.527000,42.656000,9.023000,33.61
1812679702,-0.699000,-0.277000,-0.478000,-14.611000,42.214000,9.344000,33.66
1812688378,-0.700000,-0.241000,-0.499000,-12.870000,41.603000,9.634000,33.71
1812693408,-0.697000,-0.225000,-0.484000,-13.740000,41.511000,9.099000,33.66
1812706956,-0.719000,-0.240000,-0.509000,-14.153000,39.664000,8.626000,33.52
1812714001,-0.709000,-0.276000,-0.485000,-15.985000,38.687000,7.893000,33.66
1812725838,-0.727000,-0.258000,-0.515000,-14.763000,37.847000,6.809000,33.61
1812736938,-0.717000,-0.251000,-0.490000,-15.237000,36.763000,6.031000,33.66
1812750143,-0.738000,-0.244000,-0.565000,-18.565000,36.031000,7.893000,33.71
1812757934,-0.673000,-0.333000,-0.483000,-17.069000,33.344000,7.466000,33.66
1812764467,-0.703000,-0.282000,-0.541000,-12.901000,36.458000,9.328000,33.61
1812778614,-0.701000,-0.277000,-0.548000,-13.405000,36.046000,11.649000,33.66
1812788851,-0.700000,-0.275000,-0.533000,-12.107000,34.947000,11.756000,33.61
1812793260,-0.692000,-0.254000,-0.555000,-12.885000,33.924000,10.901000,33.47
1812804669,-0.705000,-0.240000,-0.582000,-12.840000,35.298000,10.122000,33.66
1812817966,-0.738000,-0.167000,-0.588000,-19.359000,32.718000,11.908000,33.61
1812829174,-0.688000,-0.298000,-0.523000,-15.389000,33.069000,10.382000,33.61
1812835183,-0.698000,-0.261000,-0.598000,-14.321000,34.061000,11.176000,33.61
1812846258,-0.673000,-0.246000,-0.600000,-14.611000,34.046000,12.733000,33.57
1812858349,-0.656000,-0.231000,-0.588000,-14.305000,35.740000,13.649000,33.61
1812866357,-0.654000,-0.214000,-0.620000,-15.008000,34.947000,13.664000,33.57
1812874578,-0.645000,-0.203000,-0.618000,-15.924000,34.855000,13.435000,33.61
1812889743,-0.660000,-0.199000,-0.616000,-15.481000,33.908000,13.221000,33.66
1812896611,-0.684000,-0.176000,-0.636000,-17.542000,31.939000,14.198000,33.61
1812903173,-0.661000,-0.234000,-0.597000,-21.588000,28.076000,16.840000,33.57
1812917954,-0.660000,-0.250000,-0.644000,-17.618000,31.084000,19.298000,33.52
1812928254,-0.665000,-0.193000,-0.658000,-17.328000,30.427000,21.130000,33.57
1812935876,-0.659000,-0.178000,-0.663000,-18.412000,29.160000,22.351000,33.61
1812946257,-0.642000,-0.159000,-0.637000,-19.237000,28.672000,21.481000,33.66
1812955988,-0.648000,-0.133000,-0.655000,-19.908000,27.359000,20.901000,33.61
1812964874,-0.620000,-0.130000,-0.654000,-19.756000,25.252000,19.802000,33.57
1812979188,-0.637000,-0.121000,-0.665000,-20.061000,24.366000,18.840000,33.71
1812991514,-0.628000,-0.156000,-0.677000,-22.214000,23.435000,20.229000,33.57
1812995555,-0.622000,-0.188000,-0.667000,-20.916000,23.237000,21.542000,33.61
1813002025,-0.638000,-0.167000,-0.653000,-19.542000,23.588000,23.191000,33.57
1813013935,-0.605000,-0.148000,-0.648000,-18.656000,24.183000,24.305000,33.71
1813027003,-0.612000,-0.136000,-0.665000,-17.985000,24.855000,24.290000,33.66
1813036310,-0.629000,-0.138000,-0.684000,-17.450000,25.160000,22.962000,33.61
1813047245,-0.637000,-0.138000,-0.671000,-16.824000,24.397000,20.382000,33.66
1813060370,-0.657000,-0.102000,-0.662000,-16.748000,23.740000,18.718000,33.61
1813065425,-0.630000,-0.122000,-0.700000,-17.756000,22.519000,19.328000,33.66
1813076147,-0.595000,-0.176000,-0.719000,-17.237000,25.359000,21.038000,33.61
1813087913,-0.592000,-0.188000,-0.691000,-13.725000,27.695000,21.893000,33.57
1813095666,-0.583000,-0.126000,-0.695000,-11.588000,29.893000,20.550000,33.66
1813105961,-0.618000,-0.077000,-0.716000,-14.214000,31.878000,17.695000,33.61
1813112766,-0.645000,-0.091000,-0.721000,-16.290000,30.626000,13.206000,33.66
1813128519,-0.671000,-0.071000,-0.747000,-20.962000,29.679000,9.191000,33.61
1813138073,-0.681000,-0.101000,-0.739000,-26.489000,28.443000,7.145000,33.61
1813145845,-0.684000,-0.153000,-0.746000,-27.038000,26.962000,8.214000,33.61
1813156898,-0.616000,-0.175000,-0.765000,-27.206000,24.992000,10.794000,33.66
1813163934,-0.591000,-0.168000,-0.729000,-24.626000,25.710000,13.557000,33.61
1813175096,-0.557000,-0.124000,-0.714000,-22.137000,25.817000,16.489000,33.66
1813186591,-0.511000,-0.105000,-0.723000,-19.985000,27.176000,17.405000,33.52
1813196868,-0.482000,-0.120000,-0.714000,-17.130000,27.786000,17.237000,33.57
1813204893,-0.534000,-0.057000,-0.735000,-14.870000,29.313000,16.351000,33.61
1813216842,-0.552000,-0.051000,-0.736000,-15.985000,27.649000,14.809000,33.71
1813230080,-0.558000,-0.080000,-0.772000,-17.389000,29.267000,13.618000,33.61
1813235897,-0.584000,-0.076000,-0.816000,-20.687000,28.000000,11.221000,33.57
1813245148,-0.604000,-0.138000,-0.753000,-18.565000,30.809000,15.771000,33.52
1813267515,-0.561000,-0.148000,-0.748000,-16.992000,30.687000,16.992000,33.57
1813272925,-0.549000,-0.119000,-0.762000,-14.229000,32.260000,16.992000,33.61
1813276128,-0.550000,-0.080000,-0.760000,-13.557000,32.382000,15.878000,33.75
1813286143,-0.524000,-0.042000,-0.780000,-14.427000,31.664000,12.840000,33.71
1813297318,-0.527000,-0.051000,-0.775000,-14.840000,33.496000,11.099000,33.66
1813305188,-0.536000,-0.050000,-0.797000,-17.405000,32.336000,9.420000,33.52
1813315640,-0.546000,-0.101000,-0.767000,-16.611000,34.992000,9.145000,33.75
1813323990,-0.561000,-0.064000,-0.781000,-16.687000,35.893000,10.840000,33.71
1813337146,-0.536000,-0.059000,-0.791000,-17.069000,35.359000,11.878000,33.66
1813346567,-0.499000,-0.072000,-0.803000,-15.359000,37.298000,12.427000,33.61
1813355484,-0.517000,-0.042000,-0.847000,-14.260000,37.969000,13.725000,33.66
1813368208,-0.513000,-0.030000,-0.849000,-15.710000,35.496000,13.344000,33.61
1813376801,-0.485000,-0.030000,-0.795000,-12.931000,40.641000,11.878000,33.66
1813387343,-0.524000,-0.004000,-0.833000,-12.519000,40.382000,11.038000,33.61
1813395803,-0.497000,-0.030000,-0.831000,-13.725000,42.595000,9.206000,33.57
1813406084,-0.538000,0.037000,-0.857000,-12.977000,43.420000,6.366000,33.61
1813414612,-0.551000,0.035000,-0.851000,-19.893000,38.321000,7.496000,33.57
1813426713,-0.496000,-0.031000,-0.855000,-20.412000,37.038000,7.664000,33.61
1813439364,-0.497000,-0.045000,-0.893000,-20.977000,37.008000,11.069000,33.66
1813448787,-0.474000,-0.043000,-0.844000,-17.160000,36.443000,12.092000,33.71
1813454532,-0.419000,-0.028000,-0.815000,-11.237000,34.489000,9.450000,33.75
1813468090,-0.448000,0.052000,-0.861000,-16.855000,37.008000,10.962000,33.61
1813477617,-0.479000,0.043000,-0.874000,-18.382000,37.695000,9.588000,33.66
1813485007,-0.495000,0.061000,-0.849000,-22.489000,36.061000,8.611000,33.57
1813495828,-0.494000,0.050000,-0.884000,-24.656000,34.641000,7.573000,33.71
1813507950,-0.456000,0.029000,-0.868000,-27.176000,33.710000,9.359000,33.57
1813514428,-0.441000,-0.018000,-0.878000,-25.084000,35.145000,10.550000,33.61
1813526246,-0.438000,-0.016000,-0.883000,-21.069000,35.878000,12.107000,33.61
1813540391,-0.425000,0.035000,-0.875000,-21.069000,33.725000,13.786000,33.61
1813548202,-0.421000,0.102000,-0.902000,-20.519000,35.649000,11.969000,33.66
1813555624,-0.439000,0.072000,-0.895000,-23.466000,35.328000,10.183000,33.61
1813567154,-0.465000,0.097000,-0.899000,-26.992000,35.771000,9.237000,33.66
1813576713,-0.488000,0.071000,-0.912000,-30.366000,33.450000,9.313000,33.61
1813584185,-0.451000,0.027000,-0.911000,-32.962000,30.824000,10.916000,33.57
1813595382,-0.420000,0.027000,-0.892000,-30.534000,29.344000,12.137000,33.61
1813607691,-0.373000,0.050000,-0.908000,-29.038000,29.176000,14.214000,33.61
1813613790,-0.347000,0.064000,-0.923000,-27.847000,31.954000,14.901000,33.61
1813626831,-0.366000,0.072000,-0.910000,-26.687000,33.450000,15.939000,33.57
1813636653,-0.363000,0.085000,-0.923000,-27.069000,35.511000,15.328000,33.61
1813645529,-0.377000,0.022000,-0.866000,-23.176000,34.962000,11.664000,33.66
1813656816,-0.430000,0.117000,-0.912000,-27.527000,35.496000,13.008000,33.52
1813668719,-0.397000,0.084000,-0.911000,-28.565000,34.000000,12.534000,33.66
1813677575,-0.370000,0.081000,-0.925000,-29.420000,33.008000,12.672000,33.52
1813685749,-0.360000,0.087000,-0.931000,-30.015000,32.840000,13.496000,33.66
1813697437,-0.342000,0.075000,-0.916000,-27.389000,31.145000,12.275000,33.61
1813708286,-0.329000,0.132000,-0.935000,-30.000000,31.939000,13.450000,33.66
1813714274,-0.312000,0.111000,-0.934000,-28.519000,32.565000,13.573000,33.71
1813725454,-0.326000,0.144000,-0.937000,-29.145000,31.786000,13.924000,33.57
1813736516,-0.342000,0.142000,-0.944000,-31.649000,30.351000,14.947000,33.61
1813747092,-0.328000,0.141000,-0.919000,-32.168000,27.221000,14.015000,33.66
1813756983,-0.333000,0.141000,-0.925000,-32.183000,24.229000,12.641000,33.61
1813765734,-0.319000,0.126000,-0.929000,-31.969000,23.695000,10.336000,33.57
1813775590,-0.323000,0.116000,-0.889000,-31.450000,22.931000,9.756000,33.71
1813783720,-0.309000,0.101000,-0.897000,-30.595000,23.115000,11.359000,33.75
1813798338,-0.247000,0.078000,-0.866000,-26.672000,25.542000,11.557000,33.61
1813807224,-0.239000,0.097000,-0.880000,-21.420000,28.336000,13.786000,33.66
1813813317,-0.226000,0.106000,-0.886000,-15.511000,33.832000,13.924000,33.61
1813825137,-0.249000,0.107000,-0.907000,-11.664000,36.580000,14.168000,33.66
1813836319,-0.249000,0.129000,-0.905000,-8.672000,38.275000,12.366000,33.61
1813851896,-0.293000,0.171000,-0.930000,-8.870000,39.481000,10.122000,33.57
1813856811,-0.329000,0.171000,-0.934000,-12.015000,38.626000,7.237000,33.61
1813865236,-0.332000,0.147000,-0.936000,-14.153000,36.519000,5.038000,33.71
1813877935,-0.306000,0.144000,-0.913000,-15.176000,33.542000,3.634000,33.57
1813882814,-0.261000,0.163000,-0.945000,-14.366000,32.504000,3.252000,33.61
1813896995,-0.249000,0.127000,-0.946000,-13.924000,32.687000,3.634000,33.66
1813908679,-0.229000,0.138000,-0.957000,-11.481000,32.763000,3.924000,33.61
1813914607,-0.228000,0.172000,-0.947000,-10.595000,32.763000,4.748000,33.61
1813925432,-0.227000,0.160000,-0.950000,-11.267000,33.405000,4.626000,33.61
1813938143,-0.218000,0.153000,-0.949000,-9.969000,35.679000,2.870000,33.66
1813946934,-0.266000,0.185000,-0.966000,-11.374000,36.504000,1.527000,33.61
1813957094,-0.302000,0.193000,-0.947000,-14.824000,35.328000,-1.710000,33.66
1813966887,-0.299000,0.215000,-0.940000,-19.160000,31.786000,-3.053000,33.71
1813977530,-0.245000,0.175000,-0.947000,-21.084000,28.534000,-2.351000,33.57
1813983814,-0.181000,0.142000,-0.946000,-17.634000,29.695000,-0.931000,33.61
1813995495,-0.190000,0.181000,-0.941000,-15.695000,31.084000,2.046000,33.66
1814009802,-0.200000,0.212000,-0.950000,-14.214000,31.221000,3.847000,33.71
1814014145,-0.198000,0.211000,-0.948000,-14.855000,31.466000,4.427000,33.66
1814025452,-0.254000,0.249000,-0.934000,-15.908000,30.107000,3.878000,33.61
1814032438,-0.288000,0.299000,-0.941000,-19.435000,25.618000,3.008000,33.66
1814045262,-0.284000,0.290000,-0.957000,-25.176000,21.359000,2.122000,33.71
1814057464,-0.271000,0.263000,-0.952000,-27.145000,17.756000,1.374000,33.66
1814066668,-0.239000,0.272000,-0.962000,-27.939000,13.618000,2.397000,33.61
1814078603,-0.222000,0.264000,-0.976000,-28.092000,12.351000,3.237000,33.66
1814083927,-0.218000,0.278000,-0.962000,-27.267000,10.672000,3.695000,33.71
1814095392,-0.236000,0.330000,-0.967000,-29.053000,9.542000,3.282000,33.66
1814109986,-0.258000,0.349000,-0.952000,-33.863000,6.244000,2.702000,33.71
1814114306,-0.269000,0.358000,-0.936000,-38.000000,3.435000,3.374000,33.66
1814126188,-0.206000,0.280000,-0.961000,-40.260000,-1.145000,6.550000,33.61
1814133008,-0.098000,0.207000,-0.984000,-32.382000,0.046000,11.679000,33.57
1814150229,-0.039000,0.194000,-0.979000,-23.389000,7.588000,17.176000,33.61
1814155805,-0.100000,0.276000,-0.951000,-17.527000,11.908000,21.542000,33.71
1814166299,-0.101000,0.322000,-0.989000,-17.573000,15.664000,22.214000,33.66
1814179316,-0.161000,0.314000,-0.989000,-19.359000,18.763000,18.702000,33.61
1814183767,-0.218000,0.321000,-1.020000,-22.382000,19.878000,15.023000,33.66
1814196788,-0.194000,0.246000,-0.980000,-26.977000,16.916000,13.924000,33.71
1814206820,-0.159000,0.201000,-0.991000,-24.656000,17.466000,13.908000,33.66
1814215493,-0.126000,0.160000,-0.977000,-19.847000,19.664000,15.191000,33.61
1814225735,-0.089000,0.156000,-0.982000,-13.695000,21.328000,18.275000,33.71
1814233935,-0.037000,0.181000,-0.959000,-6.641000,25.786000,19.084000,33.61
1814247589,-0.067000,0.264000,-0.966000,-3.435000,29.573000,18.580000,33.66
1814256875,-0.033000,0.260000,-0.988000,-2.168000,32.626000,14.336000,33.80
1814266657,-0.059000,0.299000,-0.985000,-4.687000,35.603000,12.351000,33.57
1814277401,-0.091000,0.282000,-0.986000,-5.267000,38.595000,8.198000,33.61
1814284884,-0.095000,0.278000,-0.999000,-3.802000,38.519000,4.870000,33.66
1814296837,-0.072000,0.258000,-1.001000,-3.527000,39.435000,4.198000,33.71
1814304939,-0.084000,0.230000,-1.008000,-1.374000,38.931000,3.786000,33.66
1814315494,-0.065000,0.272000,-1.005000,0.336000,37.969000,5.038000,33.61
1814326691,-0.053000,0.270000,-1.000000,1.115000,38.962000,5.130000,33.66
1814334139,-0.063000,0.303000,-0.994000,0.015000,38.489000,4.840000,33.61
1814347204,-0.033000,0.309000,-1.007000,-1.542000,37.252000,4.092000,33.66
1814356354,-0.001000,0.292000,-0.975000,0.809000,39.740000,0.885000,33.71
1814366685,-0.029000,0.305000,-1.014000,0.412000,41.695000,0.962000,33.66
1814376501,-0.051000,0.287000,-0.995000,-0.122000,42.550000,0.290000,33.61
1814384732,-0.091000,0.312000,-1.011000,-0.611000,40.321000,0.244000,33.57
1814397040,-0.092000,0.305000,-1.024000,-5.069000,37.053000,0.229000,33.61
1814407892,-0.094000,0.266000,-0.975000,-5.023000,35.603000,0.168000,33.57
1814416028,-0.149000,0.353000,-1.022000,-6.641000,31.588000,0.458000,33.71
1814422794,-0.121000,0.320000,-1.013000,-10.947000,26.061000,0.763000,33.66
1814440359,-0.107000,0.327000,-0.999000,-12.534000,20.565000,1.466000,33.61
1814450981,-0.072000,0.333000,-1.010000,-13.817000,16.870000,3.206000,33.61
1814456115,-0.073000,0.354000,-1.006000,-17.847000,14.168000,6.977000,33.61
1814466736,-0.054000,0.376000,-0.969000,-20.611000,11.359000,8.962000,33.61
1814478008,-0.041000,0.401000,-0.982000,-26.092000,9.053000,12.870000,33.57
1814485743,0.000000,0.360000,-0.991000,-30.031000,6.641000,15.313000,33.61
1814496233,0.077000,0.320000,-0.961000,-27.450000,6.412000,15.221000,33.66
1814505556,0.055000,0.372000,-0.961000,-22.840000,8.153000,16.687000,33.61
1814516603,0.038000,0.391000,-1.006000,-24.534000,9.573000,18.824000,33.57
1814523438,0.031000,0.377000,-0.982000,-25.267000,9.557000,18.977000,33.71
1814540466,-0.021000,0.421000,-0.986000,-28.702000,10.214000,19.954000,33.71
1814549842,-0.032000,0.380000,-1.005000,-32.504000,8.336000,20.015000,33.71
1814557250,0.010000,0.327000,-1.005000,-33.252000,7.527000,21.176000,33.66
1814567292,0.028000,0.314000,-0.966000,-29.588000,10.565000,21.023000,33.71
1814576927,0.065000,0.339000,-1.003000,-25.847000,12.000000,21.710000,33.66
1814585988,0.086000,0.321000,-1.032000,-25.786000,16.840000,21.221000,33.52
1814596833,0.052000,0.331000,-0.975000,-23.695000,20.626000,19.053000,33.57
1814606125,0.019000,0.409000,-0.999000,-25.649000,20.565000,16.122000,33.61
1814616777,0.031000,0.407000,-1.020000,-30.275000,23.038000,12.031000,33.57
1814623915,0.034000,0.338000,-0.972000,-31.679000,22.031000,9.511000,33.61
1814639601,0.040000,0.331000,-1.006000,-30.076000,25.206000,7.786000,33.66
1814649536,0.056000,0.303000,-0.970000,-27.664000,25.802000,7.130000,33.61
1814656865,0.118000,0.320000,-1.009000,-24.168000,27.985000,7.053000,33.66
1814663904,0.094000,0.313000,-1.010000,-21.786000,33.084000,6.275000,33.52
1814677690,0.036000,0.363000,-0.990000,-21.008000,34.702000,5.893000,33.75
1814686745,0.069000,0.365000,-0.969000,-22.794000,35.786000,4.565000,33.61
1814697143,0.067000,0.375000,-0.974000,-22.443000,38.611000,3.130000,33.66
1814707538,0.064000,0.367000,-0.965000,-22.000000,39.695000,1.985000,33.61
1814714489,0.091000,0.350000,-0.986000,-19.756000,39.679000,2.733000,33.75
1814725142,0.112000,0.329000,-0.969000,-16.580000,42.504000,3.557000,33.71
1814733870,0.108000,0.375000,-0.958000,-13.481000,42.763000,4.763000,33.57
1814747700,0.136000,0.418000,-0.960000,-13.221000,44.137000,4.290000,33.71
1814756536,0.107000,0.435000,-0.967000,-14.336000,45.405000,2.504000,33.66
1814767046,0.089000,0.444000,-0.958000,-15.389000,45.115000,0.198000,33.61
1814778508,0.053000,0.454000,-0.969000,-18.611000,43.771000,-0.809000,33.61
1814784878,0.004000,0.446000,-0.954000,-21.252000,38.427000,1.191000,33.66
1814795862,0.116000,0.378000,-0.933000,-20.885000,34.412000,3.267000,33.71
1814807439,0.131000,0.422000,-0.922000,-17.252000,35.649000,6.336000,33.66
1814815818,0.130000,0.468000,-0.924000,-16.824000,34.916000,8.534000,33.61
1814826243,0.146000,0.476000,-0.932000,-16.885000,35.237000,8.672000,33.57
1814833327,0.122000,0.484000,-0.933000,-17.389000,36.489000,6.336000,33.61
1814846947,0.106000,0.498000,-0.938000,-18.916000,32.473000,5.832000,33.71
1814855188,0.121000,0.465000,-0.953000,-18.351000,31.374000,4.519000,33.61
1814865707,0.097000,0.457000,-0.947000,-18.443000,31.069000,4.885000,33.66
1814877256,0.046000,0.478000,-0.955000,-20.412000,28.137000,7.313000,33.52
1814886000,0.132000,0.437000,-0.935000,-22.076000,24.824000,10.275000,33.66
1814896874,0.188000,0.467000,-0.935000,-21.786000,25.924000,13.695000,33.71
1814904273,0.239000,0.470000,-0.940000,-19.359000,28.489000,15.237000,33.66
1814914795,0.214000,0.470000,-0.974000,-18.565000,31.450000,16.275000,33.52
1814926895,0.229000,0.490000,-0.974000,-17.359000,32.565000,16.137000,33.66
1814937042,0.202000,0.499000,-0.981000,-18.626000,34.427000,15.328000,33.52
1814948443,0.152000,0.492000,-0.973000,-21.435000,33.389000,14.565000,33.66
1814953808,0.181000,0.473000,-0.967000,-23.450000,30.779000,14.977000,33.61
1814969826,0.220000,0.449000,-0.974000,-23.435000,31.618000,14.992000,33.57
1814976218,0.222000,0.436000,-0.948000,-22.687000,32.092000,16.198000,33.71
1814985931,0.240000,0.456000,-0.961000,-21.786000,34.473000,16.595000,33.57
1814996687,0.257000,0.454000,-0.937000,-22.214000,35.771000,17.267000,33.71
1815008363,0.289000,0.453000,-0.921000,-21.969000,37.985000,17.557000,33.71
1815015447,0.321000,0.459000,-0.928000,-19.405000,41.435000,16.992000,33.66
1815022073,0.292000,0.490000,-0.943000,-18.198000,44.443000,16.550000,33.61
1815038978,0.300000,0.471000,-0.936000,-17.191000,46.519000,15.389000,33.66
1815046868,0.271000,0.482000,-0.945000,-16.855000,49.069000,14.489000,33.61
1815055491,0.230000,0.496000,-0.953000,-19.008000,47.191000,15.450000,33.66
1815065639,0.244000,0.507000,-0.933000,-21.634000,45.130000,16.397000,33.61
1815078101,0.289000,0.500000,-0.922000,-24.168000,42.809000,18.351000,33.61
1815086159,0.353000,0.491000,-0.933000,-23.878000,45.985000,19.511000,33.61
1815098603,0.334000,0.504000,-0.917000,-23.298000,48.275000,19.298000,33.57
1815106243,0.357000,0.547000,-0.892000,-22.565000,49.954000,19.786000,33.61
1815115756,0.313000,0.583000,-0.919000,-24.397000,50.275000,21.389000,33.66
1815122239,0.344000,0.573000,-0.897000,-26.046000,47.344000,22.489000,33.71
1815139015,0.364000,0.584000,-0.913000,-26.595000,47.908000,24.260000,33.66
1815148611,0.368000,0.570000,-0.895000,-28.519000,48.229000,25.130000,33.71
1815155460,0.421000,0.567000,-0.892000,-24.244000,51.511000,25.191000,33.66
1815167018,0.419000,0.555000,-0.932000,-23.985000,56.489000,26.183000,33.52
1815179756,0.316000,0.583000,-0.895000,-24.427000,59.740000,27.863000,33.57
1815185076,0.277000,0.639000,-0.886000,-30.321000,53.389000,31.282000,33.71
1815196693,0.348000,0.578000,-0.908000,-36.611000,49.542000,32.916000,33.57
1815205346,0.412000,0.529000,-0.851000,-35.099000,48.519000,33.313000,33.61
1815215970,0.479000,0.536000,-0.910000,-33.221000,51.450000,35.344000,33.57
1815222583,0.460000,0.512000,-0.926000,-31.130000,57.893000,37.511000,33.61
1815234679,0.482000,0.488000,-0.874000,-28.641000,58.565000,38.458000,33.61
1815246930,0.544000,0.531000,-0.881000,-26.290000,64.534000,34.779000,33.66
1815256368,0.466000,0.552000,-0.914000,-28.214000,68.641000,31.496000,33.71
1815266656,0.427000,0.537000,-0.881000,-31.847000,68.229000,26.168000,33.66
1815278586,0.445000,0.513000,-0.883000,-35.893000,66.565000,21.344000,33.61
1815287150,0.469000,0.444000,-0.879000,-37.664000,64.870000,18.382000,33.75
1815294620,0.487000,0.407000,-0.854000,-36.565000,64.931000,17.328000,33.52
1815310242,0.531000,0.424000,-0.861000,-35.176000,65.313000,16.870000,33.71
1815316245,0.560000,0.446000,-0.834000,-36.412000,67.496000,16.260000,33.61
1815322913,0.656000,0.436000,-0.797000,-35.420000,70.824000,12.580000,33.57
1815338713,0.628000,0.473000,-0.797000,-33.374000,78.824000,6.794000,33.61
1815349243,0.608000,0.477000,-0.803000,-35.389000,80.076000,3.634000,33.66
1815355290,0.627000,0.420000,-0.779000,-32.733000,82.565000,-1.908000,33.61
1815367794,0.577000,0.465000,-0.802000,-31.939000,83.786000,-4.504000,33.57
1815382971,0.539000,0.477000,-0.762000,-34.443000,79.771000,-5.374000,33.61
1815385679,0.563000,0.492000,-0.735000,-37.069000,77.664000,-6.519000,33.66
1815396261,0.515000,0.554000,-0.720000,-42.092000,72.580000,-5.603000,33.71
1815407851,0.602000,0.521000,-0.705000,-47.328000,68.122000,-5.664000,33.66
1815416807,0.642000,0.539000,-0.672000,-47.924000,69.099000,-4.840000,33.61
1815423626,0.612000,0.583000,-0.664000,-49.878000,67.924000,-2.412000,33.66
1815435688,0.662000,0.587000,-0.654000,-52.031000,66.855000,-0.733000,33.71
1815451698,0.635000,0.650000,-0.627000,-52.916000,67.313000,2.015000,33.66
1815456857,0.610000,0.706000,-0.613000,-59.466000,62.779000,6.031000,33.71
1815467356,0.578000,0.703000,-0.604000,-65.695000,58.504000,9.634000,33.57
1815477103,0.561000,0.697000,-0.575000,-70.397000,51.374000,15.893000,33.71
1815486169,0.594000,0.680000,-0.575000,-73.603000,44.855000,23.496000,33.61
1815497217,0.583000,0.681000,-0.562000,-75.130000,41.328000,30.595000,33.57
1815507550,0.520000,0.699000,-0.528000,-76.565000,35.160000,38.580000,33.61
1815517419,0.567000,0.733000,-0.518000,-82.565000,25.771000,46.031000,33.66
1815523899,0.619000,0.706000,-0.472000,-82.916000,22.855000,48.168000,33.61
1815536439,0.632000,0.745000,-0.447000,-84.229000,17.191000,52.763000,33.71
1815544504,0.745000,0.703000,-0.442000,-82.672000,12.626000,53.359000,33.61
1815558931,0.728000,0.707000,-0.465000,-79.847000,16.550000,54.687000,33.57
1815565462,0.681000,0.687000,-0.464000,-78.992000,15.313000,57.969000,33.61
1815580218,0.655000,0.678000,-0.459000,-79.710000,12.687000,61.298000,33.57
1815587227,0.624000,0.649000,-0.462000,-81.756000,7.618000,64.198000,33.71
1815593958,0.645000,0.597000,-0.470000,-84.443000,2.076000,67.023000,33.57
1815605886,0.689000,0.554000,-0.436000,-81.527000,2.198000,66.427000,33.52
1815617956,0.706000,0.541000,-0.439000,-77.573000,1.481000,66.718000,33.66
1815624618,0.741000,0.529000,-0.459000,-75.099000,1.252000,66.473000,33.61
1815637031,0.800000,0.513000,-0.441000,-71.832000,4.611000,63.496000,33.75
1815645208,0.819000,0.506000,-0.414000,-66.137000,8.000000,58.794000,33.61
1815659079,0.790000,0.526000,-0.415000,-62.977000,10.733000,55.206000,33.66
1815666106,0.798000,0.522000,-0.427000,-63.679000,11.496000,52.901000,33.71
1815677646,0.842000,0.489000,-0.414000,-62.901000,14.183000,47.450000,33.66
1815687292,0.897000,0.446000,-0.386000,-56.809000,18.748000,41.740000,33.61
1815697713,0.973000,0.418000,-0.371000,-47.450000,28.473000,34.473000,33.57
1815706884,0.942000,0.456000,-0.367000,-38.809000,36.092000,28.840000,33.71
1815716412,0.947000,0.479000,-0.382000,-34.275000,41.496000,25.603000,33.66
1815725095,0.958000,0.491000,-0.354000,-30.214000,46.321000,21.084000,33.61
1815732170,0.948000,0.521000,-0.343000,-25.420000,50.855000,16.809000,33.75
1815748578,0.932000,0.554000,-0.333000,-24.809000,53.481000,13.084000,33.61
1815757984,0.959000,0.540000,-0.307000,-24.901000,56.229000,7.954000,33.57
1815764888,0.960000,0.527000,-0.267000,-19.328000,58.214000,2.305000,33.52
1815776061,0.931000,0.573000,-0.256000,-17.756000,57.359000,-0.092000,33.61
1815785510,0.958000,0.565000,-0.226000,-14.977000,56.870000,-4.092000,33.66
1815797279,0.887000,0.634000,-0.230000,-15.328000,52.672000,-3.359000,33.61
1815808576,0.908000,0.625000,-0.192000,-18.534000,43.725000,-2.534000,33.57
1815817498,0.937000,0.606000,-0.154000,-18.229000,39.313000,-2.611000,33.61
1815825514,0.942000,0.604000,-0.140000,-15.389000,34.977000,-3.618000,33.66
1815832643,0.952000,0.614000,-0.156000,-12.962000,30.809000,-3.191000,33.61
1815848254,0.929000,0.702000,-0.018000,-12.137000,22.489000,-2.626000,33.71
1815857990,0.737000,0.620000,-0.143000,-11.985000,12.382000,-1.282000,33.52
1815865298,0.782000,0.641000,-0.096000,-16.473000,-8.153000,2.977000,33.66
1815876882,0.785000,0.605000,-0.123000,-15.115000,-18.931000,3.863000,33.71
1815886156,0.845000,0.603000,-0.130000,-14.947000,-31.649000,5.252000,33.57
1815896687,0.906000,0.581000,-0.169000,-13.695000,-37.802000,5.435000,33.71
1815906061,0.958000,0.539000,-0.154000,-7.847000,-38.962000,3.069000,33.66
1815916937,0.933000,0.546000,-0.168000,-1.084000,-37.908000,0.473000,33.71
1815926375,0.910000,0.561000,-0.187000,3.069000,-39.466000,-1.282000,33.57
1815933527,0.897000,0.564000,-0.214000,4.031000,-41.389000,-1.710000,33.61
1815949774,0.928000,0.541000,-0.234000,6.229000,-41.099000,-3.267000,33.66
1815959210,0.913000,0.532000,-0.217000,11.756000,-38.489000,-5.634000,33.61
1815965562,0.907000,0.539000,-0.244000,15.313000,-37.496000,-7.053000,33.66
1815977111,0.887000,0.537000,-0.283000,18.443000,-38.870000,-7.511000,33.61
1815986889,0.918000,0.527000,-0.323000,19.725000,-37.695000,-7.496000,33.66
1815997737,0.918000,0.515000,-0.309000,23.115000,-35.237000,-8.489000,33.61
1816006768,0.908000,0.546000,-0.315000,27.344000,-32.458000,-11.099000,33.66
1816017664,0.910000,0.563000,-0.321000,29.496000,-29.603000,-14.519000,33.71
1816026743,0.903000,0.568000,-0.310000,31.618000,-26.687000,-18.244000,33.57
1816033510,0.894000,0.593000,-0.330000,32.015000,-26.275000,-21.176000,33.52
1816045494,0.896000,0.584000,-0.340000,33.176000,-24.382000,-23.542000,33.61
1816060308,0.895000,0.580000,-0.364000,35.466000,-22.779000,-25.145000,33.57
1816066226,0.896000,0.566000,-0.349000,38.183000,-21.802000,-26.412000,33.61
1816079196,0.901000,0.571000,-0.375000,41.237000,-20.351000,-27.588000,33.61
1816089850,0.897000,0.581000,-0.377000,44.763000,-17.817000,-29.221000,33.52
1816095889,0.842000,0.605000,-0.391000,45.878000,-15.893000,-30.305000,33.66
1816108359,0.826000,0.623000,-0.376000,45.450000,-16.626000,-31.389000,33.61
1816118290,0.805000,0.626000,-0.379000,44.473000,-18.137000,-33.069000,33.66
1816126126,0.803000,0.625000,-0.401000,44.061000,-20.809000,-34.229000,33.61
1816133065,0.799000,0.615000,-0.411000,44.061000,-23.420000,-34.351000,33.66
1816145850,0.810000,0.590000,-0.414000,45.450000,-26.290000,-34.305000,33.71
1816158745,0.839000,0.576000,-0.425000,48.366000,-26.458000,-35.191000,33.61
1816164489,0.823000,0.588000,-0.419000,51.206000,-25.496000,-34.550000,33.61
1816179870,0.793000,0.607000,-0.435000,51.832000,-26.153000,-33.786000,33.57
1816186369,0.782000,0.614000,-0.438000,51.542000,-27.130000,-34.611000,33.71
1816195971,0.753000,0.624000,-0.434000,51.328000,-28.519000,-36.168000,33.57
1816206933,0.704000,0.632000,-0.450000,49.237000,-34.397000,-35.679000,33.61
1816217626,0.752000,0.591000,-0.466000,47.511000,-40.443000,-35.160000,33.57
1816225598,0.768000,0.563000,-0.480000,49.420000,-41.511000,-34.916000,33.61
1816232453,0.743000,0.547000,-0.485000,52.992000,-42.534000,-34.321000,33.66
1816245787,0.722000,0.571000,-0.499000,56.275000,-44.550000,-34.107000,33.61
1816257854,0.718000,0.578000,-0.501000,56.931000,-46.107000,-34.962000,33.66
1816264119,0.666000,0.590000,-0.491000,55.649000,-49.282000,-36.290000,33.61
1816279938,0.638000,0.599000,-0.507000,54.382000,-55.099000,-36.962000,33.66
1816289110,0.635000,0.586000,-0.524000,52.702000,-61.588000,-37.527000,33.61
1816295674,0.621000,0.583000,-0.563000,52.718000,-65.527000,-37.206000,33.66
1816308210,0.645000,0.567000,-0.566000,50.214000,-70.855000,-36.137000,33.71
1816317741,0.688000,0.501000,-0.569000,54.977000,-70.702000,-37.634000,33.57
1816325311,0.690000,0.507000,-0.562000,59.725000,-68.244000,-39.832000,33.61
1816331955,0.636000,0.541000,-0.594000,64.748000,-66.229000,-41.389000,33.66
1816346140,0.553000,0.577000,-0.596000,65.115000,-67.847000,-41.176000,33.66
1816357746,0.525000,0.604000,-0.617000,61.328000,-73.130000,-40.260000,33.61
1816364177,0.543000,0.580000,-0.576000,59.008000,-78.092000,-41.634000,33.66
1816379411,0.565000,0.569000,-0.625000,57.237000,-81.069000,-41.542000,33.61
1816389039,0.585000,0.518000,-0.653000,59.740000,-80.840000,-43.130000,33.61
1816395851,0.561000,0.443000,-0.660000,68.290000,-76.885000,-44.260000,33.61
1816407665,0.506000,0.525000,-0.726000,69.374000,-76.000000,-39.985000,33.57
1816417273,0.492000,0.522000,-0.689000,69.924000,-78.092000,-39.206000,33.61
1816424708,0.438000,0.553000,-0.680000,70.336000,-79.344000,-38.198000,33.57
1816436771,0.446000,0.547000,-0.725000,66.947000,-82.901000,-37.649000,33.61
1816446157,0.476000,0.537000,-0.719000,65.435000,-85.557000,-38.550000,33.66
1816457528,0.434000,0.510000,-0.801000,67.847000,-84.962000,-38.000000,33.61
1816464437,0.453000,0.448000,-0.841000,71.221000,-86.504000,-40.534000,33.66
1816481857,0.362000,0.461000,-0.839000,69.588000,-85.847000,-37.969000,33.52
1816489104,0.356000,0.490000,-0.793000,69.954000,-90.748000,-36.870000,33.66
1816494578,0.342000,0.511000,-0.831000,66.489000,-95.115000,-38.061000,33.71
1816508052,0.341000,0.492000,-0.868000,61.389000,-98.321000,-37.969000,33.66
1816518850,0.327000,0.467000,-0.862000,59.023000,-99.389000,-39.496000,33.61
1816524558,0.273000,0.421000,-0.916000,57.237000,-103.069000,-39.221000,33.66
1816536300,0.300000,0.385000,-0.891000,55.634000,-103.756000,-40.137000,33.61
1816547514,0.278000,0.401000,-0.854000,58.489000,-104.809000,-41.908000,33.71
1816558566,0.246000,0.416000,-0.869000,58.321000,-109.756000,-39.557000,33.66
1816566981,0.280000,0.419000,-0.904000,54.214000,-109.511000,-39.206000,33.71
1816575166,0.251000,0.405000,-0.876000,54.031000,-110.916000,-41.374000,33.66
1816586515,0.208000,0.400000,-0.929000,53.282000,-113.099000,-41.420000,33.61
1816593222,0.191000,0.340000,-0.946000,53.359000,-111.466000,-43.527000,33.66
1816607150,0.134000,0.299000,-0.898000,54.794000,-111.176000,-43.588000,33.61
1816619030,0.114000,0.322000,-0.893000,57.924000,-116.702000,-40.947000,33.57
1816623519,0.139000,0.328000,-0.917000,58.244000,-116.076000,-41.603000,33.61
1816634631,0.103000,0.335000,-0.908000,58.565000,-116.351000,-41.084000,33.66
1816646920,0.071000,0.336000,-0.933000,55.481000,-119.435000,-40.412000,33.61
1816657061,0.032000,0.312000,-0.962000,52.168000,-122.656000,-40.779000,33.66
1816665956,0.015000,0.257000,-0.993000,51.008000,-122.595000,-44.168000,33.71
1816675594,-0.027000,0.190000,-0.957000,53.328000,-118.931000,-47.130000,33.66
1816688233,-0.086000,0.189000,-0.940000,54.840000,-120.290000,-46.366000,33.61
1816696530,-0.091000,0.224000,-0.913000,55.832000,-123.313000,-44.947000,33.66
1816704794,-0.094000,0.252000,-0.902000,53.573000,-128.519000,-42.046000,33.80
1816716136,-0.064000,0.258000,-0.907000,52.244000,-131.221000,-41.725000,33.66
1816726265,-0.091000,0.222000,-0.924000,52.168000,-130.809000,-42.198000,33.57
1816733072,-0.107000,0.158000,-0.908000,55.420000,-128.260000,-44.382000,33.71
1816748428,-0.111000,0.080000,-0.967000,60.931000,-123.313000,-45.435000,33.66
1816757281,-0.119000,0.009000,-0.927000,68.214000,-114.061000,-45.237000,33.71
1816765490,-0.243000,0.052000,-0.922000,75.313000,-106.534000,-43.679000,33.61
1816775717,-0.332000,0.117000,-0.939000,75.267000,-107.374000,-41.298000,33.61
1816785947,-0.350000,0.112000,-0.947000,73.435000,-109.206000,-39.817000,33.57
1816794472,-0.413000,0.127000,-0.924000,71.130000,-111.420000,-40.046000,33.71
1816807961,-0.429000,0.140000,-0.948000,65.420000,-116.672000,-38.840000,33.66
1816817210,-0.398000,0.126000,-0.981000,61.206000,-115.237000,-42.076000,33.71
1816825404,-0.416000,0.080000,-0.962000,63.618000,-112.366000,-44.947000,33.66
1816835909,-0.436000,0.119000,-0.976000,60.870000,-112.275000,-46.336000,33.71
1816843732,-0.407000,0.074000,-0.946000,61.069000,-111.511000,-48.641000,33.66
1816856139,-0.418000,0.100000,-0.918000,62.748000,-111.557000,-51.328000,33.61
1816866561,-0.416000,0.169000,-0.953000,59.679000,-108.779000,-51.160000,33.66
1816877321,-0.441000,0.114000,-0.932000,55.145000,-110.168000,-49.756000,33.52
1816887712,-0.430000,0.053000,-0.919000,56.702000,-111.450000,-51.008000,33.66
1816897032,-0.434000,0.042000,-0.939000,57.084000,-110.015000,-52.733000,33.52
1816906280,-0.463000,0.020000,-0.918000,58.885000,-107.710000,-53.908000,33.66
1816918597,-0.521000,0.039000,-0.903000,58.595000,-105.557000,-54.229000,33.71
1816927081,-0.548000,0.027000,-0.886000,59.237000,-108.473000,-54.061000,33.57
1816933904,-0.553000,0.043000,-0.923000,56.336000,-110.412000,-52.779000,33.61
1816945712,-0.560000,0.001000,-0.884000,52.672000,-110.061000,-51.298000,33.61
1816960510,-0.590000,-0.024000,-0.850000,50.962000,-111.924000,-49.679000,33.66
1816967726,-0.582000,-0.032000,-0.873000,49.954000,-113.969000,-49.771000,33.61
1816978152,-0.562000,-0.066000,-0.893000,48.275000,-113.695000,-50.168000,33.75
1816989565,-0.599000,-0.097000,-0.853000,48.275000,-109.527000,-50.122000,33.61
1816996958,-0.690000,-0.077000,-0.851000,46.473000,-107.847000,-47.725000,33.61
1817008363,-0.701000,-0.095000,-0.779000,41.588000,-113.786000,-45.511000,33.61
1817020961,-0.641000,-0.117000,-0.742000,42.580000,-114.855000,-47.893000,33.66
1817028940,-0.634000,-0.133000,-0.769000,42.824000,-111.038000,-48.382000,33.52
1817036257,-0.600000,-0.193000,-0.741000,44.718000,-107.634000,-50.122000,33.66
1817042736,-0.616000,-0.231000,-0.689000,48.794000,-104.550000,-51.740000,33.52
1817056606,-0.682000,-0.207000,-0.716000,52.046000,-102.748000,-51.115000,33.66
1817066773,-0.750000,-0.192000,-0.723000,51.008000,-101.557000,-48.305000,33.61
1817075268,-0.743000,-0.239000,-0.668000,49.985000,-104.015000,-46.458000,33.66
1817088914,-0.743000,-0.242000,-0.680000,51.939000,-99.542000,-47.145000,33.61
1817099279,-0.816000,-0.212000,-0.641000,49.313000,-96.366000,-46.702000,33.66
1817106251,-0.816000,-0.219000,-0.596000,46.885000,-98.672000,-47.313000,33.61
1817118416,-0.784000,-0.213000,-0.572000,45.466000,-97.298000,-49.802000,33.57
1817128140,-0.777000,-0.225000,-0.564000,43.939000,-98.214000,-50.565000,33.61
1817134067,-0.715000,-0.275000,-0.559000,45.038000,-96.473000,-52.672000,33.61
1817145688,-0.740000,-0.295000,-0.544000,48.443000,-90.916000,-52.718000,33.61
1817157552,-0.765000,-0.297000,-0.526000,51.206000,-86.779000,-52.809000,33.61
1817166418,-0.792000,-0.301000,-0.482000,51.939000,-85.374000,-52.443000,33.66
1817176267,-0.819000,-0.285000,-0.490000,52.565000,-83.695000,-52.473000,33.71
1817188255,-0.848000,-0.284000,-0.476000,50.046000,-84.763000,-50.962000,33.66
1817199556,-0.844000,-0.308000,-0.464000,48.809000,-87.511000,-51.252000,33.80
1817207118,-0.810000,-0.344000,-0.479000,47.313000,-89.557000,-50.794000,33.66
1817216488,-0.857000,-0.300000,-0.449000,45.710000,-89.328000,-49.282000,33.61
1817227814,-0.880000,-0.329000,-0.456000,44.137000,-89.725000,-46.351000,33.66
1817236764,-0.870000,-0.368000,-0.416000,41.206000,-90.489000,-43.466000,33.61
1817243461,-0.846000,-0.378000,-0.371000,41.267000,-92.000000,-41.588000,33.66
1817255359,-0.802000,-0.374000,-0.345000,41.832000,-90.061000,-40.565000,33.71
1817268134,-0.807000,-0.359000,-0.348000,41.832000,-89.313000,-40.458000,33.66
1817277416,-0.818000,-0.353000,-0.317000,38.855000,-90.565000,-41.740000,33.61
1817287995,-0.830000,-0.376000,-0.314000,36.260000,-90.824000,-41.740000,33.66
1817297204,-0.863000,-0.397000,-0.301000,35.084000,-89.206000,-40.641000,33.61
1817306080,-0.869000,-0.446000,-0.287000,35.099000,-87.023000,-40.443000,33.66
1817317588,-0.856000,-0.487000,-0.281000,35.374000,-84.489000,-39.084000,33.61
1817325870,-0.822000,-0.502000,-0.201000,36.397000,-83.282000,-35.878000,33.71
1817336319,-0.797000,-0.496000,-0.176000,43.298000,-84.534000,-49.985000,33.57
1817346587,-0.804000,-0.424000,-0.215000,39.359000,-77.496000,-45.634000,33.61
1817353166,-0.846000,-0.442000,-0.202000,35.176000,-78.733000,-39.618000,33.66
1817365836,-0.799000,-0.482000,-0.155000,34.244000,-74.397000,-35.176000,33.61
1817376637,-0.818000,-0.451000,-0.164000,34.290000,-70.626000,-33.863000,33.61
1817386794,-0.822000,-0.520000,-0.149000,35.435000,-73.634000,-28.595000,33.61
1817398812,-0.820000,-0.534000,-0.125000,36.519000,-70.000000,-25.679000,33.66
1817409558,-0.757000,-0.536000,-0.128000,43.038000,-56.992000,-35.221000,33.71
1817416251,-0.876000,-0.494000,-0.126000,44.641000,-62.443000,-31.863000,33.75
1817429383,-0.833000,-0.457000,-0.154000,42.947000,-62.824000,-30.046000,33.52
1817438467,-0.806000,-0.473000,-0.128000,42.901000,-61.481000,-27.298000,33.66
1817444555,-0.810000,-0.473000,-0.097000,45.847000,-58.000000,-24.809000,33.61
1817456470,-0.787000,-0.466000,-0.116000,47.679000,-53.435000,-22.870000,33.66
1817468444,-0.811000,-0.463000,-0.096000,47.206000,-50.550000,-21.130000,33.61
1817477979,-0.831000,-0.429000,-0.107000,43.252000,-50.107000,-19.176000,33.66
1817487033,-0.843000,-0.412000,-0.106000,36.687000,-49.725000,-15.450000,33.61
1817501957,-0.836000,-0.405000,-0.093000,29.115000,-52.794000,-14.748000,33.66
1817512685,-0.818000,-0.458000,-0.062000,22.534000,-50.718000,-12.473000,33.61
1817518229,-0.808000,-0.484000,-0.037000,21.160000,-49.481000,-12.458000,33.66
1817525619,-0.777000,-0.484000,-0.044000,18.275000,-44.672000,-12.931000,33.61
1817536911,-0.792000,-0.535000,0.039000,20.290000,-47.420000,-3.649000,33.57
1817547690,-0.757000,-0.463000,-0.024000,14.122000,-40.427000,-11.313000,33.57
1817554476,-0.767000,-0.468000,-0.032000,12.489000,-39.817000,-8.382000,33.61
1817567349,-0.794000,-0.466000,-0.029000,8.366000,-37.053000,-6.092000,33.57
1817575607,-0.800000,-0.433000,-0.034000,-0.031000,-39.832000,-2.397000,33.61
1817586136,-0.791000,-0.453000,-0.003000,-6.748000,-41.618000,1.496000,33.57
1817594292,-0.744000,-0.497000,0.023000,-5.710000,-37.985000,3.557000,33.61
1817614141,-0.705000,-0.531000,0.062000,-0.718000,-32.015000,3.389000,33.61
1817619127,-0.701000,-0.520000,0.034000,5.603000,-23.756000,4.107000,33.61
1817624848,-0.746000,-0.511000,0.032000,7.359000,-22.412000,3.908000,33.57
1817637996,-0.748000,-0.472000,-0.017000,4.351000,-25.206000,4.718000,33.52
1817648437,-0.792000,-0.448000,0.070000,-0.626000,-25.588000,6.321000,33.66
1817654677,-0.746000,-0.452000,0.036000,-3.847000,-26.702000,6.931000,33.61
1817666817,-0.725000,-0.472000,0.021000,-6.626000,-25.527000,7.466000,33.66
1817678957,-0.752000,-0.459000,0.026000,-12.244000,-26.458000,6.611000,33.61
1817689641,-0.727000,-0.477000,0.052000,-15.115000,-24.443000,6.931000,33.66
1817695385,-0.742000,-0.469000,0.059000,-15.847000,-22.076000,6.947000,33.52
1817705955,-0.714000,-0.526000,0.092000,-14.336000,-18.153000,9.527000,33.57
1817718457,-0.671000,-0.531000,0.068000,-14.855000,-16.107000,7.389000,33.61
1817724486,-0.722000,-0.513000,0.108000,-17.450000,-14.779000,5.847000,33.66
1817737595,-0.746000,-0.521000,0.087000,-16.260000,-13.405000,5.802000,33.66
1817750608,-0.686000,-0.511000,0.079000,-17.282000,-12.290000,4.351000,33.61
1817755163,-0.689000,-0.556000,0.107000,-14.412000,-10.168000,4.076000,33.52
1817766334,-0.723000,-0.583000,0.076000,-8.031000,-7.802000,4.031000,33.61
1817773352,-0.683000,-0.538000,0.076000,-3.756000,-1.710000,2.443000,33.57
1817786953,-0.722000,-0.515000,0.100000,-2.504000,-1.924000,2.031000,33.61
1817795711,-0.662000,-0.490000,0.083000,-3.252000,-1.084000,0.947000,33.57
1817806021,-0.682000,-0.503000,0.080000,-4.565000,1.649000,0.031000,33.61
1817815112,-0.699000,-0.460000,0.055000,-7.939000,0.122000,-0.275000,33.66
1817824323,-0.721000,-0.474000,0.080000,-10.107000,0.641000,-0.519000,33.61
1817838649,-0.682000,-0.504000,0.078000,-10.366000,2.122000,-0.840000,33.57
1817846395,-0.682000,-0.506000,0.083000,-8.611000,5.359000,-1.695000,33.61
1817855942,-0.696000,-0.526000,0.088000,-4.214000,7.740000,-1.756000,33.57
1817862091,-0.689000,-0.529000,0.094000,-1.802000,10.534000,-2.962000,33.52
1817879308,-0.706000,-0.492000,0.078000,-0.992000,10.947000,-4.565000,33.57
1817891959,-0.741000,-0.480000,0.089000,-2.962000,8.229000,-4.183000,33.52
1817897825,-0.720000,-0.470000,0.103000,-5.985000,6.046000,-4.473000,33.57
1817907927,-0.709000,-0.484000,0.099000,-7.527000,4.962000,-4.870000,33.52
1817916896,-0.721000,-0.488000,0.107000,-9.649000,4.992000,-5.160000,33.57
1817925246,-0.731000,-0.496000,0.114000,-10.305000,4.290000,-4.641000,33.61
1817937566,-0.719000,-0.491000,0.108000,-11.435000,4.168000,-3.863000,33.61
1817944896,-0.718000,-0.494000,0.123000,-12.107000,4.000000,-3.527000,33.57
1817956167,-0.714000,-0.499000,0.123000,-11.618000,3.786000,-3.359000,33.71
1817962903,-0.714000,-0.502000,0.131000,-11.099000,4.382000,-3.023000,33.57
1817974938,-0.723000,-0.485000,0.118000,-11.313000,3.038000,-2.473000,33.61
1817989325,-0.716000,-0.492000,0.104000,-12.901000,1.802000,-1.557000,33.52
1817997023,-0.704000,-0.493000,0.124000,-12.733000,0.962000,-1.145000,33.61
1818006367,-0.700000,-0.496000,0.125000,-12.687000,1.160000,-1.023000,33.66
1818018996,-0.698000,-0.500000,0.135000,-11.740000,1.924000,-1.084000,33.71
1818025641,-0.712000,-0.499000,0.121000,-10.931000,2.611000,-0.702000,33.66
1818036383,-0.713000,-0.498000,0.105000,-10.977000,2.794000,-0.733000,33.52
1818045334,-0.724000,-0.488000,0.123000,-11.053000,1.618000,-0.565000,33.57
1818056456,-0.723000,-0.494000,0.125000,-11.634000,0.305000,0.076000,33.61
1818063149,-0.718000,-0.487000,0.120000,-12.412000,-0.779000,0.611000,33.57
1818075327,-0.720000,-0.489000,0.127000,-12.962000,-2.153000,0.992000,33.61
1818088017,-0.709000,-0.493000,0.117000,-13.786000,-2.870000,1.481000,33.75
1818097749,-0.709000,-0.490000,0.115000,-14.260000,-1.954000,1.206000,33.71
1818107574,-0.714000,-0.500000,0.136000,-14.107000,-1.710000,1.710000,33.66
1818120902,-0.709000,-0.515000,0.142000,-12.336000,-0.626000,1.252000,33.61
1818125890,-0.707000,-0.510000,0.123000,-12.183000,0.046000,0.870000,33.66
1818136306,-0.734000,-0.490000,0.114000,-12.153000,-1.786000,2.046000,33.61
1818148821,-0.719000,-0.490000,0.131000,-13.160000,-3.496000,2.901000,33.61
1818156837,-0.693000,-0.504000,0.127000,-12.626000,-3.573000,2.351000,33.66
1818163742,-0.704000,-0.493000,0.126000,-12.198000,-2.122000,1.267000,33.61
1818175874,-0.722000,-0.485000,0.121000,-12.550000,-3.206000,2.000000,33.66
1818188009,-0.703000,-0.492000,0.130000,-13.710000,-4.641000,2.519000,33.52
1818197515,-0.698000,-0.504000,0.132000,-13.344000,-3.588000,2.382000,33.66
1818207802,-0.702000,-0.505000,0.134000,-12.992000,-2.763000,2.153000,33.61
1818219130,-0.696000,-0.509000,0.133000,-11.908000,-2.702000,1.618000,33.66
1818226910,-0.694000,-0.514000,0.130000,-10.779000,-3.023000,1.221000,33.61
1818237155,-0.708000,-0.502000,0.126000,-10.519000,-2.626000,1.084000,33.57
1818246459,-0.705000,-0.497000,0.141000,-9.969000,-3.908000,1.527000,33.61
1818257435,-0.683000,-0.491000,0.149000,-9.435000,-4.076000,1.771000,33.57
1818264188,-0.677000,-0.491000,0.139000,-8.672000,-2.473000,1.557000,33.71
1818277055,-0.686000,-0.496000,0.133000,-8.412000,-0.992000,1.206000,33.57
1818289264,-0.700000,-0.491000,0.120000,-8.702000,0.305000,1.252000,33.61
1818299521,-0.709000,-0.494000,0.129000,-8.687000,-0.321000,1.832000,33.66
1818305505,-0.702000,-0.488000,0.130000,-9.084000,-0.321000,1.405000,33.61
1818318733,-0.686000,-0.497000,0.130000,-8.489000,0.214000,0.580000,33.57
1818328437,-0.693000,-0.490000,0.124000,-7.985000,-0.183000,-0.076000,33.61
1818335727,-0.701000,-0.507000,0.135000,-7.221000,-1.450000,-0.244000,33.66
1818347347,-0.688000,-0.508000,0.130000,-6.198000,-1.359000,-1.237000,33.57
1818359006,-0.697000,-0.515000,0.133000,-4.595000,-1.420000,-1.450000,33.61
1818365054,-0.707000,-0.508000,0.127000,-3.359000,-1.603000,-1.573000,33.71
1818371907,-0.691000,-0.515000,0.146000,-2.382000,-1.359000,-1.939000,33.61
1818385225,-0.687000,-0.518000,0.119000,-1.969000,-0.168000,-2.321000,33.57
1818396966,-0.684000,-0.501000,0.130000,-1.420000,0.824000,-2.550000,33.61
1818405790,-0.683000,-0.481000,0.129000,-1.573000,1.954000,-2.794000,33.66
1818419095,-0.672000,-0.495000,0.124000,-1.802000,2.840000,-2.824000,33.61
1818426269,-0.666000,-0.497000,0.123000,-1.344000,3.954000,-2.885000,33.57
1818436216,-0.642000,-0.483000,0.126000,0.198000,5.359000,-3.252000,33.71
1818447994,-0.656000,-0.500000,0.131000,2.992000,8.229000,-2.321000,33.66
1818459804,-0.664000,-0.491000,0.101000,3.878000,9.511000,-2.595000,33.61
1818466348,-0.693000,-0.498000,0.114000,5.115000,10.244000,-2.107000,33.66
1818473371,-0.713000,-0.491000,0.110000,6.092000,9.221000,-2.214000,33.52
1818485885,-0.725000,-0.479000,0.107000,5.908000,8.031000,-2.092000,33.66
1818498603,-0.717000,-0.487000,0.108000,6.275000,7.634000,-2.153000,33.61
1818506436,-0.714000,-0.490000,0.105000,5.634000,8.718000,-3.206000,33.66
1818515438,-0.720000,-0.521000,0.108000,7.053000,7.618000,-2.947000,33.61
1818526937,-0.728000,-0.507000,0.118000,7.649000,9.191000,-3.634000,33.57
1818536625,-0.732000,-0.525000,0.108000,7.679000,7.008000,-4.198000,33.66
1818546385,-0.736000,-0.501000,0.112000,6.397000,7.023000,-3.924000,33.52
1818558243,-0.738000,-0.506000,0.118000,6.336000,6.748000,-3.771000,33.66
1818564071,-0.747000,-0.502000,0.137000,6.992000,6.122000,-3.588000,33.61
1818575358,-0.749000,-0.497000,0.135000,6.427000,5.939000,-3.206000,33.57
1818588068,-0.757000,-0.506000,0.128000,6.122000,5.466000,-2.794000,33.61
1818599142,-0.732000,-0.531000,0.130000,6.168000,5.588000,-2.534000,33.71
1818604223,-0.726000,-0.519000,0.107000,6.260000,6.519000,-3.420000,33.61
1818615482,-0.751000,-0.503000,0.110000,5.191000,6.336000,-2.550000,33.57
1818627295,-0.740000,-0.507000,0.116000,4.198000,5.008000,-1.405000,33.61
1818636420,-0.722000,-0.499000,0.118000,4.260000,5.160000,-1.115000,33.66
1818647386,-0.709000,-0.503000,0.114000,4.779000,6.076000,-0.962000,33.61
1818655040,-0.702000,-0.492000,0.111000,4.931000,6.626000,-0.779000,33.66
1818665353,-0.694000,-0.500000,0.120000,5.237000,7.344000,-0.748000,33.61
1818672262,-0.688000,-0.488000,0.109000,5.450000,7.893000,-1.115000,33.57
1818689421,-0.696000,-0.490000,0.090000,5.695000,8.076000,-1.023000,33.71
1818701187,-0.715000,-0.486000,0.088000,4.748000,8.107000,-0.992000,33.66
1818706785,-0.727000,-0.488000,0.078000,3.344000,6.885000,-0.672000,33.52
1818717214,-0.731000,-0.485000,0.084000,1.710000,5.710000,-0.504000,33.66
1818727236,-0.723000,-0.488000,0.093000,0.855000,3.985000,-0.031000,33.75
1818735473,-0.704000,-0.493000,0.096000,0.321000,3.649000,-0.366000,33.52
1818746029,-0.704000,-0.486000,0.096000,-0.412000,3.893000,-0.427000,33.52
1818761962,-0.705000,-0.493000,0.099000,-1.527000,2.641000,-0.168000,33.71
1818767666,-0.690000,-0.494000,0.125000,-1.359000,2.580000,-0.534000,33.57
1818773780,-0.694000,-0.489000,0.112000,-0.977000,3.298000,-1.008000,33.61
1818789676,-0.716000,-0.487000,0.107000,-1.298000,2.901000,-0.733000,33.57
1818797770,-0.715000,-0.494000,0.112000,-1.924000,2.305000,-0.351000,33.71
1818807927,-0.710000,-0.487000,0.102000,-3.160000,2.000000,-0.824000,33.57
1818814552,-0.720000,-0.493000,0.107000,-2.672000,1.481000,-0.641000,33.61
1818829382,-0.711000,-0.496000,0.102000,-4.092000,0.427000,-0.702000,33.57
1818836741,-0.697000,-0.509000,0.104000,-3.221000,1.588000,-1.939000,33.61
1818848867,-0.702000,-0.501000,0.078000,-4.183000,2.656000,-2.870000,33.57
1818859902,-0.705000,-0.503000,0.076000,-6.412000,4.229000,-2.992000,33.61
1818865889,-0.698000,-0.506000,0.131000,-6.977000,5.939000,-1.847000,33.57
1818874848,-0.683000,-0.510000,0.143000,-4.214000,7.511000,-1.618000,33.52
1818880545,-0.703000,-0.487000,0.102000,-3.695000,10.565000,-2.382000,33.57
1818899508,-0.727000,-0.478000,0.081000,-4.702000,10.626000,-1.420000,33.52
1818909475,-0.709000,-0.496000,0.099000,-4.107000,11.771000,-1.374000,33.57
1818914849,-0.701000,-0.509000,0.081000,-3.527000,14.107000,-1.863000,33.57
1818927734,-0.739000,-0.496000,0.059000,-3.496000,13.954000,-1.099000,33.61
1818934918,-0.738000,-0.484000,0.041000,-4.427000,11.099000,0.351000,33.57
1818945344,-0.777000,-0.443000,0.040000,-7.847000,8.153000,0.794000,33.61
1818956920,-0.758000,-0.465000,0.031000,-10.885000,6.443000,0.748000,33.57
1818967600,-0.717000,-0.473000,0.058000,-12.885000,8.427000,0.366000,33.61
1818975592,-0.716000,-0.501000,0.113000,-11.023000,10.336000,3.481000,33.66
1818982422,-0.691000,-0.487000,0.098000,-10.977000,15.221000,2.397000,33.61
1819000762,-0.733000,-0.499000,0.065000,-10.214000,16.565000,3.038000,33.57
1819009916,-0.745000,-0.492000,0.049000,-12.382000,15.115000,3.679000,33.52
1819017169,-0.731000,-0.518000,0.065000,-11.221000,14.809000,5.038000,33.57
1819028198,-0.729000,-0.490000,0.048000,-11.679000,16.855000,4.031000,33.61
1819038526,-0.744000,-0.517000,0.071000,-10.595000,14.992000,5.511000,33.57
1819045048,-0.732000,-0.507000,0.041000,-9.344000,18.122000,4.718000,33.71
1819055681,-0.764000,-0.499000,0.030000,-10.534000,19.588000,4.687000,33.66
1819067529,-0.757000,-0.497000,0.061000,-10.489000,19.008000,5.618000,33.61
1819076132,-0.742000,-0.526000,0.024000,-10.046000,20.992000,5.603000,33.66
1819082895,-0.762000,-0.521000,0.048000,-9.389000,22.366000,6.092000,33.57
1819096221,-0.788000,-0.499000,0.016000,-11.756000,21.176000,6.321000,33.61
1819106746,-0.781000,-0.475000,0.053000,-16.962000,15.954000,8.031000,33.57
1819115579,-0.726000,-0.510000,0.010000,-19.038000,15.908000,8.992000,33.71
1819127825,-0.711000,-0.541000,0.030000,-17.435000,21.145000,7.496000,33.61
1819134851,-0.721000,-0.561000,0.040000,-12.763000,26.122000,6.809000,33.71
1819148202,-0.732000,-0.509000,0.030000,-10.595000,30.015000,5.924000,33.66
1819157909,-0.750000,-0.476000,0.028000,-14.168000,30.718000,6.000000,33.52
1819166381,-0.741000,-0.474000,0.046000,-15.206000,32.794000,6.260000,33.66
1819176368,-0.740000,-0.472000,0.010000,-15.481000,34.489000,7.298000,33.61
1819183185,-0.711000,-0.515000,-0.033000,-15.802000,37.145000,8.183000,33.66
1819200258,-0.728000,-0.535000,-0.029000,-10.183000,40.260000,8.336000,33.71
1819206624,-0.722000,-0.502000,-0.057000,-8.397000,39.832000,8.412000,33.66
1819215413,-0.734000,-0.425000,-0.057000,-10.794000,40.000000,7.771000,33.52
1819228288,-0.759000,-0.420000,-0.071000,-12.962000,39.191000,9.069000,33.66
1819238340,-0.742000,-0.416000,-0.055000,-15.176000,39.298000,9.954000,33.61
1819245769,-0.732000,-0.426000,-0.079000,-17.786000,39.206000,10.992000,33.66
1819257153,-0.733000,-0.435000,-0.081000,-17.969000,41.725000,10.321000,33.71
1819268926,-0.747000,-0.448000,-0.092000,-14.901000,43.573000,11.389000,33.66
1819275582,-0.755000,-0.424000,-0.104000,-15.802000,41.634000,10.321000,33.61
1819282634,-0.773000,-0.459000,-0.138000,-17.038000,38.382000,10.565000,33.71
1819301275,-0.761000,-0.484000,-0.080000,-15.878000,36.794000,10.321000,33.66
1819307543,-0.757000,-0.491000,-0.111000,-13.710000,37.634000,10.519000,33.61
1819314423,-0.774000,-0.452000,-0.091000,-13.542000,38.290000,11.740000,33.66
1819329561,-0.789000,-0.436000,-0.105000,-14.336000,40.412000,12.870000,33.61
1819340222,-0.786000,-0.445000,-0.113000,-14.824000,41.053000,15.206000,33.66
1819346033,-0.762000,-0.463000,-0.125000,-15.557000,43.664000,15.466000,33.71
1819357295,-0.769000,-0.485000,-0.110000,-13.771000,46.550000,16.992000,33.75
1819369393,-0.770000,-0.440000,-0.120000,-12.489000,47.374000,18.443000,33.71
1819375626,-0.766000,-0.409000,-0.193000,-13.740000,47.359000,17.466000,33.57
1819386393,-0.774000,-0.452000,-0.162000,-15.832000,46.748000,17.466000,33.71
1819397955,-0.802000,-0.448000,-0.190000,-12.702000,47.679000,16.076000,33.57
1819408063,-0.795000,-0.442000,-0.169000,-12.687000,44.504000,14.534000,33.61
1819415621,-0.793000,-0.442000,-0.155000,-13.435000,46.351000,15.160000,33.57
1819427499,-0.799000,-0.418000,-0.143000,-12.382000,46.992000,16.076000,33.61
1819439829,-0.758000,-0.404000,-0.183000,-13.939000,45.511000,17.374000,33.66
1819444832,-0.719000,-0.431000,-0.186000,-15.008000,47.618000,17.802000,33.61
1819456584,-0.726000,-0.417000,-0.190000,-12.916000,50.580000,19.435000,33.57
1819467261,-0.745000,-0.400000,-0.211000,-14.290000,52.748000,20.992000,33.61
1819475263,-0.752000,-0.390000,-0.261000,-15.939000,52.489000,19.924000,33.71
1819485138,-0.823000,-0.423000,-0.242000,-15.542000,52.916000,20.641000,33.66
1819490850,-0.838000,-0.414000,-0.268000,-17.282000,51.008000,20.275000,33.52
1819507849,-0.822000,-0.404000,-0.299000,-19.176000,49.267000,19.679000,33.61
1819516869,-0.812000,-0.400000,-0.257000,-20.305000,46.931000,19.893000,33.61
1819523664,-0.779000,-0.417000,-0.277000,-21.008000,47.557000,19.435000,33.75
1819537501,-0.756000,-0.427000,-0.259000,-21.771000,50.641000,19.206000,33.52
1819546362,-0.764000,-0.396000,-0.277000,-21.221000,51.969000,18.672000,33.66
1819557176,-0.776000,-0.344000,-0.350000,-25.374000,52.122000,19.008000,33.61
1819567014,-0.732000,-0.405000,-0.331000,-26.977000,50.565000,17.847000,33.66
1819577583,-0.737000,-0.432000,-0.293000,-24.519000,52.656000,17.099000,33.52
1819583628,-0.766000,-0.381000,-0.334000,-25.069000,54.611000,17.573000,33.66
1819596783,-0.759000,-0.383000,-0.336000,-25.466000,55.618000,16.565000,33.61
1819610132,-0.761000,-0.397000,-0.332000,-24.763000,55.908000,15.252000,33.66
1819622586,-0.752000,-0.387000,-0.344000,-27.878000,56.168000,15.053000,33.71
1819629450,-0.769000,-0.389000,-0.376000,-28.962000,58.947000,12.656000,33.66
1819635416,-0.808000,-0.361000,-0.398000,-31.145000,55.832000,16.046000,33.71
1819651486,-0.723000,-0.395000,-0.388000,-34.641000,55.542000,18.229000,33.66
1819653686,-0.722000,-0.415000,-0.358000,-26.733000,58.458000,20.275000,33.52
1819668050,-0.734000,-0.336000,-0.418000,-26.214000,58.427000,20.565000,33.61
1819675879,-0.734000,-0.342000,-0.409000,-27.008000,58.168000,20.321000,33.66
1819683903,-0.741000,-0.332000,-0.391000,-28.565000,57.237000,20.290000,33.61
1819694467,-0.752000,-0.302000,-0.361000,-25.740000,54.977000,17.908000,33.57
1819707760,-0.743000,-0.284000,-0.437000,-32.412000,55.649000,19.191000,33.61
1819717277,-0.756000,-0.333000,-0.423000,-31.389000,57.588000,18.763000,33.66
1819726444,-0.778000,-0.276000,-0.451000,-34.000000,54.962000,19.969000,33.61
1819733121,-0.752000,-0.321000,-0.452000,-32.061000,53.664000,19.802000,33.52
1819745379,-0.732000,-0.326000,-0.456000,-33.420000,51.649000,19.924000,33.71
1819757074,-0.741000,-0.315000,-0.493000,-31.756000,52.885000,20.305000,33.57
1819767922,-0.748000,-0.295000,-0.480000,-32.763000,52.107000,20.351000,33.61
1819778033,-0.765000,-0.218000,-0.495000,-36.275000,50.198000,20.763000,33.57
1819786431,-0.729000,-0.304000,-0.494000,-34.672000,50.076000,19.542000,33.61
1819793251,-0.738000,-0.283000,-0.485000,-33.359000,51.374000,19.008000,33.57
1819805138,-0.720000,-0.294000,-0.532000,-34.290000,48.763000,19.053000,33.61
1819817899,-0.713000,-0.311000,-0.511000,-32.397000,47.527000,18.580000,33.66
1819827148,-0.720000,-0.264000,-0.496000,-32.305000,45.435000,19.267000,33.52
1819837738,-0.702000,-0.268000,-0.534000,-28.611000,46.748000,18.061000,33.66
1819852339,-0.689000,-0.231000,-0.536000,-29.389000,46.092000,16.504000,33.71
1819857415,-0.690000,-0.223000,-0.527000,-30.794000,48.489000,15.344000,33.66
1819868647,-0.678000,-0.223000,-0.547000,-31.649000,48.458000,14.962000,33.61
1819876350,-0.676000,-0.229000,-0.550000,-31.359000,49.435000,12.656000,33.66
1819886973,-0.681000,-0.239000,-0.583000,-32.489000,49.389000,13.511000,33.71
1819891635,-0.707000,-0.172000,-0.658000,-30.977000,51.313000,14.366000,33.66
1819903661,-0.712000,-0.267000,-0.593000,-28.794000,47.405000,13.542000,33.61
1819916587,-0.735000,-0.212000,-0.617000,-27.817000,46.305000,14.672000,33.57
1819924248,-0.700000,-0.197000,-0.614000,-31.023000,43.740000,13.863000,33.61
1819936859,-0.697000,-0.181000,-0.611000,-32.672000,44.076000,13.634000,33.71
1819949451,-0.683000,-0.174000,-0.607000,-34.427000,44.137000,12.595000,33.66
1819956578,-0.682000,-0.171000,-0.599000,-36.046000,42.076000,10.656000,33.61
1819966582,-0.626000,-0.158000,-0.634000,-34.885000,42.092000,11.359000,33.71
1819976905,-0.635000,-0.194000,-0.630000,-33.267000,42.656000,10.061000,33.61
1819984608,-0.633000,-0.218000,-0.647000,-31.847000,40.366000,12.198000,33.57
1819995880,-0.657000,-0.188000,-0.648000,-28.107000,41.099000,13.603000,33.71
1820002436,-0.632000,-0.164000,-0.643000,-27.221000,42.305000,13.313000,33.66
1820015903,-0.618000,-0.138000,-0.621000,-26.855000,42.855000,14.534000,33.61
1820028913,-0.615000,-0.143000,-0.651000,-27.374000,45.237000,14.550000,33.66
1820033725,-0.642000,-0.145000,-0.661000,-26.397000,42.397000,13.695000,33.61
1820046172,-0.630000,-0.114000,-0.688000,-27.985000,41.695000,11.939000,33.57
1820057656,-0.630000,-0.163000,-0.700000,-26.473000,41.527000,12.260000,33.52
1820065350,-0.609000,-0.153000,-0.710000,-27.084000,41.069000,13.359000,33.66
1820077429,-0.615000,-0.174000,-0.702000,-25.084000,41.985000,15.191000,33.61
1820085187,-0.609000,-0.135000,-0.760000,-25.802000,39.099000,16.885000,33.57
1820095128,-0.563000,-0.187000,-0.687000,-21.542000,41.740000,17.374000,33.61
1820106493,-0.601000,-0.116000,-0.730000,-21.786000,41.740000,18.183000,33.66
1820119245,-0.577000,-0.117000,-0.715000,-21.145000,43.084000,16.977000,33.52
1820130891,-0.613000,-0.071000,-0.752000,-22.794000,42.870000,17.542000,33.75
1820136030,-0.600000,-0.112000,-0.756000,-24.061000,42.794000,16.687000,33.61
1820147457,-0.620000,-0.106000,-0.733000,-26.443000,40.840000,17.511000,33.66
1820159973,-0.585000,-0.116000,-0.740000,-27.145000,39.802000,18.275000,33.57
1820165462,-0.570000,-0.115000,-0.753000,-24.916000,39.511000,18.794000,33.61
1820177515,-0.542000,-0.135000,-0.694000,-18.321000,37.466000,17.344000,33.66
1820188188,-0.539000,-0.067000,-0.737000,-17.634000,39.374000,17.908000,33.52
1820196640,-0.565000,-0.063000,-0.775000,-20.809000,38.992000,19.099000,33.61
1820205287,-0.558000,-0.078000,-0.760000,-21.267000,39.206000,19.756000,33.71
1820210962,-0.553000,-0.079000,-0.757000,-21.664000,39.053000,19.252000,33.75
1820229861,-0.532000,-0.069000,-0.768000,-21.802000,40.611000,18.901000,33.61
1820239303,-0.551000,-0.056000,-0.792000,-23.725000,42.153000,19.084000,33.57
1820244200,-0.547000,-0.086000,-0.790000,-22.519000,42.412000,18.321000,33.61
1820260304,-0.531000,-0.094000,-0.799000,-22.641000,41.191000,18.427000,33.66
1820267786,-0.540000,-0.076000,-0.806000,-22.000000,40.916000,18.351000,33.52
1820274858,-0.546000,-0.039000,-0.811000,-23.435000,41.649000,18.336000,33.66
1820287944,-0.521000,-0.077000,-0.798000,-24.031000,40.641000,18.916000,33.61
1820296549,-0.522000,-0.076000,-0.792000,-24.107000,41.221000,18.870000,33.66
1820304166,-0.512000,-0.065000,-0.796000,-23.099000,41.237000,18.641000,33.61
1820315596,-0.496000,-0.054000,-0.805000,-22.840000,40.733000,17.298000,33.66
1820325742,-0.489000,-0.042000,-0.785000,-21.511000,40.366000,14.977000,33.71
1820337795,-0.490000,-0.032000,-0.824000,-20.092000,40.901000,13.145000,33.66
1820346680,-0.480000,-0.038000,-0.813000,-22.305000,40.122000,13.115000,33.61
1820355572,-0.477000,-0.052000,-0.807000,-21.344000,41.160000,13.282000,33.66
1820367256,-0.470000,-0.017000,-0.808000,-20.885000,40.718000,13.832000,33.57
1820373609,-0.439000,0.004000,-0.830000,-19.084000,42.718000,12.534000,33.61
1820386676,-0.435000,0.003000,-0.833000,-20.733000,43.115000,12.351000,33.66
1820399003,-0.452000,-0.009000,-0.823000,-20.198000,42.870000,11.756000,33.61
1820403352,-0.434000,0.005000,-0.823000,-19.603000,40.901000,11.344000,33.66
1820414757,-0.470000,0.075000,-0.903000,-22.962000,39.557000,11.069000,33.61
1820426645,-0.453000,-0.060000,-0.829000,-21.267000,40.260000,11.710000,33.61
1820435692,-0.461000,-0.005000,-0.875000,-21.649000,37.924000,11.481000,33.61
1820446878,-0.469000,-0.013000,-0.827000,-21.924000,36.015000,11.023000,33.57
1820455684,-0.468000,0.039000,-0.872000,-23.008000,32.656000,10.153000,33.71
1820468240,-0.428000,0.024000,-0.849000,-24.275000,30.305000,8.519000,33.57
1820476391,-0.433000,0.035000,-0.869000,-24.718000,28.473000,8.443000,33.61
1820485876,-0.412000,0.031000,-0.846000,-25.038000,27.725000,6.824000,33.57
1820496225,-0.382000,0.029000,-0.864000,-24.901000,26.672000,7.649000,33.61
1820504574,-0.334000,-0.000000,-0.918000,-26.031000,25.863000,6.595000,33.57
1820514145,-0.339000,-0.033000,-0.868000,-17.878000,27.832000,10.366000,33.71
1820528010,-0.344000,0.025000,-0.889000,-14.901000,27.786000,10.611000,33.66
1820536195,-0.407000,0.107000,-0.907000,-15.008000,27.496000,9.756000,33.61
1820545659,-0.404000,0.078000,-0.907000,-16.122000,26.550000,7.221000,33.66
1820555793,-0.413000,0.065000,-0.893000,-19.618000,24.305000,6.229000,33.71
1820566450,-0.408000,0.066000,-0.905000,-20.885000,21.817000,5.237000,33.71
1820576435,-0.383000,0.056000,-0.908000,-21.405000,21.298000,4.489000,33.61
1820585000,-0.365000,0.081000,-0.915000,-21.359000,19.481000,4.672000,33.61
1820600627,-0.347000,0.081000,-0.939000,-20.473000,20.000000,4.473000,33.66
1820604964,-0.338000,0.085000,-0.918000,-21.939000,20.122000,5.511000,33.71
1820614456,-0.334000,0.101000,-0.931000,-21.573000,21.023000,5.527000,33.66
1820628455,-0.337000,0.118000,-0.923000,-21.908000,20.397000,5.191000,33.61
1820637002,-0.305000,0.113000,-0.936000,-20.885000,21.786000,4.000000,33.66
1820645911,-0.323000,0.119000,-0.942000,-21.221000,22.962000,2.672000,33.61
1820655793,-0.339000,0.125000,-0.943000,-22.641000,22.214000,1.053000,33.75
1820669714,-0.371000,0.189000,-0.944000,-26.183000,21.634000,0.168000,33.61
1820677031,-0.364000,0.164000,-0.955000,-32.107000,18.977000,0.931000,33.75
1820686369,-0.295000,0.107000,-0.947000,-32.489000,18.107000,0.870000,33.61
1820697600,-0.319000,0.136000,-0.953000,-29.527000,19.649000,2.229000,33.66
1820704481,-0.300000,0.137000,-0.952000,-29.328000,19.649000,3.832000,33.61
1820715020,-0.265000,0.092000,-0.945000,-28.183000,20.427000,5.725000,33.57
1820729406,-0.313000,0.109000,-0.946000,-27.221000,21.985000,7.832000,33.52
1820740507,-0.370000,0.125000,-0.952000,-28.992000,20.092000,10.061000,33.57
1820747827,-0.312000,0.081000,-0.924000,-29.130000,17.695000,10.763000,33.61
1820754072,-0.294000,0.093000,-0.934000,-26.229000,18.840000,10.824000,33.66
1820765748,-0.326000,0.092000,-0.921000,-24.794000,19.359000,10.397000,33.61
1820777065,-0.311000,0.122000,-0.928000,-23.817000,19.298000,9.771000,33.57
1820786409,-0.305000,0.145000,-0.936000,-25.191000,20.656000,7.939000,33.66
1820796258,-0.340000,0.139000,-0.938000,-27.053000,20.244000,5.557000,33.61
1820804978,-0.331000,0.121000,-0.945000,-25.924000,20.000000,2.061000,33.52
1820815003,-0.356000,0.139000,-0.932000,-29.481000,17.603000,2.779000,33.71
1820829364,-0.346000,0.127000,-0.925000,-29.221000,16.153000,2.916000,33.57
1820839698,-0.335000,0.138000,-0.928000,-28.275000,17.008000,5.023000,33.52
1820847354,-0.325000,0.112000,-0.904000,-26.443000,14.931000,8.595000,33.57
1820854936,-0.285000,0.149000,-0.907000,-23.573000,13.573000,9.817000,33.52
1820867933,-0.272000,0.182000,-0.917000,-20.656000,14.763000,11.511000,33.57
1820876826,-0.282000,0.204000,-0.945000,-17.969000,17.282000,11.771000,33.71
1820885032,-0.263000,0.192000,-0.923000,-17.924000,17.771000,10.748000,33.57
1820896835,-0.292000,0.189000,-0.943000,-15.557000,18.947000,9.908000,33.52
1820908154,-0.289000,0.193000,-0.928000,-15.908000,19.008000,9.863000,33.66
1820914848,-0.281000,0.198000,-0.931000,-15.252000,18.794000,8.916000,33.61
1820920657,-0.315000,0.216000,-0.936000,-17.237000,19.145000,8.244000,33.66
1820940038,-0.296000,0.207000,-0.902000,-18.443000,17.389000,6.931000,33.52
1820949143,-0.263000,0.202000,-0.944000,-18.107000,16.015000,7.038000,33.57
1820955982,-0.245000,0.169000,-0.949000,-18.412000,17.634000,8.473000,33.71
1820968325,-0.252000,0.159000,-0.958000,-14.885000,18.015000,9.618000,33.71
1820974789,-0.225000,0.179000,-0.952000,-13.542000,18.565000,9.771000,33.66
1820985706,-0.226000,0.219000,-0.954000,-13.511000,20.473000,7.939000,33.61
1820997022,-0.244000,0.228000,-0.950000,-15.496000,23.405000,4.000000,33.66
1821007883,-0.256000,0.211000,-0.951000,-16.076000,23.389000,0.000000,33.61
1821015110,-0.198000,0.154000,-0.962000,-14.611000,24.916000,-4.840000,33.66
1821021911,-0.190000,0.115000,-0.962000,-10.168000,29.756000,-6.824000,33.61
1821040060,-0.238000,0.164000,-0.962000,-6.260000,29.725000,-5.756000,33.66
1821049084,-0.167000,0.132000,-1.001000,-5.450000,33.069000,-5.863000,33.61
1821055830,-0.250000,0.164000,-0.980000,-4.214000,37.420000,-3.420000,33.66
1821068150,-0.253000,0.198000,-0.970000,-6.198000,34.656000,-0.641000,33.71
1821077826,-0.166000,0.210000,-0.961000,-4.565000,34.794000,-1.618000,33.57
1821085196,-0.133000,0.209000,-0.984000,-1.557000,39.053000,-2.779000,33.61
1821096553,-0.165000,0.221000,-0.964000,1.664000,41.863000,-4.214000,33.57
1821106671,-0.141000,0.297000,-0.987000,2.595000,41.756000,-7.802000,33.61
1821115265,-0.172000,0.322000,-1.033000,-2.702000,42.122000,-11.160000,33.66
1821122263,-0.245000,0.289000,-0.981000,-3.985000,42.229000,-11.084000,33.71
1821140080,-0.262000,0.290000,-1.011000,-7.405000,36.611000,-9.664000,33.66
1821149147,-0.262000,0.271000,-0.989000,-9.847000,33.252000,-6.901000,33.71
1821156076,-0.219000,0.252000,-0.992000,-10.366000,28.962000,-1.939000,33.57
1821168218,-0.155000,0.232000,-0.987000,-8.702000,28.962000,2.000000,33.61
1821178088,-0.123000,0.273000,-1.009000,-5.985000,32.458000,4.870000,33.66
1821184910,-0.115000,0.308000,-1.003000,-5.176000,33.099000,5.008000,33.61
1821196839,-0.164000,0.312000,-0.999000,-7.206000,34.458000,5.099000,33.57
1821209439,-0.174000,0.334000,-0.993000,-9.863000,33.389000,4.336000,33.66
1821216193,-0.187000,0.322000,-0.999000,-13.924000,32.519000,4.351000,33.52
1821223040,-0.216000,0.275000,-1.023000,-17.817000,29.969000,6.412000,33.57
1821240238,-0.194000,0.234000,-1.025000,-17.802000,26.458000,9.649000,33.61
1821250222,-0.139000,0.261000,-1.031000,-17.435000,24.275000,13.786000,33.66
1821255075,-0.127000,0.275000,-1.049000,-18.382000,25.954000,16.366000,33.61
1821269361,-0.101000,0.294000,-1.023000,-18.336000,26.489000,17.771000,33.61
1821276050,-0.082000,0.325000,-1.062000,-20.168000,28.290000,17.924000,33.61
1821286261,-0.109000,0.296000,-1.043000,-21.878000,29.908000,17.863000,33.66
1821298119,-0.138000,0.279000,-1.023000,-23.817000,28.626000,17.832000,33.61
1821310451,-0.145000,0.264000,-1.053000,-25.145000,28.565000,17.435000,33.75
1821315645,-0.140000,0.230000,-1.022000,-26.809000,29.191000,18.000000,33.71
1821322424,-0.117000,0.245000,-1.011000,-27.206000,28.656000,19.435000,33.66
1821337490,-0.059000,0.247000,-1.019000,-27.756000,31.511000,18.901000,33.61
1821349458,-0.069000,0.253000,-1.009000,-27.527000,34.076000,17.969000,33.57
1821354642,-0.029000,0.238000,-1.015000,-26.031000,34.336000,16.275000,33.61
1821366066,-0.030000,0.250000,-1.015000,-24.916000,38.214000,14.107000,33.57
1821378043,-0.072000,0.252000,-1.004000,-24.748000,39.069000,13.679000,33.61
1821386969,-0.056000,0.243000,-1.003000,-25.496000,38.565000,12.779000,33.57
1821398370,-0.070000,0.267000,-1.004000,-26.443000,37.496000,12.183000,33.52
1821406203,-0.029000,0.247000,-0.995000,-28.702000,36.397000,9.817000,33.66
1821415631,-0.014000,0.250000,-0.992000,-27.985000,37.435000,6.550000,33.71
1821422491,0.042000,0.261000,-1.011000,-28.382000,39.221000,1.527000,33.57
1821440115,0.005000,0.284000,-1.019000,-29.145000,41.588000,-2.107000,33.61
1821451132,-0.086000,0.312000,-1.010000,-33.420000,39.969000,-4.107000,33.61
1821456363,-0.104000,0.313000,-0.993000,-40.153000,35.695000,-2.763000,33.66
1821467235,-0.034000,0.227000,-0.971000,-40.992000,31.420000,-1.954000,33.61
1821477940,0.025000,0.213000,-0.973000,-37.405000,31.328000,-0.718000,33.57
1821485984,0.042000,0.252000,-0.963000,-33.740000,32.977000,1.969000,33.61
1821497067,0.049000,0.287000,-0.948000,-32.229000,34.183000,4.382000,33.52
1821505568,0.062000,0.348000,-0.930000,-30.229000,33.344000,6.260000,33.71
1821516240,0.042000,0.414000,-0.957000,-32.046000,33.298000,7.405000,33.66
1821522820,0.018000,0.384000,-0.956000,-34.779000,31.756000,7.237000,33.61
1821535007,0.052000,0.345000,-0.936000,-33.344000,30.031000,6.794000,33.57
1821548407,-0.017000,0.414000,-0.980000,-32.901000,30.366000,5.954000,33.71
1821555827,-0.059000,0.458000,-0.970000,-38.504000,24.626000,7.527000,33.57
1821566497,-0.086000,0.482000,-0.964000,-44.229000,18.321000,10.794000,33.52
1821577491,-0.029000,0.425000,-0.962000,-48.763000,10.443000,13.664000,33.57
1821585324,-0.015000,0.427000,-0.941000,-52.321000,7.878000,16.153000,33.61
1821596082,0.024000,0.453000,-0.927000,-52.611000,3.756000,19.603000,33.66
1821607694,0.106000,0.443000,-0.956000,-52.794000,5.069000,20.076000,33.61
1821616349,0.071000,0.445000,-0.945000,-49.664000,7.649000,21.695000,33.66
1821623445,0.033000,0.486000,-0.964000,-50.015000,7.130000,23.786000,33.71
1821640333,-0.002000,0.507000,-0.958000,-52.672000,3.389000,26.229000,33.57
1821648892,0.040000,0.518000,-0.928000,-54.763000,2.061000,26.382000,33.61
1821656550,0.031000,0.536000,-0.942000,-57.099000,-1.038000,28.382000,33.66
1821667594,0.124000,0.500000,-0.970000,-58.275000,-4.977000,31.710000,33.57
1821675894,0.184000,0.420000,-0.966000,-53.634000,0.947000,33.557000,33.52
1821685977,0.114000,0.423000,-0.948000,-46.168000,7.298000,33.313000,33.57
1821696427,0.132000,0.495000,-0.931000,-42.779000,9.969000,33.084000,33.71
1821707558,0.131000,0.535000,-0.937000,-41.710000,13.313000,31.557000,33.66
1821716285,0.102000,0.546000,-0.923000,-42.565000,16.153000,28.611000,33.71
1821724225,0.080000,0.564000,-0.893000,-42.382000,14.351000,28.794000,33.61
1821740646,0.118000,0.553000,-0.925000,-43.405000,14.504000,27.588000,33.52
1821751293,0.163000,0.521000,-0.923000,-43.435000,17.634000,27.908000,33.66
1821759520,0.190000,0.441000,-0.888000,-38.702000,22.641000,28.550000,33.71
1821765284,0.262000,0.413000,-0.835000,-25.740000,29.435000,25.771000,33.66
1821777716,0.251000,0.482000,-0.892000,-17.740000,38.962000,25.084000,33.61
1821787530,0.214000,0.543000,-0.863000,-13.511000,46.137000,22.901000,33.66
1821794993,0.203000,0.609000,-0.895000,-11.435000,48.809000,19.466000,33.61
1821805679,0.150000,0.605000,-0.964000,-14.489000,53.374000,16.000000,33.66
1821816726,0.089000,0.543000,-0.921000,-18.992000,52.840000,13.496000,33.61
1821824557,0.112000,0.490000,-0.942000,-19.008000,52.122000,13.038000,33.66
1821836872,0.159000,0.438000,-0.933000,-17.496000,51.588000,12.244000,33.61
1821849572,0.323000,0.382000,-0.897000,-8.427000,57.649000,7.954000,33.66
1821858261,0.342000,0.437000,-0.925000,2.947000,74.214000,2.702000,33.61
1821865252,0.223000,0.513000,-0.942000,5.939000,80.244000,0.779000,33.66
1821876217,0.227000,0.540000,-0.902000,5.130000,82.550000,-4.168000,33.61
1821884524,0.165000,0.591000,-0.918000,0.183000,79.359000,-4.611000,33.66
1821894803,0.216000,0.520000,-0.905000,-6.611000,73.084000,-3.878000,33.61
1821907155,0.279000,0.425000,-0.924000,-2.198000,75.328000,-3.176000,33.61
1821916124,0.266000,0.443000,-0.961000,0.702000,78.183000,0.977000,33.57
1821926448,0.360000,0.377000,-0.914000,8.702000,80.809000,1.450000,33.61
1821934492,0.349000,0.419000,-0.881000,16.824000,92.992000,-0.901000,33.66
1821946362,0.242000,0.506000,-0.874000,18.977000,93.679000,-3.573000,33.61
1821955573,0.177000,0.648000,-0.838000,13.084000,89.893000,-3.985000,33.61
1821966597,0.215000,0.647000,-0.976000,-1.634000,79.939000,-1.511000,33.61
1821978553,0.315000,0.466000,-0.858000,-3.847000,76.107000,-2.290000,33.57
1821985765,0.271000,0.443000,-0.884000,0.809000,74.565000,-1.389000,33.71
1821998820,0.382000,0.478000,-0.889000,0.885000,73.313000,0.305000,33.66
1822007698,0.342000,0.527000,-0.865000,3.649000,75.496000,-0.290000,33.61
1822016546,0.353000,0.561000,-0.846000,-0.244000,75.756000,-3.145000,33.57
1822022937,0.312000,0.589000,-0.816000,-4.214000,71.099000,-6.733000,33.61
1822035760,0.235000,0.683000,-0.817000,-13.969000,62.855000,-8.260000,33.66
1822048284,0.275000,0.649000,-0.825000,-25.145000,52.046000,-8.519000,33.61
1822057562,0.275000,0.620000,-0.851000,-37.466000,42.321000,-1.481000,33.57
1822068368,0.423000,0.476000,-0.805000,-36.443000,37.053000,1.756000,33.61
1822081542,0.465000,0.521000,-0.799000,-33.008000,39.557000,5.588000,33.57
1822086689,0.406000,0.599000,-0.792000,-32.458000,40.290000,10.550000,33.61
1822094831,0.421000,0.638000,-0.766000,-35.435000,36.244000,13.466000,33.66
1822105467,0.450000,0.625000,-0.781000,-37.511000,33.847000,13.573000,33.52
1822116758,0.438000,0.610000,-0.810000,-39.053000,32.000000,13.496000,33.71
1822123074,0.408000,0.591000,-0.835000,-40.290000,29.145000,14.137000,33.57
1822135462,0.398000,0.603000,-0.815000,-43.038000,26.351000,14.748000,33.61
1822148343,0.361000,0.636000,-0.842000,-48.992000,22.122000,17.313000,33.66
1822157091,0.384000,0.599000,-0.844000,-56.336000,17.634000,21.817000,33.61
1822167573,0.427000,0.577000,-0.821000,-57.878000,16.107000,23.099000,33.66
1822178147,0.472000,0.586000,-0.818000,-58.931000,14.275000,24.412000,33.61
1822185675,0.601000,0.585000,-0.794000,-56.656000,18.855000,22.366000,33.57
1822196543,0.534000,0.661000,-0.796000,-53.038000,24.336000,19.313000,33.61
1822205678,0.501000,0.700000,-0.836000,-57.786000,24.733000,18.901000,33.57
1822216625,0.430000,0.726000,-0.783000,-64.214000,21.221000,20.916000,33.61
1822223405,0.493000,0.690000,-0.778000,-69.710000,15.802000,23.786000,33.66
1822240860,0.557000,0.620000,-0.811000,-70.031000,14.382000,26.855000,33.61
1822252055,0.709000,0.525000,-0.788000,-64.458000,24.519000,26.336000,33.66
1822257247,0.655000,0.573000,-0.701000,-49.496000,38.382000,22.656000,33.61
1822267671,0.531000,0.747000,-0.755000,-50.153000,41.145000,24.824000,33.66
1822276616,0.511000,0.793000,-0.786000,-59.069000,36.687000,25.985000,33.71
1822286136,0.530000,0.741000,-0.750000,-68.061000,31.756000,28.580000,33.57
1822297275,0.620000,0.656000,-0.711000,-66.748000,32.916000,27.695000,33.66
1822307018,0.599000,0.654000,-0.748000,-64.901000,35.740000,29.649000,33.71
1822318252,0.663000,0.594000,-0.724000,-61.191000,41.328000,30.183000,33.57
1822323967,0.677000,0.592000,-0.713000,-53.679000,53.038000,29.099000,33.61
1822335913,0.567000,0.670000,-0.707000,-51.374000,58.718000,29.573000,33.61
1822348407,0.558000,0.684000,-0.660000,-53.527000,57.115000,28.550000,33.52
1822358860,0.555000,0.688000,-0.616000,-55.084000,58.672000,25.176000,33.66
1822364368,0.494000,0.728000,-0.618000,-57.252000,58.122000,23.221000,33.61
1822375477,0.472000,0.719000,-0.584000,-63.084000,54.305000,21.832000,33.66
1822387626,0.524000,0.641000,-0.532000,-64.153000,51.664000,21.969000,33.61
1822393872,0.675000,0.563000,-0.534000,-57.664000,54.626000,21.908000,33.66
1822407577,0.711000,0.531000,-0.566000,-45.634000,67.679000,21.695000,33.61
1822414006,0.611000,0.640000,-0.488000,-37.878000,73.985000,25.176000,33.66
1822426309,0.554000,0.703000,-0.505000,-38.244000,72.397000,29.267000,33.61
1822436258,0.551000,0.708000,-0.496000,-40.473000,71.847000,29.557000,33.66
1822443422,0.503000,0.713000,-0.494000,-44.137000,67.847000,30.031000,33.61
1822460301,0.552000,0.675000,-0.462000,-46.031000,62.794000,29.847000,33.75
1822468750,0.589000,0.648000,-0.486000,-44.382000,61.511000,29.695000,33.61
1822475528,0.622000,0.624000,-0.500000,-41.817000,61.557000,31.420000,33.57
1822487607,0.653000,0.603000,-0.486000,-39.038000,63.191000,32.595000,33.71
1822495529,0.657000,0.593000,-0.454000,-35.145000,66.198000,33.023000,33.75
1822506282,0.661000,0.634000,-0.440000,-32.748000,68.107000,32.718000,33.57
1822515644,0.697000,0.654000,-0.431000,-33.756000,68.687000,31.023000,33.61
1822527867,0.675000,0.665000,-0.442000,-33.542000,70.672000,30.321000,33.66
1822536655,0.655000,0.643000,-0.432000,-36.412000,66.427000,30.107000,33.61
1822543575,0.708000,0.600000,-0.425000,-35.893000,66.687000,28.046000,33.75
1822556967,0.694000,0.580000,-0.413000,-33.725000,68.489000,25.344000,33.61
1822571771,0.685000,0.583000,-0.390000,-33.282000,66.153000,24.305000,33.61
1822576424,0.781000,0.562000,-0.363000,-31.603000,65.359000,22.748000,33.71
1822586910,0.792000,0.567000,-0.353000,-27.649000,67.771000,21.496000,33.57
1822596241,0.793000,0.603000,-0.357000,-26.351000,68.443000,21.511000,33.61
1822606211,0.817000,0.625000,-0.336000,-26.824000,69.817000,19.053000,33.66
1822614398,0.781000,0.621000,-0.303000,-26.198000,71.969000,15.878000,33.52
1822627623,0.761000,0.645000,-0.283000,-29.130000,69.786000,13.023000,33.66
1822636797,0.761000,0.662000,-0.243000,-31.954000,64.733000,10.336000,33.71
1822643635,0.783000,0.662000,-0.208000,-34.412000,57.649000,11.069000,33.66
1822660860,0.836000,0.657000,-0.199000,-35.481000,50.550000,12.565000,33.52
1822668960,0.878000,0.642000,-0.169000,-33.237000,47.053000,12.565000,33.66
1822678137,0.868000,0.662000,-0.142000,-29.664000,46.504000,11.466000,33.71
1822684538,0.791000,0.720000,-0.126000,-31.511000,37.115000,13.511000,33.66
1822700623,0.787000,0.735000,-0.102000,-36.183000,23.557000,15.252000,33.61
1822706211,0.809000,0.744000,-0.052000,-38.595000,10.550000,17.817000,33.57
1822717338,0.763000,0.770000,-0.041000,-39.618000,-4.427000,21.420000,33.71
1822726318,0.771000,0.770000,-0.022000,-42.366000,-20.580000,24.458000,33.71
1822737354,0.750000,0.764000,-0.068000,-43.496000,-36.550000,27.939000,33.66
1822744318,0.807000,0.680000,-0.112000,-46.580000,-49.863000,30.061000,33.61
1822755880,0.851000,0.608000,-0.134000,-40.427000,-54.153000,29.237000,33.66
1822767751,0.879000,0.579000,-0.122000,-32.412000,-57.069000,26.183000,33.71
1822778973,0.897000,0.576000,-0.135000,-26.000000,-59.176000,24.214000,33.66
1822786881,0.893000,0.612000,-0.135000,-22.382000,-61.084000,23.405000,33.61
1822795678,0.914000,0.604000,-0.151000,-21.176000,-62.916000,22.931000,33.66
1822806304,0.964000,0.584000,-0.157000,-17.069000,-58.489000,20.015000,33.61
1822816748,0.913000,0.566000,-0.177000,-9.603000,-54.122000,16.489000,33.57
1822829309,0.872000,0.572000,-0.221000,-6.641000,-54.076000,15.496000,33.61
1822837485,0.860000,0.570000,-0.234000,-2.824000,-54.672000,15.771000,33.57
1822845687,0.854000,0.589000,-0.247000,1.191000,-55.863000,15.679000,33.71
1822855913,0.850000,0.601000,-0.270000,2.916000,-57.511000,15.588000,33.57
1822863890,0.943000,0.578000,-0.283000,4.443000,-54.015000,12.397000,33.61
1822876092,0.936000,0.588000,-0.266000,11.863000,-45.267000,6.916000,33.66
1822885959,0.912000,0.619000,-0.294000,15.924000,-41.115000,1.985000,33.71
1822896735,0.913000,0.636000,-0.301000,16.947000,-38.412000,-1.924000,33.61
1822908073,0.906000,0.646000,-0.321000,16.809000,-37.038000,-5.328000,33.66
1822913824,0.899000,0.627000,-0.315000,17.649000,-37.099000,-6.992000,33.61
1822927695,0.899000,0.596000,-0.349000,20.794000,-34.947000,-9.237000,33.66
1822934207,0.911000,0.588000,-0.346000,24.748000,-32.595000,-11.084000,33.61
1822947005,0.902000,0.593000,-0.363000,29.954000,-28.229000,-12.885000,33.71
1822956455,0.900000,0.592000,-0.367000,33.649000,-23.496000,-15.542000,33.61
1822963250,0.849000,0.607000,-0.375000,37.176000,-20.305000,-18.321000,33.47
1822982027,0.840000,0.617000,-0.391000,37.924000,-20.137000,-20.183000,33.61
1822989774,0.838000,0.637000,-0.375000,37.695000,-20.336000,-21.252000,33.66
1822995507,0.829000,0.639000,-0.390000,37.908000,-19.969000,-22.733000,33.71
1823012381,0.799000,0.648000,-0.395000,35.618000,-22.137000,-22.565000,33.66
1823017375,0.835000,0.611000,-0.393000,35.298000,-22.870000,-23.038000,33.61
1823028249,0.859000,0.589000,-0.411000,38.412000,-20.366000,-24.718000,33.75
1823037882,0.837000,0.583000,-0.413000,42.076000,-17.710000,-25.115000,33.61
1823046560,0.801000,0.618000,-0.424000,43.588000,-18.611000,-23.435000,33.66
1823055858,0.776000,0.637000,-0.430000,42.046000,-21.313000,-20.809000,33.52
1823062682,0.774000,0.652000,-0.433000,38.855000,-24.656000,-18.840000,33.66
1823076175,0.788000,0.616000,-0.423000,38.809000,-26.061000,-19.206000,33.71
1823086934,0.781000,0.608000,-0.446000,39.099000,-26.718000,-19.710000,33.71
1823096470,0.736000,0.603000,-0.460000,39.374000,-31.313000,-18.534000,33.71
1823109556,0.752000,0.611000,-0.478000,37.832000,-33.603000,-17.435000,33.61
1823117871,0.761000,0.597000,-0.459000,37.618000,-35.298000,-16.504000,33.66
1823125551,0.734000,0.607000,-0.461000,40.244000,-36.214000,-16.916000,33.61
1823138090,0.719000,0.634000,-0.491000,38.000000,-38.046000,-16.840000,33.57
1823148113,0.691000,0.648000,-0.470000,32.931000,-42.046000,-15.786000,33.61
1823155241,0.719000,0.620000,-0.494000,32.427000,-46.534000,-15.481000,33.66
1823162168,0.719000,0.604000,-0.529000,30.794000,-48.824000,-15.237000,33.61
1823175483,0.735000,0.563000,-0.538000,33.481000,-49.893000,-14.595000,33.75
1823187022,0.717000,0.560000,-0.520000,37.725000,-50.092000,-13.771000,33.61
1823195563,0.692000,0.601000,-0.540000,38.504000,-51.771000,-12.290000,33.57
1823208997,0.663000,0.622000,-0.536000,36.824000,-55.191000,-11.450000,33.61
1823217834,0.668000,0.618000,-0.554000,34.626000,-57.954000,-12.855000,33.57
1823225023,0.648000,0.613000,-0.555000,33.481000,-60.092000,-15.130000,33.61
1823237623,0.640000,0.603000,-0.571000,30.214000,-62.870000,-14.962000,33.66
1823247233,0.673000,0.545000,-0.602000,33.771000,-63.969000,-16.992000,33.71
1823254823,0.647000,0.544000,-0.600000,36.183000,-63.908000,-17.420000,33.66
1823268326,0.634000,0.554000,-0.594000,38.672000,-64.824000,-16.458000,33.61
1823275865,0.622000,0.571000,-0.594000,39.939000,-66.214000,-16.092000,33.66
1823287100,0.601000,0.577000,-0.609000,40.626000,-67.969000,-17.282000,33.71
1823293708,0.596000,0.580000,-0.664000,36.794000,-70.168000,-17.679000,33.57
1823308819,0.621000,0.539000,-0.649000,36.458000,-69.359000,-20.305000,33.57
1823317571,0.604000,0.518000,-0.661000,38.687000,-68.351000,-21.206000,33.61
1823324374,0.610000,0.505000,-0.668000,41.740000,-68.611000,-20.595000,33.71
1823336289,0.625000,0.495000,-0.694000,44.809000,-68.015000,-18.824000,33.61
1823348914,0.593000,0.510000,-0.662000,46.840000,-65.084000,-19.160000,33.57
1823354407,0.571000,0.537000,-0.664000,51.008000,-63.847000,-22.611000,33.61
1823368198,0.541000,0.596000,-0.676000,51.023000,-65.496000,-25.573000,33.66
1823374952,0.542000,0.568000,-0.727000,48.290000,-67.863000,-28.779000,33.61
1823386859,0.525000,0.532000,-0.794000,46.656000,-68.321000,-32.122000,33.57
1823394469,0.521000,0.458000,-0.784000,47.771000,-66.489000,-35.557000,33.61
1823411074,0.481000,0.451000,-0.754000,51.084000,-68.427000,-36.565000,33.75
1823417723,0.487000,0.496000,-0.804000,54.840000,-67.450000,-36.366000,33.61
1823424022,0.493000,0.518000,-0.799000,52.458000,-65.893000,-36.641000,33.66
1823437966,0.448000,0.535000,-0.768000,52.794000,-67.908000,-37.618000,33.61
1823448512,0.425000,0.576000,-0.792000,49.710000,-71.588000,-38.275000,33.57
1823454314,0.476000,0.528000,-0.831000,46.641000,-74.137000,-41.038000,33.61
1823465898,0.459000,0.493000,-0.852000,44.870000,-74.504000,-43.252000,33.66
1823481210,0.454000,0.429000,-0.843000,47.771000,-73.420000,-43.603000,33.61
1823491623,0.438000,0.419000,-0.811000,52.550000,-71.038000,-44.458000,33.66
1823496944,0.391000,0.438000,-0.845000,56.427000,-69.725000,-43.893000,33.61
1823505464,0.346000,0.470000,-0.851000,54.580000,-71.924000,-44.580000,33.61
1823519146,0.330000,0.469000,-0.816000,54.626000,-74.412000,-44.443000,33.66
1823525036,0.316000,0.466000,-0.847000,53.725000,-79.130000,-45.298000,33.61
1823539109,0.319000,0.456000,-0.845000,52.229000,-78.336000,-47.542000,33.57
1823548928,0.292000,0.426000,-0.842000,52.840000,-81.878000,-47.328000,33.71
1823554741,0.295000,0.415000,-0.839000,53.588000,-83.573000,-46.198000,33.71
1823565367,0.319000,0.389000,-0.863000,55.557000,-81.817000,-47.863000,33.61
1823579006,0.255000,0.360000,-0.835000,57.313000,-80.534000,-47.588000,33.66
1823587651,0.286000,0.374000,-0.865000,59.557000,-82.076000,-47.542000,33.52
1823596795,0.252000,0.400000,-0.881000,61.252000,-80.290000,-49.008000,33.57
1823607388,0.185000,0.401000,-0.845000,61.145000,-85.282000,-48.321000,33.61
1823618993,0.169000,0.395000,-0.882000,59.954000,-89.115000,-48.137000,33.57
1823624390,0.159000,0.368000,-0.897000,58.656000,-91.664000,-47.420000,33.71
1823635780,0.147000,0.311000,-0.893000,60.122000,-92.595000,-47.023000,33.57
1823646911,0.095000,0.295000,-0.927000,62.840000,-91.893000,-46.336000,33.52
1823655920,0.046000,0.280000,-0.961000,64.412000,-91.832000,-44.076000,33.57
1823664883,0.013000,0.277000,-0.966000,62.779000,-93.405000,-43.649000,33.61
1823679926,-0.015000,0.295000,-0.941000,60.504000,-96.947000,-41.908000,33.57
1823688394,0.003000,0.312000,-0.916000,58.122000,-99.573000,-41.359000,33.61
1823697494,0.040000,0.301000,-0.938000,57.985000,-102.641000,-43.053000,33.47
1823704997,0.023000,0.284000,-0.958000,58.198000,-102.550000,-42.992000,33.71
1823720920,-0.003000,0.217000,-1.030000,60.702000,-98.092000,-45.176000,33.71
1823726386,-0.068000,0.174000,-0.983000,61.679000,-95.786000,-43.878000,33.66
1823736888,-0.095000,0.157000,-1.014000,64.565000,-91.679000,-41.267000,33.61
1823748851,-0.134000,0.163000,-1.028000,63.282000,-91.252000,-38.763000,33.57
1823757259,-0.104000,0.156000,-1.009000,63.206000,-86.947000,-38.702000,33.52
1823763637,-0.130000,0.169000,-1.009000,66.244000,-83.435000,-39.389000,33.66
1823776109,-0.151000,0.186000,-1.051000,65.603000,-82.229000,-37.847000,33.61
1823787954,-0.142000,0.146000,-1.060000,65.817000,-78.855000,-38.489000,33.57
1823797751,-0.165000,0.120000,-1.034000,68.733000,-74.702000,-39.817000,33.71
1823808215,-0.201000,0.137000,-1.057000,70.183000,-72.672000,-39.954000,33.66
1823820833,-0.197000,0.141000,-1.095000,68.962000,-69.878000,-40.458000,33.61
1823825875,-0.202000,0.135000,-1.061000,66.962000,-66.931000,-42.443000,33.57
1823837316,-0.247000,0.153000,-1.012000,65.847000,-65.664000,-44.214000,33.61
1823846487,-0.248000,0.182000,-1.034000,63.481000,-64.794000,-46.763000,33.66
1823856083,-0.260000,0.140000,-1.054000,60.641000,-66.061000,-47.405000,33.61
1823862466,-0.252000,0.082000,-1.032000,60.794000,-62.198000,-48.855000,33.66
1823876225,-0.335000,0.086000,-1.040000,62.305000,-61.695000,-47.053000,33.71
1823888963,-0.336000,0.096000,-1.013000,58.458000,-68.183000,-42.397000,33.57
1823895707,-0.289000,0.095000,-1.007000,57.344000,-70.519000,-39.985000,33.61
1823906818,-0.272000,0.073000,-1.033000,56.473000,-70.840000,-38.992000,33.66
1823917582,-0.293000,0.057000,-1.007000,55.878000,-67.466000,-38.931000,33.52
1823924090,-0.370000,0.082000,-0.970000,54.015000,-69.939000,-37.725000,33.61
1823937612,-0.375000,0.081000,-0.974000,49.496000,-76.015000,-34.046000,33.61
1823948145,-0.335000,0.042000,-0.977000,46.321000,-82.809000,-33.603000,33.71
1823958445,-0.358000,0.025000,-0.982000,43.389000,-86.260000,-33.740000,33.66
1823966188,-0.385000,-0.004000,-0.952000,43.008000,-87.359000,-31.817000,33.71
1823973021,-0.395000,-0.032000,-0.962000,43.496000,-86.580000,-29.817000,33.66
1823985624,-0.442000,-0.039000,-0.940000,42.901000,-89.802000,-28.382000,33.71
1823997260,-0.448000,-0.026000,-0.896000,39.573000,-93.969000,-26.473000,33.66
1824005490,-0.444000,-0.041000,-0.887000,37.939000,-97.710000,-26.076000,33.61
1824019980,-0.424000,-0.033000,-0.923000,34.366000,-97.634000,-25.237000,33.66
1824026235,-0.469000,-0.068000,-0.892000,31.649000,-97.176000,-26.519000,33.71
1824035100,-0.500000,-0.071000,-0.896000,27.893000,-99.878000,-26.137000,33.57
1824047235,-0.492000,-0.124000,-0.859000,26.870000,-101.176000,-25.038000,33.61
1824058350,-0.492000,-0.151000,-0.850000,29.282000,-99.908000,-23.863000,33.66
1824064436,-0.519000,-0.165000,-0.862000,32.092000,-96.397000,-23.481000,33.61
1824076063,-0.533000,-0.183000,-0.845000,34.885000,-92.168000,-25.160000,33.57
1824086437,-0.577000,-0.159000,-0.837000,35.298000,-90.260000,-25.557000,33.71
1824098896,-0.585000,-0.157000,-0.804000,34.366000,-87.466000,-27.160000,33.66
1824107146,-0.612000,-0.135000,-0.799000,34.458000,-85.221000,-28.305000,33.61
1824121174,-0.598000,-0.116000,-0.775000,33.466000,-83.863000,-30.229000,33.66
1824127418,-0.592000,-0.129000,-0.755000,32.748000,-83.313000,-34.061000,33.75
1824136819,-0.622000,-0.159000,-0.773000,33.053000,-79.481000,-34.290000,33.61
1824147169,-0.615000,-0.199000,-0.797000,32.351000,-76.076000,-36.763000,33.75
1824159459,-0.669000,-0.219000,-0.788000,30.504000,-76.641000,-37.206000,33.61
1824164268,-0.662000,-0.229000,-0.725000,30.427000,-78.489000,-37.679000,33.71
1824173630,-0.643000,-0.200000,-0.725000,29.420000,-81.588000,-37.695000,33.61
1824186824,-0.621000,-0.152000,-0.716000,26.779000,-82.702000,-39.908000,33.66
1824197382,-0.632000,-0.162000,-0.705000,23.206000,-82.611000,-40.229000,33.71
1824205086,-0.641000,-0.184000,-0.702000,21.557000,-83.573000,-41.817000,33.66
1824216491,-0.656000,-0.234000,-0.688000,22.092000,-80.427000,-41.893000,33.71
1824227772,-0.670000,-0.266000,-0.646000,26.290000,-78.366000,-40.565000,33.57
1824236926,-0.662000,-0.276000,-0.656000,31.573000,-74.092000,-39.252000,33.61
1824248071,-0.690000,-0.270000,-0.665000,35.634000,-70.611000,-37.160000,33.66
1824256054,-0.701000,-0.262000,-0.658000,35.237000,-71.893000,-34.748000,33.61
1824265259,-0.678000,-0.262000,-0.666000,32.931000,-76.122000,-33.664000,33.57
1824276926,-0.677000,-0.247000,-0.647000,32.015000,-77.771000,-33.160000,33.61
1824288949,-0.716000,-0.229000,-0.644000,30.870000,-77.634000,-32.672000,33.66
1824299206,-0.732000,-0.254000,-0.639000,28.015000,-80.931000,-29.679000,33.71
1824306177,-0.700000,-0.313000,-0.588000,30.000000,-82.473000,-27.374000,33.66
1824314846,-0.703000,-0.312000,-0.577000,34.122000,-82.748000,-25.099000,33.61
1824330706,-0.700000,-0.301000,-0.612000,37.420000,-80.321000,-23.618000,33.57
1824336211,-0.725000,-0.274000,-0.559000,37.832000,-78.076000,-22.656000,33.66
1824347624,-0.745000,-0.255000,-0.530000,37.740000,-80.565000,-21.618000,33.61
1824356580,-0.764000,-0.238000,-0.567000,33.221000,-82.153000,-20.122000,33.57
1824367349,-0.784000,-0.264000,-0.541000,27.863000,-84.412000,-18.656000,33.52
1824374723,-0.798000,-0.308000,-0.510000,25.313000,-87.817000,-16.962000,33.57
1824387328,-0.806000,-0.314000,-0.477000,23.527000,-89.603000,-14.580000,33.71
1824400937,-0.776000,-0.361000,-0.476000,23.740000,-89.939000,-13.954000,33.61
1824410477,-0.745000,-0.357000,-0.393000,28.275000,-84.198000,-16.733000,33.52
1824413245,-0.760000,-0.380000,-0.395000,34.947000,-81.511000,-18.809000,33.57
1824428843,-0.756000,-0.363000,-0.400000,36.061000,-76.000000,-18.870000,33.61
1824438597,-0.796000,-0.355000,-0.408000,34.275000,-70.504000,-16.427000,33.66
1824445112,-0.830000,-0.365000,-0.383000,32.458000,-68.366000,-15.450000,33.71
1824458743,-0.844000,-0.361000,-0.381000,28.534000,-68.779000,-14.992000,33.57
1824469106,-0.812000,-0.418000,-0.356000,28.336000,-66.626000,-13.939000,33.61
1824473144,-0.796000,-0.424000,-0.306000,31.176000,-62.947000,-14.397000,33.57
1824484546,-0.764000,-0.405000,-0.325000,33.252000,-59.237000,-15.878000,33.71
1824496486,-0.759000,-0.388000,-0.315000,33.679000,-55.969000,-18.214000,33.66
1824508718,-0.758000,-0.389000,-0.318000,31.405000,-54.855000,-18.947000,33.61
1824516272,-0.750000,-0.398000,-0.316000,30.626000,-51.771000,-20.565000,33.57
1824530995,-0.774000,-0.406000,-0.303000,31.496000,-48.153000,-21.481000,33.75
1824541707,-0.766000,-0.438000,-0.278000,31.954000,-48.489000,-20.076000,33.61
1824546686,-0.742000,-0.468000,-0.244000,36.137000,-43.802000,-19.924000,33.71
1824555531,-0.766000,-0.453000,-0.241000,41.115000,-39.588000,-19.618000,33.71
1824566456,-0.755000,-0.447000,-0.269000,43.099000,-36.168000,-19.603000,33.57
1824575788,-0.756000,-0.442000,-0.262000,44.855000,-35.496000,-19.450000,33.52
1824582550,-0.769000,-0.434000,-0.244000,46.351000,-34.718000,-19.008000,33.66
1824600239,-0.815000,-0.309000,-0.216000,43.069000,-34.366000,-23.252000,33.71
1824612151,-0.794000,-0.359000,-0.270000,41.084000,-36.351000,-21.191000,33.66
1824617806,-0.794000,-0.422000,-0.231000,40.626000,-35.313000,-20.336000,33.61
1824627601,-0.788000,-0.459000,-0.210000,41.130000,-35.710000,-19.420000,33.66
1824637747,-0.775000,-0.469000,-0.207000,41.802000,-32.885000,-19.130000,33.61
1824645856,-0.765000,-0.479000,-0.191000,43.084000,-31.969000,-18.382000,33.57
1824657069,-0.776000,-0.463000,-0.190000,44.305000,-30.565000,-17.176000,33.61
1824668835,-0.779000,-0.448000,-0.171000,43.542000,-31.237000,-16.412000,33.57
1824676329,-0.765000,-0.446000,-0.167000,43.053000,-32.504000,-15.221000,33.61
1824685366,-0.789000,-0.429000,-0.162000,42.031000,-33.069000,-15.344000,33.57
1824692170,-0.797000,-0.441000,-0.145000,39.954000,-34.718000,-14.534000,33.71
1824710181,-0.781000,-0.468000,-0.119000,39.771000,-33.573000,-13.496000,33.57
1824718862,-0.783000,-0.406000,-0.082000,36.595000,-31.664000,-16.580000,33.61
1824725283,-0.784000,-0.475000,-0.078000,37.038000,-34.107000,-11.939000,33.66
1824738677,-0.736000,-0.490000,-0.082000,36.763000,-30.702000,-14.870000,33.52
1824746559,-0.768000,-0.592000,-0.145000,39.450000,-35.969000,-18.947000,33.66
1824757425,-0.720000,-0.521000,-0.044000,40.473000,-34.046000,-11.603000,33.66
1824766193,-0.765000,-0.446000,-0.057000,39.298000,-29.832000,-11.756000,33.61
1824776926,-0.778000,-0.417000,-0.083000,33.679000,-32.183000,-11.878000,33.61
1824783308,-0.783000,-0.450000,-0.085000,30.305000,-35.038000,-9.969000,33.61
1824796221,-0.770000,-0.452000,-0.054000,27.237000,-35.832000,-10.015000,33.66
1824810773,-0.764000,-0.473000,-0.039000,24.947000,-34.840000,-10.443000,33.61
1824819112,-0.767000,-0.466000,-0.019000,23.649000,-33.924000,-8.794000,33.66
1824826848,-0.744000,-0.476000,-0.035000,23.053000,-33.038000,-9.053000,33.61
1824842340,-0.756000,-0.483000,-0.035000,20.779000,-30.321000,-7.267000,33.66
1824847567,-0.735000,-0.498000,0.008000,20.031000,-30.382000,-6.473000,33.61
1824857554,-0.702000,-0.478000,0.011000,19.481000,-28.870000,-7.191000,33.66
1824867323,-0.713000,-0.453000,0.003000,17.130000,-29.481000,-7.115000,33.52
1824876834,-0.729000,-0.451000,-0.003000,14.702000,-30.122000,-5.405000,33.66
1824882751,-0.740000,-0.454000,-0.024000,9.237000,-30.947000,-5.924000,33.61
1824894467,-0.753000,-0.490000,0.032000,7.206000,-31.069000,-3.252000,33.57
1824909675,-0.711000,-0.512000,0.004000,7.985000,-29.176000,-1.038000,33.61
1824916291,-0.684000,-0.505000,-0.011000,7.908000,-25.252000,-2.275000,33.47
1824926518,-0.720000,-0.491000,0.022000,8.656000,-20.870000,0.153000,33.61
1824938155,-0.700000,-0.501000,0.005000,10.382000,-16.504000,2.595000,33.66
1824948284,-0.705000,-0.456000,-0.077000,7.176000,-12.397000,-3.267000,33.61
1824958850,-0.703000,-0.475000,-0.043000,3.053000,-11.008000,-1.176000,33.66
1824969731,-0.708000,-0.482000,-0.008000,1.359000,-11.084000,-2.763000,33.61
1824978079,-0.743000,-0.494000,-0.008000,2.565000,-8.947000,-3.679000,33.61
1824983737,-0.742000,-0.482000,-0.005000,2.550000,-5.969000,-4.916000,33.57
1824994684,-0.763000,-0.469000,0.018000,4.290000,-5.740000,-7.237000,33.52
1825006697,-0.740000,-0.440000,0.038000,3.130000,-4.183000,-10.519000,33.61
1825018158,-0.775000,-0.444000,0.040000,1.893000,-9.038000,-10.534000,33.71
1825027398,-0.719000,-0.470000,0.026000,-1.130000,-5.878000,-12.229000,33.66
1825034873,-0.757000,-0.487000,0.085000,-2.260000,-6.718000,-13.145000,33.52
1825046171,-0.780000,-0.494000,0.077000,-3.603000,-5.038000,-13.038000,33.66
1825057057,-0.790000,-0.497000,0.065000,-4.260000,-5.313000,-10.916000,33.71
1825066023,-0.794000,-0.495000,0.099000,-4.504000,-8.427000,-7.450000,33.57
1825078245,-0.771000,-0.489000,0.128000,-5.267000,-4.076000,-5.115000,33.52
1825082769,-0.745000,-0.481000,0.113000,-4.183000,-4.122000,-5.725000,33.57
1825094645,-0.764000,-0.464000,0.098000,-2.916000,-2.870000,-4.534000,33.71
1825107025,-0.766000,-0.476000,0.084000,-3.145000,-0.931000,-2.702000,33.57
1825115991,-0.749000,-0.485000,0.097000,-0.870000,1.191000,-1.954000,33.61
1825127133,-0.713000,-0.504000,0.086000,-1.557000,1.008000,-1.695000,33.57
1825135574,-0.717000,-0.480000,0.033000,-2.412000,2.962000,-2.183000,33.61
1825146122,-0.778000,-0.496000,0.052000,-1.496000,0.427000,0.672000,33.57
1825155410,-0.737000,-0.447000,0.052000,-5.023000,-1.298000,0.641000,33.61
1825168393,-0.744000,-0.458000,0.058000,-5.191000,-1.481000,1.679000,33.66
1825178457,-0.736000,-0.459000,0.062000,-5.466000,0.427000,1.878000,33.61
1825184082,-0.738000,-0.479000,0.064000,-6.550000,0.672000,1.115000,33.57
1825195902,-0.741000,-0.496000,0.078000,-6.489000,2.061000,2.107000,33.61
1825207017,-0.737000,-0.466000,0.097000,-7.145000,3.176000,1.817000,33.66
1825216438,-0.735000,-0.480000,0.079000,-8.427000,4.229000,2.244000,33.52
1825223910,-0.726000,-0.492000,0.093000,-7.954000,4.229000,2.489000,33.61
1825240493,-0.707000,-0.488000,0.088000,-7.939000,4.702000,1.878000,33.71
1825249351,-0.715000,-0.484000,0.079000,-6.748000,5.099000,1.878000,33.61
1825255353,-0.743000,-0.450000,0.065000,-8.336000,4.977000,1.771000,33.57
1825268041,-0.750000,-0.472000,0.067000,-9.710000,2.901000,2.595000,33.61
1825279617,-0.728000,-0.482000,0.090000,-9.252000,3.389000,2.580000,33.57
1825285574,-0.725000,-0.486000,0.085000,-8.092000,4.901000,2.580000,33.61
1825292726,-0.717000,-0.478000,0.059000,-8.427000,6.122000,2.290000,33.57
1825309804,-0.730000,-0.489000,0.069000,-7.466000,4.947000,2.611000,33.61
1825316321,-0.737000,-0.457000,0.052000,-9.206000,3.053000,2.931000,33.66
1825324779,-0.716000,-0.464000,0.062000,-10.809000,0.122000,2.931000,33.52
1825336922,-0.699000,-0.477000,0.072000,-10.794000,-0.489000,2.107000,33.75
1825346835,-0.726000,-0.463000,0.081000,-11.618000,-1.130000,1.527000,33.61
1825357290,-0.737000,-0.479000,0.071000,-12.031000,-2.061000,1.679000,33.47
1825366564,-0.714000,-0.474000,0.089000,-12.458000,-2.855000,2.031000,33.52
1825376463,-0.694000,-0.501000,0.109000,-10.901000,-1.221000,1.588000,33.57
1825386652,-0.690000,-0.503000,0.096000,-7.557000,0.641000,0.947000,33.61
1825393667,-0.730000,-0.479000,0.069000,-8.550000,0.046000,0.931000,33.57
1825410427,-0.729000,-0.477000,0.077000,-9.649000,-2.901000,1.802000,33.61
1825420791,-0.711000,-0.473000,0.073000,-10.534000,-3.710000,1.038000,33.57
1825425939,-0.717000,-0.477000,0.082000,-10.840000,-5.298000,0.748000,33.61
1825439161,-0.706000,-0.491000,0.066000,-11.603000,-5.038000,-0.183000,33.75
1825445476,-0.714000,-0.473000,0.082000,-12.290000,-5.145000,-0.702000,33.66
1825456313,-0.726000,-0.474000,0.077000,-12.107000,-5.374000,-0.534000,33.61
1825468103,-0.706000,-0.487000,0.092000,-11.328000,-5.267000,-0.519000,33.61
1825478086,-0.703000,-0.489000,0.089000,-9.969000,-4.198000,-1.374000,33.61
1825486797,-0.724000,-0.471000,0.075000,-8.992000,-3.496000,-2.336000,33.66
1825494008,-0.737000,-0.480000,0.072000,-9.389000,-4.824000,-2.489000,33.61
1825506183,-0.726000,-0.488000,0.072000,-10.198000,-6.168000,-2.794000,33.66
1825515290,-0.726000,-0.489000,0.082000,-10.046000,-5.985000,-3.328000,33.71
1825527102,-0.721000,-0.488000,0.086000,-9.893000,-6.168000,-3.802000,33.66
1825536962,-0.714000,-0.483000,0.094000,-9.603000,-5.252000,-4.168000,33.61
1825550233,-0.717000,-0.495000,0.108000,-9.115000,-4.137000,-4.137000,33.66
1825556384,-0.713000,-0.491000,0.104000,-8.260000,-2.427000,-4.229000,33.61
1825566169,-0.717000,-0.488000,0.095000,-7.786000,-1.328000,-4.168000,33.66
1825577742,-0.709000,-0.487000,0.096000,-8.031000,-0.992000,-3.908000,33.61
1825582734,-0.718000,-0.485000,0.099000,-7.649000,-0.534000,-3.603000,33.57
1825594207,-0.702000,-0.484000,0.098000,-7.038000,0.626000,-4.031000,33.71
1825606896,-0.718000,-0.481000,0.090000,-6.076000,2.565000,-4.412000,33.47
1825621478,-0.734000,-0.478000,0.070000,-5.710000,2.015000,-3.695000,33.52
1825626596,-0.743000,-0.494000,0.069000,-5.588000,1.756000,-3.405000,33.66
1825634731,-0.748000,-0.477000,0.062000,-6.382000,0.779000,-3.191000,33.61
1825646120,-0.752000,-0.481000,0.068000,-7.038000,-0.840000,-2.443000,33.66
1825657207,-0.738000,-0.476000,0.057000,-8.519000,-2.748000,-2.473000,33.71
1825666579,-0.727000,-0.478000,0.076000,-9.603000,-3.771000,-2.519000,33.57
1825678678,-0.715000,-0.480000,0.079000,-9.847000,-4.015000,-3.145000,33.61
1825683649,-0.721000,-0.480000,0.098000,-9.496000,-3.115000,-3.038000,33.66
1825694834,-0.718000,-0.490000,0.083000,-9.130000,-1.573000,-2.076000,33.71
1825711090,-0.716000,-0.505000,0.091000,-9.023000,-0.336000,-1.450000,33.61
1825717702,-0.713000,-0.505000,0.114000,-7.710000,1.130000,-0.687000,33.66
1825726463,-0.717000,-0.506000,0.096000,-6.565000,1.313000,0.397000,33.61
1825738429,-0.725000,-0.485000,0.083000,-7.374000,1.176000,-0.015000,33.66
1825748614,-0.752000,-0.482000,0.083000,-8.244000,-0.489000,1.450000,33.52
1825755143,-0.729000,-0.487000,0.072000,-10.061000,-2.107000,1.527000,33.66
1825766606,-0.719000,-0.488000,0.088000,-9.725000,-1.527000,0.962000,33.52
1825779798,-0.715000,-0.482000,0.079000,-10.214000,-1.740000,0.397000,33.52
1825783704,-0.718000,-0.505000,0.102000,-7.344000,-0.382000,1.985000,33.61
1825795990,-0.704000,-0.493000,0.138000,-6.046000,4.305000,0.321000,33.57
1825807825,-0.698000,-0.520000,0.080000,-4.626000,5.466000,0.534000,33.71
1825822327,-0.703000,-0.522000,0.063000,-3.740000,5.511000,1.374000,33.57
1825825660,-0.735000,-0.461000,0.068000,-6.427000,5.221000,0.947000,33.71
1825836653,-0.750000,-0.468000,0.095000,-8.046000,0.824000,2.443000,33.57
1825847669,-0.722000,-0.487000,0.090000,-7.771000,1.252000,2.198000,33.71
1825855977,-0.715000,-0.495000,0.060000,-7.435000,2.229000,1.405000,33.57
1825867995,-0.732000,-0.491000,0.066000,-7.710000,3.374000,1.435000,33.52
1825875552,-0.715000,-0.502000,0.068000,-7.817000,4.641000,1.053000,33.66
1825886108,-0.712000,-0.504000,0.087000,-5.313000,8.015000,0.931000,33.61
1825892595,-0.727000,-0.495000,0.062000,-4.336000,9.069000,1.344000,33.57
1825909464,-0.730000,-0.493000,0.071000,-2.687000,10.672000,1.649000,33.61
1825917675,-0.733000,-0.458000,0.048000,-6.244000,10.702000,1.130000,33.57
1825926599,-0.735000,-0.454000,0.054000,-8.992000,8.473000,2.214000,33.61
1825936362,-0.722000,-0.461000,0.073000,-11.466000,8.183000,2.046000,33.57
1825946373,-0.696000,-0.496000,0.113000,-9.527000,10.901000,2.779000,33.61
1825956602,-0.697000,-0.531000,0.032000,-7.466000,12.321000,2.840000,33.66
1825965987,-0.729000,-0.513000,0.016000,-5.511000,10.992000,3.832000,33.61
1825977550,-0.805000,-0.459000,0.016000,-8.595000,3.893000,4.962000,33.57
1825987937,-0.789000,-0.448000,0.020000,-13.573000,-3.832000,7.939000,33.61
1825993593,-0.740000,-0.473000,0.038000,-16.702000,-5.420000,6.611000,33.57
1826006641,-0.734000,-0.490000,0.062000,-14.733000,-4.397000,5.908000,33.61
1826014441,-0.723000,-0.480000,0.083000,-13.389000,-4.305000,3.695000,33.57
1826025732,-0.740000,-0.459000,0.097000,-13.115000,-3.023000,2.718000,33.52
1826036788,-0.745000,-0.480000,0.069000,-14.595000,-4.641000,5.374000,33.66
1826048222,-0.698000,-0.503000,0.059000,-13.802000,-3.435000,5.221000,33.61
1826057311,-0.709000,-0.504000,0.050000,-11.786000,-1.374000,5.481000,33.61
1826065131,-0.729000,-0.478000,0.040000,-14.305000,0.076000,5.298000,33.57
1826077032,-0.697000,-0.480000,0.086000,-15.695000,-1.496000,5.771000,33.61
1826088282,-0.704000,-0.476000,0.062000,-16.702000,0.916000,5.603000,33.61
1826094231,-0.736000,-0.476000,0.072000,-16.626000,2.244000,4.916000,33.61
1826107390,-0.726000,-0.473000,0.091000,-16.412000,0.916000,5.313000,33.66
1826115456,-0.689000,-0.503000,0.063000,-13.985000,3.618000,4.519000,33.61
1826126329,-0.737000,-0.497000,0.030000,-14.061000,6.137000,4.000000,33.57
1826136368,-0.747000,-0.497000,0.059000,-16.092000,4.519000,5.282000,33.61
1826148687,-0.742000,-0.471000,0.048000,-18.061000,3.527000,5.924000,33.57
1826157815,-0.734000,-0.463000,0.043000,-19.573000,3.282000,4.580000,33.61
1826164826,-0.742000,-0.479000,0.030000,-19.420000,4.702000,4.382000,33.57
1826176480,-0.744000,-0.496000,0.016000,-18.290000,8.183000,3.954000,33.61
1826187551,-0.765000,-0.500000,0.041000,-18.855000,9.191000,4.305000,33.57
1826195532,-0.748000,-0.516000,0.025000,-17.863000,9.008000,5.588000,33.71
1826202285,-0.742000,-0.462000,0.060000,-16.931000,10.076000,4.290000,33.66
1826222507,-0.768000,-0.458000,0.012000,-17.053000,11.634000,5.710000,33.61
1826230395,-0.751000,-0.488000,-0.018000,-17.084000,10.198000,6.885000,33.57
1826235135,-0.718000,-0.514000,0.035000,-15.328000,12.824000,6.366000,33.61
1826249078,-0.750000,-0.450000,-0.002000,-13.695000,17.588000,5.008000,33.57
1826258865,-0.758000,-0.457000,-0.014000,-12.977000,18.458000,7.313000,33.71
1826266211,-0.729000,-0.419000,0.000000,-15.710000,19.328000,5.893000,33.66
1826277928,-0.744000,-0.454000,-0.023000,-14.824000,22.168000,7.893000,33.61
1826287977,-0.746000,-0.420000,-0.035000,-13.832000,27.099000,5.893000,33.66
1826295466,-0.748000,-0.477000,-0.020000,-12.427000,25.771000,8.473000,33.61
1826301950,-0.716000,-0.462000,-0.022000,-11.557000,28.382000,7.466000,33.66
1826316775,-0.740000,-0.449000,-0.010000,-8.076000,28.534000,8.763000,33.61
1826328611,-0.771000,-0.425000,-0.052000,-7.328000,29.374000,8.595000,33.57
1826333905,-0.756000,-0.445000,-0.056000,-11.038000,29.206000,8.153000,33.71
1826346136,-0.756000,-0.484000,-0.016000,-7.176000,31.420000,9.634000,33.57
1826356472,-0.742000,-0.429000,-0.031000,-8.702000,33.374000,8.107000,33.61
1826366570,-0.780000,-0.434000,-0.036000,-6.489000,34.473000,9.786000,33.52
1826376508,-0.772000,-0.432000,-0.059000,-6.947000,37.924000,12.015000,33.57
1826383816,-0.778000,-0.446000,-0.076000,-7.084000,38.305000,12.489000,33.61
1826395642,-0.819000,-0.413000,-0.074000,-5.588000,38.443000,13.771000,33.61
1826401949,-0.803000,-0.416000,-0.099000,-8.794000,37.603000,15.893000,33.61
1826416118,-0.756000,-0.425000,-0.099000,-10.244000,38.611000,14.779000,33.66
1826428633,-0.805000,-0.411000,-0.116000,-9.634000,41.069000,12.550000,33.52
1826434027,-0.832000,-0.395000,-0.106000,-12.885000,37.664000,14.244000,33.57
1826450965,-0.792000,-0.399000,-0.110000,-13.695000,37.771000,14.366000,33.71
1826456668,-0.802000,-0.418000,-0.146000,-13.267000,42.718000,14.901000,33.66
1826466372,-0.806000,-0.455000,-0.136000,-12.489000,43.191000,18.061000,33.61
1826477664,-0.778000,-0.452000,-0.126000,-11.695000,43.679000,18.931000,33.66
1826490265,-0.792000,-0.388000,-0.137000,-12.504000,43.405000,20.122000,33.61
1826494494,-0.773000,-0.369000,-0.145000,-16.733000,42.656000,20.046000,33.66
1826505943,-0.772000,-0.381000,-0.128000,-19.847000,42.290000,19.740000,33.61
1826512799,-0.760000,-0.427000,-0.153000,-19.450000,46.595000,19.969000,33.66
1826526243,-0.776000,-0.376000,-0.169000,-20.107000,46.840000,19.664000,33.61
1826536720,-0.793000,-0.418000,-0.181000,-19.603000,48.382000,19.618000,33.57
1826547269,-0.811000,-0.382000,-0.222000,-20.840000,49.634000,20.290000,33.61
1826558919,-0.825000,-0.435000,-0.197000,-19.832000,50.244000,20.443000,33.66
1826564004,-0.837000,-0.408000,-0.219000,-21.023000,47.740000,20.412000,33.71
1826575825,-0.787000,-0.421000,-0.191000,-21.298000,43.954000,18.321000,33.57
1826586658,-0.747000,-0.398000,-0.173000,-19.374000,43.084000,15.511000,33.61
1826595366,-0.751000,-0.368000,-0.223000,-22.885000,46.397000,15.725000,33.57
1826604761,-0.768000,-0.408000,-0.205000,-24.260000,46.519000,17.771000,33.61
1826617475,-0.776000,-0.442000,-0.236000,-22.672000,50.611000,19.130000,33.57
1826627256,-0.786000,-0.433000,-0.218000,-21.969000,50.992000,20.565000,33.71
1826636109,-0.791000,-0.398000,-0.250000,-20.092000,50.687000,19.695000,33.61
1826643418,-0.820000,-0.394000,-0.264000,-22.901000,51.267000,22.061000,33.66
1826659333,-0.809000,-0.371000,-0.271000,-23.359000,48.412000,21.160000,33.61
1826665900,-0.808000,-0.358000,-0.268000,-26.183000,47.038000,19.725000,33.57
1826677661,-0.799000,-0.354000,-0.246000,-26.351000,45.466000,17.802000,33.52
1826687952,-0.773000,-0.326000,-0.290000,-26.397000,46.000000,15.924000,33.57
1826696829,-0.774000,-0.331000,-0.325000,-29.298000,49.252000,15.649000,33.61
1826703470,-0.788000,-0.371000,-0.295000,-29.557000,49.695000,17.557000,33.61
1826715326,-0.777000,-0.375000,-0.319000,-30.137000,48.794000,17.786000,33.71
1826728646,-0.767000,-0.381000,-0.300000,-29.786000,46.382000,17.191000,33.66
1826737271,-0.769000,-0.345000,-0.307000,-30.214000,46.534000,18.412000,33.61
1826748004,-0.747000,-0.324000,-0.322000,-30.687000,46.153000,16.901000,33.57
1826758501,-0.756000,-0.351000,-0.315000,-31.344000,44.687000,15.634000,33.61
1826765443,-0.758000,-0.335000,-0.337000,-29.985000,46.733000,14.519000,33.66
1826776751,-0.768000,-0.336000,-0.350000,-29.771000,46.473000,15.053000,33.71
1826785578,-0.784000,-0.313000,-0.360000,-31.695000,46.336000,16.260000,33.57
1826796617,-0.766000,-0.335000,-0.371000,-31.939000,45.435000,17.069000,33.71
1826802056,-0.757000,-0.318000,-0.387000,-32.519000,47.695000,17.649000,33.66
1826815171,-0.782000,-0.299000,-0.370000,-33.344000,48.031000,17.237000,33.61
1826827575,-0.771000,-0.304000,-0.386000,-34.305000,47.008000,16.336000,33.66
1826837541,-0.748000,-0.299000,-0.374000,-33.878000,45.786000,15.053000,33.71
1826847645,-0.735000,-0.310000,-0.388000,-31.786000,44.473000,13.679000,33.66
1826857125,-0.730000,-0.332000,-0.412000,-30.366000,44.443000,13.099000,33.52
1826865131,-0.731000,-0.304000,-0.438000,-27.969000,44.489000,13.771000,33.66
1826876887,-0.740000,-0.293000,-0.430000,-28.366000,43.985000,14.473000,33.61
1826884479,-0.744000,-0.257000,-0.443000,-27.237000,45.863000,15.282000,33.66
1826895501,-0.767000,-0.241000,-0.461000,-30.000000,43.389000,15.313000,33.61
1826905864,-0.744000,-0.254000,-0.446000,-30.351000,44.794000,14.382000,33.57
1826913264,-0.751000,-0.252000,-0.446000,-32.305000,42.947000,13.496000,33.61
1826926855,-0.739000,-0.259000,-0.450000,-30.305000,42.855000,13.344000,33.57
1826936621,-0.733000,-0.246000,-0.471000,-29.038000,42.244000,13.603000,33.61
1826947781,-0.730000,-0.260000,-0.460000,-28.901000,40.977000,14.611000,33.66
1826959033,-0.734000,-0.272000,-0.473000,-23.893000,41.557000,14.534000,33.61
1826964808,-0.748000,-0.216000,-0.512000,-23.466000,39.771000,14.931000,33.66
1826975465,-0.749000,-0.205000,-0.486000,-24.687000,38.779000,14.931000,33.61
1826986453,-0.719000,-0.194000,-0.479000,-25.847000,37.115000,13.588000,33.66
1826994633,-0.716000,-0.192000,-0.488000,-26.656000,36.443000,12.916000,33.57
1827004748,-0.694000,-0.214000,-0.479000,-25.771000,38.382000,10.565000,33.71
1827017532,-0.681000,-0.222000,-0.482000,-22.672000,36.427000,9.267000,33.61
1827027511,-0.688000,-0.214000,-0.500000,-20.763000,37.221000,9.511000,33.61
1827036088,-0.696000,-0.208000,-0.567000,-19.481000,37.511000,9.511000,33.66
1827045983,-0.685000,-0.233000,-0.517000,-17.023000,36.916000,9.939000,33.61
1827058723,-0.712000,-0.205000,-0.540000,-16.244000,36.733000,10.153000,33.57
1827066784,-0.698000,-0.219000,-0.512000,-17.542000,36.443000,11.053000,33.61
1827074147,-0.715000,-0.208000,-0.561000,-17.557000,35.878000,11.756000,33.66
1827090685,-0.709000,-0.207000,-0.574000,-18.214000,36.244000,12.412000,33.61
1827096810,-0.696000,-0.217000,-0.541000,-16.885000,35.588000,12.656000,33.71
1827103655,-0.682000,-0.198000,-0.546000,-14.290000,34.779000,12.198000,33.61
1827118703,-0.656000,-0.201000,-0.582000,-13.649000,34.473000,11.191000,33.66
1827128937,-0.651000,-0.233000,-0.560000,-11.863000,35.863000,9.695000,33.71
1827136726,-0.682000,-0.194000,-0.587000,-10.031000,35.206000,9.359000,33.66
1827147036,-0.650000,-0.206000,-0.572000,-12.031000,34.351000,9.405000,33.61
1827156616,-0.627000,-0.206000,-0.588000,-9.893000,36.458000,8.947000,33.66
1827166627,-0.649000,-0.183000,-0.575000,-9.878000,37.771000,9.618000,33.61
1827175286,-0.624000,-0.201000,-0.614000,-11.191000,35.374000,10.702000,33.66
1827187171,-0.633000,-0.214000,-0.617000,-6.779000,39.893000,10.275000,33.61
1827196367,-0.695000,-0.153000,-0.634000,-6.641000,37.038000,10.107000,33.66
1827203146,-0.666000,-0.191000,-0.634000,-6.687000,37.420000,10.687000,33.61
1827220268,-0.651000,-0.146000,-0.649000,-7.740000,36.962000,9.313000,33.57
1827232964,-0.676000,-0.142000,-0.642000,-8.550000,35.206000,9.527000,33.61
1827238505,-0.664000,-0.138000,-0.651000,-11.771000,32.931000,9.496000,33.57
1827248288,-0.638000,-0.161000,-0.626000,-11.954000,34.015000,8.901000,33.61
1827257100,-0.636000,-0.105000,-0.664000,-13.542000,30.534000,8.229000,33.57
1827265228,-0.613000,-0.170000,-0.665000,-12.992000,30.748000,8.519000,33.66
1827273080,-0.621000,-0.161000,-0.660000,-12.061000,31.298000,9.802000,33.61
1827285305,-0.648000,-0.146000,-0.687000,-12.489000,29.618000,10.137000,33.57
1827296703,-0.619000,-0.148000,-0.657000,-12.183000,28.718000,9.420000,33.71
1827302730,-0.634000,-0.116000,-0.673000,-12.489000,28.931000,9.725000,33.57
1827319155,-0.625000,-0.115000,-0.680000,-14.321000,29.038000,9.908000,33.71
1827328694,-0.619000,-0.135000,-0.680000,-15.359000,27.939000,9.863000,33.61
1827337517,-0.617000,-0.137000,-0.693000,-15.084000,27.344000,9.542000,33.61
1827348088,-0.618000,-0.132000,-0.695000,-14.885000,27.282000,8.901000,33.75
1827361081,-0.608000,-0.135000,-0.682000,-15.679000,25.511000,8.595000,33.61
1827366350,-0.613000,-0.140000,-0.719000,-14.092000,24.992000,8.611000,33.57
1827376792,-0.608000,-0.143000,-0.721000,-13.435000,25.893000,8.458000,33.61
1827387375,-0.632000,-0.130000,-0.701000,-13.603000,25.176000,9.267000,33.66
1827396217,-0.622000,-0.125000,-0.705000,-14.351000,24.031000,8.702000,33.52
1827402768,-0.590000,-0.128000,-0.718000,-15.542000,25.344000,8.595000,33.66
1827414439,-0.601000,-0.117000,-0.711000,-14.214000,24.992000,9.160000,33.61
1827428730,-0.589000,-0.107000,-0.713000,-13.496000,23.817000,8.183000,33.66
1827439099,-0.550000,-0.112000,-0.707000,-10.687000,23.847000,7.252000,33.71
1827445991,-0.557000,-0.116000,-0.711000,-11.695000,26.794000,8.000000,33.66
1827460984,-0.550000,-0.109000,-0.722000,-7.817000,26.382000,6.763000,33.61
1827465808,-0.576000,-0.087000,-0.737000,-12.229000,27.008000,8.214000,33.66
1827477449,-0.594000,-0.075000,-0.760000,-11.038000,28.000000,7.420000,33.52
1827486704,-0.585000,-0.078000,-0.720000,-11.389000,24.763000,5.160000,33.66
1827497726,-0.594000,-0.020000,-0.758000,-18.427000,25.893000,6.229000,33.52
1827502013,-0.566000,-0.068000,-0.764000,-16.962000,25.084000,4.107000,33.66
1827513972,-0.598000,-0.076000,-0.796000,-19.969000,24.779000,6.947000,33.61
1827530474,-0.577000,-0.115000,-0.815000,-18.840000,22.198000,7.847000,33.52
1827538717,-0.606000,-0.128000,-0.783000,-17.878000,21.359000,10.626000,33.66
1827545117,-0.640000,-0.059000,-0.782000,-18.015000,18.382000,12.458000,33.71
1827557210,-0.580000,-0.074000,-0.740000,-18.595000,13.969000,12.427000,33.52
1827565762,-0.595000,-0.044000,-0.772000,-23.847000,16.046000,13.863000,33.61
1827577167,-0.561000,-0.053000,-0.736000,-22.397000,14.901000,12.382000,33.66
1827588430,-0.546000,-0.027000,-0.763000,-20.076000,14.183000,10.092000,33.61
1827596515,-0.506000,-0.041000,-0.751000,-19.374000,14.336000,9.435000,33.66
1827606255,-0.495000,-0.059000,-0.761000,-15.969000,16.595000,7.542000,33.61
1827612963,-0.510000,-0.057000,-0.789000,-14.489000,17.206000,6.565000,33.57
1827628817,-0.511000,-0.089000,-0.801000,-14.840000,18.885000,7.450000,33.61
1827638724,-0.554000,-0.102000,-0.813000,-15.344000,19.176000,9.924000,33.66
1827644673,-0.527000,-0.111000,-0.761000,-15.237000,19.450000,10.061000,33.61
1827656569,-0.583000,-0.062000,-0.799000,-15.771000,20.550000,10.412000,33.57
1827665262,-0.546000,-0.070000,-0.794000,-18.962000,19.313000,9.710000,33.61
1827676955,-0.555000,-0.087000,-0.796000,-17.573000,19.588000,8.779000,33.66
1827688199,-0.517000,-0.072000,-0.796000,-17.053000,17.939000,8.473000,33.61
1827697065,-0.488000,-0.085000,-0.803000,-16.382000,20.855000,7.481000,33.66
1827705396,-0.485000,-0.090000,-0.794000,-13.481000,21.038000,6.427000,33.61
1827712211,-0.487000,-0.088000,-0.790000,-13.649000,22.855000,6.321000,33.57
1827729913,-0.474000,-0.047000,-0.794000,-10.580000,25.450000,4.473000,33.61
1827739252,-0.501000,0.007000,-0.834000,-13.206000,26.901000,4.076000,33.57
1827744422,-0.518000,-0.045000,-0.809000,-18.061000,27.069000,3.817000,33.61
1827757230,-0.526000,-0.069000,-0.810000,-17.237000,26.046000,3.053000,33.71
1827765946,-0.527000,-0.068000,-0.830000,-15.771000,25.664000,4.519000,33.66
1827776522,-0.522000,-0.081000,-0.815000,-14.412000,25.725000,6.702000,33.61
1827786262,-0.490000,-0.048000,-0.802000,-11.221000,25.237000,8.183000,33.61
1827797296,-0.478000,-0.031000,-0.807000,-7.649000,24.641000,6.794000,33.61
1827805238,-0.464000,0.031000,-0.804000,-10.718000,26.412000,7.176000,33.57
1827812192,-0.475000,0.032000,-0.801000,-9.954000,28.153000,4.931000,33.61
1827829425,-0.470000,0.033000,-0.829000,-10.824000,29.740000,3.435000,33.57
1827838652,-0.486000,0.016000,-0.830000,-11.756000,30.137000,3.191000,33.71
1827846076,-0.506000,0.016000,-0.832000,-10.153000,28.183000,3.771000,33.57
1827857576,-0.511000,0.021000,-0.878000,-10.824000,27.038000,6.275000,33.61
1827865848,-0.520000,-0.007000,-0.852000,-11.328000,25.496000,10.611000,33.57
1827877077,-0.510000,-0.003000,-0.851000,-12.168000,23.863000,15.008000,33.71
1827886598,-0.494000,0.031000,-0.833000,-12.198000,22.885000,16.687000,33.57
1827897213,-0.490000,0.084000,-0.851000,-14.031000,23.130000,16.885000,33.61
1827905144,-0.513000,0.049000,-0.846000,-16.473000,23.588000,16.870000,33.57
1827911961,-0.502000,0.024000,-0.839000,-16.427000,22.595000,15.710000,33.61
1827929458,-0.479000,0.046000,-0.852000,-14.626000,20.992000,15.130000,33.57
1827938723,-0.480000,0.054000,-0.887000,-15.115000,22.107000,15.710000,33.61
1827945870,-0.473000,-0.015000,-0.871000,-12.336000,22.809000,15.405000,33.66
1827958022,-0.464000,-0.004000,-0.856000,-10.412000,23.160000,17.588000,33.71
1827966800,-0.442000,0.010000,-0.836000,-6.779000,24.748000,17.282000,33.66
1827977030,-0.456000,0.082000,-0.893000,-7.786000,27.069000,17.893000,33.66
1827988482,-0.455000,0.039000,-0.897000,-9.511000,29.511000,17.267000,33.71
1827996418,-0.498000,0.035000,-0.895000,-11.634000,28.718000,16.702000,33.57
1828004612,-0.465000,0.043000,-0.882000,-12.107000,27.328000,14.504000,33.52
1828019942,-0.445000,0.037000,-0.901000,-12.137000,28.122000,13.802000,33.61
1828031035,-0.418000,0.020000,-0.909000,-10.656000,28.977000,13.969000,33.61
1828038623,-0.436000,0.040000,-0.919000,-10.611000,29.450000,15.359000,33.57
1828045396,-0.413000,0.048000,-0.885000,-10.687000,29.954000,15.618000,33.61
1828061034,-0.421000,0.083000,-0.903000,-10.763000,29.695000,15.695000,33.66
1828066504,-0.394000,0.068000,-0.932000,-12.947000,32.092000,14.672000,33.61
1828084078,-0.449000,0.103000,-0.938000,-15.618000,31.099000,13.664000,33.66
1828094450,-0.437000,0.048000,-0.925000,-14.763000,31.710000,14.153000,33.61
1828099190,-0.449000,0.076000,-0.954000,-17.588000,28.443000,14.748000,33.66
1828104594,-0.422000,0.051000,-0.928000,-19.603000,26.397000,14.992000,33.61
1828116190,-0.417000,0.063000,-0.929000,-19.435000,24.290000,16.763000,33.66
1828126377,-0.390000,0.089000,-0.916000,-19.695000,24.122000,17.466000,33.61
1828140560,-0.361000,0.096000,-0.927000,-20.397000,24.397000,17.695000,33.57
1828142764,-0.351000,0.092000,-0.929000,-21.038000,26.137000,17.832000,33.61
1828159458,-0.369000,0.092000,-0.942000,-20.977000,26.504000,18.885000,33.57
1828168019,-0.386000,0.079000,-0.953000,-21.313000,25.527000,19.710000,33.61
1828175319,-0.376000,0.086000,-0.916000,-21.130000,22.931000,21.191000,33.66
1828186676,-0.389000,0.140000,-0.941000,-22.168000,21.603000,22.718000,33.61
1828198550,-0.372000,0.131000,-0.946000,-25.405000,20.214000,24.107000,33.66
1828204580,-0.364000,0.126000,-0.914000,-25.511000,19.008000,24.458000,33.47
1828215635,-0.349000,0.159000,-0.944000,-26.504000,17.527000,26.107000,33.52
1828226193,-0.323000,0.104000,-0.957000,-25.603000,17.481000,26.244000,33.57
1828236860,-0.351000,0.129000,-0.946000,-25.206000,18.076000,27.832000,33.61
1828246852,-0.335000,0.157000,-0.945000,-25.237000,17.817000,28.275000,33.61
1828258881,-0.335000,0.134000,-0.914000,-23.328000,17.740000,29.069000,33.61
1828267172,-0.297000,0.125000,-0.929000,-25.466000,18.565000,27.053000,33.57
1828274228,-0.354000,0.175000,-0.962000,-28.550000,19.771000,28.672000,33.71
1828286825,-0.364000,0.158000,-0.942000,-30.672000,16.992000,29.649000,33.66
1828296619,-0.347000,0.157000,-0.903000,-29.908000,16.107000,29.389000,33.61
1828303127,-0.330000,0.159000,-0.938000,-30.046000,13.511000,32.931000,33.57
1828316417,-0.260000,0.093000,-0.937000,-25.756000,14.489000,33.786000,33.71
1828324438,-0.262000,0.113000,-0.923000,-20.397000,17.710000,34.794000,33.66
1828337895,-0.271000,0.169000,-0.935000,-17.771000,19.588000,35.618000,33.71
1828348673,-0.260000,0.175000,-0.917000,-17.023000,23.160000,33.145000,33.66
1828359997,-0.342000,0.228000,-0.896000,-20.305000,25.939000,32.427000,33.52
1828365152,-0.344000,0.224000,-0.904000,-24.595000,22.168000,33.237000,33.66
1828372623,-0.256000,0.170000,-0.888000,-24.183000,22.015000,31.130000,33.61
1828387350,-0.253000,0.166000,-0.857000,-20.305000,24.885000,30.046000,33.66
1828396045,-0.218000,0.183000,-0.923000,-14.168000,23.420000,28.901000,33.61
1828402714,-0.162000,0.192000,-0.930000,-10.427000,29.435000,25.985000,33.57
1828414929,-0.255000,0.229000,-0.915000,-7.954000,34.641000,23.084000,33.61
1828426801,-0.276000,0.267000,-0.899000,-9.573000,33.527000,20.046000,33.57
1828436721,-0.283000,0.240000,-0.926000,-14.992000,32.626000,19.496000,33.61
1828446907,-0.261000,0.198000,-0.848000,-13.908000,32.687000,15.115000,33.57
1828458840,-0.272000,0.264000,-0.893000,-11.817000,32.733000,11.450000,33.52
1828466294,-0.197000,0.218000,-0.935000,-10.733000,33.328000,9.908000,33.66
1828478741,-0.176000,0.154000,-0.926000,-5.878000,36.122000,7.435000,33.61
1828486570,-0.214000,0.214000,-0.919000,-1.191000,36.153000,6.809000,33.71
1828496683,-0.188000,0.241000,-0.946000,-0.382000,36.031000,5.725000,33.66
1828503250,-0.163000,0.240000,-0.899000,1.527000,39.634000,0.473000,33.71
1828518668,-0.204000,0.292000,-0.918000,2.595000,40.809000,-2.855000,33.47
1828530511,-0.205000,0.317000,-0.939000,-2.031000,41.725000,-5.511000,33.61
1828536096,-0.199000,0.231000,-0.942000,-0.962000,41.145000,-8.290000,33.47
1828546793,-0.206000,0.237000,-1.025000,-3.740000,39.725000,-6.183000,33.61
1828557692,-0.160000,0.164000,-0.976000,-2.260000,39.191000,-4.794000,33.61
1828566214,-0.155000,0.163000,-0.945000,3.847000,39.710000,-5.282000,33.61
1828577430,-0.157000,0.238000,-0.978000,5.053000,40.336000,-5.466000,33.66
1828585345,-0.127000,0.265000,-0.940000,2.779000,40.168000,-8.458000,33.71
1828597344,-0.181000,0.281000,-0.990000,2.733000,41.389000,-10.641000,33.57
1828603719,-0.127000,0.244000,-1.016000,-2.534000,38.870000,-11.496000,33.52
1828616127,-0.127000,0.214000,-0.995000,-1.863000,40.595000,-12.733000,33.66
1828625799,-0.204000,0.267000,-1.022000,-3.435000,37.313000,-9.878000,33.61
1828636829,-0.168000,0.264000,-1.028000,-8.885000,32.824000,-7.389000,33.57
1828650350,-0.169000,0.253000,-1.002000,-11.435000,29.695000,-3.618000,33.61
1828659428,-0.126000,0.256000,-0.996000,-13.252000,28.763000,-1.679000,33.57
1828669649,-0.082000,0.245000,-1.018000,-12.962000,28.000000,1.282000,33.71
1828678103,-0.068000,0.244000,-1.020000,-12.244000,31.176000,2.656000,33.57
1828687950,-0.116000,0.268000,-1.018000,-11.847000,30.809000,3.786000,33.61
1828696821,-0.115000,0.310000,-1.025000,-14.565000,29.069000,4.855000,33.57
1828704098,-0.122000,0.290000,-1.016000,-18.183000,28.595000,4.748000,33.61
1828716838,-0.149000,0.263000,-1.006000,-19.374000,28.153000,5.191000,33.57
1828727448,-0.163000,0.249000,-1.019000,-21.115000,26.427000,7.756000,33.61
1828735353,-0.092000,0.199000,-0.998000,-19.588000,25.466000,10.092000,33.66
1828749380,-0.075000,0.233000,-1.010000,-17.573000,27.252000,13.008000,33.71
1828758576,-0.084000,0.265000,-1.015000,-17.786000,29.527000,16.489000,33.61
1828766922,-0.070000,0.275000,-1.011000,-19.847000,30.794000,18.473000,33.66
1828778070,-0.092000,0.267000,-1.001000,-19.969000,33.893000,19.115000,33.61
1828787557,-0.090000,0.277000,-1.029000,-21.557000,31.924000,19.878000,33.61
1828796589,-0.085000,0.249000,-1.057000,-20.580000,32.656000,20.137000,33.61
1828803452,-0.109000,0.247000,-1.009000,-18.260000,33.237000,18.733000,33.66
1828816661,-0.127000,0.312000,-1.019000,-18.550000,29.969000,19.084000,33.61
1828827953,-0.089000,0.320000,-0.994000,-22.244000,29.099000,18.198000,33.57
1828835951,-0.079000,0.309000,-1.017000,-25.298000,28.443000,19.237000,33.61
1828848984,-0.021000,0.273000,-0.955000,-24.275000,30.260000,17.969000,33.57
1828859198,-0.009000,0.298000,-0.988000,-19.328000,31.771000,16.626000,33.61
1828866171,0.013000,0.309000,-0.960000,-18.733000,34.305000,17.038000,33.57
1828873266,0.029000,0.274000,-0.944000,-12.809000,36.809000,14.595000,33.71
1828888113,0.020000,0.317000,-0.987000,-8.947000,37.359000,13.038000,33.66
1828896601,-0.009000,0.326000,-0.991000,-8.702000,39.847000,11.298000,33.71
1828903682,-0.059000,0.319000,-0.952000,-8.122000,39.160000,9.527000,33.57
1828918550,-0.049000,0.336000,-0.979000,-9.863000,36.305000,10.824000,33.61
1828928742,0.021000,0.279000,-0.984000,-10.443000,37.893000,9.099000,33.66
1828936820,0.013000,0.253000,-0.986000,-6.977000,39.420000,9.084000,33.61
1828945855,0.022000,0.302000,-0.961000,-2.992000,40.122000,8.366000,33.66
1828956011,-0.008000,0.344000,-0.971000,-3.084000,37.725000,9.206000,33.71
1828966560,0.046000,0.365000,-0.911000,-1.695000,36.000000,9.450000,33.66
1828979353,0.099000,0.374000,-0.941000,-1.252000,35.649000,10.580000,33.61
1828988297,0.132000,0.338000,-0.934000,2.489000,38.046000,10.092000,33.47
1828993806,0.116000,0.288000,-1.006000,6.168000,44.397000,10.611000,33.61
1829005177,0.050000,0.292000,-1.010000,9.893000,45.374000,11.863000,33.66
1829022987,0.065000,0.296000,-0.992000,11.481000,47.756000,11.893000,33.71
1829032254,0.041000,0.338000,-0.981000,12.809000,48.443000,10.244000,33.66
1829036725,0.011000,0.357000,-1.067000,8.321000,47.542000,10.046000,33.52
1829046258,0.013000,0.278000,-1.043000,4.046000,48.290000,8.168000,33.61
1829059118,0.023000,0.299000,-1.036000,1.466000,40.412000,8.244000,33.57
1829065584,0.099000,0.288000,-1.058000,-1.466000,40.046000,5.466000,33.61
1829078199,0.118000,0.275000,-1.049000,-3.130000,39.527000,4.229000,33.66
1829083782,0.112000,0.306000,-1.034000,-4.595000,36.855000,4.702000,33.71
1829095500,0.129000,0.315000,-1.037000,-7.634000,33.069000,5.817000,33.52
1829102074,0.139000,0.278000,-1.021000,-9.069000,32.076000,5.832000,33.61
1829116777,0.143000,0.299000,-1.004000,-10.015000,27.939000,6.534000,33.57
1829127675,0.233000,0.279000,-1.028000,-9.985000,27.542000,7.481000,33.61
1829135663,0.245000,0.265000,-1.002000,-7.863000,31.969000,7.099000,33.57
1829146190,0.195000,0.298000,-1.023000,-8.046000,32.672000,8.275000,33.61
1829155853,0.172000,0.299000,-1.022000,-10.427000,30.580000,9.038000,33.66
1829165610,0.197000,0.274000,-1.019000,-11.328000,29.924000,8.107000,33.71
1829177423,0.167000,0.330000,-0.996000,-12.412000,28.840000,6.382000,33.66
1829189163,0.147000,0.371000,-1.006000,-16.550000,25.802000,5.435000,33.61
1829196348,0.154000,0.345000,-1.008000,-21.527000,22.275000,5.160000,33.57
1829203216,0.200000,0.312000,-1.002000,-23.939000,19.115000,6.137000,33.52
1829216046,0.264000,0.296000,-0.996000,-22.962000,19.573000,7.847000,33.66
1829231221,0.303000,0.275000,-1.018000,-19.328000,22.336000,9.038000,33.61
1829235792,0.280000,0.296000,-1.030000,-15.405000,26.504000,9.527000,33.57
1829249372,0.223000,0.353000,-1.012000,-15.542000,26.702000,9.099000,33.71
1829258783,0.212000,0.386000,-1.000000,-17.282000,25.847000,6.580000,33.66
1829269153,0.194000,0.389000,-1.022000,-21.405000,26.290000,3.542000,33.61
1829282037,0.126000,0.354000,-1.005000,-26.809000,24.534000,2.214000,33.66
1829287744,0.155000,0.330000,-0.984000,-29.756000,20.443000,1.802000,33.71
1829293478,0.219000,0.291000,-1.008000,-29.252000,18.382000,3.160000,33.66
1829304383,0.237000,0.305000,-0.994000,-26.855000,20.672000,6.382000,33.66
1829317012,0.218000,0.351000,-0.969000,-26.504000,20.885000,11.618000,33.61
1829327903,0.260000,0.368000,-0.965000,-26.595000,22.092000,13.969000,33.61
1829336010,0.256000,0.376000,-0.971000,-27.237000,23.405000,13.557000,33.52
1829345008,0.243000,0.372000,-0.948000,-26.260000,25.389000,11.130000,33.66
1829359462,0.204000,0.351000,-0.952000,-26.794000,25.786000,8.672000,33.61
1829367088,0.209000,0.335000,-0.952000,-24.595000,25.649000,6.611000,33.66
1829377569,0.189000,0.355000,-0.939000,-22.916000,25.176000,5.573000,33.61
1829388489,0.210000,0.395000,-0.923000,-21.847000,21.985000,6.000000,33.57
1829393679,0.305000,0.377000,-0.970000,-23.145000,20.382000,8.351000,33.61
1829405114,0.356000,0.340000,-0.953000,-21.603000,24.336000,9.420000,33.61
1829418108,0.382000,0.336000,-0.966000,-14.504000,28.595000,9.466000,33.61
1829432196,0.380000,0.373000,-0.977000,-12.885000,33.878000,9.359000,33.66
1829437043,0.318000,0.397000,-0.992000,-12.076000,38.107000,7.847000,33.52
1829444752,0.272000,0.417000,-1.010000,-15.160000,38.244000,8.046000,33.47
1829455975,0.285000,0.400000,-1.009000,-17.542000,36.809000,6.962000,33.71
1829467505,0.306000,0.376000,-0.975000,-17.023000,35.817000,4.183000,33.66
1829475950,0.367000,0.393000,-0.970000,-14.916000,35.115000,3.237000,33.61
1829488606,0.439000,0.374000,-1.012000,-13.924000,40.672000,3.847000,33.66
1829494622,0.434000,0.348000,-1.001000,-10.137000,47.237000,2.901000,33.71
1829506542,0.377000,0.380000,-1.005000,-10.504000,49.649000,2.458000,33.66
1829517413,0.364000,0.394000,-1.000000,-11.359000,49.527000,0.931000,33.71
1829527549,0.352000,0.403000,-0.997000,-16.153000,49.557000,0.534000,33.66
1829533808,0.355000,0.343000,-0.957000,-13.176000,50.122000,-2.244000,33.61
1829544832,0.329000,0.401000,-0.951000,-11.985000,47.389000,-4.366000,33.66
1829557763,0.359000,0.430000,-0.976000,-14.885000,45.679000,-4.534000,33.71
1829564968,0.412000,0.387000,-0.949000,-15.817000,44.427000,-6.137000,33.57
1829577760,0.420000,0.391000,-0.957000,-14.855000,44.092000,-7.237000,33.61
1829585275,0.472000,0.386000,-0.928000,-16.229000,45.756000,-7.206000,33.66
1829595768,0.425000,0.430000,-0.957000,-15.405000,49.496000,-6.901000,33.61
1829606920,0.436000,0.441000,-0.947000,-16.931000,49.466000,-6.229000,33.57
1829618895,0.438000,0.417000,-0.929000,-20.153000,48.229000,-5.267000,33.61
1829630245,0.442000,0.406000,-0.952000,-17.115000,48.550000,-6.290000,33.57
1829635529,0.438000,0.416000,-0.955000,-16.351000,50.565000,-6.092000,33.71
1829646967,0.390000,0.433000,-0.943000,-18.382000,46.718000,-2.382000,33.52
1829659117,0.365000,0.467000,-0.956000,-21.954000,42.092000,1.160000,33.66
1829664848,0.379000,0.439000,-0.941000,-27.191000,37.191000,4.855000,33.61
1829679539,0.401000,0.444000,-0.926000,-31.725000,33.664000,8.382000,33.66
1829691590,0.458000,0.444000,-0.887000,-32.489000,33.069000,8.962000,33.52
1829696129,0.463000,0.472000,-0.891000,-32.748000,34.580000,9.389000,33.66
1829702577,0.470000,0.515000,-0.900000,-33.115000,35.252000,9.679000,33.71
1829719794,0.518000,0.486000,-0.890000,-34.809000,36.977000,8.397000,33.66
1829732096,0.478000,0.470000,-0.912000,-33.863000,38.183000,8.702000,33.52
1829737341,0.452000,0.490000,-0.907000,-35.145000,37.099000,10.427000,33.57
1829747838,0.438000,0.479000,-0.906000,-39.420000,36.504000,12.412000,33.61
1829757633,0.412000,0.466000,-0.899000,-42.458000,35.618000,15.130000,33.57
1829767077,0.405000,0.496000,-0.835000,-44.580000,31.130000,18.351000,33.61
1829774233,0.511000,0.513000,-0.836000,-46.229000,30.183000,18.626000,33.57
1829786740,0.529000,0.510000,-0.838000,-46.473000,33.649000,18.565000,33.61
1829796879,0.542000,0.488000,-0.859000,-45.252000,33.221000,16.962000,33.66
1829802861,0.564000,0.472000,-0.859000,-44.321000,36.382000,17.389000,33.61
1829816132,0.537000,0.443000,-0.829000,-43.053000,38.076000,16.870000,33.66
1829828519,0.542000,0.462000,-0.837000,-41.176000,38.809000,15.679000,33.61
1829837804,0.528000,0.471000,-0.810000,-41.771000,40.718000,14.779000,33.57
1829848285,0.501000,0.462000,-0.819000,-41.802000,40.916000,13.420000,33.61
1829863141,0.518000,0.446000,-0.831000,-42.107000,40.687000,12.305000,33.66
1829868766,0.559000,0.425000,-0.813000,-41.573000,42.305000,9.817000,33.61
1829873913,0.581000,0.438000,-0.826000,-39.832000,44.260000,8.489000,33.61
1829888089,0.595000,0.422000,-0.825000,-38.992000,48.153000,6.977000,33.75
1829897553,0.591000,0.429000,-0.789000,-37.542000,50.519000,5.450000,33.71
1829903923,0.598000,0.463000,-0.777000,-35.679000,52.397000,2.947000,33.66
1829915862,0.585000,0.492000,-0.789000,-35.221000,54.000000,0.214000,33.61
1829927136,0.598000,0.464000,-0.776000,-35.084000,54.366000,-1.710000,33.66
1829937445,0.610000,0.480000,-0.755000,-32.687000,54.733000,-2.672000,33.61
1829942520,0.647000,0.492000,-0.764000,-33.099000,55.649000,-1.847000,33.61
1829959339,0.678000,0.479000,-0.772000,-31.969000,59.695000,-0.824000,33.61
1829970177,0.638000,0.507000,-0.731000,-29.221000,62.840000,-0.611000,33.57
1829975336,0.631000,0.559000,-0.725000,-30.076000,63.099000,-0.595000,33.61
1829989679,0.619000,0.600000,-0.705000,-31.252000,62.504000,-1.038000,33.66
1829994703,0.627000,0.638000,-0.706000,-34.382000,58.656000,-0.046000,33.52
1830004595,0.665000,0.642000,-0.700000,-36.718000,58.031000,0.076000,33.57
1830016448,0.683000,0.608000,-0.724000,-38.153000,57.542000,0.504000,33.71
1830027850,0.707000,0.573000,-0.692000,-35.756000,60.977000,-1.618000,33.57
1830038799,0.659000,0.635000,-0.695000,-36.687000,62.763000,-0.733000,33.61
1830044257,0.597000,0.663000,-0.677000,-40.656000,60.672000,-0.870000,33.75
1830056352,0.581000,0.685000,-0.650000,-46.504000,54.397000,0.260000,33.61
1830067730,0.587000,0.677000,-0.643000,-52.443000,48.641000,1.435000,33.66
1830076415,0.569000,0.668000,-0.612000,-57.282000,42.947000,4.183000,33.61
1830087760,0.618000,0.639000,-0.582000,-58.779000,35.557000,8.046000,33.66
1830099908,0.698000,0.609000,-0.590000,-58.290000,34.031000,11.145000,33.61
1830105854,0.746000,0.597000,-0.559000,-53.832000,35.084000,15.023000,33.57
1830110521,0.701000,0.667000,-0.552000,-49.176000,37.725000,18.809000,33.61
1830128922,0.655000,0.698000,-0.518000,-51.160000,35.557000,22.305000,33.66
1830136804,0.657000,0.705000,-0.526000,-53.863000,32.092000,24.779000,33.61
1830146755,0.659000,0.708000,-0.517000,-56.443000,29.710000,26.626000,33.61
1830157382,0.678000,0.666000,-0.515000,-57.511000,27.466000,27.496000,33.57
1830166719,0.754000,0.598000,-0.514000,-54.534000,28.473000,27.924000,33.61
1830177390,0.749000,0.566000,-0.537000,-49.802000,32.763000,29.282000,33.71
1830188123,0.738000,0.579000,-0.522000,-46.870000,35.282000,31.847000,33.61
1830195713,0.718000,0.582000,-0.509000,-44.534000,36.702000,32.504000,33.57
1830205528,0.710000,0.617000,-0.483000,-44.992000,36.626000,33.267000,33.61
1830212654,0.698000,0.617000,-0.488000,-47.435000,35.496000,32.656000,33.66
1830224293,0.700000,0.585000,-0.465000,-49.313000,32.397000,31.252000,33.61
1830240157,0.760000,0.544000,-0.477000,-48.718000,32.473000,29.328000,33.66
1830246767,0.786000,0.526000,-0.439000,-45.603000,34.229000,28.565000,33.71
1830255894,0.784000,0.536000,-0.444000,-43.053000,36.183000,28.672000,33.66
1830268768,0.775000,0.550000,-0.436000,-41.481000,35.542000,28.962000,33.61
1830276791,0.764000,0.566000,-0.414000,-40.611000,34.107000,29.939000,33.57
1830286744,0.751000,0.577000,-0.395000,-40.122000,32.305000,29.328000,33.61
1830298499,0.742000,0.585000,-0.375000,-39.481000,30.504000,28.519000,33.57
1830308778,0.762000,0.590000,-0.353000,-39.740000,25.481000,29.084000,33.61
1830313263,0.805000,0.556000,-0.375000,-37.649000,25.130000,28.290000,33.57
1830324768,0.833000,0.539000,-0.346000,-35.450000,23.771000,28.198000,33.71
1830337054,0.870000,0.553000,-0.319000,-31.786000,23.634000,27.420000,33.66
1830346675,0.871000,0.612000,-0.317000,-30.611000,23.573000,27.588000,33.61
1830357320,0.852000,0.602000,-0.323000,-28.412000,21.924000,28.366000,33.57
1830366340,0.861000,0.609000,-0.317000,-29.252000,19.481000,28.382000,33.61
1830377015,0.842000,0.614000,-0.305000,-28.947000,17.237000,27.481000,33.57
1830386975,0.826000,0.610000,-0.305000,-29.542000,12.916000,26.748000,33.66
1830396489,0.835000,0.605000,-0.306000,-30.260000,9.359000,26.443000,33.61
1830406893,0.825000,0.592000,-0.317000,-31.679000,4.198000,27.420000,33.71
1830414851,0.862000,0.576000,-0.291000,-33.053000,-1.725000,28.458000,33.61
1830425231,0.884000,0.562000,-0.314000,-33.664000,-5.115000,30.351000,33.57
1830433597,0.896000,0.544000,-0.276000,-32.229000,-8.046000,31.389000,33.61
1830448580,0.894000,0.555000,-0.294000,-31.511000,-10.397000,32.183000,33.75
1830456350,0.881000,0.560000,-0.280000,-31.344000,-14.366000,31.985000,33.71
1830464132,0.881000,0.568000,-0.254000,-31.649000,-17.847000,31.420000,33.57
1830477855,0.908000,0.570000,-0.263000,-31.634000,-21.191000,30.397000,33.61
1830486797,0.919000,0.541000,-0.279000,-29.832000,-23.939000,29.298000,33.66
1830497914,0.915000,0.495000,-0.302000,-27.344000,-26.458000,28.412000,33.71
1830510168,0.956000,0.464000,-0.300000,-23.420000,-27.344000,25.939000,33.57
1830517838,0.967000,0.476000,-0.292000,-17.267000,-25.145000,22.504000,33.52
1830524630,0.954000,0.525000,-0.301000,-13.389000,-24.931000,21.298000,33.66
1830537409,0.988000,0.521000,-0.303000,-10.107000,-24.504000,19.725000,33.52
1830549690,0.969000,0.529000,-0.314000,-6.046000,-21.664000,17.084000,33.75
1830556245,0.938000,0.545000,-0.309000,-4.931000,-24.107000,17.023000,33.61
1830565290,0.959000,0.573000,-0.332000,-4.565000,-25.603000,16.153000,33.66
1830580375,1.009000,0.561000,-0.352000,-3.924000,-23.557000,13.954000,33.66
1830590673,1.018000,0.562000,-0.341000,0.672000,-19.237000,10.061000,33.52
1830595899,1.002000,0.555000,-0.383000,3.405000,-14.809000,5.771000,33.57
1830607547,0.973000,0.526000,-0.387000,7.053000,-11.359000,1.496000,33.71
1830619607,0.946000,0.533000,-0.385000,8.153000,-9.954000,-1.176000,33.66
1830625884,0.936000,0.548000,-0.395000,7.954000,-8.962000,-2.901000,33.52
1830632750,0.943000,0.528000,-0.391000,7.557000,-8.672000,-4.916000,33.61
1830648436,0.938000,0.526000,-0.394000,9.023000,-5.893000,-7.863000,33.52
1830658318,0.909000,0.539000,-0.402000,9.939000,-4.962000,-9.832000,33.66
1830666043,0.933000,0.500000,-0.409000,11.176000,-3.954000,-12.580000,33.61
1830677606,0.946000,0.476000,-0.404000,14.977000,-1.145000,-15.969000,33.66
1830688237,0.961000,0.469000,-0.393000,19.802000,3.069000,-18.718000,33.61
1830696254,0.963000,0.465000,-0.402000,25.237000,7.802000,-20.718000,33.66
1830703994,0.951000,0.465000,-0.412000,29.176000,12.153000,-21.786000,33.61
1830716605,0.925000,0.472000,-0.406000,32.412000,16.107000,-23.176000,33.75
1830726726,0.882000,0.505000,-0.412000,33.252000,17.466000,-23.542000,33.71
1830733443,0.874000,0.515000,-0.400000,32.336000,17.756000,-23.664000,33.66
1830745703,0.881000,0.492000,-0.416000,31.634000,18.229000,-24.366000,33.61
1830758839,0.866000,0.502000,-0.397000,32.733000,19.496000,-24.260000,33.66
1830767822,0.870000,0.500000,-0.386000,34.443000,20.229000,-24.580000,33.61
1830778377,0.910000,0.506000,-0.415000,35.802000,19.878000,-25.527000,33.66
1830789101,0.911000,0.533000,-0.380000,38.229000,21.847000,-26.748000,33.61
1830797870,0.950000,0.599000,-0.402000,38.672000,20.229000,-27.847000,33.71
1830805338,0.974000,0.616000,-0.394000,38.824000,22.046000,-26.473000,33.66
1830818130,0.969000,0.615000,-0.425000,38.763000,21.863000,-25.053000,33.61
1830829512,0.940000,0.603000,-0.436000,40.443000,22.412000,-24.244000,33.66
1830834296,0.894000,0.626000,-0.452000,39.695000,22.626000,-24.458000,33.71
1830845864,0.831000,0.636000,-0.453000,37.053000,18.458000,-24.504000,33.75
1830855190,0.824000,0.643000,-0.432000,33.252000,12.427000,-24.687000,33.71
1830866982,0.828000,0.633000,-0.447000,27.985000,6.290000,-23.832000,33.66
1830873369,0.845000,0.625000,-0.427000,23.985000,1.466000,-22.290000,33.52
1830889629,0.854000,0.604000,-0.445000,21.664000,-2.473000,-21.420000,33.66
1830899917,0.839000,0.592000,-0.440000,20.229000,-5.084000,-20.947000,33.61
1830905269,0.850000,0.560000,-0.444000,18.931000,-8.153000,-20.794000,33.66
1830916342,0.855000,0.551000,-0.439000,20.000000,-8.809000,-21.221000,33.61
1830924087,0.830000,0.557000,-0.431000,20.382000,-9.405000,-21.115000,33.57
1830934567,0.768000,0.568000,-0.430000,19.221000,-12.443000,-20.168000,33.61
1830946534,0.767000,0.530000,-0.436000,16.626000,-18.550000,-18.947000,33.66
1830957975,0.788000,0.479000,-0.445000,18.779000,-20.153000,-19.588000,33.71
1830969164,0.775000,0.459000,-0.454000,22.611000,-20.076000,-20.916000,33.57
1830974427,0.743000,0.471000,-0.464000,25.573000,-20.580000,-21.985000,33.71
1830986612,0.725000,0.506000,-0.464000,26.397000,-23.969000,-21.511000,33.66
1830998834,0.752000,0.525000,-0.468000,25.588000,-27.588000,-20.260000,33.71
1831004566,0.784000,0.531000,-0.455000,25.267000,-28.672000,-19.176000,33.57
1831015750,0.788000,0.530000,-0.468000,25.771000,-28.473000,-18.061000,33.71
1831026916,0.800000,0.539000,-0.477000,26.046000,-29.252000,-17.038000,33.71
1831034663,0.832000,0.527000,-0.476000,27.893000,-28.366000,-17.725000,33.66
1831046141,0.852000,0.542000,-0.500000,31.176000,-25.298000,-19.863000,33.61
1831053206,0.835000,0.584000,-0.495000,33.802000,-22.931000,-22.122000,33.66
1831068015,0.821000,0.612000,-0.535000,33.908000,-23.466000,-22.015000,33.61
1831076837,0.820000,0.604000,-0.535000,34.046000,-24.947000,-21.954000,33.57
1831087269,0.845000,0.609000,-0.555000,34.565000,-25.435000,-21.878000,33.71
1831098055,0.837000,0.626000,-0.578000,34.901000,-24.626000,-21.618000,33.71
1831103306,0.770000,0.661000,-0.567000,32.321000,-27.252000,-19.115000,33.61
1831117158,0.847000,0.629000,-0.614000,30.183000,-26.870000,-21.603000,33.66
1831129668,0.802000,0.610000,-0.591000,29.847000,-25.924000,-23.817000,33.52
1831136539,0.773000,0.635000,-0.594000,27.527000,-27.847000,-24.214000,33.57
1831145474,0.766000,0.606000,-0.604000,24.260000,-30.000000,-25.191000,33.61
1831152353,0.760000,0.589000,-0.597000,22.046000,-32.351000,-26.183000,33.66
1831169915,0.813000,0.531000,-0.574000,24.031000,-31.313000,-29.740000,33.71
1831179219,0.831000,0.509000,-0.567000,28.916000,-27.466000,-33.603000,33.66
1831184940,0.780000,0.513000,-0.579000,32.611000,-22.824000,-36.534000,33.52
1831197761,0.735000,0.479000,-0.582000,35.466000,-22.992000,-38.702000,33.57
1831205850,0.718000,0.440000,-0.612000,39.588000,-22.458000,-43.160000,33.61
1831216459,0.640000,0.449000,-0.608000,42.061000,-22.519000,-45.832000,33.66
1831227937,0.562000,0.467000,-0.614000,42.137000,-27.634000,-48.015000,33.52
1831238905,0.512000,0.475000,-0.631000,40.595000,-35.954000,-47.740000,33.66
1831245118,0.530000,0.452000,-0.621000,37.374000,-43.252000,-47.053000,33.61
1831256911,0.572000,0.431000,-0.646000,37.405000,-47.328000,-46.733000,33.57
1831268626,0.578000,0.448000,-0.636000,36.656000,-48.718000,-45.298000,33.61
1831279492,0.579000,0.467000,-0.630000,36.748000,-50.412000,-43.405000,33.66
1831284805,0.617000,0.486000,-0.635000,37.252000,-51.893000,-42.260000,33.66
1831295533,0.654000,0.497000,-0.613000,39.252000,-51.374000,-41.939000,33.71
1831306964,0.672000,0.511000,-0.613000,42.153000,-49.206000,-43.878000,33.66
1831314744,0.658000,0.543000,-0.604000,46.321000,-47.740000,-45.282000,33.61
1831326746,0.620000,0.550000,-0.614000,50.977000,-46.092000,-46.901000,33.61
1831334993,0.565000,0.584000,-0.645000,51.832000,-49.649000,-44.290000,33.61
1831345635,0.531000,0.602000,-0.652000,49.756000,-55.191000,-39.802000,33.47
1831356487,0.548000,0.560000,-0.688000,48.489000,-60.870000,-35.359000,33.61
1831363661,0.563000,0.524000,-0.687000,50.916000,-63.115000,-32.794000,33.57
1831377046,0.554000,0.573000,-0.688000,54.061000,-64.153000,-29.374000,33.71
1831386146,0.517000,0.618000,-0.707000,55.084000,-66.031000,-26.718000,33.66
1831397040,0.492000,0.628000,-0.700000,54.122000,-68.534000,-25.206000,33.71
1831408153,0.451000,0.613000,-0.759000,52.840000,-72.962000,-23.771000,33.66
1831415737,0.435000,0.599000,-0.731000,49.191000,-78.611000,-22.885000,33.61
1831426878,0.387000,0.592000,-0.742000,46.443000,-85.008000,-21.176000,33.66
1831436601,0.402000,0.560000,-0.761000,42.565000,-91.863000,-19.405000,33.61
1831445723,0.385000,0.507000,-0.756000,41.511000,-95.298000,-18.931000,33.66
1831455897,0.370000,0.465000,-0.761000,44.244000,-100.321000,-18.656000,33.61
1831462475,0.375000,0.460000,-0.788000,44.458000,-102.870000,-19.191000,33.66
1831479672,0.340000,0.430000,-0.748000,44.885000,-105.985000,-18.443000,33.61
1831488971,0.315000,0.457000,-0.738000,45.969000,-112.198000,-19.115000,33.66
1831495441,0.337000,0.435000,-0.745000,45.573000,-115.115000,-22.092000,33.61
1831506711,0.313000,0.375000,-0.780000,49.725000,-114.412000,-29.237000,33.66
1831516101,0.208000,0.351000,-0.800000,53.573000,-115.740000,-32.962000,33.61
1831528526,0.132000,0.339000,-0.835000,51.344000,-124.702000,-32.641000,33.57
1831535914,0.121000,0.338000,-0.897000,43.954000,-135.450000,-28.031000,33.71
1831545786,0.200000,0.250000,-0.837000,41.542000,-140.412000,-29.847000,33.61
1831554456,0.173000,0.236000,-0.868000,46.702000,-138.458000,-32.443000,33.61
1831570314,0.130000,0.283000,-0.849000,47.053000,-139.985000,-32.198000,33.71
1831579731,0.072000,0.310000,-0.870000,49.252000,-142.412000,-31.282000,33.66
1831589005,0.037000,0.371000,-0.903000,46.198000,-149.328000,-30.382000,33.71
1831594514,0.064000,0.374000,-0.901000,42.794000,-154.382000,-31.221000,33.66
1831613217,0.139000,0.335000,-0.918000,42.229000,-154.031000,-33.573000,33.61
1831618295,0.201000,0.270000,-0.917000,50.351000,-149.145000,-39.710000,33.66
1831625081,0.187000,0.266000,-0.899000,56.947000,-140.275000,-46.092000,33.61
1831635094,0.154000,0.254000,-0.954000,64.870000,-133.740000,-50.275000,33.66
1831648833,0.091000,0.283000,-0.966000,68.656000,-125.969000,-53.924000,33.61
1831653586,-0.037000,0.290000,-0.935000,70.031000,-124.580000,-54.183000,33.57
1831664886,-0.088000,0.312000,-0.954000,69.695000,-130.137000,-52.931000,33.71
1831682836,-0.067000,0.277000,-0.958000,69.008000,-131.832000,-54.473000,33.66
1831691886,-0.035000,0.202000,-0.968000,72.550000,-127.481000,-58.443000,33.61
1831697883,-0.066000,0.129000,-1.008000,80.840000,-113.985000,-63.634000,33.75
1831705612,-0.180000,0.111000,-0.965000,86.550000,-103.756000,-64.641000,33.71
1831721498,-0.205000,0.123000,-0.999000,90.443000,-100.443000,-65.008000,33.66
1831726252,-0.175000,0.099000,-0.984000,90.840000,-98.748000,-68.000000,33.61
1831738108,-0.209000,0.147000,-0.988000,90.641000,-93.374000,-70.244000,33.57
1831745855,-0.249000,0.153000,-1.007000,90.198000,-91.725000,-69.802000,33.57
1831756593,-0.281000,0.086000,-1.039000,90.565000,-85.710000,-72.290000,33.71
1831763187,-0.349000,0.013000,-1.008000,90.992000,-83.374000,-71.985000,33.66
1831778114,-0.322000,-0.039000,-1.007000,91.038000,-81.099000,-72.275000,33.71
1831787672,-0.330000,-0.027000,-1.002000,96.901000,-78.947000,-72.916000,33.71
1831795640,-0.360000,0.012000,-0.988000,96.580000,-75.191000,-70.153000,33.71
1831806555,-0.386000,0.044000,-0.949000,95.069000,-77.511000,-67.496000,33.57
1831816801,-0.334000,0.060000,-0.938000,93.969000,-77.176000,-69.130000,33.61
1831825236,-0.330000,0.057000,-0.930000,90.122000,-73.084000,-71.695000,33.66
1831836792,-0.405000,0.022000,-0.963000,92.229000,-68.031000,-71.282000,33.71
1831852377,-0.458000,-0.039000,-0.937000,89.771000,-66.931000,-69.008000,33.75
1831855678,-0.510000,-0.081000,-0.913000,94.198000,-67.618000,-64.748000,33.61
1831866991,-0.529000,-0.082000,-0.939000,94.275000,-72.137000,-59.420000,33.57
1831873639,-0.527000,-0.086000,-0.914000,90.550000,-75.985000,-55.450000,33.61
1831886899,-0.527000,-0.097000,-0.891000,88.550000,-82.443000,-50.473000,33.57
1831896277,-0.555000,-0.074000,-0.911000,84.840000,-90.412000,-43.588000,33.61
1831908369,-0.563000,-0.099000,-0.870000,81.542000,-94.321000,-38.275000,33.57
1831920326,-0.575000,-0.151000,-0.856000,81.527000,-98.672000,-34.763000,33.61
1831924970,-0.601000,-0.139000,-0.846000,81.618000,-102.901000,-32.733000,33.57
1831936315,-0.623000,-0.144000,-0.851000,79.588000,-105.160000,-30.305000,33.71
1831948198,-0.615000,-0.190000,-0.824000,75.664000,-109.817000,-29.649000,33.71
1831955636,-0.580000,-0.230000,-0.805000,74.947000,-113.298000,-28.687000,33.66
1831964308,-0.577000,-0.213000,-0.773000,73.695000,-116.198000,-27.115000,33.71
1831980114,-0.615000,-0.179000,-0.799000,71.527000,-119.084000,-23.817000,33.66
1831991143,-0.604000,-0.220000,-0.788000,67.817000,-122.321000,-21.023000,33.61
1831998138,-0.565000,-0.345000,-0.806000,68.260000,-118.000000,-22.214000,33.66
1832006811,-0.621000,-0.384000,-0.721000,71.863000,-111.573000,-25.191000,33.71
1832018393,-0.702000,-0.338000,-0.718000,73.878000,-113.573000,-25.344000,33.66
1832028372,-0.658000,-0.291000,-0.750000,72.412000,-118.260000,-27.191000,33.71
1832036602,-0.623000,-0.316000,-0.717000,69.267000,-115.878000,-28.748000,33.57
1832048610,-0.653000,-0.357000,-0.700000,67.466000,-113.130000,-32.092000,33.61
1832057468,-0.699000,-0.362000,-0.727000,62.947000,-110.718000,-33.206000,33.66
1832066606,-0.724000,-0.417000,-0.686000,56.687000,-108.687000,-36.061000,33.61
1832073196,-0.757000,-0.448000,-0.660000,54.473000,-108.733000,-37.740000,33.66
1832086324,-0.769000,-0.417000,-0.662000,51.573000,-110.840000,-39.084000,33.61
1832098134,-0.758000,-0.404000,-0.631000,47.817000,-111.176000,-40.641000,33.66
1832104336,-0.806000,-0.378000,-0.620000,43.878000,-109.435000,-41.099000,33.61
1832120925,-0.750000,-0.410000,-0.558000,37.130000,-111.252000,-40.580000,33.66
1832127543,-0.708000,-0.435000,-0.526000,36.061000,-110.015000,-40.504000,33.61
1832135777,-0.698000,-0.425000,-0.540000,36.397000,-107.038000,-39.832000,33.66
1832147837,-0.732000,-0.432000,-0.551000,35.817000,-104.275000,-38.534000,33.57
1832155392,-0.789000,-0.434000,-0.554000,34.107000,-104.885000,-38.015000,33.61
1832164299,-0.822000,-0.421000,-0.527000,32.992000,-108.504000,-37.771000,33.61
1832175382,-0.814000,-0.403000,-0.523000,29.679000,-111.282000,-36.412000,33.61
1832182151,-0.829000,-0.389000,-0.502000,25.786000,-113.588000,-33.344000,33.57
1832195913,-0.823000,-0.407000,-0.531000,20.626000,-115.527000,-31.405000,33.61
1832205968,-0.841000,-0.411000,-0.473000,13.771000,-114.611000,-27.145000,33.66
1832216238,-0.870000,-0.410000,-0.426000,12.275000,-120.290000,-26.366000,33.71
1832231690,-0.872000,-0.391000,-0.415000,5.389000,-120.901000,-22.718000,33.57
1832236458,-0.835000,-0.416000,-0.379000,-1.191000,-122.794000,-20.046000,33.71
1832245010,-0.767000,-0.477000,-0.368000,-3.344000,-121.725000,-19.481000,33.57
1832256294,-0.757000,-0.501000,-0.343000,-1.267000,-119.618000,-20.107000,33.61
1832266361,-0.744000,-0.529000,-0.339000,-1.206000,-115.191000,-17.038000,33.57
1832272746,-0.759000,-0.552000,-0.292000,1.695000,-110.733000,-16.931000,33.61
1832289595,-0.766000,-0.515000,-0.287000,2.870000,-106.550000,-16.260000,33.57
1832302079,-0.815000,-0.490000,-0.245000,8.962000,-110.260000,-35.511000,33.61
1832307861,-0.804000,-0.490000,-0.222000,4.718000,-104.824000,-17.679000,33.57
1832318836,-0.779000,-0.493000,-0.164000,5.115000,-100.947000,-24.504000,33.61
1832329012,-0.819000,-0.499000,-0.142000,9.053000,-97.985000,-18.214000,33.57
1832337378,-0.824000,-0.465000,-0.183000,8.336000,-95.511000,-13.450000,33.61
1832348907,-0.823000,-0.466000,-0.187000,3.176000,-93.008000,-16.229000,33.57
1832358507,-0.837000,-0.502000,-0.123000,1.069000,-89.221000,-14.809000,33.61
1832369802,-0.824000,-0.494000,-0.082000,0.901000,-84.702000,-11.832000,33.57
1832376239,-0.810000,-0.550000,-0.136000,7.023000,-77.573000,-12.534000,33.61
1832383068,-0.791000,-0.482000,-0.085000,7.802000,-70.947000,-14.458000,33.57
1832396260,-0.784000,-0.491000,-0.035000,11.069000,-69.573000,-14.443000,33.61
1832408924,-0.812000,-0.460000,-0.028000,13.679000,-66.611000,-12.916000,33.57
1832414645,-0.836000,-0.439000,-0.054000,13.084000,-66.901000,-11.237000,33.61
1832426327,-0.794000,-0.476000,-0.059000,10.947000,-61.802000,-11.374000,33.61
1832438815,-0.823000,-0.494000,-0.012000,11.618000,-64.504000,-7.679000,33.57
1832444436,-0.778000,-0.481000,-0.035000,10.412000,-59.985000,-7.389000,33.61
1832457174,-0.788000,-0.498000,0.018000,12.061000,-54.382000,-7.420000,33.57
1832467505,-0.781000,-0.476000,0.026000,12.214000,-50.565000,-9.527000,33.52
1832476061,-0.780000,-0.472000,-0.010000,11.618000,-46.595000,-5.160000,33.52
1832486988,-0.767000,-0.493000,0.044000,13.649000,-45.496000,-3.176000,33.61
1832495385,-0.772000,-0.472000,0.024000,13.664000,-44.260000,-3.511000,33.57
1832508304,-0.734000,-0.480000,0.031000,11.084000,-44.046000,-2.489000,33.61
1832514795,-0.681000,-0.510000,0.053000,12.809000,-37.221000,-6.031000,33.57
1832525671,-0.715000,-0.521000,0.055000,15.847000,-29.466000,-4.779000,33.71
1832537764,-0.729000,-0.501000,0.043000,15.985000,-28.214000,-4.366000,33.66
1832546807,-0.735000,-0.484000,0.093000,14.763000,-23.710000,-4.809000,33.61
1832557437,-0.749000,-0.496000,0.101000,17.649000,-17.328000,-3.847000,33.52
1832566941,-0.730000,-0.511000,0.070000,22.656000,-14.382000,-1.786000,33.61
1832576847,-0.740000,-0.493000,0.027000,21.450000,-12.366000,-1.725000,33.66
1832586341,-0.747000,-0.502000,0.035000,19.588000,-12.076000,0.702000,33.61
1832593162,-0.739000,-0.508000,0.034000,14.947000,-11.817000,-0.092000,33.66
1832611348,-0.729000,-0.496000,0.048000,13.802000,-11.939000,0.290000,33.61
1832620308,-0.736000,-0.476000,0.036000,11.038000,-9.863000,-0.076000,33.66
1832625963,-0.749000,-0.465000,0.053000,5.893000,-14.046000,1.969000,33.61
1832639058,-0.701000,-0.501000,0.112000,5.679000,-10.672000,5.435000,33.66
1832646171,-0.675000,-0.498000,0.093000,8.305000,-7.786000,2.076000,33.71
1832655933,-0.691000,-0.491000,0.075000,9.298000,-3.603000,5.817000,33.66
1832667916,-0.674000,-0.505000,0.062000,8.275000,-4.794000,4.733000,33.61
1832678083,-0.672000,-0.491000,0.062000,3.496000,-4.229000,3.695000,33.57
1832683502,-0.688000,-0.488000,0.068000,3.084000,-4.458000,2.397000,33.61
1832694607,-0.692000,-0.475000,0.085000,0.519000,-4.947000,2.122000,33.75
1832706791,-0.697000,-0.488000,0.123000,0.122000,-5.130000,0.992000,33.61
1832717912,-0.699000,-0.514000,0.084000,1.282000,-4.076000,0.855000,33.57
1832726789,-0.696000,-0.528000,0.087000,2.458000,-2.046000,0.427000,33.66
1832735250,-0.709000,-0.537000,0.112000,6.397000,-0.183000,1.634000,33.71
1832746514,-0.681000,-0.548000,0.079000,9.298000,2.168000,0.977000,33.57
1832755534,-0.679000,-0.551000,0.079000,10.473000,4.458000,1.603000,33.61
1832768652,-0.658000,-0.531000,0.095000,13.481000,8.443000,-0.885000,33.66
1832774127,-0.693000,-0.502000,0.104000,14.153000,10.550000,-2.702000,33.61
1832784533,-0.721000,-0.476000,0.068000,12.214000,9.206000,-4.473000,33.61
1832796434,-0.738000,-0.465000,0.062000,6.565000,6.427000,-4.366000,33.61
1832807794,-0.740000,-0.476000,0.103000,2.015000,4.153000,-4.519000,33.66
1832818955,-0.716000,-0.519000,0.101000,1.985000,4.809000,-3.023000,33.61
1832824288,-0.699000,-0.520000,0.094000,2.947000,6.550000,-2.015000,33.57
1832840594,-0.711000,-0.517000,0.089000,0.534000,7.420000,-2.153000,33.61
1832847917,-0.666000,-0.542000,0.112000,-0.473000,7.420000,-1.878000,33.57
1832856334,-0.657000,-0.511000,0.136000,0.000000,9.771000,-4.137000,33.61
1832867463,-0.688000,-0.500000,0.140000,0.061000,9.985000,-4.885000,33.57
1832875173,-0.670000,-0.502000,0.124000,0.656000,10.809000,-5.832000,33.52
1832886045,-0.671000,-0.527000,0.135000,2.489000,13.267000,-6.519000,33.57
1832892710,-0.681000,-0.525000,0.128000,5.557000,15.679000,-7.176000,33.71
1832908641,-0.703000,-0.525000,0.093000,6.763000,16.550000,-7.527000,33.57
1832918758,-0.720000,-0.489000,0.084000,4.992000,15.740000,-6.321000,33.61
1832926128,-0.726000,-0.478000,0.084000,1.939000,12.351000,-5.496000,33.57
1832936785,-0.724000,-0.462000,0.081000,-1.252000,10.748000,-5.282000,33.61
1832946014,-0.724000,-0.471000,0.094000,-4.031000,8.489000,-4.977000,33.66
1832955592,-0.701000,-0.484000,0.081000,-4.580000,8.534000,-4.901000,33.61
1832966018,-0.727000,-0.477000,0.126000,-5.160000,9.099000,-5.893000,33.57
1832977220,-0.722000,-0.479000,0.095000,-4.565000,8.931000,-5.634000,33.57
1832987325,-0.704000,-0.477000,0.101000,-5.191000,10.183000,-5.450000,33.71
1832993649,-0.718000,-0.492000,0.116000,-4.824000,9.252000,-4.687000,33.47
1833011316,-0.693000,-0.497000,0.099000,-5.496000,9.420000,-5.466000,33.61
1833020172,-0.713000,-0.479000,0.101000,-6.336000,8.733000,-5.695000,33.61
1833028524,-0.725000,-0.475000,0.095000,-7.573000,8.168000,-4.794000,33.71
1833033578,-0.729000,-0.483000,0.109000,-8.336000,7.954000,-4.153000,33.66
1833047310,-0.733000,-0.476000,0.094000,-8.076000,7.802000,-3.878000,33.61
1833056830,-0.737000,-0.469000,0.098000,-8.992000,9.527000,-2.534000,33.57
1833067130,-0.749000,-0.486000,0.100000,-9.542000,8.962000,-1.969000,33.61
1833076966,-0.754000,-0.484000,0.124000,-10.351000,8.290000,-1.802000,33.57
1833086084,-0.710000,-0.493000,0.117000,-10.275000,9.939000,-1.695000,33.71
1833094531,-0.723000,-0.476000,0.090000,-11.374000,8.855000,-0.672000,33.57
1833106753,-0.734000,-0.492000,0.103000,-12.519000,8.229000,0.458000,33.61
1833119394,-0.730000,-0.491000,0.115000,-11.939000,8.763000,1.466000,33.47
1833128747,-0.737000,-0.488000,0.128000,-11.328000,10.137000,2.015000,33.52
1833134534,-0.712000,-0.475000,0.142000,-10.214000,9.420000,3.649000,33.57
1833147207,-0.705000,-0.464000,0.134000,-9.603000,10.779000,4.260000,33.52
1833156884,-0.723000,-0.478000,0.138000,-9.191000,10.092000,5.176000,33.75
1833167403,-0.731000,-0.480000,0.104000,-8.931000,9.115000,5.573000,33.61
1833176876,-0.729000,-0.479000,0.086000,-10.382000,6.840000,5.527000,33.75
1833186150,-0.751000,-0.495000,0.083000,-11.359000,3.053000,6.366000,33.71
1833195869,-0.770000,-0.483000,0.066000,-12.534000,0.534000,5.893000,33.66
1833202683,-0.776000,-0.475000,0.078000,-14.641000,-5.802000,7.130000,33.61
1833221417,-0.748000,-0.476000,0.091000,-16.183000,-8.092000,7.206000,33.61
1833229826,-0.736000,-0.506000,0.075000,-16.901000,-11.756000,7.298000,33.57
1833235394,-0.741000,-0.494000,0.074000,-17.863000,-13.725000,7.267000,33.52
1833247889,-0.699000,-0.499000,0.106000,-18.840000,-16.061000,7.832000,33.71
1833258385,-0.645000,-0.509000,0.122000,-17.176000,-13.969000,6.489000,33.61
1833266443,-0.655000,-0.515000,0.119000,-16.061000,-10.122000,5.771000,33.66
1833277218,-0.646000,-0.521000,0.120000,-14.519000,-6.351000,4.580000,33.71
1833287677,-0.674000,-0.509000,0.118000,-13.847000,-2.305000,4.137000,33.57
1833296166,-0.676000,-0.503000,0.136000,-13.298000,0.504000,4.733000,33.61
1833302742,-0.675000,-0.506000,0.142000,-13.328000,3.954000,5.008000,33.57
1833320527,-0.683000,-0.517000,0.148000,-12.229000,8.031000,3.664000,33.71
1833327061,-0.731000,-0.505000,0.124000,-12.183000,9.939000,2.947000,33.66
1833336035,-0.771000,-0.484000,0.147000,-14.198000,7.252000,4.931000,33.61
1833348696,-0.735000,-0.513000,0.160000,-12.855000,5.420000,5.664000,33.66
1833359227,-0.715000,-0.526000,0.147000,-9.817000,7.252000,4.412000,33.61
1833366544,-0.730000,-0.533000,0.119000,-8.656000,6.321000,3.969000,33.57
1833376329,-0.738000,-0.501000,0.111000,-9.863000,5.267000,5.069000,33.61
1833388284,-0.723000,-0.491000,0.126000,-9.206000,3.771000,5.863000,33.66
1833392787,-0.716000,-0.486000,0.127000,-7.817000,3.542000,5.420000,33.61
1833404538,-0.723000,-0.466000,0.109000,-6.061000,3.649000,5.481000,33.57
1833417313,-0.735000,-0.466000,0.085000,-5.145000,4.412000,5.618000,33.71
1833429655,-0.740000,-0.455000,0.088000,-4.382000,3.069000,5.344000,33.66
1833437088,-0.735000,-0.472000,0.073000,-4.641000,1.313000,6.489000,33.61
1833446208,-0.726000,-0.473000,0.084000,-4.321000,1.649000,6.565000,33.61
1833457637,-0.713000,-0.480000,0.084000,-3.130000,2.198000,6.443000,33.66
1833463916,-0.709000,-0.480000,0.087000,-1.481000,2.794000,5.969000,33.61
1833476208,-0.702000,-0.477000,0.104000,-0.031000,3.511000,5.298000,33.61
1833485317,-0.696000,-0.480000,0.111000,1.756000,3.710000,5.160000,33.61
1833494812,-0.709000,-0.483000,0.111000,3.740000,4.733000,4.687000,33.57
1833506585,-0.708000,-0.478000,0.114000,5.252000,5.954000,4.687000,33.61
1833513726,-0.708000,-0.481000,0.117000,6.198000,6.687000,5.542000,33.66
1833527405,-0.676000,-0.478000,0.146000,8.351000,7.679000,5.374000,33.61
1833535355,-0.662000,-0.463000,0.128000,10.305000,11.038000,4.305000,33.57
1833546799,-0.667000,-0.478000,0.126000,12.122000,13.099000,3.664000,33.61
1833556611,-0.686000,-0.477000,0.116000,14.626000,15.511000,3.267000,33.57
1833565021,-0.704000,-0.464000,0.098000,15.267000,15.832000,3.145000,33.61
1833576591,-0.694000,-0.469000,0.080000,16.107000,16.748000,3.313000,33.66
1833586959,-0.709000,-0.467000,0.101000,16.992000,17.649000,1.634000,33.61
1833595871,-0.716000,-0.459000,0.095000,17.053000,17.450000,0.260000,33.66
1833602705,-0.744000,-0.460000,0.082000,17.634000,16.305000,-0.626000,33.61
1833619056,-0.767000,-0.446000,0.091000,16.183000,13.954000,-0.672000,33.57
1833630032,-0.765000,-0.460000,0.089000,14.702000,12.214000,0.458000,33.52
1833637200,-0.739000,-0.488000,0.104000,15.069000,10.916000,-0.412000,33.57
1833647328,-0.754000,-0.499000,0.104000,15.649000,11.847000,-1.313000,33.66
1833656483,-0.756000,-0.490000,0.096000,15.863000,11.099000,-1.298000,33.61
1833665864,-0.760000,-0.479000,0.100000,15.160000,10.198000,-0.824000,33.66
1833673399,-0.749000,-0.472000,0.105000,14.763000,8.275000,-0.855000,33.61
1833685797,-0.757000,-0.479000,0.083000,14.244000,7.053000,-0.687000,33.75
1833696576,-0.762000,-0.472000,0.083000,13.023000,5.924000,-0.260000,33.61
1833703744,-0.746000,-0.476000,0.094000,11.924000,4.626000,0.672000,33.66
1833719118,-0.703000,-0.482000,0.122000,13.466000,6.565000,-0.611000,33.71
1833727884,-0.712000,-0.484000,0.083000,15.374000,8.076000,-2.107000,33.66
1833736903,-0.725000,-0.451000,0.099000,14.427000,9.710000,-2.382000,33.61
1833744258,-0.720000,-0.466000,0.082000,14.443000,8.046000,-1.740000,33.66
1833757703,-0.707000,-0.458000,0.077000,15.038000,9.908000,-2.885000,33.61
1833766687,-0.725000,-0.448000,0.061000,13.710000,8.855000,-3.649000,33.66
1833776573,-0.735000,-0.461000,0.067000,12.092000,7.176000,-3.832000,33.61
1833787997,-0.748000,-0.440000,0.071000,10.840000,5.084000,-3.954000,33.75
1833795827,-0.685000,-0.451000,0.049000,9.023000,6.489000,-4.656000,33.61
1833804947,-0.695000,-0.477000,0.087000,10.489000,6.000000,-5.420000,33.75
1833810717,-0.691000,-0.473000,0.089000,11.817000,7.115000,-6.137000,33.52
1833829260,-0.696000,-0.475000,0.085000,13.237000,8.366000,-6.931000,33.66
1833837605,-0.705000,-0.470000,0.086000,13.221000,9.450000,-7.450000,33.57
1833844277,-0.728000,-0.446000,0.076000,11.679000,8.779000,-7.786000,33.61
1833861325,-0.736000,-0.460000,0.074000,10.718000,7.191000,-7.252000,33.61
1833866138,-0.718000,-0.474000,0.053000,9.557000,7.374000,-7.817000,33.61
1833877249,-0.720000,-0.468000,0.067000,8.260000,8.397000,-8.534000,33.75
1833886682,-0.734000,-0.467000,0.087000,7.298000,7.328000,-8.611000,33.61
1833897198,-0.731000,-0.462000,0.073000,5.771000,5.725000,-8.443000,33.57
1833906248,-0.723000,-0.467000,0.081000,5.359000,6.168000,-9.008000,33.52
1833913560,-0.733000,-0.465000,0.084000,4.580000,5.450000,-8.840000,33.57
1833930600,-0.736000,-0.463000,0.101000,4.519000,4.183000,-8.244000,33.61
1833937299,-0.742000,-0.450000,0.080000,4.321000,3.985000,-7.863000,33.66
1833946517,-0.733000,-0.461000,0.082000,3.176000,3.099000,-6.763000,33.61
1833958715,-0.730000,-0.466000,0.082000,2.397000,3.405000,-6.641000,33.57
1833965798,-0.729000,-0.473000,0.085000,2.382000,4.214000,-6.931000,33.61
1833976698,-0.742000,-0.469000,0.079000,1.908000,4.534000,-6.443000,33.66
1833987992,-0.751000,-0.465000,0.084000,1.710000,3.237000,-5.450000,33.71
1833998192,-0.742000,-0.461000,0.087000,1.771000,3.191000,-4.626000,33.66
1834003455,-0.745000,-0.468000,0.069000,1.695000,3.420000,-4.534000,33.61
1834015353,-0.749000,-0.458000,0.058000,0.794000,2.641000,-3.786000,33.75
1834026746,-0.741000,-0.471000,0.064000,0.351000,2.565000,-3.099000,33.71
1834039108,-0.746000,-0.456000,0.072000,-0.412000,0.962000,-2.702000,33.75
1834046958,-0.739000,-0.466000,0.065000,-0.901000,1.557000,-2.626000,33.66
1834056183,-0.728000,-0.460000,0.068000,-1.405000,0.824000,-2.382000,33.61
1834067275,-0.728000,-0.466000,0.088000,-1.008000,1.099000,-2.275000,33.57
1834076093,-0.723000,-0.466000,0.092000,-0.595000,1.618000,-2.458000,33.52
1834089293,-0.733000,-0.468000,0.086000,-0.244000,2.137000,-1.817000,33.61
1834099256,-0.736000,-0.467000,0.071000,-0.305000,1.573000,-1.298000,33.61
1834105499,-0.731000,-0.482000,0.096000,-0.244000,1.588000,-1.084000,33.66
1834116586,-0.717000,-0.478000,0.085000,-0.122000,2.580000,-1.679000,33.71
1834129776,-0.730000,-0.472000,0.083000,-0.168000,3.389000,-2.092000,33.66
1834138639,-0.725000,-0.469000,0.085000,-0.595000,3.756000,-2.260000,33.52
1834146741,-0.723000,-0.478000,0.086000,0.107000,4.275000,-1.969000,33.66
1834157419,-0.717000,-0.484000,0.096000,0.443000,4.931000,-2.565000,33.61
1834166063,-0.729000,-0.450000,0.051000,-0.702000,4.855000,-2.809000,33.66
1834174906,-0.736000,-0.476000,0.099000,-0.015000,3.542000,-2.947000,33.71
1834186804,-0.716000,-0.465000,0.084000,-0.794000,5.160000,-3.344000,33.57
1834197060,-0.733000,-0.477000,0.069000,-0.748000,2.183000,-2.702000,33.71
1834205627,-0.729000,-0.465000,0.086000,-2.198000,2.458000,-3.130000,33.66
1834212661,-0.730000,-0.473000,0.076000,-2.550000,0.382000,-2.351000,33.52
1834228671,-0.715000,-0.468000,0.088000,-2.656000,2.076000,-3.221000,33.57
1834238081,-0.718000,-0.482000,0.076000,-2.931000,1.695000,-3.618000,33.71
1834246396,-0.731000,-0.473000,0.084000,-3.313000,1.084000,-3.435000,33.61
1834256705,-0.725000,-0.462000,0.074000,-4.000000,0.489000,-3.740000,33.66
1834265400,-0.715000,-0.476000,0.098000,-4.046000,0.901000,-3.573000,33.71
1834275544,-0.729000,-0.474000,0.085000,-3.603000,1.084000,-3.786000,33.57
1834285781,-0.737000,-0.471000,0.100000,-3.389000,1.008000,-3.023000,33.61
1834296900,-0.733000,-0.480000,0.067000,-3.511000,0.107000,-2.947000,33.66
1834306934,-0.747000,-0.461000,0.078000,-5.038000,-0.366000,-2.290000,33.71
1834313747,-0.724000,-0.483000,0.105000,-4.153000,-0.901000,-2.076000,33.66
1834329458,-0.727000,-0.463000,0.062000,-4.947000,0.076000,-2.519000,33.61
1834338702,-0.731000,-0.477000,0.084000,-6.275000,-1.374000,-1.756000,33.66
1834347213,-0.710000,-0.481000,0.082000,-6.076000,-0.458000,-2.580000,33.71
1834354603,-0.728000,-0.478000,0.094000,-5.863000,0.214000,-2.427000,33.66
1834367024,-0.727000,-0.470000,0.082000,-6.641000,-0.718000,-1.939000,33.71
1834376470,-0.734000,-0.468000,0.094000,-6.122000,-0.550000,-1.832000,33.66
1834385882,-0.725000,-0.483000,0.091000,-6.519000,-0.504000,-1.710000,33.52
1834398390,-0.725000,-0.484000,0.077000,-6.611000,0.321000,-1.847000,33.66
1834404713,-0.742000,-0.478000,0.083000,-7.237000,0.229000,-1.282000,33.61
1834414534,-0.732000,-0.487000,0.095000,-7.511000,-0.031000,-0.580000,33.66
1834430302,-0.727000,-0.486000,0.089000,-7.160000,0.840000,-0.962000,33.61
1834440730,-0.717000,-0.483000,0.088000,-7.008000,0.656000,-1.237000,33.66
1834449012,-0.729000,-0.484000,0.074000,-6.733000,1.130000,-1.130000,33.66
1834455601,-0.721000,-0.481000,0.072000,-7.771000,0.336000,-0.427000,33.61
1834470054,-0.722000,-0.471000,0.084000,-7.786000,0.275000,-0.733000,33.61
1834479715,-0.748000,-0.471000,0.084000,-8.626000,0.107000,0.076000,33.52
1834485672,-0.735000,-0.474000,0.087000,-9.725000,-0.992000,1.099000,33.57
1834496734,-0.711000,-0.483000,0.093000,-10.031000,0.550000,1.344000,33.61
1834508963,-0.708000,-0.488000,0.104000,-9.603000,1.588000,0.840000,33.66
1834515707,-0.731000,-0.479000,0.098000,-8.198000,1.695000,1.267000,33.61
1834522772,-0.729000,-0.477000,0.089000,-8.031000,0.916000,1.817000,33.75
1834537910,-0.718000,-0.477000,0.070000,-8.336000,1.511000,1.328000,33.61
1834546733,-0.733000,-0.477000,0.084000,-8.901000,0.550000,1.786000,33.66
1834555009,-0.725000,-0.483000,0.088000,-9.237000,-0.061000,1.908000,33.61
1834567126,-0.716000,-0.488000,0.077000,-9.313000,0.534000,1.710000,33.66
1834582300,-0.719000,-0.485000,0.077000,-9.405000,1.496000,1.588000,33.71
1834587311,-0.729000,-0.478000,0.083000,-9.374000,1.649000,1.344000,33.66
1834596007,-0.722000,-0.481000,0.075000,-9.802000,1.038000,1.374000,33.61
1834607060,-0.721000,-0.475000,0.072000,-10.595000,1.313000,0.870000,33.66
1834615706,-0.720000,-0.473000,0.083000,-11.985000,1.023000,1.756000,33.52
1834624456,-0.700000,-0.485000,0.099000,-12.412000,0.366000,1.817000,33.66
1834639834,-0.702000,-0.490000,0.091000,-11.237000,2.473000,1.481000,33.71
1834649352,-0.727000,-0.479000,0.076000,-10.443000,2.901000,1.099000,33.66
1834657908,-0.713000,-0.483000,0.055000,-10.702000,4.580000,0.672000,33.66
1834665142,-0.721000,-0.481000,0.054000,-11.649000,6.000000,0.855000,33.71
1834678716,-0.725000,-0.498000,0.095000,-11.252000,5.420000,1.527000,33.57
1834686265,-0.730000,-0.483000,0.082000,-10.779000,5.374000,2.153000,33.61
1834697269,-0.748000,-0.467000,0.068000,-11.969000,4.901000,3.160000,33.52
1834708355,-0.731000,-0.482000,0.064000,-12.260000,5.740000,3.359000,33.61
1834716425,-0.737000,-0.463000,0.085000,-11.679000,5.130000,3.786000,33.66
1834725522,-0.735000,-0.470000,0.060000,-12.779000,4.733000,4.427000,33.61
1834732405,-0.731000,-0.476000,0.082000,-11.679000,5.786000,4.244000,33.57
1834749323,-0.736000,-0.471000,0.064000,-12.031000,5.969000,4.473000,33.61
1834759003,-0.748000,-0.473000,0.016000,-12.626000,7.511000,5.237000,33.66
1834765554,-0.756000,-0.466000,0.041000,-14.824000,9.145000,5.832000,33.61
1834777697,-0.760000,-0.475000,0.058000,-16.626000,9.634000,8.397000,33.66
1834787258,-0.738000,-0.465000,0.048000,-18.046000,10.305000,10.168000,33.52
1834797636,-0.753000,-0.466000,0.065000,-17.985000,11.038000,10.153000,33.57
1834807346,-0.759000,-0.463000,0.047000,-18.137000,10.366000,9.908000,33.71
1834818357,-0.749000,-0.454000,0.030000,-17.221000,11.878000,9.985000,33.66
1834826136,-0.742000,-0.486000,0.045000,-17.267000,10.779000,10.275000,33.61
1834832919,-0.741000,-0.490000,0.021000,-15.252000,12.031000,10.321000,33.57
1834845301,-0.766000,-0.460000,0.037000,-16.595000,10.580000,9.924000,33.61
1834856314,-0.752000,-0.473000,0.032000,-17.679000,7.237000,10.382000,33.66
1834866034,-0.758000,-0.439000,0.011000,-17.130000,8.763000,9.557000,33.61
1834878637,-0.764000,-0.442000,0.048000,-18.412000,6.763000,8.519000,33.61
1834888299,-0.763000,-0.450000,0.027000,-19.481000,3.878000,9.573000,33.57
1834896629,-0.744000,-0.452000,0.037000,-20.321000,3.863000,10.275000,33.52
1834909034,-0.719000,-0.464000,0.034000,-19.863000,6.305000,9.511000,33.57
1834920280,-0.724000,-0.488000,0.024000,-18.214000,6.718000,9.588000,33.61
1834926806,-0.712000,-0.469000,0.006000,-17.725000,8.855000,8.595000,33.61
1834933869,-0.736000,-0.464000,0.011000,-15.847000,10.473000,7.221000,33.61
1834946904,-0.756000,-0.457000,0.023000,-14.565000,8.168000,6.351000,33.57
1834957660,-0.730000,-0.459000,-0.014000,-14.260000,8.015000,4.366000,33.71
1834966058,-0.763000,-0.433000,-0.001000,-14.489000,6.702000,3.786000,33.66
1834976114,-0.765000,-0.443000,0.007000,-14.885000,6.382000,4.519000,33.61
1834986334,-0.761000,-0.450000,0.034000,-14.656000,9.405000,4.397000,33.66
1834996181,-0.738000,-0.481000,0.038000,-12.275000,12.412000,5.115000,33.52
1835008128,-0.731000,-0.477000,0.020000,-10.779000,15.924000,5.435000,33.66
1835019530,-0.730000,-0.471000,-0.003000,-8.443000,19.252000,5.252000,33.61
1835023853,-0.735000,-0.446000,-0.009000,-8.153000,21.145000,4.977000,33.66
1835034195,-0.748000,-0.450000,-0.011000,-7.496000,21.847000,4.550000,33.61
1835046969,-0.739000,-0.459000,-0.021000,-6.198000,24.275000,4.641000,33.66
1835056150,-0.763000,-0.441000,-0.042000,-4.901000,24.763000,2.840000,33.71
1835066815,-0.778000,-0.410000,-0.054000,-6.885000,25.084000,3.527000,33.66
1835080417,-0.760000,-0.464000,-0.043000,-7.481000,24.580000,5.481000,33.52
1835087756,-0.746000,-0.468000,-0.038000,-5.053000,26.931000,4.977000,33.61
1835096954,-0.774000,-0.436000,-0.083000,-5.145000,27.908000,4.107000,33.57
1835105079,-0.770000,-0.445000,-0.065000,-5.893000,27.298000,4.870000,33.52
1835119170,-0.780000,-0.436000,-0.092000,-8.595000,26.244000,3.740000,33.66
1835123556,-0.782000,-0.457000,-0.125000,-10.931000,22.397000,4.855000,33.71
1835134486,-0.771000,-0.451000,-0.094000,-12.565000,22.168000,5.725000,33.57
1835146731,-0.752000,-0.436000,-0.081000,-13.542000,22.076000,5.450000,33.52
1835156514,-0.753000,-0.437000,-0.062000,-14.061000,22.122000,7.450000,33.61
1835166673,-0.713000,-0.438000,-0.074000,-10.229000,24.153000,5.969000,33.61
1835175503,-0.745000,-0.410000,-0.081000,-10.336000,26.290000,5.740000,33.66
1835188009,-0.749000,-0.421000,-0.100000,-7.282000,29.573000,6.214000,33.71
1835196397,-0.766000,-0.382000,-0.088000,-9.527000,29.206000,6.641000,33.66
1835206521,-0.735000,-0.442000,-0.068000,-9.435000,30.794000,9.420000,33.61
1835215641,-0.726000,-0.419000,-0.096000,-6.000000,32.840000,10.641000,33.57
1835224219,-0.748000,-0.383000,-0.094000,-7.053000,33.924000,12.076000,33.61
1835234206,-0.786000,-0.397000,-0.107000,-8.153000,35.099000,12.397000,33.66
1835248301,-0.820000,-0.377000,-0.097000,-10.046000,30.870000,11.878000,33.61
1835258659,-0.801000,-0.396000,-0.094000,-13.053000,27.282000,11.634000,33.57
1835266228,-0.815000,-0.387000,-0.118000,-15.298000,24.534000,12.397000,33.52
1835277373,-0.809000,-0.416000,-0.094000,-15.145000,23.237000,13.664000,33.66
1835286225,-0.804000,-0.426000,-0.107000,-13.023000,22.214000,13.557000,33.71
1835295545,-0.778000,-0.418000,-0.090000,-12.641000,22.595000,15.130000,33.57
1835306619,-0.735000,-0.420000,-0.112000,-10.748000,23.450000,12.733000,33.61
1835318302,-0.804000,-0.389000,-0.105000,-13.695000,25.695000,17.099000,33.66
1835326789,-0.771000,-0.359000,-0.098000,-16.153000,22.947000,16.366000,33.66
1835332905,-0.743000,-0.394000,-0.117000,-17.603000,24.840000,16.382000,33.71
1835346082,-0.742000,-0.399000,-0.116000,-17.542000,27.786000,14.336000,33.57
1835357318,-0.786000,-0.382000,-0.118000,-15.481000,29.969000,12.504000,33.71
1835365289,-0.809000,-0.405000,-0.130000,-19.038000,26.580000,13.802000,33.66
1835375975,-0.802000,-0.426000,-0.154000,-17.771000,26.107000,14.351000,33.61
1835392365,-0.789000,-0.420000,-0.197000,-17.328000,27.053000,14.397000,33.52
1835397401,-0.768000,-0.432000,-0.183000,-15.985000,24.855000,13.878000,33.61
1835407677,-0.775000,-0.410000,-0.153000,-16.885000,26.840000,14.763000,33.66
1835416585,-0.779000,-0.388000,-0.170000,-16.458000,26.962000,12.748000,33.61
1835425903,-0.775000,-0.370000,-0.181000,-18.779000,27.679000,13.405000,33.66
1835436848,-0.757000,-0.375000,-0.144000,-15.878000,26.336000,9.969000,33.52
1835443801,-0.800000,-0.364000,-0.204000,-19.634000,31.603000,14.244000,33.57
1835460771,-0.751000,-0.417000,-0.198000,-14.916000,33.420000,15.420000,33.61
1835470725,-0.752000,-0.406000,-0.216000,-13.420000,35.466000,15.527000,33.57
1835476300,-0.767000,-0.367000,-0.235000,-12.336000,36.992000,15.756000,33.61
1835489071,-0.783000,-0.353000,-0.240000,-13.588000,36.550000,15.298000,33.66
1835496237,-0.784000,-0.356000,-0.232000,-13.023000,36.366000,13.634000,33.71
1835506912,-0.794000,-0.339000,-0.242000,-13.878000,36.733000,12.244000,33.57
1835517425,-0.798000,-0.351000,-0.252000,-13.466000,35.557000,11.557000,33.71
1835530044,-0.806000,-0.349000,-0.258000,-14.519000,38.779000,11.450000,33.66
1835535783,-0.812000,-0.349000,-0.262000,-15.496000,38.122000,12.198000,33.61
1835542303,-0.776000,-0.365000,-0.277000,-15.130000,40.779000,12.427000,33.57
1835556031,-0.794000,-0.346000,-0.299000,-15.344000,42.626000,13.344000,33.61
1835567743,-0.798000,-0.327000,-0.296000,-17.069000,42.748000,13.450000,33.66
1835574856,-0.787000,-0.338000,-0.295000,-17.496000,43.221000,12.992000,33.61
1835590331,-0.766000,-0.346000,-0.305000,-16.855000,44.794000,12.092000,33.57
1835596875,-0.806000,-0.334000,-0.303000,-14.824000,46.641000,11.069000,33.61
1835606907,-0.815000,-0.315000,-0.316000,-15.359000,45.115000,11.786000,33.52
1835618843,-0.680000,-0.378000,-0.287000,-10.229000,42.305000,8.580000,33.61
1835624718,-0.777000,-0.321000,-0.328000,-11.985000,49.267000,13.725000,33.52
1835634878,-0.767000,-0.301000,-0.333000,-9.969000,50.153000,13.588000,33.57
1835646401,-0.773000,-0.270000,-0.342000,-11.618000,50.763000,12.840000,33.52
1835663770,-0.784000,-0.283000,-0.356000,-12.443000,50.748000,12.382000,33.66
1835673878,-0.786000,-0.295000,-0.376000,-11.832000,51.038000,10.366000,33.61
1835675962,-0.792000,-0.305000,-0.364000,-11.847000,49.847000,9.725000,33.57
1835686369,-0.785000,-0.312000,-0.396000,-11.939000,49.679000,9.924000,33.71
1835699461,-0.792000,-0.310000,-0.396000,-12.489000,49.893000,11.267000,33.57
1835704125,-0.783000,-0.311000,-0.404000,-13.099000,51.496000,12.397000,33.61
1835716984,-0.782000,-0.307000,-0.366000,-16.290000,50.672000,13.450000,33.66
1835726777,-0.784000,-0.302000,-0.404000,-13.985000,52.427000,12.916000,33.61
1835734808,-0.766000,-0.272000,-0.415000,-15.832000,51.481000,13.374000,33.66
1835745251,-0.759000,-0.283000,-0.409000,-15.206000,52.763000,12.443000,33.61
1835753180,-0.771000,-0.286000,-0.446000,-14.473000,52.397000,12.336000,33.57
1835768955,-0.796000,-0.241000,-0.521000,-17.786000,53.603000,13.542000,33.61
1835777096,-0.789000,-0.301000,-0.459000,-18.336000,53.023000,13.847000,33.66
1835787096,-0.790000,-0.290000,-0.473000,-18.809000,51.130000,15.053000,33.71
1835800648,-0.779000,-0.223000,-0.504000,-22.473000,50.595000,16.473000,33.66
1835806587,-0.770000,-0.276000,-0.451000,-22.992000,50.351000,16.733000,33.52
1835816933,-0.788000,-0.238000,-0.490000,-24.580000,46.977000,16.962000,33.66
1835828284,-0.743000,-0.228000,-0.486000,-25.710000,42.656000,15.618000,33.61
1835834667,-0.735000,-0.229000,-0.503000,-25.557000,41.832000,16.092000,33.66
1835843877,-0.712000,-0.240000,-0.526000,-25.863000,43.130000,16.702000,33.61
1835855783,-0.748000,-0.226000,-0.494000,-25.756000,41.878000,17.847000,33.52
1835868447,-0.708000,-0.214000,-0.524000,-27.069000,39.679000,19.725000,33.66
1835877600,-0.694000,-0.233000,-0.525000,-28.748000,42.382000,21.450000,33.61
1835888163,-0.714000,-0.232000,-0.520000,-28.290000,42.595000,22.458000,33.66
1835896556,-0.725000,-0.201000,-0.530000,-30.260000,42.260000,22.901000,33.61
1835906004,-0.718000,-0.208000,-0.534000,-31.130000,41.191000,22.534000,33.57
1835916325,-0.719000,-0.214000,-0.564000,-30.947000,40.305000,21.634000,33.61
1835926071,-0.731000,-0.214000,-0.560000,-30.702000,39.450000,19.893000,33.57
1835937257,-0.737000,-0.206000,-0.555000,-31.985000,39.328000,22.626000,33.71
1835942539,-0.693000,-0.227000,-0.566000,-30.427000,39.160000,23.389000,33.57
1835956039,-0.658000,-0.245000,-0.528000,-27.191000,39.405000,22.122000,33.61
1835968206,-0.700000,-0.163000,-0.566000,-30.565000,41.542000,24.397000,33.66
1835974368,-0.667000,-0.205000,-0.546000,-26.779000,39.405000,20.702000,33.61
1835985503,-0.696000,-0.160000,-0.610000,-30.366000,41.298000,20.427000,33.66
1836001661,-0.709000,-0.172000,-0.611000,-30.366000,41.084000,19.267000,33.71
1836006375,-0.695000,-0.170000,-0.616000,-32.000000,38.855000,18.870000,33.57
1836016530,-0.668000,-0.192000,-0.625000,-31.847000,39.863000,18.260000,33.71
1836028841,-0.666000,-0.162000,-0.603000,-31.221000,40.061000,18.153000,33.66
1836037140,-0.627000,-0.158000,-0.608000,-31.817000,40.198000,17.573000,33.71
1836046625,-0.574000,-0.119000,-0.625000,-28.733000,41.985000,13.160000,33.66
1836053161,-0.637000,-0.093000,-0.669000,-31.221000,46.366000,11.115000,33.61
1836070068,-0.661000,-0.140000,-0.667000,-33.252000,44.748000,9.221000,33.57
1836078534,-0.654000,-0.167000,-0.667000,-32.305000,43.038000,9.359000,33.61
1836084923,-0.636000,-0.175000,-0.652000,-30.687000,41.878000,11.389000,33.61
1836096324,-0.552000,-0.169000,-0.638000,-24.534000,43.282000,11.298000,33.66
1836106394,-0.579000,-0.110000,-0.682000,-22.489000,46.916000,12.519000,33.61
1836117904,-0.606000,-0.132000,-0.694000,-23.450000,49.115000,12.931000,33.57
1836127226,-0.626000,-0.145000,-0.670000,-21.725000,48.687000,13.344000,33.61
1836137140,-0.637000,-0.134000,-0.690000,-19.252000,47.527000,11.344000,33.57
1836145598,-0.634000,-0.109000,-0.673000,-20.809000,46.565000,9.176000,33.61
1836152298,-0.665000,-0.094000,-0.686000,-21.695000,46.153000,8.031000,33.66
1836169957,-0.638000,-0.105000,-0.684000,-23.008000,45.221000,7.191000,33.52
1836178877,-0.621000,-0.091000,-0.750000,-26.443000,44.550000,6.015000,33.57
1836186425,-0.600000,-0.135000,-0.692000,-24.489000,46.626000,7.618000,33.71
1836198202,-0.600000,-0.101000,-0.716000,-22.718000,46.992000,7.832000,33.66
1836207650,-0.576000,-0.103000,-0.752000,-22.702000,47.511000,8.595000,33.61
1836214849,-0.609000,-0.106000,-0.748000,-21.786000,48.260000,10.641000,33.57
1836227542,-0.638000,-0.085000,-0.748000,-22.656000,46.794000,11.771000,33.71
1836237805,-0.625000,-0.073000,-0.728000,-22.992000,43.420000,11.817000,33.57
1836244713,-0.578000,-0.042000,-0.738000,-22.336000,42.626000,11.374000,33.61
1836258120,-0.583000,-0.045000,-0.735000,-24.229000,43.710000,13.267000,33.57
1836266207,-0.592000,-0.056000,-0.746000,-23.420000,43.649000,14.137000,33.61
1836275857,-0.574000,-0.077000,-0.763000,-24.260000,42.718000,15.924000,33.61
1836284676,-0.605000,-0.071000,-0.773000,-24.107000,43.282000,17.893000,33.66
1836303745,-0.613000,-0.057000,-0.773000,-24.382000,40.290000,20.580000,33.61
1836308689,-0.588000,-0.052000,-0.764000,-24.473000,38.763000,20.885000,33.71
1836316234,-0.621000,0.026000,-0.799000,-28.794000,37.740000,22.244000,33.71
1836325825,-0.601000,0.005000,-0.787000,-33.511000,34.458000,21.435000,33.57
1836337883,-0.583000,-0.011000,-0.792000,-35.924000,31.817000,21.405000,33.52
1836344137,-0.570000,-0.019000,-0.811000,-38.000000,30.824000,22.076000,33.66
1836355520,-0.565000,-0.011000,-0.799000,-37.954000,29.221000,22.733000,33.61
1836368297,-0.535000,-0.002000,-0.800000,-38.702000,25.893000,24.397000,33.66
1836378160,-0.533000,0.008000,-0.816000,-38.901000,27.725000,26.931000,33.71
1836386522,-0.539000,0.014000,-0.781000,-36.947000,27.359000,27.191000,33.57
1836395938,-0.506000,0.040000,-0.797000,-36.489000,26.076000,26.198000,33.71
1836408218,-0.493000,-0.001000,-0.833000,-32.977000,27.924000,23.634000,33.57
1836413399,-0.551000,0.032000,-0.831000,-38.183000,25.618000,25.466000,33.61
1836427330,-0.544000,0.054000,-0.813000,-39.542000,22.824000,25.939000,33.57
1836439859,-0.537000,0.099000,-0.856000,-40.076000,21.939000,25.634000,33.61
1836444271,-0.488000,0.051000,-0.810000,-40.397000,20.489000,25.191000,33.66
1836454910,-0.463000,0.050000,-0.819000,-36.336000,22.382000,23.588000,33.61
1836467300,-0.472000,0.094000,-0.850000,-36.565000,23.802000,23.466000,33.66
1836476586,-0.476000,0.103000,-0.859000,-37.282000,25.496000,22.718000,33.52
1836486342,-0.463000,0.082000,-0.865000,-35.863000,26.107000,21.557000,33.61
1836496736,-0.502000,0.109000,-0.887000,-35.710000,25.969000,21.267000,33.57
1836509482,-0.523000,0.088000,-0.876000,-35.817000,23.603000,22.260000,33.61
1836516993,-0.494000,0.108000,-0.853000,-38.122000,21.405000,23.740000,33.66
1836525905,-0.475000,0.142000,-0.868000,-38.947000,22.336000,24.748000,33.52
1836541599,-0.445000,0.101000,-0.816000,-37.832000,21.023000,24.076000,33.61
1836545430,-0.439000,0.147000,-0.855000,-38.977000,23.191000,26.183000,33.61
1836554465,-0.364000,0.110000,-0.850000,-36.168000,27.191000,24.962000,33.66
1836568444,-0.383000,0.125000,-0.866000,-30.473000,33.939000,22.595000,33.61
1836577682,-0.420000,0.118000,-0.896000,-23.206000,35.206000,20.198000,33.47
1836587694,-0.461000,0.170000,-0.899000,-25.802000,33.817000,21.924000,33.61
1836594763,-0.482000,0.146000,-0.872000,-25.069000,32.336000,22.290000,33.57
1836608356,-0.458000,0.168000,-0.852000,-27.038000,30.595000,24.992000,33.61
1836617084,-0.412000,0.169000,-0.872000,-26.412000,31.924000,26.565000,33.57
1836624332,-0.412000,0.172000,-0.866000,-26.000000,33.893000,26.611000,33.71
1836635359,-0.407000,0.190000,-0.870000,-23.756000,35.160000,25.771000,33.57
1836645851,-0.388000,0.179000,-0.878000,-22.336000,36.458000,23.115000,33.61
1836654037,-0.344000,0.162000,-0.854000,-18.855000,39.939000,19.466000,33.66
1836666701,-0.383000,0.209000,-0.877000,-16.153000,42.595000,17.908000,33.61
1836678842,-0.420000,0.239000,-0.899000,-17.511000,44.183000,16.916000,33.66
1836688073,-0.377000,0.194000,-0.862000,-18.260000,41.420000,15.130000,33.52
1836699925,-0.334000,0.199000,-0.895000,-16.351000,42.321000,13.374000,33.66
1836709214,-0.334000,0.187000,-0.914000,-15.389000,45.344000,12.061000,33.61
1836717950,-0.357000,0.202000,-0.895000,-14.275000,47.115000,11.511000,33.57
1836724878,-0.335000,0.201000,-0.908000,-14.504000,46.916000,10.183000,33.61
1836736832,-0.311000,0.205000,-0.895000,-15.634000,49.191000,6.840000,33.66
1836747560,-0.288000,0.240000,-0.885000,-16.214000,50.595000,1.374000,33.71
1836753689,-0.310000,0.279000,-0.917000,-19.328000,51.695000,-3.099000,33.57
1836765657,-0.280000,0.206000,-0.952000,-19.328000,52.122000,-6.519000,33.61
1836780418,-0.264000,0.160000,-0.952000,-16.748000,53.878000,-6.534000,33.61
1836788433,-0.259000,0.159000,-0.949000,-14.733000,53.939000,-5.695000,33.66
1836797827,-0.261000,0.194000,-0.956000,-14.947000,56.382000,-6.397000,33.52
1836806315,-0.306000,0.241000,-0.961000,-18.824000,56.901000,-8.198000,33.66
1836816970,-0.311000,0.249000,-0.946000,-24.092000,54.656000,-9.954000,33.61
1836824959,-0.284000,0.218000,-0.945000,-27.160000,51.664000,-11.038000,33.57
1836835505,-0.278000,0.229000,-0.966000,-28.489000,52.565000,-9.481000,33.61
1836846905,-0.275000,0.193000,-0.924000,-25.710000,49.756000,-7.756000,33.52
1836855023,-0.256000,0.167000,-0.921000,-26.168000,47.282000,-1.756000,33.52
1836865296,-0.259000,0.173000,-0.960000,-23.573000,50.275000,5.511000,33.57
1836871923,-0.206000,0.149000,-0.889000,-16.427000,49.435000,8.504000,33.61
1836887526,-0.202000,0.216000,-0.884000,-13.786000,49.466000,11.954000,33.57
1836897775,-0.238000,0.264000,-0.898000,-13.939000,51.664000,12.366000,33.71
1836905026,-0.295000,0.310000,-0.911000,-17.145000,48.000000,11.740000,33.66
1836917606,-0.309000,0.306000,-0.929000,-22.290000,43.527000,10.031000,33.52
1836926873,-0.331000,0.284000,-0.927000,-25.969000,37.450000,10.519000,33.66
1836937129,-0.339000,0.267000,-0.916000,-28.992000,31.496000,13.679000,33.61
1836946907,-0.273000,0.230000,-0.915000,-30.916000,25.969000,17.695000,33.66
1836954972,-0.237000,0.260000,-0.887000,-28.382000,24.031000,20.916000,33.61
1836964553,-0.225000,0.314000,-0.891000,-28.580000,21.557000,24.336000,33.66
1836976567,-0.167000,0.299000,-0.889000,-28.122000,20.916000,23.786000,33.61
1836985734,-0.184000,0.346000,-0.870000,-25.939000,21.069000,21.878000,33.57
1836997068,-0.213000,0.385000,-0.882000,-28.015000,19.802000,19.252000,33.61
1837006613,-0.195000,0.351000,-0.899000,-30.687000,17.985000,16.092000,33.57
1837019187,-0.200000,0.329000,-0.906000,-31.649000,17.786000,14.489000,33.61
1837026616,-0.242000,0.342000,-0.915000,-32.611000,14.947000,14.672000,33.66
1837035367,-0.180000,0.324000,-0.930000,-34.565000,11.908000,16.137000,33.61
1837048490,-0.155000,0.286000,-0.917000,-33.328000,12.244000,16.214000,33.66
1837058669,-0.114000,0.295000,-0.922000,-30.840000,11.893000,15.847000,33.61
1837064569,-0.112000,0.358000,-0.923000,-29.344000,15.115000,12.473000,33.57
1837076360,-0.154000,0.381000,-0.956000,-31.420000,13.985000,9.634000,33.71
1837087595,-0.125000,0.378000,-0.939000,-33.359000,13.313000,6.244000,33.57
1837098819,-0.197000,0.404000,-0.945000,-38.687000,11.313000,5.771000,33.61
1837104266,-0.120000,0.342000,-0.936000,-40.153000,9.267000,3.893000,33.66
1837120522,-0.047000,0.309000,-0.937000,-36.718000,12.718000,0.840000,33.61
1837129213,-0.094000,0.353000,-0.946000,-33.115000,16.000000,0.305000,33.61
1837136445,-0.088000,0.344000,-0.977000,-30.962000,15.939000,-1.008000,33.57
1837146520,-0.076000,0.356000,-0.949000,-27.954000,19.084000,-1.344000,33.71
1837154174,-0.138000,0.385000,-0.947000,-29.191000,17.435000,0.046000,33.71
1837164678,-0.094000,0.392000,-0.928000,-30.687000,14.824000,1.954000,33.61
1837176815,-0.103000,0.389000,-0.932000,-31.634000,17.237000,2.595000,33.66
1837187016,-0.099000,0.350000,-0.917000,-29.786000,17.649000,3.985000,33.61
1837197847,-0.111000,0.361000,-0.928000,-26.000000,17.924000,6.748000,33.66
1837203819,-0.110000,0.396000,-0.888000,-22.458000,17.313000,10.412000,33.61
1837224050,-0.035000,0.388000,-0.896000,-17.878000,17.481000,12.046000,33.66
1837228588,-0.008000,0.420000,-0.911000,-12.351000,22.870000,12.672000,33.61
1837234855,-0.042000,0.447000,-0.923000,-11.099000,24.168000,13.573000,33.61
1837247723,-0.063000,0.450000,-0.922000,-8.901000,26.702000,12.290000,33.71
1837257244,-0.121000,0.473000,-0.926000,-11.817000,26.397000,12.489000,33.57
1837264968,-0.159000,0.460000,-0.947000,-12.565000,25.511000,11.389000,33.61
1837276553,-0.177000,0.448000,-0.920000,-16.870000,20.641000,11.863000,33.57
1837287241,-0.148000,0.436000,-0.926000,-17.710000,17.771000,10.992000,33.52
1837297708,-0.103000,0.423000,-0.920000,-18.260000,16.397000,10.885000,33.66
1837303527,-0.075000,0.402000,-0.903000,-15.191000,18.076000,9.573000,33.71
1837317968,-0.067000,0.427000,-0.894000,-11.603000,17.695000,9.206000,33.66
1837328223,-0.017000,0.429000,-0.902000,-9.191000,19.847000,8.779000,33.61
1837335380,-0.029000,0.437000,-0.890000,-6.519000,23.191000,8.244000,33.66
1837346846,-0.047000,0.465000,-0.896000,-5.954000,24.733000,8.122000,33.61
1837357652,-0.045000,0.448000,-0.905000,-5.328000,25.954000,6.687000,33.66
1837364474,-0.078000,0.446000,-0.919000,-4.534000,27.099000,6.153000,33.61
1837377124,-0.097000,0.434000,-0.923000,-4.366000,26.153000,6.702000,33.66
1837389148,-0.063000,0.389000,-0.928000,-3.817000,24.275000,7.588000,33.71
1837398222,-0.030000,0.385000,-0.923000,-0.718000,25.450000,7.802000,33.57
1837404630,-0.025000,0.407000,-0.933000,1.038000,27.328000,7.740000,33.61
1837416701,-0.021000,0.423000,-0.920000,0.947000,27.603000,6.885000,33.57
1837425019,-0.010000,0.436000,-0.938000,1.389000,27.466000,5.008000,33.61
1837435864,-0.042000,0.462000,-0.937000,-1.130000,28.122000,3.298000,33.66
1837447807,0.002000,0.408000,-0.925000,-2.962000,25.908000,1.145000,33.66
1837456233,0.072000,0.354000,-0.945000,-0.855000,27.924000,-1.786000,33.61
1837466342,0.045000,0.357000,-0.970000,2.046000,31.603000,-0.763000,33.71
1837473483,0.010000,0.364000,-0.985000,2.809000,31.481000,-0.321000,33.71
1837488701,0.013000,0.376000,-0.972000,2.229000,30.519000,-0.534000,33.57
1837496926,-0.008000,0.425000,-0.955000,-2.061000,30.107000,-1.176000,33.52
1837507150,-0.040000,0.433000,-0.954000,-6.641000,27.069000,-0.702000,33.66
1837517384,-0.044000,0.416000,-0.951000,-10.611000,22.198000,1.023000,33.52
1837527142,0.005000,0.358000,-0.924000,-9.954000,20.000000,1.756000,33.57
1837536883,0.013000,0.350000,-0.909000,-5.252000,17.756000,4.275000,33.52
1837546082,0.057000,0.395000,-0.903000,-0.855000,17.359000,5.924000,33.66
1837557065,0.067000,0.462000,-0.880000,2.015000,17.573000,5.420000,33.61
1837562544,0.071000,0.526000,-0.873000,1.832000,17.435000,5.298000,33.57
1837576293,0.069000,0.553000,-0.884000,-1.878000,19.969000,2.580000,33.61
1837584383,0.033000,0.527000,-0.902000,-3.649000,19.634000,1.023000,33.66
1837596966,-0.004000,0.512000,-0.919000,-3.710000,17.237000,1.573000,33.61
1837607159,-0.049000,0.506000,-0.928000,-5.053000,13.145000,4.962000,33.66
1837616616,0.001000,0.469000,-0.925000,-5.893000,8.672000,7.771000,33.61
1837626026,0.010000,0.506000,-0.932000,-5.298000,7.145000,9.710000,33.66
1837637893,0.006000,0.545000,-0.915000,-6.565000,6.962000,10.534000,33.71
1837647865,0.020000,0.539000,-0.934000,-10.275000,5.893000,10.565000,33.66
1837656126,0.018000,0.516000,-0.928000,-11.588000,6.198000,8.427000,33.61
1837664698,0.008000,0.523000,-0.945000,-12.427000,4.656000,7.924000,33.61
1837677213,0.014000,0.494000,-0.950000,-14.260000,4.168000,7.634000,33.57
1837690566,0.008000,0.464000,-0.940000,-13.542000,3.802000,8.534000,33.61
1837697444,0.030000,0.452000,-0.965000,-13.649000,4.824000,10.366000,33.61
1837704902,0.030000,0.462000,-0.944000,-13.618000,6.641000,12.550000,33.61
1837722453,0.073000,0.462000,-0.948000,-13.527000,8.382000,13.481000,33.57
1837728548,0.093000,0.461000,-0.962000,-11.954000,11.908000,14.015000,33.61
1837739012,0.080000,0.440000,-0.969000,-9.435000,15.374000,14.336000,33.66
1837747423,0.083000,0.428000,-0.986000,-6.947000,17.542000,14.046000,33.61
1837760091,0.075000,0.443000,-0.978000,-4.824000,20.885000,12.565000,33.57
1837765752,0.046000,0.480000,-0.985000,-4.824000,21.893000,12.611000,33.61
1837772657,0.048000,0.488000,-0.989000,-8.183000,21.649000,12.870000,33.57
1837785631,0.048000,0.464000,-0.985000,-10.244000,22.931000,12.931000,33.61
1837796705,0.096000,0.434000,-0.973000,-9.313000,23.496000,13.389000,33.66
1837805982,0.118000,0.436000,-0.986000,-6.931000,26.458000,13.771000,33.61
1837819103,0.119000,0.454000,-0.967000,-4.214000,28.748000,13.985000,33.66
1837825883,0.151000,0.476000,-0.968000,-3.267000,31.634000,12.519000,33.61
1837835588,0.140000,0.471000,-0.969000,-1.756000,35.206000,10.321000,33.66
1837847034,0.120000,0.519000,-0.948000,-2.244000,37.023000,7.756000,33.61
1837858026,0.068000,0.519000,-0.988000,-4.031000,38.260000,5.618000,33.57
1837863205,0.076000,0.470000,-0.991000,-6.366000,35.634000,4.534000,33.61
1837874159,0.092000,0.416000,-0.996000,-4.504000,35.969000,4.611000,33.57
1837890354,0.115000,0.434000,-1.002000,-3.069000,36.305000,6.153000,33.61
1837899530,0.152000,0.460000,-0.983000,-4.870000,38.443000,6.336000,33.52
1837905979,0.173000,0.464000,-0.964000,-4.779000,43.374000,3.069000,33.57
1837918176,0.126000,0.524000,-1.004000,-9.740000,45.924000,0.244000,33.52
1837928215,0.096000,0.486000,-0.988000,-14.504000,45.405000,-3.221000,33.61
1837934119,0.104000,0.465000,-0.988000,-17.359000,42.244000,-3.908000,33.61
1837944579,0.180000,0.394000,-0.997000,-18.275000,41.145000,-3.542000,33.66
1837956747,0.154000,0.381000,-0.980000,-16.107000,41.557000,0.962000,33.61
1837963719,0.217000,0.373000,-1.005000,-14.687000,41.939000,6.672000,33.57
1837975477,0.289000,0.374000,-0.929000,-12.718000,44.763000,7.847000,33.52
1837985668,0.219000,0.463000,-0.942000,-8.840000,50.763000,7.969000,33.57
1837995165,0.213000,0.550000,-0.951000,-15.130000,50.260000,8.947000,33.71
1838006905,0.218000,0.516000,-0.962000,-18.519000,50.489000,8.931000,33.66
1838017866,0.199000,0.460000,-0.954000,-19.191000,50.198000,9.420000,33.52
1838027758,0.172000,0.484000,-0.929000,-19.069000,48.366000,11.466000,33.57
1838034374,0.142000,0.532000,-0.922000,-23.099000,43.863000,16.794000,33.61
1838045914,0.214000,0.487000,-0.931000,-24.840000,39.374000,21.496000,33.66
1838057475,0.267000,0.489000,-0.927000,-25.420000,38.947000,23.847000,33.61
1838063960,0.256000,0.524000,-0.920000,-26.076000,39.527000,25.802000,33.66
1838077629,0.237000,0.550000,-0.917000,-28.473000,37.878000,26.656000,33.61
1838085433,0.282000,0.576000,-0.893000,-30.031000,36.031000,25.282000,33.47
1838096133,0.268000,0.602000,-0.925000,-32.687000,35.695000,24.504000,33.71
1838104958,0.274000,0.563000,-0.912000,-37.023000,31.847000,23.893000,33.57
1838124227,0.271000,0.531000,-0.934000,-38.275000,29.588000,25.053000,33.61
1838129133,0.318000,0.504000,-0.928000,-39.130000,28.870000,25.206000,33.66
1838135769,0.310000,0.525000,-0.926000,-38.702000,29.282000,26.229000,33.57
1838148980,0.307000,0.537000,-0.936000,-40.290000,28.809000,26.504000,33.61
1838160956,0.308000,0.564000,-0.918000,-42.916000,28.611000,24.855000,33.71
1838164745,0.340000,0.568000,-0.906000,-47.267000,26.031000,23.634000,33.61
1838176351,0.369000,0.568000,-0.917000,-47.954000,26.244000,21.985000,33.66
1838188645,0.352000,0.558000,-0.904000,-49.511000,24.382000,24.855000,33.52
1838199038,0.426000,0.509000,-0.911000,-48.565000,22.656000,27.420000,33.47
1838203958,0.457000,0.520000,-0.906000,-45.481000,26.870000,28.656000,33.71
1838215597,0.427000,0.556000,-0.894000,-44.672000,30.382000,28.840000,33.66
1838228808,0.396000,0.612000,-0.914000,-47.130000,33.237000,27.160000,33.61
1838234230,0.396000,0.604000,-0.829000,-46.336000,31.863000,23.557000,33.66
1838248518,0.397000,0.664000,-0.856000,-49.786000,32.947000,21.053000,33.71
1838256243,0.358000,0.659000,-0.872000,-55.389000,30.611000,20.046000,33.57
1838264774,0.352000,0.601000,-0.861000,-60.198000,27.649000,23.237000,33.71
1838276878,0.474000,0.505000,-0.812000,-56.153000,25.878000,24.824000,33.75
1838283571,0.472000,0.526000,-0.811000,-50.198000,30.015000,27.389000,33.71
1838296910,0.460000,0.574000,-0.799000,-48.336000,32.015000,30.962000,33.66
1838304751,0.479000,0.589000,-0.784000,-46.763000,32.489000,33.924000,33.71
1838316820,0.496000,0.594000,-0.774000,-46.733000,37.542000,30.931000,33.57
1838328470,0.436000,0.601000,-0.791000,-45.832000,40.916000,29.053000,33.61
1838334752,0.373000,0.608000,-0.771000,-49.756000,40.336000,27.298000,33.57
1838346262,0.311000,0.590000,-0.758000,-52.733000,37.221000,26.718000,33.61
1838356132,0.358000,0.555000,-0.731000,-56.336000,31.725000,27.023000,33.57
1838365169,0.373000,0.546000,-0.706000,-56.321000,31.679000,26.183000,33.66
1838371860,0.363000,0.558000,-0.710000,-56.977000,28.641000,27.969000,33.61
1838383901,0.437000,0.566000,-0.650000,-56.382000,25.511000,28.336000,33.61
1838397070,0.481000,0.579000,-0.680000,-53.603000,26.901000,28.092000,33.61
1838404876,0.456000,0.562000,-0.650000,-50.794000,31.237000,27.328000,33.47
1838416756,0.461000,0.601000,-0.653000,-49.405000,29.435000,29.084000,33.71
1838429006,0.487000,0.645000,-0.636000,-49.817000,30.321000,28.809000,33.57
1838434521,0.465000,0.676000,-0.631000,-50.718000,29.985000,28.397000,33.61
1838446683,0.438000,0.692000,-0.660000,-53.160000,27.863000,30.336000,33.57
1838456474,0.418000,0.664000,-0.658000,-56.031000,24.000000,32.015000,33.71
1838465675,0.446000,0.665000,-0.631000,-55.053000,22.000000,32.824000,33.66
1838472292,0.506000,0.689000,-0.656000,-54.718000,17.008000,35.557000,33.61
1838489790,0.583000,0.700000,-0.647000,-53.863000,18.870000,38.321000,33.57
1838499625,0.590000,0.719000,-0.629000,-51.374000,23.053000,38.977000,33.52
1838505149,0.556000,0.755000,-0.669000,-50.534000,25.649000,39.084000,33.66
1838516399,0.529000,0.758000,-0.671000,-56.672000,26.885000,39.969000,33.71
1838529229,0.522000,0.721000,-0.610000,-58.382000,26.153000,39.374000,33.66
1838534959,0.545000,0.728000,-0.626000,-58.031000,22.656000,41.008000,33.61
1838547047,0.572000,0.718000,-0.621000,-59.206000,24.122000,42.351000,33.57
1838557190,0.608000,0.691000,-0.623000,-59.069000,21.634000,44.321000,33.57
1838565998,0.655000,0.717000,-0.623000,-56.824000,25.328000,45.710000,33.61
1838572487,0.611000,0.716000,-0.607000,-57.466000,28.565000,47.740000,33.57
1838584669,0.632000,0.713000,-0.616000,-59.695000,28.137000,48.962000,33.61
1838598027,0.628000,0.720000,-0.586000,-62.153000,31.038000,49.374000,33.66
1838607900,0.599000,0.707000,-0.562000,-62.656000,30.366000,50.229000,33.71
1838618183,0.623000,0.682000,-0.583000,-62.885000,30.534000,50.947000,33.61
1838628933,0.644000,0.645000,-0.573000,-62.901000,33.389000,49.282000,33.71
1838637011,0.655000,0.631000,-0.513000,-58.718000,33.557000,49.115000,33.57
1838646967,0.719000,0.649000,-0.511000,-54.626000,35.695000,48.733000,33.71
1838656427,0.695000,0.687000,-0.511000,-53.359000,38.947000,49.389000,33.66
1838666167,0.717000,0.688000,-0.502000,-56.550000,39.786000,50.687000,33.71
1838673007,0.743000,0.658000,-0.495000,-58.962000,42.855000,50.397000,33.57
1838686036,0.746000,0.632000,-0.453000,-55.496000,47.542000,47.847000,33.71
1838698311,0.679000,0.633000,-0.435000,-51.221000,49.267000,45.130000,33.66
1838709137,0.702000,0.651000,-0.435000,-50.947000,50.290000,43.679000,33.61
1838716356,0.717000,0.621000,-0.426000,-50.031000,50.183000,42.733000,33.57
1838728120,0.728000,0.600000,-0.402000,-46.458000,50.137000,41.023000,33.61
1838735634,0.714000,0.613000,-0.408000,-45.084000,51.527000,39.954000,33.66
1838744775,0.704000,0.613000,-0.384000,-44.443000,49.985000,39.863000,33.61
1838758060,0.720000,0.616000,-0.366000,-43.405000,50.702000,38.122000,33.66
1838768086,0.712000,0.621000,-0.347000,-43.206000,48.855000,36.901000,33.61
1838774252,0.766000,0.578000,-0.297000,-40.901000,50.580000,32.855000,33.61
1838785400,0.759000,0.604000,-0.304000,-36.672000,51.542000,29.160000,33.57
1838797739,0.730000,0.629000,-0.275000,-34.809000,48.458000,28.473000,33.61
1838809827,0.767000,0.619000,-0.269000,-34.336000,44.198000,28.473000,33.57
1838817090,0.812000,0.618000,-0.245000,-33.115000,40.626000,30.000000,33.61
1838827006,0.838000,0.624000,-0.237000,-29.847000,40.137000,30.626000,33.57
1838838932,0.829000,0.633000,-0.197000,-28.290000,39.176000,31.786000,33.52
1838843880,0.859000,0.646000,-0.214000,-26.458000,38.672000,32.214000,33.52
1838855206,0.867000,0.645000,-0.174000,-23.511000,37.160000,32.031000,33.61
1838870185,0.867000,0.678000,-0.189000,-23.481000,33.588000,33.511000,33.66
1838874819,0.860000,0.694000,-0.177000,-25.496000,27.527000,34.504000,33.61
1838885628,0.845000,0.710000,-0.187000,-27.771000,20.305000,34.748000,33.57
1838892800,0.805000,0.703000,-0.173000,-32.947000,9.328000,35.802000,33.61
1838907505,0.795000,0.684000,-0.170000,-38.382000,-2.137000,36.382000,33.57
1838916894,0.789000,0.663000,-0.170000,-42.305000,-16.336000,37.695000,33.61
1838928258,0.823000,0.649000,-0.176000,-46.351000,-27.618000,38.855000,33.57
1838940097,0.942000,0.559000,-0.175000,-44.947000,-31.618000,34.855000,33.61
1838945197,0.964000,0.550000,-0.169000,-40.031000,-32.794000,31.206000,33.66
1838956347,0.943000,0.567000,-0.170000,-33.466000,-33.466000,27.344000,33.71
1838968435,0.897000,0.616000,-0.174000,-31.740000,-38.229000,26.122000,33.66
1838975336,0.889000,0.634000,-0.167000,-31.969000,-45.298000,25.282000,33.57
1838985408,0.944000,0.607000,-0.194000,-33.145000,-49.969000,24.229000,33.61
1838992191,0.965000,0.568000,-0.181000,-31.435000,-50.763000,22.015000,33.71
1839009000,0.983000,0.521000,-0.190000,-26.397000,-50.000000,18.260000,33.61
1839018211,1.005000,0.493000,-0.200000,-21.435000,-46.092000,14.656000,33.66
1839026431,1.012000,0.479000,-0.211000,-13.374000,-39.985000,10.015000,33.52
1839037479,0.947000,0.478000,-0.179000,-4.489000,-33.710000,5.756000,33.66
1839047100,0.893000,0.537000,-0.235000,-0.672000,-35.435000,1.710000,33.52
1839058191,0.893000,0.537000,-0.260000,-0.443000,-36.977000,0.366000,33.57
1839068134,0.901000,0.546000,-0.258000,0.672000,-38.504000,-1.756000,33.61
1839078749,0.917000,0.535000,-0.252000,4.885000,-38.153000,-5.756000,33.57
1839085935,0.930000,0.533000,-0.298000,8.046000,-36.656000,-10.504000,33.61
1839092760,0.932000,0.510000,-0.290000,11.924000,-34.840000,-15.084000,33.57
1839110901,0.932000,0.508000,-0.289000,17.908000,-30.962000,-19.359000,33.61
1839116687,0.906000,0.545000,-0.308000,20.748000,-28.336000,-23.053000,33.57
1839128008,0.892000,0.556000,-0.297000,22.840000,-27.221000,-25.115000,33.61
1839140474,0.868000,0.580000,-0.307000,23.206000,-27.817000,-26.855000,33.57
1839151782,0.916000,0.581000,-0.312000,24.382000,-28.061000,-28.931000,33.61
1839156494,0.924000,0.565000,-0.333000,28.092000,-24.168000,-31.511000,33.66
1839168296,0.919000,0.553000,-0.332000,32.122000,-21.603000,-33.740000,33.61
1839181289,0.914000,0.567000,-0.336000,37.847000,-18.229000,-36.947000,33.66
1839192522,0.883000,0.614000,-0.348000,41.374000,-16.351000,-39.130000,33.66
1839195504,0.872000,0.634000,-0.352000,41.863000,-17.115000,-39.740000,33.61
1839204299,0.875000,0.623000,-0.367000,43.160000,-15.878000,-41.298000,33.57
1839221807,0.843000,0.627000,-0.378000,43.664000,-15.710000,-42.290000,33.61
1839228285,0.817000,0.642000,-0.389000,43.206000,-18.153000,-42.519000,33.61
1839237222,0.814000,0.640000,-0.402000,42.611000,-20.168000,-43.145000,33.61
1839246080,0.815000,0.644000,-0.411000,42.427000,-21.130000,-44.290000,33.66
1839258461,0.808000,0.631000,-0.416000,42.504000,-22.122000,-44.947000,33.61
1839266273,0.816000,0.629000,-0.445000,43.588000,-21.374000,-45.282000,33.57
1839275291,0.800000,0.630000,-0.399000,46.565000,-24.046000,-46.672000,33.71
1839291023,0.793000,0.640000,-0.430000,47.344000,-25.099000,-47.924000,33.57
1839297421,0.754000,0.639000,-0.416000,47.649000,-27.008000,-48.290000,33.71
1839304067,0.761000,0.642000,-0.427000,46.901000,-28.183000,-48.656000,33.66
1839320509,0.750000,0.640000,-0.441000,46.473000,-28.885000,-50.366000,33.52
1839328664,0.722000,0.636000,-0.448000,47.237000,-28.931000,-51.893000,33.75
1839337794,0.693000,0.632000,-0.470000,47.679000,-31.817000,-53.099000,33.61
1839348787,0.696000,0.623000,-0.491000,48.473000,-34.809000,-53.863000,33.47
1839357613,0.712000,0.612000,-0.487000,50.000000,-36.855000,-53.939000,33.52
1839367642,0.706000,0.616000,-0.482000,51.985000,-37.634000,-54.351000,33.57
1839376080,0.684000,0.619000,-0.521000,53.038000,-38.855000,-54.000000,33.71
1839388891,0.670000,0.629000,-0.521000,51.893000,-38.855000,-54.046000,33.57
1839398419,0.649000,0.641000,-0.534000,52.061000,-38.992000,-55.847000,33.61
1839403531,0.641000,0.645000,-0.542000,51.267000,-39.878000,-57.786000,33.66
1839415221,0.641000,0.640000,-0.555000,51.542000,-40.947000,-59.405000,33.71
1839427121,0.628000,0.605000,-0.566000,52.947000,-42.076000,-59.893000,33.66
1839435856,0.619000,0.600000,-0.557000,54.092000,-44.290000,-57.618000,33.66
1839447229,0.634000,0.615000,-0.603000,54.443000,-47.847000,-55.924000,33.61
1839454662,0.659000,0.612000,-0.619000,55.405000,-44.153000,-55.115000,33.61
1839467085,0.639000,0.580000,-0.599000,59.267000,-39.206000,-57.237000,33.52
1839472434,0.584000,0.604000,-0.594000,64.687000,-35.985000,-61.176000,33.66
1839489254,0.538000,0.639000,-0.652000,64.840000,-35.389000,-62.122000,33.61
1839500713,0.501000,0.631000,-0.662000,62.473000,-37.649000,-62.595000,33.66
1839504507,0.495000,0.612000,-0.626000,61.252000,-38.641000,-64.397000,33.71
1839514827,0.521000,0.577000,-0.644000,63.573000,-39.511000,-66.626000,33.66
1839527341,0.486000,0.568000,-0.695000,64.824000,-38.656000,-66.366000,33.71
1839535460,0.440000,0.564000,-0.689000,62.153000,-41.969000,-64.244000,33.66
1839546839,0.461000,0.548000,-0.689000,67.053000,-39.420000,-67.344000,33.61
1839557001,0.435000,0.530000,-0.670000,69.008000,-38.794000,-70.153000,33.66
1839569510,0.406000,0.565000,-0.685000,70.641000,-39.023000,-71.802000,33.71
1839577616,0.385000,0.580000,-0.657000,68.656000,-44.962000,-72.122000,33.66
1839586704,0.423000,0.554000,-0.670000,69.328000,-46.992000,-74.534000,33.71
1839595678,0.446000,0.505000,-0.675000,76.702000,-45.511000,-77.328000,33.66
1839603935,0.418000,0.478000,-0.726000,82.824000,-45.634000,-78.000000,33.61
1839614321,0.380000,0.476000,-0.775000,86.458000,-45.069000,-76.534000,33.66
1839629990,0.283000,0.512000,-0.721000,87.466000,-48.260000,-74.489000,33.57
1839638905,0.227000,0.535000,-0.763000,86.061000,-54.275000,-72.061000,33.61
1839648941,0.233000,0.536000,-0.751000,79.634000,-62.000000,-70.458000,33.66
1839654281,0.249000,0.491000,-0.757000,80.031000,-64.153000,-72.229000,33.61
1839670108,0.221000,0.486000,-0.737000,82.122000,-69.176000,-73.542000,33.66
1839677427,0.213000,0.497000,-0.753000,85.618000,-75.298000,-70.458000,33.52
1839687684,0.221000,0.513000,-0.776000,87.099000,-83.893000,-67.817000,33.61
1839696577,0.217000,0.471000,-0.815000,87.924000,-87.985000,-66.611000,33.61
1839708041,0.198000,0.461000,-0.777000,90.733000,-91.710000,-66.870000,33.66
1839713738,0.171000,0.500000,-0.764000,94.137000,-95.985000,-66.550000,33.52
1839725681,0.166000,0.490000,-0.755000,95.389000,-100.992000,-67.221000,33.57
1839736467,0.114000,0.465000,-0.882000,88.534000,-103.344000,-67.817000,33.61
1839747053,0.002000,0.388000,-0.894000,85.130000,-111.924000,-61.908000,33.66
1839756549,-0.031000,0.357000,-0.842000,83.649000,-119.695000,-57.771000,33.71
1839768100,-0.056000,0.406000,-0.875000,76.733000,-130.626000,-51.130000,33.57
1839778092,0.035000,0.347000,-0.847000,73.573000,-134.382000,-49.969000,33.61
1839787003,0.066000,0.312000,-0.904000,77.847000,-133.389000,-50.580000,33.66
1839796670,0.017000,0.300000,-0.857000,78.244000,-128.427000,-51.588000,33.66
1839807531,-0.069000,0.284000,-0.923000,78.763000,-128.672000,-54.137000,33.71
1839812863,-0.124000,0.255000,-0.967000,74.382000,-130.672000,-53.145000,33.66
1839823943,-0.195000,0.226000,-0.938000,71.557000,-130.534000,-54.137000,33.61
1839836143,-0.311000,0.258000,-0.922000,65.679000,-138.244000,-49.908000,33.71
1839847630,-0.237000,0.226000,-0.924000,60.473000,-146.000000,-47.847000,33.71
1839856594,-0.156000,0.190000,-0.943000,58.840000,-142.443000,-47.786000,33.66
1839869621,-0.181000,0.150000,-0.942000,63.084000,-134.244000,-48.779000,33.61
1839880184,-0.249000,0.139000,-0.941000,64.000000,-127.740000,-49.649000,33.66
1839886146,-0.270000,0.116000,-0.925000,66.305000,-124.656000,-50.702000,33.71
1839897219,-0.251000,0.126000,-0.933000,70.748000,-123.908000,-52.733000,33.66
1839904777,-0.270000,0.193000,-0.934000,69.725000,-118.122000,-56.550000,33.61
1839915506,-0.304000,0.211000,-0.915000,69.664000,-117.359000,-59.176000,33.66
1839921991,-0.330000,0.222000,-0.952000,65.679000,-118.382000,-58.855000,33.61
1839939159,-0.362000,0.145000,-0.944000,63.084000,-116.656000,-60.595000,33.66
1839947049,-0.430000,0.105000,-0.920000,64.855000,-114.779000,-60.260000,33.61
1839955712,-0.422000,0.055000,-0.937000,67.328000,-114.519000,-61.374000,33.66
1839966963,-0.427000,0.053000,-0.910000,70.305000,-111.252000,-61.008000,33.57
1839979681,-0.464000,0.068000,-0.946000,71.389000,-108.702000,-59.176000,33.52
1839984785,-0.522000,0.086000,-0.915000,71.344000,-108.718000,-57.878000,33.71
1839995545,-0.568000,0.129000,-0.948000,64.748000,-112.214000,-54.809000,33.61
1840007268,-0.484000,0.073000,-0.875000,62.504000,-118.550000,-57.496000,33.57
1840016012,-0.546000,0.116000,-0.887000,58.214000,-119.450000,-59.557000,33.71
1840025009,-0.463000,0.070000,-0.833000,56.397000,-116.489000,-60.214000,33.66
1840038913,-0.485000,0.043000,-0.871000,60.107000,-113.130000,-66.198000,33.61
1840049659,-0.559000,0.002000,-0.849000,57.863000,-106.992000,-67.740000,33.47
1840057434,-0.665000,-0.053000,-0.805000,56.702000,-106.947000,-65.160000,33.61
1840064201,-0.706000,-0.048000,-0.806000,54.046000,-111.160000,-61.954000,33.66
1840078469,-0.660000,-0.061000,-0.805000,51.863000,-114.275000,-60.336000,33.71
1840086474,-0.613000,-0.082000,-0.745000,49.496000,-117.359000,-59.908000,33.66
1840094950,-0.573000,-0.112000,-0.745000,51.466000,-114.122000,-60.366000,33.61
1840106908,-0.597000,-0.083000,-0.728000,53.298000,-110.870000,-60.702000,33.57
1840116924,-0.646000,-0.099000,-0.731000,53.450000,-110.565000,-61.359000,33.71
1840122925,-0.706000,-0.133000,-0.768000,52.290000,-108.931000,-62.153000,33.61
1840133957,-0.733000,-0.178000,-0.732000,50.290000,-110.153000,-63.832000,33.61
1840150017,-0.773000,-0.198000,-0.708000,52.107000,-113.130000,-65.725000,33.61
1840159685,-0.776000,-0.202000,-0.690000,52.718000,-116.718000,-66.382000,33.66
1840165111,-0.765000,-0.221000,-0.684000,51.237000,-117.588000,-66.809000,33.61
1840177085,-0.773000,-0.239000,-0.657000,50.947000,-115.542000,-65.618000,33.57
1840187179,-0.821000,-0.260000,-0.654000,51.420000,-116.061000,-63.038000,33.61
1840197603,-0.829000,-0.262000,-0.664000,47.939000,-117.359000,-60.336000,33.66
1840207793,-0.806000,-0.296000,-0.592000,45.328000,-118.534000,-59.282000,33.61
1840218452,-0.782000,-0.289000,-0.594000,44.718000,-114.137000,-59.710000,33.66
1840224454,-0.776000,-0.295000,-0.571000,46.473000,-109.771000,-62.015000,33.71
1840238024,-0.782000,-0.312000,-0.580000,45.450000,-106.275000,-62.183000,33.57
1840244903,-0.804000,-0.324000,-0.561000,44.885000,-103.237000,-61.313000,33.71
1840256548,-0.855000,-0.302000,-0.536000,41.237000,-100.947000,-59.176000,33.57
1840266660,-0.864000,-0.321000,-0.490000,37.145000,-103.145000,-56.687000,33.71
1840278512,-0.823000,-0.340000,-0.483000,34.748000,-106.305000,-55.511000,33.66
1840288262,-0.815000,-0.343000,-0.485000,32.763000,-107.603000,-53.573000,33.61
1840297438,-0.742000,-0.385000,-0.455000,33.099000,-104.901000,-53.939000,33.61
1840307060,-0.755000,-0.400000,-0.429000,37.145000,-96.931000,-55.817000,33.57
1840319181,-0.813000,-0.367000,-0.415000,37.985000,-91.557000,-54.626000,33.52
1840323857,-0.830000,-0.369000,-0.393000,38.046000,-90.275000,-53.130000,33.66
1840333669,-0.845000,-0.364000,-0.413000,36.458000,-90.260000,-51.145000,33.61
1840347652,-0.848000,-0.394000,-0.367000,35.389000,-91.527000,-48.565000,33.66
1840358143,-0.839000,-0.373000,-0.361000,36.168000,-91.832000,-47.344000,33.61
1840365172,-0.815000,-0.379000,-0.327000,34.794000,-92.947000,-47.557000,33.75
1840376511,-0.800000,-0.406000,-0.337000,32.824000,-88.977000,-47.145000,33.71
1840385772,-0.868000,-0.413000,-0.369000,31.802000,-86.809000,-60.015000,33.66
1840395887,-0.929000,-0.459000,-0.325000,34.779000,-91.832000,-64.168000,33.61
1840408428,-0.917000,-0.426000,-0.340000,28.885000,-94.305000,-60.870000,33.66
1840416512,-0.899000,-0.394000,-0.282000,25.954000,-94.000000,-52.626000,33.61
1840425085,-0.887000,-0.379000,-0.290000,22.275000,-91.771000,-48.931000,33.66
1840437023,-0.883000,-0.392000,-0.226000,24.809000,-93.435000,-38.885000,33.61
1840443558,-0.841000,-0.462000,-0.204000,18.641000,-92.397000,-17.206000,33.57
1840457827,-0.916000,-0.475000,-0.213000,19.466000,-97.588000,-34.290000,33.71
1840465887,-0.888000,-0.467000,-0.219000,14.870000,-93.969000,-38.382000,33.71
1840477649,-0.931000,-0.510000,-0.167000,14.931000,-96.794000,-43.847000,33.57
1840490481,-0.893000,-0.479000,-0.166000,12.137000,-101.496000,-40.931000,33.71
1840495422,-0.786000,-0.506000,-0.125000,10.870000,-90.183000,-38.061000,33.66
1840511240,-0.782000,-0.546000,-0.125000,14.947000,-78.061000,-39.008000,33.71
1840523360,-0.861000,-0.540000,-0.052000,16.626000,-74.366000,-32.198000,33.61
1840527148,-0.797000,-0.511000,-0.008000,18.519000,-72.229000,-26.183000,33.61
1840534729,-0.755000,-0.464000,-0.002000,24.626000,-62.458000,-21.847000,33.66
1840546362,-0.748000,-0.479000,-0.026000,26.687000,-55.954000,-19.450000,33.61
1840559159,-0.730000,-0.483000,-0.032000,26.687000,-50.550000,-18.321000,33.57
1840569716,-0.792000,-0.470000,-0.005000,27.389000,-46.580000,-16.198000,33.61
1840576854,-0.774000,-0.448000,-0.015000,26.519000,-39.985000,-10.855000,33.66
1840590162,-0.794000,-0.441000,-0.051000,29.725000,-36.901000,-8.641000,33.61
1840598909,-0.841000,-0.449000,-0.062000,27.282000,-35.405000,-2.565000,33.57
1840605296,-0.872000,-0.414000,-0.073000,22.733000,-37.466000,0.779000,33.61
1840615752,-0.857000,-0.401000,-0.071000,18.443000,-37.221000,5.802000,33.66
1840627681,-0.797000,-0.368000,-0.137000,6.153000,-43.664000,-6.672000,33.61
1840633895,-0.846000,-0.409000,-0.071000,2.198000,-39.221000,2.214000,33.66
1840645361,-0.740000,-0.449000,-0.040000,-3.328000,-36.947000,3.588000,33.61
1840662634,-0.748000,-0.511000,-0.028000,-0.534000,-35.115000,9.389000,33.61
1840672595,-0.751000,-0.484000,-0.032000,-0.611000,-28.687000,9.618000,33.71
1840676667,-0.811000,-0.485000,-0.025000,-2.000000,-24.260000,11.282000,33.61
1840685518,-0.796000,-0.548000,0.001000,1.130000,-15.802000,13.649000,33.57
1840698176,-0.722000,-0.544000,0.015000,4.443000,-6.885000,11.099000,33.52
1840703058,-0.727000,-0.507000,-0.010000,6.519000,0.565000,8.641000,33.57
1840717679,-0.751000,-0.500000,-0.014000,5.771000,4.855000,6.779000,33.71
1840729568,-0.728000,-0.503000,-0.005000,4.901000,9.053000,7.664000,33.57
1840734183,-0.721000,-0.505000,0.035000,4.611000,15.145000,7.130000,33.61
1840746355,-0.723000,-0.502000,0.065000,6.290000,19.924000,7.374000,33.57
1840758571,-0.701000,-0.482000,0.039000,8.137000,24.916000,8.153000,33.61
1840767216,-0.699000,-0.499000,0.046000,10.779000,30.336000,8.840000,33.66
1840775288,-0.703000,-0.466000,0.028000,9.756000,33.786000,7.969000,33.61
1840786049,-0.733000,-0.446000,0.032000,7.863000,32.687000,8.748000,33.66
1840798404,-0.741000,-0.415000,0.014000,4.076000,31.237000,10.046000,33.42
1840805956,-0.732000,-0.422000,0.035000,0.656000,30.244000,11.405000,33.66
1840816592,-0.712000,-0.420000,0.044000,-0.198000,29.771000,10.626000,33.61
1840827696,-0.750000,-0.417000,0.012000,-3.450000,28.275000,11.695000,33.66
1840838190,-0.758000,-0.444000,0.026000,-7.603000,24.198000,13.557000,33.61
1840842471,-0.723000,-0.452000,0.046000,-9.740000,22.321000,14.718000,33.57
1840854326,-0.714000,-0.480000,0.063000,-8.031000,23.084000,14.947000,33.61
1840867739,-0.731000,-0.470000,0.044000,-8.015000,22.718000,13.466000,33.71
1840876090,-0.757000,-0.466000,0.066000,-8.427000,18.916000,12.733000,33.66
1840885716,-0.741000,-0.468000,0.043000,-9.389000,15.679000,10.473000,33.71
1840899633,-0.755000,-0.466000,0.046000,-13.130000,11.053000,9.023000,33.71
1840904862,-0.767000,-0.495000,0.068000,-15.832000,6.656000,9.313000,33.61
1840916653,-0.741000,-0.514000,0.067000,-15.939000,4.855000,9.023000,33.57
1840926570,-0.699000,-0.522000,0.080000,-14.046000,5.908000,7.374000,33.61
1840938904,-0.715000,-0.523000,0.089000,-10.458000,7.634000,7.069000,33.75
1840943531,-0.720000,-0.485000,0.083000,-8.702000,7.313000,7.023000,33.61
1840955364,-0.727000,-0.482000,0.071000,-8.076000,6.519000,6.931000,33.57
1840968553,-0.720000,-0.480000,0.043000,-8.153000,5.130000,6.672000,33.61
1840979950,-0.735000,-0.465000,0.046000,-10.305000,2.580000,5.878000,33.57
1840987185,-0.737000,-0.463000,0.051000,-10.550000,-0.382000,6.031000,33.52
1840996234,-0.732000,-0.445000,0.063000,-11.191000,-1.206000,2.031000,33.66
1841009035,-0.743000,-0.449000,0.073000,-9.969000,-3.863000,3.115000,33.61
1841014132,-0.695000,-0.454000,0.054000,-9.069000,-4.321000,2.641000,33.66
1841025276,-0.686000,-0.450000,0.046000,-6.779000,-1.649000,1.313000,33.61
1841038592,-0.720000,-0.424000,0.061000,-5.969000,-1.756000,1.145000,33.57
1841047123,-0.697000,-0.418000,0.059000,-6.015000,-3.191000,1.832000,33.61
1841056367,-0.705000,-0.433000,0.024000,-5.786000,-4.168000,1.176000,33.57
1841063143,-0.747000,-0.396000,0.014000,-7.267000,-5.542000,0.168000,33.61
1841080281,-0.782000,-0.406000,0.010000,-11.053000,-8.794000,2.183000,33.66
1841086238,-0.757000,-0.421000,0.007000,-13.389000,-13.649000,2.824000,33.66
1841095389,-0.750000,-0.425000,0.042000,-14.473000,-14.519000,2.382000,33.61
1841107006,-0.746000,-0.436000,0.061000,-13.115000,-14.977000,2.122000,33.66
1841117535,-0.752000,-0.428000,0.046000,-14.031000,-14.321000,1.252000,33.61
1841128322,-0.746000,-0.447000,0.062000,-13.969000,-15.206000,1.099000,33.61
1841138128,-0.725000,-0.447000,0.075000,-14.275000,-13.267000,0.183000,33.61
1841147991,-0.734000,-0.467000,0.086000,-12.565000,-11.008000,-1.069000,33.57
1841155969,-0.755000,-0.472000,0.082000,-11.420000,-9.847000,-1.008000,33.61
1841163007,-0.746000,-0.458000,0.102000,-9.832000,-8.229000,-0.809000,33.66
1841175740,-0.739000,-0.455000,0.106000,-7.313000,-6.809000,-1.328000,33.61
1841186546,-0.742000,-0.450000,0.082000,-5.023000,-5.679000,-1.435000,33.57
1841196437,-0.735000,-0.446000,0.080000,-4.672000,-4.244000,-1.756000,33.61
1841208040,-0.723000,-0.450000,0.089000,-3.298000,-2.336000,-2.458000,33.66
1841214940,-0.709000,-0.447000,0.084000,-1.908000,0.244000,-3.359000,33.71
1841225812,-0.718000,-0.432000,0.064000,-1.282000,1.542000,-3.725000,33.66
1841238129,-0.728000,-0.418000,0.073000,-1.740000,2.794000,-3.267000,33.71
1841247236,-0.718000,-0.425000,0.062000,-1.053000,4.458000,-3.725000,33.57
1841256498,-0.741000,-0.420000,0.056000,-1.679000,5.573000,-4.092000,33.61
1841263638,-0.763000,-0.422000,0.043000,-3.573000,4.489000,-3.679000,33.57
1841276426,-0.755000,-0.431000,0.068000,-5.008000,3.053000,-2.947000,33.61
1841287003,-0.729000,-0.435000,0.089000,-5.008000,2.366000,-3.176000,33.66
1841296600,-0.725000,-0.436000,0.070000,-4.565000,3.832000,-3.863000,33.61
1841308736,-0.713000,-0.471000,0.104000,-2.947000,5.298000,-4.809000,33.71
1841316198,-0.728000,-0.462000,0.084000,-0.748000,5.954000,-5.511000,33.57
1841326895,-0.730000,-0.459000,0.092000,0.809000,7.130000,-5.664000,33.61
1841338339,-0.759000,-0.466000,0.074000,2.595000,5.985000,-5.496000,33.57
1841348387,-0.772000,-0.456000,0.059000,2.366000,4.779000,-4.947000,33.61
1841353902,-0.771000,-0.464000,0.080000,3.359000,2.840000,-4.473000,33.61
1841365243,-0.758000,-0.484000,0.058000,3.740000,1.588000,-4.656000,33.61
1841376877,-0.724000,-0.480000,0.064000,4.763000,2.519000,-5.450000,33.66
1841389006,-0.713000,-0.469000,0.065000,6.840000,5.191000,-7.328000,33.61
1841397268,-0.739000,-0.450000,0.050000,7.435000,7.191000,-7.481000,33.66
1841406428,-0.714000,-0.467000,0.090000,7.649000,8.550000,-6.321000,33.61
1841417801,-0.697000,-0.468000,0.099000,10.840000,10.641000,-6.672000,33.57
1841423520,-0.721000,-0.439000,0.051000,11.740000,12.611000,-7.191000,33.61
1841437774,-0.747000,-0.436000,0.050000,10.947000,11.389000,-6.641000,33.66
1841446361,-0.746000,-0.448000,0.034000,9.511000,10.214000,-6.870000,33.61
1841454791,-0.757000,-0.457000,0.037000,8.870000,9.511000,-7.420000,33.57
1841466663,-0.747000,-0.459000,0.032000,7.863000,8.275000,-7.664000,33.71
1841479364,-0.759000,-0.459000,0.038000,7.634000,7.481000,-8.076000,33.66
1841486709,-0.760000,-0.469000,0.046000,7.969000,7.099000,-7.863000,33.71
1841496298,-0.754000,-0.465000,0.056000,7.771000,6.519000,-7.099000,33.61
1841506512,-0.742000,-0.465000,0.062000,7.817000,6.427000,-6.550000,33.61
1841520811,-0.759000,-0.467000,0.064000,7.023000,5.603000,-5.557000,33.52
1841525969,-0.735000,-0.468000,0.055000,6.198000,4.641000,-4.412000,33.66
1841536884,-0.716000,-0.468000,0.055000,5.908000,4.992000,-4.275000,33.52
1841544805,-0.717000,-0.486000,0.068000,6.107000,7.023000,-5.115000,33.66
1841556448,-0.741000,-0.464000,0.033000,6.519000,7.221000,-4.947000,33.61
1841563423,-0.742000,-0.464000,0.028000,4.580000,6.504000,-4.763000,33.57
1841576040,-0.785000,-0.468000,0.013000,1.786000,3.817000,-3.863000,33.61
1841590663,-0.784000,-0.458000,0.037000,-0.076000,0.000000,-2.458000,33.57
1841598923,-0.756000,-0.479000,0.025000,-1.053000,-1.405000,-1.832000,33.61
1841609169,-0.742000,-0.466000,0.034000,-2.336000,-0.443000,-3.450000,33.57
1841617784,-0.764000,-0.460000,0.060000,-3.817000,-2.443000,-3.298000,33.61
1841627553,-0.745000,-0.463000,0.045000,-5.466000,-4.473000,-2.534000,33.66
1841634777,-0.730000,-0.460000,0.057000,-5.695000,-4.336000,-2.305000,33.71
1841646829,-0.734000,-0.469000,0.044000,-6.260000,-4.763000,-2.229000,33.66
1841652582,-0.734000,-0.459000,0.052000,-7.481000,-5.817000,-1.466000,33.52
1841663882,-0.739000,-0.463000,0.052000,-8.702000,-6.000000,-1.221000,33.66
1841677561,-0.750000,-0.469000,0.076000,-8.718000,-7.191000,-0.443000,33.71
1841690587,-0.733000,-0.457000,0.050000,-8.168000,-5.878000,-0.336000,33.71
1841700043,-0.745000,-0.454000,0.074000,-8.611000,-5.038000,-0.229000,33.66
1841704307,-0.730000,-0.463000,0.081000,-8.076000,-3.802000,0.565000,33.61
1841719329,-0.715000,-0.471000,0.062000,-6.641000,-1.863000,0.290000,33.66
1841728249,-0.720000,-0.456000,0.041000,-6.687000,0.122000,-0.122000,33.71
1841734824,-0.742000,-0.469000,0.068000,-6.672000,-0.260000,0.336000,33.71
1841748050,-0.752000,-0.454000,0.043000,-7.053000,-0.916000,0.962000,33.61
1841759181,-0.762000,-0.457000,0.034000,-8.153000,-2.809000,1.618000,33.75
1841764975,-0.749000,-0.461000,0.031000,-9.878000,-4.779000,2.595000,33.61
1841776835,-0.726000,-0.479000,0.043000,-10.718000,-4.809000,1.969000,33.57
1841785015,-0.712000,-0.478000,0.042000,-10.046000,-3.115000,1.588000,33.71
1841797061,-0.715000,-0.477000,0.056000,-8.977000,-1.298000,1.344000,33.66
1841805054,-0.721000,-0.472000,0.066000,-8.504000,0.733000,1.405000,33.61
1841819898,-0.730000,-0.464000,0.051000,-9.344000,0.122000,1.893000,33.66
1841828816,-0.728000,-0.446000,0.054000,-10.824000,0.779000,2.855000,33.61
1841835766,-0.723000,-0.457000,0.084000,-10.351000,1.802000,3.191000,33.66
1841847155,-0.728000,-0.470000,0.033000,-10.626000,4.046000,2.534000,33.61
1841859885,-0.749000,-0.456000,0.066000,-12.305000,4.718000,2.992000,33.66
1841865825,-0.743000,-0.458000,0.105000,-11.481000,5.008000,4.290000,33.61
1841873056,-0.700000,-0.464000,0.064000,-9.664000,6.046000,3.069000,33.66
1841886163,-0.699000,-0.479000,0.038000,-8.137000,10.061000,2.137000,33.52
1841897559,-0.737000,-0.472000,0.062000,-7.817000,11.664000,2.092000,33.66
1841906564,-0.750000,-0.474000,0.049000,-7.649000,9.130000,2.962000,33.66
1841919295,-0.745000,-0.421000,0.036000,-8.550000,7.832000,3.237000,33.52
1841926495,-0.738000,-0.419000,0.063000,-9.863000,7.450000,3.252000,33.66
1841936275,-0.729000,-0.436000,0.048000,-11.405000,9.008000,3.863000,33.61
1841945853,-0.716000,-0.475000,0.027000,-8.595000,10.595000,3.725000,33.66
1841960783,-0.746000,-0.458000,0.010000,-7.450000,16.046000,3.053000,33.52
1841963294,-0.777000,-0.448000,-0.002000,-9.481000,12.656000,3.710000,33.71
1841974550,-0.772000,-0.474000,0.011000,-8.275000,10.092000,4.916000,33.61
1841986608,-0.776000,-0.462000,0.006000,-8.122000,9.298000,4.031000,33.66
1841994711,-0.808000,-0.455000,0.005000,-9.206000,6.305000,4.229000,33.52
1842006813,-0.800000,-0.457000,-0.007000,-12.275000,1.634000,3.573000,33.66
1842015581,-0.744000,-0.464000,0.049000,-13.420000,-0.321000,3.695000,33.61
1842028256,-0.719000,-0.484000,0.048000,-11.817000,1.359000,2.718000,33.66
1842033215,-0.719000,-0.489000,0.058000,-9.847000,2.794000,1.924000,33.52
1842045596,-0.727000,-0.462000,0.069000,-8.260000,3.405000,1.817000,33.57
1842059709,-0.725000,-0.458000,0.045000,-7.557000,5.725000,3.023000,33.61
1842064275,-0.701000,-0.461000,0.049000,-7.359000,6.672000,2.275000,33.57
1842075945,-0.727000,-0.454000,0.056000,-5.588000,8.382000,0.595000,33.71
1842082925,-0.739000,-0.431000,0.044000,-6.015000,8.885000,-0.046000,33.57
1842096765,-0.739000,-0.444000,0.033000,-6.046000,7.908000,1.466000,33.61
1842105056,-0.711000,-0.463000,0.042000,-4.519000,9.206000,1.939000,33.66
1842116632,-0.724000,-0.464000,0.023000,-1.557000,11.023000,0.504000,33.61
1842129086,-0.760000,-0.431000,0.006000,-2.229000,10.748000,-0.794000,33.61
1842133993,-0.770000,-0.423000,0.012000,-3.924000,8.626000,-0.595000,33.66
1842146277,-0.775000,-0.436000,0.025000,-5.206000,4.107000,0.870000,33.61
1842154115,-0.747000,-0.435000,0.050000,-8.183000,2.702000,0.809000,33.57
1842165386,-0.735000,-0.463000,0.033000,-8.076000,1.176000,-0.198000,33.71
1842171934,-0.710000,-0.464000,0.061000,-6.336000,2.305000,-0.656000,33.66
1842184175,-0.698000,-0.473000,0.079000,-3.313000,6.550000,-0.794000,33.61
1842197991,-0.725000,-0.466000,0.016000,-2.214000,9.237000,-0.412000,33.66
1842205814,-0.726000,-0.455000,0.042000,-2.153000,10.366000,0.519000,33.61
1842215931,-0.732000,-0.458000,0.020000,-1.023000,10.748000,-0.351000,33.57
1842226871,-0.748000,-0.445000,0.019000,-1.573000,11.145000,0.473000,33.61
1842234823,-0.741000,-0.447000,0.022000,-2.092000,11.710000,0.168000,33.66
1842246906,-0.753000,-0.447000,0.011000,-1.221000,11.786000,0.473000,33.52
1842255637,-0.782000,-0.434000,0.002000,-0.687000,14.855000,0.794000,33.57
1842266638,-0.782000,-0.442000,-0.006000,-0.885000,14.641000,2.702000,33.61
1842273177,-0.736000,-0.451000,0.016000,1.664000,17.618000,3.176000,33.57
1842285620,-0.733000,-0.443000,-0.006000,4.855000,19.649000,2.550000,33.52
1842297286,-0.723000,-0.438000,-0.029000,5.954000,20.366000,0.122000,33.71
1842307829,-0.747000,-0.397000,0.019000,6.611000,20.031000,-0.672000,33.57
1842318136,-0.734000,-0.390000,-0.020000,4.473000,16.611000,-1.206000,33.61
1842327653,-0.745000,-0.404000,0.000000,2.901000,16.015000,-0.763000,33.66
1842336078,-0.731000,-0.460000,-0.006000,4.198000,21.237000,-0.595000,33.61
1842346936,-0.766000,-0.462000,-0.023000,4.962000,23.267000,0.092000,33.61
1842356889,-0.796000,-0.448000,-0.031000,4.824000,21.145000,1.008000,33.61
1842366721,-0.787000,-0.435000,-0.045000,1.023000,20.076000,1.405000,33.57
1842374283,-0.803000,-0.468000,-0.026000,0.611000,20.672000,0.260000,33.61
1842386363,-0.819000,-0.484000,-0.030000,1.832000,18.031000,0.427000,33.66
1842400359,-0.801000,-0.468000,-0.021000,0.153000,15.176000,0.779000,33.71
1842408680,-0.757000,-0.474000,0.001000,-0.611000,16.412000,1.191000,33.66
1842414629,-0.726000,-0.495000,0.002000,0.672000,20.382000,0.092000,33.71
1842427457,-0.719000,-0.484000,-0.025000,2.427000,25.038000,0.076000,33.66
1842436832,-0.716000,-0.479000,-0.028000,3.954000,26.015000,0.687000,33.61
1842446593,-0.728000,-0.467000,-0.028000,4.198000,27.191000,1.099000,33.57
1842456931,-0.749000,-0.441000,-0.064000,4.550000,28.809000,0.916000,33.61
1842466675,-0.717000,-0.400000,-0.064000,2.748000,26.779000,-2.260000,33.57
1842475188,-0.775000,-0.432000,-0.053000,-0.107000,29.710000,2.534000,33.66
1842482213,-0.781000,-0.436000,-0.069000,1.267000,28.031000,1.817000,33.61
1842499155,-0.764000,-0.438000,-0.105000,-0.458000,29.252000,4.244000,33.61
1842508326,-0.776000,-0.445000,-0.076000,0.000000,29.435000,4.565000,33.61
1842515489,-0.802000,-0.423000,-0.085000,-0.489000,27.221000,6.733000,33.66
1842528724,-0.757000,-0.405000,-0.089000,-2.794000,27.267000,7.435000,33.61
1842533910,-0.749000,-0.420000,-0.068000,-4.046000,28.916000,5.893000,33.66
1842547212,-0.775000,-0.412000,-0.135000,-4.656000,28.305000,6.656000,33.61
1842557075,-0.772000,-0.414000,-0.088000,-6.580000,25.771000,6.290000,33.57
1842565533,-0.801000,-0.402000,-0.113000,-10.519000,23.756000,8.809000,33.61
1842575374,-0.792000,-0.409000,-0.118000,-10.840000,22.565000,10.901000,33.66
1842582167,-0.764000,-0.454000,-0.112000,-9.969000,22.748000,11.985000,33.61
1842598987,-0.759000,-0.437000,-0.118000,-8.855000,25.771000,12.595000,33.75
1842608900,-0.781000,-0.410000,-0.141000,-9.756000,25.786000,13.466000,33.52
1842615655,-0.779000,-0.395000,-0.118000,-12.534000,22.519000,14.550000,33.66
1842627029,-0.759000,-0.382000,-0.118000,-13.573000,22.229000,13.725000,33.61
1842637574,-0.776000,-0.382000,-0.129000,-15.695000,23.893000,14.122000,33.66
1842648352,-0.779000,-0.404000,-0.108000,-16.580000,22.305000,14.824000,33.61
1842658094,-0.783000,-0.415000,-0.080000,-10.076000,20.916000,12.748000,33.66
1842668364,-0.767000,-0.434000,-0.124000,-13.924000,23.786000,16.397000,33.66
1842674438,-0.707000,-0.450000,-0.123000,-9.145000,24.763000,15.176000,33.52
1842687850,-0.776000,-0.395000,-0.155000,-8.382000,26.977000,14.611000,33.66
1842694913,-0.761000,-0.407000,-0.139000,-11.038000,24.779000,14.595000,33.71
1842706591,-0.768000,-0.405000,-0.159000,-11.115000,24.916000,12.779000,33.57
1842715180,-0.809000,-0.405000,-0.176000,-12.198000,29.038000,13.481000,33.61
1842730186,-0.807000,-0.420000,-0.162000,-9.282000,30.595000,13.298000,33.71
1842739440,-0.827000,-0.409000,-0.191000,-10.351000,30.824000,13.328000,33.61
1842745968,-0.817000,-0.425000,-0.187000,-10.931000,30.198000,14.519000,33.57
1842758983,-0.778000,-0.432000,-0.169000,-8.504000,31.481000,13.985000,33.71
1842769956,-0.754000,-0.428000,-0.193000,-7.679000,33.496000,12.794000,33.66
1842774150,-0.744000,-0.414000,-0.197000,-6.443000,36.183000,11.527000,33.61
1842785732,-0.771000,-0.395000,-0.229000,-6.183000,39.053000,9.573000,33.57
1842792531,-0.807000,-0.369000,-0.228000,-7.435000,39.695000,7.176000,33.61
1842807348,-0.838000,-0.361000,-0.229000,-9.466000,39.008000,6.351000,33.75
1842817183,-0.829000,-0.381000,-0.229000,-11.618000,37.160000,7.145000,33.71
1842826763,-0.773000,-0.428000,-0.216000,-9.863000,38.244000,6.031000,33.47
1842836688,-0.763000,-0.445000,-0.225000,-5.893000,38.611000,6.107000,33.71
1842844479,-0.739000,-0.440000,-0.250000,-1.435000,40.046000,5.496000,33.61
1842858034,-0.746000,-0.378000,-0.245000,0.489000,37.817000,3.496000,33.57
1842867361,-0.769000,-0.301000,-0.254000,-1.221000,36.779000,2.779000,33.61
1842875776,-0.784000,-0.282000,-0.271000,-7.145000,35.038000,1.832000,33.61
1842885867,-0.757000,-0.332000,-0.256000,-11.328000,32.275000,0.489000,33.71
1842894121,-0.748000,-0.352000,-0.254000,-11.466000,32.061000,-0.214000,33.66
1842909542,-0.702000,-0.375000,-0.261000,-12.366000,33.344000,-0.275000,33.61
1842917062,-0.716000,-0.382000,-0.256000,-10.809000,36.427000,0.458000,33.66
1842923739,-0.729000,-0.392000,-0.258000,-10.443000,36.809000,1.588000,33.61
1842937145,-0.724000,-0.399000,-0.264000,-9.053000,37.908000,0.992000,33.57
1842945352,-0.744000,-0.392000,-0.278000,-7.847000,39.359000,0.260000,33.71
1842957700,-0.758000,-0.386000,-0.264000,-6.534000,39.359000,0.031000,33.66
1842967298,-0.779000,-0.364000,-0.279000,-7.817000,35.832000,0.718000,33.71
1842977018,-0.739000,-0.388000,-0.282000,-7.344000,33.191000,-0.046000,33.66
1842985622,-0.740000,-0.397000,-0.301000,-4.977000,33.878000,0.702000,33.71
1842992438,-0.744000,-0.386000,-0.291000,-5.053000,33.496000,-0.641000,33.75
1843006517,-0.738000,-0.377000,-0.293000,-4.672000,32.305000,-1.328000,33.61
1843021000,-0.745000,-0.356000,-0.295000,-7.038000,32.550000,-1.618000,33.66
1843025308,-0.743000,-0.356000,-0.293000,-10.550000,31.878000,-2.260000,33.61
1843039791,-0.733000,-0.361000,-0.317000,-11.206000,33.298000,-2.504000,33.66
1843046551,-0.775000,-0.349000,-0.311000,-14.153000,31.557000,-1.664000,33.61
1843055199,-0.753000,-0.394000,-0.332000,-16.427000,30.427000,-1.084000,33.57
1843066292,-0.747000,-0.433000,-0.328000,-13.908000,30.611000,0.366000,33.52
1843074980,-0.747000,-0.402000,-0.338000,-12.229000,29.557000,1.496000,33.61
1843085030,-0.723000,-0.381000,-0.340000,-11.252000,29.786000,1.908000,33.66
1843096862,-0.760000,-0.360000,-0.346000,-10.809000,27.221000,2.916000,33.71
1843107883,-0.750000,-0.333000,-0.370000,-13.313000,25.313000,2.824000,33.52
1843117366,-0.753000,-0.337000,-0.351000,-16.244000,22.718000,2.748000,33.61
1843126043,-0.758000,-0.337000,-0.375000,-19.374000,22.382000,3.954000,33.57
1843137033,-0.770000,-0.332000,-0.368000,-21.786000,19.863000,4.321000,33.71
1843146881,-0.750000,-0.350000,-0.374000,-21.832000,17.466000,4.672000,33.66
1843154355,-0.727000,-0.357000,-0.383000,-20.351000,15.115000,4.992000,33.61
1843166683,-0.725000,-0.359000,-0.394000,-19.481000,13.267000,5.710000,33.66
1843174986,-0.728000,-0.354000,-0.372000,-19.115000,10.870000,5.206000,33.61
1843185453,-0.724000,-0.322000,-0.381000,-18.992000,9.771000,4.382000,33.66
1843196704,-0.729000,-0.313000,-0.375000,-19.893000,9.008000,4.153000,33.61
1843203457,-0.715000,-0.349000,-0.361000,-19.542000,9.344000,3.282000,33.57
1843216754,-0.707000,-0.365000,-0.381000,-17.115000,10.321000,2.977000,33.52
1843225952,-0.706000,-0.377000,-0.409000,-15.496000,12.122000,3.267000,33.57
1843237915,-0.727000,-0.395000,-0.383000,-12.244000,11.405000,2.748000,33.71
1843247432,-0.722000,-0.358000,-0.384000,-11.359000,10.901000,2.321000,33.66
1843254858,-0.708000,-0.340000,-0.380000,-10.962000,11.985000,1.008000,33.61
1843265906,-0.716000,-0.317000,-0.386000,-11.053000,13.130000,-0.137000,33.71
1843275097,-0.725000,-0.325000,-0.374000,-12.122000,13.924000,-1.389000,33.66
1843286150,-0.732000,-0.339000,-0.388000,-12.885000,14.565000,-1.618000,33.61
1843296037,-0.723000,-0.356000,-0.379000,-12.046000,15.359000,-2.015000,33.66
1843302703,-0.717000,-0.373000,-0.400000,-9.344000,15.634000,-1.985000,33.71
1843319304,-0.709000,-0.393000,-0.393000,-6.595000,15.985000,-2.015000,33.66
1843329241,-0.712000,-0.369000,-0.385000,-3.893000,16.336000,-2.061000,33.71
1843334699,-0.717000,-0.297000,-0.377000,-4.611000,15.542000,-2.855000,33.71
1843346921,-0.683000,-0.346000,-0.398000,-2.824000,18.305000,-2.611000,33.61
1843357527,-0.732000,-0.313000,-0.405000,-3.481000,17.374000,-4.458000,33.57
1843365701,-0.719000,-0.325000,-0.401000,-3.298000,18.763000,-4.198000,33.71
1843376464,-0.723000,-0.338000,-0.406000,-2.947000,17.496000,-4.244000,33.66
1843388564,-0.711000,-0.360000,-0.409000,-2.534000,18.779000,-3.679000,33.71
1843395349,-0.731000,-0.352000,-0.433000,-0.321000,17.878000,-2.809000,33.57
1843402207,-0.732000,-0.344000,-0.427000,-2.076000,15.511000,-2.748000,33.61
1843415927,-0.751000,-0.340000,-0.429000,-1.893000,16.183000,-2.626000,33.66
1843426931,-0.759000,-0.314000,-0.445000,-3.282000,14.687000,-2.183000,33.80
1843436406,-0.741000,-0.315000,-0.449000,-6.412000,13.710000,-2.305000,33.57
1843449653,-0.760000,-0.333000,-0.453000,-7.954000,12.794000,-0.992000,33.71
1843459349,-0.723000,-0.351000,-0.452000,-8.626000,12.748000,-0.427000,33.66
1843465768,-0.723000,-0.334000,-0.444000,-8.198000,12.962000,1.267000,33.61
1843477585,-0.693000,-0.336000,-0.441000,-7.099000,13.298000,1.985000,33.66
1843483927,-0.693000,-0.341000,-0.465000,-5.435000,15.450000,2.473000,33.61
1843495332,-0.713000,-0.348000,-0.460000,-5.145000,15.557000,2.519000,33.61
1843501930,-0.705000,-0.328000,-0.465000,-5.160000,15.496000,2.901000,33.57
1843516654,-0.671000,-0.332000,-0.457000,-4.000000,18.947000,2.794000,33.61
1843528441,-0.705000,-0.290000,-0.478000,-5.542000,18.275000,2.794000,33.66
1843534605,-0.688000,-0.343000,-0.481000,-5.756000,19.252000,2.427000,33.61
1843549789,-0.729000,-0.323000,-0.490000,-6.046000,19.817000,2.076000,33.57
1843557038,-0.709000,-0.325000,-0.494000,-7.282000,17.206000,0.702000,33.61
1843565762,-0.715000,-0.316000,-0.538000,-8.672000,14.931000,-1.405000,33.57
1843576467,-0.769000,-0.321000,-0.523000,-8.870000,13.908000,0.290000,33.52
1843589101,-0.730000,-0.319000,-0.514000,-10.458000,10.916000,0.901000,33.66
1843595415,-0.681000,-0.353000,-0.522000,-10.351000,11.649000,1.466000,33.71
1843602236,-0.678000,-0.338000,-0.504000,-8.183000,13.344000,2.366000,33.57
1843618365,-0.688000,-0.299000,-0.526000,-9.389000,14.198000,2.977000,33.61
1843630290,-0.701000,-0.306000,-0.523000,-11.466000,13.603000,2.351000,33.57
1843635896,-0.698000,-0.323000,-0.510000,-11.389000,12.809000,1.450000,33.61
1843646652,-0.692000,-0.331000,-0.505000,-12.534000,13.160000,1.191000,33.57
1843657164,-0.685000,-0.336000,-0.514000,-12.641000,13.756000,0.000000,33.52
1843664523,-0.725000,-0.313000,-0.510000,-12.672000,14.565000,1.160000,33.57
1843678742,-0.657000,-0.364000,-0.494000,-13.069000,15.618000,1.527000,33.52
1843686372,-0.674000,-0.370000,-0.487000,-9.939000,18.626000,2.290000,33.57
1843695850,-0.703000,-0.332000,-0.483000,-9.008000,17.985000,3.298000,33.61
1843701968,-0.694000,-0.334000,-0.482000,-7.618000,16.321000,2.977000,33.61
1843714206,-0.685000,-0.325000,-0.500000,-7.527000,16.198000,2.458000,33.71
1843727456,-0.687000,-0.324000,-0.489000,-8.260000,16.031000,2.809000,33.61
1843736367,-0.680000,-0.311000,-0.488000,-8.183000,16.443000,0.840000,33.57
1843747253,-0.714000,-0.283000,-0.498000,-8.427000,16.824000,-0.702000,33.61
1843760945,-0.694000,-0.293000,-0.501000,-11.466000,14.992000,-0.260000,33.66
1843766186,-0.682000,-0.308000,-0.468000,-11.496000,13.420000,0.061000,33.61
1843777338,-0.659000,-0.321000,-0.492000,-9.389000,11.893000,0.092000,33.57
1843785371,-0.683000,-0.352000,-0.495000,-6.092000,11.344000,1.359000,33.61
1843798253,-0.639000,-0.330000,-0.509000,-4.092000,12.565000,-0.168000,33.61
1843801917,-0.677000,-0.307000,-0.526000,-3.969000,10.779000,-1.420000,33.61
1843814029,-0.679000,-0.306000,-0.486000,-3.634000,9.710000,-1.053000,33.47
1843829460,-0.695000,-0.287000,-0.519000,-5.786000,10.382000,-0.321000,33.52
1843836906,-0.693000,-0.289000,-0.523000,-7.924000,9.313000,-0.015000,33.66
1843846240,-0.688000,-0.293000,-0.522000,-9.603000,8.443000,-0.031000,33.61
1843855360,-0.665000,-0.304000,-0.521000,-10.534000,8.626000,-0.641000,33.57
1843866301,-0.687000,-0.303000,-0.545000,-9.511000,8.122000,0.137000,33.71
1843877106,-0.670000,-0.331000,-0.539000,-9.206000,5.267000,0.702000,33.66
1843886253,-0.667000,-0.343000,-0.548000,-7.710000,3.649000,1.237000,33.61
1843898621,-0.690000,-0.321000,-0.521000,-6.412000,2.519000,1.069000,33.66
1843903482,-0.653000,-0.292000,-0.544000,-6.992000,1.847000,1.679000,33.61
1843914767,-0.624000,-0.297000,-0.542000,-6.870000,4.153000,1.221000,33.57
1843926942,-0.640000,-0.320000,-0.503000,-5.023000,6.275000,0.198000,33.61
1843939377,-0.667000,-0.303000,-0.559000,-5.786000,7.618000,0.336000,33.66
1843946245,-0.676000,-0.332000,-0.572000,-4.290000,7.527000,-0.321000,33.61
1843957427,-0.686000,-0.340000,-0.567000,-6.092000,6.779000,0.229000,33.61
1843969567,-0.678000,-0.345000,-0.567000,-4.366000,6.122000,0.397000,33.57
1843975399,-0.667000,-0.329000,-0.582000,-3.649000,6.275000,0.565000,33.52
1843985199,-0.654000,-0.332000,-0.577000,-2.763000,8.305000,0.626000,33.57
1843998012,-0.648000,-0.316000,-0.573000,-2.870000,10.931000,0.595000,33.61
1844005632,-0.620000,-0.327000,-0.580000,-1.069000,15.221000,-0.870000,33.57
1844015187,-0.649000,-0.325000,-0.600000,-0.534000,18.382000,-0.885000,33.71
1844022188,-0.663000,-0.335000,-0.591000,1.160000,19.802000,-1.618000,33.66
1844038515,-0.693000,-0.305000,-0.620000,1.084000,21.481000,-1.466000,33.61
1844047582,-0.678000,-0.326000,-0.608000,0.809000,21.786000,-1.405000,33.66
1844055897,-0.668000,-0.319000,-0.602000,1.481000,22.626000,-1.176000,33.61
1844067812,-0.657000,-0.289000,-0.596000,0.290000,25.008000,-1.496000,33.57
1844076646,-0.669000,-0.267000,-0.601000,-1.802000,26.427000,-2.412000,33.61
1844087909,-0.681000,-0.261000,-0.590000,-4.260000,27.344000,-3.817000,33.57
1844097066,-0.696000,-0.257000,-0.598000,-6.534000,26.015000,-5.466000,33.71
1844107267,-0.687000,-0.270000,-0.580000,-7.466000,26.183000,-7.008000,33.66
1844115098,-0.653000,-0.295000,-0.612000,-7.008000,27.649000,-6.779000,33.61
1844122061,-0.659000,-0.324000,-0.594000,-6.702000,25.832000,-4.947000,33.61
1844136176,-0.646000,-0.362000,-0.586000,-4.061000,28.534000,-2.382000,33.66
1844146549,-0.644000,-0.319000,-0.587000,-1.634000,29.206000,-0.550000,33.61
1844156766,-0.660000,-0.227000,-0.600000,-4.901000,27.725000,-1.588000,33.57
1844170166,-0.671000,-0.225000,-0.560000,-7.985000,27.969000,-2.076000,33.52
1844179150,-0.686000,-0.241000,-0.604000,-11.298000,27.939000,-1.511000,33.61
1844185521,-0.671000,-0.292000,-0.600000,-14.351000,26.565000,-3.557000,33.71
1844195932,-0.726000,-0.291000,-0.602000,-15.023000,23.191000,-0.885000,33.66
1844208343,-0.662000,-0.331000,-0.622000,-15.328000,21.313000,-0.092000,33.61
1844214663,-0.639000,-0.334000,-0.631000,-13.969000,20.718000,1.176000,33.57
1844226456,-0.646000,-0.309000,-0.609000,-13.328000,23.588000,2.672000,33.61
1844238586,-0.665000,-0.281000,-0.633000,-14.412000,20.687000,3.878000,33.66
1844252845,-0.617000,-0.260000,-0.636000,-15.450000,21.282000,3.084000,33.61
1844254816,-0.632000,-0.242000,-0.624000,-18.229000,20.321000,3.695000,33.66
1844266343,-0.630000,-0.260000,-0.637000,-20.840000,20.473000,4.260000,33.61
1844278937,-0.626000,-0.281000,-0.639000,-19.527000,21.008000,4.397000,33.66
1844284004,-0.600000,-0.285000,-0.638000,-17.008000,20.458000,4.931000,33.61
1844298237,-0.613000,-0.301000,-0.668000,-14.672000,21.450000,5.542000,33.57
1844306818,-0.627000,-0.296000,-0.656000,-14.748000,20.214000,5.786000,33.66
1844315570,-0.627000,-0.267000,-0.655000,-13.313000,17.878000,7.053000,33.61
1844325917,-0.598000,-0.251000,-0.692000,-16.397000,19.252000,6.748000,33.61
1844333624,-0.668000,-0.271000,-0.704000,-18.809000,18.260000,6.443000,33.61
1844346438,-0.672000,-0.269000,-0.698000,-21.176000,13.740000,7.206000,33.66
1844357255,-0.673000,-0.273000,-0.674000,-24.229000,10.046000,7.634000,33.61
1844365787,-0.646000,-0.260000,-0.686000,-27.328000,5.908000,8.550000,33.66
1844379106,-0.621000,-0.263000,-0.700000,-28.397000,4.748000,10.244000,33.61
1844383849,-0.589000,-0.259000,-0.689000,-28.992000,4.641000,11.099000,33.66
1844396143,-0.584000,-0.262000,-0.695000,-28.794000,4.229000,11.527000,33.61
1844407376,-0.549000,-0.268000,-0.687000,-27.115000,3.908000,10.427000,33.57
1844415490,-0.542000,-0.238000,-0.680000,-25.237000,5.695000,9.008000,33.61
1844425730,-0.551000,-0.234000,-0.697000,-25.252000,6.870000,8.397000,33.57
1844433447,-0.551000,-0.275000,-0.677000,-24.504000,7.893000,7.038000,33.61
1844446161,-0.587000,-0.258000,-0.688000,-23.313000,8.901000,6.366000,33.57
1844457150,-0.591000,-0.271000,-0.683000,-22.992000,8.779000,6.214000,33.61
1844466255,-0.591000,-0.277000,-0.686000,-20.534000,9.099000,6.748000,33.57
1844478928,-0.561000,-0.304000,-0.683000,-16.992000,9.573000,6.885000,33.71
1844483738,-0.569000,-0.283000,-0.684000,-13.618000,11.099000,7.130000,33.57
1844496488,-0.568000,-0.239000,-0.666000,-12.947000,11.191000,6.366000,33.57
1844512315,-0.569000,-0.203000,-0.680000,-12.733000,12.122000,4.580000,33.52
1844516742,-0.547000,-0.217000,-0.668000,-13.176000,12.931000,2.198000,33.57
1844525806,-0.561000,-0.230000,-0.681000,-11.176000,13.786000,0.809000,33.71
1844532607,-0.551000,-0.257000,-0.676000,-7.374000,13.221000,0.244000,33.57
1844550317,-0.537000,-0.259000,-0.673000,-3.160000,13.664000,-0.855000,33.61
1844558989,-0.552000,-0.244000,-0.689000,0.870000,14.656000,-0.824000,33.61
1844565685,-0.546000,-0.240000,-0.677000,2.076000,15.511000,-1.725000,33.61
1844577247,-0.553000,-0.221000,-0.668000,2.931000,16.534000,-2.947000,33.57
1844584412,-0.557000,-0.182000,-0.690000,1.878000,17.679000,-4.656000,33.71
1844598223,-0.589000,-0.207000,-0.680000,-1.008000,17.893000,-6.061000,33.66
1844608776,-0.610000,-0.246000,-0.689000,-1.740000,16.687000,-7.053000,33.71
1844617805,-0.611000,-0.249000,-0.680000,-1.511000,15.695000,-7.359000,33.57
1844625306,-0.601000,-0.239000,-0.668000,-1.237000,14.687000,-7.802000,33.71
1844632194,-0.602000,-0.254000,-0.676000,-0.687000,14.901000,-6.824000,33.66
1844646995,-0.593000,-0.252000,-0.680000,0.183000,13.756000,-5.557000,33.61
1844656917,-0.579000,-0.240000,-0.668000,1.481000,12.962000,-5.802000,33.57
1844665067,-0.590000,-0.220000,-0.672000,2.092000,12.473000,-6.824000,33.61
1844679563,-0.587000,-0.208000,-0.681000,0.366000,11.191000,-6.733000,33.57
1844685959,-0.603000,-0.206000,-0.678000,-1.969000,11.756000,-6.641000,33.61
1844695679,-0.637000,-0.199000,-0.672000,-4.885000,8.748000,-5.618000,33.57
1844707611,-0.633000,-0.189000,-0.677000,-7.450000,5.450000,-3.969000,33.52
1844713876,-0.598000,-0.223000,-0.682000,-8.031000,3.008000,-2.977000,33.61
1844725470,-0.604000,-0.228000,-0.684000,-6.000000,0.458000,0.168000,33.57
1844732680,-0.580000,-0.251000,-0.687000,-3.496000,-2.443000,2.092000,33.61
1844745589,-0.578000,-0.192000,-0.698000,-1.832000,-4.366000,3.466000,33.66
1844760132,-0.585000,-0.157000,-0.706000,-4.092000,-6.061000,3.267000,33.61
1844766348,-0.592000,-0.164000,-0.718000,-7.298000,-7.130000,4.031000,33.66
1844779917,-0.598000,-0.185000,-0.708000,-10.687000,-8.229000,4.977000,33.71
1844786266,-0.615000,-0.201000,-0.707000,-12.458000,-10.046000,6.718000,33.61
1844796024,-0.599000,-0.226000,-0.712000,-13.145000,-11.985000,8.061000,33.61
1844807610,-0.568000,-0.250000,-0.704000,-9.802000,-11.924000,8.718000,33.66
1844814809,-0.551000,-0.253000,-0.718000,-5.542000,-11.328000,8.870000,33.71
1844825847,-0.516000,-0.228000,-0.718000,-2.656000,-9.710000,7.969000,33.57
1844832526,-0.547000,-0.209000,-0.732000,-1.053000,-6.733000,6.748000,33.61
1844846762,-0.559000,-0.249000,-0.706000,0.809000,-5.435000,3.847000,33.47
1844858358,-0.585000,-0.206000,-0.736000,-3.847000,-2.733000,4.214000,33.71
1844863952,-0.589000,-0.228000,-0.724000,-4.046000,-0.336000,2.931000,33.57
1844880217,-0.575000,-0.239000,-0.716000,-4.244000,1.771000,2.076000,33.52
1844890520,-0.570000,-0.252000,-0.723000,-2.550000,4.244000,1.023000,33.66
1844896385,-0.550000,-0.284000,-0.707000,1.481000,5.817000,-0.489000,33.52
1844904481,-0.544000,-0.276000,-0.710000,6.092000,8.229000,-1.786000,33.57
1844915462,-0.529000,-0.234000,-0.716000,8.534000,10.061000,-4.168000,33.71
1844926678,-0.530000,-0.218000,-0.715000,10.000000,13.603000,-7.710000,33.57
1844933014,-0.562000,-0.209000,-0.723000,8.672000,15.618000,-8.153000,33.61
1844947343,-0.569000,-0.238000,-0.702000,9.053000,17.344000,-10.244000,33.57
1844959654,-0.608000,-0.216000,-0.719000,7.435000,17.573000,-8.748000,33.61
1844965603,-0.605000,-0.266000,-0.690000,7.221000,18.031000,-7.420000,33.52
1844977092,-0.592000,-0.255000,-0.692000,9.695000,17.160000,-5.969000,33.57
1844989541,-0.540000,-0.260000,-0.713000,14.275000,15.954000,-4.168000,33.61
1844995619,-0.514000,-0.229000,-0.686000,16.962000,18.656000,-6.550000,33.66
1845007276,-0.591000,-0.161000,-0.755000,18.092000,17.954000,-6.779000,33.61
1845023195,-0.601000,-0.149000,-0.769000,7.969000,13.191000,-8.977000,33.52
1845027870,-0.619000,-0.243000,-0.712000,7.389000,11.618000,-6.473000,33.61
1845033228,-0.659000,-0.222000,-0.721000,4.473000,6.076000,-3.511000,33.57
1845045932,-0.645000,-0.240000,-0.731000,1.878000,3.481000,-1.008000,33.61
1845059104,-0.627000,-0.263000,-0.710000,1.298000,1.557000,-0.092000,33.57
1845071140,-0.634000,-0.218000,-0.725000,0.015000,-5.252000,3.008000,33.71
1845078331,-0.555000,-0.208000,-0.718000,-0.702000,-9.450000,3.053000,33.57
1845084233,-0.535000,-0.216000,-0.718000,-1.298000,-9.863000,3.206000,33.52
1845096334,-0.530000,-0.247000,-0.711000,-1.344000,-9.145000,2.794000,33.57
1845104961,-0.544000,-0.227000,-0.705000,-1.802000,-9.405000,2.977000,33.42
1845115670,-0.551000,-0.240000,-0.706000,-2.702000,-8.580000,2.015000,33.66
1845128158,-0.559000,-0.254000,-0.685000,-3.130000,-7.817000,2.061000,33.71
1845136400,-0.570000,-0.279000,-0.700000,-2.275000,-7.252000,2.656000,33.66
1845145983,-0.561000,-0.310000,-0.700000,-0.702000,-6.534000,2.962000,33.52
1845152746,-0.563000,-0.315000,-0.688000,1.405000,-5.786000,2.931000,33.66
1845171631,-0.556000,-0.277000,-0.702000,2.504000,-5.221000,1.985000,33.61
1845181891,-0.554000,-0.264000,-0.698000,2.015000,-3.588000,0.595000,33.66
1845187722,-0.562000,-0.264000,-0.703000,1.267000,-2.015000,-0.351000,33.57
1845196138,-0.565000,-0.266000,-0.698000,0.260000,-0.489000,-1.420000,33.61
1845206286,-0.569000,-0.271000,-0.702000,-0.122000,0.092000,-1.847000,33.47
1845216170,-0.538000,-0.294000,-0.702000,1.069000,0.183000,-3.160000,33.61
1845225910,-0.562000,-0.292000,-0.708000,4.504000,1.237000,-3.893000,33.57
1845238402,-0.575000,-0.269000,-0.708000,4.824000,0.275000,-4.672000,33.61
1845246656,-0.579000,-0.254000,-0.717000,5.267000,-0.611000,-5.115000,33.71
1845253478,-0.552000,-0.260000,-0.706000,4.061000,-0.244000,-4.855000,33.61
1845266265,-0.553000,-0.245000,-0.701000,3.802000,1.145000,-5.328000,33.66
1845276115,-0.575000,-0.228000,-0.703000,2.565000,0.992000,-5.573000,33.61
1845286210,-0.561000,-0.231000,-0.711000,0.840000,-0.840000,-5.893000,33.57
1845296900,-0.570000,-0.254000,-0.711000,2.092000,-1.969000,-6.763000,33.52
1845307391,-0.587000,-0.253000,-0.717000,2.382000,-3.527000,-6.260000,33.66
1845316105,-0.577000,-0.267000,-0.708000,2.962000,-5.466000,-6.443000,33.71
1845327344,-0.581000,-0.255000,-0.706000,3.008000,-6.229000,-5.695000,33.66
1845336022,-0.578000,-0.251000,-0.704000,2.168000,-5.832000,-5.237000,33.52
1845343487,-0.593000,-0.248000,-0.704000,-0.061000,-5.679000,-5.130000,33.66
1845353995,-0.609000,-0.238000,-0.712000,-2.794000,-6.458000,-5.542000,33.61
1845366972,-0.603000,-0.256000,-0.713000,-4.534000,-7.420000,-5.527000,33.66
1845377917,-0.600000,-0.268000,-0.714000,-4.641000,-7.359000,-5.435000,33.71
1845386947,-0.590000,-0.305000,-0.725000,-2.290000,-7.969000,-4.275000,33.57
1845397206,-0.578000,-0.307000,-0.731000,0.244000,-6.214000,-3.237000,33.61
1845409333,-0.593000,-0.275000,-0.731000,0.718000,-5.878000,-2.229000,33.66
1845416650,-0.581000,-0.253000,-0.739000,-0.687000,-4.580000,-2.443000,33.61
1845426435,-0.585000,-0.233000,-0.738000,-3.450000,-2.336000,-3.267000,33.57
1845435802,-0.602000,-0.220000,-0.741000,-6.092000,-1.191000,-4.473000,33.52
1845446704,-0.621000,-0.239000,-0.747000,-10.153000,-0.855000,-4.702000,33.66
1845453829,-0.613000,-0.296000,-0.757000,-11.466000,-0.656000,-3.481000,33.57
1845465383,-0.603000,-0.317000,-0.743000,-7.832000,-0.351000,-1.893000,33.61
1845479875,-0.589000,-0.293000,-0.754000,-4.977000,1.511000,-0.840000,33.61
1845489667,-0.592000,-0.250000,-0.749000,-5.389000,3.374000,-1.603000,33.61
1845497053,-0.601000,-0.199000,-0.755000,-7.282000,3.786000,-2.718000,33.57
1845508685,-0.620000,-0.175000,-0.755000,-12.473000,4.534000,-4.489000,33.52
1845517236,-0.623000,-0.214000,-0.762000,-16.290000,6.290000,-6.260000,33.66
1845524514,-0.648000,-0.238000,-0.757000,-18.168000,7.817000,-5.420000,33.71
1845536799,-0.647000,-0.256000,-0.767000,-18.092000,6.092000,-1.985000,33.57
1845546407,-0.605000,-0.286000,-0.777000,-16.855000,7.053000,1.481000,33.71
1845553547,-0.601000,-0.286000,-0.759000,-14.992000,9.374000,4.565000,33.57
1845565468,-0.613000,-0.210000,-0.751000,-14.153000,10.977000,6.107000,33.61
1845575672,-0.595000,-0.168000,-0.767000,-17.023000,12.763000,4.672000,33.66
1845585787,-0.608000,-0.184000,-0.759000,-20.168000,14.931000,5.374000,33.61
1845596147,-0.636000,-0.207000,-0.770000,-23.328000,15.496000,7.267000,33.66
1845605010,-0.607000,-0.250000,-0.750000,-23.924000,16.519000,9.069000,33.61
1845620097,-0.597000,-0.261000,-0.756000,-22.763000,19.084000,11.634000,33.66
1845627214,-0.594000,-0.266000,-0.750000,-20.733000,21.908000,14.473000,33.71
1845636601,-0.568000,-0.256000,-0.750000,-18.901000,24.061000,16.550000,33.66
1845649351,-0.576000,-0.218000,-0.754000,-17.878000,25.557000,16.947000,33.61
1845653629,-0.633000,-0.133000,-0.770000,-21.817000,23.740000,16.947000,33.57
1845664410,-0.584000,-0.173000,-0.766000,-25.557000,23.237000,14.779000,33.61
1845677568,-0.553000,-0.228000,-0.754000,-24.061000,29.847000,12.092000,33.61
1845687370,-0.578000,-0.267000,-0.743000,-21.084000,33.710000,12.962000,33.57
1845695913,-0.598000,-0.238000,-0.748000,-20.718000,31.145000,16.687000,33.61
1845706806,-0.556000,-0.231000,-0.759000,-19.893000,28.611000,18.763000,33.61
1845721560,-0.525000,-0.203000,-0.755000,-19.511000,28.214000,18.992000,33.61
1845727275,-0.542000,-0.142000,-0.770000,-21.557000,28.580000,18.321000,33.57
1845735680,-0.549000,-0.138000,-0.773000,-23.847000,30.244000,15.832000,33.61
1845752706,-0.528000,-0.166000,-0.792000,-29.145000,34.718000,10.122000,33.66
1845756326,-0.567000,-0.229000,-0.744000,-25.817000,39.099000,10.366000,33.61
1845762988,-0.583000,-0.223000,-0.754000,-26.275000,36.092000,12.916000,33.66
1845774879,-0.594000,-0.226000,-0.763000,-24.336000,33.038000,15.969000,33.61
1845789697,-0.538000,-0.262000,-0.746000,-21.817000,31.344000,17.160000,33.66
1845798412,-0.502000,-0.190000,-0.743000,-18.412000,31.359000,17.130000,33.61
1845805856,-0.488000,-0.146000,-0.747000,-17.847000,30.855000,17.145000,33.57
1845820929,-0.484000,-0.112000,-0.785000,-24.000000,31.023000,15.069000,33.61
1845827024,-0.554000,-0.099000,-0.772000,-29.221000,30.336000,12.641000,33.66
1845836779,-0.554000,-0.142000,-0.787000,-32.214000,28.595000,11.664000,33.61
1845846203,-0.565000,-0.201000,-0.766000,-31.847000,27.221000,11.221000,33.57
1845856077,-0.561000,-0.210000,-0.766000,-26.427000,26.626000,13.710000,33.61
1845866935,-0.475000,-0.191000,-0.793000,-20.183000,25.084000,15.191000,33.57
1845873809,-0.440000,-0.116000,-0.840000,-17.527000,25.466000,16.595000,33.61
1845889637,-0.392000,-0.141000,-0.835000,-16.656000,25.405000,16.565000,33.66
1845900824,-0.520000,-0.034000,-0.874000,-23.313000,24.870000,20.000000,33.71
1845906006,-0.576000,-0.047000,-0.862000,-33.252000,18.550000,18.794000,33.61
1845920007,-0.521000,-0.120000,-0.834000,-37.878000,17.328000,13.649000,33.66
1845929413,-0.524000,-0.170000,-0.818000,-35.282000,19.618000,9.496000,33.52
1845936579,-0.505000,-0.191000,-0.822000,-28.092000,21.588000,6.489000,33.52
1845946127,-0.482000,-0.135000,-0.806000,-22.779000,20.901000,6.885000,33.61
1845954752,-0.421000,-0.107000,-0.831000,-20.321000,20.275000,7.237000,33.57
1845966329,-0.415000,-0.080000,-0.825000,-21.344000,19.420000,10.321000,33.61
1845972778,-0.424000,-0.058000,-0.843000,-24.992000,18.611000,11.634000,33.57
1845986680,-0.426000,-0.062000,-0.843000,-28.092000,18.458000,11.145000,33.61
1845997455,-0.440000,-0.074000,-0.830000,-29.237000,20.656000,8.137000,33.57
1846006857,-0.452000,-0.063000,-0.824000,-29.817000,20.351000,5.893000,33.61
1846017690,-0.483000,-0.102000,-0.861000,-23.878000,17.573000,6.183000,33.57
1846030390,-0.429000,-0.108000,-0.859000,-20.748000,16.198000,7.115000,33.61
1846035442,-0.442000,-0.111000,-0.838000,-18.092000,17.359000,6.519000,33.66
1846047154,-0.430000,-0.051000,-0.864000,-17.847000,19.634000,4.916000,33.61
1846055748,-0.457000,-0.034000,-0.874000,-20.504000,22.168000,1.924000,33.57
1846065916,-0.469000,-0.068000,-0.861000,-23.664000,22.855000,0.031000,33.71
1846071890,-0.447000,-0.082000,-0.843000,-22.137000,22.992000,-2.580000,33.57
1846085558,-0.440000,-0.064000,-0.883000,-17.542000,20.168000,-2.489000,33.61
1846098338,-0.440000,-0.070000,-0.895000,-14.931000,14.076000,2.702000,33.61
1846110267,-0.419000,-0.071000,-0.893000,-14.580000,12.183000,6.183000,33.66
1846116148,-0.421000,-0.033000,-0.900000,-16.061000,13.084000,6.000000,33.52
1846128223,-0.446000,-0.020000,-0.890000,-19.176000,16.855000,2.336000,33.66
1846134587,-0.433000,-0.064000,-0.864000,-20.336000,22.260000,-2.962000,33.52
1846145919,-0.436000,-0.047000,-0.844000,-18.962000,28.107000,-7.634000,33.57
1846158131,-0.453000,-0.007000,-0.862000,-18.534000,27.450000,-10.153000,33.61
1846168577,-0.434000,-0.044000,-0.876000,-18.489000,23.695000,-6.992000,33.66
1846176014,-0.460000,-0.046000,-0.871000,-19.893000,17.130000,-2.321000,33.61
1846182901,-0.447000,-0.018000,-0.863000,-22.534000,13.939000,0.489000,33.66
1846195797,-0.430000,-0.023000,-0.869000,-25.557000,15.634000,-0.473000,33.61
1846208975,-0.442000,-0.042000,-0.854000,-27.160000,19.924000,-3.710000,33.57
1846214925,-0.494000,-0.018000,-0.839000,-26.901000,22.061000,-7.252000,33.61
1846226354,-0.435000,-0.027000,-0.847000,-26.672000,19.985000,-9.435000,33.66
1846240806,-0.430000,-0.036000,-0.872000,-24.336000,13.954000,-5.008000,33.52
1846244927,-0.424000,-0.031000,-0.882000,-23.389000,6.153000,1.969000,33.66
1846257245,-0.427000,-0.018000,-0.872000,-23.756000,1.527000,6.168000,33.52
1846269835,-0.403000,0.016000,-0.883000,-25.695000,1.176000,5.878000,33.61
1846276014,-0.450000,0.021000,-0.901000,-28.885000,3.954000,4.397000,33.66
1846282790,-0.440000,-0.004000,-0.839000,-30.366000,4.214000,1.603000,33.61
1846298608,-0.384000,-0.005000,-0.844000,-28.687000,6.046000,-2.840000,33.57
1846306956,-0.392000,0.016000,-0.858000,-26.687000,4.733000,-2.687000,33.61
1846317757,-0.376000,0.004000,-0.871000,-26.260000,0.092000,1.206000,33.52
1846327955,-0.409000,0.031000,-0.877000,-27.206000,-3.664000,5.527000,33.52
1846339566,-0.391000,0.018000,-0.862000,-28.305000,-5.099000,6.336000,33.66
1846346407,-0.391000,0.010000,-0.866000,-27.359000,-2.305000,4.519000,33.71
1846357274,-0.424000,0.001000,-0.845000,-26.626000,0.046000,2.229000,33.66
1846366164,-0.426000,-0.000000,-0.834000,-24.275000,1.756000,-0.168000,33.61
1846376573,-0.408000,0.023000,-0.857000,-22.412000,1.939000,-1.344000,33.57
1846382861,-0.416000,0.034000,-0.834000,-20.931000,1.588000,-0.198000,33.52
1846396355,-0.404000,0.052000,-0.835000,-19.618000,0.931000,1.130000,33.57
1846408847,-0.371000,0.063000,-0.824000,-18.992000,0.687000,1.786000,33.61
1846416922,-0.400000,0.062000,-0.813000,-18.183000,1.160000,3.053000,33.57
1846427084,-0.414000,0.049000,-0.810000,-16.931000,-2.031000,4.122000,33.52
1846440539,-0.426000,0.066000,-0.835000,-14.244000,-5.450000,6.244000,33.57
1846448701,-0.429000,0.070000,-0.827000,-13.145000,-8.519000,7.939000,33.61
1846455472,-0.432000,0.066000,-0.841000,-11.206000,-9.115000,7.053000,33.61
1846468165,-0.444000,0.092000,-0.821000,-10.977000,-7.969000,4.947000,33.61
1846477810,-0.445000,0.082000,-0.821000,-9.221000,-4.534000,1.344000,33.71
1846484376,-0.449000,0.079000,-0.802000,-7.771000,-4.183000,-0.183000,33.66
1846495899,-0.431000,0.073000,-0.789000,-6.000000,-4.626000,-0.794000,33.52
1846509097,-0.406000,0.081000,-0.817000,-4.748000,-4.779000,-0.366000,33.57
1846519521,-0.429000,0.088000,-0.813000,-4.580000,-7.328000,1.740000,33.61
1846526858,-0.424000,0.088000,-0.813000,-5.481000,-9.374000,3.573000,33.57
1846537880,-0.440000,0.078000,-0.808000,-6.351000,-10.687000,4.260000,33.71
1846549782,-0.437000,0.055000,-0.798000,-5.771000,-9.802000,4.076000,33.66
1846555598,-0.450000,0.039000,-0.788000,-4.336000,-8.275000,2.458000,33.61
1846565486,-0.447000,0.032000,-0.777000,-1.389000,-6.382000,0.718000,33.57
1846576998,-0.438000,0.025000,-0.760000,1.099000,-6.824000,-1.221000,33.52
1846586464,-0.471000,0.062000,-0.760000,3.863000,-8.947000,-1.679000,33.57
1846596668,-0.448000,0.072000,-0.741000,4.092000,-14.641000,-2.229000,33.61
1846603692,-0.435000,0.080000,-0.740000,4.504000,-20.382000,-1.588000,33.57
1846620591,-0.430000,0.094000,-0.708000,3.817000,-26.702000,-0.855000,33.61
1846628001,-0.423000,0.093000,-0.689000,3.969000,-33.252000,-0.534000,33.57
1846636794,-0.435000,0.089000,-0.656000,5.084000,-38.504000,-0.687000,33.57
1846652067,-0.468000,0.100000,-0.664000,4.641000,-45.344000,0.183000,33.61
1846661386,-0.520000,0.079000,-0.632000,4.092000,-55.878000,1.710000,33.57
1846666741,-0.500000,0.061000,-0.647000,4.519000,-67.099000,1.191000,33.61
1846674720,-0.478000,0.046000,-0.632000,4.641000,-76.504000,0.092000,33.66
1846686821,-0.525000,0.041000,-0.618000,5.771000,-85.954000,-1.389000,33.52
1846695221,-0.583000,0.036000,-0.666000,6.489000,-98.473000,-2.397000,33.52
1846704244,-0.542000,-0.005000,-0.625000,8.260000,-108.198000,-3.206000,33.61
1846718530,-0.524000,-0.012000,-0.627000,8.550000,-115.481000,-5.588000,33.57
1846728245,-0.491000,-0.036000,-0.612000,10.092000,-118.305000,-8.031000,33.52
1846734677,-0.527000,-0.015000,-0.637000,10.962000,-125.481000,-11.649000,33.66
1846748630,-0.543000,-0.013000,-0.635000,8.351000,-128.992000,-9.924000,33.61
1846760584,-0.582000,-0.002000,-0.636000,3.649000,-136.656000,-11.069000,33.57
1846765694,-0.621000,-0.015000,-0.622000,-2.168000,-141.863000,-12.519000,33.61
1846776851,-0.626000,-0.024000,-0.609000,-5.466000,-146.901000,-13.344000,33.57
1846784449,-0.555000,-0.092000,-0.600000,-6.031000,-145.832000,-20.382000,33.61
1846796407,-0.584000,-0.133000,-0.570000,-3.618000,-144.763000,-25.328000,33.57
1846806928,-0.558000,-0.102000,-0.562000,-0.458000,-144.229000,-30.794000,33.71
1846814821,-0.670000,0.002000,-0.581000,-2.809000,-144.885000,-34.504000,33.57
1846828836,-0.692000,0.037000,-0.581000,-10.626000,-150.550000,-36.534000,33.66
1846840033,-0.720000,0.019000,-0.583000,-20.687000,-158.153000,-39.053000,33.61
1846845376,-0.729000,0.009000,-0.551000,-29.847000,-161.573000,-42.855000,33.61
1846859911,-0.628000,-0.091000,-0.513000,-35.298000,-164.855000,-49.740000,33.61
1846869327,-0.637000,-0.115000,-0.490000,-31.389000,-162.000000,-58.656000,33.57
1846876520,-0.725000,-0.065000,-0.471000,-28.473000,-161.893000,-65.038000,33.61
1846888590,-0.772000,-0.008000,-0.478000,-34.992000,-171.130000,-68.427000,33.57
1846899291,-0.744000,0.053000,-0.466000,-42.977000,-179.176000,-73.786000,33.61
1846905056,-0.767000,0.102000,-0.507000,-53.695000,-185.695000,-77.939000,33.57
1846915585,-0.761000,0.070000,-0.463000,-66.275000,-190.198000,-81.649000,33.61
1846921961,-0.705000,-0.067000,-0.440000,-73.847000,-192.076000,-85.969000,33.57
1846937092,-0.713000,-0.130000,-0.369000,-73.695000,-185.573000,-89.969000,33.61
1846946766,-0.787000,-0.134000,-0.359000,-74.626000,-185.557000,-91.206000,33.57
1846953288,-0.827000,-0.096000,-0.304000,-74.458000,-185.725000,-92.519000,33.61
1846970259,-0.852000,-0.065000,-0.295000,-77.679000,-188.519000,-94.183000,33.57
1846975597,-0.865000,-0.050000,-0.292000,-84.794000,-191.069000,-91.267000,33.52
1846985314,-0.826000,-0.108000,-0.252000,-95.359000,-193.847000,-90.870000,33.66
1846998988,-0.700000,-0.151000,-0.170000,-99.328000,-189.893000,-94.626000,33.52
1847006815,-0.671000,-0.183000,-0.156000,-100.977000,-182.977000,-97.435000,33.61
1847017019,-0.756000,-0.169000,-0.134000,-106.107000,-177.908000,-98.855000,33.66
1847023350,-0.896000,-0.145000,-0.121000,-112.565000,-179.145000,-102.382000,33.52
1847038214,-0.984000,-0.149000,-0.121000,-123.771000,-188.763000,-100.519000,33.66
1847046490,-0.998000,-0.167000,-0.124000,-138.305000,-201.924000,-94.351000,33.61
1847055514,-0.804000,-0.299000,-0.055000,-145.527000,-203.786000,-93.985000,33.66
1847069181,-0.699000,-0.384000,0.028000,-136.733000,-190.290000,-95.527000,33.61
1847076675,-0.735000,-0.404000,0.069000,-124.046000,-179.252000,-94.580000,33.57
1847086356,-0.763000,-0.325000,0.069000,-121.282000,-170.412000,-93.252000,33.52
1847097080,-0.794000,-0.329000,0.014000,-129.496000,-166.244000,-88.244000,33.57
1847109366,-0.814000,-0.302000,0.060000,-142.947000,-166.168000,-79.313000,33.61
1847113773,-0.928000,-0.316000,0.048000,-156.687000,-171.786000,-67.695000,33.66
1847124203,-0.921000,-0.320000,-0.036000,-173.740000,-171.817000,-62.107000,33.61
1847136757,-0.818000,-0.453000,-0.016000,-186.931000,-154.687000,-66.840000,33.57
1847148100,-0.561000,-0.676000,-0.050000,-176.473000,-139.053000,-48.763000,33.52
1847155822,-0.508000,-0.733000,0.162000,-160.015000,-102.901000,-54.443000,33.57
1847167046,-0.433000,-0.750000,0.489000,-124.962000,-78.580000,-54.885000,33.52
1847180368,-0.272000,-0.733000,0.765000,-101.695000,-83.573000,-51.542000,33.57
1847186270,-0.198000,-0.618000,0.698000,-60.443000,-57.267000,-60.046000,33.66
1847196910,-0.593000,-0.392000,0.598000,-43.160000,-25.573000,-65.634000,33.52
1847206418,-0.927000,-0.316000,0.689000,-42.748000,-30.061000,-59.115000,33.66
1847218141,-0.791000,-0.438000,0.911000,-39.389000,-33.328000,-53.237000,33.61
1847226393,-0.723000,-0.488000,1.007000,-22.336000,-23.466000,-47.313000,33.61
1847233256,-0.617000,-0.421000,0.799000,-2.947000,-4.214000,-42.336000,33.61
1847250082,-0.586000,-0.319000,0.601000,11.588000,21.206000,-40.641000,33.57
1847256887,-0.703000,-0.260000,0.446000,17.893000,38.336000,-35.221000,33.61
1847265952,-0.709000,-0.344000,0.247000,12.305000,47.374000,-31.802000,33.57
1847278836,-0.722000,-0.488000,0.213000,8.061000,60.748000,-36.122000,33.61
1847289202,-0.991000,-0.465000,0.218000,10.137000,50.626000,-39.008000,33.57
1847296623,-1.069000,-0.446000,0.141000,-1.405000,32.382000,-37.496000,33.61
1847307265,-1.002000,-0.474000,0.063000,-17.725000,4.672000,-29.008000,33.57
1847315847,-0.770000,-0.561000,0.123000,-30.489000,-13.344000,-14.916000,33.61
1847325953,-0.594000,-0.610000,0.231000,-36.046000,-24.885000,-2.565000,33.57
1847332844,-0.478000,-0.678000,0.298000,-32.931000,-29.771000,8.473000,33.52
1847348916,-0.472000,-0.624000,0.267000,-29.023000,-27.145000,14.122000,33.61
1847358472,-0.455000,-0.625000,0.272000,-28.595000,-22.504000,17.511000,33.57
1847366472,-0.492000,-0.600000,0.327000,-26.183000,-22.214000,22.092000,33.52
1847377838,-0.463000,-0.584000,0.346000,-24.214000,-19.115000,24.382000,33.61
1847386675,-0.414000,-0.573000,0.335000,-20.595000,-9.221000,22.550000,33.61
1847396746,-0.367000,-0.563000,0.405000,-10.977000,3.878000,14.962000,33.57
1847406960,-0.412000,-0.536000,0.412000,3.725000,14.214000,6.580000,33.52
1847416433,-0.511000,-0.486000,0.338000,12.656000,16.397000,1.893000,33.47
1847427790,-0.563000,-0.443000,0.272000,13.267000,12.275000,0.366000,33.61
1847432778,-0.562000,-0.431000,0.253000,12.824000,6.794000,-1.099000,33.57
1847444772,-0.592000,-0.418000,0.245000,11.130000,-0.458000,-4.275000,33.61
1847459259,-0.585000,-0.498000,0.226000,4.519000,-6.137000,-5.313000,33.57
1847469308,-0.599000,-0.541000,0.284000,1.725000,-12.137000,-3.634000,33.52
1847477183,-0.637000,-0.588000,0.318000,3.191000,-14.656000,-1.389000,33.57
1847489052,-0.691000,-0.631000,0.320000,8.397000,-10.763000,-0.031000,33.61
1847495751,-0.706000,-0.664000,0.287000,14.763000,-12.595000,2.519000,33.47
1847505869,-0.688000,-0.636000,0.275000,17.023000,-12.870000,3.008000,33.61
1847517579,-0.716000,-0.600000,0.250000,16.382000,-15.389000,3.511000,33.66
1847528039,-0.589000,-0.543000,0.284000,12.702000,-28.931000,8.626000,33.52
1847533736,-0.588000,-0.556000,0.320000,6.473000,-28.901000,5.908000,33.71
1847545465,-0.687000,-0.623000,0.326000,0.885000,-33.374000,3.924000,33.47
1847562883,-0.766000,-0.647000,0.329000,-5.725000,-41.023000,7.221000,33.61
1847569304,-0.814000,-0.679000,0.354000,-9.435000,-50.214000,12.336000,33.57
1847576975,-0.741000,-0.687000,0.420000,-12.290000,-52.046000,13.710000,33.52
1847586801,-0.615000,-0.731000,0.453000,-11.237000,-49.588000,11.481000,33.47
1847597013,-0.582000,-0.729000,0.425000,-3.420000,-45.374000,8.336000,33.61
1847604398,-0.619000,-0.658000,0.392000,1.954000,-39.817000,6.275000,33.57
1847616281,-0.627000,-0.597000,0.313000,1.511000,-40.489000,6.382000,33.52
1847628231,-0.611000,-0.589000,0.293000,0.107000,-41.221000,8.214000,33.57
1847635881,-0.558000,-0.578000,0.273000,-1.771000,-43.267000,10.305000,33.61
1847645456,-0.474000,-0.573000,0.247000,-5.374000,-44.534000,11.145000,33.75
1847652382,-0.451000,-0.518000,0.274000,-7.954000,-45.695000,11.893000,33.52
1847671552,-0.484000,-0.489000,0.279000,-11.130000,-47.908000,13.435000,33.57
1847678595,-0.472000,-0.460000,0.254000,-12.870000,-51.695000,15.191000,33.61
1847685847,-0.455000,-0.435000,0.204000,-13.450000,-52.962000,16.244000,33.57
1847699191,-0.428000,-0.440000,0.160000,-13.435000,-50.489000,14.443000,33.61
1847707447,-0.450000,-0.429000,0.129000,-12.183000,-48.626000,12.275000,33.57
1847714052,-0.438000,-0.453000,0.105000,-13.466000,-52.336000,10.153000,33.61
1847725849,-0.377000,-0.469000,0.138000,-13.817000,-50.611000,5.542000,33.57
1847737462,-0.382000,-0.456000,0.164000,-12.901000,-45.756000,-5.160000,33.52
1847745985,-0.330000,-0.670000,0.358000,-12.214000,-31.008000,-9.359000,33.61
1847756269,-0.593000,-1.387000,0.704000,65.649000,-3.160000,-15.099000,33.52
1847766032,-1.421000,-2.718000,1.522000,96.122000,-63.359000,8.473000,33.52
1847780620,-1.322000,-1.631000,2.055000,164.260000,-74.244000,71.099000,33.57
1847788796,-0.563000,0.172000,0.940000,146.565000,84.000000,-0.412000,33.52
1847795433,-0.587000,-0.400000,0.078000,148.092000,101.756000,-35.649000,33.66
1847806504,-0.970000,-0.508000,-0.396000,79.557000,52.779000,-13.099000,33.52
1847818631,-1.386000,-0.277000,-0.071000,26.015000,33.130000,56.092000,33.57
1847825150,-1.262000,0.041000,-0.157000,2.427000,22.412000,62.443000,33.52
1847836872,-1.259000,0.074000,-0.455000,-39.023000,2.244000,56.397000,33.57
1847845126,-1.282000,-0.166000,-0.040000,-61.282000,-67.695000,89.725000,33.61
1847855792,-0.810000,-0.275000,0.286000,-95.878000,-98.809000,98.550000,33.57
1847862256,-0.666000,-0.725000,0.290000,-83.603000,-97.191000,91.191000,33.61
1847874183,-0.578000,-0.947000,0.216000,-56.611000,-72.702000,68.122000,33.47
1847886282,-0.665000,-0.782000,0.379000,-17.649000,-51.954000,51.115000,33.61
1847899551,-0.703000,-0.520000,0.553000,7.756000,-46.214000,48.336000,33.57
1847905592,-0.630000,-0.360000,0.674000,19.450000,-44.092000,43.099000,33.61
1847916556,-0.294000,-0.499000,0.818000,19.664000,-53.298000,24.626000,33.66
1847927919,-0.145000,-0.527000,0.917000,45.405000,-39.832000,3.267000,33.57
1847936322,-0.135000,-0.369000,1.006000,65.710000,-19.481000,-13.817000,33.52
1847946883,-0.230000,-0.211000,1.014000,73.740000,-2.992000,-25.878000,33.57
1847956218,-0.417000,-0.141000,0.954000,66.351000,-0.718000,-23.893000,33.61
1847962841,-0.385000,-0.255000,0.897000,53.664000,6.015000,-24.290000,33.57
1847974311,-0.468000,-0.301000,0.740000,40.183000,15.908000,-19.160000,33.61
1847987563,-0.615000,-0.301000,0.563000,20.336000,19.420000,-8.000000,33.52
1847999623,-0.668000,-0.292000,0.484000,-3.420000,15.374000,5.588000,33.61
1848013919,-0.640000,-0.351000,0.432000,-22.733000,13.221000,15.756000,33.57
1848016392,-0.624000,-0.349000,0.453000,-35.969000,13.771000,23.786000,33.61
1848027388,-0.620000,-0.337000,0.491000,-46.397000,13.405000,27.802000,33.57
1848040623,-0.608000,-0.343000,0.519000,-53.389000,10.214000,29.939000,33.61
1848046118,-0.581000,-0.388000,0.503000,-51.084000,10.260000,27.679000,33.47
1848056969,-0.569000,-0.440000,0.496000,-42.122000,10.885000,22.397000,33.52
1848066843,-0.568000,-0.468000,0.479000,-30.794000,9.130000,16.122000,33.57
1848077445,-0.552000,-0.483000,0.490000,-19.573000,7.786000,9.725000,33.52
1848087072,-0.607000,-0.425000,0.484000,-10.107000,5.725000,4.733000,33.57
1848093044,-0.637000,-0.413000,0.479000,-3.420000,3.679000,-0.198000,33.61
1848106224,-0.651000,-0.411000,0.461000,2.382000,4.931000,-3.511000,33.47
1848117220,-0.675000,-0.407000,0.390000,7.084000,4.855000,-4.885000,33.52
1848126532,-0.649000,-0.410000,0.394000,10.809000,5.069000,-4.153000,33.61
1848137140,-0.646000,-0.407000,0.413000,12.672000,3.450000,-3.359000,33.52
1848146735,-0.641000,-0.419000,0.432000,13.069000,2.366000,-2.855000,33.52
1848156458,-0.633000,-0.412000,0.460000,12.611000,2.443000,-2.733000,33.57
1848164437,-0.621000,-0.401000,0.490000,12.046000,2.229000,-3.557000,33.61
1848176517,-0.592000,-0.369000,0.542000,9.756000,1.954000,-3.344000,33.57
1848182886,-0.577000,-0.340000,0.597000,7.099000,1.832000,-3.679000,33.52
1848194556,-0.551000,-0.342000,0.610000,4.687000,2.321000,-5.542000,33.47
1848208412,-0.560000,-0.328000,0.610000,2.275000,3.206000,-7.176000,33.61
1848215953,-0.574000,-0.330000,0.591000,-0.901000,4.519000,-7.649000,33.47
1848228380,-0.590000,-0.327000,0.578000,-4.519000,3.420000,-8.626000,33.61
1848233788,-0.602000,-0.333000,0.582000,-8.107000,2.824000,-8.260000,33.47
1848246379,-0.645000,-0.332000,0.539000,-14.840000,4.443000,-9.740000,33.61
1848257713,-0.685000,-0.371000,0.527000,-17.954000,0.702000,-7.282000,33.57
1848265894,-0.693000,-0.404000,0.532000,-22.962000,0.321000,-5.435000,33.52
1848278477,-0.676000,-0.415000,0.572000,-25.725000,1.740000,-5.328000,33.57
1848287804,-0.701000,-0.446000,0.587000,-28.809000,2.763000,-7.206000,33.52
1848295708,-0.753000,-0.472000,0.577000,-31.145000,-0.076000,-6.214000,33.66
1848302029,-0.790000,-0.488000,0.564000,-29.588000,-1.771000,-2.550000,33.52
1848314661,-0.811000,-0.479000,0.566000,-28.015000,-2.366000,-1.282000,33.57
1848327873,-0.800000,-0.487000,0.604000,-23.695000,-1.053000,-1.313000,33.52
1848335913,-0.783000,-0.504000,0.603000,-17.374000,0.244000,-2.473000,33.57
1848345737,-0.843000,-0.519000,0.593000,-7.191000,5.130000,-1.802000,33.57
1848358265,-0.903000,-0.574000,0.638000,2.397000,6.763000,4.748000,33.52
1848365669,-0.880000,-0.605000,0.620000,14.794000,20.901000,6.366000,33.61
1848376714,-0.914000,-0.523000,0.650000,24.168000,18.137000,10.931000,33.61
1848389820,-0.790000,-0.562000,0.618000,34.962000,33.115000,9.634000,33.57
1848396480,-0.747000,-0.573000,0.477000,49.252000,54.351000,7.237000,33.61
1848405159,-0.893000,-0.528000,0.370000,54.855000,67.893000,13.023000,33.66
1848415026,-0.973000,-0.444000,0.453000,40.870000,51.252000,16.656000,33.52
1848423754,-1.084000,-0.490000,0.382000,9.481000,15.939000,38.687000,33.57
1848658497,-0.941000,-0.573000,0.601000,-2.626000,12.061000,57.954000,33.61
1848675143,-0.709000,-0.603000,0.690000,11.878000,28.183000,54.076000,33.47
1848677492,-0.832000,-0.587000,0.705000,31.374000,40.947000,57.115000,33.61
1848680109,-0.741000,-0.510000,0.590000,35.252000,34.183000,55.176000,33.66
1848686080,-0.764000,-0.460000,0.547000,41.771000,31.664000,57.359000,33.52
1848701148,-0.760000,-0.421000,0.541000,48.275000,31.466000,58.229000,33.57
1848708958,-0.730000,-0.366000,0.521000,50.885000,32.534000,56.763000,33.61
1848714758,-0.751000,-0.343000,0.475000,47.603000,27.786000,58.794000,33.47
1848717036,-0.523000,-0.393000,0.549000,48.595000,33.313000,51.405000,33.61
1848718962,-0.547000,-0.399000,0.601000,56.885000,39.634000,41.710000,33.47
1848723829,-0.562000,-0.365000,0.565000,58.137000,41.206000,37.878000,33.52
1848731607,-0.496000,-0.393000,0.528000,62.534000,46.885000,30.626000,33.52
1848739497,-0.490000,-0.357000,0.430000,69.954000,60.305000,19.924000,33.57
1848746275,-0.634000,-0.260000,0.275000,70.290000,65.481000,15.267000,33.52
1848754612,-0.765000,-0.167000,0.147000,55.725000,57.405000,20.000000,33.66
1848756648,-0.808000,-0.126000,0.129000,31.802000,41.298000,28.244000,33.61
1848758664,-0.781000,-0.142000,0.194000,8.122000,21.130000,37.053000,33.52
1848760756,-0.694000,-0.180000,0.254000,-11.481000,6.626000,42.290000,33.61
1848762464,-0.643000,-0.214000,0.322000,-25.756000,-3.511000,43.069000,33.57
1848792924,-0.600000,-0.225000,0.376000,-34.198000,-10.550000,43.191000,33.61
1848802500,-0.573000,-0.240000,0.423000,-38.031000,-14.519000,42.168000,33.57
1848805243,-0.540000,-0.249000,0.436000,-37.588000,-14.458000,40.656000,33.52
1848810327,-0.541000,-0.248000,0.459000,-34.458000,-12.397000,39.145000,33.57
1848816716,-0.548000,-0.250000,0.473000,-28.687000,-7.634000,37.695000,33.52
1848826190,-0.552000,-0.241000,0.449000,-23.664000,-3.252000,33.786000,33.47
1848833431,-0.588000,-0.237000,0.439000,-18.000000,0.870000,31.221000,33.61
1848835684,-0.601000,-0.225000,0.419000,-13.099000,4.962000,27.313000,33.57
1848841867,-0.648000,-0.218000,0.382000,-8.321000,8.489000,25.099000,33.52
1848847696,-0.614000,-0.146000,0.329000,-6.427000,15.924000,22.595000,33.57
1848854224,-0.688000,-0.143000,0.302000,-7.786000,15.221000,24.534000,33.47
1848862187,-0.726000,-0.176000,0.284000,-8.733000,16.489000,26.443000,33.61
1848869889,-0.740000,-0.151000,0.271000,-11.206000,13.237000,29.023000,33.61
1848872122,-0.746000,-0.162000,0.227000,-16.244000,10.336000,33.634000,33.61
1848874746,-0.745000,-0.150000,0.227000,-24.137000,4.244000,36.305000,33.66
1848876660,-0.751000,-0.158000,0.229000,-32.885000,-1.221000,40.458000,33.52
1848878426,-0.756000,-0.189000,0.227000,-40.748000,-7.817000,44.015000,33.66
1848910747,-0.729000,-0.168000,0.234000,-46.305000,-14.458000,48.611000,33.61
1848920935,-0.673000,-0.171000,0.245000,-50.855000,-18.321000,50.672000,33.57
1848923343,-0.633000,-0.183000,0.256000,-52.733000,-19.282000,49.618000,33.61
1848929040,-0.595000,-0.193000,0.276000,-51.863000,-18.794000,47.511000,33.57
1848932474,-0.577000,-0.191000,0.305000,-49.588000,-18.214000,45.099000,33.71
1848945538,-0.544000,-0.188000,0.330000,-47.374000,-16.702000,41.267000,33.66
1848953340,-0.527000,-0.194000,0.344000,-44.198000,-13.435000,35.267000,33.52
1848955242,-0.506000,-0.198000,0.374000,-38.992000,-9.481000,28.168000,33.57
1848959889,-0.505000,-0.194000,0.380000,-32.626000,-4.687000,21.160000,33.52
1848969174,-0.488000,-0.161000,0.388000,-25.878000,-0.565000,13.038000,33.66
1848978890,-0.488000,-0.133000,0.389000,-20.061000,3.389000,6.229000,33.52
1848991506,-0.484000,-0.101000,0.374000,-15.878000,6.473000,-0.656000,33.61
1848993116,-0.483000,-0.061000,0.363000,-12.611000,9.145000,-6.290000,33.57
1848996514,-0.487000,-0.067000,0.375000,-9.893000,10.015000,-9.359000,33.52
1848998227,-0.469000,-0.059000,0.380000,-7.145000,13.099000,-13.756000,33.47
1848999556,-0.434000,-0.087000,0.404000,-0.336000,15.969000,-16.489000,33.61
1849029986,-0.479000,-0.055000,0.431000,5.053000,24.061000,-25.344000,33.57
1849039108,-0.579000,-0.073000,0.438000,5.344000,20.443000,-24.992000,33.52
1849041013,-0.440000,0.011000,0.515000,11.389000,22.305000,-25.099000,33.57
1849045518,-0.363000,0.133000,0.635000,28.260000,27.267000,-27.786000,33.71
1849049584,-0.156000,0.156000,0.985000,58.504000,37.267000,-69.527000,33.57
1849061174,-0.245000,0.212000,1.206000,92.366000,63.893000,-85.832000,33.52
1849070433,-0.730000,0.340000,1.174000,107.740000,59.740000,-88.672000,33.57
1849072774,-1.233000,0.213000,0.880000,90.870000,41.908000,-48.550000,33.61
1849077732,-1.129000,0.138000,0.660000,69.527000,8.809000,-12.779000,33.66
1849084218,-0.938000,0.069000,0.508000,55.267000,-14.412000,2.748000,33.61
1849090808,-0.885000,0.105000,0.331000,40.763000,-25.023000,12.397000,33.57
1849099479,-0.843000,0.116000,0.277000,24.046000,-35.603000,22.977000,33.52
1849107597,-0.777000,0.134000,0.291000,8.779000,-42.336000,28.107000,33.57
1849110104,-0.753000,0.076000,0.321000,-5.969000,-49.573000,27.481000,33.57
1849112179,-0.692000,0.030000,0.391000,-13.328000,-52.290000,27.359000,33.52
1849113712,-0.663000,-0.002000,0.439000,-13.328000,-54.641000,26.855000,33.57
1849115372,-0.641000,-0.062000,0.456000,-13.145000,-55.466000,28.412000,33.61
1849138592,-0.618000,-0.097000,0.450000,-10.855000,-57.557000,31.893000,33.61
1849154459,-0.528000,-0.114000,0.448000,-6.458000,-56.794000,32.580000,33.52
1849157160,-0.535000,-0.128000,0.437000,-2.977000,-53.313000,33.267000,33.57
1849162994,-0.542000,-0.137000,0.416000,-0.214000,-50.565000,33.740000,33.61
1849169146,-0.558000,-0.142000,0.410000,2.855000,-46.366000,30.656000,33.57
1849179200,-0.601000,-0.149000,0.405000,5.557000,-40.092000,26.092000,33.52
1849186587,-0.658000,-0.166000,0.416000,7.267000,-34.611000,21.863000,33.57
1849197864,-0.685000,-0.181000,0.417000,8.901000,-30.092000,16.458000,33.52
1849206238,-0.737000,-0.222000,0.443000,11.084000,-24.626000,9.603000,33.57
1849218820,-0.766000,-0.253000,0.455000,15.160000,-18.489000,1.786000,33.61
1849241523,-0.779000,-0.280000,0.485000,21.115000,-11.313000,-6.687000,33.47
1849251104,-0.777000,-0.297000,0.506000,30.244000,-2.366000,-15.939000,33.61
1849261528,-0.781000,-0.260000,0.528000,39.511000,5.985000,-24.656000,33.61
1849263502,-0.799000,-0.194000,0.508000,44.580000,11.084000,-29.893000,33.57
1849265594,-0.784000,-0.168000,0.512000,47.695000,15.252000,-32.183000,33.61
1849276778,-0.752000,-0.147000,0.515000,49.863000,19.954000,-33.115000,33.52
1849287887,-0.730000,-0.130000,0.517000,52.855000,24.290000,-32.031000,33.52
1849296972,-0.675000,-0.107000,0.516000,56.534000,29.053000,-29.802000,33.47
1849309365,-0.629000,-0.070000,0.511000,57.023000,32.214000,-25.023000,33.52
1849324481,-0.602000,-0.039000,0.503000,55.176000,36.229000,-22.824000,33.57
1849329248,-0.587000,-0.010000,0.529000,54.947000,39.313000,-19.405000,33.61
1849354973,-0.562000,0.023000,0.541000,52.885000,43.008000,-19.557000,33.47
1849367057,-0.616000,0.033000,0.574000,51.756000,43.603000,-16.427000,33.61
1849371891,-0.612000,0.041000,0.540000,46.763000,41.588000,-17.328000,33.57
1849374259,-0.675000,0.034000,0.547000,42.168000,35.679000,-15.023000,33.61
1849379816,-0.748000,0.043000,0.512000,34.656000,26.229000,-8.305000,33.66
1849387631,-0.758000,0.045000,0.479000,23.023000,14.840000,0.947000,33.52
1849399275,-0.682000,0.031000,0.468000,14.962000,4.901000,7.374000,33.57
1849405027,-0.618000,0.013000,0.430000,9.374000,0.809000,6.015000,33.71
1849417000,-0.647000,0.017000,0.411000,5.710000,1.298000,2.550000,33.57
1849425973,-0.634000,-0.002000,0.415000,3.237000,-0.595000,0.931000,33.61
1849437618,-0.606000,-0.020000,0.445000,4.473000,0.153000,-3.603000,33.52
1849441565,-0.605000,-0.014000,0.457000,4.412000,0.519000,-7.786000,33.57
1849471410,-0.630000,-0.024000,0.448000,2.458000,-0.443000,-10.931000,33.52
1849481958,-0.620000,-0.038000,0.462000,3.069000,-0.504000,-15.954000,33.57
1849484398,-0.647000,-0.010000,0.464000,1.573000,-0.137000,-20.198000,33.61
1849488548,-0.672000,-0.012000,0.444000,0.183000,-0.015000,-24.641000,33.57
1849495856,-0.695000,0.010000,0.450000,-4.687000,-2.336000,-26.366000,33.61
1849506665,-0.696000,-0.001000,0.459000,-8.244000,-4.214000,-26.504000,33.47
1849517063,-0.717000,0.003000,0.474000,-10.855000,-5.817000,-28.244000,33.52
1849526164,-0.747000,0.006000,0.493000,-11.954000,-5.221000,-28.702000,33.57
1849538389,-0.738000,0.012000,0.526000,-10.992000,-4.870000,-26.901000,33.52
1849546934,-0.826000,0.069000,0.511000,-13.908000,-6.031000,-25.573000,33.47
1849573264,-0.844000,0.071000,0.537000,-19.008000,-10.351000,-18.366000,33.52
1849589217,-0.816000,0.059000,0.519000,-22.611000,-12.947000,-13.405000,33.57
1849591545,-0.773000,0.013000,0.533000,-21.115000,-14.061000,-7.542000,33.52
1849597004,-0.631000,0.005000,0.545000,-11.863000,-7.695000,-9.008000,33.57
1849603831,-0.794000,0.051000,0.491000,-11.969000,-4.611000,-8.992000,33.52
1849615090,-0.812000,0.039000,0.500000,-13.603000,-5.664000,-2.580000,33.57
1849624220,-0.786000,0.022000,0.504000,-13.099000,-6.092000,1.176000,33.52
1849626362,-0.768000,0.031000,0.480000,-14.290000,-5.527000,3.847000,33.47
1849637565,-0.750000,0.031000,0.461000,-17.069000,-6.290000,6.992000,33.52
1849646744,-0.711000,0.004000,0.464000,-18.244000,-5.863000,7.237000,33.57
1849656476,-0.734000,-0.000000,0.447000,-19.924000,-6.061000,8.595000,33.71
1849680501,-0.729000,-0.003000,0.441000,-22.687000,-6.824000,11.802000,33.61
1849698285,-0.692000,-0.021000,0.447000,-24.565000,-6.595000,12.855000,33.57
1849703341,-0.685000,-0.009000,0.428000,-26.702000,-7.634000,13.634000,33.61
1849706419,-0.689000,-0.025000,0.438000,-30.412000,-9.389000,14.962000,33.57
1849712300,-0.695000,-0.035000,0.431000,-34.015000,-10.504000,16.122000,33.52
1849723672,-0.700000,-0.046000,0.436000,-37.084000,-11.191000,15.542000,33.47
1849733905,-0.707000,-0.050000,0.436000,-40.931000,-14.092000,18.748000,33.61
1849736197,-0.685000,-0.067000,0.459000,-43.878000,-15.802000,20.443000,33.52
1849746667,-0.675000,-0.087000,0.463000,-44.885000,-16.107000,20.611000,33.52
1849756094,-0.681000,-0.097000,0.479000,-45.435000,-16.229000,20.977000,33.57
1849768059,-0.675000,-0.106000,0.503000,-45.099000,-15.817000,21.405000,33.52
1849772335,-0.661000,-0.110000,0.515000,-43.435000,-14.702000,20.611000,33.47
1849808254,-0.656000,-0.122000,0.527000,-40.916000,-12.489000,19.313000,33.52
1849813430,-0.659000,-0.125000,0.543000,-37.802000,-9.863000,17.863000,33.57
1849815475,-0.650000,-0.130000,0.551000,-33.786000,-7.145000,16.061000,33.61
1849821433,-0.649000,-0.131000,0.552000,-29.664000,-4.321000,13.664000,33.66
1849826711,-0.650000,-0.126000,0.551000,-25.588000,-1.374000,11.344000,33.61
1849839703,-0.646000,-0.125000,0.560000,-21.679000,0.443000,8.840000,33.66
1849846519,-0.648000,-0.119000,0.546000,-18.473000,1.969000,6.687000,33.61
1849856215,-0.645000,-0.109000,0.542000,-15.924000,2.550000,4.962000,33.57
1849868490,-0.647000,-0.099000,0.546000,-13.786000,2.489000,3.832000,33.52
1849875834,-0.641000,-0.101000,0.539000,-12.092000,2.870000,2.305000,33.66
1849902812,-0.638000,-0.099000,0.535000,-9.863000,3.359000,0.611000,33.52
1849916061,-0.644000,-0.092000,0.538000,-8.305000,3.664000,-0.641000,33.57
1849921601,-0.640000,-0.091000,0.528000,-6.901000,3.786000,-1.344000,33.57
1849926958,-0.640000,-0.086000,0.507000,-6.611000,3.802000,-1.924000,33.61
1849932776,-0.639000,-0.077000,0.503000,-7.481000,3.160000,-2.015000,33.57
1849941299,-0.637000,-0.080000,0.495000,-8.427000,2.702000,-2.687000,33.52
1849950509,-0.649000,-0.073000,0.479000,-9.847000,1.817000,-1.878000,33.47
1849955419,-0.646000,-0.082000,0.471000,-12.122000,0.580000,-0.779000,33.61
1849968573,-0.637000,-0.085000,0.458000,-14.382000,-0.260000,-0.275000,33.52
1849976623,-0.654000,-0.086000,0.454000,-16.458000,-1.740000,0.763000,33.61
1849985596,-0.645000,-0.101000,0.450000,-18.779000,-2.641000,1.466000,33.57
1850012847,-0.659000,-0.110000,0.451000,-20.702000,-3.969000,1.954000,33.52
1850028125,-0.661000,-0.123000,0.465000,-22.687000,-5.115000,2.214000,33.57
1850030530,-0.668000,-0.136000,0.472000,-24.015000,-5.634000,1.832000,33.52
1850036016,-0.683000,-0.147000,0.477000,-25.313000,-6.290000,1.053000,33.47
1850038825,-0.629000,-0.090000,0.492000,-28.702000,-7.786000,-2.901000,33.42
1850054723,-0.734000,-0.177000,0.500000,-27.954000,-8.183000,0.794000,33.57
1850060195,-0.723000,-0.186000,0.498000,-28.305000,-10.229000,2.519000,33.61
1850066673,-0.708000,-0.189000,0.531000,-28.336000,-10.000000,1.664000,33.66
1850078972,-0.710000,-0.198000,0.536000,-26.718000,-8.427000,1.405000,33.61
1850085629,-0.693000,-0.199000,0.559000,-23.176000,-6.214000,0.718000,33.57
1850094295,-0.668000,-0.208000,0.580000,-17.664000,-1.542000,-1.893000,33.61
1850139580,-0.654000,-0.201000,0.587000,-10.260000,4.137000,-5.435000,33.61
1850150060,-0.663000,-0.196000,0.608000,-3.023000,9.725000,-8.687000,33.52
1850152481,-0.659000,-0.184000,0.618000,4.733000,14.031000,-12.122000,33.52
1850157696,-0.671000,-0.176000,0.617000,11.313000,16.122000,-14.565000,33.57
1850165629,-0.685000,-0.159000,0.621000,18.336000,17.786000,-15.817000,33.52
1850177657,-0.673000,-0.142000,0.617000,23.878000,18.824000,-17.756000,33.57
1850182399,-0.690000,-0.129000,0.623000,27.985000,19.664000,-19.634000,33.52
1850184545,-0.697000,-0.121000,0.613000,31.863000,19.267000,-20.382000,33.66
1850188248,-0.681000,-0.119000,0.602000,35.679000,19.771000,-21.603000,33.61
1850196055,-0.676000,-0.102000,0.586000,38.931000,20.565000,-22.748000,33.66
1850206717,-0.698000,-0.095000,0.553000,40.870000,20.748000,-23.603000,33.52
1850217119,-0.687000,-0.095000,0.533000,41.496000,20.321000,-23.634000,33.66
1850534814,-0.683000,-0.089000,0.510000,41.786000,19.618000,-24.183000,33.52
1850552616,-0.691000,-0.083000,0.492000,39.740000,18.321000,-23.710000,33.57
1850554332,-0.693000,-0.079000,0.466000,36.641000,15.954000,-22.733000,33.52
1850557121,-0.695000,-0.072000,0.454000,32.748000,13.618000,-21.863000,33.57
1850566512,-0.697000,-0.067000,0.453000,28.031000,11.130000,-20.290000,33.61
1850574531,-0.691000,-0.067000,0.441000,23.252000,8.626000,-18.489000,33.57
1850581132,-0.698000,-0.055000,0.430000,17.863000,5.511000,-16.855000,33.57
1850586858,-0.704000,-0.063000,0.428000,12.672000,2.565000,-14.366000,33.61
1850588775,-0.700000,-0.065000,0.430000,6.809000,-0.305000,-12.397000,33.57
1850598381,-0.697000,-0.064000,0.440000,2.031000,-2.397000,-10.718000,33.52
1850608169,-0.693000,-0.079000,0.432000,-1.695000,-3.511000,-9.420000,33.47
1850619983,-0.696000,-0.089000,0.454000,-3.985000,-3.878000,-8.366000,33.61
1850623277,-0.696000,-0.084000,0.469000,-5.221000,-3.649000,-7.435000,33.57
1850625102,-0.700000,-0.094000,0.482000,-5.115000,-3.649000,-6.809000,33.61
1850627662,-0.702000,-0.094000,0.488000,-5.344000,-2.107000,-6.611000,33.57
1850629428,-0.701000,-0.107000,0.495000,-3.237000,-1.344000,-6.382000,33.61
1850650092,-0.706000,-0.104000,0.494000,-1.527000,0.885000,-6.672000,33.57
1850668446,-0.707000,-0.105000,0.492000,0.641000,2.366000,-6.794000,33.61
1850670592,-0.711000,-0.105000,0.479000,2.198000,3.664000,-6.489000,33.57
1850674338,-0.714000,-0.097000,0.477000,2.992000,4.534000,-6.046000,33.52
1850682283,-0.706000,-0.103000,0.479000,3.939000,6.107000,-5.893000,33.66
1850692763,-0.695000,-0.090000,0.469000,4.855000,7.435000,-5.863000,33.57
1850701107,-0.701000,-0.087000,0.467000,4.916000,7.939000,-5.664000,33.61
1850703311,-0.706000,-0.079000,0.467000,4.382000,7.817000,-5.008000,33.57
1850709167,-0.695000,-0.076000,0.466000,3.359000,8.214000,-4.656000,33.61
1850716221,-0.704000,-0.079000,0.471000,2.519000,7.511000,-4.229000,33.57
1850723960,-0.698000,-0.068000,0.478000,1.847000,7.115000,-3.847000,33.52
1850727134,-0.697000,-0.064000,0.475000,1.511000,6.855000,-3.832000,33.52
1850735815,-0.698000,-0.066000,0.477000,1.420000,7.160000,-4.153000,33.61
1850739773,-0.700000,-0.060000,0.476000,1.115000,6.809000,-4.000000,33.57
1850742228,-0.700000,-0.059000,0.481000,0.061000,6.214000,-3.954000,33.52
1850743551,-0.717000,-0.052000,0.483000,-1.634000,4.977000,-3.435000,33.57
1850745291,-0.729000,-0.053000,0.475000,-4.031000,3.603000,-2.702000,33.52
1850773122,-0.719000,-0.056000,0.468000,-7.374000,1.328000,-1.771000,33.57
1850786561,-0.736000,-0.060000,0.463000,-10.718000,-1.664000,-0.076000,33.52
1850792266,-0.729000,-0.068000,0.454000,-14.305000,-4.336000,2.198000,33.57
1850794265,-0.715000,-0.076000,0.471000,-17.038000,-5.924000,3.985000,33.61
1850797703,-0.708000,-0.094000,0.470000,-19.176000,-6.916000,4.916000,33.57
1850802628,-0.696000,-0.094000,0.475000,-20.366000,-7.863000,6.244000,33.57
1850813854,-0.690000,-0.097000,0.475000,-21.603000,-8.427000,7.206000,33.52
1850824252,-0.687000,-0.106000,0.477000,-22.321000,-8.702000,7.466000,33.66
1850826917,-0.680000,-0.123000,0.482000,-22.611000,-8.626000,7.466000,33.61
1850834575,-0.688000,-0.139000,0.491000,-22.733000,-8.244000,7.511000,33.61
1850843364,-0.684000,-0.142000,0.482000,-22.412000,-8.031000,7.145000,33.61
1850849128,-0.684000,-0.142000,0.485000,-22.305000,-7.679000,6.748000,33.57
1850860293,-0.681000,-0.145000,0.493000,-22.107000,-7.908000,6.534000,33.61
1850862618,-0.680000,-0.144000,0.507000,-21.695000,-7.237000,5.771000,33.57
1850865047,-0.679000,-0.147000,0.500000,-21.237000,-7.053000,5.435000,33.61
1850866676,-0.677000,-0.153000,0.504000,-20.656000,-6.626000,5.023000,33.57
1850868483,-0.670000,-0.150000,0.502000,-19.847000,-5.405000,4.366000,33.52
1850893362,-0.659000,-0.154000,0.506000,-19.008000,-4.733000,4.000000,33.57
1850905739,-0.663000,-0.153000,0.510000,-18.214000,-3.618000,3.649000,33.52
1850910929,-0.657000,-0.152000,0.505000,-17.160000,-2.947000,3.710000,33.57
1850916283,-0.650000,-0.155000,0.505000,-16.305000,-1.863000,3.649000,33.52
1850922555,-0.659000,-0.153000,0.506000,-15.053000,-1.053000,3.221000,33.61
1850932883,-0.652000,-0.148000,0.523000,-13.924000,-0.397000,2.824000,33.57
1850940870,-0.656000,-0.150000,0.526000,-12.885000,0.107000,2.168000,33.61
1850942804,-0.659000,-0.143000,0.517000,-11.786000,0.504000,1.649000,33.52
1850950028,-0.665000,-0.144000,0.520000,-10.275000,1.282000,1.206000,33.71
1850956762,-0.676000,-0.148000,0.510000,-8.870000,1.756000,0.550000,33.66
1850972989,-0.670000,-0.134000,0.510000,-7.450000,2.015000,0.473000,33.52
1850977383,-0.675000,-0.136000,0.509000,-6.336000,2.992000,0.107000,33.66
1850978915,-0.675000,-0.135000,0.494000,-5.527000,2.962000,-0.183000,33.61
1850981292,-0.678000,-0.137000,0.498000,-5.160000,3.542000,0.122000,33.47
1850982703,-0.684000,-0.133000,0.498000,-4.901000,3.313000,0.321000,33.61
1850984144,-0.677000,-0.135000,0.497000,-4.992000,3.634000,0.443000,33.57
1850985483,-0.684000,-0.134000,0.504000,-5.634000,3.313000,0.565000,33.61
1851007707,-0.684000,-0.124000,0.504000,-6.031000,3.206000,0.962000,33.57
1851018035,-0.684000,-0.127000,0.510000,-6.305000,2.962000,1.298000,33.52
1851026994,-0.684000,-0.135000,0.510000,-6.901000,2.763000,1.481000,33.57
1851029192,-0.684000,-0.134000,0.508000,-6.916000,2.412000,1.908000,33.61
1851035063,-0.682000,-0.132000,0.522000,-6.718000,2.031000,2.046000,33.47
1851041257,-0.672000,-0.134000,0.526000,-6.458000,1.802000,1.954000,33.61
1851051204,-0.686000,-0.130000,0.522000,-6.244000,1.710000,1.786000,33.52
1851058726,-0.679000,-0.140000,0.520000,-5.695000,1.557000,1.695000,33.57
1851061233,-0.677000,-0.140000,0.513000,-5.725000,1.527000,1.679000,33.61
1851066465,-0.681000,-0.137000,0.502000,-5.908000,1.405000,1.389000,33.47
1851074954,-0.687000,-0.128000,0.510000,-6.366000,0.885000,1.328000,33.52
1851083775,-0.686000,-0.142000,0.510000,-6.626000,0.733000,1.176000,33.57
1851094206,-0.682000,-0.143000,0.505000,-6.794000,1.053000,1.542000,33.52
1851096497,-0.686000,-0.142000,0.501000,-6.168000,2.214000,-0.061000,33.57
1851098831,-0.691000,-0.131000,0.500000,-6.534000,0.901000,1.237000,33.42
1851100559,-0.681000,-0.133000,0.511000,-7.038000,0.382000,2.229000,33.57
1851122100,-0.669000,-0.141000,0.509000,-6.473000,0.687000,1.878000,33.61
1851135018,-0.672000,-0.144000,0.506000,-5.557000,1.145000,1.405000,33.47
1851142559,-0.667000,-0.140000,0.511000,-5.252000,1.221000,1.420000,33.42
1851145175,-0.662000,-0.132000,0.516000,-4.565000,1.511000,1.176000,33.57
1851151522,-0.659000,-0.141000,0.514000,-4.076000,1.252000,0.611000,33.52
1851163276,-0.674000,-0.151000,0.512000,-3.695000,1.237000,0.336000,33.47
1851173890,-0.680000,-0.163000,0.502000,-3.252000,1.389000,0.305000,33.61
1851176256,-0.675000,-0.165000,0.500000,-3.069000,1.496000,-0.321000,33.57
1851181554,-0.670000,-0.156000,0.510000,-2.733000,1.679000,-1.618000,33.66
1851188068,-0.650000,-0.147000,0.516000,-2.504000,2.687000,-2.626000,33.52
1851198355,-0.696000,-0.155000,0.482000,-2.824000,2.412000,-3.145000,33.57
1851209818,-0.684000,-0.156000,0.471000,-4.977000,0.641000,-1.282000,33.42
1851211835,-0.664000,-0.155000,0.477000,-6.183000,0.397000,-1.160000,33.52
1851213657,-0.664000,-0.151000,0.499000,-6.183000,1.405000,-1.893000,33.52
1851216326,-0.662000,-0.151000,0.510000,-5.084000,2.885000,-1.389000,33.57
1851217971,-0.672000,-0.139000,0.518000,-3.176000,4.656000,-1.511000,33.52
1851241183,-0.678000,-0.132000,0.496000,-2.015000,4.489000,-1.618000,33.57
1851255133,-0.665000,-0.132000,0.470000,-4.947000,2.672000,-1.389000,33.52
1851260686,-0.639000,-0.148000,0.464000,-9.099000,0.885000,-1.191000,33.57
1851265662,-0.640000,-0.172000,0.500000,-9.313000,-2.412000,-0.565000,33.52
1851269803,-0.668000,-0.143000,0.468000,-9.863000,-1.802000,-1.267000,33.57
1851281089,-0.698000,-0.148000,0.471000,-11.084000,-3.069000,0.244000,33.61
1851287066,-0.684000,-0.145000,0.494000,-12.076000,-2.794000,0.397000,33.57
1851292252,-0.648000,-0.157000,0.491000,-12.473000,-3.069000,-0.550000,33.61
1851294356,-0.612000,-0.176000,0.449000,-14.626000,-2.214000,-1.649000,33.57
1851308036,-0.634000,-0.173000,0.452000,-16.076000,-5.573000,-0.702000,33.61
1851316813,-0.661000,-0.162000,0.438000,-21.588000,-7.359000,-1.206000,33.57
1851325602,-0.713000,-0.154000,0.480000,-20.870000,-9.527000,1.771000,33.61
1851355981,-0.709000,-0.149000,0.520000,-17.924000,-5.802000,2.092000,33.47
1851366139,-0.694000,-0.159000,0.572000,-11.466000,1.649000,-0.443000,33.61
1851371396,-0.686000,-0.163000,0.559000,-4.489000,7.603000,-3.252000,33.57
1851375047,-0.718000,-0.155000,0.529000,-0.656000,10.824000,-4.718000,33.61
1851384168,-0.731000,-0.139000,0.526000,-1.771000,9.344000,-3.130000,33.57
1851393698,-0.716000,-0.136000,0.499000,-3.786000,8.244000,-1.298000,33.57
1851402259,-0.718000,-0.133000,0.472000,-6.168000,6.702000,0.504000,33.52
1851406202,-0.695000,-0.131000,0.488000,-9.756000,5.313000,2.702000,33.61
1851415973,-0.698000,-0.152000,0.502000,-11.282000,3.664000,3.405000,33.61
1851428105,-0.691000,-0.159000,0.498000,-12.901000,3.389000,4.137000,33.57
1851437549,-0.692000,-0.142000,0.503000,-12.275000,3.924000,5.237000,33.52
1851466705,-0.712000,-0.102000,0.509000,-12.855000,3.405000,6.779000,33.57
1851480260,-0.676000,-0.124000,0.548000,-15.145000,1.634000,6.656000,33.61
1851485193,-0.657000,-0.140000,0.588000,-14.687000,1.710000,4.260000,33.47
1851487455,-0.728000,-0.127000,0.510000,-15.145000,-0.183000,6.534000,33.61
1851491353,-0.727000,-0.117000,0.484000,-18.214000,-7.313000,10.443000,33.57
1851495392,-0.678000,-0.110000,0.475000,-22.702000,-13.740000,14.061000,33.52
1851507287,-0.652000,-0.118000,0.503000,-26.321000,-16.305000,14.992000,33.57
1851516587,-0.662000,-0.143000,0.520000,-27.237000,-16.534000,13.985000,33.61
1851529020,-0.666000,-0.144000,0.533000,-25.573000,-16.687000,12.916000,33.57
1851537908,-0.641000,-0.141000,0.527000,-24.733000,-14.992000,11.466000,33.52
1851549061,-0.641000,-0.140000,0.528000,-23.191000,-12.916000,9.542000,33.57
1851575636,-0.640000,-0.154000,0.528000,-22.122000,-11.649000,8.412000,33.52
1851590162,-0.644000,-0.160000,0.527000,-20.076000,-9.710000,7.374000,33.57
1851595706,-0.665000,-0.162000,0.529000,-18.229000,-8.565000,6.733000,33.61
1851597985,-0.666000,-0.160000,0.515000,-17.649000,-7.557000,6.290000,33.66
1851603634,-0.668000,-0.160000,0.519000,-17.450000,-6.427000,6.092000,33.61
1851609519,-0.675000,-0.163000,0.515000,-17.328000,-5.527000,5.435000,33.57
1851621927,-0.690000,-0.164000,0.502000,-17.130000,-5.008000,5.267000,33.52
1851627343,-0.699000,-0.158000,0.496000,-17.847000,-6.153000,6.046000,33.61
1851637568,-0.689000,-0.155000,0.504000,-18.855000,-7.603000,7.206000,33.61
1851647639,-0.671000,-0.153000,0.502000,-19.786000,-8.229000,7.740000,33.52
1851658607,-0.681000,-0.154000,0.506000,-20.107000,-9.695000,8.443000,33.57
1851663934,-0.685000,-0.151000,0.498000,-20.595000,-10.305000,8.962000,33.61
1851699517,-0.670000,-0.148000,0.497000,-20.580000,-11.145000,9.908000,33.57
1851705122,-0.635000,-0.167000,0.513000,-20.244000,-10.031000,9.618000,33.61
1851708627,-0.603000,-0.180000,0.536000,-17.420000,-6.275000,7.099000,33.57
1851713258,-0.622000,-0.191000,0.543000,-13.542000,-2.901000,4.595000,33.61
1851724458,-0.633000,-0.191000,0.544000,-10.092000,-0.290000,2.718000,33.57
1851730652,-0.639000,-0.184000,0.524000,-7.924000,1.802000,1.679000,33.61
1851736028,-0.642000,-0.186000,0.526000,-6.519000,2.931000,0.473000,33.57
1851746727,-0.648000,-0.191000,0.499000,-6.092000,4.473000,-0.534000,33.61
1851756784,-0.649000,-0.184000,0.507000,-5.145000,5.481000,-1.542000,33.57
1851764811,-0.642000,-0.182000,0.501000,-3.359000,7.053000,-2.137000,33.42
1851794228,-0.646000,-0.175000,0.515000,-2.260000,8.412000,-3.359000,33.47
1851811519,-0.648000,-0.174000,0.520000,-0.183000,9.664000,-3.878000,33.52
1851813865,-0.645000,-0.176000,0.534000,1.603000,10.137000,-4.519000,33.52
1851817971,-0.660000,-0.165000,0.547000,3.023000,10.336000,-4.885000,33.47
1851823885,-0.656000,-0.162000,0.535000,3.634000,9.985000,-5.588000,33.61
1851835594,-0.662000,-0.164000,0.534000,3.313000,9.328000,-5.908000,33.57
1851845352,-0.662000,-0.164000,0.527000,3.267000,8.702000,-6.107000,33.52
1851847094,-0.667000,-0.153000,0.521000,2.382000,8.000000,-6.229000,33.57
1851856378,-0.666000,-0.155000,0.526000,1.344000,6.687000,-5.908000,33.61
1851867063,-0.672000,-0.153000,0.514000,-0.122000,6.122000,-5.664000,33.66
1851877429,-0.674000,-0.146000,0.516000,-1.252000,4.519000,-4.214000,33.52
1852200168,-0.686000,-0.144000,0.510000,-2.840000,3.603000,-3.267000,33.57
1852210613,-0.680000,-0.155000,0.529000,-4.244000,2.061000,-1.863000,33.52
1852220360,-0.680000,-0.146000,0.519000,-4.580000,2.260000,-1.176000,33.47
1852225143,-0.676000,-0.149000,0.519000,-4.947000,1.374000,-0.550000,33.61
1852227680,-0.667000,-0.157000,0.522000,-5.511000,1.298000,-0.336000,33.57
1852231076,-0.666000,-0.158000,0.525000,-5.252000,1.664000,-0.855000,33.61
1852237444,-0.677000,-0.146000,0.514000,-5.206000,0.870000,0.198000,33.52
1852248782,-0.672000,-0.162000,0.526000,-5.038000,0.580000,0.809000,33.57
1852257872,-0.666000,-0.157000,0.525000,-4.504000,0.901000,0.626000,33.52
1852262931,-0.650000,-0.157000,0.519000,-3.924000,1.618000,0.092000,33.57
1852265812,-0.679000,-0.165000,0.511000,-3.252000,1.573000,0.183000,33.61
1852269156,-0.672000,-0.158000,0.514000,-3.542000,1.160000,1.099000,33.57
1852274797,-0.670000,-0.165000,0.504000,-3.282000,1.328000,0.763000,33.61
1852282651,-0.656000,-0.172000,0.492000,-3.069000,1.954000,0.519000,33.66
1852289218,-0.660000,-0.160000,0.508000,-3.206000,1.527000,0.748000,33.61
1852295469,-0.647000,-0.163000,0.508000,-3.466000,1.740000,0.244000,33.66
1852301707,-0.660000,-0.167000,0.503000,-3.985000,1.359000,0.321000,33.61
1852306472,-0.665000,-0.173000,0.504000,-3.847000,1.344000,0.550000,33.66
1852308781,-0.663000,-0.185000,0.509000,-3.511000,1.649000,0.107000,33.52
1852313296,-0.672000,-0.178000,0.508000,-3.664000,2.015000,-0.489000,33.57
1852315282,-0.676000,-0.173000,0.511000,-3.817000,1.969000,-0.931000,33.52
1852317329,-0.668000,-0.177000,0.514000,-3.466000,1.939000,-1.084000,33.47
1852320205,-0.673000,-0.168000,0.518000,-3.359000,2.504000,-1.695000,33.57
1852322799,-0.673000,-0.161000,0.524000,-2.840000,3.328000,-1.634000,33.61
1852325001,-0.668000,-0.162000,0.519000,-2.550000,2.855000,-1.435000,33.57
1852327379,-0.671000,-0.160000,0.517000,-2.382000,2.977000,-1.389000,33.61
1852330242,-0.659000,-0.157000,0.518000,-2.626000,2.794000,-0.702000,33.57
1852332367,-0.665000,-0.161000,0.513000,-2.840000,2.718000,-0.489000,33.61
1852334678,-0.660000,-0.155000,0.510000,-2.962000,2.382000,-0.366000,33.57
1852336963,-0.658000,-0.156000,0.508000,-2.901000,2.305000,-0.229000,33.61
1852337700,-0.661000,-0.164000,0.512000,-3.237000,2.107000,-0.305000,33.57
1852338246,-0.659000,-0.157000,0.505000,-3.038000,2.443000,-0.702000,33.52
1852338788,-0.666000,-0.150000,0.511000,-3.023000,2.366000,-0.824000,33.57
1852339324,-0.673000,-0.153000,0.506000,-3.237000,2.275000,-0.824000,33.52
1852339859,-0.668000,-0.155000,0.509000,-3.160000,2.092000,-0.550000,33.66
1852340394,-0.669000,-0.151000,0.500000,-3.374000,1.908000,-0.290000,33.61
1852340932,-0.666000,-0.156000,0.504000,-4.046000,1.557000,-0.153000,33.57
1852341455,-0.672000,-0.153000,0.503000,-4.718000,0.947000,0.412000,33.52
1852341978,-0.665000,-0.155000,0.498000,-4.718000,0.855000,0.443000,33.57
1852342521,-0.669000,-0.158000,0.503000,-5.008000,0.656000,0.534000,33.57
1852343046,-0.667000,-0.160000,0.512000,-5.664000,0.595000,0.550000,33.61
1852343581,-0.669000,-0.159000,0.514000,-5.344000,0.275000,0.382000,33.57
1852344103,-0.667000,-0.166000,0.518000,-5.053000,0.580000,0.214000,33.52
1852344632,-0.669000,-0.166000,0.511000,-4.366000,0.901000,-0.015000,33.71
1852345159,-0.663000,-0.164000,0.524000,-4.122000,0.901000,-0.183000,33.61
1852345683,-0.665000,-0.168000,0.512000,-3.282000,0.947000,-0.336000,33.57
1852346209,-0.663000,-0.172000,0.512000,-2.733000,1.450000,-0.427000,33.61
1852354835,-0.669000,-0.170000,0.515000,-2.198000,1.679000,-0.611000,33.47
1852361956,-0.668000,-0.168000,0.516000,-1.740000,1.725000,-0.855000,33.52
1852374149,-0.664000,-0.174000,0.515000,-0.916000,1.893000,-1.221000,33.57
1852386287,-0.661000,-0.171000,0.511000,-0.580000,2.351000,-1.496000,33.52
