t_us,ax_g,ay_g,az_g,gx_dps,gy_dps,gz_dps,temp_c
1969200761,-0.710000,-0.455000,0.115000,-43.221000,-17.847000,-7.603000,34.13
1969208989,-0.761000,-0.450000,0.114000,-42.748000,-19.435000,-8.611000,34.08
1969214915,-0.782000,-0.439000,0.072000,-45.160000,-26.275000,-6.397000,34.18
1969226848,-0.780000,-0.425000,0.085000,-48.153000,-33.084000,-3.695000,34.08
1969240932,-0.766000,-0.417000,0.116000,-50.687000,-37.481000,-1.115000,34.08
1969246404,-0.739000,-0.412000,0.119000,-51.389000,-38.351000,-0.412000,34.13
1969258224,-0.717000,-0.426000,0.112000,-51.115000,-39.924000,2.336000,34.08
1969267768,-0.739000,-0.431000,0.157000,-46.962000,-33.420000,-0.565000,34.13
1969277621,-0.756000,-0.505000,0.151000,-41.038000,-28.992000,1.634000,34.08
1969286432,-0.776000,-0.491000,0.100000,-35.069000,-21.481000,4.626000,34.04
1969293369,-0.739000,-0.459000,0.098000,-26.718000,-16.870000,-1.557000,34.08
1969307157,-0.888000,-0.398000,0.076000,-25.023000,-22.687000,3.588000,34.04
1969317470,-0.799000,-0.423000,0.129000,-25.008000,-25.450000,8.412000,34.08
1969325997,-0.760000,-0.420000,0.163000,-21.802000,-21.817000,10.336000,34.13
1969337187,-0.756000,-0.428000,0.182000,-18.626000,-16.794000,12.855000,34.08
1969348103,-0.714000,-0.439000,0.178000,-14.626000,-12.580000,12.290000,34.08
1969356293,-0.740000,-0.432000,0.181000,-12.901000,-8.794000,13.832000,34.13
1969367557,-0.742000,-0.451000,0.150000,-11.649000,-8.489000,13.924000,33.99
1969376297,-0.760000,-0.449000,0.148000,-12.336000,-9.023000,15.588000,34.18
1969386515,-0.760000,-0.468000,0.124000,-11.939000,-10.885000,16.977000,34.08
1969393125,-0.738000,-0.468000,0.148000,-11.176000,-10.672000,16.458000,34.13
1969404312,-0.723000,-0.473000,0.173000,-10.779000,-10.046000,15.435000,34.08
1969417240,-0.720000,-0.475000,0.174000,-9.863000,-9.740000,15.527000,34.04
1969427051,-0.710000,-0.488000,0.174000,-8.031000,-7.435000,13.893000,34.08
1969437745,-0.685000,-0.500000,0.160000,-5.969000,-4.962000,12.366000,34.13
1969445524,-0.700000,-0.490000,0.142000,-5.008000,-3.649000,11.817000,34.18
1969459368,-0.709000,-0.455000,0.155000,-6.611000,-5.099000,11.740000,34.04
1969468398,-0.674000,-0.465000,0.152000,-6.916000,-5.084000,9.481000,34.04
1969476177,-0.684000,-0.453000,0.149000,-7.038000,-3.527000,8.290000,34.08
1969487505,-0.704000,-0.456000,0.150000,-8.031000,-4.305000,6.260000,34.13
1969496202,-0.696000,-0.455000,0.145000,-8.595000,-4.794000,4.275000,34.18
1969505755,-0.695000,-0.461000,0.148000,-8.809000,-6.656000,3.557000,34.04
1969511960,-0.706000,-0.438000,0.139000,-9.695000,-6.641000,2.168000,34.08
1969524120,-0.688000,-0.466000,0.139000,-9.282000,-8.137000,1.450000,34.13
1969537020,-0.690000,-0.461000,0.141000,-9.847000,-8.031000,0.015000,34.08
1969545178,-0.718000,-0.462000,0.160000,-10.031000,-9.649000,-0.916000,34.22
1969555536,-0.740000,-0.421000,0.128000,-12.336000,-10.550000,-1.756000,34.08
1969563952,-0.763000,-0.448000,0.146000,-11.618000,-14.687000,-0.779000,34.22
1969574422,-0.728000,-0.438000,0.139000,-14.748000,-16.427000,-2.000000,34.18
1969587175,-0.697000,-0.477000,0.201000,-14.015000,-15.359000,-2.916000,34.08
1969597690,-0.644000,-0.468000,0.131000,-12.412000,-1.008000,1.084000,34.08
1969608312,-0.615000,-0.507000,0.197000,-4.565000,-5.634000,-7.145000,34.08
1969616914,-0.665000,-0.461000,0.170000,-1.450000,-3.618000,-8.427000,34.13
1969623705,-0.714000,-0.447000,0.156000,-0.992000,-4.260000,-8.885000,34.18
1969636457,-0.723000,-0.429000,0.155000,-0.962000,-4.962000,-9.084000,34.22
1969646717,-0.717000,-0.438000,0.165000,-1.313000,-5.527000,-9.176000,34.08
1969657587,-0.708000,-0.444000,0.175000,-0.565000,-5.939000,-8.779000,34.13
1969664665,-0.718000,-0.452000,0.172000,1.649000,-4.687000,-8.916000,34.18
1969677861,-0.704000,-0.458000,0.187000,2.427000,-3.847000,-9.664000,34.13
1969686503,-0.721000,-0.464000,0.173000,3.771000,-2.733000,-9.649000,34.18
1969696201,-0.717000,-0.457000,0.151000,5.634000,-2.550000,-10.656000,34.13
1969706800,-0.734000,-0.454000,0.146000,5.298000,-2.870000,-10.534000,34.22
1969715861,-0.727000,-0.464000,0.156000,5.252000,-3.069000,-11.053000,34.08
1969724464,-0.726000,-0.462000,0.167000,4.595000,-3.069000,-9.832000,34.13
1969736752,-0.702000,-0.460000,0.178000,6.031000,-0.763000,-10.122000,34.08
1969748952,-0.698000,-0.463000,0.189000,6.580000,1.557000,-10.473000,34.13
1969756585,-0.698000,-0.468000,0.190000,8.229000,4.931000,-10.962000,34.08
1969765618,-0.697000,-0.486000,0.199000,8.473000,6.244000,-11.481000,34.22
1969778969,-0.695000,-0.485000,0.176000,8.260000,5.847000,-11.588000,34.18
1969787106,-0.740000,-0.473000,0.153000,7.588000,4.779000,-11.542000,34.04
1969797343,-0.748000,-0.465000,0.149000,6.595000,1.786000,-10.412000,34.18
1969807185,-0.727000,-0.466000,0.151000,5.023000,0.656000,-9.695000,34.08
1969815694,-0.702000,-0.483000,0.173000,5.069000,0.427000,-9.817000,34.08
1969825750,-0.706000,-0.487000,0.191000,5.573000,2.595000,-10.015000,34.08
1969832819,-0.698000,-0.485000,0.207000,6.290000,3.359000,-10.672000,34.13
1969849895,-0.691000,-0.469000,0.196000,6.366000,5.282000,-10.107000,34.18
1969857356,-0.682000,-0.465000,0.182000,6.763000,5.893000,-10.748000,34.13
1969866878,-0.703000,-0.468000,0.181000,6.214000,6.122000,-10.947000,34.08
1969876935,-0.713000,-0.460000,0.166000,4.718000,5.740000,-11.084000,34.13
1969886134,-0.730000,-0.467000,0.157000,4.916000,4.290000,-9.908000,34.08
1969895882,-0.732000,-0.470000,0.151000,3.435000,2.901000,-9.053000,34.13
1969907858,-0.717000,-0.465000,0.161000,2.870000,1.008000,-9.420000,34.08
1969916948,-0.717000,-0.467000,0.176000,2.214000,0.763000,-8.305000,34.08
1969922984,-0.706000,-0.470000,0.172000,2.382000,0.840000,-8.260000,34.13
1969934294,-0.708000,-0.483000,0.161000,1.237000,0.565000,-8.565000,34.08
1969947194,-0.705000,-0.476000,0.164000,1.847000,0.397000,-8.382000,34.13
1969962722,-0.699000,-0.502000,0.175000,1.145000,1.405000,-8.305000,34.08
1969967327,-0.696000,-0.498000,0.172000,1.634000,1.344000,-8.931000,34.22
1969977488,-0.718000,-0.482000,0.178000,1.023000,1.878000,-8.290000,34.08
1969987784,-0.716000,-0.487000,0.185000,1.374000,1.618000,-7.435000,34.04
1969992856,-0.716000,-0.487000,0.179000,1.924000,2.183000,-7.267000,33.99
1970007522,-0.716000,-0.480000,0.189000,2.122000,2.855000,-6.641000,34.04
1970019476,-0.708000,-0.482000,0.173000,2.580000,3.710000,-6.153000,34.08
1970024444,-0.706000,-0.480000,0.175000,2.519000,4.427000,-5.435000,34.04
1970036175,-0.706000,-0.476000,0.172000,1.771000,5.206000,-5.053000,34.08
1970043130,-0.706000,-0.484000,0.166000,2.443000,5.389000,-4.718000,34.08
1970057804,-0.719000,-0.487000,0.179000,1.878000,4.687000,-4.214000,34.13
1970067249,-0.741000,-0.474000,0.143000,0.916000,2.855000,-3.420000,34.08
1970077523,-0.728000,-0.481000,0.148000,0.046000,1.344000,-2.580000,34.13
1970089001,-0.722000,-0.477000,0.159000,-0.855000,0.718000,-1.847000,34.08
1970094880,-0.713000,-0.486000,0.182000,-1.038000,0.489000,-1.496000,34.13
1970108649,-0.699000,-0.487000,0.185000,-0.901000,1.206000,-1.221000,34.08
1970120766,-0.693000,-0.478000,0.193000,0.031000,1.924000,-1.527000,34.13
1970126032,-0.688000,-0.483000,0.173000,0.122000,2.702000,-1.557000,34.08
1970132916,-0.698000,-0.481000,0.171000,-0.198000,3.008000,-1.450000,34.13
1970144879,-0.705000,-0.485000,0.172000,-0.901000,2.779000,-1.191000,34.08
1970157924,-0.711000,-0.484000,0.165000,-1.328000,2.962000,-1.008000,34.13
1970168419,-0.705000,-0.484000,0.171000,-1.893000,2.656000,-0.137000,34.08
1970178737,-0.707000,-0.483000,0.174000,-1.908000,3.115000,0.092000,34.13
1970189594,-0.709000,-0.485000,0.167000,-1.954000,3.206000,0.305000,34.18
1970198429,-0.712000,-0.488000,0.176000,-2.076000,2.977000,0.489000,34.18
1970205905,-0.707000,-0.490000,0.168000,-2.382000,2.244000,0.366000,34.13
1970217965,-0.716000,-0.482000,0.164000,-3.023000,1.573000,0.748000,34.18
1970225856,-0.710000,-0.483000,0.172000,-3.817000,-0.107000,1.176000,34.22
1970234649,-0.697000,-0.490000,0.175000,-3.969000,-0.061000,0.870000,34.08
1970246460,-0.699000,-0.488000,0.173000,-4.015000,0.290000,1.160000,34.13
1970253401,-0.695000,-0.491000,0.182000,-4.183000,0.412000,1.344000,33.99
1970267530,-0.698000,-0.482000,0.190000,-4.290000,0.870000,1.084000,34.13
1970276411,-0.711000,-0.487000,0.170000,-4.229000,1.221000,1.374000,34.18
1970288893,-0.705000,-0.479000,0.164000,-4.733000,0.885000,1.450000,34.04
1970301925,-0.703000,-0.478000,0.181000,-5.939000,0.031000,2.107000,34.18
1970307470,-0.710000,-0.472000,0.157000,-6.550000,-0.275000,2.977000,34.18
1970317737,-0.707000,-0.474000,0.162000,-7.481000,-1.344000,3.160000,34.13
1970327928,-0.686000,-0.488000,0.185000,-6.794000,-0.550000,2.244000,34.08
1970337566,-0.692000,-0.484000,0.186000,-6.992000,-0.107000,2.198000,34.18
1970343149,-0.694000,-0.486000,0.188000,-6.305000,0.122000,1.847000,34.18
1970356949,-0.689000,-0.499000,0.190000,-6.534000,1.221000,1.618000,34.13
1970369696,-0.693000,-0.487000,0.178000,-6.229000,1.130000,1.634000,34.08
1970380773,-0.700000,-0.489000,0.171000,-6.840000,0.885000,1.756000,34.13
1970387536,-0.702000,-0.482000,0.182000,-6.748000,0.336000,1.542000,34.08
1970399300,-0.697000,-0.482000,0.183000,-7.160000,0.122000,1.756000,34.13
1970409862,-0.703000,-0.493000,0.177000,-6.656000,0.763000,1.405000,34.08
1970415960,-0.700000,-0.494000,0.184000,-5.878000,0.611000,1.359000,34.13
1970428063,-0.687000,-0.499000,0.179000,-6.321000,1.237000,1.008000,34.13
1970440129,-0.698000,-0.487000,0.169000,-6.153000,1.832000,0.809000,34.08
1970445880,-0.703000,-0.486000,0.178000,-5.771000,0.840000,0.794000,34.04
1970452050,-0.703000,-0.481000,0.179000,-5.481000,0.718000,1.038000,33.99
1970470921,-0.705000,-0.479000,0.178000,-5.405000,0.397000,0.901000,34.04
1970482310,-0.712000,-0.480000,0.175000,-5.557000,-0.427000,1.588000,34.08
1970488805,-0.705000,-0.483000,0.184000,-5.435000,-0.702000,1.634000,34.13
1970498856,-0.694000,-0.485000,0.192000,-5.252000,-0.076000,1.282000,34.08
1970508522,-0.696000,-0.481000,0.198000,-4.473000,0.595000,1.145000,34.04
1970519159,-0.698000,-0.479000,0.186000,-4.046000,1.405000,0.641000,34.08
1970524920,-0.693000,-0.487000,0.191000,-3.542000,1.985000,0.504000,34.04
1970536762,-0.694000,-0.480000,0.197000,-3.344000,2.443000,0.137000,34.18
1970546737,-0.700000,-0.475000,0.189000,-2.687000,2.290000,0.489000,34.22
1970554209,-0.689000,-0.476000,0.178000,-2.733000,2.153000,0.290000,34.18
1970566107,-0.695000,-0.482000,0.186000,-3.420000,2.198000,-0.305000,34.18
1970575926,-0.708000,-0.500000,0.169000,-2.931000,2.260000,-0.260000,34.13
1970587903,-0.706000,-0.484000,0.181000,-2.580000,1.527000,-0.519000,34.18
1970594695,-0.712000,-0.481000,0.181000,-2.687000,1.664000,-0.748000,34.13
1970606468,-0.701000,-0.484000,0.182000,-2.260000,1.588000,-0.580000,34.18
1970618690,-0.693000,-0.484000,0.197000,-1.878000,2.626000,-0.580000,34.13
1970623899,-0.688000,-0.483000,0.197000,-1.252000,3.069000,-1.023000,34.08
1970635936,-0.697000,-0.478000,0.191000,-1.206000,5.130000,-1.008000,34.13
1970646721,-0.689000,-0.488000,0.181000,-0.672000,3.756000,-1.099000,34.08
1970655111,-0.688000,-0.482000,0.189000,-0.809000,4.168000,-1.878000,34.04
1970666974,-0.693000,-0.480000,0.184000,-1.023000,3.740000,-2.076000,34.08
1970673877,-0.711000,-0.480000,0.177000,-0.748000,3.557000,-1.649000,34.04
1970686701,-0.702000,-0.490000,0.177000,-0.962000,3.435000,-1.679000,34.18
1970696630,-0.710000,-0.487000,0.177000,-0.855000,3.802000,-1.878000,34.08
1970707395,-0.708000,-0.476000,0.184000,-0.901000,3.588000,-2.076000,33.99
1970721968,-0.705000,-0.477000,0.183000,-0.855000,3.252000,-1.802000,33.99
1970726865,-0.707000,-0.477000,0.180000,-0.336000,3.496000,-1.740000,34.13
1970737373,-0.706000,-0.478000,0.180000,-0.260000,3.160000,-1.679000,34.18
1970746739,-0.701000,-0.477000,0.194000,-0.275000,2.412000,-1.710000,34.13
1970756989,-0.694000,-0.479000,0.195000,0.214000,2.824000,-1.939000,34.08
1970762962,-0.698000,-0.473000,0.182000,0.015000,2.931000,-1.863000,34.13
1970776730,-0.701000,-0.484000,0.182000,-0.031000,3.267000,-2.122000,34.18
1970784200,-0.703000,-0.482000,0.180000,0.412000,3.649000,-2.137000,34.13
1970796105,-0.700000,-0.485000,0.181000,0.244000,3.863000,-2.122000,34.08
1970807218,-0.714000,-0.489000,0.169000,-0.229000,3.466000,-2.122000,34.04
1970821028,-0.713000,-0.474000,0.167000,-1.176000,2.290000,-1.725000,34.13
1970830109,-0.709000,-0.475000,0.162000,-2.366000,1.298000,-1.649000,34.08
1970835393,-0.708000,-0.472000,0.184000,-3.206000,0.733000,-1.344000,34.13
1970845643,-0.698000,-0.479000,0.187000,-3.267000,0.855000,-1.374000,34.08
1970858829,-0.691000,-0.479000,0.191000,-2.962000,1.908000,-1.679000,34.08
1970864769,-0.688000,-0.485000,0.190000,-2.290000,3.038000,-1.863000,34.08
1970876692,-0.696000,-0.481000,0.192000,-1.939000,3.038000,-1.893000,34.13
1970886222,-0.700000,-0.486000,0.185000,-1.237000,3.389000,-2.565000,34.08
1970899102,-0.706000,-0.472000,0.171000,-1.695000,3.053000,-2.580000,34.13
1970905210,-0.705000,-0.476000,0.161000,-2.260000,2.244000,-2.198000,34.08
1970916540,-0.701000,-0.472000,0.170000,-2.626000,2.305000,-1.985000,34.04
1970925254,-0.699000,-0.473000,0.172000,-2.885000,2.840000,-1.985000,33.99
1970934977,-0.701000,-0.481000,0.176000,-2.351000,3.267000,-1.802000,34.08
1970948744,-0.701000,-0.474000,0.172000,-2.122000,3.679000,-1.969000,34.13
1970955253,-0.700000,-0.472000,0.179000,-2.000000,4.214000,-2.260000,34.08
1970965606,-0.702000,-0.475000,0.170000,-2.534000,4.046000,-2.061000,34.22
1970972549,-0.702000,-0.468000,0.175000,-2.763000,3.740000,-2.015000,33.99
1970990319,-0.704000,-0.477000,0.179000,-3.206000,3.053000,-1.832000,34.13
1970998437,-0.704000,-0.482000,0.172000,-3.221000,2.962000,-1.893000,34.08
1971008785,-0.707000,-0.483000,0.168000,-3.374000,3.160000,-1.847000,34.13
1971018989,-0.706000,-0.491000,0.172000,-3.542000,2.656000,-1.847000,34.08
1971031895,-0.697000,-0.485000,0.171000,-3.954000,2.885000,-1.863000,34.13
1971039288,-0.694000,-0.488000,0.174000,-3.847000,3.634000,-2.244000,34.08
1971044215,-0.694000,-0.476000,0.164000,-4.504000,4.840000,-2.992000,34.08
1971059745,-0.694000,-0.475000,0.173000,-4.672000,4.214000,-3.160000,34.13
1971070172,-0.696000,-0.468000,0.171000,-5.511000,4.977000,-2.321000,34.18
1971074339,-0.693000,-0.480000,0.191000,-4.473000,5.603000,-2.550000,34.13
1971086014,-0.698000,-0.483000,0.180000,-4.351000,6.427000,-2.290000,34.08
1971097130,-0.692000,-0.488000,0.179000,-3.115000,7.160000,-2.489000,34.04
1971106838,-0.704000,-0.486000,0.160000,-2.916000,6.748000,-3.115000,34.18
1971116404,-0.714000,-0.480000,0.152000,-3.252000,6.351000,-2.504000,34.22
1971127459,-0.715000,-0.477000,0.132000,-5.008000,5.634000,-3.069000,34.08
1971141404,-0.711000,-0.489000,0.141000,-7.053000,4.809000,-2.962000,34.04
1971147040,-0.684000,-0.471000,0.150000,-8.076000,4.550000,-1.313000,34.18
1971155953,-0.685000,-0.463000,0.187000,-10.260000,6.779000,-3.069000,34.08
1971165686,-0.663000,-0.454000,0.189000,-9.725000,8.550000,-1.542000,34.13
1971176769,-0.685000,-0.491000,0.201000,-8.336000,10.046000,-1.878000,34.18
1971186715,-0.658000,-0.517000,0.151000,-6.824000,14.840000,-4.595000,34.22
1971193846,-0.709000,-0.491000,0.109000,-5.832000,16.382000,-0.763000,34.08
1971209983,-0.734000,-0.474000,0.112000,-10.168000,13.802000,-3.786000,34.04
1971216775,-0.673000,-0.495000,0.137000,-12.153000,16.229000,-2.840000,34.18
1971226066,-0.664000,-0.500000,0.171000,-10.870000,18.198000,-1.649000,34.04
1971239126,-0.698000,-0.493000,0.160000,-9.618000,22.061000,-2.519000,34.08
1971247181,-0.732000,-0.484000,0.147000,-10.443000,20.779000,-2.275000,34.08
1971257079,-0.707000,-0.500000,0.132000,-8.763000,23.481000,-1.725000,34.13
1971266933,-0.703000,-0.489000,0.107000,-8.885000,26.565000,-2.366000,34.08
1971279906,-0.677000,-0.513000,0.125000,-7.771000,30.275000,-1.328000,34.13
1971286660,-0.683000,-0.536000,0.137000,-4.718000,32.916000,-2.061000,34.08
1971293729,-0.695000,-0.513000,0.132000,-3.130000,34.901000,-1.649000,34.13
1971306502,-0.699000,-0.506000,0.089000,-2.183000,36.000000,-2.519000,34.18
1971320166,-0.734000,-0.435000,0.069000,-5.771000,33.863000,-2.397000,34.13
1971326313,-0.750000,-0.440000,0.100000,-7.893000,28.000000,0.046000,34.08
1971331854,-0.716000,-0.473000,0.109000,-9.954000,27.588000,0.000000,34.13
1971346311,-0.729000,-0.469000,0.101000,-8.305000,27.557000,-0.443000,34.13
1971356831,-0.769000,-0.481000,0.099000,-9.298000,24.015000,1.298000,34.18
1971366111,-0.722000,-0.482000,0.118000,-13.191000,21.069000,1.817000,34.08
1971377365,-0.717000,-0.493000,0.071000,-12.183000,19.985000,3.374000,34.18
1971384086,-0.681000,-0.538000,0.114000,-9.954000,21.405000,0.305000,34.13
1971394481,-0.710000,-0.533000,0.091000,-8.183000,23.191000,1.893000,34.27
1971409511,-0.699000,-0.549000,0.080000,-6.351000,24.840000,0.733000,34.04
1971419763,-0.689000,-0.549000,0.059000,-2.931000,26.519000,-1.511000,34.08
1971428603,-0.739000,-0.517000,0.038000,0.107000,26.931000,-1.145000,34.13
1971435541,-0.721000,-0.499000,0.035000,1.542000,24.122000,-3.618000,34.08
1971447821,-0.726000,-0.499000,0.024000,3.969000,23.893000,-2.412000,34.08
1971458139,-0.695000,-0.499000,0.044000,7.420000,23.954000,-4.412000,34.13
1971468093,-0.710000,-0.482000,0.054000,7.176000,24.718000,-3.588000,34.08
1971476406,-0.709000,-0.477000,0.050000,9.221000,25.237000,-2.977000,34.13
1971486501,-0.719000,-0.489000,0.044000,8.855000,23.313000,-2.260000,33.99
1971495591,-0.721000,-0.474000,0.028000,7.969000,22.031000,-3.313000,34.13
1971502514,-0.722000,-0.456000,0.015000,6.412000,20.809000,-4.092000,34.18
1971519978,-0.751000,-0.478000,0.019000,6.748000,19.435000,-5.328000,34.13
1971527280,-0.759000,-0.440000,0.036000,6.122000,17.985000,-6.031000,34.18
1971535739,-0.732000,-0.443000,0.046000,7.252000,16.550000,-6.382000,34.13
1971549285,-0.703000,-0.479000,0.046000,9.282000,17.313000,-4.198000,34.04
1971556459,-0.693000,-0.483000,0.026000,9.359000,17.649000,-5.267000,34.18
1971565977,-0.718000,-0.441000,0.032000,8.763000,16.107000,-4.611000,34.04
1971576251,-0.703000,-0.440000,0.025000,5.374000,14.443000,-4.580000,34.18
1971590333,-0.680000,-0.435000,0.029000,3.863000,14.214000,-4.412000,34.13
1971596565,-0.690000,-0.467000,0.040000,3.298000,14.092000,-3.695000,34.18
1971603470,-0.712000,-0.508000,0.033000,3.756000,15.221000,-2.840000,34.04
1971616404,-0.743000,-0.547000,0.013000,4.397000,17.115000,-0.916000,34.18
1971624920,-0.764000,-0.547000,0.008000,5.649000,18.718000,0.489000,34.13
1971635087,-0.785000,-0.551000,-0.004000,6.290000,17.435000,2.794000,34.27
1971646871,-0.781000,-0.527000,0.006000,4.885000,15.160000,4.962000,34.18
1971661813,-0.770000,-0.519000,0.018000,4.153000,14.092000,4.214000,34.08
1971666661,-0.828000,-0.516000,0.004000,1.725000,11.496000,6.198000,34.18
1971675765,-0.767000,-0.486000,-0.021000,-0.260000,9.160000,3.710000,34.13
1971691015,-0.797000,-0.462000,0.007000,-3.542000,5.237000,5.634000,34.08
1971694671,-0.749000,-0.448000,0.005000,-6.763000,2.031000,6.092000,34.13
1971705314,-0.758000,-0.462000,-0.001000,-9.588000,2.794000,6.351000,34.18
1971712508,-0.726000,-0.471000,0.006000,-11.282000,3.145000,8.137000,34.13
1971726464,-0.718000,-0.476000,0.031000,-10.763000,4.534000,7.664000,34.18
1971736780,-0.738000,-0.485000,0.021000,-9.573000,4.824000,8.076000,34.18
1971747294,-0.733000,-0.463000,-0.001000,-10.061000,4.748000,10.977000,34.13
1971760062,-0.743000,-0.456000,-0.009000,-10.153000,4.626000,11.023000,34.08
1971765310,-0.767000,-0.497000,-0.009000,-10.092000,2.214000,10.137000,34.22
1971775585,-0.767000,-0.480000,0.004000,-11.664000,0.916000,11.985000,34.18
1971788170,-0.750000,-0.465000,0.014000,-11.649000,2.321000,10.290000,34.22
1971797355,-0.798000,-0.456000,0.005000,-12.000000,6.290000,10.443000,34.18
1971805860,-0.740000,-0.484000,0.024000,-13.038000,9.649000,11.725000,34.13
1971812724,-0.760000,-0.502000,0.016000,-12.076000,14.702000,10.763000,34.08
1971830381,-0.784000,-0.487000,0.009000,-12.076000,17.099000,12.015000,34.22
1971836881,-0.789000,-0.484000,0.005000,-12.702000,18.809000,12.947000,34.13
1971846681,-0.784000,-0.488000,0.010000,-13.008000,21.557000,13.298000,33.99
1971863210,-0.796000,-0.483000,-0.039000,-13.649000,24.382000,12.809000,34.04
1971871301,-0.793000,-0.495000,-0.057000,-12.626000,27.527000,12.656000,33.99
1971877177,-0.802000,-0.486000,-0.028000,-11.908000,30.214000,13.649000,34.13
1971886492,-0.774000,-0.485000,-0.062000,-10.962000,31.634000,13.710000,34.08
1971896595,-0.807000,-0.481000,-0.052000,-11.954000,33.191000,15.481000,34.13
1971905374,-0.773000,-0.455000,-0.082000,-12.595000,33.725000,13.954000,34.18
1971916704,-0.771000,-0.471000,-0.106000,-12.687000,36.336000,14.458000,34.13
1971923325,-0.782000,-0.486000,-0.094000,-11.542000,39.221000,13.328000,34.08
1971938872,-0.765000,-0.463000,-0.086000,-9.771000,45.878000,11.450000,34.13
1971946896,-0.763000,-0.457000,-0.079000,-8.198000,51.527000,11.542000,34.08
1971954441,-0.781000,-0.469000,-0.105000,-6.397000,56.214000,11.710000,34.18
1971968109,-0.791000,-0.457000,-0.097000,-6.137000,56.183000,11.053000,34.13
1971976435,-0.787000,-0.479000,-0.120000,-6.931000,57.282000,14.626000,34.18
1971987450,-0.796000,-0.438000,-0.161000,-5.710000,59.679000,13.786000,34.04
1971995535,-0.801000,-0.409000,-0.161000,-7.099000,56.870000,13.695000,34.08
1972006286,-0.786000,-0.437000,-0.162000,-7.053000,60.412000,14.641000,34.13
1972016052,-0.796000,-0.438000,-0.189000,-7.130000,63.435000,16.107000,34.18
1972022798,-0.817000,-0.443000,-0.166000,-6.229000,66.107000,16.931000,34.13
1972041375,-0.811000,-0.433000,-0.190000,-6.412000,66.275000,18.595000,34.08
1972050919,-0.807000,-0.425000,-0.188000,-6.947000,68.840000,19.237000,34.08
1972056032,-0.829000,-0.406000,-0.202000,-9.389000,66.504000,21.603000,34.04
1972070380,-0.822000,-0.412000,-0.183000,-8.885000,67.618000,22.183000,34.08
1972080839,-0.830000,-0.396000,-0.234000,-10.489000,67.786000,21.847000,34.22
1972085463,-0.839000,-0.397000,-0.255000,-12.198000,66.397000,23.145000,34.18
1972098847,-0.837000,-0.382000,-0.259000,-15.115000,61.802000,22.702000,34.13
1972108862,-0.807000,-0.384000,-0.211000,-17.740000,63.893000,24.733000,34.08
1972115438,-0.782000,-0.390000,-0.229000,-17.634000,65.924000,25.160000,34.13
1972120979,-0.819000,-0.377000,-0.253000,-20.458000,62.534000,27.664000,34.08
1972138420,-0.820000,-0.383000,-0.277000,-21.557000,63.115000,28.656000,34.13
1972151390,-0.792000,-0.389000,-0.296000,-21.557000,63.435000,27.908000,34.08
1972156228,-0.836000,-0.396000,-0.277000,-20.198000,65.206000,28.183000,34.08
1972168867,-0.874000,-0.352000,-0.285000,-24.504000,62.412000,29.802000,34.08
1972181230,-0.829000,-0.394000,-0.291000,-26.015000,62.137000,31.267000,34.08
1972186294,-0.798000,-0.399000,-0.297000,-24.611000,63.023000,33.954000,34.13
1972197955,-0.722000,-0.382000,-0.296000,-22.229000,61.496000,34.397000,34.18
1972209739,-0.733000,-0.346000,-0.316000,-20.718000,59.450000,38.214000,34.04
1972216797,-0.740000,-0.296000,-0.376000,-19.084000,54.718000,37.466000,34.08
1972225669,-0.803000,-0.270000,-0.323000,-22.580000,57.527000,41.053000,34.13
1972232642,-0.735000,-0.338000,-0.376000,-17.450000,55.817000,38.809000,34.18
1972249308,-0.810000,-0.282000,-0.380000,-20.168000,55.679000,39.405000,34.04
1972256756,-0.782000,-0.327000,-0.383000,-19.344000,59.924000,41.817000,34.18
1972265249,-0.786000,-0.274000,-0.377000,-21.237000,59.344000,40.336000,34.18
1972279015,-0.830000,-0.292000,-0.417000,-24.534000,57.298000,42.443000,34.13
1972286278,-0.765000,-0.301000,-0.400000,-28.947000,53.115000,39.420000,34.08
1972295869,-0.773000,-0.294000,-0.447000,-28.565000,55.450000,38.885000,34.13
1972309202,-0.748000,-0.274000,-0.421000,-27.679000,51.802000,33.527000,34.08
1972319377,-0.803000,-0.309000,-0.445000,-29.160000,55.634000,37.328000,34.04
1972324988,-0.761000,-0.300000,-0.439000,-28.534000,54.885000,38.351000,34.08
1972336531,-0.777000,-0.276000,-0.413000,-28.931000,53.969000,37.221000,34.13
1972347558,-0.707000,-0.272000,-0.400000,-30.122000,53.267000,37.389000,34.18
1972357697,-0.710000,-0.231000,-0.405000,-29.695000,55.863000,37.038000,34.13
1972363397,-0.716000,-0.245000,-0.476000,-32.260000,56.534000,35.679000,34.18
1972374947,-0.723000,-0.253000,-0.471000,-32.718000,56.611000,35.206000,34.04
1972385907,-0.778000,-0.231000,-0.509000,-33.450000,56.931000,36.504000,34.18
1972396522,-0.810000,-0.233000,-0.529000,-32.382000,56.824000,37.359000,34.08
1972407493,-0.781000,-0.260000,-0.520000,-31.328000,52.794000,34.870000,34.13
1972417300,-0.777000,-0.264000,-0.537000,-31.191000,59.603000,40.412000,34.08
1972427497,-0.749000,-0.200000,-0.547000,-29.847000,60.458000,37.069000,34.04
1972435194,-0.728000,-0.162000,-0.533000,-31.588000,59.130000,38.519000,34.08
1972440887,-0.719000,-0.141000,-0.564000,-34.916000,60.519000,37.802000,34.13
1972457602,-0.741000,-0.174000,-0.545000,-36.076000,59.939000,38.214000,34.08
1972468482,-0.706000,-0.159000,-0.597000,-35.893000,59.389000,36.916000,34.13
1972474346,-0.717000,-0.152000,-0.590000,-33.679000,62.092000,36.962000,34.08
1972485682,-0.717000,-0.119000,-0.579000,-34.244000,59.160000,34.962000,34.13
1972500501,-0.752000,-0.119000,-0.600000,-37.435000,59.069000,37.679000,34.08
1972506711,-0.720000,-0.146000,-0.604000,-33.939000,60.092000,38.687000,34.22
1972517325,-0.669000,-0.102000,-0.624000,-34.458000,61.191000,36.168000,34.13
1972525357,-0.714000,-0.116000,-0.652000,-34.672000,60.672000,39.328000,34.18
1972534372,-0.686000,-0.116000,-0.617000,-34.153000,57.496000,37.634000,34.18
1972545735,-0.647000,-0.120000,-0.621000,-32.061000,57.802000,37.328000,34.08
1972552492,-0.727000,-0.061000,-0.646000,-30.977000,61.695000,35.603000,34.13
1972565837,-0.659000,-0.061000,-0.597000,-30.809000,57.969000,32.427000,34.18
1972577266,-0.730000,-0.022000,-0.702000,-35.359000,59.710000,36.504000,34.13
1972587392,-0.691000,-0.061000,-0.695000,-35.649000,63.237000,39.802000,34.08
1972598866,-0.666000,-0.078000,-0.729000,-36.321000,63.954000,39.542000,34.13
1972604145,-0.659000,-0.057000,-0.707000,-34.702000,62.443000,40.840000,34.18
1972617575,-0.646000,0.008000,-0.777000,-36.672000,60.489000,40.718000,34.13
1972627736,-0.627000,-0.025000,-0.693000,-34.626000,62.702000,41.298000,34.08
1972635753,-0.642000,0.019000,-0.740000,-34.977000,62.427000,40.977000,34.13
1972644676,-0.613000,0.017000,-0.768000,-35.832000,55.832000,38.763000,34.13
1972660374,-0.621000,0.014000,-0.712000,-36.550000,62.519000,39.878000,34.08
1972665490,-0.604000,0.026000,-0.730000,-37.496000,60.702000,38.794000,34.04
1972675974,-0.612000,-0.000000,-0.755000,-38.305000,61.649000,40.382000,34.18
1972684524,-0.613000,0.072000,-0.863000,-40.748000,61.573000,43.145000,34.13
1972700262,-0.535000,-0.027000,-0.775000,-38.015000,59.832000,43.359000,34.08
1972709068,-0.560000,0.072000,-0.850000,-35.511000,58.809000,45.511000,34.22
1972715791,-0.547000,0.046000,-0.795000,-34.427000,61.160000,46.443000,34.18
1972728506,-0.530000,0.065000,-0.824000,-34.305000,61.954000,46.947000,34.13
1972738971,-0.525000,0.107000,-0.791000,-34.580000,63.893000,45.191000,34.18
1972745003,-0.547000,0.128000,-0.793000,-37.527000,64.840000,43.664000,34.13
1972756402,-0.546000,0.088000,-0.800000,-38.931000,63.786000,42.244000,34.18
1972770452,-0.536000,0.144000,-0.884000,-42.015000,60.107000,40.458000,34.13
1972781816,-0.542000,0.081000,-0.856000,-40.962000,63.160000,40.702000,34.04
1972787484,-0.504000,0.104000,-0.845000,-40.687000,61.573000,41.481000,34.08
1972794842,-0.493000,0.124000,-0.834000,-41.435000,61.237000,42.702000,34.04
1972806707,-0.477000,0.131000,-0.857000,-42.214000,60.962000,44.779000,33.99
1972816258,-0.439000,0.152000,-0.814000,-42.183000,60.656000,44.763000,34.13
1972828308,-0.425000,0.178000,-0.829000,-42.275000,61.649000,43.863000,34.08
1972837191,-0.410000,0.186000,-0.843000,-42.718000,61.282000,42.015000,34.04
1972848032,-0.415000,0.175000,-0.841000,-42.458000,61.786000,40.092000,34.08
1972855755,-0.413000,0.186000,-0.880000,-41.710000,62.351000,38.458000,34.13
1972862450,-0.446000,0.179000,-0.893000,-41.878000,63.130000,39.038000,34.08
1972880278,-0.420000,0.186000,-0.873000,-41.924000,61.679000,39.282000,34.13
1972887504,-0.389000,0.191000,-0.879000,-42.122000,62.214000,40.122000,34.13
1972893619,-0.362000,0.214000,-0.876000,-41.435000,62.489000,40.061000,34.08
1972910583,-0.324000,0.219000,-0.868000,-40.351000,64.061000,38.641000,34.18
1972920947,-0.321000,0.253000,-0.890000,-39.252000,66.504000,36.824000,34.08
1972925688,-0.361000,0.266000,-0.880000,-39.954000,66.733000,36.229000,34.13
1972937551,-0.337000,0.245000,-0.899000,-40.718000,65.969000,35.481000,34.08
1972949799,-0.338000,0.252000,-0.877000,-40.947000,66.260000,36.534000,34.13
1972955716,-0.305000,0.252000,-0.885000,-40.122000,65.038000,37.313000,34.18
1972962110,-0.292000,0.269000,-0.891000,-37.756000,64.718000,38.794000,34.13
1972979624,-0.305000,0.308000,-0.902000,-36.031000,64.855000,40.046000,34.18
1972989702,-0.291000,0.294000,-0.882000,-34.901000,64.855000,40.824000,34.13
1972997500,-0.276000,0.320000,-0.903000,-34.519000,65.115000,40.901000,34.18
1973008309,-0.271000,0.316000,-0.906000,-35.771000,65.725000,40.733000,34.18
1973021531,-0.264000,0.342000,-0.887000,-35.924000,66.595000,39.130000,34.13
1973026681,-0.249000,0.344000,-0.909000,-37.802000,67.389000,37.435000,34.18
1973038588,-0.231000,0.348000,-0.891000,-36.870000,66.244000,36.412000,34.22
1973047917,-0.198000,0.363000,-0.896000,-37.008000,65.893000,36.412000,34.08
1973058537,-0.164000,0.329000,-0.906000,-34.702000,62.733000,34.779000,34.13
1973066704,-0.205000,0.373000,-0.945000,-36.687000,67.420000,38.153000,34.08
1973073607,-0.186000,0.400000,-0.913000,-37.802000,68.397000,36.947000,34.13
1973090816,-0.197000,0.430000,-0.941000,-41.053000,69.328000,36.198000,34.18
1973096417,-0.176000,0.409000,-0.914000,-43.756000,68.412000,34.519000,34.13
1973104899,-0.152000,0.408000,-0.936000,-45.450000,68.031000,33.832000,34.08
1973116961,-0.114000,0.381000,-0.928000,-44.565000,68.321000,33.176000,34.04
1973129139,-0.094000,0.418000,-0.924000,-43.176000,72.214000,31.725000,34.18
1973135319,-0.092000,0.439000,-0.977000,-45.069000,73.847000,31.969000,34.08
1973146083,-0.075000,0.458000,-0.893000,-46.244000,75.634000,31.710000,34.13
1973157065,-0.054000,0.481000,-0.944000,-49.603000,74.183000,30.473000,34.18
1973167201,-0.065000,0.515000,-0.975000,-53.435000,75.679000,30.550000,34.13
1973172958,-0.009000,0.417000,-0.924000,-51.847000,80.061000,29.252000,34.08
1973190118,-0.006000,0.464000,-0.939000,-50.763000,81.603000,27.893000,34.22
1973198816,-0.023000,0.506000,-1.014000,-48.855000,75.588000,28.687000,34.08
1973206908,-0.008000,0.479000,-0.948000,-49.618000,77.221000,30.977000,34.22
1973217675,0.012000,0.487000,-0.941000,-52.427000,79.176000,32.061000,34.08
1973229873,-0.003000,0.493000,-0.950000,-53.038000,78.977000,32.840000,34.18
1973237132,0.100000,0.483000,-0.777000,-56.336000,73.313000,29.695000,34.13
1973244457,0.029000,0.510000,-0.932000,-61.908000,74.275000,37.298000,34.18
1973257423,0.090000,0.491000,-0.902000,-60.824000,76.733000,36.672000,34.13
1973269491,0.147000,0.484000,-0.880000,-59.282000,79.939000,34.885000,34.08
1973273786,0.107000,0.533000,-0.868000,-56.229000,82.382000,35.954000,34.13
1973285264,0.149000,0.565000,-0.840000,-56.809000,82.366000,35.985000,34.18
1973295972,0.184000,0.581000,-0.857000,-57.557000,81.969000,34.977000,34.22
1973307559,0.139000,0.586000,-0.850000,-59.802000,80.702000,37.084000,34.18
1973317142,0.192000,0.535000,-0.880000,-61.008000,76.809000,36.611000,34.13
1973325639,0.209000,0.535000,-0.813000,-60.794000,83.756000,38.763000,34.18
1973338324,0.145000,0.581000,-0.929000,-59.618000,74.718000,37.313000,34.04
1973346473,0.133000,0.537000,-0.852000,-60.504000,78.244000,40.443000,34.18
1973354930,0.156000,0.554000,-0.813000,-60.763000,74.519000,41.435000,34.18
1973366615,0.241000,0.567000,-0.768000,-60.885000,71.618000,43.221000,34.04
1973373845,0.246000,0.585000,-0.789000,-59.435000,71.038000,44.947000,34.08
1973387412,0.273000,0.566000,-0.801000,-58.366000,70.565000,46.641000,34.22
1973394818,0.319000,0.592000,-0.721000,-56.580000,72.458000,46.137000,34.18
1973408553,0.358000,0.579000,-0.736000,-52.290000,76.290000,45.023000,34.13
1973419001,0.343000,0.596000,-0.731000,-52.107000,79.740000,45.206000,34.18
1973428569,0.281000,0.591000,-0.777000,-48.290000,79.481000,43.924000,34.13
1973435815,0.301000,0.590000,-0.732000,-49.969000,75.038000,45.191000,34.18
1973446826,0.330000,0.596000,-0.708000,-50.076000,71.176000,44.992000,34.13
1973455911,0.331000,0.607000,-0.726000,-51.191000,71.511000,44.427000,34.18
1973467004,0.351000,0.597000,-0.704000,-54.168000,67.573000,43.206000,34.13
1973473868,0.471000,0.540000,-0.679000,-50.611000,74.214000,39.008000,34.04
1973485784,0.399000,0.556000,-0.657000,-45.053000,76.153000,34.534000,34.08
1973498596,0.398000,0.597000,-0.650000,-43.603000,74.794000,30.595000,34.08
1973506965,0.382000,0.556000,-0.602000,-41.985000,68.427000,30.275000,34.08
1973517603,0.418000,0.602000,-0.592000,-40.687000,64.229000,28.763000,34.13
1973526625,0.477000,0.615000,-0.565000,-39.969000,61.893000,26.336000,34.08
1973536899,0.533000,0.610000,-0.596000,-38.489000,61.405000,23.847000,34.13
1973547721,0.497000,0.579000,-0.556000,-32.840000,66.366000,21.374000,34.08
1973555677,0.504000,0.659000,-0.627000,-28.779000,59.359000,17.374000,34.22
1973564779,0.511000,0.613000,-0.535000,-26.855000,62.321000,18.397000,34.08
1973574077,0.498000,0.656000,-0.469000,-25.878000,56.443000,16.534000,34.13
1973590638,0.541000,0.631000,-0.467000,-21.618000,55.160000,15.954000,34.18
1973599572,0.478000,0.697000,-0.471000,-21.634000,47.389000,15.176000,34.13
1973608423,0.554000,0.680000,-0.485000,-21.313000,44.840000,11.939000,34.22
1973615656,0.512000,0.727000,-0.552000,-24.931000,31.969000,12.427000,34.18
1973631470,0.628000,0.658000,-0.422000,-19.145000,32.412000,12.962000,34.13
1973636940,0.621000,0.689000,-0.478000,-12.870000,33.649000,5.634000,34.08
1973646795,0.565000,0.696000,-0.481000,-10.611000,28.840000,9.740000,34.13
1973656897,0.590000,0.698000,-0.442000,-8.794000,23.802000,11.344000,34.08
1973667432,0.666000,0.680000,-0.446000,-7.206000,20.824000,10.366000,34.22
1973674750,0.602000,0.711000,-0.464000,-6.061000,16.351000,6.351000,34.08
1973682046,0.593000,0.715000,-0.452000,-7.282000,8.351000,5.756000,34.13
1973698804,0.579000,0.703000,-0.485000,-9.344000,1.618000,3.053000,34.18
1973707901,0.584000,0.678000,-0.463000,-8.656000,-7.328000,0.183000,34.22
1973715539,0.594000,0.667000,-0.462000,-7.130000,-15.435000,-3.420000,34.08
1973727250,0.624000,0.647000,-0.459000,-5.634000,-23.069000,-6.305000,34.08
1973735939,0.633000,0.647000,-0.445000,-2.901000,-28.412000,-9.679000,34.13
1973748258,0.658000,0.652000,-0.433000,0.702000,-32.779000,-13.481000,34.27
1973759105,0.642000,0.641000,-0.428000,4.977000,-36.321000,-16.168000,34.13
1973767500,0.645000,0.656000,-0.463000,8.519000,-39.466000,-18.641000,34.18
1973775833,0.614000,0.630000,-0.447000,14.672000,-40.947000,-18.702000,34.13
1973782606,0.595000,0.634000,-0.489000,13.603000,-47.695000,-21.405000,34.18
1973796249,0.571000,0.621000,-0.498000,14.458000,-52.733000,-22.748000,34.22
1973808091,0.523000,0.614000,-0.506000,20.336000,-56.168000,-24.672000,34.08
1973814972,0.501000,0.630000,-0.506000,17.420000,-64.748000,-25.069000,34.13
1973827572,0.546000,0.647000,-0.508000,16.153000,-71.771000,-24.962000,34.13
1973835603,0.570000,0.620000,-0.567000,16.641000,-73.634000,-25.847000,34.18
1973848660,0.566000,0.616000,-0.543000,19.328000,-73.298000,-28.595000,34.13
1973859220,0.526000,0.619000,-0.541000,24.229000,-74.336000,-30.595000,34.18
1973866846,0.507000,0.575000,-0.523000,30.687000,-75.481000,-32.321000,34.18
1973875332,0.431000,0.646000,-0.555000,29.573000,-79.359000,-33.191000,34.18
1973882091,0.465000,0.639000,-0.581000,27.511000,-86.000000,-32.443000,34.13
1973901627,0.493000,0.623000,-0.611000,27.267000,-87.985000,-33.603000,34.18
1973909348,0.490000,0.598000,-0.612000,32.397000,-85.832000,-35.786000,34.04
1973916680,0.450000,0.619000,-0.631000,36.458000,-82.626000,-37.664000,34.18
1973929681,0.386000,0.620000,-0.654000,40.748000,-81.832000,-39.588000,34.13
1973938112,0.334000,0.624000,-0.659000,45.405000,-85.649000,-40.855000,34.18
1973945068,0.316000,0.676000,-0.684000,40.611000,-90.611000,-39.969000,34.18
1973958019,0.322000,0.624000,-0.719000,37.832000,-93.023000,-40.305000,34.13
1973968450,0.310000,0.594000,-0.720000,36.275000,-93.176000,-43.328000,34.18
1973974813,0.307000,0.553000,-0.688000,40.824000,-92.947000,-44.916000,34.13
1973987847,0.262000,0.572000,-0.784000,44.336000,-91.023000,-48.366000,34.18
1973995776,0.245000,0.570000,-0.700000,48.931000,-87.023000,-51.084000,34.22
1974008718,0.204000,0.628000,-0.718000,49.405000,-93.145000,-50.672000,34.18
1974015896,0.251000,0.613000,-0.739000,51.267000,-89.908000,-53.145000,34.13
1974030554,0.173000,0.611000,-0.844000,46.198000,-90.275000,-51.496000,34.18
1974038647,0.185000,0.555000,-0.752000,44.229000,-91.695000,-53.679000,34.22
1974046159,0.178000,0.526000,-0.750000,49.359000,-87.221000,-57.649000,34.18
1974056823,0.158000,0.526000,-0.757000,54.855000,-80.412000,-61.221000,34.18
1974068261,0.122000,0.576000,-0.704000,58.107000,-77.740000,-61.695000,34.13
1974074312,0.099000,0.593000,-0.724000,60.885000,-81.206000,-60.641000,34.18
1974087344,0.081000,0.595000,-0.762000,60.458000,-82.412000,-61.527000,34.08
1974099916,0.078000,0.544000,-0.875000,55.405000,-83.420000,-58.885000,34.18
1974105820,0.006000,0.484000,-0.763000,58.595000,-82.840000,-61.145000,34.04
1974112008,-0.072000,0.536000,-0.752000,61.542000,-83.374000,-60.672000,34.18
1974132411,-0.073000,0.520000,-0.757000,60.275000,-86.397000,-60.183000,34.22
1974138917,-0.107000,0.500000,-0.777000,62.641000,-90.702000,-59.573000,34.08
1974144847,-0.139000,0.528000,-0.733000,64.137000,-96.412000,-58.305000,34.13
1974160066,-0.112000,0.458000,-0.916000,61.954000,-99.344000,-56.519000,34.08
1974168841,-0.057000,0.363000,-0.933000,59.756000,-96.229000,-55.740000,34.22
1974174782,-0.189000,0.418000,-0.772000,66.214000,-93.954000,-54.305000,34.13
1974185688,-0.219000,0.455000,-0.862000,63.954000,-95.893000,-52.748000,34.27
1974190964,-0.251000,0.404000,-0.881000,61.511000,-97.145000,-54.290000,34.13
1974207552,-0.314000,0.411000,-0.789000,61.527000,-102.626000,-54.794000,34.18
1974216115,-0.281000,0.416000,-0.843000,58.840000,-106.519000,-56.260000,34.13
1974225322,-0.202000,0.330000,-0.924000,57.344000,-105.298000,-59.420000,34.27
1974235468,-0.208000,0.273000,-0.919000,57.527000,-99.908000,-59.878000,34.13
1974246629,-0.297000,0.311000,-0.830000,60.779000,-96.977000,-58.336000,34.08
1974258224,-0.328000,0.321000,-0.912000,59.466000,-98.305000,-56.382000,34.22
1974270270,-0.351000,0.300000,-0.831000,56.779000,-98.992000,-57.573000,34.18
1974276595,-0.345000,0.323000,-0.770000,57.450000,-104.443000,-57.389000,34.13
1974283544,-0.311000,0.300000,-0.853000,57.313000,-102.290000,-61.756000,34.13
1974297233,-0.353000,0.230000,-0.867000,58.504000,-96.275000,-65.038000,34.08
1974308433,-0.384000,0.205000,-0.927000,57.603000,-94.519000,-64.076000,34.18
1974314705,-0.412000,0.190000,-0.892000,59.252000,-92.748000,-62.382000,34.08
1974330037,-0.507000,0.226000,-0.835000,58.305000,-93.328000,-58.595000,34.13
1974340336,-0.479000,0.234000,-0.809000,55.099000,-98.824000,-56.656000,34.18
1974346020,-0.445000,0.238000,-0.812000,54.534000,-101.191000,-56.794000,34.22
1974356900,-0.455000,0.226000,-0.787000,55.450000,-100.611000,-56.824000,34.18
1974364584,-0.443000,0.133000,-0.912000,57.359000,-97.053000,-59.221000,34.13
1974375688,-0.490000,0.111000,-0.807000,60.656000,-91.008000,-61.954000,34.08
1974382155,-0.552000,0.150000,-0.824000,61.344000,-86.702000,-59.466000,34.13
1974397981,-0.615000,0.174000,-0.820000,57.969000,-87.069000,-57.725000,34.18
1974412672,-0.592000,0.162000,-0.725000,53.603000,-94.489000,-56.137000,34.13
1974414609,-0.555000,0.183000,-0.799000,52.733000,-97.908000,-56.168000,34.13
1974424715,-0.563000,0.122000,-0.748000,53.863000,-94.626000,-56.504000,34.18
1974436971,-0.561000,0.078000,-0.761000,58.366000,-91.389000,-59.038000,34.22
1974446482,-0.574000,0.080000,-0.793000,60.244000,-86.779000,-59.511000,34.08
1974458648,-0.676000,0.101000,-0.812000,58.702000,-85.664000,-55.710000,34.08
1974468065,-0.699000,0.082000,-0.727000,54.947000,-89.893000,-53.542000,34.08
1974475544,-0.711000,0.084000,-0.723000,54.947000,-93.847000,-53.160000,34.13
1974486778,-0.706000,0.117000,-0.733000,50.473000,-95.130000,-52.519000,34.18
1974492709,-0.689000,0.065000,-0.724000,48.824000,-95.817000,-54.031000,34.13
1974513048,-0.690000,0.030000,-0.730000,50.000000,-93.542000,-55.725000,34.08
1974518638,-0.732000,-0.000000,-0.742000,48.565000,-90.183000,-56.397000,34.22
1974524793,-0.762000,0.008000,-0.705000,46.427000,-91.115000,-56.901000,34.18
1974537910,-0.771000,-0.040000,-0.665000,46.397000,-85.435000,-55.450000,34.13
1974548228,-0.740000,-0.045000,-0.631000,47.237000,-89.481000,-56.122000,34.18
1974558056,-0.723000,-0.034000,-0.659000,47.008000,-89.603000,-53.389000,34.18
1974569323,-0.724000,-0.043000,-0.607000,46.458000,-87.176000,-51.191000,34.13
1974577430,-0.740000,-0.045000,-0.613000,48.840000,-87.924000,-50.275000,34.18
1974584133,-0.750000,-0.047000,-0.624000,46.702000,-85.374000,-50.366000,34.13
1974597065,-0.761000,-0.108000,-0.645000,46.992000,-83.282000,-50.397000,34.18
1974610433,-0.839000,-0.124000,-0.632000,47.817000,-80.824000,-47.985000,34.13
1974619297,-0.872000,-0.135000,-0.599000,47.450000,-78.656000,-47.618000,34.18
1974626378,-0.856000,-0.143000,-0.527000,48.427000,-79.878000,-46.763000,34.04
1974642331,-0.814000,-0.116000,-0.555000,48.702000,-78.351000,-45.756000,34.08
1974647642,-0.775000,-0.129000,-0.566000,47.038000,-75.771000,-45.527000,34.04
1974657994,-0.777000,-0.146000,-0.557000,49.053000,-74.580000,-45.313000,34.08
1974668529,-0.792000,-0.107000,-0.521000,48.733000,-72.275000,-45.573000,34.13
1974679132,-0.813000,-0.124000,-0.581000,45.954000,-72.901000,-45.588000,34.18
1974681645,-0.839000,-0.166000,-0.524000,45.847000,-71.435000,-44.962000,34.27
1974693900,-0.864000,-0.200000,-0.546000,44.031000,-70.580000,-43.557000,34.13
1974710571,-0.882000,-0.200000,-0.509000,43.038000,-70.443000,-41.542000,34.18
1974719819,-0.843000,-0.214000,-0.450000,44.824000,-71.863000,-40.718000,34.13
1974725022,-0.797000,-0.196000,-0.449000,45.618000,-69.924000,-42.733000,34.08
1974738898,-0.783000,-0.195000,-0.407000,48.290000,-63.511000,-41.252000,34.13
1974747737,-0.806000,-0.182000,-0.417000,47.420000,-67.496000,-42.153000,34.18
1974755652,-0.778000,-0.227000,-0.383000,48.672000,-63.878000,-41.405000,34.13
1974767330,-0.821000,-0.243000,-0.397000,51.008000,-64.000000,-39.496000,34.08
1974779185,-0.854000,-0.276000,-0.428000,50.198000,-63.527000,-37.511000,34.13
1974784982,-0.870000,-0.291000,-0.379000,52.183000,-62.244000,-34.565000,34.08
1974798307,-0.860000,-0.342000,-0.390000,54.305000,-59.603000,-33.695000,34.13
1974810839,-0.836000,-0.350000,-0.301000,56.061000,-53.985000,-33.344000,34.13
1974820258,-0.885000,-0.340000,-0.334000,58.733000,-55.405000,-31.603000,34.08
1974822723,-0.914000,-0.348000,-0.324000,58.504000,-55.924000,-30.855000,34.08
1974840271,-0.872000,-0.372000,-0.301000,58.809000,-61.206000,-30.427000,34.08
1974847852,-0.795000,-0.402000,-0.267000,64.092000,-64.061000,-31.817000,34.04
1974855737,-0.785000,-0.454000,-0.318000,73.145000,-63.481000,-49.634000,34.18
1974867660,-0.794000,-0.328000,-0.218000,71.145000,-61.053000,-56.901000,34.13
1974879027,-0.785000,-0.289000,-0.259000,65.069000,-58.870000,-55.863000,34.08
1974883197,-0.768000,-0.320000,-0.243000,58.534000,-52.840000,-50.733000,34.22
1974894733,-0.792000,-0.354000,-0.211000,57.237000,-46.351000,-46.779000,34.18
1974907034,-0.828000,-0.373000,-0.233000,57.282000,-43.863000,-40.733000,34.13
1974920502,-0.823000,-0.372000,-0.202000,53.115000,-45.832000,-40.534000,34.18
1974926931,-0.820000,-0.375000,-0.214000,55.740000,-41.389000,-39.771000,34.13
1974937617,-0.836000,-0.371000,-0.216000,56.779000,-38.351000,-42.809000,34.13
1974948259,-0.824000,-0.366000,-0.174000,54.321000,-41.618000,-46.366000,34.08
1974955875,-0.792000,-0.381000,-0.193000,52.580000,-40.489000,-46.550000,34.13
1974968360,-0.819000,-0.332000,-0.150000,46.656000,-35.634000,-47.328000,34.08
1974980577,-0.788000,-0.316000,-0.135000,44.611000,-39.115000,-48.122000,34.18
1974986074,-0.835000,-0.417000,-0.135000,45.313000,-37.740000,-43.664000,34.08
1974992642,-0.801000,-0.383000,-0.124000,42.947000,-29.939000,-43.511000,34.13
1975005884,-0.849000,-0.448000,-0.119000,43.420000,-30.580000,-39.466000,34.08
1975020583,-0.816000,-0.464000,-0.131000,43.435000,-25.954000,-36.198000,34.22
1975026223,-0.844000,-0.476000,-0.114000,45.206000,-26.550000,-32.840000,34.27
1975042393,-0.815000,-0.483000,-0.109000,49.359000,-21.511000,-30.824000,34.13
1975050192,-0.821000,-0.450000,-0.104000,52.198000,-20.000000,-29.450000,34.18
1975056232,-0.860000,-0.422000,-0.095000,52.290000,-19.038000,-25.466000,34.04
1975069065,-0.840000,-0.444000,-0.113000,50.534000,-22.550000,-20.763000,34.18
1975081945,-0.791000,-0.423000,-0.078000,50.061000,-22.855000,-19.282000,34.18
1975084062,-0.772000,-0.396000,-0.066000,48.321000,-21.359000,-20.031000,34.13
1975095775,-0.819000,-0.366000,-0.092000,42.901000,-25.282000,-15.847000,34.08
1975102348,-0.780000,-0.397000,-0.076000,38.855000,-31.542000,-14.489000,34.13
1975118799,-0.766000,-0.424000,-0.108000,32.534000,-35.511000,-15.649000,34.08
1975126455,-0.803000,-0.406000,-0.100000,24.687000,-43.191000,-13.939000,34.13
1975135591,-0.783000,-0.428000,-0.051000,20.382000,-46.794000,-14.870000,34.08
1975147227,-0.776000,-0.470000,-0.024000,19.115000,-47.069000,-13.740000,34.13
1975156663,-0.796000,-0.480000,-0.018000,21.710000,-48.382000,-10.061000,34.08
1975168614,-0.781000,-0.436000,-0.040000,16.840000,-46.061000,-10.947000,34.04
1975179526,-0.786000,-0.478000,-0.001000,17.420000,-44.305000,-8.427000,34.08
1975184423,-0.765000,-0.497000,-0.023000,16.931000,-41.832000,-6.336000,34.13
1975193832,-0.756000,-0.493000,-0.003000,15.344000,-42.244000,-6.336000,34.08
1975207375,-0.722000,-0.507000,-0.012000,15.282000,-39.756000,-8.229000,34.13
1975219288,-0.742000,-0.508000,-0.010000,13.420000,-36.336000,-11.313000,34.13
1975225517,-0.783000,-0.503000,-0.003000,9.267000,-37.435000,-10.244000,34.18
1975238376,-0.746000,-0.517000,-0.010000,9.557000,-34.168000,-8.840000,34.13
1975250803,-0.705000,-0.510000,-0.051000,8.916000,-25.740000,-15.756000,34.27
1975256977,-0.717000,-0.530000,0.014000,11.817000,-17.176000,-17.237000,34.04
1975267531,-0.737000,-0.496000,-0.001000,13.389000,-11.786000,-17.664000,34.08
1975275538,-0.742000,-0.499000,0.031000,8.962000,-9.023000,-17.496000,34.13
1975286060,-0.700000,-0.496000,0.080000,8.931000,-6.855000,-16.977000,34.08
1975293070,-0.711000,-0.499000,0.080000,10.015000,0.153000,-16.015000,34.13
1975308896,-0.708000,-0.489000,0.104000,10.672000,2.977000,-16.458000,33.99
1975320841,-0.724000,-0.472000,0.113000,10.626000,6.290000,-15.817000,34.13
1975325931,-0.745000,-0.452000,0.120000,11.435000,7.985000,-13.710000,34.08
1975336520,-0.763000,-0.457000,0.096000,10.916000,10.061000,-12.031000,33.99
1975347067,-0.772000,-0.459000,0.111000,10.962000,11.374000,-9.710000,34.18
1975356225,-0.768000,-0.459000,0.107000,10.321000,11.863000,-7.679000,34.08
1975366274,-0.751000,-0.474000,0.065000,9.115000,12.702000,-4.916000,34.13
1975381828,-0.710000,-0.481000,0.104000,8.427000,12.977000,-4.504000,34.18
1975386688,-0.716000,-0.476000,0.109000,8.198000,13.466000,-3.588000,34.04
1975393692,-0.743000,-0.468000,0.101000,6.840000,11.221000,-1.496000,34.18
1975410912,-0.727000,-0.458000,0.121000,4.962000,9.115000,0.519000,34.13
1975419547,-0.709000,-0.472000,0.119000,4.519000,8.779000,1.313000,34.18
1975427251,-0.709000,-0.479000,0.109000,3.786000,8.000000,1.450000,34.13
1975434865,-0.719000,-0.489000,0.105000,2.733000,7.802000,2.580000,34.18
1975449651,-0.704000,-0.494000,0.097000,0.473000,5.878000,2.336000,34.08
1975454568,-0.706000,-0.507000,0.107000,-0.763000,4.290000,1.832000,34.04
1975466435,-0.710000,-0.508000,0.083000,-2.672000,2.794000,1.206000,34.08
1975477808,-0.707000,-0.531000,0.102000,-4.351000,2.260000,0.382000,34.22
1975486602,-0.693000,-0.541000,0.107000,-4.565000,1.725000,-0.168000,34.08
1975495752,-0.692000,-0.541000,0.122000,-4.092000,1.756000,-1.771000,34.04
1975502900,-0.712000,-0.541000,0.110000,-4.031000,2.031000,-3.405000,34.18
1975517934,-0.717000,-0.535000,0.113000,-4.107000,1.084000,-4.336000,34.13
1975526440,-0.694000,-0.543000,0.120000,-3.115000,0.840000,-5.420000,34.08
1975538869,-0.698000,-0.528000,0.125000,-2.763000,1.710000,-5.664000,34.13
1975552807,-0.692000,-0.529000,0.121000,-2.489000,2.000000,-6.183000,34.08
1975554798,-0.702000,-0.506000,0.106000,-3.038000,2.290000,-5.847000,34.04
1975566382,-0.702000,-0.493000,0.119000,-4.260000,2.519000,-5.893000,34.08
1975576974,-0.692000,-0.491000,0.121000,-4.748000,2.931000,-6.290000,33.99
1975585873,-0.715000,-0.482000,0.103000,-5.573000,2.718000,-6.107000,34.13
1975597163,-0.732000,-0.475000,0.098000,-6.992000,1.130000,-5.344000,34.18
1975603828,-0.729000,-0.477000,0.093000,-8.489000,-0.840000,-4.290000,34.04
1975619949,-0.719000,-0.478000,0.109000,-9.481000,-1.756000,-3.298000,34.18
1975625108,-0.719000,-0.483000,0.111000,-9.603000,-2.611000,-2.290000,34.13
1975636228,-0.724000,-0.492000,0.100000,-10.198000,-2.947000,-1.481000,34.08
1975648174,-0.729000,-0.477000,0.104000,-10.763000,-4.107000,-0.748000,34.13
1975655418,-0.724000,-0.483000,0.121000,-11.847000,-5.557000,0.336000,33.99
1975667748,-0.722000,-0.493000,0.124000,-12.870000,-6.061000,1.267000,34.04
1975679521,-0.715000,-0.498000,0.112000,-14.168000,-6.626000,2.000000,34.08
1975685624,-0.717000,-0.497000,0.142000,-14.229000,-6.519000,2.748000,34.08
1975697121,-0.708000,-0.494000,0.126000,-13.802000,-5.664000,3.206000,34.22
1975709209,-0.698000,-0.508000,0.128000,-13.374000,-4.290000,3.084000,34.18
1975723946,-0.704000,-0.518000,0.142000,-12.229000,-3.618000,3.450000,34.08
1975726727,-0.719000,-0.503000,0.117000,-11.847000,-3.023000,3.740000,34.18
1975736604,-0.715000,-0.500000,0.112000,-11.969000,-4.076000,4.000000,34.04
1975748817,-0.702000,-0.502000,0.128000,-12.244000,-4.260000,4.061000,34.08
1975754551,-0.693000,-0.507000,0.129000,-11.756000,-3.298000,4.092000,34.13
1975769128,-0.685000,-0.512000,0.126000,-11.069000,-1.511000,3.344000,34.08
1975774787,-0.692000,-0.504000,0.120000,-11.191000,-0.550000,2.931000,34.04
1975785765,-0.704000,-0.501000,0.114000,-11.008000,0.076000,2.687000,34.08
1975792346,-0.688000,-0.506000,0.135000,-10.168000,0.931000,2.672000,34.13
1975804463,-0.687000,-0.514000,0.124000,-9.115000,1.588000,1.893000,34.04
1975817792,-0.709000,-0.504000,0.108000,-9.420000,1.267000,1.817000,34.18
1975826506,-0.717000,-0.497000,0.107000,-10.321000,-0.763000,2.198000,34.04
1975836418,-0.718000,-0.497000,0.114000,-10.901000,-1.969000,2.473000,34.18
1975846765,-0.699000,-0.502000,0.110000,-11.649000,-2.519000,2.534000,34.13
1975856611,-0.713000,-0.498000,0.110000,-12.122000,-2.901000,2.580000,34.18
1975869053,-0.705000,-0.504000,0.124000,-12.550000,-3.282000,2.382000,34.13
1975876975,-0.699000,-0.491000,0.126000,-12.641000,-3.435000,2.031000,34.18
1975886077,-0.694000,-0.499000,0.122000,-12.321000,-3.191000,1.847000,34.13
1975893149,-0.694000,-0.513000,0.134000,-11.496000,-2.244000,1.450000,34.18
1975910266,-0.694000,-0.514000,0.125000,-10.916000,-1.206000,1.206000,34.13
1975919009,-0.702000,-0.508000,0.097000,-11.527000,-0.183000,0.809000,34.08
1975926545,-0.709000,-0.504000,0.124000,-11.832000,-0.748000,1.389000,34.18
1975936740,-0.708000,-0.504000,0.137000,-11.573000,0.198000,1.664000,34.08
1975945591,-0.702000,-0.512000,0.137000,-10.885000,1.954000,1.237000,34.18
1975956687,-0.709000,-0.495000,0.130000,-10.550000,3.634000,1.252000,34.13
1975965380,-0.708000,-0.495000,0.126000,-10.366000,4.840000,1.313000,34.08
1975976123,-0.702000,-0.510000,0.126000,-9.679000,6.534000,1.481000,34.13
1975987041,-0.701000,-0.508000,0.126000,-9.344000,8.412000,1.542000,34.18
1975994035,-0.723000,-0.503000,0.110000,-8.611000,9.511000,1.802000,34.13
1976008048,-0.745000,-0.489000,0.084000,-9.954000,10.443000,2.824000,34.18
1976017504,-0.740000,-0.498000,0.116000,-11.496000,9.115000,4.687000,34.13
1976025861,-0.703000,-0.496000,0.128000,-11.588000,10.153000,6.076000,34.08
1976036351,-0.721000,-0.483000,0.111000,-11.359000,12.550000,5.969000,34.13
1976048437,-0.743000,-0.473000,0.111000,-11.191000,11.206000,6.580000,34.22
1976056770,-0.736000,-0.471000,0.104000,-11.191000,11.954000,6.718000,34.18
1976070237,-0.728000,-0.465000,0.066000,-11.679000,12.504000,7.832000,34.13
1976075829,-0.749000,-0.475000,0.049000,-13.527000,12.000000,9.435000,34.18
1976084100,-0.774000,-0.467000,0.057000,-15.969000,9.710000,11.969000,34.13
1976094729,-0.754000,-0.487000,0.057000,-17.328000,8.275000,13.420000,34.08
1976107821,-0.748000,-0.482000,0.062000,-19.023000,8.702000,14.443000,34.13
1976115753,-0.753000,-0.459000,0.066000,-20.412000,9.115000,15.649000,34.18
1976127710,-0.740000,-0.489000,0.078000,-20.672000,7.466000,15.908000,34.04
1976136543,-0.745000,-0.486000,0.049000,-21.435000,11.145000,16.595000,33.99
1976147487,-0.736000,-0.505000,0.064000,-21.267000,11.115000,17.267000,34.13
1976156743,-0.725000,-0.517000,0.059000,-21.450000,11.481000,17.939000,34.08
1976166278,-0.743000,-0.491000,0.051000,-23.237000,11.588000,19.374000,34.18
1976175628,-0.761000,-0.457000,0.036000,-25.954000,10.305000,20.397000,34.13
1976183711,-0.750000,-0.459000,0.039000,-28.153000,6.855000,22.168000,34.08
1976194629,-0.746000,-0.444000,0.052000,-30.107000,7.282000,20.947000,34.13
1976206636,-0.763000,-0.451000,0.026000,-32.153000,10.046000,21.328000,34.08
1976219094,-0.732000,-0.486000,0.031000,-32.565000,10.351000,18.611000,34.13
1976227078,-0.741000,-0.488000,0.007000,-33.359000,12.443000,18.641000,34.08
1976237623,-0.723000,-0.490000,0.002000,-32.748000,13.328000,18.672000,34.13
1976248086,-0.741000,-0.500000,-0.002000,-30.382000,14.336000,16.244000,34.08
1976257013,-0.781000,-0.486000,-0.031000,-29.939000,15.420000,15.664000,34.13
1976265666,-0.793000,-0.481000,0.002000,-29.679000,12.931000,14.870000,34.18
1976276004,-0.771000,-0.453000,0.013000,-29.115000,12.611000,14.641000,34.13
1976287121,-0.740000,-0.427000,-0.024000,-29.053000,16.061000,14.183000,34.04
1976293786,-0.705000,-0.449000,-0.027000,-27.725000,22.504000,11.420000,34.08
1976308419,-0.688000,-0.487000,-0.052000,-23.588000,32.153000,9.206000,34.18
1976316895,-0.760000,-0.472000,-0.093000,-20.855000,40.824000,9.267000,34.18
1976325765,-0.783000,-0.470000,-0.102000,-19.771000,44.290000,9.908000,34.13
1976336791,-0.799000,-0.460000,-0.094000,-22.366000,47.435000,8.580000,34.08
1976348227,-0.778000,-0.460000,-0.055000,-22.290000,50.427000,9.237000,34.04
1976356722,-0.753000,-0.451000,-0.051000,-20.366000,54.489000,5.847000,34.08
1976365577,-0.720000,-0.474000,-0.113000,-14.626000,61.115000,4.443000,34.13
1976376123,-0.736000,-0.486000,-0.107000,-8.992000,68.473000,2.519000,34.08
1976386536,-0.775000,-0.447000,-0.124000,-6.656000,70.519000,2.977000,34.04
1976393528,-0.778000,-0.438000,-0.163000,-7.359000,68.031000,3.496000,34.18
1976408590,-0.811000,-0.427000,-0.159000,-12.107000,67.527000,5.145000,34.08
1976417815,-0.795000,-0.427000,-0.116000,-15.115000,67.282000,6.397000,34.13
1976425013,-0.811000,-0.398000,-0.139000,-15.924000,67.481000,7.282000,34.08
1976436707,-0.791000,-0.400000,-0.150000,-15.344000,70.595000,4.580000,34.13
1976447883,-0.825000,-0.393000,-0.199000,-17.634000,70.351000,6.489000,34.18
1976456142,-0.783000,-0.426000,-0.169000,-16.031000,69.710000,7.511000,34.13
1976465026,-0.795000,-0.439000,-0.220000,-16.672000,70.366000,8.168000,34.18
1976476140,-0.788000,-0.392000,-0.184000,-17.725000,70.382000,9.786000,34.13
1976486422,-0.816000,-0.376000,-0.211000,-21.282000,69.985000,9.679000,34.08
1976492877,-0.830000,-0.361000,-0.205000,-25.450000,68.672000,11.878000,34.04
1976509303,-0.833000,-0.381000,-0.235000,-30.473000,65.832000,13.771000,34.18
1976517156,-0.817000,-0.406000,-0.242000,-32.076000,66.565000,14.168000,34.13
1976525735,-0.832000,-0.400000,-0.279000,-32.977000,67.847000,15.939000,34.08
1976537098,-0.850000,-0.386000,-0.287000,-34.977000,66.244000,18.321000,34.18
1976549218,-0.832000,-0.363000,-0.284000,-37.221000,65.725000,17.252000,34.13
1976554713,-0.830000,-0.328000,-0.315000,-41.053000,64.840000,18.947000,34.08
1976567514,-0.799000,-0.352000,-0.291000,-41.756000,64.626000,18.122000,34.13
1976579584,-0.823000,-0.320000,-0.345000,-44.489000,63.863000,18.855000,34.18
1976587774,-0.826000,-0.319000,-0.396000,-48.473000,60.290000,20.916000,34.22
1976596727,-0.820000,-0.385000,-0.375000,-50.473000,58.214000,23.740000,34.18
1976603532,-0.844000,-0.360000,-0.375000,-52.901000,56.489000,27.298000,34.13
1976620868,-0.846000,-0.334000,-0.410000,-55.511000,54.382000,27.038000,34.27
1976626588,-0.862000,-0.283000,-0.395000,-60.595000,51.481000,27.695000,34.13
1976637166,-0.812000,-0.305000,-0.415000,-64.885000,51.008000,26.870000,34.18
1976650600,-0.770000,-0.366000,-0.434000,-64.748000,50.901000,27.618000,34.13
1976659516,-0.778000,-0.399000,-0.443000,-60.794000,53.618000,30.153000,34.13
1976665885,-0.789000,-0.360000,-0.457000,-58.595000,55.313000,31.924000,34.18
1976678043,-0.796000,-0.338000,-0.486000,-58.824000,55.832000,34.290000,34.08
1976689897,-0.774000,-0.319000,-0.496000,-60.550000,58.519000,36.031000,34.08
1976695638,-0.808000,-0.317000,-0.451000,-61.313000,59.267000,37.221000,34.13
1976702300,-0.783000,-0.323000,-0.467000,-62.748000,62.122000,36.229000,34.08
1976717586,-0.774000,-0.323000,-0.496000,-61.954000,64.305000,35.847000,34.04
1976728393,-0.782000,-0.329000,-0.494000,-61.160000,66.351000,35.985000,34.08
1976733982,-0.775000,-0.322000,-0.519000,-60.015000,68.015000,35.008000,34.13
1976745813,-0.781000,-0.301000,-0.511000,-59.771000,71.206000,34.702000,34.08
1976759568,-0.765000,-0.288000,-0.598000,-59.252000,71.710000,32.733000,34.13
1976765620,-0.791000,-0.275000,-0.590000,-58.550000,73.863000,33.588000,34.13
1976778480,-0.762000,-0.300000,-0.552000,-56.534000,75.420000,34.183000,34.18
1976790400,-0.734000,-0.261000,-0.568000,-55.573000,79.466000,35.450000,34.13
1976795163,-0.742000,-0.281000,-0.583000,-51.817000,82.565000,37.466000,34.08
1976806280,-0.721000,-0.270000,-0.570000,-51.466000,82.779000,36.962000,34.13
1976812776,-0.729000,-0.251000,-0.630000,-49.023000,86.183000,37.954000,34.08
1976826429,-0.729000,-0.241000,-0.597000,-46.748000,90.687000,37.802000,34.13
1976837560,-0.729000,-0.175000,-0.644000,-48.382000,88.977000,37.267000,34.18
1976846728,-0.735000,-0.212000,-0.652000,-48.595000,91.710000,38.015000,34.04
1976861292,-0.720000,-0.185000,-0.643000,-50.076000,90.534000,37.374000,34.08
1976863311,-0.698000,-0.208000,-0.664000,-48.901000,90.733000,35.557000,34.13
1976875778,-0.672000,-0.196000,-0.650000,-48.473000,94.870000,35.069000,34.18
1976890307,-0.685000,-0.189000,-0.664000,-47.176000,96.809000,34.000000,34.18
1976895059,-0.713000,-0.127000,-0.670000,-49.237000,92.840000,33.725000,34.08
1976904744,-0.679000,-0.110000,-0.707000,-51.786000,91.405000,32.656000,34.18
1976917911,-0.667000,-0.093000,-0.734000,-55.679000,90.565000,30.382000,34.13
1976926659,-0.634000,-0.105000,-0.727000,-58.580000,90.641000,31.466000,34.08
1976936131,-0.619000,-0.070000,-0.717000,-59.679000,91.389000,31.237000,34.13
1976943570,-0.661000,-0.049000,-0.818000,-61.511000,89.634000,32.305000,34.08
1976958933,-0.620000,-0.082000,-0.745000,-63.084000,86.611000,32.748000,34.13
1976966872,-0.617000,-0.051000,-0.756000,-64.534000,86.733000,32.916000,34.18
1976976866,-0.607000,-0.077000,-0.793000,-63.420000,85.969000,33.084000,34.13
1976987085,-0.610000,-0.060000,-0.750000,-63.634000,83.786000,34.092000,34.18
1976996829,-0.590000,-0.004000,-0.759000,-65.389000,81.496000,35.237000,34.13
1977003541,-0.594000,-0.029000,-0.788000,-68.748000,78.656000,37.878000,34.13
1977018590,-0.543000,-0.035000,-0.784000,-68.489000,75.282000,39.282000,34.08
1977028755,-0.544000,-0.014000,-0.785000,-68.504000,74.015000,41.221000,34.13
1977036816,-0.539000,0.011000,-0.799000,-69.191000,74.641000,41.695000,34.18
1977046912,-0.534000,0.042000,-0.798000,-70.962000,72.687000,42.000000,34.13
1977055171,-0.559000,0.079000,-0.812000,-73.802000,69.908000,43.099000,34.08
1977065641,-0.541000,0.076000,-0.806000,-77.466000,64.565000,44.824000,34.13
1977076953,-0.513000,0.110000,-0.870000,-77.969000,64.366000,46.214000,34.18
1977091881,-0.487000,0.026000,-0.786000,-72.748000,57.542000,48.198000,34.04
1977096083,-0.483000,0.055000,-0.812000,-71.817000,55.817000,51.802000,34.27
1977102734,-0.438000,0.089000,-0.799000,-68.611000,53.588000,53.863000,34.13
1977115022,-0.430000,0.142000,-0.809000,-68.580000,52.763000,56.779000,34.18
1977128889,-0.413000,0.151000,-0.813000,-68.702000,52.611000,56.656000,34.18
1977136608,-0.385000,0.158000,-0.832000,-67.832000,53.115000,55.786000,34.13
1977147011,-0.365000,0.122000,-0.883000,-63.557000,55.649000,51.298000,34.08
1977159457,-0.429000,0.148000,-0.841000,-64.336000,56.244000,51.359000,34.04
1977165201,-0.401000,0.158000,-0.929000,-64.443000,59.496000,50.122000,34.18
1977176841,-0.427000,0.169000,-0.855000,-63.435000,57.649000,50.153000,34.13
1977186932,-0.342000,0.161000,-0.911000,-62.702000,59.115000,47.130000,34.18
1977195676,-0.344000,0.198000,-0.890000,-58.931000,64.962000,43.344000,34.22
1977202292,-0.312000,0.219000,-0.913000,-58.656000,65.771000,39.969000,34.18
1977214562,-0.262000,0.231000,-0.912000,-57.817000,71.069000,34.626000,34.13
1977226540,-0.266000,0.230000,-0.912000,-56.458000,76.351000,29.450000,34.08
1977236042,-0.305000,0.233000,-0.989000,-55.450000,81.115000,25.099000,34.04
1977246969,-0.279000,0.220000,-0.928000,-55.817000,82.229000,21.099000,34.13
1977259360,-0.218000,0.250000,-0.951000,-54.229000,87.527000,15.878000,34.08
1977265025,-0.242000,0.297000,-0.951000,-53.817000,91.252000,14.885000,34.08
1977276781,-0.183000,0.292000,-0.961000,-56.305000,91.893000,12.305000,34.08
1977287914,-0.132000,0.289000,-0.948000,-54.015000,98.855000,10.901000,34.04
1977296163,-0.112000,0.330000,-0.972000,-50.412000,107.237000,10.260000,34.08
1977307142,-0.139000,0.345000,-0.981000,-48.061000,111.863000,10.824000,34.22
1977315207,-0.141000,0.352000,-0.987000,-46.229000,114.015000,11.328000,34.08
1977327443,-0.128000,0.369000,-0.979000,-44.565000,116.198000,12.977000,34.04
1977337075,-0.112000,0.399000,-0.991000,-44.092000,117.756000,14.458000,34.18
1977347426,-0.088000,0.434000,-0.971000,-44.794000,119.573000,15.573000,34.13
1977360182,-0.109000,0.479000,-0.971000,-47.603000,119.389000,18.656000,34.08
1977365767,-0.083000,0.479000,-0.953000,-48.046000,121.420000,20.824000,34.08
1977376495,-0.076000,0.498000,-0.961000,-49.282000,118.656000,25.511000,34.13
1977388452,-0.021000,0.494000,-0.971000,-48.962000,116.275000,31.725000,34.08
1977396557,0.065000,0.472000,-0.915000,-44.672000,119.924000,35.466000,34.04
1977405857,-0.050000,0.532000,-0.942000,-42.931000,119.435000,40.183000,34.08
1977412539,0.035000,0.541000,-0.917000,-43.313000,118.290000,43.954000,34.22
1977428855,0.014000,0.589000,-0.899000,-47.924000,117.053000,45.573000,34.18
1977439123,0.076000,0.551000,-0.912000,-52.321000,118.626000,44.687000,34.13
1977446332,0.036000,0.545000,-0.873000,-55.557000,115.924000,41.313000,34.18
1977457486,0.086000,0.516000,-0.893000,-58.244000,112.565000,42.489000,34.13
1977464623,0.034000,0.510000,-0.919000,-59.389000,109.924000,44.107000,34.08
1977474796,0.091000,0.491000,-0.925000,-66.870000,98.031000,47.328000,34.22
1977487399,0.080000,0.437000,-0.912000,-62.718000,104.458000,52.580000,34.08
1977497679,0.115000,0.480000,-0.903000,-63.023000,105.664000,54.244000,34.18
1977505263,0.165000,0.488000,-0.870000,-66.260000,104.748000,57.725000,34.13
1977512121,0.192000,0.527000,-0.840000,-64.122000,106.824000,57.496000,34.08
1977530148,0.221000,0.490000,-0.835000,-66.519000,102.275000,57.603000,34.13
1977539297,0.282000,0.473000,-0.814000,-64.962000,108.351000,55.740000,34.08
1977545513,0.278000,0.494000,-0.834000,-63.145000,110.107000,51.802000,34.04
1977558372,0.230000,0.532000,-0.832000,-66.092000,107.313000,49.130000,34.08
1977568401,0.278000,0.459000,-0.819000,-67.191000,104.168000,44.107000,34.04
1977575213,0.282000,0.434000,-0.823000,-72.473000,99.481000,44.626000,34.18
1977587879,0.236000,0.429000,-0.755000,-73.328000,96.870000,46.153000,34.22
1977598661,0.293000,0.450000,-0.721000,-72.061000,93.863000,41.725000,34.18
1977605202,0.299000,0.481000,-0.698000,-68.076000,96.260000,36.672000,34.08
1977612097,0.333000,0.484000,-0.630000,-67.221000,90.275000,36.840000,34.13
1977625451,0.374000,0.511000,-0.658000,-65.053000,83.847000,33.679000,34.08
1977637239,0.514000,0.525000,-0.585000,-62.489000,82.198000,33.176000,34.18
1977645528,0.460000,0.556000,-0.589000,-62.992000,73.176000,34.473000,34.18
1977659219,0.505000,0.563000,-0.535000,-64.504000,69.359000,36.107000,34.13
1977666274,0.521000,0.556000,-0.595000,-59.954000,71.710000,32.641000,34.08
1977676121,0.511000,0.509000,-0.515000,-51.008000,69.466000,28.397000,34.13
1977687344,0.495000,0.571000,-0.514000,-48.229000,62.244000,26.718000,34.18
1977693550,0.561000,0.589000,-0.489000,-45.695000,57.191000,22.092000,34.13
1977706054,0.493000,0.631000,-0.550000,-44.061000,53.878000,20.351000,33.99
1977712373,0.550000,0.600000,-0.456000,-40.336000,44.107000,19.771000,34.13
1977726406,0.469000,0.661000,-0.473000,-41.328000,30.031000,15.863000,34.08
1977738141,0.504000,0.667000,-0.538000,-45.786000,21.069000,18.427000,34.08
1977744256,0.609000,0.571000,-0.394000,-40.412000,10.076000,17.573000,34.22
1977759716,0.677000,0.592000,-0.414000,-31.695000,7.313000,15.557000,34.18
1977766808,0.673000,0.609000,-0.437000,-24.092000,6.351000,15.115000,34.22
1977776325,0.654000,0.642000,-0.421000,-20.504000,-3.939000,19.405000,34.08
1977788648,0.650000,0.637000,-0.420000,-15.817000,-10.885000,20.260000,34.22
1977798799,0.648000,0.632000,-0.439000,-12.534000,-14.534000,19.069000,34.18
1977805774,0.610000,0.639000,-0.454000,-10.092000,-19.237000,16.519000,34.13
1977812526,0.594000,0.632000,-0.469000,-9.527000,-24.473000,13.435000,34.08
1977827166,0.592000,0.618000,-0.470000,-7.282000,-29.466000,9.252000,34.22
1977838115,0.595000,0.601000,-0.469000,-4.214000,-35.527000,6.443000,34.08
1977845710,0.602000,0.604000,-0.454000,0.397000,-41.557000,3.740000,34.08
1977860502,0.634000,0.608000,-0.461000,5.603000,-48.427000,2.382000,34.18
1977867208,0.649000,0.578000,-0.529000,11.557000,-52.244000,2.305000,34.18
1977877269,0.634000,0.581000,-0.510000,15.908000,-54.443000,2.351000,34.13
1977884474,0.630000,0.596000,-0.519000,19.008000,-56.183000,1.924000,34.18
1977898377,0.584000,0.604000,-0.511000,22.153000,-58.672000,0.626000,34.13
1977906970,0.573000,0.598000,-0.531000,24.504000,-60.672000,-2.992000,34.18
1977913809,0.557000,0.574000,-0.561000,27.252000,-63.115000,-5.237000,34.22
1977926679,0.553000,0.585000,-0.543000,29.267000,-67.863000,-6.931000,34.18
1977937057,0.560000,0.575000,-0.604000,31.328000,-69.664000,-9.176000,34.04
1977946417,0.557000,0.562000,-0.579000,35.221000,-70.687000,-11.099000,34.18
1977959607,0.492000,0.584000,-0.612000,37.221000,-74.824000,-12.458000,34.18
1977967045,0.508000,0.577000,-0.610000,38.840000,-77.176000,-14.580000,34.22
1977976424,0.493000,0.566000,-0.650000,41.344000,-79.634000,-17.511000,34.08
1977986951,0.467000,0.564000,-0.625000,43.298000,-82.076000,-20.244000,34.13
1977994939,0.470000,0.567000,-0.630000,46.427000,-82.260000,-23.511000,34.08
1978006835,0.421000,0.565000,-0.708000,46.748000,-87.038000,-25.191000,34.13
1978013682,0.485000,0.522000,-0.675000,49.282000,-84.779000,-27.405000,34.18
1978027008,0.426000,0.539000,-0.703000,51.863000,-85.725000,-29.069000,34.13
1978037428,0.409000,0.553000,-0.697000,51.420000,-88.595000,-29.618000,34.18
1978046338,0.413000,0.505000,-0.740000,54.198000,-89.069000,-32.000000,34.13
1978060422,0.399000,0.497000,-0.748000,56.870000,-86.870000,-34.779000,34.08
1978067683,0.387000,0.477000,-0.748000,61.481000,-85.160000,-38.305000,34.08
1978076443,0.343000,0.481000,-0.791000,64.031000,-84.992000,-40.489000,34.18
1978085252,0.330000,0.506000,-0.801000,63.924000,-83.832000,-40.198000,34.18
1978099864,0.292000,0.513000,-0.815000,62.611000,-86.977000,-40.824000,34.22
1978106336,0.316000,0.501000,-0.782000,62.046000,-88.870000,-41.924000,34.18
1978113077,0.343000,0.472000,-0.795000,63.893000,-84.046000,-45.038000,34.13
1978128878,0.269000,0.491000,-0.776000,67.603000,-84.672000,-48.092000,34.18
1978138251,0.228000,0.506000,-0.836000,66.183000,-86.870000,-48.885000,34.13
1978146247,0.212000,0.460000,-0.866000,65.542000,-87.191000,-49.954000,34.18
1978156707,0.207000,0.433000,-0.832000,65.786000,-87.863000,-51.893000,34.13
1978166505,0.155000,0.455000,-0.841000,66.672000,-88.962000,-53.634000,34.08
1978175272,0.156000,0.426000,-0.853000,65.618000,-90.153000,-53.924000,34.18
1978186901,0.094000,0.436000,-0.859000,65.771000,-89.954000,-56.473000,34.13
1978195310,0.053000,0.464000,-0.848000,63.893000,-96.229000,-58.870000,34.08
1978206914,0.070000,0.434000,-0.834000,61.481000,-101.115000,-59.908000,34.13
1978212360,0.082000,0.378000,-0.917000,59.695000,-102.504000,-60.366000,34.08
1978225212,0.089000,0.333000,-0.884000,58.351000,-104.321000,-59.206000,34.13
1978238886,0.041000,0.325000,-0.884000,62.443000,-103.420000,-58.962000,34.18
1978247817,-0.008000,0.296000,-0.883000,64.168000,-104.092000,-57.588000,34.13
1978257754,-0.058000,0.338000,-0.852000,64.366000,-107.191000,-58.351000,34.18
1978269243,-0.073000,0.333000,-0.899000,62.015000,-110.779000,-58.092000,34.13
1978276987,-0.090000,0.319000,-0.865000,58.137000,-114.366000,-59.359000,34.18
1978287981,-0.060000,0.290000,-0.913000,55.511000,-117.664000,-62.061000,34.13
1978297479,-0.073000,0.233000,-0.952000,55.252000,-114.733000,-63.664000,34.18
1978307867,-0.181000,0.231000,-0.904000,56.031000,-113.573000,-64.092000,34.08
1978315453,-0.223000,0.203000,-0.948000,55.298000,-116.061000,-63.527000,34.22
1978322279,-0.271000,0.237000,-0.885000,52.779000,-121.313000,-62.366000,34.08
1978339459,-0.244000,0.225000,-0.912000,49.237000,-126.733000,-61.466000,34.13
1978347902,-0.241000,0.171000,-0.941000,50.275000,-121.267000,-63.435000,34.08
1978355014,-0.279000,0.165000,-0.870000,52.641000,-122.366000,-66.305000,34.22
1978367405,-0.277000,0.164000,-0.915000,54.687000,-119.023000,-68.229000,34.18
1978378208,-0.355000,0.155000,-0.915000,55.420000,-116.718000,-68.092000,34.22
1978386278,-0.438000,0.190000,-0.886000,51.634000,-124.031000,-62.809000,34.18
1978398678,-0.422000,0.149000,-0.889000,48.092000,-127.435000,-63.053000,34.13
1978407017,-0.413000,0.111000,-0.863000,49.557000,-122.168000,-64.076000,34.04
1978414161,-0.500000,0.159000,-0.823000,49.679000,-124.244000,-62.962000,34.08
1978425214,-0.531000,0.143000,-0.864000,47.023000,-128.718000,-59.450000,34.22
1978436838,-0.494000,0.065000,-0.887000,47.802000,-127.023000,-58.550000,34.18
1978447912,-0.479000,0.034000,-0.856000,55.145000,-125.511000,-61.603000,34.18
1978456291,-0.538000,0.096000,-0.847000,56.977000,-121.511000,-59.389000,34.18
1978465202,-0.593000,0.150000,-0.799000,53.313000,-128.076000,-60.458000,34.13
1978477855,-0.580000,0.111000,-0.804000,46.992000,-127.542000,-59.374000,34.08
1978486708,-0.587000,0.086000,-0.740000,44.214000,-128.198000,-61.099000,34.22
1978496539,-0.584000,0.061000,-0.746000,41.893000,-129.588000,-63.481000,34.08
1978512481,-0.547000,-0.046000,-0.836000,42.656000,-125.634000,-65.481000,34.13
1978516705,-0.579000,-0.084000,-0.735000,52.550000,-118.534000,-69.435000,34.18
1978523098,-0.693000,-0.022000,-0.765000,53.252000,-119.725000,-67.954000,34.04
1978539787,-0.718000,-0.015000,-0.775000,49.099000,-119.008000,-64.947000,34.13
1978554024,-0.750000,-0.056000,-0.705000,47.237000,-122.061000,-63.771000,34.18
1978556550,-0.717000,-0.049000,-0.673000,43.664000,-122.962000,-62.672000,34.13
1978566674,-0.688000,-0.097000,-0.700000,45.603000,-117.649000,-62.809000,34.08
1978578113,-0.707000,-0.127000,-0.708000,50.824000,-108.550000,-66.229000,34.13
1978586127,-0.697000,-0.144000,-0.639000,53.985000,-101.695000,-69.771000,34.08
1978596301,-0.735000,-0.156000,-0.675000,57.466000,-97.817000,-68.840000,34.13
1978608176,-0.808000,-0.118000,-0.655000,55.817000,-94.168000,-65.527000,34.08
1978616101,-0.812000,-0.118000,-0.586000,54.901000,-98.351000,-63.771000,34.13
1978625525,-0.812000,-0.139000,-0.654000,54.748000,-93.573000,-63.679000,34.18
1978632366,-0.851000,-0.166000,-0.572000,57.237000,-90.595000,-65.237000,34.22
1978650899,-0.830000,-0.176000,-0.640000,56.519000,-90.641000,-64.198000,34.13
1978659484,-0.816000,-0.203000,-0.647000,58.947000,-83.053000,-64.015000,34.08
1978666257,-0.857000,-0.163000,-0.582000,59.267000,-79.298000,-63.252000,34.08
1978678968,-0.877000,-0.155000,-0.589000,56.672000,-79.832000,-60.947000,34.08
1978691803,-0.826000,-0.150000,-0.559000,55.145000,-77.298000,-61.908000,34.04
1978695563,-0.857000,-0.122000,-0.501000,51.802000,-79.588000,-62.137000,34.08
1978707290,-0.809000,-0.166000,-0.535000,48.595000,-81.420000,-61.939000,34.04
1978717410,-0.837000,-0.194000,-0.515000,49.710000,-79.389000,-60.519000,34.08
1978725475,-0.854000,-0.223000,-0.506000,50.504000,-79.573000,-58.076000,34.13
1978735250,-0.865000,-0.235000,-0.531000,50.931000,-78.229000,-54.733000,34.08
1978742020,-0.894000,-0.233000,-0.477000,50.443000,-77.069000,-51.053000,34.13
1978759404,-0.892000,-0.246000,-0.501000,49.634000,-78.183000,-48.947000,34.08
1978768803,-0.897000,-0.258000,-0.465000,46.412000,-78.779000,-44.840000,34.22
1978775071,-0.832000,-0.281000,-0.405000,45.298000,-80.397000,-42.489000,34.13
1978787506,-0.785000,-0.312000,-0.433000,45.160000,-78.977000,-42.076000,34.18
1978797893,-0.839000,-0.294000,-0.410000,44.489000,-75.893000,-40.305000,34.13
1978805128,-0.861000,-0.319000,-0.362000,42.076000,-77.328000,-37.878000,34.08
1978818079,-0.869000,-0.335000,-0.378000,40.336000,-76.763000,-36.229000,34.13
1978827191,-0.892000,-0.365000,-0.323000,38.992000,-77.221000,-33.374000,34.18
1978833708,-0.894000,-0.390000,-0.372000,38.687000,-75.878000,-30.382000,34.13
1978844971,-0.897000,-0.391000,-0.298000,40.382000,-78.153000,-36.305000,34.08
1978857456,-0.848000,-0.391000,-0.289000,38.550000,-80.504000,-35.450000,34.13
1978871114,-0.823000,-0.419000,-0.289000,38.366000,-78.809000,-32.351000,34.18
1978876709,-0.768000,-0.434000,-0.271000,45.130000,-70.000000,-29.771000,34.13
1978884490,-0.801000,-0.429000,-0.234000,48.870000,-62.504000,-30.305000,34.18
1978897570,-0.850000,-0.393000,-0.257000,49.725000,-57.939000,-28.458000,34.08
1978907594,-0.860000,-0.376000,-0.234000,47.679000,-59.145000,-26.137000,34.13
1978914794,-0.839000,-0.385000,-0.192000,43.664000,-59.771000,-27.038000,34.27
1978928634,-0.834000,-0.389000,-0.179000,41.130000,-61.069000,-27.786000,34.13
1978936250,-0.816000,-0.410000,-0.191000,39.053000,-61.405000,-27.466000,34.18
1978943045,-0.802000,-0.446000,-0.181000,40.229000,-59.649000,-28.015000,34.13
1978956560,-0.774000,-0.443000,-0.139000,42.565000,-57.954000,-28.137000,34.08
1978968113,-0.766000,-0.469000,-0.211000,44.458000,-54.046000,-27.420000,34.04
1978973706,-0.796000,-0.493000,-0.153000,50.168000,-52.336000,-18.260000,34.08
1978990440,-0.831000,-0.460000,-0.105000,49.176000,-49.603000,-26.885000,34.13
1978997662,-0.837000,-0.440000,-0.146000,48.977000,-47.817000,-22.351000,34.13
1979005920,-0.852000,-0.450000,-0.130000,48.153000,-47.053000,-22.336000,34.18
1979017604,-0.835000,-0.441000,-0.108000,45.313000,-50.290000,-21.557000,34.13
1979025383,-0.799000,-0.463000,-0.087000,42.702000,-49.511000,-20.092000,34.18
1979035428,-0.772000,-0.469000,-0.059000,43.221000,-48.198000,-20.962000,34.27
1979045957,-0.786000,-0.462000,-0.063000,40.931000,-44.855000,-23.099000,34.18
1979052665,-0.766000,-0.512000,-0.084000,41.939000,-40.473000,-23.496000,34.13
1979066903,-0.775000,-0.488000,-0.038000,42.000000,-37.344000,-22.092000,34.18
1979076675,-0.802000,-0.475000,-0.030000,40.107000,-36.824000,-20.000000,34.04
1979086512,-0.795000,-0.462000,-0.029000,39.542000,-37.221000,-18.198000,34.08
1979099791,-0.828000,-0.445000,-0.040000,38.107000,-37.130000,-16.947000,34.04
1979107516,-0.792000,-0.459000,-0.018000,36.550000,-35.115000,-15.511000,34.18
1979118747,-0.789000,-0.460000,-0.006000,36.061000,-35.786000,-15.802000,34.08
1979133522,-0.759000,-0.449000,0.016000,35.344000,-34.015000,-17.145000,34.13
1979138091,-0.768000,-0.452000,0.015000,36.244000,-32.916000,-16.595000,34.18
1979143994,-0.784000,-0.441000,-0.002000,34.229000,-33.145000,-19.191000,34.13
1979156904,-0.774000,-0.472000,0.001000,32.336000,-34.305000,-15.954000,34.08
1979168929,-0.747000,-0.494000,0.015000,32.763000,-31.756000,-15.649000,34.13
1979179170,-0.784000,-0.436000,0.010000,30.183000,-31.847000,-13.740000,34.18
1979188746,-0.729000,-0.447000,0.050000,27.878000,-31.756000,-11.756000,34.13
1979198202,-0.713000,-0.492000,0.053000,29.527000,-30.046000,-11.832000,34.18
1979208631,-0.735000,-0.481000,0.047000,28.779000,-27.099000,-11.344000,34.22
1979214713,-0.798000,-0.460000,0.041000,23.985000,-29.634000,-10.275000,33.99
1979227334,-0.757000,-0.472000,0.075000,18.550000,-29.130000,-10.809000,34.08
1979238519,-0.763000,-0.479000,0.082000,15.420000,-29.130000,-9.924000,34.13
1979243421,-0.738000,-0.507000,0.098000,17.542000,-25.160000,-9.969000,34.08
1979255040,-0.696000,-0.480000,0.134000,18.473000,-19.328000,-17.420000,34.08
1979267269,-0.693000,-0.544000,0.093000,21.084000,-14.061000,-16.534000,34.08
1979278287,-0.724000,-0.539000,0.064000,22.565000,-10.046000,-15.634000,34.13
1979286475,-0.685000,-0.545000,0.065000,23.023000,-6.412000,-17.771000,34.08
1979295585,-0.741000,-0.520000,0.074000,21.817000,-3.450000,-16.565000,34.22
1979308423,-0.720000,-0.508000,0.094000,21.160000,0.656000,-16.733000,34.08
1979316946,-0.710000,-0.504000,0.109000,21.298000,4.534000,-18.519000,34.22
1979326304,-0.717000,-0.488000,0.088000,21.527000,8.031000,-18.870000,34.08
1979337050,-0.719000,-0.468000,0.117000,18.687000,9.649000,-19.740000,34.08
1979345718,-0.718000,-0.472000,0.143000,19.420000,10.672000,-17.267000,34.22
1979354503,-0.707000,-0.464000,0.133000,18.824000,14.275000,-19.282000,34.08
1979369857,-0.735000,-0.463000,0.134000,19.527000,16.183000,-17.725000,34.22
1979378174,-0.748000,-0.466000,0.135000,18.153000,16.336000,-15.725000,34.18
1979386968,-0.748000,-0.467000,0.135000,16.977000,16.305000,-13.511000,34.13
1979393951,-0.759000,-0.448000,0.121000,14.809000,16.137000,-11.511000,34.18
1979408573,-0.767000,-0.438000,0.125000,12.992000,14.748000,-8.885000,34.22
1979417211,-0.765000,-0.439000,0.136000,10.931000,13.282000,-6.260000,34.08
1979427069,-0.764000,-0.460000,0.161000,8.824000,10.672000,-4.366000,34.13
1979436939,-0.734000,-0.444000,0.138000,7.115000,9.908000,-3.389000,34.18
1979447181,-0.729000,-0.456000,0.153000,5.511000,8.198000,-2.000000,34.22
1979455219,-0.728000,-0.469000,0.136000,3.756000,5.771000,0.382000,34.08
1979462215,-0.715000,-0.485000,0.128000,2.305000,4.916000,2.031000,34.22
1979478835,-0.735000,-0.491000,0.126000,1.069000,3.786000,3.542000,34.18
1979488022,-0.730000,-0.481000,0.143000,-1.130000,1.496000,4.290000,34.18
1979495355,-0.720000,-0.484000,0.121000,-2.641000,-0.275000,4.916000,34.13
1979507141,-0.719000,-0.480000,0.141000,-5.359000,-1.252000,4.473000,34.08
1979514435,-0.719000,-0.476000,0.137000,-7.466000,-2.794000,5.069000,34.13
1979527662,-0.704000,-0.493000,0.139000,-9.252000,-3.664000,5.389000,34.08
1979536302,-0.675000,-0.495000,0.142000,-9.221000,-0.595000,4.977000,34.22
1979545809,-0.651000,-0.530000,0.183000,-6.855000,3.191000,3.115000,34.08
1979557102,-0.671000,-0.526000,0.144000,-4.626000,5.710000,1.649000,34.13
1979564053,-0.717000,-0.495000,0.105000,-6.397000,2.718000,1.557000,34.18
1979580704,-0.733000,-0.481000,0.099000,-9.756000,-2.244000,1.756000,34.13
1979590182,-0.722000,-0.470000,0.140000,-12.611000,-5.802000,2.397000,34.08
1979596014,-0.699000,-0.484000,0.143000,-13.710000,-6.504000,2.244000,34.13
1979612106,-0.694000,-0.488000,0.132000,-14.947000,-4.382000,0.840000,34.08
1979619230,-0.698000,-0.488000,0.153000,-16.321000,-3.496000,0.931000,34.13
1979626873,-0.696000,-0.484000,0.181000,-16.076000,-1.878000,1.450000,34.18
1979638800,-0.658000,-0.519000,0.171000,-14.748000,1.695000,1.298000,34.08
1979647439,-0.678000,-0.524000,0.143000,-12.427000,6.000000,0.504000,34.13
1979653251,-0.709000,-0.517000,0.151000,-12.183000,5.191000,1.344000,34.18
1979664850,-0.722000,-0.481000,0.168000,-12.290000,3.008000,2.947000,34.04
1979680957,-0.701000,-0.483000,0.157000,-13.023000,0.931000,3.038000,34.08
1979690413,-0.719000,-0.484000,0.151000,-14.336000,0.443000,3.954000,34.13
1979696760,-0.704000,-0.485000,0.141000,-14.824000,0.885000,3.588000,34.18
1979709183,-0.704000,-0.486000,0.178000,-14.885000,1.267000,3.893000,34.13
1979716647,-0.710000,-0.483000,0.149000,-15.557000,2.718000,4.137000,34.18
1979725145,-0.702000,-0.477000,0.145000,-16.947000,4.656000,3.939000,34.13
1979739240,-0.709000,-0.498000,0.144000,-16.351000,6.244000,4.641000,34.08
1979749657,-0.707000,-0.509000,0.134000,-16.214000,8.611000,4.718000,34.13
1979754232,-0.715000,-0.498000,0.121000,-15.634000,9.328000,5.573000,34.18
1979765971,-0.723000,-0.487000,0.127000,-16.061000,9.969000,5.557000,34.08
1979777743,-0.726000,-0.469000,0.141000,-18.489000,10.962000,4.901000,34.08
1979789490,-0.695000,-0.509000,0.146000,-19.252000,12.824000,4.733000,34.08
1979797081,-0.675000,-0.576000,0.115000,-14.550000,17.985000,5.908000,34.13
1979806016,-0.699000,-0.545000,0.104000,-13.115000,21.191000,5.053000,34.08
1979816392,-0.726000,-0.514000,0.081000,-13.634000,18.565000,5.496000,34.04
1979823756,-0.742000,-0.472000,0.066000,-17.924000,18.046000,5.008000,34.08
1979836483,-0.748000,-0.437000,0.105000,-21.603000,20.015000,4.580000,34.13
1979852210,-0.697000,-0.489000,0.154000,-20.992000,27.252000,5.084000,34.08
1979856045,-0.636000,-0.622000,0.080000,-15.130000,39.802000,3.649000,34.13
1979866304,-0.706000,-0.640000,0.064000,-5.130000,48.412000,4.336000,34.08
1979874075,-0.823000,-0.502000,0.037000,-4.840000,46.260000,6.000000,34.04
1979886771,-0.883000,-0.438000,-0.006000,-14.550000,34.427000,8.656000,34.04
1979896076,-0.825000,-0.455000,0.001000,-19.466000,28.534000,8.519000,34.08
1979907631,-0.796000,-0.449000,0.037000,-23.496000,32.794000,3.802000,34.13
1979918493,-0.741000,-0.484000,0.031000,-22.672000,40.992000,4.443000,34.18
1979926474,-0.698000,-0.525000,-0.005000,-20.916000,52.305000,7.328000,34.18
1979937693,-0.721000,-0.524000,-0.030000,-15.588000,60.321000,7.863000,34.08
1979946968,-0.802000,-0.484000,-0.056000,-15.649000,60.763000,8.504000,34.13
1979957662,-0.803000,-0.460000,-0.063000,-16.534000,58.931000,9.130000,34.08
1979966195,-0.841000,-0.453000,-0.111000,-19.969000,55.908000,10.565000,34.13
1979973021,-0.810000,-0.467000,-0.085000,-20.580000,59.267000,8.458000,34.18
1979986065,-0.804000,-0.480000,-0.080000,-20.565000,65.511000,8.656000,34.13
1979999276,-0.817000,-0.482000,-0.103000,-23.969000,67.969000,9.893000,34.08
1980006414,-0.783000,-0.482000,-0.132000,-24.336000,72.076000,13.267000,34.13
1980019370,-0.807000,-0.462000,-0.140000,-26.229000,76.656000,13.176000,34.18
1980029844,-0.806000,-0.445000,-0.188000,-31.282000,76.168000,15.405000,34.08
1980036885,-0.762000,-0.492000,-0.152000,-31.725000,79.435000,15.649000,34.13
1980046719,-0.820000,-0.423000,-0.160000,-32.137000,84.336000,14.947000,34.08
1980058648,-0.828000,-0.410000,-0.209000,-35.145000,84.137000,15.878000,34.13
1980065317,-0.800000,-0.439000,-0.216000,-38.000000,84.626000,15.481000,34.18
1980076965,-0.803000,-0.488000,-0.226000,-35.817000,88.290000,16.183000,34.13
1980087412,-0.822000,-0.492000,-0.239000,-33.496000,90.855000,15.710000,34.08
1980099108,-0.867000,-0.411000,-0.261000,-39.481000,90.824000,17.008000,34.13
1980104424,-0.864000,-0.424000,-0.302000,-45.695000,86.260000,18.366000,34.18
1980115377,-0.830000,-0.456000,-0.318000,-50.489000,86.137000,20.366000,34.13
1980132524,-0.784000,-0.479000,-0.244000,-51.206000,90.229000,21.588000,34.08
1980134393,-0.783000,-0.466000,-0.266000,-50.748000,92.290000,24.214000,34.08
1980145760,-0.806000,-0.415000,-0.284000,-53.664000,90.595000,25.924000,34.08
1980157216,-0.824000,-0.426000,-0.314000,-55.679000,87.282000,26.519000,34.08
1980165886,-0.832000,-0.450000,-0.320000,-56.092000,90.397000,27.298000,34.22
1980175842,-0.827000,-0.448000,-0.354000,-59.115000,90.962000,26.824000,34.08
1980183875,-0.882000,-0.426000,-0.378000,-62.534000,89.878000,30.519000,34.04
1980196803,-0.873000,-0.457000,-0.365000,-66.229000,87.435000,32.092000,34.18
1980206653,-0.856000,-0.437000,-0.366000,-68.275000,90.427000,33.435000,34.04
1980217340,-0.829000,-0.416000,-0.365000,-69.863000,86.809000,33.924000,34.18
1980227729,-0.805000,-0.417000,-0.389000,-71.130000,88.443000,34.275000,34.13
1980237686,-0.791000,-0.381000,-0.411000,-73.359000,86.931000,33.969000,34.18
1980247535,-0.807000,-0.418000,-0.428000,-73.191000,86.107000,35.618000,34.13
1980258396,-0.833000,-0.396000,-0.464000,-72.550000,87.145000,37.084000,34.18
1980266517,-0.882000,-0.413000,-0.460000,-72.031000,90.260000,39.496000,34.18
1980274629,-0.832000,-0.422000,-0.459000,-70.702000,91.420000,39.786000,34.13
1980290419,-0.801000,-0.421000,-0.464000,-67.221000,91.099000,42.015000,34.08
1980303299,-0.789000,-0.389000,-0.495000,-64.336000,90.977000,43.710000,34.18
1980308950,-0.758000,-0.381000,-0.496000,-62.061000,90.656000,44.412000,34.08
1980318829,-0.729000,-0.337000,-0.523000,-59.618000,91.206000,44.626000,34.13
1980328776,-0.747000,-0.288000,-0.529000,-58.275000,91.084000,43.878000,34.08
1980338702,-0.727000,-0.276000,-0.558000,-57.817000,90.672000,41.466000,34.13
1980345339,-0.749000,-0.246000,-0.576000,-58.366000,90.916000,44.046000,34.08
1980356092,-0.699000,-0.240000,-0.525000,-57.435000,90.855000,42.672000,34.13
1980370073,-0.692000,-0.196000,-0.632000,-61.618000,90.473000,39.679000,34.08
1980374655,-0.690000,-0.237000,-0.547000,-61.313000,90.641000,39.863000,34.13
1980385109,-0.697000,-0.185000,-0.615000,-61.679000,91.511000,38.519000,34.13
1980397079,-0.726000,-0.119000,-0.637000,-64.290000,91.023000,34.916000,34.08
1980412030,-0.679000,-0.187000,-0.633000,-64.519000,91.084000,32.779000,34.13
1980416641,-0.665000,-0.186000,-0.650000,-62.901000,91.069000,34.061000,34.08
1980425437,-0.689000,-0.167000,-0.676000,-63.237000,89.695000,33.954000,34.13
1980436220,-0.652000,-0.166000,-0.674000,-62.534000,86.137000,35.084000,34.18
1980447374,-0.645000,-0.156000,-0.712000,-62.656000,86.824000,35.695000,34.13
1980455770,-0.649000,-0.139000,-0.684000,-64.214000,85.618000,36.611000,34.18
1980467367,-0.599000,-0.121000,-0.689000,-63.206000,86.412000,33.908000,34.22
1980477480,-0.603000,-0.075000,-0.688000,-64.198000,85.740000,31.786000,34.08
1980483756,-0.566000,-0.083000,-0.735000,-65.450000,84.672000,31.130000,34.04
1980495816,-0.580000,-0.108000,-0.809000,-65.557000,85.466000,33.023000,34.08
1980508250,-0.603000,-0.071000,-0.781000,-63.756000,84.214000,35.969000,34.13
1980517270,-0.594000,-0.092000,-0.821000,-64.260000,85.435000,38.763000,34.27
1980528235,-0.590000,-0.038000,-0.790000,-65.420000,79.740000,42.733000,34.18
1980537101,-0.536000,-0.007000,-0.781000,-66.885000,79.466000,43.267000,34.13
1980547335,-0.512000,0.018000,-0.817000,-68.229000,78.687000,42.901000,34.08
1980554720,-0.501000,0.010000,-0.802000,-68.702000,77.099000,43.771000,34.13
1980567490,-0.482000,0.012000,-0.814000,-67.008000,76.534000,42.809000,34.08
1980576918,-0.481000,0.033000,-0.831000,-65.756000,76.092000,43.527000,34.04
1980583438,-0.514000,0.043000,-0.842000,-68.076000,77.115000,45.695000,34.08
1980595088,-0.532000,0.051000,-0.845000,-70.779000,73.405000,47.420000,34.13
1980609292,-0.531000,0.089000,-0.861000,-73.206000,72.611000,47.954000,34.18
1980618610,-0.482000,0.086000,-0.881000,-75.695000,71.740000,47.679000,34.22
1980626395,-0.441000,0.088000,-0.826000,-75.023000,70.076000,46.137000,34.04
1980640248,-0.420000,0.066000,-0.869000,-72.763000,71.115000,44.611000,34.18
1980648430,-0.407000,0.100000,-0.865000,-72.122000,69.878000,45.405000,34.13
1980658688,-0.417000,0.130000,-0.922000,-71.985000,70.015000,48.290000,34.08
1980667427,-0.427000,0.111000,-0.895000,-72.076000,71.267000,50.656000,34.13
1980676548,-0.424000,0.137000,-0.904000,-73.511000,71.160000,51.115000,34.18
1980682960,-0.388000,0.154000,-0.887000,-74.489000,73.130000,50.733000,34.13
1980694696,-0.377000,0.158000,-0.937000,-74.244000,73.802000,50.122000,34.08
1980711154,-0.360000,0.149000,-0.908000,-73.817000,74.321000,49.939000,34.04
1980720595,-0.356000,0.167000,-0.930000,-73.130000,73.145000,50.305000,34.08
1980725946,-0.311000,0.202000,-0.903000,-70.504000,74.962000,49.924000,34.18
1980739918,-0.287000,0.208000,-0.901000,-67.679000,76.885000,48.427000,34.08
1980748123,-0.276000,0.269000,-0.933000,-65.969000,76.947000,49.466000,34.08
1980756658,-0.254000,0.244000,-0.922000,-65.450000,79.160000,49.847000,34.13
1980763816,-0.195000,0.239000,-0.915000,-60.962000,83.069000,48.855000,34.27
1980779662,-0.253000,0.266000,-0.962000,-57.603000,85.710000,50.992000,34.13
1980784145,-0.271000,0.247000,-0.972000,-54.275000,86.107000,52.611000,34.18
1980794037,-0.241000,0.254000,-0.923000,-49.878000,86.397000,52.321000,34.13
1980807408,-0.242000,0.340000,-1.017000,-47.405000,87.252000,53.420000,34.08
1980821498,-0.141000,0.316000,-0.869000,-41.908000,85.450000,50.855000,34.13
1980827885,-0.148000,0.386000,-0.919000,-43.450000,90.351000,50.794000,34.18
1980838079,-0.100000,0.410000,-0.931000,-44.382000,90.397000,47.985000,34.08
1980850544,-0.096000,0.386000,-0.932000,-44.733000,90.870000,46.382000,34.04
1980857605,-0.079000,0.340000,-0.943000,-43.511000,91.664000,43.695000,34.08
1980864612,-0.118000,0.370000,-0.953000,-41.115000,91.252000,40.763000,34.13
1980876853,-0.153000,0.359000,-0.930000,-40.687000,96.458000,41.710000,34.18
1980886922,-0.059000,0.333000,-0.876000,-38.947000,98.550000,35.282000,34.13
1980893497,-0.082000,0.422000,-0.914000,-42.641000,95.191000,41.053000,34.08
1980905447,-0.045000,0.410000,-0.927000,-45.389000,96.366000,41.573000,34.22
1980914493,0.056000,0.342000,-0.879000,-44.198000,100.718000,41.634000,34.18
1980929268,0.046000,0.400000,-0.874000,-39.374000,102.641000,40.366000,34.13
1980936683,0.033000,0.462000,-0.936000,-39.038000,102.947000,41.634000,34.18
1980948852,0.116000,0.395000,-0.902000,-34.611000,105.130000,38.626000,34.08
1980955637,0.040000,0.449000,-0.937000,-36.412000,110.595000,39.176000,34.08
1980965846,0.060000,0.475000,-1.008000,-40.260000,110.092000,38.550000,34.18
1980976353,0.071000,0.455000,-0.991000,-44.504000,113.771000,35.893000,34.04
1980987786,0.058000,0.467000,-0.959000,-49.359000,111.679000,35.420000,34.08
1980993720,0.083000,0.468000,-0.994000,-51.786000,108.107000,36.168000,34.13
1981004981,0.167000,0.438000,-1.002000,-55.053000,109.130000,34.580000,34.08
1981017264,0.208000,0.411000,-0.969000,-54.061000,115.893000,34.718000,34.13
1981028098,0.158000,0.501000,-0.943000,-54.046000,115.893000,35.252000,34.18
1981037574,0.192000,0.519000,-0.935000,-56.763000,114.916000,38.107000,34.04
1981046001,0.195000,0.514000,-0.937000,-60.885000,111.710000,40.794000,34.18
1981058149,0.196000,0.542000,-0.894000,-64.595000,109.069000,42.092000,34.18
1981066947,0.248000,0.561000,-0.876000,-68.855000,108.183000,42.580000,34.13
1981075778,0.274000,0.536000,-0.835000,-72.504000,105.527000,44.183000,34.08
1981086074,0.349000,0.473000,-0.845000,-69.038000,108.183000,43.634000,34.13
1981094970,0.345000,0.515000,-0.779000,-68.214000,106.489000,46.000000,34.08
1981104709,0.344000,0.556000,-0.804000,-68.656000,102.611000,49.832000,34.13
1981117891,0.378000,0.561000,-0.754000,-70.504000,97.496000,52.412000,34.08
1981127877,0.414000,0.579000,-0.740000,-72.122000,96.931000,52.122000,34.13
1981136054,0.401000,0.561000,-0.747000,-76.382000,94.015000,52.015000,34.18
1981146487,0.400000,0.526000,-0.696000,-77.649000,92.794000,47.405000,34.04
1981157468,0.404000,0.511000,-0.699000,-78.382000,91.450000,41.634000,33.99
1981166702,0.346000,0.504000,-0.654000,-80.107000,86.000000,39.328000,34.18
1981177492,0.364000,0.488000,-0.645000,-81.603000,78.260000,37.084000,34.08
1981188523,0.426000,0.463000,-0.576000,-80.611000,71.267000,35.588000,34.08
1981196683,0.497000,0.457000,-0.570000,-76.504000,66.122000,35.420000,34.22
1981204879,0.555000,0.451000,-0.552000,-71.267000,64.046000,34.611000,34.08
1981217001,0.605000,0.453000,-0.523000,-65.053000,64.489000,32.840000,34.13
1981230725,0.603000,0.472000,-0.518000,-59.511000,65.237000,29.939000,34.18
1981238632,0.576000,0.498000,-0.515000,-56.916000,61.603000,28.565000,34.13
1981244820,0.527000,0.519000,-0.489000,-54.947000,56.626000,25.389000,34.18
1981257763,0.484000,0.507000,-0.492000,-53.939000,48.168000,23.053000,34.13
1981265087,0.514000,0.511000,-0.455000,-54.031000,38.153000,21.542000,34.18
1981275931,0.635000,0.481000,-0.417000,-47.344000,34.046000,17.924000,34.08
1981287648,0.657000,0.527000,-0.433000,-39.466000,29.954000,14.565000,34.13
1981296851,0.707000,0.526000,-0.439000,-30.366000,26.672000,12.489000,34.18
1981305182,0.723000,0.552000,-0.431000,-20.626000,24.779000,12.550000,34.04
1981312195,0.740000,0.602000,-0.394000,-14.076000,22.061000,10.992000,34.18
1981326180,0.721000,0.650000,-0.398000,-9.542000,18.656000,9.908000,34.13
1981340712,0.677000,0.683000,-0.427000,-8.901000,14.458000,7.267000,34.18
1981347055,0.655000,0.686000,-0.412000,-8.794000,7.863000,5.496000,34.13
1981359813,0.658000,0.688000,-0.423000,-8.626000,1.863000,1.710000,34.08
1981367747,0.716000,0.676000,-0.416000,-8.427000,-4.565000,-2.885000,34.22
1981375980,0.748000,0.656000,-0.431000,-3.802000,-7.679000,-6.947000,34.18
1981384835,0.718000,0.679000,-0.432000,1.588000,-12.473000,-9.221000,34.08
1981395585,0.723000,0.662000,-0.427000,6.260000,-17.924000,-11.924000,34.18
1981406474,0.732000,0.672000,-0.436000,10.763000,-22.550000,-12.595000,34.08
1981413258,0.704000,0.676000,-0.456000,12.977000,-26.427000,-13.466000,34.04
1981428686,0.684000,0.667000,-0.443000,14.153000,-31.450000,-15.099000,34.18
1981438899,0.678000,0.669000,-0.459000,14.229000,-34.916000,-16.870000,34.04
1981446046,0.641000,0.656000,-0.472000,14.076000,-40.519000,-19.740000,34.18
1981457222,0.665000,0.604000,-0.463000,17.878000,-44.519000,-23.710000,34.13
1981467008,0.651000,0.597000,-0.465000,21.191000,-46.733000,-27.221000,34.08
1981475735,0.628000,0.581000,-0.483000,25.359000,-50.290000,-28.687000,34.13
1981482609,0.611000,0.571000,-0.544000,27.908000,-55.221000,-28.763000,34.04
1981498196,0.599000,0.555000,-0.499000,30.382000,-58.351000,-29.191000,34.08
1981506405,0.554000,0.560000,-0.528000,32.870000,-61.649000,-29.924000,34.13
1981512747,0.549000,0.547000,-0.531000,34.916000,-64.992000,-31.740000,34.18
1981525411,0.544000,0.551000,-0.549000,37.756000,-67.008000,-34.336000,34.04
1981537345,0.522000,0.560000,-0.528000,40.107000,-70.092000,-36.702000,34.08
1981547408,0.521000,0.560000,-0.563000,43.176000,-74.519000,-37.542000,34.04
1981558409,0.530000,0.548000,-0.625000,42.137000,-78.473000,-37.282000,34.18
1981569157,0.524000,0.513000,-0.618000,45.130000,-78.504000,-38.366000,34.13
1981577329,0.454000,0.540000,-0.612000,48.137000,-80.076000,-39.328000,34.18
1981587764,0.466000,0.561000,-0.643000,48.611000,-84.183000,-39.924000,34.08
1981597789,0.465000,0.544000,-0.641000,51.435000,-80.748000,-42.794000,34.13
1981608979,0.368000,0.590000,-0.673000,51.160000,-85.740000,-41.771000,34.18
1981613236,0.408000,0.564000,-0.748000,47.252000,-92.885000,-41.084000,34.18
1981624412,0.395000,0.540000,-0.722000,48.153000,-91.710000,-43.313000,34.08
1981636899,0.341000,0.574000,-0.721000,48.015000,-96.656000,-42.824000,34.04
1981645051,0.409000,0.522000,-0.749000,49.924000,-93.969000,-44.992000,34.08
1981657232,0.355000,0.544000,-0.760000,54.336000,-89.649000,-45.771000,34.13
1981664421,0.241000,0.558000,-0.834000,54.122000,-93.344000,-43.481000,34.08
1981677063,0.232000,0.561000,-0.779000,50.916000,-100.290000,-41.282000,34.13
1981687807,0.272000,0.575000,-0.760000,49.313000,-104.183000,-40.947000,34.18
1981694791,0.312000,0.557000,-0.792000,48.092000,-101.496000,-41.740000,34.08
1981705185,0.316000,0.530000,-0.793000,50.977000,-96.260000,-44.275000,34.04
1981717079,0.290000,0.520000,-0.807000,54.748000,-92.198000,-45.267000,34.08
1981723703,0.188000,0.541000,-0.834000,58.107000,-92.443000,-44.015000,34.13
1981737156,0.142000,0.560000,-0.837000,57.908000,-92.473000,-42.901000,34.08
1981746875,0.109000,0.563000,-0.858000,54.366000,-97.374000,-41.771000,34.04
1981755746,0.097000,0.541000,-0.878000,51.160000,-98.214000,-42.229000,34.08
1981766790,0.022000,0.541000,-0.881000,48.595000,-99.053000,-44.718000,34.13
1981777409,0.080000,0.493000,-0.869000,47.389000,-98.809000,-50.061000,34.18
1981786036,0.093000,0.478000,-0.840000,51.863000,-99.069000,-55.557000,34.08
1981797226,0.069000,0.499000,-0.829000,53.023000,-98.321000,-58.168000,34.13
1981806282,0.028000,0.512000,-0.817000,53.817000,-102.931000,-58.947000,34.18
1981816930,-0.001000,0.492000,-0.877000,51.237000,-108.305000,-57.985000,34.13
1981822649,-0.005000,0.466000,-0.787000,48.855000,-110.137000,-57.115000,34.08
1981836126,0.008000,0.453000,-0.845000,47.496000,-113.252000,-59.328000,34.13
1981848457,-0.019000,0.375000,-0.870000,48.443000,-106.229000,-63.893000,34.08
1981855147,-0.108000,0.336000,-0.856000,53.710000,-101.893000,-67.389000,34.13
1981865638,-0.167000,0.330000,-0.831000,57.588000,-105.298000,-69.435000,34.18
1981877470,-0.190000,0.388000,-0.826000,54.107000,-110.092000,-65.527000,34.22
1981884970,-0.193000,0.400000,-0.832000,49.863000,-120.229000,-60.824000,34.18
1981898358,-0.116000,0.353000,-0.868000,45.237000,-127.023000,-60.626000,34.08
1981908932,-0.031000,0.273000,-0.891000,47.802000,-121.252000,-63.664000,34.18
1981917992,-0.065000,0.258000,-0.794000,57.099000,-106.947000,-71.771000,34.08
1981925950,-0.172000,0.266000,-0.813000,65.573000,-95.786000,-77.282000,34.13
1981932763,-0.319000,0.263000,-0.852000,67.420000,-93.191000,-79.710000,34.08
1981946035,-0.401000,0.274000,-0.834000,62.779000,-102.412000,-76.824000,34.04
1981957636,-0.323000,0.230000,-0.812000,58.458000,-115.450000,-74.107000,34.08
1981963699,-0.249000,0.197000,-0.859000,56.489000,-120.183000,-71.771000,34.13
1981980623,-0.231000,0.195000,-0.797000,59.069000,-116.901000,-69.878000,34.08
1981987957,-0.220000,0.145000,-0.819000,68.305000,-106.198000,-71.588000,34.13
1981993936,-0.358000,0.134000,-0.844000,78.855000,-91.038000,-72.397000,34.18
1982009981,-0.531000,0.135000,-0.813000,84.000000,-86.275000,-70.626000,34.08
1982015969,-0.606000,0.153000,-0.778000,80.870000,-92.015000,-64.916000,34.13
1982024417,-0.624000,0.158000,-0.785000,74.275000,-101.954000,-60.672000,34.08
1982036039,-0.559000,0.091000,-0.861000,70.870000,-109.786000,-58.183000,34.13
1982042741,-0.492000,0.020000,-0.918000,74.122000,-104.397000,-60.611000,34.08
1982056859,-0.539000,0.017000,-0.792000,83.786000,-97.863000,-60.916000,34.13
1982066787,-0.622000,0.097000,-0.891000,83.618000,-93.924000,-58.397000,34.08
1982076359,-0.699000,0.113000,-0.802000,78.580000,-96.794000,-56.534000,34.04
1982091255,-0.661000,0.117000,-0.751000,71.374000,-105.206000,-54.595000,34.08
1982096166,-0.629000,0.087000,-0.782000,67.176000,-106.779000,-55.176000,34.13
1982106849,-0.634000,0.041000,-0.749000,66.580000,-106.672000,-58.290000,34.22
1982116488,-0.603000,0.002000,-0.781000,66.107000,-105.908000,-62.611000,34.18
1982127952,-0.614000,-0.013000,-0.790000,66.122000,-103.679000,-63.802000,34.18
1982133986,-0.696000,-0.007000,-0.767000,64.809000,-102.366000,-62.214000,34.08
1982147086,-0.778000,0.004000,-0.759000,61.038000,-103.176000,-60.000000,34.22
1982159628,-0.765000,-0.044000,-0.696000,56.550000,-107.786000,-58.809000,34.08
1982169811,-0.737000,-0.060000,-0.706000,54.321000,-110.595000,-57.313000,34.22
1982176182,-0.704000,-0.111000,-0.725000,55.115000,-108.046000,-57.191000,34.18
1982189337,-0.713000,-0.118000,-0.737000,55.053000,-104.275000,-57.115000,34.13
1982199461,-0.716000,-0.100000,-0.638000,56.061000,-105.389000,-57.756000,34.08
1982206994,-0.742000,-0.088000,-0.687000,53.511000,-106.290000,-54.443000,34.13
1982218644,-0.752000,-0.132000,-0.647000,52.214000,-107.435000,-52.748000,34.13
1982228966,-0.771000,-0.162000,-0.661000,54.809000,-106.275000,-50.748000,34.08
1982236738,-0.776000,-0.194000,-0.643000,57.450000,-101.588000,-51.573000,34.13
1982242999,-0.820000,-0.185000,-0.602000,58.779000,-97.023000,-49.954000,34.08
1982258230,-0.869000,-0.194000,-0.679000,55.618000,-95.221000,-47.511000,34.13
1982267759,-0.863000,-0.207000,-0.604000,49.679000,-95.252000,-45.344000,34.08
1982276076,-0.861000,-0.193000,-0.557000,47.450000,-97.023000,-44.656000,34.13
1982286515,-0.797000,-0.245000,-0.570000,45.786000,-96.061000,-45.038000,34.18
1982298193,-0.809000,-0.244000,-0.537000,48.427000,-92.504000,-47.191000,34.13
1982305767,-0.843000,-0.233000,-0.519000,49.542000,-89.725000,-46.809000,34.08
1982317438,-0.831000,-0.213000,-0.510000,47.466000,-90.351000,-46.580000,34.18
1982325141,-0.819000,-0.252000,-0.471000,49.359000,-88.061000,-45.206000,34.13
1982336853,-0.827000,-0.268000,-0.507000,49.847000,-85.847000,-42.321000,34.08
1982346361,-0.855000,-0.277000,-0.506000,49.786000,-85.313000,-38.153000,33.99
1982352928,-0.823000,-0.310000,-0.467000,51.908000,-85.634000,-37.802000,34.08
1982369677,-0.828000,-0.300000,-0.442000,54.519000,-82.611000,-37.588000,34.13
1982379046,-0.860000,-0.266000,-0.423000,55.557000,-78.855000,-37.847000,34.18
1982384908,-0.860000,-0.230000,-0.431000,52.290000,-78.794000,-38.046000,34.04
1982398264,-0.858000,-0.252000,-0.438000,48.656000,-77.008000,-37.176000,34.08
1982409100,-0.848000,-0.281000,-0.389000,47.740000,-76.534000,-37.771000,34.13
1982414599,-0.857000,-0.278000,-0.369000,46.015000,-78.305000,-36.901000,34.08
1982426147,-0.836000,-0.288000,-0.359000,44.779000,-78.244000,-36.107000,34.08
1982438487,-0.835000,-0.321000,-0.350000,44.015000,-75.771000,-36.366000,34.04
1982444677,-0.875000,-0.344000,-0.334000,44.641000,-76.656000,-35.130000,34.18
1982456077,-0.866000,-0.358000,-0.358000,43.053000,-79.252000,-33.160000,34.13
1982469578,-0.836000,-0.393000,-0.329000,43.802000,-76.824000,-31.084000,34.18
1982480614,-0.816000,-0.390000,-0.269000,46.275000,-70.595000,-33.038000,34.13
1982486692,-0.855000,-0.410000,-0.219000,58.489000,-67.679000,-63.863000,34.08
1982494660,-0.852000,-0.364000,-0.234000,53.542000,-64.244000,-51.328000,34.04
1982507218,-0.818000,-0.344000,-0.227000,50.321000,-64.901000,-39.969000,34.08
1982516745,-0.790000,-0.374000,-0.158000,50.443000,-60.000000,-36.947000,34.13
1982524421,-0.809000,-0.401000,-0.232000,50.992000,-56.992000,-30.916000,34.13
1982535633,-0.803000,-0.402000,-0.234000,51.679000,-52.794000,-27.710000,34.18
1982547321,-0.838000,-0.422000,-0.186000,54.855000,-47.038000,-30.244000,34.13
1982553915,-0.884000,-0.418000,-0.213000,53.985000,-46.595000,-31.176000,34.08
1982566452,-0.902000,-0.414000,-0.199000,50.107000,-47.191000,-31.084000,34.13
1982578794,-0.864000,-0.430000,-0.152000,49.511000,-47.954000,-30.580000,34.18
1982589003,-0.835000,-0.398000,-0.194000,45.160000,-46.733000,-29.328000,34.13
1982596513,-0.798000,-0.357000,-0.151000,42.977000,-47.893000,-34.351000,34.08
1982608364,-0.794000,-0.463000,-0.064000,48.153000,-44.458000,-31.221000,34.04
1982619212,-0.825000,-0.409000,-0.116000,44.427000,-43.481000,-30.947000,34.18
1982626802,-0.788000,-0.433000,-0.088000,43.832000,-44.611000,-28.244000,34.04
1982639763,-0.787000,-0.443000,-0.087000,43.328000,-43.176000,-27.374000,34.08
1982650799,-0.803000,-0.450000,-0.081000,45.817000,-38.885000,-26.366000,34.08
1982656897,-0.802000,-0.468000,-0.104000,45.756000,-37.969000,-24.519000,34.13
1982663496,-0.801000,-0.453000,-0.072000,45.282000,-35.832000,-23.282000,34.08
1982676950,-0.831000,-0.427000,-0.037000,45.206000,-35.221000,-20.153000,34.22
1982685691,-0.839000,-0.413000,-0.069000,41.618000,-36.565000,-15.695000,34.08
1982694193,-0.793000,-0.449000,-0.040000,39.786000,-35.603000,-15.695000,34.13
1982708427,-0.802000,-0.451000,-0.032000,38.137000,-35.450000,-15.985000,34.08
1982718359,-0.808000,-0.448000,-0.042000,35.924000,-38.397000,-15.527000,34.22
1982727711,-0.750000,-0.448000,0.013000,36.214000,-37.481000,-15.359000,34.18
1982736975,-0.772000,-0.470000,0.018000,35.832000,-36.992000,-16.718000,34.13
1982744941,-0.741000,-0.462000,0.074000,34.626000,-39.115000,-17.618000,34.18
1982755761,-0.783000,-0.432000,-0.023000,21.740000,-46.137000,-34.260000,34.18
1982767095,-0.799000,-0.461000,0.055000,22.351000,-44.046000,-19.359000,34.13
1982773785,-0.772000,-0.488000,0.049000,18.427000,-43.878000,-13.893000,34.08
1982786847,-0.686000,-0.518000,0.109000,22.076000,-36.794000,-14.931000,34.08
1982795560,-0.721000,-0.523000,0.097000,29.038000,-27.588000,-15.557000,34.08
1982807944,-0.776000,-0.484000,0.046000,25.527000,-25.221000,-16.183000,34.13
1982818172,-0.788000,-0.466000,0.064000,22.641000,-27.893000,-11.649000,34.08
1982825591,-0.777000,-0.471000,0.046000,17.374000,-29.420000,-9.679000,34.13
1982836808,-0.728000,-0.492000,0.071000,17.374000,-26.916000,-11.313000,34.08
1982845563,-0.771000,-0.483000,0.076000,17.603000,-26.672000,-9.817000,34.04
1982857220,-0.747000,-0.503000,0.051000,15.573000,-23.115000,-9.557000,34.18
1982866142,-0.718000,-0.510000,0.082000,16.443000,-17.527000,-9.557000,34.27
1982872825,-0.686000,-0.519000,0.068000,19.893000,-9.664000,-13.130000,34.13
1982888548,-0.675000,-0.493000,0.046000,21.618000,-0.931000,-17.679000,34.08
1982898843,-0.748000,-0.475000,0.011000,17.893000,0.840000,-18.473000,34.13
1982906535,-0.744000,-0.468000,0.029000,10.321000,-1.115000,-16.290000,34.18
1982918248,-0.754000,-0.479000,0.051000,6.580000,-2.397000,-15.847000,34.13
1982929598,-0.720000,-0.472000,0.101000,6.076000,-1.389000,-14.885000,34.08
1982936651,-0.714000,-0.477000,0.138000,7.359000,3.802000,-14.153000,34.13
1982945140,-0.728000,-0.489000,0.134000,8.656000,7.603000,-14.427000,34.08
1982956147,-0.748000,-0.465000,0.146000,9.267000,9.863000,-12.977000,34.13
1982966412,-0.750000,-0.450000,0.149000,9.618000,11.053000,-12.061000,34.08
1982973300,-0.754000,-0.457000,0.137000,9.328000,11.496000,-10.427000,34.08
1982990701,-0.767000,-0.465000,0.146000,8.443000,11.817000,-8.229000,34.13
1983003095,-0.763000,-0.455000,0.142000,7.267000,11.588000,-6.122000,34.08
1983009140,-0.758000,-0.465000,0.155000,7.298000,11.832000,-4.275000,34.18
1983018726,-0.761000,-0.462000,0.172000,8.153000,12.107000,-2.321000,34.08
1983029770,-0.740000,-0.469000,0.137000,7.954000,12.412000,-0.427000,34.13
1983038502,-0.716000,-0.480000,0.144000,7.511000,12.885000,0.168000,34.08
1983046854,-0.724000,-0.472000,0.148000,7.221000,12.611000,0.977000,34.04
1983058123,-0.728000,-0.481000,0.129000,6.092000,12.275000,2.351000,34.08
1983070202,-0.710000,-0.486000,0.136000,3.176000,9.206000,2.977000,34.13
1983075225,-0.713000,-0.484000,0.106000,1.481000,6.870000,4.366000,34.08
1983082189,-0.716000,-0.477000,0.119000,-2.321000,4.550000,4.992000,34.22
1983097411,-0.712000,-0.490000,0.134000,-4.947000,2.366000,5.664000,34.13
1983109905,-0.676000,-0.502000,0.144000,-6.382000,2.214000,5.084000,34.08
1983115531,-0.673000,-0.504000,0.156000,-5.908000,4.382000,3.863000,34.13
1983126384,-0.679000,-0.516000,0.151000,-3.939000,5.099000,2.901000,34.08
1983139713,-0.705000,-0.507000,0.118000,-5.023000,4.687000,2.168000,34.22
1983145882,-0.726000,-0.492000,0.139000,-7.618000,1.160000,3.573000,34.18
1983156324,-0.710000,-0.489000,0.149000,-9.084000,-1.893000,3.481000,34.04
1983165527,-0.690000,-0.497000,0.152000,-9.344000,-2.076000,2.550000,34.18
1983176538,-0.692000,-0.501000,0.150000,-10.137000,-2.351000,1.313000,34.13
1983183502,-0.691000,-0.494000,0.160000,-11.145000,-3.511000,0.672000,34.18
1983195343,-0.677000,-0.496000,0.170000,-10.366000,-3.420000,0.168000,34.04
1983210031,-0.669000,-0.502000,0.176000,-9.267000,-1.939000,-1.023000,34.04
1983219059,-0.682000,-0.501000,0.177000,-7.939000,-1.099000,-1.908000,34.08
1983227179,-0.699000,-0.479000,0.154000,-8.168000,-1.176000,-1.939000,34.08
1983238670,-0.696000,-0.483000,0.146000,-8.824000,-1.786000,-2.107000,34.08
1983249014,-0.709000,-0.486000,0.133000,-10.153000,-2.290000,-2.183000,34.04
1983255807,-0.722000,-0.483000,0.140000,-11.664000,-3.649000,-1.496000,34.08
1983267708,-0.719000,-0.482000,0.133000,-13.435000,-4.885000,-1.038000,34.13
1983277706,-0.705000,-0.479000,0.151000,-13.817000,-5.496000,-1.023000,34.08
1983284182,-0.694000,-0.482000,0.164000,-13.481000,-4.214000,-1.252000,34.22
1983295539,-0.672000,-0.514000,0.168000,-11.664000,-2.733000,-2.153000,34.08
1983307891,-0.700000,-0.491000,0.135000,-11.588000,-1.740000,-2.321000,34.13
1983319416,-0.728000,-0.484000,0.156000,-12.534000,-3.618000,-1.038000,34.08
1983327995,-0.716000,-0.488000,0.169000,-12.214000,-4.840000,0.183000,34.18
1983337342,-0.708000,-0.488000,0.168000,-11.282000,-4.366000,0.519000,34.13
1983347118,-0.707000,-0.493000,0.177000,-9.603000,-2.611000,0.168000,34.08
1983355285,-0.702000,-0.490000,0.163000,-8.656000,-1.176000,0.046000,34.04
1983366407,-0.712000,-0.490000,0.141000,-9.099000,-0.137000,0.046000,34.18
1983377701,-0.720000,-0.486000,0.160000,-8.641000,0.321000,-0.122000,34.04
1983387153,-0.708000,-0.501000,0.158000,-8.672000,0.962000,-0.076000,34.18
1983396349,-0.705000,-0.499000,0.151000,-8.229000,1.664000,0.046000,34.13
1983403310,-0.717000,-0.493000,0.155000,-8.031000,2.168000,0.550000,34.08
1983419213,-0.696000,-0.486000,0.168000,-7.740000,2.733000,1.038000,34.04
1983425921,-0.683000,-0.501000,0.157000,-8.031000,4.305000,1.130000,34.08
1983435552,-0.685000,-0.495000,0.160000,-7.176000,6.550000,0.901000,34.18
1983447434,-0.705000,-0.486000,0.146000,-7.939000,8.870000,0.870000,34.18
1983459069,-0.705000,-0.500000,0.130000,-8.672000,9.985000,0.443000,34.08
1983466447,-0.715000,-0.482000,0.142000,-9.420000,11.908000,1.069000,34.13
1983478347,-0.708000,-0.515000,0.151000,-10.000000,14.321000,1.557000,34.08
1983489745,-0.681000,-0.511000,0.125000,-12.229000,13.389000,1.160000,34.22
1983493895,-0.716000,-0.475000,0.080000,-14.260000,15.695000,1.863000,34.18
1983504486,-0.715000,-0.444000,0.077000,-20.855000,18.794000,1.725000,34.04
1983516912,-0.673000,-0.472000,0.133000,-24.183000,23.481000,1.618000,34.08
1983527287,-0.714000,-0.495000,0.103000,-22.794000,32.397000,2.015000,34.04
1983537311,-0.769000,-0.518000,0.051000,-23.985000,36.427000,3.481000,33.99
1983546600,-0.753000,-0.531000,0.061000,-22.947000,36.015000,6.947000,34.13
1983558724,-0.802000,-0.494000,0.040000,-26.885000,33.221000,11.847000,33.99
1983567526,-0.790000,-0.471000,0.021000,-30.366000,32.290000,15.786000,34.18
1983576228,-0.818000,-0.489000,0.031000,-33.237000,34.046000,18.427000,34.04
1983586836,-0.854000,-0.496000,0.019000,-33.435000,37.771000,21.740000,34.18
1983596215,-0.824000,-0.470000,-0.010000,-35.191000,45.160000,25.649000,34.08
1983604193,-0.822000,-0.491000,-0.046000,-35.969000,49.618000,28.947000,34.08
1983619892,-0.811000,-0.475000,-0.103000,-33.878000,56.107000,30.672000,34.13
1983628658,-0.864000,-0.441000,-0.110000,-37.160000,60.534000,31.069000,34.08
1983638031,-0.869000,-0.439000,-0.104000,-38.382000,60.137000,32.290000,34.13
1983648283,-0.842000,-0.456000,-0.117000,-35.298000,64.809000,32.092000,34.08
1983658422,-0.867000,-0.389000,-0.139000,-38.595000,66.947000,29.710000,34.04
1983667634,-0.848000,-0.401000,-0.129000,-39.420000,68.580000,28.458000,34.18
1983675247,-0.815000,-0.447000,-0.139000,-38.336000,71.771000,29.145000,34.13
1983688490,-0.817000,-0.470000,-0.158000,-34.779000,74.550000,30.702000,34.04
1983697263,-0.826000,-0.452000,-0.163000,-30.137000,76.947000,32.840000,34.18
1983703239,-0.862000,-0.388000,-0.201000,-32.015000,77.420000,31.176000,34.13
1983714807,-0.840000,-0.394000,-0.178000,-32.137000,77.695000,31.313000,34.08
1983727130,-0.838000,-0.391000,-0.212000,-33.802000,81.985000,26.809000,34.13
1983741421,-0.894000,-0.347000,-0.194000,-40.626000,76.977000,29.893000,34.08
1983746863,-0.828000,-0.370000,-0.148000,-45.099000,75.908000,27.863000,34.13
1983762301,-0.829000,-0.400000,-0.189000,-46.229000,76.656000,27.038000,34.08
1983770403,-0.771000,-0.429000,-0.198000,-46.076000,77.420000,24.794000,34.04
1983776103,-0.781000,-0.450000,-0.201000,-43.435000,80.763000,23.634000,34.18
1983787766,-0.807000,-0.425000,-0.224000,-40.427000,82.076000,22.580000,34.13
1983797987,-0.852000,-0.403000,-0.237000,-41.679000,79.252000,22.992000,34.13
1983806904,-0.854000,-0.368000,-0.289000,-46.443000,77.405000,24.061000,34.18
1983813638,-0.816000,-0.392000,-0.245000,-48.809000,74.855000,24.916000,34.18
1983825602,-0.778000,-0.426000,-0.271000,-48.855000,78.504000,27.099000,34.08
1983839067,-0.748000,-0.440000,-0.258000,-47.053000,81.420000,27.786000,34.04
1983848246,-0.822000,-0.412000,-0.343000,-46.366000,83.725000,29.145000,34.18
1983858364,-0.817000,-0.390000,-0.327000,-49.099000,82.656000,28.183000,34.22
1983868705,-0.824000,-0.412000,-0.350000,-51.603000,82.458000,28.092000,34.18
1983877898,-0.809000,-0.406000,-0.325000,-51.588000,88.076000,26.702000,34.13
1983888283,-0.872000,-0.341000,-0.371000,-54.580000,86.305000,28.901000,34.08
1983897393,-0.836000,-0.366000,-0.376000,-57.511000,85.969000,28.779000,34.13
1983907643,-0.827000,-0.388000,-0.412000,-59.130000,87.786000,30.366000,34.04
1983912683,-0.829000,-0.378000,-0.386000,-56.779000,91.664000,29.863000,34.08
1983923993,-0.832000,-0.355000,-0.440000,-57.847000,91.069000,30.351000,34.04
1983936382,-0.795000,-0.361000,-0.468000,-58.763000,91.160000,31.740000,34.08
1983948528,-0.800000,-0.340000,-0.466000,-58.092000,90.718000,32.397000,34.13
1983957302,-0.820000,-0.315000,-0.490000,-59.176000,90.076000,32.748000,34.18
1983966658,-0.795000,-0.271000,-0.526000,-58.855000,91.008000,31.634000,34.13
1983976392,-0.784000,-0.266000,-0.543000,-61.053000,91.252000,30.504000,34.08
1983986607,-0.784000,-0.244000,-0.517000,-63.756000,94.168000,29.221000,34.04
1983996023,-0.790000,-0.254000,-0.533000,-67.282000,91.130000,29.756000,34.08
1984005308,-0.742000,-0.304000,-0.551000,-70.794000,90.489000,28.672000,34.13
1984016282,-0.767000,-0.287000,-0.577000,-65.649000,92.504000,32.153000,34.18
1984022778,-0.755000,-0.238000,-0.525000,-64.809000,92.076000,30.947000,34.08
1984034698,-0.739000,-0.181000,-0.599000,-67.237000,90.977000,29.344000,34.08
1984047207,-0.773000,-0.192000,-0.607000,-70.534000,96.015000,28.901000,34.08
1984057063,-0.775000,-0.174000,-0.623000,-75.008000,92.076000,29.802000,34.13
1984068024,-0.748000,-0.188000,-0.594000,-79.267000,90.901000,31.740000,34.18
1984081948,-0.719000,-0.210000,-0.608000,-78.275000,90.992000,32.092000,34.13
1984086829,-0.718000,-0.219000,-0.664000,-75.282000,92.229000,35.481000,34.18
1984097422,-0.719000,-0.204000,-0.689000,-73.328000,90.412000,38.290000,34.13
1984105383,-0.689000,-0.190000,-0.673000,-70.305000,90.198000,39.817000,34.08
1984116621,-0.731000,-0.089000,-0.740000,-71.435000,92.916000,40.214000,34.13
1984126689,-0.729000,-0.077000,-0.715000,-73.481000,90.046000,41.405000,34.18
1984133505,-0.755000,-0.075000,-0.833000,-79.237000,92.183000,44.443000,34.13
1984150216,-0.690000,-0.132000,-0.692000,-78.855000,92.672000,44.137000,34.13
1984160554,-0.673000,-0.112000,-0.749000,-77.038000,91.420000,42.168000,34.08
1984165868,-0.683000,-0.050000,-0.735000,-78.092000,90.519000,44.962000,34.13
1984179568,-0.636000,-0.051000,-0.762000,-78.962000,87.374000,47.588000,34.08
1984187923,-0.616000,-0.040000,-0.740000,-77.725000,86.092000,48.565000,34.08
1984196238,-0.579000,-0.017000,-0.756000,-75.863000,84.885000,48.992000,34.08
1984208128,-0.577000,0.022000,-0.762000,-75.420000,83.725000,50.229000,34.13
1984220061,-0.582000,0.021000,-0.783000,-75.496000,82.031000,51.099000,34.18
1984226388,-0.555000,0.036000,-0.766000,-75.664000,80.977000,51.176000,34.13
1984232644,-0.544000,0.071000,-0.797000,-74.779000,79.542000,50.687000,34.08
1984248582,-0.536000,0.066000,-0.825000,-76.305000,77.374000,51.542000,34.04
1984261340,-0.529000,0.057000,-0.772000,-73.802000,74.916000,50.962000,34.18
1984266764,-0.472000,0.075000,-0.809000,-72.046000,73.893000,51.924000,34.13
1984278332,-0.474000,0.070000,-0.819000,-70.031000,73.679000,54.260000,34.08
1984288775,-0.474000,0.087000,-0.809000,-67.511000,73.786000,55.176000,34.08
1984297389,-0.460000,0.107000,-0.812000,-66.351000,73.939000,55.847000,34.13
1984307986,-0.425000,0.131000,-0.769000,-65.802000,74.198000,54.916000,34.08
1984317083,-0.405000,0.145000,-0.830000,-65.344000,76.168000,54.015000,34.13
1984325870,-0.419000,0.132000,-0.809000,-62.183000,76.031000,52.687000,34.08
1984332684,-0.404000,0.107000,-0.848000,-58.809000,74.992000,52.092000,34.13
1984344115,-0.386000,0.136000,-0.834000,-54.489000,78.061000,51.160000,34.08
1984365017,-0.396000,0.167000,-0.857000,-51.450000,77.359000,52.763000,34.13
1984371425,-0.366000,0.124000,-0.819000,-48.565000,76.412000,51.115000,34.08
1984377353,-0.362000,0.177000,-0.812000,-48.015000,75.466000,53.878000,34.13
1984391068,-0.316000,0.182000,-0.808000,-44.137000,75.634000,54.000000,34.08
1984398772,-0.256000,0.177000,-0.774000,-38.351000,75.985000,53.847000,34.13
1984407415,-0.214000,0.224000,-0.815000,-32.840000,79.008000,52.260000,34.08
1984415597,-0.201000,0.250000,-0.886000,-27.573000,85.863000,51.649000,34.08
1984426854,-0.308000,0.312000,-0.995000,-28.092000,82.595000,48.962000,34.04
1984436644,-0.292000,0.250000,-0.907000,-28.427000,86.840000,50.702000,34.18
1984443514,-0.333000,0.283000,-0.948000,-29.634000,86.000000,49.221000,34.13
1984459876,-0.400000,0.294000,-0.894000,-35.740000,81.756000,50.641000,34.08
1984472850,-0.324000,0.315000,-0.925000,-41.008000,76.321000,49.695000,34.22
1984478286,-0.261000,0.383000,-1.037000,-46.351000,78.260000,44.702000,34.08
1984488812,-0.246000,0.324000,-0.896000,-47.374000,70.122000,43.893000,34.13
1984498314,-0.179000,0.398000,-0.880000,-46.840000,66.366000,41.282000,34.08
1984508724,-0.118000,0.404000,-0.911000,-49.023000,66.992000,39.115000,34.13
1984514965,-0.133000,0.385000,-0.905000,-49.832000,66.305000,38.473000,34.04
1984529702,-0.085000,0.376000,-0.894000,-47.878000,67.954000,36.061000,34.08
1984539642,-0.080000,0.397000,-0.906000,-48.611000,70.947000,35.221000,34.04
1984543627,-0.092000,0.398000,-0.913000,-49.511000,72.565000,36.153000,34.08
1984554980,-0.085000,0.373000,-0.908000,-50.718000,72.672000,37.008000,34.13
1984572971,-0.063000,0.345000,-0.940000,-47.588000,73.359000,37.115000,34.08
1984583045,-0.015000,0.373000,-0.920000,-43.206000,77.695000,36.809000,34.22
1984586343,-0.052000,0.436000,-0.957000,-42.489000,78.107000,37.939000,34.08
1984596480,-0.043000,0.450000,-0.967000,-45.802000,80.046000,37.771000,34.04
1984607597,-0.031000,0.459000,-0.987000,-48.504000,81.145000,35.924000,34.08
1984616923,-0.062000,0.463000,-0.996000,-53.618000,83.145000,34.107000,34.04
1984627076,-0.048000,0.439000,-0.955000,-56.595000,80.580000,34.794000,34.18
1984638506,0.020000,0.442000,-0.939000,-55.603000,79.252000,34.748000,34.08
1984646794,0.080000,0.442000,-0.976000,-53.328000,79.588000,35.817000,34.04
1984654731,0.088000,0.482000,-0.999000,-52.443000,78.733000,37.176000,34.08
1984667666,0.126000,0.470000,-0.937000,-52.031000,84.214000,39.313000,34.04
1984679972,0.121000,0.522000,-0.928000,-50.244000,91.099000,38.290000,34.27
1984689373,0.055000,0.535000,-0.987000,-56.672000,88.443000,41.740000,34.13
1984696005,0.085000,0.495000,-0.896000,-56.931000,86.107000,42.504000,34.08
1984709131,0.125000,0.506000,-0.942000,-57.985000,85.542000,44.321000,34.04
1984719699,0.170000,0.472000,-0.904000,-53.771000,84.412000,45.802000,34.08
1984726689,0.246000,0.499000,-0.951000,-48.260000,84.000000,48.275000,34.13
1984736689,0.282000,0.480000,-0.948000,-42.443000,88.382000,55.115000,34.08
1984744441,0.300000,0.528000,-0.954000,-39.160000,90.153000,59.298000,34.13
1984755445,0.270000,0.588000,-0.902000,-40.550000,98.458000,64.031000,34.13
1984762135,0.238000,0.614000,-0.912000,-45.786000,101.115000,67.145000,34.08
1984778404,0.236000,0.607000,-0.866000,-52.092000,103.069000,66.626000,34.08
1984793409,0.293000,0.565000,-0.875000,-55.847000,100.244000,68.076000,34.27
1984796192,0.355000,0.530000,-0.881000,-52.489000,105.023000,66.107000,34.04
1984808474,0.362000,0.535000,-0.903000,-48.534000,110.779000,66.443000,34.08
1984821126,0.394000,0.535000,-0.813000,-43.573000,111.634000,60.290000,34.04
1984826428,0.314000,0.667000,-0.827000,-50.550000,114.809000,59.557000,34.08
1984836259,0.266000,0.688000,-0.862000,-60.748000,110.473000,59.939000,34.13
1984848984,0.287000,0.646000,-0.811000,-72.916000,106.534000,61.588000,34.18
1984857494,0.360000,0.554000,-0.740000,-75.924000,103.206000,57.802000,34.04
1984866734,0.456000,0.514000,-0.738000,-73.206000,104.763000,52.947000,34.08
1984873529,0.481000,0.533000,-0.665000,-69.389000,110.427000,48.489000,34.08
1984889230,0.505000,0.523000,-0.635000,-64.763000,111.206000,46.489000,34.13
1984898617,0.440000,0.545000,-0.684000,-63.221000,112.458000,46.137000,34.18
1984906260,0.452000,0.563000,-0.638000,-64.702000,111.649000,44.626000,34.04
1984918530,0.383000,0.573000,-0.609000,-67.450000,108.305000,42.580000,34.08
1984925983,0.431000,0.536000,-0.567000,-72.260000,102.198000,40.183000,34.04
1984936078,0.471000,0.500000,-0.548000,-70.992000,99.740000,36.870000,34.08
1984948391,0.473000,0.462000,-0.515000,-68.137000,94.824000,35.176000,34.13
1984957547,0.561000,0.435000,-0.522000,-65.374000,90.870000,34.992000,34.08
1984966483,0.645000,0.423000,-0.466000,-55.832000,93.924000,29.328000,34.22
1984973618,0.574000,0.512000,-0.442000,-52.489000,90.168000,29.771000,34.18
1984986619,0.634000,0.534000,-0.392000,-46.885000,91.206000,25.038000,34.13
1984997905,0.598000,0.589000,-0.398000,-49.038000,90.244000,20.427000,34.18
1985005925,0.597000,0.594000,-0.372000,-45.511000,85.282000,17.786000,34.08
1985018930,0.649000,0.569000,-0.385000,-44.763000,82.092000,14.687000,34.04
1985028568,0.771000,0.520000,-0.341000,-35.908000,81.374000,10.260000,34.08
1985036454,0.718000,0.588000,-0.327000,-27.847000,79.450000,10.626000,34.13
1985049353,0.686000,0.627000,-0.357000,-26.641000,70.702000,13.267000,34.08
1985058925,0.737000,0.617000,-0.275000,-24.458000,61.603000,15.328000,34.13
1985067771,0.691000,0.657000,-0.276000,-23.542000,50.260000,15.527000,34.08
1985073764,0.709000,0.699000,-0.209000,-23.053000,39.878000,13.679000,34.13
1985086427,0.654000,0.759000,-0.164000,-27.405000,18.473000,15.878000,34.08
1985099700,0.695000,0.749000,-0.178000,-26.198000,-1.954000,16.870000,34.13
1985109291,0.724000,0.716000,-0.212000,-26.519000,-21.939000,17.863000,34.18
1985116981,0.721000,0.655000,-0.273000,-22.427000,-36.611000,18.611000,33.99
1985128826,0.764000,0.606000,-0.300000,-19.267000,-47.634000,18.000000,34.13
1985139754,0.770000,0.574000,-0.319000,-14.763000,-52.931000,15.725000,34.08
1985145515,0.815000,0.563000,-0.272000,-6.611000,-55.084000,9.969000,34.18
1985158916,0.837000,0.593000,-0.308000,-1.649000,-56.382000,3.282000,34.08
1985169238,0.841000,0.600000,-0.314000,0.992000,-56.672000,-2.885000,34.04
1985174699,0.833000,0.597000,-0.372000,1.466000,-56.260000,-6.412000,34.08
1985186203,0.789000,0.576000,-0.386000,2.519000,-58.824000,-9.298000,34.04
1985193169,0.792000,0.548000,-0.400000,5.969000,-60.183000,-12.153000,34.08
1985205960,0.776000,0.553000,-0.416000,10.977000,-59.817000,-13.282000,34.04
1985215591,0.751000,0.541000,-0.445000,16.183000,-57.924000,-16.244000,34.08
1985227758,0.698000,0.557000,-0.430000,19.710000,-60.198000,-19.863000,34.04
1985241822,0.722000,0.587000,-0.447000,22.656000,-61.542000,-23.863000,34.08
1985247633,0.715000,0.596000,-0.454000,24.275000,-64.489000,-27.099000,34.08
1985257778,0.788000,0.574000,-0.465000,28.580000,-62.565000,-31.298000,34.04
1985267515,0.777000,0.580000,-0.484000,33.359000,-58.046000,-34.626000,34.08
1985275213,0.734000,0.591000,-0.541000,38.122000,-54.855000,-36.397000,34.04
1985286037,0.672000,0.609000,-0.518000,39.908000,-55.802000,-37.221000,34.18
1985292778,0.658000,0.602000,-0.531000,40.580000,-57.786000,-38.595000,34.13
1985310681,0.634000,0.603000,-0.514000,41.679000,-57.511000,-40.840000,34.08
1985319726,0.614000,0.615000,-0.566000,42.351000,-56.611000,-42.656000,34.22
1985326235,0.590000,0.592000,-0.575000,41.771000,-56.947000,-42.611000,34.08
1985338996,0.604000,0.607000,-0.583000,44.275000,-58.595000,-45.908000,34.13
1985345680,0.578000,0.604000,-0.617000,47.008000,-58.443000,-45.710000,34.08
1985356542,0.584000,0.613000,-0.595000,49.389000,-61.817000,-46.901000,34.13
1985367675,0.533000,0.621000,-0.625000,50.321000,-63.908000,-45.863000,34.08
1985379888,0.520000,0.619000,-0.607000,49.603000,-66.855000,-45.313000,34.18
1985385535,0.523000,0.613000,-0.594000,49.496000,-69.206000,-47.053000,34.13
1985392453,0.519000,0.602000,-0.639000,48.336000,-70.809000,-48.809000,34.08
1985407322,0.521000,0.578000,-0.633000,49.618000,-70.107000,-49.832000,34.04
1985418665,0.439000,0.587000,-0.675000,52.275000,-71.023000,-50.748000,34.18
1985424321,0.411000,0.596000,-0.672000,52.641000,-75.435000,-50.260000,34.13
1985436227,0.420000,0.586000,-0.667000,51.878000,-81.405000,-49.679000,34.08
1985448840,0.414000,0.595000,-0.662000,51.344000,-83.664000,-49.756000,34.04
1985454389,0.377000,0.599000,-0.651000,50.550000,-88.198000,-51.069000,34.08
1985466577,0.415000,0.562000,-0.707000,49.695000,-88.489000,-51.206000,34.13
1985476834,0.384000,0.523000,-0.729000,51.008000,-91.023000,-52.489000,34.18
1985485783,0.304000,0.530000,-0.704000,52.718000,-89.542000,-51.359000,34.08
1985497025,0.257000,0.554000,-0.712000,51.908000,-97.099000,-51.115000,34.13
1985504333,0.267000,0.555000,-0.728000,48.183000,-102.748000,-52.046000,34.08
1985517644,0.263000,0.538000,-0.703000,45.542000,-102.000000,-53.542000,34.08
1985527030,0.223000,0.549000,-0.735000,44.153000,-104.702000,-56.626000,34.08
1985535537,0.235000,0.495000,-0.769000,42.305000,-108.733000,-60.305000,34.04
1985548314,0.239000,0.445000,-0.786000,43.863000,-114.901000,-62.443000,34.18
1985557804,0.190000,0.421000,-0.767000,50.244000,-111.588000,-62.366000,34.13
1985568304,0.079000,0.463000,-0.790000,52.183000,-122.015000,-58.656000,34.08
1985577423,0.108000,0.458000,-0.819000,52.672000,-128.015000,-54.366000,34.13
1985588038,0.087000,0.462000,-0.866000,46.366000,-123.924000,-49.344000,34.08
1985595646,0.181000,0.425000,-0.758000,52.504000,-123.557000,-57.145000,34.04
1985602333,0.114000,0.472000,-0.740000,55.267000,-123.954000,-59.725000,34.04
1985615810,0.103000,0.460000,-0.857000,55.252000,-126.824000,-60.076000,34.18
1985626900,0.138000,0.390000,-0.895000,55.908000,-130.473000,-62.794000,34.04
1985636125,0.099000,0.382000,-0.833000,62.443000,-125.344000,-64.198000,34.18
1985650417,-0.004000,0.434000,-0.884000,64.137000,-126.260000,-62.931000,34.13
1985660864,0.012000,0.391000,-0.849000,64.641000,-121.496000,-65.847000,34.08
1985664303,-0.020000,0.385000,-0.850000,66.656000,-115.863000,-69.817000,34.04
1985680304,-0.125000,0.404000,-0.840000,68.168000,-113.634000,-72.168000,34.08
1985690508,-0.162000,0.386000,-0.870000,67.878000,-114.672000,-73.725000,34.13
1985694784,-0.105000,0.327000,-0.918000,68.885000,-117.313000,-75.939000,34.08
1985705730,-0.133000,0.296000,-0.954000,71.084000,-113.023000,-77.634000,34.04
1985713260,-0.204000,0.281000,-0.891000,73.969000,-113.679000,-76.901000,34.18
1985727698,-0.181000,0.294000,-0.856000,77.847000,-110.046000,-77.160000,34.08
1985736278,-0.267000,0.325000,-0.893000,78.137000,-109.435000,-76.290000,34.08
1985743861,-0.332000,0.331000,-0.844000,75.084000,-110.992000,-76.916000,34.08
1985757622,-0.341000,0.329000,-0.814000,71.099000,-116.519000,-78.504000,34.13
1985766731,-0.302000,0.273000,-0.825000,70.916000,-120.366000,-81.267000,34.08
1985777595,-0.294000,0.238000,-0.851000,70.626000,-115.908000,-83.237000,34.04
1985788791,-0.284000,0.168000,-0.906000,73.511000,-116.183000,-84.000000,34.08
1985798163,-0.388000,0.169000,-0.914000,78.901000,-109.069000,-82.748000,34.04
1985803811,-0.514000,0.185000,-0.837000,80.718000,-109.832000,-81.053000,34.08
1985816618,-0.504000,0.200000,-0.804000,74.855000,-114.031000,-78.779000,34.13
1985830642,-0.480000,0.196000,-0.846000,69.237000,-113.710000,-77.008000,34.08
1985839643,-0.505000,0.167000,-0.801000,67.450000,-113.328000,-77.786000,34.04
1985846401,-0.466000,0.086000,-0.888000,69.634000,-112.443000,-81.603000,34.13
1985859938,-0.545000,0.040000,-0.895000,75.588000,-106.565000,-84.260000,34.08
1985869870,-0.689000,0.087000,-0.862000,73.740000,-107.954000,-78.214000,34.04
1985877189,-0.706000,0.061000,-0.874000,66.947000,-113.878000,-72.870000,34.18
1985889233,-0.642000,0.008000,-0.835000,61.740000,-116.824000,-69.267000,34.13
1985900814,-0.612000,-0.024000,-0.827000,60.870000,-114.122000,-65.618000,34.18
1985907042,-0.623000,0.024000,-0.822000,61.374000,-109.756000,-66.641000,34.04
1985913386,-0.661000,0.002000,-0.814000,61.710000,-107.969000,-66.748000,34.08
1985927409,-0.707000,0.021000,-0.798000,61.771000,-106.702000,-66.000000,34.13
1985940089,-0.748000,-0.004000,-0.801000,56.855000,-105.954000,-64.763000,34.18
1985946256,-0.739000,-0.057000,-0.778000,53.252000,-108.015000,-64.870000,34.13
1985956752,-0.752000,-0.069000,-0.750000,51.008000,-107.176000,-63.435000,33.99
1985971198,-0.753000,-0.091000,-0.768000,48.840000,-103.939000,-61.924000,34.08
1985976481,-0.772000,-0.098000,-0.754000,48.061000,-100.840000,-61.679000,34.04
1985986751,-0.802000,-0.093000,-0.718000,45.756000,-100.214000,-60.824000,34.08
1985996504,-0.812000,-0.074000,-0.706000,41.328000,-101.038000,-58.351000,34.04
1986008716,-0.845000,-0.075000,-0.698000,36.382000,-104.702000,-56.366000,34.08
1986015760,-0.834000,-0.111000,-0.689000,33.176000,-105.725000,-54.626000,34.04
1986022377,-0.817000,-0.151000,-0.674000,32.046000,-108.626000,-52.641000,34.18
1986036298,-0.744000,-0.193000,-0.695000,34.947000,-104.305000,-51.817000,34.13
1986046902,-0.770000,-0.161000,-0.600000,37.115000,-97.344000,-51.450000,34.08
1986056115,-0.819000,-0.131000,-0.593000,35.756000,-94.916000,-50.641000,34.13
1986065721,-0.822000,-0.126000,-0.626000,30.076000,-95.817000,-47.832000,33.99
1986078536,-0.805000,-0.141000,-0.538000,28.855000,-97.023000,-46.977000,34.04
1986084567,-0.809000,-0.134000,-0.544000,26.763000,-99.893000,-44.321000,34.13
1986097799,-0.783000,-0.167000,-0.527000,25.924000,-100.382000,-42.153000,34.18
1986106753,-0.769000,-0.243000,-0.595000,30.550000,-95.649000,-42.015000,34.08
1986115427,-0.771000,-0.270000,-0.524000,33.511000,-87.939000,-44.244000,34.08
1986125289,-0.858000,-0.238000,-0.503000,36.504000,-83.221000,-42.489000,34.13
1986130951,-0.892000,-0.200000,-0.490000,32.427000,-83.649000,-39.069000,34.18
1986146434,-0.865000,-0.217000,-0.443000,28.046000,-88.779000,-37.344000,34.22
1986156205,-0.842000,-0.198000,-0.434000,25.710000,-93.740000,-35.771000,33.99
1986164344,-0.811000,-0.189000,-0.445000,24.901000,-95.573000,-36.641000,34.04
1986178064,-0.788000,-0.219000,-0.406000,24.962000,-93.267000,-37.740000,34.08
1986187048,-0.777000,-0.281000,-0.398000,29.053000,-88.794000,-39.435000,34.04
1986196952,-0.797000,-0.305000,-0.384000,34.092000,-80.031000,-41.847000,34.18
1986206695,-0.865000,-0.289000,-0.384000,37.542000,-73.664000,-42.061000,34.08
1986218829,-0.904000,-0.289000,-0.364000,35.664000,-74.504000,-40.092000,34.04
1986223398,-0.898000,-0.266000,-0.310000,30.214000,-81.023000,-36.015000,34.08
1986234978,-0.820000,-0.305000,-0.302000,31.267000,-81.542000,-36.458000,34.13
1986249003,-0.810000,-0.280000,-0.262000,33.053000,-72.427000,-38.641000,34.08
1986256434,-0.877000,-0.256000,-0.283000,32.504000,-76.275000,-37.160000,34.04
1986267000,-0.876000,-0.269000,-0.259000,30.107000,-73.786000,-36.748000,34.08
1986274701,-0.891000,-0.253000,-0.233000,27.908000,-72.550000,-47.344000,34.04
1986286855,-0.904000,-0.367000,-0.196000,34.427000,-78.183000,-56.061000,34.08
1986296533,-0.893000,-0.350000,-0.209000,35.069000,-75.191000,-47.573000,34.13
1986304902,-0.861000,-0.349000,-0.253000,35.954000,-73.099000,-37.786000,34.08
1986314865,-0.845000,-0.340000,-0.229000,37.695000,-71.557000,-34.092000,34.04
1986326766,-0.800000,-0.388000,-0.255000,39.511000,-66.305000,-28.672000,34.08
1986332909,-0.811000,-0.323000,-0.240000,36.351000,-63.420000,-29.573000,34.08
1986347641,-0.877000,-0.289000,-0.126000,32.595000,-66.321000,-28.718000,33.94
1986359765,-0.894000,-0.312000,-0.140000,27.496000,-69.573000,-29.008000,34.08
1986366064,-0.843000,-0.376000,-0.116000,22.992000,-68.168000,-29.817000,34.13
1986376908,-0.854000,-0.391000,-0.112000,23.786000,-67.435000,-30.229000,34.08
1986391400,-0.879000,-0.387000,-0.127000,20.076000,-70.015000,-26.931000,34.13
1986396112,-0.782000,-0.498000,-0.104000,20.672000,-67.588000,-17.679000,34.08
1986408297,-0.772000,-0.488000,-0.047000,22.534000,-63.481000,-31.771000,34.22
1986417455,-0.815000,-0.466000,-0.081000,26.916000,-57.939000,-33.313000,34.08
1986428193,-0.855000,-0.416000,-0.054000,26.977000,-54.656000,-30.733000,34.13
1986436085,-0.877000,-0.419000,-0.051000,24.733000,-57.618000,-26.779000,33.99
1986442745,-0.833000,-0.400000,-0.049000,20.824000,-59.527000,-23.496000,34.13
1986455950,-0.777000,-0.422000,-0.004000,17.145000,-59.817000,-21.481000,34.13
1986466574,-0.710000,-0.504000,0.006000,21.160000,-50.885000,-23.618000,33.99
1986477285,-0.746000,-0.482000,-0.031000,24.809000,-46.702000,-26.000000,34.08
1986491560,-0.782000,-0.454000,-0.030000,24.489000,-46.000000,-26.336000,34.08
1986502222,-0.796000,-0.444000,-0.019000,21.771000,-47.939000,-26.565000,34.13
1986504639,-0.902000,-0.411000,-0.049000,16.794000,-52.092000,-20.351000,34.08
1986515741,-0.812000,-0.469000,-0.021000,13.496000,-51.023000,-19.832000,34.13
1986525211,-0.847000,-0.426000,0.008000,10.916000,-58.107000,-20.137000,34.18
1986536365,-0.785000,-0.435000,0.023000,11.008000,-55.878000,-18.885000,34.04
1986546202,-0.803000,-0.289000,0.102000,5.634000,-56.351000,-36.733000,34.08
1986552997,-0.731000,-0.491000,0.050000,7.313000,-49.160000,-26.748000,34.13
1986569469,-0.709000,-0.479000,-0.005000,6.137000,-43.099000,-25.771000,34.08
1986579484,-0.771000,-0.443000,-0.034000,1.374000,-44.443000,-20.092000,34.04
1986584374,-0.780000,-0.424000,-0.024000,-1.740000,-40.443000,-17.405000,33.99
1986598350,-0.770000,-0.467000,0.005000,-2.198000,-32.443000,-19.954000,34.08
1986605829,-0.749000,-0.468000,-0.002000,2.443000,-24.824000,-22.198000,34.13
1986616367,-0.824000,-0.418000,-0.060000,-1.176000,-17.969000,-21.481000,34.08
1986626268,-0.763000,-0.450000,-0.001000,-0.809000,-8.809000,-24.687000,34.08
1986640770,-0.769000,-0.421000,0.062000,2.885000,-4.412000,-27.679000,34.08
1986645889,-0.828000,-0.368000,0.061000,3.786000,-2.473000,-23.756000,34.04
1986651952,-0.844000,-0.357000,0.058000,4.626000,-2.901000,-19.359000,34.08
1986669744,-0.838000,-0.377000,0.065000,3.496000,-2.489000,-15.802000,34.04
1986678604,-0.823000,-0.398000,0.133000,4.000000,-2.031000,-10.992000,34.08
1986687006,-0.812000,-0.404000,0.132000,5.985000,1.053000,-8.061000,34.13
1986697690,-0.795000,-0.426000,0.131000,7.466000,7.542000,-6.137000,34.08
1986708336,-0.781000,-0.446000,0.152000,9.573000,13.344000,-3.878000,34.13
1986716942,-0.792000,-0.444000,0.150000,12.122000,15.939000,-2.031000,34.08
1986727016,-0.803000,-0.425000,0.124000,12.382000,16.000000,0.153000,34.08
1986737479,-0.783000,-0.432000,0.150000,11.420000,12.473000,2.595000,34.04
1986748587,-0.747000,-0.460000,0.131000,11.221000,10.565000,2.870000,34.08
1986753817,-0.743000,-0.489000,0.102000,10.321000,10.092000,4.076000,34.13
1986765182,-0.745000,-0.484000,0.132000,9.542000,10.611000,4.779000,34.08
1986775923,-0.731000,-0.486000,0.122000,8.504000,11.145000,6.061000,34.13
1986787306,-0.699000,-0.495000,0.125000,8.626000,13.695000,5.817000,34.08
1986797182,-0.711000,-0.494000,0.110000,8.336000,14.534000,4.733000,34.04
1986808698,-0.713000,-0.482000,0.135000,7.847000,13.145000,4.870000,34.08
1986816507,-0.684000,-0.480000,0.122000,7.924000,12.260000,3.206000,34.13
1986824784,-0.699000,-0.475000,0.107000,6.580000,10.992000,1.725000,34.08
1986836717,-0.704000,-0.465000,0.095000,3.527000,8.458000,1.511000,34.04
1986845715,-0.704000,-0.478000,0.129000,0.519000,4.885000,1.542000,34.08
1986855471,-0.691000,-0.499000,0.124000,0.198000,3.573000,1.191000,34.08
1986862260,-0.701000,-0.485000,0.136000,-0.122000,4.015000,-0.076000,34.13
1986880876,-0.699000,-0.482000,0.145000,0.244000,3.298000,-1.267000,34.08
1986891615,-0.699000,-0.471000,0.163000,1.450000,3.160000,-2.992000,34.13
1986897627,-0.715000,-0.466000,0.138000,1.252000,2.183000,-4.092000,34.08
1986907399,-0.704000,-0.469000,0.158000,0.947000,-0.321000,-4.641000,34.04
1986918735,-0.697000,-0.479000,0.154000,-0.076000,-1.817000,-5.069000,34.08
1986927014,-0.668000,-0.493000,0.145000,0.977000,-1.740000,-6.122000,34.13
1986933951,-0.705000,-0.482000,0.125000,0.580000,-1.008000,-7.664000,34.08
1986946219,-0.737000,-0.464000,0.116000,-1.481000,-3.130000,-6.840000,34.04
1986957262,-0.733000,-0.459000,0.117000,-4.000000,-5.008000,-6.321000,33.99
1986963296,-0.733000,-0.458000,0.128000,-5.664000,-5.847000,-6.458000,34.18
1986975675,-0.735000,-0.454000,0.139000,-6.427000,-6.595000,-6.168000,34.13
1986990186,-0.719000,-0.463000,0.162000,-6.321000,-6.336000,-6.046000,34.08
1986996820,-0.705000,-0.471000,0.152000,-4.275000,-5.542000,-6.427000,34.08
1987006851,-0.709000,-0.477000,0.140000,-4.550000,-5.160000,-6.412000,34.08
1987019704,-0.707000,-0.478000,0.143000,-4.260000,-5.008000,-6.336000,34.13
1987026842,-0.730000,-0.470000,0.138000,-4.611000,-5.328000,-5.023000,34.08
1987035533,-0.721000,-0.467000,0.133000,-5.420000,-4.626000,-4.489000,34.04
1987050847,-0.710000,-0.462000,0.144000,-5.710000,-3.924000,-4.061000,33.99
1987061108,-0.714000,-0.469000,0.163000,-5.191000,-1.908000,-4.305000,34.13
1987064860,-0.724000,-0.459000,0.176000,-3.420000,-0.870000,-3.878000,34.08
1987075808,-0.712000,-0.467000,0.181000,-1.725000,0.855000,-3.969000,34.08
1987083023,-0.703000,-0.475000,0.174000,0.748000,2.794000,-3.908000,34.13
1987096561,-0.713000,-0.482000,0.156000,1.053000,3.588000,-3.557000,34.18
1987106712,-0.721000,-0.472000,0.144000,0.580000,4.198000,-2.519000,34.13
1987117740,-0.730000,-0.471000,0.150000,-0.275000,3.557000,-1.618000,33.99
1987132736,-0.698000,-0.478000,0.151000,-0.031000,4.794000,-2.092000,34.04
1987138145,-0.718000,-0.465000,0.148000,-0.473000,5.359000,-2.061000,34.08
1987147743,-0.714000,-0.470000,0.157000,-1.313000,6.122000,-2.458000,34.13
1987155849,-0.717000,-0.473000,0.155000,-1.588000,5.374000,-2.260000,34.08
1987167327,-0.719000,-0.470000,0.144000,-2.046000,4.885000,-1.573000,34.04
1987172692,-0.717000,-0.469000,0.145000,-2.977000,4.611000,-1.542000,34.08
1987184202,-0.714000,-0.483000,0.134000,-3.710000,3.725000,-0.962000,34.04
1987196713,-0.715000,-0.490000,0.129000,-3.893000,3.145000,-0.382000,34.13
1987207607,-0.721000,-0.489000,0.142000,-4.763000,2.672000,-0.122000,34.08
1987216219,-0.695000,-0.492000,0.157000,-5.053000,3.908000,-0.275000,34.08
1987229360,-0.706000,-0.476000,0.163000,-4.458000,4.397000,-0.733000,33.99
1987237323,-0.708000,-0.476000,0.163000,-4.260000,6.137000,-1.420000,34.04
1987247510,-0.706000,-0.488000,0.163000,-4.122000,5.115000,-2.046000,34.08
1987256812,-0.731000,-0.478000,0.147000,-4.092000,5.252000,-2.275000,34.04
1987269244,-0.756000,-0.469000,0.143000,-5.298000,3.145000,-1.573000,33.99
1987273873,-0.709000,-0.498000,0.151000,-5.099000,1.939000,-1.435000,34.13
1987285218,-0.715000,-0.487000,0.156000,-4.000000,2.809000,-1.573000,34.08
1987292173,-0.714000,-0.490000,0.134000,-4.611000,3.221000,-1.527000,34.13
1987305943,-0.706000,-0.477000,0.128000,-5.908000,3.008000,-1.466000,34.04
1987316840,-0.733000,-0.460000,0.163000,-6.611000,3.176000,-0.763000,34.08
1987325188,-0.731000,-0.444000,0.157000,-6.427000,1.817000,0.031000,34.13
1987336613,-0.730000,-0.463000,0.128000,-6.794000,1.786000,0.397000,34.08
1987344132,-0.734000,-0.441000,0.127000,-7.679000,0.840000,0.458000,34.04
1987355770,-0.736000,-0.434000,0.120000,-8.672000,-0.748000,1.649000,34.08
1987364805,-0.731000,-0.444000,0.115000,-9.878000,-2.061000,2.534000,34.04
1987375801,-0.730000,-0.462000,0.125000,-11.145000,-2.687000,3.389000,34.08
1987386662,-0.724000,-0.458000,0.116000,-11.985000,-3.008000,3.649000,34.13
1987393659,-0.719000,-0.453000,0.130000,-13.176000,-4.015000,4.168000,34.18
1987408356,-0.717000,-0.475000,0.132000,-13.588000,-5.099000,4.947000,34.13
1987416990,-0.709000,-0.478000,0.139000,-13.740000,-4.198000,4.153000,34.08
1987427823,-0.717000,-0.469000,0.140000,-12.336000,-2.198000,2.626000,34.13
1987442509,-0.716000,-0.477000,0.136000,-12.855000,-2.702000,3.969000,34.08
1987447990,-0.704000,-0.506000,0.169000,-11.405000,-0.458000,4.351000,33.99
1987458181,-0.702000,-0.491000,0.169000,-9.344000,1.252000,3.802000,34.04
1987466437,-0.709000,-0.490000,0.152000,-7.710000,3.130000,3.481000,33.99
1987477023,-0.715000,-0.489000,0.121000,-7.740000,4.427000,3.145000,34.13
1987483251,-0.707000,-0.493000,0.129000,-7.924000,4.427000,3.359000,34.18
1987494524,-0.713000,-0.491000,0.157000,-8.061000,5.328000,3.435000,34.04
1987508189,-0.697000,-0.482000,0.140000,-7.206000,6.855000,2.824000,34.08
1987517982,-0.728000,-0.466000,0.136000,-6.763000,7.237000,3.038000,34.13
1987526624,-0.744000,-0.453000,0.136000,-6.351000,7.008000,3.634000,34.18
1987536050,-0.728000,-0.454000,0.120000,-5.603000,7.252000,3.878000,34.04
1987548387,-0.723000,-0.469000,0.089000,-5.847000,9.023000,4.397000,34.08
1987554023,-0.712000,-0.476000,0.117000,-7.603000,11.786000,4.931000,34.08
1987565661,-0.712000,-0.489000,0.113000,-7.710000,13.481000,5.496000,34.04
1987580361,-0.736000,-0.469000,0.098000,-8.351000,14.947000,6.275000,34.08
1987584828,-0.732000,-0.455000,0.113000,-9.099000,14.763000,6.626000,34.08
1987596317,-0.732000,-0.454000,0.124000,-8.626000,13.298000,7.176000,34.08
1987603102,-0.717000,-0.445000,0.119000,-8.107000,12.687000,7.252000,34.04
1987617902,-0.709000,-0.452000,0.099000,-7.466000,13.588000,7.298000,34.18
1987627028,-0.689000,-0.467000,0.108000,-6.382000,14.672000,7.130000,34.04
1987636871,-0.712000,-0.459000,0.113000,-6.244000,15.374000,6.840000,34.08
1987648720,-0.710000,-0.457000,0.083000,-6.977000,15.420000,7.099000,34.13
1987656292,-0.718000,-0.454000,0.082000,-7.496000,15.450000,7.084000,34.08
1987666735,-0.748000,-0.446000,0.083000,-7.740000,15.588000,6.855000,34.04
1987676898,-0.782000,-0.451000,0.100000,-10.061000,12.916000,7.038000,34.08
1987687165,-0.774000,-0.453000,0.076000,-10.962000,10.061000,7.847000,34.13
1987691415,-0.762000,-0.464000,0.064000,-11.771000,9.252000,7.237000,34.13
1987703986,-0.744000,-0.473000,0.061000,-12.504000,9.695000,7.084000,34.08
1987718785,-0.748000,-0.484000,0.083000,-11.863000,10.702000,7.847000,34.04
1987727225,-0.742000,-0.460000,0.079000,-12.321000,12.244000,8.443000,34.08
1987736689,-0.739000,-0.445000,0.094000,-15.115000,13.099000,7.634000,34.08
1987745194,-0.719000,-0.444000,0.099000,-14.092000,14.916000,9.267000,33.99
1987757447,-0.733000,-0.442000,0.054000,-14.412000,16.504000,7.908000,34.13
1987766493,-0.729000,-0.463000,0.081000,-14.031000,20.107000,7.725000,34.08
1987774957,-0.749000,-0.445000,0.078000,-11.985000,21.374000,7.191000,34.04
1987785970,-0.775000,-0.453000,0.083000,-11.145000,22.351000,8.626000,34.08
1987794454,-0.752000,-0.455000,0.032000,-12.626000,24.229000,5.573000,34.13
1987804482,-0.747000,-0.455000,0.047000,-8.397000,27.786000,7.679000,34.08
1987817346,-0.739000,-0.471000,0.064000,-6.595000,31.359000,7.496000,34.04
1987826775,-0.760000,-0.435000,0.027000,-9.756000,33.771000,9.084000,34.08
1987835870,-0.777000,-0.413000,0.043000,-12.076000,34.656000,9.863000,34.04
1987846967,-0.752000,-0.457000,-0.004000,-10.534000,38.183000,9.450000,34.04
1987860716,-0.761000,-0.446000,-0.020000,-10.275000,42.962000,7.466000,33.99
1987867056,-0.789000,-0.470000,0.022000,-9.252000,41.481000,7.252000,34.13
1987876761,-0.783000,-0.456000,-0.024000,-8.351000,43.069000,6.565000,34.08
1987886516,-0.792000,-0.421000,-0.051000,-12.687000,42.137000,8.046000,34.08
1987897750,-0.780000,-0.437000,-0.071000,-14.748000,43.450000,9.924000,33.99
1987904466,-0.794000,-0.455000,-0.068000,-15.725000,44.992000,11.069000,34.13
1987916859,-0.790000,-0.439000,-0.067000,-15.649000,45.298000,11.298000,33.99
1987931173,-0.809000,-0.413000,-0.062000,-18.595000,42.595000,11.450000,34.13
1987939261,-0.799000,-0.425000,-0.085000,-17.969000,44.351000,15.359000,33.99
1987945451,-0.804000,-0.409000,-0.118000,-18.992000,45.771000,14.672000,34.04
1987959520,-0.820000,-0.423000,-0.082000,-15.924000,45.435000,18.382000,34.18
1987970295,-0.845000,-0.393000,-0.097000,-14.015000,47.527000,19.450000,34.13
1987975262,-0.824000,-0.384000,-0.124000,-17.115000,47.405000,21.130000,33.99
1987989132,-0.772000,-0.423000,-0.100000,-14.168000,50.992000,23.511000,34.08
1987999812,-0.817000,-0.370000,-0.109000,-11.863000,56.656000,25.252000,34.13
1988004139,-0.847000,-0.351000,-0.157000,-15.466000,54.489000,28.260000,34.08
1988015368,-0.826000,-0.356000,-0.160000,-17.985000,56.198000,26.550000,34.13
1988022106,-0.823000,-0.387000,-0.146000,-14.382000,58.824000,28.656000,34.18
1988035815,-0.863000,-0.356000,-0.153000,-13.847000,59.939000,26.260000,34.04
1988047620,-0.881000,-0.323000,-0.160000,-15.450000,62.076000,28.626000,34.08
1988057128,-0.893000,-0.326000,-0.176000,-18.565000,57.649000,28.305000,34.13
1988067635,-0.860000,-0.336000,-0.174000,-20.672000,57.786000,29.817000,34.08
1988076563,-0.829000,-0.376000,-0.179000,-19.954000,59.282000,27.802000,34.13
1988087785,-0.858000,-0.370000,-0.219000,-21.557000,61.221000,30.137000,34.08
1988098587,-0.862000,-0.341000,-0.231000,-24.000000,64.992000,30.244000,34.04
1988108513,-0.859000,-0.351000,-0.227000,-24.992000,63.557000,30.321000,34.08
1988113992,-0.851000,-0.340000,-0.244000,-28.809000,65.786000,31.008000,34.08
1988128041,-0.832000,-0.339000,-0.240000,-28.718000,67.145000,30.885000,34.13
1988136641,-0.827000,-0.317000,-0.261000,-28.397000,68.260000,30.534000,34.08
1988147586,-0.825000,-0.320000,-0.275000,-29.191000,69.832000,30.183000,34.04
1988156840,-0.800000,-0.294000,-0.274000,-27.634000,68.473000,28.351000,34.08
1988165862,-0.790000,-0.280000,-0.307000,-27.954000,67.893000,27.588000,34.04
1988178683,-0.819000,-0.317000,-0.294000,-29.481000,67.099000,30.947000,34.08
1988183738,-0.798000,-0.289000,-0.330000,-30.427000,67.832000,30.901000,33.94
1988195585,-0.788000,-0.315000,-0.311000,-31.664000,68.901000,31.359000,34.08
1988206930,-0.793000,-0.302000,-0.328000,-32.504000,69.496000,31.252000,34.04
1988214419,-0.819000,-0.296000,-0.376000,-35.221000,67.588000,30.504000,33.99
1988224689,-0.795000,-0.318000,-0.342000,-34.137000,72.031000,30.687000,34.18
1988237770,-0.849000,-0.319000,-0.367000,-33.252000,70.565000,29.359000,34.04
1988248697,-0.817000,-0.315000,-0.378000,-35.176000,69.328000,29.939000,34.08
1988257618,-0.778000,-0.306000,-0.400000,-34.351000,72.718000,29.084000,34.08
1988263473,-0.802000,-0.299000,-0.390000,-33.542000,73.756000,28.779000,34.08
1988278529,-0.788000,-0.291000,-0.397000,-34.076000,75.389000,27.389000,34.22
1988286507,-0.777000,-0.250000,-0.409000,-33.893000,76.473000,26.183000,34.08
1988294182,-0.782000,-0.241000,-0.427000,-35.847000,77.313000,24.809000,34.13
1988306362,-0.782000,-0.238000,-0.443000,-38.412000,77.023000,23.176000,34.08
1988317883,-0.778000,-0.268000,-0.453000,-38.061000,79.115000,22.290000,34.13
1988323213,-0.795000,-0.287000,-0.513000,-38.214000,77.053000,23.206000,34.18
1988335197,-0.761000,-0.302000,-0.470000,-34.656000,78.687000,23.038000,34.04
1988344807,-0.763000,-0.270000,-0.468000,-32.580000,76.305000,23.008000,34.04
1988355965,-0.740000,-0.261000,-0.503000,-31.511000,79.969000,24.580000,34.18
1988367301,-0.751000,-0.206000,-0.527000,-30.992000,79.969000,24.702000,34.04
1988378147,-0.733000,-0.191000,-0.532000,-32.290000,78.870000,23.405000,34.08
1988386102,-0.743000,-0.186000,-0.551000,-36.198000,78.916000,23.924000,34.04
1988396437,-0.719000,-0.197000,-0.520000,-36.305000,79.511000,22.260000,34.08
1988407894,-0.740000,-0.197000,-0.544000,-37.038000,78.260000,22.183000,34.13
1988418629,-0.761000,-0.133000,-0.611000,-40.718000,74.992000,24.000000,34.08
1988423301,-0.714000,-0.211000,-0.600000,-39.115000,73.481000,24.198000,34.13
1988434161,-0.735000,-0.191000,-0.586000,-37.847000,73.893000,25.649000,34.08
1988447022,-0.703000,-0.140000,-0.598000,-39.221000,72.595000,24.855000,34.04
1988459153,-0.687000,-0.104000,-0.568000,-42.275000,70.443000,25.573000,34.08
1988464975,-0.679000,-0.124000,-0.628000,-39.573000,72.061000,24.794000,34.08
1988480576,-0.724000,-0.104000,-0.605000,-43.725000,68.992000,25.511000,34.08
1988492251,-0.688000,-0.122000,-0.618000,-47.099000,66.366000,26.840000,34.08
1988497024,-0.702000,-0.148000,-0.654000,-45.435000,66.412000,27.802000,34.04
1988507590,-0.691000,-0.099000,-0.649000,-45.802000,64.214000,28.809000,34.18
1988518994,-0.685000,-0.094000,-0.662000,-48.504000,60.916000,31.023000,34.13
1988526654,-0.642000,-0.089000,-0.639000,-47.985000,59.038000,31.450000,34.08
1988532566,-0.603000,-0.058000,-0.655000,-46.916000,58.427000,31.725000,34.13
1988545509,-0.647000,-0.065000,-0.703000,-46.824000,56.656000,31.389000,34.08
1988557636,-0.612000,-0.048000,-0.639000,-47.634000,55.496000,31.679000,34.04
1988568084,-0.615000,-0.041000,-0.688000,-47.130000,55.954000,31.130000,34.08
1988575608,-0.659000,-0.022000,-0.759000,-50.489000,53.511000,32.534000,34.04
1988590346,-0.653000,-0.050000,-0.707000,-50.351000,53.649000,32.504000,34.04
1988598711,-0.633000,-0.046000,-0.742000,-51.191000,51.847000,33.130000,33.99
1988608489,-0.620000,-0.039000,-0.701000,-50.107000,49.802000,33.649000,34.04
1988616983,-0.584000,0.005000,-0.710000,-49.634000,48.397000,34.702000,34.08
1988626976,-0.573000,0.019000,-0.729000,-49.710000,47.267000,35.160000,34.08
1988636687,-0.550000,0.009000,-0.734000,-49.023000,45.725000,34.992000,34.08
1988643500,-0.543000,0.016000,-0.727000,-46.977000,46.794000,34.107000,34.13
1988660969,-0.541000,0.040000,-0.726000,-45.817000,46.779000,32.687000,34.08
1988666657,-0.551000,0.046000,-0.757000,-46.412000,47.756000,32.550000,34.22
1988677105,-0.573000,0.031000,-0.751000,-46.931000,46.366000,33.115000,34.18
1988688976,-0.566000,0.051000,-0.763000,-46.718000,44.260000,33.771000,34.04
1988697369,-0.561000,0.051000,-0.767000,-45.817000,42.824000,33.481000,34.18
1988706691,-0.542000,0.077000,-0.759000,-44.321000,41.573000,32.947000,34.13
1988717647,-0.501000,0.092000,-0.774000,-43.725000,40.656000,32.122000,34.08
1988725934,-0.481000,0.087000,-0.758000,-42.397000,42.947000,29.893000,34.08
1988736198,-0.497000,0.117000,-0.773000,-40.031000,44.214000,28.504000,34.13
1988743028,-0.498000,0.113000,-0.763000,-39.893000,42.748000,27.695000,34.08
1988758893,-0.478000,0.122000,-0.741000,-38.183000,41.511000,27.313000,34.04
1988768995,-0.457000,0.104000,-0.799000,-36.046000,41.679000,25.878000,34.08
1988776730,-0.454000,0.095000,-0.784000,-32.763000,41.969000,24.595000,34.13
1988786752,-0.470000,0.148000,-0.774000,-29.939000,41.481000,22.580000,34.08
1988797041,-0.459000,0.180000,-0.775000,-30.901000,42.290000,21.191000,34.04
1988805936,-0.462000,0.179000,-0.796000,-30.351000,41.252000,19.634000,34.08
1988817462,-0.417000,0.156000,-0.781000,-30.198000,41.634000,17.252000,34.13
1988826270,-0.414000,0.172000,-0.812000,-27.878000,43.893000,15.985000,34.08
1988836730,-0.430000,0.177000,-0.814000,-26.260000,45.252000,14.672000,34.08
1988842654,-0.440000,0.212000,-0.822000,-26.840000,45.328000,12.702000,34.08
1988856540,-0.437000,0.221000,-0.852000,-30.702000,45.420000,12.489000,34.08
1988868212,-0.459000,0.207000,-0.848000,-31.084000,44.870000,12.336000,34.04
1988879631,-0.445000,0.220000,-0.889000,-32.794000,43.191000,13.679000,34.08
1988885781,-0.388000,0.161000,-0.814000,-30.626000,41.191000,13.069000,34.04
1988900449,-0.381000,0.170000,-0.853000,-24.626000,43.298000,14.046000,34.08
1988909226,-0.396000,0.196000,-0.891000,-23.496000,44.595000,14.840000,34.13
1988917722,-0.393000,0.238000,-0.914000,-25.511000,43.954000,16.687000,34.08
1988928345,-0.369000,0.210000,-0.885000,-25.008000,45.405000,16.168000,34.04
1988939192,-0.377000,0.224000,-0.859000,-25.008000,46.580000,16.061000,34.08
1988942766,-0.365000,0.226000,-0.879000,-25.756000,45.649000,17.191000,34.13
1988954310,-0.348000,0.228000,-0.875000,-25.832000,45.954000,18.321000,34.13
1988966396,-0.323000,0.217000,-0.841000,-24.153000,44.382000,19.634000,34.18
1988979037,-0.337000,0.214000,-0.899000,-21.710000,46.519000,21.023000,34.13
1988985536,-0.364000,0.225000,-0.905000,-19.725000,47.450000,22.504000,33.99
1988996040,-0.382000,0.252000,-0.897000,-21.710000,45.511000,23.893000,34.13
1989010347,-0.334000,0.269000,-0.889000,-23.771000,45.023000,24.489000,34.08
1989016366,-0.317000,0.284000,-0.909000,-24.565000,44.840000,25.053000,34.04
1989026600,-0.275000,0.303000,-0.904000,-24.748000,45.878000,23.420000,34.08
1989039355,-0.272000,0.283000,-0.918000,-26.626000,45.313000,23.130000,34.13
1989047665,-0.278000,0.261000,-0.934000,-24.260000,48.580000,22.382000,34.18
1989053969,-0.306000,0.281000,-0.940000,-23.786000,48.641000,23.466000,34.13
1989065766,-0.327000,0.302000,-0.959000,-26.122000,47.069000,25.481000,34.08
1989079447,-0.298000,0.310000,-0.931000,-28.748000,44.962000,26.382000,34.08
1989087965,-0.257000,0.332000,-0.930000,-29.725000,44.458000,26.076000,34.04
1989099810,-0.238000,0.341000,-0.937000,-30.519000,45.527000,24.718000,34.08
1989108912,-0.226000,0.334000,-0.921000,-30.046000,47.115000,23.328000,34.13
1989115601,-0.206000,0.330000,-0.937000,-29.450000,48.595000,22.840000,34.08
1989126290,-0.239000,0.347000,-0.933000,-29.176000,50.107000,22.733000,34.04
1989138846,-0.236000,0.339000,-0.917000,-29.557000,48.489000,23.298000,34.08
1989149732,-0.224000,0.372000,-0.913000,-30.244000,45.893000,25.008000,34.04
1989154318,-0.210000,0.389000,-0.913000,-33.053000,44.214000,27.145000,34.08
1989165253,-0.202000,0.384000,-0.902000,-33.267000,41.679000,27.527000,34.18
1989172798,-0.162000,0.368000,-0.927000,-33.298000,42.244000,26.702000,34.13
1989186652,-0.117000,0.350000,-0.898000,-30.061000,45.939000,23.008000,34.08
1989196603,-0.169000,0.417000,-0.914000,-28.107000,47.221000,21.710000,34.13
1989208584,-0.154000,0.420000,-0.894000,-31.786000,43.985000,20.824000,34.08
1989219127,-0.141000,0.407000,-0.897000,-32.214000,41.496000,20.397000,34.04
1989226920,-0.119000,0.403000,-0.878000,-31.771000,40.260000,19.557000,34.08
1989237358,-0.082000,0.386000,-0.893000,-30.641000,39.649000,21.496000,34.13
1989247817,-0.090000,0.368000,-0.939000,-28.366000,40.733000,21.954000,34.18
1989256861,-0.106000,0.403000,-0.909000,-25.939000,42.031000,22.305000,34.04
1989264808,-0.131000,0.414000,-0.966000,-27.832000,43.084000,22.611000,34.08
1989277866,-0.133000,0.388000,-0.930000,-27.832000,42.504000,22.855000,34.08
1989285191,-0.099000,0.435000,-0.929000,-29.160000,42.687000,22.626000,34.18
1989301882,-0.062000,0.416000,-0.935000,-28.977000,42.794000,22.885000,34.18
1989304719,-0.036000,0.396000,-0.936000,-25.832000,44.427000,22.779000,34.04
1989315578,-0.015000,0.410000,-0.959000,-23.527000,47.206000,22.962000,34.08
1989329135,-0.033000,0.416000,-0.969000,-22.458000,51.191000,24.107000,34.04
1989334825,-0.078000,0.420000,-0.982000,-20.687000,54.504000,24.061000,34.08
1989345876,-0.071000,0.424000,-0.971000,-21.939000,53.664000,25.206000,34.13
1989355134,-0.045000,0.466000,-0.977000,-22.901000,55.160000,24.580000,34.18
1989365937,-0.044000,0.480000,-1.015000,-25.832000,55.328000,24.305000,34.13
1989376173,-0.005000,0.443000,-0.961000,-24.336000,57.985000,21.893000,34.08
1989385071,0.048000,0.470000,-1.004000,-25.115000,60.733000,21.008000,34.18
1989398756,-0.009000,0.449000,-0.997000,-23.191000,63.099000,21.160000,34.04
1989408634,-0.012000,0.431000,-1.009000,-21.450000,64.824000,22.763000,34.08
1989416031,-0.024000,0.434000,-0.990000,-22.977000,64.214000,23.282000,34.04
1989427051,-0.006000,0.449000,-0.982000,-24.198000,63.313000,22.626000,34.08
1989438705,0.067000,0.485000,-0.977000,-24.702000,67.038000,19.328000,34.04
1989445347,0.044000,0.491000,-0.932000,-25.969000,66.122000,17.847000,33.99
1989457271,0.080000,0.487000,-0.952000,-27.740000,68.107000,15.893000,34.13
1989469170,0.097000,0.447000,-0.952000,-26.977000,70.977000,13.649000,34.08
1989476175,0.090000,0.493000,-0.923000,-28.931000,72.305000,13.542000,34.04
1989483326,0.089000,0.513000,-0.921000,-32.565000,71.267000,14.290000,34.08
1989497195,0.125000,0.487000,-0.966000,-32.351000,73.237000,15.817000,34.18
1989508613,0.147000,0.495000,-0.970000,-32.748000,74.656000,16.947000,34.08
1989514578,0.142000,0.474000,-0.930000,-31.252000,73.313000,19.206000,34.08
1989530755,0.199000,0.499000,-0.925000,-29.435000,76.122000,19.206000,34.13
1989538542,0.164000,0.557000,-0.923000,-30.947000,77.282000,21.527000,34.08
1989546297,0.199000,0.571000,-0.932000,-34.168000,77.817000,21.756000,34.13
1989556330,0.218000,0.573000,-0.933000,-36.550000,78.840000,20.733000,34.08
1989567153,0.174000,0.574000,-0.967000,-39.573000,79.679000,18.580000,34.13
1989577029,0.188000,0.539000,-0.930000,-41.771000,78.748000,20.397000,34.08
1989583659,0.243000,0.512000,-0.910000,-41.313000,79.985000,18.855000,34.04
1989600624,0.238000,0.546000,-0.929000,-42.641000,81.389000,20.122000,34.18
1989610531,0.206000,0.584000,-0.897000,-44.794000,81.145000,20.870000,34.04
1989618004,0.228000,0.614000,-0.871000,-50.397000,76.550000,22.458000,34.04
1989628096,0.291000,0.588000,-0.893000,-54.015000,75.267000,24.336000,33.99
1989638800,0.279000,0.582000,-0.838000,-55.603000,75.053000,25.115000,34.13
1989647875,0.380000,0.569000,-0.832000,-51.847000,80.198000,24.855000,34.08
1989654886,0.318000,0.583000,-0.817000,-52.107000,78.244000,30.183000,34.13
1989666662,0.362000,0.524000,-0.806000,-48.427000,80.305000,31.542000,34.08
1989680435,0.373000,0.579000,-0.779000,-45.405000,81.817000,33.435000,34.13
1989684183,0.349000,0.598000,-0.807000,-45.511000,83.206000,35.786000,34.08
1989696128,0.331000,0.610000,-0.792000,-47.908000,82.382000,35.466000,34.13
1989708683,0.355000,0.598000,-0.795000,-50.550000,79.695000,36.443000,33.99
1989720567,0.325000,0.577000,-0.781000,-53.344000,79.389000,36.168000,34.13
1989726199,0.271000,0.570000,-0.749000,-53.802000,76.458000,35.954000,34.08
1989738047,0.323000,0.563000,-0.738000,-56.656000,70.992000,34.198000,34.08
1989751335,0.332000,0.562000,-0.723000,-57.664000,67.664000,34.122000,34.13
1989756062,0.383000,0.528000,-0.684000,-56.580000,64.885000,33.084000,34.08
1989766876,0.421000,0.552000,-0.651000,-53.954000,62.427000,32.214000,34.13
1989780255,0.440000,0.588000,-0.660000,-52.092000,58.901000,34.580000,34.08
1989787123,0.461000,0.581000,-0.647000,-51.221000,56.214000,35.954000,34.13
1989796139,0.464000,0.584000,-0.609000,-49.786000,54.031000,35.771000,34.08
1989803216,0.414000,0.618000,-0.563000,-49.099000,50.916000,35.634000,34.13
1989822055,0.468000,0.631000,-0.506000,-51.313000,47.969000,32.366000,33.99
1989831258,0.540000,0.627000,-0.492000,-49.802000,43.710000,28.718000,34.13
1989836787,0.573000,0.637000,-0.533000,-44.336000,41.832000,25.863000,34.18
1989850118,0.584000,0.641000,-0.588000,-40.672000,38.550000,27.634000,34.04
1989858099,0.537000,0.618000,-0.596000,-39.298000,34.000000,32.702000,34.04
1989866707,0.500000,0.641000,-0.570000,-39.160000,26.901000,36.580000,33.99
1989875824,0.517000,0.653000,-0.412000,-40.061000,20.214000,35.084000,34.08
1989886601,0.503000,0.681000,-0.465000,-43.893000,15.389000,30.901000,34.08
1989896740,0.562000,0.631000,-0.465000,-42.260000,15.344000,22.824000,34.13
1989903630,0.562000,0.630000,-0.454000,-41.099000,8.366000,15.756000,34.08
1989919038,0.550000,0.630000,-0.480000,-38.901000,0.427000,11.847000,34.04
1989930075,0.613000,0.602000,-0.486000,-36.198000,-9.359000,12.534000,34.08
1989937583,0.646000,0.607000,-0.464000,-30.794000,-15.038000,13.389000,34.04
1989947163,0.627000,0.622000,-0.455000,-26.794000,-21.405000,15.389000,34.08
1989957493,0.650000,0.586000,-0.463000,-22.473000,-25.298000,14.824000,34.04
1989967071,0.699000,0.588000,-0.437000,-19.008000,-25.008000,12.397000,34.08
1989973981,0.679000,0.601000,-0.431000,-12.580000,-24.763000,7.389000,34.18
1989986643,0.666000,0.614000,-0.444000,-8.641000,-26.855000,3.511000,34.22
1989997219,0.671000,0.609000,-0.474000,-4.992000,-32.351000,0.321000,34.08
1990003738,0.671000,0.617000,-0.484000,-1.817000,-36.366000,-0.473000,34.13
1990016345,0.641000,0.610000,-0.528000,2.366000,-40.107000,-1.679000,34.08
1990034018,0.630000,0.599000,-0.513000,4.305000,-45.344000,-1.420000,34.04
1990039717,0.644000,0.584000,-0.511000,8.214000,-48.351000,-4.336000,33.99
1990045968,0.624000,0.589000,-0.506000,11.389000,-49.679000,-6.611000,34.04
1990058931,0.609000,0.607000,-0.551000,13.328000,-51.511000,-9.740000,34.08
1990068684,0.582000,0.612000,-0.588000,12.153000,-53.542000,-11.603000,34.04
1990074978,0.586000,0.605000,-0.567000,12.656000,-56.550000,-13.695000,34.18
1990087562,0.577000,0.624000,-0.566000,13.618000,-60.382000,-16.000000,34.08
1990092764,0.620000,0.613000,-0.586000,16.153000,-62.687000,-18.122000,34.08
1990104098,0.614000,0.610000,-0.568000,19.023000,-62.321000,-20.672000,34.18
1990116224,0.567000,0.618000,-0.566000,22.031000,-64.260000,-21.786000,34.04
1990126226,0.572000,0.602000,-0.585000,25.725000,-63.511000,-24.565000,34.18
1990137358,0.524000,0.638000,-0.651000,23.817000,-62.061000,-27.206000,34.13
1990147195,0.467000,0.646000,-0.626000,20.931000,-67.374000,-28.015000,34.08
1990159406,0.483000,0.627000,-0.646000,21.740000,-66.916000,-29.969000,34.04
1990165854,0.480000,0.606000,-0.633000,23.695000,-71.145000,-31.832000,34.18
1990174162,0.466000,0.617000,-0.658000,26.183000,-72.443000,-32.809000,34.04
1990189129,0.488000,0.592000,-0.580000,31.634000,-72.046000,-35.450000,34.18
1990199413,0.431000,0.657000,-0.658000,33.817000,-72.565000,-36.290000,34.04
1990204988,0.429000,0.660000,-0.702000,28.687000,-75.481000,-36.031000,34.18
1990215468,0.408000,0.646000,-0.686000,25.084000,-76.626000,-36.382000,34.08
1990222290,0.389000,0.604000,-0.667000,27.710000,-73.954000,-39.481000,34.04
1990239572,0.399000,0.557000,-0.608000,34.962000,-74.550000,-43.649000,34.08
1990247316,0.351000,0.585000,-0.675000,42.076000,-72.595000,-44.336000,34.08
1990257027,0.245000,0.645000,-0.676000,41.847000,-80.550000,-40.244000,34.08
1990269732,0.294000,0.618000,-0.668000,41.450000,-84.901000,-38.458000,34.04
1990274620,0.327000,0.597000,-0.831000,38.656000,-85.542000,-38.015000,34.08
1990285956,0.333000,0.556000,-0.764000,33.634000,-85.985000,-38.748000,34.13
1990297641,0.271000,0.583000,-0.726000,38.092000,-84.840000,-39.099000,34.08
1990305220,0.229000,0.572000,-0.834000,41.191000,-86.244000,-41.878000,34.04
1990315115,0.177000,0.585000,-0.779000,38.504000,-89.710000,-41.832000,34.18
1990321007,0.210000,0.573000,-0.773000,39.344000,-92.336000,-41.053000,34.13
1990339296,0.223000,0.584000,-0.764000,40.000000,-87.328000,-43.023000,34.04
1990348068,0.184000,0.591000,-0.812000,38.595000,-89.084000,-44.733000,34.08
1990356072,0.248000,0.538000,-0.848000,36.000000,-86.748000,-49.420000,34.04
1990369981,0.225000,0.489000,-0.834000,39.237000,-78.489000,-55.527000,34.08
1990377018,0.099000,0.510000,-0.824000,43.863000,-75.435000,-58.489000,34.13
1990384862,0.014000,0.534000,-0.868000,43.435000,-79.908000,-57.969000,34.08
1990396556,0.034000,0.532000,-0.826000,39.130000,-90.931000,-56.153000,34.13
1990407689,0.110000,0.509000,-0.801000,40.519000,-86.885000,-59.618000,34.08
1990414433,0.076000,0.501000,-0.839000,41.282000,-83.191000,-60.733000,34.13
1990427338,0.096000,0.488000,-0.829000,43.695000,-81.420000,-64.992000,34.08
1990441065,0.067000,0.449000,-0.894000,46.794000,-76.168000,-69.374000,34.13
1990448888,-0.008000,0.464000,-0.807000,47.649000,-75.634000,-68.748000,34.13
1990454465,-0.044000,0.505000,-0.796000,48.122000,-80.366000,-67.298000,34.08
1990469893,-0.046000,0.503000,-0.818000,44.779000,-85.115000,-67.725000,34.18
1990478241,-0.057000,0.446000,-0.832000,45.298000,-85.267000,-67.588000,34.18
1990486117,-0.047000,0.405000,-0.819000,49.221000,-83.237000,-71.588000,34.04
1990497432,-0.115000,0.412000,-0.820000,54.901000,-79.176000,-72.672000,34.18
1990509138,-0.133000,0.405000,-0.923000,53.725000,-79.435000,-70.855000,34.13
1990514362,-0.167000,0.411000,-0.870000,50.061000,-83.206000,-68.290000,34.18
1990525533,-0.210000,0.406000,-0.876000,47.679000,-86.107000,-67.115000,34.13
1990538640,-0.231000,0.404000,-0.854000,43.893000,-89.221000,-68.412000,33.99
1990548431,-0.197000,0.344000,-0.851000,44.305000,-89.313000,-71.542000,34.08
1990556912,-0.203000,0.336000,-0.824000,47.771000,-86.763000,-74.809000,34.04
1990566745,-0.278000,0.351000,-0.859000,49.893000,-85.084000,-73.740000,34.08
1990581659,-0.316000,0.355000,-0.866000,49.389000,-90.885000,-71.099000,34.13
1990586886,-0.309000,0.327000,-0.855000,43.450000,-97.817000,-67.756000,34.08
1990595922,-0.293000,0.284000,-0.888000,40.748000,-97.267000,-64.718000,34.04
1990610395,-0.271000,0.250000,-0.793000,44.046000,-95.282000,-66.733000,34.08
1990614946,-0.244000,0.217000,-0.795000,52.504000,-86.641000,-72.244000,34.04
1990624061,-0.355000,0.257000,-0.821000,59.099000,-80.366000,-72.626000,34.08
1990639540,-0.487000,0.305000,-0.887000,57.435000,-83.008000,-67.878000,34.13
1990648432,-0.519000,0.294000,-0.790000,51.435000,-94.840000,-63.282000,34.08
1990658050,-0.448000,0.248000,-0.834000,48.122000,-102.290000,-59.145000,34.08
1990668340,-0.362000,0.177000,-0.822000,46.885000,-100.809000,-58.870000,34.13
1990678796,-0.358000,0.143000,-0.760000,55.191000,-93.740000,-62.550000,34.18
1990687753,-0.393000,0.149000,-0.770000,62.168000,-84.947000,-67.817000,34.18
1990695584,-0.552000,0.195000,-0.834000,64.794000,-84.046000,-69.069000,34.18
1990706265,-0.647000,0.278000,-0.767000,57.252000,-93.725000,-66.992000,34.13
1990715903,-0.641000,0.241000,-0.789000,49.160000,-104.061000,-64.397000,34.08
1990723221,-0.619000,0.186000,-0.790000,44.000000,-110.763000,-62.656000,34.13
1990734291,-0.578000,0.098000,-0.822000,44.015000,-110.885000,-61.588000,34.08
1990748435,-0.535000,0.034000,-0.764000,47.756000,-104.046000,-63.863000,34.04
1990759763,-0.565000,0.070000,-0.698000,56.137000,-97.649000,-65.206000,34.08
1990765605,-0.632000,0.121000,-0.782000,57.557000,-94.855000,-62.000000,34.18
1990777667,-0.635000,0.146000,-0.750000,54.000000,-99.145000,-63.237000,34.22
1990784859,-0.715000,0.158000,-0.714000,50.718000,-102.473000,-60.412000,34.08
1990798823,-0.688000,0.117000,-0.741000,45.008000,-107.466000,-60.397000,34.13
1990808100,-0.685000,0.090000,-0.694000,39.863000,-109.511000,-59.191000,34.18
1990817176,-0.646000,0.022000,-0.756000,41.099000,-104.779000,-60.840000,34.04
1990825651,-0.665000,-0.034000,-0.681000,46.076000,-96.229000,-64.611000,34.08
1990832568,-0.766000,0.008000,-0.680000,50.336000,-94.534000,-66.183000,34.04
1990846558,-0.767000,0.050000,-0.632000,47.695000,-101.023000,-63.374000,34.08
1990860279,-0.753000,0.044000,-0.673000,41.389000,-107.282000,-59.908000,34.13
1990865156,-0.723000,0.006000,-0.689000,38.153000,-103.496000,-61.511000,34.08
1990879961,-0.756000,-0.044000,-0.596000,40.641000,-101.603000,-63.817000,34.04
1990888856,-0.792000,-0.045000,-0.615000,41.924000,-99.939000,-60.275000,34.04
1990895955,-0.805000,-0.053000,-0.608000,41.557000,-99.405000,-58.305000,33.99
1990908284,-0.849000,-0.099000,-0.583000,39.511000,-101.985000,-53.893000,34.18
1990918340,-0.738000,-0.130000,-0.565000,42.519000,-103.496000,-55.084000,34.18
1990925059,-0.745000,-0.112000,-0.530000,46.565000,-98.473000,-56.305000,34.13
1990935422,-0.777000,-0.098000,-0.534000,48.092000,-99.313000,-57.649000,34.08
1990942091,-0.816000,-0.095000,-0.512000,46.916000,-96.031000,-57.542000,34.13
1990959060,-0.852000,-0.121000,-0.470000,45.679000,-93.695000,-56.321000,34.08
1990966705,-0.879000,-0.161000,-0.486000,46.015000,-90.427000,-54.107000,34.04
1990977564,-0.908000,-0.178000,-0.451000,44.977000,-92.382000,-50.031000,34.18
1990988069,-0.910000,-0.169000,-0.452000,42.885000,-100.382000,-45.939000,34.13
1990996768,-0.834000,-0.175000,-0.464000,40.794000,-103.374000,-44.443000,34.08
1991005390,-0.719000,-0.249000,-0.432000,46.580000,-100.840000,-49.160000,34.04
1991016227,-0.763000,-0.187000,-0.428000,53.099000,-86.092000,-54.031000,34.04
1991026525,-0.919000,-0.148000,-0.406000,53.298000,-83.710000,-51.969000,34.08
1991033077,-0.944000,-0.156000,-0.376000,47.542000,-87.267000,-48.855000,34.13
1991050065,-0.948000,-0.173000,-0.365000,43.679000,-90.198000,-45.084000,34.08
1991061498,-0.956000,-0.176000,-0.345000,39.588000,-93.847000,-41.863000,34.13
1991066603,-0.875000,-0.258000,-0.357000,39.939000,-95.359000,-41.878000,34.08
1991076920,-0.833000,-0.304000,-0.381000,42.916000,-88.656000,-46.260000,34.13
1991089750,-0.917000,-0.254000,-0.303000,43.740000,-86.244000,-46.122000,34.08
1991094876,-0.909000,-0.244000,-0.276000,41.252000,-87.817000,-44.687000,34.04
1991107852,-0.941000,-0.229000,-0.290000,38.031000,-84.519000,-42.504000,33.99
1991118461,-0.940000,-0.270000,-0.232000,33.725000,-85.634000,-41.069000,34.13
1991126083,-0.887000,-0.286000,-0.190000,31.939000,-87.115000,-37.817000,34.08
1991136306,-0.855000,-0.309000,-0.225000,31.420000,-88.397000,-37.588000,34.08
1991142790,-0.816000,-0.373000,-0.201000,33.359000,-84.214000,-36.947000,34.13
1991159615,-0.858000,-0.359000,-0.165000,36.718000,-78.641000,-50.947000,34.08
1991167598,-0.869000,-0.392000,-0.139000,44.977000,-78.565000,-56.565000,34.13
1991174637,-0.906000,-0.339000,-0.133000,42.656000,-77.206000,-56.122000,34.18
1991186663,-0.890000,-0.346000,-0.139000,40.305000,-74.840000,-47.313000,34.04
1991197711,-0.871000,-0.356000,-0.147000,38.122000,-68.687000,-41.252000,34.18
1991207555,-0.866000,-0.377000,-0.097000,38.656000,-64.702000,-36.901000,34.13
1991216853,-0.877000,-0.375000,-0.110000,38.015000,-62.397000,-33.420000,34.08
1991227783,-0.839000,-0.396000,-0.109000,36.855000,-59.252000,-33.359000,34.04
1991233955,-0.878000,-0.404000,-0.104000,36.382000,-60.137000,-35.344000,34.08
1991246782,-0.814000,-0.421000,-0.046000,37.405000,-52.519000,-38.382000,34.13
1991259066,-0.890000,-0.467000,-0.081000,46.031000,-53.542000,-27.847000,34.13
1991264698,-0.843000,-0.350000,-0.085000,31.664000,-53.038000,-42.718000,34.08
1991278594,-0.813000,-0.444000,0.032000,33.954000,-56.901000,-36.290000,33.99
1991289089,-0.828000,-0.430000,-0.015000,35.496000,-58.275000,-36.473000,33.99
1991296803,-0.777000,-0.418000,0.003000,35.588000,-56.443000,-37.435000,34.13
1991306917,-0.784000,-0.421000,0.027000,36.412000,-54.534000,-37.863000,34.08
1991316840,-0.790000,-0.436000,0.017000,36.305000,-50.824000,-39.023000,34.13
1991328450,-0.812000,-0.444000,0.018000,35.405000,-49.954000,-39.023000,34.08
1991332832,-0.817000,-0.439000,0.036000,34.763000,-49.160000,-37.374000,34.04
1991344156,-0.796000,-0.440000,0.040000,33.450000,-48.076000,-36.611000,34.08
1991358612,-0.779000,-0.446000,0.053000,33.450000,-44.397000,-34.748000,34.13
1991364568,-0.774000,-0.451000,0.064000,33.252000,-41.344000,-33.130000,34.08
1991376005,-0.761000,-0.456000,0.070000,33.023000,-39.252000,-31.496000,34.08
1991388000,-0.737000,-0.438000,0.081000,31.618000,-35.939000,-31.924000,34.04
1991395716,-0.732000,-0.455000,0.100000,30.885000,-35.252000,-31.252000,33.99
1991406897,-0.757000,-0.457000,0.119000,31.603000,-35.069000,-30.763000,34.13
1991417680,-0.770000,-0.458000,0.089000,31.405000,-36.626000,-28.611000,34.08
1991428662,-0.691000,-0.559000,0.102000,42.122000,-24.031000,-36.107000,34.04
1991436164,-0.725000,-0.509000,0.093000,42.840000,-11.466000,-31.985000,33.99
1991442998,-0.797000,-0.477000,0.049000,38.153000,-6.580000,-30.473000,34.04
1991456117,-0.753000,-0.480000,0.054000,36.626000,-2.290000,-31.863000,34.18
1991466723,-0.760000,-0.488000,-0.010000,33.573000,7.710000,-37.221000,34.04
1991475660,-0.794000,-0.438000,0.005000,31.252000,8.489000,-36.824000,34.08
1991490019,-0.752000,-0.406000,0.048000,28.275000,12.641000,-34.626000,34.08
1991495503,-0.728000,-0.425000,0.071000,29.756000,17.740000,-35.099000,33.99
1991506221,-0.780000,-0.397000,0.133000,34.092000,20.137000,-34.565000,33.99
1991517143,-0.812000,-0.421000,0.127000,36.153000,25.115000,-31.802000,34.13
1991529182,-0.819000,-0.404000,0.119000,37.725000,28.687000,-29.969000,34.08
1991535958,-0.838000,-0.386000,0.136000,37.053000,30.183000,-25.786000,33.94
1991542756,-0.827000,-0.404000,0.136000,36.122000,29.420000,-21.282000,34.08
1991556192,-0.796000,-0.427000,0.156000,36.168000,31.664000,-17.908000,34.04
1991566793,-0.774000,-0.454000,0.165000,39.282000,33.756000,-14.779000,33.99
1991575934,-0.774000,-0.457000,0.185000,39.649000,34.107000,-12.031000,34.13
1991589510,-0.771000,-0.436000,0.167000,40.351000,34.809000,-9.115000,34.13
1991595142,-0.765000,-0.438000,0.148000,39.542000,34.595000,-6.504000,34.08
1991604994,-0.777000,-0.422000,0.141000,33.618000,31.771000,-4.718000,34.13
1991618488,-0.787000,-0.445000,0.141000,31.130000,27.954000,-0.733000,34.08
1991629901,-0.782000,-0.441000,0.109000,26.382000,24.931000,1.649000,34.04
1991636012,-0.776000,-0.467000,0.110000,22.107000,20.458000,3.756000,33.99
1991643131,-0.748000,-0.487000,0.121000,18.351000,17.221000,4.916000,34.13
1991656432,-0.713000,-0.507000,0.131000,17.374000,15.618000,4.977000,33.99
1991666785,-0.692000,-0.512000,0.137000,16.046000,15.679000,3.771000,34.04
1991675571,-0.676000,-0.486000,0.120000,13.954000,15.802000,2.153000,34.18
1991687459,-0.684000,-0.492000,0.116000,12.962000,14.092000,1.954000,34.13
1991694403,-0.681000,-0.510000,0.101000,11.695000,12.565000,1.695000,34.13
1991708899,-0.696000,-0.494000,0.127000,7.771000,10.611000,0.763000,34.08
1991718686,-0.684000,-0.497000,0.141000,6.153000,9.176000,0.641000,34.08
1991726223,-0.655000,-0.491000,0.161000,5.420000,9.908000,-1.542000,34.08
1991733042,-0.636000,-0.503000,0.162000,5.893000,12.519000,-3.954000,34.13
1991744441,-0.667000,-0.500000,0.135000,4.992000,12.809000,-6.137000,33.99
1991759387,-0.722000,-0.478000,0.127000,3.221000,9.710000,-6.168000,34.04
1991770374,-0.722000,-0.467000,0.146000,-0.076000,3.893000,-5.115000,33.99
1991776797,-0.700000,-0.464000,0.151000,-2.260000,0.443000,-5.023000,34.13
1991788612,-0.704000,-0.476000,0.156000,-3.282000,-1.191000,-5.328000,34.08
1991798828,-0.715000,-0.462000,0.149000,-5.115000,-2.275000,-5.664000,34.04
1991803056,-0.703000,-0.467000,0.182000,-6.244000,-3.267000,-6.427000,34.08
1991815491,-0.696000,-0.469000,0.166000,-6.229000,-2.947000,-7.023000,34.13
1991829212,-0.700000,-0.473000,0.157000,-6.382000,-3.023000,-6.885000,34.04
1991833779,-0.715000,-0.483000,0.144000,-7.466000,-4.305000,-6.092000,34.08
1991845309,-0.706000,-0.480000,0.152000,-8.397000,-5.176000,-5.588000,34.13
1991857226,-0.697000,-0.475000,0.144000,-9.313000,-5.969000,-5.176000,33.99
1991871138,-0.709000,-0.458000,0.136000,-10.107000,-5.374000,-4.947000,34.13
1991876746,-0.723000,-0.461000,0.147000,-11.618000,-6.137000,-4.214000,34.08
1991891924,-0.727000,-0.464000,0.156000,-12.580000,-6.168000,-3.832000,34.04
1991899618,-0.729000,-0.463000,0.156000,-12.901000,-6.153000,-3.221000,34.08
1991908814,-0.711000,-0.474000,0.150000,-12.763000,-4.336000,-3.267000,34.04
1991918580,-0.707000,-0.491000,0.161000,-11.038000,-2.519000,-3.802000,34.18
1991929927,-0.724000,-0.476000,0.152000,-10.519000,-2.015000,-3.527000,34.13
1991933634,-0.743000,-0.469000,0.143000,-10.794000,-3.115000,-2.534000,34.08
1991944786,-0.723000,-0.470000,0.159000,-10.870000,-3.496000,-1.969000,34.18
1991957114,-0.713000,-0.470000,0.165000,-10.076000,-2.641000,-2.000000,34.04
1991970505,-0.726000,-0.469000,0.157000,-9.496000,-1.557000,-1.908000,34.08
1991976847,-0.728000,-0.462000,0.164000,-9.359000,-1.313000,-1.008000,33.94
1991990609,-0.709000,-0.471000,0.199000,-7.695000,-0.779000,-0.412000,34.18
1991998356,-0.700000,-0.471000,0.170000,-6.351000,1.710000,-0.412000,34.13
1992004328,-0.713000,-0.488000,0.158000,-5.832000,2.382000,-0.321000,34.08
1992019398,-0.719000,-0.481000,0.149000,-6.733000,2.504000,-0.015000,34.13
1992027970,-0.729000,-0.482000,0.156000,-7.649000,1.053000,1.099000,34.08
1992034052,-0.710000,-0.478000,0.144000,-8.733000,1.038000,1.756000,34.13
1992045803,-0.723000,-0.473000,0.164000,-9.206000,0.794000,1.786000,33.99
1992057626,-0.705000,-0.472000,0.179000,-8.687000,1.008000,1.802000,34.04
1992066420,-0.703000,-0.481000,0.157000,-8.427000,1.023000,1.405000,34.13
1992073838,-0.689000,-0.481000,0.168000,-7.969000,1.344000,0.687000,34.08
1992085169,-0.692000,-0.487000,0.154000,-7.298000,2.000000,0.550000,34.08
1992099691,-0.715000,-0.480000,0.137000,-8.458000,1.115000,1.084000,33.99
1992105275,-0.720000,-0.486000,0.117000,-9.527000,0.137000,0.427000,34.13
1992118836,-0.749000,-0.475000,0.104000,-13.603000,-2.046000,1.160000,34.08
1992124558,-0.720000,-0.480000,0.136000,-15.649000,-3.206000,0.840000,34.04
1992135321,-0.712000,-0.477000,0.149000,-17.511000,-4.733000,0.748000,33.99
1992146898,-0.679000,-0.472000,0.189000,-17.496000,-2.885000,0.809000,34.13
1992158022,-0.659000,-0.498000,0.203000,-14.901000,-0.687000,0.550000,34.08
1992166446,-0.646000,-0.522000,0.161000,-11.985000,4.076000,0.092000,34.13
1992174667,-0.691000,-0.511000,0.135000,-11.069000,7.298000,-0.611000,34.08
1992186378,-0.730000,-0.476000,0.130000,-12.824000,6.947000,-0.580000,34.13
1992197863,-0.733000,-0.482000,0.134000,-12.870000,6.412000,2.779000,34.04
1992206239,-0.695000,-0.482000,0.170000,-14.473000,10.015000,1.954000,34.08
1992217350,-0.739000,-0.487000,0.156000,-14.305000,9.282000,2.748000,34.13
1992224979,-0.757000,-0.479000,0.175000,-13.359000,9.939000,3.878000,34.08
1992235801,-0.744000,-0.464000,0.150000,-14.290000,8.794000,4.534000,34.13
1992242594,-0.726000,-0.483000,0.129000,-15.160000,9.542000,4.870000,34.08
1992258016,-0.703000,-0.498000,0.135000,-13.679000,10.473000,5.618000,34.13
1992269029,-0.721000,-0.475000,0.100000,-13.588000,11.053000,7.267000,34.08
1992274373,-0.751000,-0.452000,0.078000,-16.550000,8.366000,7.924000,34.04
1992290152,-0.784000,-0.440000,0.096000,-20.565000,5.221000,10.061000,34.08
1992300157,-0.747000,-0.460000,0.100000,-22.351000,3.145000,10.840000,34.04
1992305933,-0.721000,-0.493000,0.094000,-23.328000,6.168000,10.672000,33.99
1992313706,-0.724000,-0.502000,0.132000,-21.725000,8.870000,10.809000,34.08
1992328537,-0.742000,-0.486000,0.138000,-20.870000,10.489000,12.595000,34.13
1992336089,-0.744000,-0.459000,0.085000,-22.840000,11.405000,14.122000,33.99
1992342811,-0.737000,-0.477000,0.063000,-24.076000,12.046000,13.817000,34.04
1992356318,-0.735000,-0.492000,0.078000,-23.557000,13.069000,13.206000,33.99
1992367510,-0.731000,-0.504000,0.063000,-24.366000,16.031000,14.046000,34.04
1992376821,-0.743000,-0.492000,0.082000,-24.809000,19.695000,14.611000,33.99
1992391314,-0.746000,-0.497000,0.091000,-24.260000,22.275000,14.641000,34.04
1992399803,-0.756000,-0.494000,0.069000,-23.679000,25.206000,15.053000,34.08
1992407690,-0.740000,-0.482000,0.076000,-22.305000,25.313000,17.405000,34.04
1992417466,-0.749000,-0.456000,0.019000,-24.153000,27.328000,13.863000,34.08
1992425052,-0.778000,-0.460000,-0.011000,-27.115000,28.534000,15.160000,34.04
1992435638,-0.770000,-0.458000,-0.001000,-28.992000,28.397000,14.611000,34.08
1992442102,-0.770000,-0.464000,0.007000,-29.359000,29.832000,14.153000,34.08
1992457879,-0.780000,-0.434000,-0.021000,-29.542000,30.534000,14.748000,34.08
1992469769,-0.769000,-0.457000,-0.016000,-32.504000,33.481000,15.023000,34.08
1992475357,-0.766000,-0.455000,-0.016000,-33.038000,37.374000,15.099000,34.04
1992486805,-0.755000,-0.447000,-0.041000,-31.267000,39.466000,15.252000,34.08
1992501356,-0.775000,-0.447000,-0.058000,-32.962000,39.618000,12.672000,34.13
1992504592,-0.791000,-0.430000,-0.054000,-32.672000,38.321000,13.679000,33.99
1992518026,-0.802000,-0.420000,-0.080000,-35.130000,36.672000,14.000000,34.13
1992530052,-0.785000,-0.444000,-0.091000,-34.290000,35.969000,15.450000,34.18
1992534889,-0.779000,-0.434000,-0.056000,-32.351000,38.168000,14.412000,34.04
1992546128,-0.799000,-0.423000,-0.080000,-31.786000,39.511000,16.718000,34.04
1992552843,-0.811000,-0.389000,-0.055000,-36.916000,38.061000,18.214000,34.08
1992566785,-0.755000,-0.408000,-0.052000,-37.084000,39.527000,19.664000,34.13
1992577744,-0.771000,-0.434000,-0.062000,-36.153000,43.817000,19.664000,34.08
1992592294,-0.803000,-0.406000,-0.087000,-38.565000,41.634000,21.206000,34.04
1992598765,-0.795000,-0.419000,-0.057000,-40.137000,42.641000,22.214000,34.08
1992603901,-0.797000,-0.453000,-0.104000,-37.618000,43.450000,23.176000,34.04
1992615852,-0.811000,-0.481000,-0.089000,-34.076000,45.771000,24.137000,34.08
1992630140,-0.826000,-0.451000,-0.092000,-28.168000,45.985000,25.618000,34.13
1992634653,-0.847000,-0.386000,-0.106000,-31.191000,45.573000,26.870000,33.99
1992644765,-0.811000,-0.388000,-0.104000,-33.634000,43.389000,26.916000,34.13
1992657914,-0.789000,-0.395000,-0.106000,-35.603000,44.489000,26.458000,34.08
1992670374,-0.774000,-0.405000,-0.127000,-34.504000,47.496000,22.183000,33.99
1992676141,-0.802000,-0.378000,-0.132000,-36.198000,48.779000,21.389000,34.08
1992687463,-0.823000,-0.360000,-0.136000,-38.534000,47.328000,21.221000,34.08
1992698862,-0.802000,-0.389000,-0.190000,-41.191000,46.015000,22.427000,34.04
1992706973,-0.781000,-0.431000,-0.153000,-39.466000,46.321000,23.084000,34.08
1992716772,-0.825000,-0.407000,-0.169000,-36.382000,47.481000,25.115000,34.13
1992727682,-0.813000,-0.378000,-0.177000,-37.817000,46.687000,25.679000,34.08
1992736764,-0.796000,-0.400000,-0.204000,-38.153000,47.191000,25.939000,34.04
1992743618,-0.754000,-0.391000,-0.187000,-38.412000,50.855000,25.496000,34.08
1992755615,-0.789000,-0.340000,-0.232000,-39.969000,55.237000,24.779000,34.04
1992771457,-0.788000,-0.353000,-0.218000,-42.779000,56.565000,23.817000,34.04
1992777820,-0.797000,-0.383000,-0.209000,-43.069000,58.534000,25.863000,33.99
1992787088,-0.789000,-0.384000,-0.255000,-42.427000,58.824000,25.649000,34.13
1992800098,-0.758000,-0.396000,-0.251000,-39.511000,61.221000,25.405000,34.08
1992805316,-0.789000,-0.357000,-0.277000,-35.634000,62.137000,25.038000,34.04
1992816790,-0.816000,-0.330000,-0.288000,-34.015000,61.832000,24.534000,34.08
1992827823,-0.777000,-0.323000,-0.299000,-33.557000,64.260000,25.084000,34.13
1992836176,-0.814000,-0.311000,-0.316000,-36.168000,61.740000,26.458000,34.08
1992842083,-0.811000,-0.299000,-0.333000,-37.023000,65.450000,27.008000,34.04
1992854158,-0.807000,-0.336000,-0.337000,-35.328000,68.305000,25.847000,34.18
1992866410,-0.833000,-0.321000,-0.354000,-32.840000,66.351000,26.779000,34.04
1992875796,-0.859000,-0.286000,-0.375000,-36.595000,67.679000,28.275000,34.04
1992887412,-0.851000,-0.259000,-0.382000,-39.771000,63.069000,30.214000,34.18
1992899461,-0.831000,-0.269000,-0.388000,-41.405000,62.550000,29.359000,33.99
1992904105,-0.818000,-0.249000,-0.412000,-42.580000,61.374000,29.191000,33.99
1992916628,-0.815000,-0.266000,-0.396000,-40.641000,64.534000,27.847000,34.04
1992931442,-0.836000,-0.223000,-0.435000,-40.275000,64.107000,29.084000,33.99
1992935781,-0.805000,-0.218000,-0.415000,-41.481000,60.809000,29.634000,34.22
1992946186,-0.786000,-0.255000,-0.427000,-41.237000,62.458000,30.962000,34.08
1992953464,-0.786000,-0.210000,-0.447000,-42.656000,64.580000,31.908000,34.13
1992966751,-0.797000,-0.246000,-0.433000,-40.763000,65.191000,30.565000,34.08
1992977759,-0.789000,-0.208000,-0.440000,-41.573000,61.756000,29.038000,34.13
1992988071,-0.773000,-0.174000,-0.515000,-43.191000,60.519000,29.618000,34.04
1993003219,-0.754000,-0.208000,-0.453000,-41.435000,60.275000,28.443000,34.18
1993005060,-0.743000,-0.211000,-0.488000,-40.443000,59.802000,29.008000,34.13
1993016097,-0.735000,-0.221000,-0.466000,-40.687000,60.382000,28.931000,34.08
1993028427,-0.755000,-0.255000,-0.513000,-35.374000,60.733000,29.832000,34.13
1993037069,-0.737000,-0.151000,-0.537000,-36.290000,60.015000,28.687000,34.18
1993044771,-0.727000,-0.170000,-0.494000,-32.916000,59.511000,28.733000,34.13
1993057141,-0.693000,-0.171000,-0.523000,-32.901000,61.237000,26.641000,34.08
1993064874,-0.716000,-0.150000,-0.541000,-31.802000,61.740000,26.076000,34.13
1993078541,-0.701000,-0.140000,-0.520000,-35.130000,58.534000,25.405000,34.13
1993085720,-0.668000,-0.170000,-0.557000,-32.916000,61.664000,23.359000,34.08
1993100025,-0.716000,-0.155000,-0.537000,-31.634000,59.908000,24.260000,34.13
1993107766,-0.719000,-0.154000,-0.570000,-30.000000,57.389000,24.931000,34.08
1993114608,-0.709000,-0.150000,-0.573000,-28.305000,56.885000,25.420000,34.04
1993128703,-0.678000,-0.147000,-0.519000,-26.962000,57.817000,24.702000,34.08
1993137704,-0.683000,-0.104000,-0.564000,-23.863000,58.779000,23.176000,34.04
1993143923,-0.658000,-0.077000,-0.592000,-25.710000,57.145000,21.618000,34.08
1993155771,-0.708000,-0.047000,-0.697000,-31.481000,57.420000,22.748000,34.04
1993165488,-0.665000,-0.113000,-0.616000,-30.046000,56.565000,21.359000,34.08
1993175930,-0.663000,-0.127000,-0.590000,-26.198000,58.885000,20.580000,34.08
1993186410,-0.668000,-0.079000,-0.633000,-24.489000,57.573000,20.855000,33.99
1993200433,-0.668000,-0.097000,-0.643000,-21.542000,58.550000,21.527000,34.08
1993208230,-0.668000,-0.098000,-0.596000,-23.710000,57.084000,23.328000,34.13
1993218223,-0.667000,-0.041000,-0.599000,-22.550000,60.565000,23.588000,33.99
1993227478,-0.667000,-0.046000,-0.683000,-24.305000,59.450000,22.473000,34.04
1993238164,-0.675000,-0.038000,-0.736000,-26.992000,62.015000,22.092000,34.08
1993242799,-0.666000,-0.060000,-0.690000,-27.191000,51.466000,19.237000,34.04
1993254177,-0.721000,-0.038000,-0.738000,-29.328000,58.779000,22.611000,34.08
1993267032,-0.660000,-0.066000,-0.700000,-27.420000,54.870000,23.160000,34.13
1993275074,-0.645000,-0.030000,-0.742000,-28.412000,52.214000,24.244000,34.13
1993286123,-0.627000,-0.031000,-0.723000,-28.366000,51.573000,25.344000,34.18
1993299926,-0.586000,0.001000,-0.700000,-29.664000,49.924000,25.191000,34.13
1993306319,-0.560000,0.013000,-0.727000,-30.947000,47.878000,26.641000,34.08
1993317265,-0.549000,0.002000,-0.723000,-31.267000,47.038000,26.198000,34.04
1993328357,-0.545000,-0.016000,-0.723000,-28.885000,46.885000,26.107000,34.08
1993339820,-0.564000,0.017000,-0.705000,-28.336000,44.061000,27.221000,34.04
1993346490,-0.561000,0.004000,-0.726000,-27.450000,41.740000,28.412000,34.18
1993353610,-0.576000,0.020000,-0.734000,-28.076000,39.053000,29.740000,34.04
1993367299,-0.572000,0.021000,-0.750000,-29.176000,36.198000,30.046000,33.99
1993376772,-0.555000,0.032000,-0.708000,-29.237000,32.947000,29.374000,33.99
1993386102,-0.511000,0.059000,-0.739000,-29.832000,31.237000,28.076000,34.04
1993399529,-0.508000,0.071000,-0.733000,-29.695000,31.618000,26.534000,34.08
1993408894,-0.514000,0.048000,-0.752000,-29.649000,30.351000,24.947000,34.08
1993415662,-0.513000,0.045000,-0.748000,-28.198000,29.023000,23.420000,34.08
1993426228,-0.514000,0.058000,-0.727000,-28.092000,26.992000,22.748000,34.04
1993440031,-0.493000,0.057000,-0.754000,-26.992000,25.481000,22.626000,34.08
1993446053,-0.487000,0.051000,-0.745000,-25.679000,25.466000,22.519000,34.13
1993452878,-0.492000,0.057000,-0.753000,-22.947000,24.061000,23.206000,34.08
1993466487,-0.472000,0.060000,-0.761000,-22.290000,22.901000,23.069000,34.04
1993477198,-0.467000,0.070000,-0.770000,-20.183000,23.145000,22.290000,34.18
1993486532,-0.481000,0.086000,-0.768000,-19.267000,23.924000,20.214000,34.04
1993504516,-0.494000,0.114000,-0.778000,-19.191000,23.130000,18.916000,34.18
1993509520,-0.478000,0.136000,-0.775000,-20.641000,21.511000,17.023000,34.13
1993516231,-0.464000,0.139000,-0.781000,-22.015000,20.519000,16.046000,34.18
1993528095,-0.449000,0.118000,-0.792000,-21.740000,21.191000,14.916000,34.08
1993539219,-0.449000,0.111000,-0.784000,-19.573000,21.160000,13.878000,34.04
1993546238,-0.438000,0.136000,-0.797000,-18.779000,21.252000,13.634000,34.08
1993552468,-0.442000,0.136000,-0.809000,-17.832000,20.351000,13.756000,34.08
1993570080,-0.466000,0.156000,-0.796000,-17.435000,18.611000,13.985000,34.08
1993578661,-0.454000,0.174000,-0.808000,-18.046000,16.275000,13.664000,34.04
1993586357,-0.459000,0.175000,-0.810000,-19.786000,16.443000,14.977000,34.08
1993598948,-0.454000,0.150000,-0.810000,-20.260000,16.870000,15.298000,34.04
1993610829,-0.473000,0.132000,-0.841000,-17.786000,14.702000,16.290000,34.08
1993615875,-0.458000,0.135000,-0.824000,-15.786000,15.588000,16.321000,34.13
1993626492,-0.468000,0.160000,-0.872000,-15.298000,15.893000,17.115000,34.18
1993635980,-0.479000,0.154000,-0.846000,-15.435000,16.519000,16.916000,34.04
1993647338,-0.491000,0.179000,-0.840000,-15.618000,15.557000,17.863000,34.08
1993657090,-0.484000,0.169000,-0.855000,-17.847000,15.359000,18.046000,34.04
1993663849,-0.483000,0.153000,-0.850000,-18.885000,16.168000,17.542000,34.13
1993678713,-0.452000,0.169000,-0.840000,-19.374000,17.069000,16.656000,34.08
1993689880,-0.465000,0.169000,-0.870000,-19.267000,20.366000,16.260000,34.13
1993696401,-0.478000,0.149000,-0.856000,-18.489000,19.115000,15.969000,34.08
1993709171,-0.483000,0.162000,-0.844000,-17.847000,18.565000,17.282000,33.99
1993717918,-0.441000,0.166000,-0.850000,-17.863000,18.214000,17.191000,34.08
1993727008,-0.439000,0.185000,-0.850000,-15.893000,19.618000,16.809000,34.13
1993738777,-0.436000,0.217000,-0.879000,-17.634000,21.130000,15.985000,34.08
1993748228,-0.426000,0.201000,-0.849000,-18.198000,22.229000,15.053000,34.13
1993756473,-0.430000,0.193000,-0.881000,-19.084000,24.183000,14.779000,34.08
1993763318,-0.455000,0.179000,-0.855000,-19.191000,25.099000,14.794000,34.13
1993776741,-0.448000,0.193000,-0.866000,-17.435000,24.321000,14.580000,33.99
1993785358,-0.372000,0.168000,-0.809000,-16.061000,8.000000,7.603000,34.04
1993795713,-0.471000,0.189000,-0.880000,-18.076000,24.672000,15.924000,34.08
1993809425,-0.397000,0.204000,-0.896000,-15.038000,26.122000,14.397000,34.08
1993819443,-0.395000,0.242000,-0.903000,-16.626000,27.053000,14.489000,34.13
1993826389,-0.395000,0.255000,-0.902000,-18.611000,27.313000,14.641000,33.99
1993838932,-0.402000,0.237000,-0.894000,-19.756000,28.870000,14.992000,34.04
1993848501,-0.372000,0.225000,-0.894000,-18.290000,30.336000,14.275000,34.08
1993856226,-0.388000,0.238000,-0.905000,-17.908000,32.733000,14.656000,34.13
1993863041,-0.398000,0.248000,-0.893000,-16.046000,33.160000,14.046000,34.08
1993876348,-0.372000,0.304000,-0.887000,-16.992000,32.275000,14.260000,34.13
1993887047,-0.365000,0.295000,-0.931000,-19.847000,33.649000,15.221000,34.08
1993895536,-0.374000,0.280000,-0.908000,-20.611000,34.458000,15.420000,34.13
1993909378,-0.332000,0.279000,-0.913000,-20.321000,35.756000,14.458000,34.08
1993915159,-0.361000,0.288000,-0.927000,-19.359000,37.328000,14.260000,34.13
1993925491,-0.368000,0.307000,-0.911000,-21.282000,36.672000,14.840000,34.18
1993937273,-0.377000,0.331000,-0.959000,-24.275000,37.115000,16.092000,33.99
1993948309,-0.348000,0.323000,-0.917000,-28.198000,36.504000,16.290000,34.13
1993955814,-0.305000,0.321000,-0.928000,-29.237000,37.450000,15.634000,34.08
1993962559,-0.319000,0.344000,-0.926000,-29.969000,41.252000,15.450000,34.04
1993976690,-0.316000,0.323000,-0.957000,-29.863000,42.473000,14.076000,34.08
1993990157,-0.320000,0.316000,-1.005000,-30.519000,40.168000,13.802000,34.13
1993995430,-0.330000,0.301000,-0.944000,-29.435000,44.305000,14.550000,34.08
1994009185,-0.343000,0.366000,-0.968000,-32.260000,44.931000,16.870000,34.04
1994014953,-0.346000,0.326000,-0.971000,-36.947000,42.015000,18.122000,34.08
1994025390,-0.381000,0.330000,-0.938000,-36.137000,42.290000,22.061000,34.04
1994036862,-0.304000,0.319000,-0.950000,-34.107000,39.878000,24.122000,33.99
1994047380,-0.242000,0.300000,-0.946000,-33.282000,41.344000,25.405000,34.08
1994055187,-0.245000,0.315000,-0.929000,-28.687000,45.313000,27.786000,34.04
1994062032,-0.231000,0.338000,-0.945000,-28.031000,49.573000,28.031000,34.08
1994075713,-0.253000,0.373000,-0.925000,-28.672000,51.267000,28.061000,34.08
1994086729,-0.270000,0.399000,-0.944000,-31.893000,50.962000,28.580000,34.18
1994096561,-0.284000,0.388000,-0.929000,-35.527000,49.542000,27.985000,34.13
1994112008,-0.274000,0.377000,-0.938000,-37.542000,48.824000,26.901000,34.18
1994119328,-0.260000,0.380000,-0.910000,-38.122000,45.924000,26.076000,34.13
1994126150,-0.236000,0.373000,-0.912000,-38.748000,48.260000,25.496000,34.08
1994138895,-0.224000,0.376000,-0.889000,-36.870000,49.557000,24.351000,34.04
1994148403,-0.234000,0.438000,-0.873000,-38.458000,47.389000,24.107000,33.99
1994155235,-0.176000,0.456000,-0.846000,-40.061000,45.008000,22.321000,34.04
1994166698,-0.149000,0.481000,-0.868000,-40.733000,43.908000,19.588000,33.99
1994178543,-0.162000,0.467000,-0.894000,-43.145000,42.031000,18.763000,34.08
1994189305,-0.193000,0.455000,-0.886000,-46.519000,40.275000,19.908000,33.94
1994194320,-0.204000,0.438000,-0.885000,-48.504000,36.015000,22.916000,34.08
1994205890,-0.194000,0.409000,-0.899000,-49.740000,31.176000,24.412000,34.13
1994217728,-0.171000,0.360000,-0.858000,-48.336000,28.061000,27.221000,34.08
1994223737,-0.093000,0.370000,-0.855000,-43.527000,27.847000,27.863000,34.13
1994237980,-0.064000,0.417000,-0.862000,-42.519000,28.427000,29.237000,34.08
1994245579,-0.026000,0.403000,-0.852000,-39.099000,31.374000,29.008000,34.22
1994255074,-0.038000,0.446000,-0.860000,-35.359000,33.389000,27.939000,33.99
1994266429,-0.064000,0.441000,-0.891000,-36.198000,35.618000,28.122000,34.04
1994279590,-0.038000,0.373000,-0.885000,-34.702000,39.282000,27.282000,33.99
1994290094,-0.095000,0.388000,-0.864000,-28.656000,40.000000,27.924000,34.13
1994295315,-0.086000,0.388000,-0.893000,-24.885000,38.580000,29.649000,34.08
1994306665,-0.074000,0.417000,-0.891000,-24.779000,39.389000,32.214000,33.99
1994318562,-0.079000,0.449000,-0.893000,-23.450000,38.656000,32.214000,34.13
1994324301,-0.036000,0.473000,-0.909000,-24.824000,38.885000,30.687000,34.08
1994336561,-0.009000,0.464000,-0.907000,-24.931000,42.626000,28.229000,34.04
1994346930,-0.017000,0.467000,-0.852000,-21.450000,40.901000,26.214000,33.99
1994355454,0.017000,0.474000,-0.897000,-19.252000,42.870000,24.992000,34.13
1994366195,0.024000,0.480000,-0.914000,-17.695000,46.412000,24.382000,34.08
1994373637,0.016000,0.469000,-0.865000,-15.221000,47.267000,22.824000,34.13
1994386892,0.030000,0.520000,-0.878000,-13.252000,47.786000,21.588000,34.18
1994395830,0.047000,0.542000,-0.888000,-14.443000,49.420000,18.931000,34.13
1994407461,0.041000,0.557000,-0.888000,-15.786000,49.542000,16.351000,34.08
1994419846,0.076000,0.547000,-0.908000,-15.924000,50.382000,13.435000,34.08
1994426002,0.091000,0.534000,-0.922000,-14.229000,53.756000,11.832000,34.04
1994436746,0.084000,0.534000,-0.923000,-12.107000,56.260000,11.282000,34.08
1994447838,0.067000,0.526000,-0.925000,-10.244000,57.466000,11.756000,34.18
1994456811,0.081000,0.570000,-0.899000,-10.061000,56.870000,11.954000,34.08
1994466312,0.103000,0.616000,-0.909000,-12.855000,56.580000,12.000000,34.04
1994473443,0.101000,0.625000,-0.909000,-15.710000,57.008000,11.496000,34.08
1994487906,0.109000,0.616000,-0.920000,-17.130000,57.466000,11.802000,34.04
1994493774,0.119000,0.607000,-0.920000,-19.618000,57.389000,13.954000,33.99
1994508844,0.156000,0.570000,-0.931000,-19.603000,55.252000,17.328000,34.13
1994520605,0.163000,0.589000,-0.950000,-16.626000,53.832000,20.260000,34.18
1994526008,0.173000,0.607000,-0.945000,-16.168000,58.885000,20.947000,34.22
1994535930,0.136000,0.674000,-0.926000,-19.542000,60.504000,22.534000,34.18
1994548047,0.117000,0.699000,-0.908000,-28.137000,58.092000,25.756000,34.08
1994555850,0.104000,0.683000,-0.919000,-37.374000,53.160000,27.710000,34.13
1994566825,0.163000,0.640000,-0.895000,-42.534000,49.954000,27.588000,33.99
1994574433,0.177000,0.600000,-0.915000,-40.412000,50.427000,26.565000,34.13
1994589684,0.205000,0.573000,-0.899000,-38.550000,52.656000,27.893000,34.08
1994597284,0.195000,0.582000,-0.888000,-36.718000,53.527000,29.985000,34.04
1994607489,0.206000,0.612000,-0.892000,-36.947000,55.405000,31.206000,34.08
1994620319,0.142000,0.639000,-0.881000,-42.168000,54.931000,33.588000,34.13
1994625865,0.161000,0.617000,-0.871000,-48.885000,50.290000,33.450000,33.99
1994636523,0.170000,0.597000,-0.849000,-52.855000,50.153000,32.565000,34.13
1994645577,0.137000,0.591000,-0.858000,-56.183000,49.328000,32.656000,34.18
1994655798,0.239000,0.525000,-0.815000,-55.679000,47.985000,31.053000,34.22
1994666995,0.286000,0.531000,-0.822000,-49.603000,52.336000,31.160000,34.08
1994674808,0.332000,0.545000,-0.818000,-45.511000,55.450000,32.336000,33.99
1994687308,0.334000,0.627000,-0.829000,-42.611000,59.466000,33.740000,34.04
1994697025,0.290000,0.638000,-0.888000,-45.771000,62.015000,35.832000,33.99
1994708202,0.256000,0.605000,-0.846000,-47.817000,61.878000,35.664000,34.04
1994720353,0.296000,0.594000,-0.822000,-48.275000,62.626000,33.374000,33.99
1994726243,0.276000,0.599000,-0.861000,-48.519000,65.191000,30.977000,34.13
1994737333,0.285000,0.581000,-0.854000,-48.992000,65.237000,31.634000,34.08
1994745330,0.355000,0.567000,-0.866000,-45.863000,65.527000,31.664000,34.04
1994756201,0.425000,0.535000,-0.830000,-42.626000,70.748000,31.832000,33.99
1994761970,0.425000,0.589000,-0.756000,-37.252000,76.794000,29.618000,34.04
1994775514,0.391000,0.666000,-0.799000,-38.427000,81.939000,28.504000,34.08
1994787822,0.373000,0.690000,-0.797000,-44.427000,83.649000,28.336000,34.08
1994797437,0.362000,0.656000,-0.786000,-49.618000,82.885000,28.122000,34.04
1994807837,0.373000,0.628000,-0.777000,-50.672000,81.908000,26.931000,34.18
1994820713,0.367000,0.617000,-0.755000,-52.427000,81.634000,27.542000,34.08
1994826088,0.406000,0.595000,-0.731000,-54.305000,83.344000,28.229000,34.08
1994836718,0.428000,0.594000,-0.638000,-52.885000,85.893000,27.420000,34.04
1994845388,0.438000,0.658000,-0.653000,-49.023000,86.107000,28.611000,34.08
1994856828,0.454000,0.685000,-0.657000,-50.153000,84.015000,29.740000,34.04
1994862211,0.494000,0.666000,-0.619000,-47.374000,81.298000,31.328000,33.99
1994875355,0.464000,0.687000,-0.609000,-48.412000,82.137000,33.924000,34.04
1994887418,0.485000,0.687000,-0.579000,-49.969000,81.985000,35.237000,34.08
1994896703,0.467000,0.692000,-0.508000,-49.542000,82.855000,34.748000,34.13
1994907508,0.443000,0.691000,-0.544000,-53.435000,81.496000,34.840000,34.04
1994920356,0.468000,0.682000,-0.512000,-54.992000,78.550000,34.519000,34.08
1994925643,0.437000,0.699000,-0.496000,-54.092000,73.176000,35.817000,34.13
1994937588,0.459000,0.676000,-0.505000,-53.878000,67.588000,35.893000,34.08
1994946346,0.522000,0.624000,-0.446000,-48.656000,65.939000,35.405000,34.04
1994956697,0.509000,0.642000,-0.415000,-43.969000,63.954000,33.878000,34.08
1994962830,0.487000,0.697000,-0.417000,-46.779000,55.695000,34.366000,34.04
1994975721,0.538000,0.672000,-0.365000,-48.321000,49.344000,35.145000,33.99
1994987837,0.537000,0.674000,-0.358000,-47.847000,43.389000,35.511000,34.04
1994997080,0.589000,0.665000,-0.313000,-47.160000,37.603000,35.099000,34.08
1995007765,0.624000,0.666000,-0.311000,-43.710000,34.962000,33.496000,34.04
1995020570,0.690000,0.649000,-0.309000,-39.374000,32.779000,31.435000,34.08
1995025310,0.748000,0.626000,-0.300000,-30.779000,35.542000,28.366000,34.08
1995035865,0.701000,0.651000,-0.322000,-23.817000,33.969000,27.206000,34.08
1995046279,0.671000,0.685000,-0.324000,-22.427000,27.710000,27.634000,34.08
1995056564,0.646000,0.703000,-0.305000,-19.084000,21.298000,28.656000,33.94
1995063002,0.654000,0.747000,-0.322000,-22.260000,10.061000,28.779000,34.08
1995075938,0.691000,0.781000,-0.337000,-31.130000,-1.725000,31.206000,34.13
1995090672,0.895000,0.662000,-0.284000,-26.840000,-0.382000,27.084000,33.99
1995098758,0.915000,0.688000,-0.314000,-19.496000,3.374000,24.076000,34.13
1995106867,0.876000,0.709000,-0.317000,-13.740000,4.031000,22.260000,34.18
1995123033,0.837000,0.700000,-0.332000,-7.450000,0.916000,20.443000,34.04
1995128750,0.806000,0.708000,-0.316000,-6.855000,-4.061000,20.733000,34.08
1995135768,0.780000,0.704000,-0.364000,-6.092000,-8.672000,19.985000,34.08
1995147599,0.766000,0.670000,-0.338000,-7.679000,-15.863000,18.443000,34.13
1995157628,0.778000,0.646000,-0.340000,-6.809000,-18.931000,14.412000,34.08
1995164153,0.779000,0.628000,-0.326000,-4.718000,-23.023000,10.244000,34.04
1995176075,0.793000,0.623000,-0.330000,-0.855000,-25.191000,6.534000,34.18
1995187795,0.817000,0.625000,-0.361000,2.534000,-26.718000,3.130000,33.94
1995199253,0.796000,0.619000,-0.349000,7.191000,-28.092000,0.076000,34.08
1995204629,0.750000,0.606000,-0.350000,9.786000,-30.687000,-1.756000,34.13
1995215759,0.739000,0.614000,-0.346000,11.298000,-34.809000,-3.985000,33.99
1995227863,0.763000,0.620000,-0.355000,15.221000,-35.664000,-8.580000,34.04
1995235912,0.744000,0.620000,-0.370000,17.969000,-36.962000,-12.550000,34.18
1995248055,0.704000,0.639000,-0.405000,18.366000,-41.527000,-15.527000,34.13
1995261948,0.735000,0.618000,-0.401000,19.847000,-42.992000,-17.344000,34.08
1995264726,0.731000,0.613000,-0.410000,23.924000,-45.328000,-20.092000,34.08
1995276491,0.705000,0.633000,-0.411000,26.641000,-47.740000,-21.252000,34.13
1995283505,0.706000,0.643000,-0.439000,26.672000,-51.420000,-21.374000,34.08
1995296905,0.685000,0.630000,-0.436000,27.206000,-49.908000,-20.595000,34.04
1995306322,0.691000,0.619000,-0.474000,28.351000,-52.779000,-23.435000,34.18
1995317573,0.656000,0.624000,-0.457000,29.252000,-53.832000,-25.008000,34.13
1995327613,0.610000,0.649000,-0.471000,29.649000,-56.336000,-25.786000,34.08
1995335288,0.616000,0.672000,-0.483000,28.641000,-61.450000,-27.664000,34.13
1995345825,0.649000,0.638000,-0.500000,27.878000,-65.084000,-27.695000,34.08
1995357754,0.657000,0.636000,-0.527000,30.427000,-65.969000,-29.420000,34.04
1995366560,0.654000,0.618000,-0.541000,32.824000,-66.718000,-29.282000,34.08
1995376040,0.613000,0.631000,-0.588000,34.443000,-69.206000,-29.557000,34.18
1995382807,0.631000,0.624000,-0.554000,35.038000,-65.634000,-30.092000,34.04
1995399236,0.561000,0.692000,-0.572000,32.718000,-66.641000,-31.649000,34.18
1995409038,0.516000,0.729000,-0.590000,25.191000,-76.458000,-31.435000,34.08
1995415487,0.580000,0.672000,-0.605000,23.252000,-75.328000,-34.229000,34.08
1995426653,0.540000,0.662000,-0.595000,21.374000,-78.092000,-37.084000,34.13
1995436529,0.537000,0.646000,-0.583000,22.305000,-81.069000,-39.267000,34.08
1995448086,0.555000,0.638000,-0.641000,23.756000,-82.580000,-40.519000,34.04
1995457195,0.581000,0.608000,-0.636000,25.756000,-79.115000,-43.145000,34.08
1995465167,0.481000,0.639000,-0.623000,27.313000,-76.916000,-43.969000,34.13
1995475515,0.397000,0.659000,-0.621000,26.855000,-86.107000,-41.603000,34.08
1995482456,0.452000,0.658000,-0.648000,22.107000,-91.191000,-41.450000,33.99
1995499258,0.505000,0.616000,-0.639000,23.221000,-87.725000,-45.206000,34.13
1995509725,0.442000,0.599000,-0.625000,29.618000,-84.519000,-49.389000,34.08
1995516355,0.397000,0.631000,-0.649000,30.214000,-87.237000,-50.412000,34.04
1995528636,0.394000,0.630000,-0.676000,27.023000,-93.618000,-48.076000,34.08
1995538278,0.438000,0.604000,-0.680000,27.511000,-92.046000,-49.389000,34.13
1995546649,0.361000,0.620000,-0.668000,29.542000,-90.992000,-50.733000,34.08
1995557375,0.329000,0.640000,-0.698000,29.695000,-95.160000,-50.702000,34.13
1995569451,0.336000,0.633000,-0.680000,27.802000,-96.885000,-51.573000,33.99
1995575092,0.302000,0.612000,-0.705000,28.824000,-95.664000,-54.916000,34.13
1995587274,0.277000,0.594000,-0.711000,27.863000,-98.336000,-55.832000,33.99
1995599338,0.299000,0.544000,-0.731000,31.954000,-96.092000,-59.557000,33.99
1995609553,0.218000,0.550000,-0.691000,35.863000,-99.145000,-60.489000,34.13
1995616686,0.223000,0.596000,-0.712000,36.336000,-102.656000,-59.817000,33.99
1995633760,0.211000,0.611000,-0.729000,34.336000,-106.794000,-59.130000,34.08
1995639189,0.214000,0.591000,-0.716000,34.504000,-104.901000,-61.359000,33.99
1995645658,0.220000,0.550000,-0.747000,38.351000,-100.916000,-66.214000,34.04
1995656197,0.170000,0.544000,-0.748000,38.931000,-96.702000,-68.198000,33.99
1995670781,0.175000,0.529000,-0.757000,46.870000,-97.466000,-71.939000,34.04
1995675000,0.070000,0.545000,-0.788000,47.084000,-96.977000,-71.145000,34.08
1995686029,0.000000,0.521000,-0.771000,47.527000,-101.878000,-69.389000,34.13
1995693495,0.024000,0.527000,-0.749000,48.458000,-105.634000,-69.344000,34.18
1995706490,0.085000,0.526000,-0.771000,50.046000,-100.137000,-72.427000,34.13
1995716784,0.119000,0.466000,-0.810000,57.023000,-87.740000,-80.015000,34.13
1995727387,-0.052000,0.503000,-0.904000,59.573000,-78.641000,-79.527000,34.08
1995737401,-0.153000,0.493000,-0.834000,62.458000,-79.832000,-79.038000,34.04
1995744535,-0.165000,0.501000,-0.832000,60.962000,-86.595000,-76.336000,33.99
1995755661,-0.096000,0.500000,-0.823000,59.481000,-90.183000,-74.458000,34.13
1995767357,-0.080000,0.516000,-0.794000,59.618000,-89.893000,-72.702000,34.08
1995776429,-0.061000,0.479000,-0.874000,62.626000,-82.687000,-75.664000,33.94
1995784787,-0.076000,0.449000,-0.829000,67.710000,-72.916000,-81.954000,34.08
1995800668,-0.179000,0.430000,-0.836000,76.000000,-68.473000,-84.504000,34.13
1995810922,-0.281000,0.471000,-0.894000,73.176000,-70.076000,-80.015000,34.08
1995819103,-0.288000,0.445000,-0.848000,67.649000,-74.168000,-75.969000,34.04
1995825324,-0.307000,0.431000,-0.852000,64.931000,-79.435000,-71.771000,34.08
1995838252,-0.258000,0.406000,-0.820000,62.794000,-81.618000,-71.130000,34.08
1995847623,-0.208000,0.383000,-0.833000,66.763000,-77.405000,-74.840000,34.08
1995854943,-0.285000,0.372000,-0.856000,72.794000,-69.542000,-80.183000,34.08
1995867166,-0.438000,0.391000,-0.909000,70.962000,-71.511000,-78.443000,34.04
1995877719,-0.426000,0.367000,-0.888000,62.840000,-79.115000,-73.847000,34.08
1995883567,-0.380000,0.333000,-0.866000,59.115000,-80.947000,-73.725000,34.04
1995895593,-0.386000,0.318000,-0.842000,58.092000,-81.786000,-73.267000,34.08
1995905257,-0.371000,0.286000,-0.865000,58.855000,-81.176000,-75.298000,34.04
1995920138,-0.341000,0.224000,-0.869000,62.947000,-73.573000,-81.038000,33.99
1995926822,-0.508000,0.236000,-0.935000,67.878000,-66.641000,-82.366000,34.04
1995939390,-0.565000,0.240000,-0.872000,59.115000,-72.137000,-76.855000,34.08
1995948007,-0.571000,0.197000,-0.896000,56.427000,-79.542000,-73.115000,34.08
1995958924,-0.546000,0.191000,-0.856000,52.137000,-83.237000,-70.427000,33.94
1995967389,-0.517000,0.188000,-0.864000,47.282000,-80.687000,-67.985000,34.08
1995977507,-0.453000,0.167000,-0.843000,51.450000,-82.305000,-70.092000,34.13
1995983272,-0.512000,0.166000,-0.861000,55.466000,-78.122000,-70.870000,34.08
1995994321,-0.572000,0.172000,-0.863000,52.107000,-80.611000,-66.565000,34.13
1996006673,-0.546000,0.115000,-0.820000,52.763000,-81.084000,-64.580000,34.08
1996020944,-0.540000,0.140000,-0.766000,51.771000,-82.183000,-62.641000,34.13
1996025839,-0.519000,0.177000,-0.797000,49.542000,-82.290000,-60.366000,34.08
1996036724,-0.510000,0.134000,-0.751000,50.061000,-85.924000,-59.954000,34.04
1996046091,-0.500000,0.083000,-0.729000,53.420000,-83.374000,-61.679000,34.13
1996057198,-0.547000,0.085000,-0.711000,57.710000,-83.282000,-61.298000,34.08
1996069144,-0.604000,0.084000,-0.795000,57.481000,-85.191000,-57.344000,33.99
1996080184,-0.627000,0.053000,-0.745000,55.420000,-87.023000,-54.397000,34.08
1996086543,-0.631000,0.025000,-0.756000,54.412000,-88.672000,-52.000000,34.13
1996092845,-0.649000,0.041000,-0.763000,53.557000,-88.305000,-49.389000,33.99
1996106331,-0.675000,0.031000,-0.754000,52.290000,-88.153000,-48.336000,34.13
1996118264,-0.673000,-0.003000,-0.735000,51.450000,-89.130000,-48.229000,34.08
1996124514,-0.682000,0.002000,-0.727000,51.939000,-88.687000,-48.977000,34.13
1996135745,-0.707000,0.030000,-0.722000,49.008000,-88.305000,-47.725000,33.99
1996148140,-0.709000,0.007000,-0.737000,45.542000,-90.962000,-46.977000,34.08
1996155294,-0.711000,-0.016000,-0.704000,43.634000,-91.267000,-46.443000,34.04
1996168050,-0.708000,-0.052000,-0.727000,43.786000,-88.702000,-45.069000,34.08
1996181653,-0.697000,-0.062000,-0.680000,46.336000,-87.252000,-49.206000,34.04
1996186164,-0.753000,-0.041000,-0.680000,46.198000,-86.382000,-48.595000,34.08
1996196213,-0.756000,-0.027000,-0.659000,42.198000,-90.275000,-48.427000,34.04
1996204237,-0.750000,-0.039000,-0.634000,39.145000,-93.817000,-47.344000,33.99
1996218866,-0.760000,-0.081000,-0.671000,37.863000,-89.435000,-46.656000,34.13
1996227180,-0.776000,-0.125000,-0.598000,37.496000,-86.137000,-47.252000,34.08
1996233767,-0.792000,-0.149000,-0.589000,38.504000,-86.565000,-47.435000,34.04
1996247942,-0.784000,-0.172000,-0.641000,39.221000,-81.053000,-47.573000,34.04
1996255741,-0.841000,-0.156000,-0.584000,39.511000,-81.252000,-47.405000,34.08
1996266183,-0.836000,-0.155000,-0.597000,38.198000,-83.206000,-49.084000,34.04
1996276796,-0.829000,-0.172000,-0.587000,40.992000,-78.748000,-50.916000,34.08
1996287265,-0.817000,-0.161000,-0.507000,33.511000,-78.305000,-54.504000,34.04
1996294163,-0.803000,-0.185000,-0.514000,29.756000,-78.824000,-56.168000,34.08
1996306414,-0.829000,-0.153000,-0.535000,26.244000,-77.206000,-55.267000,34.13
1996319167,-0.854000,-0.171000,-0.483000,22.611000,-77.725000,-55.893000,34.08
1996325294,-0.831000,-0.216000,-0.465000,21.664000,-79.130000,-57.298000,33.94
1996336898,-0.806000,-0.263000,-0.463000,22.275000,-78.702000,-56.504000,34.08
1996352093,-0.785000,-0.287000,-0.447000,27.038000,-76.000000,-53.557000,33.99
1996357046,-0.742000,-0.333000,-0.456000,35.313000,-69.145000,-51.420000,33.99
1996367514,-0.739000,-0.329000,-0.387000,43.740000,-58.748000,-50.916000,34.08
1996377615,-0.764000,-0.299000,-0.373000,48.550000,-51.573000,-49.023000,34.04
1996388115,-0.761000,-0.287000,-0.372000,48.824000,-49.603000,-46.290000,34.08
1996392663,-0.770000,-0.280000,-0.337000,49.145000,-50.107000,-44.672000,34.04
1996404026,-0.786000,-0.296000,-0.374000,47.634000,-53.603000,-44.687000,33.99
1996420966,-0.788000,-0.293000,-0.354000,48.809000,-53.221000,-44.794000,34.04
1996430982,-0.810000,-0.313000,-0.358000,50.244000,-53.573000,-45.160000,33.99
1996436493,-0.846000,-0.332000,-0.364000,52.305000,-50.397000,-45.221000,34.04
1996449664,-0.865000,-0.343000,-0.348000,52.779000,-49.359000,-43.618000,34.08
1996459804,-0.856000,-0.333000,-0.341000,52.458000,-46.198000,-42.458000,34.08
1996466796,-0.844000,-0.326000,-0.320000,52.794000,-47.511000,-42.122000,33.94
1996478709,-0.833000,-0.317000,-0.297000,48.595000,-52.076000,-39.008000,33.99
1996484419,-0.781000,-0.320000,-0.268000,46.733000,-55.908000,-37.924000,34.13
1996496399,-0.802000,-0.330000,-0.252000,47.053000,-56.733000,-36.031000,34.08
1996507005,-0.829000,-0.328000,-0.270000,46.107000,-60.901000,-42.351000,34.04
1996518811,-0.838000,-0.381000,-0.222000,49.237000,-67.298000,-48.046000,34.18
1996530481,-0.824000,-0.405000,-0.235000,48.397000,-66.244000,-41.847000,34.13
1996535886,-0.808000,-0.406000,-0.188000,48.489000,-59.939000,-32.000000,34.08
1996547364,-0.850000,-0.384000,-0.184000,47.435000,-56.443000,-29.053000,34.04
1996562674,-0.864000,-0.391000,-0.185000,45.466000,-56.275000,-22.641000,34.08
1996565286,-0.857000,-0.405000,-0.153000,44.076000,-58.290000,-20.748000,33.99
1996576997,-0.840000,-0.422000,-0.155000,43.435000,-60.290000,-22.336000,34.08
1996587819,-0.844000,-0.401000,-0.123000,40.916000,-64.015000,-24.031000,33.99
1996595350,-0.834000,-0.395000,-0.100000,37.099000,-66.779000,-24.840000,34.13
1996605113,-0.820000,-0.410000,-0.094000,34.168000,-67.405000,-25.863000,34.08
1996619978,-0.797000,-0.429000,-0.075000,31.221000,-67.237000,-27.084000,34.04
1996630653,-0.776000,-0.469000,-0.062000,29.908000,-67.130000,-18.992000,34.18
1996638421,-0.753000,-0.482000,-0.014000,32.076000,-61.847000,-27.634000,34.04
1996645703,-0.800000,-0.444000,-0.032000,30.122000,-58.672000,-22.611000,34.08
1996659488,-0.810000,-0.468000,-0.031000,27.664000,-60.855000,-19.847000,34.13
1996666657,-0.794000,-0.483000,-0.037000,25.679000,-59.832000,-18.260000,33.99
1996674788,-0.811000,-0.475000,-0.024000,27.344000,-57.069000,-18.092000,34.04
1996694854,-0.842000,-0.450000,-0.043000,25.878000,-57.924000,-16.382000,34.13
1996699638,-0.813000,-0.460000,-0.038000,24.611000,-56.779000,-14.779000,34.08
1996703618,-0.821000,-0.458000,-0.031000,23.695000,-54.748000,-14.687000,34.04
1996714795,-0.816000,-0.443000,-0.022000,21.282000,-51.740000,-11.221000,34.08
1996732543,-0.812000,-0.457000,-0.005000,15.924000,-57.099000,-10.794000,34.13
1996742067,-0.776000,-0.445000,0.021000,10.351000,-58.489000,-12.305000,34.08
1996749194,-0.793000,-0.603000,0.026000,8.015000,-63.771000,-15.069000,34.13
1996755913,-0.698000,-0.502000,0.047000,6.595000,-58.809000,-17.740000,34.08
1996767421,-0.715000,-0.475000,0.058000,8.519000,-50.855000,-18.260000,34.13
1996776396,-0.773000,-0.465000,0.033000,9.603000,-49.466000,-13.878000,34.08
1996785141,-0.792000,-0.433000,0.041000,4.198000,-49.405000,-11.679000,33.99
1996795666,-0.755000,-0.510000,0.071000,4.779000,-45.817000,-7.679000,34.08
1996804243,-0.748000,-0.499000,0.036000,3.008000,-41.817000,-8.962000,33.89
1996814374,-0.773000,-0.474000,0.071000,4.443000,-37.802000,-7.527000,34.04
1996827143,-0.750000,-0.464000,0.086000,6.427000,-33.237000,-6.351000,34.08
1996836405,-0.775000,-0.477000,0.074000,6.153000,-29.939000,-5.725000,34.04
1996845340,-0.745000,-0.469000,0.080000,5.130000,-26.534000,-5.908000,33.99
1996857448,-0.750000,-0.481000,0.084000,5.053000,-21.603000,-7.282000,34.04
1996866111,-0.755000,-0.478000,0.093000,6.779000,-15.954000,-6.214000,33.99
1996877489,-0.712000,-0.503000,0.092000,10.489000,-7.466000,-9.099000,34.13
1996885711,-0.729000,-0.483000,0.078000,8.656000,-3.115000,-11.618000,34.08
1996896065,-0.732000,-0.468000,0.082000,5.985000,-3.176000,-10.672000,33.99
1996903756,-0.708000,-0.472000,0.064000,5.603000,2.046000,-13.084000,34.04
1996914739,-0.730000,-0.454000,0.105000,5.496000,3.695000,-12.992000,34.08
1996927426,-0.715000,-0.441000,0.136000,7.069000,6.366000,-13.420000,34.04
1996936731,-0.713000,-0.459000,0.160000,11.740000,10.687000,-14.183000,34.08
1996947238,-0.713000,-0.458000,0.182000,16.718000,16.260000,-14.550000,34.13
1996957836,-0.707000,-0.456000,0.133000,19.053000,22.137000,-15.863000,34.08
1996971814,-0.743000,-0.457000,0.101000,19.084000,22.672000,-15.176000,34.04
1996976696,-0.788000,-0.449000,0.098000,17.634000,20.550000,-12.290000,34.18
1996986030,-0.804000,-0.425000,0.126000,16.183000,16.321000,-8.763000,34.04
1996996585,-0.786000,-0.446000,0.149000,15.374000,13.221000,-5.695000,34.08
1997004752,-0.743000,-0.452000,0.144000,16.183000,13.771000,-4.336000,34.08
1997014747,-0.729000,-0.451000,0.158000,17.008000,14.122000,-4.382000,34.08
1997027106,-0.745000,-0.446000,0.149000,16.107000,13.908000,-3.664000,34.08
1997036590,-0.746000,-0.464000,0.148000,14.687000,11.527000,-1.969000,34.04
1997046054,-0.748000,-0.464000,0.127000,10.977000,9.145000,-1.527000,34.08
1997056141,-0.741000,-0.470000,0.136000,8.733000,7.725000,-0.427000,34.13
1997068175,-0.717000,-0.481000,0.159000,7.069000,7.038000,-0.351000,34.08
1997073605,-0.705000,-0.488000,0.151000,5.634000,6.626000,0.000000,34.04
1997090208,-0.687000,-0.510000,0.153000,5.771000,7.053000,-0.718000,34.08
1997101422,-0.688000,-0.522000,0.153000,5.756000,8.290000,-1.206000,34.04
1997104520,-0.688000,-0.527000,0.138000,6.870000,7.985000,-1.313000,34.04
1997116298,-0.719000,-0.503000,0.148000,6.672000,7.573000,-1.282000,34.08
1997123273,-0.711000,-0.505000,0.143000,4.763000,4.473000,-1.466000,33.94
1997137445,-0.706000,-0.479000,0.133000,3.496000,3.237000,-2.534000,34.08
1997145851,-0.706000,-0.458000,0.156000,1.603000,2.198000,-3.374000,34.13
1997157023,-0.697000,-0.483000,0.165000,-0.107000,0.611000,-2.473000,34.08
1997168719,-0.665000,-0.501000,0.181000,-0.321000,2.947000,-3.573000,34.04
1997177423,-0.664000,-0.523000,0.167000,3.115000,6.031000,-5.008000,34.08
1997188682,-0.689000,-0.514000,0.149000,5.191000,8.198000,-5.847000,33.94
1997196600,-0.715000,-0.495000,0.124000,3.053000,6.443000,-5.924000,34.08
1997206295,-0.726000,-0.475000,0.139000,0.397000,3.237000,-5.237000,34.04
1997213427,-0.726000,-0.464000,0.146000,-2.275000,0.947000,-4.137000,34.04
1997224973,-0.701000,-0.469000,0.170000,-3.511000,-1.420000,-3.527000,33.99
1997237679,-0.694000,-0.478000,0.157000,-4.198000,-0.626000,-4.229000,34.08
1997246988,-0.707000,-0.477000,0.170000,-5.206000,-0.885000,-4.122000,34.18
1997258915,-0.706000,-0.473000,0.160000,-5.817000,-0.931000,-3.466000,34.13
1997271120,-0.698000,-0.486000,0.163000,-5.847000,-0.153000,-3.038000,34.08
1997275998,-0.708000,-0.487000,0.156000,-5.939000,0.046000,-2.595000,34.04
1997286700,-0.710000,-0.483000,0.162000,-6.153000,0.183000,-2.198000,33.99
1997296207,-0.718000,-0.481000,0.153000,-6.763000,-0.656000,-1.344000,34.04
1997306859,-0.721000,-0.477000,0.158000,-7.237000,-1.542000,-0.427000,34.08
1997313384,-0.711000,-0.482000,0.160000,-7.786000,-1.939000,0.015000,34.08
1997325548,-0.710000,-0.475000,0.160000,-7.893000,-2.031000,0.260000,34.13
1997337568,-0.706000,-0.483000,0.160000,-8.275000,-1.695000,0.153000,33.99
1997347491,-0.708000,-0.498000,0.160000,-8.519000,-0.840000,0.076000,34.04
1997357400,-0.702000,-0.490000,0.177000,-6.947000,0.550000,0.336000,34.08
1997368189,-0.687000,-0.508000,0.177000,-4.504000,2.870000,-0.244000,34.04
1997376456,-0.717000,-0.507000,0.143000,-3.924000,3.206000,-0.031000,34.08
1997386721,-0.744000,-0.474000,0.137000,-5.771000,-1.313000,0.687000,34.04
1997396561,-0.726000,-0.435000,0.150000,-8.794000,-5.328000,1.710000,34.18
1997406629,-0.674000,-0.462000,0.172000,-9.069000,-5.374000,1.649000,34.13
1997414536,-0.652000,-0.494000,0.209000,-5.908000,2.290000,-1.206000,33.99
1997430886,-0.656000,-0.556000,0.212000,-0.672000,9.450000,-3.237000,34.08
1997438923,-0.688000,-0.534000,0.197000,0.870000,13.282000,-3.481000,34.04
1997448870,-0.706000,-0.480000,0.171000,0.595000,9.511000,-1.099000,34.08
1997455850,-0.706000,-0.464000,0.154000,-1.542000,8.885000,-0.275000,34.13
1997468095,-0.700000,-0.496000,0.186000,-1.634000,8.458000,-0.855000,33.99
1997477832,-0.694000,-0.500000,0.174000,-0.595000,10.443000,-1.863000,34.13
1997488085,-0.731000,-0.473000,0.158000,-0.046000,12.519000,-2.595000,34.08
1997497060,-0.728000,-0.478000,0.139000,-0.794000,13.939000,-1.756000,33.94
1997506758,-0.715000,-0.500000,0.125000,-1.786000,14.122000,-1.420000,34.08
1997515377,-0.734000,-0.491000,0.118000,-2.733000,14.687000,-0.351000,33.94
1997522254,-0.733000,-0.467000,0.113000,-5.389000,13.145000,0.550000,34.08
1997539292,-0.728000,-0.456000,0.113000,-8.183000,11.298000,1.573000,33.99
1997549037,-0.715000,-0.449000,0.119000,-9.756000,9.221000,2.672000,34.13
1997555997,-0.703000,-0.459000,0.133000,-10.000000,10.076000,2.092000,34.18
1997568240,-0.708000,-0.478000,0.133000,-9.176000,9.802000,0.885000,34.04
1997577224,-0.722000,-0.491000,0.114000,-9.191000,9.450000,1.053000,34.08
1997588305,-0.737000,-0.485000,0.123000,-10.321000,8.641000,1.908000,34.04
1997597245,-0.729000,-0.476000,0.133000,-11.374000,7.130000,3.053000,33.99
1997606164,-0.699000,-0.481000,0.144000,-12.153000,8.641000,4.336000,34.04
1997616776,-0.702000,-0.488000,0.130000,-13.237000,11.008000,4.397000,34.08
1997623615,-0.710000,-0.495000,0.137000,-11.435000,13.786000,3.863000,34.13
1997637846,-0.710000,-0.488000,0.148000,-10.489000,14.901000,2.504000,34.08
1997647200,-0.727000,-0.470000,0.143000,-8.733000,15.267000,2.809000,34.04
1997656396,-0.725000,-0.491000,0.115000,-8.366000,14.977000,3.527000,34.08
1997669860,-0.736000,-0.501000,0.104000,-8.901000,15.527000,2.947000,33.99
1997678747,-0.734000,-0.498000,0.118000,-7.420000,15.695000,3.298000,33.99
1997686629,-0.740000,-0.489000,0.083000,-7.924000,16.534000,4.550000,33.99
1997698776,-0.750000,-0.491000,0.067000,-9.603000,18.336000,5.389000,34.13
1997708826,-0.769000,-0.488000,0.080000,-11.618000,19.145000,6.305000,34.08
1997713419,-0.745000,-0.485000,0.076000,-11.679000,17.893000,6.397000,34.04
1997724328,-0.733000,-0.471000,0.066000,-11.053000,22.733000,5.908000,33.99
1997740895,-0.741000,-0.474000,0.049000,-11.191000,22.733000,5.985000,33.94
1997751255,-0.716000,-0.501000,0.079000,-9.954000,24.550000,5.924000,34.08
1997757787,-0.742000,-0.469000,0.065000,-9.710000,25.069000,6.611000,34.04
1997764085,-0.743000,-0.472000,0.027000,-9.817000,23.924000,8.015000,33.99
1997780350,-0.726000,-0.460000,0.055000,-11.924000,23.740000,8.489000,34.13
1997787204,-0.737000,-0.470000,0.057000,-11.893000,26.000000,8.412000,34.04
1997795343,-0.723000,-0.487000,0.060000,-10.031000,27.511000,7.740000,34.08
1997806653,-0.728000,-0.491000,0.049000,-9.313000,30.321000,7.176000,34.04
1997814759,-0.732000,-0.506000,0.065000,-6.962000,31.832000,8.855000,34.08
1997825355,-0.725000,-0.475000,0.044000,-6.382000,34.473000,7.969000,33.99
1997833105,-0.759000,-0.478000,0.024000,-6.351000,34.000000,10.275000,34.08
1997846118,-0.775000,-0.440000,0.024000,-7.420000,35.710000,11.084000,34.13
1997856282,-0.788000,-0.444000,0.009000,-10.809000,34.000000,10.687000,34.08
1997872522,-0.782000,-0.448000,0.011000,-14.031000,33.847000,9.618000,34.04
1997878930,-0.789000,-0.455000,0.016000,-14.916000,34.565000,9.634000,34.18
1997884116,-0.770000,-0.476000,0.006000,-15.221000,35.939000,10.626000,34.04
1997895915,-0.770000,-0.451000,-0.007000,-14.672000,36.275000,10.473000,34.08
1997906777,-0.793000,-0.461000,-0.031000,-15.466000,38.244000,12.779000,34.13
1997915466,-0.802000,-0.466000,-0.052000,-17.053000,36.718000,14.092000,33.99
1997924875,-0.764000,-0.481000,-0.029000,-15.038000,37.817000,12.977000,33.99
1997939529,-0.791000,-0.428000,-0.028000,-14.458000,38.992000,12.718000,34.04
1997950485,-0.815000,-0.389000,-0.077000,-17.847000,36.153000,14.214000,33.99
1997957625,-0.783000,-0.402000,-0.062000,-20.748000,35.557000,15.695000,33.94
1997963917,-0.740000,-0.454000,-0.071000,-20.198000,37.298000,15.466000,34.08
1997976847,-0.764000,-0.472000,-0.056000,-16.122000,41.405000,15.664000,34.04
1997986164,-0.770000,-0.441000,-0.107000,-15.756000,42.840000,15.328000,34.08
1997997698,-0.752000,-0.443000,-0.081000,-15.450000,44.550000,15.191000,34.04
1998006158,-0.769000,-0.412000,-0.063000,-16.122000,43.664000,15.756000,34.08
1998017023,-0.758000,-0.396000,-0.091000,-18.473000,41.863000,15.115000,34.13
1998023252,-0.761000,-0.376000,-0.125000,-23.420000,40.427000,14.183000,33.99
1998035699,-0.767000,-0.408000,-0.080000,-24.672000,40.412000,13.481000,34.04
1998048927,-0.762000,-0.435000,-0.100000,-24.076000,44.015000,13.481000,33.99
1998058066,-0.762000,-0.457000,-0.120000,-22.321000,45.466000,12.672000,34.08
1998066077,-0.793000,-0.463000,-0.116000,-20.748000,47.588000,14.992000,34.04
1998079251,-0.795000,-0.484000,-0.162000,-19.511000,48.122000,15.038000,34.08
1998086878,-0.802000,-0.476000,-0.143000,-19.115000,47.130000,15.771000,34.13
1998097071,-0.803000,-0.425000,-0.142000,-18.824000,45.817000,15.252000,34.08
1998105857,-0.777000,-0.406000,-0.156000,-21.267000,45.374000,14.809000,34.04
1998117193,-0.764000,-0.397000,-0.177000,-22.534000,47.267000,13.481000,34.08
1998122088,-0.788000,-0.367000,-0.196000,-25.221000,48.550000,14.000000,34.04
1998134087,-0.755000,-0.411000,-0.171000,-26.153000,48.000000,13.542000,34.08
1998148797,-0.748000,-0.431000,-0.170000,-23.038000,49.359000,13.985000,34.13
1998158858,-0.756000,-0.419000,-0.203000,-21.832000,50.687000,14.916000,34.08
1998165897,-0.770000,-0.377000,-0.196000,-21.679000,51.008000,14.855000,34.04
1998177047,-0.765000,-0.347000,-0.189000,-25.374000,46.855000,14.824000,34.04
1998186848,-0.720000,-0.377000,-0.180000,-26.580000,46.580000,13.038000,34.08
1998199014,-0.729000,-0.387000,-0.190000,-25.328000,48.061000,12.214000,34.08
1998211056,-0.770000,-0.388000,-0.235000,-25.985000,49.664000,13.160000,33.99
1998219743,-0.787000,-0.417000,-0.235000,-25.771000,51.038000,14.611000,34.04
1998226104,-0.826000,-0.385000,-0.257000,-25.740000,49.603000,15.389000,33.99
1998232943,-0.827000,-0.409000,-0.276000,-27.817000,47.786000,17.145000,33.94
1998250191,-0.811000,-0.391000,-0.240000,-27.130000,48.198000,17.511000,34.08
1998260365,-0.802000,-0.353000,-0.278000,-27.695000,46.931000,16.153000,34.04
1998266399,-0.784000,-0.362000,-0.277000,-30.260000,45.695000,15.573000,34.08
1998279448,-0.768000,-0.363000,-0.288000,-29.282000,45.053000,14.489000,34.04
1998285807,-0.755000,-0.329000,-0.284000,-30.748000,43.664000,13.237000,34.04
1998295889,-0.753000,-0.344000,-0.361000,-31.802000,44.092000,13.939000,34.08
1998308886,-0.739000,-0.364000,-0.314000,-30.840000,44.351000,13.511000,34.04
1998314670,-0.740000,-0.365000,-0.345000,-30.611000,47.313000,15.603000,33.99
1998325162,-0.770000,-0.338000,-0.327000,-31.145000,46.458000,14.534000,34.04
1998336714,-0.794000,-0.327000,-0.344000,-30.947000,45.618000,15.878000,34.08
1998351141,-0.740000,-0.367000,-0.355000,-32.840000,48.733000,16.656000,34.04
1998364140,-0.746000,-0.392000,-0.344000,-29.176000,53.252000,19.130000,34.18
1998369075,-0.759000,-0.350000,-0.370000,-25.573000,52.626000,18.458000,34.04
1998377853,-0.737000,-0.329000,-0.397000,-24.565000,52.336000,17.710000,34.08
1998393332,-0.717000,-0.358000,-0.413000,-22.305000,55.221000,18.305000,34.04
1998396463,-0.756000,-0.327000,-0.425000,-22.275000,56.779000,18.260000,34.04
1998407270,-0.771000,-0.302000,-0.404000,-21.588000,56.595000,18.168000,34.08
1998418486,-0.757000,-0.293000,-0.408000,-21.298000,58.198000,18.046000,33.99
1998425524,-0.756000,-0.254000,-0.447000,-19.542000,61.328000,19.115000,34.08
1998435399,-0.786000,-0.256000,-0.467000,-18.153000,59.649000,16.840000,34.13
1998442125,-0.775000,-0.298000,-0.454000,-19.954000,60.641000,17.924000,34.08
1998459412,-0.823000,-0.264000,-0.530000,-22.260000,59.450000,20.336000,34.04
1998468574,-0.797000,-0.271000,-0.483000,-24.137000,60.504000,20.290000,33.99
1998475316,-0.823000,-0.225000,-0.515000,-26.565000,55.130000,21.756000,34.13
1998487200,-0.792000,-0.225000,-0.486000,-27.725000,52.733000,20.229000,34.18
1998496987,-0.742000,-0.257000,-0.506000,-25.695000,50.947000,17.740000,33.99
1998504281,-0.727000,-0.242000,-0.514000,-26.672000,51.328000,18.397000,34.13
1998515717,-0.723000,-0.210000,-0.510000,-28.290000,51.725000,20.656000,34.18
1998528007,-0.730000,-0.235000,-0.534000,-29.710000,48.962000,20.412000,34.22
1998533906,-0.701000,-0.205000,-0.513000,-31.344000,48.260000,19.786000,33.99
1998546076,-0.707000,-0.233000,-0.539000,-28.122000,50.336000,19.038000,34.04
1998561519,-0.718000,-0.203000,-0.517000,-31.740000,46.595000,17.298000,34.08
1998569900,-0.714000,-0.242000,-0.533000,-30.733000,46.763000,18.779000,34.13
1998577524,-0.714000,-0.260000,-0.563000,-29.069000,46.244000,18.427000,34.08
1998596521,-0.703000,-0.234000,-0.562000,-29.786000,46.214000,20.290000,34.04
1998598429,-0.680000,-0.254000,-0.573000,-27.969000,44.947000,20.092000,34.04
1998605595,-0.672000,-0.200000,-0.558000,-27.160000,49.710000,20.000000,34.08
1998619082,-0.701000,-0.191000,-0.579000,-27.695000,45.313000,20.015000,34.04
1998629580,-0.670000,-0.199000,-0.579000,-29.053000,45.282000,19.847000,33.99
1998633280,-0.652000,-0.165000,-0.570000,-29.435000,43.450000,18.076000,34.04
1998644846,-0.642000,-0.121000,-0.591000,-29.573000,43.969000,16.305000,33.99
1998661672,-0.625000,-0.126000,-0.626000,-31.786000,43.618000,15.466000,33.94
1998672401,-0.673000,-0.152000,-0.628000,-33.802000,40.641000,16.687000,34.08
1998676135,-0.671000,-0.182000,-0.608000,-31.695000,40.763000,17.344000,34.13
1998692504,-0.706000,-0.155000,-0.635000,-30.534000,38.214000,16.748000,33.99
1998702248,-0.708000,-0.158000,-0.646000,-32.473000,35.588000,19.756000,34.13
1998706871,-0.679000,-0.151000,-0.614000,-31.344000,31.802000,18.702000,34.08
1998715696,-0.632000,-0.126000,-0.633000,-32.550000,31.252000,18.229000,33.99
1998727285,-0.604000,-0.131000,-0.593000,-33.802000,31.099000,18.595000,34.04
1998736870,-0.595000,-0.160000,-0.630000,-32.382000,32.519000,18.809000,33.99
1998743297,-0.547000,-0.169000,-0.643000,-29.863000,26.489000,12.855000,34.04
1998759975,-0.685000,-0.167000,-0.698000,-32.275000,38.397000,21.405000,34.08
1998772659,-0.661000,-0.219000,-0.678000,-30.672000,33.695000,19.664000,34.04
1998778430,-0.688000,-0.164000,-0.677000,-29.389000,39.206000,21.053000,34.08
1998788809,-0.673000,-0.166000,-0.679000,-32.916000,35.053000,22.229000,34.04
1998801892,-0.622000,-0.151000,-0.662000,-31.756000,34.962000,21.969000,34.08
1998807900,-0.592000,-0.132000,-0.712000,-30.397000,33.969000,21.405000,34.04
1998817593,-0.579000,-0.160000,-0.694000,-27.695000,35.893000,20.122000,34.04
1998827418,-0.587000,-0.132000,-0.700000,-25.267000,36.992000,20.504000,34.08
1998836745,-0.594000,-0.093000,-0.736000,-25.588000,35.160000,19.817000,34.13
1998842551,-0.584000,-0.094000,-0.714000,-24.840000,37.069000,19.206000,34.08
1998854014,-0.594000,-0.081000,-0.724000,-26.321000,37.130000,19.145000,33.94
1998868836,-0.583000,-0.104000,-0.638000,-24.748000,26.489000,15.450000,34.08
1998877173,-0.609000,-0.076000,-0.708000,-28.565000,32.855000,20.229000,34.04
1998885619,-0.557000,-0.073000,-0.706000,-26.260000,32.916000,18.748000,34.18
1998898884,-0.548000,-0.048000,-0.732000,-25.298000,33.359000,18.046000,34.04
1998905418,-0.503000,-0.049000,-0.716000,-23.176000,36.458000,14.901000,33.99
1998915599,-0.553000,-0.059000,-0.742000,-20.885000,36.947000,14.015000,34.04
1998927272,-0.584000,-0.002000,-0.756000,-23.603000,33.679000,14.992000,33.99
1998939450,-0.547000,-0.028000,-0.760000,-26.366000,28.687000,14.107000,34.13
1998945932,-0.575000,-0.014000,-0.733000,-24.885000,32.260000,16.244000,33.99
1998952765,-0.566000,0.001000,-0.751000,-24.031000,31.786000,16.947000,33.89
1998967427,-0.548000,-0.016000,-0.758000,-24.031000,30.412000,15.573000,34.04
1998978745,-0.546000,0.000000,-0.772000,-23.740000,30.229000,14.885000,33.99
1998984517,-0.572000,0.021000,-0.833000,-24.458000,32.107000,13.985000,34.04
1999000560,-0.596000,0.001000,-0.782000,-24.397000,27.924000,13.328000,34.08
1999007256,-0.556000,0.025000,-0.754000,-25.817000,25.542000,12.076000,34.13
1999016046,-0.543000,0.055000,-0.778000,-26.076000,24.733000,12.916000,34.08
1999027978,-0.539000,0.053000,-0.785000,-27.206000,24.641000,13.160000,34.04
1999035796,-0.512000,0.036000,-0.782000,-25.985000,23.649000,12.504000,33.99
1999045675,-0.498000,0.045000,-0.789000,-25.511000,24.107000,12.565000,34.04
1999052318,-0.519000,0.033000,-0.795000,-25.160000,25.939000,13.008000,33.99
1999067946,-0.546000,0.048000,-0.813000,-23.985000,25.237000,12.779000,34.04
1999077332,-0.547000,0.048000,-0.797000,-23.893000,24.580000,13.344000,34.08
1999087887,-0.545000,0.073000,-0.815000,-24.809000,22.641000,14.412000,34.08
1999098581,-0.529000,0.085000,-0.813000,-26.824000,20.489000,14.977000,34.04
1999110128,-0.507000,0.069000,-0.816000,-27.985000,19.985000,15.115000,33.99
1999115421,-0.533000,0.059000,-0.818000,-26.962000,20.107000,15.985000,34.04
1999126195,-0.490000,0.067000,-0.837000,-27.634000,20.931000,15.038000,33.99
1999137854,-0.536000,0.076000,-0.835000,-27.649000,22.565000,15.603000,34.04
1999145937,-0.562000,0.071000,-0.829000,-29.511000,19.313000,16.672000,34.08
1999156980,-0.487000,0.073000,-0.803000,-29.282000,15.008000,16.916000,34.13
1999163971,-0.458000,0.105000,-0.814000,-28.550000,16.733000,17.298000,34.08
1999177424,-0.478000,0.079000,-0.830000,-27.496000,17.969000,18.733000,34.04
1999186706,-0.452000,0.058000,-0.829000,-26.092000,18.153000,19.832000,33.99
1999198069,-0.457000,0.073000,-0.830000,-23.908000,20.947000,20.718000,34.13
1999210240,-0.501000,0.089000,-0.849000,-23.038000,23.359000,21.344000,33.94
1999216092,-0.510000,0.105000,-0.811000,-23.817000,20.977000,22.397000,33.99
1999226799,-0.471000,0.112000,-0.815000,-22.794000,19.985000,21.710000,34.08
1999238981,-0.471000,0.112000,-0.836000,-20.779000,20.061000,23.237000,34.08
1999247505,-0.481000,0.095000,-0.848000,-18.947000,19.038000,24.824000,34.13
1999256579,-0.472000,0.097000,-0.842000,-16.779000,15.603000,27.130000,34.08
1999263335,-0.424000,0.118000,-0.820000,-14.137000,15.023000,28.519000,34.04
1999279341,-0.403000,0.132000,-0.831000,-13.435000,18.061000,29.878000,34.08
1999288554,-0.427000,0.150000,-0.849000,-12.962000,20.534000,29.649000,34.13
1999296937,-0.453000,0.144000,-0.827000,-10.382000,24.458000,26.748000,34.08
1999312649,-0.484000,0.156000,-0.842000,-12.534000,22.275000,25.557000,34.04
1999317126,-0.462000,0.141000,-0.831000,-13.679000,21.939000,22.550000,34.08
1999328478,-0.487000,0.144000,-0.860000,-14.718000,22.794000,21.786000,34.08
1999338072,-0.469000,0.119000,-0.835000,-17.527000,22.489000,21.344000,34.13
1999348343,-0.422000,0.101000,-0.849000,-15.374000,24.916000,19.160000,34.08
1999356068,-0.427000,0.128000,-0.819000,-13.069000,27.481000,17.740000,34.04
1999362950,-0.430000,0.159000,-0.847000,-12.718000,29.481000,14.565000,33.99
1999381124,-0.435000,0.146000,-0.860000,-11.939000,29.374000,13.649000,34.13
1999390010,-0.423000,0.127000,-0.856000,-9.786000,31.023000,12.092000,33.99
1999396804,-0.433000,0.139000,-0.868000,-8.427000,33.588000,11.679000,34.13
1999409121,-0.398000,0.144000,-0.874000,-8.687000,37.145000,9.847000,34.08
1999418387,-0.475000,0.140000,-0.886000,-9.252000,37.053000,9.176000,34.04
1999425518,-0.443000,0.121000,-0.854000,-9.756000,37.420000,8.336000,33.99
1999438254,-0.415000,0.159000,-0.871000,-9.420000,38.183000,5.374000,33.99
1999446907,-0.389000,0.189000,-0.885000,-11.496000,38.794000,3.420000,34.18
1999456583,-0.402000,0.181000,-0.886000,-11.511000,39.053000,1.634000,34.08
1999463283,-0.388000,0.188000,-0.872000,-11.725000,37.542000,-0.565000,34.22
1999476288,-0.359000,0.182000,-0.887000,-11.954000,37.710000,-1.588000,34.08
1999486985,-0.412000,0.194000,-0.894000,-13.832000,36.718000,1.038000,34.13
1999496448,-0.388000,0.158000,-0.873000,-13.924000,34.855000,2.824000,34.08
1999508881,-0.369000,0.172000,-0.859000,-11.206000,33.634000,3.695000,34.04
1999518704,-0.401000,0.226000,-0.901000,-11.176000,32.366000,4.290000,33.99
1999526051,-0.353000,0.226000,-0.907000,-13.679000,28.763000,5.802000,34.04
1999538582,-0.313000,0.218000,-0.906000,-13.710000,29.863000,5.634000,34.08
1999547116,-0.345000,0.241000,-0.874000,-13.817000,29.496000,4.427000,34.08
1999556623,-0.337000,0.262000,-0.906000,-16.901000,29.084000,4.824000,34.13
1999563509,-0.337000,0.240000,-0.880000,-19.740000,26.382000,4.351000,33.99
1999577063,-0.329000,0.233000,-0.909000,-20.718000,24.229000,5.435000,34.04
1999587603,-0.327000,0.215000,-0.894000,-20.718000,23.588000,6.397000,34.08
1999595963,-0.325000,0.233000,-0.904000,-21.084000,23.069000,7.985000,34.04
1999609449,-0.318000,0.203000,-0.902000,-20.229000,22.611000,9.557000,33.99
1999615988,-0.303000,0.240000,-0.919000,-20.473000,23.176000,11.237000,34.04
1999626307,-0.307000,0.253000,-0.899000,-21.710000,23.267000,12.519000,34.08
1999639561,-0.312000,0.259000,-0.925000,-22.412000,21.939000,13.145000,34.13
1999650858,-0.306000,0.248000,-0.922000,-22.870000,21.573000,12.947000,34.08
1999656401,-0.297000,0.244000,-0.921000,-21.084000,21.893000,12.824000,34.04
1999663272,-0.262000,0.246000,-0.923000,-22.244000,23.954000,13.038000,34.08
1999676485,-0.329000,0.260000,-0.927000,-22.763000,24.412000,13.374000,34.08
1999685999,-0.333000,0.249000,-0.912000,-24.977000,23.878000,15.649000,34.13
1999697269,-0.308000,0.251000,-0.911000,-25.115000,22.336000,15.847000,34.08
1999709961,-0.272000,0.243000,-0.899000,-24.214000,23.527000,17.099000,34.13
1999716442,-0.274000,0.250000,-0.903000,-21.267000,24.580000,17.084000,34.08
1999725769,-0.265000,0.249000,-0.927000,-20.565000,24.641000,18.000000,33.94
1999733801,-0.256000,0.249000,-0.891000,-17.817000,26.061000,17.542000,34.08
1999747797,-0.267000,0.289000,-0.902000,-17.389000,25.603000,18.122000,34.04
1999755978,-0.288000,0.287000,-0.921000,-18.229000,25.573000,18.412000,34.08
1999762976,-0.256000,0.274000,-0.882000,-18.336000,23.130000,18.672000,34.04
1999777669,-0.224000,0.276000,-0.925000,-16.153000,23.420000,18.305000,34.13
1999788466,-0.209000,0.271000,-0.918000,-13.435000,24.397000,16.473000,34.08
1999794546,-0.250000,0.307000,-0.941000,-12.198000,24.565000,16.336000,34.04
1999806311,-0.249000,0.280000,-0.931000,-11.649000,28.427000,11.328000,33.99
1999820797,-0.256000,0.278000,-0.906000,-15.756000,23.939000,14.427000,34.04
1999826157,-0.233000,0.258000,-0.865000,-12.382000,21.267000,8.901000,34.08
1999837511,-0.288000,0.300000,-0.907000,-15.511000,21.389000,13.542000,34.04
1999850385,-0.207000,0.320000,-0.906000,-16.305000,19.771000,11.969000,33.99
1999856131,-0.189000,0.329000,-0.902000,-13.450000,21.542000,9.939000,34.13
1999862551,-0.164000,0.315000,-0.950000,-11.069000,23.282000,9.618000,33.99
1999877992,-0.158000,0.304000,-0.923000,-6.901000,26.015000,8.351000,33.94
1999889890,-0.147000,0.329000,-0.935000,-2.916000,29.267000,6.855000,34.08
1999896182,-0.179000,0.344000,-0.972000,-4.916000,33.069000,8.321000,34.08
1999908631,-0.227000,0.307000,-0.936000,-6.870000,29.847000,9.069000,34.04
1999917723,-0.219000,0.298000,-0.944000,-6.229000,32.092000,7.191000,34.08
1999926597,-0.260000,0.346000,-0.950000,-9.008000,29.450000,5.954000,34.13
1999934463,-0.161000,0.326000,-0.962000,-8.809000,29.359000,5.527000,33.99
1999945603,-0.116000,0.333000,-0.970000,-6.885000,34.336000,4.412000,34.04
1999956885,-0.187000,0.314000,-0.991000,-3.649000,33.695000,5.145000,34.08
1999963815,-0.152000,0.325000,-0.993000,-3.008000,37.084000,6.366000,34.13
1999976037,-0.177000,0.323000,-0.987000,-5.130000,38.122000,7.023000,34.08
1999988964,-0.204000,0.312000,-0.969000,-6.168000,36.885000,8.244000,34.04
1999998988,-0.155000,0.314000,-0.981000,-6.718000,38.977000,7.618000,34.08
2000004036,-0.192000,0.349000,-0.990000,-7.313000,41.328000,5.573000,34.04
2000020111,-0.129000,0.323000,-0.994000,-8.855000,40.107000,6.305000,34.08
2000027640,-0.114000,0.288000,-1.006000,-7.695000,42.107000,5.878000,33.99
2000034548,-0.103000,0.295000,-1.036000,-7.176000,46.153000,6.580000,34.08
2000046520,-0.174000,0.331000,-1.037000,-9.008000,40.061000,9.817000,34.08
2000055718,-0.086000,0.336000,-0.989000,-7.847000,45.481000,7.588000,34.04
2000064723,-0.141000,0.357000,-1.039000,-14.137000,42.305000,9.099000,33.99
2000077050,-0.113000,0.303000,-0.987000,-16.458000,43.435000,8.992000,34.04
2000089751,-0.127000,0.276000,-1.038000,-15.466000,40.656000,9.557000,34.08
2000099424,-0.061000,0.240000,-1.004000,-14.443000,43.649000,10.702000,34.13
2000105691,-0.114000,0.241000,-1.013000,-9.359000,44.748000,13.435000,34.08
2000119209,-0.078000,0.290000,-0.968000,-9.405000,42.656000,14.580000,34.04
2000128681,-0.049000,0.344000,-0.978000,-9.313000,46.290000,10.565000,34.08
2000135846,-0.055000,0.405000,-1.000000,-18.168000,44.809000,12.183000,34.13
2000148114,-0.033000,0.346000,-0.992000,-20.763000,46.382000,9.954000,34.04
2000157089,-0.021000,0.322000,-0.983000,-22.260000,47.115000,7.420000,34.08
2000164971,-0.006000,0.320000,-0.964000,-20.443000,51.908000,4.565000,34.04
2000170679,-0.060000,0.312000,-0.992000,-18.412000,49.344000,6.336000,34.08
2000185964,0.007000,0.318000,-0.956000,-15.985000,47.282000,6.718000,34.04
2000197811,0.110000,0.408000,-0.982000,-15.160000,55.435000,5.389000,33.99
2000204923,0.012000,0.465000,-1.039000,-21.847000,51.985000,7.481000,34.13
2000220793,0.013000,0.474000,-1.050000,-27.679000,52.046000,6.519000,34.08
2000227282,0.014000,0.404000,-1.036000,-29.908000,51.924000,4.290000,34.04
2000236516,-0.042000,0.396000,-1.032000,-31.038000,52.351000,5.511000,33.99
2000247490,-0.064000,0.379000,-1.020000,-32.870000,46.947000,8.321000,34.04
2000259680,0.009000,0.380000,-0.990000,-33.328000,41.008000,10.168000,34.08
2000265881,0.087000,0.400000,-1.024000,-32.458000,42.198000,11.908000,34.08
2000272788,0.074000,0.424000,-1.027000,-33.282000,43.466000,14.183000,34.13
2000288891,0.121000,0.432000,-1.007000,-34.962000,43.298000,14.519000,33.99
2000303516,0.128000,0.462000,-1.026000,-37.420000,47.740000,14.351000,34.04
2000305818,0.070000,0.452000,-1.000000,-40.901000,50.076000,13.374000,34.08
2000316951,0.030000,0.497000,-0.953000,-44.534000,46.305000,14.595000,34.13
2000329131,0.076000,0.483000,-1.001000,-49.802000,42.931000,17.237000,34.08
2000335769,0.118000,0.409000,-1.014000,-49.435000,41.893000,20.763000,34.04
2000347221,0.116000,0.429000,-1.010000,-45.252000,40.351000,24.870000,33.99
2000358430,0.196000,0.441000,-0.998000,-42.824000,38.626000,25.924000,34.13
2000366283,0.151000,0.513000,-0.993000,-45.420000,41.878000,29.023000,34.08
2000373052,0.160000,0.555000,-0.973000,-49.481000,41.313000,29.725000,34.08
2000385142,0.208000,0.575000,-0.988000,-56.229000,40.366000,27.817000,34.04
2000398860,0.159000,0.547000,-1.019000,-59.008000,43.313000,27.344000,34.08
2000406775,0.138000,0.504000,-0.981000,-58.702000,43.374000,25.908000,34.08
2000417634,0.198000,0.476000,-1.025000,-57.847000,43.481000,28.534000,33.99
2000430970,0.183000,0.434000,-0.977000,-55.405000,46.885000,29.832000,34.04
2000436628,0.176000,0.456000,-0.961000,-48.275000,48.076000,30.733000,34.08
2000446703,0.209000,0.506000,-0.978000,-51.099000,49.618000,32.687000,34.13
2000456078,0.216000,0.500000,-0.953000,-54.412000,50.977000,32.962000,34.08
2000466464,0.211000,0.527000,-0.907000,-54.519000,53.252000,31.191000,34.04
2000473293,0.206000,0.553000,-0.910000,-58.901000,50.534000,33.008000,33.99
2000485509,0.279000,0.493000,-0.930000,-60.427000,53.603000,31.450000,33.94
2000499962,0.288000,0.464000,-0.884000,-56.290000,55.725000,31.405000,34.13
2000507837,0.295000,0.485000,-0.894000,-51.160000,60.870000,31.924000,34.08
2000518107,0.271000,0.501000,-0.881000,-48.672000,65.069000,32.107000,34.04
2000529958,0.202000,0.522000,-0.883000,-50.076000,64.580000,33.634000,33.99
2000535884,0.189000,0.523000,-0.781000,-52.046000,56.962000,36.412000,34.13
2000546172,0.347000,0.553000,-0.763000,-47.450000,52.824000,34.351000,34.08
2000558991,0.474000,0.565000,-0.854000,-42.702000,60.977000,29.603000,34.04
2000567379,0.396000,0.582000,-0.856000,-40.626000,69.679000,27.206000,34.08
2000573447,0.356000,0.570000,-0.835000,-39.496000,70.855000,27.267000,34.04
2000585894,0.306000,0.565000,-0.837000,-40.305000,73.160000,26.107000,34.08
2000599181,0.262000,0.542000,-0.808000,-41.863000,72.183000,24.565000,34.13
2000607759,0.209000,0.574000,-0.738000,-43.298000,70.580000,22.412000,34.08
2000618608,0.262000,0.565000,-0.743000,-43.786000,62.626000,22.763000,34.08
2000629384,0.407000,0.506000,-0.731000,-39.405000,60.763000,20.382000,34.08
2000636717,0.550000,0.496000,-0.740000,-28.122000,63.511000,20.260000,33.99
2000646898,0.633000,0.501000,-0.777000,-16.595000,72.992000,24.015000,34.13
2000656958,0.537000,0.553000,-0.742000,-7.847000,81.786000,28.595000,34.08
2000665901,0.474000,0.636000,-0.718000,-5.634000,84.855000,32.183000,34.04
2000674041,0.446000,0.699000,-0.696000,-11.359000,86.229000,29.435000,34.08
2000686168,0.351000,0.755000,-0.658000,-18.794000,88.977000,23.008000,34.04
2000699526,0.394000,0.720000,-0.708000,-29.344000,80.702000,18.840000,34.08
2000707198,0.542000,0.575000,-0.737000,-29.649000,80.305000,14.427000,34.04
2000714072,0.556000,0.533000,-0.748000,-24.702000,83.603000,10.779000,34.08
2000730221,0.612000,0.562000,-0.746000,-18.183000,88.687000,11.634000,33.99
2000736478,0.566000,0.597000,-0.713000,-17.160000,95.130000,9.053000,34.04
2000747237,0.457000,0.641000,-0.716000,-23.038000,93.206000,8.550000,33.99
2000755808,0.360000,0.599000,-0.677000,-31.924000,87.374000,7.008000,34.04
2000765971,0.354000,0.546000,-0.623000,-37.282000,77.603000,2.137000,34.08
2000774723,0.453000,0.504000,-0.594000,-37.084000,70.092000,-1.969000,34.04
2000791190,0.579000,0.508000,-0.599000,-34.214000,65.954000,-1.298000,34.08
2000800180,0.660000,0.498000,-0.627000,-29.084000,66.672000,1.603000,34.04
2000809483,0.638000,0.515000,-0.576000,-23.939000,69.099000,3.985000,33.99
2000816649,0.543000,0.619000,-0.572000,-20.718000,69.847000,2.580000,34.13
2000830813,0.505000,0.615000,-0.543000,-24.397000,61.588000,5.435000,33.99
2000838768,0.399000,0.620000,-0.524000,-28.489000,54.198000,2.855000,34.08
2000845472,0.366000,0.594000,-0.466000,-32.687000,39.298000,0.046000,34.08
2000857166,0.503000,0.572000,-0.439000,-32.916000,23.038000,0.229000,34.08
2000868750,0.663000,0.531000,-0.444000,-24.672000,18.198000,-0.840000,34.13
2000875785,0.733000,0.557000,-0.478000,-15.725000,19.084000,3.038000,33.99
2000882854,0.738000,0.605000,-0.444000,-9.282000,19.359000,6.229000,34.04
2000899856,0.729000,0.660000,-0.424000,-4.275000,17.649000,5.649000,34.08
2000905765,0.724000,0.695000,-0.404000,-3.053000,16.137000,3.023000,34.04
2000916184,0.662000,0.699000,-0.406000,-1.847000,12.595000,-0.641000,34.08
2000928397,0.591000,0.691000,-0.415000,-3.435000,6.275000,-2.947000,33.94
2000938517,0.568000,0.711000,-0.393000,-2.840000,-3.511000,-3.832000,33.99
2000946035,0.653000,0.666000,-0.424000,-3.313000,-16.305000,-1.481000,33.99
2000958600,0.731000,0.676000,-0.439000,-0.122000,-24.931000,2.260000,34.13
2000968676,0.788000,0.659000,-0.466000,3.878000,-27.908000,5.664000,33.99
2000973387,0.746000,0.662000,-0.459000,7.908000,-28.489000,7.496000,34.04
2000984409,0.718000,0.673000,-0.438000,11.481000,-31.389000,5.985000,33.99
2001000491,0.712000,0.701000,-0.414000,13.573000,-34.046000,2.366000,34.04
2001007126,0.638000,0.707000,-0.453000,12.947000,-38.611000,-0.565000,34.08
2001016741,0.618000,0.667000,-0.454000,11.557000,-46.275000,-2.901000,34.04
2001029239,0.636000,0.615000,-0.498000,11.954000,-52.534000,-4.168000,34.08
2001039649,0.650000,0.568000,-0.520000,15.069000,-56.046000,-6.214000,34.13
2001046844,0.595000,0.584000,-0.513000,17.542000,-61.069000,-5.344000,34.08
2001059040,0.617000,0.571000,-0.521000,19.160000,-67.130000,-5.282000,33.99
2001068385,0.626000,0.568000,-0.542000,20.702000,-69.847000,-6.031000,34.08
2001073442,0.618000,0.560000,-0.538000,22.260000,-71.557000,-7.832000,34.08
2001084504,0.594000,0.590000,-0.586000,21.282000,-73.191000,-10.366000,34.13
2001097028,0.621000,0.553000,-0.568000,22.244000,-72.000000,-14.687000,34.08
2001104553,0.568000,0.545000,-0.602000,24.931000,-73.664000,-16.672000,34.13
2001116550,0.571000,0.523000,-0.611000,27.771000,-76.626000,-17.985000,34.08
2001126940,0.588000,0.500000,-0.611000,33.099000,-76.840000,-19.878000,34.13
2001137542,0.541000,0.518000,-0.648000,38.794000,-74.809000,-22.519000,34.08
2001146969,0.485000,0.538000,-0.608000,42.840000,-78.473000,-25.557000,34.04
2001157771,0.497000,0.569000,-0.708000,41.466000,-76.718000,-27.496000,34.08
2001165644,0.488000,0.589000,-0.661000,36.870000,-81.420000,-29.649000,34.04
2001173048,0.529000,0.563000,-0.674000,38.916000,-79.008000,-35.771000,33.99
2001184017,0.518000,0.574000,-0.699000,40.855000,-77.908000,-39.359000,34.04
2001197108,0.510000,0.552000,-0.711000,45.069000,-74.336000,-42.122000,34.04
2001209943,0.432000,0.551000,-0.749000,47.695000,-74.565000,-42.779000,34.08
2001215611,0.415000,0.554000,-0.712000,47.893000,-78.931000,-42.458000,34.18
2001227163,0.432000,0.559000,-0.811000,45.084000,-82.397000,-40.748000,34.18
2001238574,0.433000,0.536000,-0.775000,41.206000,-79.939000,-42.427000,34.13
2001247910,0.375000,0.527000,-0.767000,43.023000,-76.366000,-45.450000,34.08
2001256041,0.356000,0.532000,-0.832000,41.130000,-74.702000,-45.603000,33.94
2001267190,0.335000,0.524000,-0.812000,47.237000,-75.481000,-49.588000,34.08
2001276757,0.307000,0.542000,-0.770000,48.153000,-81.450000,-50.840000,34.13
2001283520,0.324000,0.538000,-0.767000,49.832000,-81.221000,-50.092000,34.08
2001299896,0.316000,0.529000,-0.850000,46.931000,-84.351000,-51.344000,34.04
2001309458,0.327000,0.474000,-0.846000,41.588000,-81.328000,-50.824000,34.08
2001317538,0.312000,0.446000,-0.773000,46.122000,-80.137000,-57.450000,33.94
2001327693,0.267000,0.478000,-0.818000,47.573000,-74.107000,-62.137000,34.08
2001341094,0.176000,0.454000,-0.844000,50.153000,-71.405000,-65.573000,34.13
2001346743,0.062000,0.511000,-0.764000,50.168000,-77.328000,-64.260000,34.13
2001356981,0.043000,0.588000,-0.791000,42.855000,-87.863000,-55.573000,34.08
2001366954,0.115000,0.526000,-0.808000,36.427000,-95.160000,-51.863000,34.08
2001376565,0.248000,0.417000,-0.771000,41.832000,-99.740000,-55.740000,34.08
2001383019,0.321000,0.354000,-0.846000,50.718000,-91.725000,-58.748000,34.04
2001396103,0.297000,0.329000,-0.888000,60.702000,-79.802000,-62.244000,33.99
2001408466,0.074000,0.368000,-0.831000,69.756000,-73.542000,-61.206000,34.04
2001418190,-0.100000,0.472000,-0.846000,67.191000,-82.443000,-54.977000,34.08
2001426476,-0.124000,0.459000,-0.865000,57.374000,-97.191000,-50.962000,34.04
2001441647,-0.138000,0.395000,-0.876000,51.664000,-106.351000,-49.969000,33.99
2001447367,-0.152000,0.363000,-0.869000,48.855000,-113.893000,-51.344000,34.04
2001457580,-0.105000,0.327000,-0.898000,48.000000,-117.878000,-54.260000,34.08
2001470848,-0.021000,0.267000,-0.910000,49.252000,-117.053000,-58.702000,34.04
2001479331,-0.041000,0.297000,-0.893000,54.901000,-112.336000,-61.664000,34.08
2001486730,-0.166000,0.375000,-0.896000,54.931000,-113.618000,-60.336000,34.08
2001493347,-0.203000,0.366000,-0.883000,50.824000,-121.344000,-57.298000,34.13
2001505511,-0.194000,0.337000,-0.880000,47.313000,-128.275000,-56.840000,34.08
2001517663,-0.125000,0.277000,-0.884000,46.550000,-127.405000,-59.756000,33.99
2001526420,-0.103000,0.231000,-0.913000,47.786000,-120.962000,-62.947000,34.08
2001540647,-0.172000,0.208000,-0.902000,51.176000,-113.618000,-64.397000,33.94
2001548201,-0.265000,0.198000,-0.888000,55.374000,-110.580000,-65.023000,34.08
2001555946,-0.366000,0.234000,-0.916000,56.305000,-113.267000,-63.359000,34.04
2001566428,-0.398000,0.237000,-0.896000,54.336000,-119.038000,-59.450000,34.08
2001580825,-0.389000,0.210000,-0.911000,52.580000,-120.473000,-57.634000,34.13
2001585490,-0.363000,0.184000,-0.911000,51.313000,-121.252000,-56.626000,34.08
2001596476,-0.281000,0.170000,-0.871000,53.313000,-114.366000,-59.588000,34.13
2001603578,-0.335000,0.193000,-0.885000,54.107000,-107.695000,-62.611000,34.08
2001617011,-0.384000,0.191000,-0.850000,54.092000,-103.084000,-65.206000,34.13
2001627127,-0.461000,0.209000,-0.850000,53.160000,-100.412000,-66.779000,34.13
2001636220,-0.559000,0.193000,-0.896000,52.015000,-103.267000,-64.031000,34.08
2001647941,-0.582000,0.168000,-0.865000,45.450000,-108.427000,-57.802000,34.04
2001655613,-0.517000,0.047000,-0.847000,47.817000,-113.863000,-53.664000,34.08
2001667158,-0.426000,0.058000,-0.863000,55.893000,-112.076000,-55.053000,34.08
2001676386,-0.519000,0.140000,-0.827000,59.481000,-104.855000,-54.061000,34.27
2001687248,-0.560000,0.177000,-0.837000,56.733000,-108.458000,-50.611000,34.04
2001694253,-0.539000,0.131000,-0.834000,56.687000,-107.954000,-54.275000,34.18
2001710182,-0.636000,0.114000,-0.846000,55.450000,-104.046000,-55.573000,34.04
2001719705,-0.739000,0.088000,-0.810000,50.870000,-106.824000,-52.168000,34.08
2001728358,-0.681000,0.075000,-0.766000,48.580000,-113.084000,-52.641000,33.94
2001739405,-0.669000,0.082000,-0.810000,46.901000,-113.313000,-51.847000,34.08
2001748399,-0.657000,0.026000,-0.812000,43.023000,-113.252000,-50.458000,34.13
2001757685,-0.646000,-0.014000,-0.735000,45.069000,-111.130000,-51.771000,34.08
2001768523,-0.625000,-0.027000,-0.706000,49.985000,-108.794000,-54.824000,33.99
2001778318,-0.664000,0.014000,-0.740000,55.344000,-101.252000,-56.947000,34.04
2001789968,-0.758000,0.040000,-0.683000,52.046000,-99.725000,-56.137000,33.99
2001793354,-0.744000,-0.008000,-0.726000,49.237000,-104.244000,-55.420000,34.04
2001803748,-0.733000,-0.020000,-0.678000,46.046000,-107.237000,-53.924000,34.08
2001817109,-0.709000,-0.079000,-0.643000,47.573000,-103.267000,-52.290000,33.99
2001832297,-0.700000,-0.107000,-0.638000,52.153000,-94.977000,-54.885000,33.99
2001834624,-0.774000,-0.104000,-0.640000,53.527000,-90.458000,-54.473000,34.04
2001846891,-0.799000,-0.115000,-0.621000,52.977000,-89.359000,-52.870000,33.99
2001858386,-0.793000,-0.120000,-0.627000,54.366000,-88.870000,-52.641000,34.13
2001867348,-0.845000,-0.103000,-0.592000,51.802000,-88.046000,-50.153000,33.99
2001876786,-0.824000,-0.124000,-0.576000,52.458000,-89.527000,-49.832000,34.13
2001884767,-0.817000,-0.130000,-0.583000,51.176000,-84.794000,-48.901000,33.99
2001895378,-0.842000,-0.159000,-0.549000,50.504000,-87.099000,-46.489000,34.13
2001907065,-0.823000,-0.166000,-0.522000,50.031000,-86.748000,-44.275000,34.08
2001913729,-0.865000,-0.136000,-0.490000,49.313000,-88.305000,-39.634000,34.13
2001927062,-0.807000,-0.140000,-0.481000,47.740000,-93.878000,-38.168000,34.04
2001936328,-0.714000,-0.161000,-0.481000,50.427000,-89.496000,-41.786000,34.08
2001947779,-0.777000,-0.165000,-0.442000,51.756000,-81.466000,-42.947000,34.13
2001958132,-0.871000,-0.174000,-0.418000,48.519000,-80.748000,-40.565000,34.08
2001965617,-0.861000,-0.230000,-0.415000,44.763000,-85.359000,-37.985000,34.04
2001978412,-0.832000,-0.282000,-0.392000,44.916000,-89.969000,-35.252000,33.99
2001990472,-0.817000,-0.294000,-0.340000,53.374000,-86.489000,-36.809000,34.13
2001995445,-0.885000,-0.249000,-0.385000,55.008000,-87.038000,-37.405000,33.99
2002004792,-0.845000,-0.224000,-0.366000,49.618000,-90.305000,-37.511000,34.04
2002016722,-0.845000,-0.247000,-0.323000,47.817000,-92.656000,-37.099000,34.08
2002024889,-0.899000,-0.233000,-0.367000,44.473000,-93.939000,-35.069000,34.04
2002037735,-0.887000,-0.241000,-0.342000,37.664000,-96.382000,-35.053000,33.99
2002046939,-0.823000,-0.373000,-0.303000,39.725000,-96.107000,-37.023000,34.08
2002056926,-0.844000,-0.368000,-0.279000,43.954000,-87.466000,-38.168000,34.13
2002070394,-0.845000,-0.339000,-0.275000,45.802000,-85.924000,-39.649000,34.08
2002073325,-0.885000,-0.352000,-0.260000,49.145000,-85.679000,-39.130000,34.04
2002090063,-0.908000,-0.331000,-0.275000,46.809000,-84.641000,-38.198000,33.99
2002099938,-0.888000,-0.353000,-0.204000,46.489000,-85.542000,-37.008000,34.13
2002104520,-0.861000,-0.347000,-0.212000,44.931000,-84.000000,-39.237000,34.08
2002114688,-0.931000,-0.396000,-0.203000,46.214000,-92.840000,-55.802000,33.94
2002127074,-0.836000,-0.391000,-0.180000,44.672000,-88.427000,-57.130000,34.18
2002140502,-0.794000,-0.404000,-0.158000,47.588000,-82.977000,-53.023000,34.04
2002146761,-0.782000,-0.390000,-0.137000,52.412000,-70.702000,-48.244000,33.99
2002156934,-0.824000,-0.362000,-0.178000,52.504000,-61.893000,-46.229000,33.99
2002167005,-0.891000,-0.370000,-0.157000,52.763000,-60.000000,-39.374000,34.13
2002175567,-0.924000,-0.377000,-0.142000,52.198000,-65.359000,-33.725000,33.99
2002186174,-0.903000,-0.378000,-0.128000,49.298000,-67.710000,-34.916000,33.99
2002196587,-0.821000,-0.432000,-0.067000,53.084000,-60.611000,-39.008000,33.89
2002206130,-0.801000,-0.434000,-0.080000,53.237000,-57.389000,-44.473000,34.04
2002212329,-0.835000,-0.529000,-0.084000,62.962000,-57.695000,-31.344000,33.99
2002225180,-0.872000,-0.361000,-0.096000,49.221000,-58.137000,-46.931000,34.04
2002237288,-0.841000,-0.435000,-0.015000,48.351000,-58.260000,-42.168000,34.08
2002247237,-0.805000,-0.441000,0.002000,52.092000,-55.908000,-44.168000,34.13
2002257884,-0.819000,-0.429000,0.012000,54.031000,-52.611000,-42.137000,34.18
2002268482,-0.814000,-0.448000,-0.017000,55.603000,-49.588000,-39.099000,34.22
2002276886,-0.820000,-0.469000,-0.003000,57.282000,-46.137000,-37.588000,34.04
2002287400,-0.861000,-0.458000,-0.011000,58.977000,-49.588000,-33.618000,33.99
2002297889,-0.775000,-0.460000,0.030000,60.046000,-48.687000,-33.924000,34.13
2002307003,-0.717000,-0.476000,0.058000,63.481000,-40.519000,-37.985000,33.99
2002316084,-0.824000,-0.411000,0.058000,61.557000,-38.687000,-35.435000,33.94
2002322534,-0.826000,-0.399000,0.039000,56.779000,-40.336000,-31.221000,34.08
2002335625,-0.813000,-0.419000,0.050000,51.649000,-42.412000,-25.038000,34.13
2002349675,-0.695000,-0.500000,0.109000,54.031000,-34.427000,-35.053000,34.08
2002355951,-0.793000,-0.458000,0.058000,53.466000,-27.985000,-36.366000,34.04
2002369389,-0.788000,-0.464000,0.079000,50.504000,-28.855000,-35.298000,34.08
2002379151,-0.789000,-0.466000,0.077000,51.069000,-28.214000,-30.153000,34.04
2002385694,-0.760000,-0.475000,0.113000,48.214000,-26.733000,-24.656000,33.99
2002397663,-0.747000,-0.471000,0.080000,41.282000,-17.618000,-26.031000,34.08
2002408075,-0.831000,-0.460000,0.101000,35.649000,-19.481000,-22.214000,33.99
2002414824,-0.854000,-0.451000,0.060000,30.718000,-20.504000,-16.061000,34.08
2002426445,-0.718000,-0.499000,0.126000,30.626000,-12.244000,-14.885000,34.04
2002436141,-0.726000,-0.524000,0.104000,34.947000,-2.565000,-18.763000,33.99
2002448737,-0.766000,-0.511000,0.069000,39.695000,0.122000,-17.588000,33.94
2002453846,-0.787000,-0.466000,0.020000,34.489000,3.985000,-18.153000,33.99
2002465987,-0.693000,-0.478000,0.078000,31.038000,5.374000,-18.550000,34.04
2002477741,-0.741000,-0.480000,0.068000,27.603000,6.214000,-17.511000,33.99
2002486589,-0.729000,-0.469000,0.088000,24.870000,9.191000,-17.038000,34.04
2002499664,-0.728000,-0.472000,0.148000,23.252000,12.534000,-16.656000,34.08
2002506257,-0.711000,-0.448000,0.155000,23.511000,17.359000,-16.244000,34.04
2002515113,-0.730000,-0.452000,0.172000,24.198000,22.061000,-15.527000,33.99
2002526463,-0.736000,-0.462000,0.160000,25.221000,25.099000,-14.137000,33.99
2002533252,-0.767000,-0.457000,0.154000,23.863000,26.214000,-12.550000,34.04
2002550693,-0.755000,-0.436000,0.148000,19.832000,24.733000,-11.328000,34.08
2002556680,-0.759000,-0.438000,0.162000,17.634000,21.878000,-8.061000,34.08
2002567362,-0.749000,-0.446000,0.157000,14.198000,20.595000,-6.275000,34.08
2002577377,-0.729000,-0.477000,0.168000,13.450000,20.611000,-4.794000,34.13
2002584744,-0.726000,-0.473000,0.190000,14.168000,20.153000,-3.878000,34.08
2002595996,-0.739000,-0.464000,0.181000,12.962000,19.511000,-2.626000,34.04
2002608903,-0.738000,-0.468000,0.155000,11.740000,16.855000,-0.656000,33.99
2002616424,-0.738000,-0.445000,0.159000,8.763000,14.290000,0.107000,34.04
2002627020,-0.757000,-0.435000,0.154000,3.221000,8.275000,2.107000,34.08
2002634936,-0.730000,-0.449000,0.183000,-0.351000,3.389000,4.443000,34.04
2002647453,-0.689000,-0.444000,0.169000,-3.771000,2.656000,4.015000,34.04
2002657898,-0.698000,-0.452000,0.193000,-6.489000,2.061000,4.519000,34.08
2002668960,-0.681000,-0.494000,0.185000,-5.863000,2.595000,4.595000,34.04
2002677525,-0.656000,-0.523000,0.180000,-2.458000,5.328000,3.282000,33.99
2002687814,-0.686000,-0.511000,0.158000,-0.305000,6.611000,2.702000,34.04
2002694679,-0.722000,-0.494000,0.161000,-1.756000,3.908000,3.313000,34.08
2002707757,-0.729000,-0.468000,0.164000,-4.427000,0.260000,4.107000,34.04
2002717638,-0.710000,-0.469000,0.164000,-7.252000,-2.580000,4.458000,33.99
2002724468,-0.703000,-0.476000,0.171000,-9.359000,-4.061000,4.244000,34.04
2002735755,-0.697000,-0.476000,0.200000,-10.748000,-4.626000,3.435000,33.99
2002746071,-0.671000,-0.479000,0.213000,-11.435000,-4.366000,1.878000,34.13
2002757476,-0.668000,-0.511000,0.213000,-8.336000,-3.573000,1.573000,33.99
2002766969,-0.661000,-0.534000,0.178000,-5.542000,-1.954000,0.260000,33.99
2002779442,-0.688000,-0.488000,0.165000,-7.328000,-2.733000,-0.718000,34.08
2002786532,-0.703000,-0.480000,0.161000,-9.481000,-5.038000,-0.015000,33.99
2002795583,-0.709000,-0.468000,0.165000,-11.634000,-5.435000,-0.397000,33.94
2002806802,-0.711000,-0.458000,0.185000,-13.191000,-5.985000,-0.611000,34.08
2002819048,-0.696000,-0.470000,0.198000,-14.137000,-6.122000,-0.870000,34.04
2002824200,-0.669000,-0.479000,0.200000,-14.153000,-4.153000,-1.466000,34.08
2002835717,-0.676000,-0.484000,0.209000,-12.519000,-1.756000,-2.885000,34.04
2002842436,-0.685000,-0.491000,0.198000,-11.481000,-0.824000,-3.863000,33.99
2002856710,-0.711000,-0.469000,0.185000,-11.908000,-2.260000,-2.947000,34.04
2002867256,-0.703000,-0.465000,0.177000,-13.176000,-3.359000,-2.168000,34.08
2002877342,-0.697000,-0.469000,0.180000,-14.290000,-3.084000,-2.015000,34.08
2002889799,-0.696000,-0.468000,0.193000,-14.809000,-2.840000,-1.481000,34.13
2002894973,-0.708000,-0.462000,0.194000,-14.855000,-1.420000,-1.466000,34.08
2002906198,-0.717000,-0.461000,0.207000,-14.840000,-1.069000,-1.237000,34.13
2002917954,-0.704000,-0.467000,0.201000,-14.183000,0.458000,-1.237000,33.99
2002925507,-0.686000,-0.493000,0.215000,-12.275000,2.351000,-2.015000,34.04
2002935476,-0.696000,-0.487000,0.204000,-10.763000,3.313000,-2.000000,34.18
2002942607,-0.721000,-0.482000,0.183000,-11.023000,1.588000,-0.962000,34.04
2002958082,-0.717000,-0.469000,0.197000,-11.756000,-1.038000,0.550000,34.08
2002967483,-0.702000,-0.467000,0.194000,-11.878000,-1.237000,0.855000,34.04
2002975053,-0.717000,-0.465000,0.189000,-11.618000,0.183000,0.962000,34.08
2002989279,-0.735000,-0.466000,0.198000,-12.229000,-0.458000,1.618000,34.04
2002997178,-0.734000,-0.465000,0.189000,-13.542000,-1.573000,2.550000,33.99
2003007715,-0.692000,-0.490000,0.233000,-12.153000,-0.504000,2.489000,34.08
2003017714,-0.676000,-0.500000,0.197000,-9.573000,2.351000,0.641000,34.04
2003026690,-0.718000,-0.493000,0.141000,-9.282000,4.153000,0.855000,33.89
2003036381,-0.738000,-0.475000,0.169000,-12.061000,1.985000,2.718000,34.13
2003043345,-0.697000,-0.471000,0.195000,-12.824000,0.519000,3.511000,34.08
2003060012,-0.694000,-0.460000,0.206000,-12.473000,2.031000,3.649000,34.04
2003070457,-0.695000,-0.467000,0.181000,-13.084000,4.351000,2.473000,33.99
2003076362,-0.727000,-0.469000,0.178000,-13.649000,4.824000,1.908000,34.04
2003088638,-0.735000,-0.465000,0.181000,-14.153000,4.489000,3.206000,34.08
2003099662,-0.695000,-0.494000,0.192000,-14.244000,5.405000,3.817000,34.04
2003106575,-0.703000,-0.508000,0.156000,-12.916000,9.557000,2.748000,34.08
2003117931,-0.726000,-0.502000,0.163000,-12.718000,11.176000,3.511000,34.04
2003128694,-0.712000,-0.499000,0.158000,-11.756000,10.351000,4.870000,34.08
2003133225,-0.719000,-0.450000,0.189000,-14.931000,9.557000,4.794000,33.99
2003144312,-0.710000,-0.434000,0.170000,-15.756000,8.626000,5.450000,33.99
2003156696,-0.721000,-0.441000,0.165000,-17.634000,9.939000,6.382000,33.99
2003168419,-0.713000,-0.474000,0.147000,-18.412000,11.710000,5.191000,34.04
2003176327,-0.732000,-0.500000,0.135000,-14.870000,13.527000,6.046000,34.08
2003185037,-0.738000,-0.478000,0.117000,-16.366000,15.221000,5.573000,34.04
2003197692,-0.764000,-0.472000,0.100000,-18.580000,13.740000,7.038000,33.99
2003207508,-0.761000,-0.459000,0.118000,-21.023000,10.214000,9.435000,34.04
2003219062,-0.737000,-0.465000,0.121000,-22.534000,10.672000,9.573000,34.18
2003226386,-0.732000,-0.451000,0.126000,-22.000000,12.061000,9.527000,33.94
2003233898,-0.716000,-0.438000,0.153000,-23.740000,13.237000,8.733000,34.08
2003244944,-0.696000,-0.499000,0.144000,-21.985000,13.725000,9.924000,34.04
2003257405,-0.694000,-0.523000,0.121000,-17.908000,17.130000,10.443000,34.08
2003267922,-0.727000,-0.493000,0.104000,-14.672000,16.321000,9.908000,34.04
2003275996,-0.730000,-0.450000,0.104000,-17.649000,16.595000,7.405000,34.08
2003292412,-0.774000,-0.464000,0.068000,-19.267000,11.130000,7.420000,34.08
2003300161,-0.757000,-0.460000,0.101000,-22.427000,11.160000,7.160000,34.08
2003307029,-0.760000,-0.453000,0.113000,-23.359000,8.244000,8.000000,34.08
2003316849,-0.731000,-0.448000,0.120000,-25.664000,7.939000,8.031000,34.04
2003326340,-0.712000,-0.460000,0.116000,-27.695000,7.466000,6.626000,34.08
2003337637,-0.703000,-0.496000,0.092000,-27.893000,8.107000,8.305000,34.04
2003345251,-0.674000,-0.513000,0.098000,-26.519000,10.824000,7.893000,34.08
2003352314,-0.698000,-0.503000,0.095000,-23.267000,14.214000,7.557000,34.04
2003368679,-0.710000,-0.469000,0.097000,-22.031000,15.618000,6.473000,33.99
2003379322,-0.730000,-0.441000,0.094000,-23.038000,18.168000,5.298000,33.94
2003386197,-0.738000,-0.438000,0.097000,-25.954000,17.282000,6.137000,33.99
2003398740,-0.731000,-0.463000,0.111000,-25.786000,17.389000,6.748000,33.94
2003405288,-0.727000,-0.490000,0.054000,-23.634000,18.305000,7.405000,33.99
2003415008,-0.727000,-0.499000,0.062000,-19.649000,20.718000,7.985000,34.04
2003427389,-0.741000,-0.456000,0.076000,-19.466000,22.702000,5.466000,34.08
2003437808,-0.758000,-0.414000,0.036000,-23.328000,23.740000,5.969000,34.08
2003445579,-0.770000,-0.435000,0.021000,-26.580000,22.885000,8.336000,33.99
2003452539,-0.768000,-0.436000,0.053000,-29.359000,23.038000,7.252000,33.99
2003466801,-0.781000,-0.459000,0.052000,-29.435000,23.588000,7.511000,34.04
2003477415,-0.759000,-0.452000,0.065000,-29.786000,25.023000,7.740000,34.08
2003484953,-0.743000,-0.484000,0.045000,-25.924000,27.893000,9.908000,34.04
2003500495,-0.753000,-0.481000,0.009000,-23.756000,29.023000,11.221000,34.08
2003510676,-0.762000,-0.474000,-0.010000,-23.634000,29.374000,13.008000,34.04
2003514843,-0.740000,-0.452000,0.031000,-22.076000,32.290000,12.061000,34.08
2003527435,-0.752000,-0.456000,-0.008000,-21.450000,38.275000,12.748000,34.04
2003536137,-0.812000,-0.426000,-0.021000,-23.252000,37.328000,11.969000,34.08
2003545730,-0.825000,-0.421000,-0.013000,-25.771000,35.847000,12.351000,34.04
2003550964,-0.802000,-0.431000,-0.043000,-28.305000,35.634000,12.412000,34.04
2003568615,-0.794000,-0.445000,-0.040000,-26.824000,38.718000,13.130000,34.08
2003581549,-0.813000,-0.416000,-0.097000,-30.382000,37.023000,12.947000,34.04
2003586603,-0.794000,-0.444000,-0.097000,-32.931000,38.107000,12.992000,33.99
2003597966,-0.778000,-0.462000,-0.082000,-32.412000,39.725000,13.420000,33.99
2003611011,-0.794000,-0.437000,-0.064000,-35.099000,40.412000,14.382000,34.08
2003615539,-0.776000,-0.424000,-0.039000,-36.351000,41.359000,16.061000,34.04
2003627358,-0.737000,-0.424000,-0.006000,-34.183000,43.664000,14.229000,33.99
2003637685,-0.741000,-0.419000,-0.067000,-30.519000,46.214000,14.244000,34.04
2003648619,-0.739000,-0.409000,-0.126000,-28.519000,44.931000,13.573000,33.99
2003655815,-0.772000,-0.440000,-0.129000,-25.618000,46.260000,13.359000,34.04
2003662637,-0.788000,-0.439000,-0.134000,-25.344000,46.733000,14.168000,34.08
2003679946,-0.729000,-0.428000,-0.116000,-24.382000,51.359000,12.656000,34.04
2003689622,-0.801000,-0.398000,-0.117000,-23.542000,55.420000,13.450000,34.08
2003696149,-0.843000,-0.378000,-0.138000,-26.504000,54.046000,14.397000,34.08
2003709258,-0.820000,-0.378000,-0.156000,-29.069000,53.939000,14.885000,34.04
2003719318,-0.802000,-0.417000,-0.161000,-29.573000,55.756000,16.153000,34.08
2003726481,-0.778000,-0.420000,-0.145000,-27.252000,56.107000,16.412000,34.04
2003736745,-0.823000,-0.369000,-0.211000,-27.023000,55.802000,16.244000,34.08
2003745540,-0.798000,-0.408000,-0.180000,-27.374000,54.885000,14.855000,33.94
2003754945,-0.778000,-0.407000,-0.186000,-24.992000,54.763000,13.954000,34.08
2003766598,-0.782000,-0.405000,-0.214000,-23.863000,58.076000,12.779000,34.04
2003777548,-0.819000,-0.349000,-0.236000,-25.206000,56.046000,13.985000,34.08
2003787183,-0.796000,-0.371000,-0.225000,-26.519000,56.290000,15.618000,34.04
2003795489,-0.766000,-0.400000,-0.249000,-25.557000,57.634000,16.595000,34.08
2003806845,-0.778000,-0.380000,-0.251000,-24.015000,57.557000,17.389000,34.04
2003823321,-0.785000,-0.363000,-0.266000,-23.191000,59.023000,16.794000,34.08
2003825635,-0.793000,-0.340000,-0.279000,-25.466000,60.611000,17.237000,34.04
2003835807,-0.785000,-0.368000,-0.282000,-27.496000,60.656000,15.557000,34.04
2003849293,-0.820000,-0.330000,-0.310000,-26.107000,59.756000,13.557000,33.99
2003857679,-0.836000,-0.339000,-0.321000,-29.908000,57.710000,15.786000,34.13
2003865367,-0.815000,-0.366000,-0.342000,-31.756000,56.748000,16.031000,34.08
2003871057,-0.805000,-0.374000,-0.337000,-30.870000,58.473000,16.870000,34.13
2003890954,-0.810000,-0.374000,-0.317000,-30.794000,56.901000,19.344000,33.99
2003899610,-0.787000,-0.339000,-0.342000,-31.160000,57.679000,20.031000,34.04
2003906222,-0.774000,-0.317000,-0.351000,-32.305000,56.947000,20.015000,34.08
2003920459,-0.779000,-0.308000,-0.359000,-34.198000,57.221000,18.916000,34.04
2003926458,-0.728000,-0.299000,-0.386000,-36.275000,59.359000,17.038000,34.08
2003936340,-0.809000,-0.304000,-0.422000,-37.878000,57.786000,18.595000,34.04
2003950075,-0.799000,-0.350000,-0.392000,-38.672000,54.809000,20.397000,34.18
2003960151,-0.771000,-0.354000,-0.386000,-35.557000,54.824000,21.863000,34.13
2003964235,-0.770000,-0.313000,-0.426000,-34.519000,54.443000,21.863000,34.08
2003975730,-0.733000,-0.316000,-0.393000,-32.458000,49.344000,19.221000,34.04
2003982542,-0.771000,-0.288000,-0.433000,-38.412000,55.649000,22.794000,34.04
2003998192,-0.768000,-0.270000,-0.455000,-40.641000,55.954000,19.939000,33.99
2004006830,-0.769000,-0.286000,-0.443000,-41.405000,48.015000,19.084000,34.04
2004017292,-0.770000,-0.317000,-0.457000,-44.427000,50.885000,22.260000,33.99
2004028663,-0.765000,-0.306000,-0.462000,-42.916000,48.733000,23.176000,34.13
2004035200,-0.762000,-0.293000,-0.473000,-42.763000,45.359000,23.267000,34.08
2004045448,-0.746000,-0.301000,-0.477000,-43.160000,42.916000,23.099000,34.04
2004058456,-0.713000,-0.275000,-0.458000,-42.412000,42.473000,21.954000,33.99
2004065974,-0.705000,-0.250000,-0.474000,-42.321000,42.427000,20.947000,34.04
2004074410,-0.676000,-0.245000,-0.464000,-42.718000,42.168000,20.061000,33.99
2004090315,-0.672000,-0.255000,-0.488000,-41.313000,43.176000,20.809000,34.13
2004095375,-0.661000,-0.253000,-0.500000,-40.824000,45.130000,19.664000,34.08
2004105563,-0.675000,-0.277000,-0.515000,-37.893000,44.336000,19.710000,33.99
2004115151,-0.693000,-0.274000,-0.538000,-37.130000,44.687000,19.511000,34.08
2004130359,-0.708000,-0.285000,-0.509000,-33.527000,41.847000,16.519000,34.08
2004139549,-0.738000,-0.278000,-0.507000,-30.168000,44.534000,19.328000,34.04
2004143281,-0.679000,-0.247000,-0.507000,-28.733000,42.580000,18.092000,34.08
2004156884,-0.668000,-0.218000,-0.509000,-26.550000,44.107000,17.344000,34.04
2004166578,-0.635000,-0.219000,-0.526000,-25.756000,44.855000,15.527000,34.08
2004174035,-0.646000,-0.203000,-0.538000,-25.084000,46.626000,13.542000,34.04
2004185385,-0.664000,-0.164000,-0.549000,-26.290000,46.153000,12.229000,34.08
2004192982,-0.651000,-0.196000,-0.538000,-25.481000,47.679000,9.130000,34.04
2004206266,-0.659000,-0.173000,-0.562000,-24.168000,46.733000,7.069000,34.08
2004216549,-0.656000,-0.181000,-0.564000,-23.359000,47.282000,8.000000,34.04
2004226421,-0.690000,-0.171000,-0.600000,-20.779000,45.954000,8.702000,34.08
2004240468,-0.685000,-0.188000,-0.601000,-19.176000,44.992000,8.763000,34.18
2004247073,-0.665000,-0.175000,-0.606000,-18.412000,44.000000,8.992000,34.13
2004258111,-0.656000,-0.155000,-0.640000,-18.183000,46.626000,7.237000,34.08
2004266481,-0.708000,-0.132000,-0.623000,-22.397000,42.794000,8.763000,34.08
2004277863,-0.685000,-0.113000,-0.602000,-23.481000,42.244000,7.847000,33.99
2004284855,-0.667000,-0.100000,-0.643000,-26.321000,41.344000,7.863000,34.04
2004297038,-0.631000,-0.156000,-0.633000,-25.603000,37.847000,8.031000,33.99
2004311005,-0.630000,-0.171000,-0.671000,-21.634000,39.863000,8.443000,34.04
2004318988,-0.645000,-0.146000,-0.661000,-19.679000,37.328000,10.794000,33.99
2004325578,-0.651000,-0.118000,-0.683000,-19.740000,38.855000,11.664000,34.13
2004337945,-0.682000,-0.092000,-0.672000,-22.870000,35.969000,13.786000,33.99
2004348113,-0.645000,-0.094000,-0.653000,-24.198000,35.588000,14.519000,34.04
2004355443,-0.637000,-0.078000,-0.677000,-25.710000,34.763000,15.985000,33.99
2004368259,-0.642000,-0.082000,-0.690000,-26.290000,32.702000,16.595000,34.04
2004378029,-0.625000,-0.100000,-0.697000,-25.863000,29.786000,17.679000,34.08
2004383869,-0.625000,-0.116000,-0.729000,-23.695000,29.527000,19.344000,33.94
2004395623,-0.643000,-0.111000,-0.737000,-22.397000,27.435000,21.344000,34.08
2004412339,-0.672000,-0.081000,-0.718000,-23.908000,26.305000,23.374000,34.08
2004419014,-0.636000,-0.044000,-0.688000,-25.527000,17.481000,21.115000,34.08
2004426811,-0.642000,-0.030000,-0.700000,-32.382000,18.763000,24.992000,34.08
2004436148,-0.639000,-0.037000,-0.725000,-35.527000,17.588000,25.221000,34.13
2004452263,-0.614000,-0.053000,-0.698000,-35.282000,15.573000,24.351000,33.89
2004457279,-0.596000,-0.062000,-0.744000,-34.244000,14.580000,24.366000,34.13
2004466081,-0.571000,-0.110000,-0.729000,-31.649000,14.489000,23.588000,34.08
2004478449,-0.608000,-0.086000,-0.737000,-27.588000,14.611000,24.595000,34.04
2004485969,-0.583000,-0.056000,-0.703000,-25.985000,12.733000,24.336000,33.99
2004494264,-0.560000,-0.032000,-0.740000,-26.733000,13.496000,24.046000,34.04
2004506213,-0.602000,-0.011000,-0.687000,-27.298000,16.061000,23.908000,34.08
2004520712,-0.587000,-0.015000,-0.701000,-29.023000,14.382000,25.573000,34.04
2004528393,-0.527000,-0.058000,-0.724000,-27.939000,17.221000,24.046000,34.08
2004538309,-0.544000,-0.073000,-0.719000,-22.916000,20.748000,25.252000,34.13
2004548362,-0.544000,-0.087000,-0.742000,-19.557000,22.214000,23.145000,34.08
2004556720,-0.587000,-0.044000,-0.735000,-15.847000,24.275000,23.069000,34.08
2004568676,-0.601000,-0.021000,-0.717000,-14.824000,22.763000,21.863000,34.08
2004578014,-0.578000,0.012000,-0.714000,-15.237000,23.359000,19.786000,33.99
2004587832,-0.589000,0.011000,-0.737000,-17.237000,24.870000,18.672000,34.04
2004593567,-0.583000,0.012000,-0.730000,-19.237000,25.130000,16.122000,33.99
2004605259,-0.561000,0.027000,-0.758000,-21.359000,27.084000,14.305000,34.04
2004617728,-0.553000,-0.010000,-0.723000,-20.107000,25.481000,13.282000,34.08
2004629135,-0.520000,-0.006000,-0.748000,-17.557000,26.260000,11.695000,34.04
2004636566,-0.528000,-0.015000,-0.736000,-14.366000,26.611000,11.145000,33.99
2004647106,-0.548000,0.005000,-0.762000,-12.168000,26.977000,11.221000,34.04
2004658831,-0.539000,0.021000,-0.733000,-12.489000,26.519000,10.290000,34.08
2004667788,-0.538000,0.064000,-0.745000,-12.198000,26.824000,8.840000,34.04
2004679513,-0.517000,0.050000,-0.790000,-15.527000,27.832000,8.031000,34.08
2004688422,-0.553000,0.010000,-0.795000,-15.756000,28.885000,7.863000,34.04
2004695673,-0.548000,0.004000,-0.782000,-15.725000,27.237000,8.565000,34.08
2004704736,-0.523000,0.000000,-0.765000,-13.664000,26.504000,8.351000,34.08
2004719701,-0.513000,0.035000,-0.789000,-12.031000,28.092000,8.504000,33.99
2004729785,-0.515000,0.080000,-0.795000,-11.924000,29.221000,8.473000,34.08
2004738914,-0.481000,0.059000,-0.797000,-12.504000,25.969000,4.672000,34.04
2004745489,-0.551000,0.048000,-0.792000,-17.053000,28.351000,9.221000,33.99
2004757800,-0.520000,0.065000,-0.806000,-16.305000,27.206000,8.550000,34.04
2004764273,-0.502000,0.064000,-0.827000,-16.473000,26.351000,8.412000,33.99
2004776717,-0.509000,0.056000,-0.806000,-16.046000,24.779000,8.687000,34.04
2004786372,-0.498000,0.091000,-0.823000,-16.229000,23.099000,6.947000,34.08
2004797551,-0.477000,0.131000,-0.810000,-18.626000,23.374000,4.534000,34.04
2004805278,-0.526000,0.122000,-0.824000,-22.382000,22.611000,6.702000,33.99
2004812089,-0.474000,0.061000,-0.789000,-22.611000,20.397000,7.267000,34.13
2004825225,-0.467000,0.055000,-0.804000,-19.420000,20.473000,8.550000,34.08
2004837150,-0.448000,0.080000,-0.816000,-16.840000,19.023000,9.649000,34.13
2004847732,-0.432000,0.091000,-0.849000,-14.321000,18.061000,9.893000,33.99
2004860276,-0.488000,0.085000,-0.827000,-13.298000,20.718000,11.863000,33.99
2004864956,-0.494000,0.111000,-0.815000,-14.824000,21.191000,11.802000,34.08
2004876122,-0.492000,0.144000,-0.828000,-17.725000,22.427000,7.389000,33.99
2004887813,-0.487000,0.141000,-0.829000,-21.221000,17.878000,5.847000,34.04
2004896584,-0.521000,0.116000,-0.838000,-22.748000,18.733000,7.420000,34.08
2004905339,-0.482000,0.065000,-0.819000,-21.099000,17.145000,7.099000,34.04
2004912210,-0.433000,0.068000,-0.812000,-16.321000,16.107000,7.389000,33.99
2004928333,-0.406000,0.088000,-0.823000,-12.748000,17.817000,8.641000,34.04
2004937150,-0.424000,0.112000,-0.849000,-10.962000,19.496000,9.252000,34.08
2004946433,-0.375000,0.107000,-0.813000,-9.802000,16.351000,5.160000,34.04
2004958506,-0.480000,0.118000,-0.829000,-10.779000,23.771000,7.557000,34.08
2004969175,-0.459000,0.128000,-0.864000,-12.229000,22.076000,5.221000,34.04
2004976803,-0.491000,0.098000,-0.827000,-13.023000,20.198000,5.679000,33.99
2004986869,-0.477000,0.131000,-0.864000,-12.855000,21.282000,5.908000,34.04
2004996753,-0.495000,0.091000,-0.852000,-12.916000,19.588000,5.802000,34.04
2005007192,-0.456000,0.074000,-0.854000,-13.282000,18.076000,6.183000,34.08
2005012477,-0.441000,0.083000,-0.846000,-11.542000,18.290000,6.977000,34.08
2005026415,-0.406000,0.106000,-0.837000,-9.038000,20.947000,4.489000,33.99
2005038774,-0.469000,0.145000,-0.860000,-10.290000,19.802000,6.336000,33.94
2005049029,-0.445000,0.104000,-0.866000,-10.779000,19.420000,6.061000,34.08
2005056078,-0.455000,0.095000,-0.860000,-9.664000,19.939000,5.176000,34.04
2005067531,-0.481000,0.118000,-0.865000,-10.519000,19.389000,5.740000,34.08
2005077586,-0.470000,0.105000,-0.864000,-12.137000,16.458000,5.756000,34.04
2005088488,-0.453000,0.090000,-0.860000,-11.420000,13.802000,5.664000,33.99
2005096660,-0.444000,0.092000,-0.869000,-9.756000,12.794000,4.977000,34.04
2005106560,-0.450000,0.130000,-0.850000,-10.076000,10.595000,4.763000,34.08
2005114696,-0.416000,0.178000,-0.816000,-9.954000,10.168000,3.405000,34.04
2005125471,-0.385000,0.203000,-0.835000,-11.160000,10.947000,1.145000,34.08
2005141580,-0.339000,0.165000,-0.827000,-10.000000,13.298000,-0.947000,34.04
2005148555,-0.387000,0.154000,-0.847000,-9.405000,13.618000,-0.473000,34.04
2005156707,-0.396000,0.115000,-0.862000,-6.305000,11.679000,0.687000,34.08
2005170720,-0.369000,0.126000,-0.842000,-4.015000,10.519000,1.588000,33.99
2005178054,-0.406000,0.153000,-0.869000,-3.771000,11.115000,3.771000,34.08
2005183655,-0.390000,0.147000,-0.832000,-3.573000,12.443000,2.183000,34.13
2005197733,-0.439000,0.187000,-0.833000,-5.603000,7.221000,4.137000,34.08
2005206793,-0.363000,0.187000,-0.832000,-6.443000,7.053000,1.634000,33.94
2005214909,-0.404000,0.153000,-0.868000,-6.611000,7.573000,0.565000,34.08
2005226477,-0.383000,0.120000,-0.848000,-5.115000,8.534000,-0.672000,34.13
2005237793,-0.399000,0.137000,-0.870000,-3.863000,9.038000,-1.618000,34.08
2005248576,-0.375000,0.152000,-0.863000,-3.695000,10.305000,-2.076000,34.04
2005256031,-0.419000,0.138000,-0.858000,-2.779000,8.580000,-1.221000,34.08
2005267493,-0.426000,0.190000,-0.912000,-5.664000,8.305000,0.351000,34.04
2005277471,-0.410000,0.117000,-0.893000,-6.656000,8.229000,1.206000,34.08
2005285689,-0.401000,0.120000,-0.882000,-4.992000,9.450000,1.130000,34.08
2005296731,-0.398000,0.139000,-0.903000,-3.588000,10.565000,1.344000,34.04
2005308199,-0.411000,0.142000,-0.903000,-4.015000,10.244000,1.313000,33.99
2005316967,-0.397000,0.161000,-0.899000,-4.351000,10.305000,0.595000,34.08
2005322567,-0.404000,0.185000,-0.906000,-5.817000,10.275000,-0.137000,34.08
2005335883,-0.408000,0.186000,-0.907000,-8.397000,10.305000,0.519000,34.04
2005350467,-0.399000,0.184000,-0.894000,-9.664000,9.725000,0.504000,34.08
2005359172,-0.383000,0.183000,-0.895000,-10.260000,10.397000,0.947000,33.94
2005366438,-0.375000,0.163000,-0.904000,-8.779000,11.832000,1.420000,33.99
2005379776,-0.375000,0.177000,-0.903000,-6.916000,12.229000,1.893000,34.13
2005388464,-0.336000,0.166000,-0.902000,-5.435000,13.160000,1.221000,34.08
2005395391,-0.367000,0.194000,-0.921000,-6.260000,13.267000,3.176000,34.13
2005405129,-0.407000,0.217000,-0.911000,-6.168000,13.649000,2.122000,34.08
2005417391,-0.399000,0.262000,-0.935000,-9.023000,13.649000,3.069000,34.04
2005424065,-0.422000,0.233000,-0.953000,-14.290000,12.855000,3.221000,34.08
2005435730,-0.339000,0.149000,-0.938000,-14.702000,15.374000,1.038000,34.13
2005447198,-0.373000,0.160000,-0.928000,-9.298000,19.847000,0.947000,34.13
2005462289,-0.404000,0.186000,-0.935000,-9.328000,18.672000,2.519000,34.08
2005464083,-0.371000,0.175000,-0.933000,-8.473000,19.115000,3.405000,34.08
2005476017,-0.370000,0.171000,-0.944000,-5.832000,20.931000,3.618000,34.08
2005488079,-0.357000,0.181000,-0.924000,-8.214000,22.137000,6.916000,34.04
2005494281,-0.343000,0.163000,-0.945000,-5.557000,24.748000,9.420000,33.99
2005507854,-0.339000,0.143000,-0.923000,-3.649000,28.794000,10.641000,34.04
2005516942,-0.335000,0.134000,-0.942000,-0.351000,30.672000,13.252000,34.08
2005524948,-0.296000,0.113000,-0.942000,5.038000,37.053000,10.779000,34.13
2005536722,-0.381000,0.153000,-0.936000,4.061000,35.969000,13.740000,34.08
2005543751,-0.361000,0.176000,-0.925000,5.679000,39.496000,12.351000,34.04
2005557046,-0.398000,0.182000,-0.948000,2.107000,39.053000,13.221000,33.99
2005566661,-0.408000,0.176000,-0.920000,-0.321000,38.260000,11.634000,33.99
2005578105,-0.406000,0.192000,-0.925000,-2.275000,36.076000,10.260000,34.04
2005590923,-0.375000,0.199000,-0.977000,-8.229000,35.557000,10.611000,34.08
2005595639,-0.226000,0.134000,-0.882000,-3.206000,39.527000,5.969000,34.04
2005607350,-0.358000,0.187000,-0.987000,0.046000,41.786000,8.046000,34.08
2005617390,-0.352000,0.164000,-0.951000,-4.366000,38.137000,12.931000,34.04
2005626820,-0.295000,0.151000,-0.937000,-1.527000,43.908000,10.977000,34.08
2005632356,-0.324000,0.200000,-0.977000,-4.061000,40.687000,13.969000,34.04
2005644228,-0.327000,0.200000,-0.983000,-5.298000,41.359000,14.718000,33.99
2005658625,-0.320000,0.165000,-0.987000,-6.870000,41.863000,14.366000,34.04
2005668989,-0.341000,0.170000,-1.000000,-6.137000,40.947000,16.107000,33.99
2005675670,-0.361000,0.201000,-1.039000,-9.863000,35.939000,19.618000,34.04
2005689340,-0.286000,0.218000,-0.980000,-11.389000,35.573000,19.649000,33.99
2005697839,-0.321000,0.310000,-1.020000,-16.305000,36.382000,19.145000,33.99
2005708644,-0.277000,0.289000,-1.014000,-23.130000,35.038000,18.885000,34.04
2005718151,-0.235000,0.210000,-0.967000,-23.908000,32.901000,16.718000,33.99
2005727353,-0.232000,0.208000,-1.017000,-24.351000,33.466000,17.771000,34.13
2005732893,-0.209000,0.164000,-0.977000,-21.237000,33.252000,18.229000,34.08
2005744164,-0.169000,0.221000,-0.987000,-18.855000,35.252000,19.145000,34.04
2005760483,-0.182000,0.256000,-1.020000,-21.237000,39.344000,21.282000,34.18
2005770597,-0.218000,0.206000,-0.991000,-24.977000,37.145000,22.351000,34.13
2005776637,-0.161000,0.195000,-0.993000,-23.756000,41.053000,21.221000,34.18
2005789924,-0.185000,0.248000,-1.037000,-24.611000,44.000000,18.794000,34.13
2005797362,-0.202000,0.229000,-1.050000,-27.588000,41.618000,19.252000,34.08
2005806459,-0.149000,0.207000,-1.038000,-27.237000,45.115000,18.061000,34.04
2005819447,-0.217000,0.257000,-1.020000,-27.588000,42.672000,17.053000,34.04
2005826069,-0.151000,0.262000,-1.041000,-31.450000,39.908000,18.305000,33.99
2005836927,0.013000,0.208000,-1.023000,-30.763000,48.519000,15.359000,34.08
2005843825,-0.131000,0.261000,-1.057000,-25.237000,55.573000,12.565000,33.99
2005858167,-0.045000,0.282000,-1.009000,-25.878000,56.672000,10.076000,34.04
2005870941,-0.049000,0.316000,-1.059000,-25.893000,62.519000,6.397000,33.99
2005876270,-0.128000,0.327000,-1.090000,-27.786000,64.351000,4.550000,34.04
2005886939,-0.124000,0.281000,-0.964000,-22.687000,51.496000,0.321000,34.08
2005897478,-0.171000,0.276000,-1.077000,-35.038000,56.015000,10.275000,34.04
2005905724,-0.032000,0.250000,-1.011000,-31.359000,58.550000,9.313000,34.08
2005915562,-0.013000,0.317000,-1.053000,-29.435000,63.328000,8.107000,33.94
2005925119,-0.061000,0.297000,-1.108000,-31.038000,64.092000,8.794000,34.13
2005936902,-0.083000,0.309000,-1.063000,-31.649000,64.534000,9.313000,33.99
2005943750,-0.077000,0.348000,-1.066000,-33.725000,60.992000,10.015000,34.04
2005955635,-0.084000,0.334000,-1.073000,-38.122000,58.397000,12.336000,34.08
2005969179,-0.093000,0.260000,-1.041000,-38.870000,56.656000,13.099000,34.13
2005977266,-0.064000,0.266000,-1.016000,-41.496000,51.176000,14.977000,33.99
2005988159,-0.024000,0.280000,-1.024000,-43.496000,51.863000,17.588000,34.04
2005997281,0.078000,0.297000,-0.957000,-42.626000,52.214000,13.847000,33.99
2006006336,0.054000,0.411000,-1.029000,-43.267000,53.420000,14.244000,34.04
2006016313,0.004000,0.385000,-0.997000,-47.359000,57.160000,13.145000,34.08
2006025753,0.015000,0.354000,-0.991000,-49.298000,54.198000,12.427000,34.13
2006036956,0.015000,0.361000,-1.015000,-52.718000,53.649000,14.382000,34.13
2006043761,-0.003000,0.335000,-0.969000,-54.092000,50.855000,17.939000,34.08
2006055635,0.026000,0.319000,-0.981000,-54.885000,48.595000,20.412000,34.08
2006068678,0.016000,0.318000,-0.947000,-54.427000,46.061000,22.550000,34.08
2006076356,0.083000,0.356000,-0.962000,-54.321000,41.847000,22.580000,34.13
2006087063,0.126000,0.411000,-0.939000,-55.069000,43.924000,20.870000,34.08
2006095661,0.078000,0.497000,-0.933000,-57.634000,44.351000,20.366000,34.04
2006106124,0.109000,0.464000,-0.959000,-64.779000,42.672000,21.924000,34.18
2006116546,0.125000,0.377000,-0.945000,-65.695000,43.634000,23.511000,34.13
2006128830,0.146000,0.371000,-0.915000,-61.435000,46.473000,24.260000,34.08
2006137284,0.148000,0.425000,-0.923000,-57.069000,46.336000,26.565000,34.04
2006143984,0.188000,0.434000,-0.959000,-53.924000,46.412000,30.092000,34.08
2006156351,0.165000,0.467000,-0.928000,-49.344000,49.679000,33.389000,34.08
2006168285,0.128000,0.535000,-0.905000,-51.221000,48.107000,36.763000,34.04
2006177756,0.174000,0.507000,-0.890000,-52.412000,50.855000,35.756000,33.99
2006184269,0.216000,0.505000,-0.854000,-49.466000,51.954000,34.122000,34.04
2006197152,0.349000,0.467000,-0.885000,-40.504000,61.786000,28.275000,33.99
2006206294,0.286000,0.453000,-0.935000,-29.374000,71.679000,26.046000,34.04
2006216975,0.177000,0.476000,-0.964000,-24.198000,76.092000,27.481000,33.99
2006229778,0.082000,0.511000,-0.920000,-24.092000,72.412000,30.992000,34.13
2006237979,0.115000,0.573000,-0.935000,-30.885000,65.756000,32.947000,34.08
2006244291,0.130000,0.595000,-0.947000,-41.679000,65.115000,32.672000,34.13
2006256505,0.133000,0.549000,-0.885000,-51.878000,64.092000,29.832000,34.08
2006270769,0.223000,0.514000,-0.856000,-50.229000,61.542000,21.298000,34.18
2006280811,0.300000,0.509000,-0.886000,-43.649000,62.641000,15.191000,33.99
2006284074,0.293000,0.477000,-0.900000,-42.794000,67.756000,12.489000,33.99
2006299165,0.245000,0.485000,-0.826000,-40.031000,66.763000,11.908000,33.94
2006309930,0.222000,0.560000,-0.825000,-41.405000,62.794000,14.641000,34.08
2006315521,0.261000,0.548000,-0.793000,-50.244000,59.435000,19.191000,34.13
2006326920,0.431000,0.463000,-0.817000,-47.069000,65.969000,15.893000,33.99
2006340215,0.376000,0.441000,-0.819000,-40.672000,71.664000,15.802000,34.13
2006345486,0.285000,0.439000,-0.814000,-37.008000,71.023000,19.374000,34.08
2006356894,0.366000,0.423000,-0.778000,-28.779000,70.015000,19.832000,34.04
2006369683,0.413000,0.506000,-0.793000,-25.893000,75.664000,19.893000,33.99
2006380974,0.317000,0.515000,-0.774000,-26.427000,72.397000,17.603000,34.04
2006386700,0.346000,0.577000,-0.784000,-28.153000,70.351000,14.962000,34.13
2006396894,0.351000,0.581000,-0.826000,-34.580000,65.237000,13.863000,34.08
2006407550,0.476000,0.487000,-0.801000,-30.824000,69.267000,8.443000,34.13
2006416098,0.336000,0.547000,-0.814000,-29.405000,66.947000,12.550000,34.08
2006426560,0.391000,0.549000,-0.784000,-28.916000,63.359000,15.679000,33.94
2006436303,0.422000,0.606000,-0.767000,-31.084000,60.260000,18.763000,34.08
2006447242,0.446000,0.646000,-0.732000,-33.191000,59.069000,18.718000,34.04
2006452168,0.451000,0.694000,-0.772000,-39.618000,52.947000,20.290000,33.99
2006463968,0.441000,0.643000,-0.724000,-40.244000,52.092000,22.107000,34.04
2006478510,0.508000,0.611000,-0.740000,-37.695000,50.718000,23.115000,34.08
2006484363,0.551000,0.634000,-0.714000,-33.359000,52.397000,24.824000,34.04
2006498606,0.507000,0.660000,-0.723000,-33.603000,52.382000,29.985000,33.99
2006508203,0.514000,0.648000,-0.684000,-32.809000,50.916000,31.756000,33.99
2006516683,0.481000,0.675000,-0.659000,-34.641000,47.374000,32.397000,34.04
2006527660,0.492000,0.649000,-0.646000,-35.573000,44.885000,33.710000,34.08
2006536447,0.558000,0.630000,-0.634000,-32.214000,42.397000,32.137000,34.04
2006548613,0.500000,0.647000,-0.679000,-32.595000,37.908000,34.366000,34.08
2006552866,0.601000,0.544000,-0.663000,-29.267000,40.595000,35.832000,34.04
2006564543,0.573000,0.520000,-0.656000,-24.672000,42.366000,36.489000,34.08
2006577438,0.555000,0.537000,-0.622000,-19.145000,44.198000,32.534000,34.04
2006587291,0.570000,0.628000,-0.607000,-22.947000,47.634000,29.435000,34.08
2006596608,0.418000,0.636000,-0.609000,-28.076000,41.649000,24.962000,34.13
2006605113,0.489000,0.585000,-0.596000,-34.229000,31.450000,21.573000,34.04
2006616508,0.582000,0.488000,-0.590000,-32.809000,27.924000,20.397000,34.08
2006626821,0.590000,0.495000,-0.615000,-28.534000,25.863000,19.344000,34.13
2006636915,0.675000,0.500000,-0.605000,-22.733000,23.969000,19.069000,34.08
2006649935,0.720000,0.519000,-0.596000,-19.802000,25.145000,19.313000,34.08
2006653433,0.722000,0.565000,-0.545000,-15.924000,30.489000,16.031000,34.08
2006664731,0.696000,0.604000,-0.524000,-13.740000,27.817000,8.885000,34.04
2006677091,0.771000,0.584000,-0.560000,-14.519000,30.061000,3.664000,34.08
2006688346,0.718000,0.596000,-0.574000,-12.779000,35.649000,-1.160000,34.04
2006696445,0.690000,0.596000,-0.580000,-13.008000,32.458000,-2.916000,33.99
2006706003,0.728000,0.571000,-0.562000,-10.046000,29.557000,-3.511000,34.13
2006716948,0.704000,0.558000,-0.561000,-8.260000,25.023000,-5.053000,33.99
2006722737,0.735000,0.574000,-0.527000,-5.527000,24.458000,-6.076000,33.99
2006739083,0.652000,0.621000,-0.541000,-5.710000,20.794000,-7.130000,34.04
2006749120,0.677000,0.626000,-0.489000,-7.298000,13.481000,-7.542000,34.08
2006754097,0.704000,0.662000,-0.499000,-10.718000,8.580000,-8.534000,34.04
2006765851,0.778000,0.605000,-0.479000,-5.328000,10.565000,-12.076000,34.08
2006777546,0.726000,0.597000,-0.515000,-0.412000,10.626000,-14.366000,34.13
2006787678,0.685000,0.640000,-0.502000,-1.542000,5.954000,-9.542000,33.99
2006795393,0.702000,0.623000,-0.498000,0.763000,2.733000,-7.298000,34.04
2006806416,0.674000,0.621000,-0.475000,1.710000,0.229000,-6.107000,34.08
2006818291,0.619000,0.645000,-0.482000,3.115000,-4.733000,-6.107000,34.04
2006824063,0.605000,0.651000,-0.484000,2.443000,-11.557000,-6.000000,33.99
2006835912,0.638000,0.646000,-0.476000,2.031000,-18.672000,-6.611000,34.13
2006846588,0.655000,0.634000,-0.484000,3.313000,-22.702000,-6.092000,34.08
2006855365,0.642000,0.625000,-0.510000,5.008000,-26.611000,-4.550000,34.04
2006862165,0.634000,0.615000,-0.523000,6.290000,-31.221000,-3.298000,33.99
2006878885,0.630000,0.600000,-0.520000,8.382000,-36.595000,-3.008000,34.08
2006890806,0.617000,0.615000,-0.504000,9.985000,-41.740000,-2.275000,34.04
2006897120,0.607000,0.620000,-0.528000,10.870000,-45.664000,-2.015000,34.08
2006907650,0.608000,0.614000,-0.528000,11.221000,-50.061000,-2.183000,34.04
2006919919,0.630000,0.603000,-0.558000,11.145000,-53.573000,-3.985000,34.08
2006926355,0.604000,0.601000,-0.570000,12.565000,-55.130000,-4.794000,34.04
2006937307,0.581000,0.612000,-0.567000,12.107000,-59.450000,-4.763000,33.99
2006948405,0.602000,0.604000,-0.597000,11.710000,-64.351000,-3.969000,34.04
2006956696,0.610000,0.566000,-0.599000,14.092000,-64.947000,-5.282000,33.99
2006962679,0.638000,0.565000,-0.597000,16.321000,-65.649000,-6.580000,34.04
2006975239,0.604000,0.586000,-0.620000,19.344000,-64.763000,-8.122000,34.08
2006987432,0.613000,0.623000,-0.617000,18.321000,-64.656000,-9.420000,34.04
2006997863,0.590000,0.606000,-0.658000,18.809000,-66.000000,-11.191000,34.08
2007007878,0.592000,0.590000,-0.685000,19.191000,-65.328000,-13.588000,33.99
2007021107,0.556000,0.582000,-0.659000,21.405000,-66.290000,-15.450000,34.18
2007026270,0.547000,0.596000,-0.689000,22.977000,-68.901000,-16.076000,34.08
2007036889,0.540000,0.589000,-0.663000,26.473000,-67.863000,-19.084000,34.13
2007049529,0.474000,0.647000,-0.715000,25.954000,-70.015000,-17.832000,33.99
2007056516,0.558000,0.617000,-0.726000,20.779000,-74.427000,-17.374000,34.04
2007062051,0.607000,0.571000,-0.718000,23.634000,-67.282000,-21.985000,34.08
2007075804,0.539000,0.584000,-0.719000,27.771000,-60.779000,-27.252000,34.13
2007088633,0.508000,0.607000,-0.720000,30.565000,-59.344000,-31.664000,34.08
2007097918,0.435000,0.594000,-0.749000,33.786000,-58.611000,-32.824000,34.04
2007106083,0.377000,0.599000,-0.755000,31.756000,-64.748000,-30.412000,33.99
2007121665,0.432000,0.543000,-0.753000,32.473000,-69.191000,-27.969000,34.04
2007126801,0.430000,0.532000,-0.773000,34.519000,-68.321000,-30.947000,34.04
2007137095,0.398000,0.535000,-0.778000,36.382000,-67.679000,-32.519000,34.08
2007147516,0.382000,0.546000,-0.767000,37.634000,-68.397000,-33.756000,34.04
2007158525,0.382000,0.526000,-0.778000,38.122000,-68.336000,-34.901000,34.08
2007166970,0.363000,0.526000,-0.758000,39.756000,-69.618000,-36.656000,34.08
2007173791,0.365000,0.541000,-0.744000,41.450000,-69.954000,-39.527000,34.08
2007186264,0.340000,0.513000,-0.813000,41.802000,-69.893000,-42.183000,34.04
2007196872,0.339000,0.483000,-0.784000,42.153000,-72.183000,-42.260000,33.99
2007206508,0.335000,0.487000,-0.762000,46.458000,-72.855000,-43.771000,34.04
2007218264,0.326000,0.493000,-0.788000,48.504000,-72.168000,-44.443000,34.08
2007226955,0.304000,0.472000,-0.777000,49.939000,-73.023000,-44.748000,34.04
2007238423,0.248000,0.472000,-0.798000,53.985000,-72.779000,-44.702000,34.08
2007246797,0.229000,0.486000,-0.770000,53.664000,-76.153000,-43.832000,34.04
2007255650,0.203000,0.489000,-0.802000,55.450000,-77.282000,-45.725000,34.08
2007266553,0.244000,0.485000,-0.816000,54.397000,-80.519000,-45.664000,34.08
2007273396,0.205000,0.434000,-0.859000,53.115000,-79.573000,-45.618000,34.13
2007292618,0.133000,0.417000,-0.807000,54.901000,-82.122000,-46.275000,34.18
2007300479,0.087000,0.418000,-0.855000,56.427000,-84.870000,-45.908000,34.04
2007305746,0.078000,0.430000,-0.824000,55.206000,-90.901000,-47.221000,34.08
2007318730,0.094000,0.416000,-0.830000,53.618000,-94.702000,-47.725000,34.04
2007328099,0.142000,0.422000,-0.836000,54.687000,-96.244000,-50.321000,34.08
2007340293,0.094000,0.420000,-0.825000,55.588000,-94.351000,-52.153000,34.04
2007348506,0.087000,0.389000,-0.912000,57.786000,-95.038000,-53.420000,34.08
2007358066,0.019000,0.338000,-0.920000,58.626000,-95.740000,-53.847000,34.04
2007365814,-0.012000,0.302000,-0.875000,60.626000,-98.427000,-54.702000,33.99
2007372653,-0.037000,0.343000,-0.890000,61.679000,-98.137000,-53.252000,34.04
2007387187,-0.088000,0.334000,-0.960000,55.725000,-93.603000,-49.420000,34.08
2007402529,-0.037000,0.305000,-0.964000,59.786000,-97.618000,-53.145000,34.08
2007404484,-0.013000,0.267000,-0.948000,63.924000,-96.031000,-57.130000,34.04
2007416717,-0.074000,0.269000,-0.942000,69.771000,-90.061000,-59.649000,34.08
2007428268,-0.167000,0.301000,-0.969000,72.748000,-86.290000,-58.809000,34.04
2007434431,-0.166000,0.280000,-0.963000,69.664000,-87.084000,-56.229000,33.99
2007448467,-0.069000,0.208000,-0.974000,70.550000,-85.328000,-55.786000,34.04
2007456231,0.041000,0.145000,-1.017000,76.305000,-73.267000,-58.992000,34.08
2007464791,-0.047000,0.167000,-1.022000,85.084000,-57.511000,-63.802000,34.04
2007476615,-0.210000,0.147000,-1.042000,90.824000,-48.076000,-64.290000,33.99
2007483188,-0.341000,0.182000,-1.058000,89.496000,-48.198000,-61.710000,34.08
2007496046,-0.389000,0.171000,-1.052000,82.534000,-53.267000,-57.679000,34.04
2007505754,-0.344000,0.121000,-1.058000,78.260000,-58.122000,-55.939000,34.08
2007518748,-0.309000,0.082000,-1.093000,76.779000,-55.542000,-54.580000,34.13
2007529961,-0.347000,0.109000,-1.023000,74.198000,-54.351000,-54.534000,34.08
2007535597,-0.362000,0.166000,-1.007000,74.198000,-55.527000,-55.053000,33.94
2007545302,-0.312000,0.199000,-1.028000,69.527000,-56.916000,-55.374000,34.08
2007557886,-0.311000,0.163000,-1.000000,67.221000,-56.382000,-56.275000,33.94
2007566153,-0.349000,0.159000,-1.008000,65.649000,-57.237000,-53.634000,34.08
2007575280,-0.353000,0.134000,-0.984000,63.405000,-60.489000,-50.672000,34.13
2007582041,-0.333000,0.057000,-1.013000,62.244000,-63.023000,-48.519000,34.08
2007598175,-0.308000,0.029000,-0.934000,64.779000,-62.290000,-47.496000,34.08
2007606773,-0.323000,0.075000,-0.897000,68.550000,-59.115000,-48.076000,34.08
2007613881,-0.390000,0.159000,-0.890000,65.679000,-61.344000,-46.550000,34.08
2007629978,-0.405000,0.168000,-0.888000,62.656000,-65.115000,-43.649000,34.13
2007636531,-0.434000,0.131000,-0.905000,59.603000,-70.366000,-39.634000,34.18
2007646808,-0.446000,0.022000,-0.947000,56.855000,-75.389000,-37.573000,33.94
2007657402,-0.492000,-0.048000,-0.950000,54.061000,-78.382000,-34.275000,34.08
2007666937,-0.554000,-0.027000,-0.878000,51.237000,-83.878000,-30.092000,34.13
2007673794,-0.578000,0.012000,-0.875000,43.908000,-91.878000,-23.588000,33.99
2007685829,-0.536000,0.017000,-0.838000,40.168000,-97.786000,-19.649000,34.04
2007699152,-0.513000,0.049000,-0.827000,33.695000,-107.191000,-16.702000,34.08
2007708051,-0.465000,0.008000,-0.877000,29.511000,-110.000000,-17.389000,34.08
2007718746,-0.479000,-0.070000,-0.878000,29.176000,-109.725000,-17.847000,34.13
2007731943,-0.563000,-0.085000,-0.843000,28.305000,-109.740000,-17.634000,34.08
2007737316,-0.604000,-0.122000,-0.838000,27.695000,-114.962000,-16.809000,34.13
2007747555,-0.561000,-0.111000,-0.853000,23.924000,-117.695000,-15.099000,34.08
2007757265,-0.584000,-0.098000,-0.821000,19.053000,-117.099000,-13.649000,34.13
2007768850,-0.624000,-0.088000,-0.811000,13.298000,-120.855000,-14.427000,34.08
2007776515,-0.635000,-0.057000,-0.780000,9.511000,-121.618000,-18.260000,34.04
2007783241,-0.643000,-0.070000,-0.828000,2.412000,-122.809000,-18.168000,34.08
2007799580,-0.672000,-0.158000,-0.792000,-0.870000,-122.504000,-16.489000,34.04
2007810343,-0.646000,-0.231000,-0.813000,0.122000,-122.656000,-15.084000,33.99
2007815251,-0.609000,-0.240000,-0.788000,1.985000,-117.771000,-14.275000,33.99
2007830535,-0.585000,-0.222000,-0.783000,6.397000,-111.374000,-16.702000,33.99
2007839218,-0.615000,-0.156000,-0.698000,8.244000,-103.863000,-20.931000,33.99
2007845317,-0.681000,-0.105000,-0.707000,7.649000,-100.153000,-22.992000,34.04
2007856408,-0.707000,-0.101000,-0.717000,3.267000,-99.496000,-24.763000,33.99
2007864416,-0.727000,-0.135000,-0.701000,-0.672000,-98.412000,-24.977000,34.04
2007874669,-0.716000,-0.165000,-0.681000,-1.389000,-98.611000,-24.763000,34.08
2007886217,-0.704000,-0.189000,-0.649000,2.840000,-96.626000,-24.809000,34.04
2007898904,-0.666000,-0.207000,-0.667000,9.542000,-92.580000,-25.359000,34.18
2007909803,-0.684000,-0.203000,-0.658000,14.244000,-85.954000,-24.672000,33.94
2007917131,-0.690000,-0.180000,-0.596000,20.809000,-79.420000,-27.878000,34.08
2007926689,-0.748000,-0.114000,-0.595000,22.992000,-78.076000,-27.679000,33.89
2007939306,-0.771000,-0.060000,-0.614000,18.702000,-82.214000,-28.351000,33.94
2007944822,-0.762000,-0.067000,-0.607000,10.962000,-87.099000,-28.107000,34.08
2007955121,-0.712000,-0.084000,-0.573000,8.305000,-82.641000,-30.351000,33.94
2007966752,-0.764000,-0.135000,-0.537000,8.611000,-79.527000,-33.008000,34.08
2007975163,-0.790000,-0.179000,-0.568000,9.252000,-80.015000,-32.519000,34.04
2007984681,-0.808000,-0.177000,-0.550000,10.229000,-82.870000,-29.954000,33.99
2007998114,-0.811000,-0.216000,-0.518000,11.832000,-82.092000,-26.595000,34.04
2008008130,-0.780000,-0.224000,-0.506000,14.244000,-80.183000,-25.618000,34.08
2008016339,-0.737000,-0.201000,-0.430000,18.916000,-79.847000,-26.870000,34.13
2008027335,-0.749000,-0.168000,-0.441000,21.634000,-75.985000,-29.084000,33.94
2008036238,-0.778000,-0.137000,-0.429000,19.725000,-76.366000,-30.992000,33.99
2008045349,-0.816000,-0.157000,-0.432000,13.863000,-77.802000,-30.168000,34.08
2008055613,-0.794000,-0.233000,-0.417000,12.076000,-78.656000,-29.405000,34.18
2008065940,-0.768000,-0.298000,-0.387000,15.740000,-75.130000,-29.389000,34.04
2008076477,-0.778000,-0.335000,-0.394000,22.611000,-69.618000,-31.053000,33.99
2008082328,-0.839000,-0.319000,-0.369000,30.321000,-62.656000,-29.832000,34.13
2008094968,-0.905000,-0.272000,-0.364000,30.244000,-63.069000,-25.649000,33.99
2008108285,-0.824000,-0.251000,-0.322000,27.832000,-62.198000,-24.687000,34.04
2008117912,-0.802000,-0.251000,-0.270000,29.084000,-62.519000,-24.198000,34.08
2008125060,-0.725000,-0.264000,-0.280000,30.260000,-59.282000,-26.580000,34.04
2008137254,-0.723000,-0.279000,-0.280000,34.076000,-49.817000,-31.176000,34.04
2008146765,-0.790000,-0.318000,-0.299000,37.237000,-43.863000,-33.802000,34.08
2008155408,-0.827000,-0.363000,-0.299000,41.542000,-41.710000,-34.290000,34.04
2008167354,-0.832000,-0.372000,-0.280000,45.435000,-38.321000,-32.992000,34.08
2008178479,-0.959000,-0.354000,-0.284000,49.908000,-51.221000,-55.069000,34.13
2008185458,-0.844000,-0.329000,-0.261000,49.679000,-54.382000,-52.351000,34.08
2008192327,-0.821000,-0.247000,-0.252000,48.489000,-50.229000,-49.450000,34.04
2008206698,-0.814000,-0.222000,-0.274000,44.763000,-42.000000,-47.038000,34.08
2008219746,-0.863000,-0.198000,-0.283000,36.382000,-37.634000,-48.137000,34.04
2008226481,-0.897000,-0.246000,-0.267000,31.069000,-36.153000,-35.878000,34.08
2008239196,-0.876000,-0.271000,-0.269000,28.947000,-36.550000,-32.626000,34.04
2008249546,-0.872000,-0.315000,-0.271000,29.405000,-34.321000,-27.328000,34.04
2008256336,-0.881000,-0.307000,-0.267000,28.122000,-32.855000,-24.840000,34.08
2008269162,-0.899000,-0.330000,-0.221000,28.672000,-37.786000,-22.260000,34.08
2008278110,-0.842000,-0.326000,-0.203000,29.878000,-40.076000,-24.198000,33.99
2008284224,-0.832000,-0.291000,-0.224000,29.023000,-40.427000,-23.878000,34.04
2008295330,-0.824000,-0.324000,-0.199000,26.260000,-44.672000,-27.053000,34.08
2008300986,-0.787000,-0.353000,-0.181000,25.908000,-39.588000,-28.565000,34.04
2008318125,-0.815000,-0.363000,-0.125000,24.427000,-41.359000,-28.626000,33.99
2008326684,-0.818000,-0.363000,-0.144000,24.305000,-38.427000,-26.153000,34.13
2008335858,-0.808000,-0.411000,-0.123000,24.641000,-37.298000,-25.099000,34.08
2008351199,-0.810000,-0.429000,-0.106000,26.626000,-36.595000,-23.053000,34.08
2008356554,-0.793000,-0.424000,-0.133000,28.779000,-35.863000,-20.244000,34.04
2008370279,-0.797000,-0.405000,-0.108000,28.214000,-34.656000,-19.435000,33.99
2008382181,-0.762000,-0.411000,-0.078000,28.763000,-37.115000,-19.237000,34.04
2008387294,-0.785000,-0.393000,-0.098000,29.084000,-38.809000,-18.611000,34.08
2008393077,-0.786000,-0.406000,-0.076000,27.588000,-39.725000,-19.267000,34.04
2008405729,-0.774000,-0.444000,-0.072000,28.809000,-39.374000,-20.870000,34.08
2008418526,-0.784000,-0.432000,-0.062000,29.588000,-36.885000,-21.084000,33.94
2008428888,-0.798000,-0.422000,-0.048000,29.573000,-34.061000,-20.137000,34.08
2008435929,-0.800000,-0.418000,-0.032000,29.359000,-32.092000,-18.046000,34.04
2008447906,-0.779000,-0.421000,-0.055000,29.130000,-30.702000,-17.924000,33.94
2008454785,-0.795000,-0.433000,-0.029000,27.893000,-30.901000,-15.924000,34.08
2008465716,-0.797000,-0.423000,-0.021000,25.511000,-39.924000,-14.687000,34.04
2008477814,-0.731000,-0.438000,0.019000,26.565000,-36.489000,-14.305000,34.08
2008489381,-0.762000,-0.434000,0.000000,27.985000,-34.672000,-14.580000,34.04
2008496618,-0.775000,-0.441000,-0.002000,28.000000,-35.847000,-14.046000,34.08
2008503117,-0.757000,-0.443000,0.029000,30.198000,-35.679000,-13.771000,34.04
2008520976,-0.749000,-0.421000,0.028000,32.504000,-31.588000,-15.924000,33.99
2008527484,-0.758000,-0.424000,0.023000,31.817000,-29.557000,-15.374000,34.04
2008535695,-0.767000,-0.410000,0.002000,30.382000,-30.687000,-15.771000,34.08
2008549626,-0.794000,-0.409000,0.004000,26.687000,-34.595000,-14.748000,34.13
2008556933,-0.808000,-0.400000,0.012000,19.756000,-39.313000,-9.573000,34.08
2008566490,-0.768000,-0.426000,0.051000,15.008000,-41.206000,-10.809000,34.08
2008577471,-0.743000,-0.440000,0.096000,14.427000,-40.260000,-12.061000,33.94
2008588967,-0.734000,-0.462000,0.069000,17.664000,-38.076000,-15.496000,33.99
2008595492,-0.747000,-0.479000,0.069000,19.084000,-34.321000,-18.580000,34.22
2008600913,-0.774000,-0.496000,0.058000,19.420000,-32.763000,-16.076000,33.99
2008617790,-0.719000,-0.507000,0.085000,20.763000,-31.145000,-17.084000,34.13
2008627516,-0.710000,-0.483000,0.078000,19.924000,-26.198000,-17.588000,34.08
2008635751,-0.704000,-0.471000,0.070000,19.267000,-20.931000,-18.443000,34.04
2008646827,-0.715000,-0.472000,0.073000,16.824000,-14.382000,-19.618000,33.99
2008656883,-0.746000,-0.474000,0.066000,16.718000,-10.214000,-19.328000,34.04
2008664078,-0.733000,-0.480000,0.038000,15.206000,-3.053000,-21.084000,34.08
2008677089,-0.780000,-0.481000,0.037000,14.183000,1.893000,-21.359000,34.08
2008685688,-0.773000,-0.445000,0.045000,13.802000,7.023000,-21.496000,34.04
2008696523,-0.766000,-0.437000,0.078000,13.588000,6.824000,-19.893000,33.99
2008706675,-0.703000,-0.441000,0.092000,11.542000,5.893000,-19.405000,34.08
2008713615,-0.721000,-0.428000,0.106000,12.061000,6.458000,-20.183000,34.08
2008727043,-0.761000,-0.420000,0.109000,12.015000,8.351000,-17.985000,34.13
2008736642,-0.742000,-0.425000,0.135000,13.802000,10.443000,-17.069000,34.08
2008748987,-0.746000,-0.443000,0.165000,17.466000,14.885000,-15.237000,34.04
2008761037,-0.772000,-0.434000,0.120000,20.000000,18.290000,-13.481000,33.99
2008766421,-0.814000,-0.424000,0.105000,19.298000,18.198000,-10.702000,34.04
2008777363,-0.801000,-0.417000,0.107000,17.008000,15.267000,-6.382000,33.99
2008789824,-0.756000,-0.425000,0.108000,13.038000,10.885000,-5.145000,34.08
2008798151,-0.758000,-0.432000,0.119000,11.328000,7.847000,-4.275000,34.04
2008806736,-0.762000,-0.430000,0.117000,10.015000,6.290000,-2.015000,33.99
2008813844,-0.747000,-0.458000,0.107000,9.053000,4.885000,-0.275000,34.04
2008829600,-0.750000,-0.474000,0.109000,7.527000,4.290000,0.351000,34.08
2008838866,-0.753000,-0.474000,0.130000,7.740000,4.733000,2.183000,34.04
2008845950,-0.716000,-0.483000,0.139000,6.794000,4.137000,2.840000,33.99
2008858115,-0.698000,-0.499000,0.132000,6.870000,6.336000,1.237000,34.04
2008868376,-0.710000,-0.500000,0.126000,6.885000,7.344000,-0.092000,33.99
2008875208,-0.745000,-0.501000,0.105000,4.962000,5.893000,-0.565000,34.04
2008887112,-0.784000,-0.502000,0.097000,2.107000,2.412000,-0.305000,34.08
2008897067,-0.780000,-0.487000,0.101000,-1.618000,-1.359000,0.168000,34.04
2008906066,-0.737000,-0.487000,0.153000,-2.687000,-1.985000,0.947000,33.94
2008915879,-0.673000,-0.533000,0.162000,-0.229000,0.458000,-0.626000,33.99
2008930894,-0.673000,-0.515000,0.158000,2.458000,5.252000,-3.740000,33.99
2008940108,-0.711000,-0.480000,0.146000,2.290000,4.794000,-3.405000,33.99
2008944887,-0.694000,-0.470000,0.118000,0.366000,3.221000,-2.992000,34.04
2008960000,-0.679000,-0.469000,0.121000,-1.924000,2.794000,-3.695000,33.99
2008969233,-0.712000,-0.448000,0.132000,-3.603000,1.969000,-3.863000,34.13
2008976844,-0.729000,-0.450000,0.131000,-5.389000,0.305000,-2.977000,34.08
2008986313,-0.713000,-0.456000,0.115000,-6.855000,0.656000,-2.977000,34.04
2008997757,-0.719000,-0.472000,0.137000,-6.901000,0.366000,-3.084000,33.99
2009005198,-0.728000,-0.478000,0.117000,-7.573000,-0.397000,-3.176000,34.04
2009016959,-0.754000,-0.449000,0.107000,-9.557000,-2.824000,-2.000000,34.08
2009026724,-0.731000,-0.461000,0.146000,-11.313000,-7.206000,-0.458000,33.99
2009039270,-0.711000,-0.469000,0.120000,-11.969000,-7.466000,-0.031000,34.04
2009045348,-0.726000,-0.463000,0.117000,-13.374000,-7.359000,0.107000,33.99
2009055839,-0.729000,-0.472000,0.125000,-15.786000,-8.687000,1.328000,34.04
2009068669,-0.717000,-0.472000,0.151000,-15.435000,-7.863000,1.725000,33.99
2009074499,-0.715000,-0.470000,0.178000,-14.183000,-6.519000,1.573000,34.04
2009088820,-0.704000,-0.489000,0.187000,-12.107000,-5.115000,1.405000,34.08
2009096589,-0.694000,-0.484000,0.192000,-9.481000,-2.519000,0.824000,34.04
2009105314,-0.689000,-0.498000,0.163000,-7.038000,-1.221000,0.214000,33.99
2009112274,-0.718000,-0.482000,0.128000,-7.405000,-0.885000,0.092000,34.04
2009127752,-0.742000,-0.474000,0.132000,-8.779000,-2.718000,1.420000,34.04
2009137869,-0.723000,-0.480000,0.137000,-9.115000,-4.611000,2.015000,34.08
2009146566,-0.709000,-0.483000,0.135000,-9.649000,-4.046000,1.725000,33.99
2009157282,-0.700000,-0.476000,0.169000,-8.840000,-3.679000,1.053000,33.99
2009166916,-0.688000,-0.479000,0.163000,-7.344000,-1.267000,0.137000,33.94
2009175547,-0.693000,-0.491000,0.149000,-5.908000,-0.427000,-0.656000,33.99
2009184964,-0.709000,-0.495000,0.123000,-6.031000,0.885000,-0.504000,34.04
2009197852,-0.721000,-0.473000,0.126000,-6.870000,0.290000,0.305000,34.08
2009206492,-0.725000,-0.476000,0.150000,-6.962000,-0.763000,0.626000,34.13
2009213459,-0.701000,-0.480000,0.167000,-5.588000,-0.672000,0.137000,33.99
2009230708,-0.710000,-0.461000,0.126000,-4.840000,0.870000,-1.115000,34.13
2009243026,-0.729000,-0.489000,0.161000,-5.542000,-0.183000,-1.237000,34.08
2009248696,-0.708000,-0.497000,0.158000,-5.267000,-1.450000,-1.313000,34.08
2009258202,-0.702000,-0.484000,0.147000,-4.702000,-0.107000,-1.954000,34.04
2009267646,-0.700000,-0.476000,0.173000,-3.954000,1.252000,-2.458000,34.08
2009278128,-0.691000,-0.487000,0.162000,-2.198000,2.672000,-2.809000,34.04
2009285031,-0.720000,-0.484000,0.150000,-1.588000,3.420000,-2.321000,34.08
2009298533,-0.730000,-0.473000,0.115000,-3.450000,3.313000,-1.649000,33.94
2009309917,-0.746000,-0.456000,0.101000,-5.878000,0.977000,-0.779000,33.99
2009314568,-0.734000,-0.457000,0.128000,-7.344000,-0.183000,-0.748000,34.04
2009326313,-0.719000,-0.466000,0.144000,-7.725000,-0.595000,-0.565000,33.99
2009336084,-0.711000,-0.475000,0.137000,-7.405000,0.366000,-1.038000,34.04
2009347393,-0.708000,-0.468000,0.145000,-7.664000,-0.321000,-0.901000,34.08
2009354084,-0.703000,-0.478000,0.154000,-6.672000,-1.282000,-0.611000,34.08
2009370301,-0.696000,-0.473000,0.126000,-6.412000,-1.695000,-0.580000,34.08
2009380786,-0.717000,-0.473000,0.122000,-7.588000,-1.817000,-0.321000,34.08
2009385709,-0.708000,-0.479000,0.132000,-8.489000,-1.786000,0.458000,34.04
2009399836,-0.706000,-0.495000,0.139000,-7.954000,0.015000,0.229000,33.99
2009409891,-0.708000,-0.472000,0.167000,-7.405000,1.802000,-0.046000,34.04
2009416113,-0.703000,-0.478000,0.173000,-6.382000,2.198000,-0.565000,33.89
2009422129,-0.704000,-0.479000,0.167000,-5.374000,3.527000,-0.733000,34.04
2009439602,-0.711000,-0.495000,0.141000,-4.214000,4.718000,-1.389000,33.99
2009452004,-0.722000,-0.491000,0.126000,-4.092000,5.527000,-1.878000,34.13
2009457259,-0.727000,-0.484000,0.148000,-4.473000,5.145000,-0.962000,34.08
2009467035,-0.706000,-0.485000,0.162000,-4.290000,5.603000,-0.565000,33.99
2009478156,-0.708000,-0.467000,0.159000,-3.282000,7.008000,-0.824000,34.04
2009485163,-0.706000,-0.468000,0.171000,-2.015000,8.168000,-0.870000,34.08
2009496965,-0.691000,-0.470000,0.187000,-0.183000,8.305000,-1.756000,34.04
2009511994,-0.690000,-0.472000,0.143000,1.176000,10.870000,-3.038000,34.08
2009517033,-0.713000,-0.476000,0.128000,0.351000,10.656000,-3.206000,34.04
2009523069,-0.730000,-0.480000,0.130000,-0.672000,11.313000,-2.336000,33.99
2009540159,-0.699000,-0.493000,0.120000,-2.244000,11.328000,-2.748000,34.04
2009549656,-0.716000,-0.462000,0.140000,-3.908000,12.214000,-1.695000,34.08
2009558111,-0.745000,-0.463000,0.119000,-4.687000,11.450000,-1.344000,34.04
2009568835,-0.752000,-0.464000,0.125000,-5.786000,9.160000,-0.336000,34.04
2009579440,-0.740000,-0.464000,0.122000,-6.107000,7.771000,0.382000,33.99
2009587069,-0.712000,-0.468000,0.109000,-7.176000,8.351000,0.122000,33.99
2009593938,-0.737000,-0.475000,0.114000,-7.634000,8.931000,1.023000,33.99
2009606780,-0.714000,-0.479000,0.107000,-7.695000,9.969000,1.237000,34.04
2009616709,-0.722000,-0.466000,0.106000,-8.489000,11.527000,1.786000,34.08
2009624316,-0.723000,-0.479000,0.112000,-8.443000,10.351000,2.168000,34.04
2009636520,-0.748000,-0.463000,0.103000,-8.824000,9.313000,2.641000,33.99
2009648643,-0.727000,-0.492000,0.103000,-10.427000,7.542000,2.992000,34.04
2009658577,-0.733000,-0.490000,0.112000,-10.244000,7.206000,2.855000,33.99
2009664672,-0.735000,-0.489000,0.117000,-11.023000,6.962000,3.466000,34.04
2009678110,-0.716000,-0.480000,0.125000,-10.779000,7.603000,4.198000,34.04
2009687619,-0.704000,-0.491000,0.111000,-8.931000,9.221000,4.000000,34.08
2009694869,-0.708000,-0.493000,0.099000,-8.763000,12.061000,4.687000,34.13
2009708953,-0.695000,-0.482000,0.107000,-8.244000,13.634000,3.649000,33.99
2009718336,-0.719000,-0.458000,0.100000,-6.519000,14.214000,3.359000,34.13
2009725544,-0.752000,-0.444000,0.074000,-10.183000,11.573000,3.038000,34.08
2009732613,-0.735000,-0.469000,0.101000,-12.870000,9.023000,3.511000,33.94
2009749227,-0.743000,-0.477000,0.100000,-12.412000,8.565000,3.511000,33.99
2009759210,-0.702000,-0.497000,0.087000,-10.733000,11.664000,4.718000,34.04
2009766660,-0.720000,-0.494000,0.082000,-9.389000,13.969000,5.511000,34.08
2009777542,-0.714000,-0.465000,0.073000,-10.061000,13.908000,5.191000,34.04
2009788088,-0.713000,-0.427000,0.080000,-12.901000,11.664000,4.977000,34.04
2009799452,-0.722000,-0.413000,0.077000,-15.496000,10.321000,4.244000,33.99
2009808822,-0.745000,-0.420000,0.000000,-19.389000,11.649000,3.756000,34.08
2009818997,-0.720000,-0.501000,0.050000,-19.573000,13.969000,3.817000,34.08
2009826002,-0.728000,-0.543000,0.075000,-17.267000,19.191000,7.160000,33.94
2009833094,-0.733000,-0.549000,0.038000,-14.855000,20.947000,7.053000,34.08
2009845839,-0.758000,-0.505000,0.058000,-10.595000,19.573000,10.305000,34.13
2009859143,-0.774000,-0.446000,0.032000,-15.069000,18.809000,10.931000,34.08
2009865596,-0.781000,-0.471000,0.031000,-16.290000,16.061000,13.618000,34.13
2009876300,-0.771000,-0.432000,0.017000,-21.420000,16.473000,12.427000,34.08
2009889939,-0.755000,-0.499000,0.004000,-19.481000,16.855000,14.809000,34.04
2009894945,-0.747000,-0.467000,0.034000,-18.916000,18.656000,13.435000,34.08
2009906744,-0.758000,-0.401000,0.001000,-20.595000,20.840000,13.344000,34.08
2009915154,-0.751000,-0.428000,-0.035000,-26.031000,22.534000,13.786000,33.94
2009926144,-0.756000,-0.488000,-0.013000,-26.336000,24.656000,16.718000,33.99
2009932301,-0.760000,-0.469000,0.016000,-22.550000,29.588000,15.389000,34.04
2009944288,-0.794000,-0.440000,0.020000,-21.756000,32.977000,15.802000,34.08
2009959717,-0.798000,-0.433000,-0.012000,-20.015000,35.115000,18.626000,34.04
2009968127,-0.797000,-0.452000,-0.033000,-19.863000,39.756000,19.634000,34.08
2009978186,-0.806000,-0.453000,-0.069000,-20.855000,38.962000,19.695000,34.13
2009987009,-0.825000,-0.453000,0.011000,-15.847000,41.771000,22.641000,34.08
2009996281,-0.793000,-0.410000,-0.041000,-15.344000,45.328000,21.817000,34.04
2010007808,-0.787000,-0.406000,-0.062000,-12.733000,45.237000,22.046000,34.08
2010016215,-0.817000,-0.395000,-0.067000,-15.328000,47.618000,22.641000,34.04
2010025038,-0.852000,-0.389000,-0.104000,-18.046000,49.969000,25.282000,34.08
2010036478,-0.826000,-0.400000,-0.089000,-18.000000,51.374000,24.153000,34.08
2010043007,-0.892000,-0.337000,-0.127000,-25.588000,48.275000,26.107000,34.04
2010055594,-0.867000,-0.381000,-0.123000,-27.053000,49.710000,28.641000,33.99
2010069772,-0.823000,-0.388000,-0.094000,-27.237000,48.122000,27.176000,34.13
2010075477,-0.811000,-0.382000,-0.125000,-26.779000,49.496000,27.863000,34.08
2010088019,-0.783000,-0.367000,-0.130000,-27.939000,49.206000,24.550000,34.04
2010098630,-0.791000,-0.395000,-0.129000,-28.092000,49.985000,24.305000,34.08
2010105322,-0.803000,-0.407000,-0.151000,-26.763000,51.634000,24.412000,34.04
2010116978,-0.795000,-0.386000,-0.136000,-28.748000,52.718000,24.122000,34.08
2010127660,-0.796000,-0.410000,-0.162000,-30.290000,54.809000,24.321000,34.04
2010135069,-0.789000,-0.406000,-0.147000,-28.824000,57.038000,23.084000,34.13
2010148262,-0.802000,-0.394000,-0.182000,-28.870000,59.344000,22.336000,33.99
2010154949,-0.800000,-0.403000,-0.192000,-28.641000,60.183000,21.221000,34.04
2010167118,-0.801000,-0.416000,-0.197000,-27.634000,60.366000,19.679000,33.99
2010173886,-0.767000,-0.406000,-0.201000,-27.191000,62.840000,16.656000,34.04
2010189645,-0.773000,-0.420000,-0.223000,-25.939000,62.702000,16.489000,34.08
2010199375,-0.791000,-0.384000,-0.219000,-27.603000,66.794000,17.099000,34.04
2010206828,-0.796000,-0.361000,-0.252000,-27.939000,68.443000,16.183000,33.99
2010219887,-0.798000,-0.366000,-0.268000,-29.542000,68.229000,17.435000,34.04
2010228479,-0.805000,-0.343000,-0.265000,-30.718000,67.130000,18.000000,34.08
2010234788,-0.785000,-0.387000,-0.259000,-30.244000,69.893000,18.260000,34.04
2010245894,-0.771000,-0.368000,-0.267000,-29.969000,72.000000,15.405000,34.08
2010252631,-0.832000,-0.338000,-0.314000,-30.931000,69.053000,16.779000,34.08
2010270157,-0.824000,-0.348000,-0.317000,-34.489000,65.267000,17.374000,34.04
2010276925,-0.789000,-0.373000,-0.313000,-32.870000,67.328000,16.672000,33.99
2010286806,-0.824000,-0.337000,-0.358000,-33.511000,66.015000,18.198000,34.04
2010300248,-0.800000,-0.316000,-0.323000,-34.718000,62.565000,19.679000,34.08
2010307503,-0.750000,-0.317000,-0.299000,-31.450000,62.168000,18.504000,34.04
2010317178,-0.693000,-0.304000,-0.318000,-29.389000,67.618000,14.656000,34.08
2010328035,-0.794000,-0.193000,-0.379000,-34.382000,63.023000,16.107000,34.04
2010334577,-0.775000,-0.286000,-0.377000,-37.252000,61.771000,17.145000,34.08
2010344538,-0.752000,-0.293000,-0.376000,-39.725000,61.664000,17.023000,34.04
2010360269,-0.792000,-0.337000,-0.375000,-36.550000,62.870000,17.710000,34.13
2010373918,-0.812000,-0.274000,-0.400000,-36.931000,60.122000,16.901000,34.08
2010378933,-0.799000,-0.263000,-0.435000,-37.038000,56.595000,17.649000,34.04
2010387018,-0.761000,-0.302000,-0.414000,-37.191000,54.595000,18.305000,34.08
2010399223,-0.759000,-0.273000,-0.414000,-34.672000,54.748000,19.237000,34.04
2010408844,-0.722000,-0.254000,-0.433000,-35.084000,51.649000,19.160000,34.08
2010414869,-0.710000,-0.221000,-0.449000,-34.519000,56.031000,17.176000,34.04
2010428779,-0.754000,-0.234000,-0.490000,-37.893000,53.679000,18.153000,34.08
2010439541,-0.754000,-0.251000,-0.475000,-37.328000,55.511000,17.649000,34.04
2010443895,-0.773000,-0.243000,-0.490000,-39.420000,53.740000,17.924000,34.08
2010455166,-0.765000,-0.258000,-0.482000,-40.046000,51.527000,18.397000,34.04
2010467297,-0.748000,-0.263000,-0.502000,-38.443000,51.618000,18.931000,34.08
2010478283,-0.747000,-0.261000,-0.503000,-37.252000,49.069000,19.924000,34.08
2010486253,-0.727000,-0.249000,-0.507000,-35.267000,47.099000,20.748000,34.04
2010500749,-0.710000,-0.226000,-0.511000,-32.962000,46.260000,20.855000,34.08
2010509161,-0.675000,-0.203000,-0.511000,-32.489000,46.107000,20.046000,34.04
2010517134,-0.659000,-0.218000,-0.528000,-31.374000,48.092000,18.015000,34.08
2010527341,-0.703000,-0.199000,-0.530000,-33.282000,45.710000,19.435000,34.04
2010543780,-0.702000,-0.184000,-0.533000,-33.038000,44.916000,18.885000,34.08
2010547285,-0.693000,-0.192000,-0.549000,-33.542000,45.725000,18.473000,34.04
2010553825,-0.714000,-0.174000,-0.556000,-32.779000,45.221000,18.061000,34.18
2010565840,-0.703000,-0.188000,-0.553000,-31.924000,42.534000,17.817000,34.04
2010579580,-0.696000,-0.195000,-0.558000,-31.145000,40.092000,17.420000,34.08
2010588625,-0.678000,-0.187000,-0.562000,-29.649000,38.550000,17.496000,33.99
2010598465,-0.676000,-0.162000,-0.578000,-29.237000,38.794000,17.435000,34.13
2010609810,-0.674000,-0.168000,-0.573000,-28.748000,39.969000,18.504000,33.99
2010617796,-0.670000,-0.169000,-0.553000,-26.824000,39.038000,18.275000,33.99
2010628454,-0.646000,-0.155000,-0.574000,-26.229000,39.374000,18.260000,34.08
2010641628,-0.666000,-0.153000,-0.582000,-26.092000,40.473000,18.244000,34.04
2010647844,-0.667000,-0.162000,-0.576000,-24.305000,40.534000,16.885000,34.08
2010653529,-0.680000,-0.145000,-0.605000,-23.359000,40.275000,15.145000,34.04
2010664663,-0.693000,-0.135000,-0.615000,-23.328000,44.855000,14.122000,34.08
2010682586,-0.712000,-0.144000,-0.640000,-23.282000,38.687000,15.221000,34.04
2010692208,-0.691000,-0.165000,-0.629000,-22.565000,38.916000,15.817000,34.08
2010696440,-0.668000,-0.144000,-0.594000,-21.466000,38.092000,14.595000,34.08
2010706874,-0.658000,-0.115000,-0.625000,-21.786000,37.557000,13.145000,34.04
2010718514,-0.655000,-0.132000,-0.616000,-23.069000,36.565000,13.817000,33.99
2010726590,-0.603000,-0.141000,-0.616000,-20.122000,35.603000,10.214000,34.04
2010736635,-0.645000,-0.090000,-0.621000,-21.954000,37.954000,9.832000,33.99
2010747340,-0.657000,-0.090000,-0.663000,-22.031000,35.725000,11.344000,34.04
2010757303,-0.624000,-0.092000,-0.664000,-21.481000,34.229000,10.947000,34.08
2010763293,-0.604000,-0.086000,-0.654000,-19.206000,31.496000,11.588000,34.04
2010780258,-0.600000,-0.085000,-0.684000,-18.855000,33.344000,12.595000,33.99
2010790472,-0.605000,-0.076000,-0.667000,-18.626000,32.153000,13.130000,34.04
2010797785,-0.613000,-0.068000,-0.663000,-19.282000,30.321000,13.389000,34.08
2010808369,-0.592000,-0.066000,-0.684000,-18.855000,30.092000,12.000000,34.13
2010817734,-0.598000,-0.047000,-0.698000,-20.000000,29.695000,11.374000,34.04
2010827293,-0.611000,-0.039000,-0.677000,-20.107000,27.786000,10.519000,34.08
2010838066,-0.588000,-0.037000,-0.713000,-20.931000,25.924000,10.244000,33.99
2010847796,-0.575000,-0.076000,-0.701000,-19.389000,25.924000,10.305000,34.08
2010858766,-0.579000,-0.070000,-0.714000,-17.756000,25.420000,11.206000,34.04
2010862448,-0.572000,-0.066000,-0.738000,-16.611000,25.725000,11.908000,34.08
2010873810,-0.571000,-0.057000,-0.733000,-15.420000,20.733000,10.611000,34.04
2010889012,-0.604000,-0.049000,-0.728000,-15.282000,25.496000,13.405000,34.08
2010897006,-0.577000,-0.041000,-0.748000,-14.977000,25.832000,13.221000,34.04
2010906939,-0.595000,-0.013000,-0.750000,-16.992000,24.092000,13.328000,33.99
2010919420,-0.562000,-0.023000,-0.732000,-17.115000,23.542000,12.687000,34.04
2010929840,-0.550000,-0.009000,-0.736000,-15.634000,24.779000,10.641000,34.13
2010937819,-0.545000,-0.010000,-0.750000,-14.336000,26.076000,10.366000,34.08
2010944799,-0.549000,-0.017000,-0.755000,-14.000000,25.710000,10.275000,34.04
2010958602,-0.550000,-0.038000,-0.765000,-12.626000,25.328000,9.954000,34.08
2010966236,-0.558000,-0.015000,-0.739000,-12.092000,26.382000,10.779000,33.94
2010972963,-0.542000,-0.042000,-0.732000,-7.313000,27.618000,6.763000,33.99
2010987282,-0.598000,-0.005000,-0.760000,-12.183000,24.550000,12.061000,34.04
2010997048,-0.548000,-0.010000,-0.772000,-11.221000,23.130000,10.305000,33.99
2011004985,-0.559000,-0.012000,-0.762000,-13.771000,24.046000,10.336000,34.04
2011017674,-0.551000,-0.009000,-0.777000,-13.115000,23.115000,9.771000,34.08
2011032531,-0.553000,-0.002000,-0.793000,-13.527000,22.779000,10.458000,34.13
2011035276,-0.538000,-0.019000,-0.777000,-13.847000,21.481000,9.740000,34.04
2011049111,-0.529000,0.010000,-0.774000,-13.313000,20.702000,10.305000,34.08
2011057030,-0.493000,-0.002000,-0.794000,-13.450000,21.466000,9.069000,34.18
2011065636,-0.505000,0.009000,-0.772000,-13.695000,20.489000,9.099000,33.99
2011072235,-0.506000,0.027000,-0.780000,-12.962000,23.649000,5.878000,34.04
2011084266,-0.544000,0.017000,-0.837000,-15.267000,19.130000,5.985000,34.08
2011096416,-0.493000,-0.025000,-0.777000,-13.893000,21.053000,6.260000,34.04
2011107081,-0.510000,-0.038000,-0.791000,-12.168000,23.664000,5.954000,34.08
2011118014,-0.555000,-0.025000,-0.787000,-12.443000,22.031000,6.504000,34.04
2011132020,-0.542000,-0.023000,-0.823000,-13.267000,19.756000,7.573000,34.08
2011137022,-0.498000,-0.037000,-0.762000,-12.137000,17.893000,6.824000,34.08
2011147629,-0.493000,0.010000,-0.812000,-10.290000,19.756000,5.420000,34.04
2011157408,-0.469000,0.021000,-0.813000,-11.740000,20.931000,3.618000,33.99
2011165468,-0.529000,0.044000,-0.795000,-14.412000,20.947000,3.954000,34.04
2011172532,-0.503000,0.029000,-0.803000,-16.626000,19.618000,3.160000,34.08
2011186188,-0.506000,0.026000,-0.803000,-16.718000,19.374000,2.885000,34.04
2011199365,-0.521000,0.016000,-0.819000,-17.160000,16.840000,3.725000,34.08
2011210152,-0.515000,0.009000,-0.796000,-15.099000,15.954000,5.023000,34.04
2011216874,-0.515000,0.037000,-0.813000,-14.885000,13.115000,6.748000,34.08
2011224552,-0.483000,0.060000,-0.808000,-14.580000,11.740000,6.763000,34.04
2011236410,-0.468000,0.097000,-0.813000,-14.626000,11.420000,7.160000,33.99
2011246693,-0.458000,0.083000,-0.823000,-15.496000,11.939000,6.840000,34.08
2011258307,-0.468000,0.088000,-0.792000,-14.550000,13.389000,5.893000,34.13
2011268255,-0.486000,0.087000,-0.843000,-15.344000,14.427000,5.527000,34.08
2011272962,-0.483000,0.091000,-0.854000,-15.405000,13.466000,3.542000,34.08
2011284491,-0.548000,0.073000,-0.830000,-16.244000,13.740000,6.290000,34.08
2011296969,-0.519000,0.071000,-0.807000,-16.122000,8.168000,4.275000,34.04
2011307956,-0.548000,0.100000,-0.840000,-18.290000,9.954000,6.641000,34.08
2011316834,-0.497000,0.076000,-0.833000,-19.710000,8.275000,8.153000,34.04
2011325646,-0.483000,0.059000,-0.820000,-17.985000,8.687000,8.473000,33.99
2011337410,-0.464000,0.084000,-0.831000,-17.817000,11.481000,8.061000,34.04
2011343450,-0.444000,0.073000,-0.851000,-15.832000,13.725000,7.969000,33.99
2011357436,-0.515000,0.103000,-0.858000,-16.718000,15.893000,7.527000,34.08
2011368290,-0.504000,0.091000,-0.850000,-16.992000,12.397000,10.565000,34.04
2011373514,-0.482000,0.113000,-0.852000,-17.969000,11.664000,11.313000,34.08
2011385023,-0.486000,0.096000,-0.857000,-18.687000,11.267000,11.908000,33.94
2011397263,-0.461000,0.092000,-0.859000,-19.405000,11.802000,12.794000,34.08
2011408613,-0.435000,0.065000,-0.841000,-16.794000,14.153000,11.511000,34.04
2011416648,-0.432000,0.108000,-0.861000,-15.298000,17.008000,11.160000,33.99
2011425302,-0.453000,0.094000,-0.870000,-15.588000,19.191000,10.489000,34.04
2011437747,-0.472000,0.075000,-0.867000,-15.084000,19.695000,11.008000,34.18
2011446696,-0.443000,0.058000,-0.860000,-14.702000,19.420000,10.534000,34.04
2011455344,-0.425000,0.063000,-0.870000,-14.519000,21.939000,9.634000,34.08
2011469120,-0.419000,0.072000,-0.844000,-14.733000,24.809000,7.634000,33.99
2011474056,-0.474000,0.158000,-0.834000,-15.893000,26.626000,7.160000,34.04
2011484855,-0.435000,0.121000,-0.877000,-19.496000,27.450000,6.351000,34.08
2011498273,-0.436000,0.031000,-0.867000,-17.969000,29.527000,6.015000,34.08
2011507042,-0.505000,0.087000,-0.930000,-12.733000,31.496000,6.366000,34.18
2011517519,-0.494000,0.052000,-0.879000,-10.550000,25.115000,7.832000,33.94
2011526908,-0.480000,0.123000,-0.852000,-9.649000,21.985000,9.053000,34.08
2011539295,-0.431000,0.162000,-0.855000,-11.191000,20.061000,9.450000,34.04
2011545118,-0.401000,0.175000,-0.862000,-12.855000,22.244000,8.916000,34.08
2011556254,-0.409000,0.185000,-0.856000,-13.237000,23.084000,7.466000,34.13
2011571118,-0.394000,0.182000,-0.857000,-13.863000,24.366000,5.130000,34.08
2011575628,-0.417000,0.176000,-0.975000,-15.542000,23.832000,4.855000,34.08
2011585399,-0.447000,0.091000,-0.900000,-13.603000,26.458000,7.130000,34.04
2011593366,-0.468000,0.100000,-0.897000,-11.206000,26.489000,9.786000,34.08
2011609095,-0.458000,0.113000,-0.893000,-10.641000,24.046000,11.969000,34.13
2011617082,-0.416000,0.160000,-0.877000,-10.412000,23.298000,13.496000,33.99
2011624232,-0.421000,0.194000,-0.902000,-11.634000,21.878000,12.855000,34.04
2011635778,-0.381000,0.193000,-0.907000,-14.748000,21.603000,11.496000,34.08
2011647486,-0.391000,0.156000,-0.915000,-14.336000,23.053000,11.145000,34.13
2011656928,-0.440000,0.177000,-0.944000,-16.611000,24.855000,11.450000,34.08
2011668280,-0.432000,0.147000,-0.908000,-17.084000,24.031000,11.679000,34.04
2011676622,-0.409000,0.150000,-0.916000,-17.634000,24.061000,12.061000,34.04
2011684858,-0.402000,0.172000,-0.902000,-17.389000,24.260000,11.679000,34.08
2011696703,-0.400000,0.205000,-0.918000,-18.687000,23.802000,12.809000,33.94
2011709534,-0.383000,0.166000,-0.899000,-19.374000,24.382000,11.756000,34.08
2011719239,-0.359000,0.177000,-0.903000,-15.985000,20.580000,9.084000,34.04
2011725529,-0.357000,0.195000,-0.928000,-19.176000,28.550000,11.496000,34.08
2011739101,-0.400000,0.144000,-0.921000,-19.557000,28.015000,13.573000,34.04
2011748064,-0.412000,0.156000,-0.955000,-19.176000,28.809000,13.344000,33.99
2011755955,-0.395000,0.168000,-0.923000,-20.809000,27.908000,13.908000,34.13
2011766974,-0.429000,0.185000,-0.948000,-21.863000,28.473000,15.298000,33.99
2011779120,-0.432000,0.177000,-0.934000,-25.817000,26.718000,14.382000,33.94
2011784232,-0.404000,0.227000,-0.927000,-26.473000,25.344000,12.901000,34.08
2011798324,-0.338000,0.251000,-0.938000,-28.733000,24.977000,12.519000,34.08
2011805800,-0.311000,0.188000,-0.963000,-31.221000,26.779000,13.542000,34.04
2011815701,-0.377000,0.161000,-0.974000,-28.015000,28.183000,17.695000,34.08
2011825463,-0.355000,0.185000,-0.941000,-27.817000,27.542000,20.656000,34.04
2011838842,-0.369000,0.235000,-0.945000,-30.504000,27.237000,23.435000,33.99
2011848143,-0.396000,0.267000,-0.931000,-33.023000,24.427000,27.267000,34.04
2011854740,-0.313000,0.292000,-0.925000,-36.443000,19.695000,27.771000,34.08
2011867840,-0.260000,0.302000,-0.936000,-37.466000,19.924000,29.405000,34.13
2011878771,-0.241000,0.298000,-0.943000,-37.282000,22.168000,28.244000,34.08
2011883890,-0.232000,0.279000,-0.949000,-37.420000,21.771000,28.718000,34.04
2011897390,-0.206000,0.263000,-0.941000,-35.267000,24.641000,28.565000,34.08
2011905557,-0.270000,0.295000,-0.933000,-34.107000,27.282000,30.198000,34.18
2011915438,-0.271000,0.307000,-0.922000,-33.679000,25.802000,31.176000,34.04
2011926768,-0.267000,0.338000,-0.938000,-33.511000,24.519000,33.145000,34.08
2011937721,-0.261000,0.324000,-0.926000,-38.015000,24.702000,36.061000,33.99
2011947541,-0.246000,0.303000,-0.900000,-36.321000,23.252000,36.687000,34.08
2011955628,-0.182000,0.296000,-0.927000,-33.725000,24.443000,34.901000,34.04
2011966766,-0.159000,0.287000,-0.906000,-28.901000,31.374000,32.000000,34.18
2011976695,-0.212000,0.309000,-0.912000,-25.267000,36.321000,30.290000,34.04
2011983202,-0.250000,0.360000,-0.961000,-23.557000,37.756000,28.641000,34.08
2011996863,-0.269000,0.363000,-0.948000,-28.672000,37.176000,28.504000,34.04
2012005373,-0.244000,0.305000,-0.905000,-30.489000,34.565000,26.076000,34.08
2012015112,-0.149000,0.316000,-0.911000,-27.511000,36.214000,22.031000,34.13
2012026537,-0.140000,0.309000,-0.954000,-24.824000,41.313000,18.855000,33.99
2012042982,-0.141000,0.286000,-0.943000,-19.679000,43.282000,16.092000,34.08
2012048176,-0.142000,0.332000,-0.947000,-16.458000,45.832000,15.099000,34.04
2012058315,-0.151000,0.341000,-0.953000,-17.160000,47.481000,14.473000,34.08
2012068319,-0.108000,0.331000,-0.951000,-18.183000,49.191000,12.153000,34.04
2012077347,-0.102000,0.336000,-0.952000,-17.893000,54.656000,9.649000,34.08
2012083320,-0.059000,0.345000,-0.933000,-16.977000,60.122000,1.679000,34.04
2012095111,-0.074000,0.364000,-1.011000,-17.359000,64.046000,-2.840000,34.08
2012111452,-0.144000,0.311000,-0.970000,-17.847000,70.260000,-4.473000,34.13
2012121589,-0.212000,0.331000,-0.974000,-20.656000,63.771000,-3.588000,33.99
2012126895,-0.147000,0.346000,-0.978000,-25.359000,61.435000,-2.901000,34.04
2012134888,-0.167000,0.346000,-0.984000,-29.115000,61.832000,-0.718000,33.99
2012146786,-0.163000,0.313000,-0.959000,-29.344000,62.244000,-1.344000,34.04
2012156982,-0.111000,0.313000,-0.954000,-26.595000,61.450000,-2.855000,34.08
2012169509,-0.163000,0.381000,-0.940000,-26.489000,57.557000,-2.092000,34.08
2012179345,-0.053000,0.358000,-0.938000,-24.641000,55.359000,-2.855000,34.04
2012183490,-0.119000,0.413000,-0.958000,-25.023000,53.786000,0.885000,33.99
2012194772,-0.141000,0.443000,-0.911000,-28.534000,46.611000,4.947000,34.04
2012210455,-0.058000,0.433000,-0.917000,-32.595000,41.481000,9.786000,33.99
2012220143,-0.025000,0.380000,-0.892000,-30.534000,42.076000,13.023000,34.04
2012226437,-0.015000,0.379000,-0.887000,-25.237000,42.656000,16.443000,34.18
2012238629,0.012000,0.403000,-0.901000,-19.466000,43.847000,18.901000,34.04
2012248350,-0.011000,0.454000,-0.884000,-15.695000,44.260000,20.519000,34.08
2012256991,-0.026000,0.513000,-0.906000,-15.847000,42.794000,21.313000,34.04
2012267818,-0.055000,0.538000,-0.920000,-20.473000,39.237000,21.664000,34.08
2012278809,-0.059000,0.497000,-0.914000,-24.229000,35.099000,20.885000,34.04
2012283672,-0.094000,0.480000,-0.942000,-27.099000,30.534000,19.863000,34.08
2012294622,-0.089000,0.437000,-0.915000,-30.580000,25.008000,21.344000,34.13
2012310649,0.040000,0.368000,-0.925000,-26.870000,23.557000,20.168000,34.08
2012319928,0.002000,0.434000,-0.931000,-23.450000,26.687000,20.473000,33.99
2012327827,-0.001000,0.477000,-0.875000,-24.000000,24.534000,21.038000,34.04
2012334923,0.095000,0.467000,-0.880000,-23.405000,24.336000,18.290000,34.18
2012346271,0.099000,0.489000,-0.904000,-25.374000,28.885000,14.351000,34.04
2012356853,0.057000,0.461000,-0.888000,-24.336000,29.924000,12.687000,34.08
2012370115,0.098000,0.386000,-0.907000,-20.275000,31.023000,11.130000,34.04
2012378328,0.080000,0.359000,-0.915000,-13.985000,33.969000,11.389000,34.08
2012383164,0.015000,0.403000,-0.912000,-12.092000,34.779000,12.977000,34.13
2012394853,0.012000,0.421000,-0.901000,-12.198000,33.557000,12.473000,33.99
2012406961,0.035000,0.425000,-0.906000,-13.725000,32.076000,11.099000,34.04
2012422420,0.084000,0.414000,-0.905000,-15.664000,31.511000,8.504000,34.08
2012427811,0.093000,0.410000,-0.887000,-12.214000,33.710000,3.649000,33.94
2012436049,0.138000,0.430000,-0.926000,-11.267000,33.298000,1.313000,33.99
2012449250,0.129000,0.427000,-0.920000,-9.344000,36.626000,0.183000,34.04
2012454537,0.079000,0.480000,-0.880000,-10.992000,36.641000,0.244000,33.99
2012465553,0.084000,0.491000,-0.917000,-14.366000,33.389000,2.824000,34.08
2012477359,0.139000,0.439000,-0.895000,-17.359000,33.084000,0.321000,33.94
2012485737,0.127000,0.420000,-0.885000,-12.763000,32.427000,-0.550000,34.08
2012495850,0.153000,0.476000,-0.913000,-8.824000,33.542000,-2.702000,34.04
2012504189,0.128000,0.504000,-0.896000,-7.435000,30.992000,-1.053000,34.18
2012518485,0.161000,0.522000,-0.897000,-7.634000,30.137000,-1.603000,34.04
2012527079,0.084000,0.573000,-0.888000,-12.092000,28.656000,-1.160000,34.08
2012534455,0.124000,0.593000,-0.896000,-17.847000,25.634000,-1.939000,34.04
2012547382,0.079000,0.598000,-0.905000,-24.931000,19.084000,2.427000,33.99
2012555049,0.182000,0.462000,-0.895000,-24.672000,16.947000,3.557000,34.13
2012566223,0.240000,0.449000,-0.877000,-13.405000,18.718000,4.534000,33.99
2012578278,0.182000,0.558000,-0.927000,-10.092000,21.237000,8.519000,34.04
2012586166,0.186000,0.582000,-0.886000,-10.840000,19.145000,9.771000,34.04
2012596753,0.200000,0.664000,-0.922000,-13.420000,20.412000,8.840000,33.99
2012605046,0.138000,0.660000,-0.933000,-21.756000,20.412000,9.786000,34.08
2012618197,0.193000,0.565000,-0.925000,-23.634000,17.588000,9.985000,34.08
2012627468,0.245000,0.531000,-0.964000,-19.863000,19.435000,10.794000,34.13
2012635994,0.190000,0.535000,-0.961000,-17.435000,21.084000,14.153000,34.08
2012647880,0.214000,0.539000,-0.958000,-16.763000,20.901000,15.786000,34.13
2012657628,0.193000,0.569000,-0.952000,-18.290000,23.130000,17.725000,34.08
2012668466,0.172000,0.596000,-0.953000,-22.504000,23.496000,18.748000,34.04
2012677422,0.192000,0.562000,-0.930000,-24.885000,23.359000,18.290000,34.08
2012687675,0.246000,0.515000,-0.940000,-23.466000,24.000000,17.023000,34.04
2012692670,0.260000,0.506000,-0.959000,-19.725000,28.779000,16.321000,34.08
2012704027,0.206000,0.490000,-0.940000,-17.725000,31.557000,17.023000,33.99
2012720103,0.184000,0.508000,-0.903000,-17.298000,31.679000,17.496000,34.04
2012726026,0.162000,0.512000,-0.906000,-19.084000,31.802000,18.443000,33.99
2012736640,0.204000,0.479000,-0.886000,-21.725000,31.542000,17.084000,34.04
2012749066,0.215000,0.488000,-0.877000,-18.870000,33.832000,15.649000,34.08
2012758806,0.242000,0.474000,-0.900000,-16.733000,34.656000,14.412000,34.04
2012768902,0.271000,0.443000,-0.885000,-13.115000,36.443000,12.733000,34.08
2012778984,0.271000,0.490000,-0.884000,-9.969000,38.641000,12.076000,34.04
2012788871,0.245000,0.507000,-0.885000,-10.840000,39.374000,11.908000,33.99
2012793925,0.248000,0.511000,-0.869000,-11.588000,40.321000,9.618000,34.04
2012804855,0.261000,0.556000,-0.875000,-14.321000,39.725000,7.313000,33.99
2012818042,0.243000,0.554000,-0.886000,-18.168000,39.618000,5.252000,34.04
2012830066,0.235000,0.500000,-0.883000,-17.115000,39.282000,3.313000,34.08
2012837111,0.300000,0.458000,-0.885000,-13.481000,38.321000,1.267000,33.99
2012851053,0.346000,0.502000,-0.873000,-10.473000,40.473000,0.015000,34.13
2012859195,0.344000,0.566000,-0.886000,-12.076000,42.611000,0.183000,33.99
2012864510,0.317000,0.598000,-0.868000,-14.504000,43.985000,-0.992000,34.04
2012877807,0.317000,0.646000,-0.891000,-18.718000,42.198000,0.122000,34.18
2012888432,0.333000,0.592000,-0.921000,-24.718000,42.992000,2.092000,34.13
2012894512,0.382000,0.488000,-0.893000,-22.824000,44.168000,1.221000,34.08
2012905879,0.399000,0.532000,-0.894000,-16.076000,47.389000,0.519000,34.04
2012916946,0.378000,0.583000,-0.923000,-16.489000,52.137000,1.053000,33.99
2012927956,0.339000,0.618000,-0.883000,-18.809000,53.023000,-0.458000,34.08
2012937130,0.281000,0.679000,-0.874000,-26.397000,51.603000,-0.992000,34.13
2012950010,0.251000,0.673000,-0.889000,-35.939000,45.954000,-0.260000,33.99
2012959584,0.319000,0.618000,-0.854000,-40.885000,41.008000,-1.832000,34.13
2012966429,0.377000,0.602000,-0.883000,-39.496000,39.634000,-1.496000,34.18
2012983441,0.418000,0.596000,-0.885000,-39.328000,43.389000,-0.260000,34.13
2012990702,0.379000,0.574000,-0.864000,-36.351000,45.374000,3.756000,34.08
2012994564,0.358000,0.628000,-0.838000,-35.252000,43.740000,7.206000,34.13
2013006219,0.323000,0.701000,-0.826000,-40.855000,39.924000,11.725000,34.08
2013018538,0.365000,0.702000,-0.806000,-46.687000,34.763000,13.252000,34.04
2013029403,0.417000,0.705000,-0.786000,-50.229000,33.359000,11.374000,34.13
2013035070,0.437000,0.699000,-0.771000,-49.695000,35.542000,10.702000,34.08
2013046213,0.490000,0.670000,-0.787000,-48.336000,34.855000,10.916000,34.08
2013057070,0.523000,0.657000,-0.764000,-45.053000,40.305000,13.160000,33.99
2013067554,0.443000,0.666000,-0.759000,-42.458000,44.992000,16.656000,34.04
2013077597,0.407000,0.666000,-0.760000,-43.084000,41.542000,23.771000,34.08
2013089313,0.448000,0.663000,-0.757000,-46.458000,41.252000,27.466000,34.13
2013095536,0.435000,0.666000,-0.707000,-43.099000,46.412000,30.321000,34.08
2013106699,0.407000,0.670000,-0.743000,-43.145000,47.023000,31.664000,34.04
2013118788,0.406000,0.639000,-0.726000,-43.588000,42.260000,33.176000,34.08
2013129878,0.475000,0.612000,-0.702000,-39.115000,47.832000,33.603000,34.08
2013134891,0.454000,0.649000,-0.717000,-36.382000,50.198000,33.756000,34.04
2013146660,0.444000,0.651000,-0.726000,-37.038000,51.008000,35.420000,34.08
2013163833,0.502000,0.628000,-0.693000,-38.412000,52.519000,33.664000,34.04
2013166618,0.484000,0.635000,-0.696000,-36.229000,57.939000,32.000000,34.08
2013176584,0.431000,0.638000,-0.728000,-38.519000,59.878000,29.374000,34.04
2013185924,0.463000,0.592000,-0.682000,-38.641000,57.939000,27.710000,34.18
2013196097,0.510000,0.588000,-0.710000,-35.603000,59.893000,25.481000,34.13
2013207044,0.426000,0.578000,-0.723000,-34.931000,62.779000,26.321000,34.18
2013214413,0.386000,0.614000,-0.658000,-36.198000,57.756000,27.069000,34.04
2013227270,0.448000,0.675000,-0.647000,-41.313000,53.710000,27.985000,34.08
2013236261,0.582000,0.620000,-0.645000,-44.031000,55.038000,25.176000,34.08
2013248054,0.626000,0.587000,-0.621000,-38.611000,62.214000,22.458000,34.04
2013258236,0.571000,0.615000,-0.658000,-34.015000,67.038000,22.748000,34.08
2013266083,0.551000,0.619000,-0.611000,-32.122000,65.878000,23.466000,34.18
2013277170,0.540000,0.652000,-0.602000,-32.397000,64.504000,25.756000,34.08
2013285171,0.506000,0.677000,-0.597000,-35.939000,60.702000,26.626000,33.94
2013295891,0.493000,0.651000,-0.583000,-39.908000,56.641000,26.855000,34.08
2013302021,0.533000,0.606000,-0.556000,-38.870000,53.084000,27.160000,34.04
2013314524,0.554000,0.608000,-0.592000,-36.901000,49.786000,29.115000,33.99
2013327905,0.586000,0.627000,-0.562000,-37.191000,48.168000,32.504000,34.13
2013336333,0.618000,0.575000,-0.543000,-36.611000,48.779000,31.527000,34.08
2013347226,0.573000,0.637000,-0.486000,-34.687000,48.489000,32.763000,33.99
2013359807,0.503000,0.677000,-0.473000,-35.557000,43.786000,30.550000,34.04
2013365100,0.531000,0.658000,-0.461000,-40.580000,34.870000,30.092000,34.08
2013376723,0.555000,0.668000,-0.419000,-42.977000,29.023000,28.351000,33.94
2013387635,0.612000,0.676000,-0.385000,-44.076000,20.733000,26.916000,33.99
2013395664,0.699000,0.690000,-0.391000,-43.038000,14.412000,28.382000,34.04
2013402422,0.797000,0.654000,-0.387000,-43.664000,11.588000,30.244000,34.18
2013414707,0.822000,0.639000,-0.362000,-36.656000,15.527000,28.702000,34.04
2013426729,0.778000,0.681000,-0.318000,-31.008000,13.954000,27.817000,34.08
2013436659,0.765000,0.700000,-0.333000,-29.557000,10.000000,28.366000,34.13
2013446878,0.760000,0.697000,-0.335000,-28.351000,5.710000,28.244000,34.04
2013460483,0.729000,0.749000,-0.312000,-28.565000,-0.763000,28.168000,34.08
2013465985,0.767000,0.743000,-0.346000,-31.634000,-6.214000,28.168000,34.04
2013477858,0.816000,0.699000,-0.328000,-32.275000,-9.588000,27.267000,34.18
2013486135,0.847000,0.670000,-0.345000,-28.260000,-9.725000,24.840000,34.13
2013496682,0.800000,0.658000,-0.361000,-24.229000,-10.672000,23.527000,34.08
2013502650,0.790000,0.649000,-0.364000,-21.573000,-14.504000,21.176000,34.04
2013515001,0.810000,0.645000,-0.365000,-18.824000,-19.191000,20.397000,34.08
2013526956,0.785000,0.654000,-0.360000,-15.969000,-23.450000,18.519000,34.04
2013537701,0.775000,0.638000,-0.371000,-14.168000,-27.389000,14.122000,34.08
2013545523,0.785000,0.621000,-0.364000,-12.351000,-33.252000,12.092000,34.13
2013558164,0.855000,0.588000,-0.376000,-8.611000,-33.267000,6.443000,34.08
2013566305,0.839000,0.591000,-0.395000,-3.634000,-32.595000,2.305000,34.08
2013577240,0.841000,0.582000,-0.412000,0.046000,-32.947000,-0.687000,34.04
2013585615,0.832000,0.573000,-0.416000,4.031000,-32.550000,-2.947000,34.08
2013597005,0.784000,0.596000,-0.413000,5.588000,-35.023000,-6.336000,34.22
2013603022,0.805000,0.596000,-0.440000,7.588000,-31.221000,-9.252000,34.18
2013616174,0.769000,0.608000,-0.428000,8.366000,-32.580000,-12.779000,34.13
2013628192,0.765000,0.620000,-0.457000,7.115000,-34.519000,-17.160000,33.99
2013634707,0.729000,0.611000,-0.457000,7.084000,-38.214000,-17.740000,34.13
2013648281,0.773000,0.600000,-0.458000,9.221000,-41.374000,-20.061000,34.08
2013658868,0.796000,0.582000,-0.486000,12.336000,-39.573000,-21.328000,34.04
2013667015,0.803000,0.595000,-0.469000,15.511000,-38.290000,-22.550000,34.08
2013674149,0.780000,0.624000,-0.486000,18.992000,-33.893000,-25.160000,33.94
2013686111,0.742000,0.633000,-0.499000,20.504000,-34.061000,-26.901000,34.08
2013696645,0.719000,0.642000,-0.486000,19.313000,-34.443000,-28.565000,34.08
2013703161,0.699000,0.649000,-0.471000,18.015000,-34.885000,-30.794000,34.08
2013715152,0.685000,0.647000,-0.495000,17.130000,-37.832000,-31.878000,34.08
2013727286,0.665000,0.648000,-0.506000,16.397000,-41.939000,-31.359000,34.04
2013736810,0.681000,0.627000,-0.512000,17.893000,-42.031000,-31.298000,34.08
2013747209,0.689000,0.625000,-0.508000,19.191000,-44.366000,-31.344000,34.13
2013758197,0.681000,0.632000,-0.510000,23.130000,-44.534000,-32.290000,34.18
2013765893,0.682000,0.619000,-0.489000,26.870000,-41.710000,-32.244000,34.13
2013777285,0.644000,0.663000,-0.515000,26.458000,-42.885000,-34.000000,33.99
2013786335,0.619000,0.663000,-0.536000,26.489000,-43.053000,-35.084000,33.94
2013797081,0.552000,0.684000,-0.535000,24.061000,-47.237000,-35.115000,33.99
2013802542,0.561000,0.665000,-0.562000,21.802000,-54.198000,-32.427000,34.08
2013816143,0.583000,0.643000,-0.562000,21.863000,-58.443000,-31.328000,33.94
2013829169,0.583000,0.617000,-0.559000,25.725000,-61.084000,-30.351000,34.18
2013838488,0.592000,0.620000,-0.573000,30.458000,-60.794000,-31.252000,34.04
2013846733,0.608000,0.619000,-0.532000,37.282000,-57.695000,-34.336000,34.08
2013861975,0.550000,0.648000,-0.583000,39.802000,-56.977000,-36.107000,34.04
2013868346,0.492000,0.678000,-0.593000,36.748000,-59.221000,-35.786000,34.08
2013876189,0.468000,0.694000,-0.578000,31.649000,-64.595000,-34.015000,34.04
2013886552,0.479000,0.692000,-0.588000,29.206000,-71.420000,-34.595000,34.08
2013897834,0.500000,0.662000,-0.615000,26.702000,-73.802000,-34.977000,34.04
2013902474,0.524000,0.599000,-0.634000,29.756000,-71.481000,-37.557000,33.99
2013914035,0.513000,0.593000,-0.600000,35.557000,-70.565000,-40.092000,34.04
2013930518,0.494000,0.605000,-0.622000,42.153000,-70.489000,-40.382000,34.18
2013940448,0.496000,0.630000,-0.648000,44.580000,-70.214000,-40.168000,33.99
2013946680,0.456000,0.628000,-0.692000,45.328000,-68.427000,-41.710000,34.13
2013957233,0.390000,0.640000,-0.675000,42.489000,-67.359000,-42.366000,33.99
2013967829,0.342000,0.623000,-0.706000,40.779000,-72.351000,-46.718000,34.04
2013977817,0.354000,0.599000,-0.696000,40.244000,-74.809000,-51.084000,33.99
2013987134,0.361000,0.566000,-0.719000,43.557000,-74.656000,-54.046000,34.13
2013995918,0.331000,0.582000,-0.719000,45.160000,-75.573000,-52.458000,34.08
2014006763,0.348000,0.615000,-0.699000,47.908000,-78.641000,-52.565000,34.04
2014013651,0.345000,0.613000,-0.762000,48.137000,-79.557000,-53.069000,33.99
2014030864,0.356000,0.583000,-0.794000,45.603000,-77.695000,-54.336000,34.04
2014037215,0.385000,0.511000,-0.743000,47.817000,-70.595000,-61.282000,34.04
2014048902,0.277000,0.506000,-0.752000,55.527000,-60.870000,-69.542000,34.08
2014060412,0.136000,0.546000,-0.731000,55.069000,-63.756000,-74.412000,34.04
2014069119,0.102000,0.579000,-0.716000,52.137000,-75.771000,-70.931000,33.99
2014076391,0.175000,0.553000,-0.763000,49.649000,-86.107000,-70.641000,34.04
2014089515,0.194000,0.510000,-0.744000,50.702000,-90.489000,-73.511000,34.08
2014099948,0.151000,0.480000,-0.806000,54.534000,-92.809000,-73.023000,34.04
2014106237,0.182000,0.466000,-0.852000,52.641000,-91.847000,-69.313000,33.99
2014113127,0.162000,0.412000,-0.772000,59.893000,-87.725000,-72.061000,34.04
2014127483,0.033000,0.474000,-0.800000,61.924000,-88.275000,-71.359000,34.08
2014138037,0.055000,0.483000,-0.779000,58.733000,-93.237000,-72.031000,34.04
2014145221,0.014000,0.470000,-0.780000,58.000000,-96.855000,-74.947000,34.08
2014159931,0.029000,0.471000,-0.760000,57.282000,-100.824000,-75.710000,34.08
2014165633,0.030000,0.456000,-0.795000,59.893000,-101.023000,-75.878000,34.04
2014176479,0.026000,0.444000,-0.805000,58.656000,-103.298000,-75.237000,34.08
2014188205,-0.007000,0.380000,-0.877000,61.053000,-100.870000,-74.107000,34.13
2014198252,-0.083000,0.398000,-0.794000,62.046000,-101.664000,-73.237000,33.99
2014205564,-0.152000,0.411000,-0.803000,61.618000,-103.954000,-71.985000,34.13
2014217017,-0.103000,0.402000,-0.781000,58.046000,-111.191000,-71.252000,33.99
2014228459,-0.029000,0.328000,-0.815000,62.046000,-107.863000,-74.366000,34.13
2014244010,-0.131000,0.362000,-0.795000,69.634000,-101.496000,-77.985000,34.08
2014246393,-0.297000,0.406000,-0.835000,69.527000,-104.641000,-73.817000,34.04
2014258127,-0.334000,0.416000,-0.847000,63.206000,-115.634000,-67.603000,34.18
2014272561,-0.247000,0.354000,-0.816000,57.160000,-126.290000,-62.870000,34.08
2014274748,-0.107000,0.265000,-0.912000,56.031000,-125.618000,-62.962000,34.13
2014285724,-0.094000,0.266000,-0.867000,61.786000,-113.496000,-70.153000,34.08
2014297908,-0.235000,0.248000,-0.855000,70.168000,-97.939000,-75.649000,34.08
2014305135,-0.448000,0.343000,-0.801000,71.832000,-96.718000,-76.153000,34.08
2014315086,-0.468000,0.335000,-0.838000,67.847000,-107.588000,-73.557000,34.04
2014330710,-0.485000,0.344000,-0.867000,59.267000,-116.656000,-65.160000,33.99
2014339783,-0.366000,0.213000,-0.866000,57.084000,-122.947000,-64.336000,34.04
2014348375,-0.362000,0.144000,-0.937000,62.336000,-115.969000,-65.786000,33.99
2014355540,-0.451000,0.128000,-0.903000,63.893000,-106.763000,-67.542000,34.04
2014368752,-0.483000,0.105000,-0.904000,66.351000,-104.076000,-68.595000,34.08
2014377996,-0.556000,0.150000,-0.902000,65.679000,-99.084000,-68.580000,34.08
2014384845,-0.629000,0.189000,-0.862000,60.824000,-101.679000,-67.771000,34.13
2014397087,-0.642000,0.187000,-0.923000,54.336000,-101.405000,-67.420000,33.99
2014409759,-0.597000,0.125000,-0.888000,48.794000,-98.748000,-69.832000,34.04
2014413447,-0.602000,0.082000,-0.853000,50.977000,-96.763000,-70.412000,33.99
2014424983,-0.616000,0.093000,-0.906000,49.191000,-93.344000,-68.840000,34.04
2014442161,-0.653000,0.096000,-0.931000,47.176000,-90.916000,-67.053000,34.08
2014452365,-0.680000,0.090000,-0.836000,43.496000,-90.641000,-66.427000,34.13
2014456282,-0.649000,0.088000,-0.796000,40.962000,-93.435000,-65.176000,33.99
2014466094,-0.553000,0.060000,-0.802000,42.351000,-93.817000,-65.053000,34.04
2014481678,-0.578000,0.077000,-0.844000,46.000000,-85.908000,-64.260000,34.08
2014486412,-0.616000,0.049000,-0.766000,47.420000,-82.214000,-64.534000,34.08
2014494919,-0.640000,0.023000,-0.823000,51.939000,-80.794000,-62.962000,34.13
2014506272,-0.674000,0.063000,-0.805000,49.374000,-78.702000,-61.435000,34.08
2014516935,-0.721000,0.078000,-0.762000,43.969000,-84.718000,-57.832000,34.08
2014523784,-0.680000,0.078000,-0.760000,38.000000,-91.649000,-53.389000,34.08
2014537742,-0.579000,0.003000,-0.768000,37.176000,-90.092000,-55.985000,34.04
2014547982,-0.625000,-0.021000,-0.748000,42.336000,-79.924000,-60.244000,33.99
2014556118,-0.698000,-0.006000,-0.711000,43.939000,-75.084000,-61.420000,34.04
2014566726,-0.730000,-0.021000,-0.693000,45.313000,-74.565000,-59.802000,34.08
2014578395,-0.737000,-0.039000,-0.678000,47.237000,-75.389000,-58.046000,34.04
2014585953,-0.738000,-0.002000,-0.722000,42.641000,-81.481000,-54.718000,34.08
2014597002,-0.702000,-0.030000,-0.727000,35.924000,-89.420000,-52.275000,34.04
2014609354,-0.633000,-0.122000,-0.645000,38.748000,-87.267000,-55.328000,34.04
2014617116,-0.722000,-0.091000,-0.602000,41.359000,-82.351000,-56.977000,34.08
2014627065,-0.772000,-0.067000,-0.607000,40.153000,-82.977000,-54.443000,34.04
2014633617,-0.796000,-0.063000,-0.594000,38.641000,-83.466000,-52.733000,34.18
2014652073,-0.807000,-0.100000,-0.634000,37.588000,-78.550000,-49.176000,34.13
2014659879,-0.772000,-0.175000,-0.605000,38.397000,-78.473000,-49.695000,34.08
2014665944,-0.743000,-0.233000,-0.548000,42.351000,-78.901000,-49.969000,34.13
2014677407,-0.760000,-0.198000,-0.561000,45.008000,-71.756000,-50.336000,34.18
2014688647,-0.802000,-0.172000,-0.507000,43.710000,-74.198000,-50.427000,34.04
2014695800,-0.800000,-0.155000,-0.504000,40.840000,-75.313000,-49.924000,34.08
2014706923,-0.867000,-0.154000,-0.531000,38.763000,-71.969000,-46.916000,34.13
2014719907,-0.870000,-0.208000,-0.490000,40.092000,-74.260000,-47.802000,34.13
2014724773,-0.863000,-0.255000,-0.456000,42.611000,-74.031000,-45.466000,33.99
2014738598,-0.794000,-0.307000,-0.455000,48.901000,-68.641000,-45.328000,34.08
2014746590,-0.854000,-0.295000,-0.448000,53.649000,-55.481000,-41.298000,34.08
2014763704,-0.823000,-0.297000,-0.411000,54.031000,-58.702000,-40.870000,34.04
2014770928,-0.821000,-0.279000,-0.409000,54.748000,-59.847000,-37.282000,34.08
2014777392,-0.839000,-0.277000,-0.399000,53.588000,-63.664000,-36.977000,34.04
2014790747,-0.798000,-0.291000,-0.390000,56.412000,-60.336000,-41.618000,34.08
2014796878,-0.881000,-0.288000,-0.361000,59.939000,-56.748000,-40.336000,34.04
2014808348,-0.873000,-0.318000,-0.363000,60.427000,-55.435000,-41.420000,33.99
2014816955,-0.869000,-0.324000,-0.335000,61.344000,-52.840000,-40.000000,34.04
2014824466,-0.897000,-0.340000,-0.382000,63.298000,-49.053000,-36.672000,34.04
2014834680,-0.843000,-0.331000,-0.352000,57.618000,-52.656000,-34.885000,34.08
2014846472,-0.759000,-0.348000,-0.341000,53.786000,-62.031000,-33.649000,34.04
2014860970,-0.804000,-0.243000,-0.367000,51.618000,-63.725000,-43.313000,34.08
2014869586,-0.828000,-0.267000,-0.347000,46.885000,-71.878000,-55.756000,34.13
2014877094,-0.756000,-0.352000,-0.261000,43.634000,-68.916000,-45.725000,33.99
2014889457,-0.736000,-0.370000,-0.257000,46.565000,-60.000000,-36.427000,34.04
2014898711,-0.786000,-0.356000,-0.262000,48.580000,-51.237000,-30.580000,34.08
2014906158,-0.790000,-0.374000,-0.297000,51.237000,-49.542000,-25.313000,34.04
2014916433,-0.792000,-0.397000,-0.305000,50.092000,-49.939000,-28.504000,34.08
2014928377,-0.804000,-0.424000,-0.253000,51.573000,-50.260000,-28.962000,34.04
2014933333,-0.876000,-0.402000,-0.241000,49.435000,-52.794000,-30.397000,34.04
2014944277,-0.880000,-0.405000,-0.228000,42.992000,-57.374000,-29.191000,33.99
2014957018,-0.868000,-0.412000,-0.218000,38.931000,-58.427000,-28.122000,33.99
2014966584,-0.846000,-0.424000,-0.194000,36.229000,-57.405000,-27.145000,34.08
2014975162,-0.840000,-0.415000,-0.145000,34.137000,-58.550000,-25.481000,34.04
2014986931,-0.786000,-0.405000,-0.160000,32.183000,-56.244000,-25.893000,34.08
2014996404,-0.843000,-0.405000,-0.155000,30.443000,-58.977000,-24.473000,34.22
2015006577,-0.838000,-0.465000,-0.167000,30.733000,-60.458000,-18.122000,33.99
2015017244,-0.824000,-0.448000,-0.177000,26.794000,-61.191000,-23.328000,34.04
2015027587,-0.815000,-0.486000,-0.117000,28.031000,-59.954000,-21.679000,34.08
2015036208,-0.853000,-0.415000,-0.090000,24.779000,-62.427000,-21.878000,34.04
2015042053,-0.798000,-0.460000,-0.070000,22.321000,-60.779000,-18.412000,34.08
2015054720,-0.795000,-0.465000,-0.042000,23.786000,-59.160000,-17.954000,34.08
2015067027,-0.800000,-0.465000,-0.047000,24.901000,-56.489000,-17.450000,34.04
2015073274,-0.832000,-0.449000,-0.046000,22.748000,-59.863000,-13.695000,33.99
2015088384,-0.791000,-0.453000,-0.037000,20.260000,-62.015000,-12.336000,34.04
2015099082,-0.768000,-0.457000,-0.019000,22.092000,-61.939000,-12.626000,34.08
2015106787,-0.751000,-0.470000,-0.026000,21.740000,-60.015000,-13.618000,34.04
2015117731,-0.791000,-0.445000,-0.004000,21.634000,-59.969000,-13.908000,33.99
2015126931,-0.797000,-0.461000,0.006000,17.908000,-61.725000,-11.740000,34.04
2015138384,-0.729000,-0.488000,0.048000,19.908000,-58.687000,-12.992000,34.08
2015145460,-0.789000,-0.438000,0.025000,19.740000,-56.595000,-16.107000,34.04
2015152377,-0.853000,-0.415000,0.025000,14.824000,-60.046000,-12.947000,33.99
2015171214,-0.810000,-0.428000,0.034000,8.702000,-65.969000,-8.122000,33.99
2015179643,-0.760000,-0.455000,0.074000,7.496000,-64.977000,-9.481000,34.08
2015185168,-0.737000,-0.503000,0.079000,12.626000,-61.588000,-10.962000,33.99
2015199242,-0.748000,-0.488000,0.067000,14.092000,-58.550000,-13.481000,34.04
2015206016,-0.730000,-0.488000,0.089000,15.313000,-55.328000,-11.649000,34.08
2015216365,-0.774000,-0.475000,0.098000,15.053000,-54.473000,-9.725000,34.04
2015226391,-0.794000,-0.477000,0.085000,5.603000,-57.939000,-9.130000,34.08
2015241361,-0.724000,-0.490000,0.107000,6.809000,-49.298000,-7.817000,34.04
2015245344,-0.661000,-0.528000,0.129000,12.397000,-36.519000,-12.229000,34.08
2015257136,-0.679000,-0.523000,0.073000,19.511000,-23.573000,-15.878000,34.04
2015269315,-0.717000,-0.483000,0.042000,22.076000,-14.702000,-18.473000,33.99
2015280099,-0.778000,-0.462000,0.019000,18.382000,-10.885000,-19.573000,34.18
2015286178,-0.779000,-0.459000,0.041000,15.313000,-10.534000,-17.588000,34.04
2015298285,-0.740000,-0.446000,0.083000,15.466000,-6.061000,-17.191000,33.99
2015310092,-0.738000,-0.429000,0.124000,16.473000,0.382000,-17.511000,34.13
2015315596,-0.736000,-0.438000,0.163000,20.031000,5.405000,-16.824000,34.08
2015329849,-0.756000,-0.447000,0.163000,19.893000,10.183000,-16.122000,34.04
2015337954,-0.771000,-0.435000,0.146000,20.565000,14.977000,-13.496000,34.08
2015345658,-0.785000,-0.432000,0.162000,18.382000,15.695000,-10.687000,34.04
2015356611,-0.774000,-0.442000,0.157000,17.328000,15.588000,-7.252000,34.08
2015364483,-0.739000,-0.444000,0.161000,16.962000,17.878000,-5.527000,34.04
2015377942,-0.726000,-0.455000,0.164000,17.817000,19.740000,-5.084000,34.08
2015387425,-0.719000,-0.441000,0.189000,17.588000,18.870000,-3.649000,34.08
2015395941,-0.740000,-0.446000,0.171000,17.817000,18.992000,-1.634000,33.99
2015407576,-0.755000,-0.445000,0.186000,15.847000,18.412000,0.550000,33.99
2015416767,-0.739000,-0.455000,0.186000,14.641000,16.458000,2.290000,34.04
2015427514,-0.732000,-0.477000,0.145000,14.412000,15.893000,2.947000,34.08
2015436269,-0.737000,-0.486000,0.124000,13.267000,14.870000,5.511000,34.04
2015445659,-0.718000,-0.466000,0.130000,9.267000,11.954000,5.634000,34.08
2015452769,-0.727000,-0.455000,0.134000,4.931000,8.397000,6.427000,34.13
2015464541,-0.710000,-0.457000,0.129000,1.863000,5.725000,6.748000,34.08
2015478975,-0.677000,-0.478000,0.142000,-0.611000,3.847000,5.664000,34.04
2015485636,-0.699000,-0.469000,0.138000,-2.885000,3.053000,4.183000,33.94
2015496245,-0.698000,-0.473000,0.139000,-5.405000,0.794000,3.573000,34.18
2015513223,-0.683000,-0.508000,0.145000,-4.794000,-0.214000,2.183000,34.04
2015518809,-0.672000,-0.520000,0.164000,-3.206000,1.191000,0.824000,33.99
2015524967,-0.671000,-0.524000,0.152000,-1.267000,2.153000,-0.168000,33.94
2015538929,-0.688000,-0.494000,0.144000,-3.008000,1.786000,-1.206000,33.99
2015547566,-0.708000,-0.477000,0.163000,-5.481000,-1.008000,-0.718000,34.04
2015554052,-0.683000,-0.474000,0.172000,-6.458000,-1.924000,-1.359000,34.08
2015567443,-0.681000,-0.463000,0.196000,-5.969000,-0.214000,-3.038000,34.13
2015575539,-0.683000,-0.456000,0.210000,-5.649000,1.038000,-3.725000,33.99
2015586372,-0.689000,-0.469000,0.179000,-5.863000,1.893000,-4.275000,34.04
2015596151,-0.714000,-0.466000,0.183000,-7.160000,2.122000,-4.321000,34.08
2015614616,-0.721000,-0.476000,0.190000,-6.336000,1.191000,-4.534000,34.08
2015620136,-0.724000,-0.484000,0.148000,-7.237000,0.718000,-4.244000,34.08
2015626446,-0.745000,-0.472000,0.146000,-9.985000,-1.863000,-3.847000,33.99
2015636340,-0.743000,-0.456000,0.150000,-12.015000,-5.298000,-2.580000,34.13
2015648251,-0.737000,-0.446000,0.162000,-14.122000,-7.603000,-1.557000,34.08
2015654408,-0.727000,-0.448000,0.175000,-14.855000,-9.176000,-1.084000,34.04
2015666223,-0.714000,-0.440000,0.166000,-15.710000,-9.756000,0.305000,34.08
2015678903,-0.710000,-0.443000,0.162000,-16.611000,-8.855000,0.809000,33.94
2015693390,-0.713000,-0.464000,0.182000,-16.366000,-8.015000,1.389000,34.08
2015695777,-0.725000,-0.467000,0.173000,-15.771000,-7.069000,2.336000,34.04
2015706717,-0.736000,-0.467000,0.165000,-15.924000,-7.679000,3.359000,34.08
2015719761,-0.736000,-0.463000,0.175000,-16.122000,-8.824000,4.550000,34.04
2015725307,-0.720000,-0.461000,0.176000,-16.580000,-9.023000,5.160000,34.04
2015735672,-0.711000,-0.455000,0.195000,-16.046000,-8.580000,4.763000,34.08
2015747521,-0.705000,-0.460000,0.197000,-15.328000,-7.771000,4.763000,34.13
2015756207,-0.705000,-0.458000,0.188000,-14.947000,-7.344000,4.901000,34.08
2015766756,-0.702000,-0.465000,0.192000,-14.901000,-6.336000,4.718000,34.04
2015774437,-0.700000,-0.475000,0.199000,-13.740000,-5.053000,4.748000,33.99
2015788120,-0.709000,-0.479000,0.185000,-13.191000,-3.038000,4.290000,34.04
2015797322,-0.724000,-0.478000,0.193000,-12.718000,-3.023000,4.809000,34.08
2015808660,-0.715000,-0.479000,0.194000,-11.847000,-3.252000,5.160000,34.04
2015818214,-0.705000,-0.472000,0.193000,-11.710000,-3.557000,5.267000,34.08
2015826376,-0.682000,-0.475000,0.196000,-10.947000,-3.588000,4.382000,34.13
2015837751,-0.689000,-0.468000,0.183000,-10.137000,-3.008000,4.061000,34.08
2015847330,-0.681000,-0.470000,0.180000,-9.969000,-1.817000,3.618000,34.08
2015857093,-0.679000,-0.468000,0.186000,-9.099000,-0.504000,2.534000,34.04
2015862675,-0.701000,-0.463000,0.179000,-9.069000,0.092000,2.382000,34.08
2015875738,-0.694000,-0.469000,0.178000,-9.328000,0.366000,1.863000,34.04
2015887799,-0.691000,-0.472000,0.179000,-9.145000,0.885000,1.298000,34.08
2015898307,-0.692000,-0.461000,0.181000,-9.115000,1.145000,1.466000,34.04
2015906459,-0.684000,-0.465000,0.188000,-8.992000,0.748000,1.405000,34.08
2015922888,-0.687000,-0.461000,0.186000,-8.901000,0.733000,0.870000,34.13
2015927850,-0.692000,-0.466000,0.191000,-8.611000,1.267000,-0.351000,34.08
2015936039,-0.716000,-0.462000,0.167000,-8.595000,0.672000,-0.885000,33.94
2015947506,-0.720000,-0.464000,0.172000,-9.771000,-0.137000,-1.099000,34.18
2015956765,-0.703000,-0.485000,0.205000,-10.092000,-0.351000,-1.328000,34.13
2015963526,-0.689000,-0.502000,0.195000,-8.473000,1.573000,-2.290000,34.13
2015975622,-0.703000,-0.487000,0.202000,-7.450000,2.855000,-2.626000,34.08
2015986286,-0.695000,-0.479000,0.226000,-6.000000,3.084000,-2.321000,34.08
2015998232,-0.676000,-0.472000,0.191000,-4.351000,6.473000,-2.718000,34.08
2016007124,-0.666000,-0.463000,0.179000,-4.015000,11.374000,-3.099000,34.04
2016015963,-0.631000,-0.479000,0.202000,-3.588000,17.221000,-3.878000,33.99
2016031264,-0.646000,-0.450000,0.197000,-1.313000,25.466000,-4.626000,34.13
2016033553,-0.658000,-0.444000,0.185000,0.550000,31.756000,-5.817000,34.08
2016047931,-0.659000,-0.421000,0.177000,2.641000,37.542000,-5.481000,34.04
2016055943,-0.670000,-0.432000,0.156000,4.397000,39.328000,-5.328000,33.99
2016064798,-0.692000,-0.426000,0.121000,5.557000,39.206000,-7.038000,34.04
2016076448,-0.762000,-0.405000,0.054000,4.168000,37.053000,-6.504000,34.08
2016083230,-0.785000,-0.410000,0.063000,-2.931000,31.206000,-5.344000,33.99
2016095812,-0.802000,-0.440000,0.122000,-7.679000,27.664000,-3.267000,34.04
2016106110,-0.811000,-0.458000,0.141000,-9.832000,26.382000,-1.603000,34.08
2016117717,-0.822000,-0.492000,0.098000,-12.504000,28.137000,-0.244000,34.04
2016134287,-0.850000,-0.545000,0.075000,-13.023000,26.885000,2.534000,34.08
2016136341,-0.854000,-0.536000,0.079000,-15.527000,24.000000,5.313000,34.13
2016146918,-0.837000,-0.527000,0.098000,-16.092000,21.038000,8.336000,34.08
2016158995,-0.806000,-0.492000,0.082000,-14.901000,20.779000,10.122000,34.13
2016167789,-0.794000,-0.450000,0.075000,-16.641000,20.443000,11.313000,33.99
2016176568,-0.754000,-0.473000,0.050000,-18.504000,18.855000,12.962000,34.13
2016183339,-0.752000,-0.497000,0.051000,-17.252000,19.282000,14.550000,34.08
2016200404,-0.737000,-0.484000,0.051000,-16.504000,19.878000,14.550000,34.04
2016206336,-0.727000,-0.467000,0.047000,-17.344000,18.626000,16.015000,34.08
2016216547,-0.703000,-0.464000,0.030000,-15.481000,19.695000,17.344000,33.99
2016232100,-0.719000,-0.461000,0.035000,-13.191000,21.130000,17.496000,34.13
2016240542,-0.712000,-0.441000,0.041000,-14.672000,22.366000,14.565000,34.18
2016246653,-0.753000,-0.442000,0.056000,-14.718000,19.985000,15.252000,34.13
2016253720,-0.724000,-0.429000,0.039000,-15.115000,19.313000,15.252000,33.99
2016268531,-0.743000,-0.449000,0.031000,-16.397000,18.489000,15.008000,34.04
2016276079,-0.757000,-0.476000,0.022000,-16.733000,16.748000,13.924000,34.08
2016282897,-0.753000,-0.456000,0.055000,-15.863000,15.191000,12.718000,34.04
2016296772,-0.771000,-0.441000,0.050000,-16.061000,12.992000,11.053000,34.08
2016309055,-0.759000,-0.415000,0.064000,-15.130000,9.115000,10.931000,34.13
2016315062,-0.749000,-0.419000,0.041000,-16.336000,8.458000,8.672000,33.99
2016326353,-0.757000,-0.426000,0.072000,-16.855000,5.130000,6.763000,34.13
2016338582,-0.738000,-0.463000,0.053000,-15.557000,2.855000,7.542000,34.08
2016346192,-0.718000,-0.453000,0.049000,-15.069000,3.359000,7.008000,34.08
2016356956,-0.733000,-0.452000,0.063000,-14.702000,3.038000,5.847000,33.99
2016367096,-0.747000,-0.441000,0.068000,-13.221000,2.366000,6.198000,34.08
2016377110,-0.711000,-0.443000,0.083000,-13.023000,1.557000,4.458000,34.04
2016383902,-0.701000,-0.427000,0.096000,-11.802000,1.969000,3.145000,33.99
2016399438,-0.710000,-0.409000,0.071000,-13.267000,0.916000,2.687000,34.04
2016408338,-0.729000,-0.422000,0.074000,-15.832000,-2.198000,3.008000,34.08
2016417785,-0.714000,-0.450000,0.082000,-15.237000,-3.160000,2.489000,34.04
2016428623,-0.709000,-0.470000,0.089000,-13.618000,-2.580000,1.145000,33.99
2016437090,-0.713000,-0.491000,0.068000,-10.321000,-0.748000,0.290000,34.04
2016448040,-0.729000,-0.483000,0.053000,-9.008000,-0.626000,0.656000,34.08
2016454432,-0.738000,-0.459000,0.081000,-7.267000,-0.427000,0.107000,34.04
2016466394,-0.770000,-0.419000,0.062000,-9.481000,-2.244000,-0.321000,34.04
2016478223,-0.738000,-0.429000,0.078000,-11.496000,-3.954000,-0.122000,34.08
2016483984,-0.707000,-0.448000,0.084000,-10.534000,-2.321000,-1.053000,34.04
2016497445,-0.701000,-0.451000,0.084000,-9.511000,0.305000,-2.382000,34.18
2016504974,-0.715000,-0.455000,0.075000,-9.405000,1.832000,-3.191000,34.04
2016516365,-0.731000,-0.442000,0.044000,-9.878000,2.122000,-3.588000,34.08
2016525898,-0.730000,-0.475000,0.031000,-10.153000,3.878000,-3.618000,34.04
2016539104,-0.751000,-0.475000,0.075000,-9.908000,5.481000,-3.191000,34.08
2016549008,-0.749000,-0.485000,0.053000,-5.832000,8.824000,-0.672000,34.04
2016555649,-0.769000,-0.412000,0.065000,-6.550000,11.985000,-2.229000,34.08
2016568771,-0.789000,-0.401000,0.037000,-8.107000,10.718000,-1.069000,34.04
2016577362,-0.774000,-0.427000,0.001000,-10.275000,10.107000,-0.992000,33.99
2016585165,-0.765000,-0.468000,0.012000,-9.115000,11.710000,-1.344000,34.08
2016596971,-0.783000,-0.440000,0.030000,-6.855000,13.802000,0.580000,34.04
2016606022,-0.780000,-0.408000,-0.004000,-7.832000,17.649000,1.496000,33.99
2016618491,-0.789000,-0.428000,-0.001000,-7.252000,18.290000,1.756000,34.13
2016624446,-0.800000,-0.405000,0.008000,-8.672000,18.275000,2.290000,34.08
2016639862,-0.789000,-0.398000,0.003000,-10.977000,15.420000,2.656000,34.04
2016647055,-0.772000,-0.413000,-0.027000,-10.718000,15.740000,2.122000,33.99
2016655481,-0.796000,-0.410000,-0.017000,-10.947000,19.771000,2.550000,34.13
2016667566,-0.783000,-0.429000,0.016000,-10.977000,23.221000,1.985000,33.99
2016679538,-0.778000,-0.462000,-0.026000,-8.137000,27.359000,3.557000,34.04
2016685957,-0.770000,-0.477000,-0.049000,-5.802000,33.450000,4.901000,34.13
2016692035,-0.807000,-0.451000,-0.020000,-4.489000,35.817000,6.412000,34.08
2016709773,-0.794000,-0.421000,-0.029000,-4.275000,34.229000,8.229000,34.04
2016718693,-0.802000,-0.389000,-0.025000,-4.962000,37.542000,8.412000,34.08
2016725997,-0.788000,-0.433000,-0.065000,-7.038000,37.252000,10.962000,34.04
2016737087,-0.758000,-0.456000,-0.037000,-2.489000,44.366000,8.305000,34.08
2016750253,-0.818000,-0.422000,-0.089000,-3.115000,47.527000,9.389000,34.04
2016755236,-0.809000,-0.422000,-0.091000,-4.779000,45.893000,11.634000,34.08
2016767184,-0.779000,-0.421000,-0.076000,-5.115000,49.634000,11.481000,34.04
2016778868,-0.805000,-0.399000,-0.117000,-7.664000,50.916000,11.878000,34.08
2016786728,-0.776000,-0.435000,-0.100000,-6.260000,54.107000,13.679000,34.04
2016797066,-0.806000,-0.410000,-0.106000,-7.206000,55.527000,14.000000,34.08
2016803871,-0.791000,-0.407000,-0.121000,-4.931000,57.649000,14.519000,34.08
2016819445,-0.799000,-0.373000,-0.133000,-5.740000,56.626000,12.641000,34.13
2016826410,-0.808000,-0.364000,-0.157000,-8.580000,55.405000,13.985000,34.08
2016836702,-0.809000,-0.410000,-0.155000,-8.046000,56.076000,15.786000,34.13
2016848753,-0.774000,-0.409000,-0.134000,-7.420000,55.374000,16.351000,34.08
2016856099,-0.774000,-0.395000,-0.148000,-5.481000,58.092000,17.573000,34.04
2016866214,-0.797000,-0.374000,-0.153000,-5.084000,61.328000,18.076000,34.08
2016882205,-0.826000,-0.376000,-0.160000,-8.840000,63.008000,20.931000,34.04
2016891607,-0.812000,-0.383000,-0.177000,-12.061000,62.168000,20.672000,33.99
2016896644,-0.828000,-0.377000,-0.174000,-12.626000,60.198000,20.198000,34.04
2016903366,-0.837000,-0.377000,-0.224000,-15.145000,59.710000,20.336000,34.18
2016919303,-0.853000,-0.387000,-0.200000,-15.115000,58.336000,19.313000,34.13
2016930553,-0.844000,-0.375000,-0.224000,-15.023000,56.229000,19.893000,34.04
2016938239,-0.822000,-0.379000,-0.270000,-17.954000,56.840000,21.237000,34.08
2016948417,-0.819000,-0.367000,-0.229000,-19.130000,56.290000,24.183000,33.99
2016960088,-0.818000,-0.348000,-0.255000,-19.756000,56.824000,25.374000,34.08
2016967941,-0.766000,-0.346000,-0.263000,-21.115000,56.687000,25.939000,34.13
2016978590,-0.750000,-0.352000,-0.253000,-19.466000,55.420000,24.305000,34.08
2016989389,-0.769000,-0.307000,-0.284000,-22.702000,56.733000,25.267000,34.04
2016999878,-0.778000,-0.333000,-0.311000,-24.885000,55.634000,23.756000,34.08
2017006879,-0.823000,-0.362000,-0.341000,-25.313000,55.542000,26.489000,34.04
2017013772,-0.828000,-0.359000,-0.350000,-25.664000,54.473000,25.939000,34.08
2017027237,-0.837000,-0.340000,-0.376000,-26.824000,50.611000,26.031000,34.04
2017036125,-0.859000,-0.338000,-0.317000,-28.916000,51.405000,31.328000,33.99
2017047384,-0.785000,-0.303000,-0.330000,-27.679000,47.115000,28.824000,34.08
2017061019,-0.780000,-0.287000,-0.370000,-31.344000,47.985000,28.153000,34.13
2017068329,-0.793000,-0.283000,-0.386000,-33.359000,47.557000,29.130000,34.18
2017077164,-0.745000,-0.282000,-0.382000,-32.733000,46.153000,27.542000,34.04
2017087127,-0.747000,-0.276000,-0.382000,-34.412000,44.244000,24.351000,33.99
2017097069,-0.778000,-0.292000,-0.383000,-34.382000,45.099000,26.153000,34.08
2017105943,-0.772000,-0.281000,-0.403000,-35.069000,43.893000,25.099000,34.08
2017112582,-0.781000,-0.293000,-0.383000,-36.427000,43.466000,24.046000,34.04
2017124598,-0.761000,-0.285000,-0.384000,-35.557000,40.763000,24.443000,34.08
2017138240,-0.745000,-0.268000,-0.414000,-35.893000,40.595000,22.626000,34.13
2017146866,-0.745000,-0.265000,-0.409000,-36.244000,39.298000,20.397000,33.99
2017158964,-0.754000,-0.236000,-0.405000,-36.397000,38.351000,18.076000,34.04
2017169342,-0.775000,-0.207000,-0.377000,-37.908000,36.031000,16.733000,33.99
2017176837,-0.742000,-0.231000,-0.420000,-39.954000,36.733000,15.908000,34.04
2017187650,-0.711000,-0.302000,-0.419000,-38.641000,37.710000,16.947000,34.04
2017196042,-0.709000,-0.307000,-0.397000,-33.939000,41.282000,17.771000,33.99
2017207786,-0.708000,-0.268000,-0.422000,-29.435000,43.542000,16.763000,34.13
2017216539,-0.732000,-0.244000,-0.437000,-27.725000,41.557000,16.977000,33.99
2017223222,-0.731000,-0.237000,-0.457000,-27.282000,42.595000,15.573000,34.04
2017240020,-0.719000,-0.222000,-0.459000,-27.969000,42.565000,13.176000,34.08
2017250244,-0.744000,-0.225000,-0.449000,-28.382000,42.870000,13.542000,34.04
2017256081,-0.695000,-0.214000,-0.439000,-27.969000,45.969000,10.550000,34.08
2017269532,-0.738000,-0.219000,-0.484000,-26.229000,47.359000,11.634000,33.94
2017276208,-0.745000,-0.244000,-0.469000,-26.748000,45.832000,12.534000,33.99
2017286441,-0.736000,-0.259000,-0.493000,-24.824000,45.664000,12.962000,34.04
2017296611,-0.722000,-0.251000,-0.465000,-24.183000,44.870000,12.763000,34.08
2017308816,-0.719000,-0.208000,-0.479000,-21.420000,47.389000,11.786000,34.04
2017315301,-0.706000,-0.182000,-0.525000,-22.794000,46.443000,11.466000,34.08
2017327061,-0.703000,-0.211000,-0.509000,-22.443000,46.702000,11.389000,34.08
2017338226,-0.711000,-0.175000,-0.503000,-22.412000,47.420000,10.901000,34.04
2017350360,-0.735000,-0.163000,-0.523000,-22.901000,46.443000,13.618000,34.08
2017356885,-0.746000,-0.149000,-0.540000,-25.145000,42.702000,13.023000,34.13
2017367996,-0.720000,-0.169000,-0.554000,-25.328000,42.397000,13.389000,33.99
2017378190,-0.729000,-0.146000,-0.570000,-26.153000,39.985000,14.122000,34.04
2017385728,-0.736000,-0.141000,-0.570000,-27.832000,38.885000,15.420000,33.99
2017397538,-0.699000,-0.158000,-0.544000,-25.603000,35.298000,15.145000,34.04
2017408891,-0.640000,-0.162000,-0.527000,-20.947000,38.443000,14.366000,34.08
2017417640,-0.686000,-0.132000,-0.562000,-17.008000,38.168000,11.695000,34.04
2017425745,-0.694000,-0.079000,-0.577000,-25.023000,31.695000,15.695000,33.99
2017432688,-0.672000,-0.106000,-0.554000,-27.557000,25.954000,15.374000,34.04
2017452442,-0.685000,-0.132000,-0.571000,-27.450000,27.511000,16.427000,33.99
2017460007,-0.707000,-0.113000,-0.605000,-27.053000,28.916000,16.489000,34.08
2017465600,-0.723000,-0.131000,-0.573000,-28.275000,25.267000,16.687000,33.99
2017478665,-0.696000,-0.106000,-0.602000,-27.328000,23.847000,15.527000,34.08
2017488912,-0.683000,-0.102000,-0.609000,-27.847000,21.649000,16.076000,34.04
2017496365,-0.678000,-0.115000,-0.605000,-27.527000,19.695000,17.084000,33.99
2017507168,-0.664000,-0.105000,-0.610000,-26.916000,17.802000,18.351000,34.13
2017518928,-0.640000,-0.104000,-0.603000,-26.580000,17.389000,18.458000,33.99
2017524610,-0.643000,-0.101000,-0.626000,-25.237000,19.206000,18.458000,34.04
2017536526,-0.636000,-0.090000,-0.629000,-25.664000,22.061000,17.664000,33.99
2017545248,-0.646000,-0.082000,-0.603000,-24.305000,17.527000,13.985000,34.04
2017556916,-0.698000,-0.063000,-0.619000,-25.908000,21.573000,15.756000,34.08
2017567037,-0.677000,-0.079000,-0.646000,-25.176000,20.061000,15.176000,34.04
2017579968,-0.671000,-0.086000,-0.612000,-24.183000,17.847000,14.809000,34.04
2017590648,-0.619000,-0.079000,-0.628000,-21.420000,18.305000,14.595000,33.99
2017595304,-0.621000,-0.086000,-0.663000,-19.130000,19.405000,15.328000,34.04
2017609661,-0.646000,-0.084000,-0.670000,-18.473000,19.466000,15.573000,34.08
2017619124,-0.637000,-0.082000,-0.625000,-15.099000,22.214000,13.649000,34.08
2017623296,-0.655000,-0.037000,-0.644000,-17.176000,21.832000,14.412000,33.99
2017635184,-0.633000,-0.038000,-0.643000,-19.053000,21.924000,12.443000,34.04
2017647425,-0.652000,-0.004000,-0.643000,-18.916000,22.412000,11.740000,34.08
2017658979,-0.637000,-0.018000,-0.648000,-19.603000,21.313000,10.763000,34.04
2017667340,-0.624000,-0.055000,-0.671000,-17.573000,22.015000,11.038000,34.08
2017676802,-0.622000,-0.074000,-0.678000,-14.962000,23.679000,12.244000,34.04
2017688353,-0.643000,-0.060000,-0.680000,-13.084000,24.336000,13.695000,34.08
2017697733,-0.652000,-0.059000,-0.685000,-10.840000,26.198000,15.023000,34.08
2017705483,-0.643000,-0.026000,-0.669000,-11.176000,27.038000,13.603000,34.04
2017716733,-0.661000,0.006000,-0.666000,-13.893000,25.771000,13.328000,33.99
2017725172,-0.647000,0.026000,-0.669000,-16.290000,25.847000,11.725000,34.13
2017734187,-0.642000,-0.019000,-0.672000,-16.687000,25.939000,11.374000,34.08
2017750757,-0.611000,-0.047000,-0.670000,-12.748000,25.023000,10.992000,34.04
2017759730,-0.597000,-0.064000,-0.712000,-10.061000,26.718000,12.595000,34.08
2017769192,-0.592000,-0.060000,-0.713000,-6.153000,29.206000,15.038000,34.13
2017777445,-0.623000,-0.027000,-0.707000,-4.046000,30.565000,16.840000,34.08
2017788701,-0.591000,0.031000,-0.742000,-3.969000,33.176000,14.458000,34.04
2017798173,-0.622000,0.012000,-0.704000,-6.626000,31.802000,15.954000,34.08
2017805429,-0.617000,0.037000,-0.694000,-8.336000,33.221000,13.893000,34.08
2017818044,-0.646000,0.050000,-0.736000,-9.969000,32.534000,11.603000,34.04
2017826640,-0.632000,0.008000,-0.736000,-11.954000,26.641000,11.618000,34.08
2017834375,-0.593000,0.003000,-0.726000,-11.405000,27.939000,12.336000,34.18
2017845740,-0.610000,-0.034000,-0.758000,-8.916000,28.947000,14.107000,34.18
2017856030,-0.589000,0.012000,-0.762000,-8.366000,27.160000,13.450000,34.04
2017867146,-0.572000,0.010000,-0.753000,-9.359000,29.115000,13.908000,33.99
2017876735,-0.597000,0.041000,-0.747000,-10.275000,30.580000,13.588000,34.04
2017888907,-0.618000,0.059000,-0.784000,-13.725000,28.137000,12.260000,34.08
2017896103,-0.614000,0.040000,-0.758000,-15.130000,28.611000,11.389000,34.13
2017905020,-0.603000,0.039000,-0.754000,-16.397000,26.611000,11.618000,34.08
2017918717,-0.564000,0.014000,-0.781000,-16.595000,26.595000,13.008000,34.08
2017929709,-0.538000,0.004000,-0.764000,-13.359000,25.695000,14.565000,34.13
2017933510,-0.523000,0.020000,-0.760000,-10.458000,26.092000,16.595000,33.99
2017945575,-0.534000,0.054000,-0.795000,-8.733000,29.634000,16.885000,34.04
2017958534,-0.526000,0.083000,-0.765000,-9.084000,31.145000,15.405000,34.08
2017970273,-0.556000,0.101000,-0.785000,-11.603000,31.099000,15.221000,34.04
2017977308,-0.592000,0.125000,-0.810000,-15.893000,28.412000,13.389000,34.08
2017987017,-0.572000,0.067000,-0.781000,-16.443000,29.023000,12.397000,34.13
2017998901,-0.607000,0.057000,-0.809000,-17.267000,28.992000,13.267000,34.08
2018004917,-0.608000,0.038000,-0.815000,-17.481000,26.992000,13.771000,34.04
2018015391,-0.593000,0.022000,-0.798000,-16.916000,24.412000,15.985000,33.94
2018027924,-0.557000,0.049000,-0.767000,-15.435000,22.397000,15.206000,34.08
2018036282,-0.534000,0.098000,-0.779000,-14.611000,23.038000,14.137000,34.04
2018045073,-0.527000,0.092000,-0.760000,-15.954000,25.634000,10.885000,34.08
2018050633,-0.569000,0.136000,-0.758000,-17.328000,26.870000,7.969000,33.99
2018068631,-0.557000,0.112000,-0.786000,-21.542000,25.313000,6.412000,34.08
2018078964,-0.572000,0.049000,-0.804000,-22.977000,24.504000,8.000000,34.04
2018084715,-0.593000,0.026000,-0.808000,-22.641000,22.748000,13.023000,33.99
2018097546,-0.535000,-0.003000,-0.775000,-17.725000,20.412000,18.076000,33.94
2018107111,-0.467000,0.042000,-0.794000,-13.008000,20.382000,22.168000,34.08
2018117417,-0.451000,0.077000,-0.803000,-9.557000,22.137000,23.496000,34.04
2018126492,-0.485000,0.165000,-0.812000,-10.031000,23.664000,23.374000,34.08
2018137601,-0.457000,0.188000,-0.802000,-13.206000,23.557000,19.435000,34.18
2018144831,-0.444000,0.179000,-0.824000,-14.718000,23.603000,15.740000,34.04
2018156642,-0.444000,0.135000,-0.851000,-17.908000,25.817000,13.954000,34.08
2018168592,-0.510000,0.075000,-0.828000,-15.191000,25.832000,13.267000,34.04
2018179060,-0.515000,0.094000,-0.835000,-18.260000,22.885000,18.595000,34.08
2018186138,-0.484000,0.096000,-0.836000,-16.565000,19.802000,22.397000,34.04
2018197669,-0.421000,0.110000,-0.837000,-15.176000,20.153000,24.351000,33.99
2018208066,-0.391000,0.106000,-0.871000,-12.718000,24.687000,24.473000,34.13
2018214966,-0.417000,0.106000,-0.833000,-11.237000,25.740000,23.695000,33.99
2018227917,-0.428000,0.146000,-0.819000,-9.053000,27.191000,22.229000,34.13
2018238918,-0.400000,0.186000,-0.859000,-9.756000,30.076000,17.740000,34.08
2018244491,-0.459000,0.200000,-0.844000,-13.252000,31.985000,14.824000,34.08
2018258116,-0.503000,0.210000,-0.855000,-17.832000,27.176000,12.931000,33.94
2018265802,-0.476000,0.139000,-0.845000,-22.076000,25.573000,13.221000,34.08
2018277562,-0.454000,0.101000,-0.848000,-20.809000,19.023000,9.527000,34.08
2018283429,-0.504000,0.138000,-0.861000,-21.084000,24.397000,15.191000,34.08
2018299555,-0.470000,0.131000,-0.856000,-19.344000,21.099000,15.435000,34.13
2018306666,-0.433000,0.159000,-0.832000,-19.023000,19.023000,15.145000,34.08
2018316394,-0.418000,0.216000,-0.853000,-19.832000,18.733000,14.000000,34.04
2018327174,-0.439000,0.231000,-0.861000,-24.885000,17.573000,14.840000,34.08
2018338719,-0.430000,0.202000,-0.846000,-26.626000,17.649000,13.252000,34.04
2018345167,-0.451000,0.208000,-0.862000,-27.359000,17.359000,13.328000,34.08
2018356015,-0.422000,0.151000,-0.851000,-27.023000,16.290000,13.649000,33.99
2018369689,-0.443000,0.160000,-0.862000,-24.931000,16.489000,15.511000,34.04
2018380552,-0.446000,0.187000,-0.858000,-23.466000,15.191000,16.748000,33.99
2018387130,-0.451000,0.250000,-0.859000,-25.160000,12.473000,17.603000,34.04
2018397315,-0.452000,0.274000,-0.859000,-30.595000,9.221000,18.718000,33.99
2018408758,-0.454000,0.282000,-0.856000,-34.779000,5.237000,20.519000,34.13
2018414732,-0.408000,0.266000,-0.835000,-37.481000,2.412000,20.992000,34.08
2018426334,-0.367000,0.246000,-0.826000,-35.313000,3.481000,20.412000,34.04
2018434730,-0.395000,0.261000,-0.859000,-33.374000,5.618000,21.374000,34.08
2018446385,-0.400000,0.225000,-0.847000,-31.252000,4.214000,22.824000,34.04
2018456239,-0.419000,0.250000,-0.859000,-27.099000,2.427000,23.435000,33.99
2018463057,-0.402000,0.289000,-0.866000,-29.313000,0.214000,26.290000,34.08
2018479777,-0.426000,0.274000,-0.848000,-32.137000,-2.687000,30.046000,34.13
2018488453,-0.382000,0.241000,-0.839000,-31.084000,-3.069000,30.489000,34.08
2018496663,-0.307000,0.217000,-0.845000,-28.595000,-1.099000,30.947000,34.08
2018508747,-0.303000,0.199000,-0.814000,-20.855000,4.489000,29.405000,33.99
2018514525,-0.331000,0.241000,-0.843000,-14.015000,8.718000,28.870000,34.04
2018525833,-0.363000,0.286000,-0.860000,-13.359000,7.344000,29.557000,34.08
2018538148,-0.319000,0.302000,-0.818000,-14.229000,12.107000,27.298000,34.13
2018547734,-0.348000,0.310000,-0.839000,-15.832000,14.260000,23.435000,34.08
2018556125,-0.357000,0.312000,-0.853000,-16.855000,16.977000,20.412000,34.13
2018562972,-0.368000,0.265000,-0.873000,-16.672000,19.466000,18.076000,34.08
2018575934,-0.315000,0.212000,-0.834000,-11.817000,20.000000,15.664000,34.04
2018589948,-0.307000,0.270000,-0.871000,-6.336000,23.725000,14.137000,34.04
2018595524,-0.337000,0.266000,-0.872000,-4.870000,25.328000,13.069000,34.08
2018609851,-0.379000,0.296000,-0.870000,-3.298000,26.015000,13.588000,34.13
2018619843,-0.350000,0.318000,-0.878000,-4.672000,25.695000,12.321000,33.99
2018626652,-0.365000,0.315000,-0.850000,-7.176000,27.176000,10.489000,34.04
2018636780,-0.343000,0.320000,-0.840000,-6.473000,26.931000,8.427000,34.08
2018648610,-0.283000,0.287000,-0.904000,-5.878000,29.802000,6.443000,34.04
2018656531,-0.275000,0.229000,-0.888000,-1.160000,34.595000,4.061000,34.08
2018663649,-0.317000,0.289000,-0.857000,4.901000,37.618000,3.344000,34.04
2018677120,-0.324000,0.348000,-0.910000,3.557000,37.908000,2.733000,34.08
2018688461,-0.354000,0.307000,-0.907000,0.565000,37.924000,2.901000,33.99
2018696781,-0.364000,0.302000,-0.871000,0.412000,38.046000,0.809000,34.04
2018710509,-0.369000,0.330000,-0.872000,-2.000000,37.023000,-1.496000,33.99
2018721552,-0.310000,0.298000,-0.868000,-2.595000,39.374000,-5.802000,34.18
2018727037,-0.224000,0.243000,-0.888000,-0.641000,42.137000,-7.374000,34.08
2018735496,-0.233000,0.224000,-0.865000,7.221000,51.618000,-9.496000,34.04
2018750679,-0.364000,0.283000,-0.908000,7.740000,49.542000,-5.557000,34.08
2018753972,-0.304000,0.235000,-0.876000,8.290000,48.992000,-6.046000,34.04
2018764577,-0.317000,0.299000,-0.881000,9.527000,48.519000,-7.695000,34.08
2018776927,-0.290000,0.341000,-0.872000,8.763000,50.611000,-10.489000,34.04
2018788523,-0.288000,0.326000,-0.931000,3.557000,50.153000,-12.198000,34.08
2018796516,-0.247000,0.248000,-0.920000,0.656000,53.969000,-16.046000,34.04
2018806433,-0.357000,0.289000,-0.933000,1.282000,53.573000,-17.084000,34.13
2018818727,-0.369000,0.292000,-0.944000,-2.183000,44.473000,-13.023000,34.08
2018827088,-0.347000,0.273000,-0.943000,-3.985000,38.198000,-8.611000,34.04
2018836909,-0.272000,0.323000,-0.929000,-5.237000,34.107000,-6.351000,33.99
2018847258,-0.234000,0.302000,-0.962000,-6.458000,32.687000,-3.298000,34.04
2018854992,-0.216000,0.300000,-0.930000,-8.534000,27.832000,2.107000,33.99
2018865132,-0.166000,0.295000,-0.937000,-5.008000,31.511000,2.855000,34.13
2018874184,-0.185000,0.334000,-0.962000,-3.969000,32.061000,7.221000,33.99
2018887751,-0.206000,0.363000,-0.979000,-6.351000,30.565000,9.832000,34.04
2018896769,-0.192000,0.385000,-0.939000,-8.656000,29.405000,8.901000,33.99
2018904224,-0.241000,0.425000,-0.970000,-14.214000,26.489000,10.183000,34.08
2018917603,-0.257000,0.373000,-0.954000,-17.802000,24.397000,10.122000,34.13
2018926521,-0.271000,0.364000,-0.950000,-21.344000,19.298000,12.046000,34.08
2018937732,-0.232000,0.318000,-0.972000,-21.710000,16.229000,15.359000,34.08
2018948477,-0.202000,0.308000,-0.946000,-21.695000,13.878000,19.221000,34.08
2018957765,-0.165000,0.345000,-0.918000,-18.565000,11.878000,22.183000,34.04
2018965068,-0.129000,0.410000,-0.954000,-18.901000,12.824000,23.985000,34.08
2018976924,-0.132000,0.378000,-0.923000,-19.679000,14.229000,23.496000,34.22
2018994998,-0.128000,0.377000,-0.934000,-16.565000,16.321000,21.511000,33.99
2019000902,-0.150000,0.396000,-0.958000,-18.687000,19.145000,20.427000,34.04
2019005818,-0.195000,0.344000,-0.955000,-19.374000,19.511000,18.962000,34.08
2019015601,-0.223000,0.340000,-0.945000,-19.664000,18.977000,18.672000,34.08
2019027060,-0.193000,0.318000,-0.952000,-19.664000,18.595000,18.931000,33.94
2019036064,-0.201000,0.324000,-0.944000,-19.069000,17.435000,19.969000,33.99
2019047921,-0.162000,0.367000,-0.935000,-19.206000,17.405000,19.740000,34.04
2019055829,-0.109000,0.404000,-0.929000,-18.840000,19.771000,16.076000,34.08
2019064627,-0.081000,0.465000,-0.953000,-21.160000,24.015000,13.038000,34.13
2019076468,-0.118000,0.463000,-0.967000,-25.985000,27.496000,10.229000,33.99
2019083416,-0.176000,0.441000,-0.941000,-27.908000,27.069000,9.191000,34.13
2019096190,-0.157000,0.408000,-0.949000,-29.863000,24.763000,10.473000,34.08
2019105395,-0.143000,0.354000,-0.934000,-28.092000,23.252000,13.710000,34.04
2019117247,-0.161000,0.363000,-0.932000,-25.588000,20.534000,19.221000,34.08
2019131666,-0.150000,0.399000,-0.923000,-24.290000,16.779000,24.901000,33.99
2019137230,-0.121000,0.433000,-0.909000,-25.145000,13.878000,27.725000,34.13
2019161926,-0.077000,0.419000,-0.921000,-27.160000,14.489000,28.718000,34.08
2019173066,-0.073000,0.383000,-0.890000,-25.130000,16.611000,27.481000,33.99
2019176129,-0.104000,0.426000,-0.890000,-23.710000,16.321000,27.817000,33.99
2019179158,-0.116000,0.395000,-0.933000,-24.565000,14.611000,27.802000,34.04
2019183010,-0.142000,0.348000,-0.898000,-24.321000,11.496000,28.779000,34.08
2019196246,-0.140000,0.354000,-0.884000,-22.061000,9.588000,29.359000,34.04
2019210201,-0.125000,0.352000,-0.893000,-22.244000,8.656000,30.473000,34.08
2019219641,-0.107000,0.330000,-0.883000,-20.076000,7.985000,30.992000,34.13
2019226990,-0.052000,0.356000,-0.875000,-17.176000,8.275000,30.321000,34.08
2019239284,-0.031000,0.378000,-0.903000,-16.534000,9.832000,29.802000,34.08
2019249964,-0.022000,0.383000,-0.896000,-14.214000,11.053000,27.863000,34.04
2019254419,-0.043000,0.413000,-0.945000,-13.496000,12.931000,26.458000,33.99
2019268959,-0.075000,0.383000,-0.928000,-14.489000,12.840000,26.046000,34.04
2019278774,-0.107000,0.393000,-0.900000,-13.130000,11.328000,24.687000,34.18
2019283969,-0.073000,0.406000,-0.874000,-12.122000,8.443000,22.489000,34.04
2019295250,-0.106000,0.431000,-0.953000,-16.489000,8.412000,22.809000,34.18
2019302216,-0.035000,0.385000,-0.915000,-13.527000,9.435000,18.794000,34.04
2019316728,-0.014000,0.434000,-0.916000,-10.366000,8.962000,15.435000,34.08
2019327015,0.066000,0.431000,-0.931000,-7.969000,12.137000,12.611000,34.04
2019336129,0.042000,0.437000,-0.966000,-5.634000,19.145000,10.885000,34.08
2019352503,-0.020000,0.425000,-0.954000,-4.870000,20.824000,9.969000,34.08
2019355300,-0.032000,0.434000,-0.948000,-4.947000,20.290000,8.580000,34.04
2019366634,-0.006000,0.461000,-0.934000,-4.809000,21.664000,5.603000,34.08
2019377673,-0.034000,0.480000,-0.965000,-7.939000,23.237000,2.763000,33.99
2019385618,-0.061000,0.467000,-0.954000,-10.901000,22.275000,0.229000,33.99
2019395942,-0.047000,0.447000,-0.959000,-11.038000,20.641000,-1.191000,34.13
2019404722,-0.012000,0.427000,-0.955000,-9.924000,19.573000,-1.160000,34.18
2019418562,0.011000,0.405000,-0.950000,-7.557000,20.305000,0.565000,34.04
2019427089,0.032000,0.420000,-0.923000,-3.695000,22.870000,0.412000,34.08
2019438086,0.009000,0.498000,-0.918000,-3.466000,25.038000,0.290000,34.13
2019453234,-0.022000,0.556000,-0.932000,-7.099000,26.183000,-0.214000,34.18
2019456074,-0.040000,0.541000,-0.925000,-13.634000,25.664000,-1.313000,33.99
2019466026,-0.079000,0.509000,-0.914000,-17.618000,23.634000,-0.107000,34.04
2019475513,-0.084000,0.482000,-0.898000,-17.832000,20.840000,2.550000,33.99
2019485742,-0.048000,0.437000,-0.885000,-14.153000,15.496000,7.664000,34.04
2019496561,0.015000,0.450000,-0.880000,-8.962000,14.412000,12.122000,34.08
2019504279,0.012000,0.512000,-0.871000,-7.282000,16.366000,15.618000,33.94
2019517126,-0.037000,0.562000,-0.897000,-9.573000,14.275000,18.443000,34.08
2019526454,-0.028000,0.580000,-0.894000,-14.031000,11.252000,19.389000,34.13
2019537701,0.002000,0.579000,-0.858000,-16.168000,9.710000,19.618000,34.08
2019549105,0.035000,0.506000,-0.930000,-16.046000,8.534000,21.099000,34.04
2019554486,0.066000,0.448000,-0.916000,-12.168000,9.924000,22.382000,34.18
2019566310,-0.001000,0.481000,-0.924000,-7.603000,10.473000,25.878000,33.99
2019576724,-0.001000,0.520000,-0.951000,-10.031000,7.389000,28.366000,33.94
2019585544,0.010000,0.553000,-0.918000,-14.153000,5.908000,28.992000,34.08
2019592263,0.024000,0.564000,-0.948000,-18.672000,5.924000,29.649000,34.08
2019611081,0.025000,0.529000,-0.969000,-25.023000,3.954000,27.466000,34.08
2019621092,0.077000,0.460000,-0.927000,-22.473000,4.718000,26.916000,34.13
2019626223,0.070000,0.491000,-0.956000,-18.977000,4.092000,27.649000,33.99
2019636399,0.175000,0.482000,-0.943000,-16.687000,9.710000,26.595000,34.13
2019648251,0.140000,0.497000,-0.954000,-14.260000,14.763000,26.626000,33.99
2019656526,0.153000,0.488000,-0.951000,-13.313000,19.695000,25.466000,34.13
2019667208,0.086000,0.511000,-0.960000,-15.069000,20.122000,25.038000,34.18
2019676643,0.130000,0.473000,-0.947000,-15.710000,21.389000,23.023000,34.08
2019686690,0.100000,0.494000,-0.962000,-16.641000,25.679000,19.145000,34.13
2019692893,0.095000,0.466000,-0.970000,-15.832000,26.397000,17.053000,34.18
2019709459,0.124000,0.443000,-0.958000,-13.832000,28.000000,14.214000,34.04
2019717978,0.133000,0.457000,-0.915000,-10.550000,31.160000,10.382000,34.08
2019725681,0.178000,0.513000,-0.929000,-9.160000,33.145000,7.221000,34.04
2019737033,0.207000,0.552000,-0.957000,-12.611000,38.412000,4.718000,34.08
2019747621,0.201000,0.492000,-0.924000,-10.809000,42.702000,0.595000,34.04
2019757389,0.170000,0.501000,-0.948000,-9.634000,46.153000,-2.656000,34.08
2019768948,0.152000,0.487000,-0.955000,-11.344000,48.076000,-4.763000,34.04
2019776753,0.156000,0.442000,-0.942000,-8.962000,50.061000,-5.939000,34.04
2019786927,0.119000,0.458000,-0.944000,-8.000000,52.076000,-6.427000,34.08
2019793878,0.079000,0.459000,-0.941000,-7.603000,51.908000,-5.924000,34.13
2019809088,0.097000,0.487000,-0.933000,-10.595000,48.260000,-5.344000,34.08
2019819064,0.131000,0.506000,-0.952000,-13.053000,47.084000,-5.282000,33.99
2019827475,0.219000,0.476000,-0.916000,-13.374000,47.679000,-6.351000,34.08
2019839433,0.233000,0.476000,-0.915000,-6.198000,51.511000,-9.817000,34.04
2019849679,0.204000,0.542000,-0.963000,-5.695000,56.397000,-8.885000,34.08
2019856562,0.200000,0.540000,-0.952000,-8.504000,57.191000,-6.916000,33.94
2019867182,0.163000,0.524000,-0.906000,-7.420000,55.786000,-3.939000,33.99
2019877716,0.167000,0.553000,-0.918000,-11.344000,55.771000,-2.244000,34.04
2019886365,0.145000,0.559000,-0.910000,-13.969000,50.687000,2.015000,34.08
2019894505,0.204000,0.552000,-0.909000,-13.099000,53.084000,4.015000,33.99
2019909822,0.234000,0.558000,-0.905000,-12.550000,53.603000,4.626000,34.04
2019922555,0.208000,0.618000,-0.885000,-12.595000,57.847000,3.710000,34.08
2019928294,0.114000,0.662000,-0.889000,-16.763000,55.115000,6.565000,34.04
2019934542,0.137000,0.614000,-0.863000,-22.595000,49.389000,9.389000,34.08
2019948717,0.141000,0.640000,-0.826000,-27.863000,44.565000,11.802000,34.13
2019957488,0.165000,0.615000,-0.820000,-29.924000,39.878000,14.031000,33.99
2019967519,0.229000,0.596000,-0.837000,-30.427000,38.198000,17.664000,34.04
2019977541,0.228000,0.575000,-0.857000,-27.725000,38.611000,21.420000,34.18
2019986544,0.232000,0.589000,-0.840000,-26.534000,38.580000,25.191000,34.04
2019995266,0.221000,0.644000,-0.809000,-27.282000,36.809000,27.969000,34.18
2020002053,0.282000,0.681000,-0.802000,-31.496000,35.466000,27.847000,34.04
2020019118,0.282000,0.662000,-0.838000,-35.893000,36.534000,29.191000,34.13
2020028076,0.271000,0.609000,-0.847000,-36.641000,35.115000,31.573000,34.08
2020035094,0.287000,0.558000,-0.865000,-35.634000,33.191000,33.221000,34.08
2020046552,0.341000,0.530000,-0.841000,-31.023000,33.374000,34.366000,34.08
2020057841,0.367000,0.552000,-0.880000,-27.924000,36.122000,37.176000,34.04
2020065816,0.377000,0.577000,-0.842000,-26.840000,38.718000,37.435000,34.08
2020076848,0.394000,0.625000,-0.845000,-28.000000,42.504000,35.710000,34.04
2020087409,0.348000,0.648000,-0.842000,-30.977000,44.947000,32.733000,33.99
2020095421,0.362000,0.629000,-0.854000,-34.992000,42.641000,30.611000,34.04
2020102289,0.393000,0.562000,-0.864000,-35.374000,44.229000,28.885000,34.08
2020120485,0.406000,0.539000,-0.808000,-32.641000,45.282000,27.191000,34.13
2020129823,0.555000,0.526000,-0.823000,-27.557000,49.237000,23.405000,34.08
2020136196,0.530000,0.587000,-0.908000,-26.473000,62.000000,23.069000,34.18
2020150589,0.514000,0.522000,-0.840000,-21.313000,67.435000,19.053000,33.94
2020156939,0.490000,0.562000,-0.848000,-19.328000,70.672000,16.092000,34.08
2020166122,0.448000,0.560000,-0.863000,-19.389000,74.321000,11.420000,34.04
2020177889,0.416000,0.592000,-0.818000,-20.901000,70.855000,11.023000,34.08
2020190037,0.456000,0.594000,-0.820000,-26.656000,66.702000,10.397000,34.04
2020196319,0.451000,0.620000,-0.840000,-29.847000,65.313000,7.023000,33.99
2020202942,0.485000,0.512000,-0.807000,-25.924000,67.298000,4.550000,34.13
2020218553,0.520000,0.549000,-0.777000,-22.275000,68.916000,0.672000,34.08
2020230234,0.522000,0.570000,-0.737000,-20.611000,71.298000,-3.878000,34.04
2020236030,0.516000,0.569000,-0.742000,-19.893000,71.282000,-5.557000,33.99
2020246749,0.564000,0.546000,-0.740000,-19.893000,69.573000,-6.107000,34.04
2020257230,0.571000,0.528000,-0.706000,-13.985000,76.763000,-10.534000,33.99
2020265709,0.507000,0.570000,-0.734000,-14.672000,73.634000,-7.374000,34.18
2020276940,0.515000,0.609000,-0.714000,-18.290000,69.985000,-2.565000,34.13
2020287414,0.532000,0.582000,-0.671000,-17.542000,69.649000,-2.046000,33.99
2020296446,0.527000,0.582000,-0.666000,-17.374000,71.740000,-5.038000,33.94
2020303427,0.406000,0.583000,-0.631000,-18.656000,65.115000,-5.145000,34.08
2020315260,0.403000,0.645000,-0.590000,-21.802000,56.641000,-4.855000,34.13
2020328454,0.416000,0.623000,-0.599000,-27.145000,45.771000,-1.420000,34.08
2020337147,0.488000,0.607000,-0.569000,-29.802000,35.328000,0.290000,34.13
2020347862,0.521000,0.599000,-0.560000,-28.427000,28.641000,3.359000,34.08
2020358347,0.654000,0.548000,-0.531000,-22.534000,27.328000,3.756000,33.94
2020366952,0.639000,0.593000,-0.527000,-17.298000,31.267000,4.595000,34.08
2020374431,0.590000,0.631000,-0.500000,-15.405000,30.779000,5.237000,34.13
2020385904,0.556000,0.671000,-0.481000,-15.847000,26.473000,4.168000,33.99
2020397575,0.531000,0.677000,-0.476000,-17.847000,20.031000,2.977000,34.08
2020404251,0.524000,0.671000,-0.464000,-20.122000,11.740000,3.527000,33.99
2020416576,0.516000,0.672000,-0.491000,-21.679000,3.649000,4.580000,34.08
2020428985,0.527000,0.652000,-0.497000,-22.748000,-7.084000,6.901000,34.13
2020437698,0.570000,0.643000,-0.497000,-22.015000,-14.443000,9.008000,34.18
2020448268,0.614000,0.642000,-0.504000,-18.504000,-19.237000,9.756000,34.13
2020458293,0.656000,0.650000,-0.499000,-15.679000,-21.267000,9.344000,33.99
2020466949,0.650000,0.694000,-0.494000,-13.298000,-22.656000,8.977000,34.13
2020474194,0.662000,0.722000,-0.488000,-12.550000,-26.275000,8.672000,34.08
2020486563,0.661000,0.719000,-0.497000,-11.603000,-29.145000,7.969000,34.04
2020498008,0.634000,0.722000,-0.501000,-11.557000,-33.939000,7.481000,34.08
2020504636,0.630000,0.681000,-0.515000,-10.870000,-39.374000,7.405000,33.94
2020516943,0.619000,0.665000,-0.523000,-9.237000,-42.733000,7.618000,34.04
2020528732,0.582000,0.660000,-0.541000,-7.542000,-47.618000,8.031000,34.08
2020537088,0.587000,0.632000,-0.555000,-7.466000,-53.863000,8.550000,34.13
2020544962,0.654000,0.604000,-0.530000,-2.168000,-54.794000,6.809000,34.18
2020558437,0.621000,0.647000,-0.496000,2.947000,-58.504000,3.908000,34.13
2020567262,0.596000,0.652000,-0.569000,3.206000,-62.870000,4.412000,34.08
2020577361,0.649000,0.619000,-0.567000,3.939000,-64.107000,3.481000,34.04
2020587064,0.616000,0.602000,-0.541000,7.863000,-65.130000,0.260000,34.08
2020597717,0.586000,0.584000,-0.573000,11.130000,-64.763000,-3.374000,34.13
2020606068,0.569000,0.569000,-0.551000,14.076000,-66.336000,-6.321000,33.99
2020613041,0.534000,0.579000,-0.577000,17.557000,-69.389000,-8.366000,34.13
2020630483,0.465000,0.600000,-0.603000,17.008000,-77.084000,-6.702000,34.08
2020639141,0.535000,0.561000,-0.618000,16.870000,-80.840000,-7.634000,33.99
2020646464,0.566000,0.536000,-0.628000,20.855000,-81.084000,-10.962000,34.04
2020659093,0.579000,0.521000,-0.624000,26.992000,-77.298000,-16.809000,34.08
2020666812,0.588000,0.555000,-0.663000,30.885000,-70.076000,-21.863000,34.13
2020677487,0.529000,0.563000,-0.643000,36.168000,-64.794000,-28.137000,33.99
2020687537,0.434000,0.606000,-0.684000,36.718000,-67.252000,-31.573000,34.04
2020697067,0.417000,0.608000,-0.687000,33.450000,-72.718000,-31.496000,34.08
2020705828,0.452000,0.550000,-0.687000,35.405000,-75.176000,-33.588000,34.13
2020712648,0.450000,0.575000,-0.762000,35.344000,-75.969000,-33.435000,34.08
2020733756,0.470000,0.514000,-0.776000,38.015000,-72.733000,-34.183000,34.13
2020739486,0.456000,0.509000,-0.759000,43.511000,-66.809000,-36.550000,34.08
2020745620,0.440000,0.539000,-0.795000,47.557000,-59.786000,-39.038000,34.08
2020758145,0.356000,0.578000,-0.799000,50.183000,-55.878000,-41.863000,34.13
2020763816,0.314000,0.604000,-0.799000,50.443000,-57.252000,-43.298000,34.08
2020778917,0.311000,0.606000,-0.825000,48.840000,-60.290000,-42.718000,33.99
2020790610,0.344000,0.567000,-0.860000,47.924000,-57.038000,-44.458000,34.08
2020800177,0.358000,0.521000,-0.876000,49.939000,-54.656000,-43.328000,34.13
2020805262,0.395000,0.477000,-0.885000,55.771000,-45.924000,-42.779000,34.08
2020812152,0.337000,0.499000,-0.904000,62.611000,-36.504000,-43.985000,34.04
2020825896,0.250000,0.549000,-0.946000,62.901000,-30.916000,-44.473000,34.08
2020836366,0.216000,0.571000,-0.923000,59.298000,-28.641000,-44.229000,34.04
2020845405,0.219000,0.561000,-0.912000,56.855000,-29.893000,-47.069000,33.99
2020858818,0.196000,0.564000,-0.948000,52.672000,-29.374000,-48.641000,34.04
2020865150,0.190000,0.517000,-0.922000,51.603000,-28.763000,-50.809000,34.08
2020875737,0.218000,0.483000,-0.932000,53.771000,-28.427000,-51.008000,34.04
2020887671,0.242000,0.493000,-0.934000,55.435000,-26.305000,-49.817000,34.04
2020897564,0.203000,0.515000,-0.965000,54.763000,-23.664000,-47.023000,34.18
2020905510,0.211000,0.505000,-0.925000,55.069000,-22.382000,-46.534000,34.13
2020916991,0.225000,0.484000,-0.954000,55.771000,-18.366000,-46.992000,34.08
2020926936,0.181000,0.476000,-0.927000,58.183000,-14.366000,-49.634000,34.08
2020937709,0.103000,0.519000,-0.924000,55.802000,-15.160000,-48.779000,34.18
2020943320,0.099000,0.503000,-0.974000,51.023000,-18.153000,-45.649000,34.04
2020961179,0.158000,0.447000,-0.931000,50.550000,-20.122000,-44.489000,33.99
2020969218,0.158000,0.444000,-0.945000,51.969000,-19.908000,-41.863000,34.04
2020974769,0.129000,0.453000,-0.971000,52.275000,-20.015000,-38.397000,34.18
2020988851,0.095000,0.458000,-0.958000,50.260000,-21.710000,-34.550000,34.04
2020997274,0.095000,0.425000,-0.981000,48.702000,-21.573000,-34.519000,34.18
2021004974,0.141000,0.413000,-0.940000,50.321000,-22.214000,-38.427000,34.04
2021016449,0.089000,0.431000,-0.954000,50.718000,-19.511000,-40.458000,34.18
2021025974,0.026000,0.443000,-0.943000,48.656000,-23.023000,-38.153000,34.08
2021037451,0.038000,0.423000,-0.984000,43.328000,-30.305000,-33.740000,34.13
2021043464,0.060000,0.346000,-1.001000,41.221000,-33.573000,-31.053000,33.99
2021058505,0.042000,0.326000,-0.947000,41.603000,-34.153000,-29.679000,34.04
2021068335,0.058000,0.363000,-0.965000,42.321000,-36.031000,-28.595000,34.08
2021074916,0.051000,0.389000,-0.982000,39.252000,-37.099000,-24.229000,34.13
2021087474,0.010000,0.396000,-0.935000,35.573000,-38.397000,-21.969000,34.08
2021097417,0.050000,0.360000,-0.997000,32.672000,-40.901000,-21.405000,34.13
2021104347,0.049000,0.325000,-0.999000,33.542000,-41.053000,-23.221000,34.18
2021115974,0.057000,0.299000,-0.983000,35.481000,-39.588000,-25.023000,34.04
2021127007,0.013000,0.331000,-1.003000,35.725000,-39.420000,-23.282000,34.18
2021138325,-0.017000,0.352000,-1.004000,31.969000,-42.031000,-18.901000,34.04
2021148021,-0.031000,0.329000,-1.037000,28.443000,-45.725000,-15.618000,34.08
2021156519,-0.033000,0.307000,-1.008000,26.427000,-48.061000,-14.275000,34.13
2021166983,-0.010000,0.313000,-1.018000,25.084000,-48.672000,-13.863000,34.04
2021172880,-0.002000,0.311000,-1.015000,24.137000,-48.244000,-14.046000,33.99
2021186741,-0.007000,0.308000,-1.001000,24.427000,-46.519000,-15.298000,34.13
2021198729,-0.041000,0.300000,-1.019000,23.084000,-46.260000,-15.252000,34.08
2021203792,-0.064000,0.298000,-0.997000,21.130000,-49.786000,-15.176000,34.13
2021214779,-0.059000,0.303000,-1.004000,18.947000,-51.832000,-14.351000,34.18
2021227349,-0.056000,0.293000,-1.022000,16.519000,-53.359000,-14.214000,34.13
2021237927,-0.065000,0.279000,-0.975000,16.122000,-53.252000,-14.534000,33.99
2021246170,-0.058000,0.274000,-1.002000,14.840000,-53.695000,-14.183000,34.04
2021254765,-0.073000,0.247000,-1.004000,14.107000,-52.885000,-15.969000,34.08
2021270695,-0.117000,0.244000,-0.982000,14.183000,-54.519000,-15.924000,34.13
2021276330,-0.125000,0.259000,-0.950000,13.282000,-57.664000,-16.626000,34.08
2021286733,-0.126000,0.280000,-0.954000,11.618000,-61.649000,-16.534000,34.08
2021296101,-0.101000,0.265000,-0.968000,9.817000,-62.779000,-16.626000,34.18
2021306891,-0.105000,0.223000,-0.952000,9.634000,-63.481000,-17.420000,34.08
2021313442,-0.085000,0.200000,-0.943000,12.565000,-61.939000,-18.840000,34.04
2021325734,-0.125000,0.208000,-0.934000,15.435000,-59.985000,-20.183000,34.18
2021342294,-0.146000,0.233000,-0.946000,15.939000,-60.366000,-20.046000,34.13
2021348428,-0.202000,0.239000,-0.927000,14.840000,-61.969000,-20.916000,34.08
2021357588,-0.213000,0.245000,-0.896000,13.176000,-67.237000,-21.160000,34.13
2021370730,-0.199000,0.218000,-0.954000,12.092000,-69.115000,-21.481000,34.08
2021376352,-0.205000,0.195000,-0.896000,11.191000,-71.695000,-23.038000,34.04
2021386832,-0.203000,0.162000,-0.920000,15.466000,-72.718000,-22.489000,33.99
2021397468,-0.183000,0.186000,-0.912000,15.435000,-71.649000,-24.504000,34.04
2021408218,-0.229000,0.182000,-0.894000,17.221000,-73.191000,-23.969000,34.04
2021413081,-0.216000,0.214000,-0.916000,16.336000,-73.344000,-23.313000,34.08
2021424264,-0.229000,0.177000,-0.897000,17.130000,-72.015000,-25.710000,34.04
2021438508,-0.256000,0.163000,-0.905000,19.603000,-70.198000,-26.855000,34.08
2021447690,-0.288000,0.162000,-0.862000,20.229000,-71.450000,-28.656000,34.13
2021455819,-0.308000,0.146000,-0.898000,23.115000,-71.298000,-29.603000,33.99
2021471240,-0.321000,0.158000,-0.882000,22.305000,-73.237000,-29.237000,33.94
2021476382,-0.314000,0.133000,-0.891000,23.969000,-74.855000,-28.015000,33.99
2021488303,-0.289000,0.136000,-0.852000,27.649000,-73.450000,-29.038000,34.04
2021500051,-0.339000,0.173000,-0.856000,28.489000,-74.351000,-28.473000,34.08
2021509160,-0.336000,0.179000,-0.875000,26.702000,-76.443000,-29.435000,34.13
2021516246,-0.325000,0.144000,-0.847000,27.710000,-73.908000,-32.229000,33.99
2021523257,-0.351000,0.134000,-0.820000,31.374000,-75.099000,-35.298000,34.08
2021540831,-0.380000,0.116000,-0.875000,33.969000,-73.221000,-36.489000,34.04
2021548885,-0.454000,0.113000,-0.832000,33.069000,-75.756000,-35.863000,34.08
2021556429,-0.426000,0.093000,-0.863000,34.489000,-75.893000,-34.641000,34.04
2021569768,-0.425000,0.086000,-0.805000,35.939000,-76.870000,-33.878000,34.08
2021577685,-0.471000,0.101000,-0.829000,35.420000,-79.405000,-33.603000,34.13
2021585462,-0.410000,0.074000,-0.820000,36.779000,-76.611000,-36.901000,34.08
2021596593,-0.474000,0.080000,-0.823000,38.244000,-75.389000,-39.954000,34.04
2021606907,-0.516000,0.049000,-0.836000,39.221000,-73.160000,-42.443000,34.08
2021614704,-0.560000,0.041000,-0.767000,39.069000,-72.809000,-43.725000,34.04
2021626759,-0.556000,0.011000,-0.819000,39.588000,-76.260000,-41.008000,34.08
2021641770,-0.542000,0.034000,-0.840000,36.168000,-79.847000,-36.214000,34.13
2021650274,-0.530000,0.003000,-0.792000,36.947000,-79.878000,-35.359000,33.94
2021654179,-0.540000,0.000000,-0.747000,39.298000,-79.420000,-35.725000,34.08
2021669155,-0.519000,-0.022000,-0.736000,41.481000,-79.740000,-39.527000,34.08
2021679178,-0.576000,0.000000,-0.742000,42.183000,-74.519000,-42.229000,33.99
2021684996,-0.607000,-0.016000,-0.724000,41.878000,-74.305000,-44.870000,34.13
2021699419,-0.624000,-0.032000,-0.732000,40.855000,-75.252000,-45.099000,34.08
2021708833,-0.645000,-0.024000,-0.740000,38.412000,-79.802000,-44.137000,34.13
2021713811,-0.629000,-0.053000,-0.700000,34.595000,-85.176000,-40.275000,33.99
2021725112,-0.558000,-0.113000,-0.678000,38.885000,-83.603000,-43.359000,34.04
2021737259,-0.629000,-0.114000,-0.715000,40.519000,-78.702000,-45.176000,34.08
2021748368,-0.656000,-0.113000,-0.654000,39.710000,-79.878000,-47.160000,34.04
2021756754,-0.673000,-0.089000,-0.661000,39.053000,-80.473000,-47.313000,34.04
2021766626,-0.695000,-0.087000,-0.623000,37.649000,-81.511000,-47.878000,34.08
2021777059,-0.714000,-0.130000,-0.637000,34.718000,-89.115000,-46.336000,34.04
2021787499,-0.645000,-0.180000,-0.644000,35.954000,-87.008000,-46.748000,34.08
2021795026,-0.686000,-0.187000,-0.590000,37.863000,-84.794000,-47.313000,34.04
2021809486,-0.709000,-0.187000,-0.582000,39.008000,-85.649000,-46.748000,34.08
2021816307,-0.717000,-0.178000,-0.619000,39.847000,-83.863000,-46.214000,34.04
2021822819,-0.794000,-0.172000,-0.587000,36.977000,-82.443000,-45.527000,34.08
2021838486,-0.807000,-0.190000,-0.558000,34.061000,-85.435000,-45.328000,34.04
2021848644,-0.782000,-0.207000,-0.521000,35.466000,-85.359000,-44.687000,34.08
2021855281,-0.773000,-0.170000,-0.556000,33.481000,-82.794000,-47.099000,34.04
2021866173,-0.837000,-0.199000,-0.561000,33.069000,-83.786000,-45.328000,34.08
2021877759,-0.862000,-0.219000,-0.561000,28.702000,-89.313000,-42.122000,34.13
2021886361,-0.827000,-0.234000,-0.531000,25.282000,-92.718000,-40.962000,34.08
2021896351,-0.802000,-0.242000,-0.476000,26.947000,-92.626000,-40.931000,34.08
2021903952,-0.792000,-0.208000,-0.473000,26.336000,-92.672000,-40.244000,34.04
2021914998,-0.774000,-0.198000,-0.466000,24.901000,-95.176000,-39.756000,34.08
2021925992,-0.775000,-0.208000,-0.455000,23.618000,-93.450000,-40.061000,34.13
2021932415,-0.806000,-0.239000,-0.422000,21.206000,-94.992000,-39.069000,34.08
2021946733,-0.799000,-0.235000,-0.411000,19.588000,-100.840000,-45.237000,34.04
2021957392,-0.799000,-0.276000,-0.390000,21.740000,-105.756000,-52.794000,34.08
2021966507,-0.799000,-0.294000,-0.412000,21.695000,-105.008000,-55.527000,34.13
2021981026,-0.814000,-0.309000,-0.347000,23.221000,-101.267000,-45.817000,34.08
2021987214,-0.851000,-0.273000,-0.332000,24.672000,-101.527000,-39.145000,34.13
2021996093,-0.834000,-0.283000,-0.337000,24.275000,-98.733000,-34.733000,34.04
2022010564,-0.803000,-0.325000,-0.343000,25.710000,-95.985000,-32.366000,34.08
2022017022,-0.831000,-0.314000,-0.290000,26.992000,-93.069000,-32.687000,34.13
2022023539,-0.867000,-0.314000,-0.286000,25.939000,-92.458000,-35.008000,33.99
2022038403,-0.910000,-0.328000,-0.280000,22.168000,-97.496000,-34.611000,34.08
2022047816,-0.906000,-0.315000,-0.279000,18.443000,-102.565000,-32.687000,34.08
2022056281,-0.865000,-0.368000,-0.222000,18.656000,-103.939000,-32.321000,34.04
2022067596,-0.835000,-0.375000,-0.202000,20.641000,-102.550000,-33.786000,34.08
2022079632,-0.811000,-0.368000,-0.151000,24.275000,-98.275000,-35.847000,34.04
2022084666,-0.847000,-0.372000,-0.203000,26.718000,-97.634000,-35.206000,34.08
2022095965,-0.859000,-0.354000,-0.186000,22.473000,-100.153000,-31.511000,34.13
2022106916,-0.813000,-0.404000,-0.133000,20.718000,-98.672000,-29.481000,34.18
2022115818,-0.811000,-0.449000,-0.101000,23.267000,-93.374000,-30.092000,34.04
2022126335,-0.847000,-0.436000,-0.111000,22.397000,-91.634000,-26.855000,34.04
2022132968,-0.841000,-0.435000,-0.051000,23.878000,-90.275000,-27.634000,34.08
2022149789,-0.837000,-0.429000,-0.047000,24.626000,-91.374000,-32.718000,33.94
2022156829,-0.841000,-0.417000,0.010000,21.817000,-91.985000,-32.885000,34.08
2022167173,-0.824000,-0.408000,0.004000,21.237000,-96.260000,-31.496000,34.04
2022178618,-0.732000,-0.471000,0.014000,25.740000,-91.573000,-35.344000,34.18
2022184482,-0.739000,-0.486000,0.036000,34.687000,-82.351000,-41.847000,34.04
2022196855,-0.844000,-0.437000,0.011000,32.626000,-76.870000,-36.626000,33.99
2022211916,-0.797000,-0.444000,0.024000,32.565000,-74.076000,-31.099000,34.04
2022216740,-0.833000,-0.397000,0.047000,33.481000,-70.244000,-29.176000,34.18
2022224834,-0.832000,-0.287000,0.074000,27.405000,-69.756000,-38.824000,34.04
2022240331,-0.794000,-0.438000,0.048000,30.076000,-65.237000,-29.282000,34.18
2022249233,-0.840000,-0.424000,0.012000,27.252000,-59.496000,-27.649000,33.99
2022257918,-0.828000,-0.408000,-0.045000,21.282000,-52.305000,-25.573000,34.08
2022264800,-0.845000,-0.471000,-0.027000,19.649000,-41.802000,-29.176000,33.99
2022277584,-0.825000,-0.498000,-0.022000,24.748000,-26.962000,-30.595000,34.04
2022286599,-0.795000,-0.500000,-0.008000,32.565000,-9.115000,-36.260000,34.08
2022294700,-0.864000,-0.464000,0.028000,36.321000,3.847000,-36.214000,34.04
2022306755,-0.839000,-0.427000,0.046000,37.908000,8.061000,-32.153000,34.08
2022317143,-0.763000,-0.428000,0.085000,37.786000,11.191000,-30.504000,34.13
2022323795,-0.731000,-0.420000,0.107000,39.191000,16.504000,-31.221000,34.08
2022336064,-0.771000,-0.421000,0.149000,42.458000,20.718000,-30.153000,34.04
2022346826,-0.793000,-0.390000,0.152000,44.137000,24.656000,-27.740000,34.08
2022357781,-0.815000,-0.406000,0.113000,44.260000,28.321000,-24.015000,34.13
2022367343,-0.814000,-0.421000,0.147000,44.412000,31.389000,-19.924000,34.08
2022378529,-0.819000,-0.431000,0.141000,45.237000,34.794000,-15.573000,34.08
2022385976,-0.812000,-0.422000,0.127000,44.992000,37.634000,-12.962000,34.13
2022396003,-0.792000,-0.418000,0.127000,42.672000,38.641000,-10.977000,33.99
2022406223,-0.777000,-0.405000,0.133000,40.595000,35.863000,-8.290000,34.08
2022417191,-0.773000,-0.398000,0.131000,37.588000,30.366000,-5.130000,33.99
2022423554,-0.763000,-0.421000,0.107000,32.550000,24.458000,-1.237000,34.13
2022435708,-0.745000,-0.416000,0.108000,28.260000,21.466000,-0.397000,34.08
2022449067,-0.722000,-0.464000,0.127000,27.511000,20.015000,0.305000,34.04
2022457752,-0.719000,-0.498000,0.133000,29.679000,19.603000,1.450000,33.99
2022467831,-0.719000,-0.497000,0.110000,28.397000,19.282000,2.519000,34.13
2022477444,-0.728000,-0.470000,0.107000,27.099000,14.733000,1.878000,34.08
2022486329,-0.727000,-0.445000,0.124000,25.130000,11.160000,1.481000,34.08
2022497562,-0.750000,-0.447000,0.113000,21.450000,6.031000,2.061000,34.13
2022508151,-0.729000,-0.461000,0.117000,16.855000,1.237000,1.954000,34.08
2022516190,-0.711000,-0.453000,0.109000,13.496000,-2.244000,1.863000,34.04
2022524764,-0.736000,-0.471000,0.115000,10.565000,-4.809000,1.954000,34.08
2022536980,-0.744000,-0.460000,0.103000,4.626000,-7.145000,2.229000,34.04
2022550223,-0.773000,-0.478000,0.126000,0.977000,-14.198000,1.221000,34.08
2022558698,-0.671000,-0.525000,0.131000,2.962000,-9.176000,2.656000,34.04
2022565490,-0.674000,-0.517000,0.131000,5.450000,-6.168000,-0.656000,34.08
2022581356,-0.703000,-0.505000,0.126000,5.649000,-5.649000,-2.977000,34.04
2022586989,-0.697000,-0.501000,0.124000,5.359000,-6.534000,-2.397000,34.08
2022597946,-0.666000,-0.483000,0.140000,4.031000,-7.145000,-4.550000,34.13
2022609952,-0.665000,-0.502000,0.117000,4.260000,-5.099000,-5.786000,34.08
2022618440,-0.662000,-0.504000,0.105000,4.229000,-1.496000,-7.985000,34.08
2022626088,-0.694000,-0.497000,0.104000,4.656000,0.443000,-8.718000,34.08
2022633168,-0.716000,-0.462000,0.076000,1.359000,0.809000,-9.176000,34.08
2022652405,-0.729000,-0.449000,0.104000,-2.015000,-1.130000,-8.641000,34.04
2022660349,-0.700000,-0.453000,0.137000,-4.122000,-2.595000,-8.809000,34.08
2022666918,-0.690000,-0.448000,0.180000,-3.588000,-0.824000,-9.908000,34.13
2022678572,-0.692000,-0.445000,0.141000,-2.382000,-1.038000,-10.336000,33.99
2022688613,-0.713000,-0.461000,0.143000,-3.099000,-0.321000,-10.794000,34.04
2022696208,-0.728000,-0.459000,0.131000,-4.565000,-0.656000,-10.122000,34.08
2022705258,-0.738000,-0.452000,0.137000,-5.664000,-0.977000,-8.855000,34.13
2022718169,-0.750000,-0.452000,0.149000,-6.992000,-0.336000,-7.511000,34.08
2022726364,-0.757000,-0.445000,0.126000,-8.748000,1.847000,-5.618000,34.08
2022733382,-0.735000,-0.448000,0.138000,-9.496000,-1.588000,-6.427000,34.04
2022747038,-0.742000,-0.448000,0.147000,-10.305000,-2.366000,-5.344000,34.08
2022756831,-0.732000,-0.462000,0.157000,-10.397000,0.366000,-4.076000,34.04
2022767193,-0.711000,-0.461000,0.163000,-9.221000,0.137000,-4.794000,34.08
2022779004,-0.709000,-0.476000,0.146000,-8.168000,1.435000,-4.458000,34.13
2022785375,-0.736000,-0.470000,0.116000,-8.824000,2.107000,-3.298000,34.08
2022796677,-0.745000,-0.464000,0.125000,-10.290000,-0.305000,-0.931000,34.04
2022805252,-0.737000,-0.460000,0.122000,-11.878000,-1.557000,0.565000,34.08
2022817164,-0.729000,-0.459000,0.148000,-12.947000,-1.618000,0.962000,34.04
2022826702,-0.733000,-0.453000,0.165000,-12.351000,-1.634000,1.405000,34.08
2022833789,-0.728000,-0.455000,0.163000,-11.771000,-1.893000,2.137000,34.04
2022846734,-0.718000,-0.467000,0.158000,-11.313000,-1.420000,1.893000,34.08
2022856545,-0.720000,-0.477000,0.154000,-11.053000,-0.198000,1.511000,34.08
2022866332,-0.729000,-0.482000,0.150000,-11.298000,-0.046000,1.954000,34.04
2022877442,-0.720000,-0.481000,0.146000,-11.802000,-0.489000,2.840000,34.08
2022883992,-0.711000,-0.479000,0.159000,-12.321000,-0.397000,2.992000,34.13
2022897759,-0.707000,-0.487000,0.162000,-12.366000,0.061000,2.947000,33.99
2022907336,-0.718000,-0.483000,0.154000,-11.969000,0.687000,2.107000,34.13
2022917602,-0.719000,-0.463000,0.170000,-12.122000,0.427000,1.878000,34.08
2022922909,-0.690000,-0.470000,0.168000,-11.084000,-0.153000,1.878000,34.13
2022934239,-0.695000,-0.489000,0.159000,-10.351000,1.542000,1.481000,34.08
2022950808,-0.709000,-0.497000,0.150000,-10.015000,2.824000,0.031000,34.04
2022960327,-0.741000,-0.486000,0.142000,-10.901000,0.901000,0.962000,33.99
2022966538,-0.734000,-0.472000,0.134000,-11.664000,-0.947000,1.481000,34.08
2022978897,-0.714000,-0.481000,0.156000,-11.969000,-1.695000,1.420000,33.94
2022987984,-0.717000,-0.470000,0.159000,-12.412000,-1.786000,1.313000,34.08
2022999504,-0.699000,-0.484000,0.184000,-11.695000,-2.168000,1.176000,34.08
2023009557,-0.681000,-0.473000,0.171000,-10.443000,-1.893000,0.366000,34.08
2023017411,-0.697000,-0.468000,0.148000,-10.718000,-1.771000,-0.015000,34.04
2023023146,-0.712000,-0.473000,0.149000,-11.023000,-2.458000,-0.092000,34.08
2023034830,-0.718000,-0.472000,0.161000,-11.695000,-3.313000,0.214000,34.04
2023046965,-0.720000,-0.481000,0.162000,-11.954000,-3.893000,0.412000,34.18
2023060740,-0.716000,-0.480000,0.166000,-10.687000,-3.924000,0.580000,34.04
2023067393,-0.709000,-0.475000,0.172000,-10.198000,-3.908000,-0.229000,34.08
2023074229,-0.716000,-0.472000,0.167000,-8.885000,-3.847000,-0.397000,34.04
2023088723,-0.711000,-0.472000,0.165000,-8.107000,-3.969000,-0.870000,34.04
2023098222,-0.700000,-0.483000,0.163000,-7.481000,-3.145000,-1.008000,33.99
2023106503,-0.692000,-0.491000,0.153000,-6.336000,-1.557000,-1.847000,34.04
2023118470,-0.699000,-0.491000,0.169000,-5.466000,-0.397000,-2.000000,33.99
2023123513,-0.706000,-0.479000,0.167000,-4.824000,0.214000,-2.031000,33.94
2023135352,-0.705000,-0.484000,0.160000,-4.611000,0.901000,-1.847000,34.08
2023146349,-0.716000,-0.474000,0.158000,-4.046000,1.511000,-2.244000,34.04
2023160452,-0.717000,-0.479000,0.173000,-3.176000,2.473000,-1.771000,33.99
2023166822,-0.692000,-0.471000,0.160000,-2.351000,3.908000,-2.794000,34.13
2023180529,-0.718000,-0.472000,0.152000,-2.565000,5.344000,-2.916000,34.08
2023188440,-0.706000,-0.474000,0.171000,-2.107000,4.977000,-2.794000,34.13
2023198947,-0.690000,-0.495000,0.194000,0.290000,6.443000,-2.870000,34.08
2023208165,-0.709000,-0.479000,0.166000,1.252000,8.519000,-3.221000,34.08
2023218282,-0.725000,-0.470000,0.155000,1.282000,7.344000,-2.305000,34.08
2023225247,-0.734000,-0.472000,0.113000,-0.275000,6.382000,-1.405000,34.08
2023236616,-0.727000,-0.473000,0.120000,-2.901000,5.847000,-1.374000,34.04
2023246374,-0.735000,-0.475000,0.115000,-5.191000,6.351000,-1.832000,34.08
2023261337,-0.730000,-0.463000,0.108000,-7.145000,8.718000,-2.351000,34.04
2023262838,-0.717000,-0.474000,0.187000,-6.733000,9.084000,-2.107000,34.08
2023279592,-0.628000,-0.477000,0.213000,-1.878000,15.130000,-3.542000,34.04
2023289326,-0.663000,-0.519000,0.140000,3.756000,17.649000,-2.244000,34.08
2023296803,-0.670000,-0.491000,0.052000,3.130000,17.786000,-3.282000,34.22
2023307091,-0.755000,-0.416000,0.020000,-0.992000,13.206000,-3.405000,34.08
2023319461,-0.784000,-0.405000,0.062000,-8.290000,5.969000,-1.084000,34.13
2023325459,-0.728000,-0.453000,0.134000,-10.779000,3.588000,0.229000,34.04
2023332098,-0.698000,-0.457000,0.181000,-10.412000,8.443000,-0.168000,34.18
2023348793,-0.726000,-0.470000,0.164000,-8.565000,12.565000,-1.099000,34.04
2023359976,-0.748000,-0.482000,0.144000,-8.229000,14.931000,0.489000,34.08
2023365343,-0.729000,-0.484000,0.142000,-8.305000,16.626000,0.473000,34.04
2023376764,-0.738000,-0.525000,0.107000,-7.863000,15.389000,1.832000,33.99
2023388513,-0.714000,-0.527000,0.117000,-8.336000,15.084000,2.733000,34.04
2023396319,-0.709000,-0.521000,0.137000,-8.198000,14.626000,3.939000,34.08
2023407011,-0.729000,-0.493000,0.120000,-8.885000,14.901000,4.519000,34.04
2023416869,-0.756000,-0.462000,0.112000,-9.878000,13.160000,5.099000,33.99
2023426321,-0.745000,-0.469000,0.106000,-10.962000,9.588000,5.985000,34.04
2023433296,-0.732000,-0.470000,0.078000,-12.565000,9.679000,6.092000,34.08
2023445471,-0.744000,-0.485000,0.072000,-12.656000,8.794000,5.710000,33.99
2023461929,-0.739000,-0.477000,0.081000,-14.489000,10.305000,6.168000,34.13
2023467678,-0.728000,-0.489000,0.079000,-14.931000,10.473000,7.740000,34.08
2023477277,-0.732000,-0.477000,0.078000,-15.832000,11.573000,8.550000,34.13
2023489833,-0.725000,-0.462000,0.092000,-17.740000,11.282000,8.672000,34.08
2023496076,-0.708000,-0.470000,0.083000,-18.611000,10.260000,8.672000,34.04
2023512551,-0.722000,-0.451000,0.054000,-18.779000,9.496000,7.420000,34.08
2023522835,-0.748000,-0.448000,0.075000,-18.809000,8.122000,6.534000,34.13
2023527115,-0.759000,-0.449000,0.072000,-20.412000,6.901000,6.824000,34.08
2023534004,-0.725000,-0.488000,0.071000,-19.008000,8.702000,8.336000,34.13
2023546036,-0.729000,-0.503000,0.046000,-18.443000,11.725000,8.931000,34.04
2023561626,-0.752000,-0.486000,0.077000,-18.275000,13.053000,9.008000,34.08
2023567552,-0.764000,-0.479000,0.025000,-18.824000,14.275000,9.252000,34.04
2023577029,-0.762000,-0.444000,0.024000,-21.863000,14.275000,8.885000,33.99
2023590683,-0.741000,-0.467000,0.089000,-18.336000,17.542000,9.038000,34.04
2023596899,-0.753000,-0.452000,0.047000,-18.458000,20.870000,9.267000,34.08
2023607781,-0.775000,-0.477000,0.034000,-17.344000,23.115000,8.397000,34.04
2023616470,-0.765000,-0.508000,0.019000,-13.527000,22.214000,7.557000,33.99
2023627707,-0.765000,-0.485000,0.013000,-11.786000,21.115000,6.824000,34.04
2023634294,-0.767000,-0.449000,0.008000,-13.359000,20.351000,4.641000,33.99
2023646519,-0.746000,-0.439000,0.021000,-12.321000,21.435000,3.695000,33.99
2023659638,-0.722000,-0.423000,0.035000,-14.473000,23.802000,3.878000,34.08
2023667318,-0.717000,-0.440000,0.050000,-10.702000,28.611000,4.443000,34.08
2023675653,-0.742000,-0.472000,0.028000,-8.916000,31.588000,3.389000,34.04
2023691237,-0.748000,-0.480000,-0.010000,-8.122000,33.695000,3.985000,33.99
2023696914,-0.742000,-0.474000,-0.001000,-7.176000,34.122000,1.298000,33.94
2023707078,-0.785000,-0.462000,-0.022000,-8.336000,32.076000,1.802000,34.08
2023716948,-0.767000,-0.439000,0.010000,-8.885000,28.840000,1.328000,34.13
2023726983,-0.728000,-0.421000,-0.016000,-11.771000,32.321000,-0.611000,33.99
2023734543,-0.736000,-0.435000,0.029000,-10.580000,34.962000,0.351000,33.94
2023746779,-0.746000,-0.445000,-0.022000,-14.122000,38.611000,2.489000,34.13
2023760226,-0.741000,-0.470000,-0.021000,-15.176000,41.206000,3.237000,34.08
2023768976,-0.744000,-0.509000,-0.022000,-10.855000,44.321000,1.969000,34.04
2023775100,-0.774000,-0.478000,-0.061000,-9.008000,47.191000,2.534000,34.18
2023786309,-0.809000,-0.448000,-0.075000,-10.000000,43.573000,2.824000,34.13
2023796748,-0.777000,-0.448000,-0.069000,-12.046000,41.832000,3.618000,34.08
2023804715,-0.782000,-0.435000,-0.078000,-13.466000,42.611000,4.611000,34.04
2023817283,-0.778000,-0.428000,-0.078000,-14.931000,41.084000,6.977000,34.08
2023828850,-0.759000,-0.431000,-0.067000,-14.718000,46.641000,6.519000,34.13
2023834218,-0.769000,-0.423000,-0.085000,-15.313000,46.916000,8.687000,34.08
2023847951,-0.765000,-0.433000,-0.106000,-15.206000,48.580000,8.565000,34.04
2023855007,-0.792000,-0.413000,-0.157000,-16.809000,47.802000,10.198000,34.13
2023865927,-0.776000,-0.459000,-0.131000,-17.023000,49.069000,9.435000,34.18
2023877315,-0.824000,-0.406000,-0.137000,-18.061000,44.916000,10.779000,33.99
2023890399,-0.786000,-0.405000,-0.099000,-20.015000,41.496000,10.260000,34.08
2023897876,-0.778000,-0.408000,-0.139000,-22.046000,43.038000,10.901000,33.94
2023906151,-0.766000,-0.453000,-0.147000,-22.122000,43.130000,11.359000,34.08
2023916772,-0.781000,-0.425000,-0.112000,-21.450000,43.664000,11.466000,34.04
2023927691,-0.762000,-0.399000,-0.130000,-23.053000,43.420000,10.794000,33.99
2023933878,-0.784000,-0.389000,-0.173000,-26.992000,41.664000,12.763000,34.04
2023945229,-0.782000,-0.422000,-0.166000,-31.359000,39.053000,12.351000,34.08
2023957010,-0.789000,-0.408000,-0.172000,-32.565000,39.603000,11.099000,34.04
2023967497,-0.822000,-0.424000,-0.216000,-32.855000,39.511000,10.901000,34.13
2023977089,-0.751000,-0.478000,-0.197000,-31.282000,40.687000,10.427000,33.99
2023984467,-0.798000,-0.447000,-0.211000,-29.008000,42.321000,12.687000,34.04
2023998670,-0.812000,-0.416000,-0.199000,-31.145000,41.725000,15.191000,34.08
2024006454,-0.808000,-0.391000,-0.201000,-34.595000,39.191000,17.069000,34.04
2024017143,-0.767000,-0.397000,-0.228000,-38.031000,37.542000,17.313000,34.08
2024028775,-0.751000,-0.417000,-0.221000,-39.237000,39.771000,17.664000,34.13
2024036963,-0.764000,-0.421000,-0.243000,-39.450000,41.130000,18.092000,34.08
2024043770,-0.760000,-0.426000,-0.243000,-39.008000,41.221000,17.969000,34.04
2024056208,-0.759000,-0.442000,-0.214000,-35.527000,42.153000,18.916000,34.08
2024066597,-0.757000,-0.420000,-0.250000,-33.038000,41.267000,20.122000,34.04
2024076268,-0.760000,-0.422000,-0.275000,-33.267000,39.740000,20.885000,34.13
2024088691,-0.760000,-0.402000,-0.282000,-32.183000,38.840000,21.023000,33.99
2024098971,-0.781000,-0.380000,-0.276000,-32.824000,41.267000,23.084000,34.08
2024106521,-0.754000,-0.357000,-0.268000,-34.244000,38.824000,21.679000,34.08
2024117574,-0.710000,-0.381000,-0.294000,-34.015000,39.145000,21.496000,34.04
2024128632,-0.691000,-0.384000,-0.247000,-31.985000,41.924000,21.695000,34.08
2024135798,-0.734000,-0.332000,-0.273000,-28.427000,40.443000,19.908000,33.94
2024142479,-0.773000,-0.321000,-0.340000,-28.779000,38.718000,20.031000,34.08
2024157308,-0.764000,-0.347000,-0.323000,-29.481000,36.244000,18.290000,34.04
2024170751,-0.782000,-0.358000,-0.335000,-27.618000,34.458000,16.962000,34.08
2024175417,-0.800000,-0.345000,-0.322000,-28.137000,36.061000,19.450000,34.13
2024189775,-0.768000,-0.313000,-0.319000,-29.496000,35.313000,17.420000,34.04
2024199594,-0.754000,-0.305000,-0.325000,-30.519000,34.244000,17.221000,34.08
2024205427,-0.778000,-0.283000,-0.338000,-33.573000,34.931000,15.847000,34.04
2024217971,-0.792000,-0.281000,-0.342000,-35.573000,36.122000,15.985000,34.08
2024228008,-0.773000,-0.298000,-0.323000,-32.794000,30.015000,11.176000,34.04
2024234680,-0.782000,-0.337000,-0.386000,-33.099000,31.817000,13.832000,34.08
2024246334,-0.741000,-0.375000,-0.370000,-28.870000,32.718000,16.275000,34.04
2024257115,-0.731000,-0.321000,-0.386000,-25.771000,29.969000,13.252000,34.08
2024268462,-0.781000,-0.297000,-0.390000,-27.099000,34.061000,14.672000,34.04
2024276965,-0.765000,-0.299000,-0.410000,-24.076000,37.084000,16.809000,33.99
2024286157,-0.778000,-0.271000,-0.425000,-24.641000,36.534000,15.725000,34.08
2024297110,-0.766000,-0.293000,-0.397000,-26.351000,38.122000,14.733000,34.04
2024303702,-0.810000,-0.251000,-0.404000,-27.511000,38.046000,14.321000,33.99
2024317576,-0.794000,-0.263000,-0.421000,-28.473000,36.107000,13.557000,33.99
2024330162,-0.758000,-0.258000,-0.422000,-28.198000,36.183000,12.107000,33.99
2024334868,-0.734000,-0.260000,-0.454000,-27.237000,37.099000,12.489000,34.04
2024345131,-0.718000,-0.295000,-0.446000,-23.878000,33.954000,11.863000,34.08
2024357197,-0.719000,-0.306000,-0.461000,-18.412000,33.817000,12.626000,34.04
2024370331,-0.714000,-0.277000,-0.439000,-17.466000,38.809000,14.031000,34.08
2024375810,-0.731000,-0.262000,-0.445000,-14.214000,36.718000,14.626000,34.13
2024386730,-0.709000,-0.242000,-0.457000,-13.939000,39.969000,14.901000,34.08
2024398420,-0.749000,-0.217000,-0.479000,-15.160000,40.962000,15.405000,34.18
2024406759,-0.741000,-0.222000,-0.467000,-15.130000,39.786000,15.695000,34.04
2024416293,-0.734000,-0.205000,-0.499000,-15.863000,41.893000,15.176000,34.08
2024426977,-0.753000,-0.260000,-0.484000,-15.420000,37.298000,16.916000,34.13
2024437085,-0.703000,-0.267000,-0.518000,-11.969000,38.275000,16.229000,34.08
2024443780,-0.697000,-0.258000,-0.509000,-8.916000,40.015000,15.924000,34.04
2024460070,-0.743000,-0.240000,-0.529000,-6.565000,37.802000,17.267000,34.18
2024468603,-0.702000,-0.218000,-0.511000,-6.046000,35.832000,18.061000,34.13
2024476440,-0.674000,-0.189000,-0.513000,-6.336000,37.450000,17.924000,33.99
2024487215,-0.705000,-0.162000,-0.518000,-7.878000,37.786000,18.504000,34.04
2024496222,-0.638000,-0.197000,-0.507000,-5.420000,37.496000,18.000000,34.13
2024506082,-0.647000,-0.210000,-0.537000,-1.389000,37.603000,17.802000,34.08
2024515960,-0.656000,-0.243000,-0.535000,1.954000,38.198000,17.191000,34.04
2024527429,-0.672000,-0.228000,-0.575000,4.885000,38.412000,16.122000,34.08
2024537390,-0.683000,-0.228000,-0.539000,6.229000,38.214000,15.344000,34.08
2024543431,-0.713000,-0.213000,-0.566000,6.046000,37.038000,14.931000,33.99
2024560285,-0.727000,-0.197000,-0.552000,0.870000,36.611000,14.031000,34.04
2024569116,-0.717000,-0.188000,-0.531000,-2.168000,35.374000,11.511000,33.99
2024577682,-0.718000,-0.158000,-0.554000,-6.702000,34.321000,10.229000,34.13
2024587401,-0.690000,-0.208000,-0.549000,-8.290000,34.244000,7.527000,34.08
2024598553,-0.694000,-0.228000,-0.557000,-8.046000,32.550000,7.099000,34.04
2024606209,-0.655000,-0.250000,-0.560000,-5.634000,34.031000,5.237000,33.99
2024617441,-0.667000,-0.259000,-0.582000,-2.427000,36.076000,3.008000,33.99
2024633613,-0.661000,-0.250000,-0.562000,-2.656000,32.885000,5.328000,34.13
2024638150,-0.632000,-0.240000,-0.546000,1.191000,34.626000,4.580000,34.08
2024644041,-0.651000,-0.189000,-0.594000,1.679000,37.130000,3.679000,34.04
2024656201,-0.668000,-0.195000,-0.582000,-1.313000,35.817000,3.420000,34.08
2024673044,-0.669000,-0.177000,-0.540000,-2.977000,36.290000,1.969000,34.04
2024679105,-0.700000,-0.130000,-0.604000,-5.099000,30.931000,0.656000,33.99
2024685194,-0.652000,-0.197000,-0.602000,-9.908000,28.702000,2.229000,34.04
2024698490,-0.598000,-0.240000,-0.594000,-6.153000,31.282000,0.565000,34.18
2024706478,-0.650000,-0.211000,-0.683000,-4.931000,26.840000,1.496000,34.04
2024715989,-0.680000,-0.238000,-0.659000,-4.305000,26.397000,4.412000,34.08
2024726758,-0.678000,-0.192000,-0.637000,-4.947000,28.305000,4.626000,34.18
2024737873,-0.667000,-0.170000,-0.631000,-6.885000,25.603000,4.260000,34.04
2024744166,-0.664000,-0.143000,-0.669000,-11.145000,21.374000,5.786000,34.08
2024756539,-0.650000,-0.166000,-0.648000,-12.504000,22.809000,6.031000,33.99
2024770187,-0.657000,-0.158000,-0.649000,-14.565000,22.168000,6.901000,33.99
2024778488,-0.644000,-0.190000,-0.651000,-14.992000,20.046000,7.847000,34.04
2024784801,-0.634000,-0.204000,-0.691000,-13.603000,19.053000,9.420000,34.08
2024799569,-0.618000,-0.205000,-0.696000,-11.878000,18.626000,10.901000,34.04
2024807136,-0.616000,-0.158000,-0.690000,-12.504000,19.618000,12.260000,34.08
2024813942,-0.621000,-0.139000,-0.672000,-12.855000,18.122000,12.992000,34.04
2024826273,-0.594000,-0.100000,-0.665000,-14.214000,15.756000,10.229000,34.08
2024837776,-0.615000,-0.095000,-0.694000,-16.458000,17.099000,9.649000,34.04
2024843255,-0.599000,-0.161000,-0.689000,-16.931000,16.229000,8.229000,34.04
2024856728,-0.644000,-0.181000,-0.708000,-18.992000,18.885000,10.412000,34.08
2024869094,-0.644000,-0.182000,-0.717000,-17.038000,18.229000,12.046000,34.13
2024874972,-0.609000,-0.172000,-0.704000,-15.176000,14.977000,12.198000,34.08
2024886072,-0.622000,-0.152000,-0.704000,-14.382000,14.122000,14.458000,34.04
2024901288,-0.608000,-0.139000,-0.696000,-15.405000,14.962000,15.740000,34.08
2024906630,-0.617000,-0.093000,-0.706000,-16.382000,15.710000,15.053000,33.94
2024918299,-0.575000,-0.112000,-0.676000,-17.344000,12.931000,10.733000,34.08
2024930082,-0.578000,-0.091000,-0.725000,-21.267000,17.939000,10.519000,34.04
2024937329,-0.615000,-0.158000,-0.707000,-22.870000,18.672000,9.466000,33.99
2024942848,-0.643000,-0.157000,-0.741000,-21.038000,18.748000,10.656000,34.13
2024954124,-0.633000,-0.186000,-0.729000,-19.710000,18.397000,10.656000,33.99
2024969221,-0.575000,-0.173000,-0.738000,-16.321000,16.779000,10.137000,34.18
2024974736,-0.559000,-0.116000,-0.725000,-16.763000,18.550000,10.718000,34.18
2024988530,-0.572000,-0.087000,-0.738000,-15.863000,18.458000,10.962000,34.08
2024997001,-0.534000,-0.121000,-0.741000,-15.710000,20.351000,8.351000,34.04
2025006646,-0.580000,-0.105000,-0.730000,-16.489000,22.611000,8.107000,33.99
2025017224,-0.580000,-0.116000,-0.765000,-17.664000,20.824000,7.344000,33.94
2025025194,-0.595000,-0.143000,-0.725000,-15.420000,23.511000,6.901000,33.99
2025038299,-0.597000,-0.107000,-0.739000,-14.992000,24.534000,7.206000,34.13
2025046581,-0.599000,-0.125000,-0.756000,-16.672000,20.504000,6.427000,33.99
2025053334,-0.622000,-0.116000,-0.742000,-15.481000,22.840000,8.641000,34.13
2025068616,-0.582000,-0.114000,-0.742000,-14.672000,21.084000,7.618000,34.08
2025077914,-0.561000,-0.043000,-0.756000,-15.435000,21.939000,5.053000,34.13
2025086061,-0.537000,-0.029000,-0.739000,-16.763000,20.702000,4.122000,33.94
2025096509,-0.559000,-0.032000,-0.754000,-19.267000,23.053000,2.229000,33.99
2025107177,-0.573000,-0.072000,-0.763000,-19.695000,21.069000,3.435000,34.04
2025118344,-0.575000,-0.083000,-0.743000,-20.153000,19.420000,4.611000,33.99
2025124020,-0.566000,-0.089000,-0.757000,-18.580000,17.557000,6.672000,34.04
2025137002,-0.559000,-0.072000,-0.739000,-16.763000,15.252000,8.168000,34.08
2025146027,-0.543000,-0.039000,-0.740000,-16.580000,11.634000,8.901000,34.04
2025152876,-0.486000,-0.028000,-0.729000,-15.740000,11.344000,7.557000,34.08
2025170870,-0.514000,-0.013000,-0.729000,-15.588000,13.099000,5.939000,34.04
2025179479,-0.506000,-0.016000,-0.735000,-16.000000,13.634000,4.534000,34.08
2025186260,-0.549000,-0.052000,-0.743000,-17.710000,13.084000,3.771000,34.04
2025199799,-0.550000,-0.077000,-0.733000,-18.122000,12.870000,2.718000,34.08
2025207451,-0.583000,-0.101000,-0.752000,-16.595000,9.863000,3.237000,33.99
2025217995,-0.541000,-0.114000,-0.749000,-16.107000,9.313000,4.305000,34.13
2025227508,-0.572000,-0.110000,-0.744000,-14.962000,8.015000,5.603000,34.08
2025238020,-0.546000,-0.102000,-0.778000,-14.794000,7.954000,7.008000,34.04
2025245995,-0.508000,-0.110000,-0.697000,-12.015000,8.641000,6.275000,34.08
2025252785,-0.542000,-0.075000,-0.748000,-11.145000,10.641000,4.901000,34.13
2025270949,-0.516000,-0.074000,-0.742000,-10.855000,13.450000,1.969000,33.99
2025279364,-0.543000,-0.094000,-0.761000,-10.641000,13.542000,1.008000,34.13
2025285835,-0.544000,-0.135000,-0.755000,-9.267000,14.992000,0.214000,33.99
2025298841,-0.611000,-0.099000,-0.801000,-8.137000,16.519000,0.748000,33.94
2025307393,-0.586000,-0.127000,-0.752000,-9.542000,13.084000,2.473000,34.04
2025317867,-0.574000,-0.089000,-0.734000,-7.908000,11.817000,2.870000,34.08
2025329831,-0.553000,-0.053000,-0.754000,-8.061000,10.122000,2.840000,34.04
2025336092,-0.491000,-0.040000,-0.741000,-8.412000,11.695000,0.504000,33.99
2025345972,-0.500000,-0.009000,-0.761000,-7.740000,13.252000,-1.832000,34.13
2025352889,-0.531000,-0.025000,-0.809000,-5.802000,14.473000,-4.076000,34.08
2025368364,-0.527000,-0.040000,-0.766000,-5.634000,11.527000,-5.863000,34.13
2025379107,-0.536000,-0.042000,-0.779000,-4.275000,10.519000,-6.336000,34.08
2025385873,-0.581000,-0.038000,-0.782000,-6.260000,9.527000,-2.901000,34.04
2025401843,-0.564000,-0.044000,-0.758000,-6.809000,6.092000,-1.176000,33.99
2025407290,-0.540000,-0.016000,-0.771000,-7.511000,3.435000,0.489000,34.04
2025419246,-0.531000,0.003000,-0.759000,-8.061000,3.084000,0.824000,34.08
2025430120,-0.471000,-0.041000,-0.745000,-6.214000,3.481000,-1.496000,34.08
2025439021,-0.484000,0.002000,-0.806000,-6.489000,6.901000,-1.557000,34.04
2025446493,-0.491000,-0.034000,-0.782000,-3.527000,6.702000,-2.992000,33.99
2025453426,-0.530000,-0.027000,-0.810000,-0.427000,7.405000,-2.687000,34.04
2025470126,-0.580000,-0.035000,-0.807000,-1.863000,7.160000,-0.031000,34.08
2025475973,-0.597000,-0.049000,-0.876000,-4.015000,5.008000,2.855000,34.04
2025485980,-0.585000,-0.046000,-0.799000,-2.718000,4.595000,4.183000,34.08
2025497674,-0.552000,0.004000,-0.805000,-6.061000,4.473000,3.817000,33.94
2025506833,-0.525000,-0.004000,-0.810000,-8.015000,6.137000,1.634000,34.08
2025517316,-0.532000,-0.012000,-0.842000,-9.374000,6.840000,0.626000,34.04
2025527779,-0.552000,-0.054000,-0.809000,-9.710000,5.893000,0.824000,34.04
2025538438,-0.522000,-0.045000,-0.798000,-7.038000,6.260000,0.962000,34.08
2025543361,-0.518000,-0.052000,-0.838000,-5.282000,8.931000,2.260000,34.13
2025554377,-0.533000,-0.034000,-0.820000,-5.053000,11.206000,3.939000,33.99
2025570126,-0.559000,-0.021000,-0.825000,-4.275000,10.534000,5.786000,34.04
2025579799,-0.537000,-0.017000,-0.872000,-4.626000,11.634000,6.366000,34.08
2025586699,-0.541000,-0.004000,-0.820000,-5.237000,11.008000,5.466000,34.13
2025598490,-0.531000,0.013000,-0.825000,-6.748000,9.786000,4.763000,34.08
2025608051,-0.497000,0.006000,-0.829000,-7.649000,10.229000,3.679000,34.04
2025617242,-0.542000,0.020000,-0.841000,-8.641000,7.282000,3.542000,33.99
2025627972,-0.539000,-0.004000,-0.829000,-10.855000,9.511000,5.420000,34.08
2025637330,-0.539000,-0.040000,-0.834000,-9.221000,9.710000,6.641000,33.99
2025643689,-0.522000,-0.033000,-0.821000,-9.634000,9.237000,7.084000,33.99
2025655208,-0.516000,-0.015000,-0.812000,-8.580000,8.015000,7.496000,34.04
2025667191,-0.486000,-0.007000,-0.807000,-7.847000,7.389000,6.305000,34.08
2025677211,-0.477000,0.006000,-0.805000,-6.809000,9.756000,4.504000,34.04
2025686871,-0.463000,0.008000,-0.812000,-6.015000,12.580000,2.336000,34.08
2025699456,-0.491000,0.009000,-0.806000,-5.588000,13.603000,1.466000,34.13
2025707332,-0.484000,-0.012000,-0.789000,-6.656000,13.832000,1.557000,34.08
2025714168,-0.499000,-0.051000,-0.780000,-4.947000,15.511000,1.893000,34.04
2025726818,-0.518000,-0.042000,-0.792000,-2.443000,16.336000,2.260000,34.04
2025737108,-0.495000,-0.007000,-0.830000,-1.969000,10.031000,1.893000,34.08
2025744292,-0.459000,-0.022000,-0.806000,-0.397000,18.473000,3.084000,34.04
2025756053,-0.529000,-0.057000,-0.842000,-0.366000,14.489000,5.069000,34.08
2025769149,-0.531000,-0.018000,-0.819000,0.290000,16.366000,2.977000,34.13
2025777532,-0.573000,0.025000,-0.862000,-5.664000,13.649000,4.321000,34.08
2025783593,-0.531000,-0.016000,-0.805000,-7.053000,11.374000,1.420000,34.13
2025798585,-0.490000,0.036000,-0.830000,-7.664000,10.168000,0.580000,34.08
2025807348,-0.444000,-0.045000,-0.848000,-6.702000,10.885000,-0.901000,34.04
2025815300,-0.457000,-0.069000,-0.837000,-4.244000,10.977000,0.351000,34.08
2025826349,-0.468000,-0.027000,-0.836000,-2.702000,10.519000,1.466000,34.08
2025834583,-0.457000,-0.016000,-0.835000,-2.305000,11.145000,1.573000,34.04
2025844510,-0.448000,-0.005000,-0.851000,-2.702000,15.023000,0.947000,34.08
2025857755,-0.492000,-0.013000,-0.840000,-4.427000,14.107000,2.427000,34.08
2025866871,-0.498000,-0.012000,-0.824000,-4.992000,13.908000,2.611000,34.08
2025876198,-0.491000,-0.014000,-0.838000,-4.641000,14.244000,1.374000,34.04
2025886629,-0.505000,-0.006000,-0.840000,-5.221000,15.176000,1.405000,34.08
2025898033,-0.516000,-0.020000,-0.862000,-4.763000,13.374000,2.000000,34.13
2025906703,-0.477000,-0.027000,-0.843000,-5.069000,11.908000,3.511000,33.99
2025915667,-0.482000,-0.018000,-0.865000,-5.939000,11.634000,5.786000,34.04
2025929922,-0.503000,-0.018000,-0.848000,-6.656000,12.092000,6.687000,34.08
2025934625,-0.519000,0.029000,-0.857000,-9.802000,11.985000,6.595000,34.08
2025944843,-0.521000,0.019000,-0.854000,-13.282000,11.740000,5.832000,34.13
2025957267,-0.491000,-0.027000,-0.830000,-12.443000,11.924000,4.748000,34.08
2025965290,-0.503000,-0.001000,-0.861000,-11.450000,12.489000,7.679000,34.04
2025977539,-0.466000,-0.047000,-0.826000,-8.809000,10.534000,7.725000,33.99
2025986075,-0.499000,-0.019000,-0.835000,-8.534000,10.504000,14.229000,34.04
2025997461,-0.472000,0.015000,-0.862000,-8.412000,12.947000,15.649000,33.99
2026006974,-0.454000,0.019000,-0.838000,-6.977000,14.290000,15.679000,34.04
2026020122,-0.477000,0.067000,-0.841000,-7.252000,16.672000,14.748000,34.08
2026029227,-0.472000,0.073000,-0.869000,-9.237000,14.382000,11.786000,34.08
2026033464,-0.481000,0.066000,-0.836000,-10.794000,15.740000,8.748000,34.04
2026045083,-0.471000,0.056000,-0.848000,-9.191000,13.771000,6.458000,34.08
2026056991,-0.552000,0.038000,-0.890000,-15.130000,12.214000,10.443000,34.04
2026067879,-0.504000,-0.014000,-0.865000,-13.221000,8.244000,11.985000,34.08
2026076358,-0.466000,0.032000,-0.878000,-12.137000,6.458000,13.802000,34.04
2026085088,-0.427000,0.047000,-0.875000,-12.443000,7.939000,14.550000,34.08
2026098751,-0.397000,0.083000,-0.876000,-11.344000,11.802000,11.481000,34.13
2026107248,-0.435000,0.109000,-0.921000,-12.626000,15.328000,8.397000,34.08
2026119536,-0.443000,0.071000,-0.890000,-16.565000,15.053000,6.458000,34.13
2026130601,-0.443000,0.049000,-0.865000,-16.092000,14.153000,5.527000,34.08
2026133814,-0.433000,0.060000,-0.894000,-15.084000,14.137000,5.160000,33.99
2026145167,-0.441000,0.005000,-0.878000,-12.748000,14.962000,8.931000,34.08
2026152122,-0.449000,0.034000,-0.884000,-8.672000,14.397000,10.107000,34.08
2026168776,-0.417000,0.080000,-0.898000,-9.786000,13.267000,11.511000,34.13
2026177127,-0.389000,0.082000,-0.863000,-9.344000,14.885000,9.695000,34.08
2026185879,-0.381000,0.069000,-0.862000,-7.176000,15.099000,7.863000,34.13
2026199996,-0.418000,0.079000,-0.892000,-10.443000,18.321000,8.168000,34.18
2026205268,-0.435000,0.052000,-0.898000,-11.740000,17.618000,8.427000,34.04
2026218770,-0.449000,0.063000,-0.875000,-12.794000,15.099000,8.214000,34.08
2026231991,-0.456000,0.093000,-0.889000,-12.443000,13.023000,8.412000,34.04
2026234176,-0.437000,0.079000,-0.886000,-13.771000,10.947000,8.901000,34.08
2026245886,-0.397000,0.053000,-0.878000,-12.626000,9.863000,9.328000,34.08
2026256880,-0.367000,0.049000,-0.870000,-10.550000,11.618000,8.611000,34.13
2026267141,-0.349000,0.079000,-0.871000,-8.962000,13.557000,9.328000,34.08
2026276985,-0.372000,0.075000,-0.866000,-9.176000,15.649000,7.725000,34.13
2026287366,-0.391000,0.052000,-0.867000,-7.511000,16.733000,6.473000,33.99
2026299028,-0.393000,0.056000,-0.866000,-7.130000,16.641000,4.321000,34.13
2026304545,-0.428000,0.070000,-0.862000,-7.298000,14.962000,2.931000,34.08
2026316477,-0.389000,0.064000,-0.865000,-6.489000,13.908000,1.710000,34.04
2026325064,-0.357000,0.065000,-0.875000,-5.771000,16.519000,-0.870000,34.08
2026335001,-0.388000,0.043000,-0.863000,-4.656000,15.344000,-0.046000,34.04
2026346472,-0.380000,0.053000,-0.856000,-3.863000,14.779000,0.550000,34.08
2026353942,-0.347000,0.048000,-0.860000,-2.214000,16.229000,0.183000,34.08
2026367496,-0.356000,0.030000,-0.887000,0.473000,17.664000,-1.786000,33.99
2026377805,-0.400000,0.070000,-0.868000,0.229000,16.519000,-1.359000,34.08
2026385730,-0.387000,0.060000,-0.860000,-1.084000,13.954000,-2.321000,34.04
2026397138,-0.343000,0.056000,-0.880000,-0.763000,13.878000,-4.733000,34.08
2026405110,-0.397000,0.056000,-0.876000,-2.885000,12.382000,-4.031000,34.04
2026416594,-0.384000,0.057000,-0.862000,-2.076000,10.550000,-5.725000,34.08
2026425993,-0.352000,0.060000,-0.870000,-1.481000,11.206000,-6.733000,34.13
2026435307,-0.361000,0.041000,-0.879000,-0.916000,10.351000,-5.740000,34.08
2026442031,-0.371000,0.036000,-0.867000,0.733000,9.878000,-5.313000,34.22
2026454305,-0.367000,0.059000,-0.863000,0.412000,8.519000,-4.412000,34.08
2026467208,-0.400000,0.069000,-0.865000,-1.328000,7.008000,-3.542000,33.99
2026477930,-0.353000,0.072000,-0.852000,-0.183000,5.206000,-4.443000,34.04
2026488921,-0.341000,0.080000,-0.860000,0.733000,4.794000,-5.603000,34.08
2026497811,-0.366000,0.072000,-0.856000,1.618000,2.916000,-5.924000,34.13
2026505998,-0.350000,0.065000,-0.862000,2.870000,0.947000,-6.321000,34.08
2026517226,-0.369000,0.074000,-0.864000,4.122000,0.473000,-6.214000,34.13
2026528080,-0.408000,0.086000,-0.896000,2.183000,-1.206000,-6.321000,34.08
2026536771,-0.402000,0.073000,-0.867000,1.481000,-2.366000,-6.885000,34.04
2026543550,-0.384000,0.088000,-0.873000,0.076000,-3.435000,-8.015000,34.08
2026560727,-0.405000,0.077000,-0.868000,-0.962000,-5.313000,-8.992000,34.04
2026569625,-0.396000,0.070000,-0.887000,-1.771000,-7.435000,-8.168000,33.99
2026579426,-0.377000,0.020000,-0.903000,-0.916000,-8.061000,-7.725000,34.08
2026587185,-0.351000,0.007000,-0.892000,2.687000,-7.466000,-7.695000,33.99
2026597800,-0.357000,0.033000,-0.925000,5.145000,-4.321000,-7.099000,33.99
2026606323,-0.372000,0.024000,-0.916000,4.672000,-0.901000,-7.450000,34.04
2026618919,-0.398000,0.062000,-0.958000,3.481000,0.290000,-7.939000,34.08
2026629297,-0.423000,0.035000,-0.948000,-0.214000,2.046000,-9.252000,34.13
2026637467,-0.425000,0.015000,-0.940000,-1.023000,1.710000,-9.954000,34.08
2026644606,-0.394000,0.031000,-0.946000,-0.794000,2.214000,-11.420000,34.13
2026656844,-0.396000,0.044000,-0.974000,-0.611000,3.298000,-10.595000,33.99
2026669594,-0.364000,0.014000,-0.953000,-0.305000,4.550000,-9.985000,34.13
2026676791,-0.367000,0.044000,-0.944000,0.962000,6.595000,-8.763000,33.99
2026686468,-0.359000,0.066000,-0.954000,0.901000,9.252000,-9.527000,34.04
2026699590,-0.373000,0.071000,-0.947000,-0.565000,10.626000,-9.679000,34.04
2026708895,-0.391000,0.058000,-0.959000,-0.489000,12.641000,-9.985000,33.99
2026715400,-0.443000,0.094000,-0.956000,-3.191000,11.191000,-9.420000,34.04
2026727133,-0.422000,0.061000,-0.955000,-5.649000,9.374000,-8.901000,34.18
2026738943,-0.437000,0.069000,-0.949000,-6.427000,8.656000,-7.389000,34.04
2026745351,-0.428000,0.063000,-0.954000,-8.443000,6.168000,-6.198000,34.08
2026752558,-0.403000,0.041000,-0.935000,-9.069000,5.786000,-4.794000,34.13
2026766704,-0.400000,0.086000,-0.925000,-10.321000,6.198000,-4.427000,34.08
2026778648,-0.389000,0.089000,-0.933000,-13.099000,6.885000,-4.794000,34.04
2026784555,-0.412000,0.040000,-0.945000,-13.618000,8.092000,-4.809000,34.08
2026796905,-0.427000,0.011000,-0.920000,-14.168000,6.656000,-4.962000,34.13
2026806430,-0.488000,0.063000,-0.918000,-15.252000,5.374000,-2.000000,34.08
2026816292,-0.400000,0.037000,-0.918000,-19.115000,2.504000,0.153000,34.08
2026828399,-0.356000,0.018000,-0.919000,-17.466000,6.153000,3.008000,34.04
2026838374,-0.393000,0.050000,-0.908000,-16.046000,7.893000,6.565000,34.08
2026847646,-0.365000,0.061000,-0.920000,-15.038000,7.985000,8.183000,34.13
2026853001,-0.363000,0.094000,-0.925000,-14.336000,10.214000,9.115000,34.08
2026866384,-0.362000,0.100000,-0.900000,-14.366000,11.542000,7.847000,34.04
2026875388,-0.365000,0.135000,-0.921000,-14.443000,14.076000,6.412000,33.99
2026884947,-0.391000,0.098000,-0.926000,-15.649000,16.015000,5.527000,34.13
2026900340,-0.475000,0.132000,-0.922000,-17.542000,14.427000,8.031000,33.99
2026905796,-0.416000,0.084000,-0.906000,-17.817000,8.870000,9.359000,34.13
2026916555,-0.357000,0.077000,-0.910000,-17.237000,9.878000,12.046000,34.13
2026927651,-0.321000,0.093000,-0.928000,-14.290000,13.191000,15.267000,33.99
2026938320,-0.294000,0.107000,-0.941000,-12.763000,17.817000,15.588000,34.04
2026946549,-0.291000,0.121000,-0.958000,-11.267000,23.099000,14.947000,34.08
2026953321,-0.328000,0.129000,-0.969000,-12.412000,27.313000,13.649000,34.04
2026970200,-0.359000,0.136000,-0.970000,-15.084000,28.107000,12.718000,34.08
2026981695,-0.419000,0.087000,-0.994000,-15.817000,29.832000,13.725000,34.13
2026987618,-0.471000,0.074000,-0.987000,-16.061000,28.015000,14.519000,33.99
2026996592,-0.422000,0.092000,-0.999000,-17.145000,24.733000,15.863000,34.04
2027010115,-0.350000,0.093000,-0.985000,-17.527000,27.191000,15.908000,34.08
2027016140,-0.361000,0.120000,-0.984000,-15.313000,27.267000,16.107000,34.04
2027028662,-0.320000,0.126000,-0.993000,-15.099000,26.840000,15.618000,33.99
2027038871,-0.279000,0.114000,-0.972000,-14.092000,29.786000,14.015000,34.08
2027046634,-0.295000,0.148000,-0.989000,-13.405000,32.427000,14.046000,34.13
2027052923,-0.262000,0.169000,-0.994000,-14.336000,36.137000,13.466000,34.18
2027066157,-0.303000,0.140000,-0.993000,-16.397000,39.649000,13.466000,34.13
2027076909,-0.335000,0.122000,-0.982000,-16.183000,39.771000,15.450000,34.08
2027085874,-0.325000,0.122000,-1.002000,-15.664000,40.809000,13.878000,34.13
2027097200,-0.343000,0.124000,-0.997000,-16.183000,38.733000,16.198000,33.99
2027108167,-0.332000,0.136000,-0.988000,-15.527000,36.198000,15.618000,34.13
2027116645,-0.288000,0.143000,-0.966000,-15.771000,35.237000,15.802000,34.08
2027127036,-0.278000,0.142000,-0.964000,-16.672000,35.267000,15.985000,34.13
2027137217,-0.282000,0.153000,-0.969000,-17.924000,34.366000,16.076000,34.08
2027145700,-0.264000,0.156000,-0.959000,-18.901000,33.527000,14.611000,33.99
2027152384,-0.228000,0.129000,-0.956000,-19.038000,33.939000,13.863000,34.04
2027164280,-0.257000,0.146000,-0.938000,-20.687000,33.160000,14.901000,33.99
2027179675,-0.276000,0.141000,-0.920000,-20.672000,30.122000,15.420000,34.08
2027188909,-0.267000,0.139000,-0.925000,-21.603000,28.046000,15.038000,33.99
2027196221,-0.290000,0.159000,-0.912000,-22.092000,24.901000,16.122000,34.04
2027209564,-0.256000,0.187000,-0.906000,-23.771000,18.763000,16.672000,34.08
2027217152,-0.207000,0.186000,-0.899000,-23.252000,16.305000,16.794000,34.04
2027227650,-0.183000,0.179000,-0.913000,-23.298000,15.206000,17.267000,34.08
2027235820,-0.170000,0.154000,-0.891000,-20.229000,15.328000,16.275000,34.04
2027248172,-0.179000,0.187000,-0.919000,-18.137000,15.389000,16.412000,34.08
2027257051,-0.226000,0.188000,-0.912000,-18.656000,13.710000,16.244000,34.04
2027263849,-0.225000,0.227000,-0.911000,-20.198000,10.076000,15.679000,34.08
2027280728,-0.207000,0.235000,-0.923000,-23.359000,8.336000,14.779000,34.04
2027288338,-0.215000,0.194000,-0.940000,-25.145000,6.214000,14.366000,34.04
2027296246,-0.186000,0.160000,-0.927000,-22.519000,4.656000,13.191000,34.08
2027307211,-0.169000,0.171000,-0.947000,-19.389000,3.878000,13.420000,34.04
2027317461,-0.188000,0.170000,-0.956000,-17.053000,3.985000,14.641000,34.08
2027327354,-0.198000,0.191000,-0.964000,-17.130000,2.244000,14.733000,34.13
2027337513,-0.195000,0.221000,-0.970000,-19.847000,0.855000,13.924000,34.08
2027345828,-0.177000,0.218000,-0.972000,-21.496000,2.214000,11.221000,33.94
2027354704,-0.166000,0.205000,-0.975000,-21.221000,4.427000,7.893000,33.99
2027364275,-0.169000,0.193000,-0.985000,-19.496000,6.702000,6.336000,34.04
2027377308,-0.157000,0.191000,-0.979000,-18.000000,8.336000,6.336000,33.99
2027387059,-0.164000,0.195000,-0.967000,-15.618000,8.962000,8.000000,34.04
2027396946,-0.134000,0.216000,-0.986000,-13.038000,11.130000,8.626000,33.99
2027404023,-0.116000,0.236000,-0.987000,-11.679000,13.130000,8.351000,34.08
2027416825,-0.111000,0.253000,-0.981000,-9.740000,17.435000,6.153000,34.04
2027427330,-0.170000,0.296000,-0.999000,-9.832000,20.015000,4.702000,33.99
2027441138,-0.185000,0.268000,-1.003000,-12.794000,19.649000,3.740000,34.13
2027448976,-0.185000,0.236000,-0.995000,-11.359000,18.366000,3.237000,34.08
2027457485,-0.181000,0.283000,-1.017000,-11.725000,18.168000,2.916000,34.13
2027465181,-0.195000,0.278000,-1.007000,-15.038000,18.427000,2.382000,33.99
2027476895,-0.198000,0.278000,-0.984000,-16.611000,17.389000,2.504000,34.04
2027488677,-0.170000,0.323000,-0.990000,-17.252000,15.389000,3.023000,34.08
2027496576,-0.118000,0.293000,-1.008000,-18.840000,17.038000,3.053000,34.13
2027505959,-0.114000,0.267000,-0.997000,-16.015000,19.237000,3.710000,34.08
2027520371,-0.095000,0.271000,-1.018000,-12.992000,22.840000,3.924000,34.13
2027528662,-0.110000,0.280000,-0.987000,-11.695000,26.687000,4.763000,34.08
2027536202,-0.152000,0.301000,-1.021000,-12.534000,28.763000,5.863000,34.04
2027546403,-0.169000,0.303000,-1.013000,-15.328000,28.947000,5.786000,33.99
2027558330,-0.194000,0.287000,-0.997000,-17.206000,27.832000,6.794000,34.08
2027565491,-0.170000,0.300000,-1.010000,-18.550000,26.153000,6.809000,34.13
2027572185,-0.143000,0.261000,-1.035000,-18.412000,25.847000,6.687000,33.99
2027587753,-0.128000,0.257000,-0.997000,-16.443000,27.313000,6.855000,34.13
2027598997,-0.111000,0.284000,-1.029000,-14.794000,28.595000,6.779000,33.99
2027604009,-0.084000,0.251000,-1.033000,-14.626000,32.000000,5.695000,34.04
2027616304,-0.132000,0.252000,-1.031000,-14.168000,35.359000,6.046000,34.18
2027627721,-0.125000,0.223000,-0.989000,-14.656000,36.260000,4.046000,34.13
2027637158,-0.081000,0.292000,-0.970000,-10.977000,38.214000,0.458000,34.08
2027648264,-0.055000,0.311000,-1.034000,-12.656000,41.664000,-0.611000,34.13
2027656301,-0.086000,0.226000,-1.011000,-12.962000,44.550000,-0.763000,34.08
2027665509,-0.084000,0.214000,-1.029000,-10.443000,45.466000,-0.183000,33.99
2027672461,-0.114000,0.208000,-1.029000,-10.061000,46.107000,1.069000,33.94
2027689695,-0.090000,0.219000,-0.983000,-7.786000,47.237000,-0.107000,34.08
2027701011,-0.162000,0.338000,-1.011000,-10.885000,43.618000,0.290000,33.99
2027706683,-0.108000,0.308000,-0.994000,-16.885000,41.649000,-0.626000,34.08
2027717401,-0.121000,0.349000,-0.965000,-18.031000,38.183000,-3.328000,34.04
2027730677,-0.042000,0.383000,-0.985000,-22.565000,34.840000,-5.908000,33.99
2027736043,-0.004000,0.299000,-0.986000,-21.573000,36.122000,-6.672000,34.13
2027746561,-0.004000,0.266000,-0.993000,-18.550000,36.504000,-5.679000,34.08
2027758679,0.021000,0.276000,-0.978000,-14.412000,36.489000,-3.817000,34.04
2027767634,-0.015000,0.330000,-1.000000,-13.893000,37.924000,-0.382000,33.99
2027772199,-0.072000,0.329000,-0.995000,-15.985000,37.252000,1.969000,34.08
2027785902,-0.066000,0.337000,-0.951000,-17.573000,33.740000,2.290000,34.22
2027798611,0.004000,0.382000,-0.989000,-22.153000,34.611000,0.870000,33.99
2027807896,0.008000,0.349000,-0.982000,-24.321000,33.191000,0.229000,34.04
2027815906,0.056000,0.333000,-1.016000,-21.191000,36.992000,-1.710000,34.18
2027831995,0.018000,0.321000,-1.021000,-21.176000,40.061000,-0.824000,34.13
2027837048,-0.030000,0.311000,-1.013000,-21.573000,38.244000,0.916000,34.08
2027847665,0.020000,0.332000,-0.998000,-22.305000,37.328000,1.466000,34.13
2027857137,0.008000,0.362000,-1.007000,-22.702000,36.855000,1.756000,34.08
2027867466,-0.028000,0.405000,-0.994000,-29.359000,35.267000,1.573000,34.13
2027873405,-0.035000,0.420000,-0.988000,-33.954000,32.473000,2.870000,34.08
2027885267,0.014000,0.359000,-0.988000,-37.008000,30.580000,5.710000,34.13
2027897039,0.068000,0.308000,-0.986000,-35.481000,30.427000,9.756000,34.08
2027908901,0.148000,0.282000,-1.006000,-31.130000,33.344000,11.893000,34.08
2027916718,0.122000,0.333000,-1.005000,-25.023000,36.107000,13.191000,33.99
2027930392,0.073000,0.404000,-1.005000,-25.771000,36.580000,13.420000,34.08
2027938201,0.036000,0.421000,-0.990000,-32.504000,36.473000,14.198000,34.04
2027945640,-0.005000,0.420000,-0.949000,-37.206000,32.534000,12.855000,34.08
2027956752,-0.028000,0.385000,-1.024000,-43.099000,27.206000,15.511000,34.13
2027966560,0.109000,0.335000,-0.977000,-40.351000,22.519000,14.122000,33.99
2027974003,0.138000,0.309000,-0.939000,-34.763000,27.069000,14.519000,34.04
2027985242,0.128000,0.345000,-0.968000,-31.878000,28.992000,15.221000,34.08
2028000738,0.124000,0.427000,-0.932000,-32.351000,30.290000,15.298000,33.94
2028006642,0.112000,0.453000,-0.958000,-34.397000,29.954000,16.046000,33.99
2028016641,0.079000,0.466000,-0.953000,-39.908000,30.824000,14.092000,34.18
2028028264,0.046000,0.456000,-0.907000,-40.580000,26.260000,15.053000,34.04
2028035482,0.097000,0.434000,-0.929000,-39.160000,21.939000,15.313000,33.99
2028045416,0.154000,0.409000,-0.923000,-37.221000,20.718000,17.954000,34.04
2028057588,0.180000,0.379000,-0.926000,-30.000000,19.832000,20.366000,34.08
2028067585,0.219000,0.464000,-0.939000,-27.008000,22.931000,19.710000,34.13
2028073590,0.140000,0.526000,-0.970000,-30.458000,26.626000,20.931000,33.99
2028085494,0.061000,0.506000,-0.945000,-34.916000,24.244000,20.687000,34.04
2028096687,0.058000,0.470000,-0.919000,-38.198000,20.992000,20.504000,34.08
2028107820,0.104000,0.454000,-0.906000,-35.786000,17.756000,19.481000,34.04
2028116871,0.217000,0.466000,-0.937000,-31.817000,15.847000,18.397000,34.18
2028130427,0.249000,0.439000,-0.977000,-28.427000,23.725000,16.733000,34.04
2028140802,0.220000,0.426000,-0.963000,-26.641000,26.947000,15.924000,34.08
2028143238,0.179000,0.447000,-0.949000,-26.458000,28.977000,15.069000,33.99
2028157596,0.151000,0.484000,-0.910000,-27.679000,29.893000,13.954000,34.04
2028169591,0.215000,0.485000,-0.925000,-28.626000,30.931000,11.634000,34.08
2028174303,0.237000,0.453000,-0.943000,-27.176000,35.084000,7.344000,34.13
2028186004,0.201000,0.425000,-0.923000,-24.168000,36.809000,3.450000,34.08
2028192672,0.263000,0.408000,-0.940000,-20.733000,37.511000,-1.038000,34.13
2028208958,0.242000,0.445000,-0.945000,-17.466000,42.244000,-3.374000,34.08
2028214000,0.204000,0.487000,-0.919000,-18.687000,40.763000,-3.908000,34.13
2028226341,0.229000,0.523000,-0.912000,-22.092000,39.893000,-3.038000,34.18
2028238409,0.274000,0.530000,-0.918000,-25.725000,39.420000,-5.573000,34.04
2028244030,0.312000,0.503000,-0.906000,-23.053000,41.267000,-9.053000,34.08
2028256877,0.286000,0.513000,-0.936000,-20.443000,45.771000,-11.649000,34.13
2028267355,0.319000,0.483000,-0.928000,-18.168000,47.924000,-12.656000,34.08
2028275251,0.281000,0.523000,-0.946000,-16.076000,50.412000,-12.779000,34.04
2028286094,0.256000,0.593000,-0.889000,-18.046000,49.298000,-12.443000,34.08
2028294594,0.225000,0.695000,-0.882000,-23.603000,45.817000,-10.962000,33.99
2028311978,0.240000,0.661000,-0.935000,-30.779000,42.031000,-9.649000,34.13
2028317107,0.214000,0.589000,-0.901000,-36.137000,40.275000,-6.550000,33.99
2028327131,0.258000,0.504000,-0.910000,-33.176000,37.008000,-3.237000,34.13
2028342153,0.256000,0.528000,-0.887000,-29.328000,37.634000,2.076000,34.18
2028348165,0.255000,0.574000,-0.854000,-27.267000,32.977000,9.420000,34.13
2028357569,0.300000,0.625000,-0.885000,-26.550000,31.160000,14.366000,34.18
2028365862,0.286000,0.618000,-0.864000,-28.183000,31.206000,17.008000,34.13
2028378533,0.326000,0.599000,-0.855000,-28.321000,31.282000,17.511000,34.08
2028386526,0.300000,0.590000,-0.889000,-29.359000,35.053000,18.046000,34.04
2028393464,0.296000,0.521000,-0.872000,-29.466000,34.305000,18.641000,34.08
2028410152,0.275000,0.505000,-0.860000,-26.427000,35.664000,20.794000,34.13
2028419989,0.187000,0.575000,-0.846000,-28.382000,29.710000,26.885000,34.04
2028426393,0.293000,0.490000,-0.865000,-31.908000,22.061000,32.504000,33.99
2028439027,0.366000,0.415000,-0.849000,-28.092000,23.527000,36.076000,34.08
2028449214,0.436000,0.415000,-0.846000,-23.313000,27.405000,38.763000,34.08
2028457049,0.483000,0.417000,-0.846000,-17.099000,36.290000,37.282000,34.13
2028468566,0.429000,0.473000,-0.850000,-12.046000,44.046000,35.557000,34.08
2028478630,0.392000,0.487000,-0.821000,-10.656000,44.962000,30.321000,34.04
2028486723,0.415000,0.540000,-0.816000,-9.405000,45.405000,23.618000,34.08
2028493872,0.365000,0.662000,-0.761000,-14.992000,49.374000,16.824000,34.04
2028506576,0.306000,0.715000,-0.800000,-23.893000,43.832000,15.084000,34.18
2028515395,0.434000,0.604000,-0.889000,-34.061000,39.939000,10.366000,34.13
2028526240,0.463000,0.458000,-0.818000,-31.328000,42.198000,7.847000,34.08
2028534897,0.423000,0.507000,-0.776000,-21.954000,46.534000,5.603000,34.04
2028546723,0.419000,0.620000,-0.760000,-19.664000,42.397000,7.282000,34.13
2028557236,0.408000,0.635000,-0.760000,-24.855000,39.847000,9.115000,34.08
2028567164,0.486000,0.555000,-0.738000,-19.985000,37.267000,8.321000,34.13
2028581090,0.510000,0.561000,-0.786000,-15.863000,40.305000,4.809000,34.18
2028583814,0.545000,0.590000,-0.780000,-12.718000,43.679000,3.771000,33.99
2028594865,0.522000,0.639000,-0.804000,-11.954000,46.947000,2.443000,34.18
2028607659,0.469000,0.611000,-0.813000,-14.992000,49.786000,0.229000,34.13
2028617700,0.304000,0.656000,-0.738000,-17.084000,45.511000,-0.137000,34.08
2028626298,0.393000,0.632000,-0.751000,-22.015000,35.237000,-1.679000,34.13
2028634680,0.508000,0.566000,-0.731000,-19.924000,35.008000,-3.069000,34.08
2028646854,0.523000,0.564000,-0.725000,-14.763000,36.885000,-2.092000,34.13
2028657201,0.647000,0.611000,-0.756000,-11.634000,43.481000,-1.511000,34.08
2028668843,0.586000,0.552000,-0.781000,-9.924000,51.817000,-3.069000,34.04
2028680308,0.489000,0.611000,-0.742000,-7.252000,58.183000,-6.214000,33.99
2028683737,0.454000,0.683000,-0.753000,-10.565000,54.901000,-6.305000,34.08
2028695274,0.426000,0.627000,-0.741000,-13.405000,54.336000,-7.344000,34.13
2028701939,0.451000,0.599000,-0.716000,-14.046000,48.366000,-5.176000,34.08
2028716378,0.450000,0.578000,-0.791000,-13.496000,47.191000,-4.153000,34.04
2028726891,0.416000,0.611000,-0.754000,-17.786000,43.481000,4.534000,34.08
2028735833,0.502000,0.588000,-0.731000,-22.641000,38.153000,7.344000,34.04
2028747848,0.592000,0.589000,-0.680000,-19.817000,45.664000,2.687000,34.08
2028753647,0.438000,0.642000,-0.672000,-19.237000,46.076000,-1.176000,34.04
2028765874,0.516000,0.635000,-0.662000,-19.008000,41.817000,-2.992000,34.08
2028780327,0.552000,0.600000,-0.697000,-18.107000,39.924000,-3.496000,34.13
2028784294,0.567000,0.542000,-0.684000,-15.267000,39.649000,-3.527000,34.08
2028795726,0.547000,0.545000,-0.696000,-12.534000,39.160000,-2.992000,34.22
2028802782,0.538000,0.559000,-0.697000,-12.122000,37.053000,-0.321000,33.99
2028816122,0.564000,0.512000,-0.680000,-12.870000,34.321000,-2.061000,34.08
2028826921,0.566000,0.523000,-0.653000,-11.511000,37.176000,-7.771000,33.94
2028836066,0.585000,0.518000,-0.616000,-10.947000,38.489000,-17.557000,33.99
2028848945,0.627000,0.526000,-0.622000,-8.916000,39.511000,-26.183000,34.13
2028854333,0.460000,0.677000,-0.595000,-11.969000,33.939000,-25.740000,34.08
2028866018,0.592000,0.615000,-0.638000,-21.573000,21.695000,-25.252000,34.13
2028876802,0.694000,0.486000,-0.601000,-19.282000,22.489000,-25.359000,34.08
2028884739,0.665000,0.490000,-0.561000,-11.191000,25.649000,-25.863000,34.04
2028895755,0.665000,0.528000,-0.547000,-3.405000,27.298000,-27.160000,34.08
2028903748,0.598000,0.615000,-0.516000,3.130000,25.511000,-28.244000,34.04
2028916381,0.606000,0.690000,-0.508000,4.321000,20.672000,-28.534000,33.99
2028925353,0.597000,0.705000,-0.517000,4.305000,15.908000,-27.679000,34.08
2028937199,0.586000,0.699000,-0.514000,5.008000,9.481000,-27.664000,34.13
2028953527,0.557000,0.733000,-0.518000,5.115000,4.519000,-25.695000,34.18
2028956496,0.573000,0.759000,-0.535000,2.473000,-2.076000,-22.229000,34.08
2028966164,0.531000,0.745000,-0.525000,3.954000,-8.916000,-19.969000,34.08
2028976893,0.553000,0.741000,-0.549000,1.740000,-15.069000,-14.656000,34.04
2028987714,0.567000,0.731000,-0.559000,3.298000,-20.321000,-12.489000,34.08
2028996721,0.583000,0.724000,-0.558000,5.618000,-23.588000,-10.916000,34.13
2029003759,0.568000,0.724000,-0.574000,7.924000,-26.519000,-7.603000,34.08
2029020388,0.535000,0.715000,-0.590000,8.992000,-30.473000,-5.145000,34.13
2029026982,0.522000,0.705000,-0.536000,12.366000,-34.076000,-5.282000,34.08
2029037430,0.512000,0.706000,-0.546000,14.031000,-37.481000,-5.496000,34.13
2029044574,0.476000,0.692000,-0.551000,14.366000,-42.214000,-3.389000,34.08
2029056685,0.436000,0.648000,-0.570000,14.901000,-47.298000,-0.504000,34.08
2029067214,0.437000,0.637000,-0.556000,15.832000,-54.397000,1.435000,33.94
2029077521,0.474000,0.640000,-0.569000,17.527000,-58.794000,3.008000,34.08
2029089868,0.473000,0.641000,-0.584000,19.221000,-60.000000,4.519000,34.04
2029093750,0.487000,0.633000,-0.590000,20.397000,-62.489000,6.916000,33.99
2029104485,0.469000,0.649000,-0.587000,22.672000,-64.504000,8.397000,34.04
2029117263,0.461000,0.637000,-0.632000,24.565000,-66.336000,8.458000,33.99
2029126386,0.433000,0.633000,-0.611000,25.130000,-69.359000,8.382000,34.13
2029137832,0.424000,0.634000,-0.630000,27.176000,-72.870000,8.763000,34.08
2029146842,0.445000,0.655000,-0.636000,27.771000,-74.779000,9.878000,34.04
2029163584,0.432000,0.627000,-0.662000,29.679000,-77.282000,11.084000,34.08
2029165810,0.436000,0.604000,-0.703000,31.160000,-77.191000,10.183000,34.04
2029176367,0.364000,0.593000,-0.702000,33.359000,-77.786000,9.313000,34.08
2029187958,0.377000,0.612000,-0.701000,31.878000,-84.214000,9.038000,34.08
2029195256,0.411000,0.598000,-0.709000,33.618000,-84.244000,7.298000,34.04
2029205514,0.392000,0.609000,-0.725000,34.031000,-87.145000,4.351000,34.08
2029212546,0.383000,0.602000,-0.745000,32.061000,-87.221000,2.061000,34.13
2029229190,0.346000,0.586000,-0.749000,30.015000,-90.321000,0.489000,34.18
2029238474,0.355000,0.564000,-0.720000,29.405000,-92.626000,-3.771000,34.04
2029246118,0.286000,0.569000,-0.711000,30.763000,-93.069000,-10.427000,34.08
2029257042,0.240000,0.531000,-0.741000,26.137000,-97.420000,-17.466000,34.04
2029266443,0.223000,0.474000,-0.734000,26.824000,-102.137000,-25.435000,34.08
2029277303,0.183000,0.411000,-0.730000,28.626000,-106.305000,-33.695000,34.04
2029287062,0.114000,0.394000,-0.674000,34.275000,-112.718000,-38.550000,34.08
2029296560,0.010000,0.416000,-0.674000,37.542000,-123.359000,-38.504000,34.13
2029305054,0.070000,0.431000,-0.664000,37.466000,-143.298000,-34.947000,34.13
2029317069,0.266000,0.411000,-0.694000,37.939000,-153.771000,-30.458000,33.99
2029329709,0.395000,0.368000,-0.761000,39.924000,-151.191000,-30.611000,34.08
2029339122,0.374000,0.294000,-0.728000,52.168000,-142.916000,-32.977000,33.99
2029346365,0.283000,0.305000,-0.758000,65.221000,-135.069000,-35.191000,34.13
2029359186,0.175000,0.331000,-0.738000,74.153000,-131.603000,-37.588000,34.08
2029368306,0.079000,0.390000,-0.705000,79.588000,-135.435000,-40.260000,34.13
2029375391,0.016000,0.472000,-0.725000,77.588000,-142.672000,-41.084000,34.08
2029387549,-0.043000,0.504000,-0.794000,68.244000,-151.374000,-39.603000,34.04
2029399685,-0.060000,0.425000,-0.841000,59.954000,-164.214000,-37.695000,34.08
2029404359,-0.003000,0.281000,-0.881000,58.290000,-170.595000,-38.275000,34.13
2029415652,-0.022000,0.210000,-0.826000,65.634000,-171.832000,-42.061000,34.08
2029428326,-0.056000,0.321000,-0.805000,72.458000,-174.870000,-42.992000,34.13
2029443229,0.000000,0.343000,-0.858000,74.962000,-174.809000,-47.405000,34.08
2029447629,-0.036000,0.351000,-0.838000,73.618000,-171.450000,-51.176000,34.08
2029456342,-0.081000,0.337000,-0.845000,75.405000,-166.275000,-58.153000,34.13
2029470536,-0.170000,0.359000,-0.875000,70.214000,-163.481000,-64.046000,34.08
2029476340,-0.206000,0.313000,-0.886000,68.718000,-166.107000,-71.221000,34.18
2029489028,-0.245000,0.226000,-0.943000,65.267000,-167.466000,-70.656000,34.08
2029499443,-0.167000,0.074000,-0.882000,71.740000,-164.641000,-73.832000,34.04
2029508574,-0.159000,0.026000,-0.895000,88.794000,-145.313000,-81.405000,34.08
2029513250,-0.297000,0.153000,-0.807000,93.557000,-132.733000,-86.916000,34.04
2029526792,-0.326000,0.212000,-0.828000,98.229000,-125.847000,-94.443000,34.08
2029539031,-0.322000,0.259000,-0.952000,90.504000,-115.450000,-102.901000,34.13
2029549332,-0.507000,0.109000,-0.972000,88.718000,-100.977000,-106.962000,34.08
2029557046,-0.630000,-0.119000,-0.934000,89.496000,-95.573000,-108.824000,34.04
2029564281,-0.603000,-0.157000,-0.894000,97.099000,-90.672000,-110.885000,34.08
2029576645,-0.588000,-0.101000,-0.941000,102.656000,-81.420000,-108.977000,34.04
2029586832,-0.607000,-0.002000,-1.006000,99.145000,-75.023000,-104.290000,34.13
2029602083,-0.586000,-0.048000,-0.974000,96.107000,-67.664000,-105.374000,34.08
2029611933,-0.640000,-0.018000,-0.951000,96.595000,-61.176000,-109.954000,34.04
2029616315,-0.723000,0.013000,-0.948000,93.573000,-57.328000,-114.794000,34.08
2029622218,-0.872000,0.034000,-0.976000,84.397000,-63.573000,-110.656000,33.99
2029634853,-0.767000,-0.126000,-0.911000,76.183000,-69.282000,-107.939000,34.08
2029647247,-0.683000,-0.180000,-0.855000,79.069000,-68.046000,-103.771000,34.04
2029657215,-0.689000,-0.140000,-0.835000,84.687000,-66.855000,-97.374000,34.08
2029667731,-0.652000,-0.130000,-0.837000,86.702000,-66.550000,-90.198000,34.04
2029678982,-0.610000,-0.139000,-0.826000,87.588000,-66.779000,-84.382000,33.99
2029685030,-0.572000,-0.152000,-0.757000,91.573000,-65.924000,-83.542000,34.13
2029696488,-0.643000,-0.115000,-0.780000,94.870000,-64.626000,-81.237000,34.08
2029708020,-0.740000,-0.090000,-0.753000,90.718000,-66.962000,-73.282000,34.08
2029716352,-0.753000,-0.170000,-0.795000,90.000000,-70.168000,-65.786000,34.13
2029725293,-0.794000,-0.231000,-0.733000,84.977000,-71.511000,-59.298000,34.08
2029732068,-0.819000,-0.229000,-0.660000,81.298000,-78.840000,-51.588000,33.94
2029750020,-0.792000,-0.176000,-0.688000,76.656000,-89.573000,-45.679000,34.08
2029759014,-0.751000,-0.115000,-0.699000,69.160000,-99.115000,-42.427000,34.13
2029765020,-0.799000,-0.123000,-0.674000,59.939000,-106.260000,-39.405000,34.08
2029781543,-0.840000,-0.157000,-0.664000,51.023000,-117.710000,-34.595000,34.13
2029786476,-0.806000,-0.238000,-0.664000,43.252000,-127.069000,-30.229000,33.99
2029796546,-0.806000,-0.242000,-0.640000,36.885000,-131.466000,-30.595000,34.04
2029805617,-0.836000,-0.386000,-0.536000,45.695000,-149.084000,-31.145000,33.99
2029816229,-0.753000,-0.285000,-0.531000,42.748000,-148.122000,-33.786000,34.04
2029822553,-0.787000,-0.247000,-0.543000,37.588000,-145.802000,-16.366000,34.04
2029836443,-0.789000,-0.203000,-0.535000,28.366000,-146.977000,-4.794000,33.99
2029849963,-0.757000,-0.287000,-0.569000,22.855000,-150.168000,4.916000,33.99
2029859403,-0.706000,-0.334000,-0.546000,16.443000,-145.695000,7.710000,34.08
2029866393,-0.829000,-0.299000,-0.519000,11.053000,-146.183000,-0.382000,34.04
2029877291,-0.914000,-0.303000,-0.470000,1.328000,-154.122000,-6.168000,34.18
2029886151,-0.926000,-0.292000,-0.415000,-6.763000,-164.534000,-8.198000,34.13
2029897439,-0.863000,-0.361000,-0.400000,-5.832000,-173.832000,-19.084000,33.99
2029907176,-0.735000,-0.359000,-0.425000,-3.954000,-171.496000,-29.344000,34.04
2029917154,-0.807000,-0.371000,-0.407000,-5.496000,-171.832000,-33.786000,33.99
2029925936,-0.750000,-0.441000,-0.347000,-2.733000,-163.664000,-36.244000,34.04
2029932473,-0.742000,-0.465000,-0.293000,8.840000,-143.802000,-44.595000,34.18
2029949725,-0.890000,-0.396000,-0.329000,7.771000,-133.603000,-43.847000,34.08
2029956292,-0.919000,-0.397000,-0.327000,-5.740000,-139.176000,-36.366000,34.04
2029964903,-0.787000,-0.456000,-0.208000,-7.389000,-142.397000,-38.702000,33.99
2029982660,-0.737000,-0.430000,-0.161000,-0.031000,-136.534000,-44.672000,33.94
2029987932,-0.728000,-0.442000,-0.189000,0.321000,-125.511000,-45.924000,34.08
2029995771,-0.778000,-0.489000,-0.152000,2.718000,-116.733000,-47.817000,34.13
2030007136,-0.846000,-0.517000,-0.107000,7.649000,-111.191000,-47.267000,34.08
2030016628,-0.875000,-0.674000,-0.206000,18.137000,-109.176000,-48.137000,34.04
2030023881,-0.845000,-0.451000,-0.115000,11.496000,-103.267000,-46.504000,34.08
2030035188,-0.871000,-0.507000,-0.086000,18.458000,-94.672000,-47.618000,34.04
2030051071,-0.854000,-0.495000,-0.078000,23.099000,-90.137000,-49.527000,34.08
2030057651,-0.839000,-0.461000,-0.064000,24.565000,-83.237000,-48.824000,34.04
2030067401,-0.848000,-0.437000,-0.055000,25.939000,-79.618000,-47.099000,34.08
2030075945,-0.849000,-0.457000,-0.063000,27.985000,-78.519000,-45.527000,34.04
2030085636,-0.796000,-0.493000,-0.001000,31.618000,-77.313000,-58.427000,34.04
2030096285,-0.787000,-0.473000,-0.055000,37.740000,-62.687000,-57.374000,34.18
2030107561,-0.811000,-0.456000,-0.111000,38.580000,-48.534000,-47.786000,34.13
2030118538,-0.794000,-0.459000,-0.047000,38.153000,-36.229000,-48.321000,34.08
2030126238,-0.866000,-0.430000,-0.125000,36.550000,-20.351000,-50.275000,34.04
2030132806,-0.911000,-0.434000,-0.035000,34.046000,-19.771000,-45.282000,34.08
2030145623,-0.851000,-0.402000,0.023000,41.252000,-12.336000,-40.275000,34.04
2030157428,-0.881000,-0.383000,0.059000,51.832000,-2.046000,-39.069000,33.99
2030166000,-0.874000,-0.374000,0.048000,57.389000,4.901000,-34.763000,34.04
2030179510,-0.906000,-0.369000,0.045000,57.405000,9.038000,-30.885000,34.08
2030188909,-0.831000,-0.441000,0.051000,53.771000,5.695000,-26.779000,34.13
2030195532,-0.792000,-0.426000,0.064000,52.763000,6.122000,-23.939000,34.18
2030207301,-0.815000,-0.423000,0.103000,53.725000,9.756000,-21.038000,34.04
2030218473,-0.837000,-0.457000,0.123000,56.611000,11.893000,-18.183000,34.08
2030225893,-0.855000,-0.454000,0.116000,58.382000,13.344000,-14.748000,34.08
2030232894,-0.851000,-0.452000,0.148000,57.084000,11.893000,-8.046000,34.13
2030247146,-0.795000,-0.455000,0.173000,57.740000,13.969000,-3.634000,34.08
2030255751,-0.746000,-0.487000,0.115000,52.458000,8.397000,-0.031000,34.04
2030267651,-0.688000,-0.496000,0.139000,49.634000,6.244000,1.634000,34.08
2030279918,-0.716000,-0.499000,0.142000,49.817000,8.733000,1.130000,34.13
2030285348,-0.737000,-0.499000,0.115000,46.504000,6.656000,2.519000,34.08
2030299010,-0.712000,-0.501000,0.131000,42.275000,6.336000,4.183000,34.04
2030307768,-0.665000,-0.521000,0.160000,41.344000,9.359000,3.954000,33.99
2030317001,-0.622000,-0.525000,0.122000,45.160000,17.206000,3.649000,34.04
2030323509,-0.624000,-0.487000,0.119000,42.794000,24.382000,-0.519000,33.99
2030334280,-0.694000,-0.520000,0.095000,43.221000,24.473000,1.847000,34.04
2030350606,-0.711000,-0.465000,0.080000,38.153000,22.962000,1.389000,34.08
2030360897,-0.765000,-0.460000,0.097000,31.725000,17.679000,3.191000,34.13
2030366552,-0.757000,-0.448000,0.102000,25.374000,12.504000,5.191000,34.08
2030374743,-0.761000,-0.421000,0.097000,15.802000,7.160000,4.244000,34.04
2030387785,-0.757000,-0.439000,0.129000,7.557000,2.137000,5.237000,34.04
2030395623,-0.726000,-0.478000,0.122000,7.069000,-0.595000,8.458000,34.18
2030407481,-0.694000,-0.516000,0.106000,5.298000,1.084000,6.137000,34.04
2030417213,-0.690000,-0.539000,0.104000,6.550000,1.038000,5.099000,34.08
2030423865,-0.696000,-0.510000,0.085000,4.412000,1.908000,3.527000,34.13
2030437216,-0.709000,-0.488000,0.084000,-1.038000,-3.649000,2.656000,34.08
2030447087,-0.700000,-0.477000,0.091000,-5.954000,-7.603000,1.832000,34.04
2030455866,-0.710000,-0.476000,0.102000,-9.786000,-9.328000,1.069000,33.99
2030466307,-0.695000,-0.486000,0.121000,-11.496000,-8.321000,0.076000,34.04
2030480225,-0.671000,-0.513000,0.133000,-11.298000,-3.588000,-1.084000,33.99
2030487461,-0.702000,-0.506000,0.156000,-8.321000,-0.824000,-2.061000,34.04
2030498244,-0.709000,-0.498000,0.135000,-7.908000,0.290000,-1.725000,34.18
2030508309,-0.729000,-0.464000,0.143000,-8.519000,0.336000,-1.191000,34.04
2030518789,-0.711000,-0.450000,0.139000,-10.107000,-1.328000,-0.626000,34.08
2030524502,-0.718000,-0.427000,0.161000,-11.008000,-1.069000,-0.794000,34.08
2030537488,-0.718000,-0.441000,0.159000,-12.000000,-1.771000,-0.122000,34.04
2030544825,-0.717000,-0.449000,0.153000,-13.008000,-2.779000,0.046000,34.18
2030559788,-0.729000,-0.436000,0.150000,-13.481000,-2.382000,0.626000,34.04
2030566437,-0.729000,-0.444000,0.146000,-13.527000,-1.786000,2.397000,34.08
2030580424,-0.710000,-0.474000,0.145000,-13.389000,-0.748000,3.053000,34.04
2030588072,-0.713000,-0.481000,0.135000,-12.168000,0.672000,2.885000,34.08
2030595351,-0.742000,-0.445000,0.117000,-12.702000,0.443000,3.038000,34.04
2030606873,-0.733000,-0.451000,0.128000,-13.893000,-1.847000,3.618000,34.08
2030618667,-0.722000,-0.457000,0.135000,-14.489000,-2.977000,3.588000,34.04
2030624635,-0.723000,-0.448000,0.146000,-14.122000,-2.931000,3.298000,34.08
2030637870,-0.716000,-0.456000,0.138000,-13.832000,-2.366000,3.176000,33.94
2030650154,-0.699000,-0.469000,0.163000,-12.580000,0.244000,2.519000,34.08
2030660468,-0.695000,-0.487000,0.155000,-10.244000,3.282000,2.107000,34.04
2030667309,-0.705000,-0.480000,0.161000,-9.252000,4.962000,2.061000,33.99
2030680489,-0.718000,-0.467000,0.153000,-8.626000,5.389000,1.634000,33.99
2030688777,-0.726000,-0.467000,0.149000,-8.962000,4.626000,1.634000,34.04
2030696051,-0.726000,-0.466000,0.161000,-9.450000,2.855000,1.527000,34.08
2030703040,-0.729000,-0.460000,0.159000,-9.618000,1.466000,1.527000,34.04
2030718012,-0.733000,-0.455000,0.182000,-8.916000,0.229000,1.038000,34.08
2030726496,-0.716000,-0.453000,0.160000,-9.115000,-0.046000,0.947000,34.04
2030733747,-0.706000,-0.459000,0.174000,-8.473000,0.840000,0.885000,33.99
2030746709,-0.678000,-0.486000,0.157000,-7.023000,3.969000,-0.061000,34.04
2030754343,-0.697000,-0.484000,0.167000,-5.557000,6.641000,-0.580000,34.08
2030767640,-0.711000,-0.477000,0.154000,-5.115000,5.847000,-0.733000,34.04
2030776936,-0.728000,-0.457000,0.150000,-5.817000,3.710000,-0.061000,33.99
2030786497,-0.735000,-0.448000,0.157000,-5.557000,1.313000,-0.321000,34.04
2030796355,-0.726000,-0.450000,0.158000,-5.573000,0.519000,-0.412000,34.08
2030809747,-0.728000,-0.450000,0.148000,-5.817000,-1.084000,-0.458000,34.08
2030818283,-0.723000,-0.450000,0.141000,-6.076000,-0.885000,-1.191000,33.99
2030822710,-0.723000,-0.455000,0.146000,-7.038000,0.107000,-2.168000,34.08
2030834584,-0.698000,-0.460000,0.190000,-5.740000,1.542000,-2.702000,34.13
2030846756,-0.687000,-0.467000,0.182000,-4.244000,4.000000,-2.489000,33.99
2030858073,-0.694000,-0.468000,0.160000,-2.885000,4.977000,-1.786000,34.13
2030866800,-0.716000,-0.469000,0.140000,-4.015000,4.794000,-1.344000,34.08
2030875538,-0.731000,-0.475000,0.140000,-5.115000,3.038000,-2.229000,34.04
2030885869,-0.739000,-0.465000,0.140000,-5.710000,2.275000,-1.588000,34.08
2030895161,-0.733000,-0.467000,0.137000,-5.863000,3.435000,-1.511000,34.13
2030905772,-0.740000,-0.479000,0.151000,-5.969000,3.435000,-1.252000,34.08
2030917559,-0.734000,-0.469000,0.174000,-4.672000,5.588000,-0.443000,34.13
2030923735,-0.721000,-0.466000,0.144000,-4.046000,6.992000,-0.183000,34.08
2030935740,-0.730000,-0.454000,0.145000,-3.878000,7.542000,0.229000,34.04
2030951670,-0.730000,-0.453000,0.116000,-4.305000,8.000000,0.153000,33.99
2030958214,-0.725000,-0.454000,0.126000,-5.878000,6.687000,0.366000,33.99
2030963605,-0.724000,-0.461000,0.112000,-8.046000,6.824000,0.977000,34.08
2030975379,-0.727000,-0.463000,0.137000,-9.206000,6.962000,1.496000,34.08
2030988156,-0.728000,-0.464000,0.141000,-8.351000,6.611000,2.550000,34.13
2030995087,-0.705000,-0.451000,0.125000,-7.771000,8.168000,2.672000,34.08
2031007067,-0.720000,-0.453000,0.144000,-5.893000,8.779000,2.809000,34.04
2031019325,-0.730000,-0.445000,0.132000,-5.817000,7.618000,3.328000,33.99
2031025071,-0.736000,-0.431000,0.108000,-6.244000,6.672000,3.878000,34.13
2031032274,-0.756000,-0.426000,0.114000,-7.420000,6.214000,4.351000,34.08
2031046658,-0.748000,-0.459000,0.099000,-8.489000,3.115000,3.924000,34.04
2031057447,-0.727000,-0.438000,0.127000,-8.931000,2.305000,3.389000,34.08
2031066731,-0.745000,-0.433000,0.120000,-8.931000,4.504000,3.069000,34.13
2031079192,-0.746000,-0.447000,0.142000,-8.626000,2.947000,3.160000,33.99
2031088155,-0.728000,-0.470000,0.155000,-7.878000,1.634000,2.397000,34.04
2031098422,-0.708000,-0.472000,0.132000,-6.305000,1.496000,1.939000,34.13
2031107529,-0.717000,-0.476000,0.116000,-5.786000,1.038000,1.282000,33.99
2031119577,-0.726000,-0.484000,0.122000,-6.183000,0.305000,0.962000,34.08
2031123210,-0.722000,-0.480000,0.118000,-6.061000,-0.687000,1.282000,33.99
2031134347,-0.711000,-0.460000,0.152000,-6.718000,-0.611000,1.466000,33.94
2031150543,-0.711000,-0.462000,0.135000,-6.626000,-0.489000,1.344000,34.18
2031157136,-0.719000,-0.448000,0.167000,-6.244000,0.412000,1.252000,34.04
2031167316,-0.702000,-0.460000,0.158000,-4.611000,1.954000,0.718000,34.08
2031179828,-0.706000,-0.469000,0.130000,-3.267000,2.733000,-0.015000,34.04
2031187985,-0.729000,-0.460000,0.116000,-2.779000,3.038000,0.153000,33.99
2031194694,-0.745000,-0.467000,0.102000,-3.267000,1.756000,0.595000,34.13
2031207814,-0.740000,-0.461000,0.111000,-4.351000,0.198000,0.763000,33.99
2031217771,-0.715000,-0.468000,0.103000,-5.435000,0.305000,0.122000,34.04
2031223896,-0.717000,-0.455000,0.144000,-5.939000,0.092000,-0.305000,34.18
2031235891,-0.721000,-0.443000,0.134000,-5.969000,-0.092000,-0.412000,34.04
2031246384,-0.726000,-0.445000,0.144000,-5.374000,-0.595000,-0.702000,34.04
2031261091,-0.695000,-0.461000,0.123000,-4.870000,0.733000,-0.656000,34.08
2031267093,-0.714000,-0.480000,0.120000,-4.397000,2.687000,-1.206000,34.08
2031283101,-0.740000,-0.467000,0.115000,-4.244000,2.626000,-0.855000,34.08
2031288430,-0.737000,-0.457000,0.116000,-4.718000,1.649000,-0.931000,34.04
2031296005,-0.744000,-0.453000,0.132000,-4.595000,1.725000,-0.656000,33.89
2031307074,-0.744000,-0.463000,0.136000,-4.824000,2.122000,-0.458000,34.04
2031318762,-0.732000,-0.462000,0.133000,-5.176000,2.672000,-0.733000,34.08
2031324472,-0.734000,-0.441000,0.147000,-5.832000,2.107000,-0.443000,34.04
2031337682,-0.726000,-0.443000,0.121000,-6.168000,3.008000,0.198000,34.08
2031346196,-0.704000,-0.446000,0.151000,-5.618000,2.718000,-0.305000,34.04
2031359802,-0.713000,-0.461000,0.124000,-5.084000,5.832000,0.061000,33.99
2031367529,-0.734000,-0.452000,0.138000,-4.947000,5.130000,0.565000,34.13
2031379829,-0.746000,-0.447000,0.113000,-5.588000,4.809000,2.122000,34.08
2031387537,-0.750000,-0.446000,0.111000,-6.244000,4.595000,2.641000,34.04
2031397357,-0.749000,-0.452000,0.108000,-7.084000,5.542000,2.748000,34.22
2031406181,-0.749000,-0.456000,0.134000,-7.481000,6.443000,3.145000,34.08
2031416857,-0.750000,-0.450000,0.111000,-7.511000,5.542000,3.038000,33.99
2031426423,-0.747000,-0.438000,0.115000,-7.756000,6.214000,2.885000,33.99
2031433638,-0.719000,-0.449000,0.132000,-7.679000,4.351000,3.038000,34.13
2031450611,-0.711000,-0.466000,0.112000,-7.282000,6.565000,3.527000,34.08
2031456340,-0.718000,-0.462000,0.112000,-5.802000,7.817000,3.298000,34.13
2031466089,-0.735000,-0.457000,0.108000,-5.893000,8.107000,4.611000,33.99
2031477939,-0.723000,-0.449000,0.090000,-6.137000,9.542000,5.588000,34.04
2031486298,-0.719000,-0.450000,0.099000,-6.275000,11.176000,4.489000,34.08
2031497002,-0.744000,-0.442000,0.100000,-6.214000,12.565000,5.053000,34.04
2031505762,-0.744000,-0.429000,0.096000,-7.649000,12.168000,4.473000,34.08
2031517400,-0.755000,-0.436000,0.110000,-7.298000,12.153000,4.885000,34.04
2031522761,-0.754000,-0.453000,0.079000,-7.145000,12.519000,5.756000,33.99
2031535680,-0.744000,-0.468000,0.085000,-7.069000,13.069000,6.168000,34.13
2031550244,-0.755000,-0.466000,0.065000,-5.954000,14.412000,5.832000,33.99
2031559149,-0.763000,-0.454000,0.075000,-6.183000,13.221000,6.168000,34.08
2031566537,-0.772000,-0.427000,0.069000,-7.115000,12.305000,7.695000,33.99
2031578536,-0.736000,-0.415000,0.117000,-6.977000,9.313000,6.137000,34.08
2031585932,-0.743000,-0.413000,0.104000,-8.092000,10.366000,6.458000,34.13
2031596177,-0.725000,-0.439000,0.089000,-9.466000,11.267000,4.992000,34.08
2031608581,-0.747000,-0.459000,0.071000,-7.786000,11.725000,4.656000,34.04
2031616943,-0.727000,-0.476000,0.077000,-5.985000,11.084000,5.725000,34.08
2031623925,-0.730000,-0.475000,0.072000,-3.832000,13.221000,6.412000,34.04
2031639917,-0.735000,-0.430000,0.072000,-5.008000,14.046000,5.359000,34.18
2031650363,-0.787000,-0.405000,0.070000,-7.359000,14.214000,4.947000,34.04
2031658875,-0.765000,-0.411000,0.084000,-9.573000,13.099000,5.466000,34.08
2031665064,-0.751000,-0.430000,0.043000,-10.198000,13.832000,5.084000,34.04
2031678843,-0.761000,-0.432000,0.049000,-10.580000,13.237000,5.481000,34.08
2031686522,-0.789000,-0.415000,0.033000,-11.145000,15.237000,6.031000,34.04
2031697310,-0.770000,-0.428000,0.047000,-11.313000,13.802000,4.718000,34.04
2031709263,-0.746000,-0.441000,0.058000,-10.763000,13.939000,5.053000,33.99
2031718705,-0.739000,-0.424000,0.056000,-10.824000,14.183000,5.176000,34.08
2031724948,-0.743000,-0.427000,0.038000,-9.893000,14.198000,5.466000,34.08
2031737768,-0.766000,-0.413000,0.036000,-10.473000,13.832000,5.466000,34.04
2031750120,-0.753000,-0.417000,0.037000,-9.985000,14.931000,4.931000,33.99
2031756697,-0.765000,-0.427000,0.021000,-11.237000,17.130000,3.985000,34.13
2031765939,-0.767000,-0.427000,0.042000,-11.328000,18.168000,3.450000,34.08
2031780646,-0.783000,-0.412000,-0.002000,-11.832000,18.641000,4.931000,34.13
2031788118,-0.775000,-0.415000,0.028000,-12.260000,19.618000,5.389000,33.99
2031798290,-0.775000,-0.431000,0.019000,-12.977000,19.420000,4.687000,33.94
2031807346,-0.761000,-0.422000,0.026000,-13.847000,18.931000,4.382000,34.08
2031817116,-0.746000,-0.429000,0.017000,-12.290000,19.893000,5.557000,34.04
2031825032,-0.756000,-0.422000,-0.013000,-14.092000,21.084000,4.885000,34.04
2031838271,-0.767000,-0.444000,-0.015000,-15.344000,20.962000,4.473000,34.08
2031846416,-0.741000,-0.431000,0.005000,-16.122000,21.710000,5.145000,33.94
2031857296,-0.752000,-0.434000,0.016000,-13.496000,24.015000,5.924000,33.99
2031866361,-0.771000,-0.416000,-0.025000,-13.924000,25.542000,7.313000,34.08
2031880109,-0.764000,-0.447000,-0.019000,-11.389000,27.649000,7.817000,33.99
2031889501,-0.781000,-0.433000,-0.042000,-11.924000,28.260000,8.183000,33.94
2031897743,-0.786000,-0.425000,-0.015000,-10.000000,28.107000,10.076000,34.08
2031912402,-0.803000,-0.373000,-0.023000,-14.214000,28.443000,8.992000,34.13
2031921658,-0.808000,-0.385000,-0.043000,-17.710000,26.702000,10.229000,33.99
2031925069,-0.772000,-0.397000,-0.026000,-19.344000,28.305000,9.008000,34.04
2031936480,-0.776000,-0.424000,-0.036000,-18.076000,27.817000,10.748000,33.99
2031949353,-0.762000,-0.388000,-0.039000,-16.626000,27.176000,7.863000,34.04
2031959865,-0.791000,-0.396000,-0.050000,-19.359000,29.359000,11.588000,34.04
2031966542,-0.777000,-0.408000,-0.064000,-17.420000,28.473000,12.565000,34.08
2031977475,-0.798000,-0.359000,-0.083000,-17.634000,27.206000,12.275000,34.04
2031989050,-0.805000,-0.391000,-0.093000,-18.977000,24.931000,12.916000,34.08
2031994794,-0.823000,-0.396000,-0.053000,-20.611000,27.756000,15.496000,34.04
2032006225,-0.793000,-0.401000,-0.058000,-19.511000,26.290000,15.695000,34.08
2032016832,-0.786000,-0.416000,-0.051000,-17.817000,28.076000,16.809000,34.13
2032024530,-0.758000,-0.385000,-0.049000,-18.351000,25.832000,15.710000,34.08
2032035279,-0.734000,-0.379000,-0.060000,-18.183000,28.412000,14.809000,33.94
2032041008,-0.812000,-0.337000,-0.066000,-19.053000,30.412000,16.962000,34.08
2032057822,-0.813000,-0.356000,-0.090000,-20.702000,30.412000,17.679000,34.13
2032066411,-0.822000,-0.361000,-0.090000,-20.748000,28.779000,17.618000,34.04
2032076409,-0.807000,-0.381000,-0.115000,-19.389000,30.015000,19.939000,34.08
2032088682,-0.782000,-0.396000,-0.121000,-19.420000,32.382000,19.817000,34.18
2032097075,-0.833000,-0.362000,-0.116000,-16.885000,32.809000,21.069000,33.99
2032105194,-0.876000,-0.295000,-0.135000,-20.366000,30.656000,21.527000,34.04
2032116619,-0.857000,-0.309000,-0.118000,-23.954000,26.687000,22.687000,33.99
2032124241,-0.821000,-0.325000,-0.133000,-24.748000,24.733000,22.901000,34.04
2032133785,-0.831000,-0.326000,-0.118000,-26.656000,27.176000,19.893000,34.08
2032148060,-0.817000,-0.349000,-0.141000,-27.115000,25.725000,17.130000,33.94
2032156846,-0.798000,-0.369000,-0.139000,-26.962000,27.924000,18.473000,34.08
2032166072,-0.777000,-0.368000,-0.140000,-24.733000,28.641000,19.466000,34.13
2032176978,-0.778000,-0.347000,-0.155000,-22.153000,29.115000,20.168000,33.99
2032185955,-0.792000,-0.349000,-0.177000,-22.947000,27.084000,21.908000,33.99
2032196773,-0.769000,-0.337000,-0.155000,-21.099000,25.817000,21.115000,34.13
2032204169,-0.793000,-0.323000,-0.164000,-20.427000,27.282000,19.695000,33.99
2032219427,-0.807000,-0.319000,-0.171000,-21.130000,28.504000,19.252000,34.04
2032226038,-0.798000,-0.313000,-0.174000,-21.145000,28.473000,17.710000,33.99
2032232580,-0.818000,-0.316000,-0.209000,-21.298000,30.901000,17.359000,34.08
2032248818,-0.811000,-0.336000,-0.215000,-23.069000,32.855000,18.183000,34.08
2032258583,-0.820000,-0.341000,-0.214000,-21.481000,32.855000,16.061000,34.04
2032266667,-0.843000,-0.329000,-0.235000,-21.664000,33.069000,17.527000,33.99
2032277198,-0.817000,-0.317000,-0.216000,-22.611000,31.359000,17.099000,34.04
2032288610,-0.780000,-0.309000,-0.211000,-21.588000,30.626000,14.855000,34.08
2032294210,-0.768000,-0.301000,-0.196000,-19.832000,29.954000,14.427000,34.13
2032308873,-0.747000,-0.296000,-0.241000,-18.687000,31.038000,13.634000,33.99
2032321974,-0.753000,-0.317000,-0.256000,-17.130000,34.519000,12.901000,34.04
2032325774,-0.768000,-0.351000,-0.236000,-13.740000,34.702000,13.313000,34.08
2032336617,-0.773000,-0.312000,-0.241000,-12.397000,36.137000,13.298000,33.99
2032343438,-0.780000,-0.303000,-0.256000,-11.084000,38.626000,11.802000,34.04
2032357027,-0.809000,-0.307000,-0.255000,-12.962000,38.580000,11.878000,34.08
2032366155,-0.822000,-0.291000,-0.263000,-12.672000,37.756000,9.847000,34.13
2032377482,-0.827000,-0.265000,-0.281000,-14.046000,36.351000,8.443000,33.99
2032388375,-0.816000,-0.295000,-0.302000,-14.870000,37.176000,9.099000,34.08
2032394001,-0.792000,-0.292000,-0.281000,-14.275000,36.107000,9.908000,34.08
2032408071,-0.752000,-0.309000,-0.289000,-11.664000,37.893000,9.756000,34.04
2032420119,-0.717000,-0.287000,-0.293000,-10.611000,42.412000,10.397000,34.18
2032424657,-0.762000,-0.271000,-0.303000,-8.244000,44.015000,10.626000,34.04
2032435845,-0.799000,-0.258000,-0.301000,-8.000000,42.290000,11.313000,34.08
2032442616,-0.803000,-0.251000,-0.330000,-10.000000,38.870000,12.092000,33.94
2032456533,-0.799000,-0.267000,-0.311000,-8.748000,39.725000,12.504000,34.08
2032466535,-0.826000,-0.227000,-0.321000,-9.435000,36.244000,13.023000,34.04
2032477446,-0.811000,-0.227000,-0.329000,-8.031000,34.992000,12.183000,34.08
2032488520,-0.798000,-0.233000,-0.314000,-8.382000,34.824000,13.725000,34.13
2032493486,-0.803000,-0.234000,-0.330000,-7.679000,33.511000,14.076000,34.04
2032505294,-0.789000,-0.242000,-0.325000,-7.374000,30.611000,13.740000,34.08
2032519856,-0.780000,-0.234000,-0.359000,-8.565000,33.038000,13.740000,34.04
2032524987,-0.813000,-0.192000,-0.348000,-8.840000,32.122000,11.740000,34.08
2032535069,-0.834000,-0.184000,-0.358000,-12.137000,26.214000,12.611000,34.08
2032546956,-0.799000,-0.186000,-0.341000,-14.809000,25.908000,12.183000,34.08
2032559640,-0.808000,-0.219000,-0.366000,-15.221000,25.786000,13.328000,34.04
2032566379,-0.774000,-0.239000,-0.374000,-15.389000,25.282000,13.420000,34.08
2032576326,-0.772000,-0.244000,-0.386000,-13.267000,27.786000,14.473000,34.04
2032587268,-0.763000,-0.249000,-0.398000,-12.153000,32.611000,14.656000,34.08
2032597025,-0.806000,-0.212000,-0.402000,-13.466000,30.260000,15.420000,34.04
2032607553,-0.803000,-0.212000,-0.402000,-13.893000,30.550000,16.214000,34.08
2032619520,-0.788000,-0.194000,-0.405000,-15.832000,32.122000,16.015000,34.13
2032627549,-0.787000,-0.203000,-0.420000,-16.275000,32.855000,15.359000,34.08
2032633870,-0.808000,-0.206000,-0.433000,-17.069000,30.107000,15.832000,34.04
2032647743,-0.775000,-0.187000,-0.420000,-16.748000,29.298000,16.168000,34.04
2032657254,-0.753000,-0.195000,-0.434000,-15.863000,30.458000,16.992000,33.99
2032666957,-0.750000,-0.191000,-0.469000,-15.267000,30.366000,17.542000,33.94
2032676846,-0.756000,-0.179000,-0.473000,-14.977000,31.298000,18.656000,34.08
2032685842,-0.752000,-0.178000,-0.459000,-14.565000,31.664000,18.550000,34.04
2032696665,-0.771000,-0.152000,-0.459000,-15.679000,31.099000,17.832000,33.99
2032708752,-0.772000,-0.135000,-0.469000,-17.099000,28.962000,17.786000,34.04
2032716483,-0.767000,-0.134000,-0.468000,-18.412000,28.565000,17.542000,34.08
2032726605,-0.756000,-0.149000,-0.449000,-18.641000,27.099000,17.710000,34.13
2032732618,-0.726000,-0.162000,-0.460000,-17.282000,26.550000,17.649000,34.08
2032750878,-0.702000,-0.169000,-0.487000,-14.809000,28.015000,18.137000,34.13
2032762468,-0.716000,-0.181000,-0.481000,-14.046000,27.771000,18.473000,34.08
2032768641,-0.739000,-0.165000,-0.484000,-13.344000,30.260000,18.840000,33.99
2032775856,-0.745000,-0.161000,-0.477000,-12.641000,28.992000,19.023000,34.04
2032787384,-0.734000,-0.126000,-0.464000,-11.924000,26.626000,16.626000,34.08
2032795353,-0.743000,-0.136000,-0.490000,-12.809000,27.664000,18.840000,34.04
2032806928,-0.727000,-0.155000,-0.499000,-12.260000,27.130000,18.626000,33.99
2032815136,-0.715000,-0.153000,-0.495000,-9.924000,28.458000,18.122000,34.13
2032826239,-0.700000,-0.142000,-0.509000,-8.305000,29.389000,17.237000,33.99
2032836884,-0.724000,-0.080000,-0.519000,-8.748000,30.489000,17.420000,34.13
2032844957,-0.724000,-0.085000,-0.522000,-10.137000,30.427000,17.313000,34.08
2032857186,-0.719000,-0.111000,-0.528000,-9.450000,31.924000,16.947000,33.94
2032868231,-0.761000,-0.101000,-0.540000,-10.702000,28.397000,19.038000,34.08
2032875437,-0.706000,-0.128000,-0.518000,-10.366000,27.649000,19.023000,34.04
2032888360,-0.686000,-0.105000,-0.515000,-7.649000,28.550000,17.756000,34.08
2032895769,-0.726000,-0.075000,-0.531000,-6.458000,29.038000,18.458000,34.04
2032907134,-0.710000,-0.102000,-0.531000,-5.985000,28.092000,18.947000,34.18
2032917195,-0.707000,-0.158000,-0.533000,-3.557000,26.656000,20.198000,34.08
2032928033,-0.664000,-0.145000,-0.515000,-0.168000,29.191000,18.046000,34.04
2032935979,-0.748000,-0.099000,-0.558000,0.824000,32.534000,17.099000,33.99
2032942853,-0.740000,-0.079000,-0.504000,-2.351000,29.649000,14.000000,34.04
2032962722,-0.745000,-0.052000,-0.544000,-5.863000,29.389000,12.260000,34.08
2032971502,-0.748000,-0.094000,-0.597000,-11.527000,27.282000,10.626000,34.04
2032976518,-0.741000,-0.187000,-0.543000,-12.290000,27.481000,11.313000,33.99
2032985615,-0.720000,-0.192000,-0.561000,-6.107000,28.046000,10.687000,34.04
2032995428,-0.707000,-0.167000,-0.567000,-2.519000,29.618000,11.038000,33.99
2033006122,-0.700000,-0.144000,-0.562000,-0.321000,30.931000,11.374000,34.13
2033017732,-0.721000,-0.077000,-0.563000,-0.443000,31.298000,11.649000,34.08
2033027812,-0.721000,-0.080000,-0.573000,-2.443000,32.168000,11.618000,34.13
2033035226,-0.700000,-0.088000,-0.592000,-5.038000,29.053000,12.000000,34.08
2033042076,-0.710000,-0.073000,-0.597000,-5.298000,30.931000,13.511000,34.04
2033056276,-0.716000,-0.125000,-0.584000,-1.679000,32.244000,14.107000,33.99
2033068300,-0.729000,-0.067000,-0.596000,-2.412000,29.954000,14.092000,33.99
2033073844,-0.750000,-0.032000,-0.624000,-2.916000,29.252000,15.435000,34.04
2033090336,-0.769000,-0.036000,-0.630000,-7.588000,25.924000,17.405000,34.08
2033095281,-0.707000,-0.072000,-0.593000,-8.580000,23.466000,18.366000,34.04
2033104675,-0.679000,-0.028000,-0.620000,-6.550000,22.046000,19.450000,34.08
2033117613,-0.691000,-0.014000,-0.628000,-6.137000,20.809000,21.038000,34.04
2033128395,-0.680000,-0.032000,-0.614000,-6.305000,18.183000,21.954000,34.18
2033134730,-0.643000,-0.004000,-0.614000,-6.076000,17.863000,20.870000,34.04
2033148077,-0.670000,0.041000,-0.625000,-9.008000,18.336000,19.344000,34.08
2033155576,-0.698000,0.048000,-0.648000,-13.282000,16.733000,17.802000,34.13
2033170628,-0.684000,-0.012000,-0.631000,-16.198000,15.405000,16.748000,34.08
2033174977,-0.700000,-0.039000,-0.656000,-16.290000,14.351000,15.053000,34.04
2033189165,-0.718000,-0.074000,-0.639000,-19.023000,10.718000,20.870000,34.18
2033197905,-0.686000,-0.080000,-0.652000,-18.000000,9.328000,24.397000,34.04
2033204780,-0.599000,-0.118000,-0.647000,-14.840000,10.229000,25.496000,34.08
2033217416,-0.624000,-0.051000,-0.635000,-8.931000,13.237000,26.000000,33.99
2033228331,-0.628000,0.002000,-0.627000,-8.718000,12.382000,24.931000,34.04
2033234351,-0.610000,0.009000,-0.636000,-8.779000,13.023000,22.763000,33.99
2033248010,-0.635000,0.021000,-0.636000,-10.092000,15.786000,19.542000,34.13
2033255384,-0.657000,0.015000,-0.618000,-11.160000,14.076000,15.084000,34.08
2033266632,-0.685000,0.017000,-0.663000,-14.000000,13.649000,14.656000,34.04
2033272352,-0.676000,-0.053000,-0.682000,-13.435000,15.863000,16.809000,34.08
2033289339,-0.646000,-0.077000,-0.669000,-10.076000,15.344000,16.779000,34.13
2033297688,-0.629000,-0.059000,-0.686000,-6.718000,15.099000,16.366000,34.08
2033305095,-0.601000,-0.022000,-0.688000,-3.710000,15.160000,16.000000,34.04
2033317530,-0.617000,0.014000,-0.669000,-2.840000,16.962000,14.580000,34.18
2033327945,-0.625000,0.047000,-0.676000,-4.748000,17.420000,12.519000,34.08
2033334010,-0.625000,0.062000,-0.674000,-7.908000,17.969000,9.664000,34.04
2033346606,-0.625000,0.061000,-0.661000,-9.496000,18.718000,6.870000,34.08
2033361627,-0.582000,0.012000,-0.706000,-10.092000,18.336000,5.328000,34.08
2033369814,-0.560000,-0.071000,-0.696000,-5.191000,23.573000,4.046000,33.99
2033374807,-0.600000,-0.045000,-0.721000,-0.611000,24.656000,5.740000,34.04
2033391017,-0.599000,-0.029000,-0.726000,2.641000,26.076000,6.076000,34.08
2033397408,-0.601000,-0.009000,-0.718000,4.611000,28.046000,4.901000,34.13
2033407035,-0.656000,0.037000,-0.723000,1.588000,30.458000,2.183000,33.99
2033416909,-0.695000,0.085000,-0.709000,-4.779000,30.382000,-0.229000,34.13
2033426435,-0.647000,0.056000,-0.700000,-11.282000,24.061000,-0.473000,34.08
2033434573,-0.539000,0.010000,-0.696000,-10.382000,26.504000,-2.824000,34.04
2033447411,-0.544000,-0.010000,-0.720000,-5.557000,30.198000,-4.382000,34.08
2033455261,-0.496000,-0.060000,-0.728000,-0.611000,32.672000,-3.221000,34.08
2033466463,-0.567000,-0.005000,-0.773000,4.198000,35.542000,-0.260000,34.04
2033475642,-0.574000,-0.003000,-0.729000,8.366000,38.412000,-1.053000,33.99
2033489077,-0.613000,0.064000,-0.755000,5.328000,39.511000,-0.947000,34.04
2033497499,-0.690000,0.090000,-0.767000,-2.397000,38.214000,-0.672000,34.08
2033507331,-0.702000,0.072000,-0.757000,-11.053000,32.168000,-1.695000,34.13
2033516301,-0.648000,0.049000,-0.701000,-16.687000,28.473000,-3.069000,34.08
2033527420,-0.625000,0.033000,-0.768000,-18.366000,23.450000,-2.458000,34.13
2033534261,-0.548000,-0.032000,-0.752000,-16.321000,25.344000,-1.344000,34.08
2033547075,-0.532000,-0.015000,-0.702000,-11.221000,26.473000,0.611000,34.13
2033560237,-0.513000,0.015000,-0.687000,-5.893000,28.901000,0.366000,33.99
2033569675,-0.536000,0.083000,-0.727000,-5.710000,27.557000,2.092000,34.04
2033576564,-0.573000,0.099000,-0.738000,-9.160000,27.176000,3.405000,33.99
2033591415,-0.588000,0.088000,-0.711000,-12.336000,26.031000,2.702000,34.08
2033597309,-0.624000,0.085000,-0.740000,-16.214000,22.519000,3.389000,34.04
2033607554,-0.617000,0.047000,-0.769000,-18.153000,17.282000,3.573000,33.99
2033616298,-0.584000,0.013000,-0.781000,-17.435000,15.985000,5.863000,34.13
2033625405,-0.597000,0.023000,-0.761000,-15.588000,12.458000,7.511000,33.99
2033635126,-0.554000,0.067000,-0.752000,-14.427000,8.214000,7.878000,34.13
2033646939,-0.546000,0.087000,-0.787000,-16.733000,9.053000,10.107000,33.99
2033660449,-0.548000,0.088000,-0.756000,-18.916000,8.504000,9.328000,34.13
2033669349,-0.546000,0.108000,-0.749000,-21.038000,8.015000,8.962000,34.08
2033675647,-0.513000,0.069000,-0.781000,-22.840000,8.580000,8.290000,34.13
2033686874,-0.531000,0.019000,-0.780000,-22.382000,8.229000,6.046000,34.08
2033696636,-0.598000,0.031000,-0.779000,-19.389000,10.855000,8.687000,34.13
2033707608,-0.558000,0.033000,-0.755000,-17.557000,8.260000,8.855000,34.04
2033718992,-0.544000,0.104000,-0.739000,-16.901000,5.374000,8.641000,34.08
2033727392,-0.483000,0.122000,-0.782000,-16.336000,6.275000,7.252000,33.99
2033736160,-0.501000,0.089000,-0.770000,-17.130000,8.534000,6.382000,34.08
2033742887,-0.533000,0.077000,-0.771000,-14.702000,8.244000,5.008000,34.13
2033760151,-0.480000,0.047000,-0.777000,-14.321000,11.069000,3.969000,34.08
2033770151,-0.501000,0.056000,-0.784000,-10.733000,15.756000,2.092000,34.13
2033777104,-0.572000,0.088000,-0.790000,-11.023000,14.977000,2.137000,33.99
2033789937,-0.572000,0.077000,-0.795000,-12.458000,12.687000,2.168000,34.04
2033798005,-0.529000,0.049000,-0.785000,-13.359000,10.779000,1.603000,34.08
2033807629,-0.517000,0.090000,-0.764000,-11.771000,11.954000,0.107000,34.04
2033817720,-0.473000,0.094000,-0.763000,-11.496000,14.321000,-2.489000,34.08
2033827792,-0.488000,0.057000,-0.774000,-11.679000,17.924000,-3.267000,34.04
2033836333,-0.504000,0.042000,-0.771000,-8.290000,21.267000,-5.374000,34.08
2033843155,-0.557000,0.040000,-0.795000,-7.038000,20.366000,-4.931000,34.18
2033856088,-0.536000,0.057000,-0.769000,-7.023000,21.328000,-4.107000,34.04
2033867828,-0.592000,0.072000,-0.775000,-8.947000,20.122000,-1.542000,33.99
2033875547,-0.529000,0.065000,-0.733000,-8.427000,18.168000,-1.740000,34.08
2033890467,-0.510000,0.119000,-0.775000,-7.618000,21.176000,-1.542000,34.08
2033899549,-0.515000,0.072000,-0.821000,-8.534000,18.794000,-0.901000,34.04
2033906354,-0.583000,0.075000,-0.773000,-5.115000,21.221000,3.496000,34.08
2033915525,-0.570000,0.110000,-0.765000,-5.893000,18.153000,7.221000,34.04
2033928151,-0.566000,0.129000,-0.766000,-6.153000,14.855000,12.779000,34.08
2033936686,-0.516000,0.087000,-0.768000,-4.443000,12.107000,17.145000,34.04
2033943548,-0.494000,0.085000,-0.767000,1.435000,11.389000,18.427000,34.08
2033956908,-0.506000,0.164000,-0.781000,3.359000,11.328000,18.351000,34.04
2033965823,-0.482000,0.183000,-0.774000,1.542000,11.450000,14.931000,33.94
2033976810,-0.490000,0.194000,-0.804000,0.290000,12.626000,11.435000,34.08
2033986566,-0.506000,0.166000,-0.788000,-2.885000,12.779000,4.260000,34.04
2033997253,-0.606000,0.174000,-0.818000,-5.420000,9.679000,4.336000,34.08
2034006604,-0.568000,0.114000,-0.812000,-12.153000,4.565000,3.802000,34.04
2034019984,-0.560000,0.068000,-0.811000,-13.664000,3.023000,5.878000,34.08
2034030836,-0.478000,0.034000,-0.821000,-12.183000,1.832000,7.221000,34.04
2034033454,-0.425000,0.039000,-0.807000,-6.305000,5.466000,6.198000,34.08
2034045066,-0.453000,0.105000,-0.821000,-3.374000,7.893000,5.328000,34.13
2034057585,-0.460000,0.111000,-0.800000,-4.061000,9.084000,2.565000,34.08
2034066323,-0.481000,0.125000,-0.809000,-4.260000,11.298000,1.160000,34.04
2034077051,-0.500000,0.139000,-0.811000,-6.427000,11.649000,-1.252000,34.08
2034085726,-0.452000,0.091000,-0.798000,-5.985000,12.580000,-4.336000,34.04
2034096054,-0.453000,0.093000,-0.859000,-2.870000,14.992000,-6.809000,33.99
2034104931,-0.499000,0.044000,-0.827000,-1.496000,17.863000,-6.656000,34.08
2034118449,-0.523000,0.045000,-0.814000,1.298000,16.718000,-6.229000,34.13
2034128141,-0.564000,0.122000,-0.853000,0.061000,16.107000,-3.252000,34.08
2034133943,-0.520000,0.101000,-0.832000,-2.031000,13.466000,-2.611000,34.13
2034145736,-0.490000,0.124000,-0.828000,-3.130000,13.237000,-3.420000,34.08
2034157287,-0.481000,0.135000,-0.838000,-4.214000,12.824000,-2.992000,34.04
2034167589,-0.488000,0.139000,-0.843000,-4.947000,10.702000,-2.397000,34.08
2034177188,-0.458000,0.131000,-0.831000,-4.473000,8.061000,-1.634000,34.04
2034191753,-0.458000,0.141000,-0.832000,-3.008000,7.817000,-0.809000,34.08
2034198891,-0.460000,0.149000,-0.803000,-4.397000,8.443000,-2.046000,34.04
2034205081,-0.496000,0.191000,-0.822000,-5.466000,8.702000,-1.038000,34.08
2034217245,-0.447000,0.127000,-0.837000,-6.122000,9.038000,-0.076000,34.13
2034226099,-0.487000,0.068000,-0.797000,-1.389000,5.786000,-0.977000,34.08
2034234393,-0.519000,0.123000,-0.820000,-3.282000,4.443000,4.824000,34.13
2034246935,-0.493000,0.138000,-0.835000,-4.382000,1.740000,6.412000,34.08
2034260042,-0.478000,0.158000,-0.839000,-4.641000,1.191000,6.321000,34.08
2034268500,-0.454000,0.147000,-0.834000,-6.183000,3.466000,4.107000,34.04
2034275277,-0.458000,0.129000,-0.832000,-6.275000,3.389000,3.908000,34.08
2034291069,-0.449000,0.136000,-0.843000,-7.359000,5.817000,3.496000,34.04
2034296110,-0.479000,0.126000,-0.849000,-8.336000,4.809000,3.908000,34.08
2034307846,-0.461000,0.114000,-0.862000,-7.191000,4.244000,4.244000,34.04
2034319936,-0.469000,0.089000,-0.862000,-6.260000,4.000000,5.328000,34.08
2034328142,-0.480000,0.077000,-0.843000,-4.962000,3.603000,5.908000,34.13
2034336602,-0.466000,0.123000,-0.843000,-5.298000,4.489000,4.962000,34.08
2034343659,-0.462000,0.116000,-0.844000,-7.344000,5.832000,3.481000,34.13
2034361089,-0.449000,0.124000,-0.817000,-6.885000,6.901000,0.534000,34.08
2034369745,-0.441000,0.132000,-0.828000,-6.412000,8.153000,-0.733000,34.13
2034376742,-0.427000,0.100000,-0.832000,-5.298000,8.809000,-2.000000,34.08
2034389539,-0.443000,0.077000,-0.846000,-2.122000,8.321000,-1.206000,34.08
2034396420,-0.450000,0.085000,-0.845000,-0.168000,7.679000,-0.870000,34.08
2034407024,-0.458000,0.132000,-0.834000,0.092000,6.931000,1.038000,34.08
2034416151,-0.442000,0.149000,-0.829000,-2.748000,8.534000,0.595000,34.13
2034427147,-0.444000,0.160000,-0.783000,-4.809000,6.565000,-1.221000,34.08
2034432791,-0.429000,0.153000,-0.799000,-4.137000,8.000000,-2.916000,34.04
2034446279,-0.402000,0.120000,-0.824000,-2.718000,9.740000,-5.542000,33.99
2034457840,-0.437000,0.111000,-0.827000,-2.366000,7.588000,-5.374000,34.04
2034469230,-0.447000,0.108000,-0.810000,1.252000,10.550000,-4.412000,34.08
2034477102,-0.469000,0.139000,-0.854000,0.809000,8.473000,-4.550000,34.04
2034489445,-0.547000,0.122000,-0.877000,-2.534000,4.855000,-0.885000,34.08
2034495998,-0.547000,0.086000,-0.830000,-4.885000,2.061000,1.924000,34.04
2034507402,-0.507000,0.137000,-0.869000,-7.053000,-0.718000,1.176000,33.99
2034518799,-0.464000,0.128000,-0.859000,-10.031000,-2.015000,0.962000,34.08
2034526816,-0.463000,0.130000,-0.856000,-9.634000,-4.244000,0.519000,34.04
2034534047,-0.404000,0.149000,-0.874000,-8.092000,-4.824000,-0.809000,34.08
2034546135,-0.383000,0.135000,-0.867000,-7.634000,-2.779000,-0.885000,34.18
2034558739,-0.392000,0.127000,-0.849000,-5.084000,0.168000,-1.802000,34.08
2034565678,-0.416000,0.159000,-0.869000,-5.328000,2.458000,-1.420000,34.04
2034575657,-0.453000,0.111000,-0.868000,-6.901000,3.649000,0.412000,34.08
2034590009,-0.455000,0.089000,-0.835000,-4.718000,4.275000,0.412000,34.04
2034596982,-0.451000,0.123000,-0.856000,-2.824000,4.855000,0.244000,34.08
2034607144,-0.462000,0.096000,-0.856000,-2.092000,5.725000,0.168000,34.13
2034619177,-0.481000,0.109000,-0.841000,-0.733000,5.191000,-0.107000,33.99
2034627247,-0.443000,0.145000,-0.852000,-1.542000,5.511000,-1.603000,34.04
2034635498,-0.448000,0.145000,-0.858000,-2.534000,7.756000,-2.840000,34.08
2034642407,-0.451000,0.114000,-0.852000,-2.977000,9.282000,-4.260000,34.04
2034661043,-0.459000,0.130000,-0.852000,-2.382000,9.924000,-5.252000,34.04
2034667762,-0.463000,0.120000,-0.858000,-2.412000,10.214000,-5.588000,34.08
2034675676,-0.483000,0.109000,-0.860000,-1.710000,9.359000,-4.305000,34.04
2034688681,-0.450000,0.126000,-0.851000,-1.344000,8.351000,-3.756000,34.08
2034698095,-0.442000,0.139000,-0.860000,-0.977000,11.176000,-3.863000,34.08
2034706901,-0.454000,0.127000,-0.872000,-3.710000,9.908000,-2.244000,34.08
2034715926,-0.441000,0.104000,-0.870000,-2.397000,11.053000,-3.099000,34.22
2034729931,-0.461000,0.125000,-0.859000,-1.466000,11.160000,-3.924000,34.08
2034736316,-0.437000,0.117000,-0.877000,-2.168000,11.176000,-3.847000,34.13
2034743086,-0.486000,0.146000,-0.866000,-3.374000,10.931000,-1.542000,33.99
2034758758,-0.441000,0.116000,-0.879000,-4.718000,10.000000,-0.916000,34.04
2034767046,-0.426000,0.103000,-0.855000,-3.420000,13.130000,-0.534000,34.08
2034777889,-0.414000,0.106000,-0.867000,-4.687000,12.534000,1.206000,34.13
2034788264,-0.424000,0.092000,-0.871000,-2.153000,14.229000,1.191000,34.08
2034800369,-0.419000,0.085000,-0.879000,-0.244000,14.107000,1.634000,34.18
2034807813,-0.455000,0.103000,-0.882000,1.237000,13.756000,2.962000,34.04
2034817475,-0.456000,0.116000,-0.875000,0.137000,12.718000,2.992000,33.99
2034827019,-0.448000,0.146000,-0.871000,-1.405000,13.008000,2.107000,34.04
2034839270,-0.448000,0.140000,-0.870000,-3.435000,12.656000,1.893000,33.99
2034844245,-0.406000,0.093000,-0.867000,-2.748000,12.534000,0.809000,34.04
2034857642,-0.401000,0.112000,-0.864000,0.519000,12.534000,0.672000,34.08
2034865615,-0.379000,0.145000,-0.884000,2.305000,14.656000,0.275000,34.13
2034877632,-0.334000,0.121000,-0.844000,4.427000,18.504000,-2.824000,34.08
2034883632,-0.407000,0.174000,-0.896000,2.840000,22.000000,-3.908000,34.04
2034899460,-0.457000,0.186000,-0.897000,-2.076000,20.015000,-4.382000,34.08
2034910479,-0.436000,0.179000,-0.880000,-6.076000,20.015000,-7.649000,34.04
2034915890,-0.459000,0.125000,-0.892000,-7.145000,19.817000,-7.420000,34.08
2034928762,-0.401000,0.094000,-0.887000,-5.542000,19.374000,-7.557000,34.04
2034938407,-0.368000,0.094000,-0.887000,-2.412000,24.656000,-8.458000,34.13
2034945441,-0.437000,0.109000,-0.934000,-4.214000,22.672000,-4.550000,33.99
2034950795,-0.414000,0.118000,-0.898000,-3.740000,23.740000,-6.733000,34.04
2034966537,-0.426000,0.163000,-0.926000,-7.252000,23.924000,-6.702000,34.08
2034976711,-0.389000,0.110000,-0.918000,-8.229000,27.450000,-8.595000,34.13
2034985662,-0.434000,0.133000,-0.932000,-8.824000,30.443000,-9.466000,34.08
2034996091,-0.463000,0.122000,-0.920000,-11.435000,24.641000,-6.260000,34.04
2035009220,-0.431000,0.106000,-0.952000,-12.214000,23.511000,-3.496000,33.99
2035014492,-0.418000,0.115000,-0.933000,-12.336000,22.916000,-1.588000,34.04
2035027059,-0.392000,0.166000,-0.941000,-12.855000,21.130000,0.519000,34.08
2035042427,-0.347000,0.157000,-0.958000,-14.565000,20.901000,2.519000,34.13
2035046248,-0.353000,0.156000,-0.936000,-14.718000,22.641000,3.710000,34.08
2035051938,-0.357000,0.177000,-0.947000,-15.954000,23.130000,4.611000,34.04
2035065423,-0.438000,0.186000,-0.953000,-18.092000,21.939000,6.702000,34.08
2035077980,-0.388000,0.173000,-0.940000,-18.046000,20.687000,6.321000,34.08
2035085595,-0.392000,0.179000,-0.945000,-19.115000,19.435000,7.176000,34.04
2035096251,-0.386000,0.168000,-0.940000,-20.305000,17.893000,8.366000,34.08
2035107321,-0.385000,0.164000,-0.937000,-21.298000,17.145000,10.305000,34.04
2035116526,-0.378000,0.151000,-0.929000,-21.389000,16.458000,12.198000,34.08
2035128105,-0.364000,0.157000,-0.916000,-21.466000,16.046000,13.695000,34.04
2035136682,-0.354000,0.182000,-0.913000,-22.061000,16.580000,14.534000,34.08
2035146789,-0.344000,0.181000,-0.912000,-22.580000,17.908000,14.336000,34.04
2035156973,-0.351000,0.178000,-0.918000,-23.023000,18.336000,14.168000,34.08
2035163768,-0.341000,0.155000,-0.898000,-22.473000,18.931000,12.992000,34.13
2035179160,-0.356000,0.166000,-0.909000,-21.038000,18.901000,13.496000,33.99
2035190146,-0.334000,0.147000,-0.898000,-20.458000,19.481000,13.527000,34.04
2035197130,-0.332000,0.149000,-0.897000,-18.824000,19.298000,14.397000,34.04
2035208872,-0.335000,0.177000,-0.903000,-17.435000,19.756000,14.794000,34.08
2035216218,-0.326000,0.173000,-0.905000,-17.115000,19.588000,15.542000,34.08
2035226322,-0.310000,0.177000,-0.896000,-16.443000,20.427000,14.672000,34.18
2035236351,-0.293000,0.179000,-0.885000,-15.634000,21.847000,13.420000,34.04
2035249548,-0.253000,0.194000,-0.865000,-14.183000,24.260000,10.855000,34.18
2035256701,-0.263000,0.174000,-0.896000,-11.115000,27.832000,8.992000,34.13
2035263520,-0.288000,0.174000,-0.894000,-8.794000,29.328000,9.863000,34.08
2035276012,-0.198000,0.147000,-0.823000,-1.649000,27.099000,3.038000,34.04
2035285909,-0.284000,0.195000,-0.918000,-10.611000,30.534000,10.626000,34.18
2035295015,-0.317000,0.170000,-0.884000,-7.130000,27.756000,7.542000,34.13
2035307375,-0.348000,0.202000,-0.929000,-11.511000,25.786000,10.611000,34.08
2035321584,-0.347000,0.179000,-0.947000,-12.672000,23.863000,11.374000,34.04
2035326694,-0.378000,0.184000,-0.915000,-14.076000,18.733000,10.824000,34.04
2035335752,-0.308000,0.235000,-0.917000,-16.153000,13.221000,9.756000,34.08
2035346254,-0.251000,0.237000,-0.926000,-18.107000,12.183000,9.145000,34.13
2035356964,-0.211000,0.209000,-0.914000,-15.954000,12.840000,7.557000,34.08
2035363898,-0.193000,0.222000,-0.920000,-13.099000,14.595000,6.977000,33.99
2035378997,-0.200000,0.213000,-0.938000,-11.863000,16.947000,6.870000,34.08
2035388259,-0.229000,0.226000,-0.923000,-11.145000,17.252000,8.122000,33.94
2035397087,-0.214000,0.198000,-0.918000,-8.580000,18.351000,9.008000,34.08
2035404861,-0.237000,0.251000,-0.928000,-9.237000,17.435000,9.679000,34.13
2035419842,-0.269000,0.254000,-0.928000,-9.038000,17.069000,9.710000,34.08
2035426933,-0.254000,0.253000,-0.915000,-8.519000,15.069000,8.229000,34.13
2035440683,-0.242000,0.273000,-0.923000,-9.038000,14.702000,7.206000,33.99
2035452759,-0.256000,0.290000,-0.935000,-10.962000,13.084000,6.855000,34.04
2035457513,-0.243000,0.251000,-0.922000,-12.061000,13.023000,5.649000,34.08
2035464657,-0.245000,0.246000,-0.941000,-11.695000,12.885000,4.947000,34.08
2035476780,-0.258000,0.215000,-0.940000,-12.687000,12.504000,5.985000,34.13
2035489701,-0.282000,0.213000,-0.905000,-11.557000,9.344000,6.336000,33.99
2035496429,-0.265000,0.244000,-0.905000,-10.565000,6.153000,6.962000,34.04
2035504911,-0.222000,0.211000,-0.902000,-9.511000,5.863000,6.198000,34.18
2035522447,-0.210000,0.202000,-0.923000,-7.008000,6.290000,6.519000,34.13
2035528570,-0.200000,0.209000,-0.923000,-4.763000,8.198000,6.489000,33.99
2035535232,-0.202000,0.222000,-0.935000,-3.557000,9.649000,6.779000,34.04
2035547213,-0.230000,0.216000,-0.933000,-3.130000,11.557000,6.214000,34.08
2035557256,-0.271000,0.217000,-0.933000,-3.405000,11.160000,6.244000,34.04
2035566128,-0.282000,0.217000,-0.916000,-2.702000,8.779000,5.847000,33.99
2035573064,-0.241000,0.250000,-0.935000,-2.901000,8.473000,4.962000,34.04
2035590175,-0.235000,0.229000,-0.954000,-4.229000,9.511000,4.015000,34.08
2035594298,-0.215000,0.224000,-0.933000,-2.763000,9.328000,2.809000,34.04
2035605697,-0.189000,0.268000,-0.934000,-0.931000,10.183000,1.863000,34.04
2035620286,-0.196000,0.247000,-0.955000,-0.611000,12.031000,0.580000,34.08
2035628960,-0.212000,0.233000,-0.950000,1.221000,11.786000,0.840000,34.13
2035636669,-0.241000,0.257000,-0.958000,1.679000,10.962000,2.168000,34.08
2035648883,-0.240000,0.264000,-0.952000,0.092000,9.832000,2.840000,34.04
2035657022,-0.238000,0.268000,-0.937000,-0.107000,9.084000,3.053000,34.08
2035662925,-0.240000,0.288000,-0.948000,-2.244000,6.885000,2.534000,34.04
2035675178,-0.221000,0.279000,-0.945000,-2.534000,6.534000,1.924000,34.08
2035692030,-0.208000,0.269000,-0.948000,-2.611000,5.221000,0.626000,34.13
2035699411,-0.200000,0.253000,-0.948000,-1.374000,4.458000,0.977000,34.08
2035706872,-0.198000,0.219000,-0.955000,0.672000,3.634000,0.733000,34.04
2035716662,-0.202000,0.264000,-0.950000,0.092000,3.557000,2.183000,34.08
2035727149,-0.208000,0.234000,-0.938000,1.038000,3.725000,2.321000,33.99
2035735034,-0.227000,0.243000,-0.943000,-0.809000,2.870000,3.405000,33.99
2035745570,-0.238000,0.238000,-0.936000,-1.969000,2.489000,3.542000,34.18
2035755476,-0.228000,0.235000,-0.931000,-2.824000,1.939000,2.489000,34.13
2035765429,-0.217000,0.241000,-0.921000,-4.031000,1.359000,1.618000,33.99
2035770625,-0.202000,0.224000,-0.921000,-3.298000,1.649000,0.427000,34.04
2035788373,-0.203000,0.231000,-0.914000,-1.695000,1.511000,-0.687000,34.08
2035797578,-0.187000,0.236000,-0.917000,0.244000,0.840000,-0.931000,34.13
2035806674,-0.169000,0.237000,-0.926000,2.198000,0.290000,-2.244000,34.08
2035816846,-0.182000,0.233000,-0.927000,4.443000,1.237000,-2.061000,34.04
2035828435,-0.195000,0.253000,-0.933000,4.412000,1.099000,-1.771000,33.99
2035836239,-0.199000,0.260000,-0.937000,3.939000,0.382000,-1.985000,34.08
2035846862,-0.204000,0.269000,-0.946000,2.916000,0.153000,-2.412000,34.04
2035857340,-0.197000,0.277000,-0.951000,2.031000,-1.023000,-3.237000,34.08
2035866485,-0.204000,0.263000,-0.958000,1.786000,-2.366000,-3.389000,34.04
2035873639,-0.197000,0.250000,-0.966000,2.748000,-4.061000,-4.000000,34.08
2035889733,-0.180000,0.260000,-0.958000,3.023000,-4.305000,-4.153000,34.13
2035898405,-0.180000,0.263000,-0.972000,2.718000,-4.473000,-3.160000,34.08
2035908940,-0.194000,0.267000,-0.973000,1.939000,-4.061000,-2.931000,34.13
2035913320,-0.212000,0.273000,-0.963000,0.565000,-5.023000,-2.824000,33.99
2035928494,-0.186000,0.271000,-0.978000,0.168000,-5.298000,-2.809000,34.04
2035936761,-0.176000,0.247000,-0.984000,0.321000,-3.695000,-3.176000,34.08
2035947101,-0.184000,0.241000,-0.984000,1.130000,-2.519000,-2.412000,33.94
2035957604,-0.176000,0.256000,-0.991000,1.496000,-0.397000,-2.595000,34.08
2035967195,-0.201000,0.251000,-0.995000,1.069000,1.298000,-2.122000,34.08
2035975070,-0.232000,0.240000,-0.992000,1.099000,1.542000,-2.000000,34.13
2035980734,-0.241000,0.251000,-0.987000,0.168000,0.473000,-1.832000,34.08
2035996302,-0.247000,0.247000,-0.990000,-1.481000,-1.511000,-0.901000,34.04
2036007017,-0.231000,0.252000,-0.984000,-2.611000,-3.130000,-0.779000,33.99
2036015251,-0.200000,0.276000,-0.988000,-4.336000,-2.733000,-0.748000,34.04
2036036583,-0.197000,0.240000,-0.995000,-3.893000,-1.603000,-0.550000,34.08
2036042036,-0.205000,0.232000,-0.996000,-2.534000,-1.069000,-0.061000,34.13
2036045235,-0.210000,0.249000,-0.980000,-2.107000,-0.641000,1.160000,34.08
2036056879,-0.209000,0.278000,-0.992000,-3.069000,0.580000,1.008000,34.04
2036067349,-0.246000,0.264000,-0.981000,-7.527000,-0.183000,2.275000,34.04
2036076120,-0.267000,0.235000,-0.973000,-8.824000,-0.824000,2.519000,34.08
2036082554,-0.259000,0.236000,-0.984000,-10.046000,-3.191000,2.550000,34.04
2036094837,-0.244000,0.210000,-0.981000,-10.687000,-3.969000,3.496000,34.08
2036107157,-0.235000,0.195000,-0.973000,-9.756000,-4.672000,4.427000,34.13
2036117983,-0.206000,0.210000,-0.971000,-7.863000,-4.397000,5.374000,33.99
2036128627,-0.205000,0.240000,-0.988000,-8.626000,-2.443000,5.969000,34.04
2036140059,-0.189000,0.241000,-0.972000,-9.924000,1.191000,6.260000,33.99
2036146030,-0.202000,0.227000,-0.959000,-9.557000,4.061000,4.595000,34.13
2036156528,-0.206000,0.256000,-0.951000,-10.687000,8.321000,0.641000,34.08
2036166581,-0.219000,0.254000,-0.966000,-11.817000,9.435000,-0.992000,34.13
2036176678,-0.252000,0.240000,-0.962000,-12.962000,9.252000,-1.511000,33.99
2036183539,-0.199000,0.206000,-0.934000,-11.847000,7.710000,-1.374000,33.99
2036195631,-0.196000,0.219000,-0.960000,-9.130000,9.496000,-0.336000,34.04
2036208127,-0.191000,0.219000,-0.952000,-7.527000,9.710000,0.992000,34.08
2036218404,-0.174000,0.223000,-0.941000,-5.695000,10.855000,2.351000,34.04
2036224081,-0.185000,0.242000,-0.948000,-3.802000,12.489000,2.321000,34.08
2036238726,-0.192000,0.264000,-0.946000,-3.832000,14.092000,1.145000,34.04
2036246689,-0.194000,0.284000,-0.942000,-5.023000,14.885000,-0.718000,34.08
2036257479,-0.213000,0.280000,-0.956000,-6.153000,15.145000,-2.931000,34.04
2036269057,-0.224000,0.257000,-0.954000,-7.557000,14.550000,-4.015000,33.99
2036277101,-0.226000,0.257000,-0.939000,-7.573000,12.000000,-4.275000,34.04
2036284637,-0.205000,0.265000,-0.949000,-7.496000,10.000000,-3.924000,34.08
2036296767,-0.194000,0.265000,-0.960000,-7.740000,8.168000,-2.061000,34.08
2036308448,-0.189000,0.234000,-0.959000,-8.122000,7.496000,-0.321000,34.04
2036319266,-0.189000,0.245000,-0.952000,-6.885000,7.237000,0.336000,34.08
2036325011,-0.174000,0.267000,-0.956000,-6.947000,7.130000,0.718000,33.99
2036338032,-0.178000,0.260000,-0.939000,-6.855000,7.282000,0.580000,34.08
2036346916,-0.182000,0.256000,-0.942000,-6.275000,7.344000,0.076000,34.13
2036357429,-0.198000,0.261000,-0.952000,-5.618000,6.305000,-0.534000,34.08
2036369915,-0.199000,0.270000,-0.942000,-6.336000,5.023000,-0.992000,34.04
2036378684,-0.195000,0.276000,-0.969000,-7.435000,4.366000,-1.282000,34.08
2036386124,-0.184000,0.253000,-0.960000,-8.183000,4.168000,-1.527000,34.13
2036392877,-0.194000,0.243000,-0.958000,-7.878000,3.359000,-1.939000,34.08
2036411077,-0.207000,0.259000,-0.970000,-7.542000,2.885000,-1.771000,34.08
2036417365,-0.221000,0.259000,-0.945000,-8.397000,3.038000,-1.023000,34.13
2036426042,-0.229000,0.255000,-0.943000,-8.733000,0.489000,-2.275000,33.99
2036440255,-0.163000,0.252000,-0.953000,-7.206000,2.137000,-1.832000,34.13
2036449848,-0.138000,0.246000,-0.945000,-5.160000,4.595000,-3.145000,34.18
2036456458,-0.135000,0.259000,-0.972000,-3.115000,8.931000,-3.145000,34.04
2036466031,-0.175000,0.262000,-0.996000,-3.053000,12.611000,-3.328000,34.18
2036477875,-0.225000,0.268000,-0.993000,-3.588000,14.626000,-3.420000,34.04
2036486688,-0.260000,0.292000,-0.988000,-5.679000,14.137000,-3.298000,33.99
2036493961,-0.262000,0.275000,-1.001000,-8.611000,13.298000,-4.061000,34.04
2036506600,-0.260000,0.291000,-0.993000,-10.092000,12.305000,-4.427000,34.08
2036515700,-0.226000,0.287000,-0.996000,-11.618000,12.198000,-4.977000,34.13
2036525165,-0.201000,0.256000,-0.995000,-10.412000,13.450000,-5.466000,34.04
2036537061,-0.168000,0.282000,-1.005000,-8.489000,15.206000,-5.878000,34.08
2036547220,-0.153000,0.291000,-1.019000,-8.412000,18.473000,-5.557000,34.08
2036556604,-0.173000,0.297000,-1.010000,-7.313000,22.015000,-5.084000,34.08
2036567672,-0.168000,0.318000,-1.027000,-7.664000,23.130000,-4.290000,34.13
2036579927,-0.196000,0.324000,-1.035000,-9.481000,25.328000,-1.542000,34.08
2036586977,-0.211000,0.308000,-1.037000,-11.863000,24.702000,0.962000,34.04
2036593861,-0.183000,0.303000,-1.021000,-12.015000,24.290000,2.397000,34.08
2036608511,-0.153000,0.316000,-1.053000,-12.046000,27.969000,2.412000,34.04
2036621102,-0.170000,0.312000,-1.042000,-11.756000,30.641000,1.695000,34.08
2036626306,-0.199000,0.336000,-1.044000,-13.496000,31.542000,2.412000,34.04
2036637216,-0.208000,0.328000,-1.029000,-16.107000,30.855000,2.962000,34.08
2036647194,-0.157000,0.351000,-1.046000,-16.656000,31.863000,2.473000,34.04
2036656923,-0.163000,0.339000,-1.069000,-18.824000,34.473000,3.863000,34.04
2036667108,-0.166000,0.284000,-1.068000,-19.359000,35.496000,5.588000,34.08
2036682843,-0.147000,0.298000,-1.054000,-18.824000,37.099000,6.962000,34.04
2036686380,-0.115000,0.324000,-1.066000,-18.458000,39.099000,8.214000,34.08
2036694093,-0.133000,0.333000,-1.068000,-20.397000,41.924000,10.702000,34.08
2036705974,-0.165000,0.333000,-1.041000,-23.863000,41.435000,12.718000,33.99
2036717449,-0.125000,0.337000,-1.023000,-26.718000,40.076000,13.191000,34.04
2036726650,-0.126000,0.330000,-1.008000,-28.656000,41.008000,13.221000,34.08
2036737016,-0.103000,0.299000,-0.998000,-29.405000,42.550000,13.115000,34.04
2036748674,-0.104000,0.308000,-0.952000,-26.626000,42.748000,13.435000,34.08
2036756016,-0.031000,0.348000,-0.986000,-27.267000,43.695000,13.939000,34.04
2036766767,-0.059000,0.300000,-0.976000,-28.198000,44.122000,16.626000,34.08
2036777554,-0.087000,0.304000,-0.950000,-27.084000,43.191000,17.496000,34.08
2036786762,-0.098000,0.306000,-0.934000,-27.511000,42.351000,17.038000,34.13
2036793546,-0.085000,0.297000,-0.914000,-28.046000,39.038000,20.672000,34.18
2036805414,-0.086000,0.320000,-0.920000,-27.634000,36.672000,22.763000,34.13
2036818242,-0.089000,0.310000,-0.906000,-29.725000,33.359000,24.595000,34.08
2036826634,-0.093000,0.310000,-0.866000,-30.489000,30.382000,26.061000,34.04
2036836592,-0.044000,0.334000,-0.854000,-30.824000,26.137000,26.214000,33.99
2036849172,-0.006000,0.314000,-0.849000,-29.863000,25.679000,24.870000,34.04
2036855560,-0.007000,0.345000,-0.842000,-26.321000,24.336000,23.344000,34.08
2036865928,0.005000,0.372000,-0.858000,-25.802000,22.641000,22.519000,34.04
2036877075,0.015000,0.362000,-0.859000,-25.542000,20.382000,22.595000,34.08
2036887469,0.001000,0.354000,-0.855000,-23.908000,18.244000,22.458000,34.04
2036893419,0.004000,0.359000,-0.833000,-21.771000,12.748000,23.084000,34.13
2036905490,-0.002000,0.377000,-0.890000,-19.695000,11.176000,25.634000,34.08
2036917382,0.027000,0.361000,-0.885000,-18.137000,7.450000,25.603000,33.99
2036926574,0.007000,0.384000,-0.896000,-16.458000,4.656000,26.443000,34.08
2036937530,0.037000,0.411000,-0.885000,-16.702000,0.290000,24.565000,34.13
2036949434,0.040000,0.453000,-0.904000,-17.969000,-2.061000,23.588000,34.08
2036956441,0.061000,0.438000,-0.919000,-20.046000,-3.145000,21.695000,34.13
2036967029,0.050000,0.427000,-0.949000,-18.000000,-2.641000,19.634000,34.08
2036982053,0.062000,0.415000,-0.930000,-17.557000,-5.450000,20.626000,34.04
2036987054,0.102000,0.422000,-0.929000,-14.275000,-7.374000,19.237000,33.99
2036993873,0.119000,0.411000,-0.970000,-13.008000,-6.626000,21.023000,34.04
2037006076,0.114000,0.404000,-0.972000,-10.290000,-3.588000,20.244000,34.04
2037018889,0.109000,0.435000,-0.996000,-10.260000,-0.779000,19.466000,34.08
2037027252,0.127000,0.409000,-0.984000,-9.008000,4.260000,15.557000,34.13
2037033998,0.068000,0.442000,-0.990000,-8.550000,9.115000,12.153000,34.08
2037046040,0.000000,0.429000,-1.003000,-10.382000,9.298000,10.336000,34.04
2037056945,0.009000,0.397000,-0.991000,-11.573000,6.183000,9.130000,33.99
2037067442,0.073000,0.363000,-1.006000,-10.275000,7.634000,8.153000,34.13
2037078390,0.076000,0.329000,-0.984000,-4.763000,10.733000,7.542000,33.99
2037086673,0.074000,0.371000,-0.997000,-2.458000,12.519000,7.206000,34.04
2037095592,0.102000,0.374000,-0.993000,-0.168000,14.351000,5.527000,34.18
2037102670,0.102000,0.444000,-0.994000,0.336000,18.885000,3.985000,34.04
2037123160,0.079000,0.478000,-1.007000,-3.466000,22.992000,1.328000,34.08
2037128364,0.055000,0.442000,-0.999000,-5.588000,24.473000,-1.206000,34.08
2037135891,0.072000,0.407000,-0.988000,-5.664000,25.282000,-2.229000,33.99
2037152311,0.074000,0.379000,-0.979000,-4.000000,26.076000,-1.924000,34.08
2037158235,0.072000,0.399000,-0.972000,-0.366000,25.099000,-0.061000,33.94
2037168936,0.054000,0.449000,-1.001000,-1.893000,24.427000,3.939000,34.08
2037178595,0.078000,0.450000,-0.961000,-3.679000,22.672000,4.824000,34.04
2037187065,0.111000,0.496000,-0.961000,-3.740000,23.267000,3.725000,34.08
2037191110,0.107000,0.512000,-1.036000,-9.450000,27.313000,4.046000,34.13
2037204221,0.077000,0.455000,-1.005000,-12.290000,28.336000,2.840000,34.08
2037217331,0.052000,0.431000,-0.980000,-11.267000,27.405000,3.267000,34.04
2037227571,0.045000,0.434000,-1.004000,-12.321000,25.588000,6.000000,33.99
2037237179,0.065000,0.453000,-0.964000,-12.443000,22.321000,8.397000,34.04
2037243780,0.092000,0.495000,-0.979000,-15.817000,20.947000,11.679000,34.18
2037255420,0.134000,0.467000,-1.007000,-19.038000,20.962000,12.168000,34.08
2037267027,0.120000,0.459000,-1.021000,-21.939000,23.802000,13.191000,34.13
2037277613,0.125000,0.457000,-1.001000,-23.969000,26.229000,12.000000,34.08
2037287603,0.104000,0.427000,-1.011000,-24.702000,26.153000,13.053000,33.99
2037293621,0.114000,0.433000,-0.974000,-25.145000,25.282000,15.237000,33.99
2037304901,0.136000,0.425000,-0.994000,-25.618000,25.802000,14.550000,34.04
2037317172,0.135000,0.435000,-0.960000,-25.969000,28.672000,13.847000,34.08
2037327554,0.177000,0.417000,-0.956000,-25.710000,29.420000,13.481000,34.13
2037337056,0.266000,0.398000,-0.970000,-21.176000,33.511000,9.053000,34.08
2037349170,0.216000,0.450000,-0.992000,-17.267000,39.496000,7.389000,34.13
2037355772,0.094000,0.481000,-0.992000,-18.840000,39.038000,5.664000,34.18
2037366576,0.104000,0.458000,-0.923000,-23.237000,28.214000,6.305000,34.04
2037378753,0.235000,0.441000,-0.904000,-21.756000,26.534000,4.412000,33.99
2037388605,0.222000,0.506000,-0.909000,-20.580000,31.099000,2.305000,34.13
2037394558,0.202000,0.484000,-0.876000,-24.229000,34.137000,0.702000,34.04
2037405854,0.239000,0.396000,-0.871000,-18.626000,30.718000,0.534000,34.08
2037419230,0.355000,0.382000,-0.818000,-7.618000,36.183000,-1.237000,34.13
2037429529,0.299000,0.490000,-0.880000,-0.840000,43.374000,-1.191000,34.18
2037435419,0.263000,0.511000,-0.876000,0.672000,44.015000,-0.840000,34.08
2037446472,0.243000,0.539000,-0.881000,-0.641000,45.267000,-0.412000,34.08
2037458258,0.200000,0.517000,-0.872000,-1.985000,45.252000,-0.870000,34.04
2037464280,0.156000,0.523000,-0.884000,-3.282000,44.672000,-1.634000,34.08
2037476406,0.191000,0.478000,-0.917000,-4.382000,41.374000,-1.115000,34.04
2037486857,0.277000,0.444000,-0.929000,-1.405000,41.450000,-3.099000,34.08
2037495346,0.241000,0.496000,-0.946000,0.046000,43.053000,-2.290000,34.13
2037506971,0.250000,0.546000,-0.972000,-2.702000,42.489000,-2.015000,34.08
2037513919,0.250000,0.528000,-0.981000,-7.160000,42.840000,-1.710000,34.13
2037526930,0.181000,0.529000,-0.996000,-11.191000,42.198000,-0.611000,34.04
2037535639,0.206000,0.506000,-0.959000,-15.588000,37.435000,-0.382000,34.08
2037547139,0.210000,0.516000,-0.977000,-18.794000,35.588000,1.053000,34.13
2037558941,0.263000,0.505000,-0.965000,-21.908000,34.824000,2.351000,33.99
2037564955,0.335000,0.470000,-0.978000,-22.076000,36.366000,3.053000,34.04
2037577425,0.357000,0.455000,-0.968000,-20.458000,40.962000,4.412000,34.08
2037587320,0.305000,0.473000,-0.967000,-19.954000,44.794000,6.336000,34.04
2037595861,0.239000,0.492000,-0.946000,-21.435000,42.443000,8.214000,34.08
2037602871,0.281000,0.515000,-0.909000,-23.053000,39.221000,7.908000,34.04
2037621122,0.222000,0.536000,-0.954000,-25.969000,36.550000,8.901000,34.08
2037631402,0.306000,0.509000,-0.918000,-29.023000,30.015000,9.878000,34.04
2037636219,0.385000,0.485000,-0.948000,-28.305000,31.160000,12.000000,34.08
2037646702,0.361000,0.455000,-0.960000,-28.870000,33.374000,14.580000,34.04
2037659996,0.335000,0.454000,-0.929000,-26.046000,32.504000,15.695000,34.08
2037666385,0.370000,0.513000,-0.918000,-25.710000,33.450000,14.137000,34.08
2037676871,0.339000,0.566000,-0.881000,-29.130000,35.099000,11.450000,34.04
2037688780,0.235000,0.611000,-0.884000,-35.405000,32.305000,8.992000,34.18
2037697178,0.268000,0.592000,-0.861000,-43.527000,23.756000,7.099000,34.13
2037703537,0.396000,0.487000,-0.868000,-43.344000,20.687000,6.153000,33.99
2037715796,0.464000,0.438000,-0.858000,-39.115000,26.366000,4.458000,34.04
2037729836,0.446000,0.480000,-0.828000,-32.870000,31.832000,5.710000,34.18
2037737238,0.376000,0.541000,-0.854000,-32.611000,32.870000,7.145000,34.04
2037747424,0.374000,0.535000,-0.813000,-35.740000,31.328000,9.405000,33.99
2037760554,0.361000,0.550000,-0.786000,-35.481000,32.046000,6.458000,34.08
2037766303,0.369000,0.585000,-0.777000,-36.687000,31.969000,4.153000,34.04
2037777372,0.327000,0.573000,-0.767000,-35.573000,28.198000,5.176000,34.08
2037786519,0.361000,0.588000,-0.773000,-36.748000,23.618000,6.015000,34.04
2037796883,0.480000,0.551000,-0.817000,-35.420000,25.328000,8.290000,34.08
2037804525,0.462000,0.532000,-0.837000,-33.191000,31.786000,10.855000,34.04
2037816722,0.405000,0.518000,-0.799000,-30.687000,34.137000,12.137000,34.08
2037830192,0.396000,0.579000,-0.737000,-26.672000,36.321000,10.656000,34.04
2037838379,0.323000,0.700000,-0.746000,-26.702000,38.046000,10.168000,34.08
2037846226,0.283000,0.768000,-0.711000,-34.366000,30.656000,11.924000,34.04
2037859022,0.344000,0.789000,-0.738000,-39.664000,17.924000,12.489000,34.04
2037866932,0.536000,0.682000,-0.790000,-40.840000,21.008000,16.550000,34.18
2037878416,0.568000,0.562000,-0.820000,-34.794000,28.412000,18.870000,34.08
2037887012,0.552000,0.539000,-0.825000,-24.855000,39.847000,21.664000,33.99
2037898366,0.428000,0.637000,-0.748000,-19.221000,43.405000,24.214000,34.04
2037904652,0.374000,0.730000,-0.779000,-23.221000,41.160000,26.962000,33.99
2037917442,0.363000,0.762000,-0.751000,-31.206000,36.321000,28.198000,34.13
2037929439,0.404000,0.747000,-0.755000,-36.611000,31.939000,27.756000,34.08
2037939781,0.434000,0.675000,-0.873000,-41.786000,29.634000,30.534000,34.04
2037945685,0.537000,0.556000,-0.840000,-43.115000,30.153000,29.160000,34.18
2037959264,0.558000,0.572000,-0.779000,-33.603000,39.069000,28.412000,34.13
2037968656,0.554000,0.689000,-0.816000,-32.122000,42.137000,28.366000,34.04
2037976090,0.552000,0.694000,-0.853000,-35.710000,44.702000,29.344000,34.08
2037987157,0.525000,0.645000,-0.832000,-42.855000,45.191000,29.573000,34.13
2037999923,0.559000,0.604000,-0.795000,-42.168000,46.351000,28.015000,33.99
2038005192,0.589000,0.598000,-0.808000,-42.015000,50.672000,26.443000,34.04
2038012069,0.617000,0.580000,-0.786000,-41.435000,54.962000,23.756000,34.08
2038030876,0.638000,0.613000,-0.772000,-40.794000,61.221000,21.160000,34.13
2038037527,0.671000,0.608000,-0.780000,-40.962000,66.198000,19.053000,34.08
2038045304,0.629000,0.607000,-0.760000,-41.023000,70.305000,18.443000,34.13
2038062268,0.637000,0.583000,-0.749000,-42.458000,71.664000,18.580000,34.18
2038071234,0.675000,0.578000,-0.727000,-40.458000,75.740000,16.107000,34.04
2038077009,0.613000,0.603000,-0.709000,-39.878000,80.931000,15.191000,34.08
2038086845,0.599000,0.594000,-0.674000,-40.550000,80.779000,13.634000,33.99
2038095420,0.590000,0.597000,-0.691000,-41.328000,82.137000,11.420000,34.08
2038106530,0.557000,0.596000,-0.630000,-42.931000,80.992000,10.000000,33.99
2038112587,0.510000,0.620000,-0.580000,-42.885000,78.595000,7.710000,34.04
2038125911,0.524000,0.636000,-0.588000,-45.237000,72.092000,8.244000,34.08
2038138143,0.613000,0.559000,-0.575000,-45.695000,68.534000,9.313000,34.13
2038144782,0.610000,0.543000,-0.515000,-40.855000,69.237000,9.908000,33.99
2038159815,0.595000,0.577000,-0.487000,-35.282000,71.282000,9.924000,34.04
2038170861,0.572000,0.637000,-0.462000,-33.084000,70.519000,10.672000,34.08
2038179307,0.550000,0.648000,-0.424000,-36.687000,65.802000,12.305000,34.04
2038185311,0.532000,0.641000,-0.404000,-37.618000,61.924000,9.115000,34.08
2038198795,0.478000,0.634000,-0.375000,-36.595000,54.885000,7.496000,34.13
2038207878,0.514000,0.624000,-0.359000,-33.908000,44.885000,5.221000,34.08
2038214135,0.638000,0.593000,-0.378000,-30.031000,37.817000,5.649000,34.08
2038225798,0.663000,0.620000,-0.367000,-24.183000,34.382000,8.870000,34.04
2038238951,0.666000,0.649000,-0.391000,-21.664000,31.588000,11.344000,34.08
2038249682,0.667000,0.655000,-0.361000,-20.122000,28.290000,13.969000,33.99
2038256762,0.628000,0.703000,-0.348000,-20.626000,24.305000,17.099000,34.08
2038267867,0.618000,0.693000,-0.342000,-23.221000,16.931000,19.435000,34.04
2038277925,0.654000,0.677000,-0.333000,-23.282000,11.008000,21.023000,34.08
2038286704,0.654000,0.656000,-0.354000,-19.038000,6.107000,23.527000,34.04
2038297456,0.737000,0.687000,-0.352000,-16.534000,2.015000,25.588000,34.08
2038314310,0.741000,0.651000,-0.366000,-15.756000,-4.107000,27.634000,34.04
2038319214,0.728000,0.707000,-0.377000,-15.847000,-10.718000,29.786000,34.08
2038326006,0.764000,0.680000,-0.387000,-17.084000,-18.504000,31.206000,34.08
2038332803,0.772000,0.723000,-0.356000,-16.687000,-21.679000,30.443000,34.13
2038345714,0.798000,0.730000,-0.359000,-17.511000,-26.489000,28.473000,34.08
2038356986,0.777000,0.734000,-0.412000,-18.473000,-28.794000,25.893000,34.13
2038366571,0.791000,0.696000,-0.425000,-22.321000,-34.443000,24.809000,34.18
2038380383,0.890000,0.631000,-0.423000,-21.466000,-33.695000,21.893000,34.04
2038387854,0.897000,0.629000,-0.370000,-13.557000,-30.947000,16.885000,33.99
2038396076,0.832000,0.678000,-0.404000,-9.466000,-31.298000,15.069000,34.13
2038408157,0.816000,0.676000,-0.442000,-11.618000,-34.092000,16.427000,34.08
2038416334,0.862000,0.635000,-0.402000,-12.855000,-33.328000,15.710000,34.13
2038425964,0.814000,0.623000,-0.394000,-9.344000,-32.244000,12.153000,33.99
2038432537,0.791000,0.624000,-0.412000,-7.221000,-32.733000,8.153000,34.08
2038449095,0.799000,0.617000,-0.409000,-5.847000,-32.366000,5.863000,34.04
2038457705,0.783000,0.614000,-0.437000,-3.740000,-32.992000,3.634000,33.99
2038467108,0.806000,0.596000,-0.447000,-1.725000,-32.977000,1.038000,34.04
2038477487,0.802000,0.582000,-0.464000,1.405000,-32.168000,-1.008000,34.08
2038487983,0.809000,0.563000,-0.458000,4.901000,-29.908000,-3.176000,34.13
2038497282,0.773000,0.576000,-0.465000,7.802000,-28.504000,-3.817000,33.99
2038504348,0.796000,0.565000,-0.469000,9.802000,-29.374000,-6.702000,34.04
2038516424,0.782000,0.581000,-0.457000,13.359000,-24.382000,-9.817000,34.08
2038528223,0.748000,0.617000,-0.480000,13.863000,-23.710000,-11.740000,34.18
2038533310,0.768000,0.620000,-0.494000,13.878000,-25.237000,-13.130000,34.18
2038545523,0.797000,0.597000,-0.510000,15.115000,-23.817000,-14.290000,34.08
2038554295,0.772000,0.573000,-0.512000,17.267000,-20.992000,-15.359000,34.04
2038566000,0.767000,0.584000,-0.520000,20.473000,-19.557000,-16.305000,34.08
2038576575,0.749000,0.610000,-0.513000,23.267000,-17.328000,-17.771000,34.04
2038588350,0.735000,0.635000,-0.526000,22.916000,-17.496000,-18.580000,34.08
2038599495,0.718000,0.680000,-0.524000,20.031000,-17.969000,-18.748000,34.13
2038607537,0.689000,0.679000,-0.533000,16.198000,-21.374000,-17.786000,34.08
2038619910,0.708000,0.656000,-0.542000,13.985000,-24.061000,-16.962000,34.13
2038630009,0.727000,0.635000,-0.529000,15.023000,-23.588000,-17.389000,34.08
2038633569,0.713000,0.644000,-0.545000,16.458000,-22.992000,-17.710000,34.08
2038645309,0.722000,0.639000,-0.545000,16.260000,-22.382000,-19.023000,34.13
2038657245,0.708000,0.648000,-0.528000,17.344000,-20.275000,-21.847000,34.08
2038669266,0.669000,0.668000,-0.524000,17.664000,-23.466000,-22.122000,34.04
2038675891,0.665000,0.664000,-0.568000,17.695000,-26.046000,-20.962000,34.08
2038686500,0.683000,0.612000,-0.574000,18.656000,-27.771000,-19.802000,34.04
2038699415,0.677000,0.605000,-0.586000,20.412000,-28.458000,-18.931000,34.08
2038707183,0.674000,0.604000,-0.578000,23.282000,-28.076000,-19.802000,34.04
2038716571,0.640000,0.625000,-0.577000,24.214000,-28.718000,-19.664000,33.99
2038728228,0.631000,0.639000,-0.576000,23.664000,-31.115000,-19.053000,34.04
2038734753,0.639000,0.638000,-0.599000,22.122000,-32.565000,-19.374000,34.13
2038744607,0.637000,0.612000,-0.589000,21.053000,-34.489000,-20.489000,33.99
2038759923,0.644000,0.592000,-0.611000,22.092000,-33.160000,-21.634000,34.18
2038770237,0.633000,0.587000,-0.607000,24.061000,-32.687000,-23.313000,34.08
2038778496,0.631000,0.580000,-0.612000,27.405000,-31.664000,-24.870000,34.04
2038783720,0.624000,0.579000,-0.628000,29.618000,-31.344000,-26.519000,34.18
2038801339,0.615000,0.584000,-0.620000,31.939000,-29.985000,-28.779000,34.04
2038809099,0.577000,0.614000,-0.632000,32.458000,-30.031000,-30.626000,34.08
2038817162,0.552000,0.634000,-0.632000,29.863000,-31.908000,-32.092000,34.04
2038828770,0.522000,0.602000,-0.668000,28.122000,-34.107000,-34.076000,33.99
2038839157,0.526000,0.575000,-0.621000,28.000000,-36.855000,-36.076000,34.08
2038844782,0.524000,0.576000,-0.635000,30.718000,-38.947000,-37.069000,34.13
2038855997,0.543000,0.556000,-0.651000,32.901000,-40.031000,-38.351000,33.99
2038869063,0.526000,0.550000,-0.665000,36.321000,-39.557000,-39.481000,34.04
2038876537,0.493000,0.558000,-0.646000,39.176000,-41.649000,-39.313000,34.18
2038886938,0.480000,0.591000,-0.670000,39.710000,-46.458000,-37.466000,34.13
2038897817,0.506000,0.582000,-0.667000,38.916000,-49.573000,-36.672000,34.18
2038910908,0.494000,0.566000,-0.665000,39.985000,-48.336000,-39.344000,34.04
2038916373,0.450000,0.551000,-0.621000,40.214000,-49.985000,-40.321000,34.18
2038928181,0.438000,0.532000,-0.654000,45.634000,-50.458000,-44.702000,34.13
2038939482,0.389000,0.548000,-0.657000,49.908000,-51.588000,-44.351000,34.08
2038947645,0.407000,0.531000,-0.684000,53.267000,-58.107000,-43.664000,34.04
2038955532,0.395000,0.531000,-0.715000,52.595000,-62.641000,-39.313000,33.94
2038962389,0.419000,0.497000,-0.693000,55.252000,-64.351000,-38.916000,34.08
2038979453,0.415000,0.535000,-0.674000,58.595000,-64.824000,-37.115000,34.08
2038989568,0.394000,0.570000,-0.708000,59.481000,-64.458000,-36.244000,34.08
2038994982,0.353000,0.551000,-0.709000,61.649000,-67.023000,-37.924000,34.04
2039008533,0.340000,0.546000,-0.700000,62.824000,-71.420000,-36.153000,34.18
2039017071,0.359000,0.532000,-0.738000,65.832000,-74.901000,-34.595000,34.04
2039027201,0.369000,0.510000,-0.779000,67.344000,-75.786000,-34.229000,34.08
2039040008,0.348000,0.502000,-0.769000,69.603000,-77.695000,-32.061000,34.13
2039047888,0.334000,0.499000,-0.776000,72.305000,-77.466000,-31.450000,34.08
2039055143,0.293000,0.503000,-0.797000,73.130000,-77.389000,-33.374000,34.13
2039067256,0.231000,0.526000,-0.792000,72.275000,-80.366000,-34.611000,34.08
2039079466,0.177000,0.545000,-0.808000,70.534000,-85.618000,-36.794000,34.04
2039089471,0.131000,0.541000,-0.826000,66.870000,-93.588000,-36.305000,34.04
2039096059,0.161000,0.487000,-0.863000,63.313000,-100.595000,-37.954000,34.08
2039111308,0.190000,0.434000,-0.830000,64.183000,-104.382000,-39.969000,34.13
2039119125,0.190000,0.409000,-0.921000,65.588000,-106.137000,-40.000000,34.18
2039125436,0.225000,0.381000,-0.918000,64.214000,-104.595000,-41.557000,34.18
2039138846,0.104000,0.429000,-0.884000,63.832000,-103.145000,-41.069000,34.08
2039147156,0.056000,0.445000,-0.915000,62.107000,-107.023000,-41.282000,34.13
2039154708,0.087000,0.428000,-0.906000,58.611000,-110.397000,-41.084000,34.08
2039166271,0.099000,0.391000,-0.931000,58.733000,-111.405000,-43.099000,34.04
2039180875,0.070000,0.330000,-0.990000,61.084000,-109.817000,-42.840000,34.08
2039191643,0.065000,0.295000,-0.917000,62.840000,-107.832000,-40.137000,34.04
2039196711,0.115000,0.318000,-0.994000,63.954000,-103.618000,-40.885000,34.08
2039210095,0.135000,0.304000,-0.983000,66.321000,-95.282000,-44.947000,34.04
2039220111,0.013000,0.333000,-0.931000,70.702000,-87.649000,-48.779000,33.99
2039222555,-0.073000,0.324000,-0.955000,73.603000,-86.611000,-48.962000,34.08
2039235020,-0.108000,0.328000,-1.043000,68.015000,-89.298000,-48.260000,34.04
2039250306,-0.122000,0.237000,-1.012000,64.916000,-92.992000,-45.496000,34.08
2039254873,-0.112000,0.208000,-0.985000,64.656000,-93.954000,-43.557000,34.04
2039264854,-0.107000,0.205000,-0.978000,66.534000,-93.359000,-44.198000,34.18
2039276824,-0.057000,0.222000,-0.974000,67.802000,-90.458000,-44.855000,34.04
2039285865,-0.072000,0.209000,-1.017000,69.252000,-81.130000,-48.321000,34.08
2039295717,-0.221000,0.180000,-0.993000,73.740000,-75.069000,-52.809000,34.04
2039306508,-0.343000,0.226000,-0.956000,71.649000,-75.985000,-51.038000,33.99
2039319196,-0.323000,0.211000,-0.980000,67.817000,-84.168000,-50.595000,34.04
2039328139,-0.299000,0.190000,-1.026000,63.710000,-87.802000,-49.374000,34.08
2039336880,-0.236000,0.157000,-0.982000,59.756000,-93.282000,-46.901000,34.04
2039347862,-0.169000,0.096000,-1.020000,61.679000,-92.611000,-46.733000,34.08
2039356685,-0.192000,0.091000,-1.007000,64.779000,-85.435000,-47.496000,34.08
2039363579,-0.343000,0.151000,-0.952000,65.298000,-81.710000,-49.221000,34.04
2039375669,-0.409000,0.156000,-0.974000,61.038000,-87.603000,-46.351000,34.08
2039390715,-0.359000,0.117000,-1.002000,55.954000,-90.397000,-48.046000,34.13
2039398170,-0.393000,0.103000,-0.928000,54.168000,-89.405000,-46.992000,34.08
2039408727,-0.415000,0.115000,-0.935000,50.397000,-94.733000,-44.397000,34.13
2039421960,-0.374000,0.093000,-0.979000,48.809000,-98.244000,-42.107000,34.08
2039427309,-0.349000,0.047000,-0.943000,48.443000,-99.893000,-41.725000,34.04
2039437368,-0.379000,0.038000,-0.903000,48.641000,-98.824000,-40.748000,34.08
2039447347,-0.384000,0.047000,-0.894000,49.878000,-98.672000,-40.321000,34.13
2039455921,-0.420000,0.075000,-0.911000,49.344000,-98.473000,-40.015000,34.08
2039462942,-0.430000,0.071000,-0.868000,48.824000,-98.931000,-40.885000,34.13
2039474109,-0.456000,0.056000,-0.841000,48.824000,-100.733000,-41.710000,34.08
2039486877,-0.439000,0.030000,-0.883000,47.817000,-102.305000,-38.794000,34.04
2039501390,-0.424000,-0.011000,-0.921000,46.672000,-105.023000,-38.366000,34.08
2039507203,-0.482000,-0.040000,-0.853000,45.725000,-104.901000,-37.450000,34.08
2039516445,-0.564000,-0.018000,-0.800000,43.725000,-108.763000,-33.908000,34.13
2039527665,-0.570000,-0.009000,-0.817000,41.252000,-115.237000,-32.321000,33.99
2039535791,-0.522000,-0.033000,-0.861000,38.519000,-112.565000,-33.450000,34.04
2039547838,-0.563000,-0.095000,-0.808000,40.122000,-105.740000,-36.916000,34.18
2039556060,-0.653000,-0.110000,-0.807000,40.656000,-101.099000,-37.145000,34.04
2039564887,-0.691000,-0.108000,-0.823000,39.817000,-101.038000,-34.992000,34.08
2039576576,-0.696000,-0.106000,-0.819000,35.664000,-105.252000,-32.427000,34.13
2039583186,-0.748000,-0.101000,-0.841000,30.580000,-114.397000,-25.756000,34.08
2039598063,-0.666000,-0.128000,-0.808000,24.595000,-121.115000,-22.397000,34.13
2039606618,-0.595000,-0.208000,-0.780000,26.137000,-118.794000,-23.939000,34.08
2039617020,-0.573000,-0.227000,-0.722000,33.313000,-107.160000,-28.397000,34.13
2039629555,-0.586000,-0.232000,-0.686000,40.702000,-97.954000,-32.901000,34.27
2039637292,-0.631000,-0.179000,-0.654000,46.321000,-91.252000,-34.031000,33.99
2039646211,-0.676000,-0.156000,-0.666000,49.832000,-89.313000,-31.740000,33.99
2039657892,-0.674000,-0.175000,-0.729000,49.145000,-90.305000,-29.802000,34.08
2039666612,-0.657000,-0.220000,-0.662000,46.321000,-91.954000,-27.954000,34.13
2039674238,-0.622000,-0.256000,-0.591000,49.435000,-94.244000,-29.771000,34.08
2039690184,-0.561000,-0.267000,-0.624000,53.450000,-84.519000,-35.176000,34.13
2039703013,-0.652000,-0.223000,-0.609000,57.878000,-75.893000,-42.260000,33.99
2039708766,-0.748000,-0.181000,-0.582000,59.634000,-73.160000,-44.565000,34.13
2039716457,-0.810000,-0.167000,-0.619000,56.504000,-72.840000,-45.328000,34.08
2039730610,-0.843000,-0.217000,-0.627000,49.618000,-75.176000,-44.015000,34.13
2039738033,-0.818000,-0.245000,-0.553000,47.374000,-76.595000,-45.038000,34.08
2039748199,-0.817000,-0.215000,-0.534000,44.733000,-80.107000,-43.420000,34.13
2039758284,-0.722000,-0.255000,-0.538000,44.580000,-83.389000,-44.473000,34.04
2039767810,-0.729000,-0.253000,-0.587000,46.794000,-75.893000,-46.305000,34.08
2039777060,-0.807000,-0.278000,-0.533000,49.069000,-74.153000,-46.718000,34.13
2039783907,-0.853000,-0.269000,-0.498000,47.588000,-76.565000,-45.954000,34.08
2039796314,-0.858000,-0.261000,-0.516000,45.176000,-78.626000,-42.366000,34.04
2039806162,-0.839000,-0.294000,-0.465000,42.702000,-78.977000,-40.031000,34.08
2039815505,-0.795000,-0.332000,-0.456000,43.954000,-78.229000,-38.901000,34.13
2039826105,-0.814000,-0.276000,-0.433000,42.916000,-84.550000,-48.565000,34.08
2039837909,-0.822000,-0.363000,-0.397000,44.321000,-97.557000,-55.252000,34.13
2039847317,-0.733000,-0.368000,-0.378000,47.771000,-86.153000,-49.893000,34.08
2039858420,-0.770000,-0.330000,-0.385000,48.397000,-77.893000,-43.634000,34.04
2039867502,-0.802000,-0.337000,-0.344000,47.649000,-74.290000,-41.664000,34.08
2039875523,-0.799000,-0.375000,-0.319000,48.183000,-72.427000,-34.672000,33.99
2039886843,-0.805000,-0.414000,-0.349000,50.443000,-71.954000,-30.290000,34.04
2039893946,-0.815000,-0.446000,-0.293000,53.511000,-68.733000,-31.588000,34.08
2039908912,-0.885000,-0.411000,-0.255000,55.237000,-73.160000,-34.366000,34.04
2039917308,-0.896000,-0.360000,-0.265000,50.519000,-77.649000,-33.374000,34.08
2039927385,-0.843000,-0.389000,-0.276000,47.191000,-80.672000,-32.244000,34.04
2039938436,-0.828000,-0.440000,-0.251000,46.809000,-79.939000,-35.099000,34.08
2039946933,-0.896000,-0.431000,-0.233000,46.351000,-82.397000,-32.992000,34.13
2039957985,-0.841000,-0.463000,-0.210000,48.824000,-83.893000,-32.931000,34.08
2039967309,-0.799000,-0.484000,-0.188000,50.519000,-81.511000,-32.351000,34.13
2039976851,-0.801000,-0.492000,-0.188000,52.489000,-80.321000,-30.992000,34.13
2039984773,-0.791000,-0.496000,-0.164000,54.855000,-78.427000,-29.679000,34.08
2039997966,-0.819000,-0.477000,-0.144000,58.412000,-76.916000,-27.969000,34.13
2040006224,-0.803000,-0.380000,-0.140000,51.817000,-77.145000,-28.214000,34.08
2040016907,-0.802000,-0.467000,-0.111000,53.786000,-80.870000,-20.870000,34.13
2040027039,-0.821000,-0.423000,-0.103000,50.000000,-85.878000,-25.511000,34.08
2040042693,-0.762000,-0.461000,-0.071000,46.626000,-85.954000,-26.656000,34.04
2040050628,-0.759000,-0.517000,-0.039000,48.412000,-81.908000,-28.748000,34.08
2040052802,-0.760000,-0.492000,-0.011000,50.183000,-78.504000,-32.550000,34.04
2040070504,-0.809000,-0.478000,-0.055000,46.137000,-76.550000,-30.779000,34.08
2040079653,-0.944000,-0.484000,-0.122000,38.412000,-96.733000,-44.931000,33.99
2040084014,-0.781000,-0.489000,0.007000,37.084000,-78.168000,-26.748000,34.08
2040094569,-0.784000,-0.525000,0.013000,37.863000,-78.519000,-27.527000,34.08
2040106710,-0.749000,-0.522000,0.016000,37.802000,-72.336000,-25.771000,34.04
2040116152,-0.741000,-0.571000,0.037000,40.763000,-65.435000,-22.366000,34.18
2040125913,-0.771000,-0.497000,0.017000,37.695000,-59.023000,-17.908000,33.94
2040142097,-0.749000,-0.505000,0.058000,39.466000,-54.504000,-20.504000,34.08
2040149909,-0.802000,-0.498000,0.000000,36.901000,-49.389000,-18.336000,34.04
2040156020,-0.791000,-0.441000,-0.016000,30.947000,-46.504000,-15.313000,34.08
2040167152,-0.834000,-0.469000,-0.019000,22.275000,-50.137000,-9.618000,34.04
2040179269,-0.804000,-0.522000,-0.044000,17.008000,-51.481000,-10.229000,34.08
2040187963,-0.695000,-0.465000,-0.090000,18.504000,-34.000000,-13.695000,34.04
2040193135,-0.752000,-0.505000,-0.041000,16.046000,-21.710000,-21.817000,34.08
2040206604,-0.822000,-0.507000,-0.009000,17.298000,-13.664000,-18.229000,34.18
2040219763,-0.829000,-0.457000,0.003000,19.695000,-3.160000,-17.160000,34.04
2040229901,-0.796000,-0.425000,0.032000,20.672000,7.511000,-14.183000,34.18
2040236766,-0.792000,-0.445000,0.069000,19.496000,8.122000,-11.756000,33.99
2040251935,-0.753000,-0.438000,0.075000,16.702000,8.443000,-8.534000,34.08
2040259921,-0.729000,-0.435000,0.126000,15.191000,11.374000,-8.183000,34.04
2040261669,-0.721000,-0.442000,0.151000,17.130000,15.420000,-6.504000,33.99
2040277970,-0.759000,-0.452000,0.143000,18.275000,17.710000,-4.198000,34.04
2040288430,-0.757000,-0.484000,0.155000,19.130000,22.763000,-2.107000,34.18
2040294391,-0.780000,-0.476000,0.160000,18.840000,25.618000,0.748000,34.04
2040305392,-0.800000,-0.459000,0.151000,17.817000,26.885000,4.718000,34.08
2040318780,-0.796000,-0.457000,0.151000,15.481000,27.511000,6.916000,34.13
2040330263,-0.754000,-0.496000,0.164000,13.466000,22.702000,8.824000,34.13
2040337262,-0.696000,-0.470000,0.138000,13.664000,23.679000,9.069000,34.08
2040347127,-0.754000,-0.450000,0.139000,11.206000,22.366000,8.473000,34.04
2040360686,-0.773000,-0.482000,0.137000,7.053000,16.656000,12.473000,34.08
2040366416,-0.748000,-0.497000,0.123000,4.565000,13.863000,12.962000,34.22
2040377355,-0.753000,-0.471000,0.115000,-0.397000,10.840000,14.122000,34.18
2040385741,-0.757000,-0.490000,0.119000,-5.206000,5.695000,16.794000,34.13
2040395663,-0.722000,-0.491000,0.124000,-7.130000,1.847000,17.863000,34.08
2040406359,-0.704000,-0.478000,0.131000,-9.802000,-1.328000,16.626000,34.04
2040413448,-0.683000,-0.489000,0.129000,-9.832000,-5.282000,15.847000,34.08
2040432257,-0.675000,-0.458000,0.148000,-10.885000,-6.947000,14.427000,34.04
2040441039,-0.689000,-0.474000,0.130000,-10.397000,-8.840000,14.748000,34.08
2040445789,-0.654000,-0.517000,0.108000,-9.481000,-8.748000,13.863000,34.08
2040459685,-0.691000,-0.506000,0.096000,-10.092000,-8.290000,11.725000,33.99
2040470460,-0.718000,-0.476000,0.102000,-11.695000,-10.840000,11.237000,34.08
2040477582,-0.726000,-0.464000,0.101000,-14.443000,-14.107000,11.893000,34.13
2040487704,-0.712000,-0.464000,0.131000,-16.840000,-16.015000,11.389000,34.08
2040500489,-0.709000,-0.478000,0.133000,-17.802000,-16.015000,10.031000,34.13
2040506277,-0.679000,-0.495000,0.143000,-18.076000,-15.435000,8.550000,33.99
2040512661,-0.662000,-0.515000,0.148000,-15.069000,-13.206000,5.832000,34.04
2040524551,-0.698000,-0.490000,0.121000,-15.893000,-12.916000,4.031000,34.18
2040538780,-0.698000,-0.481000,0.137000,-16.794000,-14.748000,4.260000,33.94
2040546828,-0.692000,-0.473000,0.118000,-17.573000,-16.061000,3.573000,34.08
2040557515,-0.705000,-0.466000,0.130000,-18.809000,-16.183000,1.954000,34.08
2040568578,-0.718000,-0.452000,0.157000,-19.496000,-16.626000,0.763000,34.04
2040577351,-0.717000,-0.458000,0.153000,-19.832000,-18.214000,-0.061000,34.08
2040588196,-0.715000,-0.471000,0.156000,-19.878000,-18.443000,-0.687000,34.04
2040597293,-0.706000,-0.471000,0.164000,-19.527000,-18.244000,-0.840000,34.18
2040608695,-0.693000,-0.462000,0.200000,-17.450000,-16.321000,-1.252000,34.13
2040616692,-0.693000,-0.445000,0.174000,-15.924000,-16.076000,-0.595000,34.18
2040623526,-0.698000,-0.464000,0.141000,-14.901000,-13.573000,-0.656000,34.04
2040636515,-0.717000,-0.471000,0.151000,-14.000000,-11.038000,-1.328000,34.08
2040647473,-0.727000,-0.474000,0.150000,-13.710000,-10.046000,-1.115000,34.04
2040656645,-0.712000,-0.451000,0.159000,-13.863000,-9.344000,0.046000,34.08
2040669617,-0.720000,-0.457000,0.156000,-14.198000,-8.992000,-0.214000,34.08
2040680819,-0.710000,-0.458000,0.160000,-14.580000,-8.427000,-0.382000,34.08
2040686681,-0.710000,-0.451000,0.172000,-14.565000,-7.267000,-0.031000,34.08
2040697630,-0.691000,-0.480000,0.180000,-13.008000,-5.252000,-0.198000,34.04
2040706245,-0.700000,-0.482000,0.167000,-11.069000,-2.672000,-0.916000,34.08
2040716226,-0.719000,-0.463000,0.155000,-11.603000,-2.489000,0.092000,34.13
2040723185,-0.716000,-0.452000,0.160000,-12.809000,-3.771000,0.870000,33.99
2040738803,-0.727000,-0.454000,0.167000,-13.313000,-4.382000,1.344000,34.04
2040751275,-0.710000,-0.461000,0.190000,-12.702000,-3.542000,1.053000,34.08
2040756462,-0.728000,-0.453000,0.166000,-12.137000,-3.496000,0.733000,33.94
2040767361,-0.737000,-0.453000,0.168000,-12.336000,-4.031000,0.748000,33.99
2040780368,-0.716000,-0.461000,0.196000,-12.275000,-3.908000,0.412000,34.13
2040786056,-0.685000,-0.477000,0.183000,-10.366000,-2.473000,-0.229000,34.04
2040797211,-0.714000,-0.472000,0.157000,-9.832000,-0.809000,-0.076000,34.08
2040805407,-0.748000,-0.465000,0.161000,-11.695000,-2.809000,0.626000,34.13
2040816807,-0.749000,-0.450000,0.168000,-12.550000,-5.282000,2.168000,34.08
2040823379,-0.711000,-0.443000,0.179000,-12.763000,-5.939000,3.069000,34.04
2040835646,-0.684000,-0.455000,0.187000,-13.099000,-3.221000,2.962000,34.08
2040849097,-0.706000,-0.459000,0.179000,-12.519000,-1.634000,1.969000,34.04
2040858754,-0.722000,-0.453000,0.188000,-12.366000,-1.435000,2.198000,33.99
2040868632,-0.704000,-0.460000,0.184000,-12.702000,-1.817000,2.382000,34.13
2040879622,-0.702000,-0.455000,0.197000,-12.260000,-1.206000,2.458000,34.08
2040888122,-0.705000,-0.474000,0.185000,-11.481000,-0.473000,2.351000,34.13
2040895830,-0.703000,-0.469000,0.184000,-11.359000,0.061000,2.168000,34.08
2040909973,-0.722000,-0.469000,0.176000,-12.427000,-0.519000,2.565000,34.08
2040919440,-0.738000,-0.462000,0.151000,-14.061000,-0.885000,3.084000,34.13
2040924284,-0.720000,-0.464000,0.161000,-15.786000,-1.237000,2.748000,34.08
2040936085,-0.709000,-0.461000,0.195000,-15.466000,-0.550000,3.130000,34.13
2040953841,-0.682000,-0.471000,0.219000,-14.977000,1.740000,2.687000,34.08
2040964434,-0.670000,-0.466000,0.231000,-11.328000,5.130000,1.817000,34.13
2040969020,-0.681000,-0.478000,0.195000,-8.550000,6.641000,1.176000,34.18
2040976862,-0.711000,-0.467000,0.177000,-7.374000,6.504000,0.840000,34.13
2040987414,-0.738000,-0.455000,0.159000,-8.137000,5.267000,2.321000,34.08
2040995071,-0.733000,-0.458000,0.146000,-9.679000,5.405000,3.130000,34.04
2041007976,-0.729000,-0.460000,0.171000,-9.649000,6.916000,3.099000,34.08
2041017403,-0.728000,-0.461000,0.177000,-8.565000,9.008000,3.084000,34.08
2041028508,-0.725000,-0.440000,0.184000,-6.382000,10.702000,3.282000,34.13
2041033322,-0.697000,-0.442000,0.167000,-4.061000,13.588000,2.305000,34.08
2041044606,-0.692000,-0.470000,0.155000,-1.389000,14.168000,1.679000,34.08
2041060441,-0.715000,-0.438000,0.121000,-1.496000,13.053000,1.008000,34.08
2041070455,-0.750000,-0.386000,0.120000,-7.267000,10.504000,1.618000,34.13
2041076897,-0.752000,-0.400000,0.133000,-11.145000,6.351000,4.351000,34.08
2041088670,-0.691000,-0.438000,0.177000,-10.458000,9.389000,3.466000,34.04
2041095577,-0.689000,-0.505000,0.163000,-6.305000,15.756000,1.542000,33.99
2041105550,-0.708000,-0.518000,0.110000,-2.809000,19.252000,-1.435000,34.13
2041118562,-0.742000,-0.489000,0.075000,-4.321000,20.519000,-1.832000,34.08
2041129095,-0.731000,-0.480000,0.129000,-7.084000,14.733000,-0.046000,34.08
2041133994,-0.732000,-0.438000,0.172000,-8.305000,11.435000,1.756000,34.04
2041145492,-0.733000,-0.414000,0.147000,-9.756000,11.252000,2.031000,34.08
2041157278,-0.712000,-0.429000,0.132000,-10.824000,13.053000,0.916000,34.04
2041167528,-0.733000,-0.445000,0.159000,-12.427000,14.656000,1.084000,33.99
2041177333,-0.721000,-0.490000,0.155000,-12.473000,15.740000,2.779000,34.13
2041187573,-0.737000,-0.503000,0.112000,-12.794000,18.122000,3.557000,34.18
2041199854,-0.745000,-0.498000,0.107000,-13.557000,18.198000,3.069000,34.13
2041204812,-0.740000,-0.483000,0.139000,-12.458000,17.557000,4.122000,34.08
2041217939,-0.746000,-0.459000,0.101000,-12.641000,16.595000,3.252000,33.99
2041228065,-0.751000,-0.458000,0.100000,-13.206000,13.924000,4.458000,34.04
2041237058,-0.734000,-0.445000,0.091000,-15.344000,12.137000,3.679000,33.99
2041245857,-0.759000,-0.434000,0.082000,-16.855000,12.229000,2.748000,33.94
2041252893,-0.773000,-0.438000,0.087000,-19.481000,9.679000,3.817000,34.08
2041270287,-0.729000,-0.472000,0.081000,-20.122000,10.962000,4.351000,34.13
2041279598,-0.731000,-0.492000,0.104000,-20.061000,13.435000,5.573000,34.08
2041285214,-0.734000,-0.502000,0.101000,-16.870000,13.557000,5.832000,34.13
2041298678,-0.742000,-0.476000,0.060000,-17.176000,14.046000,5.313000,34.08
2041308667,-0.739000,-0.460000,0.083000,-17.618000,12.000000,4.947000,34.04
2041320155,-0.722000,-0.440000,0.085000,-18.779000,9.527000,4.214000,34.08
2041329744,-0.720000,-0.434000,0.054000,-20.321000,11.710000,4.382000,34.08
2041338662,-0.723000,-0.440000,0.117000,-18.519000,10.748000,4.122000,33.99
2041346389,-0.718000,-0.460000,0.065000,-18.458000,12.824000,4.809000,34.08
2041353163,-0.713000,-0.499000,0.051000,-15.435000,14.992000,5.725000,34.13
2041365753,-0.721000,-0.509000,0.036000,-13.863000,17.542000,5.115000,34.08
2041375603,-0.749000,-0.456000,0.040000,-14.198000,17.603000,4.779000,34.04
2041387580,-0.773000,-0.438000,0.022000,-17.145000,15.817000,5.679000,34.08
2041401099,-0.738000,-0.439000,0.060000,-17.985000,15.588000,6.519000,34.04
2041411102,-0.739000,-0.442000,0.056000,-18.382000,16.763000,5.221000,34.08
2041416354,-0.749000,-0.430000,0.046000,-18.473000,17.374000,5.389000,34.13
2041425504,-0.748000,-0.432000,0.023000,-19.496000,17.710000,5.389000,34.08
2041436562,-0.732000,-0.466000,0.038000,-16.885000,16.305000,5.298000,34.13
2041446732,-0.740000,-0.460000,0.024000,-16.321000,15.985000,3.832000,34.13
2041453590,-0.748000,-0.446000,0.031000,-18.244000,15.099000,4.015000,33.99
2041469105,-0.771000,-0.419000,0.034000,-18.656000,14.641000,3.817000,34.04
2041482779,-0.762000,-0.394000,0.054000,-21.038000,10.855000,3.634000,34.08
2041488388,-0.764000,-0.379000,0.035000,-23.282000,9.313000,1.908000,34.04
2041497072,-0.740000,-0.431000,0.036000,-23.679000,9.389000,1.649000,34.18
2041507445,-0.742000,-0.454000,-0.012000,-24.168000,9.313000,1.588000,34.13
2041517122,-0.744000,-0.465000,0.010000,-24.534000,8.947000,1.466000,34.08
2041527279,-0.739000,-0.472000,0.022000,-23.191000,7.496000,2.458000,34.13
2041537038,-0.727000,-0.425000,0.023000,-26.504000,2.718000,3.038000,34.08
2041546381,-0.741000,-0.422000,0.047000,-25.115000,3.282000,4.412000,34.04
2041554300,-0.703000,-0.473000,0.052000,-20.901000,6.183000,3.679000,34.08
2041567467,-0.717000,-0.463000,0.043000,-15.863000,10.443000,2.794000,34.18
2041579704,-0.741000,-0.469000,0.031000,-13.527000,12.702000,2.076000,34.04
2041586227,-0.764000,-0.471000,0.031000,-11.328000,14.733000,2.824000,34.08
2041596324,-0.768000,-0.427000,0.016000,-12.992000,13.847000,3.069000,34.13
2041611588,-0.787000,-0.439000,-0.001000,-13.771000,14.595000,4.489000,34.08
2041619209,-0.800000,-0.415000,-0.006000,-14.595000,15.176000,1.069000,34.04
2041625268,-0.811000,-0.437000,0.012000,-16.611000,14.382000,3.099000,34.08
2041635951,-0.789000,-0.481000,0.005000,-15.603000,14.870000,4.489000,34.04
2041644399,-0.787000,-0.463000,0.002000,-15.237000,13.725000,4.611000,34.08
2041654835,-0.759000,-0.446000,0.000000,-14.901000,11.389000,4.183000,34.13
2041666598,-0.739000,-0.440000,-0.030000,-14.733000,11.664000,4.443000,34.08
2041678184,-0.733000,-0.431000,0.013000,-13.832000,12.504000,1.832000,34.08
2041690133,-0.743000,-0.411000,-0.005000,-14.076000,12.366000,1.573000,34.13
2041695812,-0.769000,-0.406000,0.001000,-16.595000,14.855000,3.634000,34.08
2041706803,-0.745000,-0.450000,0.006000,-15.481000,17.374000,4.855000,34.13
2041719443,-0.740000,-0.465000,-0.004000,-12.489000,19.756000,5.450000,34.08
2041724477,-0.768000,-0.445000,-0.022000,-10.718000,21.282000,5.557000,34.04
2041736683,-0.793000,-0.435000,-0.022000,-9.313000,23.573000,7.939000,34.08
2041746149,-0.775000,-0.432000,-0.054000,-11.008000,19.908000,6.473000,34.04
2041756310,-0.787000,-0.423000,-0.075000,-10.382000,19.313000,6.992000,34.08
2041766652,-0.789000,-0.420000,-0.055000,-9.191000,21.160000,7.038000,34.13
2041773391,-0.780000,-0.411000,-0.048000,-9.282000,21.954000,7.099000,33.99
2041788717,-0.776000,-0.414000,-0.059000,-11.115000,22.489000,7.450000,34.08
2041798566,-0.769000,-0.413000,-0.058000,-10.198000,24.305000,8.809000,34.13
2041805712,-0.720000,-0.418000,-0.053000,-8.458000,26.687000,7.328000,34.18
2041819383,-0.769000,-0.399000,-0.097000,-9.847000,25.695000,7.710000,34.13
2041827716,-0.733000,-0.436000,-0.061000,-9.069000,30.229000,8.076000,34.08
2041837640,-0.769000,-0.409000,-0.086000,-8.595000,33.573000,8.427000,34.04
2041847111,-0.811000,-0.395000,-0.102000,-10.321000,32.443000,10.015000,34.18
2041857111,-0.799000,-0.423000,-0.125000,-11.435000,31.756000,9.740000,34.04
2041866466,-0.812000,-0.448000,-0.116000,-11.664000,34.153000,11.618000,34.08
2041873192,-0.803000,-0.428000,-0.104000,-9.069000,33.847000,11.634000,34.08
2041889764,-0.796000,-0.385000,-0.093000,-8.580000,31.832000,11.832000,34.04
2041896489,-0.772000,-0.365000,-0.107000,-9.649000,31.282000,12.061000,34.08
2041906095,-0.773000,-0.361000,-0.131000,-11.282000,31.542000,11.359000,34.04
2041919430,-0.774000,-0.366000,-0.172000,-13.221000,30.763000,11.557000,34.08
2041929224,-0.779000,-0.408000,-0.168000,-14.840000,33.557000,13.481000,34.04
2041936198,-0.781000,-0.427000,-0.136000,-11.374000,34.641000,13.603000,34.08
2041947606,-0.806000,-0.392000,-0.152000,-10.504000,33.863000,13.542000,34.13
2041954016,-0.789000,-0.368000,-0.135000,-9.939000,31.145000,15.130000,34.18
2041966275,-0.785000,-0.365000,-0.164000,-10.809000,30.244000,15.328000,34.04
2041972174,-0.774000,-0.371000,-0.182000,-12.351000,27.588000,14.397000,34.08
2041987484,-0.786000,-0.371000,-0.166000,-15.695000,29.008000,14.611000,34.08
2041999623,-0.772000,-0.364000,-0.164000,-17.344000,29.481000,13.420000,33.99
2042005280,-0.737000,-0.379000,-0.131000,-18.290000,28.290000,12.779000,34.08
2042016986,-0.729000,-0.377000,-0.139000,-17.832000,30.336000,11.405000,34.04
2042029015,-0.770000,-0.391000,-0.153000,-15.695000,30.809000,12.901000,34.08
2042035440,-0.760000,-0.411000,-0.169000,-14.153000,30.015000,12.947000,34.04
2042046227,-0.775000,-0.433000,-0.200000,-9.802000,29.740000,13.252000,33.99
2042055086,-0.790000,-0.403000,-0.178000,-8.351000,28.687000,13.282000,34.04
2042066972,-0.799000,-0.364000,-0.204000,-9.328000,27.786000,13.038000,34.08
2042076536,-0.783000,-0.337000,-0.186000,-12.656000,26.687000,11.863000,34.13
2042082962,-0.790000,-0.321000,-0.205000,-17.053000,29.038000,11.206000,34.13
2042098825,-0.816000,-0.307000,-0.239000,-22.489000,28.824000,11.038000,34.08
2042108890,-0.773000,-0.366000,-0.222000,-24.183000,29.664000,10.183000,34.13
2042115481,-0.776000,-0.378000,-0.222000,-22.321000,31.924000,10.672000,34.08
2042127159,-0.802000,-0.364000,-0.265000,-21.557000,31.328000,11.573000,34.13
2042137577,-0.791000,-0.396000,-0.260000,-21.389000,29.221000,12.824000,33.99
2042145414,-0.801000,-0.368000,-0.249000,-19.588000,25.511000,13.389000,34.13
2042158055,-0.791000,-0.328000,-0.261000,-20.046000,23.145000,13.069000,34.08
2042168749,-0.786000,-0.327000,-0.266000,-21.466000,21.282000,12.656000,33.94
2042174843,-0.798000,-0.311000,-0.267000,-23.603000,20.580000,12.229000,34.08
2042186931,-0.795000,-0.314000,-0.272000,-26.809000,19.282000,11.603000,34.04
2042196428,-0.793000,-0.340000,-0.274000,-29.099000,19.603000,12.412000,34.04
2042207872,-0.790000,-0.365000,-0.281000,-29.298000,19.725000,12.611000,33.99
2042214235,-0.755000,-0.385000,-0.265000,-27.313000,20.290000,12.840000,34.08
2042230383,-0.739000,-0.371000,-0.272000,-22.305000,21.450000,11.756000,34.08
2042236900,-0.732000,-0.334000,-0.253000,-19.695000,21.023000,10.550000,34.13
2042245825,-0.742000,-0.314000,-0.286000,-18.397000,21.252000,10.687000,34.08
2042258817,-0.753000,-0.306000,-0.277000,-17.313000,19.725000,9.679000,34.04
2042269408,-0.757000,-0.304000,-0.264000,-18.519000,17.725000,8.366000,34.08
2042274366,-0.758000,-0.286000,-0.297000,-19.359000,17.817000,6.672000,34.04
2042285905,-0.758000,-0.319000,-0.282000,-19.282000,18.046000,5.786000,34.08
2042292600,-0.783000,-0.332000,-0.289000,-18.458000,18.901000,5.939000,34.22
2042306787,-0.798000,-0.348000,-0.282000,-17.481000,18.305000,6.901000,34.04
2042317421,-0.776000,-0.354000,-0.276000,-14.229000,17.802000,6.183000,33.99
2042328869,-0.746000,-0.333000,-0.271000,-10.611000,17.481000,5.802000,34.13
2042341221,-0.732000,-0.317000,-0.291000,-6.992000,18.214000,5.374000,34.18
2042346376,-0.725000,-0.306000,-0.294000,-5.344000,17.878000,4.366000,33.94
2042356954,-0.700000,-0.278000,-0.282000,-5.099000,19.985000,1.664000,34.08
2042366790,-0.749000,-0.257000,-0.304000,-7.053000,20.656000,1.588000,34.04
2042377414,-0.760000,-0.285000,-0.296000,-7.160000,20.855000,0.885000,34.08
2042385787,-0.766000,-0.289000,-0.298000,-6.901000,18.855000,-0.626000,34.13
2042392593,-0.780000,-0.308000,-0.306000,-7.969000,19.878000,0.443000,34.08
2042410688,-0.775000,-0.321000,-0.314000,-5.496000,18.183000,0.229000,34.04
2042420412,-0.766000,-0.340000,-0.335000,-2.214000,18.687000,-0.107000,34.04
2042426279,-0.765000,-0.330000,-0.357000,0.855000,21.664000,0.000000,34.18
2042439792,-0.748000,-0.333000,-0.309000,3.649000,20.290000,0.565000,34.08
2042446935,-0.742000,-0.282000,-0.328000,5.099000,22.366000,1.099000,34.08
2042456542,-0.739000,-0.267000,-0.326000,2.260000,23.038000,0.244000,34.04
2042467715,-0.774000,-0.253000,-0.363000,0.275000,24.824000,0.061000,34.08
2042476410,-0.806000,-0.284000,-0.341000,-2.382000,21.756000,-0.229000,34.04
2042486623,-0.779000,-0.313000,-0.348000,-3.771000,21.863000,-1.221000,34.18
2042493041,-0.780000,-0.314000,-0.345000,-2.595000,22.305000,-2.092000,34.04
2042509768,-0.798000,-0.330000,-0.393000,-1.160000,25.298000,-0.779000,34.08
2042518613,-0.786000,-0.342000,-0.390000,-1.511000,21.634000,0.733000,34.04
2042527377,-0.754000,-0.331000,-0.354000,2.122000,22.260000,1.374000,34.13
2042537787,-0.764000,-0.279000,-0.375000,0.473000,24.290000,2.321000,34.08
2042551713,-0.768000,-0.255000,-0.410000,-3.191000,25.542000,2.855000,34.13
2042557005,-0.759000,-0.261000,-0.371000,-6.382000,25.069000,2.962000,34.08
2042564379,-0.775000,-0.265000,-0.421000,-9.252000,27.725000,2.534000,34.13
2042577364,-0.809000,-0.302000,-0.408000,-10.977000,27.359000,3.069000,34.08
2042587315,-0.816000,-0.304000,-0.384000,-11.664000,24.595000,2.992000,34.13
2042593402,-0.774000,-0.303000,-0.423000,-10.534000,24.229000,3.618000,34.18
2042605332,-0.767000,-0.310000,-0.418000,-9.679000,25.511000,5.282000,34.13
2042619706,-0.769000,-0.282000,-0.431000,-9.725000,26.061000,7.160000,34.08
2042629821,-0.767000,-0.260000,-0.458000,-10.962000,24.595000,7.771000,34.08
2042636815,-0.768000,-0.238000,-0.447000,-14.061000,21.695000,7.511000,34.13
2042648757,-0.779000,-0.223000,-0.441000,-17.328000,22.824000,9.710000,34.08
2042658811,-0.772000,-0.237000,-0.442000,-18.397000,21.176000,10.183000,34.04
2042662558,-0.730000,-0.278000,-0.443000,-19.527000,16.901000,9.527000,34.18
2042677862,-0.763000,-0.277000,-0.438000,-19.634000,20.519000,12.870000,34.13
2042689177,-0.787000,-0.250000,-0.464000,-19.389000,19.954000,13.344000,33.99
2042693629,-0.792000,-0.255000,-0.461000,-22.794000,19.267000,15.618000,34.04
2042704677,-0.759000,-0.295000,-0.431000,-22.305000,18.198000,15.267000,34.08
2042716838,-0.764000,-0.247000,-0.444000,-22.763000,18.443000,15.985000,34.04
2042729637,-0.747000,-0.247000,-0.449000,-22.916000,17.557000,15.893000,34.08
2042735933,-0.750000,-0.235000,-0.472000,-23.863000,17.115000,16.626000,34.08
2042742393,-0.750000,-0.268000,-0.459000,-21.695000,16.794000,16.672000,34.04
2042758414,-0.743000,-0.256000,-0.465000,-20.748000,15.786000,15.710000,33.99
2042766645,-0.733000,-0.263000,-0.472000,-21.160000,17.725000,17.221000,34.13
2042775942,-0.733000,-0.261000,-0.459000,-19.466000,15.908000,17.649000,34.08
2042792270,-0.708000,-0.247000,-0.451000,-18.870000,15.038000,17.176000,34.04
2042796515,-0.709000,-0.229000,-0.463000,-17.359000,17.069000,17.023000,34.08
2042803364,-0.724000,-0.213000,-0.476000,-16.443000,17.038000,15.603000,34.04
2042815366,-0.732000,-0.212000,-0.485000,-16.382000,16.412000,15.130000,34.18
2042828137,-0.717000,-0.203000,-0.504000,-18.015000,15.756000,14.229000,33.99
2042837859,-0.702000,-0.259000,-0.492000,-14.809000,16.092000,13.664000,34.04
2042848614,-0.703000,-0.240000,-0.467000,-12.885000,16.183000,12.977000,33.99
2042861723,-0.688000,-0.206000,-0.478000,-10.687000,15.725000,12.611000,34.13
2042866657,-0.691000,-0.204000,-0.487000,-10.534000,17.618000,11.252000,33.99
2042877048,-0.735000,-0.213000,-0.506000,-10.290000,18.305000,10.763000,34.04
2042886523,-0.723000,-0.245000,-0.462000,-9.160000,15.267000,8.107000,34.08
2042896919,-0.737000,-0.212000,-0.505000,-10.580000,16.916000,8.443000,33.94
2042902898,-0.745000,-0.215000,-0.492000,-11.191000,16.153000,7.450000,34.08
2042914527,-0.743000,-0.226000,-0.488000,-10.244000,14.672000,6.992000,34.08
2042929512,-0.693000,-0.198000,-0.475000,-9.786000,13.588000,6.443000,34.04
2042939659,-0.663000,-0.186000,-0.482000,-6.534000,13.847000,5.679000,34.08
2042946768,-0.665000,-0.172000,-0.483000,-5.145000,14.519000,4.290000,34.13
2042958199,-0.664000,-0.159000,-0.483000,-5.099000,15.344000,1.176000,34.18
2042965484,-0.713000,-0.131000,-0.507000,-5.405000,16.153000,0.565000,34.04
2042976637,-0.740000,-0.169000,-0.527000,-9.023000,13.282000,1.710000,34.08
2042989666,-0.707000,-0.229000,-0.518000,-9.099000,10.855000,3.160000,34.13
2042998730,-0.708000,-0.234000,-0.498000,-6.260000,11.069000,4.260000,34.08
2043003253,-0.713000,-0.215000,-0.528000,-4.565000,7.008000,6.336000,34.08
2043014908,-0.687000,-0.249000,-0.520000,-1.481000,8.885000,6.351000,34.08
2043026996,-0.694000,-0.237000,-0.515000,0.672000,10.305000,6.382000,34.08
2043039284,-0.720000,-0.199000,-0.506000,1.481000,11.771000,4.366000,34.13
2043047672,-0.774000,-0.125000,-0.538000,-4.061000,11.511000,3.588000,34.08
2043056209,-0.738000,-0.137000,-0.496000,-8.901000,9.053000,2.580000,34.13
2043068891,-0.706000,-0.172000,-0.495000,-11.069000,9.664000,0.244000,34.08
2043073777,-0.699000,-0.216000,-0.506000,-10.244000,10.092000,0.824000,34.13
2043085887,-0.686000,-0.240000,-0.510000,-6.641000,11.496000,1.298000,34.08
2043097065,-0.688000,-0.246000,-0.521000,-3.099000,12.214000,1.679000,34.13
2043105379,-0.685000,-0.235000,-0.528000,-1.069000,13.115000,2.641000,34.08
2043115326,-0.712000,-0.212000,-0.527000,1.267000,13.359000,3.038000,34.08
2043123446,-0.669000,-0.190000,-0.507000,0.901000,14.718000,1.985000,34.04
2043137218,-0.746000,-0.155000,-0.547000,-2.305000,13.130000,3.466000,34.18
2043146549,-0.745000,-0.172000,-0.525000,-4.397000,11.496000,2.122000,34.04
2043157139,-0.754000,-0.157000,-0.533000,-7.282000,10.885000,1.069000,34.08
2043169964,-0.714000,-0.187000,-0.516000,-8.000000,10.244000,0.519000,34.04
2043174746,-0.695000,-0.191000,-0.536000,-6.153000,9.893000,-0.244000,34.08
2043186150,-0.709000,-0.186000,-0.579000,-5.115000,11.740000,0.275000,34.13
2043198400,-0.716000,-0.214000,-0.538000,-2.366000,8.824000,-0.061000,34.08
2043206797,-0.689000,-0.163000,-0.556000,-1.221000,6.901000,-0.198000,34.13
2043215946,-0.697000,-0.163000,-0.558000,-0.611000,8.672000,0.061000,34.18
2043222859,-0.699000,-0.172000,-0.559000,-1.267000,7.313000,0.015000,34.08
2043239283,-0.706000,-0.146000,-0.544000,-2.809000,13.603000,0.962000,34.08
2043249183,-0.712000,-0.183000,-0.544000,-0.840000,11.115000,2.198000,34.18
2043256008,-0.683000,-0.169000,-0.554000,-0.443000,13.206000,1.756000,34.04
2043266722,-0.705000,-0.179000,-0.563000,0.702000,15.466000,0.351000,34.08
2043277190,-0.755000,-0.149000,-0.610000,-0.931000,14.641000,0.473000,34.04
2043287870,-0.724000,-0.161000,-0.570000,-2.962000,10.611000,-0.611000,34.18
2043296937,-0.714000,-0.184000,-0.565000,-1.527000,12.275000,0.305000,34.13
2043308627,-0.695000,-0.182000,-0.594000,-2.336000,13.618000,-1.954000,33.99
2043315961,-0.705000,-0.180000,-0.567000,-2.092000,13.115000,-0.290000,34.13
2043322997,-0.695000,-0.206000,-0.576000,-1.496000,12.641000,0.840000,34.18
2043339919,-0.677000,-0.185000,-0.585000,-0.076000,13.954000,0.168000,34.13
2043349733,-0.689000,-0.149000,-0.600000,-0.550000,16.840000,-0.290000,34.22
2043355435,-0.699000,-0.150000,-0.562000,-1.466000,13.802000,-0.275000,34.08
2043367962,-0.709000,-0.156000,-0.587000,-2.702000,12.809000,0.672000,34.13
2043378801,-0.732000,-0.140000,-0.647000,-6.611000,12.336000,0.840000,34.08
2043389038,-0.702000,-0.205000,-0.568000,-6.061000,10.626000,0.427000,34.04
2043398339,-0.691000,-0.165000,-0.584000,-5.038000,14.794000,0.214000,34.08
2043409077,-0.719000,-0.177000,-0.597000,-5.664000,10.947000,1.969000,34.04
2043416179,-0.682000,-0.199000,-0.586000,-3.756000,12.336000,3.176000,34.08
2043423163,-0.673000,-0.191000,-0.590000,-3.649000,13.405000,3.221000,34.13
2043436874,-0.668000,-0.188000,-0.600000,-2.092000,15.405000,2.885000,34.18
2043444903,-0.721000,-0.155000,-0.614000,-3.481000,15.725000,6.000000,34.13
2043456325,-0.698000,-0.180000,-0.592000,-5.878000,15.374000,8.565000,34.08
2043468403,-0.687000,-0.172000,-0.611000,-4.321000,17.588000,11.496000,34.08
2043480908,-0.683000,-0.164000,-0.586000,-2.870000,17.450000,14.672000,34.13
2043486453,-0.662000,-0.159000,-0.575000,-0.504000,17.069000,15.603000,34.18
2043495250,-0.650000,-0.139000,-0.573000,2.092000,18.748000,15.740000,34.13
2043506627,-0.689000,-0.112000,-0.607000,2.351000,18.885000,16.183000,34.08
2043516238,-0.703000,-0.085000,-0.629000,-0.015000,17.557000,16.366000,34.13
2043523099,-0.704000,-0.124000,-0.582000,-1.618000,13.405000,15.710000,34.08
2043540102,-0.692000,-0.114000,-0.609000,-0.321000,14.168000,14.565000,34.13
2043552437,-0.718000,-0.125000,-0.595000,0.321000,12.275000,12.626000,34.18
2043557733,-0.750000,-0.112000,-0.624000,-2.031000,7.878000,12.336000,34.13
2043568055,-0.738000,-0.124000,-0.602000,-6.382000,3.924000,10.687000,34.13
2043578577,-0.710000,-0.123000,-0.599000,-8.382000,1.252000,9.160000,34.18
2043586266,-0.682000,-0.145000,-0.610000,-9.298000,0.840000,7.176000,34.22
2043596282,-0.671000,-0.165000,-0.611000,-8.198000,1.191000,6.611000,34.08
2043607066,-0.634000,-0.197000,-0.609000,-4.595000,2.397000,5.771000,34.13
2043617204,-0.634000,-0.189000,-0.631000,-1.267000,4.565000,5.588000,34.18
2043623764,-0.648000,-0.167000,-0.610000,-0.153000,7.084000,5.008000,34.13
2043637543,-0.652000,-0.156000,-0.623000,0.214000,10.092000,3.389000,34.08
2043645696,-0.672000,-0.166000,-0.637000,-1.389000,13.420000,2.641000,34.13
2043655686,-0.696000,-0.176000,-0.624000,-2.687000,16.198000,1.267000,33.99
2043666984,-0.718000,-0.143000,-0.618000,-4.275000,18.672000,-0.672000,34.13
2043677706,-0.667000,-0.160000,-0.644000,-3.954000,18.137000,-1.573000,34.08
2043687487,-0.661000,-0.194000,-0.621000,-4.107000,19.832000,-1.679000,34.08
2043695506,-0.654000,-0.202000,-0.616000,-0.656000,21.298000,-2.412000,34.13
2043705885,-0.622000,-0.157000,-0.666000,0.046000,23.847000,-3.435000,34.18
2043717567,-0.686000,-0.167000,-0.671000,0.122000,22.412000,-0.092000,34.22
2043723998,-0.670000,-0.151000,-0.654000,0.031000,23.557000,0.855000,34.08
2043735990,-0.650000,-0.105000,-0.653000,-2.962000,24.412000,0.015000,34.13
2043746072,-0.696000,-0.127000,-0.656000,-6.153000,19.374000,4.122000,34.08
2043755979,-0.669000,-0.122000,-0.667000,-7.924000,17.542000,5.130000,34.04
2043764912,-0.643000,-0.132000,-0.664000,-7.435000,18.718000,4.794000,34.18
2043779105,-0.688000,-0.117000,-0.677000,-9.618000,17.863000,6.748000,34.13
2043789388,-0.677000,-0.132000,-0.662000,-10.763000,15.771000,8.031000,34.13
2043796543,-0.667000,-0.117000,-0.655000,-10.885000,13.802000,8.763000,34.08
2043805805,-0.671000,-0.083000,-0.667000,-12.901000,13.511000,10.458000,34.13
2043818473,-0.674000,-0.119000,-0.649000,-14.595000,12.962000,11.985000,34.08
2043824691,-0.666000,-0.120000,-0.661000,-14.519000,11.588000,12.702000,34.13
2043835575,-0.609000,-0.122000,-0.666000,-13.145000,12.962000,12.840000,34.08
2043847872,-0.617000,-0.119000,-0.688000,-13.221000,16.855000,13.450000,34.04
2043859130,-0.675000,-0.110000,-0.697000,-13.084000,16.809000,12.870000,34.08
2043867636,-0.672000,-0.113000,-0.675000,-14.031000,14.229000,13.557000,34.04
2043877017,-0.662000,-0.100000,-0.697000,-15.771000,14.901000,13.969000,34.08
2043889140,-0.683000,-0.122000,-0.674000,-16.687000,13.511000,13.069000,34.22
2043896980,-0.657000,-0.092000,-0.679000,-17.374000,12.458000,12.183000,34.08
2043906307,-0.618000,-0.100000,-0.696000,-17.908000,12.595000,11.847000,34.08
2043918599,-0.587000,-0.116000,-0.684000,-16.885000,14.595000,11.954000,34.04
2043927104,-0.587000,-0.140000,-0.695000,-13.802000,16.260000,11.924000,34.18
2043934305,-0.591000,-0.117000,-0.713000,-12.840000,18.580000,12.351000,34.04
2043946272,-0.611000,-0.116000,-0.706000,-11.069000,18.809000,11.771000,34.18
2043958550,-0.625000,-0.098000,-0.702000,-10.977000,18.992000,11.893000,34.13
2043967175,-0.632000,-0.107000,-0.704000,-12.031000,19.206000,10.931000,33.99
2043978261,-0.622000,-0.086000,-0.692000,-12.672000,18.489000,9.450000,34.04
2043991773,-0.604000,-0.061000,-0.703000,-12.443000,18.962000,7.679000,34.18
2043997914,-0.594000,-0.082000,-0.706000,-13.450000,19.908000,7.160000,34.04
2044008037,-0.577000,-0.119000,-0.713000,-11.527000,20.916000,6.092000,34.13
2044019158,-0.568000,-0.089000,-0.714000,-8.290000,22.641000,5.817000,33.99
2044029271,-0.556000,-0.054000,-0.729000,-7.802000,24.168000,4.916000,34.13
2044034096,-0.559000,-0.049000,-0.708000,-7.817000,25.756000,4.382000,34.08
2044046069,-0.571000,-0.041000,-0.715000,-7.786000,27.359000,3.160000,34.13
2044058811,-0.581000,-0.038000,-0.710000,-8.626000,26.473000,1.511000,34.18
2044068935,-0.592000,-0.047000,-0.705000,-7.832000,26.046000,0.229000,34.04
2044077153,-0.593000,-0.074000,-0.722000,-7.450000,24.260000,-0.092000,34.08
2044086166,-0.586000,-0.086000,-0.686000,-5.053000,23.405000,-0.504000,34.04
2044098427,-0.576000,-0.072000,-0.739000,-4.183000,20.397000,-0.718000,34.08
2044104034,-0.570000,-0.121000,-0.675000,-1.053000,23.008000,0.076000,34.22
2044117633,-0.605000,-0.061000,-0.715000,-2.305000,19.099000,0.824000,34.08
2044130402,-0.583000,-0.062000,-0.709000,-3.847000,18.641000,0.580000,34.18
2044135045,-0.585000,-0.057000,-0.691000,-5.130000,18.641000,-2.489000,34.13
2044145742,-0.577000,-0.057000,-0.704000,-5.084000,16.595000,-5.237000,34.08
2044153171,-0.610000,-0.071000,-0.739000,-8.351000,15.313000,-4.947000,34.04
2044166059,-0.611000,-0.130000,-0.690000,-9.160000,10.977000,-3.634000,34.08
2044176883,-0.600000,-0.112000,-0.705000,-7.588000,8.840000,-2.641000,34.13
2044186327,-0.585000,-0.090000,-0.716000,-7.725000,8.107000,-1.344000,34.08
2044198773,-0.539000,-0.097000,-0.713000,-6.947000,7.588000,-1.191000,34.13
2044204080,-0.513000,-0.084000,-0.706000,-3.786000,10.015000,-1.603000,33.99
2044215652,-0.539000,-0.064000,-0.731000,-3.115000,10.855000,-1.893000,34.04
2044227442,-0.545000,-0.085000,-0.717000,-3.069000,10.321000,-2.092000,34.04
2044235989,-0.552000,-0.095000,-0.722000,-0.733000,11.679000,-3.847000,34.18
2044245509,-0.599000,-0.070000,-0.741000,-0.321000,12.015000,-3.924000,34.13
2044252296,-0.627000,-0.072000,-0.747000,-2.229000,11.267000,-3.985000,34.08
2044268740,-0.625000,-0.056000,-0.718000,-4.443000,6.198000,-3.893000,34.04
2044278562,-0.589000,-0.060000,-0.755000,-5.145000,6.061000,-3.618000,34.08
2044286228,-0.586000,-0.081000,-0.740000,-5.740000,5.573000,-3.786000,34.13
2044297690,-0.540000,-0.053000,-0.730000,-5.374000,4.870000,-3.710000,33.99
2044307704,-0.506000,-0.034000,-0.736000,-3.573000,7.557000,-3.985000,34.13
2044317920,-0.544000,-0.063000,-0.752000,-2.290000,9.145000,-3.359000,34.18
2044327926,-0.570000,-0.075000,-0.758000,-0.718000,8.550000,-2.687000,34.13
2044338821,-0.589000,-0.068000,-0.742000,-1.069000,7.038000,-2.198000,34.18
2044345707,-0.580000,-0.017000,-0.770000,-3.145000,7.435000,-2.901000,34.08
2044352801,-0.597000,-0.048000,-0.780000,-5.328000,7.221000,-2.840000,34.04
2044366247,-0.603000,-0.078000,-0.750000,-8.336000,6.046000,-2.229000,34.08
2044378218,-0.581000,-0.070000,-0.752000,-7.618000,5.176000,-1.267000,34.13
2044384244,-0.547000,-0.070000,-0.765000,-6.244000,5.924000,-1.450000,33.99
2044398721,-0.529000,-0.090000,-0.775000,-4.321000,6.947000,-1.221000,34.04
2044406044,-0.542000,-0.091000,-0.760000,-2.718000,8.855000,0.351000,34.18
2044415986,-0.564000,-0.079000,-0.759000,-2.565000,9.008000,1.099000,34.22
2044427480,-0.593000,-0.059000,-0.784000,-3.221000,10.779000,1.191000,34.18
2044438698,-0.620000,-0.062000,-0.759000,-5.695000,8.382000,1.374000,34.13
2044446533,-0.611000,-0.044000,-0.771000,-8.351000,3.603000,0.718000,34.13
2044453375,-0.587000,-0.033000,-0.784000,-10.351000,4.550000,1.160000,34.08
2044468960,-0.550000,-0.085000,-0.770000,-9.313000,2.565000,1.191000,34.13
2044478871,-0.528000,-0.071000,-0.778000,-5.695000,3.176000,0.443000,34.18
2044488082,-0.516000,-0.060000,-0.787000,-4.000000,4.366000,0.229000,34.13
2044497878,-0.524000,-0.067000,-0.770000,-2.718000,5.908000,-1.084000,34.08
2044510881,-0.530000,-0.025000,-0.782000,-2.183000,8.122000,-2.351000,34.13
2044516134,-0.555000,-0.065000,-0.785000,-4.076000,10.092000,-2.947000,34.08
2044526762,-0.619000,-0.087000,-0.784000,-4.855000,10.000000,-2.229000,34.13
2044539466,-0.602000,-0.076000,-0.781000,-6.168000,8.290000,-2.275000,34.18
2044548218,-0.576000,-0.093000,-0.795000,-5.893000,10.061000,-2.305000,34.13
2044553534,-0.571000,-0.105000,-0.784000,-3.573000,12.015000,-2.305000,34.08
2044567503,-0.538000,-0.054000,-0.787000,-2.565000,12.275000,-3.115000,34.18
2044575013,-0.492000,-0.044000,-0.799000,-1.313000,15.313000,-4.840000,34.04
2044591208,-0.523000,-0.061000,-0.802000,-0.779000,19.405000,-4.702000,33.99
2044597380,-0.557000,-0.048000,-0.806000,-0.580000,19.939000,-4.870000,34.13
2044605029,-0.517000,-0.050000,-0.786000,-0.107000,21.069000,-5.924000,33.99
2044618506,-0.583000,-0.038000,-0.836000,-1.786000,22.031000,-4.275000,34.04
2044626137,-0.605000,-0.053000,-0.816000,-5.008000,19.908000,-3.450000,34.08
2044638716,-0.601000,-0.030000,-0.816000,-7.634000,18.000000,-1.893000,34.13
2044648661,-0.558000,-0.050000,-0.819000,-10.626000,16.214000,-1.603000,34.08
2044653362,-0.527000,-0.070000,-0.800000,-9.786000,15.420000,-0.550000,34.13
2044665439,-0.529000,-0.051000,-0.815000,-8.275000,15.740000,1.282000,34.18
2044679294,-0.511000,-0.057000,-0.807000,-8.061000,16.626000,1.221000,34.04
2044695132,-0.508000,-0.011000,-0.808000,-7.954000,18.153000,-0.015000,34.18
2044697234,-0.495000,-0.024000,-0.818000,-9.603000,21.084000,0.885000,34.04
2044706948,-0.539000,-0.052000,-0.805000,-9.679000,21.771000,1.939000,34.08
2044719182,-0.569000,-0.037000,-0.809000,-11.664000,18.992000,3.023000,34.08
2044724819,-0.556000,-0.030000,-0.808000,-15.206000,17.786000,4.076000,34.22
2044737955,-0.532000,-0.025000,-0.812000,-15.878000,15.924000,4.519000,33.99
2044748831,-0.517000,-0.062000,-0.813000,-15.557000,15.542000,6.473000,34.13
2044757286,-0.507000,-0.062000,-0.819000,-14.916000,15.252000,6.733000,34.08
2044765040,-0.474000,-0.053000,-0.770000,-11.084000,14.244000,6.244000,34.13
2044776956,-0.465000,-0.026000,-0.812000,-11.160000,17.130000,6.168000,34.08
2044789411,-0.445000,-0.068000,-0.788000,-9.267000,21.267000,4.366000,34.04
2044797025,-0.526000,-0.080000,-0.787000,-7.756000,20.824000,5.053000,34.18
2044804110,-0.524000,-0.097000,-0.793000,-9.313000,18.824000,5.176000,34.13
2044819602,-0.564000,-0.100000,-0.791000,-10.015000,18.214000,5.160000,34.18
2044829461,-0.548000,-0.061000,-0.776000,-10.015000,12.977000,3.527000,34.13
2044836484,-0.505000,-0.042000,-0.784000,-9.908000,10.137000,1.328000,34.08
2044848671,-0.480000,-0.056000,-0.777000,-9.206000,8.580000,-0.916000,34.13
2044853544,-0.471000,-0.065000,-0.798000,-6.794000,7.130000,-0.870000,33.99
2044865079,-0.438000,-0.070000,-0.805000,-4.550000,8.534000,-2.412000,34.13
2044870668,-0.450000,-0.053000,-0.815000,-3.908000,9.939000,-2.412000,34.18
2044885047,-0.447000,-0.071000,-0.800000,-3.710000,10.366000,-2.840000,34.18
2044898253,-0.481000,-0.029000,-0.818000,-2.977000,11.573000,-3.160000,34.22
2044904677,-0.492000,-0.054000,-0.818000,-3.252000,10.534000,-3.496000,34.08
2044916387,-0.446000,-0.058000,-0.784000,-0.382000,10.000000,-6.244000,34.13
2044929425,-0.476000,-0.016000,-0.865000,0.153000,8.336000,-5.496000,34.18
2044936583,-0.466000,-0.084000,-0.840000,1.115000,10.473000,-6.061000,34.18
2044946443,-0.532000,-0.050000,-0.850000,1.985000,9.420000,-4.656000,34.08
2044958858,-0.487000,-0.049000,-0.848000,1.405000,8.168000,-5.359000,34.04
2044965615,-0.497000,-0.026000,-0.860000,-1.145000,8.687000,-6.000000,34.08
2044972185,-0.496000,-0.031000,-0.851000,-3.206000,7.557000,-6.870000,34.04
2044987731,-0.497000,-0.022000,-0.848000,-4.550000,6.595000,-7.267000,33.99
2044997531,-0.465000,-0.010000,-0.853000,-4.794000,4.947000,-7.344000,34.22
2045007548,-0.425000,-0.043000,-0.863000,-2.809000,7.649000,-7.664000,34.08
2045018241,-0.449000,-0.070000,-0.870000,0.382000,10.183000,-5.740000,34.13
2045029429,-0.457000,-0.061000,-0.875000,2.137000,11.817000,-5.023000,34.13
2045034892,-0.444000,-0.016000,-0.873000,0.962000,14.626000,-5.298000,34.18
2045047175,-0.550000,0.016000,-0.879000,-3.115000,12.687000,-3.573000,34.13
2045062281,-0.514000,-0.019000,-0.874000,-6.824000,10.870000,-3.191000,34.08
2045066978,-0.532000,-0.012000,-0.903000,-10.763000,8.000000,-2.382000,34.13
2045072371,-0.504000,-0.042000,-0.868000,-12.351000,5.298000,-1.099000,34.18
2045085058,-0.447000,-0.032000,-0.882000,-12.229000,4.229000,-1.298000,34.13
2045098015,-0.453000,-0.006000,-0.893000,-12.489000,4.931000,0.321000,34.08
2045105491,-0.470000,-0.037000,-0.885000,-14.260000,5.634000,2.550000,34.13
2045116604,-0.479000,-0.025000,-0.878000,-16.092000,5.267000,5.069000,34.18
2045129340,-0.453000,-0.032000,-0.883000,-16.977000,5.924000,6.611000,34.04
2045137577,-0.432000,-0.038000,-0.862000,-14.168000,10.046000,5.313000,34.08
2045147849,-0.437000,-0.009000,-0.890000,-13.893000,12.580000,6.595000,34.08
2045157617,-0.475000,-0.055000,-0.873000,-14.092000,13.969000,6.992000,34.08
2045168168,-0.497000,-0.018000,-0.878000,-14.076000,12.092000,7.756000,34.08
2045173619,-0.481000,0.009000,-0.862000,-15.038000,10.061000,7.298000,34.13
2045184292,-0.482000,0.003000,-0.872000,-15.817000,9.206000,6.198000,34.18
2045200711,-0.489000,-0.021000,-0.867000,-16.015000,8.977000,5.527000,34.13
2045208408,-0.489000,-0.029000,-0.847000,-15.435000,7.695000,5.252000,34.18
2045216906,-0.426000,-0.010000,-0.847000,-14.580000,8.641000,3.618000,34.04
2045226042,-0.438000,0.006000,-0.852000,-14.168000,12.260000,3.023000,34.08
2045237033,-0.431000,-0.033000,-0.833000,-13.176000,13.221000,1.847000,34.13
2045246739,-0.437000,-0.029000,-0.832000,-10.519000,13.878000,0.824000,33.99
2045255504,-0.465000,-0.026000,-0.833000,-9.863000,13.603000,0.672000,34.13
2045269343,-0.464000,-0.019000,-0.818000,-9.191000,11.817000,-0.153000,34.13
2045273924,-0.481000,-0.027000,-0.835000,-8.901000,10.885000,-0.611000,34.08
2045284276,-0.465000,-0.038000,-0.809000,-7.863000,9.634000,-1.817000,34.04
2045297322,-0.416000,-0.002000,-0.825000,-6.962000,11.328000,-2.702000,33.99
2045307692,-0.472000,-0.027000,-0.836000,-8.824000,10.000000,-2.046000,34.08
2045316170,-0.445000,-0.061000,-0.823000,-8.061000,9.740000,-1.389000,34.08
2045327243,-0.420000,-0.032000,-0.823000,-5.649000,10.412000,-2.031000,34.04
2045338547,-0.423000,-0.010000,-0.859000,-5.298000,11.374000,-2.550000,34.08
2045346633,-0.446000,-0.049000,-0.838000,-4.244000,8.916000,-2.427000,34.13
2045355935,-0.446000,-0.011000,-0.856000,-3.664000,7.954000,-1.603000,34.08
2045366733,-0.454000,-0.013000,-0.856000,-3.954000,5.786000,-2.214000,34.04
2045374913,-0.450000,0.014000,-0.872000,-4.672000,4.458000,-1.344000,34.08
2045384524,-0.438000,-0.015000,-0.875000,-6.107000,2.641000,-0.763000,34.13
2045398219,-0.406000,-0.002000,-0.869000,-4.885000,2.977000,-0.565000,34.08
2045408056,-0.405000,0.015000,-0.892000,-4.260000,4.656000,-0.458000,34.08
2045417915,-0.426000,0.005000,-0.877000,-5.160000,4.763000,-0.580000,34.13
2045424142,-0.411000,0.006000,-0.886000,-4.977000,5.740000,-0.977000,34.18
2045438496,-0.428000,0.003000,-0.888000,-5.618000,6.855000,-1.603000,34.04
2045445886,-0.439000,0.003000,-0.883000,-6.214000,6.687000,-2.031000,34.08
2045456337,-0.445000,0.006000,-0.879000,-6.550000,6.855000,-3.344000,34.13
2045468467,-0.434000,-0.011000,-0.899000,-6.000000,7.267000,-3.756000,34.08
2045477679,-0.436000,-0.042000,-0.906000,-5.191000,7.725000,-3.420000,34.13
2045485353,-0.424000,-0.035000,-0.890000,-3.573000,9.557000,-3.374000,34.18
2045492233,-0.412000,-0.000000,-0.930000,-5.664000,10.550000,-3.099000,34.13
2045513051,-0.409000,-0.012000,-0.920000,-7.542000,13.420000,-2.885000,34.08
2045522892,-0.460000,0.020000,-0.921000,-9.298000,13.588000,-3.038000,34.08
2045525143,-0.451000,0.015000,-0.919000,-10.611000,13.176000,-2.626000,34.08
2045539835,-0.411000,-0.054000,-0.928000,-9.313000,12.992000,-2.641000,34.18
2045555735,-0.421000,-0.058000,-0.951000,-3.130000,14.489000,-1.847000,34.04
2045557261,-0.389000,-0.025000,-0.991000,-2.672000,17.740000,-0.473000,33.99
2045567923,-0.392000,-0.019000,-0.983000,-4.321000,25.282000,0.321000,34.04
2045576826,-0.455000,0.002000,-0.994000,-8.046000,28.229000,1.038000,34.08
2045586152,-0.461000,-0.022000,-0.957000,-11.771000,31.557000,-0.855000,34.04
2045597095,-0.490000,0.014000,-0.960000,-15.588000,31.069000,-3.374000,34.18
2045603887,-0.443000,0.002000,-0.961000,-19.069000,29.649000,-5.954000,34.04
2045620914,-0.395000,-0.031000,-0.953000,-18.168000,29.863000,-7.328000,34.08
2045629368,-0.370000,-0.013000,-0.939000,-15.374000,32.443000,-6.977000,34.13
2045635509,-0.372000,0.037000,-0.946000,-16.794000,31.695000,-7.511000,34.04
2045647228,-0.383000,0.011000,-0.913000,-16.855000,33.053000,-5.359000,34.08
2045661038,-0.412000,0.066000,-0.920000,-19.496000,32.229000,-3.954000,34.13
2045666221,-0.432000,0.080000,-0.915000,-24.397000,30.031000,-3.206000,34.08
2045677591,-0.424000,0.062000,-0.893000,-27.023000,26.916000,-4.107000,34.08
2045684902,-0.418000,0.055000,-0.875000,-29.542000,22.870000,-3.939000,34.08
2045697176,-0.404000,0.055000,-0.862000,-29.527000,16.733000,-3.099000,34.13
2045703333,-0.401000,0.063000,-0.876000,-30.214000,11.725000,-1.450000,34.18
2045717308,-0.372000,0.062000,-0.834000,-29.237000,6.733000,0.763000,34.04
2045727081,-0.362000,0.071000,-0.816000,-28.916000,4.397000,4.107000,34.18
2045736594,-0.361000,0.062000,-0.810000,-29.191000,1.863000,7.038000,34.13
2045747302,-0.362000,0.066000,-0.776000,-28.076000,-1.084000,9.573000,34.08
2045758984,-0.359000,0.079000,-0.768000,-27.206000,-4.656000,11.191000,34.18
2045765870,-0.379000,0.063000,-0.750000,-25.511000,-8.382000,12.656000,34.04
2045776506,-0.355000,0.058000,-0.705000,-22.489000,-13.710000,11.817000,34.08
2045787076,-0.368000,0.069000,-0.714000,-17.649000,-18.947000,10.901000,34.04
2045796817,-0.375000,0.083000,-0.717000,-15.069000,-24.992000,9.939000,34.08
2045803023,-0.333000,0.058000,-0.699000,-12.870000,-29.328000,8.473000,34.13
2045820373,-0.332000,0.049000,-0.702000,-8.656000,-30.947000,6.595000,33.99
2045830281,-0.310000,0.061000,-0.731000,-6.092000,-33.008000,4.931000,34.04
2045839345,-0.323000,0.026000,-0.748000,-2.870000,-33.740000,4.076000,34.08
2045846918,-0.339000,-0.005000,-0.748000,2.275000,-34.885000,2.412000,34.04
2045858295,-0.372000,0.009000,-0.768000,6.458000,-36.977000,0.947000,34.08
2045867371,-0.358000,0.014000,-0.785000,9.618000,-37.725000,-1.969000,34.08
2045873906,-0.370000,0.024000,-0.804000,12.229000,-38.565000,-4.519000,34.13
2045886038,-0.351000,-0.009000,-0.804000,14.580000,-35.969000,-8.855000,34.18
2045897895,-0.359000,-0.029000,-0.816000,18.702000,-31.893000,-13.893000,34.18
2045902760,-0.390000,-0.035000,-0.835000,22.550000,-29.481000,-17.084000,34.18
2045916172,-0.371000,-0.045000,-0.857000,25.481000,-24.443000,-20.076000,33.94
2045928538,-0.405000,-0.060000,-0.848000,28.840000,-21.863000,-22.718000,34.08
2045936098,-0.422000,-0.030000,-0.856000,32.000000,-18.458000,-24.504000,34.13
2045946297,-0.426000,-0.024000,-0.874000,32.977000,-16.229000,-26.458000,34.18
2045957834,-0.433000,-0.019000,-0.859000,34.809000,-14.779000,-27.939000,34.13
2045968205,-0.434000,-0.009000,-0.871000,35.924000,-12.565000,-29.145000,34.18
2045976001,-0.440000,-0.003000,-0.862000,36.840000,-11.038000,-30.275000,34.04
2045986913,-0.472000,0.002000,-0.874000,36.382000,-10.702000,-29.786000,34.04
2045999021,-0.485000,-0.011000,-0.853000,35.328000,-12.763000,-29.160000,34.08
2046005991,-0.465000,0.001000,-0.861000,35.618000,-15.176000,-28.687000,34.13
2046012889,-0.478000,0.009000,-0.857000,34.885000,-16.366000,-27.389000,34.08
2046026600,-0.475000,-0.002000,-0.849000,35.481000,-19.115000,-26.244000,34.04
2046038395,-0.483000,0.010000,-0.844000,34.992000,-21.511000,-25.481000,34.08
2046044029,-0.496000,0.005000,-0.860000,34.550000,-24.000000,-23.084000,34.13
2046058123,-0.521000,0.006000,-0.840000,33.435000,-27.466000,-21.008000,34.08
2046071151,-0.537000,0.020000,-0.834000,31.069000,-32.168000,-18.137000,34.13
2046076731,-0.541000,0.025000,-0.846000,26.840000,-37.771000,-14.672000,34.08
2046088322,-0.515000,-0.019000,-0.840000,23.176000,-41.863000,-11.939000,34.22
2046100590,-0.503000,-0.044000,-0.822000,22.382000,-44.473000,-10.229000,34.04
2046105219,-0.514000,-0.032000,-0.828000,22.076000,-45.038000,-9.191000,34.08
2046116590,-0.537000,-0.035000,-0.829000,18.992000,-47.008000,-7.634000,34.08
2046123451,-0.513000,-0.049000,-0.821000,16.565000,-49.176000,-5.954000,33.99
2046139094,-0.536000,-0.059000,-0.779000,15.893000,-49.695000,-3.893000,34.13
2046148277,-0.548000,-0.059000,-0.765000,13.817000,-54.397000,-2.580000,34.08
2046156488,-0.531000,-0.060000,-0.754000,12.855000,-56.198000,-0.565000,34.04
2046172228,-0.539000,-0.084000,-0.756000,11.298000,-59.679000,1.008000,34.08
2046178620,-0.514000,-0.140000,-0.744000,13.557000,-58.656000,-0.198000,34.04
2046188584,-0.549000,-0.149000,-0.704000,16.366000,-57.221000,-1.893000,34.08
2046197724,-0.550000,-0.148000,-0.717000,18.031000,-54.092000,-2.382000,34.13
2046209600,-0.537000,-0.141000,-0.722000,22.275000,-50.931000,-4.595000,34.13
2046215271,-0.607000,-0.115000,-0.742000,19.618000,-52.000000,-3.527000,34.18
2046222073,-0.593000,-0.143000,-0.723000,17.863000,-55.130000,-2.458000,34.04
2046237091,-0.591000,-0.163000,-0.741000,19.206000,-53.893000,-3.817000,34.08
2046249058,-0.600000,-0.156000,-0.701000,17.863000,-53.527000,-7.740000,34.04
2046254687,-0.614000,-0.158000,-0.689000,17.786000,-53.588000,-8.992000,34.08
2046266023,-0.600000,-0.163000,-0.682000,17.649000,-52.351000,-10.595000,34.04
2046278521,-0.619000,-0.171000,-0.674000,18.443000,-51.847000,-11.557000,33.99
2046284735,-0.645000,-0.165000,-0.690000,18.947000,-53.145000,-10.092000,34.04
2046296078,-0.584000,-0.186000,-0.677000,19.420000,-52.366000,-12.260000,34.08
2046310786,-0.625000,-0.186000,-0.680000,20.901000,-53.847000,-14.275000,34.04
2046315263,-0.615000,-0.165000,-0.647000,21.313000,-52.962000,-13.725000,34.13
2046325286,-0.644000,-0.116000,-0.640000,19.191000,-57.679000,-13.954000,34.08
2046332737,-0.654000,-0.116000,-0.630000,16.733000,-61.435000,-14.443000,34.18
2046347696,-0.648000,-0.132000,-0.595000,16.092000,-62.885000,-14.397000,34.08
2046357557,-0.655000,-0.120000,-0.627000,14.397000,-66.275000,-15.237000,34.04
2046365319,-0.653000,-0.169000,-0.596000,13.298000,-67.511000,-16.336000,33.99
2046376789,-0.669000,-0.177000,-0.552000,17.389000,-70.977000,-17.786000,34.13
2046387549,-0.721000,-0.131000,-0.577000,19.328000,-75.237000,-16.885000,34.08
2046397380,-0.708000,-0.133000,-0.580000,18.489000,-79.710000,-15.695000,34.13
2046406308,-0.738000,-0.143000,-0.532000,17.603000,-86.748000,-15.603000,34.08
2046417608,-0.737000,-0.144000,-0.522000,15.038000,-94.412000,-13.282000,34.13
2046423370,-0.694000,-0.179000,-0.548000,13.023000,-93.450000,-13.511000,34.13
2046435113,-0.714000,-0.190000,-0.476000,12.595000,-94.046000,-16.305000,34.18
2046448609,-0.737000,-0.163000,-0.504000,10.718000,-97.740000,-15.939000,34.13
2046460662,-0.785000,-0.139000,-0.534000,4.198000,-105.817000,-13.496000,34.08
2046466616,-0.746000,-0.146000,-0.468000,-1.954000,-108.504000,-15.679000,34.22
2046479762,-0.774000,-0.176000,-0.414000,-2.962000,-114.443000,-13.954000,34.08
2046488054,-0.769000,-0.184000,-0.407000,-4.809000,-120.702000,-13.649000,34.13
2046495766,-0.719000,-0.177000,-0.399000,-9.420000,-125.359000,-15.313000,34.18
2046505136,-0.658000,-0.219000,-0.395000,-10.702000,-123.924000,-20.595000,34.13
2046520388,-0.729000,-0.238000,-0.355000,-7.557000,-118.336000,-25.878000,34.08
2046526207,-0.912000,-0.182000,-0.348000,-12.397000,-123.832000,-25.863000,34.04
2046532085,-0.886000,-0.123000,-0.363000,-27.084000,-131.099000,-22.992000,34.13
2046543856,-0.867000,-0.169000,-0.307000,-35.786000,-137.985000,-20.229000,34.18
2046557590,-0.871000,-0.184000,-0.299000,-43.588000,-142.855000,-18.000000,34.08
2046569248,-0.866000,-0.196000,-0.265000,-48.290000,-148.931000,-17.969000,34.08
2046576097,-0.792000,-0.238000,-0.289000,-54.382000,-154.748000,-18.214000,34.13
2046587923,-0.662000,-0.313000,-0.232000,-51.298000,-148.809000,-27.481000,34.08
2046594343,-0.765000,-0.280000,-0.177000,-43.573000,-141.695000,-33.099000,34.13
2046607829,-0.854000,-0.210000,-0.216000,-44.122000,-144.443000,-34.031000,34.18
2046616909,-0.907000,-0.160000,-0.184000,-51.359000,-151.466000,-32.763000,34.13
2046627315,-0.902000,-0.171000,-0.173000,-58.641000,-159.130000,-30.031000,34.08
2046633852,-0.883000,-0.177000,-0.186000,-67.252000,-166.595000,-26.992000,34.13
2046645282,-0.920000,-0.174000,-0.169000,-75.115000,-178.534000,-20.672000,34.08
2046660641,-0.873000,-0.198000,-0.194000,-83.817000,-188.565000,-16.183000,34.13
2046667560,-0.750000,-0.286000,-0.134000,-88.840000,-189.908000,-17.847000,34.13
2046676430,-0.762000,-0.305000,-0.078000,-83.130000,-188.015000,-23.160000,34.08
2046690824,-0.841000,-0.235000,-0.068000,-81.099000,-190.076000,-25.542000,34.13
2046701361,-0.896000,-0.187000,-0.099000,-88.260000,-198.763000,-22.733000,34.08
2046706353,-0.881000,-0.206000,-0.105000,-99.359000,-209.237000,-19.802000,34.04
2046718195,-0.879000,-0.234000,-0.111000,-110.122000,-219.420000,-13.206000,34.08
2046730543,-0.787000,-0.312000,-0.102000,-121.237000,-225.756000,-12.290000,34.13
2046735716,-0.765000,-0.308000,-0.086000,-127.618000,-225.603000,-8.229000,34.08
2046746632,-0.846000,-0.326000,-0.095000,-131.847000,-218.748000,-5.817000,34.04
2046754053,-0.954000,-0.204000,-0.093000,-142.672000,-225.588000,-12.214000,34.08
2046768286,-0.946000,-0.181000,-0.154000,-157.695000,-231.053000,26.870000,34.13
2046777597,-0.914000,-0.248000,-0.085000,-182.397000,-230.733000,27.160000,34.08
2046787896,-0.571000,-0.489000,0.073000,-174.824000,-208.977000,13.313000,34.08
2046796898,-0.483000,-0.445000,0.197000,-155.634000,-174.840000,0.504000,34.04
2046807218,-0.505000,-0.386000,0.189000,-144.137000,-150.489000,-4.794000,34.08
2046815342,-0.538000,-0.360000,0.213000,-139.420000,-141.206000,-8.641000,34.04
2046826631,-0.474000,-0.492000,0.377000,-135.496000,-134.473000,-11.023000,34.08
2046837491,-0.452000,-0.490000,0.506000,-116.870000,-127.573000,-12.443000,34.13
2046843481,-0.586000,-0.425000,0.469000,-112.214000,-126.305000,-17.298000,34.08
2046854807,-0.647000,-0.405000,0.490000,-111.740000,-127.847000,-13.756000,34.04
2046872805,-0.633000,-0.418000,0.424000,-113.206000,-128.656000,-0.427000,34.08
2046880457,-0.461000,-0.424000,0.447000,-114.183000,-114.244000,4.504000,34.13
2046886476,-0.338000,-0.544000,0.548000,-98.870000,-88.275000,-2.000000,34.08
2046900178,-0.466000,-0.535000,0.440000,-85.359000,-73.557000,-7.664000,34.18
2046910098,-0.561000,-0.510000,0.413000,-81.115000,-66.947000,-2.580000,34.13
2046916609,-0.512000,-0.545000,0.483000,-79.191000,-61.191000,2.641000,34.08
2046927602,-0.496000,-0.552000,0.475000,-79.282000,-59.511000,3.893000,34.08
2046939982,-0.551000,-0.585000,0.466000,-70.443000,-51.084000,5.847000,34.08
2046946946,-0.731000,-0.521000,0.409000,-68.015000,-58.718000,5.344000,34.13
2046953542,-0.809000,-0.514000,0.432000,-72.290000,-65.649000,13.756000,34.08
2046967681,-0.746000,-0.488000,0.473000,-75.466000,-73.542000,19.176000,34.13
2046980177,-0.678000,-0.408000,0.612000,-76.565000,-78.611000,28.290000,34.08
2046985952,-0.542000,-0.490000,0.451000,-74.015000,-76.519000,29.374000,34.13
2046996860,-0.460000,-0.450000,0.375000,-73.191000,-68.336000,29.969000,33.99
2047006303,-0.493000,-0.437000,0.330000,-73.053000,-69.603000,32.962000,34.08
2047015639,-0.454000,-0.464000,0.315000,-76.962000,-70.962000,33.099000,34.04
2047027428,-0.500000,-0.520000,0.388000,-76.672000,-69.802000,30.550000,34.08
2047037922,-0.476000,-0.523000,0.444000,-77.435000,-60.962000,21.878000,34.13
2047046600,-0.525000,-0.495000,0.548000,-72.519000,-54.733000,17.817000,34.08
2047052250,-0.506000,-0.489000,0.643000,-66.931000,-48.840000,10.718000,34.13
2047065517,-0.524000,-0.520000,0.612000,-57.160000,-47.023000,6.565000,33.99
2047077862,-0.438000,-0.446000,0.502000,-52.183000,-54.366000,11.725000,34.13
2047083616,-0.302000,-0.398000,0.449000,-52.061000,-46.489000,8.962000,34.18
2047098188,-0.346000,-0.375000,0.398000,-55.832000,-40.412000,4.550000,34.13
2047107713,-0.487000,-0.405000,0.371000,-60.534000,-46.351000,10.351000,33.99
2047117638,-0.533000,-0.490000,0.435000,-68.107000,-53.115000,14.565000,34.08
2047128970,-0.523000,-0.583000,0.554000,-68.656000,-48.107000,14.550000,34.13
2047137476,-0.476000,-0.685000,0.644000,-59.908000,-40.809000,10.244000,34.08
2047146949,-0.466000,-0.708000,0.573000,-48.290000,-30.198000,4.198000,34.08
2047156626,-0.488000,-0.665000,0.656000,-34.244000,-27.573000,-0.397000,34.08
2047163433,-0.526000,-0.632000,0.458000,-21.130000,-23.679000,-3.588000,34.13
2047176937,-0.560000,-0.529000,0.359000,-21.359000,-29.664000,1.450000,34.08
2047189727,-0.518000,-0.540000,0.449000,-26.977000,-36.305000,5.985000,34.04
2047195909,-0.526000,-0.554000,0.524000,-29.954000,-39.573000,6.977000,34.08
2047207059,-0.485000,-0.584000,0.531000,-31.893000,-41.481000,10.718000,34.13
2047218804,-0.402000,-0.617000,0.552000,-32.977000,-41.527000,14.641000,34.08
2047228521,-0.391000,-0.672000,0.532000,-30.336000,-37.267000,13.542000,33.99
2047237100,-0.503000,-0.673000,0.600000,-23.511000,-31.985000,14.992000,34.13
2047247312,-0.506000,-0.646000,0.614000,-17.649000,-25.573000,18.611000,34.18
2047255933,-0.519000,-0.570000,0.584000,-13.710000,-29.695000,21.053000,34.13
2047265013,-0.518000,-0.528000,0.566000,-14.489000,-34.626000,25.267000,34.08
2047274439,-0.498000,-0.496000,0.510000,-18.794000,-37.496000,28.382000,34.13
2047287505,-0.458000,-0.577000,0.505000,-23.252000,-35.618000,25.359000,34.18
2047295524,-0.439000,-0.690000,0.469000,-22.931000,-31.847000,22.702000,34.04
2047306978,-0.386000,-0.688000,0.455000,-13.573000,-22.382000,16.275000,34.08
2047317099,-0.396000,-0.649000,0.431000,-2.748000,-16.397000,8.885000,34.13
2047331196,-0.342000,-0.588000,0.459000,5.603000,-7.664000,-0.473000,34.13
2047339808,-0.376000,-0.563000,0.492000,14.092000,-2.885000,-8.412000,34.18
2047345650,-0.414000,-0.542000,0.486000,21.053000,-3.298000,-12.931000,34.13
2047358405,-0.365000,-0.514000,0.498000,23.847000,2.382000,-15.969000,33.99
2047368787,-0.343000,-0.480000,0.437000,24.046000,4.473000,-19.267000,34.04
2047378455,-0.350000,-0.480000,0.436000,20.687000,5.573000,-20.366000,33.99
2047386367,-0.389000,-0.440000,0.479000,16.260000,2.992000,-19.359000,34.04
2047393765,-0.425000,-0.471000,0.553000,8.473000,0.840000,-17.298000,34.18
2047407712,-0.403000,-0.541000,0.711000,8.000000,4.916000,-17.725000,34.04
2047419427,-0.512000,-0.677000,0.759000,22.870000,19.863000,-28.275000,34.08
2047426905,-1.271000,-0.683000,1.124000,49.527000,19.099000,-13.099000,34.08
2047438014,-1.459000,-0.401000,0.942000,61.099000,17.267000,21.634000,34.08
2047448917,-0.727000,-0.353000,0.477000,44.840000,18.458000,35.634000,33.99
2047456671,-0.188000,-0.406000,0.407000,31.496000,15.206000,25.191000,34.04
2047466580,0.145000,-0.784000,0.310000,20.550000,12.351000,9.008000,34.08
2047475601,-0.181000,-1.128000,0.691000,16.366000,6.382000,-7.481000,34.04
2047487715,-0.158000,-1.340000,0.605000,15.573000,-6.122000,-14.565000,34.08
2047497137,0.147000,-1.565000,0.502000,0.489000,-26.229000,-27.023000,34.04
2047505588,-0.202000,-0.955000,0.663000,52.000000,50.397000,-27.084000,33.99
2047512477,-0.492000,-0.472000,0.464000,101.924000,88.198000,-32.779000,34.04
2047528076,-0.862000,-0.130000,0.425000,95.863000,79.389000,-22.855000,34.13
2047542593,-0.873000,0.023000,0.280000,57.695000,40.656000,0.733000,34.18
2047549050,-0.811000,-0.228000,0.230000,18.427000,-5.099000,29.908000,34.04
2047556190,-0.642000,-0.678000,0.254000,-20.794000,-51.267000,46.183000,34.08
2047568916,-0.417000,-1.021000,0.345000,-28.397000,-66.092000,47.649000,34.13
2047578379,-0.583000,-0.968000,0.562000,8.397000,-59.786000,53.985000,34.08
2047586548,-1.150000,-0.471000,0.617000,48.229000,-53.160000,70.840000,34.13
2047598365,-1.079000,0.086000,0.480000,40.458000,-60.183000,91.969000,34.08
2047609260,-0.790000,-0.344000,0.641000,15.679000,-90.275000,74.427000,34.13
2047614110,-0.173000,-0.631000,0.895000,18.885000,-84.870000,37.573000,34.08
2047624328,-0.107000,-0.480000,0.928000,47.221000,-42.183000,14.885000,34.13
2047638018,-0.464000,-0.135000,0.821000,64.076000,-21.313000,20.687000,34.08
2047649482,-0.620000,-0.034000,0.750000,46.733000,-30.076000,32.626000,34.08
2047656659,-0.613000,-0.247000,0.702000,22.122000,-50.672000,41.191000,34.08
2047663332,-0.332000,-0.495000,0.768000,16.916000,-42.427000,28.061000,34.08
2047679496,-0.286000,-0.375000,0.776000,19.924000,-26.046000,23.130000,34.04
2047689254,-0.488000,-0.239000,0.849000,21.053000,-17.557000,23.832000,34.08
2047695295,-0.446000,-0.328000,0.778000,8.840000,-17.191000,23.832000,34.04
2047708141,-0.348000,-0.444000,0.781000,3.099000,-12.397000,19.664000,34.08
2047716858,-0.321000,-0.447000,0.894000,8.260000,-11.832000,20.321000,34.13
2047725982,-0.408000,-0.451000,0.762000,10.779000,-6.305000,22.550000,34.18
2047736315,-0.399000,-0.362000,0.686000,12.427000,-3.939000,24.992000,34.13
2047743096,-0.456000,-0.382000,0.716000,11.176000,-4.641000,30.351000,34.18
2047760492,-0.388000,-0.391000,0.788000,11.115000,-0.061000,30.916000,34.08
2047768844,-0.354000,-0.395000,0.793000,12.992000,7.771000,26.489000,34.04
2047775061,-0.434000,-0.397000,0.756000,14.489000,13.771000,23.847000,34.08
2047786788,-0.453000,-0.383000,0.660000,16.031000,17.481000,21.023000,34.13
2047796301,-0.452000,-0.314000,0.679000,14.260000,18.489000,21.374000,34.08
2047807548,-0.455000,-0.250000,0.725000,10.351000,19.191000,19.618000,34.13
2047818364,-0.469000,-0.231000,0.745000,7.695000,20.595000,15.069000,34.08
2047829686,-0.497000,-0.250000,0.712000,6.794000,21.588000,10.290000,34.13
2047837366,-0.521000,-0.261000,0.688000,7.069000,20.809000,7.435000,34.18
2047844113,-0.469000,-0.310000,0.644000,7.573000,19.298000,2.183000,34.13
2047857182,-0.499000,-0.325000,0.608000,7.832000,17.344000,1.481000,34.04
2047870306,-0.495000,-0.322000,0.654000,6.534000,15.496000,1.969000,34.08
2047876442,-0.505000,-0.322000,0.661000,5.221000,14.977000,2.137000,33.99
2047884832,-0.516000,-0.332000,0.640000,3.466000,16.443000,2.519000,34.18
2047896485,-0.490000,-0.353000,0.650000,2.947000,17.191000,3.176000,34.13
2047908267,-0.438000,-0.397000,0.634000,3.282000,18.305000,2.122000,34.08
2047916752,-0.458000,-0.382000,0.629000,5.008000,19.038000,2.840000,34.13
2047928212,-0.472000,-0.323000,0.672000,5.450000,17.969000,3.511000,34.08
2047936011,-0.482000,-0.281000,0.696000,5.237000,18.107000,2.779000,34.04
2047946111,-0.492000,-0.279000,0.676000,4.427000,18.321000,1.664000,34.18
2047953077,-0.508000,-0.298000,0.672000,3.878000,17.740000,1.237000,34.13
2047968652,-0.484000,-0.307000,0.644000,2.809000,16.305000,1.252000,34.04
2047977874,-0.472000,-0.298000,0.625000,1.359000,13.756000,1.664000,34.08
2047988137,-0.507000,-0.284000,0.630000,0.763000,11.802000,1.863000,34.13
2047997841,-0.531000,-0.291000,0.618000,0.427000,9.557000,1.924000,34.08
2048011472,-0.548000,-0.292000,0.621000,0.427000,7.863000,1.573000,34.04
2048016926,-0.547000,-0.303000,0.624000,0.015000,6.656000,1.252000,34.08
2048027831,-0.527000,-0.302000,0.620000,-1.435000,5.603000,1.740000,34.13
2048036219,-0.518000,-0.333000,0.627000,-1.969000,4.901000,1.878000,34.08
2048047514,-0.516000,-0.349000,0.618000,-2.076000,4.275000,1.969000,34.13
2048055369,-0.503000,-0.334000,0.641000,-2.260000,3.847000,2.748000,34.18
2048062382,-0.501000,-0.307000,0.656000,-1.939000,4.809000,1.710000,34.04
2048307806,-0.513000,-0.257000,0.669000,-3.191000,5.527000,0.840000,34.18
2048313593,-0.505000,-0.252000,0.678000,-5.298000,5.725000,0.763000,34.08
2048323230,-0.503000,-0.260000,0.678000,-7.130000,4.626000,0.885000,34.08
2048325828,-0.481000,-0.273000,0.671000,-8.183000,3.252000,2.107000,34.18
2048329105,-0.480000,-0.306000,0.673000,-8.458000,2.076000,2.321000,34.13
2048333665,-0.495000,-0.332000,0.655000,-8.275000,0.382000,3.008000,34.18
2048337406,-0.501000,-0.316000,0.654000,-8.840000,-0.794000,4.122000,34.13
2048339857,-0.506000,-0.328000,0.649000,-9.206000,-0.595000,4.015000,34.08
2048344102,-0.515000,-0.313000,0.680000,-8.595000,0.061000,3.954000,34.04
2048347331,-0.525000,-0.320000,0.679000,-8.641000,2.809000,2.504000,34.18
2048358251,-0.521000,-0.337000,0.632000,-7.924000,4.458000,1.924000,34.13
2048363281,-0.509000,-0.350000,0.613000,-6.260000,5.679000,0.931000,34.08
2048366256,-0.524000,-0.345000,0.547000,-4.504000,4.046000,1.389000,34.04
2048372348,-0.560000,-0.330000,0.540000,-2.641000,-0.824000,3.618000,34.08
2048379032,-0.559000,-0.329000,0.592000,-1.069000,-5.405000,5.939000,34.04
2048390321,-0.571000,-0.334000,0.601000,0.260000,-7.298000,7.160000,34.04
2048398431,-0.550000,-0.341000,0.596000,0.840000,-8.824000,8.076000,34.08
2048401187,-0.524000,-0.331000,0.594000,0.489000,-9.527000,8.015000,34.18
2048403914,-0.496000,-0.324000,0.615000,0.000000,-9.985000,7.710000,34.18
2048405750,-0.512000,-0.299000,0.648000,-0.641000,-8.733000,6.580000,34.13
2048407569,-0.508000,-0.255000,0.703000,-1.191000,-6.305000,3.893000,34.08
2048430615,-0.504000,-0.252000,0.704000,-1.405000,-3.191000,-0.336000,34.13
2048441395,-0.501000,-0.248000,0.705000,-1.191000,-2.244000,-3.237000,33.99
2048450403,-0.499000,-0.259000,0.715000,-1.191000,-1.496000,-5.893000,34.04
2048456592,-0.498000,-0.274000,0.711000,-1.557000,-0.962000,-7.710000,34.08
2048459307,-0.493000,-0.290000,0.687000,-2.656000,-1.817000,-8.137000,34.13
2048465605,-0.473000,-0.315000,0.682000,-2.977000,-1.924000,-8.748000,34.08
2048475384,-0.472000,-0.325000,0.666000,-2.672000,-0.840000,-8.595000,34.04
2048480984,-0.495000,-0.321000,0.667000,-2.122000,0.275000,-8.504000,34.04
2048482528,-0.500000,-0.316000,0.662000,-1.496000,1.237000,-8.870000,34.08
2048487764,-0.507000,-0.311000,0.666000,-0.687000,2.580000,-9.405000,34.04
2048494715,-0.500000,-0.316000,0.680000,1.084000,4.809000,-11.603000,34.08
2048504859,-0.504000,-0.318000,0.654000,2.641000,6.061000,-13.252000,34.08
2048513664,-0.501000,-0.305000,0.649000,2.595000,5.160000,-12.977000,34.18
2048518830,-0.500000,-0.311000,0.674000,2.748000,5.481000,-13.740000,34.13
2048521097,-0.473000,-0.313000,0.679000,3.298000,6.947000,-15.328000,34.08
2048522864,-0.499000,-0.323000,0.711000,5.328000,9.084000,-16.809000,34.04
2048524824,-0.501000,-0.310000,0.732000,4.718000,12.977000,-18.779000,34.08
2048556203,-0.510000,-0.327000,0.743000,4.870000,16.672000,-21.496000,34.13
2048563816,-0.512000,-0.315000,0.730000,4.366000,20.656000,-27.313000,34.08
2048569923,-0.542000,-0.331000,0.753000,5.084000,24.534000,-31.664000,34.18
2048575841,-0.533000,-0.322000,0.783000,7.603000,29.206000,-38.641000,34.13
2048582141,-0.549000,-0.304000,0.757000,6.672000,34.687000,-45.771000,34.08
2048593757,-0.554000,-0.354000,0.719000,7.618000,38.855000,-54.122000,34.13
2048598573,-0.668000,-0.398000,0.685000,10.427000,37.313000,-57.786000,34.08
2048600795,-0.758000,-0.422000,0.652000,12.290000,27.679000,-51.130000,34.22
2048604860,-0.736000,-0.376000,0.615000,5.267000,21.435000,-51.802000,34.08
2048612702,-0.880000,-0.462000,0.669000,4.458000,12.351000,-44.061000,34.13
2048623743,-0.880000,-0.463000,0.836000,8.931000,4.855000,-32.580000,34.08
2048633493,-0.854000,-0.437000,0.884000,14.031000,3.695000,-25.115000,34.13
2048636826,-0.823000,-0.467000,0.756000,17.588000,9.389000,-28.794000,34.04
2048638616,-0.913000,-0.507000,0.883000,14.519000,5.084000,-21.664000,34.08
2048641418,-0.942000,-0.531000,0.739000,26.458000,24.718000,-17.389000,34.13
2048643624,-0.831000,-0.480000,1.023000,38.000000,23.481000,-10.321000,34.08
2048673751,-0.769000,-0.585000,0.916000,56.733000,38.656000,-11.511000,34.13
2048683810,-0.703000,-0.618000,0.997000,77.725000,56.275000,-21.939000,34.08
2048689966,-0.667000,-0.583000,0.955000,102.290000,63.282000,-22.550000,34.13
2048697164,-0.644000,-0.526000,0.809000,116.779000,68.458000,-20.107000,34.08
2048703981,-0.702000,-0.461000,0.734000,120.015000,64.626000,-11.725000,34.13
2048714317,-0.661000,-0.429000,0.667000,114.748000,57.771000,-0.366000,34.08
2048719676,-0.608000,-0.394000,0.638000,110.763000,58.733000,5.878000,34.13
2048723666,-0.627000,-0.349000,0.629000,107.649000,58.824000,13.008000,34.08
2048729166,-0.629000,-0.299000,0.632000,103.908000,57.939000,20.153000,34.18
2048737871,-0.630000,-0.262000,0.669000,98.824000,55.969000,27.450000,34.04
2048745833,-0.602000,-0.242000,0.705000,94.534000,51.679000,33.557000,34.08
2048754594,-0.541000,-0.234000,0.685000,90.015000,51.496000,35.634000,34.13
2048756948,-0.493000,-0.235000,0.682000,89.771000,53.969000,34.443000,34.08
2048759256,-0.395000,-0.177000,0.649000,83.298000,61.099000,31.588000,34.04
2048760861,-0.415000,-0.234000,0.605000,82.046000,61.115000,28.061000,34.18
2048781509,-0.402000,-0.255000,0.553000,80.611000,60.427000,26.550000,34.13
2048791238,-0.323000,-0.237000,0.493000,78.443000,63.832000,21.374000,34.08
2048799238,-0.320000,-0.229000,0.454000,76.168000,68.947000,13.618000,34.13
2048804726,-0.312000,-0.209000,0.399000,71.511000,73.359000,6.947000,34.13
2048806740,-0.341000,-0.198000,0.352000,65.679000,74.244000,2.565000,34.18
2048813780,-0.355000,-0.174000,0.312000,56.015000,76.244000,-1.466000,34.04
2048828515,-0.389000,-0.156000,0.295000,45.038000,74.382000,-3.802000,34.08
2048837313,-0.433000,-0.124000,0.282000,32.626000,69.313000,-4.687000,34.08
2048851357,-0.500000,-0.092000,0.263000,18.137000,58.580000,-3.053000,34.08
2048861084,-0.517000,-0.073000,0.274000,4.641000,46.183000,-0.489000,34.04
2048865735,-0.522000,-0.059000,0.273000,-8.412000,35.847000,0.962000,34.08
2048891626,-0.587000,-0.026000,0.270000,-21.511000,20.916000,2.672000,34.13
2048902075,-0.620000,-0.034000,0.293000,-33.221000,1.389000,6.947000,34.18
2048911051,-0.622000,-0.026000,0.293000,-46.275000,-13.618000,10.809000,34.13
2048913140,-0.635000,-0.030000,0.311000,-59.969000,-28.809000,13.969000,34.08
2048918627,-0.640000,-0.039000,0.319000,-72.260000,-41.527000,18.153000,34.08
2048926388,-0.636000,-0.051000,0.341000,-83.756000,-53.511000,21.969000,34.13
2048937238,-0.614000,-0.082000,0.367000,-94.702000,-61.817000,26.321000,34.08
2048943849,-0.592000,-0.114000,0.408000,-101.832000,-69.939000,28.183000,34.13
2048960196,-0.594000,-0.148000,0.444000,-105.267000,-75.908000,28.565000,34.18
2048971414,-0.586000,-0.175000,0.485000,-106.977000,-78.763000,29.023000,34.13
2048975034,-0.583000,-0.200000,0.513000,-105.618000,-78.427000,27.740000,34.08
2049006811,-0.575000,-0.210000,0.575000,-100.229000,-75.634000,24.504000,34.13
2049015560,-0.566000,-0.252000,0.629000,-92.458000,-63.847000,21.115000,34.18
2049021406,-0.560000,-0.227000,0.638000,-77.695000,-63.145000,16.595000,34.04
2049025975,-0.542000,-0.240000,0.660000,-61.863000,-53.634000,6.763000,34.13
2049034420,-0.517000,-0.251000,0.664000,-44.275000,-38.214000,-3.069000,34.18
2049041599,-0.554000,-0.245000,0.670000,-28.550000,-23.435000,-6.351000,34.04
2049050693,-0.532000,-0.244000,0.644000,-10.183000,-11.603000,-6.534000,34.08
2049056036,-0.396000,-0.204000,0.689000,3.374000,1.740000,-15.008000,34.13
2049067808,-0.279000,-0.268000,0.731000,25.344000,27.130000,-23.298000,34.08
2049080153,-0.353000,-0.215000,0.793000,54.992000,44.794000,-44.046000,34.04
2049085128,-0.451000,-0.136000,0.698000,77.466000,54.351000,-55.099000,34.08
2049112605,-0.400000,-0.099000,0.668000,87.237000,75.115000,-63.023000,34.04
2049125440,-0.345000,-0.167000,0.757000,106.412000,97.618000,-67.969000,34.08
2049131224,-0.130000,0.174000,0.888000,137.099000,97.450000,-75.176000,34.13
2049133404,-0.243000,0.253000,0.843000,144.137000,90.015000,-107.176000,34.08
2049140274,-0.952000,0.072000,0.892000,118.015000,90.763000,-84.092000,34.08
2049146986,-1.009000,0.147000,0.834000,106.977000,58.427000,-40.489000,34.04
2049158214,-0.616000,0.048000,0.662000,93.893000,44.580000,-19.588000,33.99
2049165363,-0.612000,0.034000,0.500000,78.840000,25.939000,-6.489000,34.04
2049180385,-0.724000,0.061000,0.384000,56.840000,6.198000,-0.305000,34.18
2049185430,-0.678000,0.092000,0.396000,33.282000,-15.649000,10.229000,34.04
2049197514,-0.618000,0.055000,0.413000,19.237000,-22.366000,14.687000,34.08
2049224119,-0.648000,0.009000,0.414000,8.015000,-31.160000,17.649000,34.13
2049234905,-0.683000,0.009000,0.406000,-6.489000,-41.771000,19.664000,34.08
2049243117,-0.682000,-0.024000,0.440000,-18.534000,-46.153000,20.153000,34.13
2049245588,-0.660000,-0.036000,0.478000,-28.198000,-48.550000,19.603000,34.04
2049250952,-0.628000,-0.076000,0.544000,-29.084000,-49.710000,18.672000,34.08
2049257606,-0.639000,-0.089000,0.524000,-28.840000,-47.053000,14.779000,34.04
2049267797,-0.672000,-0.082000,0.529000,-27.969000,-48.992000,13.740000,34.18
2049276842,-0.651000,-0.096000,0.560000,-25.695000,-45.817000,14.901000,34.13
2049287154,-0.671000,-0.116000,0.561000,-24.168000,-42.366000,13.679000,34.08
2049296558,-0.694000,-0.088000,0.533000,-25.908000,-42.901000,16.519000,34.04
2049306989,-0.653000,-0.110000,0.535000,-27.206000,-39.160000,18.397000,34.08
2049334322,-0.637000,-0.130000,0.555000,-23.740000,-35.191000,18.305000,34.04
2049342057,-0.643000,-0.144000,0.567000,-18.321000,-29.008000,18.427000,33.99
2049353520,-0.657000,-0.122000,0.520000,-16.046000,-25.038000,18.153000,34.13
2049355629,-0.641000,-0.134000,0.537000,-12.153000,-20.122000,19.145000,34.08
2049361751,-0.636000,-0.134000,0.511000,-7.802000,-15.573000,19.420000,34.08
2049369913,-0.643000,-0.128000,0.505000,-5.328000,-11.282000,20.565000,34.04
2049377827,-0.647000,-0.136000,0.490000,-3.191000,-7.802000,22.595000,34.08
2049386281,-0.639000,-0.135000,0.486000,-1.679000,-4.916000,23.939000,34.13
2049397523,-0.631000,-0.128000,0.486000,-1.328000,-2.809000,25.832000,34.18
2049407469,-0.614000,-0.139000,0.473000,-0.198000,-0.458000,26.351000,34.13
2049416104,-0.600000,-0.135000,0.462000,0.366000,1.908000,26.519000,34.18
2049442733,-0.578000,-0.129000,0.462000,0.702000,4.458000,25.832000,34.13
2049454275,-0.560000,-0.129000,0.458000,0.931000,6.779000,24.580000,34.08
2049464298,-0.550000,-0.121000,0.460000,0.595000,9.740000,22.702000,34.08
2049468250,-0.543000,-0.122000,0.467000,-0.015000,12.473000,20.260000,34.13
2049473650,-0.549000,-0.125000,0.459000,-1.969000,14.565000,17.298000,34.08
2049479917,-0.555000,-0.112000,0.463000,-4.580000,15.817000,14.611000,34.13
2049490558,-0.563000,-0.104000,0.472000,-8.687000,16.977000,12.031000,34.08
2049496539,-0.568000,-0.100000,0.483000,-12.916000,16.901000,8.870000,34.04
2049503395,-0.513000,-0.083000,0.500000,-17.786000,17.496000,4.901000,33.99
2049519041,-0.538000,-0.087000,0.540000,-20.992000,22.015000,-1.542000,34.13
2049527180,-0.553000,-0.095000,0.560000,-23.252000,23.328000,-6.336000,34.08
2049569363,-0.580000,-0.111000,0.606000,-22.977000,29.160000,-10.168000,34.13
2049583245,-0.604000,-0.104000,0.641000,-21.496000,26.443000,-12.550000,34.13
2049588970,-0.576000,-0.079000,0.652000,-21.740000,27.985000,-13.908000,34.18
2049591079,-0.550000,-0.094000,0.729000,-17.267000,33.695000,-17.985000,34.08
2049597963,-0.589000,-0.120000,0.816000,-4.809000,35.176000,-20.885000,34.08
2049604083,-0.585000,-0.049000,0.859000,0.779000,38.443000,-23.588000,34.13
2049614887,-0.637000,0.031000,0.960000,5.328000,37.557000,-22.992000,34.08
2049621897,-0.693000,0.062000,0.999000,7.191000,21.145000,-14.092000,34.04
2049624847,-0.708000,0.064000,0.887000,-2.565000,2.183000,-2.992000,34.08
2049628225,-0.666000,-0.007000,0.798000,-10.916000,-12.137000,4.427000,34.04
2049638261,-0.653000,-0.045000,0.751000,-11.939000,-19.237000,9.038000,34.18
2049649672,-0.695000,-0.024000,0.711000,-13.176000,-23.588000,14.321000,33.99
2049659446,-0.682000,-0.015000,0.657000,-15.649000,-29.450000,20.641000,34.04
2049683557,-0.657000,-0.036000,0.641000,-18.443000,-32.427000,25.618000,34.08
2049694569,-0.608000,-0.079000,0.604000,-17.405000,-34.855000,27.847000,34.13
2049704621,-0.605000,-0.098000,0.571000,-15.634000,-34.031000,28.977000,34.08
2049710796,-0.600000,-0.098000,0.517000,-16.427000,-34.122000,30.336000,34.04
2049717928,-0.577000,-0.110000,0.523000,-16.763000,-33.725000,29.435000,34.08
2049730607,-0.539000,-0.123000,0.514000,-15.634000,-29.710000,26.672000,34.13
2049735791,-0.536000,-0.133000,0.498000,-13.389000,-25.389000,23.618000,34.08
2049737911,-0.550000,-0.143000,0.491000,-11.145000,-20.183000,20.137000,33.99
2049748003,-0.530000,-0.148000,0.498000,-8.366000,-14.580000,16.748000,34.04
2049757308,-0.548000,-0.146000,0.504000,-5.618000,-8.641000,12.687000,34.08
2049767343,-0.536000,-0.144000,0.502000,-3.618000,-4.580000,9.008000,34.04
2050075219,-0.547000,-0.147000,0.510000,-1.924000,-0.092000,4.397000,34.27
2050093046,-0.548000,-0.151000,0.517000,-0.901000,3.008000,1.786000,34.04
2050098840,-0.531000,-0.156000,0.541000,0.519000,7.298000,-2.855000,34.08
2050101423,-0.525000,-0.159000,0.554000,3.466000,12.458000,-8.214000,34.04
2050108746,-0.535000,-0.163000,0.564000,7.344000,17.939000,-13.420000,34.08
2050120236,-0.534000,-0.156000,0.571000,10.382000,23.359000,-18.473000,34.13
2050129888,-0.554000,-0.149000,0.586000,13.389000,27.908000,-22.534000,34.08
2050131896,-0.573000,-0.129000,0.593000,14.580000,31.634000,-24.962000,34.08
2050136109,-0.535000,-0.132000,0.603000,17.405000,36.198000,-28.382000,34.08
2050142372,-0.524000,-0.116000,0.651000,21.985000,43.053000,-34.611000,34.08
2050149693,-0.542000,-0.096000,0.665000,28.672000,49.450000,-40.870000,34.04
2050161885,-0.510000,-0.082000,0.719000,42.305000,54.824000,-47.786000,33.99
2050166534,-0.582000,-0.046000,0.756000,49.527000,60.244000,-51.618000,34.22
2050168494,-0.622000,0.058000,0.867000,57.725000,68.351000,-53.069000,34.08
2050170613,-0.679000,0.103000,0.886000,66.229000,64.122000,-48.733000,34.13
2050172113,-0.717000,0.122000,0.770000,60.305000,52.947000,-42.626000,33.99
2050173819,-0.751000,0.113000,0.646000,45.908000,34.336000,-31.985000,34.13
2050198181,-0.757000,0.076000,0.579000,30.305000,14.809000,-23.145000,34.08
2050210097,-0.720000,0.060000,0.588000,18.947000,1.359000,-15.115000,34.18
2050218807,-0.759000,0.068000,0.553000,9.740000,-6.061000,-7.618000,34.13
2050222105,-0.751000,0.054000,0.542000,-0.244000,-14.198000,1.053000,34.08
2050227413,-0.721000,0.051000,0.528000,-10.168000,-21.542000,7.771000,34.04
2050240966,-0.705000,0.034000,0.514000,-19.267000,-27.496000,13.160000,34.18
2050249067,-0.672000,0.010000,0.503000,-26.534000,-29.344000,16.580000,34.13
2050252367,-0.608000,-0.025000,0.516000,-29.038000,-28.000000,16.427000,34.08
2050258687,-0.590000,-0.053000,0.516000,-29.710000,-24.321000,16.870000,34.13
2050272534,-0.606000,-0.059000,0.507000,-30.275000,-19.908000,16.580000,34.08
2050281728,-0.608000,-0.061000,0.506000,-29.710000,-15.802000,15.802000,34.13
2050286340,-0.613000,-0.065000,0.501000,-29.282000,-11.817000,15.374000,34.08
2050289276,-0.641000,-0.051000,0.493000,-30.916000,-9.221000,15.649000,34.18
2050291029,-0.641000,-0.044000,0.507000,-32.305000,-8.824000,16.504000,34.18
2050292787,-0.643000,-0.054000,0.508000,-35.084000,-8.122000,16.336000,34.08
2050324724,-0.606000,-0.072000,0.529000,-35.695000,-6.947000,15.863000,34.13
2050342583,-0.612000,-0.073000,0.545000,-34.992000,-5.115000,16.137000,34.08
2050345441,-0.593000,-0.073000,0.552000,-33.450000,-2.443000,13.496000,34.13
2050351787,-0.611000,-0.073000,0.563000,-31.695000,0.641000,11.298000,33.99
2050365733,-0.620000,-0.078000,0.575000,-30.366000,1.832000,11.145000,34.04
2050373621,-0.620000,-0.062000,0.572000,-29.557000,2.473000,11.237000,34.08
2050376239,-0.608000,-0.066000,0.588000,-28.260000,2.366000,11.221000,34.04
2050382446,-0.610000,-0.084000,0.615000,-26.458000,3.313000,11.771000,34.08
2050388693,-0.619000,-0.076000,0.616000,-26.473000,0.962000,12.366000,34.13
2050398257,-0.630000,-0.084000,0.632000,-27.145000,-2.443000,14.366000,34.13
2050407465,-0.619000,-0.081000,0.645000,-29.176000,-6.214000,15.969000,33.99
2050412366,-0.585000,-0.090000,0.657000,-29.176000,-7.282000,16.046000,34.04
2050414106,-0.597000,-0.092000,0.646000,-28.611000,-7.328000,16.000000,34.08
2050416745,-0.599000,-0.088000,0.623000,-28.412000,-8.137000,15.878000,34.13
2050418490,-0.615000,-0.105000,0.606000,-28.229000,-4.687000,16.397000,34.18
2050443782,-0.598000,-0.106000,0.603000,-29.008000,-4.122000,15.206000,34.13
2050454643,-0.631000,-0.109000,0.547000,-29.359000,-4.061000,16.321000,34.08
2050462798,-0.644000,-0.134000,0.557000,-29.527000,-1.328000,16.626000,34.13
2050465752,-0.658000,-0.135000,0.561000,-29.863000,-0.122000,18.275000,34.18
2050471202,-0.653000,-0.133000,0.570000,-30.214000,0.153000,19.435000,34.18
2050479273,-0.650000,-0.146000,0.568000,-30.000000,1.313000,20.519000,34.08
2050493936,-0.657000,-0.136000,0.573000,-30.427000,0.076000,22.870000,34.08
2050496908,-0.617000,-0.139000,0.575000,-32.107000,-1.878000,23.557000,34.22
2050501931,-0.659000,-0.138000,0.566000,-34.031000,-5.420000,25.542000,34.18
2050509395,-0.631000,-0.163000,0.615000,-34.824000,-5.252000,29.313000,34.13
2050518803,-0.621000,-0.152000,0.590000,-35.817000,-8.672000,31.756000,34.08
2050528994,-0.598000,-0.149000,0.573000,-36.794000,-11.756000,31.282000,34.04
2050531779,-0.554000,-0.162000,0.615000,-38.046000,-9.389000,31.252000,34.18
2050533853,-0.557000,-0.198000,0.611000,-36.687000,-8.977000,31.695000,34.04
2050536419,-0.513000,-0.225000,0.621000,-31.344000,-4.214000,28.824000,34.08
2050537783,-0.506000,-0.233000,0.633000,-27.420000,0.626000,25.466000,34.04
2050539411,-0.513000,-0.212000,0.603000,-23.740000,3.924000,20.534000,34.13
2050564053,-0.499000,-0.227000,0.632000,-19.710000,9.618000,17.267000,34.08
2050576946,-0.530000,-0.239000,0.641000,-15.969000,12.168000,13.298000,34.13
2050582743,-0.532000,-0.241000,0.616000,-11.695000,13.908000,10.382000,34.18
2050586711,-0.545000,-0.204000,0.597000,-11.740000,14.168000,6.748000,34.04
2050595537,-0.559000,-0.240000,0.643000,-13.618000,15.221000,6.229000,34.18
2050605696,-0.574000,-0.248000,0.640000,-12.031000,13.878000,3.374000,34.04
2050613647,-0.552000,-0.244000,0.682000,-10.611000,15.634000,1.832000,34.08
2050618547,-0.559000,-0.276000,0.684000,-5.282000,18.458000,-3.344000,34.04
2050623381,-0.589000,-0.232000,0.678000,-3.221000,16.794000,-11.023000,34.08
2050632262,-0.612000,-0.286000,0.722000,-0.260000,20.137000,-17.115000,34.13
2050638623,-0.592000,-0.288000,0.802000,10.031000,24.489000,-25.679000,34.18
2050650297,-0.621000,-0.250000,0.780000,21.618000,28.214000,-34.580000,34.18
2050652116,-0.640000,-0.188000,0.751000,28.443000,27.802000,-41.939000,34.13
2050654499,-0.672000,-0.161000,0.751000,33.328000,30.870000,-45.756000,34.08
2050656174,-0.723000,-0.120000,0.689000,35.817000,26.626000,-46.565000,34.13
2050670980,-0.712000,-0.081000,0.645000,34.962000,21.634000,-43.771000,34.08
2050689311,-0.662000,-0.065000,0.603000,32.000000,19.573000,-40.580000,34.13
2050699571,-0.661000,-0.068000,0.573000,29.649000,17.038000,-35.618000,34.08
2050705378,-0.629000,-0.080000,0.536000,29.618000,15.832000,-30.321000,34.04
2050709341,-0.615000,-0.084000,0.523000,31.038000,17.588000,-27.206000,34.08
2050720711,-0.608000,-0.055000,0.504000,31.557000,18.366000,-25.038000,34.04
2050726583,-0.600000,-0.037000,0.492000,29.771000,18.672000,-22.855000,34.13
2050732003,-0.616000,-0.040000,0.492000,28.168000,18.061000,-21.740000,34.08
2050735022,-0.601000,-0.042000,0.474000,25.237000,17.252000,-21.542000,34.04
2050741593,-0.587000,-0.053000,0.489000,23.863000,17.084000,-22.489000,34.08
2050750544,-0.594000,-0.055000,0.489000,23.084000,16.947000,-23.038000,34.13
2050759558,-0.617000,-0.055000,0.484000,21.557000,15.359000,-23.267000,34.18
2050767410,-0.656000,-0.046000,0.475000,17.878000,12.840000,-21.618000,34.04
2050769800,-0.646000,-0.054000,0.484000,14.550000,9.374000,-19.878000,34.18
2050772692,-0.665000,-0.060000,0.490000,11.756000,7.603000,-19.176000,34.13
2050774515,-0.680000,-0.061000,0.477000,7.664000,4.046000,-17.939000,34.08
2050775932,-0.678000,-0.071000,0.492000,3.344000,1.802000,-16.779000,34.04
2050801918,-0.684000,-0.080000,0.471000,-0.260000,0.534000,-16.305000,34.18
2050815856,-0.691000,-0.082000,0.465000,-4.473000,-0.427000,-14.351000,34.08
2050822634,-0.699000,-0.076000,0.471000,-8.687000,-1.053000,-12.855000,34.04
2050828074,-0.693000,-0.092000,0.483000,-12.260000,-1.802000,-12.046000,34.08
2050832661,-0.711000,-0.083000,0.489000,-15.466000,-1.542000,-10.397000,34.04
2050843454,-0.714000,-0.086000,0.486000,-18.504000,-1.740000,-9.389000,34.08
2050853805,-0.724000,-0.071000,0.490000,-22.534000,-2.198000,-6.382000,34.13
2050856264,-0.717000,-0.081000,0.500000,-26.137000,-3.023000,-3.679000,34.18
2050858569,-0.716000,-0.078000,0.498000,-29.908000,-3.573000,-0.534000,34.13
2050863626,-0.713000,-0.076000,0.515000,-31.496000,-3.221000,2.092000,34.08
2050870834,-0.704000,-0.072000,0.499000,-34.305000,-3.786000,3.176000,34.04
2050878169,-0.722000,-0.077000,0.493000,-37.511000,-4.412000,6.977000,34.13
2050888206,-0.704000,-0.074000,0.500000,-39.725000,-6.031000,10.458000,34.08
2050892567,-0.695000,-0.076000,0.495000,-41.588000,-5.405000,12.626000,34.13
2050894566,-0.694000,-0.083000,0.495000,-42.519000,-5.817000,14.137000,34.08
2050896841,-0.693000,-0.078000,0.493000,-43.435000,-6.458000,16.290000,34.13
2050898381,-0.686000,-0.100000,0.508000,-43.359000,-5.756000,17.634000,34.08
2051217987,-0.656000,-0.096000,0.518000,-42.748000,-5.008000,17.985000,34.13
2051224715,-0.670000,-0.104000,0.522000,-42.015000,-4.519000,18.107000,33.99
2051233202,-0.674000,-0.099000,0.526000,-41.450000,-4.321000,18.397000,34.04
2051242082,-0.680000,-0.094000,0.517000,-41.160000,-4.626000,19.496000,34.08
2051248050,-0.680000,-0.096000,0.518000,-41.817000,-5.664000,21.008000,34.04
2051251161,-0.683000,-0.094000,0.502000,-42.824000,-6.412000,22.458000,33.99
2051255179,-0.681000,-0.111000,0.520000,-43.115000,-7.191000,23.069000,34.08
2051261677,-0.689000,-0.115000,0.519000,-43.328000,-7.511000,24.275000,34.04
2051273212,-0.687000,-0.117000,0.525000,-43.924000,-8.412000,25.282000,34.08
2051281581,-0.675000,-0.121000,0.536000,-44.382000,-8.580000,25.939000,34.13
2051287399,-0.683000,-0.125000,0.548000,-43.985000,-8.595000,27.450000,34.08
2051290838,-0.679000,-0.124000,0.551000,-44.031000,-9.405000,28.931000,34.13
2051294109,-0.674000,-0.122000,0.548000,-44.916000,-10.031000,30.366000,34.18
2051301877,-0.682000,-0.122000,0.538000,-45.344000,-10.733000,32.901000,34.13
2051310649,-0.674000,-0.133000,0.542000,-45.771000,-11.802000,34.885000,34.08
2051318078,-0.662000,-0.136000,0.534000,-46.580000,-12.702000,36.214000,34.04
2051325812,-0.671000,-0.143000,0.528000,-46.214000,-12.840000,37.924000,34.04
2051328266,-0.656000,-0.152000,0.545000,-46.015000,-13.237000,38.626000,34.08
2051332687,-0.662000,-0.156000,0.538000,-45.756000,-12.901000,38.702000,34.13
2051335174,-0.647000,-0.157000,0.542000,-45.679000,-13.405000,38.626000,33.99
2051337579,-0.650000,-0.159000,0.558000,-45.160000,-13.618000,38.641000,34.04
2051340347,-0.643000,-0.167000,0.556000,-45.084000,-13.496000,37.985000,34.08
2051342908,-0.654000,-0.163000,0.538000,-44.656000,-13.496000,37.313000,34.13
2051345193,-0.656000,-0.170000,0.552000,-43.634000,-13.939000,37.206000,34.08
2051347685,-0.658000,-0.163000,0.541000,-43.588000,-14.794000,36.168000,34.04
2051349955,-0.666000,-0.169000,0.526000,-43.969000,-16.015000,36.641000,34.18
2051352131,-0.649000,-0.184000,0.534000,-43.466000,-16.031000,36.244000,34.04
2051354410,-0.639000,-0.186000,0.545000,-42.550000,-15.328000,34.718000,34.08
2051357237,-0.646000,-0.195000,0.549000,-41.252000,-14.840000,33.023000,34.08
2051357834,-0.671000,-0.190000,0.544000,-41.191000,-15.725000,33.206000,34.13
2051358559,-0.641000,-0.200000,0.562000,-40.305000,-15.542000,32.733000,34.18
2051359132,-0.651000,-0.198000,0.559000,-39.511000,-15.191000,31.954000,34.13
2051359683,-0.642000,-0.201000,0.562000,-38.015000,-14.718000,31.038000,34.08
2051360239,-0.643000,-0.199000,0.559000,-36.458000,-14.824000,31.588000,34.13
2051360802,-0.630000,-0.206000,0.554000,-35.634000,-13.817000,29.481000,34.08
2051361368,-0.633000,-0.210000,0.545000,-33.466000,-13.496000,30.137000,34.04
2051361925,-0.615000,-0.213000,0.555000,-30.763000,-11.252000,28.183000,33.99
2051362478,-0.590000,-0.186000,0.545000,-28.687000,-10.031000,25.130000,34.04
2051363029,-0.650000,-0.212000,0.546000,-27.786000,-9.573000,23.893000,34.08
2051363636,-0.646000,-0.214000,0.549000,-26.229000,-10.061000,24.061000,34.08
2051364227,-0.623000,-0.219000,0.559000,-25.053000,-9.038000,22.550000,34.04
2051364776,-0.641000,-0.204000,0.562000,-24.290000,-9.802000,22.397000,34.18
2051365325,-0.625000,-0.215000,0.555000,-23.588000,-10.183000,20.641000,34.08
2051365867,-0.624000,-0.222000,0.581000,-22.214000,-9.618000,20.611000,34.18
2051366408,-0.627000,-0.222000,0.569000,-19.420000,-9.618000,18.702000,34.13
2051366949,-0.586000,-0.218000,0.575000,-16.992000,-8.718000,16.809000,34.08
2051367494,-0.606000,-0.245000,0.588000,-14.427000,-5.466000,13.588000,34.13
2051374075,-0.619000,-0.222000,0.568000,-11.710000,-5.878000,13.542000,34.18
2051385932,-0.605000,-0.230000,0.549000,-10.412000,-6.137000,13.496000,34.13
2051392735,-0.594000,-0.223000,0.563000,-7.786000,-4.198000,11.466000,34.08
2051405120,-0.581000,-0.237000,0.567000,-5.924000,-3.237000,10.214000,34.13
