t_us,ax_g,ay_g,az_g,gx_dps,gy_dps,gz_dps,temp_c
792554188,-0.280000,-0.856000,0.259000,1.191000,8.046000,-3.847000,31.87
792567128,-0.304000,-0.838000,0.262000,-0.015000,7.542000,-3.664000,31.92
792574537,-0.312000,-0.824000,0.266000,-1.511000,5.481000,-3.252000,31.87
792585394,-0.309000,-0.835000,0.268000,-2.794000,3.756000,-2.931000,31.82
792598850,-0.301000,-0.842000,0.272000,-3.191000,2.809000,-2.824000,31.92
792606547,-0.282000,-0.840000,0.262000,-3.359000,2.565000,-3.099000,31.92
792612378,-0.289000,-0.844000,0.256000,-3.817000,2.718000,-3.756000,31.92
792624645,-0.294000,-0.834000,0.244000,-3.527000,2.718000,-3.985000,31.87
792635477,-0.270000,-0.853000,0.250000,-2.840000,3.053000,-4.183000,31.92
792644465,-0.285000,-0.851000,0.245000,-2.550000,3.679000,-3.893000,31.87
792655427,-0.290000,-0.848000,0.246000,-2.168000,3.481000,-3.115000,31.82
792662636,-0.277000,-0.857000,0.256000,-1.145000,4.504000,-3.344000,31.87
792676548,-0.290000,-0.852000,0.263000,-0.977000,4.198000,-3.130000,31.92
792682824,-0.297000,-0.849000,0.271000,-1.160000,3.893000,-2.794000,31.78
792695212,-0.298000,-0.848000,0.271000,-1.237000,3.405000,-2.534000,31.82
792708355,-0.295000,-0.849000,0.260000,-1.435000,3.130000,-2.504000,31.87
792715525,-0.289000,-0.851000,0.257000,-0.885000,3.267000,-2.122000,31.82
792725585,-0.290000,-0.847000,0.271000,-0.656000,3.206000,-1.924000,31.97
792736871,-0.293000,-0.841000,0.262000,-0.840000,3.206000,-2.107000,31.92
792745169,-0.306000,-0.846000,0.267000,-1.405000,2.565000,-1.603000,31.87
792754181,-0.291000,-0.854000,0.263000,-0.779000,2.046000,-1.252000,31.97
792764658,-0.285000,-0.853000,0.271000,-0.931000,2.366000,-1.023000,31.92
792771616,-0.294000,-0.843000,0.268000,-1.191000,2.031000,-0.550000,31.87
792788314,-0.295000,-0.843000,0.262000,-1.908000,1.191000,-0.748000,31.82
792795918,-0.303000,-0.849000,0.265000,-2.397000,0.595000,-0.321000,31.87
792804674,-0.294000,-0.841000,0.260000,-2.672000,0.107000,-0.092000,31.92
792819991,-0.291000,-0.853000,0.259000,-2.824000,-0.214000,0.031000,31.97
792828923,-0.286000,-0.851000,0.261000,-2.489000,0.092000,-0.137000,31.92
792834846,-0.281000,-0.844000,0.272000,-2.092000,0.519000,0.015000,31.87
792848118,-0.289000,-0.846000,0.277000,-2.305000,0.366000,0.107000,31.92
792856217,-0.304000,-0.839000,0.258000,-2.702000,0.000000,0.336000,31.92
792867360,-0.288000,-0.847000,0.261000,-3.160000,-0.931000,0.611000,31.92
792874401,-0.290000,-0.838000,0.256000,-3.664000,-1.359000,0.840000,31.87
792880671,-0.285000,-0.847000,0.264000,-3.985000,-1.725000,1.038000,31.82
792898197,-0.281000,-0.851000,0.258000,-3.435000,-1.328000,1.038000,31.92
792908360,-0.291000,-0.850000,0.261000,-2.382000,-0.351000,1.115000,31.87
792918410,-0.286000,-0.855000,0.253000,-1.237000,0.748000,1.313000,31.92
792925325,-0.282000,-0.858000,0.263000,-0.870000,1.359000,1.099000,31.87
792938360,-0.277000,-0.855000,0.262000,-0.412000,2.305000,1.084000,31.82
792950142,-0.292000,-0.847000,0.265000,-0.092000,2.336000,1.145000,31.87
792952576,-0.286000,-0.843000,0.267000,0.031000,3.191000,0.901000,31.92
792965011,-0.294000,-0.847000,0.248000,0.244000,4.092000,1.176000,31.87
792973375,-0.277000,-0.860000,0.237000,0.595000,5.847000,1.115000,31.92
792984576,-0.270000,-0.863000,0.260000,1.389000,6.244000,0.305000,31.97
792990756,-0.288000,-0.858000,0.267000,1.771000,7.588000,-0.305000,31.82
793003328,-0.305000,-0.836000,0.275000,1.237000,7.557000,-0.718000,31.87
793016424,-0.323000,-0.833000,0.266000,-0.321000,5.359000,-1.145000,31.92
793023149,-0.321000,-0.829000,0.249000,-2.794000,3.252000,-0.214000,31.92
793035050,-0.287000,-0.854000,0.249000,-3.695000,2.153000,0.427000,31.97
793046632,-0.259000,-0.877000,0.260000,-2.427000,3.069000,0.641000,31.92
793056641,-0.267000,-0.866000,0.273000,-0.595000,4.870000,-0.290000,31.87
793063338,-0.277000,-0.850000,0.260000,0.397000,5.969000,-0.977000,32.01
793075590,-0.296000,-0.838000,0.274000,0.214000,6.321000,-1.496000,31.87
793086050,-0.293000,-0.836000,0.273000,0.198000,5.893000,-1.649000,31.92
793093027,-0.285000,-0.834000,0.263000,-0.641000,6.137000,-1.969000,31.87
793106414,-0.290000,-0.842000,0.275000,-0.641000,5.802000,-2.458000,31.92
793114262,-0.289000,-0.840000,0.272000,-0.794000,5.878000,-2.901000,31.82
793125375,-0.288000,-0.841000,0.271000,-0.290000,5.847000,-3.618000,31.92
793134100,-0.286000,-0.850000,0.270000,0.076000,6.397000,-4.336000,31.87
793147133,-0.291000,-0.849000,0.260000,0.687000,6.779000,-4.427000,31.92
793158083,-0.277000,-0.854000,0.275000,1.252000,7.023000,-4.626000,31.87
793164665,-0.274000,-0.854000,0.277000,1.573000,7.450000,-4.885000,31.87
793176582,-0.288000,-0.840000,0.277000,2.107000,7.802000,-4.809000,31.92
793186817,-0.296000,-0.835000,0.272000,2.107000,7.634000,-4.809000,31.87
793195610,-0.302000,-0.832000,0.271000,1.298000,6.779000,-4.824000,31.92
793202917,-0.306000,-0.830000,0.279000,1.023000,6.107000,-4.458000,31.87
793220234,-0.297000,-0.834000,0.268000,0.183000,5.710000,-4.443000,31.82
793230825,-0.291000,-0.849000,0.264000,-0.748000,5.069000,-4.229000,31.97
793235252,-0.289000,-0.838000,0.264000,-1.344000,5.008000,-4.489000,31.82
793245424,-0.287000,-0.842000,0.267000,-0.702000,5.176000,-3.374000,31.97
793257174,-0.286000,-0.852000,0.264000,-0.580000,5.099000,-4.015000,31.92
793262979,-0.292000,-0.848000,0.258000,-0.565000,4.504000,-3.450000,31.87
793277794,-0.287000,-0.848000,0.263000,-0.519000,4.443000,-3.160000,31.92
793285839,-0.286000,-0.840000,0.270000,-0.336000,4.443000,-3.176000,31.92
793294079,-0.294000,-0.839000,0.264000,-1.023000,3.786000,-2.427000,31.92
793304941,-0.289000,-0.842000,0.270000,-1.359000,3.557000,-2.382000,31.87
793313341,-0.290000,-0.829000,0.281000,-1.588000,3.374000,-1.924000,31.87
793327853,-0.298000,-0.831000,0.264000,-2.092000,2.718000,-1.405000,32.01
793336699,-0.295000,-0.842000,0.268000,-2.305000,2.321000,-1.191000,31.87
793344803,-0.292000,-0.841000,0.274000,-2.443000,2.137000,-0.687000,31.82
793358645,-0.287000,-0.838000,0.273000,-2.885000,1.725000,-0.977000,31.87
793366323,-0.286000,-0.844000,0.272000,-2.718000,1.664000,-0.366000,31.92
793377517,-0.288000,-0.841000,0.269000,-2.641000,1.725000,0.046000,31.97
793389244,-0.288000,-0.840000,0.277000,-2.656000,1.237000,0.214000,32.01
793398188,-0.285000,-0.838000,0.269000,-3.053000,0.992000,0.748000,31.87
793402722,-0.290000,-0.837000,0.281000,-2.992000,1.084000,0.779000,31.92
793414476,-0.292000,-0.840000,0.267000,-2.947000,0.824000,0.794000,31.97
793421569,-0.299000,-0.841000,0.271000,-3.389000,0.305000,1.023000,31.92
793439421,-0.295000,-0.852000,0.270000,-3.481000,0.321000,0.855000,31.97
793445074,-0.288000,-0.846000,0.268000,-3.374000,0.183000,0.824000,31.87
793456026,-0.285000,-0.846000,0.266000,-3.634000,0.504000,0.687000,31.92
793465892,-0.293000,-0.836000,0.278000,-3.511000,0.321000,0.519000,31.97
793473705,-0.290000,-0.828000,0.286000,-3.832000,-0.198000,0.550000,32.01
793488003,-0.298000,-0.835000,0.264000,-4.107000,-0.489000,0.947000,31.87
793495960,-0.283000,-0.840000,0.281000,-4.336000,-0.580000,0.947000,31.82
793504611,-0.296000,-0.847000,0.270000,-4.000000,-0.382000,0.916000,31.87
793511485,-0.294000,-0.845000,0.257000,-3.969000,-0.275000,0.748000,31.92
793529253,-0.292000,-0.846000,0.271000,-3.603000,-0.092000,0.794000,31.87
793538069,-0.295000,-0.849000,0.273000,-3.176000,0.275000,0.305000,31.92
793546325,-0.291000,-0.839000,0.273000,-3.298000,0.412000,-0.092000,31.82
793556713,-0.294000,-0.842000,0.273000,-3.649000,0.198000,-0.031000,31.92
793568066,-0.289000,-0.839000,0.273000,-4.183000,-0.061000,-0.015000,31.92
793577224,-0.292000,-0.842000,0.259000,-4.550000,-0.046000,-0.321000,31.87
793584300,-0.292000,-0.842000,0.265000,-4.198000,0.412000,-0.214000,31.92
793597537,-0.286000,-0.846000,0.267000,-4.137000,0.611000,-0.672000,31.87
793608429,-0.288000,-0.850000,0.267000,-3.878000,1.053000,-0.718000,31.82
793613606,-0.289000,-0.850000,0.277000,-3.618000,0.962000,-1.252000,31.97
793625562,-0.289000,-0.844000,0.275000,-3.160000,1.099000,-0.809000,31.92
793636141,-0.289000,-0.843000,0.263000,-3.206000,1.282000,-0.931000,31.82
793645903,-0.281000,-0.847000,0.263000,-2.763000,1.328000,-0.687000,31.92
793654928,-0.291000,-0.851000,0.270000,-2.855000,1.878000,-0.763000,31.97
793665702,-0.284000,-0.854000,0.267000,-2.366000,2.137000,-0.824000,31.92
793678387,-0.284000,-0.843000,0.277000,-1.557000,2.840000,-1.130000,31.92
793684960,-0.289000,-0.842000,0.274000,-1.618000,2.901000,-1.252000,31.87
793695777,-0.285000,-0.847000,0.273000,-1.664000,2.748000,-1.267000,31.82
793710509,-0.294000,-0.844000,0.265000,-2.000000,2.809000,-1.099000,31.87
793715484,-0.295000,-0.852000,0.258000,-2.321000,2.534000,-0.916000,31.92
793722462,-0.285000,-0.843000,0.274000,-2.137000,2.214000,-1.298000,31.87
793739469,-0.293000,-0.841000,0.265000,-2.229000,2.489000,-1.160000,31.92
793752096,-0.298000,-0.838000,0.270000,-2.565000,2.305000,-1.496000,32.06
793757547,-0.293000,-0.843000,0.259000,-2.992000,2.214000,-1.389000,31.92
793763066,-0.289000,-0.838000,0.265000,-3.115000,1.649000,-1.298000,31.97
793777740,-0.284000,-0.836000,0.268000,-3.618000,1.679000,-1.176000,31.82
793787311,-0.282000,-0.845000,0.271000,-3.344000,1.542000,-0.977000,31.87
793794162,-0.284000,-0.846000,0.268000,-3.206000,1.603000,-0.992000,31.87
793806422,-0.286000,-0.844000,0.271000,-3.145000,1.954000,-1.145000,32.01
793817680,-0.293000,-0.841000,0.264000,-3.237000,2.061000,-0.794000,31.87
793824320,-0.290000,-0.850000,0.260000,-3.221000,1.893000,-0.763000,31.82
793831489,-0.289000,-0.845000,0.259000,-2.947000,1.710000,-0.718000,31.87
793845546,-0.290000,-0.848000,0.266000,-2.977000,1.756000,-0.504000,31.82
793856321,-0.279000,-0.851000,0.265000,-2.794000,1.832000,-0.550000,31.87
793864764,-0.292000,-0.846000,0.267000,-2.550000,2.107000,-0.473000,31.82
793876552,-0.289000,-0.844000,0.262000,-2.351000,2.214000,-0.397000,31.97
793885389,-0.293000,-0.841000,0.267000,-2.458000,2.076000,-0.321000,31.92
793894919,-0.293000,-0.845000,0.264000,-3.053000,1.618000,-0.015000,31.82
793906604,-0.293000,-0.844000,0.266000,-3.527000,1.191000,-0.046000,31.92
793916717,-0.292000,-0.841000,0.271000,-3.420000,0.885000,-0.137000,31.87
793921566,-0.293000,-0.837000,0.264000,-3.817000,0.779000,-0.580000,31.87
793933497,-0.290000,-0.853000,0.267000,-4.015000,0.687000,-0.427000,31.92
793945679,-0.290000,-0.851000,0.261000,-4.061000,0.397000,-0.412000,31.87
793957355,-0.279000,-0.847000,0.257000,-3.832000,1.252000,-0.336000,31.92
793965607,-0.290000,-0.847000,0.259000,-3.588000,1.359000,-0.550000,31.87
793978849,-0.296000,-0.842000,0.260000,-3.924000,1.191000,-0.519000,31.92
793986021,-0.287000,-0.835000,0.266000,-4.061000,0.458000,1.618000,31.97
793994419,-0.299000,-0.847000,0.271000,-4.672000,1.344000,-1.069000,31.82
794005977,-0.279000,-0.849000,0.267000,-3.710000,0.992000,0.580000,31.87
794018054,-0.283000,-0.835000,0.267000,-3.756000,2.031000,-0.046000,31.92
794023953,-0.304000,-0.842000,0.271000,-4.427000,1.267000,-0.107000,31.87
794035651,-0.303000,-0.840000,0.255000,-4.977000,0.412000,0.794000,31.92
794048384,-0.294000,-0.844000,0.255000,-5.740000,0.244000,0.580000,31.92
794059844,-0.287000,-0.850000,0.259000,-5.115000,0.550000,-0.107000,31.87
794065660,-0.294000,-0.837000,0.272000,-5.466000,0.794000,0.137000,31.92
794075547,-0.292000,-0.847000,0.265000,-5.649000,0.641000,-0.107000,31.87
794086135,-0.295000,-0.836000,0.267000,-6.321000,0.153000,0.092000,31.92
794094825,-0.285000,-0.842000,0.249000,-6.855000,-0.031000,0.504000,31.87
794105658,-0.283000,-0.863000,0.250000,-7.435000,-0.473000,0.687000,31.82
794118039,-0.267000,-0.866000,0.252000,-7.221000,-0.290000,0.794000,31.87
794125545,-0.269000,-0.862000,0.252000,-6.687000,0.229000,0.489000,31.92
794132726,-0.276000,-0.837000,0.257000,-6.947000,0.305000,-0.198000,31.87
794146105,-0.292000,-0.835000,0.270000,-8.458000,-0.550000,-0.336000,31.92
794159697,-0.310000,-0.832000,0.255000,-12.412000,-4.565000,0.504000,31.92
794165476,-0.309000,-0.840000,0.238000,-15.496000,-7.679000,0.489000,31.92
794172768,-0.303000,-0.826000,0.229000,-17.527000,-9.496000,0.458000,31.82
794186117,-0.315000,-0.816000,0.227000,-20.855000,-11.420000,1.176000,31.97
794196196,-0.279000,-0.866000,0.209000,-22.504000,-12.626000,1.221000,31.92
794205715,-0.242000,-0.874000,0.207000,-23.191000,-12.351000,0.321000,31.87
794218466,-0.287000,-0.867000,0.218000,-26.473000,-15.832000,-0.382000,31.92
794221704,-0.350000,-0.811000,0.241000,-32.046000,-22.809000,-0.672000,31.87
794233112,-0.400000,-0.755000,0.201000,-40.641000,-31.298000,-1.038000,31.92
794245743,-0.363000,-0.776000,0.168000,-44.214000,-36.947000,-1.969000,31.87
794253957,-0.301000,-0.838000,0.145000,-44.137000,-36.550000,0.473000,31.92
794264460,-0.231000,-0.932000,0.189000,-41.267000,-34.824000,0.046000,31.87
794274933,-0.188000,-0.983000,0.210000,-35.832000,-29.985000,-3.145000,31.92
794285371,-0.203000,-0.943000,0.214000,-32.015000,-26.275000,-2.458000,31.97
794295146,-0.244000,-0.891000,0.279000,-33.267000,-24.641000,-3.878000,31.92
794308572,-0.337000,-0.817000,0.302000,-35.069000,-32.626000,-3.313000,31.87
794318008,-0.324000,-0.813000,0.204000,-37.176000,-38.260000,0.901000,31.87
794321759,-0.273000,-0.868000,0.196000,-37.145000,-37.099000,1.832000,31.92
794332901,-0.200000,-0.916000,0.158000,-34.565000,-35.695000,0.473000,31.97
794345115,-0.199000,-0.945000,0.237000,-30.061000,-29.786000,2.443000,31.92
794354098,-0.228000,-0.949000,0.268000,-26.198000,-25.344000,1.359000,31.87
794365699,-0.202000,-0.923000,0.241000,-25.237000,-19.038000,-3.206000,31.92
794376130,-0.268000,-0.896000,0.266000,-21.237000,-17.969000,-0.244000,31.87
794388576,-0.270000,-0.865000,0.216000,-20.321000,-18.840000,-1.863000,31.92
794395258,-0.269000,-0.877000,0.218000,-20.565000,-15.832000,0.107000,31.97
794406009,-0.252000,-0.864000,0.227000,-23.252000,-17.756000,-0.794000,31.92
794416046,-0.290000,-0.871000,0.233000,-24.641000,-19.969000,0.641000,32.01
794422400,-0.278000,-0.894000,0.185000,-26.824000,-20.641000,-0.748000,31.82
794432707,-0.295000,-0.880000,0.191000,-26.641000,-20.382000,-0.198000,31.87
794449247,-0.279000,-0.885000,0.183000,-24.366000,-18.031000,-0.794000,31.87
794455665,-0.238000,-0.906000,0.211000,-21.679000,-13.542000,-3.237000,32.01
794464987,-0.231000,-0.911000,0.222000,-20.794000,-10.504000,-3.802000,31.78
794476962,-0.263000,-0.893000,0.202000,-23.313000,-10.626000,-3.695000,32.01
794485619,-0.267000,-0.884000,0.199000,-26.244000,-12.534000,-4.855000,31.87
794496673,-0.274000,-0.867000,0.177000,-28.183000,-13.130000,-5.847000,32.01
794505740,-0.281000,-0.857000,0.174000,-29.450000,-12.885000,-7.084000,31.87
794514559,-0.263000,-0.868000,0.181000,-30.244000,-12.824000,-8.366000,31.82
794525320,-0.257000,-0.884000,0.164000,-30.870000,-11.496000,-9.496000,31.87
794532198,-0.244000,-0.914000,0.164000,-32.198000,-10.901000,-10.412000,31.92
794548467,-0.249000,-0.930000,0.126000,-30.336000,-11.969000,-7.557000,31.97
794555013,-0.256000,-0.924000,0.161000,-34.443000,-10.076000,-18.916000,31.92
794565234,-0.138000,-0.936000,0.151000,-32.198000,-7.420000,-10.061000,31.97
794577602,-0.180000,-0.951000,0.257000,-30.366000,0.336000,-27.191000,31.97
794584341,-0.211000,-0.904000,0.160000,-27.344000,-3.679000,-17.176000,31.92
794595536,-0.196000,-0.935000,0.154000,-24.443000,1.282000,-19.618000,31.97
794607282,-0.188000,-0.951000,0.130000,-23.450000,2.550000,-21.115000,31.92
794616280,-0.197000,-0.948000,0.126000,-23.374000,2.962000,-19.878000,31.87
794625121,-0.151000,-0.955000,0.139000,-20.733000,6.168000,-19.160000,31.92
794632317,-0.199000,-0.950000,0.152000,-21.573000,5.603000,-18.504000,31.97
794648080,-0.224000,-0.937000,0.127000,-23.466000,3.008000,-17.435000,31.82
794657202,-0.239000,-0.930000,0.082000,-25.588000,-0.336000,-17.893000,31.87
794664437,-0.180000,-0.938000,0.094000,-24.031000,0.702000,-18.107000,31.82
794677984,-0.219000,-0.926000,0.117000,-24.214000,0.107000,-19.542000,31.82
794683302,-0.188000,-0.964000,0.119000,-23.786000,0.244000,-19.008000,31.92
794695217,-0.191000,-0.950000,0.109000,-21.145000,2.947000,-16.840000,31.87
794705740,-0.190000,-0.919000,0.099000,-22.718000,3.527000,-17.466000,31.92
794714739,-0.213000,-0.919000,0.138000,-26.321000,0.382000,-16.519000,31.87
794725466,-0.180000,-0.932000,0.118000,-25.939000,-0.718000,-15.649000,31.92
794733028,-0.061000,-0.888000,-0.098000,-31.313000,1.969000,-17.985000,31.92
794746698,-0.210000,-0.927000,0.105000,-30.824000,-4.336000,-15.603000,31.87
794754988,-0.191000,-0.947000,0.090000,-30.626000,-4.718000,-15.924000,31.92
794766135,-0.194000,-0.962000,0.083000,-30.626000,-4.595000,-14.672000,31.97
794776887,-0.166000,-0.967000,0.081000,-30.458000,-5.450000,-14.656000,31.82
794782662,-0.186000,-0.958000,0.096000,-30.855000,-4.779000,-15.542000,31.97
794796998,-0.163000,-0.956000,0.103000,-30.794000,-4.382000,-15.863000,31.82
794805029,-0.202000,-0.919000,0.083000,-31.160000,-4.351000,-17.160000,31.97
794813927,-0.208000,-0.949000,0.081000,-33.145000,-7.145000,-18.046000,31.92
794824833,-0.174000,-0.955000,0.085000,-33.710000,-8.229000,-18.779000,31.87
794832043,-0.171000,-0.937000,0.083000,-34.885000,-7.939000,-20.137000,31.92
794845809,-0.142000,-0.974000,0.080000,-33.298000,-7.450000,-20.305000,31.82
794854134,-0.152000,-0.960000,0.047000,-30.794000,-3.389000,-20.595000,31.92
794864344,-0.155000,-0.963000,0.017000,-35.802000,-8.076000,-19.389000,32.01
794877997,-0.121000,-0.984000,0.061000,-36.855000,-9.115000,-20.336000,31.87
794884800,-0.137000,-0.978000,0.059000,-37.023000,-11.313000,-20.427000,31.92
794896826,-0.122000,-0.980000,0.059000,-35.832000,-8.656000,-23.542000,31.97
794906948,-0.128000,-0.994000,0.044000,-34.580000,-7.313000,-27.191000,32.01
794913206,-0.116000,-1.010000,0.022000,-36.061000,-8.824000,-27.725000,31.87
794924361,-0.144000,-0.974000,0.030000,-37.191000,-9.130000,-27.466000,31.82
794943600,-0.115000,-0.963000,0.073000,-37.374000,-7.023000,-29.603000,31.87
794951969,-0.105000,-0.980000,0.031000,-39.511000,-7.450000,-31.740000,31.92
794956555,-0.057000,-1.028000,-0.037000,-41.802000,-9.374000,-31.450000,31.97
794965591,-0.115000,-1.016000,-0.037000,-43.130000,-11.237000,-33.771000,32.01
794978357,-0.135000,-1.048000,-0.039000,-43.450000,-14.794000,-30.962000,31.87
794985740,-0.082000,-1.069000,-0.035000,-45.130000,-17.847000,-35.664000,31.87
794995034,-0.108000,-1.073000,-0.057000,-44.336000,-17.985000,-34.916000,31.92
795007295,-0.068000,-1.092000,-0.057000,-44.656000,-17.618000,-39.374000,31.87
795011579,-0.019000,-1.100000,-0.055000,-42.656000,-15.344000,-38.061000,31.92
795022652,-0.063000,-1.072000,-0.060000,-42.504000,-14.046000,-40.443000,31.87
795034967,-0.027000,-1.057000,-0.082000,-42.458000,-14.214000,-41.725000,31.92
795045979,0.009000,-1.073000,-0.117000,-39.099000,-11.557000,-43.740000,31.87
795054211,0.074000,-1.050000,-0.274000,-38.870000,-5.344000,-51.160000,31.82
795068207,-0.016000,-1.032000,-0.132000,-36.794000,-8.427000,-48.275000,31.97
795076639,-0.021000,-0.987000,-0.031000,-34.046000,-8.489000,-45.450000,31.92
795086860,0.044000,-1.001000,-0.024000,-32.565000,-0.763000,-47.786000,31.87
795099504,0.042000,-0.971000,-0.018000,-29.282000,1.359000,-50.015000,31.92
795106744,0.046000,-0.959000,-0.047000,-29.557000,2.244000,-48.840000,31.92
795115184,0.041000,-0.978000,-0.115000,-29.282000,2.840000,-49.511000,31.87
795121957,0.033000,-1.002000,-0.103000,-28.977000,3.466000,-50.305000,31.82
795138710,0.011000,-1.008000,-0.100000,-27.832000,1.023000,-50.992000,31.87
795147625,0.051000,-1.020000,-0.072000,-24.321000,2.534000,-52.015000,31.92
795154397,0.067000,-1.017000,-0.118000,-22.183000,3.695000,-53.160000,31.97
795166067,0.111000,-1.039000,-0.103000,-21.115000,5.832000,-54.687000,31.92
795173672,0.059000,-0.979000,-0.100000,-19.313000,6.962000,-51.481000,31.87
795186299,0.073000,-0.979000,-0.062000,-17.481000,8.305000,-53.802000,32.01
795196940,0.086000,-1.021000,-0.093000,-16.931000,8.489000,-56.153000,31.92
795205597,0.091000,-1.009000,-0.148000,-17.573000,7.023000,-54.580000,31.92
795215543,0.052000,-1.024000,-0.137000,-18.061000,6.809000,-54.962000,31.87
795223694,0.050000,-1.023000,-0.129000,-18.000000,6.351000,-54.916000,31.82
795236357,0.070000,-1.045000,-0.086000,-18.794000,6.473000,-57.511000,31.97
795245751,0.134000,-1.048000,-0.102000,-18.977000,8.214000,-60.351000,31.87
795256597,0.089000,-1.021000,-0.101000,-18.229000,7.053000,-59.328000,31.92
795266587,0.108000,-1.009000,-0.165000,-18.840000,5.145000,-62.611000,31.87
795273135,0.199000,-1.053000,-0.135000,-19.725000,3.969000,-63.252000,31.92
795287249,0.184000,-1.036000,-0.156000,-19.802000,3.053000,-62.656000,31.87
795294971,0.225000,-1.080000,-0.186000,-22.641000,1.740000,-65.191000,31.92
795304070,0.152000,-1.062000,-0.152000,-21.954000,0.229000,-62.290000,31.97
795309409,0.169000,-1.050000,-0.108000,-22.260000,1.481000,-62.656000,31.92
795322774,0.228000,-1.058000,-0.175000,-22.901000,4.321000,-67.267000,31.87
795338877,0.227000,-1.009000,-0.230000,-21.313000,3.206000,-66.901000,32.01
795344462,0.244000,-1.019000,-0.167000,-21.786000,1.969000,-71.038000,31.87
795355450,0.240000,-1.025000,-0.166000,-21.603000,0.107000,-70.000000,31.87
795365979,0.286000,-1.040000,-0.205000,-21.053000,1.603000,-74.168000,31.92
795374213,0.318000,-1.076000,-0.213000,-21.115000,-1.863000,-71.908000,31.87
795388160,0.308000,-1.065000,-0.164000,-20.794000,-0.641000,-73.969000,31.82
795398341,0.325000,-1.064000,-0.154000,-21.176000,1.466000,-76.702000,31.97
795404355,0.373000,-1.037000,-0.169000,-21.069000,2.412000,-78.931000,31.82
795410838,0.357000,-1.081000,-0.178000,-18.351000,2.153000,-79.389000,31.87
795427473,0.363000,-1.008000,-0.200000,-18.137000,3.817000,-75.847000,31.92
795442169,0.364000,-1.028000,-0.217000,-18.504000,6.275000,-83.634000,31.87
795445057,0.253000,-1.046000,-0.243000,-19.344000,1.313000,-83.435000,31.92
795455719,0.424000,-1.006000,-0.191000,-20.931000,4.183000,-80.015000,31.82
795466305,0.409000,-0.979000,-0.189000,-20.321000,1.649000,-82.397000,31.82
795474922,0.437000,-0.991000,-0.186000,-18.962000,2.092000,-84.214000,31.97
795486532,0.479000,-0.975000,-0.189000,-15.160000,7.237000,-84.641000,31.92
795494815,0.476000,-0.979000,-0.190000,-14.855000,10.382000,-86.275000,31.97
795504853,0.449000,-0.972000,-0.228000,-14.290000,10.901000,-87.359000,31.97
795510625,0.449000,-0.953000,-0.247000,-14.947000,10.305000,-84.916000,31.92
795522900,0.418000,-0.923000,-0.211000,-17.298000,3.084000,-82.519000,31.97
795537226,0.534000,-0.976000,-0.225000,-18.153000,6.947000,-83.969000,31.82
795542873,0.502000,-0.956000,-0.202000,-18.046000,8.443000,-82.779000,31.97
795554280,0.515000,-0.958000,-0.234000,-16.595000,10.168000,-83.908000,31.92
795568592,0.510000,-0.945000,-0.260000,-16.855000,9.710000,-82.977000,31.97
795573576,0.483000,-0.912000,-0.250000,-17.878000,7.710000,-80.840000,31.82
795585259,0.468000,-0.883000,-0.240000,-17.924000,7.756000,-77.511000,31.87
795595700,0.538000,-0.959000,-0.257000,-17.328000,7.908000,-78.779000,32.01
795604684,0.560000,-0.939000,-0.237000,-15.802000,10.580000,-81.649000,31.87
795610985,0.514000,-0.884000,-0.273000,-18.626000,9.802000,-79.649000,31.92
795623246,0.556000,-0.892000,-0.281000,-24.137000,4.656000,-77.893000,31.92
795637018,0.611000,-0.910000,-0.230000,-23.893000,5.313000,-77.206000,31.97
795645000,0.588000,-0.869000,-0.259000,-25.710000,5.405000,-75.618000,31.92
795655707,0.688000,-0.961000,-0.235000,-23.985000,5.389000,-77.924000,31.97
795666684,0.625000,-0.913000,-0.231000,-19.954000,11.847000,-80.061000,31.92
795675759,0.594000,-0.897000,-0.269000,-21.924000,8.092000,-80.748000,31.97
795686975,0.667000,-0.816000,-0.296000,-27.191000,7.328000,-73.542000,31.82
795695136,0.631000,-0.859000,-0.251000,-28.962000,5.130000,-76.321000,31.97
795705346,0.703000,-0.843000,-0.241000,-28.672000,7.649000,-75.527000,31.92
795711214,0.690000,-0.832000,-0.256000,-26.244000,10.351000,-76.687000,31.87
795728672,0.752000,-0.851000,-0.297000,-25.344000,10.763000,-74.656000,31.92
795739879,0.730000,-0.856000,-0.242000,-23.435000,11.008000,-74.137000,31.97
795745873,0.703000,-0.805000,-0.312000,-25.603000,10.336000,-77.115000,31.92
795756072,0.707000,-0.799000,-0.295000,-27.511000,8.840000,-74.626000,31.97
795767386,0.712000,-0.777000,-0.312000,-27.267000,8.931000,-73.282000,31.92
795773597,0.757000,-0.809000,-0.258000,-27.466000,8.687000,-74.137000,31.92
795785643,0.769000,-0.790000,-0.293000,-20.626000,12.290000,-72.916000,31.87
795796530,0.785000,-0.791000,-0.273000,-15.221000,19.527000,-78.504000,31.92
795805187,0.813000,-0.788000,-0.299000,-14.305000,21.878000,-80.198000,31.87
795810954,0.772000,-0.722000,-0.348000,-18.366000,20.641000,-81.939000,31.92
795823502,0.750000,-0.717000,-0.313000,-25.863000,13.664000,-79.130000,31.87
795835928,0.812000,-0.710000,-0.335000,-29.939000,11.176000,-77.267000,32.01
795845649,0.802000,-0.727000,-0.260000,-26.183000,10.763000,-76.153000,31.87
795854080,0.878000,-0.724000,-0.245000,-21.145000,17.466000,-78.718000,31.92
795868217,0.864000,-0.672000,-0.307000,-19.847000,22.336000,-80.962000,31.87
795873496,0.862000,-0.684000,-0.294000,-20.458000,21.634000,-78.885000,31.92
795884852,0.854000,-0.625000,-0.310000,-22.397000,21.634000,-81.191000,31.92
795900313,0.824000,-0.617000,-0.375000,-33.924000,11.405000,-80.366000,31.82
795904792,0.873000,-0.669000,-0.310000,-36.901000,6.153000,-74.733000,31.87
795909309,0.985000,-0.689000,-0.347000,-35.710000,4.931000,-75.771000,31.82
795923048,0.930000,-0.671000,-0.255000,-31.817000,10.611000,-76.824000,31.92
795936091,0.935000,-0.657000,-0.308000,-31.206000,15.359000,-78.672000,31.87
795945288,0.951000,-0.666000,-0.395000,-32.977000,14.336000,-77.695000,31.92
795956077,0.917000,-0.609000,-0.343000,-37.481000,12.214000,-77.832000,31.87
795967131,0.904000,-0.579000,-0.358000,-44.183000,7.618000,-77.985000,31.92
795972979,0.978000,-0.634000,-0.365000,-47.634000,3.359000,-75.878000,31.87
795986267,0.949000,-0.585000,-0.319000,-46.794000,4.565000,-76.397000,31.92
795994309,1.003000,-0.565000,-0.362000,-49.420000,4.718000,-78.916000,31.87
796004471,1.002000,-0.571000,-0.338000,-51.008000,4.351000,-78.885000,31.82
796009277,1.038000,-0.571000,-0.387000,-51.710000,5.954000,-82.504000,31.97
796028446,1.021000,-0.515000,-0.345000,-51.160000,6.015000,-84.992000,31.82
796039931,1.033000,-0.528000,-0.367000,-51.817000,5.802000,-87.481000,31.97
796044979,1.075000,-0.520000,-0.313000,-48.565000,7.328000,-90.137000,31.82
796055446,1.068000,-0.505000,-0.327000,-47.420000,10.412000,-92.977000,31.92
796066251,1.040000,-0.468000,-0.351000,-50.015000,9.542000,-94.366000,31.87
796074807,1.062000,-0.437000,-0.357000,-55.389000,7.023000,-93.298000,31.92
796086547,1.109000,-0.468000,-0.315000,-52.931000,9.481000,-95.389000,31.87
796098725,1.119000,-0.445000,-0.273000,-47.939000,15.420000,-99.282000,32.01
796104447,1.069000,-0.388000,-0.348000,-44.656000,18.931000,-99.588000,31.97
796115582,1.108000,-0.385000,-0.331000,-47.359000,23.237000,-100.046000,31.82
796128597,1.065000,-0.358000,-0.325000,-45.756000,24.183000,-101.908000,31.87
796139535,1.075000,-0.354000,-0.401000,-47.878000,23.191000,-102.153000,31.92
796144943,1.087000,-0.333000,-0.311000,-47.237000,24.260000,-102.382000,31.87
796157371,1.114000,-0.335000,-0.339000,-46.092000,26.107000,-104.748000,31.92
796170271,1.139000,-0.354000,-0.352000,-38.168000,32.824000,-104.489000,31.87
796173262,1.071000,-0.298000,-0.280000,-36.458000,35.481000,-107.496000,31.82
796186611,1.075000,-0.231000,-0.333000,-38.595000,36.443000,-112.321000,31.97
796198668,1.048000,-0.188000,-0.349000,-41.008000,35.878000,-113.420000,31.92
796203506,1.044000,-0.158000,-0.357000,-44.779000,29.649000,-113.115000,31.92
796214784,1.064000,-0.174000,-0.302000,-40.427000,28.168000,-112.168000,31.87
796222224,1.100000,-0.176000,-0.333000,-39.588000,29.954000,-113.740000,31.92
796235889,1.085000,-0.176000,-0.273000,-36.550000,29.008000,-113.618000,31.87
796245241,1.063000,-0.150000,-0.293000,-35.038000,31.710000,-109.267000,31.92
796252928,1.075000,-0.106000,-0.318000,-36.794000,32.458000,-112.672000,31.87
796267067,1.000000,-0.018000,-0.323000,-45.221000,27.725000,-114.992000,31.82
796272205,0.991000,0.025000,-0.321000,-55.649000,20.427000,-111.985000,31.97
796284483,0.995000,0.008000,-0.327000,-61.053000,12.382000,-107.695000,31.92
796294840,1.135000,-0.098000,-0.359000,-58.626000,14.702000,-105.053000,31.87
796303565,1.151000,-0.141000,-0.168000,-37.679000,21.313000,-108.855000,31.92
796313283,1.067000,-0.090000,-0.218000,-34.580000,27.908000,-108.992000,31.92
796326784,1.015000,-0.013000,-0.292000,-32.656000,28.168000,-107.786000,31.92
796335779,0.951000,0.104000,-0.308000,-38.244000,21.679000,-106.489000,31.92
796344794,0.955000,0.172000,-0.312000,-47.878000,14.611000,-105.389000,31.87
796352084,0.980000,0.193000,-0.235000,-55.695000,6.809000,-100.855000,31.92
796370814,0.970000,0.166000,-0.265000,-60.198000,2.519000,-99.450000,31.97
796375744,0.989000,0.142000,-0.239000,-57.313000,-0.031000,-94.565000,32.01
796386151,1.050000,0.102000,-0.181000,-49.802000,3.511000,-93.389000,31.87
796395225,1.072000,0.107000,-0.165000,-43.878000,9.176000,-90.489000,31.92
796403010,1.010000,0.170000,-0.286000,-44.794000,11.282000,-93.939000,31.87
796413658,0.907000,0.252000,-0.252000,-50.031000,4.931000,-89.786000,31.92
796426236,0.914000,0.296000,-0.235000,-58.489000,-3.221000,-85.420000,31.87
796437195,0.937000,0.326000,-0.225000,-68.137000,-13.130000,-77.435000,31.92
796444642,0.989000,0.348000,-0.335000,-67.817000,-16.992000,-72.885000,31.87
796456057,0.922000,0.276000,-0.162000,-61.756000,-21.038000,-62.534000,31.97
796469747,1.073000,0.221000,-0.127000,-59.679000,-15.832000,-70.229000,31.82
796475800,1.043000,0.268000,-0.177000,-50.611000,-9.069000,-65.557000,31.87
796488928,0.994000,0.302000,-0.229000,-51.374000,-3.954000,-62.687000,32.01
796498099,0.939000,0.363000,-0.141000,-50.504000,-1.573000,-52.397000,31.87
796501956,0.913000,0.423000,-0.157000,-52.519000,-2.427000,-48.824000,31.92
796513636,0.946000,0.361000,-0.165000,-53.542000,-5.679000,-44.794000,31.97
796525638,0.881000,0.398000,-0.152000,-47.008000,-10.565000,-34.046000,32.01
796533586,0.913000,0.363000,-0.144000,-41.023000,-12.611000,-28.382000,31.87
796547558,0.994000,0.304000,-0.134000,-27.710000,-5.298000,-24.565000,31.82
796555372,0.965000,0.357000,-0.083000,-14.412000,0.534000,-24.137000,31.97
796565641,0.948000,0.367000,-0.128000,-8.229000,8.397000,-19.725000,31.82
796572024,0.798000,0.515000,-0.162000,-10.473000,6.504000,-14.351000,31.92
796587301,0.839000,0.475000,-0.144000,-13.359000,3.710000,-4.168000,31.92
796597474,0.876000,0.470000,-0.075000,-8.794000,2.137000,1.893000,31.92
796604127,0.871000,0.459000,-0.118000,-3.481000,0.824000,9.344000,31.87
796615103,0.863000,0.468000,-0.119000,3.298000,-0.427000,15.802000,31.92
796626296,0.905000,0.408000,-0.119000,11.924000,1.237000,20.947000,31.97
796638013,0.923000,0.391000,-0.121000,18.611000,5.420000,23.710000,31.92
796642830,0.866000,0.399000,-0.150000,24.458000,5.557000,27.435000,31.97
796659162,0.851000,0.429000,-0.197000,25.740000,4.931000,32.031000,32.01
796668057,0.888000,0.362000,-0.166000,28.962000,2.580000,36.931000,31.97
796675485,0.920000,0.385000,-0.157000,36.458000,1.817000,40.702000,31.92
796686214,0.961000,0.387000,-0.165000,42.779000,1.206000,42.550000,31.87
796696682,0.977000,0.381000,-0.153000,48.214000,1.282000,43.878000,31.82
796705699,0.979000,0.398000,-0.173000,51.267000,1.908000,46.473000,31.97
796712838,0.974000,0.406000,-0.225000,50.046000,2.595000,48.641000,31.97
796729131,0.962000,0.439000,-0.245000,45.328000,3.008000,50.168000,31.92
796735794,1.004000,0.382000,-0.200000,40.656000,1.771000,53.298000,31.87
796745562,1.035000,0.327000,-0.208000,40.397000,2.321000,55.527000,31.82
796758654,1.053000,0.291000,-0.173000,44.031000,4.565000,57.908000,31.87
796765103,1.046000,0.251000,-0.191000,49.832000,4.885000,60.351000,31.82
796776013,1.068000,0.258000,-0.240000,52.198000,7.542000,60.351000,31.97
796787975,1.022000,0.296000,-0.294000,50.229000,5.649000,60.992000,31.92
796796984,0.999000,0.285000,-0.312000,43.710000,-0.198000,64.718000,31.97
796802926,1.098000,0.238000,-0.312000,38.916000,-3.252000,65.847000,31.82
796815369,1.117000,0.156000,-0.248000,44.321000,0.809000,61.908000,31.87
796827278,1.114000,0.217000,-0.223000,44.992000,3.618000,63.069000,31.82
796838006,1.144000,0.157000,-0.255000,45.756000,6.534000,64.183000,31.92
796845221,1.093000,0.195000,-0.281000,43.313000,10.351000,63.588000,31.92
796856706,1.027000,0.233000,-0.299000,38.534000,6.290000,67.206000,31.87
796865513,1.057000,0.159000,-0.316000,34.107000,2.687000,68.916000,31.87
796876280,1.067000,0.131000,-0.281000,31.069000,-0.229000,71.084000,31.82
796884586,1.083000,0.079000,-0.277000,34.443000,-1.344000,71.649000,31.97
796894081,1.104000,0.082000,-0.239000,39.145000,1.115000,69.405000,31.92
796905323,1.127000,0.039000,-0.260000,41.115000,2.702000,68.580000,31.78
796912750,1.084000,0.044000,-0.245000,40.321000,3.985000,67.985000,31.82
796928445,1.021000,0.100000,-0.291000,37.481000,0.183000,70.305000,31.87
796938283,1.050000,0.093000,-0.288000,31.344000,-5.008000,71.756000,31.92
796945140,1.112000,-0.016000,-0.272000,31.008000,-6.641000,72.321000,31.87
796957963,1.102000,-0.034000,-0.207000,37.939000,-4.763000,71.603000,32.01
796964970,1.095000,-0.020000,-0.242000,43.542000,-3.817000,72.534000,31.87
796975496,1.144000,-0.083000,-0.278000,44.916000,-1.786000,70.397000,31.92
796984935,1.065000,-0.068000,-0.270000,44.351000,-1.557000,70.687000,31.97
796995526,1.041000,-0.002000,-0.301000,39.710000,-4.031000,72.336000,31.87
797001668,1.124000,-0.120000,-0.289000,36.198000,-3.969000,71.282000,31.92
797014517,1.100000,-0.141000,-0.190000,41.511000,-3.786000,71.557000,31.87
797029601,1.123000,-0.132000,-0.239000,46.885000,0.305000,71.130000,31.92
797036788,1.124000,-0.127000,-0.232000,51.557000,3.344000,70.687000,31.87
797047334,1.094000,-0.105000,-0.290000,52.153000,2.855000,70.718000,31.82
797058315,1.022000,-0.114000,-0.329000,46.137000,-1.008000,74.550000,31.97
797065213,1.029000,-0.122000,-0.272000,41.847000,-5.191000,75.786000,31.92
797072760,1.078000,-0.197000,-0.253000,41.298000,-7.344000,74.992000,31.87
797085213,1.096000,-0.270000,-0.209000,48.183000,-3.145000,74.473000,31.82
797094499,1.082000,-0.216000,-0.223000,52.427000,-0.427000,76.382000,31.92
797103055,1.065000,-0.204000,-0.247000,55.832000,1.771000,75.985000,31.92
797117093,1.038000,-0.212000,-0.282000,54.687000,2.580000,77.542000,31.87
797129574,0.995000,-0.195000,-0.319000,50.031000,0.229000,80.092000,31.92
797137472,1.001000,-0.240000,-0.303000,43.435000,-3.924000,83.420000,31.92
797143757,1.043000,-0.321000,-0.227000,44.824000,-4.336000,83.725000,32.06
797157754,1.024000,-0.352000,-0.211000,55.069000,-0.702000,82.977000,31.82
797165405,1.021000,-0.295000,-0.227000,58.504000,0.885000,83.313000,31.87
797179306,1.020000,-0.287000,-0.238000,59.221000,1.191000,85.908000,31.92
797192696,0.970000,-0.272000,-0.323000,53.649000,-2.183000,87.924000,31.87
797196977,0.948000,-0.271000,-0.332000,43.542000,-8.168000,91.420000,31.82
797204607,1.002000,-0.390000,-0.251000,39.176000,-10.870000,92.290000,31.97
797211708,1.020000,-0.492000,-0.166000,50.702000,-5.344000,88.779000,31.92
797230559,1.011000,-0.461000,-0.233000,57.252000,-2.443000,88.962000,31.97
797238080,1.042000,-0.465000,-0.220000,59.771000,4.244000,89.695000,31.92
797244984,0.906000,-0.356000,-0.285000,55.115000,1.817000,92.412000,31.87
797256761,0.922000,-0.359000,-0.330000,43.359000,-3.893000,96.198000,31.92
797266086,0.967000,-0.423000,-0.185000,39.038000,-4.382000,96.809000,31.92
797276936,0.987000,-0.506000,-0.263000,39.664000,-5.344000,97.893000,31.78
797289601,0.989000,-0.593000,-0.133000,42.244000,-5.740000,99.237000,31.82
797298305,0.971000,-0.597000,-0.203000,48.443000,-1.252000,99.588000,31.87
797301789,0.946000,-0.592000,-0.221000,46.412000,-0.031000,100.550000,31.92
797312819,0.886000,-0.518000,-0.209000,45.115000,-1.603000,100.748000,31.97
797325545,0.894000,-0.450000,-0.283000,38.840000,-5.939000,100.244000,31.92
797336083,0.916000,-0.582000,-0.284000,33.618000,-11.893000,102.824000,31.97
797344472,0.951000,-0.688000,-0.100000,38.656000,-10.794000,103.786000,31.92
797359271,0.923000,-0.677000,-0.137000,47.008000,-8.672000,106.550000,31.82
797367553,0.988000,-0.755000,-0.159000,52.244000,0.366000,102.183000,31.82
797378100,0.901000,-0.788000,-0.197000,56.122000,3.496000,100.580000,31.97
797387106,0.783000,-0.657000,-0.324000,50.611000,-0.046000,103.511000,31.92
797397044,0.841000,-0.633000,-0.228000,43.893000,-3.893000,100.687000,31.87
797402059,0.850000,-0.659000,-0.179000,41.664000,-6.015000,99.374000,31.87
797413152,0.825000,-0.661000,-0.190000,41.847000,-8.702000,103.313000,31.82
797429935,0.846000,-0.765000,-0.159000,44.260000,-6.870000,104.382000,31.97
797440069,0.842000,-0.844000,-0.098000,52.626000,-2.061000,104.840000,31.92
797445785,0.793000,-0.812000,-0.159000,56.397000,-0.427000,104.840000,31.97
797454169,0.755000,-0.835000,-0.253000,50.687000,-1.023000,103.527000,31.82
797464795,0.728000,-0.800000,-0.219000,47.878000,-3.588000,101.939000,31.97
797475602,0.728000,-0.749000,-0.157000,44.550000,-6.198000,101.038000,31.92
797486911,0.842000,-0.771000,-0.117000,46.794000,-5.084000,101.740000,31.87
797497253,0.798000,-0.842000,-0.102000,52.198000,0.718000,100.855000,31.92
797502410,0.726000,-0.848000,-0.081000,55.237000,1.282000,103.710000,31.87
797513648,0.674000,-0.854000,-0.120000,52.046000,0.183000,104.916000,31.82
797526438,0.617000,-0.821000,-0.179000,42.855000,-7.206000,107.634000,31.92
797537311,0.692000,-0.909000,-0.206000,33.954000,-9.313000,105.008000,31.92
797545098,0.675000,-0.932000,-0.095000,37.237000,-9.573000,105.557000,31.92
797555212,0.779000,-0.944000,0.002000,45.069000,-0.473000,101.053000,31.97
797565530,0.698000,-0.939000,-0.023000,52.550000,5.969000,99.313000,32.01
797573947,0.655000,-0.922000,-0.047000,53.924000,7.618000,100.397000,31.87
797585201,0.577000,-0.906000,-0.158000,46.641000,4.397000,103.725000,31.92
797597381,0.631000,-0.930000,-0.045000,43.405000,3.527000,105.664000,31.97
797602713,0.660000,-0.949000,-0.126000,39.939000,9.145000,100.092000,31.82
797614612,0.590000,-0.932000,-0.030000,41.206000,8.580000,100.458000,31.97
797629081,0.652000,-1.003000,0.047000,45.328000,14.641000,98.794000,31.92
797644227,0.624000,-1.005000,-0.010000,49.511000,18.947000,96.183000,31.87
797646315,0.487000,-0.947000,-0.047000,47.802000,17.985000,99.527000,31.92
797656380,0.531000,-0.933000,-0.069000,43.298000,11.176000,96.427000,31.87
797666792,0.557000,-0.962000,-0.016000,39.542000,13.069000,98.580000,31.92
797674330,0.509000,-1.006000,-0.066000,36.366000,11.542000,99.008000,31.97
797685436,0.527000,-1.072000,-0.020000,35.847000,12.092000,96.824000,31.87
797693820,0.525000,-1.103000,0.032000,38.305000,16.519000,95.466000,31.82
797704287,0.445000,-1.025000,0.045000,41.542000,17.008000,97.267000,31.97
797710957,0.421000,-1.006000,-0.011000,40.672000,14.137000,96.733000,31.92
797723119,0.394000,-1.018000,0.004000,37.557000,9.038000,99.786000,31.87
797737851,0.346000,-1.022000,-0.034000,32.427000,3.450000,101.206000,31.92
797745600,0.360000,-1.021000,-0.007000,27.985000,-1.664000,103.939000,31.87
797757063,0.419000,-1.096000,-0.008000,25.542000,-0.916000,100.443000,31.92
797769321,0.334000,-1.083000,0.077000,27.527000,1.038000,100.229000,31.87
797774252,0.296000,-1.053000,0.091000,29.191000,-0.275000,103.405000,31.92
797784221,0.314000,-1.098000,0.083000,29.008000,1.176000,106.321000,31.92
797796738,0.231000,-1.010000,-0.015000,24.611000,-3.267000,96.733000,31.92
797805383,0.227000,-1.075000,0.005000,16.794000,-10.992000,102.061000,31.87
797812325,0.222000,-1.083000,0.077000,14.198000,-13.252000,99.603000,31.82
797824525,0.202000,-1.072000,0.075000,10.168000,-15.542000,97.954000,32.01
797837393,0.210000,-1.121000,0.096000,9.328000,-14.702000,94.015000,31.87
797847001,0.181000,-1.107000,0.130000,12.336000,-12.290000,91.710000,31.92
797853954,0.202000,-1.108000,0.098000,14.687000,-11.359000,89.603000,31.87
797870883,0.189000,-1.104000,0.050000,15.298000,-9.740000,85.939000,31.92
797876050,0.092000,-1.089000,0.077000,14.397000,-12.656000,85.863000,31.78
797883801,0.131000,-1.109000,0.036000,11.038000,-17.206000,81.878000,31.92
797896095,0.109000,-1.111000,0.115000,9.450000,-17.389000,77.557000,31.87
797906010,0.117000,-1.064000,0.147000,8.519000,-17.038000,75.847000,31.92
797913531,0.148000,-1.100000,0.094000,7.084000,-16.046000,71.313000,31.87
797920684,0.099000,-1.097000,0.140000,9.756000,-15.634000,68.595000,32.01
797934932,0.115000,-1.074000,0.105000,12.031000,-17.160000,70.275000,31.87
797945164,0.077000,-1.037000,0.045000,10.305000,-20.427000,68.595000,31.82
797954449,0.061000,-1.058000,0.083000,10.366000,-24.718000,68.458000,31.73
797967768,0.092000,-1.016000,0.146000,12.656000,-24.275000,67.832000,31.87
797976590,0.156000,-0.984000,0.185000,11.695000,-19.863000,66.076000,31.82
797987262,0.176000,-1.023000,0.186000,9.756000,-11.924000,59.145000,31.87
797995904,0.069000,-1.022000,0.158000,10.504000,-7.069000,58.321000,31.82
798006806,0.047000,-1.014000,0.121000,10.168000,-7.649000,55.863000,31.87
798015091,0.035000,-1.045000,0.125000,10.092000,-8.885000,57.802000,31.82
798022189,-0.007000,-1.050000,0.054000,8.183000,-13.023000,56.427000,31.87
798039243,-0.014000,-1.065000,0.041000,7.542000,-17.893000,57.282000,31.92
798049474,0.011000,-1.048000,0.125000,8.031000,-21.481000,56.305000,31.92
798054979,0.019000,-0.958000,0.204000,9.847000,-17.282000,58.824000,31.82
798067396,0.068000,-1.022000,0.142000,6.931000,-14.366000,54.504000,31.87
798077430,0.013000,-0.998000,0.124000,7.924000,-11.099000,53.191000,31.92
798087380,-0.001000,-0.975000,0.137000,3.389000,-9.756000,49.511000,31.87
798096133,-0.041000,-0.992000,0.139000,6.489000,-8.046000,50.962000,31.87
798106219,-0.044000,-0.998000,0.101000,3.939000,-9.282000,50.168000,31.92
798112219,-0.080000,-1.037000,0.024000,-2.122000,-12.153000,49.511000,31.87
798123726,-0.112000,-1.011000,0.121000,-2.137000,-14.840000,48.122000,31.82
798134884,-0.096000,-0.926000,0.214000,-1.847000,-13.359000,46.885000,31.87
798146184,-0.061000,-0.935000,0.147000,-6.275000,-12.595000,38.183000,31.73
798155638,-0.079000,-0.964000,0.085000,-8.565000,-11.878000,37.344000,31.97
798167748,-0.124000,-0.957000,0.112000,-9.954000,-14.443000,36.000000,31.92
798177589,-0.092000,-0.982000,0.144000,-12.031000,-13.740000,33.359000,31.97
798184455,-0.087000,-0.983000,0.138000,-13.282000,-13.618000,28.763000,31.82
798196208,-0.097000,-1.008000,0.098000,-16.412000,-12.687000,27.115000,31.87
798207002,-0.117000,-1.005000,0.095000,-18.580000,-13.756000,24.641000,31.92
798212746,-0.096000,-1.019000,0.121000,-19.115000,-13.450000,21.038000,31.92
798223633,-0.099000,-0.985000,0.169000,-19.069000,-12.092000,17.725000,31.97
798239930,-0.101000,-0.980000,0.137000,-20.015000,-10.534000,15.481000,31.92
798246442,-0.092000,-0.987000,0.122000,-21.252000,-9.969000,13.847000,31.78
798255828,-0.108000,-1.000000,0.165000,-20.092000,-8.412000,11.802000,31.92
798263947,-0.094000,-1.013000,0.160000,-16.137000,-6.794000,9.420000,31.78
798274841,-0.094000,-0.982000,0.132000,-17.954000,-3.756000,7.145000,31.92
798283108,-0.098000,-0.971000,0.108000,-18.183000,-2.656000,6.366000,31.87
798296899,-0.066000,-0.993000,0.120000,-16.550000,-1.069000,4.504000,31.82
798307697,-0.085000,-0.973000,0.110000,-15.084000,0.550000,3.405000,31.92
798313508,-0.089000,-0.993000,0.102000,-13.069000,0.977000,2.275000,31.92
798324723,-0.122000,-0.960000,0.086000,-11.863000,0.198000,1.725000,31.87
798337408,-0.083000,-0.976000,0.127000,-8.611000,0.870000,0.702000,31.82
798348874,-0.085000,-0.983000,0.127000,-4.382000,4.076000,0.916000,31.87
798354299,-0.074000,-0.989000,0.144000,-1.786000,7.038000,0.504000,31.87
798365338,-0.093000,-0.975000,0.141000,-0.656000,9.557000,0.229000,31.92
798377091,-0.099000,-0.976000,0.122000,0.916000,12.015000,-0.580000,31.78
798384792,-0.142000,-0.948000,0.167000,2.779000,13.618000,-1.679000,31.82
798397215,-0.150000,-0.927000,0.153000,1.252000,12.687000,-3.725000,31.97
798410072,-0.151000,-0.926000,0.104000,-1.099000,11.053000,-4.733000,31.92
798414725,-0.172000,-0.950000,0.130000,-0.504000,10.260000,-3.756000,31.87
798421444,-0.156000,-0.954000,0.124000,0.305000,10.092000,-4.000000,31.92
798439296,-0.146000,-0.940000,0.132000,-0.229000,10.382000,-4.672000,31.87
798456139,-0.161000,-0.944000,0.135000,-1.038000,10.748000,-5.588000,31.92
798458581,-0.166000,-0.949000,0.144000,-2.076000,10.107000,-6.702000,31.87
798465892,-0.166000,-0.955000,0.121000,-2.947000,9.847000,-7.679000,31.92
798478727,-0.159000,-0.949000,0.142000,-3.466000,10.015000,-8.275000,31.92
798485791,-0.155000,-0.951000,0.129000,-5.298000,9.145000,-8.870000,31.92
798492645,-0.138000,-0.961000,0.110000,-6.244000,9.176000,-9.679000,31.82
798504509,-0.139000,-0.963000,0.134000,-5.573000,10.031000,-9.802000,31.87
798515802,-0.149000,-0.951000,0.121000,-6.031000,10.046000,-9.649000,31.92
798522803,-0.139000,-0.958000,0.121000,-5.924000,9.893000,-9.649000,31.87
798535889,-0.126000,-0.952000,0.126000,-5.832000,9.985000,-8.840000,32.01
798549467,-0.129000,-0.958000,0.125000,-5.069000,9.954000,-8.779000,31.87
798557974,-0.142000,-0.953000,0.104000,-5.069000,9.863000,-8.000000,31.82
798563422,-0.119000,-0.949000,0.101000,-4.977000,10.183000,-8.275000,31.78
798575842,-0.146000,-0.949000,0.100000,-5.725000,8.931000,-7.405000,31.92
798585674,-0.155000,-0.936000,0.122000,-6.702000,7.557000,-8.260000,31.78
798596844,-0.138000,-0.950000,0.131000,-7.008000,8.046000,-7.435000,31.92
798606712,-0.146000,-0.940000,0.131000,-6.992000,8.015000,-6.931000,31.87
798616071,-0.160000,-0.928000,0.149000,-8.641000,7.298000,-6.733000,31.92
798625033,-0.146000,-0.938000,0.111000,-9.099000,6.992000,-7.817000,31.87
798632006,-0.204000,-0.910000,0.115000,-9.725000,4.611000,-7.298000,31.78
798647926,-0.164000,-0.941000,0.117000,-11.282000,2.153000,-6.672000,31.82
798654338,-0.171000,-0.952000,0.128000,-10.198000,2.412000,-5.924000,31.78
798664264,-0.159000,-0.949000,0.146000,-10.290000,1.878000,-7.115000,31.82
798676167,-0.142000,-0.951000,0.141000,-10.550000,2.046000,-5.527000,31.87
798685198,-0.117000,-0.968000,0.155000,-9.634000,4.550000,-6.977000,31.92
798695588,-0.165000,-0.950000,0.140000,-8.595000,5.374000,-6.198000,31.87
798706364,-0.181000,-0.918000,0.130000,-11.924000,2.779000,-5.511000,31.92
798715781,-0.164000,-0.926000,0.096000,-13.145000,0.595000,-7.145000,31.87
798721522,-0.161000,-0.937000,0.099000,-12.458000,-1.313000,-5.267000,31.92
798733250,-0.119000,-0.949000,0.124000,-10.931000,-0.427000,-5.115000,31.92
798747909,-0.137000,-0.933000,0.134000,-11.237000,-1.008000,-3.695000,31.92
798757720,-0.119000,-0.940000,0.138000,-8.763000,0.183000,-3.756000,31.87
798765141,-0.137000,-0.920000,0.116000,-9.618000,0.992000,-5.450000,31.92
798777679,-0.134000,-0.924000,0.103000,-10.275000,0.076000,-3.053000,31.82
798785314,-0.125000,-0.961000,0.099000,-9.740000,0.534000,-2.107000,31.78
798795614,-0.154000,-0.949000,0.095000,-7.878000,-0.183000,-0.641000,31.82
798804918,-0.127000,-0.949000,0.079000,-9.084000,-0.504000,-1.344000,31.97
798816557,-0.125000,-0.951000,0.101000,-7.084000,-0.473000,0.198000,31.92
798822482,-0.129000,-0.961000,0.092000,-7.344000,0.076000,-0.458000,31.87
798834583,-0.143000,-0.940000,0.108000,-6.260000,0.137000,1.664000,31.82
798847728,-0.135000,-0.946000,0.098000,-6.427000,0.733000,0.382000,31.87
798856789,-0.155000,-0.950000,0.099000,-6.885000,0.763000,1.115000,31.92
798864483,-0.147000,-0.968000,0.111000,-4.901000,1.252000,2.840000,31.87
798875967,-0.148000,-0.943000,0.089000,-6.992000,1.802000,0.931000,31.92
798884827,-0.168000,-0.942000,0.093000,-8.046000,0.565000,2.702000,31.87
798896421,-0.142000,-0.938000,0.121000,-7.771000,2.107000,1.985000,31.92
798906272,-0.145000,-0.914000,0.112000,-8.595000,2.534000,0.351000,31.92
798915138,-0.166000,-0.932000,0.069000,-10.809000,1.893000,-0.076000,31.87
798924929,-0.149000,-0.963000,0.082000,-11.191000,1.176000,0.580000,31.82
798931938,-0.133000,-0.969000,0.090000,-10.534000,1.099000,0.687000,31.78
798948318,-0.147000,-0.963000,0.070000,-11.496000,1.267000,0.244000,31.92
798954884,-0.142000,-0.963000,0.090000,-13.008000,1.618000,-1.023000,31.87
798964689,-0.146000,-0.959000,0.082000,-15.252000,1.298000,-2.901000,31.82
798976852,-0.131000,-0.980000,0.087000,-17.008000,1.099000,-4.305000,31.87
798983373,-0.143000,-0.986000,0.052000,-19.832000,-0.351000,-6.092000,31.92
798997696,-0.143000,-1.002000,0.038000,-22.855000,-2.153000,-7.084000,31.92
799010748,-0.140000,-0.981000,0.079000,-23.450000,-3.282000,-6.397000,31.92
799018770,-0.120000,-0.976000,0.060000,-24.366000,-1.221000,-11.282000,31.97
799025664,-0.090000,-1.008000,0.057000,-23.893000,0.260000,-13.450000,31.92
799032685,-0.097000,-1.037000,0.047000,-22.305000,1.588000,-12.916000,31.92
799045668,-0.070000,-1.060000,0.036000,-18.168000,3.695000,-13.710000,31.87
799060170,-0.057000,-1.029000,0.096000,-14.061000,7.206000,-16.244000,31.82
799065096,-0.027000,-1.022000,-0.005000,-15.466000,11.542000,-23.908000,31.78
799079460,-0.116000,-1.008000,-0.006000,-16.885000,8.092000,-23.847000,31.92
799085878,-0.076000,-1.013000,-0.010000,-19.573000,6.855000,-24.611000,31.87
799095160,-0.060000,-1.012000,0.053000,-18.992000,7.115000,-24.794000,31.92
799106117,-0.047000,-0.973000,0.006000,-21.634000,7.679000,-25.649000,31.87
799115362,-0.017000,-1.032000,0.010000,-19.573000,7.786000,-30.687000,31.92
799125616,-0.032000,-1.028000,0.011000,-17.893000,7.710000,-24.183000,31.97
799132609,-0.041000,-1.022000,0.014000,-21.802000,9.038000,-31.084000,31.92
799147737,-0.027000,-1.016000,0.004000,-17.710000,8.214000,-32.183000,31.87
799157815,-0.069000,-1.008000,0.009000,-19.084000,6.504000,-32.641000,31.82
799166114,-0.030000,-1.012000,0.023000,-18.977000,6.947000,-34.916000,31.82
799172876,-0.044000,-0.996000,0.010000,-20.427000,7.496000,-36.229000,31.87
799189741,-0.055000,-1.013000,0.024000,-20.611000,6.489000,-37.908000,31.82
799194929,-0.060000,-1.028000,-0.001000,-20.992000,5.252000,-38.626000,31.78
799205410,-0.057000,-1.014000,-0.010000,-21.710000,4.595000,-39.405000,31.92
799214631,-0.016000,-1.020000,0.007000,-22.504000,4.336000,-40.977000,31.87
799226501,0.001000,-1.049000,0.016000,-21.176000,6.855000,-43.313000,31.92
799233027,0.009000,-1.056000,-0.012000,-21.527000,9.023000,-45.435000,31.87
799244827,-0.011000,-1.061000,-0.012000,-22.840000,9.176000,-47.481000,31.92
799259249,0.004000,-1.053000,-0.047000,-25.267000,8.916000,-49.496000,31.92
799268137,-0.016000,-1.044000,-0.041000,-27.878000,7.511000,-51.099000,31.92
799274864,-0.008000,-1.049000,-0.067000,-29.802000,3.710000,-49.405000,31.87
799288951,0.037000,-1.068000,-0.053000,-30.977000,2.290000,-50.718000,31.97
799296161,0.029000,-1.032000,-0.001000,-31.771000,2.595000,-50.565000,31.92
799303538,0.087000,-1.069000,-0.075000,-32.855000,3.420000,-57.115000,31.97
799316153,0.064000,-1.073000,-0.059000,-33.802000,2.107000,-57.771000,31.92
799325745,0.089000,-1.079000,-0.079000,-36.504000,0.840000,-59.985000,31.87
799332974,0.093000,-1.089000,-0.077000,-39.145000,-0.809000,-60.519000,31.82
799344867,0.129000,-1.096000,-0.094000,-41.389000,-0.840000,-62.580000,31.82
799359170,0.144000,-1.100000,-0.119000,-42.473000,-1.389000,-64.122000,31.92
799365812,0.154000,-1.085000,-0.089000,-44.137000,-1.725000,-66.458000,31.87
799371993,0.168000,-1.085000,-0.088000,-44.885000,0.321000,-68.626000,31.82
799389457,0.167000,-1.046000,-0.098000,-45.099000,2.947000,-70.580000,31.87
799397078,0.181000,-1.054000,-0.141000,-44.748000,3.847000,-74.214000,31.87
799402673,0.167000,-1.055000,-0.135000,-47.313000,1.435000,-75.649000,31.82
799416754,0.193000,-1.074000,-0.133000,-49.634000,0.779000,-77.191000,31.87
799426971,0.187000,-1.071000,-0.150000,-52.534000,1.603000,-78.427000,31.82
799433036,0.226000,-1.095000,-0.124000,-52.092000,2.733000,-81.618000,31.87
799445124,0.234000,-1.130000,-0.127000,-50.702000,3.527000,-85.282000,31.92
799456877,0.285000,-1.149000,-0.158000,-47.145000,9.206000,-88.275000,31.87
799467681,0.233000,-1.147000,-0.141000,-44.214000,10.962000,-89.939000,31.92
799473496,0.261000,-1.156000,-0.164000,-40.076000,12.901000,-92.626000,31.97
799485639,0.241000,-1.125000,-0.188000,-37.496000,11.634000,-95.160000,31.92
799499662,0.263000,-1.078000,-0.180000,-38.427000,10.885000,-94.763000,31.97
799503681,0.312000,-1.057000,-0.210000,-40.947000,9.618000,-95.878000,31.87
799518342,0.360000,-1.065000,-0.160000,-41.435000,11.603000,-95.542000,31.82
799525184,0.374000,-1.072000,-0.173000,-39.649000,14.656000,-94.947000,31.97
799533716,0.367000,-1.049000,-0.181000,-38.992000,17.084000,-97.985000,31.92
799544703,0.358000,-1.013000,-0.208000,-40.382000,17.145000,-96.443000,31.87
799551538,0.374000,-1.022000,-0.223000,-40.702000,18.519000,-96.550000,31.92
799567208,0.389000,-1.009000,-0.205000,-39.008000,19.344000,-98.962000,31.87
799575545,0.402000,-0.981000,-0.247000,-39.084000,19.542000,-99.954000,31.82
799587180,0.398000,-0.988000,-0.283000,-42.260000,16.412000,-98.901000,31.97
799602614,0.485000,-1.000000,-0.229000,-43.954000,16.061000,-98.015000,31.92
799604484,0.531000,-1.025000,-0.253000,-44.397000,19.313000,-98.931000,31.82
799615297,0.465000,-1.037000,-0.222000,-42.092000,21.832000,-98.947000,31.87
799629425,0.481000,-0.966000,-0.234000,-42.595000,21.695000,-97.939000,31.82
799638026,0.507000,-0.965000,-0.268000,-42.321000,26.321000,-99.908000,31.97
799644123,0.490000,-0.912000,-0.313000,-43.481000,23.298000,-96.305000,31.82
799650936,0.535000,-0.904000,-0.327000,-45.511000,20.290000,-95.954000,31.87
799668687,0.542000,-0.907000,-0.317000,-44.840000,19.282000,-94.916000,31.82
799675939,0.577000,-0.875000,-0.242000,-44.718000,19.435000,-94.977000,31.87
799683408,0.589000,-0.875000,-0.281000,-43.405000,22.260000,-94.992000,31.82
799698686,0.599000,-0.883000,-0.284000,-44.626000,24.122000,-95.786000,31.82
799708481,0.614000,-0.903000,-0.286000,-41.008000,26.855000,-94.733000,31.82
799714863,0.611000,-0.872000,-0.310000,-37.832000,28.412000,-95.267000,31.78
799727420,0.608000,-0.899000,-0.295000,-36.015000,26.870000,-94.397000,31.92
799738113,0.601000,-0.860000,-0.346000,-36.443000,25.038000,-90.794000,31.82
799744767,0.560000,-0.818000,-0.275000,-37.863000,20.656000,-90.260000,31.78
799749446,0.659000,-0.836000,-0.230000,-37.649000,23.908000,-90.092000,31.92
799762768,0.709000,-0.851000,-0.246000,-35.710000,27.435000,-90.992000,31.87
799777346,0.678000,-0.832000,-0.300000,-34.168000,30.000000,-91.145000,31.82
799786786,0.662000,-0.808000,-0.303000,-33.664000,30.504000,-89.878000,31.87
799793608,0.692000,-0.814000,-0.340000,-34.092000,30.641000,-89.313000,31.82
799809237,0.646000,-0.800000,-0.313000,-35.542000,27.634000,-88.885000,31.87
799814348,0.653000,-0.784000,-0.302000,-38.061000,25.237000,-87.924000,31.82
799825909,0.742000,-0.802000,-0.326000,-38.427000,25.130000,-85.450000,31.87
799836136,0.727000,-0.776000,-0.325000,-38.260000,25.084000,-85.527000,32.01
799843976,0.750000,-0.755000,-0.298000,-38.260000,27.008000,-83.374000,31.87
799855402,0.844000,-0.750000,-0.273000,-34.473000,36.748000,-86.840000,31.82
799862229,0.823000,-0.783000,-0.344000,-33.893000,41.969000,-87.603000,31.92
799879140,0.775000,-0.770000,-0.340000,-35.405000,43.496000,-84.305000,31.97
799889362,0.743000,-0.688000,-0.330000,-39.817000,39.267000,-80.351000,31.82
799895509,0.800000,-0.738000,-0.350000,-44.153000,36.534000,-81.740000,31.87
799908803,0.792000,-0.682000,-0.312000,-42.229000,33.115000,-79.466000,31.92
799919518,0.860000,-0.713000,-0.328000,-39.176000,35.435000,-82.198000,31.97
799924481,0.810000,-0.636000,-0.288000,-36.733000,34.595000,-83.542000,32.01
799935810,0.857000,-0.636000,-0.392000,-41.695000,30.733000,-87.252000,31.97
799944390,0.835000,-0.605000,-0.316000,-43.863000,26.214000,-86.504000,31.92
799954983,0.918000,-0.663000,-0.382000,-46.733000,22.901000,-86.977000,31.92
799961712,0.903000,-0.669000,-0.302000,-46.779000,23.679000,-87.710000,31.82
799977308,0.996000,-0.650000,-0.333000,-42.168000,28.626000,-88.962000,31.97
799987411,0.994000,-0.652000,-0.344000,-41.847000,30.733000,-94.687000,31.82
799996294,0.957000,-0.597000,-0.345000,-39.924000,30.962000,-90.992000,31.82
800006625,0.936000,-0.509000,-0.359000,-42.809000,29.221000,-94.885000,31.87
800023102,0.975000,-0.525000,-0.350000,-48.473000,24.809000,-95.252000,31.92
800025440,1.017000,-0.524000,-0.378000,-50.198000,22.214000,-91.542000,31.78
800035515,1.042000,-0.531000,-0.307000,-48.122000,23.618000,-95.450000,31.92
800044724,1.063000,-0.477000,-0.295000,-43.466000,26.366000,-99.359000,31.87
800055860,1.060000,-0.478000,-0.299000,-43.344000,30.504000,-99.634000,31.82
800061329,1.034000,-0.448000,-0.265000,-42.550000,31.389000,-99.038000,31.78
800075204,1.023000,-0.389000,-0.295000,-42.244000,30.214000,-100.611000,31.82
800089865,1.003000,-0.354000,-0.347000,-48.000000,25.969000,-102.351000,31.87
800095977,1.020000,-0.403000,-0.317000,-50.489000,19.771000,-98.015000,31.92
800104794,1.132000,-0.502000,-0.295000,-43.924000,23.053000,-101.511000,31.87
800119048,1.093000,-0.460000,-0.290000,-39.634000,28.336000,-103.817000,31.92
800128081,1.071000,-0.375000,-0.253000,-35.634000,30.809000,-103.115000,31.92
800134651,1.050000,-0.333000,-0.304000,-38.260000,31.771000,-106.901000,31.87
800144478,1.049000,-0.311000,-0.346000,-42.580000,26.687000,-104.290000,31.82
800158713,1.029000,-0.252000,-0.307000,-46.168000,23.679000,-104.427000,31.87
800165026,1.037000,-0.248000,-0.293000,-49.176000,17.679000,-108.840000,31.92
800171956,1.133000,-0.302000,-0.275000,-45.740000,19.847000,-106.260000,31.87
800185183,1.143000,-0.317000,-0.348000,-41.374000,24.473000,-109.954000,31.92
800195229,1.101000,-0.283000,-0.288000,-37.542000,25.725000,-112.595000,31.87
800203919,1.117000,-0.232000,-0.302000,-39.344000,26.137000,-114.382000,31.92
800215819,1.167000,-0.217000,-0.377000,-44.611000,25.115000,-119.176000,31.82
800225129,1.104000,-0.112000,-0.314000,-51.176000,23.924000,-121.511000,31.92
800233904,1.160000,-0.117000,-0.311000,-59.099000,24.855000,-123.969000,31.87
800247188,1.246000,-0.122000,-0.316000,-57.832000,21.221000,-128.031000,31.92
800254203,1.130000,-0.086000,-0.302000,-56.901000,24.321000,-128.260000,31.92
800264633,1.219000,-0.116000,-0.304000,-54.641000,25.985000,-131.771000,31.87
800269578,1.215000,-0.129000,-0.226000,-50.977000,27.267000,-139.176000,31.92
800282383,1.139000,-0.072000,-0.308000,-54.107000,29.237000,-141.817000,31.87
800295157,1.061000,0.019000,-0.298000,-59.466000,22.779000,-143.573000,31.82
800303202,1.051000,0.070000,-0.277000,-69.878000,15.038000,-144.412000,31.87
800313983,1.068000,0.080000,-0.233000,-73.985000,11.069000,-141.542000,31.82
800326319,1.101000,0.028000,-0.250000,-69.756000,14.275000,-140.855000,31.87
800335602,1.145000,-0.017000,-0.119000,-60.977000,20.718000,-144.992000,31.92
800347176,0.991000,0.083000,-0.120000,-55.710000,26.198000,-139.954000,31.87
800355594,1.052000,0.037000,-0.151000,-52.397000,29.954000,-136.656000,31.92
800366162,0.927000,0.132000,-0.193000,-54.458000,29.573000,-135.725000,31.87
800375108,0.852000,0.203000,-0.259000,-58.031000,24.809000,-129.237000,31.92
800381909,0.871000,0.233000,-0.179000,-65.527000,17.847000,-125.817000,31.92
800397004,0.802000,0.281000,-0.227000,-71.405000,7.863000,-116.489000,31.87
800405342,0.889000,0.230000,-0.159000,-69.069000,4.733000,-109.084000,31.92
800413612,0.957000,0.171000,-0.179000,-57.588000,6.794000,-107.511000,31.87
800425896,0.941000,0.172000,-0.065000,-46.977000,12.076000,-106.763000,32.01
800437210,0.886000,0.234000,-0.099000,-41.084000,14.260000,-101.649000,31.87
800445043,0.760000,0.316000,-0.162000,-40.000000,12.137000,-94.183000,31.82
800454489,0.755000,0.400000,-0.169000,-45.786000,4.122000,-84.626000,31.87
800466171,0.760000,0.442000,-0.115000,-50.504000,-3.771000,-76.321000,31.92
800475954,0.777000,0.449000,-0.096000,-48.809000,-7.389000,-64.565000,31.92
800482355,0.845000,0.450000,-0.072000,-43.817000,-8.000000,-58.580000,31.92
800499001,0.809000,0.439000,-0.057000,-35.344000,-7.878000,-51.145000,31.87
800508515,0.880000,0.417000,-0.083000,-31.282000,-4.824000,-47.863000,31.82
800518550,0.826000,0.433000,-0.034000,-26.687000,-4.809000,-40.473000,31.97
800525653,0.793000,0.503000,-0.074000,-22.504000,-6.260000,-30.656000,31.87
800537674,0.783000,0.535000,-0.083000,-24.489000,-13.099000,-22.382000,31.82
800546814,0.810000,0.522000,-0.091000,-25.756000,-14.397000,-15.206000,31.87
800554087,0.828000,0.514000,-0.028000,-20.260000,-15.618000,-4.702000,31.92
800566728,0.868000,0.525000,-0.029000,-12.565000,-13.084000,0.473000,31.87
800572527,0.873000,0.538000,-0.031000,-5.710000,-9.740000,6.305000,31.92
800583386,0.885000,0.528000,-0.027000,-0.260000,-8.198000,13.542000,31.78
800595239,0.852000,0.568000,-0.070000,2.595000,-7.496000,19.420000,31.82
800605124,0.830000,0.589000,-0.084000,3.160000,-9.908000,27.038000,31.87
800616360,0.892000,0.542000,-0.117000,3.603000,-9.695000,33.359000,31.92
800624858,0.912000,0.501000,-0.106000,8.885000,-7.069000,37.008000,31.87
800636003,0.906000,0.504000,-0.100000,14.229000,-4.626000,39.771000,31.82
800646803,0.902000,0.488000,-0.136000,18.061000,-4.611000,42.626000,31.82
800655181,0.912000,0.518000,-0.140000,21.374000,-5.511000,47.038000,31.97
800661737,0.936000,0.481000,-0.144000,23.313000,-6.824000,49.740000,31.82
800674023,0.938000,0.483000,-0.133000,26.275000,-7.847000,52.000000,31.87
800685798,0.969000,0.472000,-0.230000,27.160000,-6.794000,52.229000,31.82
800692237,0.962000,0.456000,-0.197000,27.206000,-5.466000,51.893000,31.78
800705709,0.965000,0.422000,-0.139000,29.664000,-4.031000,53.618000,31.82
800714154,1.007000,0.378000,-0.170000,33.435000,-1.725000,53.298000,31.87
800726114,0.964000,0.387000,-0.193000,37.603000,-1.481000,54.901000,31.82
800731659,1.000000,0.370000,-0.175000,41.053000,-0.763000,55.313000,31.82
800747763,0.976000,0.386000,-0.192000,41.313000,-3.924000,55.878000,31.82
800758290,1.001000,0.408000,-0.250000,40.031000,-6.885000,59.160000,31.78
800763904,1.023000,0.386000,-0.217000,38.840000,-7.725000,61.191000,31.82
800777230,1.049000,0.359000,-0.208000,38.260000,-8.336000,60.031000,31.92
800786946,1.051000,0.318000,-0.231000,38.611000,-7.115000,61.084000,31.87
800794367,1.026000,0.296000,-0.198000,41.023000,-5.603000,63.603000,31.82
800801467,1.065000,0.273000,-0.187000,42.137000,-2.855000,62.214000,31.78
800814311,1.047000,0.259000,-0.202000,45.084000,-2.168000,65.527000,31.73
800823814,1.018000,0.274000,-0.225000,45.405000,-3.527000,69.710000,31.87
800833588,1.004000,0.323000,-0.241000,44.427000,-6.611000,71.771000,31.92
800845297,1.010000,0.299000,-0.244000,39.450000,-11.588000,74.672000,31.87
800856782,1.054000,0.211000,-0.240000,37.740000,-12.489000,78.336000,31.82
800865846,1.093000,0.135000,-0.188000,42.061000,-7.450000,79.237000,31.87
800873466,1.076000,0.131000,-0.148000,49.191000,-1.802000,79.145000,31.82
800885022,1.086000,0.127000,-0.208000,52.885000,2.336000,77.939000,31.87
800893538,1.021000,0.152000,-0.268000,52.366000,2.977000,79.160000,31.87
800903147,0.961000,0.185000,-0.291000,50.580000,0.718000,84.977000,31.92
800915958,0.999000,0.166000,-0.254000,47.908000,-4.031000,88.992000,31.87
800927110,1.034000,0.102000,-0.242000,48.718000,-5.069000,91.313000,31.92
800935973,1.063000,0.058000,-0.193000,54.626000,-2.473000,92.076000,31.87
800946299,1.075000,0.021000,-0.225000,59.298000,1.405000,92.489000,31.92
800958130,1.023000,0.041000,-0.245000,59.924000,4.702000,93.008000,31.87
800964979,0.968000,0.067000,-0.279000,56.794000,2.840000,94.489000,31.82
800976878,0.994000,0.029000,-0.327000,52.458000,0.977000,97.924000,31.87
800984613,1.071000,-0.095000,-0.250000,58.076000,2.473000,100.412000,31.92
800996203,1.044000,-0.120000,-0.178000,65.237000,5.450000,100.992000,31.92
801005350,1.046000,-0.035000,-0.205000,68.443000,8.550000,101.160000,31.82
801012232,1.016000,-0.111000,-0.235000,69.145000,9.130000,103.924000,31.92
801025608,0.932000,-0.044000,-0.360000,59.450000,4.015000,106.122000,31.87
801037678,0.957000,-0.023000,-0.353000,49.313000,-3.328000,111.710000,31.92
801043890,1.038000,-0.112000,-0.309000,43.588000,-7.817000,112.504000,31.78
801056069,1.096000,-0.233000,-0.256000,47.160000,-3.817000,109.359000,31.82
801067149,1.110000,-0.308000,-0.242000,55.282000,3.267000,109.252000,31.87
801075707,1.056000,-0.341000,-0.208000,62.809000,7.145000,111.115000,31.82
801086920,1.035000,-0.331000,-0.225000,65.893000,7.420000,113.588000,31.87
801101403,0.938000,-0.213000,-0.286000,62.092000,0.901000,116.366000,31.82
801104965,0.969000,-0.137000,-0.386000,53.863000,-8.382000,121.969000,31.87
801112959,1.037000,-0.161000,-0.304000,46.443000,-11.084000,120.687000,31.92
801128011,1.145000,-0.314000,-0.221000,48.809000,-8.290000,121.756000,31.78
801139048,1.148000,-0.395000,-0.203000,52.290000,0.244000,117.435000,31.82
801147904,1.078000,-0.397000,-0.166000,56.260000,5.756000,120.336000,31.87
801154467,1.072000,-0.413000,-0.234000,55.145000,11.603000,117.924000,31.97
801166959,0.946000,-0.356000,-0.275000,50.473000,9.374000,120.015000,31.82
801178178,1.000000,-0.401000,-0.350000,46.321000,5.450000,121.420000,31.87
801184138,0.960000,-0.375000,-0.198000,46.015000,2.855000,121.634000,31.82
801197163,1.010000,-0.456000,-0.253000,48.031000,0.885000,122.794000,31.78
801207882,1.066000,-0.570000,-0.154000,53.878000,6.290000,118.550000,31.82
801214192,0.995000,-0.568000,-0.123000,62.427000,11.817000,118.260000,31.78
801220736,0.986000,-0.593000,-0.229000,61.710000,13.863000,116.901000,31.82
801237714,0.865000,-0.541000,-0.281000,58.534000,14.901000,123.389000,31.78
801250215,0.857000,-0.509000,-0.222000,47.420000,2.611000,116.305000,31.82
801256307,0.856000,-0.568000,-0.189000,45.145000,-4.519000,121.038000,31.82
801266468,0.995000,-0.668000,-0.113000,52.031000,-3.664000,125.252000,31.82
801281600,1.009000,-0.788000,-0.060000,61.893000,7.740000,118.000000,31.97
801286905,0.839000,-0.731000,-0.091000,64.229000,10.489000,118.580000,31.92
801297332,0.817000,-0.699000,-0.178000,62.931000,9.420000,121.008000,31.92
801307183,0.766000,-0.664000,-0.180000,52.519000,1.084000,121.908000,31.87
801316789,0.811000,-0.695000,-0.198000,43.740000,-4.687000,121.084000,31.82
801322750,0.838000,-0.766000,-0.200000,45.099000,-8.718000,124.870000,31.87
801333476,0.896000,-0.888000,-0.023000,51.908000,-6.336000,120.687000,31.73
801345785,0.868000,-0.845000,-0.104000,55.298000,-0.107000,119.725000,31.87
801355930,0.831000,-0.916000,-0.115000,56.046000,3.817000,118.458000,31.82
801365661,0.727000,-0.832000,-0.141000,52.260000,0.382000,120.153000,31.78
801375852,0.694000,-0.820000,-0.194000,41.573000,-10.198000,122.458000,31.82
801385571,0.759000,-0.826000,-0.162000,37.893000,-14.641000,121.542000,31.87
801395614,0.774000,-0.853000,-0.171000,36.092000,-16.366000,119.756000,31.82
801405951,0.771000,-0.885000,-0.061000,40.550000,-15.038000,119.038000,31.78
801418574,0.784000,-0.975000,-0.097000,38.977000,-11.237000,117.802000,31.87
801423303,0.725000,-0.949000,-0.079000,37.725000,-9.649000,120.916000,31.92
801433780,0.661000,-0.918000,-0.199000,34.931000,-7.237000,112.412000,31.78
801446136,0.591000,-0.928000,-0.138000,26.565000,-18.840000,122.107000,31.82
801456441,0.657000,-0.888000,-0.139000,22.809000,-20.977000,116.901000,31.87
801466296,0.659000,-0.969000,-0.155000,21.557000,-23.008000,115.069000,31.82
801474055,0.655000,-1.018000,-0.137000,22.595000,-21.542000,116.336000,31.78
801485831,0.653000,-0.994000,-0.052000,27.298000,-16.397000,114.137000,31.82
801495336,0.640000,-1.036000,-0.088000,26.947000,-12.412000,109.710000,31.78
801505126,0.473000,-0.995000,-0.099000,23.588000,-10.305000,109.328000,31.82
801516836,0.460000,-0.996000,-0.145000,19.450000,-15.618000,112.031000,31.82
801524656,0.473000,-0.967000,-0.114000,17.206000,-19.099000,108.794000,31.82
801533169,0.467000,-0.937000,-0.134000,15.038000,-23.588000,108.748000,31.87
801548684,0.613000,-1.102000,-0.111000,16.931000,-19.466000,105.405000,31.82
801560302,0.504000,-0.986000,0.030000,27.176000,-14.397000,107.328000,31.82
801568598,0.564000,-1.043000,-0.114000,27.664000,-8.595000,102.962000,31.87
801573641,0.432000,-1.081000,-0.083000,23.649000,-11.115000,104.137000,31.82
801588168,0.416000,-1.049000,-0.121000,21.160000,-13.969000,107.221000,31.78
801595298,0.449000,-1.085000,-0.106000,16.107000,-16.122000,100.290000,31.92
801603129,0.404000,-1.063000,-0.017000,18.092000,-15.130000,101.252000,31.87
801614967,0.485000,-1.067000,-0.025000,22.458000,-10.107000,96.885000,31.82
801625922,0.434000,-1.070000,0.014000,29.847000,-3.695000,93.389000,31.87
801633287,0.420000,-1.066000,-0.000000,34.840000,0.916000,93.374000,31.82
801645923,0.336000,-1.040000,-0.058000,33.267000,-0.947000,94.443000,31.78
801658056,0.332000,-1.100000,-0.071000,26.748000,-6.504000,90.595000,31.73
801666097,0.362000,-1.084000,-0.005000,27.374000,-4.977000,90.046000,31.87
801672628,0.356000,-1.089000,0.021000,28.321000,-2.046000,86.015000,31.82
801687692,0.374000,-1.096000,0.099000,31.878000,5.374000,82.214000,31.92
801695439,0.337000,-1.074000,0.048000,35.160000,11.435000,77.435000,31.78
801707476,0.365000,-1.116000,0.006000,37.542000,22.290000,67.420000,31.82
801717781,0.253000,-1.072000,-0.037000,42.153000,12.443000,77.130000,31.87
801727510,0.171000,-1.061000,0.021000,39.053000,1.374000,76.519000,31.82
801735216,0.300000,-1.136000,0.073000,36.580000,6.198000,73.160000,31.87
801742559,0.270000,-1.071000,0.052000,38.504000,6.733000,69.817000,31.82
801759108,0.237000,-1.086000,0.073000,39.389000,11.053000,70.229000,31.87
801767318,0.267000,-1.075000,0.080000,40.702000,16.290000,66.061000,31.82
801776427,0.230000,-1.071000,0.097000,43.634000,19.511000,67.084000,31.92
801784719,0.207000,-1.028000,-0.048000,41.802000,21.695000,64.122000,31.82
801797162,0.146000,-1.063000,-0.031000,45.817000,18.183000,62.718000,31.87
801805312,0.090000,-1.026000,0.027000,37.832000,13.252000,65.527000,31.82
801816810,0.097000,-1.107000,0.030000,34.412000,7.573000,62.779000,31.87
801827202,0.077000,-1.088000,0.155000,34.580000,3.252000,59.282000,31.78
801833075,0.139000,-1.079000,0.148000,34.718000,11.176000,59.496000,31.92
801844556,0.152000,-1.068000,0.090000,34.824000,18.687000,56.046000,31.87
801857921,0.098000,-0.974000,0.039000,34.702000,18.550000,56.733000,31.92
801873248,0.093000,-1.023000,0.048000,29.924000,19.496000,57.206000,31.78
801878973,0.045000,-1.045000,0.090000,31.802000,15.954000,59.511000,31.82
801884821,0.057000,-1.026000,0.072000,29.420000,12.885000,57.924000,31.78
801897135,0.027000,-1.017000,0.078000,23.466000,9.649000,55.206000,31.73
801905567,0.011000,-1.029000,0.118000,21.878000,5.725000,57.237000,31.87
801916971,0.053000,-1.022000,0.126000,17.053000,5.817000,52.733000,31.82
801925405,0.040000,-1.041000,0.138000,15.115000,4.473000,49.847000,31.78
801935218,0.044000,-1.050000,0.143000,15.008000,7.634000,51.405000,31.82
801942141,0.018000,-0.982000,0.145000,16.000000,8.351000,51.603000,31.82
801954111,-0.005000,-0.999000,0.140000,13.420000,6.076000,49.405000,31.87
801968646,-0.013000,-1.037000,0.115000,10.198000,3.603000,47.710000,31.73
801975352,-0.009000,-1.036000,0.182000,8.366000,1.359000,46.443000,31.78
801986145,-0.044000,-1.004000,0.127000,2.382000,-2.336000,42.031000,31.82
801996004,-0.050000,-1.001000,0.137000,-3.450000,-4.931000,37.099000,31.87
802008822,-0.031000,-1.050000,0.147000,-4.809000,-9.038000,33.573000,31.92
802013952,-0.013000,-1.048000,0.135000,-3.496000,-9.176000,36.015000,31.78
802025457,0.006000,-1.038000,0.184000,-3.374000,-7.130000,33.435000,31.82
802038167,0.006000,-1.067000,0.179000,-1.221000,-6.260000,31.267000,31.73
802043911,0.001000,-1.021000,0.159000,-0.183000,-5.191000,29.863000,31.82
802055603,-0.024000,-0.995000,0.157000,1.542000,-10.412000,30.626000,31.87
802068810,-0.070000,-0.993000,0.172000,-1.267000,-8.855000,28.336000,31.92
802077868,-0.029000,-0.975000,0.180000,-2.916000,-11.176000,25.954000,31.78
802087110,-0.027000,-0.983000,0.169000,-4.305000,-11.939000,24.397000,31.87
802094296,-0.025000,-0.977000,0.150000,-4.931000,-8.855000,21.420000,31.82
802108659,-0.043000,-0.976000,0.160000,-3.740000,-9.817000,20.824000,31.78
802113744,-0.078000,-0.987000,0.146000,-4.458000,-11.603000,19.023000,31.92
802126761,-0.079000,-0.947000,0.178000,-4.366000,-12.534000,18.840000,31.87
802137011,-0.031000,-1.013000,0.129000,-4.382000,-11.053000,16.244000,31.92
802145148,-0.059000,-0.997000,0.170000,-3.115000,-8.809000,12.351000,31.87
802151244,-0.103000,-0.956000,0.170000,-4.153000,-7.954000,9.328000,31.82
802163484,-0.145000,-0.953000,0.150000,-9.145000,-11.069000,5.527000,31.78
802177596,-0.131000,-0.975000,0.142000,-12.748000,-13.725000,4.183000,31.82
802184257,-0.094000,-1.017000,0.166000,-12.076000,-13.481000,1.435000,31.78
802195586,-0.085000,-0.994000,0.153000,-10.611000,-12.168000,0.870000,31.82
802208933,-0.074000,-1.000000,0.146000,-9.740000,-11.130000,0.473000,31.73
802213931,-0.081000,-0.990000,0.165000,-9.634000,-10.687000,-0.244000,31.68
802223644,-0.089000,-0.993000,0.161000,-8.931000,-9.145000,-0.931000,31.82
802236062,-0.076000,-0.979000,0.155000,-8.718000,-7.359000,-2.000000,31.78
802244982,-0.083000,-0.963000,0.163000,-8.366000,-6.198000,-3.679000,31.82
802251909,-0.087000,-0.960000,0.150000,-9.023000,-4.733000,-6.565000,31.87
802264143,-0.107000,-0.940000,0.115000,-11.588000,-5.740000,-8.137000,31.82
802277342,-0.088000,-0.963000,0.144000,-12.198000,-6.611000,-8.504000,31.87
802287555,-0.054000,-0.977000,0.137000,-11.481000,-3.099000,-9.954000,31.92
802295563,-0.098000,-0.948000,0.152000,-10.305000,-1.908000,-10.794000,31.78
802306969,-0.087000,-0.956000,0.172000,-10.992000,0.855000,-13.740000,31.92
802314363,-0.106000,-0.953000,0.155000,-11.557000,0.885000,-13.847000,31.87
802325806,-0.114000,-0.963000,0.149000,-12.244000,0.779000,-12.901000,31.82
802336652,-0.110000,-0.964000,0.128000,-12.244000,0.351000,-12.305000,31.87
802345153,-0.113000,-0.946000,0.146000,-13.511000,-0.260000,-12.427000,31.73
802352251,-0.103000,-0.948000,0.140000,-14.015000,0.000000,-12.672000,31.82
802364133,-0.107000,-0.956000,0.159000,-14.122000,0.687000,-14.397000,31.78
802383268,-0.087000,-0.974000,0.152000,-13.863000,2.656000,-14.092000,31.82
802388474,-0.077000,-0.979000,0.148000,-11.786000,5.252000,-14.733000,31.78
802395243,-0.097000,-0.960000,0.157000,-9.649000,6.824000,-14.290000,31.82
802407253,-0.116000,-0.940000,0.138000,-10.198000,5.527000,-13.802000,31.87
802414904,-0.106000,-0.931000,0.139000,-10.626000,4.748000,-12.840000,31.73
802425616,-0.093000,-0.920000,0.141000,-12.656000,3.634000,-12.275000,31.78
802435525,-0.104000,-0.922000,0.142000,-13.573000,3.573000,-12.718000,31.82
802445596,-0.086000,-0.944000,0.150000,-13.481000,4.168000,-12.412000,31.87
802452365,-0.084000,-0.945000,0.134000,-12.550000,4.947000,-11.695000,31.82
802464763,-0.090000,-0.970000,0.130000,-11.328000,5.267000,-10.901000,31.82
802478407,-0.074000,-0.960000,0.140000,-10.183000,6.641000,-9.710000,31.87
802484692,-0.106000,-0.934000,0.142000,-9.634000,4.916000,-8.489000,31.82
802494225,-0.133000,-0.918000,0.135000,-12.382000,3.282000,-5.863000,31.87
802510010,-0.068000,-0.929000,0.141000,-11.802000,3.832000,-6.565000,31.82
802515504,-0.079000,-0.927000,0.149000,-11.130000,5.527000,-7.817000,31.97
802525403,-0.094000,-0.946000,0.146000,-11.359000,5.802000,-7.679000,31.82
802534539,-0.118000,-0.942000,0.117000,-11.771000,5.389000,-6.321000,31.87
802541997,-0.113000,-0.944000,0.151000,-11.420000,4.153000,-5.221000,31.82
802553641,-0.091000,-0.951000,0.143000,-11.954000,3.542000,-4.489000,31.82
802560700,-0.123000,-0.939000,0.135000,-13.298000,2.061000,-4.458000,31.82
802577844,-0.109000,-0.957000,0.152000,-13.695000,1.511000,-2.916000,31.87
802588073,-0.097000,-0.949000,0.154000,-13.756000,1.588000,-4.168000,31.82
802593812,-0.088000,-0.962000,0.130000,-13.282000,2.092000,-3.069000,31.78
802607800,-0.091000,-0.977000,0.122000,-12.473000,1.511000,-1.344000,31.82
802615042,-0.101000,-0.971000,0.107000,-12.550000,-0.580000,-0.061000,31.82
802625568,-0.113000,-0.971000,0.129000,-12.397000,-2.580000,1.084000,31.78
802637335,-0.039000,-0.979000,0.119000,-12.412000,-0.458000,-1.969000,31.82
802644222,-0.073000,-0.960000,0.107000,-14.687000,-2.534000,-0.672000,31.87
802654535,-0.060000,-0.970000,0.118000,-13.817000,-1.511000,0.565000,31.92
802661523,-0.063000,-0.968000,0.101000,-14.397000,-1.374000,-0.244000,31.87
802678747,-0.050000,-0.960000,0.111000,-13.145000,-1.389000,1.221000,31.82
802685511,-0.036000,-0.971000,0.094000,-13.145000,-1.710000,0.489000,31.87
802694307,-0.091000,-0.963000,0.107000,-12.397000,-3.069000,1.344000,31.92
802707045,-0.054000,-0.987000,0.095000,-15.740000,-6.275000,1.527000,31.87
802715175,-0.047000,-1.010000,0.097000,-13.267000,-4.794000,-0.412000,31.92
802725979,-0.034000,-0.994000,0.094000,-11.221000,-2.733000,0.702000,31.82
802734847,-0.028000,-0.991000,0.128000,-8.977000,-1.328000,0.015000,31.92
802745274,-0.050000,-0.969000,0.132000,-8.931000,-0.290000,2.214000,31.82
802755668,-0.034000,-0.973000,0.106000,-8.550000,-0.702000,-0.183000,31.78
802764437,-0.051000,-0.966000,0.113000,-7.710000,-2.412000,0.656000,31.73
802777030,-0.020000,-1.000000,0.116000,-8.626000,-1.954000,-2.076000,31.78
802785280,-0.082000,-0.979000,0.106000,-9.069000,-5.099000,-1.038000,31.82
802795444,-0.026000,-0.976000,0.109000,-10.427000,-5.069000,-2.397000,31.78
802808051,-0.004000,-1.011000,0.106000,-8.107000,-3.511000,-4.229000,31.92
802814882,-0.037000,-0.986000,0.114000,-5.786000,-2.748000,-3.878000,31.87
802825525,-0.037000,-0.980000,0.119000,-6.412000,-2.122000,-4.779000,31.82
802835357,-0.051000,-0.973000,0.096000,-8.061000,-3.038000,-4.076000,31.78
802845258,-0.058000,-0.982000,0.115000,-5.282000,-3.237000,-3.771000,31.82
802851707,-0.056000,-0.984000,0.078000,-8.092000,-3.740000,-6.504000,31.78
802864561,-0.052000,-0.997000,0.092000,-7.496000,-3.893000,-7.282000,31.78
802878737,-0.065000,-0.993000,0.093000,-8.198000,-4.458000,-7.954000,31.82
802885503,-0.033000,-1.010000,0.081000,-8.519000,-3.496000,-7.252000,31.87
802895410,-0.040000,-1.008000,0.092000,-7.282000,-1.771000,-5.939000,31.82
802909960,-0.031000,-0.976000,0.120000,-9.053000,0.122000,-7.481000,31.78
802915214,-0.045000,-0.970000,0.076000,-9.206000,0.626000,-8.885000,31.92
802925870,-0.084000,-0.958000,0.051000,-11.008000,-2.473000,-9.237000,31.78
802937376,-0.062000,-0.976000,0.055000,-11.099000,-4.977000,-9.298000,31.92
802945636,-0.028000,-0.991000,0.059000,-9.344000,-6.168000,-7.679000,31.87
802952782,0.077000,-1.037000,0.072000,-9.420000,-5.924000,-12.794000,31.92
802964886,-0.020000,-1.016000,0.069000,-5.160000,1.695000,-10.656000,31.87
802979240,0.003000,-0.960000,0.051000,-6.427000,1.985000,-10.137000,31.78
802989174,-0.022000,-0.945000,0.068000,-9.053000,0.046000,-10.809000,31.92
802994266,-0.010000,-0.969000,0.077000,-9.328000,1.053000,-10.305000,31.87
803009491,0.018000,-0.964000,0.058000,-8.321000,3.527000,-11.573000,31.82
803014931,0.028000,-0.981000,0.024000,-6.977000,3.771000,-11.985000,31.87
803025955,0.038000,-0.993000,0.053000,-7.466000,2.748000,-11.756000,31.92
803035126,-0.020000,-0.975000,0.053000,-7.405000,0.489000,-12.473000,31.87
803042482,0.000000,-0.999000,0.074000,-6.565000,1.573000,-11.115000,31.82
803054315,-0.024000,-1.006000,0.016000,-6.779000,2.443000,-9.328000,31.87
803061424,-0.023000,-0.994000,0.072000,-4.382000,3.802000,-7.939000,31.73
803077973,-0.015000,-0.988000,0.059000,-5.374000,4.855000,-10.092000,31.82
803085306,-0.003000,-0.995000,0.062000,-5.450000,3.786000,-10.580000,31.92
803095650,-0.043000,-0.986000,0.056000,-4.962000,4.916000,-10.656000,31.82
803107108,-0.026000,-0.984000,0.042000,-4.305000,4.534000,-9.573000,31.78
803115032,-0.024000,-0.983000,0.032000,-5.115000,4.214000,-9.145000,31.82
803124981,-0.018000,-0.977000,0.075000,-3.435000,5.252000,-8.137000,31.78
803134640,0.007000,-0.977000,0.062000,-3.679000,6.809000,-9.878000,31.82
803144967,0.002000,-0.965000,0.086000,-4.107000,8.305000,-10.122000,31.87
803150928,-0.022000,-0.953000,0.058000,-4.687000,8.565000,-10.855000,31.73
803163826,-0.014000,-0.981000,0.039000,-4.153000,9.420000,-11.130000,31.87
803175782,-0.159000,-1.080000,0.075000,6.656000,2.458000,-3.344000,31.92
803183903,0.164000,-1.023000,0.023000,-3.237000,7.359000,-16.397000,31.87
803195095,-0.010000,-0.882000,0.225000,-4.794000,9.649000,-10.000000,31.73
803208431,0.110000,-1.014000,0.053000,-0.504000,17.450000,-14.458000,31.87
803214034,-0.193000,-0.956000,0.111000,7.191000,11.130000,-7.557000,31.92
803225638,0.050000,-1.020000,0.037000,1.817000,13.115000,-8.214000,31.82
803239924,-0.057000,-0.957000,0.047000,1.359000,8.412000,-17.206000,31.87
803245558,-0.072000,-0.892000,0.096000,-1.634000,4.733000,-3.573000,31.82
803252853,-0.013000,-1.042000,0.107000,-0.504000,10.672000,-7.588000,31.87
803267828,0.148000,-1.042000,0.028000,3.420000,26.565000,-0.427000,31.82
803276724,-0.094000,-0.946000,0.153000,-6.122000,27.069000,-14.656000,31.78
803286889,0.179000,-0.800000,0.156000,-1.435000,-0.672000,-9.115000,31.82
803293645,-0.442000,-1.066000,-0.011000,-2.595000,31.847000,-13.237000,31.87
803308356,0.050000,-1.023000,0.246000,-2.519000,23.267000,-5.435000,31.82
803316005,-0.157000,-0.981000,0.032000,-2.427000,20.733000,-10.397000,31.87
803326321,-0.048000,-1.012000,0.080000,-4.275000,11.206000,-0.122000,31.82
803336469,0.037000,-1.011000,0.069000,-1.832000,9.527000,-4.641000,31.82
803344672,-0.036000,-0.994000,0.040000,-0.641000,4.244000,1.435000,31.87
803354262,0.034000,-1.012000,0.030000,-2.962000,6.885000,-14.519000,31.82
803361376,0.166000,-1.417000,-0.076000,32.641000,22.031000,-62.473000,31.78
803380030,-0.221000,-0.674000,-0.223000,2.229000,24.458000,-3.313000,31.82
803388090,-1.271000,-1.207000,-1.706000,-6.824000,72.092000,120.092000,31.78
803394160,0.317000,-1.666000,0.244000,-7.481000,-48.137000,53.313000,31.82
803406161,0.337000,-1.281000,0.324000,-8.916000,-5.634000,-30.809000,31.87
803414639,-0.319000,-0.841000,-0.010000,6.366000,4.107000,-0.626000,31.82
803426702,0.213000,-0.922000,-0.021000,-1.008000,19.053000,-1.359000,31.87
803435091,-0.130000,-0.971000,0.055000,-2.229000,8.672000,-2.489000,31.73
803444277,-0.036000,-0.863000,0.041000,-13.985000,8.565000,2.901000,31.87
803455382,0.107000,-1.000000,0.044000,-10.641000,13.481000,-0.015000,31.82
803462494,-0.022000,-0.981000,-0.035000,-2.260000,4.840000,6.183000,31.87
803476698,0.017000,-0.965000,0.067000,-3.649000,8.412000,-2.748000,31.92
803485554,0.064000,-1.006000,0.017000,-3.435000,10.031000,-2.336000,31.82
803496176,-0.018000,-1.005000,0.099000,-3.634000,6.153000,-3.435000,31.87
803506636,0.019000,-1.026000,0.086000,-4.580000,5.786000,-3.069000,31.82
803515646,0.021000,-1.110000,0.032000,3.099000,8.885000,-10.137000,31.87
803526675,-0.008000,-0.941000,0.068000,0.351000,15.878000,-9.802000,31.73
803534629,0.039000,-0.959000,0.036000,-2.504000,16.214000,-7.664000,31.78
803545206,0.044000,-0.987000,0.049000,-5.710000,17.603000,-11.084000,31.82
803552345,-0.002000,-1.046000,0.023000,-3.466000,14.931000,-13.511000,31.78
803566053,-0.048000,-0.967000,0.052000,-1.802000,12.809000,-6.534000,31.82
803577504,0.041000,-0.990000,0.058000,-4.779000,12.901000,-5.878000,31.78
803585818,0.029000,-1.011000,0.064000,-3.313000,14.000000,-9.863000,31.82
803603745,-0.011000,-1.002000,0.059000,-3.008000,12.412000,-8.809000,31.82
803608713,0.029000,-0.999000,0.042000,-2.641000,14.153000,-10.901000,31.82
803615303,0.027000,-0.994000,0.087000,0.214000,14.687000,-11.420000,31.78
803625157,0.057000,-0.959000,0.039000,-3.389000,16.107000,-15.313000,31.78
803636942,0.015000,-0.999000,0.068000,-2.794000,11.466000,-16.061000,31.82
803641687,0.015000,-1.032000,0.037000,-2.076000,12.824000,-14.489000,31.78
803653414,0.057000,-1.023000,0.021000,-0.122000,13.099000,-13.847000,31.82
803659403,0.043000,-1.039000,0.046000,3.802000,14.305000,-13.802000,31.87
803677385,0.044000,-0.981000,0.066000,8.000000,11.908000,-12.046000,31.92
803685352,0.058000,-1.005000,0.105000,6.870000,14.779000,-13.252000,31.87
803694891,0.020000,-1.035000,0.071000,11.206000,11.924000,-16.550000,31.82
803707586,0.120000,-1.006000,0.082000,11.664000,19.130000,-28.183000,31.87
803714124,-0.003000,-0.961000,0.024000,12.885000,20.901000,-20.748000,31.82
803726005,0.032000,-0.978000,0.019000,8.641000,22.916000,-18.824000,31.87
803735671,0.006000,-0.975000,0.010000,6.779000,19.069000,-20.427000,31.82
803743139,0.024000,-0.974000,0.046000,5.069000,17.817000,-15.908000,31.78
803756458,0.086000,-1.022000,0.073000,6.122000,20.656000,-15.618000,31.82
803764239,0.082000,-1.004000,0.090000,7.649000,24.168000,-19.115000,31.82
803777601,0.053000,-0.989000,0.063000,6.504000,25.863000,-22.595000,31.78
803784162,0.003000,-0.979000,0.044000,6.366000,21.252000,-23.191000,31.82
803796949,0.018000,-0.988000,0.031000,3.771000,21.374000,-22.122000,31.78
803803847,0.060000,-1.020000,0.068000,3.634000,19.924000,-19.435000,31.82
803815433,0.073000,-1.010000,0.053000,2.962000,21.802000,-16.885000,31.87
803826572,0.032000,-0.982000,0.068000,4.137000,20.824000,-13.145000,31.73
803834869,0.086000,-0.975000,0.072000,4.046000,20.794000,-14.046000,31.87
803844860,0.081000,-0.960000,0.033000,0.672000,21.725000,-14.122000,31.92
803853410,0.076000,-0.977000,0.043000,-0.519000,20.733000,-12.137000,31.87
803870345,0.075000,-0.972000,0.060000,-0.382000,21.069000,-12.626000,31.82
803876715,0.082000,-0.948000,0.061000,-0.092000,21.450000,-11.908000,31.87
803886701,0.129000,-0.966000,0.066000,0.015000,26.473000,-11.481000,31.92
803897247,0.058000,-0.975000,0.071000,-4.809000,25.786000,-11.618000,31.87
803902712,0.105000,-1.032000,0.038000,-4.260000,26.397000,-12.137000,31.82
803916860,0.078000,-0.905000,0.069000,-15.969000,35.069000,-11.282000,31.97
803929053,0.019000,-1.028000,0.070000,-11.115000,34.901000,-6.015000,31.87
803934491,0.083000,-1.034000,0.035000,-10.107000,31.573000,-11.924000,31.92
803940919,0.006000,-0.943000,0.110000,-11.069000,20.168000,5.511000,31.87
803958117,0.134000,-0.979000,0.119000,-7.802000,24.336000,-7.573000,31.82
803972229,0.071000,-0.933000,0.095000,-10.000000,24.107000,-4.748000,31.87
803974386,0.048000,-0.984000,0.033000,-7.496000,10.916000,8.611000,31.92
803985551,0.150000,-1.018000,0.080000,-9.634000,14.275000,-1.466000,31.87
804000957,0.082000,-0.985000,0.093000,-7.450000,15.053000,-1.053000,31.82
804004446,0.099000,-1.010000,0.069000,-6.015000,14.275000,2.122000,31.87
804015534,0.072000,-1.022000,0.095000,-3.740000,10.611000,3.542000,31.73
804025756,0.085000,-1.014000,0.124000,-2.351000,8.122000,0.305000,31.92
804033842,0.119000,-0.990000,0.120000,-0.565000,11.924000,2.931000,31.82
804043328,0.089000,-0.972000,0.121000,-1.389000,10.901000,2.779000,31.78
804056299,0.088000,-1.002000,0.105000,-1.924000,9.878000,3.832000,31.92
804068407,0.079000,-1.007000,0.095000,0.779000,8.824000,5.344000,31.92
804075855,0.101000,-1.016000,0.092000,2.412000,8.351000,5.557000,31.87
804085352,0.090000,-1.007000,0.124000,2.458000,9.008000,3.908000,31.92
804098182,0.060000,-1.007000,0.079000,1.511000,6.870000,2.427000,31.78
804104767,0.078000,-1.040000,0.096000,2.260000,6.153000,-0.534000,31.82
804115329,0.094000,-1.036000,0.074000,1.420000,7.023000,-0.947000,31.78
804128374,0.064000,-1.031000,0.081000,1.420000,6.947000,-0.015000,31.92
804135417,0.070000,-1.024000,0.092000,1.634000,6.183000,-0.702000,31.87
804141992,0.074000,-0.995000,0.082000,0.794000,8.031000,-1.679000,31.82
804157398,0.072000,-1.003000,0.096000,-0.656000,7.527000,-2.504000,31.87
804171039,0.045000,-0.991000,0.063000,-2.183000,5.695000,-3.649000,31.82
804175611,0.008000,-1.034000,0.062000,-1.985000,-1.160000,-1.176000,31.78
804193482,0.075000,-1.022000,0.080000,-0.015000,-3.496000,-0.763000,31.92
804198489,0.111000,-1.015000,0.073000,0.977000,-3.282000,1.160000,31.82
804206037,0.090000,-0.998000,0.069000,-0.412000,-0.840000,-1.573000,31.87
804217530,0.098000,-0.992000,0.050000,-2.382000,5.344000,-4.992000,31.82
804226333,0.089000,-0.938000,0.034000,-4.702000,11.496000,-9.344000,31.97
804232393,0.016000,-0.944000,0.038000,-5.282000,7.786000,-1.298000,31.82
804244395,0.055000,-0.946000,0.068000,-7.435000,6.519000,-3.420000,31.87
804257134,0.071000,-0.999000,0.051000,-2.412000,8.336000,-2.534000,31.92
804270570,0.076000,-0.962000,0.053000,0.244000,12.611000,1.160000,31.87
804272696,0.073000,-0.968000,0.031000,-1.099000,14.000000,5.664000,31.82
804287827,0.042000,-0.947000,0.021000,-3.237000,13.863000,5.084000,31.82
804295848,0.042000,-0.942000,0.053000,-5.008000,13.511000,8.916000,31.73
804306475,0.027000,-0.950000,0.052000,-8.489000,11.969000,10.656000,31.87
804316063,0.076000,-1.007000,0.088000,-3.710000,13.496000,6.947000,31.92
804324897,0.083000,-0.987000,0.083000,-1.756000,18.153000,0.260000,31.87
804334797,-0.040000,-0.962000,0.054000,-4.794000,13.679000,4.748000,31.82
804342008,0.026000,-1.003000,0.075000,-5.496000,9.588000,2.229000,31.92
804360184,0.072000,-1.040000,0.101000,-2.519000,9.832000,0.931000,31.87
804367595,0.085000,-1.040000,0.120000,1.221000,12.763000,-1.908000,31.82
804374809,0.117000,-1.064000,0.111000,7.710000,17.710000,-5.099000,31.87
804388851,0.109000,-0.973000,0.121000,4.214000,22.427000,-11.542000,31.82
804393792,0.116000,-1.031000,0.115000,6.489000,25.695000,-11.847000,31.87
804405994,0.065000,-0.972000,0.110000,4.443000,27.634000,-15.221000,31.92
804416370,0.077000,-0.990000,0.103000,2.534000,25.832000,-5.771000,31.87
804425116,0.118000,-1.052000,0.113000,8.779000,23.481000,-6.947000,31.92
804432234,0.096000,-1.055000,0.148000,18.122000,28.366000,-5.786000,31.78
804448684,0.052000,-0.901000,0.076000,12.137000,24.824000,-2.031000,31.82
804463901,0.061000,-0.958000,0.081000,10.275000,24.687000,-7.588000,31.92
804466161,0.097000,-0.911000,0.053000,3.878000,29.817000,-3.252000,31.92
804473411,0.016000,-1.034000,0.086000,8.397000,27.008000,-0.626000,31.87
804486783,-0.014000,-0.997000,0.069000,10.214000,22.382000,4.504000,31.87
804495632,0.036000,-0.952000,0.072000,4.718000,17.435000,2.168000,31.82
804506176,0.003000,-0.951000,0.098000,5.389000,8.641000,4.336000,31.87
804517903,-0.028000,-1.007000,0.115000,9.649000,0.168000,10.504000,31.82
804523429,0.088000,-0.971000,0.091000,9.389000,-1.649000,6.550000,31.87
804534898,0.181000,-0.823000,-0.083000,2.076000,2.275000,32.275000,31.82
804545339,0.147000,-0.903000,0.128000,12.214000,-1.924000,-9.252000,31.87
804559698,-0.221000,-1.081000,0.042000,8.473000,-8.504000,8.046000,31.82
804562547,0.339000,-1.225000,-0.076000,-3.420000,33.160000,5.099000,31.87
804579171,-0.048000,-0.877000,0.034000,-8.153000,13.405000,-7.832000,31.82
804585616,0.034000,-0.990000,0.104000,-8.840000,4.198000,8.489000,31.87
804596629,0.152000,-1.027000,0.104000,-9.115000,8.672000,0.397000,31.82
804608148,-0.025000,-1.026000,0.111000,-4.168000,0.595000,-3.221000,31.87
804614043,0.098000,-0.967000,0.087000,-7.847000,5.832000,1.130000,31.82
804625116,0.149000,-1.015000,0.084000,-8.763000,11.008000,-9.588000,31.92
804634335,0.034000,-0.975000,0.106000,-7.069000,4.519000,1.817000,31.87
804650970,0.031000,-0.974000,0.126000,-5.832000,0.595000,1.008000,31.82
804656135,0.034000,-0.991000,0.083000,-4.855000,-3.038000,5.221000,31.87
804666265,0.098000,-1.008000,0.168000,-4.183000,-5.344000,-4.351000,31.73
804677090,0.043000,-0.993000,0.119000,1.084000,-8.092000,0.962000,31.87
804685325,0.142000,-0.992000,0.120000,-2.290000,0.992000,-3.710000,31.92
804694534,0.009000,-0.964000,0.087000,-3.099000,-2.214000,2.855000,31.78
804704795,0.056000,-1.020000,0.127000,-1.817000,0.275000,1.420000,31.92
804713053,0.106000,-1.028000,0.112000,1.237000,1.786000,-2.855000,31.82
804723214,0.086000,-0.988000,0.078000,2.748000,3.649000,-0.198000,31.82
804735949,-0.104000,-0.901000,0.149000,-5.389000,-4.229000,-4.183000,31.78
804747285,0.056000,-0.986000,0.174000,-6.641000,-2.382000,-3.359000,31.82
804755030,0.001000,-0.996000,0.180000,-3.618000,-6.122000,1.985000,31.87
804764515,0.071000,-1.021000,0.121000,-2.305000,-1.527000,0.550000,31.87
804776672,0.036000,-0.935000,0.136000,-2.427000,-2.687000,-1.176000,31.82
804784103,-0.056000,-0.938000,0.144000,-5.053000,-6.611000,0.748000,31.87
804797352,0.098000,-0.987000,0.119000,-5.252000,-3.679000,-0.336000,31.82
804804802,0.002000,-0.954000,0.125000,-6.031000,-8.763000,-0.687000,31.78
804812765,0.049000,-0.966000,0.130000,-9.832000,-9.023000,-1.313000,31.92
804826100,0.079000,-0.997000,0.115000,-8.901000,-8.611000,-4.748000,31.97
804838584,0.028000,-0.974000,0.101000,-9.817000,-10.382000,-3.008000,31.82
804847768,0.054000,-0.989000,0.088000,-9.176000,-11.695000,-1.649000,31.87
804854186,0.052000,-0.979000,0.088000,-9.649000,-13.130000,-0.687000,31.92
804868607,0.081000,-0.987000,0.109000,-9.115000,-13.237000,-0.382000,31.87
804874160,0.067000,-0.973000,0.088000,-9.023000,-12.748000,0.336000,31.92
804884813,0.072000,-0.970000,0.095000,-10.046000,-13.695000,0.779000,31.82
804896016,0.085000,-0.972000,0.096000,-9.740000,-14.550000,0.916000,31.82
804903981,0.048000,-0.956000,0.071000,-11.405000,-15.450000,1.206000,31.92
804914278,0.052000,-0.979000,0.077000,-11.634000,-16.763000,3.282000,31.78
804922054,0.060000,-0.975000,0.064000,-12.382000,-17.374000,3.496000,31.82
804938104,0.047000,-0.979000,0.084000,-12.550000,-18.565000,5.099000,31.87
804945639,0.056000,-0.978000,0.090000,-13.374000,-18.031000,4.855000,31.92
804955103,0.072000,-0.978000,0.051000,-14.779000,-17.695000,2.183000,31.87
804968282,0.033000,-1.012000,0.057000,-14.550000,-19.023000,5.038000,31.92
804974430,0.039000,-1.020000,0.050000,-13.237000,-18.962000,6.611000,31.87
804987219,0.035000,-0.988000,0.044000,-13.313000,-19.695000,8.626000,31.82
804993021,0.054000,-0.988000,0.052000,-14.947000,-20.794000,7.130000,31.87
805003627,0.031000,-0.989000,0.070000,-16.504000,-22.412000,8.137000,31.82
805015400,0.045000,-1.000000,0.053000,-17.679000,-22.168000,8.214000,31.87
805025151,0.042000,-0.999000,0.064000,-17.679000,-22.794000,8.321000,31.82
805039513,0.042000,-0.969000,0.064000,-19.527000,-23.695000,7.557000,31.87
805042267,0.028000,-0.992000,0.040000,-18.885000,-25.634000,8.580000,31.87
805057641,0.039000,-1.042000,0.060000,-13.756000,-26.015000,11.924000,31.82
805066031,0.033000,-1.024000,0.068000,-17.893000,-21.282000,1.710000,31.87
805076130,0.091000,-0.992000,0.025000,-20.962000,-16.076000,2.458000,31.92
805085798,0.071000,-0.979000,-0.003000,-19.756000,-16.153000,-0.443000,31.87
805096378,0.062000,-1.007000,0.023000,-24.550000,-14.366000,0.962000,31.82
805104226,0.041000,-1.058000,0.043000,-20.611000,-21.420000,2.275000,31.87
805110985,-0.037000,-1.021000,0.053000,-17.649000,-21.710000,1.893000,31.73
805132187,0.070000,-1.036000,0.050000,-17.557000,-15.344000,1.069000,31.87
805137554,0.069000,-1.036000,0.032000,-15.221000,-13.618000,1.496000,31.82
805144048,0.062000,-1.024000,0.031000,-12.565000,-13.618000,0.412000,31.82
805154801,0.071000,-1.038000,0.057000,-12.687000,-8.595000,-0.748000,31.82
805163124,0.057000,-1.009000,0.020000,-10.366000,-9.481000,-1.573000,31.78
805175330,0.033000,-0.992000,0.015000,-11.771000,-7.344000,-7.115000,31.87
805185892,0.044000,-0.948000,-0.008000,-19.328000,-10.092000,-5.679000,31.82
805193544,0.060000,-0.985000,0.021000,-16.901000,-9.832000,-8.198000,31.78
805204897,0.101000,-1.052000,0.050000,-14.885000,-9.206000,-1.664000,31.82
805211702,-0.030000,-0.934000,0.058000,-17.145000,-12.550000,-5.756000,31.78
805227829,0.052000,-1.027000,0.027000,-12.565000,-12.870000,-4.840000,31.82
805233020,0.016000,-1.007000,0.021000,-13.939000,-14.672000,-0.718000,31.87
805245746,0.068000,-0.916000,0.034000,-20.412000,-9.008000,4.718000,31.82
805258328,0.042000,-0.735000,-0.058000,-28.275000,-9.878000,-62.290000,31.78
805263972,0.158000,-1.161000,0.057000,-13.069000,5.573000,26.733000,31.82
805276116,0.032000,-1.003000,0.061000,-11.847000,5.985000,-5.176000,31.87
805286695,-0.104000,-0.905000,-0.006000,-13.557000,-6.580000,-10.122000,31.82
805293331,0.144000,-1.014000,0.053000,-9.313000,-3.786000,-0.779000,31.87
805305919,0.039000,-0.931000,0.062000,-10.855000,-4.489000,-5.420000,31.87
805321857,0.021000,-0.950000,0.035000,-12.519000,-4.275000,0.992000,31.92
805326669,0.063000,-1.002000,0.025000,-11.847000,-4.885000,1.832000,31.78
805333814,-0.002000,-0.995000,0.002000,-11.023000,-6.122000,6.107000,31.82
805347662,0.059000,-0.986000,0.041000,-10.672000,-6.458000,3.832000,31.87
805352768,0.055000,-0.982000,0.031000,-9.481000,-7.130000,3.634000,31.82
805367312,0.010000,-0.977000,0.007000,-10.366000,-8.229000,6.229000,31.78
805378901,0.039000,-0.990000,0.008000,-9.969000,-9.191000,5.099000,31.82
805383402,0.081000,-0.998000,0.015000,-7.786000,-8.809000,8.137000,31.87
805395382,0.014000,-0.977000,-0.020000,-5.817000,-11.069000,14.885000,31.82
805407590,0.053000,-0.989000,-0.017000,-8.153000,-12.351000,16.000000,31.82
805417744,0.051000,-0.964000,0.033000,-8.580000,-13.511000,14.855000,31.92
805423966,0.036000,-0.969000,-0.016000,-10.382000,-13.588000,18.702000,31.87
805435173,0.059000,-0.980000,-0.002000,-10.718000,-12.611000,19.069000,31.87
805447716,0.051000,-0.986000,-0.033000,-13.267000,-11.618000,10.061000,31.82
805453237,-0.004000,-0.967000,-0.037000,-14.137000,-15.695000,9.130000,31.87
805467841,0.017000,-0.994000,-0.042000,-16.840000,-15.893000,11.863000,31.82
805475821,-0.035000,-1.019000,-0.009000,-16.580000,-16.260000,16.260000,31.78
805484042,-0.022000,-1.013000,-0.047000,-20.031000,-10.260000,17.344000,31.92
805494965,0.036000,-1.062000,-0.028000,-16.992000,-20.519000,12.092000,31.87
805502138,0.034000,-1.029000,-0.022000,-12.840000,-20.382000,13.069000,31.82
805522453,0.090000,-0.942000,-0.045000,-22.076000,-15.023000,3.802000,31.97
805524723,0.055000,-1.062000,-0.045000,-18.916000,-21.985000,7.313000,32.01
805535939,0.068000,-1.028000,0.000000,-16.916000,-15.771000,3.069000,31.87
805547572,0.044000,-1.009000,-0.012000,-14.885000,-17.176000,4.473000,31.92
805552877,0.049000,-0.992000,-0.052000,-18.427000,-17.435000,2.443000,31.78
805564900,0.012000,-1.007000,-0.051000,-20.305000,-18.885000,-1.237000,31.82
805575531,0.045000,-1.040000,-0.039000,-19.832000,-19.160000,-0.901000,31.82
805583709,0.018000,-1.026000,-0.055000,-21.191000,-20.321000,-2.168000,31.87
805594926,-0.013000,-1.021000,-0.098000,-24.382000,-22.885000,-3.359000,31.82
805601753,0.043000,-1.062000,-0.036000,-21.160000,-21.450000,-5.573000,31.87
805617794,0.083000,-1.039000,-0.056000,-23.435000,-17.618000,-8.718000,31.92
805625579,0.034000,-1.055000,-0.092000,-23.160000,-16.198000,-11.496000,31.87
805633647,-0.041000,-1.025000,-0.096000,-27.023000,-22.061000,-7.618000,31.82
805645842,0.040000,-1.013000,-0.123000,-28.992000,-21.893000,-9.023000,31.97
805652926,0.046000,-1.094000,-0.013000,-28.305000,-24.321000,-11.969000,31.82
805668268,0.026000,-1.044000,-0.133000,-32.443000,-24.763000,-13.481000,31.82
805678311,0.021000,-1.104000,-0.121000,-36.183000,-25.893000,-14.656000,31.92
805682707,0.061000,-1.093000,-0.064000,-36.046000,-25.542000,-18.336000,31.87
805693920,0.095000,-1.085000,-0.121000,-37.496000,-21.008000,-25.511000,31.87
805700623,0.033000,-1.074000,-0.131000,-38.336000,-24.992000,-27.863000,31.92
805721072,0.121000,-1.142000,-0.130000,-38.061000,-23.832000,-30.504000,31.87
805725637,0.033000,-1.062000,-0.154000,-37.939000,-23.863000,-28.656000,31.92
805735009,0.147000,-1.044000,-0.094000,-38.733000,-24.275000,-32.550000,31.78
805745953,0.154000,-1.046000,-0.129000,-41.634000,-24.504000,-41.802000,31.92
805756171,0.149000,-1.094000,-0.145000,-44.748000,-25.176000,-44.733000,31.87
805763625,0.208000,-1.064000,-0.154000,-44.992000,-21.725000,-48.260000,31.82
805779140,0.152000,-1.099000,-0.120000,-43.115000,-26.580000,-51.557000,31.87
805782119,0.218000,-1.134000,-0.202000,-42.916000,-25.206000,-52.595000,31.82
805792443,0.253000,-1.159000,-0.138000,-38.046000,-23.130000,-53.786000,31.87
805806720,0.231000,-1.112000,-0.154000,-37.099000,-20.885000,-57.786000,31.82
805820297,0.188000,-1.121000,-0.198000,-36.641000,-18.962000,-63.130000,31.73
805824799,0.241000,-1.089000,-0.160000,-36.916000,-16.626000,-65.328000,31.87
805838337,0.224000,-1.079000,-0.164000,-38.565000,-15.557000,-69.802000,31.82
805849191,0.243000,-1.125000,-0.186000,-36.321000,-15.786000,-73.206000,31.87
805854463,0.202000,-1.116000,-0.195000,-33.695000,-14.779000,-74.290000,31.82
805868353,0.230000,-1.090000,-0.192000,-33.374000,-14.763000,-77.832000,31.87
805878537,0.314000,-1.116000,-0.232000,-35.191000,-10.137000,-81.588000,31.82
805884791,0.254000,-1.128000,-0.222000,-34.015000,-7.511000,-85.924000,31.87
805891606,0.265000,-1.073000,-0.197000,-35.237000,-7.802000,-87.939000,31.82
805906541,0.318000,-1.133000,-0.211000,-35.282000,-0.977000,-91.344000,31.87
805918866,0.317000,-1.137000,-0.308000,-35.496000,0.061000,-91.298000,31.82
805924405,0.301000,-1.114000,-0.284000,-34.336000,-0.733000,-93.481000,31.82
805935420,0.392000,-1.110000,-0.267000,-32.168000,2.885000,-95.649000,31.87
805946154,0.394000,-1.086000,-0.245000,-28.626000,8.733000,-100.611000,31.82
805954771,0.428000,-1.100000,-0.278000,-27.038000,13.679000,-107.160000,31.87
805965669,0.388000,-1.077000,-0.273000,-25.450000,22.168000,-110.473000,31.82
805976952,0.239000,-0.956000,-0.357000,-31.573000,14.519000,-108.794000,31.78
805985686,0.441000,-1.091000,-0.341000,-31.466000,18.137000,-112.015000,31.82
805990711,0.470000,-1.085000,-0.238000,-28.885000,23.618000,-114.595000,31.87
806004455,0.448000,-1.040000,-0.294000,-27.435000,28.733000,-116.244000,31.92
806021573,0.437000,-1.035000,-0.330000,-30.275000,26.489000,-120.214000,31.82
806027112,0.382000,-0.998000,-0.318000,-36.214000,23.939000,-117.985000,31.82
806034178,0.503000,-1.069000,-0.355000,-39.374000,22.962000,-118.992000,31.87
806047757,0.534000,-1.093000,-0.271000,-36.641000,28.366000,-121.084000,31.82
806057245,0.489000,-1.007000,-0.349000,-38.855000,30.763000,-122.382000,31.87
806064631,0.437000,-0.971000,-0.340000,-45.557000,23.786000,-115.863000,31.87
806077326,0.586000,-1.032000,-0.340000,-48.565000,26.550000,-121.053000,31.82
806088216,0.566000,-0.977000,-0.350000,-52.000000,27.985000,-121.740000,31.87
806094668,0.622000,-0.978000,-0.330000,-55.954000,27.969000,-123.130000,31.92
806101273,0.637000,-0.946000,-0.361000,-57.298000,29.573000,-122.122000,31.87
806115004,0.576000,-0.893000,-0.360000,-57.893000,28.214000,-122.947000,31.92
806131065,0.632000,-0.898000,-0.386000,-61.405000,27.221000,-121.969000,31.87
806133782,0.599000,-0.866000,-0.384000,-63.389000,25.588000,-119.344000,31.82
806144185,0.657000,-0.899000,-0.333000,-63.802000,24.443000,-119.679000,31.78
806157294,0.678000,-0.879000,-0.336000,-65.664000,24.458000,-122.198000,31.82
806163068,0.698000,-0.847000,-0.300000,-64.504000,25.985000,-116.992000,31.87
806176801,0.734000,-0.802000,-0.329000,-65.481000,30.580000,-120.565000,31.82
806185796,0.705000,-0.780000,-0.351000,-64.947000,30.519000,-120.168000,31.82
806193440,0.728000,-0.776000,-0.361000,-66.076000,29.542000,-117.603000,31.87
806205097,0.732000,-0.756000,-0.316000,-62.244000,30.702000,-118.290000,31.82
806212583,0.741000,-0.723000,-0.358000,-60.595000,31.496000,-117.328000,31.87
806229518,0.703000,-0.676000,-0.370000,-64.305000,28.321000,-113.527000,31.82
806234793,0.806000,-0.744000,-0.316000,-63.771000,28.504000,-113.038000,31.87
806246877,0.792000,-0.711000,-0.285000,-58.427000,34.366000,-113.908000,31.82
806257518,0.798000,-0.689000,-0.290000,-53.573000,37.817000,-113.939000,31.87
806265218,0.797000,-0.675000,-0.352000,-50.855000,40.595000,-115.695000,31.82
806275871,0.750000,-0.599000,-0.331000,-51.573000,37.115000,-113.939000,31.92
806285928,0.770000,-0.573000,-0.393000,-57.328000,30.595000,-112.397000,31.92
806296157,0.844000,-0.599000,-0.344000,-55.786000,27.679000,-109.847000,31.87
806303886,0.909000,-0.618000,-0.294000,-52.489000,29.847000,-109.221000,31.78
806310716,0.952000,-0.615000,-0.340000,-47.649000,36.183000,-111.053000,31.92
806328689,0.934000,-0.589000,-0.327000,-42.015000,41.084000,-113.679000,31.78
806336006,0.897000,-0.518000,-0.343000,-42.977000,40.962000,-114.672000,31.82
806342079,0.889000,-0.474000,-0.407000,-48.336000,35.389000,-114.672000,31.78
806359150,0.913000,-0.478000,-0.378000,-48.183000,30.855000,-113.847000,31.82
806370138,0.995000,-0.480000,-0.334000,-44.519000,30.962000,-112.809000,31.87
806372780,0.997000,-0.409000,-0.305000,-41.740000,32.718000,-115.405000,31.92
806386898,1.025000,-0.380000,-0.349000,-41.389000,32.214000,-115.389000,31.78
806394563,1.079000,-0.431000,-0.342000,-39.145000,33.374000,-114.947000,31.82
806403425,1.031000,-0.377000,-0.316000,-37.756000,34.626000,-118.382000,31.87
806414688,0.997000,-0.301000,-0.437000,-42.412000,29.908000,-118.260000,31.82
806421224,1.021000,-0.320000,-0.369000,-49.908000,22.992000,-120.275000,31.82
806437428,0.968000,-0.263000,-0.397000,-59.267000,14.809000,-119.023000,31.78
806445452,1.021000,-0.324000,-0.427000,-59.771000,10.611000,-110.824000,31.82
806459971,1.167000,-0.413000,-0.335000,-54.580000,14.534000,-115.267000,31.78
806468068,1.104000,-0.361000,-0.297000,-50.443000,18.763000,-121.008000,31.82
806473307,1.094000,-0.331000,-0.386000,-57.435000,14.855000,-126.336000,31.78
806485989,1.074000,-0.282000,-0.371000,-53.435000,18.595000,-122.519000,31.82
806496176,1.014000,-0.235000,-0.443000,-60.870000,12.046000,-122.885000,31.87
806504430,1.023000,-0.195000,-0.448000,-69.038000,5.344000,-121.008000,31.82
806513430,1.062000,-0.213000,-0.385000,-70.000000,1.817000,-118.382000,31.87
806527822,1.157000,-0.268000,-0.409000,-70.321000,3.847000,-121.481000,31.92
806540379,1.120000,-0.260000,-0.342000,-65.328000,8.534000,-120.107000,31.82
806546063,1.117000,-0.203000,-0.379000,-66.489000,10.290000,-126.931000,31.87
806552807,1.085000,-0.157000,-0.386000,-67.466000,10.901000,-126.031000,31.82
806568128,1.098000,-0.075000,-0.432000,-74.702000,8.275000,-129.908000,31.87
806575846,1.076000,-0.068000,-0.405000,-76.305000,5.374000,-129.191000,31.82
806583621,1.099000,-0.047000,-0.390000,-78.443000,4.779000,-131.954000,31.78
806595619,1.072000,0.002000,-0.372000,-79.969000,6.168000,-133.191000,31.82
806605402,1.103000,0.010000,-0.369000,-80.290000,7.359000,-137.023000,31.87
806612908,1.143000,-0.034000,-0.330000,-76.305000,12.015000,-141.145000,31.92
806625196,1.116000,-0.020000,-0.384000,-83.084000,18.015000,-144.061000,31.73
806641214,0.980000,0.085000,-0.378000,-90.458000,18.992000,-147.893000,31.73
806646360,0.983000,0.066000,-0.308000,-99.496000,14.397000,-148.626000,31.87
806657506,0.930000,0.121000,-0.360000,-105.847000,13.679000,-142.992000,31.82
806666409,0.973000,0.115000,-0.272000,-107.511000,13.420000,-144.489000,31.82
806677864,1.040000,-0.006000,-0.202000,-96.550000,23.237000,-141.710000,31.78
806684191,0.861000,0.122000,-0.183000,-83.344000,28.260000,-140.840000,31.82
806698650,0.806000,0.222000,-0.191000,-79.740000,25.008000,-134.336000,31.78
806708715,0.843000,0.271000,-0.187000,-81.573000,25.176000,-133.435000,31.82
806713002,0.801000,0.335000,-0.119000,-76.962000,24.794000,-127.252000,31.78
806724219,0.719000,0.435000,-0.107000,-73.481000,14.244000,-117.618000,31.82
806746919,0.747000,0.433000,-0.128000,-70.229000,11.267000,-110.977000,31.87
806752159,0.772000,0.421000,-0.033000,-62.489000,10.458000,-100.580000,31.92
806756403,0.789000,0.369000,-0.022000,-49.130000,11.206000,-94.382000,31.87
806771005,0.683000,0.442000,0.025000,-35.511000,10.641000,-81.389000,31.82
806778844,0.700000,0.481000,0.013000,-28.733000,6.809000,-70.061000,31.87
806783918,0.692000,0.474000,-0.026000,-19.511000,4.427000,-56.336000,31.87
806795875,0.714000,0.519000,-0.018000,-11.511000,4.702000,-45.725000,31.73
806807761,0.703000,0.518000,0.029000,-0.962000,3.893000,-36.336000,31.78
806814704,0.685000,0.564000,0.013000,10.137000,1.405000,-22.214000,31.82
806825421,0.725000,0.550000,-0.078000,20.092000,0.031000,-10.702000,31.78
806832519,0.732000,0.579000,-0.074000,26.336000,-0.840000,-1.237000,31.82
806848593,0.708000,0.581000,-0.079000,32.076000,-4.748000,10.122000,31.78
806856270,0.719000,0.606000,-0.091000,34.763000,-9.237000,20.305000,31.82
806867064,0.772000,0.569000,-0.146000,36.153000,-11.160000,30.061000,31.78
806876437,0.808000,0.540000,-0.143000,39.221000,-11.985000,37.893000,31.82
806885790,0.812000,0.539000,-0.110000,46.824000,-11.282000,44.473000,31.82
806896392,0.869000,0.543000,-0.222000,51.618000,-8.397000,46.595000,31.87
806906105,0.843000,0.532000,-0.237000,54.641000,-8.397000,51.115000,31.82
806917122,0.827000,0.544000,-0.261000,54.840000,-10.183000,54.015000,31.78
806922051,0.805000,0.549000,-0.269000,51.878000,-15.985000,59.008000,31.82
806933934,0.837000,0.540000,-0.276000,49.206000,-19.618000,62.626000,31.78
806948687,0.901000,0.468000,-0.256000,51.405000,-20.168000,65.939000,31.92
806957010,0.938000,0.434000,-0.221000,56.519000,-16.763000,65.420000,31.78
806967270,0.902000,0.459000,-0.297000,59.282000,-15.527000,67.221000,31.92
806978528,0.918000,0.476000,-0.341000,58.794000,-12.229000,68.611000,31.82
806986982,0.887000,0.436000,-0.357000,53.878000,-14.473000,68.626000,31.92
806993172,0.857000,0.400000,-0.354000,49.832000,-19.634000,74.916000,31.87
807009306,0.961000,0.338000,-0.359000,48.962000,-19.679000,78.595000,31.92
807015207,0.990000,0.284000,-0.320000,53.969000,-16.473000,79.496000,31.78
807022627,1.009000,0.271000,-0.326000,59.710000,-10.947000,78.565000,31.78
807035114,0.999000,0.270000,-0.387000,61.603000,-7.344000,81.374000,31.82
807050842,0.990000,0.333000,-0.364000,60.153000,-4.260000,81.588000,31.87
807056174,0.948000,0.346000,-0.411000,56.595000,-6.244000,83.405000,31.82
807063754,0.976000,0.306000,-0.436000,51.435000,-9.481000,87.023000,31.78
807074602,0.996000,0.268000,-0.383000,49.008000,-11.038000,91.160000,31.82
807085452,1.043000,0.221000,-0.326000,51.817000,-8.336000,90.458000,31.78
807097733,1.064000,0.181000,-0.341000,56.931000,-2.611000,88.733000,31.82
807105511,1.061000,0.125000,-0.380000,58.015000,1.863000,88.168000,31.87
807115738,0.958000,0.168000,-0.364000,57.084000,2.122000,90.458000,31.82
807124986,0.975000,0.169000,-0.404000,54.000000,-0.214000,93.573000,31.87
807132036,0.995000,0.151000,-0.392000,52.412000,-2.702000,95.649000,31.82
807148376,1.021000,0.103000,-0.371000,54.595000,-5.328000,98.626000,31.82
807156027,1.038000,0.095000,-0.350000,59.710000,-2.748000,98.504000,31.87
807168095,1.070000,0.070000,-0.344000,64.366000,0.336000,97.481000,31.82
807181144,1.082000,-0.012000,-0.405000,65.847000,7.313000,95.130000,31.78
807186578,1.007000,-0.042000,-0.394000,66.229000,9.038000,96.153000,31.82
807196644,0.937000,0.012000,-0.442000,60.504000,7.450000,98.992000,31.78
807206096,0.991000,0.013000,-0.382000,54.687000,5.557000,100.565000,31.82
807217811,1.020000,-0.025000,-0.380000,55.176000,5.099000,102.672000,31.78
807222005,1.037000,-0.117000,-0.366000,58.122000,5.664000,105.527000,31.92
807233727,1.022000,-0.084000,-0.325000,64.702000,8.702000,106.321000,31.82
807245107,1.079000,-0.141000,-0.416000,66.824000,13.802000,104.458000,31.82
807258735,0.972000,-0.147000,-0.412000,63.786000,15.511000,102.947000,31.87
807265569,0.882000,-0.117000,-0.422000,55.206000,9.939000,107.802000,31.92
807277952,0.974000,-0.208000,-0.371000,49.130000,5.908000,112.076000,31.82
807285107,1.036000,-0.297000,-0.386000,53.130000,9.969000,114.198000,31.87
807294783,1.057000,-0.329000,-0.306000,58.947000,13.420000,114.611000,31.92
807307985,1.014000,-0.293000,-0.288000,67.252000,18.595000,114.015000,31.87
807317602,1.028000,-0.231000,-0.350000,70.840000,22.427000,111.145000,31.73
807322493,0.957000,-0.242000,-0.436000,65.115000,19.267000,113.115000,31.78
807334492,0.944000,-0.304000,-0.443000,58.168000,13.374000,117.176000,31.82
807355645,0.951000,-0.348000,-0.327000,52.901000,11.725000,120.702000,31.78
807362482,1.000000,-0.412000,-0.377000,49.695000,12.840000,121.481000,31.73
807366082,1.026000,-0.472000,-0.348000,54.397000,20.198000,121.832000,31.78
807381739,1.002000,-0.473000,-0.164000,61.695000,28.931000,122.718000,31.82
807389655,0.967000,-0.387000,-0.193000,73.679000,33.237000,120.702000,31.87
807394464,0.990000,-0.328000,-0.382000,74.565000,35.405000,118.580000,31.87
807405909,0.872000,-0.348000,-0.480000,64.443000,28.489000,125.893000,31.82
807417073,0.819000,-0.408000,-0.277000,55.603000,13.878000,133.588000,31.78
807425109,0.911000,-0.551000,-0.379000,49.328000,6.992000,135.405000,31.73
807434762,0.934000,-0.648000,-0.202000,50.076000,10.672000,136.840000,31.78
807441915,0.985000,-0.637000,-0.240000,58.489000,18.641000,133.084000,31.82
807460210,0.957000,-0.610000,-0.295000,61.405000,24.427000,127.160000,31.78
807463134,0.827000,-0.566000,-0.247000,61.450000,22.824000,129.237000,31.82
807474234,0.815000,-0.551000,-0.371000,48.779000,12.275000,133.496000,31.78
807488508,0.786000,-0.579000,-0.264000,42.321000,2.916000,140.885000,31.82
807494714,0.891000,-0.682000,-0.213000,39.557000,1.618000,140.794000,31.82
807507212,0.910000,-0.825000,-0.209000,39.435000,5.328000,138.000000,31.82
807517445,0.827000,-0.809000,-0.179000,44.382000,14.198000,136.458000,31.82
807526253,0.789000,-0.834000,-0.241000,43.725000,14.183000,135.160000,31.87
807535428,0.677000,-0.800000,-0.248000,38.916000,9.954000,138.366000,31.73
807542202,0.665000,-0.717000,-0.246000,31.863000,-1.191000,144.183000,31.78
807559325,0.776000,-0.831000,-0.287000,24.718000,-9.160000,146.031000,31.82
807568012,0.752000,-0.881000,-0.077000,32.992000,-4.519000,146.153000,31.78
807574849,0.823000,-0.850000,-0.169000,35.924000,2.122000,139.725000,31.73
807587348,0.761000,-0.936000,-0.193000,33.740000,5.756000,137.069000,31.78
807595102,0.605000,-0.831000,-0.217000,32.595000,5.176000,139.405000,31.92
807606167,0.650000,-0.846000,-0.314000,21.985000,0.290000,135.496000,31.78
807615666,0.637000,-0.972000,-0.177000,19.557000,-9.298000,136.763000,31.82
807626128,0.643000,-0.976000,-0.138000,23.038000,-10.427000,138.733000,31.78
807631173,0.701000,-1.018000,-0.126000,29.527000,-6.260000,135.878000,31.87
807644547,0.658000,-1.012000,-0.091000,38.534000,-0.870000,133.649000,31.82
807656764,0.641000,-1.061000,-0.142000,41.588000,2.366000,130.412000,31.87
807666759,0.519000,-1.024000,-0.162000,39.542000,1.359000,132.260000,31.82
807677267,0.521000,-0.914000,-0.145000,35.939000,-3.053000,132.122000,31.78
807691608,0.552000,-0.978000,-0.153000,31.023000,-6.916000,127.603000,31.82
807694201,0.557000,-0.996000,-0.079000,33.878000,-7.634000,130.824000,31.78
807706098,0.603000,-1.023000,-0.025000,41.405000,-2.687000,130.427000,31.82
807715875,0.707000,-1.087000,-0.063000,45.450000,17.786000,122.443000,31.78
807724521,0.389000,-1.042000,-0.037000,53.374000,8.290000,121.069000,31.82
807731417,0.409000,-1.082000,-0.200000,37.985000,-0.580000,123.099000,31.87
807748633,0.381000,-1.165000,-0.108000,33.924000,-10.260000,128.641000,31.82
807759800,0.492000,-1.102000,-0.038000,34.656000,-7.618000,125.802000,31.82
807765356,0.458000,-1.081000,0.049000,41.588000,-4.031000,121.221000,31.78
807775465,0.413000,-1.031000,0.026000,47.985000,3.924000,115.817000,31.82
807786049,0.417000,-1.096000,-0.084000,47.389000,3.466000,113.023000,31.78
807795995,0.338000,-1.174000,-0.033000,46.504000,0.290000,114.183000,31.73
807803706,0.257000,-1.134000,-0.118000,41.191000,-6.275000,116.534000,31.78
807817895,0.304000,-1.187000,-0.047000,38.076000,-7.374000,109.481000,31.82
807825475,0.323000,-1.258000,-0.012000,40.947000,-3.557000,103.176000,31.78
807832078,0.308000,-1.154000,-0.049000,38.763000,-0.458000,101.389000,31.73
807846483,0.271000,-1.153000,-0.000000,41.695000,0.992000,103.221000,31.73
807860814,0.194000,-1.054000,-0.003000,40.641000,-0.763000,100.718000,31.82
807863275,0.205000,-1.082000,-0.046000,40.168000,-2.672000,98.275000,31.78
807875740,0.176000,-1.150000,-0.081000,36.718000,-7.435000,96.809000,31.87
807883688,0.065000,-1.132000,-0.042000,35.221000,-13.496000,96.489000,31.82
807895191,0.157000,-1.190000,-0.064000,30.214000,-20.046000,89.450000,31.87
807907156,0.169000,-1.261000,0.022000,30.000000,-21.542000,84.672000,31.82
807918024,0.189000,-1.196000,0.054000,33.450000,-16.107000,82.198000,31.78
807921601,0.224000,-1.047000,0.011000,31.298000,-10.870000,78.916000,31.73
807932947,0.172000,-0.992000,0.064000,28.305000,-15.496000,74.198000,31.87
807950315,0.150000,-1.019000,0.000000,23.084000,-16.046000,73.313000,31.73
807959365,0.108000,-1.051000,-0.045000,17.130000,-22.733000,69.588000,31.87
807966115,0.087000,-1.064000,-0.005000,17.344000,-26.794000,67.145000,31.82
807974731,0.110000,-1.101000,0.078000,16.992000,-28.702000,61.588000,31.87
807986189,0.117000,-1.136000,0.040000,16.061000,-27.756000,59.221000,31.73
807996388,0.123000,-1.120000,0.082000,15.664000,-24.656000,55.634000,31.82
808005962,0.099000,-1.054000,0.111000,16.656000,-21.176000,51.267000,31.87
808016226,0.041000,-1.021000,0.093000,15.756000,-22.855000,47.252000,31.82
808021907,0.087000,-1.023000,0.052000,15.359000,-19.160000,46.824000,31.87
808033704,-0.022000,-0.996000,0.001000,12.122000,-26.473000,45.344000,31.82
808047770,0.002000,-0.982000,-0.042000,-2.305000,-27.603000,57.359000,31.78
808058468,0.032000,-1.094000,0.101000,12.565000,-25.634000,42.870000,31.92
808065194,-0.002000,-1.003000,0.063000,14.672000,-26.076000,40.183000,31.87
808077443,-0.007000,-0.992000,0.090000,11.069000,-23.924000,43.130000,31.82
808084357,-0.022000,-0.999000,0.100000,10.015000,-20.397000,35.802000,31.78
808095266,-0.067000,-0.982000,0.063000,9.282000,-19.634000,37.298000,31.73
808104812,-0.062000,-0.960000,0.101000,8.290000,-17.634000,36.076000,31.82
808115468,-0.064000,-0.965000,0.077000,6.153000,-10.947000,26.687000,31.78
808122286,-0.116000,-0.958000,-0.013000,6.275000,-18.183000,35.557000,31.82
808138188,-0.139000,-0.973000,0.035000,2.000000,-21.267000,36.534000,31.78
808150390,-0.101000,-1.012000,0.061000,0.641000,-23.023000,37.176000,31.82
808155464,-0.089000,-1.022000,0.111000,1.359000,-18.473000,33.786000,31.78
808162403,-0.084000,-1.021000,0.117000,4.107000,-12.458000,28.992000,31.82
808176205,-0.115000,-0.963000,0.122000,5.603000,-8.840000,31.542000,31.78
808185245,-0.112000,-0.945000,0.091000,2.641000,-4.947000,29.313000,31.82
808196859,-0.150000,-0.946000,0.091000,1.924000,-5.359000,30.458000,31.82
808205096,-0.146000,-0.938000,0.052000,0.122000,-5.863000,30.260000,31.87
808213360,-0.153000,-0.971000,0.041000,-2.885000,-8.076000,27.069000,31.82
808223727,-0.133000,-0.962000,0.092000,-4.092000,-6.260000,26.168000,31.78
808232636,-0.095000,-0.971000,0.086000,-6.656000,-5.756000,22.137000,31.73
808252024,-0.087000,-0.958000,0.126000,-5.649000,-1.511000,21.450000,31.78
808258215,-0.106000,-0.956000,0.118000,-7.618000,1.267000,17.542000,31.82
808263552,-0.085000,-0.958000,0.124000,-7.176000,4.641000,14.382000,31.78
808283750,-0.137000,-0.932000,0.090000,-8.901000,4.244000,12.000000,31.82
808285805,-0.159000,-0.952000,0.055000,-13.206000,-0.809000,12.000000,31.73
808297800,-0.121000,-0.990000,0.058000,-13.008000,-2.855000,11.374000,31.73
808306896,-0.088000,-1.002000,0.082000,-11.817000,-2.183000,13.664000,31.97
808318862,-0.073000,-1.033000,0.099000,-9.359000,-0.031000,13.603000,31.82
808324890,-0.086000,-1.028000,0.101000,-6.962000,3.908000,12.718000,31.73
808331957,-0.115000,-1.025000,0.092000,-4.565000,4.977000,10.076000,31.78
808345249,-0.089000,-1.068000,0.095000,-1.847000,6.198000,6.763000,31.82
808355452,-0.139000,-0.994000,0.052000,-5.588000,4.275000,8.351000,31.78
808364805,-0.121000,-0.986000,0.054000,-7.298000,0.702000,6.672000,31.82
808377877,-0.116000,-0.969000,0.073000,-6.244000,0.763000,5.435000,31.78
808385381,-0.103000,-0.989000,0.058000,-5.313000,-0.168000,7.893000,31.73
808395674,-0.084000,-1.004000,0.091000,-4.489000,1.435000,4.092000,31.78
808405739,-0.095000,-0.980000,0.087000,-3.344000,2.168000,2.641000,31.73
808415289,-0.091000,-1.013000,0.073000,-2.046000,2.321000,3.405000,31.78
808422399,-0.118000,-1.002000,0.093000,-2.336000,1.069000,1.664000,31.73
808434624,-0.136000,-0.986000,0.077000,-1.649000,0.305000,1.802000,31.78
808447514,-0.107000,-0.984000,0.109000,-0.412000,0.718000,-0.244000,31.78
808457731,-0.122000,-0.969000,0.088000,-0.198000,1.298000,-0.931000,31.73
808464590,-0.120000,-0.953000,0.093000,-0.779000,1.985000,-1.924000,31.78
808478290,-0.145000,-0.960000,0.109000,-1.527000,2.000000,-3.557000,31.92
808485823,-0.139000,-0.962000,0.097000,-2.504000,2.779000,-4.733000,31.78
808496058,-0.142000,-0.961000,0.102000,-2.473000,3.634000,-6.198000,31.82
808506814,-0.145000,-0.952000,0.105000,-3.359000,4.076000,-7.511000,31.87
808515337,-0.142000,-0.959000,0.095000,-4.382000,4.305000,-8.672000,31.73
808524378,-0.149000,-0.961000,0.101000,-4.901000,4.351000,-9.023000,31.87
808531527,-0.145000,-0.969000,0.089000,-5.420000,3.939000,-9.542000,31.82
808549266,-0.145000,-0.958000,0.086000,-4.794000,4.321000,-8.779000,31.82
808555349,-0.129000,-0.973000,0.088000,-3.817000,5.267000,-8.382000,31.73
808564978,-0.140000,-0.969000,0.087000,-2.229000,6.489000,-7.802000,31.82
808577266,-0.146000,-0.949000,0.091000,-1.557000,7.206000,-6.916000,31.78
808584993,-0.149000,-0.938000,0.077000,-3.618000,7.298000,-8.534000,31.82
808595983,-0.148000,-0.948000,0.079000,-3.618000,8.107000,-7.771000,31.78
808605885,-0.129000,-0.958000,0.096000,-2.550000,9.603000,-7.634000,31.82
808615908,-0.138000,-0.943000,0.086000,-1.481000,11.115000,-7.008000,31.87
808621055,-0.162000,-0.946000,0.073000,-1.771000,11.893000,-5.557000,31.82
808634832,-0.160000,-0.953000,0.080000,-1.527000,10.092000,-4.534000,31.87
808647101,-0.168000,-0.931000,0.099000,-1.893000,10.641000,-4.321000,31.82
808655281,-0.172000,-0.911000,0.090000,-3.313000,9.786000,-3.664000,31.87
808665181,-0.173000,-0.922000,0.090000,-4.137000,9.328000,-3.328000,31.82
808679382,-0.182000,-0.915000,0.090000,-5.832000,8.580000,-4.443000,31.78
808684607,-0.187000,-0.911000,0.097000,-7.160000,7.634000,-2.840000,31.73
808696188,-0.144000,-0.925000,0.122000,-7.023000,7.771000,-2.977000,31.87
808707192,-0.155000,-0.919000,0.104000,-7.008000,8.733000,-2.214000,31.87
808715532,-0.164000,-0.935000,0.092000,-7.206000,8.229000,-1.420000,31.82
808722613,-0.152000,-0.939000,0.104000,-6.718000,7.969000,-1.069000,31.78
808735177,-0.154000,-0.942000,0.107000,-5.405000,8.382000,-0.763000,31.82
808749716,-0.152000,-0.957000,0.116000,-4.290000,8.443000,-0.458000,31.87
808759138,-0.149000,-0.943000,0.097000,-3.817000,8.489000,-0.443000,31.82
808764737,-0.143000,-0.952000,0.099000,-3.924000,8.641000,0.290000,31.78
808777401,-0.143000,-0.946000,0.113000,-3.069000,8.916000,0.168000,31.73
808781926,-0.149000,-0.943000,0.105000,-2.931000,9.450000,0.168000,31.87
808795229,-0.141000,-0.958000,0.098000,-2.519000,9.863000,0.046000,31.82
808807258,-0.152000,-0.949000,0.099000,-2.519000,10.092000,0.153000,31.73
808815324,-0.141000,-0.958000,0.111000,-2.031000,10.305000,-0.107000,31.82
808825039,-0.145000,-0.954000,0.109000,-1.969000,10.321000,-0.229000,31.78
808831937,-0.149000,-0.952000,0.113000,-1.496000,10.092000,-0.214000,31.78
808848010,-0.152000,-0.955000,0.091000,-1.344000,9.924000,-0.458000,31.73
808859099,-0.149000,-0.956000,0.100000,-1.573000,9.008000,-0.183000,31.78
808865328,-0.140000,-0.946000,0.113000,-1.176000,9.298000,-0.092000,31.82
808878590,-0.132000,-0.953000,0.098000,-1.496000,9.252000,-1.115000,31.78
808885842,-0.174000,-0.947000,0.119000,-1.618000,7.969000,-0.107000,31.82
808896033,-0.156000,-0.950000,0.111000,-2.672000,7.511000,-2.840000,31.78
808904633,-0.157000,-0.955000,0.109000,-2.748000,6.321000,-2.427000,31.82
808916260,-0.130000,-0.955000,0.118000,-1.664000,5.954000,-2.229000,31.78
808921519,-0.147000,-0.949000,0.116000,-1.939000,5.618000,-2.931000,31.73
808935015,-0.162000,-0.948000,0.117000,-2.763000,4.656000,-3.405000,31.87
808947387,-0.146000,-0.949000,0.107000,-4.305000,3.405000,-4.275000,31.82
808955244,-0.157000,-0.950000,0.113000,-5.527000,1.786000,-4.809000,31.87
808965730,-0.160000,-0.948000,0.100000,-7.511000,0.336000,-5.908000,31.78
808981438,-0.152000,-0.971000,0.108000,-9.053000,-1.878000,-6.947000,31.82
808986682,-0.149000,-0.969000,0.114000,-9.496000,-3.710000,-6.519000,31.78
808993174,-0.140000,-0.960000,0.094000,-10.824000,-3.817000,-9.328000,31.82
809009004,-0.127000,-0.959000,0.109000,-10.580000,-4.275000,-10.000000,31.87
809015611,-0.111000,-0.970000,0.103000,-11.893000,-4.473000,-10.977000,31.82
809022421,-0.135000,-0.984000,0.102000,-12.992000,-5.298000,-10.672000,31.87
809036195,-0.142000,-0.994000,0.090000,-16.580000,-4.534000,-12.458000,31.73
809049848,-0.112000,-0.973000,0.089000,-16.931000,-6.565000,-15.527000,31.68
809057284,-0.158000,-0.961000,0.100000,-18.168000,-12.489000,-17.969000,31.82
809065300,-0.150000,-0.986000,0.071000,-19.832000,-13.466000,-18.137000,31.73
809079064,-0.111000,-1.000000,0.078000,-17.435000,-13.618000,-16.504000,31.82
809087276,-0.102000,-0.972000,0.092000,-18.397000,-14.336000,-16.931000,31.82
809094947,-0.151000,-0.934000,0.042000,-21.786000,-15.115000,-16.382000,31.87
809104802,-0.121000,-0.952000,0.045000,-24.443000,-17.191000,-15.405000,31.82
809116896,-0.074000,-0.976000,0.047000,-25.435000,-16.641000,-16.351000,31.78
809121536,-0.098000,-0.968000,0.072000,-25.695000,-15.802000,-17.527000,31.73
809133152,-0.109000,-0.965000,0.022000,-29.328000,-18.626000,-19.969000,31.78
809145859,-0.139000,-0.966000,-0.018000,-34.290000,-22.748000,-20.107000,31.82
809155837,-0.118000,-0.983000,0.019000,-36.763000,-25.435000,-19.924000,31.78
809164288,-0.094000,-1.035000,0.075000,-35.359000,-26.519000,-19.618000,31.73
809175871,-0.058000,-0.960000,-0.022000,-38.198000,-23.527000,-19.038000,31.78
809189409,-0.031000,-1.007000,-0.021000,-34.885000,-22.794000,-21.267000,31.82
809195465,-0.080000,-0.965000,0.007000,-33.282000,-23.237000,-17.130000,31.78
809205689,-0.016000,-0.979000,-0.048000,-37.908000,-22.015000,-22.137000,31.92
809217338,-0.055000,-0.998000,-0.041000,-37.359000,-23.985000,-22.733000,31.73
809225099,-0.044000,-1.025000,-0.033000,-37.985000,-26.031000,-23.954000,31.87
809231563,-0.029000,-1.025000,-0.039000,-38.473000,-25.954000,-24.748000,31.82
809244322,-0.004000,-1.031000,-0.049000,-37.267000,-24.046000,-25.267000,31.78
809255640,0.000000,-1.057000,-0.049000,-35.405000,-22.168000,-27.863000,31.82
809263660,-0.029000,-1.045000,0.008000,-29.893000,-20.885000,-24.122000,31.78
809275471,-0.004000,-1.039000,-0.044000,-31.908000,-19.588000,-31.176000,31.82
809284776,0.019000,-1.048000,0.011000,-28.794000,-16.153000,-31.878000,31.78
809295778,0.058000,-1.035000,0.020000,-29.084000,-12.626000,-37.237000,31.82
809311910,-0.033000,-1.031000,-0.069000,-30.214000,-14.489000,-40.748000,31.78
809320623,0.000000,-1.024000,-0.030000,-31.435000,-15.191000,-43.740000,31.73
809323312,0.036000,-1.048000,-0.010000,-30.458000,-13.130000,-45.420000,31.82
809335134,0.026000,-1.044000,-0.031000,-29.908000,-12.351000,-47.924000,31.78
809347724,0.013000,-1.067000,-0.013000,-27.710000,-11.893000,-48.992000,31.73
809358142,0.084000,-1.093000,-0.010000,-27.466000,-8.702000,-52.702000,31.87
809365779,0.076000,-1.084000,-0.005000,-25.328000,-4.550000,-53.863000,31.73
809375763,0.076000,-1.067000,-0.012000,-26.046000,-0.870000,-56.183000,31.87
809386930,0.061000,-1.074000,-0.073000,-26.687000,0.656000,-59.191000,31.82
809392692,0.067000,-1.100000,-0.029000,-26.107000,1.649000,-62.427000,31.78
809406731,0.086000,-1.095000,-0.081000,-26.504000,5.313000,-64.229000,31.82
809414716,0.092000,-1.103000,-0.088000,-27.176000,8.031000,-66.351000,31.73
809423485,0.085000,-1.077000,-0.046000,-25.359000,10.000000,-65.664000,31.92
809434885,0.125000,-1.085000,-0.083000,-29.405000,13.511000,-68.840000,31.68
809441833,0.109000,-1.062000,-0.085000,-28.336000,16.107000,-68.794000,31.73
809458055,0.135000,-1.061000,-0.120000,-29.359000,16.916000,-71.145000,31.82
809466342,0.143000,-1.056000,-0.142000,-30.015000,17.069000,-71.191000,31.78
809474169,0.138000,-1.066000,-0.121000,-31.282000,15.359000,-72.290000,31.82
809487799,0.177000,-1.077000,-0.151000,-31.527000,16.611000,-73.542000,31.87
809492626,0.196000,-1.065000,-0.150000,-32.718000,16.733000,-74.427000,31.73
809509297,0.193000,-1.024000,-0.170000,-33.878000,15.603000,-73.221000,31.78
809519792,0.246000,-1.036000,-0.147000,-34.244000,15.313000,-73.817000,31.73
809524085,0.243000,-1.036000,-0.170000,-35.374000,15.420000,-74.031000,31.78
809534386,0.245000,-1.000000,-0.186000,-37.115000,14.534000,-73.908000,31.82
809541854,0.253000,-1.039000,-0.165000,-35.573000,15.557000,-75.756000,31.78
809555869,0.286000,-1.054000,-0.215000,-35.298000,14.748000,-75.282000,31.82
809566345,0.284000,-1.070000,-0.163000,-35.069000,12.977000,-75.664000,31.68
809573321,0.288000,-1.026000,-0.176000,-36.504000,12.382000,-75.176000,31.87
809587702,0.318000,-1.044000,-0.203000,-36.809000,12.000000,-75.374000,31.73
809592984,0.321000,-1.027000,-0.178000,-36.916000,12.107000,-74.443000,31.78
809607600,0.362000,-0.989000,-0.192000,-36.931000,12.198000,-76.275000,31.73
809615566,0.401000,-1.026000,-0.186000,-34.198000,16.672000,-78.824000,31.87
809623731,0.384000,-1.023000,-0.205000,-33.679000,17.542000,-80.412000,31.82
809633969,0.401000,-1.056000,-0.175000,-32.305000,20.107000,-81.985000,31.68
809640714,0.385000,-1.023000,-0.232000,-34.809000,19.573000,-82.992000,31.73
809663613,0.435000,-1.034000,-0.292000,-36.153000,18.885000,-85.542000,31.68
809669473,0.465000,-1.031000,-0.227000,-35.130000,19.344000,-85.053000,31.73
809676606,0.395000,-0.962000,-0.193000,-34.840000,14.916000,-83.160000,31.82
809690597,0.535000,-0.982000,-0.171000,-30.443000,22.397000,-85.023000,31.73
809695672,0.512000,-0.985000,-0.207000,-28.427000,29.115000,-86.870000,31.73
809708519,0.535000,-0.996000,-0.200000,-25.313000,32.809000,-86.870000,31.78
809718794,0.475000,-0.959000,-0.261000,-26.672000,33.069000,-90.427000,31.82
809725613,0.450000,-0.977000,-0.287000,-29.573000,29.420000,-89.847000,31.78
809733436,0.526000,-1.011000,-0.210000,-30.824000,28.092000,-90.947000,31.82
809745707,0.531000,-1.034000,-0.293000,-33.008000,26.336000,-90.458000,31.87
809758632,0.544000,-1.024000,-0.259000,-33.511000,26.885000,-89.023000,31.82
809766348,0.546000,-0.956000,-0.232000,-35.115000,27.725000,-89.969000,31.78
809772303,0.620000,-1.015000,-0.261000,-33.252000,29.740000,-92.473000,31.82
809789914,0.563000,-0.978000,-0.295000,-33.130000,31.298000,-94.718000,31.78
809797109,0.546000,-0.936000,-0.287000,-34.183000,28.687000,-93.313000,31.82
809803677,0.561000,-0.897000,-0.269000,-36.168000,25.878000,-93.924000,31.78
809814272,0.597000,-0.924000,-0.296000,-36.473000,22.321000,-95.786000,31.68
809826101,0.592000,-0.917000,-0.269000,-34.702000,20.992000,-94.687000,31.73
809833440,0.628000,-0.911000,-0.269000,-33.618000,20.214000,-96.031000,31.68
809844858,0.700000,-0.964000,-0.299000,-32.153000,22.916000,-100.382000,31.82
809855117,0.640000,-0.895000,-0.276000,-31.969000,21.985000,-99.267000,31.87
809868067,0.692000,-0.904000,-0.308000,-37.939000,18.229000,-100.870000,31.73
809873977,0.724000,-0.889000,-0.271000,-39.649000,18.580000,-99.130000,31.78
809890110,0.714000,-0.833000,-0.231000,-40.489000,15.557000,-95.710000,31.92
809895153,0.735000,-0.844000,-0.229000,-38.992000,21.328000,-100.824000,31.87
809904149,0.750000,-0.809000,-0.220000,-35.802000,23.282000,-101.282000,31.92
809918450,0.760000,-0.813000,-0.280000,-37.221000,23.252000,-101.603000,31.78
809928649,0.656000,-0.730000,-0.308000,-42.855000,17.985000,-99.557000,31.73
809932421,0.771000,-0.770000,-0.241000,-49.466000,11.710000,-103.527000,31.82
809943960,0.847000,-0.878000,-0.274000,-44.519000,17.832000,-100.489000,31.78
809957205,0.805000,-0.754000,-0.231000,-39.237000,22.931000,-98.122000,31.82
809966808,0.825000,-0.742000,-0.290000,-40.794000,24.168000,-99.023000,31.78
809975191,0.800000,-0.748000,-0.286000,-40.504000,23.649000,-95.786000,31.73
809986442,0.789000,-0.688000,-0.273000,-42.305000,21.573000,-95.664000,31.78
809999102,0.791000,-0.667000,-0.336000,-45.069000,18.336000,-95.023000,31.82
810001259,0.818000,-0.671000,-0.340000,-47.053000,16.351000,-94.962000,31.87
810017793,0.848000,-0.707000,-0.323000,-46.305000,14.443000,-94.641000,31.82
810028989,0.866000,-0.711000,-0.265000,-46.443000,15.649000,-94.824000,31.82
810031875,0.883000,-0.701000,-0.334000,-44.824000,18.229000,-95.374000,31.73
810043463,0.868000,-0.697000,-0.333000,-46.733000,18.092000,-97.740000,31.87
810056602,0.879000,-0.628000,-0.329000,-47.099000,16.336000,-99.328000,31.87
810065696,0.898000,-0.694000,-0.371000,-46.443000,15.160000,-99.847000,31.73
810074570,0.905000,-0.635000,-0.346000,-46.504000,14.947000,-97.298000,31.78
810085349,0.948000,-0.613000,-0.363000,-47.221000,12.672000,-100.992000,31.82
810098430,0.937000,-0.606000,-0.321000,-45.832000,15.145000,-103.115000,31.87
810105861,0.986000,-0.576000,-0.352000,-46.198000,15.511000,-105.282000,31.92
810121479,1.007000,-0.598000,-0.328000,-42.427000,20.107000,-108.198000,31.87
810128786,1.025000,-0.565000,-0.319000,-38.595000,23.496000,-111.084000,31.92
810135560,1.001000,-0.533000,-0.315000,-37.053000,24.779000,-113.099000,31.78
810142422,0.971000,-0.478000,-0.415000,-39.344000,23.603000,-112.702000,31.82
810156302,0.941000,-0.440000,-0.312000,-45.603000,15.221000,-111.786000,31.87
810165304,1.024000,-0.404000,-0.315000,-48.366000,13.450000,-113.282000,31.82
810174259,1.032000,-0.458000,-0.319000,-46.076000,14.718000,-112.641000,31.73
810185629,1.064000,-0.482000,-0.258000,-41.008000,18.092000,-115.618000,31.78
810195619,1.052000,-0.420000,-0.344000,-39.710000,23.588000,-116.580000,31.82
810205045,1.059000,-0.443000,-0.332000,-38.550000,24.580000,-119.985000,31.78
810216994,0.997000,-0.395000,-0.343000,-39.023000,21.924000,-119.084000,31.82
810226775,0.985000,-0.327000,-0.371000,-44.275000,15.389000,-118.794000,31.78
810234453,1.005000,-0.275000,-0.328000,-50.183000,10.916000,-117.344000,31.82
810241410,1.082000,-0.287000,-0.357000,-54.229000,9.069000,-115.008000,31.78
810255340,1.121000,-0.338000,-0.376000,-54.305000,10.122000,-114.611000,31.92
810268764,1.084000,-0.289000,-0.301000,-51.069000,14.351000,-115.939000,31.78
810274939,1.087000,-0.264000,-0.319000,-51.573000,17.160000,-117.191000,31.73
810285888,1.023000,-0.243000,-0.370000,-50.260000,20.687000,-115.221000,31.82
810298982,0.987000,-0.168000,-0.380000,-56.794000,14.916000,-115.832000,31.87
810304340,0.968000,-0.101000,-0.378000,-65.588000,8.214000,-113.756000,31.73
810317471,1.002000,-0.065000,-0.381000,-74.794000,1.557000,-111.466000,31.78
810329880,1.042000,-0.109000,-0.360000,-80.672000,-2.214000,-108.321000,31.82
810333610,1.143000,-0.167000,-0.237000,-74.260000,4.641000,-109.634000,31.78
810345410,1.038000,-0.080000,-0.292000,-67.527000,9.511000,-106.061000,31.92
810356923,1.056000,-0.031000,-0.320000,-68.153000,9.679000,-106.534000,31.87
810366679,1.034000,-0.000000,-0.299000,-69.679000,8.076000,-107.359000,31.92
810377780,0.968000,0.082000,-0.436000,-78.443000,1.389000,-106.107000,31.73
810385469,0.945000,0.146000,-0.341000,-87.695000,-6.275000,-103.466000,31.73
810397122,1.003000,0.143000,-0.333000,-91.221000,-12.092000,-99.115000,31.87
810404779,1.084000,0.083000,-0.284000,-85.939000,-8.489000,-94.824000,31.82
810416466,1.135000,0.023000,-0.137000,-76.672000,-1.802000,-99.664000,31.78
810428421,1.039000,0.123000,-0.277000,-68.809000,3.985000,-99.435000,31.87
810436464,1.036000,0.145000,-0.366000,-70.779000,5.481000,-101.924000,31.92
810445769,0.931000,0.236000,-0.364000,-81.542000,0.031000,-99.954000,31.87
810452474,0.920000,0.241000,-0.276000,-91.542000,-7.084000,-94.779000,31.82
810471511,1.004000,0.190000,-0.304000,-92.626000,-9.008000,-90.977000,31.78
810482751,1.027000,0.196000,-0.218000,-86.290000,-5.466000,-88.962000,31.73
810485028,1.047000,0.206000,-0.180000,-76.107000,1.084000,-87.450000,31.78
810496103,1.061000,0.200000,-0.203000,-67.267000,7.160000,-91.359000,31.82
810505288,0.979000,0.302000,-0.269000,-64.870000,11.786000,-91.603000,31.68
810515159,0.872000,0.393000,-0.329000,-74.855000,4.183000,-94.275000,31.73
810524675,0.832000,0.410000,-0.282000,-84.534000,-5.557000,-83.038000,31.87
810536103,0.898000,0.348000,-0.240000,-84.687000,-8.656000,-76.855000,31.73
810541722,0.982000,0.297000,-0.190000,-82.779000,-5.053000,-75.374000,31.73
810553259,0.992000,0.281000,-0.124000,-69.527000,4.244000,-70.427000,31.78
810569685,1.022000,0.221000,-0.063000,-56.351000,12.351000,-74.916000,31.82
810578257,0.852000,0.364000,-0.192000,-51.527000,16.214000,-68.763000,31.87
810584780,0.793000,0.434000,-0.201000,-55.863000,12.427000,-63.756000,31.73
810596243,0.825000,0.445000,-0.177000,-61.725000,7.603000,-57.405000,31.87
810608110,0.790000,0.497000,-0.128000,-60.947000,2.641000,-45.924000,31.82
810615659,0.884000,0.457000,-0.099000,-53.298000,2.702000,-38.168000,31.78
810626006,0.968000,0.420000,-0.025000,-40.489000,8.458000,-35.511000,31.82
810637427,0.937000,0.442000,0.052000,-23.985000,13.939000,-32.260000,31.73
810642513,0.893000,0.495000,0.013000,-11.954000,18.992000,-29.405000,31.82
810653898,0.794000,0.587000,-0.130000,-12.763000,15.176000,-23.359000,31.78
810666087,0.751000,0.630000,-0.153000,-18.229000,9.206000,-17.481000,31.73
810679176,0.800000,0.572000,-0.021000,-14.061000,2.855000,-6.626000,31.78
810685690,0.847000,0.551000,-0.048000,-7.267000,-0.229000,1.267000,31.78
810696953,0.874000,0.548000,-0.025000,1.603000,-1.374000,9.130000,31.73
810709369,0.926000,0.515000,-0.008000,14.336000,0.885000,14.321000,31.87
810715246,0.871000,0.550000,-0.065000,22.366000,2.122000,18.718000,31.82
810726634,0.861000,0.536000,-0.169000,23.115000,2.947000,22.794000,31.78
810738346,0.836000,0.509000,-0.143000,23.084000,0.733000,29.893000,31.82
810744327,0.849000,0.529000,-0.110000,24.656000,-2.290000,36.153000,31.87
810751274,0.877000,0.511000,-0.127000,29.099000,-3.313000,40.977000,31.82
810769148,0.876000,0.532000,-0.148000,33.878000,-6.412000,45.725000,31.78
810777564,0.917000,0.492000,-0.146000,39.527000,-8.427000,49.832000,31.73
810786164,0.896000,0.490000,-0.162000,41.359000,-9.878000,52.046000,31.68
810796421,0.919000,0.467000,-0.210000,42.000000,-11.221000,54.427000,31.82
810810935,0.892000,0.448000,-0.203000,41.435000,-12.641000,56.183000,31.82
810814181,0.960000,0.389000,-0.221000,43.664000,-11.344000,57.893000,31.97
810828295,0.971000,0.341000,-0.198000,47.359000,-10.122000,60.534000,31.82
810840675,0.963000,0.379000,-0.203000,51.710000,-9.160000,60.519000,31.78
810846015,0.974000,0.392000,-0.251000,52.840000,-10.214000,62.382000,31.82
810852748,0.935000,0.413000,-0.256000,52.366000,-10.427000,65.313000,31.78
810868078,0.940000,0.422000,-0.345000,49.206000,-14.992000,67.618000,31.73
810878337,0.983000,0.357000,-0.287000,45.298000,-16.000000,69.771000,31.78
810887893,0.984000,0.311000,-0.256000,47.008000,-14.382000,72.198000,31.82
810893701,1.097000,0.160000,-0.283000,51.420000,-5.237000,73.206000,31.82
810909352,0.998000,0.216000,-0.245000,57.847000,-0.183000,74.840000,31.82
810915033,1.008000,0.228000,-0.306000,58.412000,2.885000,78.092000,31.87
810927103,0.961000,0.233000,-0.301000,56.443000,5.053000,80.305000,31.78
810938219,0.949000,0.265000,-0.332000,52.809000,3.679000,84.702000,31.73
810946891,0.987000,0.225000,-0.323000,49.405000,2.275000,88.840000,31.78
810954920,0.985000,0.208000,-0.238000,49.664000,4.305000,90.840000,31.82
810961945,1.049000,0.130000,-0.288000,54.489000,6.809000,95.847000,31.78
810978474,1.065000,0.040000,-0.215000,62.794000,15.817000,95.634000,31.73
810986757,1.021000,0.089000,-0.199000,68.824000,22.305000,96.412000,31.87
810995815,0.989000,0.122000,-0.344000,66.504000,21.496000,99.313000,31.82
811004118,0.932000,0.126000,-0.351000,61.771000,19.802000,103.756000,31.78
811013312,1.021000,0.051000,-0.295000,62.397000,17.634000,107.069000,31.92
811027302,1.041000,-0.010000,-0.304000,65.756000,16.931000,110.260000,31.78
811036204,1.078000,-0.061000,-0.216000,73.679000,21.206000,111.237000,31.64
811047954,1.085000,-0.041000,-0.234000,83.389000,27.832000,109.252000,31.68
811051727,1.091000,-0.084000,-0.248000,84.198000,35.237000,106.290000,31.92
811062933,0.979000,-0.037000,-0.316000,79.847000,34.824000,106.076000,31.82
811079627,0.953000,0.038000,-0.450000,66.351000,27.786000,107.420000,31.78
811084996,0.990000,-0.083000,-0.261000,60.656000,19.511000,111.740000,31.92
811096186,1.089000,-0.221000,-0.267000,66.534000,18.107000,113.298000,31.87
811105699,1.119000,-0.227000,-0.221000,76.672000,28.122000,112.733000,31.73
811117478,1.151000,-0.236000,-0.229000,84.550000,35.954000,103.405000,31.87
811127867,0.956000,-0.159000,-0.340000,77.313000,33.817000,107.160000,31.82
811136960,0.984000,-0.209000,-0.393000,63.130000,21.664000,111.282000,31.78
811146515,0.973000,-0.252000,-0.242000,56.061000,12.763000,114.580000,31.73
811152660,1.040000,-0.265000,-0.256000,54.718000,9.176000,113.420000,31.82
811163497,1.103000,-0.356000,-0.175000,56.565000,12.443000,113.618000,31.82
811175785,1.119000,-0.351000,-0.156000,64.122000,18.947000,114.794000,31.87
811188328,1.051000,-0.322000,-0.258000,62.565000,18.931000,113.374000,31.73
811195336,0.950000,-0.312000,-0.196000,51.389000,6.076000,117.405000,31.82
811210272,0.959000,-0.272000,-0.234000,45.176000,2.718000,122.687000,31.78
811218706,1.041000,-0.374000,-0.236000,40.641000,-0.824000,122.733000,31.82
811221733,1.118000,-0.487000,-0.122000,43.328000,3.176000,121.282000,31.78
811237206,1.064000,-0.425000,-0.142000,49.924000,10.611000,121.435000,31.82
811248081,1.075000,-0.503000,-0.164000,50.931000,14.107000,120.763000,31.68
811252741,0.898000,-0.415000,-0.225000,45.939000,9.588000,125.130000,31.82
811264278,0.966000,-0.439000,-0.201000,40.427000,6.198000,127.298000,31.78
811277024,0.988000,-0.493000,-0.159000,37.130000,4.122000,126.015000,31.82
811285275,1.004000,-0.605000,-0.228000,38.092000,4.748000,126.992000,31.78
811295632,0.966000,-0.658000,-0.165000,45.206000,7.603000,130.870000,31.73
811303985,1.013000,-0.633000,-0.140000,49.588000,13.771000,124.366000,31.78
811320913,0.882000,-0.555000,-0.234000,47.420000,12.000000,126.183000,31.73
811323162,0.849000,-0.530000,-0.220000,38.656000,3.618000,125.527000,31.82
811333731,0.882000,-0.553000,-0.222000,30.260000,-5.282000,129.313000,31.78
811344038,0.907000,-0.653000,-0.205000,24.260000,-9.649000,128.183000,31.73
811354774,0.930000,-0.732000,-0.149000,29.618000,-6.824000,129.863000,31.78
811364976,0.973000,-0.793000,-0.118000,35.573000,1.099000,123.053000,31.82
811373003,0.868000,-0.790000,-0.131000,40.672000,4.275000,122.916000,31.87
811386466,0.818000,-0.791000,-0.206000,40.718000,2.092000,122.076000,31.82
811397930,0.731000,-0.674000,-0.199000,38.809000,-5.847000,124.901000,31.78
811405419,0.838000,-0.635000,-0.103000,36.137000,-9.908000,123.573000,31.73
811416609,0.840000,-0.693000,-0.170000,29.939000,-15.053000,124.977000,31.78
811424812,0.779000,-0.713000,-0.050000,30.595000,-16.275000,131.511000,31.73
811437086,0.892000,-0.801000,-0.068000,33.221000,-11.053000,128.137000,31.68
811449972,0.785000,-0.909000,-0.069000,35.481000,-7.573000,127.099000,31.82
811458278,0.757000,-0.841000,-0.079000,35.832000,-5.786000,128.931000,31.87
811465067,0.727000,-0.874000,-0.185000,33.511000,-5.786000,126.458000,31.82
811471948,0.664000,-0.833000,-0.069000,34.198000,-9.863000,130.229000,31.82
811489998,0.685000,-0.798000,-0.084000,31.145000,-15.069000,132.305000,31.87
811502045,0.767000,-0.989000,-0.096000,34.214000,-14.290000,130.458000,31.73
811504823,0.689000,-0.943000,-0.061000,47.511000,-7.802000,138.718000,31.87
811515678,0.645000,-0.990000,-0.109000,40.840000,-6.092000,126.397000,31.73
811529112,0.530000,-0.946000,-0.059000,40.840000,-7.740000,130.015000,31.68
811534889,0.551000,-0.926000,-0.157000,31.084000,-14.351000,125.023000,31.82
811545795,0.530000,-1.002000,-0.105000,24.290000,-22.702000,125.634000,31.78
811558675,0.576000,-1.025000,-0.071000,30.137000,-20.840000,127.130000,31.73
811565226,0.629000,-1.108000,0.058000,35.832000,-14.626000,121.435000,31.78
811571950,0.435000,-1.046000,0.001000,42.046000,-10.824000,124.443000,31.82
811587795,0.558000,-1.073000,-0.043000,44.321000,-5.588000,116.489000,31.82
811598206,0.439000,-1.094000,-0.144000,39.893000,-10.473000,117.603000,31.73
811606688,0.380000,-0.991000,-0.090000,33.664000,-17.481000,119.496000,31.78
811616809,0.408000,-1.012000,0.040000,21.603000,-27.786000,110.748000,31.78
811628132,0.533000,-1.114000,-0.069000,28.244000,-18.489000,107.176000,31.82
811634535,0.432000,-1.028000,0.009000,31.435000,-16.840000,113.756000,31.78
811647949,0.490000,-1.089000,0.007000,32.214000,-9.160000,108.305000,31.73
811656542,0.404000,-1.096000,-0.066000,30.458000,-3.176000,107.099000,31.78
811665099,0.386000,-1.117000,-0.043000,28.321000,-7.710000,108.000000,31.73
811671952,0.353000,-1.101000,-0.084000,24.473000,-10.290000,107.740000,31.78
811688622,0.340000,-1.088000,0.024000,24.916000,-10.229000,109.191000,31.73
811698826,0.395000,-1.095000,0.032000,31.893000,0.000000,104.275000,31.78
811707791,0.351000,-1.038000,0.084000,40.122000,7.405000,104.336000,31.82
811715747,0.336000,-1.064000,0.013000,43.069000,11.038000,101.924000,31.78
811729177,0.201000,-1.058000,-0.057000,38.824000,8.489000,102.137000,31.82
811735307,0.201000,-1.052000,-0.004000,35.634000,2.733000,106.504000,31.78
811746009,0.162000,-1.127000,-0.060000,29.191000,-2.580000,103.206000,31.82
811754211,0.177000,-1.162000,0.008000,28.870000,-6.244000,102.351000,31.82
811766125,0.182000,-1.116000,0.059000,32.137000,-2.290000,96.718000,31.78
811773448,0.179000,-1.035000,0.105000,36.046000,2.763000,93.237000,31.82
811785579,0.221000,-1.111000,0.095000,42.733000,11.740000,90.321000,31.78
811799164,0.172000,-1.060000,0.041000,44.519000,14.443000,90.702000,31.73
811808709,0.118000,-1.073000,0.026000,41.527000,14.092000,89.939000,31.78
811815353,0.059000,-1.058000,0.006000,35.756000,10.885000,88.351000,31.82
811828616,0.039000,-1.121000,0.001000,29.099000,4.962000,86.412000,31.78
811838553,0.057000,-1.170000,0.042000,27.496000,3.359000,80.183000,31.82
811845376,0.021000,-1.107000,0.095000,27.832000,1.450000,77.069000,31.82
811855056,0.056000,-1.073000,0.117000,27.863000,1.969000,73.710000,31.92
811863633,0.065000,-1.027000,0.150000,27.542000,3.435000,71.664000,31.78
811871763,0.080000,-1.023000,0.148000,26.947000,5.435000,72.168000,31.82
811883223,0.024000,-1.012000,0.192000,24.794000,8.443000,74.534000,31.73
811895793,0.001000,-1.022000,0.120000,26.534000,6.046000,68.336000,31.78
811906302,-0.003000,-1.005000,0.086000,21.893000,1.023000,69.710000,31.82
811914969,0.061000,-1.190000,0.071000,22.214000,-3.176000,65.618000,31.78
811931051,-0.036000,-1.083000,0.137000,21.695000,7.099000,64.153000,31.73
811939076,0.029000,-1.050000,0.134000,20.305000,1.160000,59.099000,31.78
811944654,-0.018000,-1.044000,0.167000,18.244000,3.160000,53.786000,31.82
811955898,0.009000,-1.004000,0.195000,18.183000,4.809000,56.947000,31.68
811965351,-0.003000,-0.998000,0.160000,16.229000,5.740000,50.840000,31.73
811975445,-0.012000,-1.024000,0.143000,15.176000,6.565000,48.412000,31.68
811985148,-0.014000,-1.025000,0.121000,16.534000,5.924000,48.626000,31.73
811992204,-0.052000,-1.051000,0.126000,18.137000,4.534000,47.466000,31.78
812008386,-0.090000,-1.031000,0.117000,16.885000,0.397000,44.733000,31.73
812019752,-0.068000,-1.037000,0.147000,15.374000,-3.466000,42.763000,31.82
812025390,-0.035000,-1.019000,0.204000,15.496000,-2.366000,41.023000,31.78
812037685,-0.040000,-0.976000,0.197000,13.389000,-2.137000,39.298000,31.73
812045914,-0.044000,-0.975000,0.229000,13.802000,1.053000,37.969000,31.78
812055637,-0.087000,-0.942000,0.209000,10.763000,0.611000,34.092000,31.82
812065683,-0.104000,-0.985000,0.149000,7.725000,0.137000,33.634000,31.68
812078194,-0.123000,-0.974000,0.151000,6.198000,-1.573000,25.924000,31.82
812082639,-0.144000,-0.994000,0.178000,4.702000,-4.305000,25.176000,31.78
812094281,-0.149000,-1.047000,0.155000,2.183000,-8.977000,24.611000,31.82
812101006,-0.130000,-1.007000,0.181000,0.595000,-10.015000,21.847000,31.73
812119929,-0.135000,-0.935000,0.172000,-2.702000,-10.687000,15.527000,31.73
812125458,-0.104000,-1.000000,0.197000,-4.122000,-10.931000,15.603000,31.78
812137795,-0.092000,-0.981000,0.185000,-6.321000,-9.786000,13.985000,31.87
812146663,-0.137000,-0.965000,0.166000,-8.458000,-11.786000,12.687000,31.82
812154991,-0.130000,-0.959000,0.136000,-10.168000,-12.870000,11.038000,31.78
812167261,-0.145000,-0.971000,0.141000,-11.527000,-15.267000,10.260000,31.73
812176023,-0.120000,-0.958000,0.153000,-13.603000,-15.511000,9.023000,31.68
812185664,-0.133000,-0.967000,0.178000,-13.634000,-16.626000,6.397000,31.82
812194486,-0.138000,-0.948000,0.158000,-15.206000,-18.000000,6.336000,31.78
812201289,-0.127000,-0.931000,0.197000,-14.626000,-17.420000,6.198000,31.73
812219717,-0.121000,-0.939000,0.155000,-15.863000,-17.511000,4.305000,31.78
812230573,-0.130000,-0.945000,0.170000,-16.366000,-17.618000,5.557000,31.82
812232946,-0.138000,-0.939000,0.148000,-16.427000,-15.695000,6.611000,31.78
812248482,-0.151000,-0.936000,0.171000,-19.053000,-17.786000,3.252000,31.73
812257348,-0.143000,-0.938000,0.188000,-19.023000,-17.328000,1.588000,31.82
812265303,-0.153000,-0.933000,0.169000,-20.809000,-17.084000,0.168000,31.68
812277665,-0.130000,-0.947000,0.175000,-21.740000,-16.534000,-1.420000,31.73
812286451,-0.169000,-0.924000,0.148000,-24.122000,-15.328000,-2.977000,31.78
812294958,-0.178000,-0.946000,0.162000,-26.519000,-16.275000,-3.344000,31.73
812301364,-0.136000,-0.930000,0.140000,-24.427000,-15.481000,-1.908000,31.68
812313682,-0.139000,-0.943000,0.147000,-22.137000,-16.595000,0.580000,31.73
812329006,-0.139000,-0.963000,0.170000,-21.298000,-15.969000,-2.916000,31.87
812338788,-0.169000,-0.946000,0.145000,-22.321000,-14.260000,-1.573000,31.73
812344918,-0.148000,-0.929000,0.203000,-20.382000,-15.084000,-0.977000,31.78
812356982,-0.140000,-0.920000,0.191000,-21.160000,-13.206000,-4.550000,31.73
812364871,-0.219000,-0.919000,0.139000,-22.412000,-15.344000,-5.267000,31.82
812375556,-0.157000,-0.945000,0.172000,-21.573000,-15.588000,-3.954000,31.82
812386210,-0.139000,-0.930000,0.166000,-19.802000,-13.237000,-3.786000,31.82
812395097,-0.156000,-0.937000,0.184000,-16.931000,-12.718000,-4.427000,31.78
812403121,-0.134000,-0.921000,0.167000,-16.824000,-8.626000,-7.282000,31.82
812413338,-0.156000,-0.938000,0.142000,-16.550000,-8.336000,-7.115000,31.78
812428082,-0.157000,-0.941000,0.125000,-17.557000,-9.145000,-9.191000,31.73
812439772,-0.151000,-0.940000,0.173000,-16.763000,-8.885000,-6.198000,31.78
812448581,-0.143000,-0.938000,0.145000,-15.893000,-7.450000,-9.237000,31.82
812455698,-0.162000,-0.930000,0.153000,-14.305000,-7.466000,-8.321000,31.87
812468985,-0.130000,-0.948000,0.156000,-11.435000,-5.710000,-8.031000,31.82
812477114,-0.135000,-0.942000,0.149000,-9.069000,-3.252000,-7.267000,31.78
812484475,-0.137000,-0.929000,0.158000,-7.985000,-2.061000,-7.237000,31.82
812495193,-0.144000,-0.927000,0.138000,-6.962000,0.046000,-6.855000,31.87
812506825,-0.143000,-0.928000,0.130000,-5.603000,1.725000,-8.397000,31.73
812515986,-0.155000,-0.923000,0.138000,-6.870000,1.786000,-6.641000,31.82
812521520,-0.163000,-0.927000,0.146000,-8.137000,1.359000,-8.061000,31.78
812533494,-0.180000,-0.926000,0.109000,-8.992000,0.534000,-8.534000,31.92
812548819,-0.162000,-0.941000,0.138000,-7.756000,-0.092000,-7.679000,31.78
812556957,-0.127000,-0.949000,0.155000,-5.511000,1.710000,-7.130000,31.73
812565113,-0.144000,-0.936000,0.146000,-3.817000,3.863000,-6.214000,31.87
812578907,-0.152000,-0.940000,0.139000,-3.160000,4.885000,-5.496000,31.82
812587036,-0.138000,-0.938000,0.144000,-2.718000,5.969000,-4.794000,31.78
812592390,-0.160000,-0.935000,0.132000,-3.145000,5.924000,-4.260000,31.73
812605677,-0.162000,-0.924000,0.112000,-3.786000,4.931000,-3.481000,31.68
812615681,-0.151000,-0.939000,0.131000,-3.771000,4.550000,-3.466000,31.82
812623214,-0.142000,-0.937000,0.129000,-3.145000,4.473000,-2.855000,31.82
812635363,-0.135000,-0.927000,0.150000,-2.656000,5.679000,-2.382000,31.82
812642401,-0.140000,-0.934000,0.120000,-3.466000,5.893000,-2.443000,31.82
812657198,-0.141000,-0.930000,0.129000,-3.099000,6.656000,-1.405000,31.78
812666044,-0.131000,-0.944000,0.136000,-2.763000,7.298000,-0.794000,31.82
812676863,-0.147000,-0.954000,0.142000,-2.840000,7.771000,-0.565000,31.87
812691006,-0.156000,-0.951000,0.136000,-2.916000,7.344000,-0.214000,31.73
812696088,-0.156000,-0.939000,0.127000,-3.313000,6.687000,-0.092000,31.78
812705660,-0.151000,-0.941000,0.129000,-4.275000,5.542000,-0.870000,31.82
812715779,-0.150000,-0.939000,0.145000,-3.985000,5.725000,-0.504000,31.68
812725754,-0.141000,-0.938000,0.144000,-3.511000,5.756000,-0.840000,31.73
812732010,-0.139000,-0.944000,0.137000,-4.153000,6.122000,-0.641000,31.78
812745885,-0.140000,-0.945000,0.141000,-4.076000,5.802000,-0.809000,31.73
812753939,-0.137000,-0.947000,0.139000,-4.733000,6.198000,-0.916000,31.78
812766100,-0.137000,-0.955000,0.130000,-5.252000,6.015000,-1.130000,31.82
812771480,-0.147000,-0.953000,0.142000,-5.466000,5.237000,-0.870000,31.78
812789040,-0.126000,-0.956000,0.127000,-5.466000,5.420000,-1.756000,31.78
812795462,-0.127000,-0.945000,0.128000,-4.580000,5.038000,-1.924000,31.82
812804659,-0.133000,-0.940000,0.115000,-6.061000,4.031000,-2.046000,31.78
812814719,-0.125000,-0.962000,0.124000,-6.885000,2.198000,-2.519000,31.73
812827840,-0.131000,-0.976000,0.120000,-8.427000,1.145000,-2.336000,31.68
812834130,-0.143000,-0.992000,0.108000,-10.382000,0.137000,-2.626000,31.82
812840697,-0.156000,-0.985000,0.112000,-11.802000,-0.855000,-2.656000,31.78
812857543,-0.132000,-0.986000,0.133000,-13.435000,-0.733000,-4.351000,31.73
812870900,-0.156000,-0.969000,0.097000,-16.427000,-1.038000,-4.580000,31.78
812876800,-0.168000,-0.968000,0.056000,-22.901000,-4.626000,-6.046000,31.82
812886756,-0.167000,-0.969000,0.092000,-26.260000,-7.695000,-6.107000,31.64
812897549,-0.158000,-0.948000,0.103000,-28.656000,-7.939000,-8.611000,31.82
812905295,-0.106000,-0.995000,0.064000,-30.763000,-7.985000,-12.962000,31.78
812916609,-0.153000,-0.997000,0.079000,-34.183000,-5.206000,-11.405000,31.78
812926181,-0.102000,-0.997000,0.057000,-33.710000,-9.954000,-10.962000,31.73
812937578,-0.076000,-0.992000,0.058000,-36.427000,-9.679000,-12.397000,31.78
812941521,-0.088000,-0.990000,0.055000,-36.870000,-10.473000,-13.069000,31.82
812952770,-0.096000,-1.028000,0.096000,-35.863000,-8.550000,-13.359000,31.78
812971207,-0.106000,-1.010000,0.054000,-37.878000,-12.244000,-17.221000,31.82
812977956,-0.097000,-0.981000,0.035000,-42.977000,-13.786000,-19.588000,31.78
812983641,-0.050000,-0.993000,0.036000,-45.160000,-14.809000,-22.183000,31.73
812995539,-0.040000,-0.997000,0.055000,-47.954000,-15.359000,-24.153000,31.78
813007968,-0.030000,-1.004000,0.060000,-46.290000,-14.198000,-27.557000,31.82
813015590,-0.022000,-1.035000,0.063000,-47.954000,-12.763000,-35.924000,31.68
813025787,-0.080000,-1.003000,0.050000,-46.962000,-14.382000,-36.672000,31.82
813036731,-0.046000,-1.010000,0.011000,-47.969000,-13.252000,-36.931000,31.78
813044998,-0.046000,-1.020000,0.016000,-47.176000,-13.939000,-37.435000,31.73
813051703,0.013000,-1.060000,0.017000,-45.664000,-12.244000,-40.611000,31.82
813063409,0.015000,-1.084000,0.001000,-43.603000,-10.519000,-44.489000,31.82
813078496,-0.017000,-1.073000,0.005000,-43.969000,-12.443000,-48.260000,31.73
813087393,0.016000,-1.059000,-0.010000,-45.893000,-8.641000,-49.878000,31.87
813095495,0.033000,-1.092000,-0.004000,-44.855000,-8.672000,-52.412000,31.82
813107075,0.041000,-1.075000,-0.015000,-43.298000,-6.351000,-53.435000,31.78
813117796,0.053000,-1.098000,-0.070000,-40.672000,-4.443000,-56.031000,31.82
813125682,0.034000,-1.065000,-0.042000,-38.794000,-4.336000,-56.809000,31.87
813139336,0.070000,-1.074000,-0.043000,-39.740000,-5.542000,-61.160000,31.82
813149841,0.094000,-1.057000,-0.020000,-38.947000,-2.947000,-61.725000,31.82
813151778,0.085000,-1.076000,-0.063000,-37.237000,0.183000,-62.840000,31.82
813163222,0.090000,-1.089000,-0.058000,-35.817000,2.290000,-64.977000,31.78
813175868,0.090000,-1.081000,-0.083000,-37.389000,4.565000,-68.336000,31.82
813184953,0.064000,-1.055000,-0.102000,-39.435000,2.763000,-68.977000,31.78
813194288,0.074000,-1.057000,-0.098000,-39.374000,0.290000,-69.130000,31.78
813204754,0.117000,-1.092000,-0.118000,-39.695000,0.427000,-72.595000,31.73
813219847,0.110000,-1.061000,-0.118000,-38.779000,0.748000,-73.145000,31.68
813225404,0.156000,-1.061000,-0.109000,-38.443000,1.771000,-76.046000,31.73
813239862,0.138000,-1.081000,-0.110000,-39.405000,3.969000,-77.786000,31.87
813245471,0.175000,-1.126000,-0.160000,-39.221000,4.931000,-79.756000,31.82
813255859,0.146000,-1.098000,-0.106000,-37.802000,6.947000,-78.809000,31.78
813263393,0.189000,-1.124000,-0.178000,-40.611000,6.076000,-80.229000,31.73
813275543,0.156000,-1.130000,-0.177000,-41.450000,4.702000,-78.427000,31.78
813288349,0.200000,-1.107000,-0.180000,-42.183000,5.496000,-78.412000,31.73
813296007,0.226000,-1.066000,-0.171000,-42.794000,6.794000,-82.137000,31.87
813303744,0.251000,-1.095000,-0.188000,-42.305000,9.221000,-85.405000,31.82
813319192,0.261000,-1.082000,-0.188000,-43.252000,11.115000,-86.351000,31.82
813329188,0.265000,-1.048000,-0.187000,-44.626000,12.092000,-86.733000,31.87
813335409,0.248000,-1.033000,-0.220000,-48.962000,11.267000,-84.397000,31.82
813346391,0.333000,-1.094000,-0.230000,-51.160000,12.122000,-85.954000,31.78
813354874,0.296000,-1.037000,-0.197000,-48.046000,14.656000,-83.969000,31.64
813363327,0.330000,-0.990000,-0.226000,-50.870000,14.626000,-86.321000,31.78
813375377,0.366000,-1.019000,-0.242000,-47.969000,16.550000,-89.573000,31.82
813382110,0.368000,-1.001000,-0.226000,-47.237000,17.908000,-89.664000,31.68
813396393,0.385000,-1.013000,-0.238000,-47.130000,18.443000,-90.305000,31.73
813402414,0.385000,-1.004000,-0.225000,-47.084000,20.137000,-91.573000,31.73
813413515,0.369000,-0.998000,-0.255000,-48.092000,20.489000,-91.557000,31.82
813426119,0.438000,-1.034000,-0.254000,-44.718000,21.435000,-89.511000,31.78
813435481,0.441000,-1.024000,-0.191000,-40.962000,27.298000,-90.397000,31.82
813446835,0.455000,-1.013000,-0.290000,-38.992000,31.328000,-93.710000,31.78
813455865,0.414000,-0.948000,-0.213000,-38.229000,31.053000,-93.160000,31.87
813467024,0.478000,-1.024000,-0.292000,-38.321000,32.137000,-95.405000,31.73
813474882,0.423000,-0.970000,-0.274000,-39.084000,31.588000,-94.794000,31.78
813481689,0.461000,-0.948000,-0.303000,-40.763000,29.649000,-94.916000,31.82
813495051,0.515000,-0.966000,-0.331000,-42.626000,28.260000,-95.084000,31.68
813506964,0.516000,-0.939000,-0.243000,-39.893000,29.908000,-94.855000,31.73
813513885,0.593000,-0.941000,-0.283000,-38.290000,34.275000,-93.359000,31.68
813529154,0.572000,-0.943000,-0.315000,-37.649000,35.573000,-95.954000,31.73
813537269,0.543000,-0.935000,-0.328000,-36.198000,35.221000,-95.573000,31.78
813543960,0.561000,-0.940000,-0.363000,-40.122000,31.511000,-98.382000,31.73
813557299,0.527000,-0.899000,-0.363000,-45.176000,25.298000,-95.634000,31.68
813563520,0.601000,-0.912000,-0.322000,-45.985000,22.412000,-95.252000,31.82
813574492,0.645000,-0.908000,-0.314000,-45.756000,24.244000,-95.191000,31.82
813581142,0.658000,-0.875000,-0.307000,-45.527000,25.344000,-94.885000,31.82
813593070,0.667000,-0.841000,-0.329000,-47.405000,26.733000,-95.450000,31.78
813607138,0.632000,-0.836000,-0.391000,-53.099000,22.748000,-94.718000,31.78
813616556,0.630000,-0.826000,-0.346000,-56.534000,18.550000,-93.405000,31.92
813625002,0.697000,-0.859000,-0.408000,-58.916000,14.870000,-94.992000,31.78
813638042,0.699000,-0.866000,-0.337000,-57.145000,14.748000,-92.305000,31.82
813646625,0.729000,-0.849000,-0.379000,-56.687000,14.198000,-94.702000,31.87
813657026,0.738000,-0.835000,-0.324000,-56.229000,13.405000,-95.099000,31.73
813666017,0.740000,-0.807000,-0.359000,-58.183000,11.756000,-95.038000,31.78
813676298,0.740000,-0.759000,-0.365000,-61.878000,10.504000,-93.725000,31.73
813682139,0.771000,-0.724000,-0.345000,-64.122000,10.107000,-93.878000,31.78
813692779,0.820000,-0.788000,-0.427000,-65.496000,10.321000,-95.389000,31.73
813705030,0.812000,-0.774000,-0.339000,-61.710000,13.573000,-94.718000,31.68
813715308,0.793000,-0.740000,-0.350000,-59.450000,12.992000,-95.725000,31.82
813724002,0.831000,-0.733000,-0.416000,-60.122000,14.290000,-98.809000,31.78
813735644,0.785000,-0.711000,-0.385000,-58.183000,10.885000,-96.916000,31.73
813745488,0.869000,-0.700000,-0.379000,-58.885000,13.786000,-99.725000,31.73
813754794,0.844000,-0.666000,-0.378000,-58.397000,14.443000,-99.466000,31.68
813768185,0.854000,-0.672000,-0.368000,-58.183000,15.710000,-99.695000,31.82
813777192,0.898000,-0.661000,-0.371000,-55.634000,18.763000,-100.046000,31.87
813785311,0.890000,-0.666000,-0.396000,-54.061000,22.824000,-102.702000,31.73
813791939,0.839000,-0.634000,-0.396000,-52.321000,23.282000,-100.855000,31.78
813803864,0.865000,-0.605000,-0.403000,-51.191000,22.779000,-100.763000,31.82
813817904,0.898000,-0.641000,-0.443000,-50.168000,23.389000,-102.718000,31.68
813827389,0.875000,-0.591000,-0.404000,-47.878000,24.733000,-100.290000,31.92
813835334,0.904000,-0.551000,-0.392000,-47.542000,26.702000,-102.779000,31.73
813849072,0.932000,-0.559000,-0.427000,-48.351000,28.397000,-102.947000,31.82
813857209,0.939000,-0.529000,-0.437000,-45.878000,32.198000,-103.649000,31.78
813867741,0.911000,-0.494000,-0.453000,-47.038000,30.992000,-105.710000,31.73
813876723,0.914000,-0.491000,-0.456000,-48.763000,28.519000,-103.817000,31.73
813888444,0.943000,-0.452000,-0.427000,-48.519000,28.351000,-104.748000,31.78
813891663,0.997000,-0.449000,-0.451000,-48.641000,27.878000,-106.519000,31.82
813902720,1.000000,-0.424000,-0.459000,-46.275000,28.504000,-105.359000,31.78
813916260,1.046000,-0.394000,-0.418000,-44.794000,27.817000,-106.412000,31.82
813925498,1.069000,-0.366000,-0.441000,-43.191000,28.443000,-106.397000,31.78
813934005,1.067000,-0.321000,-0.474000,-44.733000,30.855000,-110.458000,31.73
813945384,1.033000,-0.272000,-0.580000,-53.145000,29.160000,-114.260000,31.78
813959015,1.037000,-0.252000,-0.454000,-59.282000,26.840000,-113.618000,31.73
813964515,1.082000,-0.283000,-0.417000,-62.977000,26.260000,-114.809000,31.78
813975826,1.065000,-0.276000,-0.434000,-62.290000,29.115000,-112.183000,31.82
813984918,1.090000,-0.249000,-0.381000,-63.099000,33.221000,-111.634000,31.78
813995121,1.097000,-0.229000,-0.341000,-60.427000,31.191000,-114.550000,31.82
814001237,1.055000,-0.177000,-0.418000,-64.198000,35.771000,-114.901000,31.82
814014472,1.056000,-0.195000,-0.497000,-66.061000,34.504000,-118.519000,31.78
814027225,0.919000,-0.119000,-0.453000,-72.214000,25.725000,-118.290000,31.73
814038651,1.004000,-0.133000,-0.400000,-75.420000,17.206000,-114.824000,31.78
814045280,1.080000,-0.187000,-0.349000,-72.870000,16.901000,-114.748000,31.82
814057740,1.084000,-0.173000,-0.363000,-67.756000,20.244000,-116.489000,31.78
814065967,1.051000,-0.116000,-0.266000,-63.435000,18.168000,-119.298000,31.73
814075884,1.057000,-0.099000,-0.363000,-65.099000,19.893000,-119.893000,31.68
814088405,1.019000,-0.043000,-0.432000,-69.847000,19.237000,-119.832000,31.73
814094261,0.950000,0.028000,-0.382000,-76.351000,13.099000,-118.031000,31.78
814105808,0.941000,0.010000,-0.381000,-78.275000,6.412000,-112.779000,31.73
814112180,1.021000,-0.018000,-0.354000,-77.985000,4.550000,-111.191000,31.78
814125451,1.028000,-0.079000,-0.334000,-71.603000,5.603000,-110.901000,31.73
814136274,1.009000,-0.020000,-0.284000,-65.588000,9.053000,-111.725000,31.78
814144893,1.033000,-0.004000,-0.247000,-61.985000,11.160000,-114.534000,31.73
814155560,0.908000,0.078000,-0.323000,-65.939000,8.260000,-112.992000,31.87
814164938,0.893000,0.227000,-0.303000,-77.588000,-0.519000,-112.336000,31.78
814174683,0.984000,0.191000,-0.366000,-78.015000,-6.305000,-109.863000,31.82
814186832,1.003000,0.178000,-0.296000,-74.809000,-1.359000,-103.084000,31.68
814194646,0.972000,0.162000,-0.249000,-68.534000,0.321000,-101.725000,31.73
814205409,1.038000,0.173000,-0.243000,-63.573000,5.863000,-103.252000,31.78
814211951,0.960000,0.204000,-0.246000,-59.160000,9.298000,-100.336000,31.82
814224214,0.940000,0.290000,-0.281000,-60.794000,11.969000,-100.031000,31.78
814237719,0.899000,0.342000,-0.335000,-67.664000,10.443000,-97.008000,31.82
814248275,0.895000,0.369000,-0.295000,-73.466000,7.389000,-90.015000,31.78
814255782,0.884000,0.350000,-0.304000,-76.977000,5.374000,-84.076000,31.82
814269511,0.852000,0.378000,-0.217000,-76.305000,0.947000,-76.962000,31.82
814277412,0.918000,0.318000,-0.242000,-70.458000,4.779000,-70.214000,31.73
814283719,0.911000,0.317000,-0.154000,-62.504000,9.588000,-65.435000,31.87
814297985,0.856000,0.375000,-0.224000,-53.298000,7.527000,-65.160000,31.73
814307396,0.755000,0.483000,-0.239000,-54.763000,4.168000,-54.916000,31.73
814313397,0.778000,0.509000,-0.245000,-58.031000,-2.672000,-48.321000,31.78
814324953,0.790000,0.535000,-0.240000,-61.145000,-6.656000,-41.252000,31.82
814337286,0.828000,0.511000,-0.156000,-61.328000,-6.901000,-34.931000,31.78
814346920,0.885000,0.443000,-0.041000,-51.878000,-2.550000,-28.779000,31.73
814355455,0.873000,0.466000,-0.093000,-41.603000,3.527000,-25.160000,31.87
814366060,0.817000,0.495000,-0.066000,-30.840000,5.634000,-17.985000,31.73
814376444,0.761000,0.569000,-0.100000,-25.969000,-0.275000,-9.939000,31.78
814384985,0.726000,0.649000,-0.138000,-24.214000,-9.649000,0.595000,31.82
814396006,0.810000,0.613000,-0.097000,-20.198000,-17.511000,11.252000,31.78
814405843,0.870000,0.627000,-0.132000,-16.046000,-21.282000,13.618000,31.64
814414932,0.885000,0.579000,-0.070000,-9.084000,-20.550000,19.740000,31.68
814420784,0.936000,0.520000,-0.046000,-1.359000,-16.550000,24.702000,31.73
814434495,0.979000,0.516000,-0.052000,7.588000,-4.733000,25.542000,31.73
814446730,0.964000,0.476000,-0.128000,15.954000,2.366000,25.924000,31.78
814454722,0.849000,0.520000,-0.167000,19.679000,3.588000,32.611000,31.92
814465691,0.808000,0.571000,-0.182000,24.214000,-2.473000,40.000000,31.68
814477016,0.890000,0.551000,-0.196000,27.603000,-7.863000,45.603000,31.73
814487608,0.944000,0.499000,-0.171000,34.351000,-6.489000,47.405000,31.78
814494353,0.989000,0.455000,-0.193000,41.573000,-7.252000,44.122000,31.73
814506348,1.013000,0.433000,-0.201000,51.084000,1.527000,44.473000,31.68
814512952,0.990000,0.433000,-0.232000,55.298000,10.382000,42.015000,31.64
814523238,0.930000,0.455000,-0.272000,54.763000,11.405000,43.908000,31.73
814535442,0.920000,0.456000,-0.280000,53.740000,9.649000,48.351000,31.73
814546416,0.933000,0.410000,-0.282000,54.183000,7.298000,50.916000,31.68
814555314,0.941000,0.383000,-0.285000,56.702000,8.412000,54.260000,31.68
814564776,0.981000,0.338000,-0.265000,62.183000,9.145000,54.244000,31.82
814576093,0.997000,0.304000,-0.273000,65.786000,12.107000,52.840000,31.78
814583880,0.952000,0.326000,-0.323000,65.069000,15.817000,55.863000,31.73
814594902,0.947000,0.301000,-0.335000,60.580000,13.725000,58.092000,31.78
814608073,0.931000,0.270000,-0.298000,56.763000,13.511000,60.901000,31.73
814619938,0.935000,0.265000,-0.301000,54.885000,10.260000,66.580000,31.87
814627237,0.966000,0.240000,-0.296000,55.237000,8.947000,70.672000,31.73
814632529,1.021000,0.236000,-0.248000,59.588000,11.405000,72.595000,31.78
814646446,1.038000,0.209000,-0.251000,63.389000,12.748000,71.420000,31.82
814658855,1.037000,0.255000,-0.331000,63.252000,17.542000,70.260000,31.68
814666833,0.986000,0.229000,-0.325000,60.198000,12.809000,72.366000,31.73
814672917,0.960000,0.236000,-0.301000,54.855000,10.580000,76.260000,31.73
814688669,1.031000,0.204000,-0.271000,53.603000,10.229000,79.252000,31.78
814700936,1.020000,0.156000,-0.281000,52.076000,8.321000,82.443000,31.73
814705581,1.062000,0.084000,-0.252000,59.511000,10.321000,86.779000,31.68
814715442,1.082000,0.057000,-0.253000,65.282000,18.076000,84.473000,31.82
814723220,0.998000,0.135000,-0.295000,65.160000,17.985000,85.771000,31.87
814734587,0.991000,0.150000,-0.353000,60.687000,15.511000,89.084000,31.73
814741494,0.999000,0.100000,-0.306000,55.847000,10.641000,93.298000,31.78
814757938,1.026000,0.041000,-0.262000,58.046000,11.084000,98.000000,31.73
814769076,1.073000,0.007000,-0.296000,61.771000,11.634000,101.084000,31.68
814777908,1.059000,0.003000,-0.234000,67.176000,13.023000,100.824000,31.78
814785613,1.090000,-0.001000,-0.263000,71.924000,13.939000,99.618000,31.73
814798709,1.070000,-0.018000,-0.318000,69.786000,14.473000,98.473000,31.78
814808338,0.913000,0.051000,-0.351000,66.122000,7.908000,102.000000,31.82
814814931,0.971000,0.047000,-0.306000,59.466000,-2.427000,106.855000,31.78
814825221,1.024000,-0.073000,-0.286000,54.931000,-9.282000,110.214000,31.82
814837335,1.083000,-0.184000,-0.259000,59.191000,-11.053000,114.519000,31.68
814843224,1.075000,-0.230000,-0.178000,68.061000,-8.733000,113.267000,31.82
814854684,1.080000,-0.223000,-0.216000,73.588000,-5.969000,108.901000,31.78
814872790,1.027000,-0.175000,-0.291000,73.496000,-8.427000,109.557000,31.73
814881009,1.030000,-0.225000,-0.412000,66.763000,-12.183000,108.885000,31.73
814886861,0.954000,-0.220000,-0.283000,61.389000,-15.771000,112.412000,31.78
814896352,1.028000,-0.256000,-0.303000,60.275000,-22.198000,114.168000,31.73
814906082,1.100000,-0.335000,-0.276000,62.397000,-17.740000,112.504000,31.78
814912660,1.089000,-0.382000,-0.230000,70.168000,-9.954000,110.031000,31.73
814926010,1.076000,-0.370000,-0.236000,76.260000,-5.588000,107.115000,31.78
814935931,1.026000,-0.343000,-0.305000,73.542000,-4.000000,107.038000,31.82
814947595,0.909000,-0.376000,-0.360000,63.008000,-13.695000,114.473000,31.78
814954462,1.022000,-0.421000,-0.364000,58.000000,-15.084000,117.099000,31.73
814961268,0.965000,-0.412000,-0.258000,55.481000,-14.351000,111.496000,31.82
814978706,1.096000,-0.546000,-0.318000,61.420000,-6.626000,108.931000,31.78
814986971,0.968000,-0.491000,-0.208000,69.435000,-0.107000,107.527000,31.73
814993503,0.997000,-0.480000,-0.303000,73.985000,1.191000,109.969000,31.78
815008885,0.915000,-0.478000,-0.301000,70.916000,0.321000,110.763000,31.73
815020734,0.875000,-0.421000,-0.285000,67.588000,-6.672000,116.229000,31.78
815026000,0.950000,-0.519000,-0.425000,55.817000,-6.641000,115.084000,31.73
815033112,0.993000,-0.693000,-0.378000,57.817000,-1.786000,117.221000,31.68
815046631,0.948000,-0.699000,-0.128000,64.580000,6.534000,111.802000,31.73
815054886,0.956000,-0.673000,-0.187000,73.191000,15.099000,106.641000,31.82
815061675,0.891000,-0.581000,-0.225000,78.260000,22.076000,104.382000,31.82
815073894,0.780000,-0.496000,-0.390000,71.740000,14.107000,108.427000,31.78
815086692,0.778000,-0.643000,-0.393000,57.252000,-1.511000,117.389000,31.78
815097832,0.801000,-0.698000,-0.198000,54.870000,-11.405000,122.092000,31.73
815104981,0.941000,-0.755000,-0.308000,57.084000,-5.282000,118.870000,31.68
815117960,0.940000,-0.847000,-0.127000,61.221000,4.489000,111.588000,31.82
815127179,0.927000,-0.821000,-0.125000,69.863000,12.779000,105.206000,31.68
815133512,0.834000,-0.694000,-0.212000,72.000000,18.122000,105.786000,31.73
815151491,0.782000,-0.622000,-0.290000,65.817000,12.153000,108.977000,31.73
815159659,0.772000,-0.646000,-0.248000,56.962000,1.313000,117.542000,31.82
815163119,0.848000,-0.734000,-0.231000,52.489000,-3.969000,122.229000,31.68
815174446,0.856000,-0.840000,-0.175000,51.725000,-1.893000,122.672000,31.82
815192045,0.858000,-0.872000,-0.114000,55.588000,4.931000,119.298000,31.82
815199984,0.821000,-0.862000,-0.145000,62.290000,11.695000,118.870000,31.78
815205645,0.743000,-0.858000,-0.137000,58.931000,10.595000,115.435000,31.73
815216303,0.704000,-0.733000,-0.157000,59.740000,8.076000,116.779000,31.68
815230571,0.707000,-0.706000,-0.243000,52.748000,1.481000,119.115000,31.73
815235753,0.709000,-0.851000,-0.181000,46.901000,-6.000000,124.641000,31.68
815251118,0.753000,-0.938000,-0.050000,49.649000,-1.252000,125.618000,31.73
815260174,0.704000,-0.934000,-0.087000,53.053000,3.344000,123.802000,31.78
815267100,0.667000,-0.995000,-0.104000,50.595000,4.214000,120.198000,31.73
815275198,0.577000,-0.977000,-0.168000,48.641000,4.305000,120.153000,31.78
815282039,0.537000,-0.933000,-0.171000,45.802000,-2.122000,121.771000,31.73
815295046,0.567000,-0.973000,-0.180000,37.282000,-11.191000,122.840000,31.82
815304674,0.552000,-1.008000,-0.112000,36.641000,-14.733000,127.420000,31.68
815313734,0.583000,-1.038000,-0.120000,32.641000,-12.550000,124.321000,31.64
815329740,0.501000,-1.096000,-0.039000,30.305000,-14.977000,123.405000,31.68
815338063,0.503000,-1.067000,-0.041000,29.725000,-15.893000,121.771000,31.73
815344107,0.497000,-1.042000,-0.090000,24.519000,-13.634000,119.359000,31.78
815356057,0.431000,-1.004000,-0.118000,19.527000,-16.412000,118.183000,31.73
815367832,0.400000,-1.052000,-0.249000,10.977000,-22.565000,118.565000,31.78
815376155,0.416000,-0.972000,-0.155000,0.947000,-22.137000,120.504000,31.64
815381699,0.351000,-1.065000,-0.062000,1.282000,-31.466000,118.916000,31.78
815394793,0.406000,-1.115000,-0.010000,-7.389000,-27.008000,116.260000,31.73
815403056,0.431000,-1.176000,-0.066000,-1.389000,-19.038000,108.824000,31.73
815415635,0.329000,-1.131000,-0.071000,0.305000,-14.687000,105.252000,31.78
815425285,0.338000,-1.101000,-0.068000,1.282000,-14.656000,101.908000,31.73
815439348,0.270000,-1.053000,-0.172000,-3.389000,-21.206000,97.756000,31.78
815448740,0.215000,-1.017000,-0.175000,-11.817000,-33.359000,105.863000,31.73
815455991,0.338000,-1.094000,-0.117000,-11.511000,-37.008000,108.336000,31.68
815465284,0.373000,-1.084000,0.012000,-6.809000,-30.122000,102.000000,31.73
815478144,0.370000,-1.062000,-0.012000,-2.916000,-24.840000,94.809000,31.78
815482385,0.289000,-1.083000,0.028000,6.824000,-22.779000,93.496000,31.73
815493962,0.335000,-1.057000,-0.016000,9.710000,-15.420000,91.863000,31.73
815506213,0.248000,-1.046000,-0.117000,10.748000,-20.626000,95.893000,31.73
815515019,0.230000,-1.033000,-0.082000,9.603000,-25.221000,99.740000,31.68
815525316,0.340000,-1.107000,-0.064000,13.313000,-22.947000,99.069000,31.73
815536516,0.282000,-1.152000,0.000000,19.557000,-19.298000,95.573000,31.68
815546811,0.233000,-1.073000,0.075000,24.351000,-15.542000,93.893000,31.78
815555657,0.236000,-1.093000,0.051000,29.328000,-8.901000,87.573000,31.73
815566845,0.208000,-1.118000,0.054000,36.901000,-2.137000,85.176000,31.68
815575075,0.161000,-1.092000,-0.024000,38.794000,-2.885000,83.679000,31.73
815586822,0.060000,-1.065000,-0.062000,37.115000,-9.481000,85.206000,31.78
815595254,0.126000,-1.107000,0.070000,39.893000,-8.229000,80.275000,31.73
815602283,0.118000,-1.108000,0.003000,40.061000,-4.748000,74.015000,31.78
815620171,0.146000,-1.079000,0.035000,42.031000,0.183000,72.290000,31.73
815630697,0.030000,-1.129000,0.083000,39.298000,1.481000,59.924000,31.68
815635258,-0.031000,-1.118000,0.068000,41.191000,-0.122000,65.160000,31.82
815644354,0.151000,-1.133000,0.044000,41.802000,7.466000,56.290000,31.68
815657155,-0.004000,-1.009000,0.014000,36.168000,14.962000,73.267000,31.73
815665859,0.047000,-1.072000,0.070000,36.198000,10.290000,52.321000,31.73
815678983,-0.054000,-1.104000,0.014000,40.122000,2.840000,54.137000,31.78
815685550,0.006000,-1.063000,0.056000,34.672000,4.015000,51.817000,31.73
815693629,0.019000,-1.089000,0.061000,33.924000,5.450000,49.740000,31.78
815704540,-0.007000,-1.041000,0.040000,31.527000,5.176000,46.015000,31.73
815711464,0.011000,-1.042000,0.045000,26.779000,8.000000,40.962000,31.78
815725348,-0.048000,-1.038000,0.044000,27.527000,4.901000,41.908000,31.73
815735505,-0.039000,-1.009000,0.060000,22.550000,4.183000,38.580000,31.78
815746430,-0.014000,-1.019000,0.001000,19.603000,7.924000,34.565000,31.73
815755895,-0.029000,-1.011000,0.061000,18.366000,4.031000,32.550000,31.73
815765018,-0.008000,-1.044000,0.047000,16.183000,4.763000,30.000000,31.73
815775904,-0.043000,-1.037000,0.047000,12.885000,3.771000,28.229000,31.78
815785836,-0.049000,-1.045000,-0.004000,11.038000,1.130000,26.870000,31.73
815796528,-0.055000,-1.021000,0.036000,8.931000,-3.771000,26.519000,31.82
815801517,-0.041000,-1.013000,0.054000,6.565000,-6.351000,25.221000,31.78
815813433,0.007000,-1.017000,0.074000,7.267000,-5.832000,22.885000,31.82
815823649,-0.024000,-1.000000,0.075000,5.344000,-5.389000,23.985000,31.78
815840190,-0.009000,-1.017000,0.075000,4.702000,-3.023000,18.931000,31.73
815845342,-0.046000,-0.956000,0.062000,3.634000,-3.924000,18.962000,31.68
815857470,-0.052000,-1.002000,0.067000,2.641000,-5.557000,15.802000,31.82
815866750,-0.060000,-0.994000,0.079000,1.786000,-5.908000,14.702000,31.68
815872697,-0.072000,-0.977000,0.092000,0.626000,-6.840000,13.893000,31.82
815886814,-0.105000,-0.954000,0.118000,-1.710000,-7.908000,11.725000,31.68
815892924,-0.091000,-0.986000,0.108000,-3.130000,-9.802000,8.595000,31.64
815903658,-0.079000,-0.981000,0.105000,-4.382000,-9.160000,7.053000,31.78
815915375,-0.087000,-0.988000,0.134000,-2.702000,-9.115000,6.992000,31.68
815927885,-0.088000,-0.982000,0.125000,-4.260000,-7.649000,3.237000,31.82
815938145,-0.112000,-0.975000,0.093000,-5.542000,-8.015000,3.618000,31.68
815946526,-0.115000,-0.994000,0.101000,-5.252000,-8.794000,2.947000,31.73
815958676,-0.101000,-0.974000,0.121000,-5.634000,-8.137000,2.031000,31.68
815972374,-0.114000,-0.980000,0.112000,-7.099000,-8.458000,0.595000,31.73
815978022,-0.125000,-0.979000,0.104000,-7.206000,-8.275000,-0.458000,31.68
815986581,-0.113000,-0.973000,0.113000,-7.313000,-8.015000,-0.870000,31.64
815995341,-0.106000,-0.983000,0.100000,-7.420000,-6.763000,-2.061000,31.68
816005217,-0.117000,-0.966000,0.117000,-6.321000,-4.962000,-1.863000,31.73
816012058,-0.110000,-0.957000,0.114000,-6.870000,-3.069000,-3.328000,31.73
816024005,-0.114000,-0.959000,0.102000,-6.137000,-1.084000,-3.511000,31.82
816036479,-0.121000,-0.956000,0.085000,-6.458000,-0.122000,-3.817000,31.78
816046101,-0.141000,-0.949000,0.091000,-7.145000,-0.641000,-4.794000,31.78
816055382,-0.133000,-0.953000,0.073000,-7.084000,-0.519000,-5.176000,31.82
816062576,-0.119000,-0.959000,0.087000,-7.267000,-0.412000,-5.649000,31.78
816077356,-0.115000,-0.957000,0.095000,-7.359000,0.641000,-5.878000,31.73
816085511,-0.107000,-0.957000,0.090000,-7.176000,1.969000,-6.137000,31.68
816097224,-0.101000,-0.965000,0.109000,-6.565000,3.725000,-6.153000,31.82
816109736,-0.114000,-0.962000,0.104000,-6.183000,4.870000,-5.298000,31.78
816118915,-0.114000,-0.958000,0.110000,-5.053000,6.305000,-4.809000,31.82
816125692,-0.111000,-0.954000,0.121000,-4.427000,6.290000,-5.527000,31.78
816132768,-0.139000,-0.940000,0.097000,-5.847000,5.557000,-5.634000,31.73
816149037,-0.138000,-0.938000,0.112000,-4.977000,4.733000,-4.244000,31.87
816156363,-0.110000,-0.955000,0.130000,-4.351000,5.679000,-4.672000,31.73
816165418,-0.116000,-0.949000,0.131000,-3.603000,7.084000,-5.252000,31.73
816173437,-0.117000,-0.941000,0.105000,-4.687000,6.779000,-4.244000,31.68
816185985,-0.114000,-0.950000,0.125000,-4.458000,7.405000,-4.534000,31.73
816191625,-0.122000,-0.950000,0.124000,-3.618000,8.092000,-4.718000,31.78
816208344,-0.117000,-0.939000,0.135000,-4.198000,7.344000,-4.580000,31.73
816217590,-0.146000,-0.942000,0.116000,-4.977000,5.466000,-4.153000,31.68
816222557,-0.125000,-0.955000,0.122000,-4.840000,3.405000,-3.405000,31.82
816234669,-0.103000,-0.955000,0.136000,-2.076000,4.382000,-2.321000,31.68
816247859,-0.103000,-0.927000,0.156000,-1.145000,5.924000,-2.260000,31.64
816259485,-0.107000,-0.935000,0.139000,-1.145000,6.916000,-3.405000,31.78
816264931,-0.132000,-0.926000,0.129000,-1.405000,6.489000,-1.908000,31.82
816275510,-0.132000,-0.934000,0.125000,-2.321000,5.893000,-1.313000,31.73
816286896,-0.126000,-0.949000,0.133000,-1.664000,6.397000,-1.985000,31.78
816294492,-0.116000,-0.950000,0.115000,-2.397000,6.534000,-2.244000,31.73
816305463,-0.162000,-0.945000,0.116000,-3.298000,4.168000,-1.389000,31.78
816313729,-0.153000,-0.934000,0.086000,-5.863000,3.435000,-0.107000,31.73
816324562,-0.157000,-0.971000,0.096000,-5.405000,0.382000,-0.015000,31.78
816331463,-0.123000,-0.972000,0.106000,-4.595000,1.008000,0.076000,31.73
816343735,-0.119000,-0.966000,0.104000,-4.076000,2.656000,0.244000,31.68
816358057,-0.157000,-0.976000,0.109000,-4.061000,0.840000,-0.870000,31.73
816367392,-0.110000,-0.954000,0.102000,-5.405000,2.351000,0.229000,31.73
816377144,-0.127000,-0.947000,0.096000,-6.137000,2.046000,0.962000,31.73
816386528,-0.124000,-0.938000,0.101000,-7.069000,2.046000,-0.153000,31.78
816396379,-0.132000,-0.962000,0.084000,-7.664000,1.374000,-0.916000,31.73
816403503,-0.122000,-0.970000,0.106000,-6.855000,1.344000,0.107000,31.73
816415573,-0.111000,-0.950000,0.089000,-6.458000,1.847000,0.107000,31.68
816426631,-0.102000,-0.963000,0.104000,-5.511000,2.183000,0.443000,31.64
816434024,-0.099000,-0.965000,0.111000,-4.840000,3.053000,0.015000,31.78
816440993,-0.107000,-0.958000,0.097000,-4.824000,4.397000,-0.809000,31.73
816457676,-0.110000,-0.967000,0.101000,-5.771000,3.893000,-1.878000,31.68
816468600,-0.116000,-0.954000,0.105000,-6.504000,3.450000,-2.763000,31.73
816474366,-0.122000,-0.948000,0.109000,-7.664000,2.107000,-3.069000,31.78
816487525,-0.104000,-0.952000,0.125000,-7.176000,2.061000,-3.435000,31.73
816498682,-0.109000,-0.965000,0.113000,-6.885000,2.611000,-4.076000,31.68
816504673,-0.111000,-0.966000,0.111000,-6.763000,2.824000,-4.504000,31.73
816514709,-0.117000,-0.955000,0.100000,-7.954000,1.908000,-5.191000,31.68
816526611,-0.125000,-0.974000,0.099000,-9.237000,0.687000,-5.710000,31.68
816531003,-0.084000,-0.967000,0.122000,-10.000000,0.763000,-6.473000,31.73
816542640,-0.105000,-0.942000,0.102000,-12.687000,0.458000,-7.282000,31.68
816558259,-0.092000,-0.942000,0.110000,-13.374000,-1.679000,-8.305000,31.73
816567418,-0.099000,-0.950000,0.084000,-13.313000,-3.069000,-8.244000,31.68
816575718,-0.099000,-0.952000,0.092000,-12.046000,-4.260000,-7.313000,31.82
816585049,-0.053000,-0.945000,0.104000,-11.542000,-3.466000,-9.817000,31.68
816597212,-0.065000,-0.950000,0.102000,-12.656000,-4.000000,-11.756000,31.73
816605154,-0.126000,-0.955000,0.047000,-13.710000,-5.008000,-8.718000,31.68
816613984,-0.077000,-1.006000,0.092000,-13.237000,-5.863000,-9.038000,31.73
816624714,-0.075000,-1.031000,0.062000,-11.084000,-4.931000,-8.397000,31.82
816632150,-0.112000,-1.002000,0.067000,-9.969000,-5.969000,-8.366000,31.68
816643190,-0.100000,-0.988000,0.094000,-8.672000,-6.382000,-9.786000,31.73
816656295,-0.099000,-0.955000,0.072000,-12.779000,-7.099000,-11.221000,31.78
816668855,-0.135000,-0.940000,0.032000,-17.863000,-9.573000,-12.031000,31.73
816674408,-0.116000,-0.965000,0.048000,-21.221000,-12.382000,-12.580000,31.78
816692391,-0.074000,-0.979000,0.053000,-23.573000,-11.664000,-14.305000,31.73
816703225,-0.099000,-0.995000,0.051000,-24.092000,-12.412000,-15.435000,31.68
816705252,-0.079000,-1.018000,0.075000,-24.290000,-13.359000,-16.534000,31.73
816721136,-0.094000,-1.016000,0.048000,-24.305000,-13.817000,-17.282000,31.73
816730588,-0.083000,-1.009000,0.034000,-25.328000,-14.534000,-17.847000,31.73
816739225,-0.010000,-1.034000,-0.018000,-24.519000,-15.206000,-17.145000,31.68
816743168,-0.044000,-0.992000,0.062000,-29.542000,-14.275000,-21.786000,31.82
816754107,-0.042000,-0.967000,0.032000,-34.595000,-14.397000,-24.550000,31.64
816768641,-0.009000,-1.016000,0.024000,-35.282000,-14.198000,-24.015000,31.68
816780364,-0.014000,-1.008000,0.047000,-35.206000,-14.397000,-25.542000,31.64
816786093,0.033000,-1.006000,-0.012000,-37.435000,-11.481000,-30.458000,31.78
816793375,0.006000,-1.050000,-0.004000,-33.847000,-10.305000,-26.733000,31.73
816806860,-0.020000,-1.048000,-0.006000,-36.275000,-15.389000,-29.802000,31.78
816817028,0.050000,-1.078000,0.017000,-35.649000,-11.649000,-34.229000,31.73
816823907,0.053000,-1.075000,-0.014000,-35.847000,-7.450000,-38.198000,31.78
816837127,-0.005000,-1.075000,-0.045000,-38.534000,-8.473000,-41.084000,31.64
816847718,0.023000,-1.061000,-0.035000,-40.611000,-9.298000,-40.748000,31.68
816853348,0.078000,-1.110000,-0.012000,-39.023000,-6.718000,-44.244000,31.82
816864960,0.046000,-1.082000,-0.057000,-39.206000,-5.878000,-45.481000,31.78
816877250,0.044000,-1.063000,-0.024000,-39.374000,-6.718000,-47.099000,31.68
816888949,0.103000,-1.099000,-0.026000,-38.412000,-5.420000,-50.656000,31.73
816894132,0.102000,-1.069000,-0.050000,-36.824000,-1.588000,-52.748000,31.68
816905990,0.114000,-1.076000,-0.081000,-36.779000,1.618000,-54.931000,31.73
816916294,0.041000,-1.050000,-0.078000,-37.878000,1.023000,-56.061000,31.68
816924273,0.102000,-1.058000,-0.096000,-41.420000,1.542000,-60.687000,31.82
816935162,0.151000,-1.071000,-0.083000,-40.214000,3.389000,-62.779000,31.68
816944633,0.103000,-1.068000,-0.096000,-40.977000,4.244000,-63.664000,31.73
816954450,0.044000,-1.081000,-0.089000,-39.954000,1.573000,-62.321000,31.78
816964940,0.141000,-1.100000,-0.112000,-42.183000,2.718000,-68.275000,31.73
816973459,0.146000,-1.088000,-0.083000,-39.374000,5.740000,-67.939000,31.73
816986853,0.173000,-1.096000,-0.122000,-41.053000,7.588000,-70.122000,31.73
816996936,0.168000,-1.097000,-0.135000,-41.542000,9.618000,-72.137000,31.73
817004551,0.153000,-1.086000,-0.169000,-44.443000,8.595000,-73.389000,31.78
817016215,0.196000,-1.093000,-0.135000,-45.618000,9.985000,-72.885000,31.82
817026819,0.177000,-1.064000,-0.136000,-46.656000,9.893000,-74.275000,31.78
817034824,0.193000,-1.077000,-0.140000,-45.450000,13.832000,-75.908000,31.82
817046219,0.206000,-1.051000,-0.179000,-48.290000,10.275000,-74.992000,31.78
817057590,0.188000,-1.086000,-0.178000,-46.534000,11.481000,-77.496000,31.64
817064907,0.285000,-1.052000,-0.140000,-44.137000,15.374000,-74.412000,31.73
817071706,0.281000,-1.044000,-0.222000,-47.435000,17.176000,-79.023000,31.73
817088757,0.278000,-1.073000,-0.221000,-46.580000,16.809000,-78.855000,31.68
817096131,0.304000,-1.067000,-0.215000,-46.718000,17.115000,-81.313000,31.78
817106466,0.289000,-1.043000,-0.164000,-45.282000,17.511000,-79.847000,31.73
817118552,0.333000,-1.031000,-0.182000,-43.115000,18.672000,-78.580000,31.87
817126738,0.323000,-1.007000,-0.229000,-45.160000,16.916000,-79.786000,31.73
817134244,0.342000,-1.025000,-0.304000,-47.130000,14.824000,-79.221000,31.68
817146372,0.354000,-1.026000,-0.238000,-46.763000,12.626000,-78.336000,31.82
817154342,0.425000,-1.083000,-0.265000,-46.046000,14.351000,-81.008000,31.78
817164475,0.363000,-1.009000,-0.206000,-44.412000,15.725000,-78.992000,31.64
817171368,0.428000,-1.005000,-0.242000,-42.214000,19.863000,-82.931000,31.68
817187811,0.425000,-0.982000,-0.206000,-43.496000,20.000000,-80.092000,31.73
817197526,0.422000,-0.961000,-0.274000,-43.954000,20.183000,-84.122000,31.73
817204976,0.377000,-0.969000,-0.323000,-49.191000,15.466000,-83.664000,31.78
817216295,0.390000,-0.998000,-0.304000,-52.901000,9.389000,-82.748000,31.73
817227210,0.438000,-1.063000,-0.264000,-51.740000,11.450000,-85.099000,31.87
817234704,0.492000,-1.040000,-0.272000,-51.893000,13.924000,-86.122000,31.73
817245152,0.475000,-1.012000,-0.271000,-50.947000,16.840000,-86.977000,31.78
817254385,0.508000,-1.034000,-0.292000,-46.779000,22.092000,-89.588000,31.64
817265546,0.497000,-0.998000,-0.310000,-47.511000,22.611000,-90.015000,31.78
817270964,0.511000,-0.979000,-0.318000,-49.313000,21.603000,-90.840000,31.64
817283993,0.513000,-0.953000,-0.304000,-51.496000,19.924000,-88.870000,31.68
817296925,0.581000,-0.956000,-0.324000,-53.863000,19.359000,-90.580000,31.73
817307022,0.567000,-0.962000,-0.342000,-54.122000,18.382000,-90.962000,31.82
817314296,0.596000,-0.939000,-0.298000,-50.840000,18.076000,-92.443000,31.68
817329568,0.622000,-0.925000,-0.298000,-48.748000,21.511000,-95.710000,31.82
817336606,0.649000,-0.902000,-0.323000,-46.260000,23.878000,-95.252000,31.68
817347649,0.637000,-0.878000,-0.360000,-46.947000,24.733000,-95.130000,31.73
817355848,0.636000,-0.870000,-0.390000,-47.802000,24.275000,-95.481000,31.68
817367731,0.646000,-0.864000,-0.364000,-48.412000,22.687000,-94.809000,31.64
817375708,0.718000,-0.898000,-0.368000,-49.954000,24.611000,-95.618000,31.78
817382478,0.701000,-0.865000,-0.341000,-47.450000,25.725000,-94.870000,31.82
817399151,0.730000,-0.862000,-0.338000,-43.893000,28.702000,-96.412000,31.78
817406410,0.717000,-0.839000,-0.359000,-40.611000,31.939000,-98.962000,31.68
817414015,0.727000,-0.812000,-0.365000,-37.695000,32.443000,-99.710000,31.73
817432538,0.701000,-0.761000,-0.416000,-41.160000,29.450000,-100.519000,31.68
817440598,0.720000,-0.753000,-0.375000,-45.511000,22.641000,-98.244000,31.73
817445834,0.777000,-0.797000,-0.368000,-44.122000,24.550000,-97.481000,31.78
817457455,0.818000,-0.787000,-0.353000,-41.099000,28.137000,-98.366000,31.64
817465275,0.796000,-0.775000,-0.366000,-38.565000,31.863000,-101.053000,31.78
817474927,0.796000,-0.754000,-0.394000,-38.061000,34.718000,-100.473000,31.82
817481784,0.816000,-0.739000,-0.399000,-38.595000,34.458000,-102.855000,31.78
817493678,0.793000,-0.697000,-0.422000,-41.115000,30.931000,-102.336000,31.73
817506538,0.814000,-0.716000,-0.392000,-43.328000,29.328000,-101.985000,31.82
817513043,0.851000,-0.727000,-0.429000,-43.008000,29.557000,-101.038000,31.68
817524492,0.840000,-0.723000,-0.417000,-44.000000,30.244000,-100.824000,31.73
817542180,0.844000,-0.679000,-0.350000,-42.901000,31.038000,-99.802000,31.78
817547191,0.906000,-0.661000,-0.391000,-40.427000,33.252000,-102.489000,31.73
817555120,0.857000,-0.647000,-0.391000,-39.466000,36.901000,-103.771000,31.78
817571005,0.865000,-0.602000,-0.402000,-39.115000,33.053000,-103.725000,31.73
817579055,0.855000,-0.556000,-0.505000,-48.626000,29.679000,-104.733000,31.78
817585640,0.856000,-0.552000,-0.453000,-54.580000,20.626000,-103.557000,31.73
817592485,0.944000,-0.615000,-0.448000,-55.496000,19.313000,-101.282000,31.64
817605549,0.971000,-0.631000,-0.396000,-52.214000,23.420000,-103.359000,31.78
817617388,0.989000,-0.604000,-0.393000,-52.031000,26.702000,-105.756000,31.73
817623987,0.964000,-0.562000,-0.400000,-50.000000,28.794000,-105.847000,31.78
817636747,0.958000,-0.523000,-0.418000,-50.260000,29.618000,-106.229000,31.64
817647766,0.903000,-0.459000,-0.484000,-55.649000,26.168000,-106.748000,31.68
817655074,0.936000,-0.435000,-0.430000,-57.969000,18.305000,-105.725000,31.73
817667328,0.961000,-0.398000,-0.395000,-60.794000,15.527000,-104.519000,31.78
817674942,1.057000,-0.431000,-0.419000,-60.626000,17.939000,-106.397000,31.73
817685358,1.047000,-0.425000,-0.349000,-57.344000,20.229000,-106.611000,31.73
817691003,1.057000,-0.390000,-0.395000,-56.626000,22.641000,-106.977000,31.73
817707819,1.014000,-0.362000,-0.418000,-57.954000,20.748000,-108.779000,31.78
817721392,0.938000,-0.278000,-0.411000,-62.427000,13.206000,-108.092000,31.73
817726652,0.976000,-0.237000,-0.462000,-69.084000,5.176000,-107.313000,31.73
817734143,1.057000,-0.283000,-0.437000,-69.176000,2.962000,-104.809000,31.68
817748454,1.095000,-0.288000,-0.391000,-66.229000,3.878000,-105.634000,31.82
817756111,1.114000,-0.282000,-0.391000,-64.473000,9.008000,-107.160000,31.78
817767260,1.142000,-0.310000,-0.378000,-64.763000,15.099000,-110.000000,31.73
817775321,1.094000,-0.282000,-0.419000,-67.145000,18.947000,-111.374000,31.68
817784484,1.056000,-0.262000,-0.460000,-68.855000,20.000000,-109.695000,31.73
817795374,1.026000,-0.203000,-0.438000,-74.779000,17.985000,-111.053000,31.68
817802032,1.006000,-0.155000,-0.435000,-77.649000,13.008000,-108.718000,31.73
817822238,1.097000,-0.199000,-0.430000,-75.206000,15.038000,-107.267000,31.68
817830629,1.066000,-0.174000,-0.390000,-73.618000,17.847000,-112.443000,31.73
817833373,1.071000,-0.156000,-0.354000,-68.901000,20.092000,-112.672000,31.78
817849215,1.067000,-0.147000,-0.350000,-66.718000,23.496000,-117.756000,31.73
817857435,1.021000,-0.095000,-0.362000,-65.847000,23.939000,-120.885000,31.64
817865216,0.985000,-0.055000,-0.381000,-68.382000,22.718000,-121.649000,31.78
817877331,0.968000,-0.008000,-0.320000,-68.687000,17.725000,-121.511000,31.73
817889557,0.985000,0.027000,-0.373000,-68.779000,13.359000,-121.847000,31.68
817894194,1.004000,0.005000,-0.414000,-68.107000,10.733000,-120.611000,31.82
817901036,1.016000,-0.023000,-0.263000,-62.321000,9.481000,-120.260000,31.78
817919808,1.023000,-0.012000,-0.329000,-58.779000,10.687000,-124.031000,31.64
817931482,0.967000,0.013000,-0.398000,-60.565000,14.137000,-124.870000,31.78
817936730,0.906000,0.064000,-0.362000,-65.160000,12.656000,-121.298000,31.82
817947023,0.891000,0.085000,-0.291000,-72.947000,13.130000,-118.321000,31.73
817958614,0.875000,0.088000,-0.264000,-76.947000,12.870000,-111.710000,31.82
817966551,0.886000,0.089000,-0.206000,-74.137000,15.802000,-104.336000,31.78
817978030,0.884000,0.175000,-0.199000,-63.878000,16.901000,-99.053000,31.82
817987295,0.895000,0.218000,-0.289000,-57.771000,13.069000,-95.557000,31.68
817996777,0.903000,0.216000,-0.239000,-54.504000,11.603000,-94.412000,31.78
818001513,0.837000,0.300000,-0.344000,-57.679000,4.687000,-95.893000,31.73
818012973,0.837000,0.363000,-0.344000,-64.870000,0.595000,-94.824000,31.87
818026753,0.874000,0.288000,-0.246000,-72.718000,-3.298000,-89.176000,31.82
818036798,0.866000,0.319000,-0.263000,-75.282000,0.427000,-82.977000,31.78
818045090,0.848000,0.397000,-0.248000,-75.695000,-0.458000,-75.099000,31.73
818058405,0.941000,0.404000,-0.229000,-74.702000,-6.015000,-74.382000,31.68
818067168,0.948000,0.412000,-0.219000,-67.847000,-2.443000,-67.053000,31.64
818075769,0.879000,0.469000,-0.183000,-65.511000,-3.282000,-63.588000,31.68
818090514,0.807000,0.529000,-0.228000,-67.908000,-7.802000,-55.557000,31.82
818098740,0.866000,0.541000,-0.237000,-73.176000,-8.840000,-52.031000,31.68
818102557,0.835000,0.577000,-0.253000,-78.809000,-11.221000,-46.977000,31.73
818113093,0.836000,0.554000,-0.174000,-80.840000,-20.321000,-42.489000,31.73
818126464,0.978000,0.490000,-0.088000,-69.649000,-8.321000,-31.282000,31.78
818139515,1.004000,0.481000,-0.033000,-56.000000,-1.847000,-34.397000,31.73
818144517,0.904000,0.542000,-0.072000,-44.122000,0.504000,-28.412000,31.78
818156680,0.803000,0.618000,-0.118000,-42.626000,-3.145000,-28.031000,31.82
818170594,0.800000,0.739000,-0.178000,-43.679000,-8.641000,-20.641000,31.78
818175734,0.821000,0.727000,-0.121000,-45.435000,-15.618000,-13.252000,31.82
818186889,0.884000,0.686000,-0.058000,-43.420000,-18.931000,-9.191000,31.78
818197591,0.850000,0.648000,-0.029000,-29.557000,-14.519000,-0.672000,31.73
818206458,0.891000,0.641000,-0.076000,-26.870000,-16.336000,-3.511000,31.73
818213707,0.993000,0.563000,-0.074000,-16.519000,-8.824000,-3.878000,31.73
818220777,0.925000,0.528000,-0.045000,-6.290000,0.305000,-1.496000,31.68
818235160,0.794000,0.531000,-0.106000,-0.489000,-0.718000,4.214000,31.68
818246780,0.753000,0.567000,-0.115000,3.649000,-5.710000,15.710000,31.73
818253033,0.823000,0.548000,-0.087000,9.573000,-8.336000,26.092000,31.68
818269534,0.875000,0.562000,-0.079000,16.412000,-7.160000,29.359000,31.73
818277969,0.864000,0.588000,-0.135000,22.916000,-6.473000,32.458000,31.68
818285833,0.835000,0.595000,-0.145000,25.389000,-6.840000,35.725000,31.73
818295257,0.844000,0.572000,-0.142000,27.634000,-6.656000,39.298000,31.78
818305474,0.869000,0.522000,-0.169000,29.786000,-5.176000,42.550000,31.73
818313557,0.832000,0.524000,-0.163000,32.412000,-5.435000,46.336000,31.78
818322971,0.878000,0.476000,-0.190000,35.221000,-5.603000,49.282000,31.73
818337749,0.868000,0.453000,-0.209000,39.740000,-5.573000,51.756000,31.78
818347250,0.908000,0.430000,-0.219000,45.817000,-5.084000,52.565000,31.64
818356796,0.881000,0.443000,-0.252000,48.992000,-4.214000,52.183000,31.73
818364095,0.881000,0.444000,-0.262000,49.206000,-5.527000,54.382000,31.68
818375592,0.862000,0.444000,-0.272000,48.305000,-8.779000,58.092000,31.73
818386226,0.877000,0.464000,-0.260000,46.412000,-12.977000,60.992000,31.68
818396646,0.934000,0.455000,-0.286000,46.137000,-15.328000,63.954000,31.73
818405546,0.995000,0.406000,-0.281000,48.733000,-14.336000,64.366000,31.68
818416514,0.967000,0.406000,-0.294000,50.733000,-12.229000,64.015000,31.64
818424638,0.971000,0.383000,-0.357000,48.763000,-11.359000,63.832000,31.68
818431704,0.950000,0.314000,-0.371000,45.008000,-9.542000,66.061000,31.73
818449563,0.904000,0.295000,-0.363000,41.466000,-11.939000,70.718000,31.78
818456215,0.942000,0.279000,-0.333000,40.595000,-14.672000,76.595000,31.73
818464364,0.984000,0.255000,-0.324000,42.489000,-13.863000,80.290000,31.73
818478345,1.045000,0.238000,-0.312000,46.183000,-8.962000,80.519000,31.68
818486608,1.012000,0.247000,-0.355000,48.840000,-6.351000,82.168000,31.73
818495105,1.030000,0.229000,-0.314000,50.000000,-2.412000,84.107000,31.68
818504056,1.004000,0.189000,-0.382000,46.198000,-1.359000,85.618000,31.73
818514389,0.951000,0.161000,-0.346000,42.092000,1.405000,89.802000,31.68
818522664,0.930000,0.166000,-0.335000,40.885000,-2.595000,95.176000,31.73
818533579,0.958000,0.177000,-0.335000,41.053000,-4.519000,98.733000,31.68
818546050,1.062000,0.118000,-0.338000,48.168000,-0.992000,99.863000,31.64
818558967,1.029000,0.121000,-0.300000,56.076000,-0.076000,96.489000,31.73
818565621,1.026000,0.124000,-0.396000,58.412000,-0.779000,97.817000,31.73
818575717,1.013000,0.089000,-0.398000,55.511000,1.053000,96.290000,31.78
818585747,0.982000,0.101000,-0.352000,53.527000,-0.107000,95.252000,31.73
818594442,0.922000,0.115000,-0.371000,50.718000,-4.626000,99.573000,31.68
818605310,1.048000,0.031000,-0.355000,53.130000,-2.931000,100.580000,31.82
818617250,1.056000,-0.039000,-0.348000,57.939000,-0.229000,102.061000,31.73
818625647,1.016000,-0.005000,-0.280000,64.229000,1.878000,102.550000,31.68
818635176,1.035000,0.004000,-0.356000,67.084000,3.237000,102.534000,31.73
818642203,1.052000,-0.034000,-0.449000,64.962000,6.031000,100.198000,31.68
818657938,0.931000,-0.050000,-0.387000,63.679000,3.252000,105.267000,31.64
818664621,0.994000,-0.087000,-0.366000,62.641000,2.702000,108.855000,31.68
818675177,1.017000,-0.103000,-0.320000,63.069000,3.893000,109.313000,31.73
818686355,1.054000,-0.151000,-0.371000,66.046000,8.611000,111.802000,31.68
818694247,1.075000,-0.183000,-0.245000,72.046000,15.099000,110.702000,31.73
818704719,1.042000,-0.158000,-0.338000,75.908000,17.939000,109.099000,31.68
818716123,1.003000,-0.146000,-0.456000,70.382000,19.221000,108.718000,31.73
818727240,0.913000,-0.160000,-0.434000,64.885000,12.748000,111.908000,31.64
818731430,0.931000,-0.202000,-0.413000,58.198000,3.557000,115.405000,31.73
818742973,1.012000,-0.345000,-0.379000,57.191000,-1.023000,120.122000,31.68
818759863,1.052000,-0.399000,-0.280000,64.076000,1.679000,119.176000,31.68
818767336,1.057000,-0.385000,-0.263000,71.924000,5.115000,115.191000,31.73
818775860,1.050000,-0.332000,-0.300000,73.878000,4.962000,110.137000,31.68
818785392,0.958000,-0.276000,-0.561000,62.076000,1.573000,105.710000,31.73
818797777,0.890000,-0.267000,-0.410000,52.046000,-6.107000,110.702000,31.68
818805486,1.027000,-0.383000,-0.320000,46.840000,-13.725000,111.527000,31.73
818818304,1.105000,-0.492000,-0.376000,47.435000,-5.908000,112.885000,31.87
818830967,1.050000,-0.560000,-0.252000,54.183000,-1.191000,111.863000,31.73
818835911,1.074000,-0.621000,-0.298000,60.992000,2.382000,108.107000,31.78
818843695,0.943000,-0.517000,-0.346000,57.954000,2.015000,106.901000,31.82
818855589,0.900000,-0.419000,-0.452000,53.573000,-2.260000,108.351000,31.68
818867980,0.958000,-0.468000,-0.340000,46.046000,-7.481000,109.725000,31.64
818878389,0.979000,-0.538000,-0.347000,42.885000,-12.718000,112.412000,31.73
818883569,1.047000,-0.615000,-0.327000,41.069000,-8.672000,114.092000,31.78
818898792,1.003000,-0.636000,-0.188000,50.122000,-2.153000,115.053000,31.64
818905942,1.005000,-0.639000,-0.285000,52.351000,2.137000,109.924000,31.78
818914336,0.885000,-0.628000,-0.346000,48.336000,3.969000,109.863000,31.64
818928336,0.797000,-0.554000,-0.399000,43.115000,-4.885000,115.069000,31.68
818936408,0.880000,-0.627000,-0.318000,36.870000,-10.351000,112.733000,31.73
818945522,0.844000,-0.631000,-0.280000,36.870000,-14.305000,114.565000,31.68
818950729,0.959000,-0.758000,-0.274000,40.504000,-11.221000,116.031000,31.64
818964412,0.884000,-0.753000,-0.130000,48.198000,-4.153000,114.565000,31.68
818978166,0.885000,-0.729000,-0.263000,51.191000,-1.695000,112.550000,31.73
818984878,0.809000,-0.761000,-0.325000,46.351000,0.748000,111.145000,31.73
818994839,0.701000,-0.688000,-0.303000,44.855000,-3.740000,112.641000,31.68
819006421,0.764000,-0.745000,-0.275000,40.168000,-14.489000,113.267000,31.73
819018441,0.750000,-0.775000,-0.190000,41.267000,-16.260000,114.748000,31.68
819024921,0.805000,-0.792000,-0.212000,48.931000,-14.718000,116.809000,31.73
819037964,0.809000,-0.859000,-0.172000,53.435000,-10.458000,114.122000,31.68
819047441,0.754000,-0.894000,-0.219000,54.489000,-9.863000,113.527000,31.82
819051819,0.666000,-0.816000,-0.247000,51.511000,-12.061000,114.672000,31.68
819062701,0.651000,-0.777000,-0.325000,44.534000,-15.863000,113.435000,31.73
819075646,0.715000,-0.865000,-0.213000,41.008000,-18.931000,109.786000,31.73
819085144,0.664000,-0.897000,-0.198000,43.481000,-20.809000,112.412000,31.64
819094160,0.751000,-0.977000,-0.139000,46.107000,-16.626000,111.878000,31.78
819105783,0.635000,-0.934000,-0.120000,54.183000,-12.061000,113.740000,31.73
819122228,0.692000,-0.993000,-0.159000,55.511000,-9.450000,111.221000,31.68
819125430,0.566000,-0.968000,-0.205000,52.595000,-8.382000,110.855000,31.78
819137700,0.508000,-0.927000,-0.281000,50.153000,-14.153000,115.359000,31.73
819150417,0.583000,-0.995000,-0.172000,46.611000,-18.443000,112.443000,31.68
819159855,0.545000,-0.995000,-0.177000,48.901000,-19.069000,112.992000,31.64
819164430,0.575000,-0.996000,-0.072000,50.641000,-17.084000,111.908000,31.68
819174456,0.568000,-1.012000,-0.091000,55.359000,-12.534000,111.435000,31.64
819181874,0.548000,-1.067000,-0.147000,56.107000,-9.740000,109.084000,31.68
819195338,0.443000,-1.070000,-0.078000,56.504000,-6.687000,111.817000,31.73
819205574,0.552000,-1.087000,-0.144000,57.496000,-3.786000,102.290000,31.68
819213586,0.371000,-1.056000,-0.184000,53.878000,-9.679000,110.153000,31.73
819226993,0.465000,-1.079000,-0.108000,57.359000,-8.718000,107.191000,31.68
819232697,0.404000,-1.056000,-0.148000,56.015000,-10.061000,107.557000,31.73
819247131,0.417000,-1.101000,-0.047000,56.092000,-8.061000,106.885000,31.73
819257037,0.385000,-1.054000,-0.086000,56.427000,-2.397000,104.519000,31.78
819267769,0.394000,-1.088000,-0.072000,52.168000,0.168000,101.359000,31.73
819274934,0.382000,-1.119000,-0.081000,50.000000,5.099000,98.443000,31.68
819282011,0.228000,-1.060000,-0.060000,47.725000,-1.115000,95.496000,31.73
819295455,0.251000,-1.040000,-0.117000,45.359000,-3.237000,97.313000,31.78
819307145,0.307000,-1.130000,-0.110000,49.908000,-2.962000,97.389000,31.64
819315913,0.261000,-1.142000,-0.043000,44.794000,-3.878000,94.901000,31.68
819329839,0.250000,-1.095000,0.017000,45.954000,-3.130000,94.260000,31.73
819338034,0.317000,-1.104000,-0.066000,41.847000,-1.420000,91.115000,31.78
819345288,0.216000,-1.112000,-0.006000,36.427000,-3.954000,85.740000,31.73
819354661,0.208000,-1.151000,-0.014000,37.557000,-4.473000,84.901000,31.78
819364956,-0.037000,-1.125000,-0.056000,36.626000,-5.725000,91.053000,31.73
819373552,0.318000,-1.103000,0.011000,34.641000,0.916000,78.000000,31.68
819383323,0.177000,-1.142000,-0.025000,37.053000,1.649000,78.687000,31.73
819396723,0.109000,-1.042000,-0.020000,34.183000,-1.237000,81.924000,31.73
819406800,0.199000,-1.055000,0.000000,28.015000,-5.084000,80.595000,31.78
819415661,0.166000,-1.051000,-0.046000,20.962000,-4.855000,79.969000,31.73
819422522,0.268000,-1.069000,0.007000,18.031000,-1.450000,74.534000,31.68
819436382,0.116000,-1.115000,0.015000,25.344000,-3.145000,71.634000,31.64
819445064,0.131000,-1.108000,0.014000,25.878000,-4.366000,69.145000,31.68
819456629,0.142000,-1.095000,0.037000,26.351000,-3.924000,67.298000,31.73
819465740,0.120000,-1.047000,0.023000,23.771000,-4.794000,68.321000,31.78
819474286,0.122000,-1.011000,0.052000,20.885000,-4.931000,68.443000,31.73
819485236,0.157000,-1.017000,0.064000,18.168000,-4.092000,64.137000,31.68
819492247,0.118000,-1.018000,0.081000,16.580000,-0.504000,62.214000,31.64
819508471,0.086000,-1.023000,0.067000,13.344000,4.122000,62.565000,31.73
819515106,0.036000,-0.968000,-0.025000,16.244000,-4.672000,57.603000,31.78
819525682,0.005000,-1.074000,0.021000,9.710000,-7.053000,67.878000,31.64
819539129,0.060000,-1.121000,0.110000,18.351000,-9.374000,54.550000,31.78
819544305,0.052000,-1.073000,0.101000,21.969000,-7.115000,52.214000,31.73
819557659,0.119000,-1.067000,0.129000,25.908000,-0.519000,56.656000,31.68
819568661,0.015000,-0.995000,0.118000,25.756000,2.107000,57.893000,31.64
819579499,-0.004000,-0.966000,0.097000,22.290000,0.580000,57.588000,31.78
819583810,-0.002000,-0.993000,0.080000,19.389000,-1.038000,56.351000,31.64
819594290,-0.008000,-1.044000,0.080000,19.450000,-0.763000,55.420000,31.73
819602188,-0.051000,-0.997000,0.108000,19.405000,-0.443000,52.977000,31.64
819616848,-0.066000,-1.012000,0.094000,17.252000,0.183000,49.359000,31.68
819626530,-0.087000,-0.991000,0.122000,15.618000,0.611000,44.122000,31.73
819634281,-0.085000,-0.997000,0.131000,13.679000,1.374000,41.267000,31.68
819649072,-0.076000,-0.999000,0.123000,11.481000,4.382000,37.450000,31.68
819653953,-0.096000,-1.006000,0.142000,11.435000,5.344000,36.290000,31.73
819664854,-0.149000,-1.007000,0.071000,7.725000,2.198000,32.656000,31.68
819674188,-0.128000,-1.000000,0.112000,6.092000,0.107000,30.580000,31.64
819685289,-0.088000,-1.049000,0.115000,6.275000,-1.298000,27.420000,31.68
819694244,-0.093000,-1.018000,0.118000,5.267000,-0.198000,25.420000,31.64
819703264,-0.069000,-1.013000,0.126000,4.809000,0.321000,22.183000,31.68
819716276,-0.083000,-0.964000,0.131000,2.718000,-0.534000,21.481000,31.64
819727425,-0.038000,-0.988000,0.133000,1.908000,0.565000,19.084000,31.68
819736794,-0.045000,-0.981000,0.128000,0.977000,1.725000,17.893000,31.73
819744729,-0.069000,-0.995000,0.113000,1.160000,2.427000,18.504000,31.68
819756894,-0.097000,-0.963000,0.111000,0.748000,-0.153000,18.763000,31.82
819763005,-0.077000,-0.978000,0.130000,0.015000,-1.985000,16.382000,31.64
819776545,-0.105000,-0.981000,0.119000,-0.122000,-2.794000,15.298000,31.78
819785906,-0.073000,-0.991000,0.138000,0.580000,-2.748000,13.359000,31.73
819797667,-0.069000,-0.999000,0.135000,2.489000,-0.687000,12.153000,31.59
819805296,-0.096000,-0.981000,0.149000,2.504000,2.260000,10.397000,31.64
819812727,-0.102000,-0.984000,0.145000,4.656000,4.076000,10.656000,31.78
819826402,-0.104000,-0.958000,0.139000,3.084000,6.137000,7.160000,31.73
819834681,-0.145000,-0.921000,0.121000,0.824000,5.099000,6.763000,31.68
819845410,-0.159000,-0.932000,0.119000,-2.397000,2.214000,5.374000,31.64
819855001,-0.145000,-0.949000,0.125000,-3.649000,1.481000,3.832000,31.64
819866526,-0.169000,-0.967000,0.138000,-4.015000,-0.260000,2.916000,31.73
819872654,-0.156000,-0.977000,0.140000,-5.237000,-0.641000,1.573000,31.68
819887537,-0.148000,-0.967000,0.140000,-4.565000,0.214000,0.901000,31.82
819895405,-0.146000,-0.956000,0.152000,-5.298000,0.947000,-0.595000,31.68
819903828,-0.140000,-0.958000,0.150000,-6.137000,1.939000,-1.267000,31.68
819915145,-0.133000,-0.955000,0.139000,-7.130000,3.282000,-1.908000,31.73
819922294,-0.155000,-0.953000,0.138000,-7.176000,2.763000,-2.901000,31.68
819937771,-0.165000,-0.940000,0.117000,-8.947000,1.679000,-4.931000,31.73
819945705,-0.166000,-0.943000,0.128000,-9.267000,0.534000,-6.031000,31.68
819956218,-0.152000,-0.957000,0.148000,-9.466000,0.336000,-6.794000,31.73
819967594,-0.131000,-0.953000,0.139000,-9.160000,1.405000,-6.748000,31.68
819975641,-0.124000,-0.951000,0.144000,-8.641000,2.229000,-7.145000,31.73
819985839,-0.139000,-0.956000,0.133000,-8.168000,2.885000,-7.237000,31.78
819995361,-0.140000,-0.951000,0.154000,-7.420000,3.557000,-7.145000,31.64
820005947,-0.123000,-0.945000,0.159000,-6.901000,3.908000,-7.802000,31.68
820011997,-0.153000,-0.939000,0.129000,-8.290000,2.534000,-8.504000,31.64
820025068,-0.146000,-0.932000,0.139000,-8.321000,0.809000,-8.015000,31.73
820037310,-0.138000,-0.943000,0.140000,-8.321000,0.870000,-8.519000,31.68
820044508,-0.121000,-0.936000,0.163000,-7.160000,1.542000,-9.115000,31.73
820055593,-0.139000,-0.924000,0.142000,-7.191000,2.763000,-10.076000,31.68
820068413,-0.153000,-0.935000,0.146000,-7.679000,2.916000,-9.954000,31.73
820077513,-0.142000,-0.944000,0.155000,-8.061000,2.595000,-9.511000,31.68
820084992,-0.159000,-0.954000,0.145000,-6.595000,3.206000,-8.611000,31.64
820096603,-0.159000,-0.944000,0.158000,-7.328000,1.557000,-8.870000,31.78
820106949,-0.158000,-0.941000,0.125000,-7.328000,1.206000,-9.802000,31.64
820113612,-0.175000,-0.941000,0.128000,-8.122000,-0.687000,-9.038000,31.73
820120889,-0.143000,-0.947000,0.153000,-8.550000,-0.626000,-8.229000,31.73
820139149,-0.135000,-0.932000,0.145000,-9.344000,0.198000,-9.740000,31.78
820146527,-0.150000,-0.941000,0.131000,-10.718000,0.260000,-10.397000,31.78
820152678,-0.160000,-0.941000,0.130000,-11.206000,0.122000,-9.023000,31.64
820168306,-0.150000,-0.956000,0.120000,-12.458000,-0.366000,-9.115000,31.68
820176380,-0.166000,-0.937000,0.148000,-14.351000,-1.008000,-7.893000,31.73
820185253,-0.151000,-0.953000,0.102000,-16.336000,-2.550000,-8.275000,31.78
820199351,-0.255000,-0.985000,0.103000,-16.748000,-5.802000,-2.183000,31.64
820209539,-0.170000,-0.995000,0.084000,-23.634000,-6.260000,-7.389000,31.68
820214763,-0.166000,-0.962000,0.072000,-25.588000,-5.695000,-8.198000,31.64
820221376,-0.135000,-0.966000,0.123000,-27.618000,-1.847000,-8.107000,31.78
820237475,-0.114000,-0.941000,0.133000,-30.733000,-0.229000,-11.847000,31.64
820246906,-0.164000,-0.928000,0.035000,-35.237000,-0.794000,-14.214000,31.78
820255876,-0.175000,-0.949000,0.038000,-37.176000,-4.290000,-12.397000,31.64
820268168,-0.094000,-0.957000,0.048000,-38.183000,-5.893000,-13.740000,31.68
820280288,-0.047000,-0.986000,0.051000,-38.870000,-5.008000,-16.015000,31.64
820285575,-0.091000,-0.965000,0.050000,-39.298000,-3.878000,-12.992000,31.73
820295709,-0.067000,-0.987000,0.047000,-39.359000,-3.603000,-12.031000,31.68
820305250,-0.005000,-1.007000,0.099000,-38.183000,-1.832000,-14.198000,31.73
820314887,-0.070000,-0.966000,0.087000,-38.427000,-0.992000,-14.229000,31.68
820320969,-0.071000,-0.934000,0.042000,-40.015000,1.725000,-16.901000,31.82
820335077,-0.012000,-0.993000,0.050000,-35.084000,-4.382000,-13.679000,31.78
820348912,-0.032000,-0.998000,0.053000,-32.122000,-3.725000,-12.611000,31.82
820356426,-0.050000,-0.973000,0.046000,-30.290000,-4.000000,-12.580000,31.78
820365091,-0.031000,-0.974000,0.053000,-30.198000,-1.450000,-14.718000,31.64
820378339,-0.057000,-0.971000,0.034000,-31.466000,-2.427000,-16.061000,31.73
820391109,-0.046000,-1.013000,0.053000,-30.153000,-2.290000,-15.221000,31.73
820395501,-0.023000,-1.017000,0.085000,-27.679000,-0.550000,-17.664000,31.78
820408338,-0.062000,-1.025000,0.040000,-26.031000,1.420000,-22.718000,31.64
820415606,-0.074000,-1.039000,0.010000,-23.359000,1.389000,-24.519000,31.68
820423766,-0.053000,-1.030000,0.034000,-21.405000,1.160000,-26.214000,31.68
820432805,-0.053000,-1.027000,0.061000,-19.099000,3.069000,-25.878000,31.73
820447794,-0.032000,-1.032000,0.020000,-19.878000,4.809000,-29.878000,31.68
820457852,-0.048000,-1.011000,-0.018000,-21.191000,4.198000,-28.763000,31.73
820466339,-0.017000,-1.059000,0.004000,-20.733000,6.519000,-31.878000,31.68
820473148,-0.034000,-1.043000,-0.023000,-20.183000,8.214000,-33.145000,31.73
820486773,-0.026000,-1.027000,-0.007000,-19.359000,10.244000,-35.206000,31.68
820497651,-0.031000,-1.036000,-0.021000,-20.641000,9.649000,-38.397000,31.64
820503520,-0.023000,-1.027000,-0.027000,-20.824000,10.321000,-39.420000,31.78
820518615,-0.011000,-1.007000,-0.044000,-21.557000,10.183000,-41.130000,31.82
820527040,-0.018000,-1.007000,-0.062000,-23.496000,9.573000,-41.756000,31.68
820533139,0.008000,-1.048000,-0.081000,-23.756000,8.198000,-42.519000,31.73
820544432,0.006000,-1.053000,-0.066000,-24.412000,7.053000,-41.893000,31.73
820561973,0.052000,-1.069000,-0.026000,-24.489000,9.802000,-43.847000,31.73
820568705,0.030000,-1.039000,-0.047000,-24.748000,12.321000,-45.405000,31.59
820576002,0.036000,-1.035000,-0.072000,-27.405000,12.015000,-46.321000,31.78
820585828,0.006000,-1.013000,-0.083000,-28.687000,10.534000,-46.519000,31.64
820598928,0.081000,-0.996000,-0.078000,-27.298000,11.252000,-46.275000,31.68
820604674,0.126000,-0.980000,-0.095000,-28.290000,13.145000,-47.130000,31.64
820615737,0.109000,-1.006000,-0.104000,-30.733000,12.366000,-48.000000,31.59
820627305,0.095000,-1.073000,-0.144000,-32.260000,12.168000,-51.710000,31.64
820635385,0.077000,-1.086000,-0.119000,-32.458000,10.962000,-52.763000,31.68
820643956,0.094000,-1.093000,-0.134000,-33.282000,10.351000,-56.260000,31.73
820650754,0.106000,-1.062000,-0.099000,-33.099000,10.885000,-57.969000,31.68
820668444,0.157000,-1.075000,-0.110000,-33.771000,14.718000,-60.550000,31.64
820677242,0.164000,-1.097000,-0.116000,-36.443000,16.565000,-62.656000,31.59
820683903,0.148000,-1.055000,-0.143000,-39.069000,18.336000,-64.336000,31.73
820695955,0.176000,-1.093000,-0.132000,-41.038000,19.420000,-67.206000,31.64
820706512,0.174000,-1.131000,-0.149000,-40.702000,19.252000,-69.466000,31.68
820715017,0.174000,-1.131000,-0.134000,-38.000000,19.023000,-72.534000,31.64
820725627,0.227000,-1.130000,-0.128000,-35.252000,18.595000,-74.748000,31.68
820736672,0.231000,-1.107000,-0.129000,-33.786000,20.504000,-76.427000,31.64
820743387,0.263000,-1.102000,-0.138000,-34.794000,21.664000,-79.985000,31.68
820755392,0.276000,-1.076000,-0.171000,-37.466000,21.206000,-82.473000,31.73
820766184,0.249000,-1.090000,-0.196000,-36.336000,21.282000,-81.588000,31.68
820776892,0.316000,-1.076000,-0.135000,-37.878000,23.145000,-82.779000,31.73
820781884,0.291000,-1.067000,-0.114000,-38.137000,24.702000,-87.664000,31.68
820798079,0.330000,-1.096000,-0.166000,-37.389000,24.565000,-91.756000,31.64
820806206,0.295000,-1.092000,-0.175000,-35.237000,24.031000,-90.168000,31.73
820813949,0.336000,-1.085000,-0.210000,-33.924000,23.344000,-88.397000,31.78
820826297,0.344000,-1.085000,-0.208000,-33.817000,21.985000,-92.183000,31.73
820838366,0.336000,-1.062000,-0.207000,-33.985000,21.832000,-90.244000,31.68
820843461,0.378000,-1.076000,-0.190000,-36.168000,21.527000,-94.885000,31.64
820854938,0.392000,-1.059000,-0.170000,-37.466000,23.282000,-94.443000,31.78
820861727,0.414000,-1.061000,-0.204000,-37.771000,25.679000,-94.397000,31.73
820878595,0.376000,-1.023000,-0.212000,-37.985000,25.374000,-92.046000,31.68
820883572,0.372000,-0.999000,-0.237000,-38.656000,22.855000,-90.901000,31.73
820896539,0.365000,-0.979000,-0.261000,-40.321000,18.855000,-88.962000,31.64
820908810,0.428000,-1.018000,-0.257000,-39.405000,17.481000,-86.748000,31.64
820913776,0.416000,-0.970000,-0.222000,-35.985000,17.710000,-85.008000,31.78
820928051,0.462000,-0.933000,-0.250000,-38.641000,18.015000,-84.534000,31.73
820936083,0.453000,-0.913000,-0.237000,-40.061000,19.939000,-83.802000,31.68
820944414,0.473000,-0.920000,-0.221000,-40.443000,20.244000,-82.427000,31.68
820954624,0.486000,-0.903000,-0.237000,-39.267000,21.252000,-80.672000,31.73
820962749,0.488000,-0.913000,-0.269000,-38.595000,21.145000,-82.275000,31.78
820978898,0.413000,-0.866000,-0.275000,-37.450000,17.115000,-80.534000,31.73
820986101,0.485000,-0.906000,-0.289000,-39.710000,12.992000,-81.985000,31.68
820993523,0.487000,-0.921000,-0.256000,-37.847000,10.718000,-79.191000,31.64
821006379,0.536000,-0.914000,-0.242000,-37.832000,10.305000,-78.580000,31.68
821016321,0.551000,-0.901000,-0.243000,-36.137000,11.832000,-76.412000,31.64
821024303,0.574000,-0.918000,-0.225000,-34.443000,15.618000,-76.473000,31.78
821035692,0.568000,-0.901000,-0.246000,-34.031000,17.740000,-76.443000,31.73
821047174,0.558000,-0.879000,-0.266000,-33.939000,18.183000,-76.260000,31.78
821054055,0.550000,-0.843000,-0.292000,-35.634000,16.382000,-76.321000,31.73
821060823,0.609000,-0.872000,-0.253000,-35.847000,14.885000,-77.221000,31.64
821079416,0.627000,-0.876000,-0.243000,-33.221000,15.725000,-76.779000,31.78
821089338,0.646000,-0.853000,-0.236000,-30.122000,19.221000,-75.313000,31.64
821094437,0.676000,-0.885000,-0.237000,-28.305000,20.931000,-76.641000,31.78
821106599,0.653000,-0.869000,-0.250000,-25.252000,23.160000,-76.214000,31.64
821119727,0.629000,-0.832000,-0.256000,-24.580000,23.313000,-76.519000,31.78
821126218,0.688000,-0.855000,-0.281000,-22.260000,23.817000,-75.466000,31.82
821139234,0.698000,-0.861000,-0.233000,-20.031000,27.221000,-78.290000,31.78
821150474,0.698000,-0.837000,-0.292000,-16.748000,28.626000,-74.061000,31.73
821153726,0.712000,-0.815000,-0.265000,-15.695000,29.481000,-73.847000,31.78
821165704,0.713000,-0.812000,-0.278000,-15.282000,29.695000,-74.137000,31.82
821172432,0.697000,-0.769000,-0.292000,-15.832000,30.473000,-74.992000,31.68
821189726,0.752000,-0.778000,-0.308000,-16.153000,30.198000,-72.244000,31.82
821195178,0.774000,-0.779000,-0.212000,-12.107000,33.359000,-74.000000,31.78
821207053,0.749000,-0.744000,-0.252000,-7.725000,35.389000,-74.611000,31.73
821220223,0.689000,-0.690000,-0.302000,-9.359000,32.153000,-72.198000,31.68
821225232,0.746000,-0.704000,-0.307000,-10.977000,29.756000,-72.168000,31.68
821237401,0.723000,-0.687000,-0.376000,-15.756000,25.740000,-68.458000,31.54
821252306,0.781000,-0.710000,-0.263000,-18.412000,23.939000,-69.038000,31.68
821255991,0.865000,-0.746000,-0.279000,-17.206000,29.450000,-68.076000,31.73
821265233,0.787000,-0.710000,-0.199000,-13.313000,32.458000,-67.023000,31.68
821271942,0.803000,-0.708000,-0.292000,-13.588000,33.008000,-66.183000,31.64
821289474,0.789000,-0.699000,-0.317000,-13.053000,32.489000,-64.198000,31.78
821298203,0.717000,-0.596000,-0.335000,-17.481000,23.695000,-61.908000,31.73
821304022,0.805000,-0.604000,-0.322000,-22.397000,16.168000,-59.893000,31.78
821320308,0.859000,-0.663000,-0.287000,-21.771000,14.229000,-56.824000,31.73
821329097,0.906000,-0.650000,-0.236000,-20.382000,16.885000,-60.107000,31.73
821334689,0.893000,-0.640000,-0.250000,-20.198000,19.069000,-59.985000,31.64
821343063,0.914000,-0.657000,-0.257000,-19.832000,21.282000,-61.069000,31.78
821358823,0.867000,-0.597000,-0.283000,-20.763000,20.244000,-62.076000,31.68
821364797,0.865000,-0.601000,-0.303000,-21.817000,15.771000,-58.901000,31.64
821371469,0.919000,-0.620000,-0.273000,-19.908000,14.656000,-57.069000,31.78
821388317,0.903000,-0.562000,-0.228000,-18.672000,12.916000,-57.527000,31.73
821400295,0.931000,-0.533000,-0.228000,-14.855000,12.275000,-54.137000,31.68
821405415,0.986000,-0.542000,-0.291000,-16.092000,14.550000,-56.458000,31.73
821415790,0.912000,-0.522000,-0.250000,-16.702000,12.458000,-55.435000,31.68
821427889,0.913000,-0.501000,-0.289000,-18.565000,8.733000,-54.290000,31.73
821435926,0.917000,-0.496000,-0.299000,-20.977000,5.679000,-53.267000,31.78
821445879,0.995000,-0.578000,-0.205000,-16.885000,8.046000,-53.802000,31.73
821455996,0.962000,-0.522000,-0.211000,-10.321000,9.817000,-53.588000,31.68
821465821,0.987000,-0.489000,-0.249000,-8.718000,12.168000,-51.847000,31.64
821471766,1.008000,-0.512000,-0.256000,-9.130000,11.786000,-52.122000,31.68
821483779,0.935000,-0.446000,-0.295000,-11.573000,9.908000,-50.061000,31.87
821493190,0.982000,-0.444000,-0.304000,-14.779000,7.664000,-49.450000,31.73
821504092,0.999000,-0.490000,-0.301000,-16.397000,7.405000,-51.115000,31.68
821515432,0.992000,-0.495000,-0.241000,-13.542000,6.214000,-46.244000,31.73
821528323,1.069000,-0.498000,-0.212000,-7.023000,8.718000,-50.305000,31.78
821537326,0.985000,-0.455000,-0.263000,-3.710000,7.863000,-50.168000,31.73
821543857,0.992000,-0.407000,-0.284000,-6.321000,4.794000,-47.863000,31.68
821555891,1.019000,-0.396000,-0.337000,-11.664000,1.542000,-47.847000,31.73
821566255,1.019000,-0.380000,-0.289000,-18.595000,-1.389000,-48.397000,31.68
821572481,1.059000,-0.433000,-0.281000,-21.374000,-1.664000,-45.206000,31.73
821584168,1.129000,-0.511000,-0.272000,-19.344000,6.519000,-47.802000,31.64
821596246,1.055000,-0.479000,-0.241000,-14.992000,8.550000,-46.122000,31.64
821607363,1.069000,-0.430000,-0.279000,-12.733000,9.664000,-47.847000,31.73
821615473,1.024000,-0.375000,-0.308000,-14.763000,7.679000,-47.145000,31.78
821624819,1.018000,-0.352000,-0.299000,-17.496000,3.053000,-46.137000,31.64
821634822,1.065000,-0.370000,-0.312000,-17.008000,1.374000,-46.763000,31.68
821642309,1.051000,-0.358000,-0.267000,-18.183000,1.069000,-49.206000,31.73
821656951,1.066000,-0.353000,-0.291000,-18.382000,-0.031000,-48.153000,31.68
821665495,1.073000,-0.382000,-0.270000,-18.626000,2.122000,-49.634000,31.73
821673367,1.046000,-0.368000,-0.312000,-20.137000,1.740000,-51.206000,31.78
821684494,1.050000,-0.389000,-0.353000,-23.771000,1.099000,-53.053000,31.73
821691585,1.001000,-0.334000,-0.300000,-25.954000,-2.824000,-53.038000,31.68
821709166,1.065000,-0.346000,-0.333000,-25.099000,-4.473000,-52.687000,31.73
821715201,1.106000,-0.370000,-0.282000,-24.382000,-4.015000,-55.786000,31.68
821730676,1.061000,-0.302000,-0.296000,-20.183000,-5.328000,-52.183000,31.73
821738884,1.148000,-0.310000,-0.331000,-22.092000,-2.733000,-55.145000,31.73
821743581,1.091000,-0.302000,-0.317000,-23.282000,-1.756000,-55.466000,31.68
821755068,1.063000,-0.264000,-0.300000,-26.794000,-3.160000,-56.382000,31.64
821767644,1.106000,-0.242000,-0.315000,-30.168000,-3.466000,-58.305000,31.68
821774972,1.093000,-0.285000,-0.359000,-31.160000,-1.832000,-59.389000,31.73
821783925,1.085000,-0.296000,-0.310000,-29.267000,-2.519000,-58.687000,31.68
821790830,1.069000,-0.245000,-0.286000,-27.603000,-4.580000,-55.954000,31.73
821809616,1.101000,-0.223000,-0.298000,-28.809000,-3.145000,-56.000000,31.68
821817915,1.084000,-0.185000,-0.281000,-31.053000,-2.366000,-56.809000,31.73
821825042,1.062000,-0.166000,-0.288000,-33.573000,-2.672000,-55.847000,31.68
821838433,1.078000,-0.174000,-0.309000,-34.229000,-0.611000,-54.229000,31.64
821848358,1.091000,-0.164000,-0.298000,-33.267000,1.374000,-54.962000,31.64
821855071,1.071000,-0.162000,-0.303000,-29.588000,2.061000,-54.397000,31.73
821869404,1.059000,-0.158000,-0.285000,-27.588000,1.328000,-54.321000,31.82
821881522,1.025000,-0.137000,-0.292000,-25.557000,-3.191000,-50.061000,31.68
821883966,1.037000,-0.106000,-0.334000,-27.573000,-5.221000,-48.244000,31.82
821895725,1.095000,-0.120000,-0.322000,-28.855000,-4.046000,-47.710000,31.78
821908954,1.117000,-0.121000,-0.307000,-27.603000,0.305000,-47.527000,31.73
821924010,1.126000,-0.137000,-0.354000,-24.565000,3.466000,-48.824000,31.68
821926465,1.118000,-0.136000,-0.337000,-23.221000,6.351000,-47.924000,31.64
821937163,1.100000,-0.113000,-0.361000,-22.412000,7.664000,-46.015000,31.73
821945165,1.086000,-0.085000,-0.382000,-26.260000,7.023000,-47.359000,31.73
821956026,1.096000,-0.088000,-0.327000,-30.473000,7.328000,-46.168000,31.68
821966804,1.123000,-0.112000,-0.320000,-28.656000,11.664000,-43.344000,31.73
821974670,1.119000,-0.104000,-0.346000,-30.855000,13.542000,-47.771000,31.68
821986638,1.120000,-0.099000,-0.344000,-29.313000,14.183000,-50.244000,31.68
821995565,1.088000,-0.083000,-0.295000,-26.351000,11.374000,-49.099000,31.73
822002532,1.162000,-0.071000,-0.367000,-26.198000,11.649000,-51.450000,31.68
822020011,1.089000,-0.013000,-0.402000,-29.160000,6.061000,-51.435000,31.64
822026805,1.141000,0.000000,-0.333000,-31.954000,3.191000,-53.176000,31.78
822035745,1.131000,0.002000,-0.332000,-34.153000,4.489000,-53.160000,31.73
822044188,1.216000,-0.046000,-0.316000,-35.786000,5.008000,-55.069000,31.78
822057096,1.211000,-0.053000,-0.304000,-32.840000,9.176000,-57.664000,31.82
822065248,1.190000,-0.017000,-0.279000,-30.366000,11.908000,-60.153000,31.68
822073366,1.223000,-0.007000,-0.363000,-29.466000,17.511000,-64.870000,31.73
822085341,1.083000,0.076000,-0.379000,-31.634000,10.504000,-65.634000,31.82
822093521,1.110000,0.083000,-0.354000,-33.756000,1.954000,-63.298000,31.68
822102938,1.188000,0.039000,-0.355000,-34.962000,0.901000,-64.122000,31.73
822117164,1.205000,0.050000,-0.323000,-34.504000,2.092000,-66.489000,31.78
822129966,1.250000,0.038000,-0.295000,-34.977000,7.389000,-71.649000,31.73
822138585,1.240000,0.004000,-0.229000,-32.519000,14.718000,-74.427000,31.68
822143730,1.163000,0.054000,-0.315000,-32.214000,16.748000,-76.275000,31.64
822157137,1.084000,0.128000,-0.406000,-37.481000,16.031000,-76.107000,31.68
822167452,1.052000,0.144000,-0.366000,-42.611000,7.511000,-74.122000,31.73
822175215,1.116000,0.161000,-0.320000,-45.603000,1.969000,-73.053000,31.78
822187109,1.136000,0.100000,-0.302000,-42.107000,3.267000,-71.176000,31.64
822198531,1.210000,0.125000,-0.260000,-40.885000,5.389000,-81.924000,31.73
822203926,1.188000,0.082000,-0.249000,-35.893000,10.534000,-80.656000,31.68
822210772,1.129000,0.103000,-0.275000,-35.740000,11.603000,-86.870000,31.73
822226352,1.028000,0.182000,-0.401000,-44.672000,11.649000,-90.702000,31.68
822236383,1.000000,0.236000,-0.287000,-51.221000,4.611000,-84.779000,31.64
822245275,1.080000,0.220000,-0.299000,-56.672000,2.244000,-86.305000,31.68
822256150,1.029000,0.286000,-0.346000,-61.786000,-5.267000,-86.336000,31.73
822266881,1.077000,0.234000,-0.306000,-59.756000,-6.992000,-83.908000,31.68
822274909,1.105000,0.212000,-0.186000,-55.832000,-4.611000,-88.489000,31.73
822287415,1.091000,0.216000,-0.246000,-52.977000,-1.435000,-91.298000,31.73
822295291,1.049000,0.189000,-0.213000,-53.573000,6.565000,-94.458000,31.73
822305686,0.882000,0.240000,-0.339000,-55.252000,6.290000,-90.458000,31.78
822311653,0.852000,0.254000,-0.223000,-60.336000,3.084000,-85.176000,31.64
822325547,0.893000,0.256000,-0.144000,-60.885000,1.405000,-80.244000,31.73
822332955,0.894000,0.325000,-0.175000,-60.214000,1.756000,-76.198000,31.78
822345772,0.894000,0.373000,-0.120000,-51.847000,1.649000,-70.580000,31.73
822355909,0.958000,0.378000,-0.111000,-46.076000,2.840000,-72.534000,31.68
822369038,0.925000,0.437000,-0.073000,-39.008000,5.527000,-71.908000,31.73
822379023,0.942000,0.489000,-0.138000,-37.160000,6.947000,-74.076000,31.78
822384135,0.783000,0.569000,-0.177000,-41.664000,1.359000,-70.137000,31.73
822397645,0.819000,0.556000,-0.155000,-43.725000,-0.611000,-62.260000,31.78
822408249,0.871000,0.499000,-0.090000,-45.542000,-1.847000,-59.115000,31.82
822412708,0.823000,0.528000,-0.086000,-40.443000,-4.412000,-49.435000,31.78
822424540,0.877000,0.538000,-0.020000,-34.504000,-4.931000,-43.527000,31.82
822431260,0.915000,0.520000,-0.010000,-24.015000,-2.092000,-39.313000,31.78
822445209,0.852000,0.560000,-0.013000,-15.389000,-0.473000,-33.481000,31.73
822455895,0.832000,0.619000,-0.052000,-11.206000,-0.382000,-28.443000,31.73
822467010,0.824000,0.690000,-0.063000,-8.916000,-2.504000,-22.443000,31.68
822477335,0.857000,0.729000,-0.052000,-6.107000,-3.130000,-18.366000,31.73
822485668,0.845000,0.700000,-0.064000,-2.473000,-5.298000,-14.687000,31.68
822496626,0.852000,0.695000,-0.075000,2.046000,-7.160000,-11.893000,31.64
822506645,0.854000,0.678000,-0.076000,7.878000,-7.710000,-7.267000,31.68
822514982,0.833000,0.647000,-0.115000,11.099000,-4.885000,-5.115000,31.64
822519705,0.819000,0.610000,-0.099000,15.786000,-4.290000,2.336000,31.68
822532981,0.819000,0.568000,-0.098000,20.214000,-3.435000,9.206000,31.64
822548675,0.801000,0.564000,-0.079000,26.611000,-3.863000,16.962000,31.73
822557960,0.798000,0.585000,-0.116000,32.015000,-3.649000,24.076000,31.64
822564658,0.816000,0.599000,-0.151000,35.359000,-3.649000,28.977000,31.78
822575971,0.806000,0.598000,-0.160000,37.389000,-4.809000,34.870000,31.68
822587023,0.814000,0.582000,-0.174000,39.237000,-6.565000,38.992000,31.64
822592746,0.796000,0.575000,-0.194000,38.626000,-8.198000,43.344000,31.68
822607907,0.812000,0.545000,-0.172000,39.389000,-10.229000,47.908000,31.73
822616794,0.844000,0.495000,-0.201000,40.672000,-8.992000,50.840000,31.78
822624365,0.836000,0.490000,-0.226000,42.214000,-8.397000,53.344000,31.73
822634899,0.846000,0.457000,-0.217000,44.427000,-9.267000,57.542000,31.68
822643705,0.867000,0.429000,-0.215000,47.176000,-8.672000,60.412000,31.73
822657763,0.852000,0.416000,-0.211000,48.931000,-9.771000,64.992000,31.68
822664373,0.856000,0.419000,-0.231000,49.969000,-10.382000,69.435000,31.73
822674704,0.826000,0.470000,-0.235000,49.893000,-16.931000,74.092000,31.78
822686468,0.872000,0.511000,-0.303000,47.435000,-20.947000,77.710000,31.73
822694198,0.925000,0.449000,-0.289000,44.595000,-22.305000,78.885000,31.64
822705074,0.953000,0.368000,-0.280000,45.466000,-21.832000,79.496000,31.78
822716901,0.945000,0.373000,-0.253000,48.336000,-20.244000,81.405000,31.64
822726276,0.964000,0.311000,-0.264000,49.160000,-17.008000,82.198000,31.87
822732590,0.923000,0.286000,-0.337000,48.260000,-14.901000,85.573000,31.73
822743185,0.916000,0.293000,-0.309000,48.962000,-18.931000,90.809000,31.78
822755759,0.950000,0.310000,-0.358000,47.985000,-22.962000,94.275000,31.73
822764843,1.012000,0.248000,-0.369000,48.702000,-21.695000,94.718000,31.68
822774907,0.991000,0.217000,-0.301000,51.740000,-20.733000,96.153000,31.82
822784836,1.019000,0.204000,-0.315000,52.702000,-17.985000,97.695000,31.78
822795415,1.014000,0.153000,-0.352000,52.122000,-17.023000,99.511000,31.73
822800721,0.992000,0.150000,-0.342000,50.809000,-17.435000,101.908000,31.64
822816595,0.994000,0.154000,-0.338000,51.328000,-19.740000,105.466000,31.68
822828677,1.024000,0.143000,-0.387000,48.763000,-22.565000,104.214000,31.73
822836285,1.063000,0.061000,-0.384000,52.275000,-21.435000,104.443000,31.68
822843910,1.062000,0.012000,-0.295000,57.466000,-20.183000,99.985000,31.64
822850731,1.070000,-0.031000,-0.295000,67.664000,-17.466000,98.580000,31.68
822868653,1.078000,-0.042000,-0.299000,71.084000,-13.069000,94.916000,31.73
822875623,1.000000,0.040000,-0.350000,73.237000,-14.214000,98.137000,31.78
822885737,1.000000,0.071000,-0.314000,71.817000,-19.221000,101.313000,31.73
822898097,1.022000,0.109000,-0.413000,65.466000,-24.824000,101.099000,31.73
822906231,1.021000,0.089000,-0.463000,60.870000,-29.603000,106.046000,31.64
822914939,1.157000,-0.072000,-0.358000,62.947000,-26.763000,103.618000,31.68
822926293,1.143000,-0.164000,-0.352000,69.588000,-18.397000,97.695000,31.78
822935246,1.084000,-0.160000,-0.343000,77.863000,-10.397000,96.382000,31.73
822944933,1.084000,-0.194000,-0.398000,81.985000,-6.000000,94.076000,31.68
822951353,0.997000,-0.160000,-0.417000,82.641000,-3.328000,96.198000,31.73
822967562,1.023000,-0.170000,-0.457000,79.664000,-5.893000,99.832000,31.68
822977075,0.976000,-0.131000,-0.451000,75.115000,-5.511000,100.229000,31.64
822986861,0.965000,-0.092000,-0.416000,73.573000,-8.931000,103.954000,31.68
822997313,1.093000,-0.229000,-0.392000,73.466000,-5.878000,100.916000,31.73
823011044,1.034000,-0.283000,-0.360000,75.573000,-0.565000,98.779000,31.78
823016116,0.982000,-0.316000,-0.381000,78.580000,0.412000,101.481000,31.64
823026319,0.915000,-0.276000,-0.410000,76.519000,-1.634000,100.046000,31.68
823036369,0.888000,-0.237000,-0.510000,68.794000,-6.840000,101.985000,31.78
823045915,0.895000,-0.322000,-0.475000,59.588000,-16.534000,106.473000,31.64
823052338,1.029000,-0.476000,-0.425000,62.275000,-14.611000,108.305000,31.68
823064001,1.031000,-0.473000,-0.277000,70.260000,-6.092000,103.863000,31.64
823076428,1.016000,-0.431000,-0.371000,74.931000,-2.580000,102.427000,31.68
823091448,1.016000,-0.487000,-0.382000,74.733000,2.153000,99.969000,31.73
823097329,0.895000,-0.462000,-0.441000,72.443000,-0.580000,102.870000,31.68
823103639,0.898000,-0.435000,-0.477000,67.435000,-5.802000,107.267000,31.73
823117927,0.919000,-0.434000,-0.503000,59.344000,-8.534000,106.809000,31.68
823126612,0.979000,-0.556000,-0.410000,59.405000,-9.496000,107.985000,31.73
823134393,1.035000,-0.631000,-0.336000,61.374000,-1.435000,104.656000,31.68
823145522,1.016000,-0.632000,-0.323000,69.573000,6.137000,102.947000,31.68
823156468,1.024000,-0.618000,-0.294000,79.160000,15.588000,97.817000,31.64
823164610,0.869000,-0.528000,-0.415000,78.305000,12.046000,96.534000,31.68
823171475,0.822000,-0.490000,-0.417000,70.290000,4.504000,104.901000,31.64
823185140,0.871000,-0.469000,-0.355000,61.344000,-4.198000,105.359000,31.78
823202910,0.961000,-0.587000,-0.455000,58.336000,-2.840000,107.374000,31.73
823205029,1.018000,-0.718000,-0.232000,64.214000,9.573000,103.557000,31.68
823216028,0.953000,-0.719000,-0.246000,74.382000,15.405000,99.160000,31.64
823227974,0.990000,-0.776000,-0.204000,84.260000,26.916000,94.687000,31.68
823235393,0.791000,-0.676000,-0.321000,84.901000,25.878000,96.260000,31.73
823248414,0.735000,-0.654000,-0.452000,74.672000,15.924000,106.443000,31.64
823256905,0.793000,-0.724000,-0.260000,67.542000,8.427000,107.969000,31.68
823265353,0.796000,-0.700000,-0.266000,64.260000,5.206000,109.053000,31.64
823272437,0.904000,-0.812000,-0.291000,66.382000,10.321000,107.756000,31.68
823284417,0.905000,-0.864000,-0.175000,73.786000,24.076000,100.092000,31.64
823298646,0.775000,-0.840000,-0.184000,79.603000,26.947000,97.099000,31.68
823304633,0.731000,-0.804000,-0.263000,81.206000,27.099000,100.550000,31.73
823315903,0.712000,-0.850000,-0.386000,73.649000,22.763000,105.008000,31.68
823328215,0.633000,-0.877000,-0.311000,66.107000,14.702000,111.618000,31.73
823336719,0.666000,-0.867000,-0.164000,61.374000,10.046000,112.229000,31.64
823344004,0.765000,-0.900000,-0.208000,59.634000,9.145000,111.939000,31.73
823354952,0.802000,-0.945000,-0.067000,61.618000,22.427000,105.298000,31.68
823361498,0.662000,-0.887000,-0.107000,67.634000,28.748000,102.779000,31.59
823372918,0.623000,-0.850000,-0.202000,64.504000,26.137000,104.885000,31.73
823386673,0.535000,-0.873000,-0.333000,51.557000,16.595000,106.305000,31.68
823396031,0.450000,-0.875000,-0.177000,44.092000,1.939000,115.435000,31.73
823406995,0.609000,-0.946000,-0.118000,36.901000,-4.641000,115.985000,31.68
823411996,0.673000,-1.041000,-0.126000,36.412000,-0.397000,112.183000,31.73
823428635,0.612000,-1.076000,-0.064000,39.389000,5.985000,108.305000,31.64
823435750,0.577000,-1.035000,-0.071000,41.893000,9.649000,110.015000,31.64
823445602,0.498000,-0.938000,-0.162000,38.947000,8.550000,108.855000,31.68
823456253,0.489000,-0.921000,-0.213000,33.511000,1.573000,109.344000,31.64
823469482,0.522000,-0.980000,-0.154000,24.794000,-7.252000,111.908000,31.64
823473991,0.462000,-0.970000,-0.040000,22.779000,-10.214000,113.756000,31.68
823485738,0.583000,-1.020000,-0.067000,21.557000,-7.221000,107.298000,31.73
823492624,0.564000,-1.094000,-0.041000,23.252000,-1.939000,101.298000,31.68
823507148,0.495000,-1.062000,-0.056000,26.794000,-1.038000,104.351000,31.64
823516602,0.486000,-1.032000,-0.083000,28.763000,-2.824000,103.527000,31.78
823527111,0.504000,-0.955000,-0.101000,20.275000,-2.397000,102.519000,31.73
823538556,0.401000,-0.995000,-0.071000,25.145000,-10.244000,105.527000,31.68
823545835,0.448000,-0.995000,-0.042000,20.443000,-9.725000,107.069000,31.73
823556646,0.562000,-1.105000,-0.018000,24.901000,-1.939000,100.260000,31.68
823565808,0.444000,-1.085000,0.045000,30.840000,5.924000,98.214000,31.64
823577862,0.419000,-1.091000,0.003000,36.855000,9.313000,94.962000,31.73
823582139,0.356000,-1.083000,-0.049000,39.542000,9.802000,93.160000,31.68
823593757,0.269000,-1.030000,-0.061000,37.160000,3.130000,95.115000,31.73
823611768,0.336000,-1.090000,0.009000,33.603000,-0.733000,91.756000,31.68
823619129,0.319000,-1.107000,0.021000,34.351000,1.191000,92.718000,31.64
823625558,0.292000,-1.095000,0.061000,35.481000,5.695000,90.611000,31.68
823635946,0.323000,-1.071000,0.066000,36.550000,14.733000,83.725000,31.64
823648090,0.295000,-1.082000,0.062000,38.305000,18.061000,78.885000,31.78
823654038,0.190000,-1.071000,-0.012000,33.679000,14.443000,75.573000,31.64
823665371,0.117000,-1.084000,0.032000,33.069000,12.885000,79.130000,31.68
823674809,0.092000,-1.070000,-0.092000,27.878000,5.817000,79.389000,31.64
823684912,0.186000,-1.140000,0.058000,29.466000,5.389000,77.771000,31.64
823689983,0.126000,-1.068000,0.051000,25.328000,4.214000,73.038000,31.68
823704067,0.187000,-1.088000,0.085000,25.130000,8.214000,71.557000,31.64
823716396,0.191000,-1.092000,0.085000,26.443000,13.664000,68.885000,31.59
823728267,0.143000,-1.069000,0.061000,25.939000,14.107000,64.855000,31.64
823735199,0.117000,-1.056000,0.080000,24.473000,11.130000,63.527000,31.68
823748899,0.101000,-1.031000,0.038000,21.527000,10.046000,61.618000,31.73
823756917,0.085000,-1.031000,-0.015000,14.397000,4.840000,59.557000,31.78
823763461,0.065000,-1.078000,0.044000,12.214000,-1.832000,58.794000,31.64
823775922,0.145000,-1.143000,0.099000,15.023000,-0.046000,57.466000,31.64
823787396,0.170000,-1.096000,0.099000,12.733000,3.817000,53.206000,31.64
823793010,0.115000,-1.114000,0.098000,15.618000,5.405000,51.099000,31.68
823807109,0.127000,-1.063000,0.083000,15.908000,5.771000,50.962000,31.73
823814717,0.112000,-1.033000,0.072000,14.901000,1.557000,50.229000,31.64
823827336,0.113000,-1.000000,0.093000,14.000000,1.557000,49.786000,31.68
823832917,0.119000,-1.032000,0.093000,13.130000,0.061000,47.939000,31.73
823848809,0.096000,-1.042000,0.112000,8.779000,-0.702000,44.443000,31.59
823858739,0.084000,-1.035000,0.105000,7.740000,1.145000,44.168000,31.73
823865534,0.037000,-1.014000,0.096000,3.939000,-0.504000,45.084000,31.59
823875008,0.026000,-1.017000,0.087000,2.229000,-3.221000,42.504000,31.64
823883482,0.014000,-1.026000,0.076000,0.061000,-7.588000,39.725000,31.68
823895598,0.038000,-1.039000,0.069000,0.824000,-9.313000,37.954000,31.64
823902727,0.047000,-1.022000,0.106000,-2.076000,-9.099000,33.985000,31.68
823916078,0.009000,-1.033000,0.107000,-1.740000,-7.985000,31.756000,31.73
823926723,-0.008000,-1.021000,0.104000,-5.527000,-8.443000,29.099000,31.78
823935442,-0.022000,-1.023000,0.104000,-8.427000,-11.053000,25.939000,31.68
823942799,-0.017000,-1.039000,0.106000,-10.473000,-13.115000,22.565000,31.73
823956747,0.000000,-1.037000,0.101000,-10.427000,-12.779000,20.702000,31.78
823965678,-0.001000,-1.038000,0.102000,-10.458000,-11.802000,18.779000,31.73
823975358,-0.010000,-1.026000,0.096000,-10.321000,-11.145000,17.481000,31.68
823987692,-0.010000,-1.020000,0.076000,-12.489000,-11.893000,13.893000,31.64
823995953,-0.024000,-1.001000,0.102000,-12.870000,-13.344000,12.458000,31.59
824002789,-0.014000,-0.997000,0.096000,-14.305000,-13.527000,10.427000,31.64
824014953,-0.021000,-1.000000,0.092000,-15.832000,-13.573000,8.550000,31.78
824028245,-0.025000,-1.018000,0.095000,-15.084000,-14.885000,7.588000,31.64
824034991,0.075000,-0.997000,0.041000,-19.634000,-12.931000,7.527000,31.73
824043556,0.312000,-0.901000,-0.041000,-17.252000,1.756000,1.557000,31.64
824059398,0.010000,-1.096000,0.030000,4.550000,-11.069000,13.298000,31.68
824067653,-0.003000,-0.931000,0.157000,-11.450000,-8.275000,4.061000,31.68
824074696,0.006000,-0.958000,0.108000,-10.458000,-8.107000,4.275000,31.73
824086939,-0.043000,-0.982000,0.090000,-11.603000,-4.382000,0.229000,31.59
824096990,-0.085000,-1.039000,0.113000,-7.756000,-9.939000,-0.351000,31.64
824104269,-0.034000,-0.982000,0.082000,-7.511000,-6.153000,-3.634000,31.78
824111073,-0.037000,-0.997000,0.084000,-7.542000,-3.588000,-3.282000,31.64
824125601,-0.065000,-0.994000,0.104000,-3.847000,-3.099000,-3.542000,31.64
824136013,-0.010000,-0.924000,0.077000,-10.092000,-1.802000,-4.427000,31.64
824144970,-0.027000,-0.971000,0.110000,-5.313000,-1.328000,-3.206000,31.68
824155501,-0.083000,-0.982000,0.103000,-3.786000,1.710000,-6.015000,31.73
824170100,-0.081000,-0.957000,0.096000,-4.000000,2.031000,-3.252000,31.68
824175350,-0.079000,-0.956000,0.095000,-4.748000,2.489000,-4.061000,31.68
824186852,-0.076000,-0.980000,0.093000,-4.489000,3.466000,-5.588000,31.73
824199402,-0.083000,-0.980000,0.085000,-4.504000,3.725000,-5.160000,31.59
824205595,-0.093000,-0.960000,0.086000,-4.885000,3.252000,-4.992000,31.64
824212693,-0.072000,-0.972000,0.082000,-4.656000,3.313000,-5.328000,31.68
824227533,-0.051000,-0.970000,0.089000,-3.832000,4.595000,-4.779000,31.64
824237141,-0.051000,-0.969000,0.089000,-3.725000,6.214000,-4.672000,31.59
824247278,-0.060000,-0.958000,0.092000,-3.420000,7.008000,-4.351000,31.64
824254604,-0.052000,-0.960000,0.089000,-3.130000,7.160000,-3.740000,31.68
824265947,-0.060000,-0.975000,0.095000,-3.069000,7.176000,-3.695000,31.64
824274788,-0.076000,-0.962000,0.097000,-3.023000,6.580000,-3.221000,31.68
824285488,-0.052000,-0.975000,0.084000,-3.908000,6.397000,-4.443000,31.64
824295922,-0.062000,-0.963000,0.088000,-4.519000,6.779000,-3.695000,31.73
824306325,-0.043000,-0.974000,0.112000,-3.313000,7.038000,-3.221000,31.78
824314587,-0.038000,-0.982000,0.092000,-2.504000,8.824000,-3.634000,31.73
824321739,-0.062000,-0.975000,0.095000,-1.496000,9.496000,-2.763000,31.68
824339148,-0.063000,-0.956000,0.095000,-3.450000,8.122000,-3.511000,31.73
824346599,-0.078000,-0.965000,0.076000,-4.702000,6.534000,-3.206000,31.78
824354375,-0.061000,-0.974000,0.094000,-4.885000,5.649000,-2.779000,31.64
824366799,-0.061000,-0.962000,0.094000,-5.969000,6.031000,-3.389000,31.68
824377044,-0.060000,-0.964000,0.115000,-7.008000,5.725000,-4.458000,31.64
824384968,-0.073000,-0.977000,0.089000,-8.229000,6.076000,-4.718000,31.64
824396009,-0.064000,-0.983000,0.079000,-8.229000,5.573000,-4.214000,31.64
824406706,-0.061000,-1.009000,0.083000,-7.878000,5.084000,-3.695000,31.78
824412534,-0.052000,-0.997000,0.094000,-6.489000,4.763000,-4.382000,31.68
824423685,-0.067000,-0.980000,0.094000,-8.000000,3.405000,-4.290000,31.64
824429285,-0.071000,-0.968000,0.090000,-10.489000,1.725000,-4.870000,31.68
824444566,-0.052000,-0.962000,0.097000,-11.634000,1.191000,-4.947000,31.73
824455529,-0.032000,-0.980000,0.095000,-12.565000,1.542000,-6.321000,31.68
824465453,-0.053000,-0.977000,0.082000,-12.626000,1.710000,-6.550000,31.64
824479237,0.033000,-0.935000,0.086000,-18.748000,2.244000,-6.000000,31.68
824481897,-0.089000,-1.010000,0.084000,-13.679000,-3.756000,-2.504000,31.73
824498650,-0.020000,-1.018000,0.085000,-14.519000,-1.786000,-6.183000,31.68
824508373,-0.054000,-0.994000,0.045000,-14.473000,-3.878000,-4.748000,31.64
824512541,-0.065000,-0.999000,0.085000,-15.374000,-6.565000,-6.336000,31.68
824524580,0.007000,-0.994000,0.116000,-16.489000,-5.847000,-6.214000,31.68
824537815,-0.032000,-0.996000,0.076000,-16.565000,-5.954000,-9.328000,31.64
824550952,-0.030000,-0.999000,0.041000,-18.916000,-5.985000,-10.076000,31.68
824556213,-0.023000,-0.974000,0.035000,-20.947000,-8.290000,-7.908000,31.64
824567373,-0.018000,-0.993000,0.051000,-21.466000,-8.305000,-8.595000,31.78
824578721,-0.048000,-1.004000,0.064000,-22.748000,-10.580000,-9.710000,31.73
824584024,-0.021000,-1.020000,0.045000,-22.443000,-11.069000,-11.191000,31.68
824595916,-0.017000,-1.016000,0.062000,-22.076000,-12.214000,-11.069000,31.82
824607596,0.009000,-1.008000,0.058000,-22.916000,-11.160000,-13.298000,31.68
824615559,0.021000,-1.033000,0.058000,-21.771000,-5.985000,-15.405000,31.64
824624419,-0.099000,-0.936000,0.025000,-25.985000,-14.305000,-14.519000,31.68
824631116,0.014000,-1.014000,0.009000,-28.336000,-15.221000,-13.145000,31.73
824648337,0.036000,-1.020000,0.033000,-27.817000,-11.649000,-15.344000,31.64
824655936,-0.016000,-1.014000,0.012000,-27.237000,-13.573000,-16.229000,31.68
824664275,-0.027000,-1.015000,0.021000,-28.305000,-14.626000,-18.290000,31.73
824678203,0.002000,-1.020000,0.019000,-29.282000,-15.328000,-18.870000,31.68
824687882,-0.008000,-1.010000,0.001000,-31.145000,-16.061000,-21.023000,31.73
824692968,-0.005000,-1.009000,-0.002000,-34.718000,-17.496000,-20.519000,31.68
824707594,0.013000,-1.052000,0.001000,-36.534000,-18.107000,-22.168000,31.73
824718472,-0.017000,-1.015000,-0.024000,-39.435000,-19.420000,-22.046000,31.68
824723673,0.013000,-1.004000,-0.004000,-42.687000,-19.023000,-25.511000,31.64
824735044,0.035000,-1.017000,-0.008000,-43.588000,-17.344000,-28.947000,31.73
824747834,-0.002000,-1.003000,-0.065000,-45.786000,-17.695000,-32.489000,31.64
824760698,0.054000,-1.020000,-0.044000,-47.099000,-17.450000,-32.733000,31.59
824766944,0.073000,-1.067000,-0.063000,-46.870000,-17.710000,-37.939000,31.73
824773332,0.063000,-1.068000,-0.102000,-48.046000,-17.481000,-40.000000,31.73
824789409,0.046000,-1.073000,-0.090000,-47.817000,-18.916000,-39.176000,31.68
824794362,0.119000,-1.121000,-0.100000,-46.275000,-17.359000,-41.145000,31.73
824809917,0.138000,-1.109000,-0.070000,-44.153000,-14.855000,-41.832000,31.68
824816217,0.143000,-1.085000,-0.116000,-45.817000,-12.534000,-44.580000,31.64
824825865,0.155000,-1.102000,-0.112000,-43.511000,-9.160000,-48.000000,31.68
824833697,0.134000,-1.083000,-0.120000,-45.786000,-10.244000,-52.275000,31.64
824845580,0.091000,-1.072000,-0.165000,-47.756000,-12.382000,-51.985000,31.78
824858784,0.156000,-1.086000,-0.125000,-48.702000,-12.534000,-53.298000,31.73
824869037,0.125000,-1.080000,-0.121000,-49.359000,-10.855000,-55.527000,31.59
824873010,0.236000,-1.061000,-0.164000,-47.313000,-9.176000,-54.672000,31.73
824889236,0.182000,-1.042000,-0.147000,-51.405000,-8.000000,-60.366000,31.68
824896997,0.158000,-1.075000,-0.141000,-48.809000,-6.443000,-60.580000,31.68
824903768,0.276000,-1.065000,-0.206000,-49.740000,-2.672000,-66.824000,31.64
824916168,0.202000,-1.098000,-0.171000,-45.802000,2.183000,-63.069000,31.78
824922180,0.291000,-1.080000,-0.225000,-45.374000,7.588000,-65.344000,31.73
824933431,0.258000,-1.097000,-0.182000,-50.137000,8.122000,-74.214000,31.68
824945120,0.190000,-1.071000,-0.191000,-46.611000,6.855000,-70.443000,31.64
824955272,0.233000,-1.074000,-0.231000,-48.718000,5.969000,-69.908000,31.68
824965732,0.289000,-1.090000,-0.173000,-48.656000,9.160000,-70.794000,31.64
824974124,0.290000,-1.067000,-0.214000,-48.061000,11.450000,-70.916000,31.68
824984886,0.264000,-1.056000,-0.206000,-46.656000,12.397000,-72.031000,31.54
824996057,0.305000,-1.077000,-0.235000,-44.962000,15.389000,-74.519000,31.82
825004121,0.284000,-1.049000,-0.218000,-42.977000,17.954000,-76.092000,31.68
825016124,0.302000,-1.041000,-0.249000,-41.053000,18.840000,-76.809000,31.73
825024767,0.277000,-1.021000,-0.293000,-42.565000,18.916000,-76.427000,31.59
825033561,0.346000,-1.033000,-0.293000,-41.603000,18.244000,-76.916000,31.73
825045012,0.372000,-1.017000,-0.271000,-41.328000,19.160000,-77.176000,31.68
825051779,0.409000,-1.049000,-0.245000,-41.053000,21.740000,-80.687000,31.64
825067584,0.405000,-1.024000,-0.249000,-43.893000,24.809000,-84.122000,31.78
825076487,0.378000,-0.999000,-0.312000,-41.023000,26.443000,-83.252000,31.64
825083467,0.415000,-1.028000,-0.288000,-40.275000,27.374000,-85.969000,31.73
825096329,0.345000,-0.944000,-0.312000,-42.534000,25.450000,-86.092000,31.73
825103712,0.389000,-0.990000,-0.272000,-40.015000,25.603000,-87.038000,31.59
825115138,0.414000,-0.979000,-0.344000,-43.237000,23.527000,-88.168000,31.59
825127224,0.447000,-1.018000,-0.283000,-43.954000,23.588000,-86.992000,31.64
825135139,0.494000,-0.993000,-0.310000,-42.382000,26.702000,-86.672000,31.59
825144580,0.471000,-0.986000,-0.295000,-43.115000,26.672000,-89.786000,31.82
825151328,0.504000,-1.004000,-0.286000,-41.267000,30.336000,-90.489000,31.59
825170134,0.459000,-0.956000,-0.328000,-42.260000,30.489000,-89.771000,31.73
825176267,0.469000,-0.963000,-0.354000,-42.427000,30.153000,-88.947000,31.78
825184100,0.490000,-0.943000,-0.363000,-44.504000,26.000000,-86.763000,31.73
825199012,0.538000,-0.952000,-0.318000,-43.359000,29.344000,-87.038000,31.68
825206296,0.564000,-0.937000,-0.326000,-41.725000,30.779000,-85.450000,31.64
825213233,0.577000,-0.912000,-0.335000,-41.985000,31.649000,-85.496000,31.68
825227700,0.558000,-0.879000,-0.362000,-43.863000,30.962000,-86.366000,31.73
825240532,0.527000,-0.844000,-0.391000,-48.214000,29.359000,-86.641000,31.64
825244218,0.567000,-0.870000,-0.398000,-50.748000,25.832000,-85.099000,31.68
825250760,0.592000,-0.887000,-0.421000,-51.527000,23.893000,-82.534000,31.64
825263610,0.629000,-0.909000,-0.388000,-51.084000,23.603000,-83.344000,31.68
825277013,0.641000,-0.889000,-0.336000,-49.313000,24.718000,-83.328000,31.73
825287882,0.657000,-0.857000,-0.342000,-47.053000,26.885000,-82.382000,31.59
825294554,0.635000,-0.822000,-0.375000,-49.542000,28.137000,-81.374000,31.73
825307681,0.661000,-0.816000,-0.365000,-48.992000,26.702000,-80.260000,31.59
825316135,0.647000,-0.769000,-0.401000,-50.763000,24.153000,-78.458000,31.73
825328744,0.678000,-0.762000,-0.393000,-51.603000,20.992000,-77.771000,31.68
825337398,0.701000,-0.801000,-0.363000,-51.237000,21.679000,-76.000000,31.64
825348795,0.718000,-0.812000,-0.375000,-51.679000,21.924000,-76.229000,31.64
825355244,0.757000,-0.806000,-0.309000,-46.565000,27.069000,-75.771000,31.78
825362198,0.779000,-0.785000,-0.333000,-44.153000,29.496000,-77.145000,31.64
825376061,0.757000,-0.755000,-0.384000,-43.725000,32.336000,-78.046000,31.68
825389270,0.690000,-0.656000,-0.419000,-47.878000,26.656000,-77.679000,31.73
825394124,0.759000,-0.684000,-0.410000,-50.275000,22.137000,-76.519000,31.68
825405493,0.826000,-0.769000,-0.367000,-47.695000,24.580000,-78.870000,31.73
825416977,0.804000,-0.757000,-0.347000,-39.588000,27.221000,-76.962000,31.68
825425032,0.823000,-0.729000,-0.357000,-35.695000,28.534000,-79.328000,31.64
825434832,0.844000,-0.761000,-0.328000,-30.534000,32.992000,-80.870000,31.73
825445879,0.794000,-0.656000,-0.365000,-28.977000,32.992000,-80.336000,31.73
825455693,0.786000,-0.577000,-0.403000,-34.153000,29.740000,-81.908000,31.68
825461710,0.802000,-0.567000,-0.420000,-37.908000,26.137000,-81.847000,31.73
825473906,0.827000,-0.631000,-0.390000,-37.344000,23.542000,-81.130000,31.64
825488653,0.833000,-0.641000,-0.424000,-33.191000,25.221000,-78.611000,31.78
825498140,0.868000,-0.687000,-0.380000,-29.374000,26.397000,-82.382000,31.64
825505147,0.868000,-0.681000,-0.383000,-26.229000,31.008000,-85.099000,31.68
825519100,0.773000,-0.614000,-0.434000,-27.145000,29.802000,-83.328000,31.73
825527196,0.781000,-0.533000,-0.412000,-33.282000,21.756000,-83.053000,31.68
825536563,0.818000,-0.524000,-0.441000,-37.099000,18.702000,-80.382000,31.64
825546633,0.859000,-0.572000,-0.414000,-36.000000,16.611000,-80.336000,31.68
825555604,0.847000,-0.536000,-0.377000,-34.931000,16.397000,-79.405000,31.73
825561688,0.872000,-0.543000,-0.378000,-34.214000,15.084000,-78.748000,31.68
825573556,0.879000,-0.558000,-0.430000,-35.969000,16.763000,-79.832000,31.64
825591542,0.808000,-0.493000,-0.453000,-39.267000,13.237000,-79.099000,31.68
825603201,0.845000,-0.488000,-0.426000,-43.802000,8.595000,-75.450000,31.73
825605783,0.933000,-0.534000,-0.413000,-46.229000,7.634000,-75.069000,31.73
825615129,0.885000,-0.500000,-0.415000,-45.496000,9.527000,-72.290000,31.68
825628006,0.951000,-0.476000,-0.333000,-45.618000,8.076000,-71.038000,31.73
825635706,0.958000,-0.459000,-0.429000,-44.931000,11.573000,-72.229000,31.59
825645164,0.928000,-0.406000,-0.445000,-46.824000,10.137000,-70.061000,31.64
825656743,0.909000,-0.341000,-0.458000,-50.916000,3.863000,-71.802000,31.68
825664535,1.021000,-0.372000,-0.445000,-54.076000,0.122000,-71.466000,31.64
825673609,1.056000,-0.404000,-0.447000,-51.542000,3.145000,-70.290000,31.68
825688394,1.083000,-0.391000,-0.433000,-48.718000,7.588000,-69.298000,31.64
825697806,1.098000,-0.371000,-0.401000,-46.046000,11.267000,-68.794000,31.64
825708573,1.090000,-0.309000,-0.441000,-45.481000,16.992000,-70.107000,31.73
825714089,1.004000,-0.232000,-0.478000,-48.122000,16.550000,-68.656000,31.64
825727390,1.059000,-0.261000,-0.448000,-49.191000,15.679000,-68.351000,31.68
825737043,1.050000,-0.259000,-0.448000,-46.962000,16.931000,-69.038000,31.82
825745279,1.030000,-0.237000,-0.445000,-45.435000,15.252000,-68.290000,31.78
825757070,1.077000,-0.243000,-0.408000,-43.130000,15.939000,-69.893000,31.73
825762876,1.087000,-0.258000,-0.432000,-42.336000,20.336000,-70.519000,31.68
825773202,1.039000,-0.206000,-0.388000,-42.611000,18.550000,-70.443000,31.73
825785164,1.014000,-0.145000,-0.399000,-45.954000,16.611000,-70.947000,31.68
825796798,1.014000,-0.134000,-0.470000,-49.191000,14.977000,-71.740000,31.73
825806672,1.084000,-0.232000,-0.362000,-47.038000,13.160000,-71.573000,31.68
825814852,1.085000,-0.214000,-0.440000,-41.863000,15.985000,-71.893000,31.73
825825931,1.106000,-0.187000,-0.354000,-37.313000,17.695000,-72.473000,31.68
825838921,1.097000,-0.151000,-0.380000,-35.740000,16.626000,-74.382000,31.68
825844151,1.008000,-0.024000,-0.504000,-38.412000,10.916000,-74.122000,31.64
825855345,1.094000,-0.051000,-0.476000,-42.061000,4.366000,-71.664000,31.68
825865215,1.101000,-0.046000,-0.454000,-45.496000,3.603000,-72.779000,31.64
825874815,1.123000,-0.055000,-0.436000,-47.832000,3.954000,-72.153000,31.68
825884919,1.225000,-0.163000,-0.426000,-48.153000,9.634000,-75.908000,31.64
825891699,1.167000,-0.208000,-0.392000,-44.000000,19.924000,-78.321000,31.68
825907928,1.077000,-0.158000,-0.421000,-42.794000,22.489000,-80.031000,31.64
825916176,0.964000,-0.074000,-0.466000,-47.130000,17.053000,-78.214000,31.78
825925652,1.024000,-0.058000,-0.390000,-48.275000,11.466000,-75.450000,31.64
825938097,1.042000,0.018000,-0.438000,-49.618000,6.916000,-73.237000,31.68
825944407,1.159000,-0.022000,-0.306000,-48.504000,8.473000,-75.420000,31.64
825955020,1.154000,-0.012000,-0.365000,-44.458000,12.947000,-81.008000,31.64
825964326,1.089000,-0.031000,-0.414000,-47.527000,16.855000,-84.794000,31.68
825973067,1.029000,-0.059000,-0.410000,-49.084000,16.397000,-87.695000,31.73
825984692,0.902000,0.029000,-0.483000,-47.328000,16.718000,-78.412000,31.68
825991726,1.005000,0.088000,-0.458000,-55.954000,5.344000,-81.084000,31.73
826004874,1.055000,0.116000,-0.523000,-57.038000,2.397000,-78.183000,31.78
826015249,1.083000,0.106000,-0.484000,-56.198000,4.046000,-77.099000,31.73
826024312,1.168000,0.077000,-0.395000,-59.740000,12.931000,-79.466000,31.68
826035325,1.172000,0.039000,-0.352000,-57.756000,22.015000,-82.305000,31.64
826043883,1.054000,0.120000,-0.410000,-60.275000,29.038000,-87.069000,31.73
826056041,0.968000,0.173000,-0.451000,-62.580000,26.901000,-85.084000,31.64
826066541,0.922000,0.216000,-0.396000,-64.443000,19.344000,-83.710000,31.68
826076745,0.944000,0.293000,-0.384000,-63.267000,10.748000,-81.084000,31.64
826085493,1.007000,0.323000,-0.336000,-61.756000,4.076000,-84.305000,31.64
826092610,1.088000,0.332000,-0.308000,-63.252000,8.260000,-83.847000,31.68
826105429,1.130000,0.286000,-0.249000,-63.328000,12.366000,-88.427000,31.64
826117751,1.061000,0.278000,-0.297000,-63.771000,17.939000,-94.885000,31.59
826125170,0.977000,0.278000,-0.299000,-64.809000,19.389000,-95.573000,31.73
826135845,0.883000,0.304000,-0.291000,-65.099000,13.832000,-89.725000,31.68
826148402,0.880000,0.313000,-0.246000,-64.977000,7.252000,-82.977000,31.73
826155839,0.936000,0.325000,-0.217000,-57.969000,3.802000,-76.168000,31.68
826163089,0.925000,0.339000,-0.212000,-53.847000,2.641000,-73.908000,31.73
826174754,0.956000,0.329000,-0.161000,-48.595000,4.992000,-71.756000,31.68
826187209,0.923000,0.355000,-0.199000,-44.153000,10.015000,-73.588000,31.64
826193163,0.839000,0.416000,-0.206000,-45.435000,9.221000,-70.519000,31.59
826206550,0.831000,0.389000,-0.188000,-46.275000,7.878000,-64.855000,31.78
826216883,0.798000,0.449000,-0.184000,-41.099000,3.099000,-55.954000,31.64
826226762,0.808000,0.551000,-0.232000,-41.511000,-3.481000,-48.962000,31.68
826231641,0.845000,0.480000,-0.236000,-34.763000,-8.824000,-43.878000,31.73
826248293,0.896000,0.566000,-0.154000,-33.634000,-8.779000,-38.397000,31.68
826258298,0.999000,0.438000,-0.139000,-28.718000,-3.420000,-40.840000,31.64
826264280,0.863000,0.510000,-0.250000,-28.198000,6.870000,-35.710000,31.68
826276024,0.788000,0.459000,-0.111000,-25.069000,2.580000,-29.878000,31.73
826287715,0.823000,0.480000,-0.152000,-24.214000,5.557000,-20.870000,31.68
826294269,0.787000,0.545000,-0.159000,-16.458000,3.405000,-13.496000,31.64
826301023,0.735000,0.678000,-0.187000,-13.557000,-5.588000,-3.893000,31.73
826316217,0.804000,0.713000,-0.177000,-11.130000,-14.336000,-0.031000,31.64
826326511,0.865000,0.704000,-0.134000,-9.954000,-19.328000,1.893000,31.73
826335826,0.903000,0.632000,-0.161000,-6.824000,-17.145000,1.634000,31.68
826346210,0.886000,0.595000,-0.215000,-3.649000,-10.229000,0.351000,31.64
826355657,0.876000,0.503000,-0.145000,0.229000,-2.824000,4.046000,31.68
826364503,0.761000,0.464000,-0.189000,5.908000,-3.420000,12.580000,31.64
826374854,0.733000,0.509000,-0.242000,7.756000,-4.061000,22.153000,31.68
826387177,0.752000,0.532000,-0.173000,11.069000,-7.252000,31.710000,31.73
826394380,0.782000,0.582000,-0.198000,15.511000,-10.153000,39.496000,31.73
826402943,0.849000,0.558000,-0.158000,20.733000,-11.679000,45.679000,31.73
826419001,0.846000,0.555000,-0.191000,26.382000,-12.122000,48.565000,31.68
826430913,0.847000,0.551000,-0.217000,28.427000,-10.641000,50.229000,31.73
826439814,0.858000,0.490000,-0.201000,31.756000,-6.427000,53.389000,31.68
826443811,0.850000,0.438000,-0.214000,35.298000,-4.382000,54.458000,31.68
826459310,0.802000,0.490000,-0.238000,38.260000,-6.198000,58.718000,31.73
826467664,0.834000,0.504000,-0.242000,40.458000,-11.740000,63.496000,31.68
826474178,0.910000,0.477000,-0.232000,46.519000,-12.870000,66.840000,31.64
826485502,0.956000,0.482000,-0.225000,53.603000,-13.359000,65.985000,31.68
826497397,0.954000,0.465000,-0.270000,57.084000,-12.504000,65.252000,31.64
826504472,0.993000,0.360000,-0.278000,60.656000,-7.176000,66.427000,31.68
826511472,0.911000,0.373000,-0.300000,58.992000,-5.450000,67.221000,31.64
826529875,0.909000,0.364000,-0.305000,57.359000,-6.260000,72.305000,31.68
826540858,0.944000,0.289000,-0.280000,57.298000,-6.977000,75.542000,31.73
826543351,0.925000,0.296000,-0.303000,63.924000,-7.450000,81.099000,31.64
826556071,0.994000,0.280000,-0.276000,68.458000,-8.855000,82.458000,31.68
826564949,1.008000,0.277000,-0.292000,72.351000,-6.977000,82.229000,31.73
826575156,0.956000,0.303000,-0.406000,69.481000,-7.191000,83.298000,31.59
826585008,0.901000,0.269000,-0.401000,62.748000,-10.656000,85.939000,31.64
826597463,0.923000,0.193000,-0.365000,56.748000,-16.458000,89.756000,31.68
826601745,0.953000,0.152000,-0.347000,55.176000,-18.351000,94.305000,31.73
826613001,0.994000,0.062000,-0.377000,59.450000,-19.099000,99.511000,31.68
826625242,1.000000,0.043000,-0.339000,63.267000,-14.733000,98.947000,31.73
826635380,0.986000,0.053000,-0.368000,68.763000,-16.550000,102.015000,31.68
826644612,1.029000,0.034000,-0.420000,67.954000,-15.023000,102.748000,31.73
826655625,0.935000,0.087000,-0.451000,63.099000,-16.901000,104.427000,31.64
826666723,0.920000,0.084000,-0.464000,56.000000,-24.366000,107.939000,31.68
826675598,0.966000,-0.016000,-0.400000,53.649000,-26.290000,112.855000,31.73
826686197,1.023000,-0.061000,-0.330000,58.595000,-21.710000,116.840000,31.68
826695396,1.022000,-0.054000,-0.344000,68.504000,-19.618000,115.328000,31.73
826703638,1.014000,-0.036000,-0.380000,73.282000,-18.489000,113.313000,31.68
826713255,0.897000,0.006000,-0.448000,69.328000,-26.672000,113.878000,31.64
826727012,0.816000,0.060000,-0.560000,60.580000,-32.168000,120.275000,31.68
826742359,0.942000,-0.015000,-0.334000,55.573000,-39.573000,124.916000,31.64
826747303,1.036000,-0.170000,-0.470000,53.863000,-37.237000,121.649000,31.73
826753935,0.937000,-0.226000,-0.388000,55.405000,-37.069000,123.893000,31.64
826771752,0.964000,-0.274000,-0.370000,58.962000,-36.031000,123.985000,31.68
826778067,1.008000,-0.265000,-0.352000,67.237000,-32.153000,122.321000,31.64
826784579,0.923000,-0.259000,-0.572000,64.916000,-36.748000,119.481000,31.64
826797322,0.814000,-0.252000,-0.606000,56.840000,-43.206000,127.969000,31.68
826803993,0.958000,-0.286000,-0.419000,58.397000,-49.023000,132.427000,31.64
826813831,1.043000,-0.325000,-0.542000,57.191000,-46.550000,126.260000,31.59
826824680,1.042000,-0.444000,-0.434000,63.817000,-38.733000,123.802000,31.64
826837181,0.997000,-0.462000,-0.356000,71.603000,-34.458000,117.191000,31.68
826845424,0.973000,-0.407000,-0.466000,75.939000,-32.595000,114.504000,31.73
826855580,0.893000,-0.409000,-0.584000,73.725000,-35.389000,111.084000,31.68
826863661,0.807000,-0.376000,-0.576000,69.435000,-44.412000,113.878000,31.73
826879936,0.948000,-0.490000,-0.501000,65.847000,-53.924000,112.687000,31.59
826885357,1.017000,-0.608000,-0.527000,65.786000,-46.870000,110.870000,31.73
826897335,0.945000,-0.610000,-0.424000,71.725000,-41.527000,107.420000,31.64
826906645,1.010000,-0.621000,-0.497000,71.298000,-32.321000,102.351000,31.68
826916599,0.905000,-0.674000,-0.541000,73.649000,-28.000000,99.267000,31.73
826924524,0.847000,-0.623000,-0.528000,75.527000,-26.641000,99.542000,31.78
826931380,0.895000,-0.564000,-0.525000,75.160000,-25.954000,98.198000,31.64
826948724,0.920000,-0.605000,-0.469000,76.977000,-23.252000,94.626000,31.68
826956928,0.867000,-0.624000,-0.530000,77.099000,-21.878000,95.298000,31.73
826962994,0.878000,-0.686000,-0.521000,76.107000,-19.115000,97.176000,31.68
826979885,0.885000,-0.727000,-0.441000,77.603000,-13.466000,96.000000,31.73
826989591,0.867000,-0.718000,-0.444000,81.603000,-7.038000,93.115000,31.68
826995454,0.837000,-0.700000,-0.488000,84.214000,-0.855000,88.916000,31.78
827004764,0.799000,-0.700000,-0.472000,89.939000,-0.031000,87.282000,31.73
827018374,0.812000,-0.730000,-0.495000,90.626000,3.802000,85.893000,31.68
827025453,0.745000,-0.718000,-0.448000,90.015000,1.924000,89.725000,31.64
827032485,0.765000,-0.704000,-0.431000,87.649000,0.580000,92.855000,31.68
827045197,0.786000,-0.736000,-0.408000,84.305000,3.557000,92.779000,31.64
827055346,0.765000,-0.766000,-0.430000,84.046000,6.611000,92.183000,31.68
827065559,0.756000,-0.800000,-0.418000,86.473000,7.832000,90.534000,31.64
827072587,0.746000,-0.847000,-0.456000,97.450000,13.542000,93.802000,31.68
827086070,0.706000,-0.843000,-0.392000,90.962000,15.145000,85.725000,31.68
827095576,0.608000,-0.800000,-0.386000,90.092000,6.702000,89.466000,31.64
827106159,0.564000,-0.759000,-0.483000,74.718000,-3.710000,93.145000,31.68
827114853,0.597000,-0.859000,-0.406000,62.427000,-14.794000,99.115000,31.64
827124384,0.680000,-0.937000,-0.361000,59.069000,-17.084000,101.710000,31.68
827133703,0.712000,-0.980000,-0.370000,61.710000,-11.359000,99.374000,31.64
827146371,0.691000,-0.969000,-0.329000,66.763000,-5.008000,92.275000,31.68
827159097,0.625000,-0.949000,-0.317000,69.328000,-4.580000,88.290000,31.64
827169445,0.573000,-0.889000,-0.339000,67.008000,-5.420000,88.779000,31.68
827174819,0.594000,-0.935000,-0.349000,62.672000,-7.924000,88.885000,31.68
827188182,0.507000,-0.966000,-0.425000,54.290000,-15.252000,94.992000,31.64
827195263,0.544000,-1.037000,-0.313000,49.221000,-21.282000,98.962000,31.59
827206001,0.543000,-1.042000,-0.315000,44.733000,-21.863000,98.840000,31.64
827216361,0.520000,-1.002000,-0.265000,43.389000,-21.924000,96.870000,31.68
827225570,0.519000,-0.981000,-0.247000,42.076000,-22.977000,96.214000,31.64
827235122,0.554000,-0.932000,-0.223000,44.229000,-21.176000,95.023000,31.68
827241103,0.460000,-0.900000,-0.312000,43.344000,-16.656000,93.374000,31.73
827257926,0.366000,-0.958000,-0.272000,44.763000,-26.794000,91.908000,31.78
827266804,0.427000,-0.976000,-0.271000,38.015000,-27.771000,95.099000,31.64
827276368,0.393000,-1.001000,-0.261000,31.160000,-33.405000,96.198000,31.73
827286501,0.409000,-1.074000,-0.176000,29.405000,-34.962000,96.550000,31.59
827296157,0.426000,-1.083000,-0.161000,31.420000,-31.786000,95.038000,31.73
827304633,0.471000,-1.114000,-0.145000,37.771000,-26.977000,91.450000,31.68
827315830,0.418000,-1.062000,-0.180000,40.901000,-20.702000,89.832000,31.54
827325833,0.383000,-1.042000,-0.189000,43.908000,-19.298000,90.046000,31.68
827336974,0.440000,-1.017000,-0.235000,41.664000,-14.763000,86.351000,31.73
827341981,0.263000,-1.005000,-0.171000,42.382000,-19.847000,91.023000,31.68
827353450,0.339000,-1.018000,-0.171000,37.511000,-16.885000,85.664000,31.64
827365708,0.344000,-1.096000,-0.132000,36.992000,-15.634000,82.489000,31.64
827377887,0.301000,-1.108000,-0.125000,43.252000,-13.038000,84.061000,31.64
827385786,0.294000,-1.092000,-0.119000,45.649000,-4.244000,77.344000,31.78
827394977,0.254000,-1.099000,-0.148000,49.435000,-1.359000,74.931000,31.68
827407177,0.245000,-1.081000,-0.116000,49.466000,2.244000,72.321000,31.64
827412517,0.283000,-1.031000,-0.111000,48.290000,7.160000,68.885000,31.68
827427267,0.206000,-1.110000,-0.166000,50.321000,7.206000,67.038000,31.64
827436739,0.178000,-1.061000,-0.083000,49.969000,8.137000,67.267000,31.68
827445137,0.255000,-1.090000,-0.104000,51.252000,13.802000,65.115000,31.54
827455119,0.185000,-1.045000,-0.065000,51.282000,13.252000,64.061000,31.68
827463202,0.162000,-1.136000,-0.116000,52.885000,14.763000,62.107000,31.73
827475850,0.188000,-1.075000,-0.075000,54.412000,16.611000,60.885000,31.68
827486672,0.138000,-1.070000,-0.071000,54.885000,15.725000,60.748000,31.64
827494087,0.181000,-1.064000,-0.146000,48.214000,17.115000,55.847000,31.78
827505912,0.154000,-1.074000,-0.061000,50.214000,17.756000,58.473000,31.59
827516140,0.173000,-1.059000,-0.007000,50.305000,23.786000,55.618000,31.64
827526676,0.174000,-1.043000,-0.039000,48.046000,26.336000,52.718000,31.68
827535563,0.141000,-1.050000,-0.060000,45.618000,27.588000,50.977000,31.73
827545224,0.133000,-1.072000,-0.042000,46.458000,27.832000,49.634000,31.68
827551344,0.074000,-1.083000,-0.096000,47.099000,27.542000,47.313000,31.64
827562950,0.069000,-1.058000,-0.072000,46.901000,22.992000,48.962000,31.59
827575444,0.134000,-1.072000,-0.040000,44.412000,23.405000,47.542000,31.73
827586529,0.129000,-1.094000,-0.004000,49.344000,28.947000,46.031000,31.59
827596065,0.087000,-0.988000,0.042000,48.885000,30.672000,47.023000,31.64
827603593,0.095000,-1.002000,0.036000,45.099000,33.298000,43.985000,31.68
827615886,0.073000,-1.008000,0.011000,40.916000,31.267000,43.710000,31.68
827621443,-0.014000,-0.981000,-0.047000,33.237000,24.733000,45.618000,31.73
827635747,-0.005000,-1.009000,-0.037000,28.992000,19.954000,47.817000,31.68
827648469,0.034000,-1.038000,0.083000,24.458000,15.893000,49.069000,31.64
827653332,0.017000,-1.078000,0.038000,25.603000,17.832000,44.427000,31.59
827664486,0.050000,-1.078000,0.061000,24.046000,19.969000,39.832000,31.64
827671581,-0.013000,-1.069000,0.030000,24.443000,21.237000,42.840000,31.59
827685317,-0.008000,-1.047000,0.052000,21.053000,20.412000,42.733000,31.64
827694333,-0.018000,-0.998000,0.050000,17.588000,19.069000,39.359000,31.68
827706432,-0.018000,-1.031000,0.075000,14.198000,14.626000,38.153000,31.73
827718354,-0.041000,-1.025000,0.050000,12.534000,11.649000,39.038000,31.64
827723283,-0.039000,-1.035000,0.098000,15.313000,9.145000,40.275000,31.59
827735633,0.010000,-0.977000,0.122000,13.466000,10.794000,39.435000,31.73
827746873,0.041000,-1.004000,0.122000,14.382000,12.046000,35.542000,31.68
827755077,-0.031000,-0.979000,0.118000,13.252000,12.901000,35.664000,31.64
827759598,-0.059000,-0.991000,0.116000,11.557000,11.664000,35.405000,31.59
827773909,-0.053000,-0.974000,0.134000,8.916000,9.038000,33.344000,31.64
827787292,-0.048000,-1.013000,0.110000,8.504000,10.824000,31.969000,31.68
827797538,-0.073000,-0.974000,0.129000,8.473000,8.809000,32.565000,31.73
827804772,-0.095000,-1.016000,0.137000,9.557000,7.817000,29.802000,31.64
827819454,-0.109000,-0.978000,0.129000,6.855000,7.237000,29.481000,31.64
827828430,-0.112000,-0.999000,0.153000,5.817000,4.901000,26.137000,31.64
827833932,-0.110000,-0.997000,0.110000,6.229000,5.786000,26.565000,31.59
827844902,-0.129000,-0.995000,0.131000,5.023000,7.450000,25.191000,31.64
827852759,-0.115000,-0.955000,0.117000,4.153000,6.763000,20.656000,31.68
827863564,-0.142000,-0.952000,0.140000,2.076000,4.595000,18.107000,31.73
827875646,-0.115000,-0.926000,0.142000,1.573000,5.893000,18.229000,31.68
827886784,-0.160000,-0.958000,0.173000,0.580000,3.664000,15.756000,31.64
827899164,-0.152000,-0.969000,0.138000,-1.115000,3.328000,14.763000,31.59
827905171,-0.148000,-0.993000,0.122000,-0.779000,2.931000,14.031000,31.64
827916179,-0.120000,-0.976000,0.135000,-0.122000,3.908000,13.145000,31.68
827928798,-0.127000,-0.992000,0.124000,0.885000,5.160000,12.427000,31.64
827934338,-0.123000,-0.990000,0.115000,1.191000,5.878000,10.031000,31.68
827944885,-0.111000,-0.952000,0.118000,0.321000,6.626000,8.626000,31.73
827956148,-0.121000,-0.985000,0.137000,-0.153000,5.496000,7.160000,31.64
827963660,-0.125000,-0.973000,0.115000,0.275000,7.847000,6.947000,31.68
827973189,-0.115000,-0.955000,0.148000,1.145000,8.687000,6.305000,31.64
827986525,-0.121000,-0.941000,0.130000,0.611000,10.855000,4.366000,31.68
827998619,-0.155000,-0.928000,0.122000,-0.870000,10.931000,3.710000,31.73
828006551,-0.152000,-0.942000,0.127000,-1.969000,9.527000,1.908000,31.59
828013603,-0.146000,-0.947000,0.116000,-1.634000,11.725000,1.542000,31.64
828026071,-0.136000,-0.955000,0.126000,-1.969000,10.824000,0.290000,31.68
828035038,-0.164000,-0.962000,0.129000,-0.382000,9.786000,-0.885000,31.64
828046788,-0.150000,-0.959000,0.135000,-0.061000,9.115000,-1.725000,31.68
828055189,-0.156000,-0.963000,0.144000,1.420000,8.931000,-1.313000,31.64
828063677,-0.151000,-0.952000,0.145000,1.924000,10.275000,-1.557000,31.64
828075405,-0.156000,-0.946000,0.145000,2.504000,11.069000,-1.649000,31.68
828082579,-0.177000,-0.924000,0.137000,2.260000,10.962000,-2.015000,31.64
828097544,-0.168000,-0.921000,0.127000,1.160000,10.779000,-2.351000,31.68
828106529,-0.174000,-0.907000,0.134000,1.298000,9.725000,-2.870000,31.64
828115013,-0.181000,-0.913000,0.134000,0.183000,8.198000,-3.603000,31.59
828127225,-0.168000,-0.899000,0.140000,-1.038000,7.466000,-3.985000,31.64
828137137,-0.187000,-0.933000,0.144000,-1.374000,6.260000,-3.206000,31.68
828144214,-0.177000,-0.938000,0.142000,-1.130000,5.664000,-2.137000,31.64
828153660,-0.168000,-0.948000,0.136000,0.336000,6.718000,-1.847000,31.64
828165469,-0.160000,-0.940000,0.141000,0.611000,7.191000,-1.435000,31.64
828172485,-0.188000,-0.923000,0.124000,0.458000,6.885000,-1.069000,31.68
828186258,-0.190000,-0.924000,0.132000,-0.824000,5.313000,-1.298000,31.64
828194296,-0.192000,-0.928000,0.138000,-2.214000,3.588000,-1.160000,31.78
828205985,-0.175000,-0.934000,0.132000,-2.916000,3.389000,-0.305000,31.68
828212156,-0.153000,-0.935000,0.143000,-2.672000,5.420000,0.244000,31.64
828229506,-0.178000,-0.924000,0.117000,-3.542000,4.733000,-0.519000,31.68
828238377,-0.181000,-0.935000,0.126000,-3.282000,3.542000,0.779000,31.64
828244846,-0.173000,-0.945000,0.136000,-2.351000,3.863000,1.481000,31.59
828256958,-0.172000,-0.943000,0.132000,-2.137000,4.809000,1.695000,31.73
828267319,-0.185000,-0.938000,0.146000,-1.237000,3.695000,2.687000,31.59
828274910,-0.189000,-0.927000,0.123000,-2.595000,3.084000,1.985000,31.64
828282302,-0.182000,-0.933000,0.137000,-2.779000,2.015000,2.427000,31.68
828294822,-0.161000,-0.902000,0.149000,-3.832000,3.573000,2.229000,31.64
828307408,-0.171000,-0.912000,0.143000,-4.565000,3.359000,0.901000,31.68
828315842,-0.184000,-0.920000,0.154000,-5.084000,3.740000,0.977000,31.64
828329527,-0.162000,-0.930000,0.138000,-5.389000,4.626000,1.221000,31.64
828336522,-0.175000,-0.937000,0.137000,-5.191000,4.412000,1.176000,31.68
828341611,-0.187000,-0.940000,0.138000,-5.847000,3.649000,0.458000,31.64
828358192,-0.179000,-0.942000,0.131000,-7.115000,2.336000,-0.107000,31.68
828367937,-0.188000,-0.934000,0.146000,-6.656000,-0.061000,-0.321000,31.64
828372717,-0.185000,-0.946000,0.129000,-6.870000,-1.450000,-0.244000,31.59
828384452,-0.163000,-0.956000,0.148000,-6.153000,-0.977000,-1.115000,31.64
828391207,-0.159000,-0.936000,0.141000,-5.023000,-0.244000,-1.313000,31.68
828405710,-0.167000,-0.931000,0.148000,-4.977000,0.366000,-1.832000,31.64
828414078,-0.162000,-0.934000,0.133000,-5.786000,0.198000,-1.954000,31.64
828424654,-0.165000,-0.935000,0.131000,-5.893000,-0.122000,-2.046000,31.64
828437454,-0.172000,-0.946000,0.119000,-6.779000,-0.809000,-1.908000,31.59
828442835,-0.180000,-0.936000,0.145000,-6.015000,-1.878000,-1.679000,31.73
828456780,-0.175000,-0.930000,0.139000,-6.611000,-1.985000,-3.237000,31.64
828468557,-0.174000,-0.938000,0.139000,-6.275000,-2.244000,-2.702000,31.68
828474472,-0.168000,-0.932000,0.129000,-7.206000,-2.534000,-2.290000,31.73
828485660,-0.188000,-0.938000,0.117000,-7.740000,-4.718000,-1.496000,31.68
828496375,-0.158000,-0.942000,0.097000,-10.244000,-3.435000,-3.542000,31.73
828506583,-0.190000,-0.928000,0.109000,-12.397000,-5.008000,-3.115000,31.68
828515710,-0.166000,-0.929000,0.129000,-12.763000,-5.649000,-4.351000,31.64
828526375,-0.183000,-0.932000,0.111000,-14.000000,-5.634000,-5.191000,31.59
828537758,-0.205000,-0.940000,0.108000,-15.832000,-8.107000,-4.061000,31.73
828543719,-0.149000,-0.969000,0.078000,-18.214000,-9.573000,-2.748000,31.68
828558456,-0.160000,-0.964000,0.107000,-17.618000,-9.740000,-2.794000,31.64
828570473,-0.174000,-0.975000,0.075000,-17.863000,-10.260000,-3.099000,31.68
828575213,-0.168000,-0.971000,0.102000,-19.359000,-10.015000,-5.481000,31.64
828579424,-0.158000,-0.970000,0.100000,-19.969000,-9.954000,-6.168000,31.64
828593383,-0.117000,-0.917000,0.087000,-21.924000,-6.489000,-6.198000,31.68
828606560,-0.182000,-0.970000,0.158000,-24.489000,-7.511000,-8.244000,31.64
828613077,-0.150000,-0.906000,0.096000,-27.771000,-9.435000,-12.779000,31.68
828626781,-0.164000,-0.937000,0.073000,-30.489000,-10.595000,-12.962000,31.64
828636546,-0.134000,-0.942000,0.081000,-34.733000,-13.282000,-12.718000,31.49
828645320,-0.148000,-0.970000,0.044000,-36.412000,-14.321000,-13.023000,31.73
828656219,-0.128000,-1.007000,0.041000,-35.771000,-14.931000,-13.298000,31.59
828665279,-0.085000,-0.995000,0.059000,-35.679000,-12.687000,-15.420000,31.64
828673445,-0.062000,-1.054000,0.063000,-35.206000,-10.702000,-20.534000,31.64
828684937,-0.123000,-0.994000,0.076000,-35.725000,-10.992000,-20.275000,31.64
828691829,-0.121000,-0.978000,0.065000,-37.710000,-10.198000,-24.580000,31.59
828708538,-0.099000,-0.993000,0.081000,-36.366000,-9.557000,-26.550000,31.64
828718522,-0.073000,-1.000000,0.043000,-37.557000,-10.168000,-28.763000,31.68
828725271,-0.035000,-1.023000,0.022000,-36.168000,-6.824000,-31.099000,31.68
828739665,-0.101000,-0.984000,0.023000,-37.740000,-5.908000,-31.863000,31.64
828748311,-0.082000,-1.003000,-0.002000,-38.305000,-5.038000,-33.084000,31.68
828754915,-0.087000,-1.016000,-0.009000,-39.817000,-5.817000,-33.939000,31.64
828767053,-0.054000,-1.050000,0.039000,-38.687000,-4.763000,-35.969000,31.59
828777729,-0.027000,-1.048000,0.020000,-36.550000,-2.870000,-38.458000,31.64
828784415,-0.016000,-1.085000,0.033000,-34.107000,-2.702000,-44.962000,31.68
828791073,-0.036000,-1.016000,0.028000,-34.779000,-1.420000,-36.931000,31.54
828805661,-0.013000,-1.047000,0.039000,-31.832000,-1.115000,-43.344000,31.59
828817891,-0.017000,-1.056000,-0.019000,-30.321000,-0.214000,-46.351000,31.64
828822719,0.001000,-1.071000,-0.016000,-30.198000,0.763000,-46.305000,31.59
828835685,-0.010000,-1.071000,-0.054000,-30.305000,1.160000,-48.550000,31.64
828847064,-0.013000,-1.060000,-0.050000,-31.695000,1.130000,-49.252000,31.73
828852960,0.028000,-1.071000,-0.006000,-31.481000,1.511000,-50.641000,31.59
828867674,-0.009000,-1.043000,-0.030000,-32.702000,3.328000,-51.481000,31.73
828875591,0.012000,-1.039000,-0.051000,-30.885000,4.244000,-54.458000,31.68
828883908,-0.003000,-1.026000,-0.069000,-31.176000,1.618000,-54.824000,31.73
828890659,0.029000,-1.030000,-0.053000,-32.748000,0.473000,-53.389000,31.78
828902609,0.066000,-1.028000,-0.053000,-33.145000,1.756000,-52.885000,31.64
828917786,0.115000,-1.006000,-0.054000,-36.885000,2.015000,-53.145000,31.68
828925748,0.068000,-1.037000,-0.052000,-36.107000,3.634000,-52.824000,31.73
828936833,0.066000,-1.066000,-0.066000,-36.550000,4.015000,-54.046000,31.54
828950023,0.053000,-1.053000,-0.095000,-35.328000,5.252000,-53.969000,31.68
828954958,0.074000,-1.045000,-0.105000,-35.557000,4.000000,-56.275000,31.64
828965433,0.073000,-1.067000,-0.124000,-35.527000,4.992000,-56.351000,31.68
828977768,0.049000,-1.032000,-0.163000,-38.122000,3.252000,-56.321000,31.73
828985360,0.111000,-1.052000,-0.127000,-36.214000,4.198000,-56.977000,31.68
828990955,0.110000,-1.033000,-0.130000,-37.649000,4.702000,-57.634000,31.73
829003881,0.096000,-1.011000,-0.130000,-40.244000,4.702000,-58.473000,31.59
829016542,0.082000,-0.995000,-0.131000,-43.191000,4.061000,-58.595000,31.73
829024095,0.158000,-1.016000,-0.169000,-43.954000,5.374000,-62.305000,31.64
829034571,0.108000,-1.015000,-0.158000,-45.924000,4.076000,-63.649000,31.73
829048769,0.135000,-1.064000,-0.200000,-46.580000,2.809000,-67.069000,31.54
829056669,0.147000,-1.071000,-0.197000,-46.916000,1.557000,-67.389000,31.59
829066546,0.179000,-1.074000,-0.163000,-47.664000,1.099000,-68.748000,31.64
829075995,0.227000,-1.086000,-0.247000,-50.412000,2.489000,-71.817000,31.68
829086947,0.246000,-1.104000,-0.176000,-45.725000,6.962000,-70.504000,31.64
829092233,0.233000,-1.069000,-0.176000,-45.756000,8.504000,-73.618000,31.68
829103487,0.238000,-1.034000,-0.157000,-45.710000,9.725000,-72.443000,31.54
829117364,0.311000,-1.079000,-0.184000,-46.443000,10.351000,-77.359000,31.82
829126018,0.221000,-1.012000,-0.173000,-44.672000,11.863000,-75.985000,31.64
829135134,0.279000,-1.029000,-0.236000,-46.458000,10.763000,-78.321000,31.59
829146209,0.284000,-1.033000,-0.235000,-44.641000,11.405000,-77.374000,31.68
829154810,0.275000,-1.040000,-0.227000,-45.344000,9.618000,-80.275000,31.64
829165893,0.297000,-1.057000,-0.173000,-42.977000,8.794000,-75.863000,31.68
829174497,0.384000,-1.072000,-0.195000,-40.046000,16.565000,-77.969000,31.64
829188974,0.364000,-1.013000,-0.214000,-38.809000,21.756000,-78.183000,31.68
829191573,0.344000,-1.016000,-0.257000,-39.679000,21.756000,-80.565000,31.64
829203259,0.323000,-0.990000,-0.274000,-41.389000,20.321000,-81.893000,31.64
829215284,0.326000,-0.975000,-0.261000,-45.298000,15.237000,-81.511000,31.73
829226684,0.406000,-1.013000,-0.264000,-43.878000,14.229000,-79.542000,31.68
829234628,0.412000,-1.043000,-0.221000,-41.053000,16.290000,-75.786000,31.68
829249013,0.431000,-1.042000,-0.258000,-37.939000,19.969000,-75.817000,31.64
829259635,0.413000,-1.021000,-0.264000,-34.031000,23.359000,-76.504000,31.68
829265708,0.455000,-1.003000,-0.309000,-35.756000,23.267000,-79.466000,31.64
829275981,0.430000,-0.984000,-0.310000,-40.015000,23.053000,-81.038000,31.68
829287551,0.457000,-0.974000,-0.307000,-41.893000,22.397000,-81.588000,31.73
829291902,0.479000,-0.962000,-0.276000,-41.053000,22.229000,-80.565000,31.59
829302855,0.476000,-0.954000,-0.265000,-39.420000,23.664000,-80.046000,31.64
829316031,0.527000,-0.963000,-0.290000,-35.756000,26.000000,-80.366000,31.68
829326302,0.518000,-0.930000,-0.302000,-32.244000,28.427000,-79.573000,31.73
829334424,0.508000,-0.899000,-0.299000,-32.489000,25.985000,-81.023000,31.64
829346181,0.535000,-0.907000,-0.324000,-34.901000,24.076000,-82.794000,31.68
829358577,0.528000,-0.911000,-0.303000,-34.656000,22.702000,-82.061000,31.64
829364666,0.570000,-0.932000,-0.302000,-33.099000,23.267000,-81.908000,31.59
829378756,0.581000,-0.917000,-0.292000,-29.893000,24.000000,-80.046000,31.64
829385814,0.576000,-0.885000,-0.331000,-29.023000,25.802000,-80.061000,31.68
829396187,0.580000,-0.868000,-0.279000,-27.038000,24.840000,-79.740000,31.64
829402316,0.637000,-0.869000,-0.297000,-25.618000,26.031000,-81.008000,31.68
829419021,0.628000,-0.849000,-0.326000,-24.840000,27.969000,-82.992000,31.64
829429291,0.590000,-0.830000,-0.345000,-26.458000,24.153000,-83.435000,31.59
829437754,0.608000,-0.829000,-0.366000,-29.221000,20.702000,-81.603000,31.68
829445600,0.617000,-0.813000,-0.359000,-31.710000,15.695000,-79.802000,31.54
829461181,0.672000,-0.846000,-0.333000,-31.420000,14.748000,-78.931000,31.68
829469562,0.704000,-0.841000,-0.294000,-27.924000,18.244000,-79.542000,31.64
829471663,0.712000,-0.820000,-0.328000,-26.183000,23.053000,-81.496000,31.68
829485915,0.698000,-0.818000,-0.347000,-24.947000,24.031000,-82.107000,31.54
829497603,0.642000,-0.777000,-0.359000,-24.641000,21.038000,-81.481000,31.59
829502397,0.649000,-0.754000,-0.443000,-27.481000,16.412000,-79.893000,31.73
829513716,0.669000,-0.780000,-0.379000,-28.443000,11.405000,-77.695000,31.68
829519938,0.691000,-0.761000,-0.353000,-28.962000,8.626000,-76.443000,31.64
829535743,0.696000,-0.744000,-0.320000,-29.145000,8.397000,-75.679000,31.64
829545043,0.715000,-0.730000,-0.332000,-27.511000,8.931000,-77.252000,31.68
829555704,0.748000,-0.738000,-0.332000,-27.191000,9.695000,-78.977000,31.73
829567847,0.685000,-0.665000,-0.359000,-26.458000,7.023000,-76.519000,31.68
829573227,0.697000,-0.648000,-0.423000,-31.038000,1.924000,-74.321000,31.73
829587745,0.731000,-0.640000,-0.438000,-36.153000,-4.656000,-76.092000,31.59
829595274,0.787000,-0.698000,-0.383000,-38.412000,-6.275000,-72.687000,31.64
829602841,0.795000,-0.713000,-0.305000,-36.672000,-4.092000,-71.298000,31.68
829613707,0.831000,-0.714000,-0.331000,-35.267000,-0.153000,-70.901000,31.73
829619406,0.790000,-0.668000,-0.342000,-35.756000,1.374000,-69.588000,31.73
829635815,0.813000,-0.653000,-0.362000,-36.901000,2.305000,-68.870000,31.68
829645320,0.774000,-0.595000,-0.374000,-38.397000,1.145000,-66.718000,31.73
829652935,0.807000,-0.571000,-0.368000,-39.725000,-2.702000,-63.008000,31.78
829665726,0.854000,-0.611000,-0.401000,-41.069000,-1.786000,-62.031000,31.64
829673641,0.873000,-0.634000,-0.361000,-37.588000,1.878000,-58.687000,31.68
829685019,0.849000,-0.605000,-0.334000,-35.282000,1.435000,-56.458000,31.54
829696234,0.904000,-0.599000,-0.342000,-35.527000,5.206000,-57.328000,31.59
829704647,0.886000,-0.594000,-0.356000,-35.466000,8.168000,-57.511000,31.64
829714018,0.830000,-0.551000,-0.422000,-35.435000,9.237000,-54.962000,31.68
829720736,0.840000,-0.549000,-0.432000,-35.145000,7.588000,-52.336000,31.59
829736166,0.878000,-0.552000,-0.368000,-32.840000,8.336000,-51.389000,31.64
829746254,0.883000,-0.537000,-0.395000,-30.840000,8.031000,-51.527000,31.59
829753661,0.885000,-0.529000,-0.392000,-28.107000,11.695000,-51.634000,31.64
829766568,0.895000,-0.514000,-0.356000,-26.198000,12.748000,-53.954000,31.59
829774887,0.911000,-0.530000,-0.410000,-23.420000,15.954000,-52.015000,31.73
829785423,0.905000,-0.492000,-0.431000,-23.130000,16.977000,-53.878000,31.68
829795015,0.852000,-0.458000,-0.448000,-25.832000,15.817000,-52.321000,31.73
829805565,0.916000,-0.480000,-0.393000,-24.855000,15.191000,-50.458000,31.68
829813701,0.924000,-0.471000,-0.403000,-24.000000,15.634000,-47.649000,31.73
829825659,0.955000,-0.502000,-0.326000,-15.725000,18.931000,-47.435000,31.64
829837783,0.954000,-0.445000,-0.335000,-10.122000,20.244000,-49.771000,31.59
829847609,0.958000,-0.413000,-0.363000,-8.519000,21.405000,-51.389000,31.73
829855010,0.922000,-0.348000,-0.429000,-9.649000,16.275000,-51.847000,31.68
829867590,0.930000,-0.342000,-0.494000,-11.802000,12.473000,-50.473000,31.64
829877139,0.949000,-0.374000,-0.375000,-14.672000,8.427000,-51.985000,31.59
829884011,1.001000,-0.434000,-0.407000,-12.504000,10.458000,-51.099000,31.64
829895473,1.019000,-0.447000,-0.361000,-10.321000,16.046000,-51.389000,31.78
829907436,0.976000,-0.480000,-0.323000,-5.954000,19.695000,-50.794000,31.64
829913378,0.950000,-0.412000,-0.308000,-2.809000,24.427000,-49.710000,31.64
829926496,0.917000,-0.370000,-0.397000,-1.374000,21.313000,-46.504000,31.68
829935149,0.860000,-0.304000,-0.457000,-5.710000,15.099000,-43.527000,31.64
829946403,0.918000,-0.324000,-0.375000,-6.779000,5.649000,-37.573000,31.59
829952527,1.023000,-0.327000,-0.360000,-6.122000,5.802000,-36.382000,31.64
829969338,1.051000,-0.341000,-0.312000,-4.870000,10.489000,-37.252000,31.68
829975863,1.000000,-0.338000,-0.345000,-4.901000,12.855000,-35.496000,31.64
829985217,1.007000,-0.338000,-0.384000,-6.351000,14.443000,-32.809000,31.68
829995160,0.964000,-0.323000,-0.426000,-8.855000,14.015000,-31.618000,31.64
830005555,0.941000,-0.303000,-0.417000,-11.389000,8.504000,-28.992000,31.73
830014133,0.970000,-0.321000,-0.416000,-10.580000,4.076000,-24.901000,31.64
830021087,0.988000,-0.302000,-0.402000,-7.130000,0.977000,-20.870000,31.64
830038387,1.020000,-0.281000,-0.365000,-5.847000,-3.511000,-20.656000,31.68
830048824,1.053000,-0.265000,-0.395000,-5.206000,1.481000,-18.794000,31.64
830057233,1.056000,-0.231000,-0.382000,-10.534000,4.977000,-22.672000,31.68
830067384,1.019000,-0.240000,-0.395000,-13.206000,3.344000,-20.748000,31.64
830078937,0.994000,-0.224000,-0.496000,-17.618000,-0.260000,-20.031000,31.68
830085886,0.956000,-0.239000,-0.483000,-21.053000,-7.756000,-16.641000,31.64
830096325,1.036000,-0.319000,-0.447000,-20.687000,-10.260000,-15.588000,31.64
830105637,1.057000,-0.311000,-0.409000,-17.847000,-10.595000,-15.053000,31.64
830115527,1.083000,-0.296000,-0.411000,-17.069000,-7.817000,-16.397000,31.68
830121024,1.055000,-0.274000,-0.395000,-16.885000,-5.069000,-15.206000,31.73
830132746,1.058000,-0.250000,-0.446000,-21.069000,-5.588000,-17.237000,31.64
830147573,0.995000,-0.240000,-0.454000,-25.344000,-7.817000,-16.519000,31.68
830158587,0.986000,-0.211000,-0.496000,-28.229000,-16.153000,-12.901000,31.64
830165297,1.065000,-0.316000,-0.480000,-27.985000,-17.695000,-10.656000,31.78
830176727,1.073000,-0.316000,-0.406000,-24.626000,-13.847000,-13.374000,31.64
830183910,1.137000,-0.336000,-0.410000,-21.786000,-7.603000,-17.466000,31.59
830194792,1.078000,-0.315000,-0.382000,-19.863000,-0.687000,-19.893000,31.73
830205961,1.031000,-0.256000,-0.406000,-21.344000,-1.618000,-20.260000,31.68
830216096,0.999000,-0.222000,-0.475000,-22.992000,-5.191000,-18.794000,31.64
830225201,0.978000,-0.189000,-0.494000,-26.412000,-12.626000,-16.183000,31.68
830231970,1.050000,-0.240000,-0.434000,-26.412000,-16.321000,-14.916000,31.68
830248374,1.120000,-0.293000,-0.391000,-25.008000,-10.901000,-17.802000,31.64
830255920,1.082000,-0.287000,-0.389000,-22.504000,-3.985000,-20.061000,31.59
830265386,1.066000,-0.295000,-0.380000,-19.282000,0.763000,-22.183000,31.64
830277755,1.048000,-0.266000,-0.385000,-16.580000,4.382000,-22.901000,31.68
830288171,0.993000,-0.196000,-0.435000,-15.130000,2.412000,-22.168000,31.64
830294788,0.976000,-0.165000,-0.433000,-15.969000,-1.802000,-19.298000,31.59
830307328,1.049000,-0.177000,-0.392000,-15.160000,-2.809000,-17.817000,31.64
830317394,1.074000,-0.193000,-0.401000,-13.176000,1.954000,-19.115000,31.59
830324884,1.023000,-0.197000,-0.392000,-11.023000,4.656000,-18.336000,31.59
830332135,1.073000,-0.239000,-0.405000,-7.298000,8.382000,-17.908000,31.64
830344835,1.032000,-0.266000,-0.387000,-4.458000,12.718000,-17.115000,31.68
830360531,1.024000,-0.248000,-0.431000,-0.779000,12.962000,-16.290000,31.73
830364965,1.013000,-0.214000,-0.431000,0.336000,14.092000,-16.321000,31.59
830379369,1.009000,-0.168000,-0.422000,2.290000,9.802000,-14.351000,31.64
830386496,1.083000,-0.175000,-0.474000,4.611000,10.611000,-14.443000,31.59
830395726,1.079000,-0.179000,-0.455000,5.740000,11.053000,-17.710000,31.64
830403807,1.070000,-0.168000,-0.443000,5.496000,9.695000,-18.626000,31.68
830419371,1.113000,-0.192000,-0.477000,2.901000,10.366000,-20.672000,31.68
830422350,1.100000,-0.224000,-0.487000,0.519000,13.374000,-21.008000,31.54
830432982,1.082000,-0.237000,-0.469000,-1.313000,14.244000,-21.924000,31.59
830445969,1.067000,-0.202000,-0.484000,-3.863000,11.450000,-21.435000,31.64
830458192,1.119000,-0.238000,-0.487000,-4.992000,13.099000,-23.450000,31.68
830464446,1.095000,-0.191000,-0.459000,-4.702000,10.107000,-23.756000,31.64
830475377,1.125000,-0.153000,-0.508000,-7.206000,8.458000,-26.031000,31.59
830488002,1.110000,-0.179000,-0.476000,-11.481000,8.885000,-28.672000,31.64
830495965,1.065000,-0.144000,-0.469000,-14.763000,4.824000,-25.359000,31.59
830504900,1.130000,-0.122000,-0.503000,-21.237000,2.519000,-26.870000,31.54
830515023,1.143000,-0.171000,-0.527000,-24.519000,-0.840000,-31.237000,31.64
830522758,1.119000,-0.228000,-0.479000,-23.359000,-1.298000,-29.389000,31.59
830533391,1.151000,-0.231000,-0.479000,-23.496000,1.695000,-30.977000,31.64
830546259,1.145000,-0.175000,-0.446000,-24.656000,3.908000,-32.672000,31.68
830556449,1.143000,-0.168000,-0.488000,-28.137000,5.069000,-35.679000,31.64
830565765,1.063000,-0.127000,-0.496000,-31.786000,3.008000,-34.718000,31.49
830573331,1.109000,-0.097000,-0.499000,-35.160000,-1.313000,-35.069000,31.64
830590556,1.133000,-0.120000,-0.470000,-35.969000,-1.573000,-37.282000,31.68
830595452,1.160000,-0.122000,-0.428000,-33.176000,-1.573000,-40.244000,31.59
830606809,1.186000,-0.088000,-0.494000,-33.893000,0.107000,-44.046000,31.54
830618732,1.156000,-0.148000,-0.460000,-33.252000,3.405000,-49.008000,31.59
830626505,1.089000,-0.117000,-0.450000,-35.557000,0.992000,-52.519000,31.64
830633337,1.062000,-0.017000,-0.488000,-40.626000,-6.336000,-50.809000,31.59
830645780,1.146000,-0.072000,-0.459000,-46.000000,-10.168000,-50.427000,31.54
830656125,1.175000,-0.096000,-0.447000,-48.611000,-7.603000,-51.344000,31.59
830665586,1.173000,-0.082000,-0.485000,-43.313000,-6.229000,-52.229000,31.64
830671925,1.224000,-0.074000,-0.500000,-43.893000,-2.931000,-58.305000,31.59
830689225,1.206000,-0.110000,-0.454000,-45.466000,2.443000,-60.000000,31.68
830697563,1.155000,-0.062000,-0.489000,-45.481000,6.672000,-59.924000,31.64
830704478,1.113000,-0.026000,-0.494000,-50.443000,7.221000,-59.588000,31.59
830715881,1.166000,-0.037000,-0.463000,-53.130000,8.565000,-61.466000,31.64
830725472,1.135000,-0.007000,-0.493000,-53.435000,11.359000,-63.908000,31.68
830733230,1.105000,0.022000,-0.494000,-51.221000,8.244000,-65.969000,31.64
830747210,1.101000,0.068000,-0.524000,-50.748000,4.733000,-68.321000,31.68
830754482,1.101000,0.077000,-0.495000,-51.924000,1.557000,-70.580000,31.64
830766631,1.167000,0.070000,-0.469000,-56.672000,0.229000,-76.824000,31.78
830773040,1.126000,0.110000,-0.528000,-65.084000,2.824000,-77.725000,31.64
830789208,1.143000,0.039000,-0.429000,-70.336000,7.695000,-77.420000,31.59
830799356,1.087000,0.067000,-0.438000,-69.847000,9.435000,-78.351000,31.68
830804285,1.069000,0.095000,-0.505000,-70.595000,6.840000,-77.893000,31.64
830815666,1.042000,0.114000,-0.442000,-71.160000,2.718000,-77.908000,31.68
830823447,1.002000,0.260000,-0.471000,-75.740000,-5.969000,-78.412000,31.64
830835044,1.176000,0.237000,-0.378000,-82.336000,-5.145000,-81.893000,31.59
830841002,1.121000,0.226000,-0.426000,-86.153000,1.359000,-83.237000,31.64
830854841,1.056000,0.211000,-0.453000,-91.344000,4.229000,-84.595000,31.68
830867340,1.017000,0.109000,-0.402000,-90.122000,6.366000,-86.534000,31.64
830873189,0.968000,0.130000,-0.374000,-83.939000,4.214000,-84.580000,31.59
830891098,0.949000,0.149000,-0.360000,-78.168000,-0.748000,-82.382000,31.59
830899504,0.983000,0.200000,-0.406000,-75.145000,1.328000,-81.557000,31.64
830904984,0.991000,0.253000,-0.348000,-73.832000,1.679000,-81.069000,31.68
830916046,0.867000,0.334000,-0.430000,-80.779000,-3.542000,-80.702000,31.64
830923696,0.930000,0.340000,-0.301000,-84.122000,-6.641000,-73.557000,31.68
830935226,0.999000,0.237000,-0.283000,-84.672000,-0.641000,-74.962000,31.54
830941850,0.842000,0.294000,-0.331000,-82.641000,-0.489000,-71.328000,31.59
830955087,0.781000,0.317000,-0.319000,-81.267000,-4.733000,-65.221000,31.64
830968402,0.810000,0.305000,-0.290000,-78.656000,-8.733000,-61.115000,31.68
830973166,0.836000,0.310000,-0.250000,-72.687000,-9.176000,-56.198000,31.54
830985493,0.879000,0.293000,-0.153000,-62.534000,-6.382000,-52.000000,31.64
830996912,0.914000,0.357000,-0.166000,-52.000000,2.183000,-52.702000,31.64
831004680,0.837000,0.440000,-0.177000,-46.931000,6.885000,-50.443000,31.64
831014197,0.792000,0.519000,-0.165000,-44.595000,6.901000,-47.038000,31.59
831024273,0.783000,0.648000,-0.258000,-47.298000,2.718000,-43.435000,31.54
831035708,0.743000,0.677000,-0.275000,-51.603000,-6.702000,-35.282000,31.68
831042445,0.874000,0.603000,-0.214000,-49.908000,-8.305000,-31.237000,31.54
831056096,0.880000,0.588000,-0.160000,-42.214000,-6.733000,-30.244000,31.59
831065702,0.879000,0.556000,-0.142000,-32.137000,-2.702000,-26.687000,31.64
831073818,0.922000,0.494000,-0.125000,-21.084000,6.137000,-25.038000,31.64
831085313,0.796000,0.529000,-0.075000,-8.565000,9.237000,-17.954000,31.64
831096669,0.820000,0.590000,-0.153000,-4.198000,14.534000,-14.336000,31.59
831105407,0.788000,0.662000,-0.205000,-1.176000,14.824000,-9.344000,31.64
831114126,0.785000,0.698000,-0.164000,2.443000,12.198000,-2.901000,31.64
831125001,0.796000,0.686000,-0.166000,5.099000,10.962000,2.092000,31.68
831133021,0.796000,0.644000,-0.139000,11.496000,9.893000,5.634000,31.64
831144425,0.823000,0.661000,-0.121000,18.229000,11.176000,9.802000,31.59
831151395,0.843000,0.653000,-0.144000,22.427000,13.420000,12.702000,31.54
831164865,0.836000,0.600000,-0.149000,27.710000,16.641000,16.901000,31.68
831174454,0.833000,0.578000,-0.187000,33.496000,18.244000,19.603000,31.64
831185013,0.807000,0.603000,-0.212000,37.481000,20.168000,23.969000,31.68
831198311,0.825000,0.555000,-0.223000,42.412000,18.855000,29.389000,31.64
831203331,0.847000,0.506000,-0.200000,47.832000,20.626000,32.992000,31.59
831215622,0.824000,0.550000,-0.242000,51.252000,20.855000,37.160000,31.54
831225766,0.840000,0.504000,-0.233000,54.550000,20.550000,42.718000,31.64
831234385,0.804000,0.532000,-0.222000,54.809000,17.099000,47.863000,31.68
831241251,0.844000,0.545000,-0.257000,57.817000,15.527000,52.015000,31.64
831258788,0.926000,0.488000,-0.228000,59.389000,18.153000,53.740000,31.59
831267849,0.882000,0.465000,-0.259000,63.435000,18.321000,56.275000,31.64
831276359,0.867000,0.474000,-0.268000,67.008000,16.443000,58.656000,31.68
831287559,0.911000,0.388000,-0.260000,70.473000,16.840000,58.412000,31.64
831298599,0.862000,0.414000,-0.313000,68.672000,13.649000,61.603000,31.68
831305475,0.801000,0.456000,-0.330000,63.420000,5.649000,68.840000,31.54
831313725,0.856000,0.439000,-0.314000,57.374000,-1.878000,73.939000,31.59
831325746,0.892000,0.390000,-0.267000,52.458000,-8.336000,80.824000,31.64
831334643,1.056000,0.210000,-0.172000,60.855000,-3.313000,86.000000,31.64
831343158,1.075000,0.160000,-0.202000,76.260000,9.954000,80.260000,31.68
831355679,1.009000,0.245000,-0.264000,79.649000,14.214000,79.679000,31.64
831368231,1.000000,0.192000,-0.281000,83.130000,17.939000,81.603000,31.59
831378252,0.816000,0.302000,-0.391000,76.198000,8.382000,86.443000,31.64
831386094,0.917000,0.268000,-0.273000,71.756000,0.076000,96.763000,31.59
831397816,1.027000,0.213000,-0.273000,70.809000,-3.878000,96.519000,31.64
831407556,1.035000,0.205000,-0.262000,75.542000,-5.450000,99.191000,31.59
831414972,1.112000,0.118000,-0.251000,84.061000,-1.863000,97.740000,31.64
831426799,1.138000,0.076000,-0.275000,91.924000,6.198000,93.008000,31.64
831435636,1.039000,0.104000,-0.333000,94.031000,7.924000,90.000000,31.73
831445839,0.917000,0.176000,-0.456000,88.260000,1.985000,91.176000,31.64
831452898,0.954000,0.127000,-0.369000,83.008000,-4.702000,97.695000,31.68
831468891,1.040000,0.076000,-0.349000,80.351000,-10.260000,98.137000,31.64
831476336,1.089000,0.002000,-0.390000,81.710000,-9.237000,101.389000,31.59
831485604,1.087000,-0.033000,-0.280000,88.244000,-5.527000,100.885000,31.64
831498652,1.114000,-0.029000,-0.374000,91.756000,0.260000,96.901000,31.68
831506096,1.103000,-0.091000,-0.419000,90.779000,4.595000,93.939000,31.64
831515809,0.923000,-0.042000,-0.505000,85.466000,1.053000,97.756000,31.64
831526462,0.950000,-0.023000,-0.467000,77.023000,-8.092000,101.008000,31.64
831534928,1.004000,-0.091000,-0.388000,71.450000,-13.008000,101.206000,31.59
831543226,1.091000,-0.215000,-0.446000,72.534000,-10.458000,104.840000,31.64
831553453,1.039000,-0.251000,-0.333000,76.992000,-5.435000,103.191000,31.64
831566556,0.993000,-0.192000,-0.373000,79.145000,-6.092000,104.779000,31.59
831578528,0.958000,-0.227000,-0.477000,70.656000,-12.611000,105.145000,31.64
831587811,0.947000,-0.270000,-0.369000,66.626000,-14.550000,112.244000,31.59
831593750,0.978000,-0.248000,-0.446000,64.763000,-17.863000,112.580000,31.64
831607704,1.068000,-0.306000,-0.460000,62.901000,-12.611000,108.031000,31.68
831617339,1.009000,-0.374000,-0.388000,65.053000,-7.160000,106.229000,31.64
831625528,0.978000,-0.398000,-0.320000,65.206000,-5.527000,108.412000,31.49
831637090,0.996000,-0.409000,-0.397000,64.611000,-5.221000,109.573000,31.64
831642085,0.888000,-0.326000,-0.486000,57.069000,-6.809000,112.947000,31.68
831653429,0.927000,-0.357000,-0.418000,51.603000,-15.969000,116.290000,31.64
831665413,0.979000,-0.425000,-0.389000,52.290000,-19.710000,116.107000,31.73
831674649,1.033000,-0.471000,-0.399000,57.191000,-14.702000,113.802000,31.59
831691209,0.994000,-0.457000,-0.332000,64.794000,-10.137000,107.298000,31.54
831693933,1.002000,-0.473000,-0.392000,69.221000,-5.832000,103.328000,31.68
831704947,0.995000,-0.438000,-0.443000,67.206000,-3.832000,106.702000,31.54
831720395,0.895000,-0.444000,-0.454000,62.687000,-5.511000,104.519000,31.59
831722608,0.869000,-0.481000,-0.395000,56.977000,-12.947000,110.382000,31.54
831736983,0.993000,-0.548000,-0.445000,55.084000,-13.237000,112.580000,31.59
831744510,1.057000,-0.638000,-0.290000,57.389000,0.153000,111.939000,31.64
831754159,0.966000,-0.654000,-0.301000,70.626000,5.359000,112.794000,31.59
831765749,0.916000,-0.602000,-0.354000,73.634000,11.710000,107.863000,31.73
831779287,0.907000,-0.545000,-0.377000,77.069000,12.031000,103.252000,31.64
831788137,0.795000,-0.489000,-0.423000,73.939000,5.206000,104.504000,31.59
831796012,0.790000,-0.512000,-0.440000,65.756000,-5.588000,110.779000,31.54
831807178,0.834000,-0.574000,-0.410000,58.794000,-16.076000,115.298000,31.59
831819857,0.884000,-0.655000,-0.290000,58.901000,-16.794000,118.168000,31.54
831825166,0.979000,-0.726000,-0.246000,64.687000,-6.244000,112.534000,31.59
831835731,0.918000,-0.718000,-0.307000,71.130000,4.397000,105.588000,31.64
831844880,0.846000,-0.738000,-0.324000,75.221000,8.687000,105.939000,31.59
831855326,0.734000,-0.712000,-0.458000,67.389000,0.962000,107.939000,31.64
831861002,0.686000,-0.682000,-0.401000,59.878000,-7.496000,114.397000,31.54
831874229,0.749000,-0.714000,-0.336000,52.809000,-15.985000,115.481000,31.64
831886613,0.773000,-0.780000,-0.276000,52.901000,-17.893000,118.580000,31.64
831897211,0.871000,-0.831000,-0.215000,54.916000,-5.939000,114.977000,31.59
831904217,0.795000,-0.880000,-0.276000,57.359000,-2.305000,111.893000,31.64
831919492,0.679000,-0.899000,-0.285000,56.061000,-1.649000,115.435000,31.59
831925547,0.607000,-0.844000,-0.334000,53.664000,-8.366000,117.496000,31.64
831935596,0.582000,-0.838000,-0.373000,44.580000,-17.908000,115.145000,31.59
831947776,0.608000,-0.894000,-0.281000,41.176000,-26.000000,116.198000,31.64
831956029,0.702000,-0.950000,-0.223000,43.511000,-26.336000,114.962000,31.64
831960932,0.727000,-1.004000,-0.172000,43.863000,-19.740000,111.435000,31.54
831973626,0.689000,-0.995000,-0.219000,46.092000,-14.656000,112.595000,31.59
831986836,0.631000,-1.020000,-0.227000,40.748000,-12.092000,109.786000,31.59
831996695,0.547000,-1.029000,-0.283000,31.588000,-16.153000,111.817000,31.73
832004648,0.516000,-1.000000,-0.230000,25.053000,-23.374000,114.992000,31.68
832021053,0.560000,-0.999000,-0.182000,23.557000,-25.863000,111.237000,31.64
832026246,0.655000,-1.017000,-0.221000,24.305000,-24.076000,101.099000,31.59
832037991,0.639000,-1.051000,-0.249000,26.992000,-16.656000,95.985000,31.64
832046520,0.574000,-1.037000,-0.181000,31.069000,-12.534000,95.435000,31.59
832054680,0.551000,-1.020000,-0.229000,28.382000,-17.160000,88.580000,31.64
832060663,0.505000,-1.069000,-0.224000,28.916000,-14.458000,90.351000,31.68
832072783,0.525000,-1.023000,-0.249000,28.031000,-12.779000,88.321000,31.73
832085208,0.544000,-1.041000,-0.192000,28.412000,-11.679000,86.183000,31.68
832094067,0.548000,-1.035000,-0.185000,33.221000,-6.565000,85.771000,31.59
832105305,0.534000,-1.091000,-0.159000,39.145000,-0.733000,84.260000,31.64
832113952,0.532000,-1.046000,-0.141000,48.321000,7.878000,80.641000,31.68
832129161,0.495000,-0.990000,-0.153000,53.527000,13.252000,77.511000,31.64
832135958,0.421000,-0.989000,-0.264000,53.099000,12.015000,79.511000,31.68
832145378,0.355000,-0.992000,-0.212000,49.786000,12.641000,82.366000,31.54
832157971,0.407000,-0.965000,-0.080000,53.573000,16.687000,83.466000,31.59
832162957,0.318000,-0.991000,-0.078000,52.748000,16.656000,80.168000,31.54
832173948,0.399000,-1.001000,-0.107000,51.267000,22.687000,80.031000,31.59
832187521,0.415000,-1.053000,-0.100000,54.962000,30.763000,76.565000,31.64
832199321,0.271000,-1.060000,-0.123000,58.046000,31.969000,75.695000,31.68
832205289,0.192000,-1.039000,-0.211000,55.038000,27.481000,78.718000,31.64
832216116,0.187000,-1.046000,-0.120000,53.145000,21.969000,81.908000,31.64
832228259,0.230000,-1.089000,-0.016000,52.855000,23.328000,81.725000,31.68
832233598,0.215000,-1.067000,-0.020000,52.305000,25.313000,79.664000,31.64
832245090,0.283000,-1.077000,0.022000,52.321000,32.519000,76.351000,31.59
832256067,0.239000,-1.101000,-0.032000,52.595000,37.481000,72.519000,31.64
832263963,0.115000,-0.994000,-0.167000,42.397000,33.740000,75.969000,31.59
832275186,0.122000,-1.042000,-0.111000,32.626000,24.183000,77.099000,31.64
832282202,0.177000,-1.103000,0.001000,27.756000,16.565000,69.481000,31.68
832296267,0.240000,-1.107000,-0.010000,28.122000,21.313000,69.939000,31.64
832305789,0.229000,-1.085000,0.080000,30.260000,25.191000,66.550000,31.64
832316845,0.162000,-1.068000,0.080000,31.511000,22.168000,65.298000,31.54
832326765,0.142000,-1.063000,0.020000,22.427000,26.046000,65.023000,31.64
832334398,0.105000,-1.064000,-0.051000,15.084000,17.695000,64.076000,31.59
832346481,0.113000,-1.186000,0.086000,21.954000,-1.115000,68.962000,31.64
832357556,0.322000,-1.125000,0.085000,7.130000,7.008000,47.924000,31.68
832364869,0.337000,-1.153000,-0.027000,11.573000,8.061000,50.885000,31.64
832371816,-0.023000,-1.212000,0.034000,11.588000,1.969000,58.824000,31.59
832384251,0.386000,-1.057000,0.068000,7.802000,12.992000,51.405000,31.73
832397842,0.298000,-1.172000,0.078000,24.076000,20.122000,43.191000,31.64
832407673,0.137000,-1.039000,0.028000,20.366000,20.305000,40.382000,31.64
832410057,0.098000,-1.046000,0.031000,16.305000,10.916000,40.580000,31.64
832426240,0.099000,-1.035000,0.024000,10.672000,4.702000,35.527000,31.59
832436761,0.094000,-1.038000,-0.055000,6.748000,-0.229000,37.435000,31.64
832444215,0.084000,-1.086000,0.028000,9.313000,-5.206000,35.008000,31.59
832455186,0.132000,-1.085000,0.062000,9.634000,-2.519000,32.015000,31.64
832467077,0.079000,-0.988000,0.055000,12.443000,-3.038000,28.992000,31.59
832474371,0.045000,-1.126000,0.084000,15.954000,-8.244000,24.718000,31.64
832481349,0.053000,-0.972000,0.056000,9.847000,2.992000,26.489000,31.64
832499834,-0.004000,-1.045000,0.090000,10.458000,-2.443000,25.954000,31.64
832507369,0.036000,-0.990000,0.030000,9.206000,1.313000,25.145000,31.59
832515348,-0.024000,-0.988000,0.040000,11.924000,-5.023000,26.153000,31.59
832529121,-0.009000,-0.974000,0.076000,10.687000,-4.947000,27.450000,31.54
832540111,-0.005000,-0.992000,0.046000,9.282000,-5.847000,29.160000,31.59
832545247,-0.013000,-1.029000,0.080000,11.527000,-5.176000,26.931000,31.64
832554020,-0.031000,-0.989000,0.100000,11.359000,-4.336000,31.069000,31.59
832568289,-0.039000,-0.973000,0.155000,11.237000,-4.412000,27.588000,31.64
832572460,-0.064000,-0.963000,0.091000,9.832000,-4.229000,29.038000,31.59
832583047,-0.095000,-0.923000,0.100000,9.069000,-3.740000,30.885000,31.64
832596147,-0.104000,-0.906000,0.108000,6.931000,-6.137000,33.313000,31.59
832606670,-0.075000,-0.945000,0.078000,4.061000,-6.626000,32.458000,31.64
832615740,-0.114000,-0.961000,0.082000,5.450000,-7.191000,33.634000,31.64
832622470,-0.113000,-0.958000,0.107000,4.870000,-6.504000,36.092000,31.59
832635871,-0.113000,-0.968000,0.126000,4.763000,-6.122000,34.565000,31.64
832644521,-0.122000,-0.961000,0.114000,4.275000,-7.450000,35.206000,31.68
832655778,-0.119000,-0.969000,0.124000,4.427000,-6.947000,34.794000,31.64
832666840,-0.128000,-0.970000,0.127000,2.458000,-5.832000,33.924000,31.59
832674266,-0.106000,-0.984000,0.135000,3.237000,-4.397000,34.046000,31.64
832684912,-0.100000,-0.982000,0.087000,2.779000,-2.229000,32.565000,31.59
832693237,-0.097000,-0.964000,0.113000,5.450000,-1.038000,33.389000,31.54
832705485,-0.091000,-0.975000,0.129000,5.817000,0.992000,32.397000,31.49
832713747,-0.090000,-0.947000,0.133000,6.870000,3.527000,31.221000,31.59
832724290,-0.116000,-0.948000,0.124000,6.672000,2.855000,30.427000,31.64
832736493,-0.106000,-0.967000,0.140000,6.107000,3.191000,29.649000,31.59
832745285,-0.110000,-0.961000,0.143000,8.855000,3.496000,30.763000,31.54
832755908,-0.110000,-0.967000,0.116000,7.924000,3.359000,28.321000,31.59
832764561,-0.090000,-0.985000,0.135000,10.092000,5.191000,28.412000,31.64
832775500,-0.069000,-0.976000,0.145000,12.275000,8.076000,26.214000,31.59
832782127,-0.088000,-0.970000,0.142000,13.466000,9.863000,25.527000,31.64
832794397,-0.107000,-0.981000,0.131000,15.145000,10.901000,23.588000,31.59
832807568,-0.142000,-0.999000,0.143000,17.771000,10.565000,24.443000,31.64
832814329,-0.146000,-0.925000,0.119000,14.626000,10.122000,23.618000,31.64
832822674,-0.163000,-0.958000,0.138000,14.901000,7.267000,22.397000,31.59
832838180,-0.121000,-0.955000,0.145000,15.435000,9.496000,22.046000,31.54
832846563,-0.134000,-0.974000,0.150000,15.878000,10.702000,19.863000,31.68
832854648,-0.159000,-0.957000,0.135000,16.260000,12.351000,18.382000,31.64
832866611,-0.185000,-0.942000,0.137000,14.962000,10.443000,16.672000,31.59
832877386,-0.196000,-0.941000,0.132000,13.954000,9.725000,16.092000,31.54
832883795,-0.185000,-0.924000,0.124000,11.618000,7.252000,15.313000,31.59
832890807,-0.195000,-0.934000,0.163000,11.282000,7.634000,15.282000,31.64
832908766,-0.204000,-0.933000,0.126000,8.565000,6.840000,13.756000,31.59
832915869,-0.196000,-0.928000,0.146000,6.137000,5.008000,12.687000,31.54
832925711,-0.176000,-0.941000,0.137000,5.740000,6.229000,10.504000,31.64
832938596,-0.192000,-0.931000,0.163000,4.550000,5.786000,10.779000,31.59
832945010,-0.207000,-0.917000,0.131000,2.504000,6.015000,8.992000,31.73
832955130,-0.172000,-0.958000,0.163000,2.687000,3.969000,6.061000,31.59
832966656,-0.201000,-0.929000,0.151000,1.099000,4.000000,6.366000,31.64
832976097,-0.192000,-0.902000,0.167000,-0.992000,3.053000,5.618000,31.59
832982246,-0.169000,-0.928000,0.150000,-2.443000,3.115000,5.435000,31.73
832993788,-0.178000,-0.930000,0.146000,-2.275000,4.824000,5.282000,31.59
833011111,-0.166000,-0.935000,0.137000,-3.908000,4.519000,4.443000,31.64
833019403,-0.171000,-0.944000,0.156000,-3.008000,3.618000,3.756000,31.64
833025727,-0.196000,-0.931000,0.201000,-8.046000,2.321000,0.656000,31.59
833038081,-0.196000,-0.924000,0.144000,-4.916000,2.992000,3.160000,31.64
833049243,-0.177000,-0.937000,0.156000,-5.725000,1.282000,2.427000,31.59
833053970,-0.166000,-0.931000,0.155000,-5.588000,2.794000,1.740000,31.64
833065692,-0.170000,-0.937000,0.166000,-5.191000,4.763000,0.763000,31.59
833077060,-0.186000,-0.937000,0.167000,-3.405000,5.267000,0.824000,31.64
833085128,-0.200000,-0.924000,0.168000,-2.687000,5.328000,-0.183000,31.49
833091125,-0.198000,-0.906000,0.144000,-3.908000,5.359000,-0.168000,31.64
833103569,-0.226000,-0.908000,0.156000,-4.702000,4.458000,0.687000,31.64
833116796,-0.233000,-0.914000,0.173000,-5.771000,2.534000,-0.397000,31.54
833124040,-0.233000,-0.917000,0.149000,-6.443000,1.374000,-0.626000,31.68
833135399,-0.215000,-0.924000,0.165000,-7.344000,-0.046000,-0.779000,31.68
833148067,-0.185000,-0.907000,0.146000,-8.046000,0.626000,-1.557000,31.54
833156332,-0.222000,-0.910000,0.167000,-8.229000,1.069000,-2.550000,31.59
833163685,-0.210000,-0.912000,0.152000,-8.397000,1.405000,-2.855000,31.54
833174629,-0.209000,-0.923000,0.165000,-7.145000,1.725000,-2.641000,31.68
833184215,-0.204000,-0.909000,0.151000,-6.885000,2.595000,-2.794000,31.54
833192848,-0.219000,-0.912000,0.170000,-6.824000,1.679000,-3.206000,31.59
833205469,-0.221000,-0.913000,0.143000,-7.115000,0.931000,-3.542000,31.64
833219157,-0.212000,-0.923000,0.156000,-6.061000,-0.275000,-3.130000,31.59
833226101,-0.201000,-0.933000,0.171000,-5.725000,0.443000,-3.466000,31.54
833234438,-0.181000,-0.923000,0.173000,-3.893000,1.771000,-3.527000,31.59
833250685,-0.196000,-0.922000,0.160000,-3.008000,3.099000,-4.214000,31.68
833258466,-0.206000,-0.915000,0.170000,-1.756000,4.031000,-4.244000,31.64
833264545,-0.213000,-0.896000,0.169000,-1.069000,5.053000,-3.221000,31.59
833277028,-0.205000,-0.893000,0.163000,-0.962000,4.641000,-3.038000,31.64
833286576,-0.230000,-0.898000,0.150000,-1.893000,4.198000,-3.557000,31.59
833294875,-0.246000,-0.905000,0.159000,-2.290000,3.573000,-3.389000,31.64
833301990,-0.227000,-0.901000,0.160000,-2.947000,3.099000,-3.740000,31.59
833320702,-0.208000,-0.902000,0.169000,-2.718000,3.710000,-4.214000,31.64
833328053,-0.221000,-0.907000,0.171000,-2.779000,4.366000,-4.397000,31.59
833334215,-0.212000,-0.925000,0.165000,-1.771000,5.038000,-3.954000,31.64
833350243,-0.199000,-0.919000,0.168000,-1.038000,6.519000,-3.450000,31.59
833357545,-0.227000,-0.915000,0.166000,-0.534000,6.443000,-3.710000,31.68
833365519,-0.232000,-0.910000,0.157000,-0.504000,5.771000,-2.794000,31.64
833375733,-0.227000,-0.913000,0.156000,-0.916000,5.603000,-2.229000,31.59
833388047,-0.213000,-0.904000,0.164000,-0.412000,5.893000,-2.076000,31.54
833392806,-0.216000,-0.898000,0.165000,-0.809000,5.939000,-2.214000,31.59
833403984,-0.216000,-0.892000,0.147000,-2.534000,5.924000,-2.595000,31.64
833410996,-0.210000,-0.917000,0.152000,-2.534000,5.206000,-2.046000,31.59
833425723,-0.199000,-0.928000,0.159000,-1.649000,6.107000,-1.725000,31.64
833435739,-0.205000,-0.919000,0.164000,-0.840000,6.427000,-1.435000,31.59
833445893,-0.208000,-0.919000,0.158000,-0.840000,5.802000,-2.397000,31.64
833456161,-0.214000,-0.913000,0.162000,-1.282000,4.992000,-1.298000,31.54
833463738,-0.211000,-0.908000,0.154000,-1.847000,4.779000,-1.237000,31.59
833475194,-0.209000,-0.912000,0.166000,-1.649000,4.702000,-1.023000,31.64
833486277,-0.205000,-0.914000,0.162000,-1.405000,5.771000,-1.511000,31.68
833494278,-0.208000,-0.922000,0.151000,-1.145000,5.802000,-0.962000,31.64
833500829,-0.209000,-0.930000,0.162000,-0.840000,5.618000,-0.748000,31.49
833512976,-0.218000,-0.910000,0.155000,-1.435000,4.992000,0.061000,31.64
833525992,-0.224000,-0.915000,0.160000,-2.366000,3.634000,-1.756000,31.68
833536400,-0.226000,-0.930000,0.141000,-2.748000,2.015000,-0.733000,31.54
833548670,-0.197000,-0.926000,0.175000,-2.595000,1.710000,-0.595000,31.64
833560926,-0.208000,-0.916000,0.147000,-3.740000,1.618000,-2.092000,31.64
833566050,-0.217000,-0.912000,0.159000,-5.191000,0.046000,-2.992000,31.59
833577853,-0.206000,-0.909000,0.167000,-6.244000,0.733000,-2.611000,31.59
833589009,-0.194000,-0.915000,0.156000,-6.931000,0.870000,-2.519000,31.73
833596634,-0.190000,-0.915000,0.162000,-6.641000,1.313000,-2.992000,31.59
833602615,-0.208000,-0.922000,0.159000,-6.718000,0.092000,-4.107000,31.64
833615942,-0.224000,-0.923000,0.134000,-7.695000,-2.183000,-3.084000,31.59
833628240,-0.193000,-0.963000,0.148000,-8.473000,-4.779000,-2.779000,31.54
833636388,-0.198000,-0.942000,0.160000,-7.847000,-4.275000,-3.710000,31.59
833642270,-0.181000,-0.928000,0.160000,-8.901000,-3.939000,-6.870000,31.64
833658686,-0.191000,-0.923000,0.135000,-11.450000,-4.733000,-7.908000,31.59
833669602,-0.171000,-0.936000,0.158000,-12.809000,-4.473000,-7.374000,31.64
833674235,-0.187000,-0.926000,0.125000,-15.313000,-5.588000,-8.427000,31.59
833687834,-0.192000,-0.936000,0.141000,-17.786000,-6.275000,-10.412000,31.64
833701361,-0.226000,-0.928000,0.076000,-17.863000,-10.275000,-8.015000,31.64
833704255,-0.240000,-0.946000,0.113000,-22.534000,-17.053000,-10.534000,31.59
833714995,-0.142000,-1.014000,0.158000,-18.168000,-15.603000,-10.534000,31.73
833722411,-0.143000,-0.974000,0.161000,-18.290000,-11.313000,-13.634000,31.59
833735562,-0.148000,-0.966000,0.114000,-18.031000,-9.924000,-15.298000,31.64
833746519,-0.176000,-0.959000,0.109000,-20.962000,-11.542000,-16.000000,31.68
833753573,-0.180000,-0.946000,0.127000,-23.511000,-15.099000,-15.985000,31.54
833766344,-0.158000,-0.950000,0.132000,-25.115000,-17.817000,-18.458000,31.59
833775338,-0.172000,-0.937000,0.099000,-27.298000,-17.405000,-21.435000,31.64
833786256,-0.136000,-0.978000,0.104000,-27.725000,-20.992000,-22.198000,31.59
833797444,-0.101000,-1.007000,0.152000,-27.435000,-19.267000,-25.267000,31.64
833803693,-0.130000,-0.983000,0.099000,-29.756000,-20.107000,-27.496000,31.64
833813624,-0.149000,-0.986000,0.070000,-34.000000,-22.595000,-27.374000,31.59
833825650,-0.129000,-0.986000,0.074000,-38.977000,-26.061000,-28.992000,31.73
833838709,-0.085000,-1.008000,0.129000,-39.802000,-27.191000,-31.252000,31.59
833846122,-0.116000,-0.995000,0.122000,-42.382000,-27.160000,-31.603000,31.64
833851855,-0.047000,-0.963000,0.125000,-43.756000,-22.885000,-38.031000,31.59
833867942,-0.021000,-1.021000,0.065000,-41.389000,-20.061000,-40.931000,31.54
833878416,-0.051000,-1.012000,0.043000,-43.832000,-17.817000,-44.870000,31.59
833884632,-0.073000,-1.019000,0.030000,-46.901000,-18.718000,-45.878000,31.64
833902474,-0.069000,-1.040000,0.022000,-49.954000,-20.260000,-49.038000,31.64
833910960,-0.016000,-1.059000,0.064000,-50.840000,-19.008000,-50.550000,31.59
833913159,0.035000,-1.105000,0.051000,-47.863000,-14.901000,-56.061000,31.73
833924545,-0.048000,-1.064000,0.072000,-46.061000,-12.840000,-56.870000,31.59
833937804,0.001000,-1.081000,0.034000,-47.450000,-9.710000,-58.992000,31.64
833951292,-0.008000,-1.074000,-0.041000,-46.992000,-8.321000,-62.824000,31.68
833956756,-0.042000,-1.053000,-0.037000,-47.634000,-8.611000,-63.481000,31.64
833963165,-0.034000,-1.051000,-0.016000,-48.824000,-11.908000,-63.450000,31.68
833976785,0.094000,-1.100000,-0.019000,-48.947000,-3.924000,-70.565000,31.64
833984585,0.024000,-1.096000,-0.015000,-44.595000,-1.573000,-70.855000,31.64
833996571,0.012000,-1.050000,-0.008000,-45.817000,0.656000,-69.405000,31.54
834005354,0.030000,-1.058000,-0.052000,-48.779000,1.237000,-71.649000,31.59
834016157,0.044000,-1.067000,-0.067000,-48.168000,1.206000,-73.374000,31.68
834024315,0.100000,-1.075000,-0.092000,-47.053000,2.168000,-75.053000,31.54
834031116,0.121000,-1.114000,-0.086000,-45.817000,3.115000,-78.275000,31.59
834049054,0.083000,-1.079000,-0.060000,-45.710000,3.420000,-76.672000,31.54
834056649,0.103000,-1.062000,-0.067000,-48.931000,5.557000,-78.412000,31.68
834063608,0.109000,-1.055000,-0.099000,-49.634000,5.878000,-77.298000,31.64
834078713,0.135000,-1.103000,-0.055000,-48.611000,7.405000,-78.916000,31.54
834086078,0.125000,-1.064000,-0.083000,-47.679000,10.076000,-78.763000,31.64
834094989,0.119000,-1.036000,-0.148000,-47.817000,9.496000,-77.710000,31.59
834106147,0.160000,-1.051000,-0.102000,-46.550000,8.962000,-76.275000,31.54
834113853,0.169000,-1.054000,-0.110000,-47.924000,7.313000,-81.099000,31.64
834124782,0.199000,-1.053000,-0.105000,-49.405000,7.282000,-79.924000,31.68
834131417,0.217000,-1.071000,-0.144000,-49.405000,11.954000,-80.153000,31.54
834146709,0.175000,-1.052000,-0.178000,-52.794000,10.779000,-79.511000,31.59
834157954,0.208000,-1.061000,-0.156000,-53.634000,9.267000,-79.908000,31.64
834165475,0.233000,-1.072000,-0.128000,-53.618000,10.687000,-82.137000,31.59
834176861,0.176000,-1.030000,-0.146000,-52.092000,11.573000,-78.473000,31.64
834186714,0.241000,-1.052000,-0.218000,-57.863000,7.084000,-83.359000,31.68
834194972,0.270000,-1.075000,-0.247000,-57.176000,4.992000,-82.290000,31.64
834205562,0.364000,-1.102000,-0.197000,-52.885000,8.565000,-85.542000,31.59
834214380,0.335000,-1.038000,-0.161000,-51.542000,8.885000,-83.496000,31.64
834225084,0.340000,-1.033000,-0.218000,-53.893000,10.061000,-86.107000,31.64
834231011,0.345000,-1.026000,-0.215000,-56.824000,10.229000,-85.969000,31.68
834243926,0.382000,-1.030000,-0.241000,-58.122000,9.099000,-86.840000,31.54
834257938,0.397000,-1.003000,-0.190000,-59.344000,9.893000,-86.763000,31.59
834264756,0.431000,-1.021000,-0.219000,-56.550000,13.008000,-87.206000,31.64
834274827,0.368000,-0.972000,-0.238000,-55.145000,12.489000,-84.489000,31.68
834287032,0.421000,-1.020000,-0.251000,-54.641000,12.916000,-87.618000,31.64
834297279,0.419000,-1.036000,-0.291000,-51.985000,12.489000,-87.298000,31.68
834305192,0.424000,-0.980000,-0.285000,-53.603000,10.718000,-85.405000,31.73
834315585,0.468000,-1.016000,-0.253000,-52.947000,12.244000,-88.565000,31.68
834325449,0.483000,-1.015000,-0.239000,-51.145000,15.344000,-88.107000,31.68
834331182,0.479000,-0.969000,-0.254000,-49.985000,17.832000,-87.817000,31.64
834342707,0.516000,-0.985000,-0.266000,-48.885000,20.046000,-88.885000,31.59
834360055,0.504000,-0.979000,-0.264000,-45.649000,23.374000,-89.542000,31.64
834367919,0.474000,-0.965000,-0.318000,-43.221000,24.046000,-88.702000,31.49
834373857,0.443000,-0.939000,-0.336000,-43.557000,20.321000,-88.748000,31.64
834386131,0.510000,-0.900000,-0.344000,-45.084000,16.427000,-85.969000,31.68
834397712,0.579000,-0.945000,-0.284000,-44.611000,17.389000,-85.069000,31.64
834405469,0.593000,-0.912000,-0.279000,-42.519000,23.130000,-82.489000,31.59
834418042,0.605000,-0.919000,-0.269000,-38.718000,27.282000,-83.420000,31.59
834426199,0.612000,-0.926000,-0.315000,-37.313000,31.115000,-83.847000,31.54
834435838,0.562000,-0.897000,-0.358000,-39.435000,31.557000,-84.626000,31.59
834442406,0.490000,-0.844000,-0.384000,-38.763000,27.496000,-77.771000,31.64
834458516,0.608000,-0.886000,-0.310000,-40.763000,24.305000,-77.221000,31.68
834470391,0.648000,-0.857000,-0.287000,-37.176000,25.053000,-74.809000,31.64
834478671,0.686000,-0.793000,-0.252000,-30.504000,27.954000,-73.252000,31.59
834485780,0.729000,-0.806000,-0.290000,-28.779000,32.305000,-77.542000,31.64
834500701,0.640000,-0.770000,-0.343000,-27.130000,32.595000,-75.313000,31.68
834504233,0.634000,-0.753000,-0.366000,-31.511000,27.893000,-76.183000,31.54
834513758,0.655000,-0.792000,-0.335000,-33.496000,23.740000,-76.779000,31.64
834527332,0.644000,-0.797000,-0.357000,-32.809000,20.840000,-75.160000,31.49
834536401,0.697000,-0.793000,-0.353000,-30.137000,19.405000,-75.023000,31.54
834542354,0.688000,-0.743000,-0.333000,-27.023000,18.977000,-75.176000,31.68
834554045,0.730000,-0.710000,-0.323000,-24.351000,18.580000,-75.664000,31.73
834566811,0.757000,-0.716000,-0.385000,-25.466000,18.519000,-76.519000,31.68
834578186,0.667000,-0.670000,-0.398000,-29.588000,15.557000,-77.939000,31.82
834584881,0.721000,-0.695000,-0.376000,-30.656000,11.542000,-78.580000,31.68
834596380,0.756000,-0.724000,-0.391000,-34.275000,9.908000,-80.473000,31.54
834608221,0.731000,-0.740000,-0.374000,-33.634000,9.130000,-78.427000,31.73
834613603,0.773000,-0.731000,-0.340000,-31.374000,8.290000,-77.099000,31.68
834624917,0.788000,-0.703000,-0.322000,-27.969000,10.840000,-76.168000,31.64
834636477,0.791000,-0.665000,-0.320000,-24.672000,10.931000,-74.092000,31.59
834644986,0.794000,-0.626000,-0.381000,-25.496000,9.069000,-72.840000,31.64
834653688,0.766000,-0.560000,-0.440000,-32.382000,5.038000,-73.221000,31.68
834660886,0.826000,-0.565000,-0.405000,-36.290000,2.366000,-72.046000,31.54
834678997,0.905000,-0.672000,-0.361000,-40.061000,5.328000,-72.809000,31.59
834688697,0.856000,-0.674000,-0.338000,-36.382000,10.992000,-67.481000,31.64
834694990,0.849000,-0.647000,-0.362000,-33.924000,10.626000,-65.435000,31.64
834708383,0.854000,-0.638000,-0.375000,-32.504000,11.664000,-62.137000,31.59
834718780,0.823000,-0.572000,-0.413000,-33.282000,12.061000,-60.550000,31.73
834725171,0.783000,-0.513000,-0.456000,-34.534000,8.153000,-56.672000,31.59
834734718,0.840000,-0.555000,-0.441000,-36.260000,5.985000,-54.550000,31.64
834742493,0.818000,-0.525000,-0.404000,-37.038000,5.435000,-50.611000,31.59
834753943,0.868000,-0.491000,-0.365000,-36.351000,6.870000,-46.947000,31.64
834759661,0.921000,-0.485000,-0.381000,-38.137000,11.756000,-48.198000,31.59
834774710,0.885000,-0.515000,-0.395000,-37.252000,16.366000,-48.977000,31.73
834785573,0.882000,-0.511000,-0.389000,-37.588000,19.038000,-49.145000,31.64
834793372,0.805000,-0.512000,-0.449000,-37.466000,17.527000,-47.588000,31.64
834805141,0.811000,-0.519000,-0.392000,-33.985000,11.802000,-44.794000,31.68
834817467,0.891000,-0.537000,-0.364000,-28.840000,12.366000,-42.794000,31.49
834822976,0.886000,-0.500000,-0.362000,-24.763000,11.924000,-40.641000,31.54
834836088,0.906000,-0.429000,-0.334000,-22.244000,12.962000,-40.305000,31.68
834845968,0.943000,-0.442000,-0.353000,-22.305000,16.061000,-40.641000,31.54
834853693,0.937000,-0.426000,-0.381000,-22.183000,18.931000,-41.389000,31.68
834865454,0.916000,-0.409000,-0.368000,-22.092000,18.992000,-42.427000,31.54
834872343,0.958000,-0.459000,-0.394000,-19.511000,18.824000,-42.489000,31.64
834887724,0.955000,-0.469000,-0.380000,-16.519000,19.802000,-43.466000,31.54
834896735,0.976000,-0.480000,-0.333000,-12.122000,21.481000,-43.405000,31.68
834907239,0.985000,-0.463000,-0.400000,-11.481000,23.435000,-45.756000,31.54
834921390,0.919000,-0.428000,-0.403000,-12.260000,19.863000,-42.641000,31.54
834926674,0.987000,-0.431000,-0.365000,-11.435000,19.038000,-42.198000,31.59
834936735,0.955000,-0.388000,-0.371000,-11.267000,17.405000,-41.863000,31.64
834947005,1.024000,-0.402000,-0.315000,-10.962000,18.870000,-43.878000,31.59
834954720,1.047000,-0.429000,-0.349000,-8.244000,24.015000,-47.649000,31.64
834965000,1.001000,-0.421000,-0.372000,-5.588000,25.786000,-47.802000,31.68
834971980,0.948000,-0.401000,-0.381000,-4.458000,21.954000,-45.954000,31.64
834989195,0.928000,-0.365000,-0.405000,-10.122000,16.366000,-43.160000,31.68
834997370,0.967000,-0.335000,-0.375000,-13.221000,11.191000,-39.008000,31.64
835003218,1.047000,-0.386000,-0.375000,-12.473000,10.626000,-38.947000,31.68
835019043,1.007000,-0.370000,-0.346000,-12.351000,15.908000,-37.939000,31.64
835026107,0.985000,-0.363000,-0.321000,-11.008000,13.664000,-36.214000,31.68
835034853,1.006000,-0.392000,-0.389000,-11.725000,16.947000,-37.130000,31.68
835048700,0.927000,-0.382000,-0.347000,-14.947000,14.122000,-36.000000,31.54
835058451,0.880000,-0.320000,-0.391000,-17.130000,7.664000,-32.214000,31.59
835064825,0.921000,-0.317000,-0.407000,-19.038000,1.313000,-29.084000,31.64
835071495,0.942000,-0.318000,-0.370000,-18.275000,-7.115000,-26.763000,31.59
835087445,1.002000,-0.260000,-0.403000,-16.427000,-8.382000,-22.702000,31.64
835096615,1.073000,-0.259000,-0.389000,-19.649000,-5.527000,-23.603000,31.68
835106254,1.103000,-0.282000,-0.352000,-22.015000,-0.580000,-24.046000,31.54
835118902,1.077000,-0.318000,-0.429000,-23.786000,9.679000,-26.214000,31.68
835130953,0.977000,-0.299000,-0.384000,-26.107000,9.542000,-25.969000,31.54
835136247,0.944000,-0.257000,-0.429000,-26.214000,3.481000,-21.924000,31.54
835146391,1.031000,-0.271000,-0.421000,-25.206000,0.137000,-18.885000,31.59
835155012,1.002000,-0.228000,-0.400000,-24.916000,-2.168000,-18.443000,31.54
835165384,1.034000,-0.167000,-0.380000,-22.534000,-9.405000,-15.817000,31.59
835171497,1.158000,-0.214000,-0.368000,-24.076000,-4.931000,-17.893000,31.64
835185079,1.141000,-0.214000,-0.358000,-22.229000,0.427000,-22.061000,31.59
835198429,1.128000,-0.218000,-0.408000,-24.641000,6.046000,-25.817000,31.64
835209447,1.069000,-0.274000,-0.385000,-24.687000,7.344000,-27.145000,31.59
835215347,1.018000,-0.270000,-0.430000,-23.359000,2.519000,-23.924000,31.64
835223767,1.073000,-0.281000,-0.432000,-22.214000,-1.130000,-22.901000,31.64
835234936,1.084000,-0.241000,-0.410000,-18.489000,-6.824000,-21.359000,31.54
835245916,1.159000,-0.205000,-0.361000,-16.366000,-1.954000,-20.519000,31.64
835256941,1.185000,-0.220000,-0.349000,-14.229000,3.450000,-22.947000,31.49
835265831,1.159000,-0.180000,-0.346000,-16.275000,7.725000,-24.351000,31.54
835273018,1.130000,-0.173000,-0.382000,-16.840000,10.305000,-28.046000,31.59
835283575,1.056000,-0.175000,-0.468000,-18.000000,9.023000,-31.252000,31.64
835299644,0.998000,-0.132000,-0.490000,-19.511000,-0.031000,-29.954000,31.68
835307626,1.084000,-0.198000,-0.451000,-21.527000,-7.466000,-30.702000,31.64
835315639,1.093000,-0.166000,-0.462000,-25.206000,-10.321000,-30.641000,31.64
835325728,1.183000,-0.222000,-0.419000,-23.450000,-7.481000,-30.000000,31.64
835336966,1.216000,-0.262000,-0.355000,-22.061000,2.427000,-32.977000,31.68
835345985,1.162000,-0.207000,-0.397000,-20.687000,10.794000,-33.832000,31.54
835358960,1.126000,-0.184000,-0.418000,-21.802000,16.702000,-37.237000,31.54
835364548,1.022000,-0.121000,-0.498000,-22.870000,10.885000,-35.359000,31.68
835372570,1.034000,-0.114000,-0.509000,-27.298000,2.916000,-35.786000,31.64
835383276,1.073000,-0.090000,-0.501000,-29.115000,-5.649000,-33.160000,31.59
835395502,1.136000,-0.117000,-0.479000,-33.863000,-7.160000,-33.954000,31.64
835405485,1.223000,-0.216000,-0.432000,-33.832000,1.267000,-35.924000,31.68
835415631,1.148000,-0.222000,-0.423000,-32.718000,10.122000,-36.305000,31.64
835425834,1.124000,-0.234000,-0.408000,-31.252000,15.527000,-37.573000,31.59
835435206,1.071000,-0.197000,-0.427000,-31.038000,16.443000,-38.489000,31.64
835445311,1.027000,-0.125000,-0.462000,-29.588000,13.084000,-38.901000,31.68
835456316,1.011000,-0.082000,-0.475000,-31.115000,5.130000,-38.427000,31.64
835467106,1.042000,-0.047000,-0.456000,-33.511000,-1.038000,-37.405000,31.54
835474975,1.143000,-0.049000,-0.405000,-35.893000,-3.115000,-39.878000,31.68
835483116,1.193000,-0.106000,-0.432000,-39.542000,3.573000,-42.427000,31.64
835499320,1.190000,-0.187000,-0.356000,-39.817000,12.214000,-47.481000,31.68
835511557,1.136000,-0.187000,-0.434000,-36.107000,19.008000,-49.527000,31.54
835520183,1.075000,-0.151000,-0.413000,-33.557000,20.061000,-51.466000,31.68
835522293,1.004000,-0.067000,-0.454000,-33.939000,13.710000,-52.000000,31.54
835538309,1.072000,-0.009000,-0.455000,-36.489000,3.695000,-50.458000,31.59
835548384,1.151000,-0.039000,-0.426000,-40.015000,2.427000,-52.290000,31.54
835555058,1.167000,0.000000,-0.394000,-39.115000,1.740000,-54.595000,31.49
835568284,1.257000,-0.039000,-0.378000,-39.649000,5.038000,-57.969000,31.68
835577345,1.255000,-0.099000,-0.343000,-36.565000,17.466000,-63.527000,31.54
835583546,1.139000,-0.065000,-0.449000,-34.336000,20.626000,-63.756000,31.59
835595043,1.119000,-0.096000,-0.409000,-34.015000,20.656000,-66.794000,31.54
835607115,1.023000,0.056000,-0.510000,-38.061000,12.336000,-64.855000,31.59
835621273,1.098000,0.092000,-0.468000,-44.183000,3.588000,-64.580000,31.54
835626173,1.164000,0.081000,-0.414000,-49.863000,2.153000,-64.275000,31.59
835636890,1.236000,0.068000,-0.434000,-52.244000,5.878000,-64.489000,31.64
835648135,1.261000,0.028000,-0.335000,-51.084000,12.305000,-68.656000,31.59
835655714,1.203000,-0.004000,-0.379000,-48.015000,18.550000,-72.092000,31.68
835667388,1.098000,0.060000,-0.444000,-49.038000,23.267000,-73.710000,31.54
835679130,1.030000,0.156000,-0.479000,-54.733000,12.824000,-72.183000,31.59
835686613,1.018000,0.230000,-0.577000,-67.695000,2.977000,-68.504000,31.64
835695316,1.125000,0.179000,-0.394000,-76.580000,-3.969000,-65.954000,31.59
835702255,1.239000,0.163000,-0.354000,-79.160000,-0.076000,-71.542000,31.54
835720874,1.275000,0.084000,-0.353000,-78.763000,9.481000,-75.359000,31.59
835731269,1.157000,0.076000,-0.333000,-74.046000,19.939000,-77.405000,31.64
835733787,0.998000,0.241000,-0.492000,-75.328000,14.046000,-74.061000,31.68
835748860,0.985000,0.349000,-0.551000,-80.214000,7.359000,-73.481000,31.73
835756326,1.029000,0.177000,-0.482000,-81.496000,-2.168000,-74.626000,31.54
835765685,1.000000,0.231000,-0.474000,-84.641000,-1.634000,-75.725000,31.59
835773842,1.070000,0.191000,-0.406000,-89.542000,0.870000,-76.947000,31.54
835787630,1.080000,0.084000,-0.357000,-85.282000,7.740000,-76.885000,31.68
835792029,1.070000,0.093000,-0.214000,-77.221000,17.679000,-77.557000,31.54
835802967,1.072000,0.135000,-0.226000,-67.878000,27.420000,-79.206000,31.59
835816996,0.895000,0.239000,-0.370000,-59.740000,29.496000,-78.855000,31.54
835829349,0.659000,0.455000,-0.486000,-65.389000,14.137000,-71.573000,31.59
835838108,0.790000,0.585000,-0.444000,-80.412000,-5.374000,-66.794000,31.49
835844430,1.014000,0.461000,-0.450000,-95.710000,-6.046000,-67.771000,31.54
835858493,1.057000,0.308000,-0.227000,-96.809000,6.076000,-68.733000,31.59
835867028,1.195000,0.092000,-0.025000,-85.252000,19.649000,-76.702000,31.64
835874596,1.003000,0.111000,-0.106000,-68.458000,39.924000,-83.573000,31.59
835886499,0.784000,0.121000,-0.082000,-55.740000,46.794000,-81.542000,31.64
835898771,0.566000,0.363000,-0.231000,-48.687000,34.641000,-71.405000,31.68
835903470,0.626000,0.545000,-0.202000,-56.107000,16.809000,-60.977000,31.64
835917086,0.733000,0.573000,-0.136000,-60.947000,2.046000,-58.351000,31.59
835929889,0.865000,0.647000,-0.116000,-63.740000,-4.809000,-59.069000,31.68
835938157,0.923000,0.566000,-0.037000,-62.031000,-5.863000,-61.802000,31.54
835943691,0.977000,0.475000,0.015000,-55.542000,0.840000,-63.939000,31.59
835963384,0.924000,0.429000,0.077000,-51.313000,11.313000,-63.893000,31.54
835971950,0.826000,0.427000,0.050000,-45.481000,15.756000,-58.351000,31.59
835978367,0.790000,0.405000,0.034000,-36.382000,15.649000,-50.107000,31.64
835985390,0.742000,0.529000,-0.039000,-24.733000,8.015000,-41.191000,31.68
835995987,0.760000,0.662000,-0.094000,-21.038000,-0.321000,-33.038000,31.54
836005389,0.831000,0.659000,-0.037000,-17.099000,-6.183000,-28.977000,31.68
836011351,0.903000,0.662000,0.022000,-9.771000,-6.015000,-25.557000,31.59
836023689,0.927000,0.710000,0.016000,-4.870000,-0.977000,-21.969000,31.64
836038941,0.863000,0.700000,-0.017000,-1.389000,3.160000,-18.611000,31.59
836048099,0.776000,0.726000,0.005000,1.237000,2.992000,-11.115000,31.64
836056651,0.799000,0.732000,-0.012000,5.771000,0.947000,-4.382000,31.49
836069374,0.841000,0.755000,-0.029000,13.786000,0.626000,-0.687000,31.54
836076373,0.875000,0.759000,-0.063000,22.641000,0.366000,0.794000,31.59
836086867,0.845000,0.713000,-0.086000,29.649000,1.817000,2.672000,31.54
836099772,0.838000,0.672000,-0.064000,35.252000,2.412000,4.885000,31.54
836106551,0.754000,0.718000,-0.152000,36.641000,0.580000,10.275000,31.59
836114213,0.747000,0.693000,-0.122000,35.160000,-2.885000,18.275000,31.54
836121458,0.820000,0.628000,-0.053000,38.305000,-3.038000,24.580000,31.59
836138624,0.790000,0.612000,-0.104000,41.618000,-3.618000,30.336000,31.64
836150727,0.781000,0.609000,-0.136000,44.290000,-4.489000,36.015000,31.68
836153780,0.786000,0.585000,-0.146000,45.542000,-5.863000,40.504000,31.54
836165167,0.795000,0.509000,-0.118000,47.985000,-6.702000,45.008000,31.59
836176584,0.787000,0.481000,-0.124000,51.786000,-6.168000,50.382000,31.64
836184861,0.774000,0.475000,-0.151000,54.336000,-7.359000,54.611000,31.68
836195722,0.777000,0.444000,-0.150000,57.176000,-8.885000,60.992000,31.68
836204598,0.813000,0.436000,-0.141000,62.992000,-9.771000,65.756000,31.64
836212252,0.827000,0.492000,-0.222000,67.191000,-11.466000,68.702000,31.68
836223341,0.839000,0.488000,-0.216000,68.824000,-15.435000,71.359000,31.64
836236514,0.858000,0.446000,-0.233000,70.824000,-19.176000,73.466000,31.68
836245590,0.891000,0.429000,-0.210000,72.687000,-19.878000,75.359000,31.73
836255051,0.914000,0.410000,-0.213000,73.725000,-20.137000,76.916000,31.68
836265451,0.920000,0.357000,-0.248000,74.336000,-18.015000,78.641000,31.54
836277483,0.918000,0.351000,-0.244000,77.420000,-17.695000,81.481000,31.59
836283557,0.980000,0.341000,-0.273000,79.710000,-15.603000,82.519000,31.59
836296438,0.975000,0.320000,-0.273000,83.481000,-13.405000,83.847000,31.54
836306503,1.030000,0.298000,-0.289000,86.977000,-10.840000,83.176000,31.59
836314062,1.035000,0.265000,-0.312000,91.603000,-6.947000,84.977000,31.64
836324437,1.040000,0.227000,-0.293000,93.359000,-1.282000,84.656000,31.49
836333060,0.976000,0.264000,-0.343000,90.901000,-0.977000,87.206000,31.64
836345694,1.049000,0.232000,-0.335000,90.412000,0.366000,88.779000,31.59
836357285,1.005000,0.223000,-0.353000,90.489000,1.695000,88.733000,31.64
836364069,1.024000,0.204000,-0.373000,90.687000,-1.435000,88.947000,31.59
836377573,1.093000,0.110000,-0.331000,95.603000,-0.244000,87.008000,31.59
836386389,1.055000,0.119000,-0.345000,97.649000,1.115000,86.702000,31.64
836396755,1.032000,0.141000,-0.387000,95.420000,1.298000,85.710000,31.59
836406244,0.995000,0.135000,-0.383000,91.405000,0.198000,88.397000,31.64
836414445,1.000000,0.148000,-0.403000,90.000000,-3.481000,89.176000,31.59
836421755,1.019000,0.109000,-0.430000,86.336000,-7.771000,90.198000,31.54
836433675,1.042000,0.017000,-0.391000,87.954000,-10.290000,92.290000,31.49
836448199,1.098000,-0.032000,-0.269000,93.099000,-6.000000,91.084000,31.54
836456121,1.092000,-0.035000,-0.386000,96.565000,-2.611000,88.092000,31.68
836465654,1.048000,-0.040000,-0.421000,94.702000,-1.496000,88.992000,31.49
836478776,0.975000,-0.014000,-0.429000,89.756000,-4.702000,94.794000,31.64
836484961,0.974000,0.021000,-0.471000,80.565000,-10.198000,96.305000,31.68
836494309,1.020000,-0.021000,-0.454000,74.382000,-13.786000,98.809000,31.64
836506737,1.081000,-0.120000,-0.449000,72.809000,-13.191000,99.160000,31.59
836516281,1.133000,-0.229000,-0.372000,79.573000,-6.229000,100.244000,31.54
836523303,1.083000,-0.221000,-0.397000,85.374000,-1.725000,98.916000,31.49
836534669,1.156000,-0.172000,-0.558000,81.176000,9.603000,98.046000,31.54
836545085,0.934000,-0.203000,-0.486000,76.122000,-0.870000,99.527000,31.49
836555516,0.940000,-0.197000,-0.511000,66.855000,-4.779000,104.779000,31.54
836564446,0.922000,-0.169000,-0.468000,59.053000,-13.099000,110.046000,31.54
836577206,0.981000,-0.202000,-0.476000,53.954000,-15.191000,113.634000,31.59
836588624,1.073000,-0.354000,-0.374000,57.802000,-9.756000,112.840000,31.64
836593947,1.013000,-0.355000,-0.387000,61.802000,-6.153000,108.916000,31.59
836604949,0.966000,-0.304000,-0.433000,61.206000,-9.435000,108.855000,31.54
836620401,0.884000,-0.313000,-0.509000,52.733000,-16.992000,111.008000,31.59
836624794,0.898000,-0.322000,-0.430000,50.763000,-23.069000,117.664000,31.64
836634734,0.964000,-0.353000,-0.486000,46.290000,-29.756000,115.176000,31.59
836642944,0.963000,-0.397000,-0.477000,46.687000,-29.145000,113.389000,31.54
836656783,1.000000,-0.478000,-0.413000,51.786000,-28.458000,111.664000,31.54
836667129,1.083000,-0.559000,-0.339000,55.649000,-17.695000,104.046000,31.54
836674028,0.945000,-0.492000,-0.389000,59.313000,-16.565000,106.168000,31.54
836687467,0.894000,-0.469000,-0.458000,55.527000,-20.794000,109.863000,31.59
836695995,0.905000,-0.462000,-0.395000,54.397000,-24.580000,110.534000,31.64
836703825,0.898000,-0.437000,-0.487000,50.840000,-30.794000,110.061000,31.68
836718803,0.964000,-0.549000,-0.438000,51.282000,-31.069000,111.252000,31.54
836727830,0.985000,-0.610000,-0.404000,55.924000,-24.794000,106.275000,31.59
836734301,0.974000,-0.663000,-0.375000,60.061000,-19.771000,102.870000,31.54
836741057,0.927000,-0.685000,-0.388000,62.229000,-14.809000,101.206000,31.64
836758808,0.826000,-0.655000,-0.378000,60.733000,-17.603000,100.198000,31.54
836766251,0.824000,-0.598000,-0.457000,57.221000,-20.489000,99.359000,31.59
836774803,0.836000,-0.610000,-0.430000,54.809000,-26.321000,97.405000,31.64
836788137,0.873000,-0.658000,-0.469000,56.198000,-29.634000,96.000000,31.54
836795358,0.855000,-0.687000,-0.391000,57.221000,-29.328000,95.664000,31.59
836806008,0.885000,-0.712000,-0.333000,60.489000,-28.962000,94.473000,31.64
836815816,0.863000,-0.745000,-0.349000,64.366000,-22.366000,93.450000,31.59
836823769,0.854000,-0.729000,-0.398000,61.695000,-17.725000,92.748000,31.64
836835000,0.778000,-0.739000,-0.424000,57.420000,-19.710000,97.328000,31.59
836841251,0.821000,-0.777000,-0.394000,54.000000,-17.237000,96.153000,31.54
836855087,0.821000,-0.764000,-0.361000,56.443000,-15.344000,94.382000,31.59
836865665,0.785000,-0.761000,-0.409000,57.466000,-13.313000,93.756000,31.54
836874034,0.789000,-0.709000,-0.390000,59.664000,-14.687000,92.916000,31.59
836885467,0.750000,-0.731000,-0.394000,59.954000,-14.641000,91.802000,31.64
836893905,0.738000,-0.730000,-0.392000,56.794000,-17.908000,94.885000,31.73
836904507,0.702000,-0.753000,-0.419000,53.802000,-19.603000,96.519000,31.59
836915992,0.736000,-0.830000,-0.397000,54.046000,-18.687000,98.290000,31.64
836925889,0.715000,-0.849000,-0.292000,57.191000,-15.634000,96.962000,31.59
836935451,0.719000,-0.894000,-0.399000,59.573000,-9.267000,93.679000,31.54
836941721,0.664000,-0.890000,-0.394000,62.321000,-6.137000,95.344000,31.59
836958857,0.603000,-0.911000,-0.400000,59.924000,-6.061000,98.092000,31.54
836967118,0.538000,-0.851000,-0.345000,55.511000,-11.145000,102.137000,31.59
836973667,0.593000,-0.874000,-0.373000,52.626000,-14.137000,102.550000,31.54
836985074,0.590000,-0.910000,-0.322000,49.267000,-14.885000,103.145000,31.59
837000300,0.570000,-0.907000,-0.285000,50.473000,-12.427000,99.328000,31.54
837006301,0.559000,-0.920000,-0.355000,53.298000,-10.351000,96.260000,31.64
837012843,0.506000,-0.929000,-0.282000,55.084000,-8.870000,93.221000,31.59
837024328,0.476000,-0.946000,-0.349000,51.282000,-11.771000,92.901000,31.54
837035456,0.452000,-0.962000,-0.344000,47.893000,-13.450000,95.221000,31.49
837042098,0.470000,-1.015000,-0.288000,42.916000,-15.878000,96.229000,31.54
837054233,0.472000,-1.070000,-0.244000,43.252000,-15.832000,99.634000,31.49
837067380,0.482000,-1.017000,-0.171000,44.580000,-10.840000,99.267000,31.64
837074461,0.500000,-1.061000,-0.276000,43.298000,-6.809000,95.740000,31.59
837087535,0.410000,-1.042000,-0.231000,45.542000,-3.496000,97.130000,31.54
837100404,0.387000,-1.015000,-0.244000,46.397000,-4.931000,96.565000,31.54
837105843,0.385000,-0.998000,-0.287000,42.641000,-7.573000,95.435000,31.54
837113155,0.290000,-1.015000,-0.142000,38.489000,-8.427000,99.115000,31.54
837125825,0.395000,-0.992000,-0.170000,37.466000,-9.878000,97.939000,31.49
837135369,0.386000,-1.004000,-0.169000,37.771000,-8.656000,96.855000,31.64
837142979,0.404000,-1.065000,-0.184000,37.740000,-3.511000,96.458000,31.59
837159185,0.380000,-1.078000,-0.217000,40.107000,7.924000,96.168000,31.64
837173566,0.183000,-1.056000,-0.224000,41.053000,-7.954000,97.573000,31.68
837180591,0.361000,-1.104000,-0.215000,37.435000,-0.443000,104.336000,31.64
837183953,0.359000,-1.103000,-0.146000,37.924000,1.069000,95.939000,31.64
837198422,0.343000,-1.135000,-0.124000,40.397000,9.603000,87.374000,31.64
837204813,0.280000,-1.110000,-0.123000,46.473000,11.374000,92.076000,31.59
837214991,0.253000,-1.056000,-0.111000,46.702000,14.916000,88.840000,31.49
837227864,0.193000,-1.105000,-0.118000,52.718000,7.252000,102.931000,31.54
837237831,0.275000,-1.068000,-0.209000,40.305000,13.115000,90.565000,31.59
837244674,0.130000,-1.095000,-0.084000,43.786000,9.954000,92.168000,31.64
837251503,0.133000,-1.104000,-0.169000,38.840000,4.183000,87.756000,31.59
837264950,0.222000,-1.130000,-0.051000,41.893000,11.405000,88.489000,31.54
837272957,0.223000,-1.106000,-0.028000,40.733000,15.176000,79.038000,31.59
837283641,0.200000,-1.099000,-0.051000,40.412000,16.336000,76.290000,31.64
837296023,0.210000,-1.105000,-0.031000,40.992000,20.794000,76.351000,31.49
837309883,0.123000,-1.057000,-0.084000,39.298000,19.511000,74.824000,31.54
837314852,0.082000,-1.068000,-0.122000,32.031000,13.908000,68.504000,31.49
837326153,0.082000,-1.138000,-0.022000,35.786000,8.855000,68.382000,31.49
837337938,0.156000,-1.157000,-0.026000,35.618000,9.985000,63.221000,31.54
837341743,0.209000,-1.117000,-0.046000,33.618000,18.412000,57.267000,31.59
837352982,0.138000,-1.135000,0.025000,36.626000,18.672000,53.847000,31.64
837367010,0.085000,-1.094000,0.008000,33.282000,19.786000,50.947000,31.59
837377332,0.086000,-1.082000,-0.048000,30.870000,16.885000,47.817000,31.64
837385484,0.060000,-1.080000,-0.000000,28.580000,14.107000,44.870000,31.59
837395854,0.085000,-1.070000,-0.061000,25.389000,11.664000,42.092000,31.54
837409098,0.120000,-1.078000,-0.008000,25.740000,12.458000,39.374000,31.59
837415717,0.120000,-1.087000,-0.007000,26.000000,14.443000,34.305000,31.54
837425813,0.109000,-1.095000,-0.011000,25.405000,17.832000,29.542000,31.59
837436695,0.065000,-1.077000,0.007000,24.397000,17.786000,27.511000,31.49
837444402,-0.012000,-0.974000,-0.050000,19.221000,18.427000,32.473000,31.54
837454278,0.059000,-1.112000,0.022000,21.359000,13.038000,25.053000,31.59
837461389,0.010000,-1.018000,-0.023000,21.420000,11.359000,20.809000,31.54
837477339,0.000000,-1.013000,0.000000,18.672000,7.847000,24.198000,31.59
837487584,0.026000,-1.022000,0.011000,17.466000,7.740000,22.809000,31.54
837493981,0.018000,-1.030000,0.036000,17.771000,9.496000,20.962000,31.59
837507578,-0.020000,-1.000000,0.036000,14.000000,9.618000,19.008000,31.54
837515917,-0.022000,-0.999000,0.029000,13.710000,11.374000,18.611000,31.59
837526095,-0.052000,-1.006000,0.050000,13.878000,11.878000,17.603000,31.64
837536577,-0.068000,-0.975000,0.035000,10.901000,11.908000,17.603000,31.54
837547392,-0.062000,-0.989000,0.047000,10.656000,13.237000,15.420000,31.59
837551893,-0.095000,-0.974000,0.040000,8.397000,12.504000,15.420000,31.45
837563353,-0.110000,-0.990000,0.049000,5.985000,9.969000,15.069000,31.59
837578353,-0.120000,-0.986000,0.058000,7.511000,9.313000,16.519000,31.54
837590231,-0.092000,-0.984000,0.062000,7.466000,9.176000,15.160000,31.59
837594993,-0.073000,-0.961000,0.068000,6.351000,9.847000,14.870000,31.54
837608996,-0.092000,-0.948000,0.085000,4.794000,11.649000,14.748000,31.59
837619071,-0.122000,-0.940000,0.067000,6.229000,10.641000,15.282000,31.64
837624936,-0.131000,-0.931000,0.054000,2.489000,10.015000,16.473000,31.54
837636576,-0.126000,-0.970000,0.047000,0.885000,9.466000,16.504000,31.64
837645233,-0.118000,-1.003000,0.068000,4.305000,7.740000,18.901000,31.59
837653474,-0.069000,-0.993000,0.076000,6.718000,9.084000,17.664000,31.59
837665679,-0.112000,-1.022000,0.111000,11.405000,8.183000,13.145000,31.54
837679428,-0.050000,-0.924000,0.033000,11.664000,14.779000,18.794000,31.59
837689276,-0.127000,-0.929000,0.069000,8.611000,14.733000,16.626000,31.54
837697266,-0.139000,-0.917000,0.071000,5.176000,11.802000,16.046000,31.59
837706884,-0.108000,-0.959000,0.094000,5.206000,11.420000,13.313000,31.64
837719718,-0.103000,-0.969000,0.077000,6.641000,11.710000,12.611000,31.59
837724827,-0.109000,-0.940000,0.070000,7.634000,12.351000,13.099000,31.54
837734541,-0.062000,-0.988000,0.084000,6.076000,12.992000,8.153000,31.59
837748023,-0.128000,-0.981000,0.100000,10.473000,13.878000,11.908000,31.64
837755249,-0.097000,-0.956000,0.117000,8.351000,14.076000,11.023000,31.64
837762188,-0.116000,-0.959000,0.086000,7.573000,13.771000,10.519000,31.59
837779081,-0.134000,-0.993000,0.138000,8.504000,13.130000,8.290000,31.64
837790789,-0.149000,-0.962000,0.089000,5.969000,13.313000,6.061000,31.59
837798868,-0.142000,-0.961000,0.112000,5.466000,10.397000,5.878000,31.54
837805085,-0.126000,-0.966000,0.106000,5.695000,9.985000,5.176000,31.59
837819564,-0.112000,-0.965000,0.093000,2.916000,10.947000,2.947000,31.64
837826868,-0.103000,-0.992000,0.099000,3.176000,10.626000,1.863000,31.68
837834422,-0.096000,-0.980000,0.109000,2.687000,11.237000,0.458000,31.54
837845681,-0.098000,-0.975000,0.085000,0.916000,10.519000,-0.137000,31.59
837856434,-0.107000,-0.991000,0.113000,2.641000,10.840000,0.061000,31.64
837864895,-0.131000,-0.997000,0.076000,3.878000,11.710000,-0.992000,31.54
837871952,-0.148000,-0.971000,0.076000,1.359000,8.489000,-2.015000,31.59
837888402,-0.112000,-0.976000,0.102000,2.107000,6.916000,-2.000000,31.54
837900306,-0.121000,-0.959000,0.115000,0.977000,7.389000,-3.954000,31.59
837905170,-0.133000,-0.941000,0.108000,0.840000,8.031000,-3.176000,31.64
837915840,-0.119000,-0.949000,0.098000,-0.336000,8.122000,-5.374000,31.49
837924845,-0.126000,-0.954000,0.096000,-0.275000,8.534000,-5.832000,31.54
837936199,-0.132000,-0.950000,0.090000,-1.298000,7.985000,-6.244000,31.59
837951598,-0.155000,-0.948000,0.085000,-2.840000,6.931000,-6.473000,31.64
837962531,-0.152000,-0.961000,0.073000,-3.710000,4.443000,-6.275000,31.59
837964974,-0.136000,-0.976000,0.094000,-3.130000,4.321000,-6.092000,31.59
837974205,-0.136000,-0.986000,0.088000,-2.672000,4.580000,-5.802000,31.64
837981260,-0.138000,-0.973000,0.098000,-1.725000,5.145000,-4.901000,31.59
837997010,-0.147000,-0.948000,0.089000,-1.557000,5.313000,-4.244000,31.64
838004471,-0.148000,-0.942000,0.088000,-3.115000,4.718000,-3.969000,31.49
838014348,-0.154000,-0.929000,0.085000,-3.588000,4.779000,-2.977000,31.64
838026286,-0.132000,-0.934000,0.113000,-5.282000,3.542000,-3.847000,31.59
838033247,-0.156000,-0.923000,0.096000,-5.710000,3.237000,-3.405000,31.64
838045060,-0.171000,-0.928000,0.080000,-6.794000,1.832000,-2.351000,31.59
838056536,-0.145000,-0.936000,0.105000,-6.626000,0.992000,-1.359000,31.54
838066989,-0.135000,-0.945000,0.091000,-6.992000,1.450000,-1.252000,31.64
838072802,-0.145000,-0.939000,0.102000,-8.672000,0.794000,-1.893000,31.68
838083478,-0.135000,-0.954000,0.108000,-7.252000,0.962000,0.840000,31.54
838099602,-0.129000,-0.960000,0.095000,-6.748000,2.031000,0.687000,31.49
838104832,-0.158000,-0.949000,0.126000,-4.641000,2.076000,2.107000,31.54
838115461,-0.135000,-0.944000,0.116000,-4.855000,3.939000,0.916000,31.59
838125958,-0.153000,-0.928000,0.076000,-5.038000,3.481000,1.252000,31.64
838136711,-0.154000,-0.929000,0.097000,-5.084000,2.626000,3.084000,31.59
838142660,-0.150000,-0.943000,0.086000,-5.802000,2.031000,2.641000,31.64
838158853,-0.136000,-0.961000,0.093000,-5.191000,2.977000,3.084000,31.54
838165812,-0.126000,-0.961000,0.109000,-4.748000,4.504000,2.962000,31.59
838173927,-0.156000,-0.967000,0.099000,-5.344000,5.603000,1.664000,31.54
838181169,-0.176000,-0.956000,0.084000,-4.824000,5.725000,2.824000,31.59
838198747,-0.153000,-0.963000,0.098000,-4.046000,4.031000,3.496000,31.54
838209358,-0.132000,-0.956000,0.097000,-2.931000,4.977000,3.405000,31.59
838218315,-0.137000,-0.950000,0.080000,-3.374000,6.779000,2.947000,31.54
838225610,-0.148000,-0.930000,0.079000,-4.122000,8.092000,3.221000,31.59
838241788,-0.156000,-0.934000,0.084000,-3.908000,7.756000,3.221000,31.54
838247039,-0.142000,-0.923000,0.110000,-4.809000,7.511000,2.244000,31.54
838254590,-0.167000,-0.911000,0.112000,-5.969000,5.527000,0.733000,31.54
838266936,-0.204000,-0.927000,0.040000,-7.893000,1.130000,1.374000,31.54
838275555,-0.121000,-0.988000,0.108000,-4.931000,-0.351000,3.985000,31.59
838283627,-0.076000,-0.988000,0.102000,-1.893000,3.130000,3.038000,31.54
838290770,-0.117000,-0.964000,0.094000,-0.214000,5.313000,2.534000,31.68
838305293,-0.128000,-0.960000,0.080000,-1.282000,4.855000,0.794000,31.64
838317591,-0.125000,-0.971000,0.096000,-1.481000,4.092000,0.977000,31.59
838324264,-0.117000,-0.963000,0.098000,-1.038000,5.176000,1.099000,31.54
838335646,-0.103000,-0.968000,0.110000,-2.366000,5.359000,-1.847000,31.64
838346356,-0.143000,-0.942000,0.080000,-4.290000,3.740000,-4.061000,31.64
838354712,-0.174000,-0.960000,0.094000,-5.191000,0.733000,-4.015000,31.59
838363174,-0.121000,-0.972000,0.078000,-5.160000,0.534000,-3.664000,31.59
838374663,-0.099000,-0.990000,0.094000,-2.779000,1.573000,-4.641000,31.64
838382401,-0.116000,-0.985000,0.082000,-1.817000,2.641000,-6.076000,31.59
838393078,-0.144000,-0.967000,0.058000,-3.160000,1.145000,-6.931000,31.64
838405893,-0.136000,-0.977000,0.089000,-4.840000,-0.595000,-7.863000,31.59
838416990,-0.106000,-0.959000,0.104000,-6.794000,-0.550000,-9.618000,31.54
838425693,-0.115000,-0.955000,0.073000,-9.420000,-0.977000,-11.481000,31.64
838433417,-0.126000,-0.964000,0.061000,-10.855000,-2.779000,-11.725000,31.54
838447924,-0.104000,-0.974000,0.069000,-10.397000,-3.206000,-11.924000,31.59
838456539,-0.101000,-0.975000,0.066000,-10.809000,-2.718000,-12.519000,31.45
838465545,-0.116000,-0.968000,0.060000,-11.893000,-3.084000,-12.214000,31.54
838474388,-0.107000,-0.984000,0.050000,-13.389000,-4.153000,-14.153000,31.59
838485157,-0.118000,-0.956000,0.059000,-14.824000,-4.855000,-12.794000,31.54
838492975,-0.097000,-0.980000,0.059000,-17.908000,-5.985000,-14.214000,31.49
838509359,-0.107000,-0.974000,0.049000,-19.679000,-6.809000,-15.756000,31.54
838518845,-0.109000,-0.945000,0.045000,-21.420000,-8.290000,-16.305000,31.59
838525403,-0.109000,-0.957000,0.039000,-25.023000,-10.351000,-17.954000,31.54
838535810,-0.074000,-0.973000,0.033000,-25.878000,-8.824000,-18.015000,31.59
838546716,-0.089000,-0.994000,0.008000,-28.046000,-9.588000,-19.160000,31.54
838556593,-0.055000,-1.022000,0.021000,-27.557000,-8.824000,-21.924000,31.59
838564149,-0.078000,-1.036000,0.033000,-27.817000,-8.794000,-23.985000,31.49
838575938,-0.072000,-1.037000,0.060000,-27.359000,-8.153000,-24.214000,31.64
838587357,-0.082000,-1.038000,0.020000,-28.351000,-8.763000,-24.992000,31.59
838592454,-0.104000,-1.043000,0.005000,-30.031000,-10.122000,-24.901000,31.54
838604248,-0.092000,-1.043000,0.006000,-31.511000,-12.672000,-26.015000,31.59
838620557,-0.002000,-1.056000,-0.013000,-31.969000,-9.573000,-32.885000,31.64
838628765,-0.051000,-1.007000,-0.002000,-32.885000,-10.198000,-28.351000,31.68
838634890,-0.032000,-1.036000,0.008000,-36.824000,-11.939000,-36.260000,31.54
838646624,0.006000,-1.034000,0.056000,-36.275000,-11.466000,-38.763000,31.59
838657336,0.047000,-1.038000,0.027000,-35.328000,-6.779000,-40.687000,31.59
838662482,0.022000,-1.034000,0.001000,-36.153000,-6.321000,-42.443000,31.64
838674341,0.005000,-1.068000,-0.040000,-35.053000,-6.153000,-43.603000,31.59
838685220,-0.000000,-1.058000,-0.048000,-34.504000,-7.511000,-44.870000,31.64
838692998,0.028000,-1.093000,-0.021000,-32.489000,-9.115000,-46.061000,31.59
838703537,0.068000,-1.104000,0.004000,-29.878000,-7.771000,-48.092000,31.64
838716937,0.085000,-1.068000,-0.010000,-29.771000,-4.962000,-51.893000,31.59
838727479,0.059000,-1.012000,-0.011000,-30.061000,-2.779000,-50.550000,31.54
838736701,0.080000,-1.020000,0.007000,-30.824000,-0.595000,-52.595000,31.68
838746638,0.075000,-1.013000,-0.056000,-30.702000,1.160000,-56.580000,31.59
838754242,0.035000,-1.002000,-0.086000,-32.046000,-0.382000,-56.626000,31.64
838765470,0.035000,-1.033000,-0.076000,-31.649000,-2.412000,-57.145000,31.59
838776956,0.032000,-1.051000,-0.052000,-32.214000,-3.954000,-56.733000,31.54
838789070,0.044000,-1.064000,-0.069000,-35.847000,-2.595000,-59.130000,31.59
838796996,0.074000,-1.066000,-0.075000,-34.290000,-1.252000,-59.511000,31.64
838803219,0.106000,-1.056000,-0.102000,-37.267000,0.260000,-62.107000,31.68
838816153,0.052000,-1.059000,-0.064000,-37.603000,-0.092000,-62.595000,31.54
838824075,0.067000,-1.019000,-0.096000,-41.985000,-0.687000,-62.382000,31.59
838836467,0.093000,-1.052000,-0.124000,-41.771000,-0.824000,-62.947000,31.64
838841934,0.077000,-1.027000,-0.126000,-42.763000,-3.954000,-64.061000,31.64
838858599,0.142000,-1.051000,-0.147000,-46.565000,-3.359000,-67.221000,31.49
838867440,0.146000,-1.083000,-0.112000,-45.893000,-4.061000,-67.450000,31.54
838874513,0.106000,-1.064000,-0.164000,-49.557000,-4.809000,-64.733000,31.49
838886260,0.160000,-1.052000,-0.205000,-55.053000,-7.420000,-64.489000,31.54
838893010,0.209000,-1.068000,-0.142000,-54.947000,-5.924000,-64.366000,31.59
838902981,0.214000,-1.018000,-0.129000,-56.870000,-3.725000,-65.863000,31.54
838915151,0.213000,-0.990000,-0.198000,-58.412000,-4.015000,-66.748000,31.59
838926084,0.211000,-0.986000,-0.183000,-60.321000,-4.076000,-65.893000,31.54
838935645,0.241000,-0.979000,-0.251000,-64.519000,-5.282000,-68.336000,31.54
838946259,0.265000,-1.043000,-0.244000,-65.527000,-6.580000,-66.443000,31.59
838955397,0.270000,-1.031000,-0.261000,-69.908000,-8.702000,-71.679000,31.64
838966593,0.282000,-1.099000,-0.262000,-67.756000,-7.863000,-68.962000,31.59
838972673,0.323000,-1.106000,-0.208000,-65.725000,-6.382000,-69.069000,31.64
838986840,0.336000,-1.072000,-0.226000,-62.901000,-2.687000,-68.687000,31.68
838995420,0.362000,-1.079000,-0.289000,-62.168000,-0.595000,-72.763000,31.54
839003381,0.316000,-1.028000,-0.260000,-58.244000,-0.824000,-68.183000,31.59
839014463,0.375000,-0.988000,-0.284000,-58.763000,0.641000,-72.504000,31.54
839021647,0.403000,-0.979000,-0.335000,-58.260000,4.260000,-73.008000,31.49
839035109,0.432000,-1.042000,-0.305000,-56.305000,2.336000,-76.214000,31.49
839046220,0.391000,-0.999000,-0.295000,-52.321000,6.351000,-72.092000,31.64
839054121,0.360000,-0.981000,-0.296000,-53.374000,4.351000,-74.458000,31.49
839069278,0.441000,-0.980000,-0.274000,-52.824000,7.863000,-73.832000,31.64
839074382,0.422000,-0.955000,-0.293000,-51.756000,12.397000,-73.985000,31.59
839085416,0.416000,-0.959000,-0.316000,-52.122000,14.336000,-76.687000,31.54
839096167,0.388000,-0.969000,-0.346000,-51.374000,15.176000,-76.870000,31.68
839103707,0.411000,-0.994000,-0.322000,-50.672000,16.855000,-77.542000,31.64
839114569,0.429000,-1.026000,-0.365000,-49.206000,19.969000,-78.214000,31.49
839121492,0.400000,-1.016000,-0.319000,-46.122000,22.458000,-76.565000,31.68
839141235,0.461000,-0.992000,-0.321000,-44.565000,24.931000,-76.137000,31.64
839150450,0.441000,-0.917000,-0.333000,-43.908000,26.244000,-74.947000,31.59
839152801,0.482000,-0.926000,-0.370000,-42.244000,26.412000,-76.855000,31.45
839168011,0.442000,-0.889000,-0.382000,-40.809000,26.473000,-76.336000,31.59
839174346,0.482000,-0.892000,-0.371000,-40.061000,28.641000,-79.786000,31.64
839184229,0.507000,-0.878000,-0.391000,-41.405000,30.229000,-77.237000,31.59
839196408,0.525000,-0.897000,-0.419000,-43.771000,30.473000,-77.603000,31.54
839206837,0.503000,-0.918000,-0.387000,-42.183000,29.985000,-75.313000,31.59
839214467,0.534000,-0.890000,-0.369000,-37.389000,30.672000,-72.092000,31.59
839221007,0.584000,-0.876000,-0.406000,-35.969000,32.336000,-74.977000,31.64
839236587,0.574000,-0.857000,-0.409000,-35.038000,34.855000,-74.672000,31.59
839246435,0.583000,-0.823000,-0.367000,-34.870000,34.565000,-75.725000,31.54
839255757,0.599000,-0.808000,-0.444000,-37.924000,32.275000,-77.405000,31.68
839268476,0.581000,-0.831000,-0.410000,-40.458000,31.664000,-76.397000,31.64
839280640,0.616000,-0.858000,-0.384000,-37.344000,30.855000,-74.840000,31.59
839286235,0.624000,-0.828000,-0.393000,-35.191000,31.527000,-72.565000,31.54
839296576,0.645000,-0.786000,-0.384000,-34.382000,33.130000,-72.122000,31.59
839306128,0.662000,-0.763000,-0.388000,-33.832000,33.573000,-72.092000,31.68
839316485,0.655000,-0.736000,-0.390000,-35.084000,32.366000,-72.153000,31.54
839325545,0.638000,-0.726000,-0.416000,-36.779000,31.618000,-71.389000,31.59
839332244,0.626000,-0.741000,-0.433000,-41.374000,30.122000,-73.023000,31.64
839345099,0.667000,-0.812000,-0.423000,-40.809000,30.931000,-71.832000,31.59
839354274,0.654000,-0.840000,-0.365000,-36.718000,32.473000,-73.267000,31.64
839363533,0.667000,-0.805000,-0.314000,-28.550000,34.840000,-72.458000,31.59
839376380,0.691000,-0.771000,-0.369000,-22.473000,33.893000,-72.183000,31.64
839389140,0.692000,-0.700000,-0.375000,-20.489000,31.771000,-71.466000,31.59
839395194,0.679000,-0.606000,-0.366000,-20.901000,26.412000,-68.076000,31.54
839405092,0.786000,-0.634000,-0.355000,-24.397000,25.557000,-65.664000,31.45
839416456,0.817000,-0.658000,-0.360000,-25.771000,28.534000,-64.901000,31.59
839425182,0.839000,-0.693000,-0.346000,-23.664000,31.756000,-64.962000,31.64
839431681,0.841000,-0.695000,-0.360000,-20.458000,33.847000,-65.893000,31.59
839443684,0.859000,-0.702000,-0.351000,-18.260000,38.351000,-66.595000,31.54
839456917,0.780000,-0.655000,-0.398000,-18.351000,36.641000,-65.771000,31.59
839463772,0.798000,-0.634000,-0.367000,-16.916000,33.481000,-63.237000,31.54
839477308,0.822000,-0.626000,-0.365000,-15.282000,30.901000,-61.267000,31.59
839490367,0.822000,-0.578000,-0.333000,-9.893000,28.855000,-58.840000,31.64
839496200,0.896000,-0.573000,-0.366000,-9.527000,29.359000,-57.557000,31.64
839505848,0.859000,-0.522000,-0.427000,-11.740000,28.962000,-57.756000,31.54
839516338,0.851000,-0.553000,-0.401000,-17.344000,25.939000,-55.878000,31.59
839526268,0.834000,-0.564000,-0.421000,-21.099000,23.618000,-55.252000,31.49
839532012,0.858000,-0.587000,-0.383000,-21.603000,22.519000,-52.351000,31.54
839543500,0.904000,-0.616000,-0.332000,-16.885000,21.832000,-52.229000,31.49
839558592,0.854000,-0.520000,-0.346000,-11.237000,16.244000,-51.038000,31.54
839570651,0.885000,-0.490000,-0.420000,-8.962000,12.137000,-45.954000,31.49
839575054,0.895000,-0.477000,-0.427000,-11.282000,7.893000,-45.695000,31.64
839588631,0.871000,-0.430000,-0.461000,-18.702000,0.305000,-45.130000,31.59
839598384,0.990000,-0.492000,-0.442000,-24.824000,-1.252000,-43.649000,31.54
839606037,0.953000,-0.591000,-0.339000,-26.229000,1.267000,-43.786000,31.59
839617233,0.960000,-0.570000,-0.344000,-25.008000,5.420000,-41.710000,31.54
839627338,0.972000,-0.566000,-0.373000,-23.053000,8.702000,-41.863000,31.54
839632042,0.888000,-0.518000,-0.389000,-20.992000,6.626000,-40.275000,31.68
839643549,0.866000,-0.457000,-0.404000,-21.817000,-1.603000,-38.885000,31.54
839656559,0.898000,-0.435000,-0.430000,-24.824000,-7.832000,-37.206000,31.68
839669308,0.955000,-0.488000,-0.436000,-25.954000,-8.534000,-37.481000,31.64
839674493,0.941000,-0.490000,-0.362000,-26.595000,-7.710000,-37.023000,31.59
839686461,0.990000,-0.505000,-0.352000,-27.023000,-5.695000,-36.443000,31.54
839697827,0.935000,-0.540000,-0.386000,-26.031000,-5.634000,-34.061000,31.59
839705994,0.910000,-0.543000,-0.411000,-23.863000,-2.046000,-37.084000,31.64
839713924,0.879000,-0.484000,-0.407000,-22.351000,-4.595000,-38.779000,31.49
839725090,0.871000,-0.430000,-0.406000,-22.672000,-10.290000,-38.260000,31.64
839733108,0.908000,-0.427000,-0.423000,-24.076000,-13.710000,-37.649000,31.54
839742850,0.919000,-0.424000,-0.450000,-26.504000,-15.603000,-35.389000,31.59
839757641,0.910000,-0.450000,-0.412000,-26.244000,-16.244000,-35.053000,31.64
839768177,0.991000,-0.506000,-0.405000,-24.137000,-13.145000,-35.130000,31.59
839777410,0.976000,-0.513000,-0.439000,-21.710000,-4.534000,-36.824000,31.54
839787995,0.911000,-0.467000,-0.372000,-20.962000,-2.611000,-35.771000,31.59
839798444,0.903000,-0.440000,-0.408000,-20.214000,-2.198000,-35.298000,31.64
839806566,0.870000,-0.397000,-0.488000,-21.450000,-3.985000,-34.489000,31.59
839813807,0.874000,-0.411000,-0.479000,-20.336000,-10.351000,-31.099000,31.64
839829225,0.913000,-0.404000,-0.445000,-19.313000,-12.412000,-28.321000,31.59
839836716,0.970000,-0.387000,-0.432000,-18.031000,-10.427000,-28.916000,31.64
839842550,1.009000,-0.370000,-0.389000,-19.466000,-5.618000,-28.137000,31.64
839854061,1.018000,-0.379000,-0.406000,-19.817000,1.756000,-27.053000,31.59
839869021,0.976000,-0.394000,-0.446000,-21.069000,7.481000,-25.756000,31.54
839877296,0.922000,-0.369000,-0.462000,-21.267000,8.122000,-24.611000,31.59
839885342,0.920000,-0.354000,-0.450000,-22.397000,4.351000,-22.458000,31.64
839894512,0.928000,-0.357000,-0.474000,-20.534000,2.489000,-21.145000,31.59
839905608,0.958000,-0.378000,-0.487000,-16.992000,1.298000,-19.527000,31.64
839913074,0.986000,-0.337000,-0.411000,-12.962000,0.809000,-19.282000,31.49
839927865,1.045000,-0.323000,-0.461000,-11.786000,1.481000,-15.710000,31.64
839937191,1.031000,-0.321000,-0.461000,-14.550000,10.519000,-21.740000,31.64
839942973,1.029000,-0.339000,-0.490000,-21.817000,11.160000,-26.702000,31.64
839954335,1.004000,-0.377000,-0.433000,-17.206000,15.176000,-21.679000,31.54
839967560,0.978000,-0.369000,-0.429000,-16.565000,19.282000,-19.710000,31.59
839976789,0.927000,-0.302000,-0.480000,-16.015000,17.221000,-17.634000,31.64
839985806,0.962000,-0.307000,-0.464000,-15.176000,13.389000,-15.298000,31.49
839993088,0.966000,-0.272000,-0.462000,-13.267000,9.252000,-14.061000,31.54
840006532,1.055000,-0.281000,-0.469000,-12.046000,7.939000,-16.275000,31.59
840014520,1.054000,-0.312000,-0.467000,-10.641000,12.412000,-19.389000,31.64
840025534,1.031000,-0.316000,-0.417000,-8.382000,14.595000,-21.267000,31.59
840037038,1.058000,-0.334000,-0.452000,-8.076000,18.443000,-21.267000,31.54
840045778,0.990000,-0.322000,-0.454000,-8.137000,17.450000,-19.191000,31.59
840053996,1.028000,-0.242000,-0.462000,-10.214000,15.252000,-16.595000,31.54
840060732,1.068000,-0.239000,-0.459000,-10.229000,15.359000,-17.481000,31.59
840079743,1.100000,-0.237000,-0.436000,-8.351000,15.130000,-17.710000,31.59
840087309,1.105000,-0.282000,-0.441000,-7.298000,17.328000,-20.137000,31.64
840092778,1.053000,-0.265000,-0.423000,-5.817000,16.656000,-19.588000,31.49
840109801,1.083000,-0.300000,-0.433000,-5.969000,17.557000,-21.893000,31.64
840118603,0.972000,-0.252000,-0.490000,-8.534000,17.511000,-22.779000,31.59
840125847,1.001000,-0.266000,-0.425000,-12.595000,11.099000,-19.664000,31.54
840135187,1.057000,-0.281000,-0.426000,-13.252000,9.466000,-20.931000,31.59
840142353,1.053000,-0.236000,-0.428000,-14.244000,9.069000,-19.481000,31.64
840154231,1.127000,-0.311000,-0.377000,-12.702000,11.710000,-21.985000,31.49
840161106,1.072000,-0.307000,-0.375000,-8.916000,15.282000,-22.534000,31.64
840175821,1.042000,-0.317000,-0.420000,-7.191000,17.389000,-22.962000,31.64
840185510,0.968000,-0.292000,-0.400000,-6.672000,14.489000,-23.328000,31.49
840193788,0.953000,-0.226000,-0.436000,-7.405000,7.603000,-21.221000,31.54
840205284,0.990000,-0.183000,-0.407000,-9.817000,1.389000,-20.305000,31.59
840216133,1.077000,-0.188000,-0.356000,-9.756000,-1.344000,-20.183000,31.64
840225338,1.124000,-0.210000,-0.384000,-7.786000,2.214000,-22.198000,31.59
840236441,1.056000,-0.219000,-0.383000,-6.351000,3.313000,-21.145000,31.64
840248400,1.060000,-0.254000,-0.347000,-4.260000,1.618000,-20.397000,31.49
840255106,1.068000,-0.247000,-0.450000,-3.573000,3.053000,-21.802000,31.54
840261755,0.969000,-0.213000,-0.488000,-5.084000,-1.023000,-19.634000,31.68
840277019,1.044000,-0.214000,-0.464000,-6.504000,-6.885000,-18.962000,31.54
840286813,1.043000,-0.180000,-0.464000,-7.282000,-11.664000,-14.962000,31.54
840297232,1.139000,-0.155000,-0.429000,-9.756000,-11.053000,-16.870000,31.59
840314565,1.157000,-0.212000,-0.403000,-10.473000,-6.046000,-19.527000,31.64
840323103,1.146000,-0.234000,-0.492000,-12.992000,-0.992000,-20.290000,31.59
840326908,1.052000,-0.284000,-0.466000,-14.458000,-0.122000,-19.527000,31.54
840336132,1.058000,-0.267000,-0.436000,-13.618000,-1.221000,-18.412000,31.59
840344504,1.024000,-0.195000,-0.483000,-14.595000,-3.695000,-16.229000,31.54
840354982,1.056000,-0.177000,-0.502000,-18.000000,-5.664000,-16.290000,31.59
840361250,1.033000,-0.149000,-0.525000,-20.122000,-10.992000,-14.840000,31.64
840374431,1.122000,-0.186000,-0.451000,-20.702000,-12.153000,-17.252000,31.54
840386469,1.113000,-0.183000,-0.476000,-21.130000,-10.550000,-20.840000,31.64
840395353,1.129000,-0.232000,-0.509000,-20.611000,-8.107000,-24.641000,31.54
840405351,1.118000,-0.257000,-0.517000,-22.504000,-2.534000,-29.053000,31.59
840419942,1.033000,-0.231000,-0.479000,-23.847000,-2.992000,-28.611000,31.54
840427943,1.048000,-0.204000,-0.463000,-26.412000,-6.412000,-25.878000,31.59
840435845,1.070000,-0.167000,-0.486000,-28.397000,-6.336000,-24.885000,31.64
840447978,1.136000,-0.171000,-0.470000,-28.763000,-6.595000,-26.397000,31.49
840456423,1.118000,-0.179000,-0.499000,-27.374000,-2.763000,-30.962000,31.64
840461376,1.098000,-0.196000,-0.420000,-25.954000,-1.038000,-33.863000,31.64
840472720,1.107000,-0.184000,-0.416000,-25.359000,0.198000,-35.496000,31.54
840485777,1.077000,-0.158000,-0.440000,-27.038000,2.198000,-36.733000,31.49
840495729,1.065000,-0.143000,-0.453000,-28.260000,0.763000,-37.802000,31.64
840504522,1.074000,-0.147000,-0.463000,-28.107000,-0.824000,-38.290000,31.54
840511873,1.001000,-0.188000,-0.431000,-23.618000,-1.359000,-36.412000,31.49
840526934,1.073000,-0.178000,-0.404000,-23.221000,-3.038000,-41.695000,31.54
840535549,1.153000,-0.168000,-0.390000,-20.260000,-0.779000,-45.206000,31.68
840543296,1.148000,-0.152000,-0.478000,-19.771000,5.634000,-48.214000,31.64
840558395,1.062000,-0.051000,-0.476000,-20.656000,4.153000,-47.267000,31.59
840562995,1.122000,-0.004000,-0.489000,-23.878000,1.450000,-47.176000,31.54
840572745,1.183000,-0.045000,-0.556000,-27.832000,4.947000,-50.641000,31.59
840585489,1.100000,-0.081000,-0.558000,-25.008000,3.893000,-51.313000,31.54
840595488,1.142000,-0.079000,-0.549000,-22.916000,1.664000,-52.733000,31.59
840605514,1.178000,-0.115000,-0.521000,-20.397000,7.847000,-55.221000,31.54
840612600,1.073000,-0.046000,-0.558000,-20.885000,11.328000,-54.885000,31.64
840628692,1.109000,-0.019000,-0.584000,-22.855000,12.366000,-54.901000,31.49
840635183,1.087000,-0.003000,-0.598000,-25.847000,15.756000,-56.015000,31.54
840646413,1.031000,0.088000,-0.638000,-31.359000,9.573000,-51.450000,31.49
840656465,1.104000,0.055000,-0.595000,-36.687000,10.550000,-52.779000,31.54
840664476,1.090000,0.105000,-0.566000,-40.015000,10.672000,-52.031000,31.59
840672966,1.163000,0.061000,-0.543000,-45.634000,12.290000,-54.641000,31.54
840688934,1.051000,0.045000,-0.584000,-48.260000,15.267000,-55.557000,31.59
840697675,1.019000,0.046000,-0.527000,-50.931000,11.008000,-56.382000,31.64
840709184,1.038000,0.069000,-0.525000,-53.847000,9.573000,-58.534000,31.59
840714261,0.969000,0.120000,-0.567000,-57.771000,2.168000,-55.649000,31.59
840727996,1.017000,0.097000,-0.546000,-60.397000,-3.221000,-54.198000,31.54
840737672,1.025000,0.166000,-0.470000,-62.580000,-9.267000,-52.626000,31.59
840743423,1.122000,0.195000,-0.519000,-66.977000,-8.351000,-52.626000,31.64
840756368,1.152000,0.128000,-0.413000,-71.344000,-3.008000,-54.214000,31.49
840766149,1.082000,0.089000,-0.465000,-71.603000,-1.313000,-52.275000,31.54
840773642,1.073000,0.089000,-0.516000,-72.489000,6.824000,-54.153000,31.59
840787551,0.925000,0.084000,-0.425000,-76.947000,4.168000,-52.687000,31.54
840796919,0.948000,0.126000,-0.414000,-78.076000,-0.687000,-50.305000,31.59
840808013,0.876000,0.297000,-0.540000,-82.733000,-9.069000,-45.664000,31.54
840813668,1.014000,0.296000,-0.428000,-90.656000,-16.855000,-43.252000,31.54
840828812,0.986000,0.248000,-0.442000,-96.336000,-22.366000,-44.076000,31.59
840836293,1.146000,0.078000,-0.314000,-95.832000,-23.038000,-47.084000,31.54
840843348,1.116000,0.083000,-0.318000,-88.641000,-11.786000,-51.603000,31.59
840857188,0.972000,0.169000,-0.388000,-88.672000,-5.908000,-48.168000,31.54
840865120,1.019000,0.054000,-0.296000,-82.931000,1.863000,-52.214000,31.59
840874029,0.856000,0.110000,-0.284000,-78.809000,-2.809000,-46.824000,31.54
840879359,0.949000,0.195000,-0.275000,-74.305000,-4.153000,-44.427000,31.59
840892672,0.926000,0.336000,-0.249000,-75.053000,-7.099000,-44.122000,31.64
840905560,0.943000,0.428000,-0.251000,-70.992000,-18.275000,-39.221000,31.54
840916540,1.063000,0.369000,-0.326000,-76.580000,-16.229000,-44.611000,31.54
840924508,0.961000,0.309000,-0.313000,-75.756000,-17.847000,-44.748000,31.59
840936120,1.034000,0.234000,-0.245000,-67.420000,-12.992000,-47.191000,31.54
840944965,1.055000,0.150000,-0.238000,-56.519000,0.305000,-49.038000,31.64
840955901,0.911000,0.193000,-0.271000,-46.031000,6.595000,-46.443000,31.59
840964798,0.831000,0.262000,-0.328000,-37.038000,4.366000,-39.603000,31.54
840975155,0.756000,0.477000,-0.450000,-38.473000,-1.084000,-31.557000,31.49
840980846,0.824000,0.563000,-0.406000,-48.260000,-13.924000,-23.802000,31.54
840994042,1.064000,0.448000,-0.274000,-47.389000,-9.664000,-25.084000,31.49
841006612,1.103000,0.407000,-0.241000,-38.015000,2.229000,-27.649000,31.64
841018107,1.087000,0.411000,-0.232000,-26.824000,18.611000,-30.168000,31.59
841024804,0.994000,0.448000,-0.257000,-19.282000,28.290000,-33.969000,31.64
841040859,0.873000,0.494000,-0.372000,-16.992000,30.870000,-35.466000,31.59
841045921,0.783000,0.537000,-0.388000,-16.611000,24.092000,-31.328000,31.73
841056026,0.789000,0.593000,-0.366000,-17.771000,11.954000,-27.664000,31.64
841066256,0.902000,0.585000,-0.273000,-16.412000,6.687000,-28.031000,31.59
841074683,0.984000,0.604000,-0.237000,-10.366000,6.244000,-29.344000,31.54
841081555,0.996000,0.567000,-0.230000,-6.183000,10.168000,-30.611000,31.59
841095263,0.937000,0.513000,-0.237000,-0.107000,14.977000,-30.656000,31.64
841107749,0.895000,0.458000,-0.204000,3.466000,17.954000,-26.565000,31.59
841115941,0.837000,0.467000,-0.237000,6.977000,20.290000,-21.099000,31.54
841125221,0.867000,0.441000,-0.174000,10.641000,22.702000,-14.153000,31.59
841138492,0.890000,0.445000,-0.165000,19.954000,25.908000,-10.214000,31.54
841147271,0.833000,0.522000,-0.215000,26.214000,25.939000,-4.137000,31.59
841153667,0.842000,0.541000,-0.207000,29.588000,24.412000,0.183000,31.64
841165360,0.843000,0.561000,-0.219000,32.702000,22.137000,2.641000,31.64
841177440,0.835000,0.552000,-0.230000,34.092000,20.427000,6.061000,31.59
841183440,0.822000,0.496000,-0.203000,37.664000,19.481000,12.275000,31.64
841196366,0.856000,0.463000,-0.164000,44.824000,18.748000,17.069000,31.59
841208491,0.890000,0.471000,-0.180000,52.718000,21.924000,19.817000,31.54
841216820,0.803000,0.485000,-0.219000,57.450000,22.168000,25.038000,31.59
841222567,0.818000,0.480000,-0.229000,61.084000,18.595000,31.176000,31.54
841238921,0.877000,0.448000,-0.217000,63.618000,19.908000,36.321000,31.49
841248678,0.872000,0.387000,-0.214000,68.916000,22.626000,41.969000,31.64
841255362,0.828000,0.411000,-0.234000,74.947000,21.267000,49.160000,31.54
841266689,0.856000,0.473000,-0.320000,75.267000,18.977000,53.282000,31.54
841276481,0.873000,0.397000,-0.294000,76.489000,16.702000,57.481000,31.54
841285371,0.897000,0.368000,-0.313000,80.962000,14.382000,59.573000,31.59
841292566,0.901000,0.383000,-0.316000,83.359000,13.740000,63.435000,31.54
841307251,0.925000,0.316000,-0.303000,84.580000,13.634000,67.786000,31.49
841318585,0.929000,0.306000,-0.325000,84.733000,15.435000,71.435000,31.54
841324657,0.927000,0.295000,-0.332000,83.817000,16.397000,75.511000,31.49
841334890,0.926000,0.303000,-0.359000,83.221000,14.962000,79.405000,31.54
841346490,0.970000,0.216000,-0.363000,82.351000,14.122000,82.107000,31.54
841355808,0.988000,0.223000,-0.326000,83.634000,14.656000,85.252000,31.54
841363548,1.004000,0.260000,-0.355000,82.321000,15.328000,85.511000,31.59
841378728,0.999000,0.201000,-0.389000,82.000000,16.015000,87.084000,31.64
841383214,0.928000,0.203000,-0.413000,79.740000,12.260000,90.672000,31.54
841394513,0.978000,0.159000,-0.388000,76.473000,9.160000,92.947000,31.59
841401489,1.015000,0.054000,-0.344000,76.412000,8.718000,93.679000,31.54
841417178,1.029000,0.035000,-0.299000,78.779000,9.649000,96.107000,31.59
841425631,1.031000,0.063000,-0.314000,83.771000,13.221000,95.267000,31.54
841437719,1.007000,0.109000,-0.360000,82.443000,12.901000,95.695000,31.59
841446394,0.944000,0.094000,-0.361000,79.939000,7.649000,100.305000,31.64
841453626,1.002000,0.035000,-0.377000,76.198000,2.748000,102.702000,31.49
841465917,0.944000,0.054000,-0.389000,72.733000,1.847000,106.275000,31.54
841476126,1.060000,-0.067000,-0.315000,73.160000,2.885000,105.435000,31.49
841484738,1.106000,-0.156000,-0.264000,78.550000,10.687000,102.885000,31.64
841491006,1.053000,-0.168000,-0.286000,88.290000,13.099000,105.954000,31.49
841503315,1.061000,-0.190000,-0.301000,91.771000,18.275000,107.679000,31.59
841515863,0.933000,-0.108000,-0.356000,96.214000,13.527000,112.992000,31.54
841527257,0.951000,-0.055000,-0.386000,95.450000,7.664000,116.366000,31.49
841535261,1.035000,-0.113000,-0.423000,90.000000,5.542000,115.496000,31.45
841547974,0.984000,-0.214000,-0.381000,87.450000,4.092000,116.580000,31.59
841555743,1.035000,-0.279000,-0.333000,90.473000,4.779000,120.412000,31.54
841565926,1.056000,-0.290000,-0.264000,92.519000,11.939000,118.107000,31.59
841574788,1.004000,-0.253000,-0.316000,96.534000,14.748000,119.802000,31.54
841585479,0.942000,-0.259000,-0.392000,94.000000,11.908000,122.412000,31.49
841591748,0.883000,-0.274000,-0.434000,87.664000,8.092000,124.397000,31.59
841604076,0.855000,-0.335000,-0.405000,79.710000,-4.733000,130.336000,31.64
841618404,0.924000,-0.404000,-0.372000,76.977000,-7.130000,133.802000,31.59
841627870,0.975000,-0.509000,-0.357000,79.176000,-11.328000,133.496000,31.54
841634937,1.016000,-0.546000,-0.312000,85.740000,-4.214000,130.382000,31.49
841648644,0.956000,-0.537000,-0.312000,86.168000,-2.947000,128.412000,31.54
841656848,0.824000,-0.457000,-0.455000,76.595000,-9.664000,131.878000,31.49
841664443,0.867000,-0.499000,-0.438000,67.115000,-17.206000,137.023000,31.54
841677788,0.895000,-0.523000,-0.364000,60.366000,-21.344000,134.534000,31.59
841687243,0.943000,-0.630000,-0.382000,55.771000,-23.221000,132.885000,31.59
841692025,0.998000,-0.750000,-0.298000,58.153000,-17.328000,130.855000,31.45
841703714,0.985000,-0.741000,-0.350000,64.870000,-7.053000,128.015000,31.49
841715987,0.834000,-0.659000,-0.418000,62.183000,-13.618000,124.840000,31.54
841728429,0.823000,-0.661000,-0.390000,54.412000,-20.061000,125.908000,31.59
841735734,0.858000,-0.642000,-0.356000,51.298000,-26.794000,124.305000,31.64
841746199,0.867000,-0.635000,-0.386000,44.519000,-33.267000,124.473000,31.59
841760914,0.955000,-0.778000,-0.350000,41.466000,-33.176000,121.252000,31.64
841765884,0.890000,-0.809000,-0.307000,44.351000,-26.870000,119.267000,31.49
841773520,0.923000,-0.869000,-0.265000,46.748000,-22.718000,116.397000,31.54
841785005,0.884000,-0.848000,-0.310000,49.145000,-17.878000,114.382000,31.64
841793372,0.802000,-0.825000,-0.385000,48.443000,-18.046000,117.344000,31.59
841803230,0.797000,-0.814000,-0.294000,46.809000,-21.710000,119.542000,31.64
841816360,0.836000,-0.720000,-0.338000,46.489000,-26.000000,117.435000,31.59
841825721,0.881000,-0.745000,-0.316000,47.130000,-25.969000,116.885000,31.54
841836309,0.897000,-0.829000,-0.304000,49.954000,-22.611000,113.389000,31.68
841844507,0.846000,-0.862000,-0.210000,52.855000,-13.679000,111.145000,31.54
841856932,0.823000,-0.894000,-0.228000,56.519000,-5.756000,108.702000,31.49
841865318,0.735000,-0.848000,-0.272000,57.145000,-2.260000,106.336000,31.45
841876670,0.722000,-0.840000,-0.281000,59.786000,-1.786000,105.832000,31.54
841885122,0.697000,-0.853000,-0.290000,59.496000,-2.137000,105.344000,31.68
841893640,0.700000,-0.926000,-0.323000,59.649000,-1.573000,108.427000,31.54
841903240,0.678000,-0.979000,-0.182000,61.954000,6.061000,110.351000,31.59
841915476,0.626000,-0.922000,-0.190000,65.420000,6.290000,107.573000,31.54
841927825,0.636000,-0.951000,-0.229000,64.458000,9.359000,103.756000,31.49
841934833,0.545000,-0.961000,-0.184000,63.924000,7.450000,100.870000,31.54
841944286,0.495000,-0.919000,-0.247000,63.420000,2.885000,103.817000,31.40
841959049,0.558000,-0.949000,-0.289000,57.038000,0.076000,104.962000,31.54
841968510,0.541000,-1.012000,-0.240000,55.176000,4.626000,106.351000,31.45
841974833,0.502000,-1.033000,-0.196000,50.779000,7.466000,103.557000,31.59
841987231,0.485000,-1.065000,-0.165000,47.435000,7.817000,100.275000,31.64
841998150,0.480000,-1.084000,-0.176000,46.122000,9.756000,98.672000,31.59
842004692,0.416000,-1.063000,-0.199000,40.763000,5.725000,99.160000,31.64
842011504,0.415000,-1.085000,-0.240000,34.504000,2.122000,100.763000,31.49
842026146,0.414000,-1.094000,-0.216000,30.092000,1.725000,100.214000,31.54
842035912,0.406000,-1.053000,-0.180000,26.916000,-2.641000,98.198000,31.59
842043748,0.465000,-1.093000,-0.174000,23.725000,-0.779000,92.885000,31.64
842055630,0.475000,-1.038000,-0.156000,21.145000,8.351000,89.282000,31.54
842067293,0.370000,-1.022000,-0.206000,18.733000,-3.756000,92.916000,31.45
842075800,0.496000,-1.082000,-0.186000,13.053000,1.832000,89.023000,31.54
842087454,0.456000,-1.114000,-0.160000,16.458000,1.435000,83.893000,31.59
842099295,0.360000,-1.042000,-0.158000,13.435000,-7.725000,88.000000,31.54
842103930,0.486000,-1.038000,-0.152000,12.885000,-7.954000,84.427000,31.59
842113104,0.496000,-1.056000,-0.120000,10.336000,-2.458000,78.534000,31.54
842127369,0.427000,-1.046000,-0.131000,11.878000,-4.198000,76.397000,31.49
842137743,0.401000,-1.068000,-0.117000,14.473000,-3.710000,79.176000,31.54
842147199,0.415000,-1.060000,-0.102000,15.802000,-2.779000,77.160000,31.45
842153979,0.384000,-1.060000,-0.049000,18.046000,-0.718000,72.733000,31.59
842168747,0.396000,-1.082000,-0.063000,21.221000,2.733000,72.641000,31.54
842177037,0.311000,-1.069000,-0.086000,22.763000,4.504000,70.351000,31.59
842185117,0.298000,-1.080000,-0.021000,26.641000,6.168000,70.718000,31.54
842195534,0.304000,-1.099000,0.051000,30.687000,8.427000,67.359000,31.59
842207296,0.239000,-1.061000,0.034000,30.748000,14.137000,67.908000,31.64
842215093,0.249000,-1.044000,-0.062000,35.023000,14.565000,62.595000,31.59
842221575,0.152000,-1.016000,-0.015000,34.198000,18.092000,68.565000,31.45
842235199,0.170000,-1.033000,0.024000,35.618000,18.443000,66.458000,31.54
842246368,0.094000,-1.056000,-0.038000,37.099000,15.603000,63.588000,31.59
842254836,0.128000,-1.054000,-0.019000,37.160000,16.473000,64.473000,31.54
842265895,0.137000,-1.063000,-0.016000,34.870000,17.496000,61.908000,31.59
842273926,0.098000,-1.068000,0.013000,33.588000,19.023000,60.641000,31.64
842285057,0.069000,-1.044000,0.019000,33.649000,20.061000,58.687000,31.59
842297689,0.074000,-1.042000,0.046000,29.191000,20.794000,53.679000,31.64
842305776,0.066000,-1.053000,0.007000,28.947000,22.458000,52.565000,31.59
842316061,0.045000,-1.070000,0.037000,31.527000,21.527000,55.450000,31.54
842323213,0.056000,-1.021000,0.044000,30.122000,23.206000,52.718000,31.54
842335422,-0.013000,-0.994000,0.006000,27.847000,17.344000,51.832000,31.49
842347892,0.001000,-1.040000,-0.008000,23.374000,13.099000,52.870000,31.54
842355616,0.174000,-1.134000,-0.018000,30.702000,11.664000,56.366000,31.59
842364844,0.034000,-1.067000,0.080000,28.244000,16.214000,42.885000,31.64
842377993,0.064000,-1.009000,0.057000,21.573000,18.534000,47.908000,31.59
842384489,0.079000,-1.043000,0.044000,21.893000,14.412000,52.092000,31.45
842394232,0.119000,-1.140000,0.065000,24.214000,22.000000,38.962000,31.49
842406427,0.041000,-1.029000,0.038000,22.351000,21.389000,39.115000,31.54
842417097,0.016000,-0.998000,0.049000,20.382000,17.420000,48.397000,31.45
842424983,0.077000,-1.007000,0.071000,21.695000,14.550000,37.695000,31.49
842432233,0.011000,-0.965000,0.012000,13.802000,9.145000,39.924000,31.64
842445729,0.078000,-1.047000,0.030000,13.557000,8.641000,37.695000,31.59
842454695,0.069000,-1.045000,0.062000,14.763000,9.176000,34.489000,31.54
842465150,0.066000,-1.055000,0.065000,15.221000,10.885000,31.817000,31.49
842474465,0.047000,-1.028000,0.076000,17.328000,14.214000,32.443000,31.54
842486275,0.002000,-1.014000,0.076000,16.092000,12.198000,30.305000,31.49
842495595,-0.010000,-0.989000,0.086000,15.053000,12.748000,28.321000,31.59
842505921,-0.017000,-0.977000,0.072000,13.359000,10.626000,26.076000,31.64
842517626,-0.016000,-1.005000,0.096000,11.191000,10.412000,22.992000,31.49
842522308,-0.064000,-1.010000,0.115000,11.481000,11.008000,22.763000,31.54
842533939,-0.065000,-1.004000,0.080000,8.412000,9.374000,20.779000,31.59
842548064,-0.134000,-0.997000,0.079000,7.802000,4.611000,22.550000,31.54
842563386,-0.107000,-0.982000,0.105000,5.023000,2.901000,21.817000,31.40
842567535,-0.102000,-0.972000,0.107000,4.687000,1.832000,18.290000,31.54
842576666,-0.086000,-0.968000,0.096000,3.878000,2.992000,23.817000,31.64
842589713,-0.101000,-0.965000,0.118000,2.107000,3.206000,18.351000,31.49
842594892,-0.119000,-0.968000,0.117000,2.229000,2.122000,17.511000,31.54
842605242,-0.106000,-0.968000,0.102000,-1.481000,1.725000,15.267000,31.59
842614465,-0.106000,-0.996000,0.084000,-2.656000,0.763000,16.427000,31.64
842624792,-0.115000,-0.971000,0.097000,-4.504000,-0.153000,15.939000,31.59
842631088,-0.099000,-0.992000,0.105000,-4.000000,-0.031000,15.160000,31.54
842643502,-0.118000,-0.995000,0.099000,-3.145000,0.916000,16.443000,31.59
842656298,-0.112000,-0.993000,0.098000,-1.542000,0.763000,18.229000,31.59
842666750,-0.111000,-0.960000,0.084000,-3.282000,1.878000,15.328000,31.54
842676391,-0.099000,-0.981000,0.096000,-3.634000,1.588000,14.580000,31.59
842690252,-0.107000,-0.971000,0.112000,-3.618000,2.061000,13.603000,31.54
842694974,-0.083000,-0.954000,0.115000,-3.405000,2.962000,13.985000,31.54
842707297,-0.118000,-0.954000,0.087000,-3.817000,3.481000,12.901000,31.54
842717659,-0.120000,-0.955000,0.133000,-2.595000,3.466000,12.901000,31.59
842725563,-0.111000,-0.940000,0.120000,-2.718000,3.450000,12.351000,31.59
842732962,-0.099000,-0.963000,0.099000,-1.710000,5.237000,11.786000,31.54
842748877,-0.108000,-0.970000,0.116000,-0.565000,6.733000,11.832000,31.59
842758207,-0.112000,-0.960000,0.123000,0.168000,8.260000,11.328000,31.54
842768633,-0.118000,-0.929000,0.100000,-1.191000,10.321000,8.000000,31.49
842772664,-0.174000,-0.996000,0.159000,0.718000,9.908000,11.466000,31.54
842792211,-0.138000,-0.945000,0.120000,-0.641000,8.763000,7.069000,31.54
842796968,-0.167000,-0.921000,0.135000,-0.321000,8.870000,7.313000,31.54
842804479,-0.140000,-0.934000,0.129000,-0.366000,7.588000,7.298000,31.49
842816752,-0.145000,-0.935000,0.118000,-0.107000,7.084000,6.305000,31.49
842825817,-0.139000,-0.952000,0.115000,0.000000,5.863000,6.214000,31.54
842830151,-0.142000,-0.954000,0.137000,0.992000,6.885000,5.053000,31.49
842842957,-0.138000,-0.959000,0.122000,0.626000,7.160000,3.924000,31.54
842859122,-0.138000,-0.956000,0.111000,0.809000,7.435000,4.031000,31.59
842870605,-0.129000,-0.978000,0.118000,1.985000,7.374000,3.145000,31.54
842875701,-0.143000,-0.969000,0.120000,3.008000,8.168000,3.115000,31.49
842889612,-0.156000,-0.958000,0.117000,3.527000,7.863000,2.382000,31.54
842899950,-0.128000,-0.964000,0.104000,5.145000,8.672000,3.130000,31.49
842903649,-0.143000,-0.962000,0.114000,5.649000,9.038000,1.313000,31.54
842915636,-0.152000,-0.940000,0.115000,6.382000,9.527000,2.504000,31.54
842927356,-0.162000,-0.946000,0.104000,5.191000,8.992000,0.656000,31.49
842934660,-0.141000,-0.941000,0.146000,6.626000,10.137000,1.328000,31.64
842941253,-0.146000,-0.924000,0.142000,4.412000,8.977000,1.069000,31.49
842955479,-0.164000,-0.915000,0.118000,2.260000,8.031000,1.985000,31.45
842963467,-0.206000,-0.921000,0.088000,0.443000,5.130000,1.664000,31.59
842974339,-0.177000,-0.948000,0.092000,2.473000,3.954000,3.557000,31.54
842989862,-0.150000,-0.966000,0.123000,4.687000,3.496000,2.641000,31.49
842996851,-0.149000,-0.954000,0.120000,5.588000,5.420000,0.855000,31.64
843005712,-0.161000,-0.947000,0.133000,5.053000,5.313000,0.565000,31.49
843013773,-0.176000,-0.906000,0.155000,4.076000,4.901000,1.420000,31.59
843027339,-0.159000,-0.896000,0.157000,0.366000,3.145000,1.267000,31.54
843033305,-0.157000,-0.917000,0.123000,-0.870000,3.435000,1.954000,31.59
843044659,-0.202000,-0.942000,0.126000,-0.214000,0.489000,2.870000,31.54
843056306,-0.187000,-0.991000,0.168000,-0.153000,0.443000,-0.031000,31.59
843065651,-0.161000,-0.934000,0.121000,-0.107000,1.282000,4.504000,31.54
843074581,-0.158000,-0.948000,0.155000,0.397000,0.092000,2.260000,31.59
843084895,-0.146000,-0.927000,0.176000,0.656000,0.977000,2.519000,31.54
843097535,-0.140000,-0.924000,0.151000,-0.672000,2.244000,1.252000,31.49
843105321,-0.171000,-0.932000,0.133000,-2.076000,2.260000,2.015000,31.59
843117401,-0.193000,-0.928000,0.138000,-3.634000,1.191000,2.198000,31.54
843131098,-0.201000,-0.930000,0.139000,-5.084000,-0.794000,2.351000,31.49
843136229,-0.165000,-0.954000,0.112000,-6.947000,-1.191000,1.573000,31.54
843142260,-0.173000,-0.935000,0.136000,-6.305000,0.015000,2.000000,31.49
843157106,-0.166000,-0.947000,0.118000,-7.573000,0.580000,1.130000,31.45
843166505,-0.177000,-0.967000,0.102000,-9.008000,0.763000,0.504000,31.49
843175349,-0.178000,-0.975000,0.099000,-8.992000,0.473000,1.756000,31.64
843183192,-0.164000,-0.958000,0.113000,-8.550000,1.466000,0.427000,31.59
843196116,-0.174000,-0.939000,0.109000,-10.290000,1.191000,-2.565000,31.54
843205750,-0.196000,-0.928000,0.096000,-11.786000,-0.107000,-2.748000,31.54
843216828,-0.161000,-0.933000,0.111000,-12.092000,0.550000,-2.107000,31.49
843224746,-0.125000,-0.945000,0.108000,-11.252000,1.588000,-3.969000,31.54
843234643,-0.169000,-0.942000,0.090000,-12.107000,1.069000,-2.977000,31.59
843244149,-0.142000,-0.957000,0.110000,-12.916000,1.115000,-4.153000,31.54
843251098,-0.161000,-0.949000,0.086000,-14.489000,1.237000,-6.489000,31.49
843270734,-0.146000,-0.946000,0.100000,-16.672000,-0.962000,-8.504000,31.45
843279312,-0.143000,-0.959000,0.122000,-16.031000,-1.481000,-9.115000,31.49
843285072,-0.141000,-0.948000,0.124000,-14.366000,-1.725000,-9.679000,31.54
843298137,-0.148000,-0.950000,0.109000,-14.702000,-2.122000,-10.779000,31.45
843308298,-0.155000,-0.946000,0.098000,-15.527000,-4.214000,-10.321000,31.59
843314123,-0.136000,-0.958000,0.112000,-14.366000,-3.924000,-9.511000,31.54
843327354,-0.124000,-0.966000,0.135000,-16.458000,-4.275000,-11.206000,31.49
843337811,-0.130000,-0.982000,0.077000,-17.863000,-5.176000,-13.496000,31.54
843343992,-0.146000,-0.946000,0.107000,-21.008000,-5.435000,-14.550000,31.40
843350925,-0.144000,-0.954000,0.128000,-23.176000,-6.977000,-16.916000,31.54
843365026,-0.122000,-0.957000,0.088000,-25.191000,-9.756000,-21.282000,31.49
843377158,-0.125000,-0.947000,0.104000,-23.588000,-7.771000,-20.321000,31.54
843382890,-0.095000,-0.976000,0.082000,-23.649000,-7.008000,-22.000000,31.54
843398169,-0.074000,-1.003000,0.072000,-21.954000,-5.450000,-24.321000,31.49
843408523,-0.090000,-0.990000,0.032000,-22.107000,-4.550000,-23.878000,31.54
843417152,-0.110000,-0.979000,0.031000,-25.786000,-7.893000,-21.939000,31.59
843425930,-0.090000,-0.988000,0.064000,-28.092000,-6.397000,-24.641000,31.64
843437715,-0.080000,-1.011000,0.062000,-28.977000,-5.817000,-27.267000,31.49
843443975,-0.099000,-1.013000,0.014000,-31.573000,-9.282000,-26.977000,31.45
843455454,-0.083000,-1.020000,0.043000,-32.748000,-7.603000,-30.885000,31.59
843467370,-0.070000,-0.995000,0.010000,-33.282000,-6.519000,-30.473000,31.45
843477601,-0.134000,-1.009000,-0.003000,-35.344000,-9.725000,-31.542000,31.59
843484899,-0.084000,-0.992000,0.016000,-37.618000,-8.840000,-32.183000,31.59
843496195,-0.085000,-1.002000,0.021000,-39.603000,-11.282000,-37.282000,31.64
843506746,-0.086000,-1.004000,-0.002000,-41.008000,-11.450000,-36.260000,31.49
843514746,-0.060000,-1.039000,0.009000,-42.931000,-10.290000,-36.595000,31.54
843526151,-0.076000,-1.053000,-0.035000,-41.939000,-12.244000,-39.176000,31.49
843537553,-0.045000,-1.029000,-0.046000,-45.481000,-10.626000,-39.084000,31.54
843544516,-0.055000,-1.018000,-0.002000,-46.611000,-12.855000,-41.282000,31.49
843553947,-0.003000,-1.021000,-0.001000,-46.962000,-9.008000,-41.664000,31.54
843560883,0.015000,-1.062000,-0.031000,-46.870000,-6.229000,-47.191000,31.49
843579081,-0.031000,-1.009000,-0.007000,-47.237000,-5.573000,-46.611000,31.49
843588366,0.001000,-1.023000,-0.023000,-49.893000,-4.809000,-45.710000,31.54
843594367,0.020000,-1.094000,-0.068000,-49.405000,-3.573000,-50.107000,31.49
843607570,0.013000,-1.078000,-0.085000,-46.382000,-2.779000,-51.115000,31.54
843616211,0.016000,-1.087000,-0.061000,-44.672000,-1.313000,-53.328000,31.49
843624023,0.046000,-1.056000,-0.036000,-42.885000,-0.687000,-52.779000,31.64
843636474,0.097000,-1.035000,-0.077000,-42.122000,1.481000,-53.847000,31.68
843647086,0.067000,-1.027000,-0.091000,-41.344000,2.641000,-56.809000,31.54
843653630,0.094000,-1.018000,-0.069000,-40.595000,3.649000,-55.725000,31.64
843659316,0.102000,-0.999000,-0.065000,-41.466000,4.702000,-56.687000,31.59
843677068,0.108000,-1.025000,-0.122000,-40.321000,6.168000,-54.366000,31.45
843686179,0.088000,-1.031000,-0.102000,-39.878000,7.954000,-58.809000,31.59
843695689,0.080000,-1.051000,-0.136000,-40.229000,5.878000,-60.977000,31.54
843708937,0.104000,-1.059000,-0.140000,-39.099000,10.580000,-59.740000,31.59
843719004,0.108000,-1.056000,-0.155000,-37.939000,9.924000,-58.168000,31.54
843724483,0.083000,-1.039000,-0.161000,-40.107000,6.718000,-56.641000,31.59
843735343,0.133000,-1.062000,-0.099000,-38.336000,8.336000,-58.305000,31.54
843743248,0.145000,-1.069000,-0.197000,-36.641000,8.947000,-60.458000,31.54
843754161,0.118000,-1.023000,-0.159000,-35.985000,8.015000,-61.725000,31.49
843760829,0.183000,-1.062000,-0.150000,-35.679000,7.771000,-65.298000,31.54
843776520,0.184000,-1.058000,-0.181000,-35.985000,9.130000,-66.351000,31.59
843789133,0.146000,-1.063000,-0.169000,-35.817000,10.137000,-65.802000,31.45
843794177,0.146000,-1.094000,-0.150000,-36.687000,6.107000,-64.824000,31.49
843807019,0.244000,-1.076000,-0.141000,-38.382000,9.298000,-66.153000,31.64
843818552,0.213000,-1.060000,-0.139000,-39.053000,11.496000,-70.275000,31.49
843823749,0.209000,-1.083000,-0.183000,-37.389000,12.168000,-69.374000,31.54
843835906,0.289000,-1.051000,-0.175000,-36.779000,13.527000,-73.511000,31.45
843846185,0.272000,-1.094000,-0.178000,-36.214000,13.771000,-77.588000,31.49
843854674,0.250000,-1.095000,-0.194000,-35.649000,11.664000,-78.672000,31.54
843859573,0.311000,-1.074000,-0.176000,-34.977000,15.344000,-75.924000,31.49
843873034,0.287000,-1.057000,-0.202000,-35.725000,13.420000,-77.252000,31.45
843887718,0.354000,-1.032000,-0.201000,-36.183000,12.794000,-73.496000,31.49
843896409,0.432000,-1.025000,-0.213000,-35.069000,17.084000,-75.511000,31.54
843904544,0.370000,-1.024000,-0.194000,-33.344000,17.817000,-76.641000,31.59
843920094,0.386000,-1.000000,-0.238000,-32.031000,19.435000,-77.878000,31.45
843927085,0.359000,-1.001000,-0.253000,-30.275000,17.588000,-78.901000,31.49
843934983,0.369000,-0.986000,-0.246000,-32.611000,17.298000,-79.298000,31.49
843946646,0.381000,-0.968000,-0.249000,-35.878000,13.191000,-80.092000,31.45
843957428,0.405000,-0.975000,-0.289000,-34.977000,14.870000,-78.198000,31.49
843965381,0.427000,-1.037000,-0.218000,-33.221000,17.191000,-75.313000,31.54
843972278,0.460000,-1.020000,-0.257000,-31.832000,20.489000,-75.954000,31.49
843985086,0.408000,-0.986000,-0.292000,-32.809000,22.687000,-76.641000,31.54
843996390,0.428000,-0.983000,-0.261000,-31.939000,22.794000,-78.076000,31.59
844004055,0.421000,-0.959000,-0.282000,-31.954000,22.885000,-79.878000,31.64
844017240,0.394000,-0.954000,-0.306000,-32.962000,20.443000,-80.183000,31.45
844027106,0.425000,-0.933000,-0.278000,-32.916000,16.229000,-79.817000,31.49
844035334,0.455000,-0.942000,-0.273000,-33.038000,14.672000,-79.679000,31.54
844044042,0.506000,-0.939000,-0.261000,-30.641000,15.420000,-77.771000,31.49
844055368,0.517000,-0.932000,-0.251000,-33.206000,15.664000,-79.282000,31.64
844065312,0.532000,-0.944000,-0.292000,-32.855000,21.237000,-79.954000,31.59
844071819,0.492000,-0.920000,-0.321000,-35.008000,18.244000,-79.954000,31.54
844087428,0.491000,-0.903000,-0.365000,-36.565000,15.282000,-77.634000,31.49
844098424,0.537000,-0.923000,-0.275000,-36.565000,13.878000,-76.962000,31.54
844106964,0.574000,-0.891000,-0.358000,-34.336000,14.977000,-72.977000,31.49
844117310,0.562000,-0.875000,-0.326000,-31.573000,14.153000,-70.748000,31.59
844127550,0.611000,-0.846000,-0.301000,-29.802000,13.893000,-69.756000,31.54
844136171,0.638000,-0.816000,-0.356000,-33.542000,13.282000,-70.489000,31.68
844147486,0.601000,-0.808000,-0.350000,-38.580000,13.099000,-68.763000,31.64
844155106,0.613000,-0.849000,-0.367000,-42.015000,11.802000,-70.504000,31.49
844164748,0.608000,-0.875000,-0.324000,-41.344000,12.168000,-69.435000,31.54
844172487,0.604000,-0.869000,-0.316000,-40.168000,11.679000,-70.595000,31.49
844183206,0.600000,-0.816000,-0.297000,-37.313000,12.565000,-66.840000,31.64
844197988,0.598000,-0.795000,-0.361000,-36.595000,7.908000,-66.901000,31.59
844205215,0.612000,-0.792000,-0.386000,-37.420000,5.557000,-62.824000,31.49
844215271,0.634000,-0.772000,-0.322000,-38.214000,1.557000,-62.534000,31.54
844228700,0.760000,-0.778000,-0.350000,-40.382000,6.260000,-67.023000,31.49
844238418,0.711000,-0.778000,-0.333000,-37.908000,7.557000,-68.046000,31.64
844245918,0.765000,-0.779000,-0.316000,-41.252000,16.382000,-72.092000,31.49
844256891,0.571000,-0.771000,-0.319000,-40.489000,8.824000,-73.603000,31.54
844266748,0.592000,-0.740000,-0.368000,-37.267000,4.962000,-60.168000,31.59
844272700,0.693000,-0.720000,-0.379000,-40.611000,2.107000,-57.817000,31.54
844283549,0.717000,-0.757000,-0.365000,-40.977000,3.313000,-58.122000,31.59
844296300,0.706000,-0.769000,-0.317000,-35.817000,2.931000,-55.740000,31.59
844313268,0.731000,-0.679000,-0.296000,-29.450000,3.160000,-55.557000,31.64
844315741,0.749000,-0.665000,-0.348000,-28.992000,4.427000,-57.924000,31.59
844326319,0.729000,-0.668000,-0.375000,-28.458000,5.160000,-54.137000,31.54
844336408,0.735000,-0.661000,-0.357000,-30.458000,6.931000,-53.634000,31.59
844346099,0.750000,-0.669000,-0.379000,-31.771000,8.076000,-51.466000,31.64
844356625,0.765000,-0.714000,-0.351000,-31.344000,8.504000,-51.710000,31.49
844366935,0.719000,-0.704000,-0.339000,-28.321000,9.084000,-47.298000,31.54
844375227,0.761000,-0.693000,-0.313000,-23.969000,9.756000,-43.710000,31.59
844383846,0.800000,-0.667000,-0.329000,-16.031000,14.092000,-44.275000,31.59
844396478,0.770000,-0.669000,-0.386000,-11.893000,14.824000,-47.023000,31.54
844410419,0.729000,-0.597000,-0.358000,-8.992000,11.237000,-45.252000,31.49
844419612,0.730000,-0.561000,-0.389000,-12.489000,6.855000,-44.275000,31.54
844424330,0.753000,-0.553000,-0.396000,-16.718000,3.679000,-40.580000,31.59
844438641,0.799000,-0.580000,-0.353000,-18.870000,2.855000,-39.053000,31.64
844448683,0.774000,-0.617000,-0.395000,-17.130000,2.229000,-36.931000,31.59
844454294,0.773000,-0.646000,-0.397000,-14.473000,2.015000,-35.237000,31.54
844465916,0.792000,-0.659000,-0.331000,-10.412000,2.504000,-34.718000,31.49
844473859,0.783000,-0.609000,-0.340000,-6.321000,4.550000,-33.252000,31.59
844485071,0.763000,-0.569000,-0.414000,-6.855000,4.198000,-30.885000,31.54
844491041,0.729000,-0.567000,-0.402000,-5.756000,-0.092000,-26.580000,31.49
844506118,0.768000,-0.521000,-0.375000,-6.351000,-4.229000,-21.878000,31.64
844518934,0.828000,-0.493000,-0.429000,-8.229000,-4.580000,-19.252000,31.68
844524563,0.876000,-0.550000,-0.380000,-11.053000,-2.580000,-19.420000,31.54
844534863,0.879000,-0.627000,-0.353000,-12.504000,3.344000,-16.733000,31.59
844544099,0.769000,-0.584000,-0.354000,-9.023000,4.855000,-11.389000,31.45
844555684,0.805000,-0.587000,-0.389000,-9.252000,3.649000,-12.565000,31.49
844566342,0.757000,-0.566000,-0.411000,-8.122000,-0.214000,-9.847000,31.59
844579309,0.764000,-0.543000,-0.417000,-6.763000,-6.565000,-5.847000,31.45
844585248,0.829000,-0.549000,-0.385000,-6.687000,-7.481000,-5.878000,31.59
844591651,0.864000,-0.547000,-0.400000,-5.267000,-7.618000,-4.733000,31.64
844608345,0.902000,-0.571000,-0.384000,-5.038000,-2.855000,-5.908000,31.59
844621411,0.857000,-0.562000,-0.340000,-3.908000,-0.992000,-4.336000,31.64
844626894,0.844000,-0.535000,-0.407000,-4.260000,0.000000,-3.817000,31.59
844636907,0.802000,-0.514000,-0.434000,-4.382000,-5.557000,-3.145000,31.54
844647942,0.830000,-0.540000,-0.465000,-4.214000,-8.412000,-2.366000,31.54
844656388,0.848000,-0.561000,-0.437000,-4.000000,-10.321000,-0.885000,31.49
844663732,0.926000,-0.599000,-0.419000,-3.328000,-6.809000,-2.779000,31.54
844674423,0.896000,-0.618000,-0.344000,-1.008000,-1.588000,-1.237000,31.49
844682531,0.916000,-0.560000,-0.393000,-0.366000,2.718000,0.504000,31.54
844693699,0.877000,-0.589000,-0.437000,-0.183000,4.885000,2.198000,31.59
844705826,0.806000,-0.534000,-0.453000,0.992000,-0.168000,3.557000,31.54
844716491,0.863000,-0.493000,-0.424000,3.466000,-6.443000,3.817000,31.49
844725748,0.928000,-0.519000,-0.472000,1.878000,-6.489000,0.412000,31.59
844735892,0.914000,-0.574000,-0.423000,1.450000,-4.198000,1.481000,31.54
844746917,0.927000,-0.585000,-0.420000,2.015000,-1.023000,1.634000,31.59
844757953,0.912000,-0.610000,-0.416000,1.176000,2.992000,0.794000,31.54
844766316,0.884000,-0.595000,-0.456000,1.389000,2.855000,1.618000,31.59
844773148,0.862000,-0.566000,-0.467000,1.466000,1.405000,1.634000,31.54
844785631,0.863000,-0.574000,-0.487000,0.962000,-2.702000,2.443000,31.49
844791741,0.868000,-0.555000,-0.443000,1.786000,-6.748000,3.603000,31.54
844803555,0.907000,-0.542000,-0.472000,1.710000,-7.573000,3.985000,31.54
844817660,0.944000,-0.570000,-0.447000,-0.580000,-4.779000,0.672000,31.49
844825263,0.946000,-0.611000,-0.426000,-3.023000,-0.122000,-0.992000,31.54
844838078,0.901000,-0.581000,-0.450000,-3.573000,1.191000,-0.794000,31.49
844843707,0.863000,-0.600000,-0.470000,-5.313000,0.382000,-1.344000,31.64
844855475,0.844000,-0.588000,-0.482000,-5.160000,-4.443000,1.053000,31.54
844866173,0.873000,-0.583000,-0.474000,-4.779000,-8.550000,1.618000,31.45
844874891,0.911000,-0.574000,-0.463000,-5.038000,-8.748000,0.733000,31.49
844882171,1.003000,-0.584000,-0.404000,-3.573000,-4.885000,-0.305000,31.54
844896309,0.944000,-0.558000,-0.451000,-4.809000,0.916000,-1.954000,31.54
844905915,0.927000,-0.594000,-0.475000,-6.137000,1.160000,-3.221000,31.49
844912866,0.895000,-0.615000,-0.468000,-6.015000,2.550000,-5.420000,31.64
844924512,0.860000,-0.609000,-0.500000,-6.000000,0.198000,-5.634000,31.59
844935778,0.860000,-0.572000,-0.482000,-7.450000,-3.298000,-4.565000,31.45
844946054,0.923000,-0.606000,-0.456000,-7.237000,-3.603000,-4.672000,31.45
844953639,0.965000,-0.592000,-0.452000,-6.931000,0.656000,-5.771000,31.54
844965828,0.938000,-0.584000,-0.446000,-7.160000,5.710000,-8.672000,31.49
844977563,0.926000,-0.562000,-0.420000,-5.084000,6.748000,-8.947000,31.54
844983472,0.925000,-0.555000,-0.529000,-8.183000,6.092000,-13.511000,31.54
844998512,0.858000,-0.577000,-0.499000,-5.939000,4.137000,-13.435000,31.59
845005447,0.913000,-0.599000,-0.482000,-5.847000,0.840000,-15.115000,31.54
845013795,0.938000,-0.624000,-0.488000,-5.267000,3.099000,-15.878000,31.49
845020811,0.949000,-0.613000,-0.464000,-4.779000,5.084000,-15.863000,31.54
845037772,1.005000,-0.605000,-0.454000,-5.405000,11.618000,-17.557000,31.54
845047302,0.965000,-0.583000,-0.448000,-5.832000,17.191000,-18.214000,31.54
845056471,0.944000,-0.585000,-0.420000,-5.863000,18.702000,-19.695000,31.49
845065257,0.929000,-0.578000,-0.470000,-4.840000,19.939000,-22.626000,31.49
845077126,0.845000,-0.560000,-0.503000,-4.153000,14.336000,-22.489000,31.64
845085417,0.883000,-0.572000,-0.509000,-4.260000,8.305000,-23.557000,31.59
845095867,0.894000,-0.544000,-0.493000,-6.672000,5.756000,-24.443000,31.54
845105289,0.970000,-0.543000,-0.459000,-8.519000,5.130000,-23.802000,31.49
845114503,1.022000,-0.570000,-0.437000,-10.595000,11.710000,-26.748000,31.45
845121051,0.978000,-0.584000,-0.428000,-12.046000,18.305000,-28.794000,31.64
845134588,0.944000,-0.574000,-0.421000,-11.359000,20.275000,-30.000000,31.45
845146711,0.901000,-0.555000,-0.502000,-10.489000,17.313000,-31.420000,31.59
845154156,0.799000,-0.475000,-0.548000,-14.076000,7.435000,-29.115000,31.49
845164563,0.906000,-0.508000,-0.448000,-19.145000,-4.046000,-31.191000,31.54
845179247,1.015000,-0.553000,-0.481000,-17.328000,-1.954000,-33.649000,31.59
845187144,0.979000,-0.520000,-0.447000,-17.481000,2.122000,-30.092000,31.54
845197177,1.017000,-0.524000,-0.425000,-19.924000,6.550000,-32.733000,31.49
845206021,0.998000,-0.554000,-0.438000,-22.626000,11.618000,-34.168000,31.54
845215037,0.857000,-0.483000,-0.485000,-23.206000,8.748000,-32.489000,31.54
845221642,0.886000,-0.469000,-0.504000,-25.710000,-0.382000,-32.244000,31.54
845233031,0.938000,-0.468000,-0.499000,-25.099000,-5.344000,-31.771000,31.54
845249666,0.939000,-0.405000,-0.522000,-26.214000,-10.534000,-31.099000,31.59
845257229,1.029000,-0.428000,-0.479000,-30.198000,-10.565000,-31.969000,31.54
845263871,1.065000,-0.499000,-0.456000,-30.794000,-3.847000,-32.412000,31.59
845275623,0.937000,-0.453000,-0.501000,-34.214000,-1.420000,-33.573000,31.54
845287121,0.973000,-0.467000,-0.466000,-36.901000,-3.710000,-33.435000,31.59
845295920,0.991000,-0.471000,-0.482000,-34.107000,-2.870000,-34.443000,31.54
845307273,0.941000,-0.417000,-0.519000,-34.687000,-6.122000,-32.595000,31.54
845315256,0.988000,-0.448000,-0.474000,-32.031000,-10.931000,-30.733000,31.49
845325455,1.008000,-0.389000,-0.503000,-32.198000,-10.000000,-30.947000,31.54
845332330,1.058000,-0.407000,-0.406000,-33.649000,-7.618000,-32.137000,31.49
845347368,1.053000,-0.413000,-0.454000,-32.733000,-3.405000,-33.603000,31.64
845358247,1.015000,-0.465000,-0.470000,-32.107000,1.863000,-36.168000,31.49
845366450,0.944000,-0.440000,-0.483000,-29.771000,1.435000,-38.137000,31.64
845376778,0.941000,-0.393000,-0.502000,-27.282000,-3.588000,-39.328000,31.49
845387151,0.916000,-0.375000,-0.531000,-29.359000,-9.847000,-38.229000,31.54
845395720,0.941000,-0.294000,-0.517000,-35.053000,-14.351000,-37.069000,31.54
845405400,1.026000,-0.397000,-0.585000,-38.015000,-11.893000,-39.450000,31.59
845414161,1.029000,-0.424000,-0.506000,-41.160000,-4.626000,-39.802000,31.45
845425965,0.997000,-0.445000,-0.470000,-38.855000,0.382000,-41.237000,31.49
845431800,1.036000,-0.457000,-0.470000,-31.939000,5.145000,-44.260000,31.54
845443990,0.981000,-0.434000,-0.515000,-28.153000,7.908000,-43.618000,31.49
845458516,0.924000,-0.351000,-0.556000,-25.557000,4.458000,-42.977000,31.54
845466599,0.934000,-0.314000,-0.546000,-25.069000,-1.115000,-44.458000,31.59
845477314,0.964000,-0.266000,-0.541000,-27.084000,-4.947000,-43.435000,31.54
845488091,1.024000,-0.288000,-0.545000,-30.580000,-2.198000,-44.885000,31.54
845496876,1.035000,-0.326000,-0.511000,-32.718000,0.977000,-45.924000,31.59
845503830,1.016000,-0.376000,-0.518000,-31.695000,7.679000,-47.069000,31.45
845516014,0.968000,-0.367000,-0.457000,-28.611000,9.573000,-46.366000,31.49
845525966,1.011000,-0.336000,-0.511000,-26.092000,13.450000,-48.092000,31.64
845532432,0.942000,-0.286000,-0.510000,-25.466000,12.916000,-47.863000,31.59
845544084,0.888000,-0.168000,-0.575000,-27.878000,4.489000,-43.954000,31.54
845555984,0.972000,-0.205000,-0.548000,-31.573000,1.282000,-43.725000,31.49
845569460,0.991000,-0.163000,-0.572000,-33.023000,-0.244000,-40.015000,31.54
845575279,1.079000,-0.213000,-0.577000,-37.359000,4.275000,-42.153000,31.54
845589019,1.063000,-0.328000,-0.535000,-37.252000,11.511000,-44.153000,31.54
845598392,1.002000,-0.330000,-0.523000,-33.389000,16.718000,-42.489000,31.54
845600176,1.002000,-0.313000,-0.509000,-31.817000,25.313000,-44.565000,31.49
845614323,0.927000,-0.266000,-0.550000,-30.092000,26.214000,-44.702000,31.64
845626207,0.872000,-0.152000,-0.572000,-29.740000,19.237000,-40.687000,31.59
845632080,0.978000,-0.110000,-0.537000,-32.092000,12.901000,-40.534000,31.54
845643744,0.962000,-0.039000,-0.601000,-35.420000,8.092000,-38.595000,31.49
845660278,1.033000,-0.101000,-0.555000,-40.947000,7.710000,-38.321000,31.54
845667342,1.059000,-0.160000,-0.515000,-41.939000,8.718000,-41.191000,31.54
845675393,1.049000,-0.202000,-0.539000,-42.244000,14.214000,-42.595000,31.64
845684853,1.030000,-0.256000,-0.494000,-40.733000,17.542000,-45.588000,31.64
845697008,0.876000,-0.148000,-0.532000,-41.176000,13.908000,-44.519000,31.49
845705844,0.833000,0.014000,-0.647000,-45.527000,0.137000,-38.000000,31.64
845717299,0.962000,-0.021000,-0.630000,-51.359000,-11.588000,-35.374000,31.59
845725254,0.992000,0.050000,-0.603000,-52.931000,-19.527000,-34.000000,31.64
845732733,1.105000,0.078000,-0.610000,-60.489000,-21.252000,-36.748000,31.49
845743369,1.140000,-0.017000,-0.589000,-68.031000,-16.015000,-39.160000,31.64
845756142,1.083000,-0.062000,-0.536000,-70.840000,-13.344000,-37.130000,31.54
845768928,1.123000,-0.173000,-0.563000,-69.038000,-6.305000,-39.908000,31.54
845774457,0.979000,-0.177000,-0.534000,-67.038000,-2.458000,-39.771000,31.49
845786396,0.949000,0.002000,-0.572000,-63.389000,-10.992000,-34.427000,31.59
845798009,1.028000,0.078000,-0.575000,-68.489000,-14.931000,-30.000000,31.64
845805564,1.114000,0.015000,-0.485000,-67.023000,-12.382000,-32.504000,31.59
845815003,1.094000,0.071000,-0.513000,-67.298000,-11.847000,-30.641000,31.54
845826023,1.146000,0.034000,-0.511000,-69.374000,-8.000000,-31.282000,31.59
845833840,1.195000,-0.138000,-0.429000,-64.260000,3.115000,-34.931000,31.54
845843079,0.959000,-0.037000,-0.510000,-60.473000,2.565000,-30.366000,31.59
845857792,1.078000,-0.036000,-0.478000,-57.893000,5.359000,-31.527000,31.54
845866609,0.986000,0.065000,-0.543000,-56.870000,7.313000,-33.206000,31.59
845877113,1.038000,-0.011000,-0.469000,-54.580000,4.794000,-34.672000,31.64
845884147,1.078000,0.051000,-0.469000,-49.664000,7.252000,-36.870000,31.64
845895871,1.086000,0.052000,-0.489000,-50.260000,11.420000,-40.947000,31.49
845906016,1.067000,0.046000,-0.469000,-47.145000,15.939000,-42.931000,31.54
845916785,1.045000,0.106000,-0.472000,-44.458000,17.115000,-41.863000,31.49
845928577,1.077000,0.130000,-0.474000,-41.969000,19.527000,-43.603000,31.54
845938382,1.052000,0.150000,-0.517000,-41.221000,19.374000,-42.137000,31.49
845943487,1.036000,0.155000,-0.502000,-42.748000,17.710000,-40.641000,31.54
845956892,1.108000,0.107000,-0.444000,-42.107000,20.290000,-42.000000,31.49
845965562,1.102000,0.114000,-0.443000,-39.939000,26.229000,-42.702000,31.54
845980365,1.135000,0.029000,-0.423000,-35.160000,34.137000,-46.458000,31.59
845982141,0.989000,0.080000,-0.506000,-28.351000,38.137000,-46.977000,31.49
845998234,0.962000,0.170000,-0.543000,-29.053000,34.290000,-46.840000,31.54
846008752,0.911000,0.263000,-0.594000,-34.137000,25.878000,-45.649000,31.49
846014654,1.026000,0.267000,-0.508000,-39.588000,21.313000,-46.015000,31.54
846025126,1.193000,0.175000,-0.454000,-41.771000,29.206000,-50.565000,31.59
846036965,1.170000,0.119000,-0.396000,-37.649000,41.924000,-55.588000,31.54
846043969,1.081000,0.111000,-0.390000,-32.489000,49.740000,-54.412000,31.59
846050883,0.971000,0.139000,-0.453000,-28.229000,52.092000,-55.176000,31.54
846066174,0.879000,0.259000,-0.579000,-28.794000,44.229000,-54.397000,31.59
846077252,0.864000,0.343000,-0.559000,-36.107000,35.145000,-53.069000,31.54
846084977,0.986000,0.278000,-0.442000,-40.382000,24.992000,-52.947000,31.64
846095806,1.168000,0.315000,-0.411000,-43.252000,29.511000,-56.336000,31.68
846106332,1.172000,0.240000,-0.342000,-44.290000,40.412000,-58.534000,31.45
846114589,1.124000,0.147000,-0.299000,-37.221000,48.473000,-58.305000,31.49
846126061,1.009000,0.121000,-0.361000,-28.916000,52.794000,-57.282000,31.54
846134611,0.871000,0.110000,-0.406000,-25.954000,51.130000,-51.939000,31.59
846144972,0.908000,0.054000,-0.315000,-19.679000,47.725000,-49.893000,31.54
846151222,0.943000,0.154000,-0.204000,-11.435000,45.450000,-49.588000,31.59
846163600,0.994000,0.225000,-0.175000,-5.832000,45.282000,-52.458000,31.54
846177464,0.956000,0.361000,-0.201000,-0.473000,42.641000,-51.634000,31.59
846187131,0.949000,0.467000,-0.255000,-1.405000,36.855000,-51.206000,31.59
846197217,0.986000,0.511000,-0.286000,-5.282000,30.519000,-54.137000,31.54
846211000,0.989000,0.435000,-0.286000,-7.069000,27.145000,-56.229000,31.49
846215866,0.958000,0.433000,-0.277000,-6.641000,20.550000,-56.672000,31.54
846223570,1.023000,0.394000,-0.227000,-6.382000,16.977000,-56.611000,31.49
846235492,0.992000,0.355000,-0.166000,-2.489000,16.122000,-56.580000,31.54
846246948,0.941000,0.492000,-0.266000,1.344000,2.824000,-54.198000,31.49
846252462,1.012000,0.532000,-0.410000,-4.931000,5.344000,-54.992000,31.54
846265544,1.024000,0.545000,-0.379000,-7.374000,-0.321000,-54.672000,31.59
846277912,1.097000,0.605000,-0.405000,-12.183000,-3.908000,-55.924000,31.54
846289202,1.123000,0.611000,-0.403000,-18.290000,0.198000,-55.588000,31.54
846291633,1.122000,0.509000,-0.390000,-19.527000,4.412000,-57.634000,31.59
846308836,0.979000,0.546000,-0.419000,-21.206000,5.405000,-55.573000,31.54
846318576,0.961000,0.581000,-0.403000,-24.168000,-0.061000,-54.641000,31.40
846324041,0.962000,0.632000,-0.444000,-29.817000,-4.061000,-52.321000,31.54
846334755,0.917000,0.654000,-0.478000,-36.168000,-8.137000,-53.817000,31.59
846347861,0.837000,0.713000,-0.471000,-46.443000,-18.260000,-49.527000,31.54
846353356,0.966000,0.635000,-0.384000,-56.290000,-23.313000,-51.542000,31.49
846365037,0.954000,0.578000,-0.379000,-63.221000,-22.321000,-52.870000,31.54
846377572,0.900000,0.444000,-0.382000,-65.664000,-18.763000,-51.267000,31.45
846385990,0.856000,0.408000,-0.318000,-66.183000,-14.733000,-50.885000,31.49
846394310,0.777000,0.542000,-0.309000,-66.046000,-17.496000,-43.634000,31.54
846414125,0.742000,0.482000,-0.305000,-64.916000,-20.809000,-40.672000,31.59
846426627,0.758000,0.516000,-0.368000,-67.618000,-25.969000,-39.527000,31.54
846428723,0.807000,0.549000,-0.326000,-70.702000,-26.290000,-39.405000,31.49
846434804,0.851000,0.487000,-0.186000,-72.000000,-25.802000,-41.160000,31.64
846448406,0.933000,0.407000,-0.168000,-60.015000,-15.328000,-44.947000,31.68
846459958,0.865000,0.460000,-0.143000,-53.038000,-6.626000,-45.527000,31.54
846464888,0.797000,0.460000,-0.262000,-46.656000,-2.672000,-42.687000,31.54
846471566,0.688000,0.603000,-0.273000,-48.992000,-9.969000,-33.496000,31.59
846493256,0.730000,0.579000,-0.226000,-51.557000,-17.267000,-28.672000,31.54
846500812,0.828000,0.549000,-0.150000,-49.511000,-19.878000,-27.145000,31.59
846506325,0.872000,0.633000,-0.079000,-45.557000,-15.679000,-23.298000,31.54
846517054,0.919000,0.520000,-0.037000,-33.817000,-4.656000,-25.252000,31.49
846530378,0.900000,0.537000,-0.040000,-23.725000,6.489000,-24.092000,31.64
846535316,0.873000,0.586000,-0.060000,-14.137000,13.740000,-21.985000,31.49
846542102,0.849000,0.672000,-0.105000,-5.695000,16.107000,-21.389000,31.54
846555786,0.815000,0.820000,-0.197000,-2.458000,14.809000,-21.099000,31.54
846565259,0.777000,0.785000,-0.151000,-2.076000,11.542000,-21.924000,31.49
846572299,0.839000,0.719000,-0.143000,1.496000,7.405000,-22.519000,31.45
846584938,0.832000,0.743000,-0.174000,4.687000,10.031000,-20.855000,31.49
846597015,0.795000,0.689000,-0.125000,6.000000,10.473000,-14.870000,31.54
846608016,0.817000,0.637000,-0.077000,10.076000,12.580000,-9.679000,31.59
846614895,0.855000,0.607000,-0.051000,18.198000,18.427000,-4.916000,31.54
846628631,0.831000,0.617000,-0.066000,26.840000,24.550000,-0.626000,31.49
846636814,0.787000,0.668000,-0.123000,34.275000,26.534000,4.092000,31.54
846644206,0.752000,0.678000,-0.214000,36.427000,27.099000,6.427000,31.54
846656756,0.711000,0.687000,-0.222000,37.893000,23.588000,9.267000,31.54
846667328,0.726000,0.703000,-0.220000,37.954000,19.511000,11.481000,31.54
846674440,0.766000,0.677000,-0.189000,38.718000,17.557000,13.878000,31.49
846681513,0.793000,0.651000,-0.172000,41.374000,17.405000,15.695000,31.54
846694795,0.794000,0.637000,-0.159000,44.626000,18.916000,17.924000,31.59
846706199,0.779000,0.630000,-0.174000,48.626000,18.626000,21.038000,31.54
846715925,0.729000,0.669000,-0.219000,48.656000,14.137000,25.206000,31.49
846727897,0.731000,0.665000,-0.239000,47.344000,8.901000,30.260000,31.54
846735459,0.717000,0.653000,-0.245000,45.466000,2.244000,34.992000,31.54
846745173,0.763000,0.643000,-0.244000,43.695000,-2.580000,38.992000,31.64
846757580,0.769000,0.613000,-0.253000,42.244000,-5.313000,42.321000,31.54
846766962,0.801000,0.569000,-0.240000,41.817000,-6.031000,45.802000,31.59
846771705,0.828000,0.542000,-0.222000,43.511000,-5.130000,49.206000,31.54
846783531,0.834000,0.565000,-0.216000,46.366000,-4.992000,51.588000,31.59
846789342,0.822000,0.578000,-0.246000,48.015000,-5.557000,54.290000,31.54
846807139,0.795000,0.576000,-0.275000,48.977000,-8.718000,57.435000,31.59
846815817,0.823000,0.527000,-0.277000,49.206000,-12.000000,60.244000,31.54
846824446,0.856000,0.505000,-0.287000,51.328000,-10.580000,63.786000,31.64
846835367,0.843000,0.496000,-0.269000,53.008000,-10.748000,67.389000,31.64
846845038,0.855000,0.494000,-0.229000,55.206000,-12.107000,71.679000,31.64
846855722,0.878000,0.509000,-0.265000,56.366000,-11.710000,75.511000,31.59
846867818,0.858000,0.494000,-0.287000,58.107000,-13.603000,78.916000,31.54
846873522,0.889000,0.483000,-0.295000,61.298000,-15.740000,80.626000,31.49
846885160,0.939000,0.448000,-0.304000,64.687000,-14.504000,79.954000,31.54
846897518,0.948000,0.416000,-0.298000,69.481000,-8.366000,79.420000,31.49
846909684,0.890000,0.403000,-0.302000,71.863000,-6.275000,83.267000,31.64
846915076,0.930000,0.381000,-0.286000,73.908000,-5.664000,86.275000,31.54
846926316,0.890000,0.401000,-0.332000,75.847000,-4.901000,88.733000,31.54
846937685,0.899000,0.376000,-0.347000,76.076000,-5.878000,90.076000,31.54
846943457,0.923000,0.310000,-0.337000,79.359000,-7.252000,91.557000,31.59
846957961,0.964000,0.242000,-0.297000,85.099000,-2.611000,92.885000,31.54
846966321,0.984000,0.222000,-0.290000,91.450000,2.870000,94.275000,31.59
846974725,0.935000,0.251000,-0.332000,94.947000,5.939000,96.885000,31.54
846981773,0.923000,0.242000,-0.383000,94.321000,5.771000,100.137000,31.59
846993887,0.894000,0.241000,-0.394000,95.282000,3.145000,103.954000,31.54
847006631,0.886000,0.248000,-0.414000,93.069000,-2.550000,106.824000,31.54
847016704,0.949000,0.169000,-0.425000,93.481000,-6.092000,108.382000,31.45
847025436,0.988000,0.047000,-0.387000,94.947000,-6.229000,108.611000,31.49
847038078,0.986000,0.029000,-0.391000,100.061000,-3.359000,111.221000,31.49
847046184,1.001000,-0.029000,-0.406000,101.954000,0.412000,113.130000,31.45
847053243,0.950000,0.050000,-0.448000,100.992000,2.336000,113.802000,31.49
847065527,0.917000,0.025000,-0.491000,97.267000,-0.183000,116.046000,31.54
847075738,0.901000,0.020000,-0.547000,90.168000,-7.237000,115.573000,31.59
847082705,0.940000,-0.085000,-0.514000,90.718000,-13.496000,119.053000,31.45
847095553,0.988000,-0.111000,-0.425000,90.061000,-14.687000,118.305000,31.54
847107812,0.995000,-0.123000,-0.439000,90.870000,-16.870000,120.382000,31.54
847115182,1.015000,-0.096000,-0.460000,89.405000,-14.153000,117.695000,31.49
847125837,0.940000,-0.071000,-0.549000,82.977000,-16.473000,120.504000,31.54
847137624,0.911000,-0.158000,-0.603000,83.985000,-19.496000,128.107000,31.64
847146136,0.980000,-0.224000,-0.557000,72.046000,-23.893000,121.756000,31.49
847153664,0.969000,-0.262000,-0.469000,77.053000,-23.771000,123.466000,31.54
847165359,1.055000,-0.332000,-0.453000,79.023000,-22.290000,119.725000,31.59
847176959,1.027000,-0.364000,-0.438000,84.397000,-15.878000,119.420000,31.45
847183064,0.990000,-0.366000,-0.490000,83.237000,-15.130000,120.122000,31.49
847196028,0.916000,-0.289000,-0.514000,82.198000,-16.107000,120.092000,31.54
847204227,0.918000,-0.255000,-0.590000,75.557000,-24.947000,119.893000,31.49
847215966,0.956000,-0.325000,-0.586000,67.695000,-33.939000,120.046000,31.54
847226015,1.022000,-0.491000,-0.506000,64.137000,-31.679000,118.061000,31.54
847238224,0.981000,-0.495000,-0.479000,66.641000,-28.412000,116.046000,31.49
847245484,1.030000,-0.485000,-0.482000,69.130000,-25.038000,110.947000,31.64
847251375,1.013000,-0.512000,-0.486000,69.710000,-22.061000,107.634000,31.59
847265102,0.904000,-0.526000,-0.549000,64.718000,-23.634000,110.107000,31.45
847277423,0.909000,-0.549000,-0.510000,66.290000,-26.870000,113.618000,31.59
847282210,0.982000,-0.580000,-0.491000,65.786000,-28.366000,107.511000,31.54
847293713,0.991000,-0.602000,-0.471000,70.031000,-23.893000,104.244000,31.49
847305914,0.982000,-0.567000,-0.482000,71.664000,-21.878000,100.809000,31.45
847318363,1.007000,-0.651000,-0.517000,70.565000,-16.885000,95.954000,31.54
847326098,0.884000,-0.681000,-0.476000,69.954000,-10.733000,96.672000,31.49
847335702,0.823000,-0.629000,-0.434000,68.931000,-16.336000,94.855000,31.54
847347913,0.871000,-0.596000,-0.485000,66.733000,-21.496000,93.908000,31.59
847353622,0.924000,-0.686000,-0.469000,67.802000,-22.137000,91.771000,31.54
847365045,0.900000,-0.760000,-0.487000,70.412000,-18.901000,88.031000,31.59
847375830,0.910000,-0.768000,-0.418000,74.244000,-15.557000,84.504000,31.45
847384472,0.913000,-0.747000,-0.427000,80.321000,-11.313000,79.344000,31.59
847394000,0.866000,-0.744000,-0.490000,77.878000,-7.985000,74.733000,31.54
847401088,0.821000,-0.697000,-0.460000,73.115000,-6.992000,76.672000,31.54
847416766,0.846000,-0.757000,-0.425000,73.328000,-8.534000,78.137000,31.49
847427158,0.875000,-0.798000,-0.401000,72.214000,-4.794000,78.458000,31.54
847434565,0.806000,-0.773000,-0.397000,73.435000,-2.260000,80.550000,31.49
847446154,0.846000,-0.785000,-0.388000,76.870000,0.122000,78.473000,31.45
847452513,0.831000,-0.787000,-0.413000,77.328000,7.847000,75.221000,31.54
847466517,0.721000,-0.765000,-0.458000,75.237000,8.153000,76.504000,31.54
847474487,0.700000,-0.803000,-0.388000,72.122000,4.382000,79.511000,31.49
847486013,0.715000,-0.791000,-0.364000,70.687000,4.122000,80.550000,31.54
847495786,0.749000,-0.814000,-0.339000,70.809000,7.466000,81.328000,31.54
847502792,0.756000,-0.815000,-0.316000,75.649000,15.954000,80.626000,31.59
847517909,0.716000,-0.839000,-0.357000,77.008000,19.710000,80.458000,31.54
847525286,0.633000,-0.827000,-0.374000,74.611000,20.947000,83.359000,31.59
847534644,0.563000,-0.808000,-0.393000,69.634000,15.939000,88.947000,31.54
847549968,0.579000,-0.885000,-0.355000,64.916000,9.878000,91.496000,31.45
847558090,0.587000,-0.916000,-0.337000,60.336000,9.542000,92.595000,31.54
847565780,0.567000,-0.889000,-0.324000,60.885000,9.435000,93.130000,31.49
847577407,0.599000,-0.898000,-0.296000,58.763000,10.504000,91.084000,31.45
847586852,0.628000,-0.935000,-0.317000,58.641000,14.015000,89.878000,31.45
847592473,0.510000,-0.931000,-0.355000,54.321000,14.321000,90.947000,31.49
847604263,0.404000,-0.922000,-0.342000,54.718000,7.435000,99.206000,31.54
847619438,0.479000,-0.969000,-0.279000,44.809000,0.992000,94.214000,31.59
847628709,0.475000,-0.956000,-0.284000,40.809000,-2.015000,95.313000,31.54
847636023,0.524000,-0.950000,-0.261000,38.046000,-2.336000,95.053000,31.45
847644677,0.569000,-0.969000,-0.223000,35.023000,1.542000,91.344000,31.54
847657248,0.514000,-0.943000,-0.253000,33.679000,3.557000,91.603000,31.49
847662970,0.477000,-1.003000,-0.286000,29.786000,1.527000,92.931000,31.49
847677268,0.436000,-0.985000,-0.245000,26.779000,0.504000,95.115000,31.54
847689457,0.449000,-1.004000,-0.219000,25.557000,-3.573000,93.252000,31.49
847693914,0.459000,-1.013000,-0.232000,25.511000,-3.847000,91.588000,31.54
847705701,0.464000,-1.016000,-0.151000,26.321000,-1.481000,90.015000,31.49
847719327,0.722000,-0.989000,-0.229000,28.366000,14.763000,91.115000,31.45
847726819,0.370000,-1.047000,-0.110000,33.191000,3.740000,80.733000,31.45
847735515,0.416000,-0.949000,-0.175000,26.275000,3.924000,96.595000,31.45
847746171,0.426000,-0.992000,-0.164000,26.183000,0.840000,88.840000,31.40
847754394,0.363000,-1.056000,-0.151000,27.786000,2.565000,88.519000,31.54
847764549,0.386000,-1.094000,-0.088000,34.183000,6.809000,86.977000,31.45
847774759,0.368000,-1.040000,-0.123000,37.252000,7.954000,85.359000,31.49
847784564,0.375000,-1.020000,-0.084000,38.702000,11.344000,85.237000,31.54
847795361,0.369000,-1.047000,-0.077000,38.901000,17.008000,83.603000,31.59
847802097,0.330000,-1.055000,-0.129000,38.046000,21.969000,84.687000,31.54
847814196,0.254000,-1.062000,-0.067000,37.756000,23.069000,82.534000,31.59
847828220,0.190000,-1.104000,-0.156000,36.611000,19.313000,83.573000,31.54
847836749,0.187000,-1.076000,-0.139000,34.092000,17.038000,77.817000,31.49
847847370,0.193000,-1.122000,-0.122000,33.130000,17.084000,76.275000,31.54
847858776,0.161000,-1.217000,-0.141000,42.840000,18.779000,82.076000,31.49
847866703,0.213000,-1.195000,0.008000,36.672000,20.397000,81.008000,31.68
847873601,0.197000,-1.035000,-0.088000,28.321000,24.397000,71.069000,31.54
847886199,0.200000,-1.053000,-0.092000,27.710000,24.458000,73.863000,31.40
847896041,0.184000,-1.052000,-0.058000,23.145000,26.718000,71.969000,31.45
847903151,0.086000,-1.069000,-0.096000,21.130000,21.221000,71.099000,31.49
847916507,0.133000,-1.090000,-0.039000,17.939000,14.779000,68.611000,31.64
847929482,0.257000,-1.111000,-0.085000,20.153000,16.931000,64.229000,31.59
847937061,0.222000,-1.125000,-0.046000,20.672000,18.992000,61.466000,31.54
847942157,0.220000,-1.123000,-0.012000,22.672000,22.962000,61.191000,31.59
847960118,0.213000,-1.087000,-0.001000,25.069000,25.267000,60.336000,31.49
847969233,0.216000,-1.095000,-0.012000,27.115000,24.733000,59.435000,31.45
847975737,0.204000,-0.956000,-0.073000,20.947000,23.664000,54.275000,31.49
847986493,0.092000,-1.023000,-0.019000,19.191000,18.748000,51.634000,31.45
847998355,0.075000,-1.069000,-0.032000,20.504000,14.214000,53.115000,31.49
848004507,0.174000,-1.040000,-0.020000,19.099000,16.489000,49.359000,31.54
848011576,0.093000,-1.084000,0.020000,19.695000,15.252000,46.214000,31.49
848025830,0.117000,-1.122000,0.045000,22.855000,17.634000,47.176000,31.45
848036175,0.189000,-1.144000,0.028000,26.580000,23.267000,42.931000,31.59
848045023,0.078000,-1.076000,0.051000,31.130000,31.664000,33.374000,31.54
848055753,-0.034000,-0.998000,0.044000,29.435000,27.878000,34.366000,31.54
848069566,-0.024000,-0.986000,0.035000,24.824000,18.260000,40.443000,31.49
848074762,0.016000,-1.049000,0.010000,21.206000,17.084000,40.962000,31.54
848085938,0.002000,-1.013000,0.083000,18.015000,18.824000,32.382000,31.59
848097323,-0.040000,-1.009000,0.059000,19.847000,17.130000,34.702000,31.54
848105586,-0.021000,-1.080000,0.065000,18.443000,18.275000,31.115000,31.49
848113159,-0.015000,-1.014000,0.091000,22.000000,17.328000,25.832000,31.54
848125183,-0.086000,-0.948000,0.043000,13.176000,14.992000,30.672000,31.59
848138926,-0.003000,-1.041000,0.087000,18.366000,15.511000,30.275000,31.45
848145191,-0.075000,-0.976000,0.040000,14.031000,12.885000,25.420000,31.54
848154867,-0.075000,-0.990000,0.050000,12.779000,10.916000,27.160000,31.49
848171498,-0.040000,-1.006000,0.071000,12.519000,11.069000,26.229000,31.45
848179383,-0.049000,-1.021000,0.077000,15.130000,13.038000,24.321000,31.40
848184141,-0.048000,-0.986000,0.075000,12.000000,12.489000,23.069000,31.64
848195929,-0.040000,-0.987000,0.071000,9.802000,12.000000,21.496000,31.49
848208260,-0.054000,-1.025000,0.059000,11.893000,13.527000,20.992000,31.54
848214323,-0.065000,-1.020000,0.073000,13.557000,14.901000,19.023000,31.49
848221333,-0.048000,-0.993000,0.069000,12.763000,12.443000,18.550000,31.54
848236449,-0.063000,-1.002000,0.050000,12.580000,13.939000,18.244000,31.54
848248346,-0.078000,-0.999000,0.083000,11.695000,13.069000,18.168000,31.49
848256265,-0.076000,-0.999000,0.058000,10.382000,13.252000,15.649000,31.45
848266239,-0.074000,-1.004000,0.069000,8.244000,12.275000,11.710000,31.49
848275853,-0.105000,-0.979000,0.080000,8.168000,11.649000,11.145000,31.45
848284747,-0.098000,-0.988000,0.087000,6.015000,10.168000,14.122000,31.49
848294524,-0.057000,-1.003000,0.083000,5.344000,11.099000,8.183000,31.54
848307360,-0.039000,-0.984000,0.089000,6.366000,13.206000,8.611000,31.49
848315923,-0.053000,-0.974000,0.109000,5.145000,17.527000,4.611000,31.54
848323216,-0.106000,-0.924000,-0.008000,-0.290000,18.519000,1.313000,31.59
848339286,-0.087000,-0.984000,0.062000,-2.107000,15.038000,-0.595000,31.59
848349713,-0.057000,-1.016000,0.072000,-3.389000,17.649000,-2.305000,31.54
848359406,-0.103000,-1.001000,0.082000,-1.985000,22.137000,-0.046000,31.49
848363270,-0.059000,-1.016000,0.135000,3.038000,23.603000,-2.779000,31.54
848377310,-0.054000,-0.907000,0.068000,1.206000,31.069000,-3.878000,31.49
848384584,-0.040000,-0.954000,0.161000,2.351000,35.511000,-4.840000,31.45
848395233,-0.047000,-0.922000,0.104000,0.351000,40.229000,-8.534000,31.49
848405759,-0.127000,-0.978000,0.115000,0.534000,39.725000,-10.382000,31.45
848415825,-0.249000,-0.939000,0.045000,1.191000,33.939000,-9.099000,31.49
848424758,-0.210000,-0.931000,0.042000,-2.382000,22.137000,-9.756000,31.54
848431835,-0.153000,-0.951000,0.065000,-4.443000,17.481000,-6.641000,31.54
848448861,-0.117000,-0.970000,0.125000,-2.870000,17.847000,-4.824000,31.49
848457091,-0.087000,-0.988000,0.096000,-1.221000,20.763000,-4.214000,31.45
848465463,-0.073000,-1.016000,0.124000,1.725000,24.947000,-4.779000,31.59
848477849,-0.099000,-1.002000,0.110000,4.687000,28.427000,-6.580000,31.54
848486117,-0.150000,-0.959000,0.075000,5.710000,27.191000,-6.870000,31.49
848496354,-0.142000,-0.955000,0.059000,4.427000,24.061000,-6.565000,31.54
848506738,-0.126000,-0.982000,0.038000,5.863000,22.794000,-7.053000,31.59
848518091,-0.157000,-0.949000,0.047000,6.244000,22.550000,-5.695000,31.45
848521632,-0.123000,-0.908000,0.038000,4.214000,18.824000,-4.809000,31.54
848533653,-0.089000,-0.970000,0.062000,3.481000,19.466000,-4.351000,31.40
848545714,-0.097000,-0.951000,0.127000,7.573000,21.679000,-3.084000,31.45
848556357,-0.132000,-0.929000,0.047000,5.191000,20.947000,-5.115000,31.59
848565317,-0.121000,-0.954000,0.064000,3.710000,19.527000,-4.672000,31.45
848573329,-0.102000,-0.963000,0.071000,3.176000,20.595000,-5.802000,31.49
848587394,-0.119000,-0.944000,0.065000,1.695000,20.489000,-5.603000,31.54
848594912,-0.114000,-0.949000,0.072000,0.794000,19.893000,-5.588000,31.49
848606432,-0.137000,-0.944000,0.044000,-0.855000,17.450000,-6.641000,31.54
848615017,-0.172000,-0.929000,0.053000,-2.626000,12.198000,-4.672000,31.54
848625884,-0.127000,-0.956000,0.061000,-3.053000,7.420000,-4.031000,31.49
848635182,-0.079000,-0.976000,0.070000,-0.916000,6.947000,-1.847000,31.54
848642462,-0.042000,-0.986000,0.096000,1.924000,9.710000,-0.901000,31.49
848658271,-0.058000,-0.977000,0.084000,1.771000,11.710000,-1.420000,31.54
848670130,-0.075000,-0.984000,0.081000,0.916000,11.527000,-1.252000,31.49
848674645,-0.087000,-0.995000,0.082000,0.718000,11.679000,-1.405000,31.54
848687746,-0.099000,-0.982000,0.085000,-0.153000,11.756000,-2.595000,31.59
848695028,-0.106000,-0.973000,0.068000,-1.817000,9.969000,-4.321000,31.45
848705627,-0.119000,-0.973000,0.109000,-2.290000,5.710000,-4.855000,31.54
848716323,-0.143000,-0.958000,0.088000,-3.725000,0.992000,-5.496000,31.49
848726269,-0.132000,-0.940000,0.083000,-4.427000,-1.863000,-4.382000,31.45
848732145,-0.082000,-0.961000,0.087000,-5.206000,-3.313000,-4.962000,31.49
848743950,-0.062000,-0.981000,0.087000,-5.389000,-2.565000,-3.160000,31.64
848756447,-0.068000,-0.989000,0.083000,-6.611000,-1.374000,-4.046000,31.49
848769143,-0.157000,-0.960000,0.047000,-11.160000,-5.405000,-4.229000,31.64
848775246,-0.108000,-0.980000,0.085000,-13.115000,-7.008000,-5.405000,31.40
848786243,-0.093000,-0.980000,0.122000,-14.534000,-8.580000,-6.351000,31.54
848798411,-0.114000,-0.959000,0.055000,-17.496000,-10.092000,-5.099000,31.64
848803645,-0.106000,-0.987000,0.067000,-17.328000,-13.756000,-6.519000,31.45
848814466,-0.117000,-0.939000,0.082000,-16.046000,-15.603000,-5.389000,31.45
848825623,-0.074000,-0.931000,0.073000,-19.527000,-17.679000,-5.130000,31.49
848834557,-0.063000,-0.949000,0.044000,-22.595000,-18.244000,-5.374000,31.45
848843964,-0.048000,-0.971000,0.052000,-24.137000,-17.115000,-6.183000,31.49
848850791,-0.088000,-1.002000,0.050000,-26.092000,-19.023000,-7.359000,31.54
848868478,-0.091000,-1.001000,0.052000,-25.878000,-20.443000,-5.740000,31.49
848878171,-0.066000,-1.006000,0.068000,-25.634000,-19.832000,-7.221000,31.54
848883691,-0.067000,-0.982000,0.062000,-25.435000,-19.450000,-7.084000,31.54
848896490,-0.053000,-0.970000,0.063000,-26.305000,-19.802000,-9.008000,31.45
848906357,-0.062000,-0.967000,0.052000,-26.092000,-18.397000,-8.412000,31.54
848914390,-0.103000,-0.945000,0.026000,-28.504000,-19.695000,-8.153000,31.40
848925636,-0.075000,-0.982000,0.022000,-28.718000,-18.305000,-8.015000,31.45
848936809,-0.076000,-1.003000,0.058000,-27.969000,-19.832000,-7.527000,31.59
848943581,-0.084000,-0.989000,0.000000,-28.748000,-18.244000,-6.168000,31.45
848956486,-0.046000,-1.006000,0.040000,-29.420000,-17.115000,-10.687000,31.49
848964378,-0.072000,-0.992000,0.038000,-29.023000,-15.542000,-13.023000,31.54
848976903,-0.101000,-0.983000,0.023000,-29.634000,-15.099000,-15.573000,31.54
848982626,-0.036000,-0.995000,0.039000,-32.443000,-12.809000,-15.405000,31.54
849001942,-0.055000,-1.000000,-0.005000,-31.328000,-11.924000,-17.542000,31.54
849010076,-0.073000,-0.985000,-0.015000,-32.183000,-10.977000,-16.229000,31.59
849012628,-0.027000,-1.049000,-0.016000,-31.023000,-7.817000,-18.061000,31.54
849027933,-0.043000,-1.054000,-0.036000,-27.237000,-7.145000,-20.244000,31.49
849037744,-0.022000,-1.042000,-0.003000,-27.954000,-6.122000,-17.053000,31.54
849042334,-0.009000,-1.056000,0.032000,-26.427000,-2.977000,-26.458000,31.49
849054065,-0.033000,-1.010000,-0.012000,-25.725000,-0.763000,-25.893000,31.54
849068258,-0.001000,-1.035000,-0.001000,-26.061000,1.847000,-23.511000,31.45
849080835,0.038000,-1.022000,-0.005000,-24.809000,7.969000,-23.832000,31.54
849086307,0.014000,-1.030000,0.005000,-22.519000,11.466000,-25.130000,31.54
849093944,-0.034000,-1.024000,-0.052000,-22.092000,12.336000,-27.344000,31.49
849111168,-0.081000,-1.007000,-0.070000,-22.015000,9.282000,-28.519000,31.54
849116198,-0.038000,-1.015000,-0.077000,-23.710000,6.550000,-29.298000,31.49
849123983,-0.013000,-1.031000,-0.063000,-22.336000,4.336000,-30.076000,31.54
849136038,0.001000,-1.025000,-0.062000,-22.260000,4.489000,-30.534000,31.49
849146205,0.045000,-1.018000,-0.028000,-21.710000,7.145000,-29.634000,31.45
849153775,0.054000,-1.035000,-0.037000,-21.847000,10.916000,-31.802000,31.45
849159702,0.035000,-1.038000,-0.076000,-20.702000,11.863000,-35.099000,31.54
849179025,0.048000,-1.038000,-0.080000,-20.977000,12.153000,-34.550000,31.54
849190147,0.051000,-1.028000,-0.080000,-21.802000,13.038000,-34.214000,31.59
849196664,0.033000,-1.018000,-0.136000,-23.130000,10.244000,-36.092000,31.54
849208856,0.041000,-1.057000,-0.146000,-21.405000,8.092000,-38.336000,31.49
849217638,0.033000,-1.024000,-0.089000,-21.450000,3.618000,-37.756000,31.45
849223738,0.120000,-1.034000,-0.085000,-21.481000,6.962000,-37.252000,31.59
849238332,0.104000,-1.002000,-0.073000,-20.061000,9.496000,-38.641000,31.45
849249779,0.098000,-0.980000,-0.074000,-21.588000,9.847000,-39.756000,31.54
849254525,0.075000,-0.985000,-0.070000,-23.252000,8.626000,-38.290000,31.54
849260995,0.110000,-1.029000,-0.099000,-25.481000,9.435000,-40.840000,31.49
849285157,0.110000,-1.033000,-0.107000,-25.298000,10.000000,-42.107000,31.49
849293090,0.092000,-1.042000,-0.109000,-25.511000,9.725000,-43.206000,31.35
849298614,0.110000,-1.043000,-0.146000,-27.908000,7.618000,-44.473000,31.59
849305038,0.155000,-1.081000,-0.124000,-28.198000,8.809000,-43.435000,31.54
849319342,0.159000,-1.064000,-0.103000,-25.359000,10.565000,-44.137000,31.49
849326957,0.147000,-1.026000,-0.104000,-25.176000,11.435000,-44.305000,31.54
849337778,0.177000,-1.046000,-0.093000,-26.565000,12.397000,-46.321000,31.49
849346037,0.160000,-1.029000,-0.133000,-28.260000,14.183000,-47.267000,31.54
849355515,0.122000,-1.036000,-0.156000,-30.458000,12.794000,-48.580000,31.59
849365624,0.147000,-1.031000,-0.159000,-31.267000,10.626000,-50.015000,31.54
849372516,0.179000,-1.027000,-0.145000,-29.985000,11.664000,-51.252000,31.54
849385659,0.188000,-1.030000,-0.134000,-30.931000,11.237000,-51.527000,31.49
849396870,0.208000,-1.047000,-0.156000,-33.359000,12.229000,-51.695000,31.45
849405132,0.215000,-1.039000,-0.145000,-32.168000,13.511000,-49.374000,31.49
849417269,0.202000,-1.046000,-0.147000,-32.733000,12.855000,-50.580000,31.54
849429959,0.240000,-1.062000,-0.192000,-32.382000,15.374000,-54.885000,31.49
849435433,0.204000,-1.003000,-0.165000,-29.313000,13.389000,-55.160000,31.45
849446428,0.288000,-1.020000,-0.199000,-30.809000,12.351000,-59.374000,31.49
849455245,0.250000,-1.033000,-0.229000,-30.931000,11.328000,-61.298000,31.45
849465209,0.294000,-1.041000,-0.164000,-30.351000,13.237000,-62.321000,31.45
849472141,0.303000,-1.032000,-0.236000,-34.901000,16.015000,-63.908000,31.49
849487560,0.270000,-1.059000,-0.191000,-32.168000,15.359000,-59.832000,31.54
849498943,0.322000,-1.092000,-0.154000,-32.229000,16.504000,-62.427000,31.59
849506782,0.333000,-1.047000,-0.189000,-28.580000,18.244000,-63.099000,31.54
849517320,0.310000,-1.018000,-0.211000,-26.947000,18.046000,-64.992000,31.49
849531108,0.323000,-0.979000,-0.205000,-25.679000,16.214000,-66.260000,31.54
849536079,0.588000,-0.936000,-0.283000,-26.809000,19.679000,-70.198000,31.49
849541962,0.370000,-1.009000,-0.242000,-28.718000,16.122000,-72.565000,31.54
849557071,0.363000,-1.056000,-0.228000,-25.435000,15.847000,-70.550000,31.49
849566152,0.342000,-1.042000,-0.213000,-27.038000,16.473000,-70.565000,31.49
849572193,0.400000,-1.055000,-0.234000,-28.015000,17.878000,-69.863000,31.54
849583695,0.396000,-1.060000,-0.219000,-24.580000,22.382000,-68.962000,31.59
849598336,0.407000,-1.035000,-0.225000,-20.458000,21.557000,-70.412000,31.54
849606259,0.428000,-1.030000,-0.281000,-19.069000,22.107000,-73.664000,31.59
849615435,0.398000,-1.004000,-0.211000,-16.565000,21.389000,-75.939000,31.45
849624542,0.415000,-0.955000,-0.260000,-18.977000,19.710000,-75.924000,31.49
849635564,0.441000,-0.950000,-0.248000,-22.916000,17.252000,-74.122000,31.45
849645588,0.456000,-0.983000,-0.220000,-22.290000,18.748000,-73.557000,31.49
849655327,0.483000,-0.920000,-0.180000,-18.656000,23.160000,-71.817000,31.54
849667623,0.502000,-0.923000,-0.230000,-18.504000,21.969000,-72.870000,31.54
849671846,0.478000,-0.935000,-0.231000,-16.595000,20.489000,-75.527000,31.49
849683040,0.471000,-0.931000,-0.242000,-14.321000,18.611000,-73.023000,31.54
849695734,0.488000,-0.930000,-0.305000,-17.176000,16.412000,-77.771000,31.49
849709799,0.496000,-0.954000,-0.225000,-17.176000,13.542000,-75.298000,31.54
849715759,0.556000,-0.980000,-0.232000,-18.504000,14.748000,-75.634000,31.49
849725631,0.512000,-0.953000,-0.240000,-18.824000,14.275000,-71.725000,31.54
849738880,0.542000,-0.938000,-0.240000,-18.840000,14.427000,-65.389000,31.49
849745052,0.602000,-0.934000,-0.235000,-17.511000,16.275000,-66.947000,31.54
849763020,0.554000,-0.866000,-0.225000,-15.618000,18.473000,-68.000000,31.45
849772035,0.530000,-0.807000,-0.260000,-18.870000,14.305000,-66.305000,31.40
849776455,0.563000,-0.823000,-0.270000,-20.321000,10.458000,-64.733000,31.54
849782740,0.570000,-0.829000,-0.272000,-21.634000,8.733000,-64.763000,31.49
849794760,0.542000,-0.819000,-0.297000,-24.061000,4.611000,-60.779000,31.45
849809324,0.599000,-0.837000,-0.282000,-26.947000,2.427000,-59.985000,31.49
849819649,0.620000,-0.820000,-0.253000,-29.374000,5.435000,-58.427000,31.64
849823522,0.567000,-0.809000,-0.277000,-27.160000,6.351000,-55.405000,31.59
849837871,0.563000,-0.838000,-0.263000,-24.885000,4.260000,-54.977000,31.45
849848842,0.708000,-0.784000,-0.277000,-29.405000,-1.405000,-59.328000,31.64
849854955,0.601000,-0.792000,-0.397000,-30.794000,-0.031000,-55.191000,31.59
849865713,0.568000,-0.771000,-0.357000,-35.649000,-11.389000,-44.214000,31.54
849878108,0.688000,-0.838000,-0.286000,-35.710000,-13.206000,-59.053000,31.49
849882642,0.618000,-0.836000,-0.315000,-33.374000,-14.260000,-47.832000,31.45
849894215,0.706000,-0.845000,-0.230000,-29.740000,-13.221000,-48.702000,31.59
849901002,0.649000,-0.774000,-0.268000,-27.985000,-15.756000,-43.435000,31.54
849914660,0.690000,-0.775000,-0.312000,-28.550000,-15.328000,-45.557000,31.49
849925113,0.660000,-0.741000,-0.287000,-28.382000,-16.153000,-47.099000,31.54
849935852,0.685000,-0.727000,-0.314000,-28.305000,-19.282000,-46.275000,31.54
849948542,0.678000,-0.736000,-0.352000,-30.305000,-21.221000,-44.015000,31.49
849957226,0.757000,-0.826000,-0.283000,-28.626000,-20.290000,-41.802000,31.54
849966002,0.726000,-0.802000,-0.268000,-25.130000,-15.740000,-39.435000,31.49
849975026,0.759000,-0.778000,-0.247000,-24.137000,-11.374000,-40.076000,31.54
849986099,0.720000,-0.724000,-0.254000,-23.176000,-7.740000,-37.695000,31.49
849993134,0.756000,-0.733000,-0.326000,-23.878000,-4.122000,-40.321000,31.54
850005199,0.698000,-0.719000,-0.319000,-18.718000,-5.954000,-36.229000,31.40
850018344,0.659000,-0.702000,-0.327000,-18.977000,-7.832000,-36.153000,31.54
850025196,0.716000,-0.740000,-0.372000,-16.153000,-8.916000,-36.336000,31.45
850033430,0.740000,-0.775000,-0.329000,-14.382000,-5.893000,-38.336000,31.49
850049266,0.745000,-0.770000,-0.324000,-10.275000,-2.687000,-38.733000,31.64
850057715,0.754000,-0.734000,-0.322000,-7.328000,1.802000,-39.878000,31.49
850064547,0.752000,-0.721000,-0.347000,-7.298000,3.786000,-39.450000,31.45
850077180,0.684000,-0.682000,-0.343000,-9.649000,2.427000,-38.458000,31.59
850089041,0.716000,-0.649000,-0.384000,-9.985000,-0.687000,-35.053000,31.45
850093705,0.775000,-0.713000,-0.405000,-10.733000,0.840000,-37.191000,31.49
850105426,0.736000,-0.757000,-0.332000,-6.672000,1.191000,-33.664000,31.45
850117670,0.809000,-0.723000,-0.311000,-1.511000,3.618000,-32.198000,31.49
850134644,0.804000,-0.692000,-0.326000,1.115000,8.260000,-32.687000,31.49
850137098,0.778000,-0.680000,-0.347000,2.183000,9.893000,-33.176000,31.54
850146257,0.775000,-0.647000,-0.368000,3.588000,8.397000,-31.817000,31.59
850159648,0.748000,-0.612000,-0.402000,2.534000,5.740000,-29.786000,31.45
850164660,0.809000,-0.650000,-0.349000,0.977000,3.221000,-27.176000,31.59
850175969,0.759000,-0.615000,-0.403000,-2.870000,1.191000,-23.924000,31.54
850184885,0.860000,-0.693000,-0.328000,-2.107000,4.015000,-19.389000,31.59
850195500,0.870000,-0.705000,-0.304000,1.710000,10.595000,-19.679000,31.64
850201726,0.852000,-0.679000,-0.304000,4.000000,15.771000,-18.260000,31.59
850214168,0.831000,-0.657000,-0.316000,5.893000,17.771000,-17.832000,31.54
850227813,0.700000,-0.571000,-0.448000,0.427000,10.183000,-16.702000,31.54
850238234,0.783000,-0.614000,-0.370000,-0.260000,1.069000,-14.626000,31.59
850245523,0.815000,-0.637000,-0.400000,2.260000,-0.580000,-13.939000,31.54
850258330,0.839000,-0.649000,-0.379000,4.504000,-4.168000,-12.687000,31.49
850266987,0.911000,-0.667000,-0.332000,5.939000,-0.748000,-14.870000,31.54
850272891,0.910000,-0.664000,-0.354000,6.626000,5.954000,-17.908000,31.49
850284649,0.822000,-0.633000,-0.370000,3.817000,8.809000,-17.405000,31.54
850297089,0.799000,-0.633000,-0.379000,0.489000,7.405000,-16.061000,31.59
850303220,0.772000,-0.599000,-0.385000,-1.908000,3.771000,-13.511000,31.45
850316795,0.817000,-0.636000,-0.405000,-1.176000,1.511000,-12.611000,31.54
850330101,0.801000,-0.650000,-0.377000,1.435000,0.168000,-12.504000,31.59
850337534,0.807000,-0.625000,-0.376000,4.351000,-2.122000,-13.405000,31.54
850342872,0.826000,-0.633000,-0.348000,6.214000,-2.214000,-14.519000,31.59
850357746,0.804000,-0.631000,-0.352000,5.939000,-1.328000,-17.160000,31.54
850366358,0.811000,-0.599000,-0.410000,3.145000,-2.718000,-16.382000,31.49
850373296,0.810000,-0.596000,-0.382000,-1.420000,-3.313000,-16.137000,31.45
850386907,0.838000,-0.621000,-0.371000,-3.878000,-3.557000,-15.817000,31.49
850395521,0.862000,-0.655000,-0.375000,-3.084000,-1.435000,-11.786000,31.64
850404401,0.854000,-0.682000,-0.323000,-2.931000,0.977000,-10.733000,31.54
850411276,0.843000,-0.635000,-0.333000,-0.244000,2.275000,-8.443000,31.59
850428167,0.888000,-0.643000,-0.387000,-0.015000,4.763000,-11.420000,31.64
850437721,0.772000,-0.620000,-0.420000,-1.038000,2.397000,-11.344000,31.59
850443457,0.828000,-0.607000,-0.391000,-1.099000,-3.389000,-10.672000,31.54
850456692,0.843000,-0.573000,-0.399000,-1.679000,-5.420000,-10.168000,31.49
850468333,0.878000,-0.593000,-0.396000,-2.412000,-6.382000,-7.435000,31.64
850475891,0.893000,-0.584000,-0.351000,-3.450000,-4.229000,-6.519000,31.49
850488564,0.942000,-0.617000,-0.353000,-6.092000,0.122000,-6.519000,31.54
850496472,0.910000,-0.641000,-0.377000,-8.336000,6.015000,-8.153000,31.54
850506122,0.848000,-0.646000,-0.390000,-9.252000,7.878000,-6.809000,31.59
850512442,0.819000,-0.640000,-0.447000,-11.069000,6.458000,-6.076000,31.54
850525887,0.827000,-0.676000,-0.403000,-10.046000,2.885000,-4.092000,31.59
850538157,0.847000,-0.633000,-0.373000,-6.824000,1.389000,-3.496000,31.45
850546178,0.882000,-0.589000,-0.371000,-5.069000,0.748000,-3.450000,31.49
850551808,0.906000,-0.572000,-0.365000,-4.595000,2.122000,-3.969000,31.54
850569708,0.910000,-0.537000,-0.340000,-5.695000,3.237000,-3.008000,31.49
850578814,0.931000,-0.559000,-0.379000,-9.817000,6.763000,-4.824000,31.45
850584786,0.830000,-0.587000,-0.413000,-13.313000,5.634000,-2.168000,31.54
850596567,0.876000,-0.669000,-0.372000,-12.427000,3.053000,-1.420000,31.59
850607253,0.846000,-0.674000,-0.393000,-9.771000,2.183000,-1.542000,31.54
850614781,0.862000,-0.690000,-0.363000,-6.137000,0.550000,-1.832000,31.49
850621282,0.890000,-0.623000,-0.346000,-3.420000,-1.145000,-2.672000,31.54
850634586,0.937000,-0.600000,-0.355000,-4.718000,-0.183000,-4.901000,31.49
850647501,0.921000,-0.602000,-0.334000,-7.206000,1.557000,-6.519000,31.45
850654244,0.878000,-0.578000,-0.379000,-10.092000,0.977000,-5.511000,31.59
850666683,0.880000,-0.603000,-0.410000,-13.344000,-2.076000,-5.969000,31.49
850680646,0.876000,-0.642000,-0.426000,-13.084000,-4.794000,-5.954000,31.54
850685672,0.884000,-0.693000,-0.382000,-12.580000,-5.954000,-9.176000,31.49
850693332,0.892000,-0.679000,-0.384000,-10.290000,-6.672000,-10.015000,31.54
850707107,0.924000,-0.675000,-0.363000,-9.939000,-4.107000,-12.504000,31.49
850715858,0.901000,-0.637000,-0.367000,-11.115000,-2.458000,-12.580000,31.54
850721978,0.899000,-0.627000,-0.377000,-11.573000,-3.435000,-11.618000,31.40
850733847,0.906000,-0.594000,-0.421000,-12.443000,-4.443000,-11.893000,31.54
850749666,0.918000,-0.611000,-0.405000,-12.260000,-6.107000,-10.397000,31.49
850757316,0.953000,-0.610000,-0.389000,-10.748000,-5.634000,-11.160000,31.49
850765219,0.975000,-0.604000,-0.406000,-11.634000,-3.527000,-13.710000,31.64
850775553,0.946000,-0.645000,-0.399000,-12.092000,0.061000,-15.160000,31.59
850790748,0.935000,-0.639000,-0.395000,-11.115000,2.534000,-16.107000,31.54
850795753,0.924000,-0.627000,-0.421000,-11.389000,2.794000,-16.718000,31.49
850804404,0.887000,-0.591000,-0.416000,-13.206000,1.130000,-17.664000,31.64
850815495,0.938000,-0.579000,-0.408000,-12.595000,-1.023000,-16.519000,31.49
850823919,0.949000,-0.571000,-0.419000,-12.412000,1.313000,-17.130000,31.45
850833823,0.927000,-0.570000,-0.374000,-11.939000,0.397000,-15.588000,31.49
850846362,0.992000,-0.587000,-0.404000,-11.206000,4.061000,-17.756000,31.54
850856932,0.943000,-0.609000,-0.437000,-13.832000,7.893000,-21.038000,31.45
850868017,0.899000,-0.633000,-0.382000,-11.969000,7.557000,-22.489000,31.49
850873425,0.896000,-0.603000,-0.424000,-10.779000,6.122000,-24.641000,31.54
850888980,0.890000,-0.601000,-0.433000,-10.214000,3.130000,-24.046000,31.49
850896698,0.907000,-0.573000,-0.405000,-8.198000,-0.916000,-23.969000,31.54
850904094,0.956000,-0.526000,-0.381000,-6.962000,-1.053000,-23.847000,31.49
850916151,0.969000,-0.519000,-0.393000,-11.344000,1.237000,-23.939000,31.54
850925661,0.994000,-0.556000,-0.359000,-12.947000,5.282000,-24.519000,31.49
850934089,0.985000,-0.588000,-0.358000,-13.634000,11.435000,-26.031000,31.54
850940848,0.907000,-0.588000,-0.405000,-13.115000,12.046000,-26.321000,31.54
850954006,0.866000,-0.593000,-0.431000,-11.832000,8.427000,-25.389000,31.40
850967648,0.886000,-0.576000,-0.416000,-8.687000,2.672000,-25.557000,31.45
850973287,0.945000,-0.540000,-0.425000,-5.954000,-1.649000,-26.107000,31.49
850984855,0.971000,-0.537000,-0.369000,-5.908000,-2.489000,-26.885000,31.54
851000356,1.032000,-0.504000,-0.377000,-7.618000,2.122000,-28.290000,31.49
851004992,1.013000,-0.486000,-0.390000,-14.748000,6.321000,-34.931000,31.54
851017480,0.963000,-0.535000,-0.391000,-14.214000,12.137000,-32.824000,31.49
851026216,0.894000,-0.504000,-0.478000,-16.840000,7.985000,-30.702000,31.45
851034270,0.908000,-0.547000,-0.476000,-15.023000,2.443000,-29.878000,31.45
851041005,0.919000,-0.573000,-0.434000,-12.656000,-0.504000,-29.252000,31.45
851052861,0.958000,-0.498000,-0.399000,-11.771000,-2.656000,-29.878000,31.45
851066114,1.049000,-0.500000,-0.389000,-13.542000,2.702000,-31.802000,31.49
851076990,0.993000,-0.511000,-0.406000,-16.947000,9.740000,-31.405000,31.54
851084447,0.953000,-0.520000,-0.398000,-18.336000,11.282000,-31.481000,31.59
851096628,0.900000,-0.458000,-0.447000,-18.382000,6.458000,-31.603000,31.45
851105114,0.920000,-0.470000,-0.505000,-18.809000,0.321000,-31.710000,31.49
851115377,0.935000,-0.477000,-0.453000,-19.237000,-4.214000,-31.893000,31.45
851125312,0.976000,-0.458000,-0.448000,-18.122000,-6.641000,-32.153000,31.54
851134229,1.042000,-0.456000,-0.425000,-20.718000,-5.389000,-34.336000,31.45
851141370,1.039000,-0.451000,-0.419000,-24.092000,0.015000,-34.504000,31.59
851154806,1.033000,-0.466000,-0.415000,-27.176000,4.092000,-33.176000,31.49
851167418,0.989000,-0.456000,-0.430000,-28.656000,7.115000,-31.786000,31.54
851174889,1.007000,-0.421000,-0.439000,-26.733000,4.351000,-31.817000,31.49
851184929,0.991000,-0.423000,-0.546000,-26.550000,2.947000,-31.573000,31.54
851197816,0.943000,-0.356000,-0.513000,-29.450000,-4.443000,-30.779000,31.49
851203474,1.075000,-0.378000,-0.487000,-31.252000,-7.481000,-32.260000,31.45
851218213,1.098000,-0.392000,-0.465000,-32.168000,-0.901000,-32.046000,31.45
851228842,1.107000,-0.376000,-0.417000,-34.137000,5.069000,-31.649000,31.54
851237746,1.136000,-0.408000,-0.410000,-35.206000,14.366000,-32.733000,31.49
851242658,1.062000,-0.390000,-0.428000,-33.267000,19.527000,-32.809000,31.54
851253110,1.002000,-0.393000,-0.483000,-30.656000,20.137000,-34.031000,31.54
851265712,0.931000,-0.377000,-0.498000,-28.260000,15.084000,-34.244000,31.49
851276084,0.967000,-0.348000,-0.480000,-24.168000,7.298000,-36.000000,31.54
851284275,1.019000,-0.329000,-0.491000,-24.687000,3.603000,-39.267000,31.59
851298242,1.010000,-0.336000,-0.426000,-26.260000,3.328000,-38.809000,31.54
851305664,1.059000,-0.320000,-0.411000,-27.969000,8.000000,-39.282000,31.59
851316102,1.096000,-0.368000,-0.346000,-28.626000,14.076000,-42.427000,31.54
851326143,1.065000,-0.364000,-0.364000,-26.962000,20.687000,-41.344000,31.49
851337361,0.997000,-0.362000,-0.449000,-22.275000,22.977000,-41.237000,31.54
851345051,0.930000,-0.378000,-0.470000,-18.489000,17.466000,-41.084000,31.54
851352790,0.913000,-0.311000,-0.466000,-14.931000,8.702000,-42.580000,31.59
851365029,0.995000,-0.271000,-0.466000,-15.893000,3.710000,-44.626000,31.45
851380310,1.053000,-0.288000,-0.408000,-17.374000,6.000000,-45.618000,31.49
851389444,1.090000,-0.264000,-0.394000,-19.115000,10.183000,-45.802000,31.54
851391798,1.101000,-0.280000,-0.396000,-22.565000,18.366000,-45.695000,31.49
851408741,1.056000,-0.311000,-0.367000,-24.305000,22.550000,-44.000000,31.45
851415990,1.010000,-0.292000,-0.381000,-23.023000,22.550000,-43.237000,31.59
851422645,0.937000,-0.248000,-0.482000,-21.710000,17.603000,-41.985000,31.54
851436300,0.930000,-0.234000,-0.495000,-20.366000,8.992000,-43.496000,31.40
851444946,0.985000,-0.264000,-0.453000,-20.992000,2.489000,-44.153000,31.49
851453382,1.040000,-0.256000,-0.417000,-19.649000,2.382000,-43.710000,31.54
851464979,1.053000,-0.191000,-0.391000,-21.756000,5.176000,-43.237000,31.49
851471757,1.098000,-0.201000,-0.389000,-26.626000,9.664000,-42.595000,31.54
851487784,1.041000,-0.160000,-0.449000,-30.702000,13.618000,-38.458000,31.49
851495129,1.056000,-0.237000,-0.428000,-32.702000,14.687000,-35.405000,31.54
851505497,1.002000,-0.204000,-0.496000,-31.053000,12.122000,-34.748000,31.49
851519517,1.022000,-0.238000,-0.419000,-30.382000,9.771000,-37.099000,31.54
851524920,1.000000,-0.184000,-0.455000,-27.542000,7.084000,-37.145000,31.45
851535043,1.018000,-0.172000,-0.426000,-28.397000,5.618000,-38.794000,31.49
851545316,0.996000,-0.141000,-0.412000,-29.725000,1.237000,-38.107000,31.54
851554008,0.986000,-0.083000,-0.455000,-33.985000,-3.802000,-34.550000,31.49
851564723,1.068000,-0.136000,-0.406000,-36.412000,-5.771000,-34.290000,31.45
851571508,1.082000,-0.124000,-0.382000,-36.580000,-3.863000,-33.893000,31.54
851588656,1.092000,-0.141000,-0.406000,-36.595000,-3.466000,-32.305000,31.54
851598849,1.126000,-0.199000,-0.362000,-33.771000,1.298000,-35.221000,31.49
851605011,1.048000,-0.097000,-0.352000,-31.191000,2.366000,-34.519000,31.35
851617391,1.095000,-0.094000,-0.279000,-31.756000,0.443000,-33.160000,31.54
851624574,1.071000,-0.083000,-0.344000,-32.779000,0.015000,-33.176000,31.49
851634515,1.065000,-0.021000,-0.346000,-31.206000,-4.824000,-30.962000,31.54
851646062,1.128000,-0.042000,-0.386000,-28.489000,-5.939000,-31.710000,31.49
851656933,1.141000,-0.061000,-0.353000,-23.328000,-4.947000,-32.595000,31.54
851664634,1.206000,-0.090000,-0.267000,-15.695000,-2.458000,-34.000000,31.54
851671516,1.211000,-0.058000,-0.288000,-9.679000,3.359000,-36.427000,31.54
851686367,1.149000,-0.041000,-0.345000,-7.298000,9.679000,-35.115000,31.49
851696796,1.067000,0.005000,-0.410000,-8.595000,7.084000,-35.420000,31.49
851704841,1.051000,0.052000,-0.499000,-6.305000,-0.046000,-28.916000,31.45
851715785,1.083000,0.013000,-0.505000,-9.786000,-3.511000,-26.763000,31.59
851725107,1.146000,-0.055000,-0.427000,-8.916000,-3.603000,-28.366000,31.45
851735375,1.137000,-0.052000,-0.432000,-5.237000,1.878000,-28.550000,31.40
851745730,1.132000,-0.038000,-0.432000,-4.137000,8.260000,-28.641000,31.54
851756620,1.127000,-0.084000,-0.435000,-4.092000,15.802000,-29.618000,31.54
851765695,1.015000,-0.024000,-0.500000,-5.206000,17.802000,-27.771000,31.54
851772520,0.946000,0.048000,-0.565000,-10.122000,11.740000,-24.504000,31.45
851789179,1.001000,0.043000,-0.549000,-14.214000,1.450000,-24.000000,31.59
851798162,1.073000,0.029000,-0.552000,-16.504000,-2.382000,-25.573000,31.45
851804859,1.093000,0.020000,-0.508000,-16.687000,-5.176000,-27.908000,31.59
851816042,1.135000,-0.003000,-0.497000,-18.107000,-3.405000,-32.015000,31.54
851829282,1.084000,-0.043000,-0.482000,-18.183000,-0.489000,-34.015000,31.49
851837534,1.035000,-0.003000,-0.517000,-21.969000,-1.435000,-33.481000,31.54
851844492,1.051000,-0.023000,-0.512000,-25.878000,-0.046000,-34.702000,31.54
851856013,1.070000,0.004000,-0.502000,-28.214000,-2.733000,-33.878000,31.49
851866339,1.051000,0.018000,-0.526000,-30.443000,-4.504000,-32.931000,31.45
851872919,1.064000,0.030000,-0.517000,-30.947000,-9.237000,-31.634000,31.59
851884747,1.158000,-0.007000,-0.471000,-30.107000,-6.641000,-34.656000,31.54
851903401,1.147000,0.008000,-0.459000,-27.130000,-2.000000,-38.275000,31.49
851913990,1.150000,0.009000,-0.392000,-25.985000,2.672000,-40.107000,31.45
851917143,1.125000,0.062000,-0.435000,-25.893000,7.084000,-43.618000,31.49
851925603,1.049000,0.144000,-0.515000,-30.275000,2.504000,-42.412000,31.54
851939771,1.092000,0.126000,-0.543000,-32.992000,0.962000,-43.618000,31.54
851946081,1.061000,0.172000,-0.552000,-36.061000,-6.046000,-41.481000,31.59
851956656,1.158000,0.120000,-0.503000,-39.863000,-7.557000,-42.260000,31.54
851964988,1.246000,0.066000,-0.440000,-39.023000,0.489000,-44.931000,31.49
851974974,1.207000,0.010000,-0.404000,-37.740000,8.229000,-46.687000,31.45
851985445,1.155000,0.036000,-0.429000,-36.290000,14.214000,-46.000000,31.49
851992252,1.163000,0.060000,-0.451000,-34.962000,21.893000,-49.542000,31.54
852005154,1.018000,0.161000,-0.509000,-37.313000,22.153000,-52.489000,31.49
852016504,0.996000,0.224000,-0.550000,-40.458000,11.893000,-50.534000,31.54
852024310,1.069000,0.178000,-0.559000,-44.779000,7.618000,-54.412000,31.54
852038486,1.019000,0.201000,-0.469000,-46.687000,1.817000,-55.176000,31.49
852047294,1.145000,0.214000,-0.410000,-49.176000,0.855000,-57.496000,31.54
852056007,1.204000,0.171000,-0.387000,-51.634000,9.954000,-60.550000,31.49
852064564,1.133000,0.126000,-0.406000,-52.580000,17.786000,-60.168000,31.54
852075442,1.084000,0.124000,-0.467000,-50.534000,21.206000,-60.458000,31.49
852083654,1.013000,0.197000,-0.556000,-52.137000,22.427000,-60.550000,31.54
852093006,0.950000,0.226000,-0.551000,-58.412000,18.015000,-60.031000,31.49
852107332,0.983000,0.202000,-0.444000,-62.565000,12.183000,-60.244000,31.54
852116704,1.124000,0.257000,-0.386000,-64.290000,14.183000,-62.855000,31.45
852127766,1.214000,0.161000,-0.291000,-60.977000,24.687000,-68.336000,31.49
852133819,1.062000,0.212000,-0.320000,-55.664000,32.977000,-72.641000,31.54
852148003,0.991000,0.249000,-0.306000,-51.740000,30.092000,-74.076000,31.49
852157390,0.903000,0.399000,-0.494000,-53.496000,23.344000,-73.481000,31.45
852164145,0.889000,0.399000,-0.434000,-63.527000,12.458000,-70.702000,31.49
852176560,1.032000,0.312000,-0.327000,-65.374000,7.832000,-74.290000,31.54
852186357,1.122000,0.301000,-0.228000,-61.939000,13.313000,-78.947000,31.49
852193477,1.163000,0.270000,-0.176000,-54.718000,23.374000,-83.527000,31.54
852206867,1.043000,0.277000,-0.228000,-50.931000,31.099000,-84.321000,31.54
852216260,0.903000,0.317000,-0.244000,-49.053000,31.115000,-81.832000,31.59
852227515,0.881000,0.447000,-0.354000,-52.198000,26.443000,-79.252000,31.54
852232892,0.916000,0.435000,-0.297000,-58.885000,22.305000,-79.053000,31.59
852249024,0.908000,0.412000,-0.279000,-57.802000,16.290000,-81.145000,31.54
852256233,0.920000,0.405000,-0.307000,-57.221000,13.756000,-82.305000,31.59
852264339,0.896000,0.336000,-0.249000,-53.954000,12.611000,-82.702000,31.45
852276216,0.947000,0.260000,-0.139000,-48.000000,15.954000,-82.076000,31.49
852285138,0.918000,0.295000,-0.111000,-40.901000,22.870000,-81.817000,31.49
852294331,0.790000,0.392000,-0.229000,-42.443000,26.046000,-76.198000,31.54
852299381,0.649000,0.479000,-0.322000,-50.244000,23.786000,-68.107000,31.49
852319043,0.630000,0.562000,-0.307000,-59.878000,10.122000,-56.489000,31.45
852328723,0.789000,0.527000,-0.238000,-67.527000,4.122000,-48.733000,31.49
852337066,0.876000,0.422000,-0.089000,-65.939000,5.481000,-47.466000,31.54
852344810,0.874000,0.446000,-0.092000,-54.229000,10.672000,-48.565000,31.49
852357613,0.825000,0.551000,-0.092000,-44.489000,8.565000,-47.252000,31.54
852364995,0.793000,0.631000,-0.144000,-41.603000,7.420000,-46.321000,31.59
852375720,0.679000,0.775000,-0.247000,-44.290000,-6.122000,-41.130000,31.49
852385771,0.769000,0.797000,-0.255000,-53.115000,-18.916000,-38.260000,31.45
852395644,0.847000,0.757000,-0.188000,-56.595000,-27.756000,-37.969000,31.59
852401664,0.909000,0.739000,-0.146000,-56.153000,-29.878000,-36.489000,31.45
852413041,0.917000,0.755000,-0.129000,-55.710000,-26.443000,-34.351000,31.49
852429606,0.960000,0.667000,-0.034000,-54.458000,-18.779000,-32.214000,31.64
852437150,0.936000,0.605000,0.003000,-45.679000,-10.809000,-27.496000,31.59
852446269,0.841000,0.669000,0.003000,-37.466000,-5.328000,-20.122000,31.45
852459082,0.843000,0.718000,-0.017000,-29.374000,-4.198000,-15.328000,31.45
852465596,0.807000,0.789000,-0.079000,-25.679000,-5.145000,-11.481000,31.49
852476173,0.768000,0.801000,-0.064000,-24.565000,-10.031000,-7.924000,31.54
852487356,0.790000,0.803000,-0.063000,-22.183000,-14.443000,-5.435000,31.49
852497808,0.830000,0.771000,-0.009000,-18.473000,-15.573000,-3.863000,31.54
852502331,0.813000,0.735000,-0.008000,-13.038000,-11.802000,-3.008000,31.59
852513756,0.790000,0.714000,0.019000,-6.824000,-9.740000,1.008000,31.54
852520924,0.800000,0.664000,0.028000,0.885000,-6.611000,4.779000,31.49
852535401,0.785000,0.632000,0.014000,9.191000,-3.130000,9.359000,31.54
852544736,0.762000,0.629000,-0.012000,17.252000,-0.443000,14.260000,31.54
852556155,0.736000,0.648000,-0.018000,24.565000,-1.145000,20.687000,31.49
852568091,0.729000,0.643000,-0.076000,29.603000,-2.748000,25.420000,31.45
852573426,0.719000,0.645000,-0.099000,33.649000,-5.924000,31.130000,31.59
852585579,0.755000,0.634000,-0.086000,36.336000,-6.687000,35.023000,31.54
852596609,0.779000,0.608000,-0.099000,39.084000,-5.328000,39.084000,31.59
852604234,0.803000,0.589000,-0.089000,43.450000,-1.649000,42.626000,31.45
852611026,0.799000,0.593000,-0.076000,46.992000,1.481000,46.962000,31.49
852623404,0.816000,0.579000,-0.081000,52.214000,3.649000,50.565000,31.54
852636885,0.800000,0.607000,-0.143000,56.702000,3.313000,53.969000,31.35
852643563,0.770000,0.630000,-0.189000,58.641000,0.550000,57.267000,31.49
852656964,0.794000,0.582000,-0.214000,59.847000,-2.183000,59.405000,31.54
852666203,0.774000,0.549000,-0.210000,62.031000,-5.389000,62.870000,31.49
852674922,0.817000,0.486000,-0.167000,64.366000,-5.542000,67.130000,31.64
852684980,0.843000,0.435000,-0.141000,68.107000,-2.489000,71.298000,31.59
852695125,0.851000,0.441000,-0.128000,73.710000,-0.321000,76.061000,31.54
852705876,0.875000,0.473000,-0.176000,77.725000,2.687000,80.183000,31.45
852713474,0.868000,0.460000,-0.195000,81.313000,4.458000,83.420000,31.49
852725644,0.853000,0.465000,-0.234000,84.794000,3.145000,87.008000,31.45
852737594,0.837000,0.461000,-0.242000,86.122000,0.137000,90.718000,31.59
852748597,0.835000,0.441000,-0.240000,85.359000,-3.191000,93.466000,31.54
852754180,0.862000,0.404000,-0.243000,84.840000,-4.336000,96.336000,31.54
852767226,0.839000,0.356000,-0.248000,84.977000,-5.847000,100.595000,31.54
852773346,0.882000,0.320000,-0.197000,88.443000,-8.061000,105.313000,31.49
852786048,0.941000,0.324000,-0.226000,91.069000,-6.748000,106.550000,31.45
852795071,0.959000,0.314000,-0.283000,97.649000,-4.519000,106.779000,31.45
852803577,0.906000,0.275000,-0.333000,98.183000,-4.321000,108.290000,31.49
852815105,0.877000,0.261000,-0.297000,99.496000,-7.435000,112.519000,31.54
852822049,0.928000,0.230000,-0.321000,98.046000,-10.672000,116.611000,31.49
852836165,0.962000,0.177000,-0.271000,97.481000,-7.939000,118.947000,31.45
852846568,0.941000,0.151000,-0.281000,100.550000,-7.267000,124.595000,31.54
852855015,1.000000,0.204000,-0.296000,103.618000,-7.053000,125.176000,31.54
852866267,1.032000,0.184000,-0.381000,106.718000,-4.122000,123.466000,31.49
852877899,0.980000,0.131000,-0.428000,103.725000,-6.000000,122.672000,31.49
852884721,0.952000,0.062000,-0.364000,104.504000,-7.405000,128.611000,31.54
852895731,0.990000,0.075000,-0.366000,102.611000,-12.458000,132.092000,31.49
852904351,1.022000,0.042000,-0.394000,97.450000,-11.450000,133.771000,31.54
852915286,0.989000,-0.004000,-0.366000,94.397000,-13.435000,137.527000,31.49
852922138,1.073000,-0.108000,-0.375000,95.298000,-11.115000,136.809000,31.45
852934386,1.047000,-0.106000,-0.459000,99.710000,-5.802000,133.466000,31.45
852948930,0.962000,-0.095000,-0.453000,98.092000,-8.794000,131.756000,31.54
852954782,0.911000,-0.122000,-0.492000,94.183000,-18.702000,135.420000,31.40
852965774,0.976000,-0.195000,-0.462000,89.481000,-24.046000,138.107000,31.45
852979894,1.011000,-0.233000,-0.441000,85.374000,-26.290000,139.282000,31.45
852987540,1.031000,-0.266000,-0.379000,84.076000,-25.603000,139.466000,31.49
852993588,1.049000,-0.241000,-0.424000,84.397000,-24.260000,134.947000,31.54
853011829,1.062000,-0.288000,-0.496000,82.122000,-20.870000,130.397000,31.49
853020525,0.956000,-0.354000,-0.478000,78.748000,-21.649000,130.718000,31.45
853022041,0.865000,-0.342000,-0.517000,75.435000,-34.580000,136.580000,31.49
853033971,0.928000,-0.359000,-0.491000,72.214000,-45.084000,139.282000,31.54
853039877,1.054000,-0.455000,-0.467000,68.336000,-48.763000,136.137000,31.49
853055821,1.079000,-0.493000,-0.410000,68.656000,-44.229000,133.237000,31.54
853065038,1.071000,-0.485000,-0.448000,72.992000,-41.466000,128.366000,31.54
853075568,1.098000,-0.517000,-0.506000,71.206000,-35.695000,120.824000,31.49
853088675,0.971000,-0.500000,-0.526000,64.412000,-33.908000,116.962000,31.45
853095719,0.826000,-0.528000,-0.557000,57.588000,-43.374000,123.053000,31.49
853106469,0.980000,-0.552000,-0.437000,55.893000,-48.137000,122.824000,31.45
853122233,1.068000,-0.653000,-0.439000,58.977000,-43.542000,115.206000,31.54
853126359,0.992000,-0.654000,-0.424000,60.519000,-39.359000,112.183000,31.54
853133158,0.958000,-0.658000,-0.427000,64.137000,-38.611000,110.137000,31.49
853145341,0.986000,-0.715000,-0.427000,68.000000,-34.565000,107.008000,31.35
853157338,0.915000,-0.656000,-0.406000,71.298000,-30.733000,102.748000,31.54
853167362,0.848000,-0.625000,-0.535000,68.809000,-34.611000,102.763000,31.59
853174367,0.972000,-0.768000,-0.408000,68.336000,-33.084000,95.802000,31.54
853187238,0.873000,-0.769000,-0.389000,75.344000,-29.588000,91.649000,31.59
853196368,0.877000,-0.752000,-0.419000,80.046000,-28.672000,87.893000,31.54
853203962,0.888000,-0.751000,-0.393000,82.855000,-24.718000,81.389000,31.45
853216699,0.836000,-0.747000,-0.394000,85.328000,-22.992000,80.046000,31.54
853227346,0.819000,-0.727000,-0.382000,85.817000,-21.420000,78.855000,31.45
853233433,0.823000,-0.717000,-0.398000,87.008000,-22.137000,80.198000,31.49
853246933,0.893000,-0.836000,-0.419000,88.382000,-18.122000,79.878000,31.54
853254133,0.831000,-0.874000,-0.347000,90.702000,-8.641000,80.076000,31.49
853266147,0.809000,-0.843000,-0.338000,97.679000,-3.771000,80.855000,31.54
853272569,0.750000,-0.775000,-0.474000,93.954000,-2.779000,80.076000,31.49
853287856,0.698000,-0.774000,-0.428000,90.183000,-5.878000,85.023000,31.45
853295102,0.737000,-0.806000,-0.337000,86.779000,-6.779000,84.061000,31.45
853304521,0.747000,-0.754000,-0.366000,87.221000,-4.504000,85.389000,31.54
853316586,0.775000,-0.810000,-0.379000,85.924000,0.427000,84.824000,31.45
853327257,0.730000,-0.884000,-0.377000,87.618000,8.092000,84.153000,31.49
853334648,0.616000,-0.906000,-0.381000,89.206000,8.763000,85.573000,31.35
853341909,0.538000,-0.901000,-0.431000,83.893000,2.885000,87.221000,31.49
853359581,0.504000,-0.876000,-0.440000,77.237000,-2.443000,90.992000,31.45
853366887,0.517000,-0.890000,-0.341000,69.420000,-9.908000,94.046000,31.59
853375442,0.547000,-0.842000,-0.288000,64.748000,-12.305000,95.160000,31.45
853389181,0.608000,-0.835000,-0.316000,61.298000,-11.389000,96.672000,31.54
853396490,0.652000,-0.908000,-0.325000,59.847000,-4.489000,95.603000,31.54
853405670,0.523000,-0.937000,-0.278000,50.992000,1.634000,91.221000,31.45
853416249,0.389000,-0.920000,-0.342000,44.321000,-2.061000,94.824000,31.40
853427875,0.421000,-0.992000,-0.319000,38.183000,-7.557000,94.107000,31.54
853435702,0.417000,-1.021000,-0.265000,35.985000,-10.962000,92.962000,31.40
853442893,0.393000,-1.001000,-0.218000,37.527000,-15.374000,96.412000,31.54
853455769,0.457000,-0.997000,-0.255000,34.244000,-16.229000,96.840000,31.49
853468906,0.533000,-0.981000,-0.162000,33.069000,-9.908000,96.885000,31.54
853474393,0.499000,-1.003000,-0.187000,30.229000,-4.168000,95.847000,31.54
853493610,0.417000,-0.976000,-0.176000,33.313000,3.359000,94.214000,31.49
853501997,0.376000,-1.009000,-0.226000,27.008000,-2.275000,95.450000,31.45
853505980,0.313000,-1.015000,-0.254000,22.122000,-9.221000,99.053000,31.49
853519364,0.369000,-1.050000,-0.173000,22.336000,-13.420000,98.855000,31.54
853526875,0.400000,-1.048000,-0.146000,24.580000,-14.351000,97.038000,31.49
853533417,0.584000,-1.023000,-0.140000,21.969000,-5.389000,97.649000,31.45
853543489,0.259000,-1.046000,-0.083000,33.817000,-15.878000,87.359000,31.49
853559089,0.404000,-0.997000,-0.242000,24.229000,-12.595000,98.779000,31.54
853573738,0.379000,-1.060000,-0.209000,19.985000,-14.931000,92.580000,31.54
853579297,0.359000,-1.117000,-0.182000,21.145000,-14.336000,90.351000,31.49
853585094,0.400000,-1.123000,-0.156000,24.672000,-13.221000,85.282000,31.45
853601064,0.417000,-1.094000,-0.136000,25.099000,-9.740000,80.595000,31.49
853608221,0.400000,-1.125000,-0.134000,26.000000,-5.481000,82.397000,31.54
853615683,0.342000,-1.053000,-0.162000,27.191000,-3.527000,81.176000,31.49
853626807,0.315000,-1.062000,-0.153000,27.740000,-4.000000,78.107000,31.54
853639151,0.321000,-1.085000,-0.100000,28.214000,-4.702000,74.824000,31.49
853644417,0.336000,-1.089000,-0.135000,28.901000,-0.611000,72.198000,31.54
853651588,0.267000,-1.071000,-0.133000,26.718000,0.519000,71.802000,31.45
853665596,0.294000,-1.121000,-0.145000,24.718000,1.832000,67.802000,31.49
853674368,0.255000,-1.148000,-0.067000,25.282000,7.420000,67.359000,31.45
853683834,0.251000,-1.136000,-0.050000,27.985000,7.802000,64.534000,31.49
853699356,0.125000,-0.994000,-0.299000,28.458000,17.435000,67.802000,31.45
853706318,0.215000,-1.161000,-0.017000,29.267000,13.191000,57.221000,31.49
853715953,0.154000,-1.145000,-0.079000,34.412000,11.557000,51.145000,31.54
853726186,0.138000,-1.068000,-0.048000,33.130000,8.412000,54.779000,31.40
853738814,0.231000,-1.016000,-0.070000,27.893000,11.588000,50.504000,31.54
853742371,0.223000,-1.095000,-0.085000,29.679000,19.298000,51.542000,31.35
853753025,0.136000,-1.067000,-0.029000,23.374000,17.939000,44.611000,31.49
853766320,0.159000,-1.118000,-0.020000,22.382000,15.756000,40.290000,31.45
853775355,0.189000,-1.133000,-0.042000,25.023000,21.969000,37.710000,31.49
853784712,0.146000,-1.088000,-0.048000,28.962000,26.092000,34.137000,31.54
853795333,0.075000,-1.140000,-0.042000,33.069000,18.229000,32.031000,31.59
853806460,0.126000,-1.045000,-0.076000,29.725000,16.290000,35.847000,31.54
853816203,0.145000,-1.012000,-0.057000,27.969000,16.580000,33.802000,31.49
853825842,0.145000,-1.023000,-0.021000,28.473000,19.435000,32.397000,31.64
853836647,0.144000,-1.029000,-0.004000,27.908000,22.626000,31.466000,31.54
853845108,0.137000,-1.042000,-0.046000,24.992000,30.198000,27.908000,31.49
853854157,0.046000,-1.022000,-0.066000,22.916000,30.092000,26.565000,31.54
853861146,-0.038000,-1.010000,-0.042000,17.527000,23.817000,27.802000,31.49
853877465,0.059000,-1.047000,-0.042000,16.656000,23.573000,27.573000,31.54
853887627,0.046000,-1.050000,-0.006000,16.977000,24.962000,25.008000,31.49
853894398,0.008000,-1.004000,-0.014000,14.412000,26.198000,26.366000,31.45
853905657,0.036000,-1.034000,-0.040000,14.748000,27.985000,26.931000,31.49
853912932,0.042000,-1.035000,-0.039000,9.725000,33.802000,27.008000,31.49
853927122,0.011000,-1.037000,0.005000,7.710000,38.718000,26.748000,31.54
853935293,0.047000,-1.003000,0.201000,3.405000,43.481000,20.641000,31.49
853945584,-0.148000,-1.017000,-0.114000,2.321000,38.458000,15.817000,31.45
853955528,-0.188000,-0.944000,-0.059000,4.031000,31.267000,18.198000,31.49
853962551,-0.067000,-1.033000,0.078000,8.366000,18.351000,18.214000,31.54
853980117,0.010000,-0.967000,-0.007000,6.687000,20.733000,18.290000,31.49
853987727,-0.025000,-0.933000,-0.039000,5.298000,17.756000,21.939000,31.54
853995407,0.012000,-0.953000,0.045000,4.840000,14.427000,28.122000,31.40
854010509,0.081000,-1.003000,0.049000,4.672000,19.969000,25.435000,31.49
854016799,0.053000,-1.046000,0.049000,5.252000,22.947000,21.527000,31.45
854021866,0.009000,-1.031000,0.025000,7.099000,24.229000,21.298000,31.59
854036683,-0.007000,-1.036000,0.032000,6.229000,24.107000,19.176000,31.54
854048209,-0.009000,-1.015000,0.024000,6.885000,24.504000,15.634000,31.40
854052929,-0.010000,-0.971000,0.062000,6.290000,26.901000,14.000000,31.45
854064721,-0.009000,-0.969000,0.032000,5.573000,26.580000,10.229000,31.49
854078762,-0.023000,-0.981000,0.057000,7.206000,29.634000,9.969000,31.45
854091232,-0.040000,-0.982000,0.026000,6.916000,30.855000,9.924000,31.54
854096383,-0.023000,-1.014000,0.029000,8.137000,35.267000,8.519000,31.59
854106570,-0.026000,-1.024000,0.071000,9.069000,39.191000,7.679000,31.45
854116687,-0.045000,-1.004000,0.094000,9.466000,39.099000,4.443000,31.59
854124966,-0.186000,-0.946000,-0.041000,4.031000,33.924000,2.901000,31.45
854136081,-0.173000,-0.967000,0.040000,4.076000,21.832000,3.099000,31.49
854145677,-0.097000,-0.983000,0.025000,3.267000,17.160000,3.756000,31.45
854155656,-0.040000,-0.985000,0.050000,6.244000,19.450000,6.519000,31.49
854162152,-0.021000,-0.988000,0.063000,8.504000,22.000000,8.702000,31.45
854174646,-0.027000,-0.996000,0.054000,12.412000,26.137000,5.817000,31.45
854189074,-0.051000,-0.958000,0.037000,11.206000,27.435000,6.397000,31.40
854198571,-0.051000,-0.982000,0.051000,10.534000,27.603000,5.664000,31.45
854204184,-0.050000,-0.981000,0.068000,10.473000,27.298000,3.786000,31.31
854217752,-0.115000,-0.998000,0.030000,11.710000,24.794000,4.366000,31.45
854227649,-0.130000,-0.961000,0.033000,8.305000,18.458000,4.885000,31.49
854234466,-0.098000,-0.990000,0.051000,10.611000,13.893000,7.725000,31.45
854246268,-0.050000,-0.984000,0.062000,11.176000,15.405000,7.389000,31.49
854257036,-0.031000,-0.979000,0.063000,11.985000,16.977000,7.328000,31.45
854264192,-0.044000,-0.988000,0.066000,13.786000,19.496000,6.809000,31.54
854271286,-0.075000,-0.963000,0.074000,12.275000,20.351000,7.191000,31.49
854284735,-0.090000,-0.973000,0.059000,9.450000,17.771000,5.466000,31.45
854294480,-0.103000,-1.006000,0.070000,7.176000,15.466000,2.992000,31.49
854305044,-0.159000,-0.960000,0.072000,7.023000,12.626000,5.023000,31.54
854318696,-0.140000,-0.970000,0.069000,3.344000,7.206000,2.336000,31.49
854329417,-0.105000,-0.997000,0.075000,3.084000,5.481000,2.229000,31.45
854335861,-0.083000,-0.979000,0.086000,3.328000,5.634000,2.427000,31.49
854345473,-0.091000,-0.966000,0.090000,0.550000,6.000000,0.748000,31.49
854359142,-0.099000,-0.960000,0.073000,-1.695000,4.992000,-0.092000,31.45
854362562,-0.087000,-0.975000,0.077000,-4.061000,4.489000,-1.542000,31.59
854374299,-0.081000,-0.990000,0.084000,-5.115000,3.588000,-1.710000,31.45
854392589,-0.080000,-0.997000,0.065000,-5.985000,2.473000,-2.412000,31.49
854400949,-0.087000,-1.000000,0.061000,-5.649000,1.573000,-2.611000,31.54
854406833,-0.090000,-0.991000,0.072000,-4.962000,0.550000,-2.779000,31.49
854416495,-0.073000,-0.976000,0.083000,-3.969000,0.565000,-2.519000,31.45
854429683,-0.075000,-0.967000,0.070000,-4.290000,0.931000,-2.748000,31.49
854435057,-0.089000,-0.957000,0.061000,-5.176000,0.000000,-2.214000,31.49
854445892,-0.088000,-0.951000,0.069000,-6.260000,-1.115000,-1.405000,31.35
854457967,-0.102000,-0.950000,0.060000,-7.374000,-2.275000,-1.176000,31.49
854465995,-0.102000,-0.955000,0.037000,-10.550000,0.458000,0.198000,31.45
854470037,-0.109000,-0.942000,0.037000,-10.687000,-3.740000,-0.718000,31.59
854482809,-0.120000,-0.966000,0.037000,-11.023000,-7.115000,-0.321000,31.54
854498159,-0.115000,-0.984000,0.058000,-9.420000,-8.107000,3.053000,31.49
854506364,-0.103000,-0.995000,0.066000,-8.122000,-7.435000,3.924000,31.45
854515400,-0.103000,-0.976000,0.067000,-6.916000,-7.344000,5.863000,31.45
854524031,-0.088000,-0.962000,0.049000,-6.580000,-4.656000,5.237000,31.49
854535741,-0.136000,-0.939000,0.057000,-6.580000,-4.794000,8.015000,31.45
854541761,-0.113000,-0.932000,0.066000,-5.069000,-4.443000,7.664000,31.49
854557569,-0.150000,-0.935000,0.038000,-6.977000,-6.672000,7.786000,31.45
854566502,-0.146000,-0.923000,0.093000,-7.466000,-7.252000,8.809000,31.54
854572920,-0.123000,-0.914000,0.094000,-8.519000,-6.275000,6.519000,31.45
854584756,-0.133000,-0.934000,0.064000,-10.748000,-6.458000,5.435000,31.40
854595783,-0.122000,-0.945000,0.075000,-11.664000,-6.702000,5.084000,31.49
854605608,-0.113000,-0.966000,0.088000,-11.908000,-6.137000,5.084000,31.45
854614216,-0.119000,-0.970000,0.060000,-11.389000,-5.053000,5.817000,31.49
854625352,-0.097000,-0.990000,0.080000,-10.061000,-5.008000,5.267000,31.54
854638095,-0.106000,-0.983000,0.077000,-8.656000,-4.702000,4.855000,31.49
854643233,-0.112000,-0.978000,0.053000,-8.458000,-5.771000,3.267000,31.54
854656750,-0.115000,-0.985000,0.076000,-7.481000,-6.595000,2.595000,31.45
854665524,-0.053000,-0.990000,0.057000,-7.023000,-5.405000,1.924000,31.54
854674143,-0.052000,-0.960000,0.089000,-7.099000,-3.084000,1.008000,31.49
854681005,-0.068000,-0.952000,0.065000,-8.092000,-1.191000,-0.794000,31.49
854699215,-0.078000,-0.958000,0.055000,-9.649000,-1.511000,-1.740000,31.45
854708105,-0.073000,-0.978000,0.060000,-9.374000,-1.282000,-1.954000,31.59
854716827,-0.078000,-0.979000,0.081000,-9.573000,-3.069000,-4.305000,31.45
854724606,-0.113000,-0.953000,-0.002000,-12.550000,-8.061000,-7.252000,31.49
854740695,-0.101000,-1.017000,-0.030000,-13.252000,-13.298000,-8.092000,31.54
854745399,-0.046000,-1.040000,0.054000,-8.015000,-12.916000,-8.397000,31.45
854756024,-0.010000,-1.022000,0.075000,-8.107000,-8.855000,-10.305000,31.45
854764738,-0.041000,-0.989000,0.056000,-11.282000,-5.313000,-11.160000,31.49
854775366,-0.082000,-0.992000,0.024000,-15.603000,-5.176000,-12.198000,31.49
854780910,-0.090000,-1.025000,0.028000,-17.313000,-5.359000,-13.023000,31.54
854793368,-0.083000,-1.012000,0.013000,-18.382000,-5.710000,-14.321000,31.49
854806578,-0.099000,-0.995000,-0.029000,-20.489000,-7.527000,-15.771000,31.45
854817261,-0.116000,-1.004000,-0.013000,-22.534000,-9.695000,-17.740000,31.49
854824495,-0.078000,-1.004000,-0.007000,-24.580000,-10.489000,-19.282000,31.45
854836390,-0.078000,-1.011000,-0.029000,-25.802000,-11.695000,-19.221000,31.54
854846008,-0.044000,-1.020000,0.007000,-24.840000,-12.061000,-19.008000,31.54
854857271,-0.036000,-1.002000,-0.031000,-25.954000,-11.405000,-21.069000,31.54
854864599,-0.021000,-1.023000,-0.012000,-27.954000,-11.191000,-23.023000,31.40
854874405,-0.026000,-1.015000,-0.021000,-29.649000,-9.969000,-23.084000,31.54
854884806,-0.042000,-1.009000,-0.026000,-30.748000,-10.183000,-24.321000,31.49
854891441,-0.018000,-1.003000,-0.003000,-31.863000,-10.290000,-26.458000,31.45
854908869,0.009000,-1.012000,-0.033000,-32.687000,-8.947000,-28.656000,31.49
854917154,-0.027000,-1.005000,-0.017000,-32.458000,-8.321000,-27.313000,31.35
854922648,0.019000,-1.016000,-0.004000,-31.634000,-6.489000,-30.702000,31.45
854939151,0.016000,-1.010000,-0.011000,-31.557000,-5.176000,-31.710000,31.54
854946884,-0.027000,-0.999000,-0.045000,-30.580000,-6.962000,-33.359000,31.49
854953219,0.017000,-1.020000,-0.030000,-28.718000,-4.550000,-31.725000,31.49
854966898,0.010000,-1.032000,-0.008000,-25.771000,-6.107000,-34.718000,31.45
854974758,0.020000,-1.012000,-0.012000,-25.985000,-4.794000,-33.985000,31.49
854984561,0.036000,-1.012000,-0.028000,-26.977000,-2.107000,-36.962000,31.45
854989692,0.008000,-1.013000,-0.035000,-25.573000,-1.649000,-36.962000,31.49
855009699,0.019000,-1.010000,-0.039000,-26.519000,-1.298000,-35.832000,31.54
855019433,0.010000,-1.053000,-0.026000,-25.710000,-0.702000,-39.435000,31.54
855027341,0.018000,-1.045000,-0.055000,-24.855000,-1.221000,-41.649000,31.54
855034724,0.011000,-1.041000,-0.050000,-24.718000,-3.771000,-37.573000,31.59
855047624,0.041000,-1.065000,-0.062000,-26.656000,-3.893000,-41.115000,31.49
855055481,0.006000,-1.039000,-0.082000,-27.435000,-7.069000,-39.679000,31.54
855066363,0.051000,-1.034000,-0.069000,-28.305000,-7.221000,-37.252000,31.49
855075217,0.066000,-1.022000,-0.087000,-30.779000,-7.420000,-36.580000,31.35
855085413,0.078000,-1.039000,-0.081000,-31.435000,-5.710000,-35.924000,31.40
855095478,0.045000,-1.005000,-0.114000,-28.962000,-7.618000,-36.504000,31.45
855102051,0.038000,-0.979000,-0.143000,-34.519000,-12.733000,-36.290000,31.45
855119615,0.090000,-0.981000,-0.071000,-33.954000,-11.954000,-34.519000,31.54
855125047,0.101000,-0.970000,-0.121000,-38.321000,-12.061000,-35.588000,31.49
855133231,0.081000,-1.003000,-0.146000,-42.962000,-13.359000,-34.824000,31.59
855148661,0.085000,-1.015000,-0.143000,-43.969000,-13.557000,-32.794000,31.54
855159231,0.071000,-1.033000,-0.182000,-46.916000,-14.748000,-31.786000,31.40
855164859,0.079000,-1.053000,-0.133000,-48.229000,-16.244000,-31.695000,31.54
855175921,0.085000,-1.035000,-0.164000,-48.916000,-15.634000,-30.550000,31.49
855187417,0.071000,-0.980000,-0.161000,-50.947000,-18.000000,-29.985000,31.45
855194154,0.118000,-0.990000,-0.210000,-53.542000,-16.656000,-33.298000,31.45
855200873,0.110000,-0.984000,-0.160000,-50.824000,-17.115000,-32.763000,31.45
855217416,0.111000,-0.956000,-0.203000,-53.786000,-17.786000,-32.458000,31.49
855227707,0.156000,-1.010000,-0.235000,-55.374000,-16.855000,-34.122000,31.49
855235663,0.100000,-1.036000,-0.181000,-55.099000,-12.031000,-35.710000,31.45
855245903,0.117000,-1.032000,-0.184000,-52.916000,-15.573000,-33.725000,31.40
855262525,0.194000,-1.100000,-0.158000,-49.786000,-11.924000,-35.023000,31.54
855264640,0.134000,-1.044000,-0.202000,-48.702000,-11.435000,-40.473000,31.40
855275756,0.175000,-1.046000,-0.188000,-44.916000,-10.290000,-39.313000,31.54
855284749,0.204000,-1.046000,-0.237000,-41.863000,-7.298000,-42.229000,31.45
855295305,0.199000,-1.024000,-0.167000,-36.473000,-4.260000,-41.710000,31.54
855305096,0.248000,-1.063000,-0.191000,-35.618000,-1.924000,-44.122000,31.49
855313540,0.216000,-1.026000,-0.200000,-30.718000,5.099000,-43.634000,31.45
855327344,0.235000,-1.008000,-0.183000,-27.969000,7.084000,-44.366000,31.54
855334549,0.222000,-1.010000,-0.260000,-28.290000,8.550000,-48.382000,31.40
855344695,0.217000,-0.994000,-0.197000,-25.313000,9.725000,-48.824000,31.45
855357710,0.299000,-1.027000,-0.210000,-22.229000,12.382000,-52.992000,31.40
855366820,0.281000,-1.030000,-0.246000,-17.878000,18.840000,-53.573000,31.45
855377250,0.246000,-1.014000,-0.240000,-14.702000,21.466000,-52.763000,31.49
855386900,0.253000,-1.013000,-0.263000,-12.718000,22.733000,-52.947000,31.45
855395303,0.261000,-1.000000,-0.241000,-9.832000,24.137000,-52.183000,31.49
855405019,0.284000,-0.990000,-0.220000,-8.718000,25.145000,-52.702000,31.54
855411861,0.267000,-0.957000,-0.290000,-6.885000,27.679000,-52.779000,31.45
855428395,0.290000,-0.974000,-0.283000,-5.740000,27.695000,-51.863000,31.49
855436705,0.307000,-0.966000,-0.255000,-4.351000,27.481000,-55.496000,31.45
855445221,0.284000,-0.969000,-0.305000,-4.718000,27.634000,-56.366000,31.49
855458516,0.208000,-0.937000,-0.350000,-7.573000,24.153000,-54.122000,31.45
855469296,0.269000,-0.930000,-0.302000,-9.710000,19.817000,-49.969000,31.49
855474831,0.343000,-0.981000,-0.272000,-10.885000,19.756000,-49.954000,31.45
855483469,0.331000,-0.965000,-0.251000,-9.664000,20.092000,-48.595000,31.40
855497921,0.323000,-0.941000,-0.305000,-9.466000,20.504000,-48.092000,31.45
855505330,0.333000,-0.924000,-0.296000,-9.863000,17.542000,-49.069000,31.49
855512214,0.342000,-0.915000,-0.297000,-11.710000,15.466000,-49.740000,31.49
855525864,0.344000,-0.927000,-0.321000,-16.962000,12.244000,-51.115000,31.45
855540154,0.314000,-0.932000,-0.302000,-19.954000,6.687000,-47.176000,31.49
855546238,0.397000,-0.971000,-0.281000,-22.336000,4.916000,-43.145000,31.45
855556306,0.428000,-1.003000,-0.267000,-23.267000,7.237000,-40.550000,31.49
855567065,0.380000,-0.962000,-0.213000,-21.176000,5.924000,-39.618000,31.54
855574588,0.418000,-0.936000,-0.302000,-21.481000,7.221000,-38.550000,31.40
855585433,0.362000,-0.895000,-0.304000,-23.282000,2.122000,-34.305000,31.45
855597015,0.346000,-0.879000,-0.341000,-26.840000,-2.824000,-28.824000,31.40
855605379,0.424000,-0.925000,-0.349000,-30.931000,-5.313000,-34.473000,31.59
855612154,0.414000,-0.925000,-0.315000,-32.779000,-6.092000,-31.802000,31.45
855624111,0.428000,-0.963000,-0.274000,-29.603000,-4.305000,-28.580000,31.40
855637028,0.431000,-0.950000,-0.254000,-29.237000,-2.504000,-28.931000,31.45
855647627,0.419000,-0.919000,-0.297000,-29.740000,-2.992000,-29.237000,31.40
855657998,0.403000,-0.899000,-0.305000,-29.084000,-5.985000,-27.847000,31.54
855671624,0.413000,-0.866000,-0.339000,-28.489000,-8.534000,-27.374000,31.59
855677085,0.452000,-0.885000,-0.349000,-29.878000,-9.176000,-29.511000,31.45
855684228,0.502000,-0.924000,-0.320000,-27.023000,-8.870000,-30.702000,31.49
855697576,0.516000,-0.928000,-0.306000,-26.000000,-4.687000,-30.580000,31.54
855705321,0.511000,-0.955000,-0.293000,-25.328000,0.702000,-33.359000,31.45
855712343,0.462000,-0.951000,-0.310000,-21.756000,2.992000,-30.168000,31.49
855723837,0.483000,-0.919000,-0.326000,-20.290000,5.542000,-30.534000,31.54
855734017,0.458000,-0.903000,-0.320000,-17.130000,3.832000,-29.435000,31.49
855746312,0.496000,-0.895000,-0.362000,-14.046000,5.298000,-29.053000,31.45
855756004,0.496000,-0.874000,-0.350000,-12.015000,6.046000,-30.244000,31.49
855768340,0.532000,-0.874000,-0.339000,-10.947000,8.534000,-31.908000,31.45
855775552,0.542000,-0.895000,-0.354000,-12.305000,11.374000,-33.038000,31.49
855781808,0.533000,-0.906000,-0.344000,-13.466000,15.008000,-34.275000,31.45
855798151,0.530000,-0.916000,-0.324000,-11.664000,17.298000,-33.969000,31.45
855807887,0.514000,-0.915000,-0.355000,-9.435000,18.748000,-34.031000,31.49
855813081,0.505000,-0.897000,-0.338000,-5.420000,17.969000,-33.099000,31.45
855824194,0.546000,-0.886000,-0.385000,-4.244000,17.847000,-33.603000,31.40
855841722,0.521000,-0.860000,-0.385000,-6.244000,17.527000,-33.786000,31.45
855850037,0.533000,-0.858000,-0.413000,-9.832000,16.229000,-32.947000,31.40
855855755,0.579000,-0.866000,-0.348000,-11.344000,16.992000,-31.664000,31.35
855863019,0.614000,-0.909000,-0.325000,-10.168000,20.977000,-32.351000,31.49
855876510,0.575000,-0.879000,-0.350000,-7.374000,22.840000,-31.160000,31.64
855884552,0.578000,-0.838000,-0.403000,-5.954000,22.473000,-30.656000,31.54
855896070,0.545000,-0.827000,-0.414000,-6.260000,18.107000,-29.817000,31.40
855907149,0.558000,-0.798000,-0.402000,-6.336000,13.939000,-27.450000,31.45
855914306,0.618000,-0.807000,-0.397000,-7.588000,11.664000,-27.527000,31.49
855924048,0.647000,-0.826000,-0.402000,-9.542000,13.252000,-28.519000,31.45
855931017,0.643000,-0.871000,-0.389000,-9.817000,15.557000,-28.321000,31.59
855948170,0.612000,-0.873000,-0.369000,-10.137000,18.351000,-28.489000,31.45
855958323,0.588000,-0.868000,-0.390000,-9.954000,16.656000,-26.733000,31.49
855964413,0.559000,-0.828000,-0.418000,-11.710000,12.489000,-25.084000,31.45
855978485,0.567000,-0.822000,-0.432000,-13.511000,7.298000,-23.008000,31.49
855987971,0.609000,-0.826000,-0.424000,-14.198000,4.046000,-20.046000,31.49
855994477,0.638000,-0.824000,-0.401000,-16.427000,3.664000,-19.664000,31.45
856006278,0.654000,-0.821000,-0.335000,-17.511000,5.679000,-19.939000,31.59
856016965,0.643000,-0.797000,-0.428000,-19.939000,5.863000,-21.557000,31.45
856024216,0.616000,-0.832000,-0.432000,-24.000000,5.145000,-22.794000,31.49
856031069,0.584000,-0.833000,-0.429000,-27.191000,1.466000,-21.435000,31.54
856046458,0.633000,-0.835000,-0.419000,-30.076000,0.046000,-20.290000,31.49
856057395,0.643000,-0.879000,-0.405000,-31.618000,0.611000,-19.267000,31.45
856062844,0.632000,-0.873000,-0.411000,-31.313000,1.542000,-16.931000,31.49
856078714,0.649000,-0.836000,-0.349000,-30.718000,2.198000,-18.412000,31.54
856086015,0.656000,-0.820000,-0.362000,-30.458000,3.969000,-20.321000,31.54
856095340,0.631000,-0.815000,-0.382000,-32.382000,3.618000,-21.099000,31.49
856106256,0.615000,-0.805000,-0.409000,-33.878000,3.237000,-24.458000,31.54
856118028,0.619000,-0.818000,-0.395000,-34.611000,1.420000,-24.366000,31.49
856124663,0.653000,-0.842000,-0.410000,-34.336000,2.198000,-24.153000,31.45
856131674,0.683000,-0.881000,-0.373000,-32.748000,4.489000,-24.855000,31.40
856146883,0.673000,-0.853000,-0.328000,-28.275000,6.840000,-26.947000,31.45
856155950,0.710000,-0.815000,-0.399000,-23.679000,8.931000,-28.779000,31.49
856165820,0.698000,-0.789000,-0.379000,-20.870000,11.298000,-32.244000,31.45
856177351,0.701000,-0.744000,-0.360000,-17.298000,11.695000,-34.183000,31.45
856189979,0.685000,-0.715000,-0.414000,-17.206000,12.962000,-35.359000,31.49
856195299,0.708000,-0.741000,-0.385000,-17.527000,13.038000,-34.733000,31.54
856205433,0.759000,-0.784000,-0.354000,-13.893000,15.954000,-35.511000,31.49
856217934,0.745000,-0.781000,-0.360000,-10.992000,20.305000,-37.237000,31.45
856225184,0.782000,-0.805000,-0.335000,-8.611000,24.015000,-40.931000,31.49
856231132,0.720000,-0.796000,-0.365000,-3.221000,27.130000,-41.725000,31.45
856244553,0.632000,-0.735000,-0.382000,0.275000,24.443000,-43.542000,31.49
856257195,0.663000,-0.699000,-0.412000,-1.298000,16.641000,-37.588000,31.45
856265353,0.759000,-0.691000,-0.386000,-3.634000,15.466000,-38.275000,31.45
856275387,0.802000,-0.694000,-0.398000,-3.634000,15.740000,-37.786000,31.45
856286799,0.765000,-0.714000,-0.360000,-1.542000,17.908000,-37.618000,31.45
856296963,0.781000,-0.724000,-0.373000,-2.092000,21.420000,-38.550000,31.49
856303289,0.721000,-0.729000,-0.376000,0.382000,21.496000,-35.145000,31.45
856316915,0.724000,-0.710000,-0.398000,1.328000,20.931000,-35.527000,31.49
856325778,0.699000,-0.702000,-0.429000,0.809000,16.000000,-35.771000,31.54
856332375,0.665000,-0.646000,-0.421000,0.137000,9.847000,-33.450000,31.59
856344344,0.777000,-0.654000,-0.379000,-0.824000,7.725000,-32.565000,31.54
856355409,0.779000,-0.640000,-0.416000,-3.969000,6.885000,-29.115000,31.45
856365986,0.773000,-0.635000,-0.392000,-5.221000,6.702000,-24.794000,31.54
856376153,0.823000,-0.688000,-0.401000,-4.931000,5.359000,-25.069000,31.49
856385416,0.779000,-0.681000,-0.432000,-6.763000,8.000000,-24.122000,31.49
856397902,0.769000,-0.662000,-0.372000,-4.672000,4.794000,-23.023000,31.45
856402910,0.770000,-0.609000,-0.444000,-5.710000,1.466000,-21.893000,31.49
856415247,0.749000,-0.571000,-0.458000,-12.763000,-1.802000,-22.656000,31.54
856425585,0.812000,-0.624000,-0.469000,-14.840000,-5.221000,-18.718000,31.49
856433997,0.867000,-0.675000,-0.441000,-16.901000,-4.198000,-15.939000,31.54
856444778,0.836000,-0.714000,-0.401000,-15.038000,-0.504000,-14.534000,31.45
856452119,0.831000,-0.692000,-0.406000,-11.649000,-0.901000,-13.817000,31.45
856466745,0.797000,-0.694000,-0.447000,-10.672000,0.687000,-16.748000,31.49
856476301,0.736000,-0.660000,-0.472000,-9.237000,-2.687000,-17.053000,31.45
856486084,0.760000,-0.628000,-0.468000,-13.298000,-7.221000,-15.832000,31.45
856497867,0.841000,-0.670000,-0.369000,-19.221000,-4.718000,-17.542000,31.49
856504730,0.839000,-0.668000,-0.409000,-20.260000,-3.496000,-15.023000,31.45
856515505,0.804000,-0.718000,-0.403000,-21.924000,0.992000,-16.000000,31.40
856526799,0.758000,-0.762000,-0.393000,-19.481000,2.351000,-17.893000,31.54
856535132,0.722000,-0.726000,-0.423000,-15.939000,0.641000,-19.573000,31.59
856545281,0.720000,-0.699000,-0.385000,-14.397000,-2.641000,-21.069000,31.45
856551650,0.725000,-0.635000,-0.415000,-12.611000,-6.824000,-21.649000,31.49
856569657,0.733000,-0.580000,-0.474000,-16.626000,-11.786000,-20.977000,31.45
856578538,0.814000,-0.651000,-0.433000,-17.679000,-13.664000,-19.328000,31.59
856585389,0.848000,-0.638000,-0.423000,-19.542000,-9.206000,-17.420000,31.49
856600302,0.874000,-0.717000,-0.368000,-18.305000,-0.611000,-18.611000,31.45
856608025,0.812000,-0.695000,-0.370000,-15.237000,4.473000,-16.092000,31.49
856613893,0.821000,-0.691000,-0.375000,-12.962000,8.031000,-16.183000,31.45
856626451,0.778000,-0.646000,-0.399000,-10.626000,8.412000,-14.534000,31.59
856637995,0.725000,-0.583000,-0.462000,-9.374000,4.779000,-12.580000,31.54
856644492,0.737000,-0.552000,-0.468000,-8.626000,-2.718000,-10.061000,31.49
856651665,0.839000,-0.578000,-0.440000,-7.863000,-5.328000,-9.328000,31.45
856665618,0.864000,-0.581000,-0.406000,-7.359000,-2.656000,-8.519000,31.49
856674734,0.882000,-0.590000,-0.434000,-8.916000,2.641000,-9.802000,31.45
856684177,0.829000,-0.646000,-0.436000,-9.023000,8.473000,-10.870000,31.45
856695573,0.759000,-0.644000,-0.426000,-8.275000,8.122000,-9.939000,31.49
856704819,0.738000,-0.607000,-0.473000,-7.725000,4.260000,-8.595000,31.54
856715384,0.775000,-0.599000,-0.487000,-9.130000,-1.450000,-6.977000,31.49
856724925,0.808000,-0.605000,-0.444000,-8.107000,-2.901000,-3.985000,31.45
856734985,0.857000,-0.601000,-0.421000,-6.794000,-1.771000,-3.435000,31.40
856743458,0.874000,-0.590000,-0.433000,-7.985000,2.962000,-3.954000,31.54
856753165,0.830000,-0.601000,-0.424000,-8.840000,3.939000,-3.344000,31.59
856766108,0.769000,-0.602000,-0.463000,-10.321000,5.221000,-2.168000,31.45
856776490,0.762000,-0.615000,-0.439000,-10.809000,-0.198000,-1.557000,31.49
856786411,0.804000,-0.583000,-0.458000,-10.137000,-3.176000,-0.534000,31.40
856794038,0.831000,-0.593000,-0.483000,-10.412000,-5.710000,-0.580000,31.45
856806819,0.876000,-0.637000,-0.464000,-10.748000,-3.130000,-0.244000,31.49
856815749,0.892000,-0.646000,-0.422000,-7.008000,-0.321000,0.702000,31.45
856825427,0.876000,-0.597000,-0.402000,-6.275000,3.969000,0.519000,31.40
856835154,0.871000,-0.587000,-0.436000,-6.824000,6.061000,-0.137000,31.54
856843603,0.818000,-0.569000,-0.454000,-8.611000,5.191000,0.061000,31.49
856854496,0.800000,-0.562000,-0.465000,-10.000000,0.702000,0.763000,31.54
856861559,0.814000,-0.575000,-0.478000,-9.939000,-3.863000,1.863000,31.45
856878668,0.860000,-0.597000,-0.489000,-10.611000,-5.176000,0.733000,31.59
856885378,0.873000,-0.645000,-0.430000,-10.489000,-4.198000,-0.473000,31.45
856894995,0.896000,-0.681000,-0.420000,-6.809000,-0.153000,-0.198000,31.49
856907622,0.881000,-0.655000,-0.454000,-5.527000,3.405000,-1.313000,31.45
856914759,0.871000,-0.673000,-0.419000,-3.634000,5.237000,-0.824000,31.49
856925015,0.851000,-0.593000,-0.456000,-2.687000,4.412000,-0.107000,31.45
856937535,0.858000,-0.560000,-0.472000,-4.595000,2.550000,-0.153000,31.49
856947035,0.841000,-0.584000,-0.487000,-5.542000,-0.076000,0.855000,31.45
856951875,0.837000,-0.591000,-0.446000,-5.344000,-4.198000,1.832000,31.45
856963080,0.912000,-0.622000,-0.475000,-3.298000,-4.870000,-1.542000,31.59
856980185,0.862000,-0.641000,-0.500000,-4.916000,-2.870000,-3.573000,31.45
856988488,0.862000,-0.659000,-0.454000,-5.328000,-2.718000,-6.183000,31.40
856994661,0.877000,-0.648000,-0.454000,-5.969000,-0.947000,-7.237000,31.35
857006173,0.847000,-0.620000,-0.463000,-8.122000,0.458000,-7.191000,31.59
857020937,0.871000,-0.578000,-0.496000,-8.473000,-1.374000,-5.618000,31.54
857027278,0.860000,-0.589000,-0.518000,-11.282000,-2.427000,-2.901000,31.49
857034544,0.879000,-0.629000,-0.470000,-12.168000,-4.427000,-4.046000,31.45
857045574,0.873000,-0.639000,-0.474000,-10.550000,-4.229000,-6.000000,31.45
857056290,0.889000,-0.627000,-0.490000,-10.168000,-2.260000,-9.557000,31.49
857064063,0.895000,-0.653000,-0.482000,-11.802000,1.450000,-13.069000,31.54
857070969,0.843000,-0.635000,-0.501000,-11.328000,1.282000,-12.183000,31.40
857085044,0.853000,-0.609000,-0.483000,-11.267000,0.672000,-14.137000,31.45
857097668,0.858000,-0.555000,-0.520000,-11.985000,-1.924000,-12.137000,31.49
857103234,0.878000,-0.569000,-0.541000,-13.908000,-2.336000,-11.053000,31.45
857120021,0.889000,-0.599000,-0.472000,-12.626000,-1.328000,-10.702000,31.49
857126757,0.898000,-0.587000,-0.519000,-12.855000,0.702000,-12.916000,31.54
857135411,0.877000,-0.582000,-0.481000,-14.321000,1.328000,-14.840000,31.45
857147674,0.855000,-0.586000,-0.440000,-15.359000,1.740000,-16.061000,31.49
857155861,0.891000,-0.562000,-0.481000,-18.870000,1.176000,-18.290000,31.35
857164249,0.869000,-0.586000,-0.500000,-19.450000,4.000000,-20.992000,31.49
857170764,0.836000,-0.564000,-0.500000,-19.786000,1.725000,-17.985000,31.45
857188009,0.923000,-0.600000,-0.504000,-20.779000,2.550000,-19.649000,31.40
857198427,0.863000,-0.593000,-0.437000,-20.366000,3.221000,-18.336000,31.54
857207838,0.935000,-0.616000,-0.457000,-17.374000,5.679000,-18.595000,31.49
857214832,0.893000,-0.589000,-0.483000,-16.382000,11.710000,-20.672000,31.45
857228569,0.855000,-0.622000,-0.459000,-14.046000,8.229000,-21.450000,31.45
857236807,0.901000,-0.547000,-0.523000,-11.328000,10.229000,-21.878000,31.49
857246639,0.887000,-0.523000,-0.534000,-12.718000,10.000000,-22.855000,31.45
857257471,0.922000,-0.552000,-0.490000,-13.328000,9.084000,-24.244000,31.49
857268330,0.929000,-0.555000,-0.502000,-13.221000,11.878000,-24.412000,31.45
857271228,0.956000,-0.577000,-0.492000,-11.130000,16.260000,-23.756000,31.40
857283123,0.926000,-0.576000,-0.490000,-8.855000,19.313000,-25.008000,31.45
857299865,0.925000,-0.555000,-0.495000,-6.076000,19.695000,-26.473000,31.40
857306529,0.881000,-0.510000,-0.525000,-6.092000,20.901000,-27.145000,31.45
857315297,0.830000,-0.438000,-0.574000,-8.855000,11.588000,-27.450000,31.45
857326203,0.860000,-0.423000,-0.573000,-12.702000,4.198000,-25.237000,31.49
857335762,0.924000,-0.478000,-0.541000,-18.168000,3.359000,-23.221000,31.54
857345470,0.936000,-0.505000,-0.557000,-20.260000,2.626000,-21.695000,31.49
857357714,0.964000,-0.581000,-0.486000,-18.198000,6.458000,-22.931000,31.45
857366981,0.976000,-0.588000,-0.477000,-16.458000,10.763000,-24.824000,31.40
857371692,0.898000,-0.530000,-0.516000,-16.137000,12.565000,-25.145000,31.35
857383163,0.851000,-0.475000,-0.542000,-20.000000,7.374000,-24.611000,31.49
857395542,0.841000,-0.429000,-0.599000,-22.763000,-0.076000,-23.420000,31.45
857404040,0.870000,-0.428000,-0.551000,-26.641000,-6.977000,-21.863000,31.45
857415918,0.938000,-0.421000,-0.576000,-32.885000,-11.511000,-20.504000,31.49
857424373,1.011000,-0.519000,-0.527000,-36.076000,-7.130000,-23.664000,31.45
857435056,0.953000,-0.506000,-0.466000,-34.153000,-4.687000,-22.000000,31.49
857445000,0.958000,-0.543000,-0.447000,-32.519000,-0.305000,-24.870000,31.45
857454618,0.910000,-0.505000,-0.484000,-31.252000,1.756000,-26.260000,31.49
857466533,0.841000,-0.403000,-0.551000,-31.389000,-2.641000,-25.145000,31.54
857475711,0.925000,-0.429000,-0.569000,-32.076000,-7.313000,-26.260000,31.49
857482590,0.921000,-0.403000,-0.576000,-33.466000,-10.244000,-25.344000,31.45
857495345,0.908000,-0.397000,-0.524000,-37.405000,-15.389000,-26.626000,31.54
857505961,1.007000,-0.455000,-0.509000,-40.458000,-9.282000,-27.496000,31.49
857514266,0.917000,-0.469000,-0.495000,-44.748000,-7.328000,-25.023000,31.54
857527986,0.981000,-0.566000,-0.462000,-37.878000,2.031000,-27.389000,31.40
857534368,0.961000,-0.538000,-0.488000,-34.107000,9.237000,-34.901000,31.45
857545028,0.717000,-0.431000,-0.559000,-28.275000,14.519000,-29.496000,31.49
857557649,0.939000,-0.332000,-0.658000,-25.053000,-0.015000,-40.076000,31.45
857569183,0.893000,-0.327000,-0.610000,-31.893000,-6.305000,-39.573000,31.49
857575305,1.011000,-0.395000,-0.536000,-29.786000,-2.290000,-37.359000,31.45
857582428,1.098000,-0.357000,-0.517000,-31.130000,9.939000,-38.351000,31.54
857599168,1.107000,-0.424000,-0.519000,-26.458000,14.382000,-45.099000,31.59
857606066,1.043000,-0.420000,-0.514000,-13.695000,14.550000,-47.893000,31.45
857613745,0.968000,-0.417000,-0.614000,-15.740000,22.397000,-48.046000,31.49
857633219,0.894000,-0.376000,-0.657000,-11.832000,21.237000,-44.840000,31.45
857638607,0.962000,-0.253000,-0.630000,-13.588000,14.962000,-46.473000,31.49
857645402,1.099000,-0.255000,-0.582000,-17.542000,20.687000,-49.298000,31.45
857656704,1.111000,-0.312000,-0.546000,-17.466000,27.954000,-49.466000,31.40
857667086,1.078000,-0.335000,-0.470000,-15.756000,31.817000,-49.313000,31.45
857674997,1.103000,-0.328000,-0.493000,-11.969000,36.122000,-52.153000,31.49
857681803,0.995000,-0.314000,-0.563000,-11.008000,36.244000,-52.870000,31.49
857695815,0.894000,-0.256000,-0.653000,-12.137000,29.344000,-50.763000,31.54
857707632,0.905000,-0.214000,-0.652000,-20.580000,19.511000,-47.969000,31.40
857713158,1.018000,-0.266000,-0.595000,-24.382000,15.389000,-47.634000,31.54
857725039,1.079000,-0.235000,-0.529000,-28.046000,16.305000,-46.412000,31.49
857735737,1.157000,-0.283000,-0.494000,-27.618000,21.481000,-47.618000,31.45
857744634,1.075000,-0.293000,-0.517000,-25.786000,28.779000,-47.588000,31.40
857755998,1.049000,-0.285000,-0.496000,-23.618000,30.153000,-49.160000,31.54
857767012,0.930000,-0.195000,-0.588000,-24.931000,27.908000,-47.832000,31.49
857774777,0.862000,-0.080000,-0.678000,-32.687000,15.634000,-44.565000,31.49
857781301,0.969000,-0.197000,-0.577000,-39.160000,6.931000,-44.931000,31.45
857795687,1.028000,-0.173000,-0.566000,-39.511000,6.000000,-44.061000,31.40
857805939,1.083000,-0.134000,-0.565000,-42.595000,5.863000,-42.794000,31.54
857813379,1.182000,-0.258000,-0.452000,-42.382000,12.748000,-44.733000,31.49
857825464,1.051000,-0.233000,-0.468000,-41.084000,18.718000,-41.893000,31.35
857836411,1.033000,-0.200000,-0.477000,-40.534000,20.031000,-41.863000,31.49
857844801,0.922000,-0.076000,-0.574000,-42.748000,15.374000,-38.397000,31.45
857856853,1.036000,-0.145000,-0.549000,-45.328000,11.176000,-39.115000,31.49
857864719,0.998000,-0.116000,-0.538000,-44.427000,9.130000,-39.053000,31.49
857874660,1.075000,-0.082000,-0.480000,-45.359000,7.893000,-39.939000,31.45
857881280,1.197000,-0.101000,-0.350000,-41.969000,9.649000,-42.244000,31.49
857899033,1.156000,-0.044000,-0.402000,-40.229000,18.504000,-43.115000,31.45
857911796,1.100000,-0.066000,-0.374000,-40.931000,18.260000,-43.420000,31.49
857916728,1.056000,-0.005000,-0.490000,-37.985000,16.107000,-42.550000,31.45
857924727,1.077000,0.006000,-0.529000,-42.977000,13.405000,-43.481000,31.40
857939764,1.093000,0.027000,-0.545000,-47.069000,14.198000,-43.847000,31.45
857944749,1.206000,-0.072000,-0.439000,-48.870000,20.321000,-47.084000,31.49
857955594,1.269000,-0.226000,-0.317000,-36.000000,30.702000,-52.992000,31.49
857965525,1.175000,-0.162000,-0.429000,-25.985000,44.947000,-54.534000,31.45
857975560,1.125000,-0.208000,-0.398000,-16.779000,53.420000,-56.580000,31.49
857981071,1.048000,-0.115000,-0.488000,-8.687000,56.931000,-58.931000,31.35
857994228,0.938000,0.019000,-0.577000,-10.153000,53.878000,-56.656000,31.49
858006453,1.038000,-0.020000,-0.495000,-15.466000,48.214000,-57.298000,31.45
858014616,1.080000,-0.003000,-0.510000,-15.344000,50.718000,-57.908000,31.59
858025117,1.095000,-0.053000,-0.408000,-14.137000,55.328000,-59.542000,31.35
858041076,1.151000,-0.077000,-0.369000,-7.771000,62.260000,-64.733000,31.49
858045994,1.042000,-0.017000,-0.402000,-4.519000,66.977000,-66.809000,31.45
858057033,0.930000,0.030000,-0.482000,-6.489000,61.252000,-67.191000,31.45
858069241,0.808000,0.077000,-0.596000,-11.618000,49.588000,-64.397000,31.40
858074663,0.823000,0.087000,-0.546000,-20.214000,33.008000,-62.305000,31.35
858081630,0.865000,0.113000,-0.553000,-28.656000,21.191000,-60.305000,31.40
858093403,1.028000,0.013000,-0.398000,-33.115000,17.710000,-60.214000,31.45
858107601,1.158000,-0.082000,-0.299000,-28.427000,24.672000,-64.275000,31.40
858117404,1.040000,-0.001000,-0.328000,-25.298000,30.092000,-63.847000,31.54
858125856,0.968000,0.004000,-0.344000,-24.992000,28.870000,-60.092000,31.49
858139636,0.857000,0.129000,-0.472000,-26.855000,22.382000,-55.053000,31.54
858145765,0.833000,0.232000,-0.483000,-35.710000,6.901000,-49.450000,31.45
858156071,0.858000,0.241000,-0.514000,-45.176000,-7.786000,-45.863000,31.49
858166897,1.019000,0.216000,-0.401000,-50.168000,-17.802000,-45.221000,31.54
858179126,1.161000,0.147000,-0.314000,-49.893000,-16.260000,-49.618000,31.49
858183155,1.065000,0.165000,-0.341000,-47.450000,-12.702000,-47.756000,31.54
858193250,1.112000,0.118000,-0.300000,-46.901000,-13.908000,-45.420000,31.49
858205727,1.052000,0.145000,-0.328000,-46.748000,-8.626000,-45.634000,31.45
858214318,0.875000,0.280000,-0.476000,-51.282000,-16.992000,-37.969000,31.49
858225890,1.030000,0.267000,-0.449000,-60.672000,-22.443000,-35.954000,31.54
858232693,1.043000,0.222000,-0.416000,-64.061000,-24.000000,-34.382000,31.54
858245183,1.090000,0.239000,-0.360000,-64.779000,-25.603000,-30.305000,31.40
858255431,1.256000,0.193000,-0.218000,-63.511000,-19.267000,-34.748000,31.54
858264525,1.161000,0.189000,-0.260000,-60.397000,-7.084000,-35.649000,31.49
858275907,1.063000,0.193000,-0.249000,-56.000000,-5.588000,-33.282000,31.45
858283726,0.944000,0.358000,-0.447000,-54.779000,-10.641000,-31.634000,31.40
858293137,0.908000,0.389000,-0.478000,-62.656000,-20.947000,-30.229000,31.45
858307646,0.955000,0.295000,-0.483000,-68.229000,-28.595000,-32.824000,31.49
858317637,0.910000,0.343000,-0.501000,-72.656000,-39.191000,-31.298000,31.40
858327184,1.184000,0.288000,-0.255000,-73.481000,-38.870000,-36.198000,31.45
858333260,1.391000,0.151000,-0.161000,-66.519000,-17.634000,-45.618000,31.40
858346920,1.076000,0.145000,-0.302000,-58.031000,-1.053000,-44.794000,31.54
858354977,0.916000,0.174000,-0.340000,-51.985000,-1.298000,-41.985000,31.49
858365203,0.831000,0.252000,-0.464000,-51.969000,-7.466000,-40.015000,31.54
858377157,0.849000,0.234000,-0.393000,-54.321000,-14.641000,-38.840000,31.49
858384993,0.843000,0.351000,-0.445000,-56.702000,-24.137000,-37.603000,31.45
858392752,1.095000,0.304000,-0.182000,-59.252000,-24.443000,-41.206000,31.49
858404690,1.342000,0.283000,-0.091000,-51.115000,-7.023000,-50.718000,31.45
858417743,1.116000,0.379000,-0.246000,-47.863000,12.855000,-48.916000,31.45
858428152,0.982000,0.317000,-0.225000,-42.580000,11.878000,-48.534000,31.49
858434032,0.959000,0.458000,-0.387000,-40.458000,6.580000,-47.221000,31.54
858449628,1.017000,0.408000,-0.299000,-43.878000,5.206000,-49.817000,31.49
858455713,1.108000,0.356000,-0.213000,-40.748000,6.107000,-56.458000,31.54
858465693,1.049000,0.458000,-0.279000,-37.771000,8.076000,-57.053000,31.49
858477984,1.126000,0.400000,-0.162000,-34.992000,11.115000,-59.298000,31.45
858485845,1.119000,0.390000,-0.152000,-25.954000,16.031000,-61.084000,31.40
858493224,1.066000,0.479000,-0.257000,-20.443000,17.252000,-59.435000,31.45
858505371,1.021000,0.496000,-0.280000,-19.847000,19.786000,-61.985000,31.35
858518439,0.984000,0.551000,-0.334000,-19.939000,15.985000,-64.412000,31.49
858524952,1.042000,0.527000,-0.203000,-22.962000,14.931000,-67.176000,31.54
858534349,1.046000,0.543000,-0.216000,-21.527000,18.931000,-70.443000,31.40
858550211,0.895000,0.630000,-0.281000,-23.221000,16.214000,-65.557000,31.45
858556271,0.941000,0.606000,-0.305000,-27.023000,10.137000,-65.313000,31.49
858563539,0.869000,0.569000,-0.347000,-32.397000,6.977000,-62.595000,31.45
858575855,0.840000,0.562000,-0.330000,-36.626000,-0.550000,-58.336000,31.49
858586504,0.863000,0.566000,-0.316000,-38.901000,-5.176000,-55.221000,31.45
858593755,0.904000,0.570000,-0.294000,-41.878000,-6.504000,-53.603000,31.45
858599442,0.935000,0.483000,-0.264000,-41.924000,-1.603000,-52.901000,31.40
858618148,0.850000,0.497000,-0.270000,-38.931000,2.763000,-48.565000,31.54
858626635,0.760000,0.551000,-0.357000,-40.656000,2.901000,-44.702000,31.49
858632670,0.570000,0.680000,-0.440000,-49.084000,-10.305000,-34.489000,31.54
858648910,0.692000,0.654000,-0.373000,-59.115000,-25.603000,-29.679000,31.49
858657298,0.883000,0.590000,-0.220000,-64.718000,-26.046000,-31.573000,31.54
858664634,0.947000,0.527000,-0.144000,-58.275000,-20.076000,-34.947000,31.49
858676432,0.819000,0.625000,-0.201000,-52.107000,-16.626000,-33.985000,31.45
858687434,0.749000,0.642000,-0.225000,-50.321000,-19.985000,-32.840000,31.54
858693709,0.732000,0.641000,-0.233000,-51.786000,-23.298000,-31.008000,31.49
858707099,0.726000,0.675000,-0.205000,-53.603000,-29.420000,-25.328000,31.35
858714987,0.786000,0.664000,-0.149000,-53.969000,-32.244000,-24.122000,31.49
858724503,0.828000,0.685000,-0.140000,-50.260000,-33.878000,-21.252000,31.45
858732521,0.890000,0.724000,-0.114000,-46.107000,-30.351000,-21.313000,31.49
858749377,0.917000,0.706000,-0.061000,-37.863000,-25.802000,-21.252000,31.45
858757905,0.921000,0.713000,0.021000,-29.023000,-20.916000,-21.267000,31.49
858763987,0.921000,0.696000,-0.030000,-21.252000,-11.176000,-20.107000,31.45
858776780,0.875000,0.709000,-0.110000,-15.969000,-5.817000,-19.450000,31.45
858786022,0.816000,0.717000,-0.139000,-12.718000,-3.145000,-17.206000,31.45
858793449,0.791000,0.683000,-0.168000,-6.351000,-2.687000,-13.527000,31.45
858800774,0.804000,0.657000,-0.125000,0.794000,-4.656000,-8.519000,31.49
858815003,0.851000,0.655000,-0.075000,9.908000,-1.618000,-3.420000,31.45
858827405,0.871000,0.665000,-0.076000,19.450000,4.794000,-0.137000,31.49
858833185,0.885000,0.658000,-0.074000,26.931000,11.786000,2.519000,31.45
858849641,0.857000,0.678000,-0.105000,32.427000,19.679000,6.183000,31.40
858857185,0.837000,0.700000,-0.149000,35.618000,26.046000,8.656000,31.45
858866921,0.772000,0.719000,-0.204000,38.611000,28.183000,12.718000,31.54
858876032,0.743000,0.765000,-0.228000,39.435000,23.466000,16.015000,31.45
858884776,0.767000,0.728000,-0.227000,39.756000,21.084000,16.351000,31.45
858891497,0.748000,0.697000,-0.230000,41.084000,17.603000,17.313000,31.40
858902988,0.774000,0.681000,-0.219000,42.107000,16.305000,18.107000,31.45
858918990,0.790000,0.624000,-0.163000,43.802000,17.740000,19.359000,31.49
858926240,0.823000,0.596000,-0.150000,48.000000,20.763000,20.672000,31.45
858935340,0.765000,0.602000,-0.185000,50.977000,22.305000,23.786000,31.49
858945067,0.745000,0.613000,-0.186000,52.885000,19.267000,29.008000,31.54
858956359,0.768000,0.648000,-0.225000,53.863000,16.366000,31.985000,31.45
858963731,0.772000,0.610000,-0.248000,54.275000,13.130000,34.305000,31.54
858975661,0.757000,0.617000,-0.268000,55.267000,7.481000,36.962000,31.49
858984190,0.793000,0.591000,-0.259000,54.916000,6.198000,37.863000,31.40
858992991,0.806000,0.559000,-0.197000,55.786000,4.260000,40.107000,31.45
859005430,0.823000,0.539000,-0.204000,57.725000,3.603000,42.718000,31.40
859017882,0.839000,0.517000,-0.208000,60.290000,5.832000,45.115000,31.45
859028102,0.826000,0.492000,-0.219000,63.130000,4.550000,49.756000,31.59
859034285,0.826000,0.521000,-0.263000,65.069000,3.450000,54.321000,31.45
859046373,0.854000,0.507000,-0.259000,66.718000,1.267000,56.870000,31.54
859053686,0.830000,0.506000,-0.301000,69.573000,-1.191000,59.573000,31.35
859066069,0.837000,0.492000,-0.305000,70.794000,-3.649000,61.969000,31.49
859076826,0.850000,0.475000,-0.278000,71.695000,-5.542000,65.069000,31.49
859084949,0.876000,0.472000,-0.253000,73.008000,-6.275000,67.649000,31.45
859095558,0.909000,0.450000,-0.248000,74.473000,-4.412000,69.481000,31.49
859102795,0.907000,0.446000,-0.278000,77.847000,-2.718000,72.000000,31.54
859115930,0.868000,0.469000,-0.335000,79.573000,-4.290000,74.458000,31.49
859122841,0.869000,0.456000,-0.380000,78.321000,-8.137000,75.359000,31.45
859134730,0.856000,0.443000,-0.373000,77.924000,-11.008000,78.473000,31.54
859149722,0.869000,0.390000,-0.387000,75.969000,-17.496000,81.282000,31.45
859155085,0.918000,0.323000,-0.317000,77.252000,-16.076000,85.466000,31.45
859165673,0.962000,0.277000,-0.284000,80.031000,-14.519000,87.206000,31.40
859175916,1.000000,0.228000,-0.301000,86.290000,-7.725000,87.954000,31.54
859185748,0.982000,0.187000,-0.352000,91.466000,-0.565000,86.962000,31.49
859191844,0.851000,0.216000,-0.425000,97.389000,-1.282000,92.473000,31.45
859204515,0.810000,0.296000,-0.483000,95.847000,-10.779000,95.634000,31.40
859217563,0.858000,0.260000,-0.497000,90.031000,-19.420000,97.817000,31.45
859223943,0.947000,0.191000,-0.434000,91.466000,-20.824000,98.901000,31.45
859235586,0.994000,0.146000,-0.425000,90.550000,-21.313000,98.198000,31.35
859248838,1.010000,0.127000,-0.423000,90.824000,-18.824000,99.344000,31.49
859256806,1.049000,0.087000,-0.417000,94.947000,-11.924000,97.695000,31.49
859263287,0.951000,0.082000,-0.516000,93.908000,-12.000000,98.992000,31.54
859275012,0.876000,0.116000,-0.560000,91.435000,-16.229000,101.023000,31.40
859285659,0.893000,0.084000,-0.540000,90.076000,-25.053000,102.534000,31.54
859292697,1.001000,0.052000,-0.554000,88.885000,-27.893000,101.954000,31.40
859305565,1.023000,0.032000,-0.514000,84.763000,-28.580000,101.191000,31.35
859318759,1.055000,0.014000,-0.510000,82.855000,-27.832000,101.802000,31.45
859325449,1.093000,-0.005000,-0.506000,81.908000,-24.092000,100.672000,31.45
859331197,1.049000,-0.028000,-0.587000,79.313000,-20.702000,99.435000,31.45
859349143,0.973000,-0.067000,-0.672000,77.023000,-21.160000,97.908000,31.49
859357076,0.915000,-0.124000,-0.644000,75.496000,-27.450000,99.588000,31.45
859367999,0.989000,-0.148000,-0.598000,75.832000,-30.458000,99.435000,31.49
859376288,1.059000,-0.163000,-0.564000,77.359000,-28.702000,97.313000,31.45
859385907,1.096000,-0.194000,-0.548000,79.359000,-22.824000,95.389000,31.49
859392957,1.095000,-0.216000,-0.521000,80.550000,-16.687000,95.939000,31.45
859405167,1.074000,-0.310000,-0.580000,80.763000,-10.137000,94.550000,31.45
859419988,0.921000,-0.282000,-0.569000,82.763000,-8.580000,99.221000,31.45
859430106,0.882000,-0.213000,-0.667000,79.618000,-16.076000,100.519000,31.40
859432410,0.878000,-0.210000,-0.652000,73.389000,-23.130000,103.221000,31.40
859448249,0.888000,-0.241000,-0.646000,72.000000,-28.809000,107.206000,31.54
859457224,0.993000,-0.264000,-0.602000,64.321000,-28.656000,97.023000,31.49
859464183,1.039000,-0.415000,-0.543000,63.038000,-24.290000,92.748000,31.45
859475840,0.938000,-0.460000,-0.516000,66.611000,-18.000000,91.878000,31.40
859486707,0.895000,-0.419000,-0.561000,68.412000,-19.847000,91.954000,31.54
859492933,0.837000,-0.356000,-0.606000,64.702000,-23.771000,93.817000,31.45
859505227,0.876000,-0.402000,-0.542000,61.939000,-28.092000,92.870000,31.54
859519417,0.900000,-0.450000,-0.615000,59.939000,-30.122000,89.985000,31.49
859526647,0.824000,-0.471000,-0.560000,60.672000,-32.031000,93.466000,31.40
859531774,0.961000,-0.508000,-0.486000,64.962000,-32.443000,91.695000,31.54
859549018,1.052000,-0.566000,-0.473000,71.725000,-22.046000,85.557000,31.49
859558681,0.915000,-0.521000,-0.512000,76.214000,-15.618000,87.313000,31.45
859565433,0.844000,-0.463000,-0.554000,74.275000,-16.534000,86.870000,31.49
859577352,0.827000,-0.445000,-0.551000,70.718000,-22.397000,88.916000,31.35
859582998,0.890000,-0.490000,-0.550000,68.336000,-23.374000,88.092000,31.45
859594021,0.863000,-0.516000,-0.513000,69.496000,-23.099000,89.252000,31.54
859605528,0.906000,-0.545000,-0.524000,71.420000,-22.748000,87.786000,31.49
859616978,0.911000,-0.652000,-0.472000,76.763000,-14.611000,85.496000,31.49
859629698,0.826000,-0.668000,-0.473000,83.435000,-9.817000,84.992000,31.45
859635054,0.826000,-0.635000,-0.496000,87.542000,-7.267000,86.550000,31.49
859647148,0.783000,-0.622000,-0.509000,88.275000,-4.061000,89.160000,31.45
859662981,0.726000,-0.628000,-0.520000,84.122000,-4.366000,92.672000,31.40
859664814,0.656000,-0.643000,-0.550000,81.038000,-8.336000,99.160000,31.35
859676649,0.639000,-0.642000,-0.497000,79.008000,-14.076000,105.344000,31.54
859686800,0.763000,-0.759000,-0.460000,80.366000,-14.000000,104.183000,31.45
859694766,0.712000,-0.749000,-0.442000,85.069000,-9.130000,103.206000,31.49
859700864,0.635000,-0.707000,-0.542000,85.069000,-8.397000,102.061000,31.59
859714099,0.539000,-0.757000,-0.528000,79.603000,-11.008000,103.389000,31.54
859728192,0.514000,-0.838000,-0.524000,74.061000,-17.145000,107.069000,31.40
859734159,0.539000,-0.876000,-0.503000,70.397000,-19.374000,111.420000,31.45
859744828,0.509000,-0.822000,-0.465000,63.817000,-24.840000,116.626000,31.40
859756243,0.587000,-0.798000,-0.459000,55.069000,-28.611000,116.244000,31.54
859766429,0.609000,-0.831000,-0.448000,48.931000,-28.580000,115.145000,31.49
859777209,0.526000,-0.919000,-0.570000,48.275000,-28.351000,111.221000,31.64
859787038,0.435000,-0.999000,-0.453000,47.573000,-26.443000,114.397000,31.49
859795363,0.445000,-0.927000,-0.526000,44.855000,-29.145000,114.153000,31.45
859805720,0.460000,-0.878000,-0.525000,38.198000,-32.656000,114.595000,31.45
859812533,0.486000,-0.928000,-0.493000,31.634000,-32.656000,111.359000,31.40
859829332,0.515000,-0.960000,-0.425000,29.313000,-34.290000,112.275000,31.45
859836829,0.546000,-0.979000,-0.369000,30.321000,-33.771000,113.939000,31.49
859845035,0.500000,-0.959000,-0.456000,32.504000,-34.733000,113.527000,31.45
859856700,0.448000,-0.989000,-0.471000,30.504000,-35.771000,115.527000,31.45
859865570,0.466000,-0.943000,-0.438000,31.878000,-35.206000,114.718000,31.45
859875687,0.436000,-0.987000,-0.420000,32.519000,-40.443000,111.267000,31.40
859885727,0.526000,-0.988000,-0.436000,35.237000,-38.244000,107.359000,31.40
859897840,0.457000,-0.982000,-0.375000,32.046000,-35.298000,104.458000,31.45
859905532,0.475000,-1.046000,-0.356000,35.679000,-33.542000,104.901000,31.40
859912052,0.475000,-1.069000,-0.308000,41.802000,-30.504000,104.000000,31.45
859926752,0.423000,-1.045000,-0.317000,48.214000,-28.885000,101.191000,31.40
859934578,0.562000,-0.953000,-0.386000,45.221000,-12.611000,102.840000,31.45
859944292,0.242000,-1.014000,-0.315000,52.443000,-34.595000,93.069000,31.45
859955790,0.364000,-1.053000,-0.378000,44.015000,-26.595000,99.817000,31.45
859967123,0.360000,-1.081000,-0.331000,44.153000,-21.588000,92.168000,31.49
859974724,0.346000,-1.144000,-0.276000,48.748000,-15.771000,86.122000,31.40
859986288,0.257000,-1.094000,-0.236000,59.420000,-16.794000,81.771000,31.35
859995201,0.297000,-1.113000,-0.236000,63.618000,-11.954000,92.687000,31.40
860005271,0.257000,-1.018000,-0.290000,63.985000,-9.313000,90.000000,31.54
860012526,0.114000,-0.987000,-0.351000,56.076000,-13.038000,86.931000,31.40
860027197,0.126000,-1.093000,-0.324000,52.824000,-20.015000,84.000000,31.45
860035763,0.128000,-1.116000,-0.303000,51.695000,-22.580000,85.618000,31.45
860046540,0.212000,-1.190000,-0.287000,50.748000,-16.901000,84.107000,31.54
860056776,0.214000,-1.074000,-0.220000,52.076000,-8.122000,75.191000,31.40
860067160,0.193000,-1.097000,-0.213000,48.321000,-4.137000,75.679000,31.49
860074815,0.228000,-1.116000,-0.243000,48.718000,-0.443000,75.756000,31.54
860085943,0.065000,-1.109000,-0.275000,44.580000,2.840000,72.000000,31.40
860097271,-0.014000,-1.069000,-0.288000,42.504000,-7.466000,73.664000,31.45
860103972,0.092000,-1.136000,-0.228000,40.901000,-18.519000,70.214000,31.40
860113009,0.208000,-1.101000,-0.244000,37.908000,-11.618000,63.969000,31.45
860129194,0.309000,-0.929000,-0.433000,31.573000,10.504000,58.336000,31.45
860137960,0.254000,-1.189000,-0.140000,29.740000,5.145000,56.534000,31.35
860145112,0.036000,-1.084000,-0.159000,32.794000,2.473000,53.756000,31.45
860154157,0.135000,-1.102000,-0.184000,38.534000,-7.710000,52.702000,31.40
860167694,0.235000,-1.058000,-0.238000,29.603000,8.947000,44.870000,31.45
860177112,0.074000,-1.061000,-0.219000,27.328000,12.244000,41.023000,31.40
860183911,0.037000,-1.138000,-0.184000,31.282000,-0.656000,44.153000,31.54
860195685,0.120000,-1.082000,-0.168000,28.870000,2.611000,38.855000,31.40
860206631,0.075000,-1.143000,-0.142000,35.344000,5.282000,36.229000,31.45
860214567,0.185000,-1.062000,-0.185000,33.725000,18.031000,30.718000,31.45
860221605,0.028000,-1.061000,-0.167000,32.595000,18.962000,26.153000,31.45
860238590,0.015000,-1.030000,-0.147000,26.275000,15.282000,29.069000,31.49
860245799,0.078000,-1.091000,-0.132000,25.908000,18.779000,20.626000,31.40
860254633,0.010000,-1.084000,-0.142000,28.626000,18.947000,17.145000,31.45
860268223,-0.022000,-1.053000,-0.128000,28.763000,20.153000,16.687000,31.49
860278768,-0.003000,-1.006000,-0.109000,28.565000,21.023000,15.405000,31.45
860285162,0.011000,-0.998000,-0.122000,24.901000,22.977000,13.450000,31.40
860298667,0.006000,-1.030000,-0.111000,25.802000,27.939000,11.099000,31.45
860307202,-0.062000,-1.022000,-0.129000,22.443000,25.969000,7.893000,31.35
860315388,-0.065000,-1.030000,-0.094000,25.527000,24.595000,7.023000,31.45
860322708,-0.038000,-1.017000,-0.086000,23.481000,23.130000,4.916000,31.49
860336737,-0.034000,-1.007000,-0.102000,21.573000,23.817000,5.008000,31.49
860349748,-0.004000,-0.996000,-0.113000,23.679000,24.580000,7.099000,31.45
860355781,-0.028000,-0.995000,-0.110000,20.718000,25.298000,5.435000,31.49
860366620,-0.051000,-0.990000,-0.106000,21.160000,24.137000,6.885000,31.45
860376366,-0.024000,-0.967000,-0.063000,22.107000,26.260000,7.145000,31.49
860385347,-0.075000,-0.907000,-0.094000,15.710000,21.710000,8.855000,31.45
860397079,-0.058000,-1.007000,-0.090000,17.176000,22.214000,9.038000,31.54
860408196,-0.141000,-0.961000,-0.058000,17.634000,19.756000,7.969000,31.45
860417070,-0.089000,-0.972000,-0.086000,13.069000,17.176000,10.489000,31.40
860423495,-0.041000,-0.984000,-0.045000,10.977000,18.244000,7.847000,31.45
860435658,-0.019000,-1.023000,-0.062000,10.336000,22.580000,7.710000,31.54
860448692,-0.083000,-1.018000,-0.061000,12.229000,25.435000,9.710000,31.40
860459994,-0.087000,-1.012000,-0.014000,16.000000,25.160000,10.015000,31.45
860462459,-0.080000,-0.970000,-0.061000,13.832000,25.786000,11.252000,31.49
860477637,-0.099000,-0.971000,-0.067000,12.473000,22.977000,9.481000,31.45
860483886,-0.093000,-0.962000,-0.049000,11.832000,21.344000,9.115000,31.45
860494147,-0.068000,-0.935000,-0.042000,11.084000,20.595000,8.534000,31.45
860507213,-0.032000,-0.967000,-0.039000,9.527000,22.763000,9.008000,31.40
860518017,-0.074000,-0.975000,-0.025000,9.328000,23.954000,11.771000,31.45
860524544,-0.078000,-1.004000,-0.021000,11.130000,24.107000,11.145000,31.45
860531539,-0.058000,-1.024000,-0.036000,13.695000,25.527000,9.130000,31.40
860544772,-0.109000,-0.982000,-0.014000,13.924000,27.863000,9.267000,31.54
860555859,-0.120000,-0.989000,-0.012000,14.351000,24.214000,10.748000,31.40
860563291,-0.116000,-0.976000,-0.040000,13.069000,24.336000,8.076000,31.45
860575348,-0.131000,-0.947000,-0.008000,9.527000,21.328000,7.786000,31.49
860586292,-0.076000,-0.970000,-0.016000,8.168000,23.344000,7.939000,31.45
860595105,-0.094000,-0.986000,-0.006000,8.031000,22.763000,6.519000,31.40
860607065,-0.096000,-0.998000,0.002000,11.710000,24.519000,6.031000,31.54
860614500,-0.159000,-0.953000,-0.038000,10.947000,20.779000,6.611000,31.45
860622685,-0.100000,-0.990000,-0.027000,8.260000,21.221000,6.412000,31.49
860633020,-0.079000,-1.002000,0.002000,9.725000,21.328000,3.969000,31.45
860645748,-0.092000,-0.982000,-0.001000,8.931000,22.931000,3.603000,31.40
860654476,-0.094000,-0.983000,0.011000,10.260000,23.985000,1.847000,31.45
860665045,-0.096000,-0.971000,0.012000,9.038000,24.198000,0.672000,31.54
860675397,-0.096000,-1.002000,0.007000,11.130000,26.183000,1.939000,31.45
860687688,-0.129000,-0.935000,0.008000,6.794000,24.229000,2.061000,31.40
860692618,-0.118000,-0.970000,0.001000,5.893000,23.038000,0.779000,31.49
860704972,-0.143000,-0.963000,-0.002000,4.290000,22.183000,0.473000,31.35
860714770,-0.149000,-0.959000,0.013000,4.855000,19.267000,1.374000,31.40
860723726,-0.108000,-0.948000,0.012000,5.954000,18.916000,0.534000,31.54
860735507,-0.158000,-0.942000,0.005000,5.237000,17.511000,2.122000,31.40
860747695,-0.131000,-0.980000,0.021000,4.580000,16.702000,2.565000,31.45
860756931,-0.122000,-0.966000,0.023000,4.076000,16.198000,0.824000,31.54
860766385,-0.118000,-0.975000,0.026000,5.588000,16.855000,2.489000,31.45
860776602,-0.096000,-1.005000,0.035000,4.733000,18.947000,1.176000,31.45
860789584,-0.122000,-0.984000,-0.005000,6.336000,20.763000,2.229000,31.49
860795135,-0.095000,-1.009000,0.057000,9.756000,22.763000,-1.359000,31.45
860805360,-0.107000,-0.983000,-0.004000,10.351000,26.305000,0.565000,31.40
860815020,-0.110000,-0.964000,0.019000,8.885000,28.809000,2.397000,31.45
860825672,-0.061000,-1.010000,0.030000,11.130000,33.939000,1.679000,31.49
860832591,-0.092000,-1.016000,0.018000,15.817000,39.389000,2.840000,31.45
860848952,-0.102000,-0.982000,0.017000,13.115000,43.344000,0.137000,31.54
860861289,-0.067000,-1.057000,-0.026000,15.924000,54.824000,-0.061000,31.49
860869946,-0.158000,-1.048000,0.184000,19.328000,53.939000,-3.099000,31.45
860873637,-0.224000,-0.963000,-0.040000,21.618000,54.260000,-9.252000,31.49
860887799,-0.312000,-0.897000,-0.012000,19.053000,45.679000,-6.229000,31.45
860897804,-0.155000,-0.892000,0.042000,15.771000,44.809000,-6.580000,31.49
860904754,-0.185000,-0.913000,0.052000,15.863000,51.313000,-1.802000,31.45
860916568,-0.083000,-0.920000,0.074000,15.511000,57.084000,-1.389000,31.49
860922240,-0.064000,-1.020000,0.139000,21.542000,67.710000,-7.237000,31.40
860933600,-0.133000,-0.999000,0.167000,25.969000,76.534000,-1.038000,31.45
860947513,-0.188000,-0.889000,0.133000,22.748000,69.038000,-9.344000,31.31
860955188,-0.480000,-0.761000,-0.163000,15.511000,49.313000,-10.916000,31.54
860965014,-0.433000,-0.863000,-0.064000,7.939000,19.878000,-8.824000,31.49
860973101,-0.287000,-0.947000,0.021000,7.634000,2.366000,-6.458000,31.54
860984674,-0.165000,-0.860000,0.052000,7.527000,-1.221000,7.008000,31.40
860995400,-0.045000,-0.911000,0.097000,6.229000,-0.351000,8.489000,31.45
861005857,-0.045000,-0.950000,0.083000,9.969000,7.603000,10.641000,31.40
861015728,-0.031000,-0.990000,0.092000,17.008000,14.305000,10.458000,31.59
861028592,-0.043000,-1.010000,0.088000,20.580000,21.557000,6.351000,31.45
861035647,-0.129000,-0.981000,0.024000,24.870000,24.641000,3.878000,31.40
861042537,-0.207000,-0.920000,0.019000,22.076000,17.908000,2.458000,31.45
861055652,-0.221000,-0.880000,0.001000,19.023000,9.802000,3.450000,31.49
861065258,-0.210000,-0.852000,-0.013000,11.832000,-2.260000,4.061000,31.45
861074866,-0.119000,-0.874000,0.014000,6.153000,-9.939000,0.901000,31.49
861085104,-0.163000,-0.886000,0.054000,2.336000,-11.023000,3.740000,31.54
861097773,-0.067000,-0.882000,0.038000,-0.504000,-8.992000,6.397000,31.49
861105667,-0.106000,-0.974000,0.059000,-5.053000,-8.916000,5.969000,31.54
861114074,-0.102000,-1.023000,0.061000,-4.122000,-7.008000,4.794000,31.45
861125750,-0.127000,-1.022000,0.077000,-3.389000,-4.718000,2.611000,31.49
861133394,-0.101000,-1.039000,0.024000,-2.931000,-1.786000,-0.137000,31.45
861144518,-0.224000,-0.971000,0.000000,-5.099000,-9.802000,2.580000,31.49
861152113,-0.166000,-0.990000,0.052000,-7.939000,-13.542000,3.588000,31.45
861165219,-0.107000,-0.972000,0.072000,-9.802000,-14.519000,2.672000,31.40
861176670,-0.123000,-0.960000,0.041000,-11.496000,-13.328000,2.779000,31.54
861184117,-0.098000,-0.947000,0.062000,-13.221000,-12.473000,1.420000,31.49
861195970,-0.091000,-0.973000,0.065000,-12.565000,-11.298000,2.947000,31.45
861204293,-0.104000,-0.958000,0.052000,-14.595000,-11.847000,1.863000,31.45
861215378,-0.108000,-0.976000,0.047000,-16.565000,-13.389000,0.702000,31.49
861226015,-0.110000,-0.989000,0.017000,-16.885000,-14.748000,-1.359000,31.35
861234849,-0.098000,-1.018000,0.035000,-15.252000,-14.840000,-3.267000,31.40
861244585,-0.078000,-1.011000,-0.002000,-13.389000,-13.679000,-5.649000,31.35
861251402,-0.071000,-1.006000,0.033000,-11.038000,-11.511000,-6.046000,31.59
861270151,-0.070000,-0.984000,0.060000,-10.305000,-9.344000,-7.679000,31.45
861280038,-0.102000,-0.972000,0.032000,-11.267000,-7.847000,-8.107000,31.40
861285338,-0.131000,-0.962000,0.025000,-12.901000,-9.160000,-6.794000,31.35
861298838,-0.123000,-0.995000,0.033000,-13.481000,-10.626000,-7.695000,31.54
861308477,-0.138000,-0.996000,0.030000,-13.374000,-11.282000,-8.504000,31.40
861314560,-0.138000,-0.996000,0.042000,-13.206000,-13.969000,-10.122000,31.54
861327152,-0.173000,-0.958000,0.008000,-16.779000,-16.275000,-14.550000,31.49
861338171,-0.158000,-0.970000,0.026000,-15.649000,-19.786000,-12.046000,31.45
861344368,-0.064000,-0.973000,0.050000,-16.183000,-18.076000,-14.809000,31.49
861351076,-0.058000,-0.955000,0.080000,-16.473000,-14.198000,-16.443000,31.54
861366806,-0.078000,-0.951000,0.060000,-19.252000,-11.557000,-17.481000,31.40
861377283,-0.098000,-0.978000,0.015000,-20.015000,-12.168000,-18.015000,31.45
861385711,-0.098000,-0.987000,0.040000,-18.321000,-12.321000,-18.656000,31.54
861397774,-0.089000,-0.990000,0.002000,-15.893000,-13.344000,-18.397000,31.49
861409046,-0.094000,-1.005000,0.031000,-11.985000,-14.611000,-18.321000,31.45
861414717,-0.066000,-1.006000,0.015000,-11.267000,-13.176000,-18.214000,31.49
861430286,-0.062000,-0.992000,0.019000,-10.366000,-9.725000,-16.214000,31.45
861444096,-0.085000,-0.961000,0.030000,-9.649000,-8.458000,-15.603000,31.49
861446874,-0.075000,-0.969000,0.018000,-9.267000,-6.977000,-15.405000,31.45
861455274,-0.077000,-0.977000,0.005000,-8.656000,-5.405000,-14.427000,31.49
861462232,-0.092000,-0.966000,0.023000,-9.115000,-4.229000,-12.931000,31.35
861479539,-0.097000,-0.975000,-0.003000,-9.802000,-4.305000,-14.809000,31.45
861486832,-0.129000,-0.961000,0.004000,-9.954000,-6.519000,-13.221000,31.49
861495317,-0.125000,-0.975000,-0.036000,-11.893000,-8.061000,-14.076000,31.54
861508514,-0.086000,-0.990000,0.002000,-10.321000,-7.405000,-14.824000,31.40
861515098,-0.094000,-0.958000,-0.018000,-10.290000,-5.435000,-14.382000,31.45
861524778,-0.113000,-0.968000,-0.012000,-11.924000,-6.198000,-13.420000,31.49
861538184,-0.067000,-0.954000,0.031000,-11.405000,-3.313000,-12.504000,31.45
861547461,-0.072000,-0.972000,-0.011000,-12.672000,-1.130000,-13.344000,31.40
861554510,-0.085000,-0.990000,-0.015000,-14.000000,-3.420000,-14.198000,31.54
861561320,-0.095000,-0.974000,0.016000,-16.519000,-4.412000,-13.664000,31.45
861577238,-0.057000,-1.001000,-0.003000,-16.092000,-3.160000,-16.580000,31.40
861587263,-0.084000,-0.979000,-0.025000,-15.740000,-3.786000,-16.504000,31.54
861596513,-0.048000,-0.991000,-0.003000,-16.412000,-3.924000,-17.099000,31.49
861607401,-0.046000,-0.955000,0.000000,-17.771000,-4.397000,-17.069000,31.45
861619161,-0.005000,-0.994000,0.015000,-18.611000,-1.008000,-15.466000,31.40
861624329,-0.040000,-0.985000,-0.004000,-17.511000,-0.031000,-15.298000,31.45
861635495,-0.046000,-0.979000,0.023000,-16.595000,-1.557000,-16.214000,31.40
861645080,-0.040000,-0.996000,-0.002000,-17.756000,-0.656000,-16.702000,31.45
861655266,-0.017000,-0.966000,-0.026000,-17.924000,0.718000,-16.748000,31.54
861665508,-0.026000,-1.032000,-0.031000,-18.489000,-1.374000,-21.695000,31.45
861672340,-0.033000,-1.045000,-0.046000,-18.809000,-2.397000,-23.618000,31.54
861686948,-0.008000,-1.058000,-0.042000,-19.252000,-2.641000,-22.672000,31.40
861694877,0.030000,-1.046000,0.004000,-18.305000,1.649000,-24.626000,31.45
861705587,0.024000,-1.025000,0.010000,-18.733000,3.511000,-24.427000,31.49
861716204,0.020000,-1.041000,-0.026000,-19.786000,4.168000,-27.053000,31.45
861726136,0.001000,-1.028000,-0.053000,-19.939000,3.084000,-26.977000,31.49
861737653,0.003000,-1.037000,-0.041000,-21.542000,0.198000,-29.099000,31.45
861745924,0.005000,-0.994000,-0.042000,-21.115000,-1.527000,-31.496000,31.45
861756409,0.028000,-1.030000,-0.074000,-23.328000,-1.725000,-36.061000,31.54
861765576,-0.039000,-1.014000,-0.005000,-24.672000,-3.710000,-32.855000,31.49
861772357,0.058000,-1.081000,-0.059000,-26.214000,-3.725000,-37.328000,31.45
861786354,0.072000,-1.081000,-0.077000,-27.511000,-2.092000,-40.305000,31.45
861794311,0.056000,-1.042000,-0.063000,-29.420000,-3.420000,-37.573000,31.49
861805171,0.084000,-1.069000,-0.079000,-28.397000,-2.519000,-42.427000,31.35
861819247,0.052000,-1.036000,-0.076000,-31.695000,-3.771000,-45.038000,31.49
861825843,0.089000,-1.035000,-0.081000,-31.557000,-4.855000,-44.504000,31.45
861834778,0.082000,-1.030000,-0.120000,-32.275000,-4.015000,-42.992000,31.49
861849402,0.198000,-0.998000,-0.088000,-34.183000,-4.198000,-47.313000,31.45
861860285,0.105000,-1.072000,-0.127000,-33.206000,-4.794000,-52.992000,31.40
861865469,0.085000,-1.064000,-0.127000,-34.397000,-5.679000,-50.321000,31.35
861871797,0.110000,-1.075000,-0.124000,-35.115000,-6.260000,-50.076000,31.49
861887445,0.129000,-1.051000,-0.084000,-35.969000,-7.557000,-52.687000,31.40
861900973,0.162000,-1.055000,-0.130000,-34.443000,-6.626000,-51.924000,31.54
861907423,0.138000,-1.004000,-0.111000,-36.076000,-7.008000,-53.206000,31.49
861914964,0.181000,-1.037000,-0.106000,-33.878000,-7.695000,-57.313000,31.54
861930527,0.146000,-1.033000,-0.110000,-33.679000,-6.824000,-59.969000,31.49
861935991,0.172000,-1.042000,-0.146000,-34.733000,-5.664000,-58.992000,31.45
861946049,0.207000,-1.042000,-0.146000,-36.519000,-6.641000,-63.740000,31.40
861956440,0.165000,-1.089000,-0.170000,-35.267000,-6.794000,-61.679000,31.45
861965431,0.153000,-1.085000,-0.170000,-36.229000,-8.870000,-60.336000,31.40
861971378,0.192000,-1.103000,-0.127000,-34.183000,-7.481000,-58.687000,31.45
861983329,0.207000,-1.040000,-0.093000,-34.901000,-4.763000,-61.160000,31.45
861998063,0.213000,-0.983000,-0.150000,-36.962000,-5.649000,-61.450000,31.49
862006412,0.250000,-0.990000,-0.203000,-38.870000,-8.275000,-63.679000,31.45
862015255,0.240000,-1.029000,-0.152000,-36.031000,-7.710000,-63.969000,31.40
862028617,0.235000,-1.030000,-0.218000,-34.687000,-5.817000,-62.656000,31.45
862039329,0.204000,-1.028000,-0.213000,-38.916000,-7.908000,-64.672000,31.59
862046203,0.249000,-1.076000,-0.184000,-38.061000,-6.137000,-62.397000,31.45
862057586,0.267000,-1.080000,-0.250000,-39.802000,-4.351000,-63.115000,31.40
862068396,0.256000,-1.069000,-0.200000,-38.397000,-1.221000,-61.664000,31.45
862071682,0.273000,-1.072000,-0.235000,-38.260000,-2.702000,-60.656000,31.45
862082726,0.251000,-0.969000,-0.238000,-37.695000,-1.939000,-63.130000,31.40
862095916,0.535000,-0.982000,-0.424000,-54.275000,-0.443000,-80.595000,31.45
862104016,0.310000,-0.982000,-0.216000,-40.565000,-5.695000,-65.435000,31.49
862114188,0.298000,-1.001000,-0.262000,-41.969000,-6.290000,-65.511000,31.54
862125766,0.331000,-1.022000,-0.284000,-41.008000,-1.542000,-65.618000,31.40
862136936,0.400000,-1.057000,-0.255000,-38.779000,0.580000,-65.756000,31.35
862145535,0.457000,-1.051000,-0.235000,-34.504000,3.282000,-66.626000,31.49
862154349,0.433000,-1.002000,-0.234000,-31.282000,4.840000,-68.870000,31.54
862164705,0.446000,-0.941000,-0.223000,-25.756000,4.794000,-68.947000,31.64
862171578,0.478000,-0.935000,-0.298000,-24.916000,5.084000,-70.824000,31.40
862182906,0.406000,-0.921000,-0.281000,-22.809000,1.511000,-69.420000,31.45
862195883,0.504000,-0.928000,-0.247000,-19.954000,3.664000,-68.519000,31.49
862205806,0.487000,-0.957000,-0.269000,-18.672000,4.626000,-67.817000,31.45
862215408,0.497000,-0.936000,-0.189000,-16.183000,3.252000,-60.611000,31.40
862223028,0.562000,-0.917000,-0.206000,-14.473000,10.015000,-65.069000,31.45
862235455,0.487000,-0.916000,-0.244000,-12.687000,12.855000,-63.252000,31.49
862244847,0.443000,-0.915000,-0.244000,-12.092000,10.534000,-63.542000,31.49
862255815,0.427000,-0.894000,-0.275000,-11.374000,6.855000,-60.580000,31.45
862266598,0.461000,-0.910000,-0.290000,-10.672000,4.382000,-59.511000,31.49
862273528,0.451000,-0.942000,-0.287000,-10.244000,3.267000,-59.786000,31.45
862283091,0.458000,-0.951000,-0.272000,-9.985000,3.053000,-58.229000,31.40
862297968,0.459000,-0.932000,-0.266000,-10.290000,5.420000,-57.237000,31.54
862307745,0.484000,-0.910000,-0.255000,-10.565000,8.000000,-53.802000,31.40
862314531,0.487000,-0.904000,-0.278000,-13.847000,8.992000,-55.038000,31.45
862323026,0.461000,-0.885000,-0.322000,-14.550000,9.252000,-53.298000,31.40
862341170,0.446000,-0.895000,-0.333000,-12.137000,9.237000,-53.649000,31.49
862345940,0.424000,-0.874000,-0.352000,-15.832000,5.939000,-54.748000,31.45
862356429,0.418000,-0.858000,-0.363000,-18.580000,1.328000,-51.908000,31.49
862365388,0.503000,-0.891000,-0.354000,-21.542000,-0.626000,-49.924000,31.45
862377488,0.487000,-0.883000,-0.303000,-24.916000,-3.237000,-47.786000,31.49
862382994,0.532000,-0.852000,-0.250000,-23.160000,2.260000,-44.061000,31.54
862396600,0.543000,-0.799000,-0.315000,-24.977000,5.176000,-43.344000,31.49
862404683,0.586000,-0.814000,-0.357000,-24.794000,8.534000,-42.382000,31.45
862417093,0.505000,-0.828000,-0.344000,-27.328000,5.389000,-43.954000,31.54
862423053,0.519000,-0.832000,-0.344000,-25.985000,3.710000,-41.252000,31.49
862434973,0.565000,-0.846000,-0.364000,-25.710000,2.901000,-41.252000,31.45
862445681,0.531000,-0.817000,-0.305000,-26.031000,2.015000,-39.908000,31.40
862455108,0.580000,-0.828000,-0.299000,-28.122000,3.710000,-47.023000,31.54
862466001,0.571000,-0.859000,-0.292000,-22.260000,3.756000,-34.611000,31.40
862473916,0.658000,-0.781000,-0.312000,-20.443000,7.573000,-31.344000,31.54
862484178,0.631000,-0.762000,-0.347000,-20.748000,10.824000,-36.031000,31.49
862495625,0.620000,-0.760000,-0.333000,-20.351000,17.756000,-34.076000,31.45
862506917,0.598000,-0.800000,-0.358000,-17.695000,15.603000,-37.710000,31.35
862517545,0.626000,-0.815000,-0.356000,-18.473000,17.450000,-37.496000,31.40
862526224,0.604000,-0.792000,-0.339000,-17.252000,17.053000,-34.702000,31.35
862534127,0.677000,-0.811000,-0.306000,-15.618000,19.084000,-33.313000,31.40
862547809,0.689000,-0.758000,-0.257000,-12.641000,20.641000,-32.321000,31.45
862553996,0.706000,-0.744000,-0.330000,-9.466000,23.557000,-33.664000,31.40
862565356,0.670000,-0.752000,-0.338000,-7.374000,21.695000,-32.153000,31.64
862574484,0.698000,-0.778000,-0.277000,-3.420000,22.763000,-31.115000,31.49
862584788,0.690000,-0.745000,-0.325000,-2.153000,22.809000,-31.603000,31.45
862595272,0.669000,-0.756000,-0.310000,-2.733000,20.840000,-28.962000,31.35
862602859,0.676000,-0.773000,-0.270000,-0.718000,19.130000,-25.023000,31.40
862617666,0.692000,-0.751000,-0.269000,1.481000,20.763000,-20.137000,31.45
862627602,0.711000,-0.733000,-0.216000,4.046000,20.198000,-20.748000,31.40
862634941,0.721000,-0.719000,-0.295000,6.626000,20.916000,-21.802000,31.54
862646681,0.703000,-0.732000,-0.300000,9.282000,19.908000,-18.427000,31.49
862656333,0.690000,-0.739000,-0.322000,8.305000,20.061000,-20.122000,31.45
862666266,0.665000,-0.743000,-0.328000,5.649000,17.435000,-19.115000,31.49
862675112,0.656000,-0.791000,-0.309000,1.817000,14.809000,-15.221000,31.45
862685096,0.663000,-0.803000,-0.323000,0.855000,13.695000,-11.130000,31.49
862691323,0.687000,-0.791000,-0.291000,1.176000,14.672000,-7.664000,31.40
862705265,0.695000,-0.750000,-0.281000,1.023000,14.687000,-6.214000,31.45
862717697,0.706000,-0.741000,-0.333000,-1.191000,14.580000,-5.466000,31.49
862725587,0.648000,-0.723000,-0.354000,-2.718000,11.985000,-3.893000,31.54
862735808,0.652000,-0.697000,-0.342000,-6.229000,6.290000,-3.130000,31.40
862747238,0.692000,-0.764000,-0.351000,-10.046000,4.626000,-3.160000,31.45
862757836,0.683000,-0.765000,-0.300000,-10.092000,3.069000,-1.832000,31.49
862764391,0.699000,-0.730000,-0.302000,-11.191000,1.176000,1.817000,31.45
862777346,0.739000,-0.729000,-0.309000,-14.122000,0.229000,4.473000,31.45
862789323,0.715000,-0.772000,-0.306000,-14.473000,-1.176000,6.672000,31.49
862793359,0.740000,-0.759000,-0.327000,-16.687000,-0.458000,3.496000,31.45
862805080,0.719000,-0.771000,-0.337000,-17.313000,-2.672000,2.611000,31.40
862818240,0.728000,-0.789000,-0.298000,-16.137000,-6.076000,4.718000,31.54
862830738,0.751000,-0.785000,-0.304000,-13.679000,-5.969000,5.557000,31.40
862835728,0.746000,-0.772000,-0.294000,-12.244000,-4.076000,5.344000,31.45
862846836,0.755000,-0.772000,-0.296000,-11.145000,-4.458000,5.313000,31.49
862855928,0.751000,-0.751000,-0.295000,-9.832000,-4.718000,6.061000,31.45
862863111,0.788000,-0.747000,-0.295000,-9.313000,-2.687000,4.061000,31.49
862876887,0.762000,-0.746000,-0.316000,-9.481000,-3.908000,3.008000,31.40
862889928,0.762000,-0.770000,-0.298000,-7.985000,-3.557000,2.580000,31.54
862894559,0.784000,-0.796000,-0.287000,-6.458000,-1.191000,1.588000,31.49
862901293,0.757000,-0.802000,-0.295000,-6.595000,0.748000,0.107000,31.45
862919258,0.725000,-0.795000,-0.317000,-6.260000,-0.519000,1.130000,31.49
862928154,0.729000,-0.790000,-0.322000,-5.267000,-1.954000,2.763000,31.45
862937793,0.766000,-0.785000,-0.296000,-3.557000,-1.313000,2.443000,31.59
862945746,0.761000,-0.753000,-0.281000,-2.092000,-1.649000,1.237000,31.54
862957213,0.775000,-0.743000,-0.314000,-1.924000,-2.107000,-0.290000,31.59
862965686,0.785000,-0.773000,-0.332000,-2.000000,-1.038000,-5.008000,31.54
862976172,0.764000,-0.791000,-0.319000,-2.641000,-0.977000,-6.809000,31.45
862985696,0.771000,-0.806000,-0.319000,-2.733000,-0.366000,-7.649000,31.40
862995708,0.747000,-0.813000,-0.364000,-5.252000,-0.443000,-8.244000,31.45
863002685,0.767000,-0.845000,-0.281000,-2.931000,-0.962000,-7.115000,31.40
863015727,0.779000,-0.817000,-0.296000,-0.275000,0.733000,-6.702000,31.45
863028797,0.762000,-0.769000,-0.292000,0.977000,1.450000,-6.260000,31.49
863036421,0.781000,-0.760000,-0.269000,3.573000,1.145000,-6.473000,31.45
863043092,0.799000,-0.751000,-0.295000,5.267000,1.878000,-8.244000,31.49
863057525,0.740000,-0.727000,-0.305000,4.885000,0.305000,-8.595000,31.35
863063981,0.742000,-0.719000,-0.336000,3.542000,-3.069000,-9.359000,31.49
863074682,0.738000,-0.752000,-0.337000,1.725000,-5.298000,-9.206000,31.49
863087063,0.738000,-0.776000,-0.342000,1.649000,-6.870000,-7.542000,31.54
863097412,0.750000,-0.781000,-0.321000,3.160000,-5.908000,-5.771000,31.49
863105306,0.756000,-0.776000,-0.321000,2.595000,-4.458000,-4.962000,31.45
863112344,0.722000,-0.755000,-0.319000,3.038000,-3.405000,-3.878000,31.49
863129335,0.711000,-0.723000,-0.328000,2.153000,-4.382000,-2.534000,31.45
863137924,0.702000,-0.715000,-0.366000,2.321000,-6.947000,-0.733000,31.49
863144463,0.690000,-0.713000,-0.397000,0.137000,-8.733000,-0.870000,31.54
863159673,0.674000,-0.737000,-0.417000,-1.206000,-12.916000,0.992000,31.40
863169609,0.717000,-0.751000,-0.392000,-3.237000,-14.504000,2.122000,31.49
863175613,0.747000,-0.773000,-0.375000,-6.412000,-11.420000,1.466000,31.45
863184377,0.740000,-0.783000,-0.317000,-6.794000,-8.458000,2.931000,31.49
863197669,0.764000,-0.759000,-0.354000,-7.389000,-4.443000,3.038000,31.45
863202237,0.713000,-0.736000,-0.376000,-8.840000,-4.214000,2.885000,31.49
863213776,0.701000,-0.756000,-0.380000,-10.107000,-6.198000,3.130000,31.45
863232419,0.709000,-0.766000,-0.373000,-8.382000,-8.901000,3.664000,31.40
863240882,0.724000,-0.743000,-0.368000,-6.504000,-10.626000,3.954000,31.45
863246813,0.745000,-0.755000,-0.367000,-6.916000,-9.313000,4.458000,31.49
863253601,0.773000,-0.788000,-0.305000,-6.641000,-8.061000,2.458000,31.45
863268807,0.794000,-0.775000,-0.354000,-5.603000,-4.916000,1.420000,31.45
863274239,0.769000,-0.758000,-0.326000,-5.924000,-2.855000,-0.366000,31.49
863289293,0.791000,-0.790000,-0.332000,-3.893000,-3.252000,-0.931000,31.45
863294472,0.761000,-0.776000,-0.361000,-2.458000,-1.038000,-1.710000,31.40
863304839,0.759000,-0.782000,-0.348000,-1.924000,-1.374000,-2.122000,31.45
863315312,0.770000,-0.790000,-0.346000,-0.595000,-0.794000,-1.313000,31.40
863323506,0.772000,-0.786000,-0.324000,1.695000,-0.046000,-1.130000,31.45
863337494,0.791000,-0.771000,-0.286000,3.878000,1.939000,-3.557000,31.49
863348492,0.787000,-0.743000,-0.321000,4.504000,2.977000,-6.092000,31.35
863354686,0.769000,-0.773000,-0.342000,4.672000,3.496000,-8.244000,31.45
863365920,0.753000,-0.774000,-0.362000,4.595000,2.122000,-8.931000,31.45
863377777,0.742000,-0.770000,-0.358000,3.313000,0.443000,-8.870000,31.35
863385092,0.776000,-0.779000,-0.340000,3.221000,0.153000,-8.183000,31.40
863395918,0.811000,-0.806000,-0.370000,3.359000,2.565000,-8.198000,31.54
863407543,0.760000,-0.810000,-0.353000,4.061000,4.565000,-7.893000,31.49
863413440,0.782000,-0.776000,-0.334000,4.427000,4.947000,-8.641000,31.45
863424974,0.789000,-0.766000,-0.368000,3.679000,8.351000,-11.344000,31.49
863437134,0.736000,-0.754000,-0.373000,2.015000,6.840000,-12.260000,31.45
863445247,0.716000,-0.745000,-0.413000,-1.099000,4.458000,-12.656000,31.45
863454967,0.694000,-0.744000,-0.402000,-2.916000,0.809000,-10.076000,31.45
863466368,0.764000,-0.770000,-0.385000,-4.061000,-1.344000,-9.695000,31.49
863477709,0.767000,-0.743000,-0.392000,-6.092000,0.366000,-9.313000,31.49
863483214,0.783000,-0.763000,-0.356000,-7.740000,1.481000,-9.756000,31.45
863497913,0.757000,-0.764000,-0.388000,-10.198000,4.229000,-11.252000,31.49
863505948,0.743000,-0.771000,-0.332000,-10.565000,4.321000,-11.542000,31.45
863514541,0.731000,-0.761000,-0.355000,-10.000000,3.527000,-12.565000,31.40
863520805,0.698000,-0.745000,-0.372000,-11.939000,2.092000,-12.473000,31.35
863533010,0.703000,-0.751000,-0.330000,-11.649000,-0.916000,-10.550000,31.40
863547389,0.733000,-0.748000,-0.343000,-11.206000,-1.603000,-9.176000,31.45
863555975,0.738000,-0.773000,-0.331000,-11.359000,-0.412000,-7.939000,31.49
863567099,0.750000,-0.775000,-0.295000,-10.489000,1.771000,-6.687000,31.45
863579188,0.767000,-0.766000,-0.329000,-10.794000,3.771000,-7.802000,31.54
863585068,0.734000,-0.777000,-0.313000,-11.160000,6.305000,-8.351000,31.40
863595810,0.733000,-0.775000,-0.332000,-8.595000,7.313000,-9.130000,31.45
863606904,0.712000,-0.748000,-0.323000,-5.817000,6.412000,-8.733000,31.40
863615615,0.708000,-0.690000,-0.354000,-3.634000,1.328000,-7.756000,31.54
863622015,0.772000,-0.699000,-0.355000,-3.344000,1.313000,-5.725000,31.40
863634316,0.770000,-0.703000,-0.347000,-2.611000,1.878000,-4.885000,31.54
863647468,0.811000,-0.685000,-0.315000,-3.435000,3.893000,-3.771000,31.49
863657150,0.831000,-0.717000,-0.336000,-6.534000,5.924000,-6.687000,31.45
863662193,0.782000,-0.744000,-0.350000,-7.252000,10.092000,-5.069000,31.49
863677321,0.795000,-0.768000,-0.363000,-5.527000,9.939000,-7.115000,31.49
863685411,0.742000,-0.738000,-0.387000,-3.557000,7.786000,-6.748000,31.45
863700056,0.747000,-0.752000,-0.391000,-2.794000,3.679000,-6.260000,31.49
863706739,0.751000,-0.714000,-0.362000,-2.229000,0.595000,-4.641000,31.45
863716213,0.817000,-0.712000,-0.384000,-3.542000,0.427000,-4.580000,31.40
863724130,0.804000,-0.712000,-0.359000,-6.626000,1.710000,-4.580000,31.54
863731114,0.826000,-0.739000,-0.370000,-9.023000,3.771000,-6.031000,31.40
863748957,0.800000,-0.744000,-0.356000,-10.626000,4.824000,-7.344000,31.45
863757782,0.776000,-0.734000,-0.379000,-12.519000,3.786000,-7.893000,31.49
863763936,0.771000,-0.748000,-0.374000,-11.756000,1.557000,-8.595000,31.40
863775664,0.764000,-0.743000,-0.398000,-11.893000,-1.374000,-8.137000,31.45
863785661,0.765000,-0.756000,-0.406000,-13.328000,-4.870000,-7.298000,31.49
863796414,0.802000,-0.742000,-0.392000,-13.786000,-5.802000,-7.618000,31.35
863807565,0.840000,-0.739000,-0.362000,-13.939000,-5.649000,-7.573000,31.49
863813678,0.860000,-0.751000,-0.376000,-15.191000,-1.145000,-9.634000,31.54
863825169,0.844000,-0.742000,-0.397000,-17.099000,2.656000,-11.084000,31.40
863831624,0.821000,-0.764000,-0.354000,-18.580000,4.458000,-13.115000,31.45
863848903,0.811000,-0.762000,-0.382000,-17.939000,4.321000,-14.763000,31.31
863858488,0.766000,-0.743000,-0.437000,-17.924000,3.649000,-15.130000,31.49
863864518,0.766000,-0.733000,-0.426000,-19.298000,-0.397000,-14.611000,31.45
863876709,0.792000,-0.742000,-0.398000,-18.656000,-1.023000,-13.466000,31.49
863886693,0.818000,-0.729000,-0.367000,-16.779000,0.748000,-12.885000,31.45
863894172,0.894000,-0.726000,-0.347000,-18.244000,5.527000,-18.397000,31.40
863906370,0.828000,-0.696000,-0.379000,-18.947000,8.916000,-19.878000,31.45
863915030,0.826000,-0.728000,-0.330000,-17.557000,8.366000,-22.519000,31.49
863924821,0.830000,-0.727000,-0.363000,-15.450000,7.878000,-24.427000,31.26
863931961,0.787000,-0.683000,-0.368000,-13.786000,4.076000,-23.344000,31.45
863949232,0.801000,-0.673000,-0.406000,-11.496000,2.687000,-22.809000,31.49
863956467,0.842000,-0.662000,-0.419000,-11.756000,2.000000,-23.710000,31.45
863965275,0.918000,-0.734000,-0.324000,-10.031000,4.305000,-27.649000,31.40
863978478,0.895000,-0.673000,-0.341000,-9.008000,4.031000,-31.817000,31.45
863988322,0.936000,-0.712000,-0.341000,-7.634000,13.389000,-32.687000,31.49
863994948,0.875000,-0.720000,-0.367000,-7.252000,17.176000,-35.069000,31.45
864006755,0.815000,-0.688000,-0.421000,-6.290000,16.748000,-32.916000,31.40
864017185,0.803000,-0.663000,-0.408000,-6.473000,11.832000,-31.023000,31.45
864025118,0.883000,-0.666000,-0.368000,-4.656000,9.939000,-31.405000,31.45
864032276,0.865000,-0.621000,-0.380000,-4.916000,10.947000,-31.679000,31.49
864045567,0.893000,-0.664000,-0.392000,-7.420000,9.939000,-34.702000,31.45
864057862,0.904000,-0.632000,-0.422000,-10.107000,12.031000,-36.183000,31.40
864063941,0.848000,-0.642000,-0.423000,-15.008000,11.267000,-36.809000,31.45
864079078,0.861000,-0.700000,-0.415000,-13.374000,11.832000,-38.107000,31.45
864088852,0.787000,-0.626000,-0.458000,-17.160000,8.305000,-35.405000,31.35
864095706,0.850000,-0.633000,-0.410000,-19.359000,3.511000,-33.603000,31.49
864105696,0.886000,-0.621000,-0.415000,-18.916000,3.908000,-31.878000,31.49
864117344,0.902000,-0.593000,-0.446000,-19.954000,4.168000,-30.824000,31.45
864125454,0.908000,-0.609000,-0.390000,-21.466000,4.916000,-30.748000,31.40
864132450,0.920000,-0.612000,-0.407000,-20.733000,8.641000,-32.076000,31.45
864145596,0.847000,-0.604000,-0.415000,-23.145000,9.084000,-32.412000,31.40
864155173,0.828000,-0.603000,-0.411000,-23.649000,5.863000,-31.832000,31.45
864164035,0.802000,-0.568000,-0.460000,-25.756000,-0.107000,-28.076000,31.35
864179964,0.833000,-0.528000,-0.475000,-30.458000,-3.557000,-26.458000,31.45
864189789,0.915000,-0.583000,-0.433000,-31.634000,-3.679000,-26.305000,31.45
864194792,0.983000,-0.602000,-0.330000,-28.962000,-1.328000,-27.405000,31.40
864206592,1.023000,-0.607000,-0.351000,-23.908000,7.130000,-32.779000,31.45
864218096,0.943000,-0.553000,-0.348000,-21.664000,11.786000,-32.534000,31.59
864225300,0.922000,-0.572000,-0.375000,-18.626000,13.542000,-35.481000,31.54
864232396,0.811000,-0.483000,-0.482000,-18.672000,7.664000,-32.183000,31.40
864246823,0.896000,-0.522000,-0.407000,-18.977000,-0.305000,-30.336000,31.45
864256059,0.960000,-0.543000,-0.427000,-17.420000,2.336000,-30.107000,31.45
864265154,1.039000,-0.564000,-0.375000,-12.473000,5.267000,-31.115000,31.45
864276230,1.034000,-0.548000,-0.358000,-9.802000,12.947000,-31.603000,31.45
864286215,1.007000,-0.563000,-0.328000,-7.221000,20.641000,-33.237000,31.49
864296474,0.982000,-0.562000,-0.338000,-3.298000,23.130000,-33.725000,31.54
864305192,0.930000,-0.510000,-0.403000,0.824000,23.771000,-34.809000,31.49
864316611,0.885000,-0.479000,-0.456000,2.534000,18.321000,-34.198000,31.45
864325966,0.868000,-0.433000,-0.451000,1.145000,10.366000,-33.344000,31.40
864332756,0.952000,-0.409000,-0.452000,-2.412000,5.038000,-34.656000,31.45
864348651,1.011000,-0.427000,-0.429000,-5.573000,5.985000,-34.290000,31.45
864357401,1.088000,-0.506000,-0.369000,-6.076000,12.885000,-36.702000,31.49
864366902,1.056000,-0.564000,-0.344000,-2.611000,21.664000,-37.191000,31.54
864374162,0.949000,-0.506000,-0.394000,0.275000,24.427000,-35.725000,31.49
864386112,0.870000,-0.442000,-0.454000,-1.038000,19.573000,-34.595000,31.45
864395501,0.780000,-0.396000,-0.506000,-7.008000,8.473000,-29.450000,31.40
864406220,0.908000,-0.418000,-0.461000,-9.725000,-1.374000,-29.420000,31.45
864416833,0.987000,-0.412000,-0.429000,-10.275000,-0.702000,-29.420000,31.40
864424941,1.032000,-0.436000,-0.358000,-12.229000,3.588000,-29.191000,31.45
864433363,1.033000,-0.452000,-0.348000,-12.794000,12.153000,-29.939000,31.45
864448469,0.925000,-0.450000,-0.370000,-13.603000,15.771000,-26.763000,31.40
864459002,0.804000,-0.387000,-0.427000,-15.405000,7.405000,-21.649000,31.54
864467115,0.858000,-0.405000,-0.448000,-16.916000,-3.053000,-18.611000,31.40
864473858,0.839000,-0.368000,-0.453000,-18.992000,-11.191000,-14.962000,31.45
864485747,0.935000,-0.349000,-0.405000,-21.786000,-18.519000,-14.595000,31.49
864494835,1.066000,-0.407000,-0.319000,-21.649000,-13.466000,-15.710000,31.45
864505541,1.019000,-0.379000,-0.337000,-22.565000,-8.443000,-14.000000,31.49
864518490,0.976000,-0.406000,-0.369000,-25.664000,-4.336000,-12.076000,31.35
864525782,0.960000,-0.456000,-0.378000,-26.183000,0.702000,-11.710000,31.54
864532871,0.862000,-0.465000,-0.440000,-24.260000,-1.527000,-8.702000,31.40
864545304,0.868000,-0.456000,-0.416000,-22.305000,-6.107000,-6.580000,31.54
864558351,0.910000,-0.431000,-0.380000,-20.229000,-9.267000,-5.053000,31.49
864564692,1.006000,-0.426000,-0.340000,-18.244000,-7.588000,-6.702000,31.45
864574378,1.027000,-0.434000,-0.311000,-15.679000,-2.244000,-9.649000,31.40
864587938,0.977000,-0.424000,-0.353000,-14.412000,2.794000,-8.626000,31.45
864596928,0.981000,-0.432000,-0.347000,-13.145000,5.008000,-9.435000,31.40
864604887,0.924000,-0.433000,-0.410000,-11.267000,5.069000,-8.290000,31.45
864617719,0.918000,-0.424000,-0.415000,-10.168000,3.160000,-7.481000,31.45
864627111,0.958000,-0.430000,-0.395000,-9.511000,3.954000,-7.191000,31.45
864633623,1.041000,-0.450000,-0.315000,-7.939000,8.626000,-7.695000,31.45
864639451,1.042000,-0.446000,-0.318000,-4.901000,15.420000,-8.321000,31.40
864654998,1.015000,-0.445000,-0.318000,-2.519000,21.130000,-9.008000,31.45
864666557,0.975000,-0.438000,-0.353000,2.168000,22.137000,-9.664000,31.40
864674596,0.965000,-0.395000,-0.391000,6.198000,19.817000,-10.595000,31.45
864687953,0.967000,-0.381000,-0.423000,8.000000,17.130000,-12.458000,31.49
864697873,0.997000,-0.378000,-0.388000,8.458000,16.687000,-13.481000,31.54
864704451,1.081000,-0.411000,-0.336000,10.702000,18.198000,-16.168000,31.35
864715982,1.146000,-0.424000,-0.311000,15.221000,24.992000,-19.313000,31.45
864728307,1.104000,-0.437000,-0.321000,20.779000,33.267000,-19.038000,31.40
864734473,1.078000,-0.403000,-0.327000,26.275000,36.580000,-18.763000,31.40
864741547,1.079000,-0.424000,-0.335000,30.840000,38.107000,-17.588000,31.45
864759616,0.917000,-0.298000,-0.448000,27.023000,34.534000,-11.985000,31.40
864767037,1.014000,-0.363000,-0.379000,23.252000,28.305000,-12.504000,31.54
864773453,1.001000,-0.297000,-0.436000,17.802000,26.733000,-11.221000,31.49
864788775,1.026000,-0.342000,-0.365000,10.168000,25.435000,-10.198000,31.45
864795272,1.082000,-0.451000,-0.296000,12.153000,28.366000,-13.603000,31.49
864806231,1.015000,-0.438000,-0.306000,16.076000,30.718000,-14.550000,31.35
864813129,0.953000,-0.418000,-0.326000,14.489000,27.145000,-11.863000,31.40
864823623,0.906000,-0.367000,-0.359000,12.702000,20.000000,-8.336000,31.45
864835322,0.883000,-0.330000,-0.406000,7.802000,10.107000,-3.832000,31.49
864842511,0.908000,-0.352000,-0.388000,2.687000,1.939000,-1.939000,31.40
864855795,0.956000,-0.326000,-0.364000,-0.794000,-4.916000,-1.664000,31.45
864866066,1.046000,-0.322000,-0.330000,-4.870000,-6.595000,-2.244000,31.40
864874086,1.039000,-0.385000,-0.313000,-7.466000,-3.237000,-1.817000,31.35
864884936,0.976000,-0.392000,-0.325000,-9.145000,-4.885000,0.794000,31.40
864895921,0.967000,-0.409000,-0.324000,-9.893000,-8.519000,2.504000,31.45
864905546,0.927000,-0.397000,-0.355000,-10.672000,-13.405000,6.321000,31.40
864917276,0.904000,-0.391000,-0.394000,-11.344000,-19.237000,11.252000,31.35
864928985,0.929000,-0.353000,-0.367000,-10.809000,-27.786000,15.466000,31.40
864931454,1.026000,-0.341000,-0.359000,-11.786000,-33.237000,14.580000,31.54
864942905,1.084000,-0.352000,-0.379000,-15.160000,-28.641000,12.626000,31.40
864956069,1.041000,-0.376000,-0.351000,-18.168000,-26.443000,14.397000,31.49
864965260,1.086000,-0.393000,-0.329000,-18.916000,-22.443000,14.168000,31.35
864974504,1.016000,-0.392000,-0.407000,-19.893000,-21.756000,15.221000,31.40
864985926,0.993000,-0.413000,-0.447000,-21.252000,-21.267000,13.847000,31.35
864996655,0.890000,-0.374000,-0.488000,-24.779000,-27.267000,17.542000,31.49
865005032,1.031000,-0.416000,-0.432000,-25.863000,-35.527000,15.664000,31.54
865019550,1.091000,-0.429000,-0.392000,-24.137000,-31.740000,14.015000,31.40
865024499,1.095000,-0.409000,-0.453000,-25.328000,-28.672000,11.313000,31.45
865035808,1.097000,-0.427000,-0.454000,-28.427000,-21.115000,6.733000,31.40
865042550,0.976000,-0.428000,-0.454000,-33.786000,-22.183000,7.328000,31.45
865055908,1.009000,-0.476000,-0.428000,-31.450000,-23.985000,6.092000,31.45
865067807,0.860000,-0.351000,-0.602000,-37.878000,-32.000000,8.977000,31.49
865076030,0.955000,-0.367000,-0.517000,-44.031000,-39.847000,12.198000,31.45
865085986,1.110000,-0.477000,-0.408000,-43.969000,-35.313000,8.443000,31.49
865097017,1.080000,-0.469000,-0.399000,-41.145000,-26.397000,5.649000,31.35
865104807,1.065000,-0.454000,-0.422000,-37.298000,-21.420000,3.481000,31.40
865115255,1.008000,-0.426000,-0.471000,-37.038000,-17.893000,3.634000,31.45
865127076,0.949000,-0.395000,-0.508000,-32.412000,-18.122000,5.313000,31.49
865135330,0.846000,-0.306000,-0.569000,-38.626000,-26.794000,7.511000,31.54
865142870,0.958000,-0.359000,-0.520000,-39.908000,-29.176000,8.489000,31.45
865158086,1.024000,-0.379000,-0.444000,-38.733000,-28.641000,9.954000,31.49
865168947,1.074000,-0.408000,-0.421000,-35.405000,-23.023000,11.237000,31.45
865176080,1.098000,-0.482000,-0.447000,-27.328000,-10.305000,8.916000,31.40
865183263,1.014000,-0.451000,-0.410000,-20.031000,-3.038000,8.565000,31.35
865195834,1.043000,-0.426000,-0.427000,-10.641000,-0.947000,7.053000,31.40
865206256,1.003000,-0.403000,-0.458000,-4.000000,2.061000,4.473000,31.45
865215536,0.981000,-0.426000,-0.519000,-2.748000,2.397000,3.786000,31.40
865226676,1.031000,-0.349000,-0.468000,-2.595000,3.344000,5.160000,31.45
865234442,1.083000,-0.338000,-0.472000,-6.137000,4.672000,5.954000,31.45
865244207,1.104000,-0.429000,-0.420000,-3.466000,14.580000,2.672000,31.45
865251557,1.054000,-0.401000,-0.460000,2.595000,15.542000,0.366000,31.45
865265995,1.037000,-0.415000,-0.512000,6.092000,17.496000,-4.137000,31.40
865275720,0.999000,-0.460000,-0.444000,11.221000,16.473000,-9.496000,31.45
865285757,0.991000,-0.316000,-0.558000,9.359000,12.412000,-13.282000,31.49
865298487,1.022000,-0.329000,-0.527000,2.672000,11.267000,-16.595000,31.45
865303739,1.093000,-0.411000,-0.460000,0.870000,12.122000,-19.756000,31.49
865315499,1.099000,-0.389000,-0.507000,0.733000,18.733000,-19.649000,31.45
865324366,1.074000,-0.430000,-0.490000,2.672000,20.229000,-21.313000,31.45
865334376,1.057000,-0.461000,-0.501000,4.641000,23.985000,-24.137000,31.45
865345799,0.955000,-0.411000,-0.520000,5.328000,21.023000,-23.237000,31.40
865352884,0.973000,-0.348000,-0.575000,0.244000,14.351000,-22.000000,31.45
865366010,0.962000,-0.389000,-0.567000,-4.092000,10.382000,-23.603000,31.45
865374803,0.996000,-0.394000,-0.554000,-7.221000,3.878000,-23.267000,31.40
865385456,1.022000,-0.400000,-0.558000,-11.084000,3.160000,-23.924000,31.45
865397898,1.054000,-0.423000,-0.521000,-15.008000,5.191000,-23.115000,31.40
865404128,1.067000,-0.458000,-0.493000,-17.924000,9.634000,-21.481000,31.45
865415253,1.012000,-0.480000,-0.500000,-20.290000,13.573000,-20.458000,31.40
865426026,0.940000,-0.444000,-0.529000,-23.160000,9.756000,-18.809000,31.45
865434335,0.954000,-0.439000,-0.521000,-23.511000,4.397000,-18.824000,31.40
865440829,0.974000,-0.401000,-0.551000,-22.901000,-2.275000,-19.649000,31.45
865452760,0.962000,-0.373000,-0.556000,-25.328000,-6.656000,-20.153000,31.49
865467340,1.026000,-0.376000,-0.478000,-29.160000,-9.817000,-23.282000,31.49
865474726,1.125000,-0.356000,-0.502000,-32.794000,-3.527000,-25.481000,31.45
865488036,1.051000,-0.399000,-0.491000,-35.527000,3.893000,-27.878000,31.40
865504319,0.973000,-0.384000,-0.520000,-37.420000,4.336000,-29.191000,31.45
865506640,0.874000,-0.324000,-0.590000,-42.443000,-2.321000,-26.641000,31.40
865516657,1.003000,-0.360000,-0.496000,-47.863000,-9.649000,-28.366000,31.45
865525779,1.089000,-0.418000,-0.467000,-46.580000,-6.962000,-31.954000,31.49
865536565,1.080000,-0.390000,-0.500000,-45.802000,-3.756000,-33.069000,31.35
865545712,1.088000,-0.360000,-0.491000,-46.824000,0.840000,-34.885000,31.40
865552893,1.066000,-0.378000,-0.483000,-45.969000,4.840000,-37.374000,31.35
865569279,0.970000,-0.268000,-0.539000,-47.847000,3.435000,-36.809000,31.49
865575789,0.997000,-0.255000,-0.527000,-49.191000,0.519000,-38.336000,31.40
865584771,1.083000,-0.252000,-0.461000,-46.840000,-1.817000,-39.481000,31.35
865593296,1.180000,-0.279000,-0.484000,-41.771000,3.634000,-45.527000,31.49
865603877,1.108000,-0.209000,-0.528000,-38.947000,9.313000,-49.466000,31.45
865614992,1.122000,-0.234000,-0.464000,-38.794000,10.992000,-49.450000,31.49
865625820,1.134000,-0.210000,-0.480000,-37.069000,14.931000,-50.809000,31.45
865635330,1.130000,-0.227000,-0.476000,-34.366000,20.550000,-51.664000,31.49
865645647,1.063000,-0.201000,-0.491000,-30.122000,21.511000,-51.893000,31.45
865652530,1.149000,-0.193000,-0.429000,-28.107000,25.664000,-54.550000,31.49
865668486,1.243000,-0.229000,-0.372000,-20.260000,35.099000,-60.458000,31.45
865675695,1.135000,-0.122000,-0.428000,-15.695000,40.244000,-59.511000,31.45
865684737,1.156000,-0.190000,-0.425000,-12.840000,43.053000,-63.573000,31.49
865697508,0.989000,-0.123000,-0.489000,-7.023000,42.412000,-63.099000,31.45
865707558,0.984000,-0.055000,-0.497000,-9.863000,33.130000,-61.695000,31.40
865714989,1.079000,-0.094000,-0.439000,-9.985000,28.321000,-64.122000,31.35
865727520,1.087000,-0.039000,-0.426000,-7.679000,26.855000,-63.756000,31.40
865735435,1.174000,-0.013000,-0.396000,-10.992000,28.336000,-67.328000,31.45
865745452,1.178000,-0.071000,-0.422000,-11.466000,36.397000,-68.870000,31.40
865752260,1.074000,-0.058000,-0.451000,-10.672000,36.885000,-66.214000,31.54
865766943,0.994000,-0.056000,-0.497000,-13.450000,34.580000,-63.924000,31.45
865776645,0.948000,-0.046000,-0.499000,-17.557000,27.878000,-61.145000,31.45
865784508,1.060000,-0.116000,-0.364000,-15.924000,22.137000,-61.023000,31.35
865797741,1.026000,-0.060000,-0.475000,-10.290000,21.328000,-63.191000,31.49
865807731,0.910000,0.041000,-0.568000,-13.527000,16.992000,-61.756000,31.54
865814859,0.960000,0.024000,-0.480000,-19.695000,7.740000,-59.817000,31.49
865826137,1.043000,0.043000,-0.474000,-24.397000,5.313000,-58.031000,31.45
865836495,0.964000,0.103000,-0.475000,-32.870000,3.221000,-54.595000,31.40
865845793,0.974000,0.038000,-0.445000,-41.069000,-2.260000,-51.603000,31.45
865852596,0.947000,-0.013000,-0.478000,-43.771000,-5.511000,-46.840000,31.54
865864662,0.932000,-0.057000,-0.458000,-42.809000,-7.069000,-44.366000,31.45
865876131,0.887000,-0.043000,-0.469000,-39.878000,-12.229000,-41.771000,31.49
865884478,0.881000,0.075000,-0.488000,-42.458000,-18.183000,-38.687000,31.49
865897931,0.857000,0.104000,-0.543000,-53.847000,-22.748000,-36.015000,31.45
865904212,0.883000,0.053000,-0.455000,-61.542000,-24.641000,-30.580000,31.49
865914987,0.937000,0.050000,-0.491000,-68.427000,-22.092000,-26.229000,31.45
865926357,0.883000,-0.042000,-0.461000,-70.855000,-17.542000,-18.855000,31.49
865935889,0.831000,-0.027000,-0.439000,-67.374000,-21.237000,-11.176000,31.45
865945057,0.841000,0.060000,-0.450000,-67.924000,-25.847000,-4.046000,31.35
865951888,0.919000,-0.016000,-0.295000,-65.863000,-27.160000,-3.099000,31.45
865965455,0.883000,0.136000,-0.363000,-61.908000,-30.351000,-1.221000,31.49
865976937,1.034000,0.203000,-0.411000,-65.053000,-26.962000,-2.473000,31.45
865985481,1.044000,0.113000,-0.412000,-66.061000,-16.382000,-4.412000,31.45
865997914,0.975000,0.164000,-0.406000,-64.031000,-16.382000,1.679000,31.40
866007357,1.084000,0.216000,-0.375000,-62.427000,-14.870000,1.954000,31.45
866016025,1.066000,0.259000,-0.446000,-61.252000,-16.718000,-0.198000,31.40
866025288,1.099000,0.236000,-0.373000,-56.031000,-19.496000,0.473000,31.45
866035468,1.274000,0.168000,-0.306000,-45.588000,-13.008000,-4.275000,31.40
866045809,1.311000,0.170000,-0.298000,-35.557000,0.427000,-6.809000,31.45
866052674,1.349000,0.104000,-0.318000,-24.153000,13.786000,-10.580000,31.40
866067095,1.247000,0.177000,-0.375000,-13.832000,28.885000,-12.656000,31.45
866076465,1.143000,0.192000,-0.389000,-8.824000,32.656000,-15.496000,31.49
866086432,1.216000,0.243000,-0.457000,-4.351000,46.107000,-13.008000,31.54
866093168,1.201000,0.229000,-0.445000,1.405000,34.626000,-19.817000,31.45
866106580,1.192000,0.270000,-0.408000,3.740000,37.435000,-23.527000,31.40
866115945,1.236000,0.302000,-0.380000,5.588000,39.130000,-27.221000,31.45
866126287,1.251000,0.281000,-0.391000,6.214000,47.511000,-30.489000,31.40
866136016,1.181000,0.181000,-0.371000,7.450000,51.099000,-33.771000,31.35
866143924,1.096000,0.184000,-0.399000,10.427000,50.565000,-34.489000,31.40
866154044,1.043000,0.218000,-0.442000,10.702000,44.550000,-35.588000,31.45
866161045,1.030000,0.244000,-0.495000,9.908000,38.931000,-37.618000,31.49
866177319,1.061000,0.266000,-0.447000,4.473000,32.229000,-40.168000,31.45
866188121,1.208000,0.160000,-0.355000,4.473000,33.069000,-46.122000,31.40
866194893,1.170000,0.217000,-0.368000,7.573000,35.542000,-48.351000,31.40
866206456,1.119000,0.194000,-0.388000,4.214000,35.542000,-48.092000,31.45
866214272,1.086000,0.096000,-0.349000,5.115000,34.244000,-47.176000,31.49
866225156,1.023000,0.215000,-0.429000,5.908000,28.305000,-45.863000,31.45
866236721,0.994000,0.249000,-0.448000,0.840000,21.679000,-42.672000,31.31
866246802,1.023000,0.251000,-0.438000,-6.015000,16.412000,-42.092000,31.35
866251117,1.094000,0.234000,-0.303000,-9.695000,11.847000,-42.626000,31.31
866262874,1.232000,0.241000,-0.289000,-10.153000,15.878000,-45.389000,31.45
866275387,1.112000,0.211000,-0.333000,-12.718000,23.389000,-45.817000,31.45
866290758,0.992000,0.207000,-0.347000,-13.008000,20.992000,-44.305000,31.49
866296132,0.960000,0.252000,-0.395000,-14.473000,11.450000,-40.153000,31.45
866305375,0.816000,0.349000,-0.570000,-19.099000,-2.244000,-35.771000,31.40
866317520,0.836000,0.401000,-0.548000,-32.458000,-18.122000,-30.489000,31.54
866326154,1.111000,0.278000,-0.375000,-39.679000,-26.962000,-31.832000,31.40
866336461,1.208000,0.298000,-0.420000,-41.725000,-17.969000,-32.870000,31.45
866346270,1.143000,0.239000,-0.384000,-43.802000,-7.847000,-35.099000,31.40
866354472,1.000000,0.208000,-0.426000,-43.221000,-6.336000,-34.504000,31.40
866362765,0.941000,0.154000,-0.402000,-44.641000,-4.672000,-26.809000,31.45
866378482,0.881000,0.219000,-0.472000,-44.977000,-6.382000,-22.336000,31.49
866388599,0.836000,0.320000,-0.466000,-50.412000,-12.931000,-18.092000,31.45
866396945,0.982000,0.338000,-0.372000,-55.298000,-16.229000,-16.580000,31.40
866403279,1.104000,0.374000,-0.383000,-58.824000,-9.542000,-18.977000,31.45
866416036,1.011000,0.296000,-0.387000,-60.931000,-0.901000,-17.435000,31.40
866426067,0.882000,0.290000,-0.385000,-59.603000,-1.908000,-12.046000,31.45
866434181,0.888000,0.315000,-0.362000,-65.130000,-3.344000,-7.634000,31.40
866445408,0.838000,0.199000,-0.343000,-67.038000,-3.053000,-3.481000,31.45
866455309,0.760000,0.208000,-0.357000,-63.374000,-6.809000,5.328000,31.45
866463268,0.795000,0.308000,-0.378000,-60.763000,-12.595000,10.992000,31.49
866475552,0.954000,0.356000,-0.273000,-62.580000,-9.481000,10.779000,31.54
866489372,1.104000,0.350000,-0.222000,-58.672000,2.076000,5.863000,31.49
866498043,1.006000,0.572000,-0.360000,-59.557000,9.878000,4.244000,31.45
866504119,0.943000,0.579000,-0.332000,-69.863000,10.198000,2.824000,31.49
866516614,0.995000,0.579000,-0.351000,-73.282000,9.328000,0.366000,31.45
866524391,1.029000,0.566000,-0.385000,-77.756000,8.901000,-1.725000,31.49
866534559,1.112000,0.494000,-0.274000,-73.389000,7.069000,-7.191000,31.45
866545992,1.208000,0.500000,-0.198000,-64.183000,9.939000,-16.550000,31.45
866556103,1.307000,0.534000,-0.162000,-56.183000,22.290000,-22.947000,31.49
866564990,1.307000,0.517000,-0.115000,-45.664000,32.229000,-28.458000,31.45
866572099,1.290000,0.534000,-0.154000,-36.443000,44.550000,-33.038000,31.40
866588864,1.197000,0.620000,-0.205000,-35.008000,52.947000,-33.878000,31.35
866600211,1.222000,0.562000,-0.154000,-35.069000,55.847000,-36.351000,31.40
866604987,1.185000,0.503000,-0.131000,-30.489000,61.389000,-36.672000,31.35
866619204,1.167000,0.395000,-0.084000,-22.855000,64.702000,-38.031000,31.49
866627408,1.124000,0.350000,-0.088000,-12.153000,71.374000,-38.458000,31.45
866635195,1.095000,0.348000,-0.006000,-2.061000,74.595000,-38.458000,31.49
866647891,1.126000,0.345000,0.032000,6.947000,82.321000,-43.237000,31.40
866655234,1.024000,0.405000,-0.045000,16.595000,84.855000,-43.298000,31.45
866662506,0.910000,0.566000,-0.174000,16.489000,79.542000,-43.618000,31.49
866673217,0.783000,0.545000,-0.249000,8.412000,69.176000,-40.687000,31.45
866686387,0.807000,0.547000,-0.216000,2.687000,53.282000,-40.748000,31.49
866696781,0.824000,0.454000,-0.182000,-4.290000,44.229000,-39.237000,31.45
866706795,0.831000,0.412000,-0.103000,-6.855000,35.985000,-37.847000,31.40
866714277,0.927000,0.285000,0.005000,-2.122000,34.855000,-35.893000,31.45
866726628,0.875000,0.343000,-0.075000,3.053000,35.939000,-33.618000,31.40
866735973,0.715000,0.397000,-0.173000,-1.954000,29.908000,-27.466000,31.40
866746004,0.650000,0.428000,-0.194000,-7.405000,15.573000,-20.168000,31.45
866756364,0.686000,0.510000,-0.218000,-17.069000,1.252000,-13.802000,31.49
866764556,0.748000,0.494000,-0.164000,-24.992000,-11.099000,-6.748000,31.45
866774274,0.906000,0.480000,-0.075000,-28.733000,-16.153000,-3.679000,31.49
866781076,0.959000,0.423000,-0.021000,-26.550000,-12.260000,-2.031000,31.54
866799388,0.894000,0.455000,-0.062000,-24.031000,-11.237000,2.412000,31.31
866805464,0.756000,0.495000,-0.099000,-24.687000,-18.534000,7.664000,31.45
866816209,0.737000,0.543000,-0.119000,-27.053000,-31.038000,15.756000,31.49
866827644,0.830000,0.554000,-0.084000,-28.626000,-42.244000,20.214000,31.35
866837627,0.894000,0.543000,-0.061000,-27.221000,-47.145000,22.336000,31.54
866845052,0.930000,0.588000,-0.057000,-24.519000,-49.038000,24.794000,31.40
866856156,0.971000,0.587000,-0.019000,-22.534000,-48.855000,27.160000,31.45
866866906,1.023000,0.544000,0.049000,-19.130000,-44.153000,27.374000,31.40
866874792,0.981000,0.519000,0.056000,-12.183000,-38.641000,29.771000,31.45
866881793,0.926000,0.531000,-0.000000,-6.626000,-37.893000,35.176000,31.40
866898816,0.930000,0.504000,0.049000,-0.031000,-37.069000,39.573000,31.45
866906356,0.946000,0.522000,0.031000,7.206000,-36.809000,42.229000,31.49
866914637,0.916000,0.505000,0.034000,13.237000,-36.489000,46.137000,31.35
866928480,0.949000,0.445000,0.039000,19.573000,-35.038000,48.641000,31.45
866938518,0.942000,0.391000,0.071000,28.336000,-31.481000,52.611000,31.40
866945708,0.974000,0.358000,0.101000,39.053000,-26.611000,56.061000,31.45
866957386,0.966000,0.409000,0.056000,49.298000,-20.626000,59.389000,31.40
866965839,0.938000,0.423000,0.002000,57.557000,-18.412000,61.954000,31.35
866972295,0.890000,0.420000,-0.049000,63.328000,-19.802000,64.107000,31.49
866983986,0.859000,0.413000,-0.078000,67.618000,-23.863000,67.282000,31.45
866997394,0.933000,0.294000,-0.049000,72.870000,-25.863000,70.397000,31.49
867007651,0.990000,0.233000,0.016000,84.550000,-22.015000,73.832000,31.45
867016119,1.026000,0.213000,0.012000,93.985000,-13.008000,78.107000,31.45
867024478,0.962000,0.241000,-0.075000,103.740000,-7.008000,82.519000,31.40
867035719,0.970000,0.256000,-0.082000,108.656000,-2.351000,86.947000,31.45
867041976,0.941000,0.243000,-0.116000,111.786000,-1.282000,91.374000,31.40
867055615,0.941000,0.197000,-0.180000,114.656000,-3.053000,96.168000,31.35
867067098,0.919000,0.206000,-0.194000,118.290000,-5.435000,103.099000,31.40
867073203,0.952000,0.165000,-0.191000,115.267000,-7.069000,105.405000,31.45
867084812,0.961000,0.075000,-0.136000,117.573000,-5.252000,109.924000,31.49
867097507,0.984000,0.105000,-0.193000,122.824000,-4.855000,114.275000,31.54
867112925,0.940000,0.117000,-0.223000,122.656000,-1.847000,116.641000,31.45
867115933,0.889000,0.130000,-0.272000,120.504000,-10.031000,121.145000,31.40
867125863,0.962000,0.011000,-0.290000,118.748000,-15.160000,121.756000,31.45
867137591,0.933000,-0.164000,-0.231000,126.840000,-17.542000,125.405000,31.49
867143284,0.949000,-0.044000,-0.290000,130.183000,-22.580000,126.092000,31.45
867155290,0.919000,-0.055000,-0.341000,129.618000,-25.282000,128.565000,31.49
867165919,0.854000,-0.099000,-0.351000,126.702000,-31.817000,136.641000,31.45
867174288,1.017000,-0.153000,-0.319000,123.221000,-30.977000,135.939000,31.49
867184148,1.010000,-0.288000,-0.314000,124.748000,-25.420000,136.992000,31.45
867189772,0.862000,-0.318000,-0.193000,131.313000,-23.099000,143.313000,31.35
867206722,0.948000,-0.299000,-0.291000,134.595000,-21.573000,142.122000,31.49
867217034,0.974000,-0.356000,-0.314000,137.130000,-23.328000,143.557000,31.45
867224875,0.813000,-0.245000,-0.447000,136.763000,-33.374000,151.893000,31.31
867236552,0.871000,-0.207000,-0.455000,130.931000,-45.038000,155.481000,31.35
867245695,0.942000,-0.212000,-0.397000,125.282000,-50.672000,156.290000,31.40
867257041,1.012000,-0.342000,-0.528000,131.130000,-50.977000,166.214000,31.35
867266888,0.981000,-0.334000,-0.365000,116.168000,-44.305000,154.947000,31.40
867277456,0.980000,-0.324000,-0.391000,116.916000,-47.557000,149.573000,31.45
867282461,0.922000,-0.336000,-0.470000,112.305000,-48.977000,150.748000,31.35
867295898,0.840000,-0.411000,-0.465000,106.443000,-56.321000,153.374000,31.40
867309071,0.838000,-0.508000,-0.507000,101.389000,-68.702000,156.870000,31.35
867315748,0.901000,-0.644000,-0.418000,98.000000,-71.160000,160.931000,31.40
867325733,0.880000,-0.596000,-0.415000,99.603000,-74.015000,163.328000,31.35
867338098,0.960000,-0.638000,-0.420000,91.664000,-69.511000,160.656000,31.40
867349072,1.034000,-0.705000,-0.386000,100.473000,-55.176000,156.351000,31.35
867353763,0.948000,-0.781000,-0.346000,102.519000,-45.939000,153.160000,31.49
867365658,0.737000,-0.681000,-0.491000,102.641000,-45.557000,156.244000,31.49
867376936,0.620000,-0.597000,-0.571000,97.298000,-61.893000,159.206000,31.35
867383133,0.719000,-0.759000,-0.462000,85.298000,-69.710000,159.664000,31.40
867393849,0.750000,-0.811000,-0.440000,79.588000,-74.351000,159.588000,31.45
867405667,0.766000,-0.861000,-0.397000,75.115000,-72.122000,156.427000,31.49
867417942,0.744000,-0.924000,-0.352000,71.328000,-65.450000,152.702000,31.45
867425629,0.632000,-0.885000,-0.443000,68.000000,-67.237000,153.221000,31.40
867434799,0.617000,-0.907000,-0.502000,59.206000,-71.038000,150.992000,31.45
867444781,0.495000,-0.938000,-0.487000,49.908000,-76.962000,152.855000,31.45
867455532,0.535000,-1.039000,-0.447000,46.595000,-82.046000,153.634000,31.40
867466421,0.712000,-1.167000,-0.419000,49.450000,-76.061000,146.000000,31.54
867476372,0.676000,-1.128000,-0.354000,54.504000,-59.985000,138.534000,31.40
867484365,0.652000,-1.031000,-0.420000,55.374000,-44.366000,134.580000,31.45
867493256,0.575000,-1.130000,-0.390000,58.870000,-39.786000,129.115000,31.31
867508512,0.527000,-0.958000,-0.457000,53.481000,-41.206000,131.863000,31.45
867523026,0.470000,-0.990000,-0.484000,48.840000,-46.748000,133.053000,31.40
867529221,0.503000,-0.969000,-0.458000,41.496000,-47.893000,125.573000,31.40
867535131,0.540000,-1.107000,-0.397000,46.916000,-53.679000,122.626000,31.45
867548638,0.587000,-1.136000,-0.274000,51.802000,-43.664000,121.160000,31.40
867558374,0.589000,-1.062000,-0.317000,58.198000,-36.000000,114.840000,31.45
867564734,0.577000,-1.126000,-0.344000,61.939000,-27.496000,109.405000,31.40
867577474,0.481000,-1.052000,-0.372000,61.573000,-20.046000,109.267000,31.35
867586906,0.498000,-1.080000,-0.346000,63.588000,-17.130000,108.427000,31.40
867593588,0.506000,-1.098000,-0.363000,64.580000,-11.893000,105.695000,31.35
867605085,0.526000,-1.123000,-0.294000,67.802000,-2.931000,107.695000,31.40
867620276,0.527000,-1.139000,-0.286000,73.237000,9.878000,105.115000,31.35
867633259,0.439000,-1.094000,-0.264000,76.473000,18.214000,100.275000,31.35
867638524,0.307000,-1.013000,-0.358000,76.046000,16.061000,100.366000,31.40
867645637,0.311000,-1.048000,-0.269000,76.290000,10.107000,102.366000,31.35
867657218,0.502000,-1.058000,-0.317000,75.588000,29.542000,96.748000,31.40
867665266,0.188000,-1.046000,-0.270000,76.305000,24.702000,99.237000,31.45
867675322,0.265000,-0.936000,-0.311000,60.840000,26.153000,105.618000,31.40
867689011,0.374000,-1.147000,-0.239000,57.374000,32.595000,95.160000,31.35
867698015,0.228000,-1.104000,-0.292000,57.023000,39.939000,89.603000,31.40
867705703,0.162000,-1.187000,-0.280000,53.481000,38.092000,91.298000,31.45
867713351,0.037000,-1.180000,-0.159000,65.053000,25.145000,98.626000,31.45
867725632,0.098000,-1.074000,-0.216000,63.924000,16.763000,98.321000,31.40
867734656,0.236000,-1.130000,-0.199000,54.702000,15.878000,87.527000,31.35
867745066,0.192000,-1.138000,-0.167000,54.870000,25.496000,91.160000,31.40
867755701,0.172000,-1.093000,-0.154000,52.519000,27.038000,95.206000,31.35
867771211,0.200000,-1.148000,-0.137000,48.046000,30.824000,86.397000,31.31
867776030,0.166000,-1.114000,-0.214000,46.885000,31.618000,79.832000,31.35
867783954,0.094000,-1.069000,-0.176000,42.015000,23.191000,78.275000,31.49
867795070,0.111000,-1.052000,-0.155000,33.466000,15.344000,76.366000,31.45
867804794,0.207000,-1.095000,-0.038000,34.061000,15.649000,77.740000,31.40
867813766,0.194000,-1.102000,-0.072000,32.794000,19.573000,75.664000,31.40
867820911,0.145000,-1.107000,-0.079000,29.863000,21.863000,67.878000,31.35
867838781,0.107000,-1.135000,-0.074000,28.015000,19.725000,64.015000,31.40
867845544,0.144000,-1.146000,-0.060000,27.878000,20.473000,61.252000,31.45
867855086,0.115000,-1.127000,-0.076000,24.916000,19.496000,54.168000,31.40
867868643,0.077000,-1.082000,-0.059000,23.573000,22.092000,54.137000,31.45
867875651,0.140000,-1.090000,-0.037000,20.733000,20.000000,49.496000,31.40
867885520,0.086000,-1.079000,-0.038000,21.588000,21.664000,45.374000,31.35
867895864,0.059000,-1.075000,-0.041000,21.008000,21.099000,42.473000,31.31
867903804,0.089000,-1.053000,-0.036000,20.015000,22.885000,39.191000,31.35
867915188,0.068000,-1.079000,-0.024000,20.076000,23.160000,35.420000,31.35
867922077,0.047000,-1.082000,-0.022000,23.649000,26.473000,32.718000,31.40
867936342,-0.007000,-1.072000,-0.041000,25.359000,26.534000,28.061000,31.45
867944391,-0.066000,-1.026000,0.004000,25.725000,21.695000,26.046000,31.40
867954857,-0.024000,-1.038000,0.027000,23.252000,21.374000,22.855000,31.35
867965668,-0.097000,-0.986000,0.108000,20.000000,17.618000,27.282000,31.40
867975896,0.023000,-1.052000,0.001000,28.534000,25.176000,23.954000,31.45
867984820,-0.052000,-0.984000,0.050000,23.420000,24.565000,21.206000,31.40
867996013,-0.043000,-1.026000,-0.009000,28.061000,29.115000,23.237000,31.35
868006668,-0.132000,-1.012000,0.058000,22.901000,21.969000,18.473000,31.35
868015112,-0.096000,-0.949000,0.045000,24.947000,21.649000,17.252000,31.35
868023134,-0.111000,-0.917000,0.059000,20.947000,19.084000,18.489000,31.35
868037935,-0.079000,-0.925000,0.033000,17.725000,15.771000,17.008000,31.49
868048295,-0.135000,-0.976000,0.051000,16.901000,14.183000,16.092000,31.45
868058690,-0.100000,-0.994000,0.078000,16.382000,14.885000,16.366000,31.49
868063746,-0.099000,-0.992000,0.062000,15.557000,15.771000,14.656000,31.45
868077992,-0.054000,-1.200000,0.167000,25.252000,15.740000,10.733000,31.40
868088316,-0.142000,-0.928000,0.015000,20.931000,18.565000,11.908000,31.35
868095583,-0.085000,-0.956000,0.083000,15.267000,16.137000,11.496000,31.26
868108787,-0.057000,-1.052000,0.081000,20.275000,18.580000,9.832000,31.35
868117100,-0.079000,-0.949000,-0.004000,17.450000,19.176000,12.092000,31.45
868124528,-0.095000,-1.021000,0.059000,21.695000,16.626000,10.779000,31.40
868131359,-0.117000,-1.011000,0.072000,25.435000,19.710000,8.076000,31.45
868145638,-0.088000,-1.017000,0.100000,29.511000,19.893000,9.603000,31.31
868155745,-0.121000,-0.979000,0.087000,27.481000,19.191000,11.664000,31.35
868164396,-0.091000,-0.991000,0.088000,31.588000,22.718000,11.374000,31.49
868180124,-0.109000,-0.964000,0.100000,34.473000,24.107000,12.977000,31.45
868185142,-0.167000,-0.923000,0.139000,27.634000,21.099000,11.374000,31.35
868195769,-0.108000,-0.959000,0.091000,27.847000,21.084000,7.786000,31.45
868208525,-0.211000,-0.910000,0.112000,23.908000,19.237000,11.878000,31.45
868216192,-0.126000,-0.963000,0.092000,24.565000,21.786000,12.794000,31.49
868225606,-0.176000,-0.984000,0.147000,25.252000,20.824000,11.145000,31.35
868232578,-0.172000,-0.927000,0.162000,25.588000,22.595000,11.756000,31.40
868247797,-0.148000,-0.912000,0.119000,23.389000,25.893000,11.725000,31.45
868257296,-0.196000,-0.922000,0.146000,19.817000,20.656000,10.595000,31.31
868267899,-0.242000,-0.930000,0.127000,18.504000,13.527000,7.985000,31.35
868274813,-0.223000,-0.879000,0.082000,14.092000,11.939000,9.145000,31.45
868289522,-0.178000,-0.920000,0.097000,13.802000,9.954000,12.840000,31.45
868298398,-0.147000,-0.909000,0.131000,12.290000,9.832000,10.473000,31.40
868303888,-0.138000,-0.938000,0.132000,10.870000,9.008000,8.595000,31.40
868316888,-0.171000,-0.925000,0.157000,9.771000,8.916000,9.130000,31.45
868322810,-0.170000,-0.931000,0.127000,9.679000,9.847000,9.649000,31.40
868334935,-0.161000,-0.942000,0.136000,8.504000,8.702000,7.221000,31.45
868342113,-0.203000,-0.898000,0.126000,4.000000,6.504000,8.122000,31.40
868358616,-0.191000,-0.926000,0.113000,2.015000,4.748000,7.267000,31.45
868368437,-0.186000,-0.925000,0.141000,2.458000,3.176000,7.328000,31.54
868374507,-0.171000,-0.908000,0.145000,2.275000,2.809000,7.237000,31.45
868385659,-0.190000,-0.890000,0.118000,1.542000,4.076000,7.420000,31.40
868398445,-0.162000,-0.901000,0.153000,2.321000,5.969000,8.397000,31.35
868403584,-0.174000,-0.920000,0.134000,2.443000,6.687000,9.237000,31.45
868415176,-0.182000,-0.903000,0.137000,0.290000,6.885000,6.031000,31.40
868425930,-0.220000,-0.907000,0.132000,-3.023000,4.687000,5.328000,31.45
868434099,-0.219000,-0.920000,0.157000,-4.641000,0.992000,5.252000,31.49
868445448,-0.192000,-0.923000,0.163000,-4.336000,2.000000,5.053000,31.35
868452509,-0.189000,-0.907000,0.152000,-2.733000,4.275000,6.763000,31.40
868466148,-0.174000,-0.909000,0.165000,-2.153000,4.641000,5.313000,31.45
868472833,-0.188000,-0.920000,0.170000,-2.198000,5.542000,4.382000,31.40
868484731,-0.210000,-0.899000,0.168000,-2.214000,5.069000,6.672000,31.35
868497574,-0.198000,-0.900000,0.147000,-3.160000,5.023000,6.824000,31.45
868506570,-0.213000,-0.918000,0.150000,-3.893000,3.008000,5.924000,31.40
868514537,-0.231000,-0.913000,0.157000,-4.107000,2.244000,6.092000,31.54
868525499,-0.217000,-0.925000,0.148000,-4.947000,0.687000,6.489000,31.31
868530495,-0.185000,-0.940000,0.167000,-3.740000,1.084000,7.191000,31.45
868542996,-0.191000,-0.913000,0.149000,-3.435000,4.443000,7.618000,31.49
868555550,-0.222000,-0.889000,0.153000,-1.603000,3.725000,6.870000,31.45
868568704,-0.204000,-0.917000,0.168000,-1.771000,3.802000,6.962000,31.40
868575292,-0.174000,-0.922000,0.168000,-2.641000,3.130000,5.802000,31.45
868584199,-0.235000,-0.919000,0.158000,-2.061000,2.489000,8.443000,31.40
868599921,-0.220000,-0.927000,0.164000,-2.870000,-0.687000,8.031000,31.40
868609285,-0.218000,-0.912000,0.154000,-4.000000,-1.603000,7.023000,31.45
868614394,-0.202000,-0.924000,0.166000,-2.046000,-0.565000,8.931000,31.49
868627496,-0.197000,-0.929000,0.157000,-1.496000,2.489000,9.466000,31.35
868637317,-0.190000,-0.929000,0.158000,1.389000,1.939000,8.565000,31.40
868645718,-0.227000,-0.913000,0.157000,3.282000,3.450000,9.130000,31.35
868653041,-0.228000,-0.917000,0.159000,3.817000,4.275000,8.458000,31.31
868665752,-0.234000,-0.922000,0.166000,3.573000,3.313000,8.183000,31.45
868678178,-0.126000,-0.891000,0.013000,5.023000,9.832000,-1.267000,31.31
868685724,-0.213000,-0.870000,0.205000,2.107000,1.939000,5.435000,31.40
868695169,-0.239000,-0.889000,0.178000,3.008000,0.366000,7.588000,31.45
868711743,-0.247000,-0.905000,0.179000,1.344000,1.908000,7.344000,31.40
868713514,-0.205000,-0.927000,0.173000,2.366000,2.611000,6.870000,31.35
868725305,-0.205000,-0.941000,0.175000,5.664000,5.527000,3.282000,31.31
868735781,-0.255000,-0.902000,0.145000,2.427000,4.550000,6.244000,31.45
868744263,-0.226000,-0.901000,0.126000,2.244000,4.611000,5.405000,31.40
868751351,-0.235000,-0.918000,0.175000,1.649000,2.214000,5.893000,31.45
868768481,-0.208000,-0.918000,0.158000,2.718000,3.924000,4.412000,31.31
868782208,-0.219000,-0.925000,0.162000,2.763000,4.534000,4.122000,31.40
868787037,-0.208000,-0.917000,0.157000,4.122000,5.832000,3.298000,31.35
868796535,-0.217000,-0.913000,0.170000,3.374000,7.466000,2.473000,31.40
868808765,-0.235000,-0.894000,0.174000,1.771000,5.679000,2.183000,31.45
868818309,-0.241000,-0.880000,0.142000,-1.511000,4.595000,1.817000,31.40
868823694,-0.251000,-0.882000,0.153000,-2.305000,1.221000,0.824000,31.35
868836705,-0.236000,-0.900000,0.138000,-1.939000,0.809000,1.817000,31.49
868843244,-0.222000,-0.912000,0.155000,-2.244000,1.053000,1.206000,31.35
868854819,-0.218000,-0.908000,0.151000,-0.779000,2.885000,0.809000,31.40
868861580,-0.218000,-0.919000,0.176000,-0.901000,3.618000,-0.321000,31.45
868875611,-0.221000,-0.924000,0.155000,-0.321000,4.840000,-0.336000,31.40
868884707,-0.230000,-0.905000,0.159000,-0.107000,6.885000,-0.061000,31.40
868894376,-0.231000,-0.918000,0.163000,-0.275000,7.282000,-0.702000,31.45
868906402,-0.243000,-0.895000,0.167000,-1.160000,6.870000,-1.344000,31.40
868915198,-0.270000,-0.888000,0.154000,-2.305000,4.611000,-1.374000,31.35
868924880,-0.252000,-0.903000,0.158000,-3.084000,3.939000,-1.359000,31.40
868935686,-0.233000,-0.903000,0.137000,-1.939000,5.542000,-0.443000,31.45
868946482,-0.237000,-0.915000,0.170000,-0.565000,5.115000,-0.198000,31.40
868954596,-0.212000,-0.909000,0.172000,0.137000,6.305000,-1.206000,31.45
868963493,-0.240000,-0.879000,0.157000,-0.748000,6.321000,-1.405000,31.40
868977932,-0.240000,-0.890000,0.153000,-2.702000,5.221000,-0.687000,31.35
868988766,-0.211000,-0.912000,0.143000,-3.695000,5.298000,-1.450000,31.35
868998429,-0.222000,-0.910000,0.164000,-2.000000,6.534000,-1.710000,31.40
869005103,-0.232000,-0.886000,0.166000,-2.885000,6.366000,-4.260000,31.45
869016783,-0.265000,-0.870000,0.148000,-5.313000,3.863000,-3.924000,31.40
869024529,-0.223000,-0.897000,0.166000,-5.099000,2.809000,-2.382000,31.45
869035634,-0.184000,-0.909000,0.150000,-3.496000,5.679000,-2.702000,31.49
869048835,-0.195000,-0.901000,0.167000,-1.511000,7.710000,-3.405000,31.35
869058250,-0.207000,-0.896000,0.162000,-1.924000,8.336000,-4.046000,31.40
869065446,-0.221000,-0.897000,0.158000,-3.099000,8.031000,-4.916000,31.35
869072504,-0.243000,-0.885000,0.156000,-3.863000,7.115000,-4.504000,31.45
869085752,-0.230000,-0.903000,0.149000,-4.580000,5.282000,-5.115000,31.49
869095591,-0.206000,-0.935000,0.151000,-3.588000,5.084000,-5.435000,31.45
869104540,-0.200000,-0.935000,0.148000,-2.519000,5.710000,-5.985000,31.49
869115450,-0.240000,-0.899000,0.155000,-1.298000,7.176000,-6.443000,31.45
869128384,-0.231000,-0.904000,0.168000,-3.206000,6.626000,-6.534000,31.49
869136092,-0.232000,-0.915000,0.155000,-4.962000,6.260000,-6.718000,31.45
869145572,-0.230000,-0.943000,0.183000,-3.832000,7.023000,-5.252000,31.40
869156178,-0.213000,-0.948000,0.141000,-5.740000,8.992000,-10.122000,31.45
869164245,-0.257000,-0.918000,0.133000,-7.649000,6.656000,-8.840000,31.45
869174245,-0.218000,-0.948000,0.147000,-10.000000,6.061000,-9.603000,31.45
869182364,-0.181000,-0.965000,0.132000,-10.519000,8.794000,-10.977000,31.35
869195804,-0.124000,-0.971000,0.176000,-7.756000,16.412000,-14.168000,31.40
869206880,-0.108000,-0.939000,0.166000,-7.206000,28.137000,-19.099000,31.54
869213881,-0.082000,-0.949000,0.183000,-5.786000,40.931000,-20.382000,31.49
869226854,-0.127000,-0.943000,0.419000,3.145000,52.046000,-18.718000,31.45
869232779,-0.154000,-0.753000,0.127000,-7.298000,57.359000,-42.443000,31.49
869246229,-0.446000,-0.792000,-0.018000,-15.924000,31.771000,-46.382000,31.45
869255677,-0.349000,-0.831000,0.096000,-24.107000,10.840000,-36.855000,31.35
869265642,-0.167000,-0.921000,0.130000,-27.511000,3.359000,-35.176000,31.45
869274598,-0.085000,-0.925000,0.126000,-25.069000,4.489000,-35.298000,31.40
869281437,-0.040000,-0.985000,0.162000,-20.382000,10.000000,-41.084000,31.45
869300097,-0.052000,-0.987000,0.192000,-16.504000,14.214000,-41.313000,31.45
869310502,-0.099000,-0.988000,0.151000,-15.237000,16.733000,-45.160000,31.40
869314370,-0.158000,-0.980000,0.089000,-14.840000,14.412000,-43.145000,31.45
869328859,-0.125000,-1.051000,0.064000,-17.786000,3.573000,-48.305000,31.40
869337006,-0.156000,-1.046000,0.095000,-18.947000,-1.618000,-47.344000,31.45
869344819,-0.191000,-1.010000,0.088000,-16.244000,-4.611000,-44.840000,31.49
869357185,-0.153000,-0.972000,0.092000,-14.809000,-8.519000,-39.985000,31.45
869368110,-0.092000,-0.989000,0.106000,-16.122000,-6.595000,-42.046000,31.49
869374509,-0.101000,-0.991000,0.117000,-15.237000,-5.420000,-41.359000,31.45
869380857,-0.116000,-0.972000,0.130000,-17.420000,-4.412000,-40.992000,31.40
869397150,-0.142000,-0.955000,0.077000,-18.366000,-2.092000,-40.565000,31.49
869406690,-0.144000,-0.964000,0.092000,-21.603000,-4.977000,-41.023000,31.35
869415805,-0.181000,-0.975000,0.067000,-24.107000,-7.878000,-41.832000,31.40
869426395,-0.163000,-0.989000,0.080000,-27.374000,-11.634000,-43.511000,31.35
869436439,-0.187000,-0.992000,0.032000,-29.954000,-19.634000,-38.901000,31.40
869446190,-0.131000,-1.008000,0.034000,-32.504000,-23.466000,-34.641000,31.35
869457732,-0.115000,-1.017000,0.024000,-30.931000,-24.809000,-31.099000,31.49
869472336,-0.097000,-0.997000,0.071000,-28.397000,-26.382000,-26.473000,31.35
869476879,-0.028000,-0.996000,0.071000,-31.130000,-24.412000,-26.107000,31.40
869485051,-0.106000,-0.964000,-0.028000,-39.817000,-20.336000,-23.863000,31.35
869491889,0.173000,-0.934000,0.126000,-38.351000,-18.855000,-19.359000,31.54
869516342,-0.111000,-0.992000,0.124000,-31.466000,-21.374000,-23.527000,31.40
869521673,-0.083000,-0.947000,0.030000,-34.870000,-16.718000,-21.878000,31.54
869525111,-0.065000,-0.935000,-0.036000,-38.870000,-21.023000,-22.458000,31.40
869535279,-0.077000,-0.953000,-0.017000,-41.176000,-23.176000,-23.206000,31.45
869548129,-0.083000,-0.935000,0.015000,-43.298000,-24.458000,-24.076000,31.49
869553390,-0.065000,-0.916000,0.003000,-44.824000,-26.153000,-23.557000,31.35
869567068,-0.022000,-0.966000,0.007000,-45.435000,-26.305000,-22.412000,31.40
869574976,-0.034000,-1.038000,0.056000,-40.733000,-23.328000,-17.466000,31.45
869584689,0.026000,-1.031000,0.007000,-42.565000,-18.519000,-20.580000,31.31
869595714,0.002000,-1.060000,0.003000,-40.214000,-17.221000,-21.420000,31.45
869607903,-0.022000,-1.039000,-0.014000,-37.832000,-15.588000,-21.313000,31.35
869615843,0.000000,-1.044000,0.040000,-35.466000,-15.115000,-24.931000,31.49
869623038,0.010000,-1.025000,0.017000,-30.656000,-13.237000,-28.015000,31.45
869634784,-0.009000,-1.006000,0.011000,-29.359000,-13.527000,-26.397000,31.49
869646232,0.023000,-0.981000,0.036000,-26.656000,-13.725000,-24.901000,31.35
869653807,0.039000,-0.986000,0.016000,-25.664000,-12.351000,-25.282000,31.49
869664544,0.085000,-1.009000,-0.031000,-24.229000,-11.435000,-25.511000,31.35
869675611,0.066000,-1.004000,-0.001000,-21.557000,-6.473000,-27.939000,31.40
869687260,-0.145000,-1.025000,0.223000,-12.565000,-11.130000,-20.122000,31.35
869694723,0.044000,-1.065000,-0.024000,-17.756000,-5.664000,-30.489000,31.35
869701526,0.010000,-1.039000,-0.019000,-16.534000,-6.290000,-29.847000,31.45
869718704,0.050000,-1.021000,0.020000,-16.031000,-5.282000,-32.550000,31.35
869727006,0.071000,-1.020000,0.032000,-13.863000,-3.374000,-33.771000,31.40
869733319,0.053000,-1.003000,-0.015000,-12.855000,-1.939000,-34.473000,31.35
869746673,0.052000,-1.005000,-0.049000,-12.840000,-1.649000,-34.397000,31.40
869759915,0.032000,-1.015000,-0.061000,-11.115000,-2.794000,-34.565000,31.35
869766126,0.055000,-1.016000,-0.044000,-10.947000,-0.962000,-35.359000,31.40
869776926,0.066000,-1.036000,-0.054000,-12.748000,-4.519000,-33.557000,31.45
869787043,0.021000,-1.030000,-0.059000,-13.863000,-6.275000,-35.115000,31.35
869795452,0.038000,-1.015000,-0.036000,-14.336000,-7.893000,-33.542000,31.35
869801275,0.074000,-1.008000,-0.025000,-16.443000,-8.672000,-35.221000,31.49
869813259,0.173000,-0.972000,-0.085000,-18.137000,-7.267000,-36.901000,31.49
869827942,0.040000,-1.014000,-0.087000,-19.496000,-11.359000,-37.588000,31.35
869840170,0.064000,-0.994000,-0.147000,-22.672000,-12.198000,-32.779000,31.40
869846016,0.081000,-0.994000,-0.090000,-24.550000,-14.290000,-33.664000,31.45
869856552,0.067000,-1.014000,-0.088000,-28.443000,-19.038000,-36.366000,31.40
869871292,0.070000,-1.018000,-0.052000,-31.832000,-21.771000,-37.420000,31.35
869876644,0.102000,-1.032000,-0.056000,-33.466000,-23.603000,-39.069000,31.45
869885548,0.116000,-1.018000,-0.094000,-35.969000,-25.695000,-40.962000,31.45
869899889,0.153000,-1.055000,-0.067000,-34.687000,-26.809000,-40.672000,31.40
869905581,0.175000,-1.045000,-0.085000,-34.733000,-26.626000,-38.443000,31.45
869912131,0.194000,-1.038000,-0.134000,-32.000000,-23.771000,-35.420000,31.45
869928219,0.229000,-1.021000,-0.119000,-32.947000,-23.557000,-37.496000,31.40
869938551,0.265000,-1.060000,-0.117000,-33.634000,-20.885000,-39.985000,31.45
869947510,0.259000,-1.055000,-0.071000,-30.962000,-13.145000,-40.214000,31.40
869955969,0.184000,-1.090000,-0.060000,-29.191000,-17.313000,-42.977000,31.35
869969015,0.261000,-1.056000,-0.151000,-32.214000,-13.740000,-46.779000,31.49
869977023,0.254000,-1.050000,-0.140000,-31.634000,-15.038000,-49.603000,31.45
869985540,0.249000,-1.034000,-0.170000,-29.695000,-14.992000,-47.695000,31.49
869996667,0.240000,-0.994000,-0.185000,-28.595000,-15.282000,-45.649000,31.45
870006188,0.273000,-1.014000,-0.193000,-27.771000,-15.939000,-47.038000,31.31
870011572,0.284000,-0.974000,-0.215000,-27.344000,-10.336000,-48.733000,31.49
870022857,0.227000,-1.030000,-0.159000,-28.916000,-15.328000,-47.145000,31.45
870041430,0.238000,-1.032000,-0.223000,-30.031000,-15.008000,-47.191000,31.40
870051989,0.223000,-1.007000,-0.113000,-41.221000,-18.824000,-56.183000,31.45
870054191,0.251000,-1.018000,-0.184000,-32.840000,-13.328000,-50.885000,31.40
870070622,0.312000,-1.009000,-0.240000,-31.725000,-5.466000,-49.206000,31.45
870079286,0.205000,-0.990000,-0.259000,-37.511000,-8.870000,-48.305000,31.40
870084545,0.252000,-1.020000,-0.372000,-39.130000,-6.962000,-48.672000,31.45
870095080,0.260000,-1.031000,-0.255000,-37.969000,-10.366000,-47.954000,31.31
870105796,0.309000,-1.062000,-0.206000,-36.397000,-8.168000,-47.221000,31.45
870114981,0.265000,-0.979000,-0.221000,-32.885000,-7.115000,-44.519000,31.45
870121853,0.306000,-0.958000,-0.246000,-33.557000,-6.214000,-45.359000,31.40
870138837,0.326000,-0.955000,-0.212000,-34.870000,-5.511000,-46.641000,31.45
870150103,0.336000,-0.942000,-0.223000,-35.389000,-4.122000,-45.267000,31.40
870158537,0.330000,-0.943000,-0.237000,-34.427000,-2.397000,-43.313000,31.54
870164885,0.325000,-0.951000,-0.266000,-36.519000,-2.061000,-42.809000,31.40
870178488,0.336000,-0.998000,-0.224000,-35.756000,-2.473000,-42.489000,31.54
870188008,0.365000,-0.982000,-0.243000,-32.397000,-2.092000,-42.397000,31.40
870195876,0.361000,-0.955000,-0.260000,-31.435000,-1.435000,-42.031000,31.45
870207503,0.355000,-0.925000,-0.228000,-29.832000,-1.206000,-42.992000,31.40
870217538,0.408000,-0.955000,-0.236000,-27.481000,-0.992000,-43.435000,31.40
870222156,0.418000,-0.941000,-0.243000,-26.885000,6.687000,-43.420000,31.45
870233516,0.354000,-0.919000,-0.271000,-26.137000,6.366000,-42.656000,31.49
870246679,0.362000,-0.940000,-0.227000,-27.817000,3.710000,-43.053000,31.45
870258816,0.369000,-0.938000,-0.208000,-26.580000,-0.336000,-41.710000,31.40
870264894,0.378000,-0.957000,-0.253000,-24.183000,-1.924000,-39.893000,31.45
870275877,0.381000,-0.883000,-0.269000,-23.282000,-3.053000,-40.031000,31.49
870288784,0.417000,-0.936000,-0.244000,-20.550000,-3.053000,-40.046000,31.45
870296218,0.452000,-0.916000,-0.222000,-17.756000,-3.038000,-38.489000,31.40
870305084,0.490000,-0.905000,-0.292000,-18.473000,1.237000,-38.031000,31.45
870315243,0.417000,-0.862000,-0.334000,-21.466000,0.656000,-33.649000,31.35
870323348,0.421000,-0.909000,-0.280000,-21.863000,1.695000,-31.756000,31.40
870333515,0.482000,-0.962000,-0.272000,-18.015000,-0.626000,-32.824000,31.45
870346423,0.442000,-0.924000,-0.272000,-20.076000,2.168000,-31.130000,31.31
870356749,0.423000,-0.929000,-0.289000,-16.916000,2.137000,-30.305000,31.45
870366537,0.486000,-0.945000,-0.292000,-14.122000,6.656000,-32.153000,31.49
870373716,0.450000,-0.914000,-0.317000,-10.489000,6.947000,-31.008000,31.45
870385334,0.490000,-0.876000,-0.290000,-9.588000,4.672000,-29.756000,31.49
870395907,0.462000,-0.852000,-0.367000,-9.008000,6.534000,-25.725000,31.54
870407013,0.454000,-0.836000,-0.362000,-10.687000,6.443000,-22.458000,31.45
870415497,0.500000,-0.885000,-0.301000,-11.771000,8.107000,-20.855000,31.40
870424422,0.528000,-0.898000,-0.279000,-9.954000,8.916000,-20.214000,31.45
870434020,0.524000,-0.908000,-0.328000,-6.015000,14.366000,-21.710000,31.49
870440803,0.449000,-0.870000,-0.351000,-3.740000,16.092000,-21.939000,31.35
870460489,0.486000,-0.898000,-0.320000,-0.947000,15.756000,-22.336000,31.40
870468676,0.473000,-0.882000,-0.332000,1.298000,16.427000,-18.840000,31.45
870475389,0.469000,-0.856000,-0.348000,1.267000,16.351000,-17.099000,31.49
870487802,0.460000,-0.838000,-0.353000,-0.183000,14.885000,-14.321000,31.35
870498359,0.500000,-0.876000,-0.296000,-0.031000,15.969000,-14.046000,31.35
870505900,0.509000,-0.880000,-0.263000,4.107000,17.618000,-15.756000,31.40
870516851,0.478000,-0.859000,-0.311000,5.985000,21.618000,-15.115000,31.45
870526055,0.493000,-0.891000,-0.276000,7.176000,22.366000,-17.557000,31.40
870534740,0.490000,-0.918000,-0.269000,8.672000,23.160000,-16.000000,31.45
870541780,0.460000,-0.880000,-0.306000,9.649000,22.321000,-13.282000,31.40
870560618,0.450000,-0.859000,-0.335000,7.740000,19.496000,-9.649000,31.45
870567547,0.495000,-0.873000,-0.301000,7.679000,18.443000,-7.511000,31.49
870575848,0.549000,-0.871000,-0.189000,11.389000,22.382000,-8.458000,31.54
870589864,0.549000,-0.825000,-0.235000,14.809000,21.115000,-6.840000,31.45
870597911,0.515000,-0.800000,-0.290000,14.641000,22.489000,-7.298000,31.49
870605408,0.467000,-0.851000,-0.292000,12.763000,19.954000,-5.252000,31.45
870614333,0.457000,-0.833000,-0.301000,10.779000,17.267000,-2.519000,31.40
870628793,0.465000,-0.863000,-0.303000,10.443000,12.229000,-0.779000,31.45
870633181,0.485000,-0.850000,-0.283000,8.855000,11.466000,3.435000,31.49
870643638,0.500000,-0.886000,-0.225000,7.924000,12.244000,4.931000,31.45
870655924,0.509000,-0.889000,-0.221000,10.168000,12.672000,6.382000,31.40
870666421,0.486000,-0.851000,-0.225000,9.878000,12.061000,9.313000,31.35
870675348,0.485000,-0.845000,-0.248000,8.122000,10.229000,10.550000,31.35
870685592,0.429000,-0.833000,-0.286000,4.947000,7.832000,12.702000,31.31
870699731,0.423000,-0.832000,-0.286000,1.603000,2.366000,15.206000,31.45
870704600,0.480000,-0.882000,-0.276000,0.397000,-0.901000,16.443000,31.40
870715473,0.467000,-0.887000,-0.270000,0.229000,-2.153000,19.053000,31.45
870731134,0.498000,-0.897000,-0.233000,0.198000,-3.191000,20.137000,31.49
870735109,0.530000,-0.913000,-0.230000,2.092000,-1.695000,18.672000,31.45
870745804,0.444000,-0.882000,-0.267000,1.069000,-1.832000,20.641000,31.49
870753049,0.476000,-0.901000,-0.250000,0.198000,-4.427000,20.473000,31.35
870768245,0.480000,-0.894000,-0.230000,-0.244000,-5.115000,22.321000,31.35
870776394,0.471000,-0.877000,-0.255000,-0.443000,-5.969000,24.565000,31.40
870785759,0.479000,-0.888000,-0.261000,-0.779000,-7.817000,25.679000,31.54
870793945,0.491000,-0.903000,-0.238000,0.595000,-8.656000,27.557000,31.40
870806835,0.515000,-0.927000,-0.219000,3.344000,-7.695000,27.634000,31.45
870815849,0.456000,-0.881000,-0.230000,2.443000,-7.893000,28.198000,31.40
870827038,0.493000,-0.905000,-0.231000,1.145000,-10.687000,26.809000,31.45
870838141,0.500000,-0.940000,-0.237000,0.534000,-8.916000,26.198000,31.40
870842653,0.476000,-0.949000,-0.218000,1.511000,-8.840000,27.053000,31.35
870854301,0.474000,-0.952000,-0.240000,3.237000,-8.947000,27.618000,31.45
870867667,0.456000,-0.933000,-0.257000,3.939000,-9.527000,28.504000,31.40
870880949,0.474000,-0.954000,-0.222000,5.374000,-9.481000,28.260000,31.45
870886985,0.471000,-0.954000,-0.197000,6.824000,-9.252000,28.397000,31.40
870894023,0.485000,-0.949000,-0.217000,8.275000,-8.611000,27.435000,31.45
870907216,0.451000,-0.962000,-0.238000,8.153000,-7.023000,25.954000,31.49
870915893,0.428000,-0.953000,-0.232000,8.076000,-8.229000,25.191000,31.45
870928781,0.454000,-0.957000,-0.266000,7.298000,-7.817000,24.382000,31.49
870938325,0.415000,-0.953000,-0.282000,5.939000,-8.565000,24.672000,31.45
870946151,0.431000,-0.989000,-0.274000,5.328000,-9.695000,25.313000,31.45
870951154,0.467000,-0.994000,-0.249000,7.084000,-8.534000,24.137000,31.45
870965083,0.479000,-0.994000,-0.236000,8.366000,-6.366000,21.466000,31.45
870977662,0.450000,-0.960000,-0.260000,8.397000,-5.557000,19.939000,31.40
870985744,0.428000,-0.936000,-0.283000,5.206000,-6.565000,17.374000,31.45
870995776,0.438000,-0.955000,-0.282000,0.183000,-7.695000,16.031000,31.40
871008774,0.429000,-0.990000,-0.287000,-0.947000,-7.084000,15.130000,31.54
871018870,0.380000,-0.971000,-0.295000,-0.519000,-10.198000,16.382000,31.40
871023222,0.456000,-0.996000,-0.271000,-1.969000,-10.931000,14.779000,31.35
871038406,0.479000,-1.015000,-0.235000,-0.046000,-9.282000,11.756000,31.45
871047497,0.425000,-0.984000,-0.262000,0.137000,-8.885000,11.573000,31.45
871053308,0.442000,-0.969000,-0.264000,-2.718000,-9.099000,9.985000,31.40
871064883,0.467000,-0.992000,-0.222000,-3.053000,-7.710000,7.573000,31.49
871077813,0.448000,-0.984000,-0.240000,-3.252000,-6.244000,7.023000,31.45
871090279,0.420000,-0.962000,-0.265000,-4.137000,-6.626000,7.023000,31.40
871096294,0.415000,-0.985000,-0.259000,-2.916000,-8.504000,6.901000,31.45
871106059,0.391000,-0.975000,-0.270000,-0.702000,-10.916000,7.389000,31.40
871116705,0.407000,-0.950000,-0.248000,-0.061000,-13.313000,7.115000,31.35
871124784,0.457000,-0.975000,-0.229000,0.489000,-13.237000,6.443000,31.45
871135127,0.424000,-0.961000,-0.229000,0.046000,-9.771000,6.168000,31.54
871146486,0.406000,-0.945000,-0.244000,-1.466000,-9.664000,5.847000,31.49
871154598,0.388000,-0.938000,-0.292000,-4.305000,-9.557000,4.931000,31.35
871161306,0.347000,-0.965000,-0.300000,-6.534000,-11.374000,6.168000,31.45
871173653,0.390000,-1.002000,-0.305000,-5.145000,-13.527000,6.260000,31.40
871186672,0.403000,-1.004000,-0.264000,-3.252000,-12.031000,6.015000,31.45
871193907,0.411000,-0.986000,-0.265000,-1.985000,-12.076000,5.878000,31.40
871205144,0.410000,-0.976000,-0.280000,-2.687000,-11.786000,5.527000,31.45
871218030,0.422000,-0.986000,-0.270000,-3.771000,-8.412000,3.740000,31.40
871226633,0.417000,-0.990000,-0.256000,-4.840000,-5.313000,2.779000,31.45
871234429,0.397000,-0.977000,-0.286000,-6.244000,-3.557000,3.160000,31.49
871246165,0.343000,-0.983000,-0.361000,-7.802000,-4.519000,4.275000,31.45
871255158,0.385000,-1.031000,-0.275000,-6.748000,-5.084000,3.008000,31.45
871262908,0.423000,-1.004000,-0.260000,-2.443000,-3.786000,1.573000,31.49
871275840,0.410000,-0.941000,-0.267000,-2.275000,-1.771000,0.519000,31.45
871288797,0.396000,-0.936000,-0.269000,-5.496000,-0.260000,-1.969000,31.49
871300410,0.401000,-0.955000,-0.265000,-6.641000,-0.962000,-2.855000,31.45
871303199,0.417000,-0.978000,-0.254000,-6.901000,0.473000,-4.809000,31.49
871318821,0.369000,-0.984000,-0.289000,-7.191000,0.550000,-4.595000,31.35
871326085,0.383000,-1.019000,-0.278000,-6.214000,0.931000,-5.756000,31.40
871335347,0.400000,-1.030000,-0.302000,-4.824000,1.328000,-5.969000,31.45
871345991,0.447000,-1.045000,-0.241000,-2.046000,4.443000,-7.908000,31.40
871356878,0.413000,-0.996000,-0.277000,-0.168000,8.092000,-7.863000,31.45
871364682,0.411000,-0.972000,-0.259000,-1.740000,8.580000,-9.038000,31.35
871371839,0.436000,-0.976000,-0.261000,-1.725000,10.626000,-11.267000,31.40
871385243,0.405000,-0.979000,-0.257000,-0.214000,11.710000,-12.519000,31.45
871394969,0.372000,-0.960000,-0.286000,0.000000,10.015000,-12.336000,31.40
871403555,0.370000,-0.954000,-0.285000,-0.519000,7.832000,-11.817000,31.35
871415478,0.398000,-0.977000,-0.279000,-0.458000,6.443000,-12.656000,31.49
871428083,0.407000,-0.989000,-0.276000,-0.366000,6.855000,-12.626000,31.45
871435778,0.419000,-0.991000,-0.251000,0.137000,8.046000,-13.053000,31.31
871445212,0.452000,-0.969000,-0.253000,0.748000,10.519000,-13.863000,31.35
871454907,0.413000,-0.951000,-0.268000,-0.443000,12.244000,-14.916000,31.40
871465651,0.379000,-0.940000,-0.273000,-2.092000,10.611000,-14.718000,31.40
871472773,0.379000,-0.917000,-0.279000,-3.924000,7.756000,-14.260000,31.45
871487359,0.384000,-0.910000,-0.272000,-5.084000,4.336000,-12.931000,31.49
871497652,0.403000,-0.914000,-0.269000,-5.847000,1.893000,-12.015000,31.45
871507369,0.426000,-0.948000,-0.297000,-7.481000,2.229000,-12.092000,31.40
871513411,0.399000,-0.971000,-0.265000,-7.954000,2.702000,-11.771000,31.45
871526514,0.431000,-0.967000,-0.235000,-8.443000,2.840000,-12.702000,31.49
871537708,0.425000,-0.958000,-0.269000,-10.214000,4.885000,-13.893000,31.45
871544961,0.377000,-0.962000,-0.291000,-12.779000,4.656000,-13.084000,31.40
871556855,0.366000,-0.945000,-0.288000,-13.359000,2.137000,-11.145000,31.40
871565639,0.402000,-0.965000,-0.306000,-13.481000,1.191000,-9.954000,31.45
871573453,0.387000,-0.952000,-0.312000,-14.626000,0.351000,-9.817000,31.40
871587491,0.392000,-0.949000,-0.254000,-13.969000,-3.420000,-9.939000,31.45
871594843,0.427000,-0.901000,-0.303000,-15.359000,-4.412000,-10.046000,31.40
871607972,0.480000,-0.933000,-0.263000,-19.191000,-1.038000,-13.771000,31.45
871614318,0.506000,-0.977000,-0.221000,-17.847000,3.527000,-15.328000,31.40
871625184,0.453000,-0.936000,-0.288000,-18.519000,6.443000,-15.649000,31.45
871637948,0.443000,-0.953000,-0.288000,-21.053000,7.130000,-16.565000,31.40
871643440,0.426000,-0.982000,-0.255000,-17.267000,6.092000,-15.908000,31.35
871655648,0.447000,-0.948000,-0.258000,-13.710000,4.168000,-14.366000,31.45
871664257,0.460000,-0.938000,-0.254000,-11.557000,5.298000,-14.840000,31.40
871674230,0.462000,-0.924000,-0.234000,-9.405000,5.725000,-15.405000,31.35
871680916,0.467000,-0.928000,-0.247000,-7.679000,6.305000,-16.565000,31.40
871698049,0.456000,-0.905000,-0.254000,-8.870000,7.466000,-17.069000,31.35
871707617,0.459000,-0.933000,-0.259000,-9.145000,9.191000,-17.053000,31.40
871715220,0.446000,-0.930000,-0.271000,-10.153000,9.710000,-15.603000,31.35
871726415,0.442000,-0.949000,-0.322000,-11.893000,9.511000,-16.565000,31.40
871737285,0.405000,-1.003000,-0.266000,-8.290000,9.664000,-12.901000,31.45
871745338,0.438000,-0.979000,-0.252000,-3.588000,10.641000,-12.015000,31.45
871755414,0.470000,-0.973000,-0.186000,-2.565000,12.305000,-12.519000,31.49
871773553,0.436000,-0.923000,-0.248000,-1.359000,16.580000,-13.359000,31.35
871775694,0.440000,-0.920000,-0.240000,-2.840000,14.916000,-11.802000,31.49
871781404,0.406000,-0.869000,-0.307000,-5.740000,14.214000,-12.275000,31.35
871793568,0.396000,-0.868000,-0.285000,-7.756000,8.947000,-10.412000,31.49
871806520,0.445000,-0.891000,-0.290000,-9.069000,7.481000,-9.969000,31.45
871817027,0.438000,-0.914000,-0.271000,-12.427000,8.366000,-9.435000,31.49
871825027,0.476000,-0.994000,-0.281000,-9.145000,7.313000,-10.977000,31.45
871838564,0.470000,-0.944000,-0.287000,-7.725000,10.977000,-9.328000,31.45
871847594,0.488000,-0.936000,-0.260000,-5.954000,11.954000,-9.115000,31.45
871853748,0.489000,-0.922000,-0.279000,-3.756000,13.450000,-7.389000,31.40
871869038,0.478000,-0.905000,-0.298000,-0.870000,13.435000,-5.924000,31.40
871877714,0.456000,-0.870000,-0.305000,0.107000,10.885000,-4.611000,31.35
871883249,0.492000,-0.856000,-0.296000,0.733000,8.672000,-4.809000,31.40
871895253,0.496000,-0.853000,-0.282000,-0.947000,6.733000,-5.588000,31.45
871907174,0.544000,-0.908000,-0.249000,-2.473000,10.107000,-7.863000,31.49
871923125,0.517000,-0.899000,-0.289000,-4.885000,10.336000,-7.939000,31.54
871925433,0.506000,-0.907000,-0.281000,-4.534000,8.550000,-9.878000,31.54
871935885,0.456000,-0.928000,-0.313000,-4.061000,7.634000,-9.282000,31.35
871946746,0.463000,-0.931000,-0.290000,-4.076000,4.702000,-6.855000,31.40
871954326,0.494000,-0.928000,-0.293000,-2.748000,4.153000,-5.328000,31.45
871966339,0.473000,-0.918000,-0.309000,-3.237000,5.023000,-4.107000,31.45
871980014,0.485000,-0.908000,-0.271000,-1.863000,3.618000,-3.649000,31.40
871984718,0.545000,-0.912000,-0.249000,-0.947000,4.519000,-5.527000,31.35
871991830,0.484000,-0.850000,-0.302000,-2.947000,6.153000,-4.748000,31.40
872008892,0.476000,-0.890000,-0.286000,-4.550000,4.443000,-5.908000,31.45
872018748,0.479000,-0.868000,-0.301000,-6.336000,3.542000,-5.725000,31.45
872026783,0.448000,-0.861000,-0.311000,-8.565000,0.626000,-4.931000,31.45
872037776,0.448000,-0.899000,-0.305000,-10.473000,-1.298000,-3.725000,31.40
872049422,0.479000,-0.872000,-0.349000,-15.908000,-2.076000,-1.176000,31.45
872057478,0.440000,-0.939000,-0.276000,-14.611000,-3.237000,0.214000,31.45
872064241,0.534000,-0.949000,-0.277000,-12.489000,-2.916000,1.130000,31.40
872076443,0.492000,-0.891000,-0.282000,-13.557000,-2.198000,1.695000,31.45
872085522,0.477000,-0.857000,-0.313000,-17.313000,-0.504000,1.573000,31.40
872093077,0.459000,-0.885000,-0.263000,-17.740000,0.687000,1.832000,31.45
872105412,0.403000,-0.918000,-0.329000,-14.122000,-1.863000,-0.198000,31.40
872118321,0.473000,-0.847000,-0.375000,-17.710000,-4.107000,2.000000,31.45
872124856,0.497000,-0.914000,-0.282000,-17.756000,-3.023000,1.954000,31.40
872134379,0.480000,-0.827000,-0.282000,-20.962000,-3.985000,4.855000,31.35
872147526,0.521000,-0.935000,-0.276000,-18.122000,0.855000,1.618000,31.31
872158031,0.479000,-0.949000,-0.280000,-12.168000,-0.031000,2.458000,31.49
872164597,0.493000,-0.948000,-0.298000,-9.145000,0.229000,2.611000,31.26
872176945,0.501000,-0.937000,-0.297000,-6.504000,1.481000,3.832000,31.49
872187087,0.495000,-0.964000,-0.304000,-2.244000,4.046000,4.351000,31.45
872195027,0.479000,-0.920000,-0.287000,1.374000,4.458000,5.634000,31.40
872202107,0.517000,-0.896000,-0.301000,4.519000,6.382000,5.008000,31.45
872218819,0.510000,-0.895000,-0.284000,7.359000,8.687000,4.061000,31.49
872226409,0.467000,-0.867000,-0.260000,8.244000,7.985000,5.573000,31.35
872235728,0.508000,-0.882000,-0.276000,7.847000,8.519000,4.321000,31.40
872248551,0.460000,-0.885000,-0.294000,8.458000,9.771000,4.733000,31.45
872256840,0.423000,-0.890000,-0.323000,8.229000,6.687000,5.405000,31.35
872262017,0.448000,-0.907000,-0.315000,8.229000,5.115000,5.603000,31.40
872278153,0.447000,-0.930000,-0.280000,9.405000,4.947000,6.595000,31.35
872287041,0.469000,-0.951000,-0.259000,9.649000,6.244000,8.168000,31.40
872293705,0.463000,-0.933000,-0.245000,9.634000,5.954000,8.275000,31.45
872305733,0.460000,-0.887000,-0.276000,7.802000,5.542000,7.313000,31.40
872318132,0.450000,-0.892000,-0.290000,3.313000,4.672000,6.718000,31.35
872329713,0.438000,-0.915000,-0.301000,1.160000,2.458000,7.405000,31.40
872335555,0.449000,-0.931000,-0.298000,-0.183000,1.466000,9.084000,31.45
872345503,0.451000,-0.915000,-0.303000,-1.817000,0.244000,9.450000,31.40
872356917,0.469000,-0.938000,-0.310000,-3.924000,-0.824000,9.511000,31.40
872364738,0.486000,-0.971000,-0.286000,-4.092000,-0.519000,10.366000,31.45
872379054,0.499000,-0.975000,-0.233000,-1.573000,1.618000,11.221000,31.40
872390324,0.504000,-0.946000,-0.264000,-1.084000,2.336000,11.389000,31.45
872395803,0.473000,-0.926000,-0.297000,-2.489000,2.275000,11.481000,31.49
872402852,0.482000,-0.930000,-0.298000,-2.275000,1.069000,10.656000,31.45
872417967,0.495000,-0.917000,-0.309000,-2.275000,0.229000,9.084000,31.31
872427221,0.492000,-0.908000,-0.335000,-3.679000,-0.702000,7.832000,31.45
872436020,0.494000,-0.923000,-0.340000,-5.893000,-2.412000,7.771000,31.40
872443891,0.515000,-0.948000,-0.291000,-6.366000,-2.183000,7.008000,31.40
872456818,0.553000,-0.989000,-0.268000,-4.061000,0.748000,3.344000,31.45
872465049,0.515000,-0.972000,-0.293000,-2.885000,1.481000,2.656000,31.31
872477109,0.511000,-0.990000,-0.284000,-1.740000,2.626000,0.916000,31.45
872486299,0.504000,-0.973000,-0.289000,0.000000,2.305000,-0.718000,31.40
872495055,0.508000,-0.926000,-0.309000,-0.092000,1.542000,-1.405000,31.45
872505286,0.525000,-0.954000,-0.311000,-1.008000,2.092000,-2.824000,31.40
872513413,0.480000,-0.968000,-0.324000,-0.718000,1.832000,-3.878000,31.35
872526570,0.501000,-0.965000,-0.298000,-1.420000,1.221000,-7.237000,31.40
872535629,0.520000,-0.985000,-0.290000,-2.519000,2.977000,-9.450000,31.49
872546292,0.497000,-1.009000,-0.255000,-2.214000,2.580000,-9.771000,31.45
872558636,0.532000,-1.018000,-0.275000,-0.137000,4.076000,-10.046000,31.49
872563849,0.498000,-1.019000,-0.288000,1.939000,4.763000,-8.397000,31.45
872578003,0.497000,-0.987000,-0.313000,2.061000,4.290000,-7.603000,31.40
872589296,0.544000,-0.986000,-0.296000,1.115000,5.069000,-8.137000,31.35
872595005,0.566000,-0.985000,-0.304000,0.458000,8.260000,-10.092000,31.40
872602163,0.574000,-0.999000,-0.267000,-1.237000,11.191000,-13.664000,31.45
872619018,0.563000,-1.007000,-0.296000,-1.069000,12.947000,-17.771000,31.31
872629467,0.510000,-0.977000,-0.315000,-2.229000,11.695000,-20.351000,31.45
872634598,0.526000,-0.975000,-0.312000,-4.046000,7.908000,-23.023000,31.35
872646413,0.535000,-0.977000,-0.310000,-4.275000,6.824000,-25.573000,31.40
872656616,0.522000,-0.942000,-0.307000,-6.260000,2.947000,-26.000000,31.35
872665654,0.580000,-0.955000,-0.339000,-9.679000,4.015000,-29.969000,31.49
872673677,0.561000,-1.014000,-0.340000,-11.115000,5.679000,-32.122000,31.45
872686790,0.598000,-1.042000,-0.284000,-9.115000,7.344000,-36.275000,31.40
872695666,0.604000,-0.974000,-0.274000,-9.802000,11.389000,-40.290000,31.45
872702594,0.577000,-0.970000,-0.280000,-13.359000,12.229000,-44.550000,31.40
872719247,0.616000,-1.030000,-0.286000,-13.267000,14.840000,-47.969000,31.35
872728448,0.516000,-0.984000,-0.348000,-12.015000,13.191000,-47.008000,31.35
872735226,0.546000,-0.948000,-0.347000,-10.351000,7.954000,-46.656000,31.49
872747146,0.585000,-0.945000,-0.309000,-8.763000,4.122000,-46.519000,31.45
872756232,0.658000,-0.941000,-0.308000,-9.557000,6.443000,-46.794000,31.40
872767080,0.675000,-0.999000,-0.283000,-9.863000,11.084000,-47.863000,31.35
872775170,0.676000,-0.957000,-0.277000,-7.481000,16.153000,-50.351000,31.49
872785033,0.614000,-0.866000,-0.312000,-11.924000,17.267000,-53.313000,31.45
872790320,0.638000,-0.908000,-0.311000,-17.725000,18.672000,-59.588000,31.40
872802804,0.542000,-0.907000,-0.411000,-20.672000,19.435000,-60.885000,31.45
872820421,0.507000,-0.888000,-0.406000,-22.031000,11.267000,-58.824000,31.45
872828267,0.604000,-0.917000,-0.320000,-21.664000,10.840000,-61.344000,31.35
872834633,0.588000,-0.875000,-0.310000,-24.458000,10.763000,-60.336000,31.45
872848967,0.647000,-0.856000,-0.317000,-23.725000,7.099000,-60.260000,31.40
872853801,0.606000,-0.832000,-0.342000,-28.870000,12.550000,-60.122000,31.35
872868905,0.614000,-0.810000,-0.327000,-45.634000,16.015000,-60.611000,31.40
872880172,0.615000,-0.892000,-0.319000,-43.695000,16.229000,-62.366000,31.35
872884610,0.538000,-0.806000,-0.411000,-42.702000,15.985000,-59.740000,31.40
872895507,0.532000,-0.835000,-0.359000,-45.145000,13.206000,-57.588000,31.35
872902512,0.675000,-0.914000,-0.432000,-40.137000,18.992000,-53.603000,31.35
872916899,0.664000,-0.835000,-0.320000,-37.252000,22.214000,-54.031000,31.35
872924393,0.659000,-0.811000,-0.305000,-34.183000,27.557000,-53.710000,31.35
872935666,0.635000,-0.720000,-0.337000,-32.489000,27.145000,-55.359000,31.40
872949200,0.625000,-0.722000,-0.371000,-31.939000,28.473000,-57.863000,31.45
872954689,0.598000,-0.671000,-0.382000,-34.672000,26.321000,-58.443000,31.31
872966556,0.605000,-0.728000,-0.349000,-34.641000,23.634000,-55.420000,31.35
872976578,0.637000,-0.754000,-0.341000,-31.817000,23.618000,-53.878000,31.49
872984882,0.623000,-0.757000,-0.327000,-28.656000,24.336000,-49.481000,31.35
872995032,0.611000,-0.787000,-0.268000,-23.695000,28.458000,-45.847000,31.35
873003689,0.646000,-0.751000,-0.207000,-18.397000,29.496000,-41.298000,31.45
873018373,0.689000,-0.703000,-0.229000,-14.748000,37.344000,-39.740000,31.35
873025845,0.571000,-0.647000,-0.277000,-13.664000,40.046000,-35.756000,31.40
873036425,0.539000,-0.599000,-0.311000,-13.481000,34.733000,-32.519000,31.45
873050774,0.587000,-0.577000,-0.308000,-10.519000,33.298000,-29.847000,31.49
873056410,0.577000,-0.582000,-0.275000,-7.802000,30.214000,-26.351000,31.35
873066295,0.617000,-0.593000,-0.267000,-1.511000,26.015000,-23.847000,31.40
873074284,0.611000,-0.592000,-0.233000,4.168000,25.191000,-22.382000,31.45
873084619,0.661000,-0.593000,-0.182000,11.710000,26.550000,-20.901000,31.45
873095031,0.671000,-0.631000,-0.112000,17.756000,29.481000,-15.695000,31.40
873103811,0.664000,-0.628000,-0.115000,25.038000,31.893000,-6.382000,31.45
873117738,0.645000,-0.563000,-0.141000,29.405000,32.595000,3.267000,31.40
873125491,0.653000,-0.568000,-0.151000,34.992000,28.794000,12.443000,31.35
873136901,0.670000,-0.551000,-0.123000,39.130000,28.183000,22.595000,31.40
873147647,0.688000,-0.546000,-0.105000,43.313000,27.924000,29.863000,31.45
873154989,0.699000,-0.555000,-0.125000,48.305000,25.359000,37.802000,31.40
873166001,0.671000,-0.515000,-0.143000,48.641000,26.107000,43.420000,31.45
873176980,0.641000,-0.587000,-0.144000,48.855000,24.840000,48.412000,31.45
873184808,0.582000,-0.599000,-0.175000,49.542000,19.145000,55.359000,31.31
873191075,0.585000,-0.625000,-0.161000,45.802000,13.191000,59.954000,31.35
873203907,0.593000,-0.690000,-0.140000,44.321000,9.084000,67.130000,31.40
873217624,0.564000,-0.694000,-0.184000,43.252000,4.580000,76.443000,31.45
873225749,0.623000,-0.771000,-0.124000,41.756000,2.565000,80.122000,31.31
873236846,0.640000,-0.800000,-0.120000,43.115000,4.931000,84.366000,31.45
873251862,0.601000,-0.771000,-0.176000,40.718000,5.267000,87.511000,31.40
873257758,0.534000,-0.743000,-0.207000,36.061000,1.435000,90.763000,31.45
873263963,0.490000,-0.775000,-0.196000,29.542000,-5.695000,93.145000,31.45
873274078,0.500000,-0.793000,-0.218000,25.115000,-12.122000,94.580000,31.40
873285975,0.523000,-0.844000,-0.201000,21.863000,-17.954000,97.588000,31.45
873292443,0.555000,-0.879000,-0.156000,21.954000,-21.786000,101.130000,31.40
873304334,0.563000,-0.882000,-0.164000,21.542000,-24.565000,103.069000,31.35
873319031,0.656000,-0.902000,-0.135000,22.779000,-23.359000,105.313000,31.31
873324906,0.603000,-0.930000,-0.124000,25.420000,-22.244000,104.809000,31.45
873335717,0.595000,-0.910000,-0.165000,27.542000,-20.947000,107.893000,31.40
873350415,0.610000,-0.910000,-0.166000,27.145000,-18.229000,106.550000,31.40
873355025,0.622000,-0.952000,-0.132000,31.847000,-15.557000,105.908000,31.45
873363291,0.750000,-0.924000,-0.157000,37.038000,-6.565000,105.573000,31.40
873377821,0.440000,-1.010000,-0.080000,39.542000,-11.511000,102.519000,31.45
873385878,0.659000,-0.940000,-0.086000,36.977000,-12.275000,107.252000,31.40
873392062,0.632000,-1.031000,-0.055000,45.145000,-3.420000,102.962000,31.45
873404597,0.563000,-1.026000,-0.071000,52.809000,1.420000,105.267000,31.49
873417218,0.554000,-1.052000,-0.077000,61.328000,5.527000,106.901000,31.45
873426921,0.520000,-1.037000,-0.108000,63.878000,11.191000,108.275000,31.40
873437453,0.528000,-1.096000,-0.095000,68.626000,18.000000,102.931000,31.40
873449548,0.483000,-1.116000,-0.023000,75.267000,24.977000,105.053000,31.45
873454902,0.475000,-1.119000,0.039000,81.924000,31.634000,102.534000,31.40
873465137,0.447000,-0.730000,0.144000,57.344000,57.557000,90.534000,31.35
873476039,0.593000,-1.065000,0.065000,76.885000,58.794000,88.137000,31.40
873483439,0.323000,-1.095000,-0.027000,94.031000,58.107000,100.443000,31.35
873492707,0.233000,-0.927000,-0.109000,86.885000,44.733000,108.275000,31.40
873508478,0.259000,-1.029000,-0.065000,78.275000,44.321000,100.336000,31.35
873518830,0.332000,-1.119000,-0.058000,80.290000,50.534000,109.542000,31.31
873527077,0.283000,-1.159000,0.029000,87.038000,53.405000,110.336000,31.40
873533211,0.276000,-1.157000,0.039000,93.542000,59.084000,100.977000,31.45
873548830,0.190000,-1.067000,-0.009000,72.183000,67.496000,90.122000,31.49
873555572,0.111000,-1.015000,0.036000,77.069000,65.924000,88.061000,31.35
873569309,0.140000,-1.026000,0.054000,72.779000,73.725000,84.595000,31.40
873580386,0.174000,-1.126000,0.162000,80.031000,69.924000,87.847000,31.45
873584580,0.132000,-0.964000,0.041000,68.595000,77.802000,94.702000,31.49
873594351,0.138000,-1.079000,-0.003000,64.168000,86.443000,90.855000,31.35
873602623,0.074000,-1.104000,0.100000,64.870000,85.954000,82.168000,31.40
873617620,0.176000,-0.844000,-0.102000,60.137000,91.832000,88.656000,31.40
873625772,-0.089000,-1.256000,0.107000,29.313000,66.626000,100.443000,31.35
873636518,0.169000,-1.090000,0.177000,40.992000,75.099000,90.290000,31.40
873650584,0.044000,-1.082000,0.176000,33.481000,77.664000,74.885000,31.45
873652721,-0.003000,-1.089000,0.195000,31.298000,71.527000,85.359000,31.40
873666636,0.202000,-1.073000,0.169000,29.969000,80.702000,79.939000,31.45
873673379,0.218000,-1.144000,0.226000,32.076000,102.824000,64.672000,31.40
873683491,-0.230000,-1.175000,0.248000,41.649000,88.855000,67.695000,31.35
873695608,0.236000,-1.590000,0.073000,115.985000,47.160000,164.107000,31.40
873707250,0.781000,-0.872000,0.449000,41.557000,110.763000,51.878000,31.49
873719402,-0.133000,-0.978000,0.185000,48.336000,112.550000,43.832000,31.35
873725127,-0.048000,-1.049000,0.405000,45.344000,100.046000,49.542000,31.40
873734774,0.300000,-1.093000,0.254000,63.435000,86.870000,50.489000,31.45
873744879,-0.121000,-1.130000,0.236000,40.748000,80.214000,84.183000,31.40
873753977,0.312000,-1.295000,0.303000,45.160000,82.916000,46.397000,31.45
873765359,0.069000,-1.126000,0.257000,44.214000,82.015000,30.809000,31.40
873774738,0.019000,-1.028000,0.250000,56.076000,81.511000,39.313000,31.35
873784578,-0.149000,-0.814000,0.173000,23.206000,55.695000,13.282000,31.40
873791861,0.095000,-1.127000,0.339000,29.115000,43.206000,7.038000,31.49
873806339,0.009000,-0.979000,0.290000,31.084000,51.374000,1.267000,31.45
873816582,-0.030000,-0.958000,0.311000,29.634000,53.985000,-3.908000,31.40
873824935,0.003000,-0.995000,0.391000,30.290000,50.443000,-12.840000,31.45
873835894,-0.164000,-0.955000,0.337000,30.916000,45.878000,-17.344000,31.40
873847537,-0.282000,-0.919000,0.258000,28.672000,33.496000,-13.679000,31.45
873855679,-0.260000,-0.933000,0.276000,25.634000,25.863000,-11.557000,31.31
873864829,-0.180000,-0.951000,0.312000,26.992000,25.603000,-15.344000,31.45
873878723,-0.116000,-0.993000,0.349000,30.718000,31.924000,-18.061000,31.35
873885483,-0.160000,-0.968000,0.321000,36.061000,39.130000,-20.443000,31.40
873892627,-0.219000,-0.905000,0.274000,35.527000,42.580000,-20.550000,31.45
873907443,-0.257000,-0.895000,0.247000,33.206000,42.687000,-20.305000,31.31
873917545,-0.274000,-0.866000,0.251000,32.626000,40.763000,-16.809000,31.35
873926091,-0.243000,-0.868000,0.262000,31.145000,37.527000,-16.183000,31.31
873935911,-0.245000,-0.844000,0.239000,31.084000,36.534000,-16.427000,31.35
873949495,-0.235000,-0.823000,0.210000,29.664000,35.603000,-15.176000,31.31
873954973,-0.189000,-0.840000,0.238000,27.313000,35.664000,-16.580000,31.49
873966074,-0.169000,-0.857000,0.270000,27.771000,36.824000,-16.260000,31.45
873975539,-0.158000,-0.826000,0.329000,28.092000,39.267000,-13.817000,31.31
873987680,-0.147000,-0.836000,0.321000,30.076000,43.985000,-12.107000,31.35
873992755,-0.174000,-0.840000,0.381000,28.977000,45.160000,-11.084000,31.40
874006239,-0.188000,-0.902000,0.286000,27.527000,45.115000,-8.351000,31.35
874018572,-0.165000,-0.975000,0.263000,30.763000,48.031000,-8.611000,31.40
874026193,-0.145000,-0.950000,0.262000,34.153000,53.344000,-11.191000,31.45
874032271,-0.141000,-0.928000,0.322000,38.977000,56.763000,-11.527000,31.35
874048961,-0.104000,-0.909000,0.365000,40.260000,59.282000,-12.794000,31.31
874057346,-0.075000,-0.899000,0.432000,37.282000,61.282000,-17.817000,31.35
874063101,-0.119000,-0.887000,0.341000,38.519000,64.351000,-13.649000,31.40
874076808,-0.122000,-0.916000,0.278000,38.931000,67.771000,-17.588000,31.35
874087456,-0.104000,-0.870000,0.204000,33.786000,69.542000,-16.595000,31.40
874093730,-0.159000,-0.955000,0.352000,31.053000,61.206000,-17.985000,31.45
874105621,-0.140000,-0.925000,0.346000,31.160000,59.863000,-19.115000,31.40
874116291,-0.149000,-0.880000,0.331000,30.550000,59.237000,-21.038000,31.35
874132317,-0.152000,-0.864000,0.333000,30.122000,59.420000,-21.099000,31.35
874134114,-0.153000,-0.859000,0.317000,30.718000,59.802000,-22.260000,31.49
874150154,-0.161000,-0.872000,0.347000,29.695000,57.160000,-22.916000,31.35
874160491,-0.150000,-0.909000,0.396000,31.527000,57.832000,-25.145000,31.40
874164521,-0.182000,-0.863000,0.387000,32.916000,55.389000,-24.947000,31.45
874180407,-0.176000,-0.842000,0.391000,30.107000,54.626000,-25.649000,31.35
874184405,-0.167000,-0.869000,0.346000,31.756000,53.756000,-26.305000,31.45
874194319,-0.202000,-0.867000,0.327000,31.267000,53.099000,-25.237000,31.40
874205963,-0.162000,-0.900000,0.340000,33.542000,54.840000,-25.817000,31.31
874218487,-0.157000,-0.922000,0.362000,36.931000,59.282000,-26.794000,31.35
874231459,-0.198000,-0.871000,0.330000,39.252000,63.298000,-26.473000,31.31
874237579,-0.244000,-0.831000,0.360000,37.084000,59.298000,-25.084000,31.35
874244798,-0.245000,-0.872000,0.291000,32.779000,54.076000,-24.473000,31.40
874257061,-0.264000,-0.873000,0.289000,32.626000,49.038000,-21.893000,31.35
874265131,-0.214000,-0.857000,0.339000,30.489000,49.771000,-22.443000,31.35
874275576,-0.187000,-0.849000,0.396000,28.382000,49.557000,-24.626000,31.45
874284861,-0.254000,-0.816000,0.480000,28.168000,45.023000,-26.168000,31.40
874295142,-0.242000,-0.812000,0.394000,25.359000,47.176000,-26.748000,31.49
874300727,-0.226000,-0.835000,0.335000,24.702000,47.939000,-26.809000,31.35
874313864,-0.176000,-0.877000,0.364000,25.053000,49.511000,-30.168000,31.40
874328040,-0.143000,-0.838000,0.327000,24.031000,52.183000,-29.863000,31.45
874337513,-0.159000,-0.836000,0.320000,25.496000,48.611000,-24.214000,31.31
874347829,-0.120000,-0.867000,0.329000,27.542000,52.229000,-26.931000,31.35
874360925,-0.109000,-0.868000,0.377000,32.244000,57.160000,-30.321000,31.35
874366264,-0.082000,-0.862000,0.357000,37.053000,63.206000,-31.450000,31.45
874375964,-0.051000,-0.863000,0.347000,41.557000,73.115000,-30.931000,31.35
874385080,-0.093000,-0.831000,0.386000,46.626000,80.305000,-31.389000,31.40
874395378,-0.163000,-0.830000,0.380000,49.893000,81.267000,-31.573000,31.54
874401059,-0.160000,-0.821000,0.299000,51.344000,80.336000,-27.344000,31.40
874413748,-0.165000,-0.818000,0.299000,51.099000,80.489000,-24.611000,31.35
874429890,-0.179000,-0.809000,0.290000,50.214000,79.954000,-22.580000,31.40
874435297,-0.207000,-0.798000,0.273000,47.954000,78.412000,-20.672000,31.35
874444734,-0.182000,-0.815000,0.315000,46.840000,78.015000,-18.916000,31.45
874454644,-0.154000,-0.844000,0.337000,48.641000,81.557000,-19.099000,31.40
874468338,-0.158000,-0.831000,0.358000,51.618000,87.740000,-18.626000,31.35
874475514,-0.181000,-0.793000,0.384000,54.061000,91.679000,-17.847000,31.40
874486762,-0.187000,-0.765000,0.379000,55.511000,95.939000,-19.450000,31.45
874495701,-0.193000,-0.779000,0.346000,55.863000,98.443000,-21.359000,31.40
874505229,-0.217000,-0.792000,0.321000,54.489000,98.580000,-23.130000,31.35
874513512,-0.223000,-0.807000,0.282000,52.366000,99.542000,-23.527000,31.40
874526355,-0.225000,-0.804000,0.293000,52.412000,99.252000,-24.580000,31.45
874536396,-0.253000,-0.763000,0.275000,50.168000,96.992000,-26.412000,31.35
874546046,-0.237000,-0.717000,0.283000,46.794000,91.450000,-26.046000,31.40
874556145,-0.199000,-0.706000,0.271000,40.137000,91.267000,-28.519000,31.54
874564559,-0.137000,-0.695000,0.265000,40.305000,91.344000,-28.397000,31.40
874577265,-0.194000,-0.646000,0.295000,36.183000,89.130000,-27.282000,31.26
874586563,-0.186000,-0.640000,0.288000,34.351000,82.580000,-24.901000,31.49
874597416,-0.120000,-0.674000,0.268000,30.015000,84.137000,-26.550000,31.45
874603814,-0.103000,-0.725000,0.300000,30.626000,91.664000,-27.191000,31.49
874615558,-0.143000,-0.741000,0.313000,33.038000,95.573000,-25.511000,31.45
874621769,-0.170000,-0.730000,0.298000,32.779000,97.252000,-24.061000,31.35
874632774,-0.121000,-0.710000,0.221000,34.244000,101.832000,-21.634000,31.40
874647369,-0.168000,-0.735000,0.308000,39.206000,101.634000,-18.443000,31.45
874660226,-0.193000,-0.712000,0.275000,38.794000,101.344000,-17.649000,31.40
874665723,-0.209000,-0.690000,0.210000,39.282000,101.603000,-16.336000,31.35
874675918,-0.224000,-0.687000,0.212000,38.076000,100.504000,-16.427000,31.40
874685514,-0.235000,-0.695000,0.196000,37.008000,100.718000,-12.718000,31.45
874694854,-0.287000,-0.715000,0.191000,40.870000,95.740000,-6.183000,31.40
874705142,-0.254000,-0.733000,0.220000,35.832000,94.000000,-7.664000,31.45
874717494,-0.187000,-0.736000,0.226000,35.908000,96.305000,-11.191000,31.45
874724965,-0.187000,-0.792000,0.251000,34.427000,93.573000,10.107000,31.40
874733215,-0.308000,-0.753000,0.183000,36.321000,90.229000,-6.458000,31.45
874745879,-0.358000,-0.634000,0.113000,45.023000,87.603000,-2.031000,31.40
874754477,-0.366000,-0.562000,0.134000,36.198000,74.244000,4.550000,31.45
874766331,-0.257000,-0.477000,0.052000,17.878000,82.672000,-12.473000,31.40
874773510,-0.367000,-0.569000,0.189000,21.267000,66.672000,-7.160000,31.45
874784799,-0.313000,-0.548000,0.217000,13.466000,64.733000,-13.389000,31.40
874797284,-0.388000,-0.663000,0.266000,1.695000,57.359000,-14.580000,31.45
874803298,-0.371000,-0.810000,0.363000,-5.328000,49.496000,-5.191000,31.35
874816108,-0.424000,-0.852000,0.359000,-1.237000,39.985000,-1.847000,31.49
874823868,-0.317000,-0.880000,0.226000,-3.023000,42.763000,-6.244000,31.35
874834550,-0.386000,-0.787000,0.234000,6.412000,43.786000,-14.076000,31.49
874841020,-0.477000,-0.658000,0.151000,14.611000,42.336000,-11.298000,31.35
874853431,-0.403000,-0.562000,0.155000,16.794000,48.183000,-7.481000,31.40
874866502,-0.386000,-0.698000,0.340000,21.252000,40.763000,-10.260000,31.45
874877141,-0.384000,-0.672000,0.319000,16.473000,40.412000,-11.557000,31.40
874885129,-0.516000,-0.661000,0.419000,8.473000,25.588000,-17.847000,31.35
874899541,-0.593000,-0.607000,0.367000,8.015000,24.076000,-12.931000,31.35
874905371,-0.522000,-0.651000,0.344000,-0.305000,12.779000,-16.305000,31.35
874915727,-0.411000,-0.702000,0.369000,-8.397000,12.458000,-24.198000,31.45
874926298,-0.409000,-0.661000,0.335000,-5.863000,7.786000,-27.206000,31.49
874938280,-0.438000,-0.605000,0.303000,-6.000000,6.840000,-28.947000,31.35
874943138,-0.475000,-0.621000,0.393000,-8.656000,8.198000,-25.908000,31.40
874954095,-0.502000,-0.779000,0.539000,-11.679000,11.405000,-24.015000,31.35
874961419,-0.505000,-0.867000,0.576000,-11.847000,10.290000,-20.916000,31.40
874974439,-0.493000,-0.897000,0.398000,-13.084000,10.290000,-18.031000,31.35
874985518,-0.498000,-0.916000,0.298000,-11.969000,5.420000,-15.832000,31.45
874993222,-0.537000,-0.895000,0.265000,-11.847000,1.527000,-16.595000,31.49
875006863,-0.587000,-0.852000,0.255000,-15.893000,-8.977000,-16.565000,31.35
875016883,-0.528000,-0.842000,0.270000,-17.099000,-18.458000,-18.580000,31.31
875024375,-0.510000,-0.745000,0.312000,-17.969000,-23.160000,-22.229000,31.35
875035818,-0.580000,-0.680000,0.328000,-24.611000,-26.382000,-23.740000,31.40
875047820,-0.616000,-0.781000,0.377000,-29.985000,-33.008000,-21.298000,31.35
875054276,-0.553000,-0.839000,0.382000,-31.435000,-36.000000,-18.412000,31.40
875065341,-0.520000,-0.806000,0.375000,-34.122000,-39.328000,-19.466000,31.45
875071874,-0.524000,-0.768000,0.376000,-34.534000,-47.740000,-13.527000,31.45
875087055,-0.364000,-0.770000,0.361000,-35.496000,-41.908000,-19.603000,31.49
875095833,-0.388000,-0.729000,0.348000,-32.611000,-36.885000,-19.176000,31.35
875104561,-0.403000,-0.739000,0.302000,-30.855000,-34.076000,-18.366000,31.49
875119283,-0.412000,-0.747000,0.274000,-29.618000,-35.069000,-20.595000,31.35
875128507,-0.495000,-0.728000,0.280000,-36.351000,-42.779000,-11.542000,31.40
875134624,-0.449000,-0.774000,0.255000,-40.168000,-53.466000,-11.145000,31.45
875147261,-0.403000,-0.831000,0.243000,-39.267000,-53.481000,-8.840000,31.40
875156946,-0.451000,-0.790000,0.271000,-37.725000,-54.748000,-4.382000,31.35
875164513,-0.494000,-0.650000,0.231000,-36.763000,-53.023000,3.573000,31.35
875171131,-0.492000,-0.817000,0.244000,-38.779000,-48.229000,1.618000,31.31
875409544,-0.585000,-1.454000,0.140000,-2.076000,-17.145000,26.733000,31.35
875412953,-0.801000,-1.165000,0.008000,22.351000,49.908000,-2.977000,31.40
875427101,-1.282000,-0.734000,0.206000,-8.443000,-16.321000,-4.794000,31.45
875433829,-0.940000,-1.777000,0.917000,0.092000,-84.336000,-17.069000,31.31
875437154,-0.042000,-2.226000,0.692000,52.641000,-4.611000,-61.725000,31.45
875444218,-1.114000,-0.226000,-0.038000,53.008000,68.214000,-72.107000,31.40
875452541,-1.526000,0.323000,0.093000,-35.725000,-19.771000,-11.099000,31.35
875464642,-0.132000,-0.356000,0.572000,-37.160000,-20.779000,-25.435000,31.26
875470721,-0.070000,-0.505000,0.778000,-26.137000,-19.817000,-42.870000,31.40
875474065,0.211000,-1.329000,0.972000,-7.313000,-36.153000,-48.076000,31.35
875479439,0.051000,-1.440000,0.518000,32.595000,12.015000,-55.023000,31.40
875488834,-0.623000,-0.899000,0.170000,34.840000,36.168000,-40.626000,31.45
875495662,-0.822000,-0.312000,0.332000,-5.603000,-3.679000,-4.595000,31.40
875504079,-0.230000,-0.566000,0.580000,-13.817000,-18.382000,-15.237000,31.35
875505843,-0.098000,-0.878000,0.450000,-0.443000,-12.198000,-26.611000,31.31
875507590,-0.222000,-1.028000,0.275000,6.397000,-4.916000,-26.580000,31.45
875510269,-0.480000,-0.821000,0.273000,-6.473000,-17.557000,-6.992000,31.45
875511769,-0.336000,-0.760000,0.407000,-17.328000,-30.779000,2.580000,31.31
875535510,-0.232000,-0.733000,0.398000,-18.107000,-29.023000,3.053000,31.26
875549269,-0.226000,-0.782000,0.322000,-17.374000,-23.893000,5.084000,31.31
875552188,-0.296000,-0.837000,0.339000,-17.863000,-23.435000,8.824000,31.45
875558277,-0.242000,-0.858000,0.360000,-18.962000,-22.534000,7.924000,31.31
875565205,-0.241000,-0.867000,0.401000,-18.672000,-22.489000,11.939000,31.45
875578485,-0.196000,-0.866000,0.391000,-17.282000,-19.160000,10.137000,31.40
875583437,-0.221000,-0.865000,0.386000,-16.748000,-18.107000,9.954000,31.35
875587787,-0.222000,-0.914000,0.373000,-15.115000,-16.305000,10.595000,31.45
875592177,-0.208000,-0.965000,0.367000,-10.550000,-10.885000,8.916000,31.40
875603424,-0.235000,-0.925000,0.364000,-6.595000,-6.427000,9.802000,31.45
875608117,-0.297000,-0.898000,0.337000,-8.000000,-3.328000,8.916000,31.40
875615973,-0.330000,-0.881000,0.328000,-17.618000,-5.679000,14.382000,31.45
875618039,-0.362000,-0.868000,0.293000,-20.656000,-16.244000,20.092000,31.40
875620200,-0.301000,-0.926000,0.320000,-23.679000,-17.588000,21.206000,31.35
875621724,-0.283000,-0.885000,0.353000,-18.351000,-18.153000,17.053000,31.40
875623217,-0.315000,-0.821000,0.367000,-16.885000,-19.115000,16.336000,31.31
875658340,-0.342000,-0.798000,0.357000,-17.099000,-27.985000,25.008000,31.35
875663986,-0.202000,-0.927000,0.229000,-13.023000,-12.305000,21.664000,31.40
875669653,-0.283000,-0.917000,0.358000,7.313000,-8.870000,15.634000,31.35
875674525,-0.382000,-0.731000,0.264000,-9.298000,-5.405000,11.756000,31.40
875687373,-0.406000,-0.792000,0.279000,-14.290000,-14.962000,24.763000,31.45
875696449,-0.320000,-0.758000,0.281000,-28.122000,-21.756000,16.198000,31.21
875702261,-0.309000,-0.887000,0.313000,-26.901000,-30.656000,10.153000,31.35
875704315,-0.203000,-0.968000,0.240000,-23.191000,-21.527000,7.160000,31.26
875709420,-0.167000,-1.034000,0.247000,-17.374000,-18.275000,2.794000,31.31
875718634,-0.065000,-1.105000,0.159000,-11.802000,-11.374000,-2.595000,31.35
875724853,0.045000,-1.238000,0.153000,2.489000,5.420000,-12.107000,31.40
875733467,-0.030000,-1.169000,0.184000,19.740000,20.351000,-16.519000,31.35
875739252,-0.238000,-1.101000,0.031000,24.076000,30.794000,-16.382000,31.31
875742377,-0.204000,-1.117000,0.234000,38.290000,26.763000,-20.901000,31.35
875744366,0.015000,-1.054000,0.322000,51.099000,43.115000,-43.084000,31.49
875769161,-0.073000,-0.840000,0.168000,53.374000,66.641000,-47.939000,31.40
875785956,-0.264000,-0.677000,0.100000,40.305000,65.969000,-47.832000,31.35
875787948,-0.402000,-0.637000,0.140000,23.008000,48.061000,-35.435000,31.31
875791764,-0.402000,-0.651000,0.195000,7.191000,28.519000,-26.244000,31.35
875799184,-0.371000,-0.672000,0.299000,-1.725000,13.160000,-17.740000,31.40
875811539,-0.337000,-0.699000,0.327000,-6.718000,1.756000,-11.710000,31.35
875820487,-0.290000,-0.722000,0.353000,-9.389000,-7.618000,-6.427000,31.40
875823183,-0.248000,-0.747000,0.370000,-9.969000,-11.679000,-2.885000,31.35
875829009,-0.253000,-0.780000,0.367000,-9.511000,-14.794000,-0.260000,31.35
875837298,-0.303000,-0.777000,0.312000,-9.725000,-15.023000,3.710000,31.40
875846375,-0.302000,-0.795000,0.343000,-11.527000,-16.504000,6.473000,31.35
875851716,-0.290000,-0.823000,0.309000,-12.198000,-16.962000,5.695000,31.40
875856808,-0.296000,-0.848000,0.351000,-11.557000,-17.252000,6.931000,31.45
875859397,-0.278000,-0.870000,0.376000,-7.893000,-14.000000,4.550000,31.45
875861082,-0.334000,-0.863000,0.439000,-6.366000,-9.679000,6.763000,31.35
875862864,-0.352000,-0.848000,0.438000,-3.954000,-9.710000,8.595000,31.40
875894940,-0.395000,-0.848000,0.409000,-4.779000,-8.901000,9.634000,31.35
875901350,-0.376000,-0.860000,0.391000,-6.565000,-12.336000,11.206000,31.45
875905936,-0.379000,-0.878000,0.406000,-7.069000,-14.855000,11.130000,31.40
875913325,-0.325000,-0.928000,0.382000,-7.252000,-12.809000,5.466000,31.35
875923179,-0.348000,-0.968000,0.315000,-1.817000,-11.328000,5.008000,31.31
875933002,-0.296000,-1.067000,0.328000,6.931000,-3.435000,-1.740000,31.35
875934994,-0.267000,-1.108000,0.437000,25.359000,12.321000,-8.885000,31.45
875936883,-0.197000,-1.019000,0.587000,45.115000,41.389000,-24.748000,31.35
875942301,-0.261000,-0.971000,0.485000,53.725000,62.565000,-41.771000,31.49
875948683,-0.367000,-0.982000,0.439000,56.183000,66.183000,-45.084000,31.40
875960058,-0.329000,-1.075000,0.391000,52.412000,66.687000,-49.603000,31.26
875966106,-0.402000,-1.175000,0.410000,58.473000,61.985000,-41.634000,31.31
875969791,-0.419000,-1.085000,0.433000,67.084000,60.382000,-39.389000,31.45
875971545,-0.474000,-0.992000,0.406000,67.954000,61.252000,-41.466000,31.31
875974777,-0.566000,-0.921000,0.451000,63.863000,52.015000,-39.328000,31.35
876006599,-0.628000,-0.881000,0.487000,57.038000,32.321000,-29.954000,31.35
876012407,-0.554000,-0.874000,0.492000,48.260000,16.595000,-22.397000,31.45
876017617,-0.536000,-0.869000,0.455000,39.786000,-0.580000,-24.870000,31.40
876021486,-0.629000,-0.821000,0.528000,36.687000,-21.237000,-5.069000,31.31
876031994,-0.503000,-0.762000,0.559000,26.611000,-35.786000,-7.038000,31.45
876040028,-0.428000,-0.774000,0.606000,21.053000,-37.863000,-13.557000,31.31
876045132,-0.395000,-0.747000,0.608000,18.763000,-42.489000,-14.061000,31.35
876056034,-0.399000,-0.723000,0.607000,13.450000,-48.244000,-7.069000,31.40
876064835,-0.409000,-0.690000,0.583000,4.000000,-52.214000,-1.481000,31.35
876075298,-0.380000,-0.692000,0.560000,-4.687000,-54.412000,-0.229000,31.35
876103176,-0.358000,-0.660000,0.502000,-16.580000,-51.069000,-3.832000,31.26
876118295,-0.309000,-0.682000,0.459000,-22.489000,-48.351000,-2.718000,31.35
876120206,-0.303000,-0.752000,0.455000,-30.901000,-46.000000,-6.015000,31.40
876140358,-0.298000,-0.804000,0.445000,-34.015000,-40.733000,-8.794000,31.26
876145196,-0.280000,-0.868000,0.396000,-30.870000,-32.458000,-8.565000,31.31
876151204,-0.208000,-0.871000,0.384000,-22.229000,-22.076000,-13.176000,31.35
876153426,-0.171000,-0.911000,0.387000,-9.740000,-7.740000,-18.748000,31.40
876163441,-0.236000,-0.975000,0.411000,5.786000,1.313000,-16.763000,31.26
876172591,-0.156000,-0.927000,0.414000,22.000000,8.962000,-18.641000,31.35
876184080,-0.159000,-0.900000,0.419000,35.832000,11.634000,-16.137000,31.40
876186499,-0.161000,-0.852000,0.386000,49.511000,18.473000,-14.687000,31.35
876211737,-0.153000,-0.832000,0.386000,58.794000,22.702000,-16.198000,31.40
876223991,-0.167000,-0.791000,0.386000,67.863000,24.275000,-15.038000,31.35
876229875,-0.158000,-0.753000,0.384000,73.649000,27.298000,-14.137000,31.31
876234800,-0.180000,-0.724000,0.387000,77.206000,28.458000,-12.122000,31.45
876238786,-0.141000,-0.699000,0.365000,78.504000,32.504000,-12.366000,31.40
876253150,-0.195000,-0.692000,0.382000,80.901000,31.588000,-9.450000,31.35
876263563,-0.226000,-0.655000,0.374000,80.519000,29.740000,-5.466000,31.35
876265727,-0.221000,-0.632000,0.378000,77.237000,26.458000,-5.466000,31.40
876275486,-0.209000,-0.664000,0.379000,77.313000,22.656000,-2.351000,31.26
876285746,-0.220000,-0.628000,0.382000,73.985000,22.168000,1.328000,31.21
876295481,-0.205000,-0.594000,0.360000,70.656000,17.405000,5.710000,31.45
876323440,-0.355000,-0.713000,0.465000,58.198000,-8.122000,12.977000,31.40
876338213,-0.158000,-0.549000,0.310000,53.084000,9.847000,23.405000,31.35
876340934,-0.222000,-0.620000,0.368000,44.611000,-5.802000,19.328000,31.40
876347120,-0.223000,-0.622000,0.364000,39.130000,-11.725000,26.351000,31.31
876359768,-0.212000,-0.620000,0.375000,33.221000,-18.275000,26.550000,31.26
876368006,-0.221000,-0.609000,0.392000,31.588000,-22.824000,36.718000,31.40
876373484,-0.227000,-0.586000,0.405000,22.595000,-27.267000,42.305000,31.45
876375398,-0.249000,-0.576000,0.400000,16.611000,-35.618000,47.893000,31.31
876387754,-0.265000,-0.589000,0.385000,10.397000,-45.863000,55.389000,31.35
876398727,-0.253000,-0.582000,0.375000,3.145000,-59.237000,61.176000,31.31
876407032,-0.219000,-0.580000,0.362000,-4.565000,-71.206000,65.649000,31.35
876432437,-0.203000,-0.560000,0.347000,-13.435000,-82.534000,70.107000,31.26
876445649,-0.200000,-0.551000,0.353000,-23.573000,-92.809000,74.046000,31.31
876452042,-0.188000,-0.560000,0.355000,-33.160000,-103.511000,78.260000,31.26
876455489,-0.174000,-0.570000,0.356000,-41.969000,-111.985000,80.626000,31.31
876460129,-0.134000,-0.584000,0.355000,-49.359000,-117.511000,80.580000,31.45
876474434,-0.142000,-0.591000,0.357000,-56.122000,-119.603000,81.878000,31.31
876484437,-0.152000,-0.637000,0.352000,-60.580000,-122.336000,84.366000,31.26
876486176,-0.132000,-0.642000,0.356000,-66.672000,-120.870000,83.588000,31.40
876498125,-0.140000,-0.663000,0.360000,-71.267000,-118.183000,84.702000,31.31
876507210,-0.102000,-0.660000,0.359000,-75.008000,-110.305000,92.641000,31.35
876519405,-0.052000,-0.680000,0.371000,-74.779000,-101.924000,92.092000,31.31
876544953,-0.052000,-0.702000,0.415000,-71.237000,-91.389000,90.260000,31.35
876557218,-0.024000,-0.693000,0.420000,-68.229000,-79.008000,90.305000,31.31
876562764,-0.048000,-0.642000,0.423000,-65.374000,-68.962000,100.458000,31.35
876565971,0.067000,-0.652000,0.475000,-61.252000,-49.206000,99.542000,31.31
876572657,0.040000,-0.761000,0.514000,-44.779000,-37.176000,89.084000,31.35
876587590,-0.033000,-0.649000,0.497000,-44.260000,-23.710000,85.038000,31.31
876593152,0.077000,-0.744000,0.493000,-31.740000,-6.031000,89.588000,31.31
876595278,-0.020000,-0.733000,0.491000,-32.397000,-2.412000,81.115000,31.35
876606353,-0.035000,-0.751000,0.501000,-30.931000,-2.824000,84.855000,31.31
876614868,-0.045000,-0.784000,0.521000,-31.756000,-4.565000,79.679000,31.45
876625557,-0.084000,-0.798000,0.514000,-33.374000,-9.527000,74.611000,31.40
876650888,-0.089000,-0.794000,0.524000,-36.870000,-15.817000,72.931000,31.35
876662295,-0.111000,-0.800000,0.520000,-42.321000,-24.824000,68.718000,31.31
876668216,-0.138000,-0.823000,0.512000,-47.267000,-34.366000,67.053000,31.35
876670580,-0.144000,-0.841000,0.509000,-51.618000,-45.115000,60.046000,31.40
876681535,-0.138000,-0.863000,0.529000,-54.504000,-53.588000,53.344000,31.31
876692268,-0.111000,-0.864000,0.516000,-55.008000,-58.916000,51.710000,31.35
876697780,-0.112000,-0.875000,0.520000,-58.366000,-62.504000,46.443000,31.31
876701796,-0.118000,-0.882000,0.534000,-61.023000,-69.298000,37.481000,31.26
876717146,-0.152000,-0.871000,0.540000,-63.924000,-74.565000,35.053000,31.31
876726269,-0.039000,-0.883000,0.512000,-68.107000,-71.832000,32.855000,31.45
876732643,-0.049000,-0.892000,0.523000,-67.634000,-72.137000,24.229000,31.31
876766272,-0.090000,-0.869000,0.506000,-69.374000,-70.595000,20.824000,31.26
876772617,-0.086000,-0.852000,0.503000,-70.321000,-72.031000,19.969000,31.35
876778810,-0.028000,-0.865000,0.509000,-69.725000,-66.718000,16.748000,31.40
876786476,-0.016000,-0.869000,0.506000,-65.405000,-59.160000,11.832000,31.26
876796261,-0.020000,-0.819000,0.519000,-62.275000,-51.359000,6.550000,31.31
876801728,0.017000,-0.746000,0.551000,-63.344000,-40.290000,3.924000,31.35
876805735,-0.058000,-0.777000,0.553000,-61.023000,-35.008000,3.008000,31.35
876814859,-0.001000,-0.811000,0.560000,-62.595000,-26.427000,3.679000,31.35
876825576,-0.038000,-0.783000,0.561000,-54.992000,-23.313000,5.985000,31.31
876834142,-0.082000,-0.778000,0.557000,-53.573000,-19.847000,7.634000,31.31
876869335,-0.054000,-0.741000,0.551000,-52.107000,-19.145000,10.809000,31.35
876875132,-0.059000,-0.815000,0.616000,-50.183000,-12.916000,8.458000,31.40
876877077,-0.079000,-0.802000,0.620000,-45.344000,-12.092000,9.496000,31.45
876881605,-0.051000,-0.797000,0.630000,-41.618000,-7.710000,9.969000,31.31
876884856,-0.142000,-0.817000,0.643000,-36.763000,-5.084000,8.244000,31.35
876896180,-0.097000,-0.822000,0.648000,-32.412000,-4.046000,5.588000,31.35
876904479,-0.080000,-0.843000,0.635000,-26.473000,-2.107000,2.550000,31.26
876917045,-0.113000,-0.829000,0.617000,-21.053000,-2.260000,-2.748000,31.21
876925726,-0.149000,-0.865000,0.625000,-11.557000,0.275000,-0.397000,31.31
876936455,-0.126000,-0.857000,0.617000,-6.427000,2.427000,-4.916000,31.26
876961471,-0.117000,-0.849000,0.626000,-0.321000,5.115000,-8.550000,31.31
876973743,-0.168000,-0.847000,0.590000,3.740000,6.336000,-10.412000,31.35
876979328,-0.178000,-0.815000,0.592000,7.618000,6.260000,-10.031000,31.31
876981147,-0.159000,-0.801000,0.587000,11.084000,6.137000,-11.374000,31.26
876986201,-0.176000,-0.789000,0.555000,12.244000,5.481000,-11.969000,31.35
876999516,-0.148000,-0.776000,0.544000,14.519000,4.916000,-9.924000,31.26
877008880,-0.167000,-0.791000,0.509000,15.252000,4.168000,-10.473000,31.26
877015709,-0.166000,-0.774000,0.491000,15.252000,1.359000,-8.366000,31.31
877025944,-0.156000,-0.770000,0.477000,12.962000,-1.786000,-4.870000,31.35
877038059,-0.136000,-0.772000,0.467000,11.252000,-3.130000,-3.099000,31.31
877042261,-0.144000,-0.765000,0.463000,9.481000,-5.344000,-2.305000,31.26
877075871,-0.139000,-0.766000,0.442000,7.939000,-7.511000,0.046000,31.40
877083417,-0.134000,-0.760000,0.432000,5.252000,-8.687000,-0.733000,31.45
877085542,-0.138000,-0.747000,0.437000,2.504000,-10.244000,-0.229000,31.35
877091599,-0.136000,-0.727000,0.435000,0.672000,-11.985000,-0.336000,31.35
877098363,-0.129000,-0.721000,0.414000,-2.763000,-12.550000,-0.107000,31.26
877116504,-0.110000,-0.717000,0.450000,-3.695000,-11.573000,1.389000,31.40
877119053,-0.098000,-0.697000,0.475000,-7.237000,-9.908000,-2.000000,31.26
877125759,-0.094000,-0.719000,0.486000,-5.618000,-6.626000,-3.420000,31.40
877137216,-0.102000,-0.725000,0.483000,-5.878000,-2.641000,-5.542000,31.35
877145184,-0.115000,-0.739000,0.472000,-3.863000,-0.427000,-5.252000,31.40
877155509,-0.116000,-0.729000,0.475000,-1.832000,2.290000,-5.069000,31.35
877185816,-0.078000,-0.740000,0.544000,1.435000,6.550000,-9.344000,31.26
877197491,-0.155000,-0.723000,0.449000,3.740000,6.916000,-8.000000,31.31
877199644,-0.083000,-0.717000,0.482000,3.450000,8.794000,-8.595000,31.35
877206165,-0.124000,-0.720000,0.523000,5.466000,9.481000,-4.672000,31.31
877213773,-0.195000,-0.731000,0.506000,2.901000,4.718000,-1.939000,31.35
877225713,-0.180000,-0.752000,0.550000,-2.855000,7.557000,1.481000,31.31
877232678,-0.166000,-0.840000,0.514000,-4.702000,5.069000,4.870000,31.35
877238894,-0.195000,-0.823000,0.603000,-7.893000,4.702000,12.153000,31.31
877249653,-0.238000,-0.868000,0.590000,-12.198000,1.893000,17.267000,31.35
877262164,-0.148000,-0.889000,0.603000,-15.008000,3.145000,18.534000,31.35
877266510,-0.148000,-0.917000,0.650000,-12.107000,4.962000,20.595000,31.40
877310207,-0.141000,-0.935000,0.637000,-7.634000,8.733000,21.908000,31.35
877320791,-0.100000,-0.950000,0.640000,-2.794000,12.565000,17.939000,31.31
877323710,-0.125000,-0.954000,0.607000,1.725000,16.458000,11.557000,31.35
877329776,-0.057000,-0.925000,0.599000,6.260000,21.450000,6.519000,31.31
877336650,-0.106000,-0.914000,0.558000,10.000000,23.023000,0.977000,31.35
877348118,-0.124000,-0.910000,0.580000,14.458000,22.137000,0.275000,31.21
877353680,-0.092000,-0.903000,0.585000,16.458000,22.015000,-3.450000,31.26
877356754,-0.080000,-0.885000,0.570000,17.969000,26.626000,-8.183000,31.26
877362010,-0.082000,-0.852000,0.591000,24.718000,28.824000,-9.313000,31.40
877368578,-0.074000,-0.825000,0.605000,28.672000,33.756000,-14.015000,31.45
877379662,-0.100000,-0.816000,0.570000,33.802000,36.137000,-16.977000,31.31
877387973,-0.116000,-0.776000,0.552000,35.084000,38.260000,-19.053000,31.26
877392044,-0.070000,-0.780000,0.531000,38.840000,44.031000,-22.412000,31.31
877717924,-0.048000,-0.771000,0.501000,44.351000,48.733000,-29.160000,31.26
877724527,-0.142000,-0.750000,0.573000,48.046000,50.321000,-25.221000,31.21
877728870,-0.098000,-0.746000,0.512000,47.939000,52.779000,-29.160000,31.35
877738701,-0.130000,-0.738000,0.515000,47.389000,51.282000,-29.725000,31.35
877754875,-0.120000,-0.756000,0.523000,49.023000,52.916000,-33.954000,31.31
877761399,-0.177000,-0.717000,0.514000,48.519000,50.580000,-33.893000,31.26
877764402,-0.188000,-0.689000,0.507000,43.603000,47.695000,-32.000000,31.31
877770998,-0.178000,-0.707000,0.489000,38.473000,43.038000,-31.664000,31.35
877777271,-0.192000,-0.726000,0.509000,34.031000,39.191000,-31.618000,31.31
877787452,-0.180000,-0.748000,0.514000,31.939000,39.359000,-29.695000,31.26
877798820,-0.169000,-0.766000,0.519000,32.672000,41.145000,-28.519000,31.31
877801678,-0.150000,-0.794000,0.537000,35.679000,43.924000,-29.481000,31.35
877804330,-0.198000,-0.770000,0.511000,37.038000,44.122000,-33.603000,31.35
877805691,-0.206000,-0.791000,0.491000,38.550000,44.275000,-33.221000,31.31
877807664,-0.191000,-0.792000,0.470000,39.588000,45.206000,-34.107000,31.26
877841266,-0.200000,-0.785000,0.472000,39.374000,45.267000,-37.603000,31.31
877847291,-0.218000,-0.792000,0.455000,39.038000,44.290000,-39.252000,31.35
877849442,-0.221000,-0.791000,0.430000,37.817000,45.298000,-38.611000,31.40
877856046,-0.227000,-0.776000,0.436000,36.107000,46.595000,-36.687000,31.26
877868855,-0.225000,-0.806000,0.413000,34.565000,47.008000,-38.473000,31.40
877875448,-0.257000,-0.797000,0.420000,33.954000,47.618000,-38.183000,31.45
877881833,-0.258000,-0.760000,0.384000,29.588000,48.366000,-37.878000,31.35
877884000,-0.194000,-0.765000,0.407000,28.397000,49.817000,-37.893000,31.31
877890612,-0.237000,-0.764000,0.457000,23.603000,50.183000,-38.458000,31.26
877903119,-0.174000,-0.790000,0.450000,25.435000,53.023000,-38.702000,31.31
877914093,-0.183000,-0.782000,0.460000,28.580000,58.443000,-42.458000,31.26
877918649,-0.202000,-0.760000,0.454000,33.008000,64.214000,-42.076000,31.31
877921204,-0.204000,-0.744000,0.455000,35.969000,68.534000,-42.107000,31.35
877922649,-0.222000,-0.726000,0.452000,35.954000,69.466000,-42.565000,31.40
877924437,-0.248000,-0.724000,0.466000,34.229000,68.458000,-40.779000,31.31
877949924,-0.248000,-0.732000,0.462000,30.565000,65.649000,-40.489000,31.35
877959899,-0.268000,-0.729000,0.460000,24.427000,60.885000,-39.237000,31.31
877966160,-0.285000,-0.715000,0.453000,17.786000,53.863000,-37.908000,31.35
877969651,-0.274000,-0.724000,0.458000,14.580000,47.939000,-35.084000,31.21
877973907,-0.259000,-0.730000,0.466000,11.557000,42.595000,-34.672000,31.35
877981132,-0.233000,-0.733000,0.445000,8.824000,40.321000,-33.496000,31.31
877991970,-0.259000,-0.725000,0.436000,7.832000,36.565000,-32.565000,31.35
877998314,-0.243000,-0.728000,0.426000,5.893000,30.855000,-28.855000,31.26
878000422,-0.225000,-0.734000,0.418000,2.397000,26.198000,-29.893000,31.31
878006088,-0.229000,-0.743000,0.392000,-2.382000,21.374000,-28.000000,31.35
878014010,-0.209000,-0.771000,0.410000,-5.374000,14.641000,-25.038000,31.40
878028944,-0.223000,-0.762000,0.402000,-8.061000,10.733000,-23.802000,31.35
878033726,-0.066000,-0.700000,0.146000,-17.115000,17.786000,-24.260000,31.31
878035434,-0.223000,-0.762000,0.415000,-13.847000,1.405000,-19.786000,31.35
878037822,-0.174000,-0.723000,0.429000,-16.779000,2.351000,-23.924000,31.31
878039720,-0.196000,-0.665000,0.458000,-25.908000,6.137000,-27.313000,31.26
878041406,-0.316000,-0.685000,0.487000,-28.794000,2.840000,-24.275000,31.35
878070931,-0.205000,-0.651000,0.463000,-27.832000,4.733000,-27.802000,31.31
878078908,-0.229000,-0.625000,0.559000,-24.748000,10.031000,-18.290000,31.35
878081778,-0.301000,-0.619000,0.669000,-23.710000,19.221000,-24.397000,31.31
878086305,-0.372000,-0.585000,0.721000,-17.435000,32.260000,-25.618000,31.35
878091962,-0.409000,-0.536000,0.777000,-9.649000,44.824000,-27.847000,31.40
878104424,-0.446000,-0.542000,0.836000,-6.275000,57.221000,-31.511000,31.26
878111443,-0.589000,-0.612000,0.957000,1.985000,66.046000,-32.626000,31.40
878113452,-0.547000,-0.679000,0.731000,7.679000,72.626000,-32.443000,31.31
878117159,-0.483000,-0.713000,0.623000,9.695000,52.870000,-27.496000,31.35
878123065,-0.293000,-0.771000,0.510000,12.931000,48.076000,-21.710000,31.31
878136650,-0.229000,-0.779000,0.449000,17.817000,49.511000,-16.458000,31.45
878145307,-0.292000,-0.761000,0.469000,25.847000,50.397000,-9.466000,31.31
878150021,-0.355000,-0.697000,0.491000,25.634000,42.718000,-2.702000,31.35
878151518,-0.376000,-0.674000,0.525000,19.878000,30.366000,5.618000,31.31
878154223,-0.303000,-0.698000,0.519000,16.992000,23.145000,6.809000,31.35
878156011,-0.357000,-0.661000,0.546000,12.427000,11.573000,10.489000,31.35
878177324,-0.386000,-0.649000,0.553000,5.634000,-1.756000,20.244000,31.40
878189547,-0.327000,-0.664000,0.544000,-2.794000,-14.122000,26.260000,31.35
878195229,-0.300000,-0.669000,0.527000,-9.542000,-24.763000,28.672000,31.40
878201523,-0.254000,-0.701000,0.485000,-15.282000,-31.679000,29.832000,31.35
878205777,-0.211000,-0.723000,0.504000,-17.008000,-36.473000,32.382000,31.35
878220762,-0.207000,-0.736000,0.497000,-20.229000,-41.664000,32.611000,31.35
878227672,-0.205000,-0.749000,0.506000,-22.000000,-44.641000,31.710000,31.31
878230243,-0.191000,-0.757000,0.507000,-23.008000,-45.206000,30.779000,31.40
878235679,-0.191000,-0.756000,0.518000,-22.275000,-45.084000,28.779000,31.35
878241582,-0.191000,-0.755000,0.532000,-21.374000,-43.573000,25.618000,31.40
878250113,-0.182000,-0.757000,0.535000,-19.695000,-39.939000,23.466000,31.45
878260255,-0.192000,-0.763000,0.547000,-17.725000,-36.977000,18.962000,31.31
878264818,-0.194000,-0.756000,0.554000,-15.573000,-32.198000,14.504000,31.35
878266910,-0.201000,-0.760000,0.541000,-13.038000,-28.565000,10.748000,31.35
878269413,-0.203000,-0.747000,0.540000,-10.962000,-24.382000,7.863000,31.35
878270784,-0.206000,-0.750000,0.543000,-8.809000,-20.076000,6.260000,31.31
878272173,-0.218000,-0.750000,0.538000,-6.336000,-16.305000,5.282000,31.31
878294382,-0.213000,-0.749000,0.532000,-5.496000,-12.870000,3.832000,31.45
878312007,-0.225000,-0.743000,0.528000,-3.878000,-10.641000,2.015000,31.31
878314005,-0.220000,-0.740000,0.526000,-2.183000,-7.679000,1.282000,31.35
878317676,-0.217000,-0.748000,0.522000,-0.412000,-4.947000,0.641000,31.31
878322565,-0.201000,-0.736000,0.523000,1.038000,-1.893000,-0.824000,31.35
878335736,-0.205000,-0.738000,0.505000,2.321000,0.809000,-1.939000,31.45
878345860,-0.213000,-0.731000,0.497000,2.702000,2.489000,-2.412000,31.45
878349724,-0.203000,-0.733000,0.507000,3.466000,4.489000,-3.664000,31.35
878355755,-0.208000,-0.728000,0.509000,3.939000,6.595000,-3.847000,31.31
878366183,-0.224000,-0.729000,0.506000,3.313000,7.450000,-4.458000,31.35
878374387,-0.222000,-0.724000,0.506000,2.626000,7.725000,-4.931000,31.40
878381670,-0.226000,-0.717000,0.501000,1.420000,7.328000,-5.435000,31.26
878384699,-0.226000,-0.705000,0.507000,0.382000,7.176000,-5.618000,31.40
878386326,-0.237000,-0.717000,0.504000,-1.252000,6.351000,-5.649000,31.35
878387766,-0.240000,-0.709000,0.510000,-2.962000,5.832000,-5.084000,31.45
878389479,-0.249000,-0.711000,0.521000,-4.321000,4.931000,-4.794000,31.49
878392238,-0.256000,-0.706000,0.529000,-5.649000,3.511000,-3.756000,31.45
878394267,-0.253000,-0.710000,0.536000,-6.870000,2.519000,-3.099000,31.40
878396288,-0.260000,-0.716000,0.538000,-7.603000,1.389000,-2.092000,31.26
878418388,-0.257000,-0.723000,0.537000,-7.954000,0.565000,-2.061000,31.31
878432209,-0.267000,-0.727000,0.546000,-8.107000,-0.962000,-1.191000,31.35
878438904,-0.261000,-0.722000,0.545000,-8.153000,-2.046000,-0.229000,31.40
878444205,-0.258000,-0.724000,0.542000,-8.244000,-3.634000,0.672000,31.35
878451242,-0.250000,-0.719000,0.537000,-7.908000,-5.008000,1.710000,31.35
878464774,-0.247000,-0.719000,0.544000,-7.481000,-6.153000,2.519000,31.40
878470506,-0.239000,-0.721000,0.547000,-7.481000,-7.527000,3.282000,31.35
878473254,-0.237000,-0.729000,0.535000,-7.023000,-8.550000,3.466000,31.40
878480047,-0.237000,-0.728000,0.534000,-6.534000,-9.496000,3.573000,31.35
878487168,-0.226000,-0.728000,0.534000,-5.817000,-9.740000,3.053000,31.31
878496032,-0.220000,-0.732000,0.533000,-4.840000,-9.908000,2.351000,31.35
878506132,-0.215000,-0.735000,0.533000,-3.618000,-9.115000,1.969000,31.31
878525788,-0.217000,-0.727000,0.531000,-3.542000,-8.931000,1.832000,31.40
878543994,-0.217000,-0.728000,0.531000,-3.008000,-8.183000,1.496000,31.35
878551779,-0.213000,-0.723000,0.515000,-3.725000,-7.359000,1.374000,31.40
878553641,-0.225000,-0.727000,0.508000,-4.290000,-7.115000,1.435000,31.45
878558213,-0.225000,-0.728000,0.508000,-5.237000,-6.427000,1.863000,31.40
878567006,-0.225000,-0.736000,0.514000,-5.893000,-5.863000,1.817000,31.45
878581099,-0.221000,-0.732000,0.518000,-6.351000,-5.221000,1.191000,31.31
878587075,-0.217000,-0.725000,0.528000,-6.977000,-4.290000,1.344000,31.35
878593226,-0.219000,-0.720000,0.524000,-7.237000,-3.725000,1.435000,31.31
878605935,-0.229000,-0.724000,0.512000,-7.496000,-3.252000,1.359000,31.31
878612725,-0.232000,-0.727000,0.525000,-7.893000,-3.084000,1.756000,31.35
878624291,-0.225000,-0.731000,0.510000,-8.000000,-2.611000,1.725000,31.31
878653254,-0.229000,-0.729000,0.525000,-7.969000,-2.351000,1.832000,31.35
878663785,-0.223000,-0.725000,0.518000,-7.802000,-1.771000,1.954000,31.31
878665975,-0.226000,-0.729000,0.533000,-6.947000,-1.237000,2.351000,31.35
878670867,-0.201000,-0.733000,0.543000,-6.168000,-0.412000,1.939000,31.31
878678238,-0.227000,-0.725000,0.520000,-6.779000,-0.977000,2.107000,31.35
878691172,-0.210000,-0.727000,0.524000,-7.084000,-0.458000,2.153000,31.35
878698085,-0.219000,-0.731000,0.516000,-7.405000,-0.840000,3.282000,31.31
878703164,-0.216000,-0.736000,0.521000,-7.985000,-0.382000,3.786000,31.35
878718550,-0.217000,-0.735000,0.524000,-7.557000,0.183000,3.649000,31.49
878727612,-0.210000,-0.739000,0.523000,-7.802000,0.947000,3.908000,31.35
878733972,-0.220000,-0.740000,0.526000,-7.756000,1.420000,3.847000,31.31
878768891,-0.206000,-0.738000,0.517000,-7.863000,2.183000,3.603000,31.45
878774790,-0.200000,-0.739000,0.519000,-8.015000,2.870000,3.130000,31.31
878776839,-0.206000,-0.749000,0.533000,-8.550000,3.221000,2.473000,31.31
878782052,-0.199000,-0.750000,0.541000,-8.458000,3.237000,2.046000,31.35
878789948,-0.210000,-0.741000,0.540000,-8.565000,3.405000,1.099000,31.31
878803254,-0.193000,-0.742000,0.533000,-8.366000,3.786000,0.611000,31.35
878808924,-0.202000,-0.742000,0.535000,-7.679000,3.679000,-0.198000,31.40
878811911,-0.203000,-0.754000,0.533000,-6.809000,3.908000,-0.687000,31.26
878825593,-0.193000,-0.759000,0.527000,-6.260000,4.168000,-1.389000,31.40
878838828,-0.199000,-0.748000,0.546000,-4.198000,4.550000,-2.290000,31.26
878843492,-0.213000,-0.750000,0.543000,-3.817000,4.794000,-2.305000,31.31
878882671,-0.198000,-0.750000,0.542000,-1.679000,5.756000,-3.359000,31.31
878884608,-0.218000,-0.744000,0.533000,-1.191000,5.817000,-4.122000,31.26
878890153,-0.212000,-0.740000,0.513000,-1.069000,6.015000,-4.687000,31.31
878893722,-0.206000,-0.750000,0.526000,0.015000,5.786000,-4.534000,31.35
878900638,-0.210000,-0.750000,0.526000,1.282000,5.649000,-6.321000,31.31
878917006,-0.224000,-0.717000,0.518000,-1.832000,7.130000,-5.023000,31.35
878919235,-0.225000,-0.741000,0.524000,0.183000,6.473000,-2.916000,31.40
878925226,-0.218000,-0.736000,0.511000,-0.107000,7.145000,-4.626000,31.35
878938457,-0.232000,-0.729000,0.510000,1.008000,7.603000,-4.931000,31.26
878948090,-0.230000,-0.733000,0.511000,0.901000,7.634000,-3.786000,31.31
878952770,-0.223000,-0.730000,0.514000,-0.519000,7.939000,-3.847000,31.35
878981687,-0.224000,-0.735000,0.526000,0.427000,8.641000,-4.076000,31.31
878993803,-0.231000,-0.736000,0.517000,0.595000,9.405000,-4.916000,31.35
878996960,-0.237000,-0.731000,0.520000,0.595000,9.634000,-4.977000,31.31
879002663,-0.227000,-0.740000,0.521000,0.550000,10.198000,-4.992000,31.35
879015951,-0.239000,-0.738000,0.506000,0.870000,10.580000,-5.450000,31.31
879026971,-0.230000,-0.736000,0.512000,1.405000,11.130000,-5.252000,31.45
879029631,-0.225000,-0.735000,0.524000,2.504000,11.878000,-5.069000,31.35
879035690,-0.233000,-0.736000,0.507000,1.191000,12.061000,-6.840000,31.31
879048380,-0.243000,-0.732000,0.510000,1.740000,11.573000,-5.237000,31.45
879059590,-0.244000,-0.731000,0.513000,0.885000,11.359000,-5.053000,31.31
879063006,-0.240000,-0.739000,0.520000,1.191000,11.282000,-4.962000,31.26
879098072,-0.242000,-0.736000,0.521000,1.679000,11.008000,-6.061000,31.31
879104413,-0.254000,-0.730000,0.510000,0.901000,10.458000,-4.962000,31.35
879110350,-0.249000,-0.739000,0.520000,0.702000,9.756000,-4.779000,31.31
879118154,-0.247000,-0.738000,0.522000,0.565000,9.603000,-4.840000,31.35
879131455,-0.250000,-0.731000,0.524000,0.794000,9.328000,-4.504000,31.17
879154489,-0.244000,-0.734000,0.495000,-0.168000,9.038000,-6.275000,31.31
879169404,-0.267000,-0.733000,0.523000,0.137000,7.725000,-3.313000,31.26
879180978,-0.256000,-0.729000,0.515000,0.305000,6.840000,-3.008000,31.31
879183661,-0.260000,-0.731000,0.520000,-0.214000,6.061000,-2.947000,31.35
879187799,-0.265000,-0.722000,0.515000,-0.840000,4.611000,-2.092000,31.31
879190092,-0.270000,-0.718000,0.505000,-1.863000,2.840000,-1.313000,31.45
879192202,-0.269000,-0.729000,0.513000,-2.412000,1.344000,-0.687000,31.31
879218131,-0.264000,-0.723000,0.513000,-2.824000,0.504000,0.137000,31.35
879230072,-0.259000,-0.715000,0.521000,-3.206000,-0.031000,1.145000,31.35
879236332,-0.265000,-0.721000,0.513000,-3.954000,-1.191000,2.137000,31.40
879238702,-0.250000,-0.723000,0.528000,-4.565000,-2.382000,2.916000,31.35
879244188,-0.253000,-0.722000,0.518000,-5.084000,-2.977000,3.405000,31.31
879251383,-0.259000,-0.722000,0.519000,-5.359000,-3.740000,4.168000,31.26
879264607,-0.253000,-0.722000,0.527000,-5.756000,-4.214000,4.580000,31.26
879274100,-0.248000,-0.721000,0.527000,-5.756000,-4.656000,4.840000,31.35
879276391,-0.242000,-0.723000,0.520000,-5.588000,-5.176000,4.931000,31.31
879287208,-0.234000,-0.724000,0.525000,-5.573000,-5.557000,5.084000,31.31
879297849,-0.234000,-0.729000,0.520000,-5.282000,-5.603000,5.038000,31.26
879308182,-0.226000,-0.730000,0.520000,-5.069000,-5.634000,4.992000,31.40
879312141,-0.220000,-0.732000,0.528000,-4.580000,-5.527000,5.176000,31.35
879344986,-0.222000,-0.738000,0.522000,-4.122000,-4.763000,5.053000,31.40
879352710,-0.219000,-0.742000,0.531000,-3.908000,-3.924000,4.565000,31.45
879356866,-0.217000,-0.743000,0.531000,-3.069000,-3.176000,4.107000,31.35
879361943,-0.221000,-0.745000,0.530000,-2.473000,-2.382000,3.588000,31.45
879376715,-0.209000,-0.747000,0.524000,-2.076000,-1.618000,2.855000,31.31
879385946,-0.209000,-0.748000,0.517000,-1.420000,-0.870000,2.031000,31.40
879388423,-0.207000,-0.752000,0.521000,-0.779000,0.198000,-0.122000,31.45
879394504,-0.220000,-0.741000,0.517000,-0.626000,0.626000,1.008000,31.49
879409117,-0.200000,-0.751000,0.525000,-0.137000,1.969000,-0.504000,31.35
879417674,-0.225000,-0.740000,0.517000,0.275000,2.641000,-1.298000,31.31
879438719,-0.213000,-0.742000,0.517000,0.275000,3.099000,-2.794000,31.35
879459449,-0.213000,-0.735000,0.507000,0.244000,3.313000,-2.198000,31.26
879464547,-0.222000,-0.737000,0.524000,0.031000,4.092000,-3.252000,31.31
879466569,-0.218000,-0.734000,0.513000,0.290000,4.290000,-3.511000,31.26
879473719,-0.221000,-0.729000,0.513000,0.244000,4.840000,-3.634000,31.31
879487474,-0.216000,-0.726000,0.512000,0.046000,5.176000,-3.847000,31.35
879498431,-0.233000,-0.734000,0.516000,0.015000,5.771000,-3.893000,31.40
879500791,-0.228000,-0.725000,0.531000,0.092000,6.214000,-4.061000,31.35
879506597,-0.229000,-0.724000,0.527000,-0.168000,6.565000,-4.153000,31.40
879518046,-0.228000,-0.726000,0.530000,-0.198000,6.763000,-4.443000,31.35
879527361,-0.232000,-0.726000,0.520000,-0.092000,7.084000,-4.122000,31.35
879536442,-0.229000,-0.725000,0.528000,0.214000,7.496000,-4.565000,31.31
879865549,-0.235000,-0.727000,0.527000,0.550000,7.893000,-4.611000,31.35
879877049,-0.239000,-0.729000,0.530000,0.519000,8.107000,-4.763000,31.31
879884735,-0.231000,-0.731000,0.532000,1.145000,8.458000,-4.718000,31.45
879889731,-0.237000,-0.720000,0.529000,1.649000,8.046000,-5.389000,31.21
879892937,-0.240000,-0.726000,0.522000,1.710000,8.305000,-5.725000,31.35
879896041,-0.250000,-0.732000,0.531000,1.450000,7.267000,-5.282000,31.40
879902122,-0.244000,-0.730000,0.521000,1.710000,6.458000,-5.634000,31.35
879908060,-0.239000,-0.734000,0.541000,2.061000,6.214000,-5.573000,31.35
879916654,-0.248000,-0.729000,0.523000,2.122000,5.359000,-5.634000,31.31
879922066,-0.242000,-0.721000,0.525000,1.817000,5.282000,-5.450000,31.35
879927469,-0.242000,-0.722000,0.515000,1.237000,4.565000,-4.794000,31.31
879932442,-0.250000,-0.726000,0.528000,0.977000,3.740000,-5.053000,31.35
879934859,-0.248000,-0.719000,0.521000,0.672000,3.176000,-4.779000,31.40
879937317,-0.246000,-0.726000,0.514000,0.275000,2.641000,-4.382000,31.45
879941045,-0.237000,-0.728000,0.514000,0.107000,2.718000,-4.351000,31.40
879945532,-0.250000,-0.724000,0.522000,0.504000,3.206000,-4.153000,31.31
879953047,-0.242000,-0.735000,0.529000,0.977000,3.771000,-4.290000,31.35
879957640,-0.252000,-0.729000,0.517000,0.901000,3.695000,-4.366000,31.31
879961733,-0.240000,-0.725000,0.523000,0.687000,3.603000,-3.939000,31.35
879967888,-0.246000,-0.726000,0.512000,0.611000,3.664000,-4.397000,31.40
879972304,-0.249000,-0.720000,0.525000,0.855000,3.863000,-4.046000,31.45
879974791,-0.253000,-0.722000,0.521000,0.733000,4.015000,-4.305000,31.40
879979636,-0.251000,-0.723000,0.522000,0.458000,3.939000,-4.260000,31.45
879981597,-0.257000,-0.720000,0.519000,0.122000,3.481000,-3.939000,31.35
879983140,-0.242000,-0.719000,0.517000,0.000000,3.069000,-3.847000,31.40
879985479,-0.248000,-0.711000,0.515000,-0.779000,2.702000,-3.756000,31.35
879987478,-0.252000,-0.719000,0.520000,-0.733000,2.275000,-3.389000,31.40
879989934,-0.253000,-0.721000,0.512000,-0.824000,2.092000,-3.038000,31.26
879992114,-0.251000,-0.726000,0.522000,-0.901000,1.969000,-2.595000,31.40
879994312,-0.253000,-0.714000,0.522000,-1.069000,1.511000,-2.336000,31.35
879996329,-0.253000,-0.712000,0.516000,-1.420000,1.328000,-1.099000,31.40
879998539,-0.257000,-0.708000,0.524000,-2.061000,0.504000,-1.649000,31.35
880001058,-0.249000,-0.736000,0.523000,-1.725000,0.870000,-2.122000,31.45
880003085,-0.251000,-0.722000,0.508000,-1.466000,0.137000,-0.702000,31.40
880003635,-0.249000,-0.722000,0.514000,-2.107000,-0.366000,-0.656000,31.45
880004187,-0.258000,-0.726000,0.511000,-2.565000,-0.473000,-0.504000,31.31
880004988,-0.256000,-0.715000,0.510000,-2.931000,-0.977000,-0.550000,31.35
880005537,-0.248000,-0.711000,0.514000,-3.435000,-1.221000,0.229000,31.31
880006073,-0.250000,-0.718000,0.521000,-3.954000,-1.282000,-0.122000,31.26
880006602,-0.251000,-0.703000,0.521000,-4.794000,-2.168000,0.244000,31.35
880007131,-0.255000,-0.716000,0.520000,-5.176000,-2.412000,0.779000,31.40
880007659,-0.255000,-0.714000,0.530000,-5.450000,-3.008000,1.405000,31.35
880008183,-0.248000,-0.713000,0.524000,-6.168000,-3.405000,2.260000,31.40
880008707,-0.255000,-0.708000,0.534000,-6.397000,-3.878000,2.947000,31.35
880009234,-0.244000,-0.714000,0.525000,-6.580000,-4.366000,3.511000,31.31
880009757,-0.240000,-0.722000,0.525000,-6.504000,-5.038000,4.046000,31.45
880010280,-0.238000,-0.722000,0.529000,-6.473000,-5.450000,4.366000,31.40
880012090,-0.241000,-0.722000,0.534000,-6.336000,-5.450000,4.595000,31.35
880024365,-0.233000,-0.726000,0.530000,-6.015000,-5.450000,4.366000,31.35
880031296,-0.239000,-0.729000,0.533000,-5.756000,-5.557000,4.153000,31.49
880043464,-0.239000,-0.730000,0.538000,-5.221000,-5.206000,3.954000,31.26
880049333,-0.229000,-0.731000,0.533000,-5.191000,-5.053000,3.618000,31.31
