duration,label,set_id,rep_id,start_time,end_time,rep_num_in_set,ay_mean,ay_std,ay_min,ay_max,ay_range,mean_ay,std_ay,min_ay,max_ay,range_ay,ax_mean,ax_std,ax_min,ax_max,ax_range,ax_median,ax_iqr,ax_rms,ax_energy,az_mean,az_std,az_min,az_max,az_range,az_median,az_iqr,az_rms,az_energy,gx_mean,gx_std,gx_min,gx_max,gx_range,gx_median,gx_iqr,gx_rms,gx_energy,gy_mean,gy_std,gy_min,gy_max,gy_range,gy_median,gy_iqr,gy_rms,gy_energy,gz_mean,gz_std,gz_min,gz_max,gz_range,gz_median,gz_iqr,gz_rms,gz_energy,accel_mag_mean,accel_mag_std,accel_mag_min,accel_mag_max,accel_mag_range,accel_mag_median,accel_mag_iqr,accel_mag_rms,accel_mag_energy,gyro_mag_mean,gyro_mag_std,gyro_mag_min,gyro_mag_max,gyro_mag_range,gyro_mag_median,gyro_mag_iqr,gyro_mag_rms,gyro_mag_energy,accel_mag_jerk_mean,accel_mag_jerk_std,accel_mag_jerk_max,gyro_mag_jerk_mean,gyro_mag_jerk_std,gyro_mag_jerk_max,accel_mag_dominant_freq,accel_mag_spectral_energy,accel_mag_spectral_entropy,accel_mag_low_freq_energy,accel_mag_mid_freq_energy,accel_mag_high_freq_energy,accel_mag_high_low_energy_ratio,gyro_mag_dominant_freq,gyro_mag_spectral_energy,gyro_mag_spectral_entropy,gyro_mag_low_freq_energy,gyro_mag_mid_freq_energy,gyro_mag_high_freq_energy,gyro_mag_high_low_energy_ratio,segment_num_samples,segment_sampling_rate,baseline_duration,duration_ratio_to_baseline,duration_diff_from_baseline,baseline_ay_std,ay_std_ratio_to_baseline,ay_std_diff_from_baseline,baseline_ay_range,ay_range_ratio_to_baseline,ay_range_diff_from_baseline,baseline_std_ay,std_ay_ratio_to_baseline,std_ay_diff_from_baseline,baseline_range_ay,range_ay_ratio_to_baseline,range_ay_diff_from_baseline,baseline_accel_mag_std,accel_mag_std_ratio_to_baseline,accel_mag_std_diff_from_baseline,baseline_accel_mag_range,accel_mag_range_ratio_to_baseline,accel_mag_range_diff_from_baseline,baseline_accel_mag_rms,accel_mag_rms_ratio_to_baseline,accel_mag_rms_diff_from_baseline,baseline_accel_mag_jerk_std,accel_mag_jerk_std_ratio_to_baseline,accel_mag_jerk_std_diff_from_baseline,baseline_accel_mag_spectral_energy,accel_mag_spectral_energy_ratio_to_baseline,accel_mag_spectral_energy_diff_from_baseline,baseline_accel_mag_high_freq_energy,accel_mag_high_freq_energy_ratio_to_baseline,accel_mag_high_freq_energy_diff_from_baseline,baseline_accel_mag_high_low_energy_ratio,accel_mag_high_low_energy_ratio_ratio_to_baseline,accel_mag_high_low_energy_ratio_diff_from_baseline,baseline_gyro_mag_std,gyro_mag_std_ratio_to_baseline,gyro_mag_std_diff_from_baseline,baseline_gyro_mag_range,gyro_mag_range_ratio_to_baseline,gyro_mag_range_diff_from_baseline,baseline_gyro_mag_rms,gyro_mag_rms_ratio_to_baseline,gyro_mag_rms_diff_from_baseline,baseline_gyro_mag_jerk_std,gyro_mag_jerk_std_ratio_to_baseline,gyro_mag_jerk_std_diff_from_baseline,baseline_gyro_mag_spectral_energy,gyro_mag_spectral_energy_ratio_to_baseline,gyro_mag_spectral_energy_diff_from_baseline,baseline_gyro_mag_high_freq_energy,gyro_mag_high_freq_energy_ratio_to_baseline,gyro_mag_high_freq_energy_diff_from_baseline,baseline_gyro_mag_high_low_energy_ratio,gyro_mag_high_low_energy_ratio_ratio_to_baseline,gyro_mag_high_low_energy_ratio_diff_from_baseline
4.19229800000016,0,0,0,1983.504998,1987.697296,1,0.5865486935866984,0.14584218728108087,0.163,0.911,0.748,0.5865486935866984,0.14584218728108087,0.163,0.911,0.748,-0.5041852731591449,0.24416838135383925,-0.763,0.352,1.115,-0.582,0.22400000000000003,0.5601972760764866,132.11863599999998,0.2320641330166271,0.2888154087042595,-0.189,0.767,0.956,0.197,0.547,0.3704971013891569,57.789871000000005,-0.43697624703087856,24.84106494229604,-60.397,69.542,129.939,4.565,15.206,24.84490804385958,259870.440853,1.6182042755344421,47.690303840907546,-114.473,103.756,218.22899999999998,8.947,34.702,47.71775000474603,958610.123182,-4.341446555819477,7.4286734265932495,-24.061,15.664,39.725,-4.183,10.031,8.604263308151925,31168.039119,0.8964100685093693,0.11334634037101927,0.46523327482027765,1.184099235706197,0.7188659608859194,0.892337380142735,0.068677840143475,0.9035476765508698,343.703728,40.932814888498946,35.95540478986667,2.5302114536141045,125.55448551923583,123.02427406562173,27.72667937204165,44.07574453659785,54.481982969595435,1249648.603154,2.257731603500428,3.1997156976567984,15.34016971910603,319.1359282838777,484.50047337494,1854.882077300269,0.7244335623870483,1138.542380323509,2.9330721942735067,916.5365825899453,150.41782194789423,19.664187968267324,0.021454886080472416,0.2414778541290161,114567796.6554794,2.6448876340666536,89659618.91867773,19674659.53359164,3934414.5264280397,0.04388167799370859,421,101.66217658831577,3.9438903333333797,1.0629854369776484,0.24840766666678027,0.17977917586467487,0.8112295457320661,-0.03393698858359401,0.8643333333333333,0.865406854623137,-0.11633333333333329,0.17977917586467487,0.8112295457320661,-0.03393698858359401,0.8643333333333333,0.865406854623137,-0.11633333333333329,0.1371242380071305,0.8265958940035554,-0.023777897636111225,0.8205560128438618,0.8760717621625544,-0.10169005195794245,0.9122540744628997,0.9904561590237702,-0.008706397912029984,3.8019154286415753,0.8416062243614911,-0.6021997309847769,1462.36282372813,0.7785635423999204,-323.8204434046211,30.11267671789045,0.6530202594063746,-10.448488749623127,0.03134957924116165,0.6843753490812058,-0.009894693160689232,45.8096214762937,0.7848876201831219,-9.85421668642703,166.0951246237511,0.7406856422601026,-43.07085055812938,68.31387041008908,0.797524465157136,-13.831887440493645,490.2798665677833,0.988212052754309,-5.779393192843315,163804604.3710964,0.6994174375949049,-49236807.715617,4205173.645590329,0.9356128564521409,-270759.11916228896,0.03413359079332238,1.28558596145219,0.00974808720038621
3.93956400000002,0,0,1,1987.708687,1991.648251,2,0.5259544303797469,0.18164139925526257,0.007,0.867,0.86,0.5259544303797469,0.18164139925526257,0.007,0.867,0.86,-0.4981468354430379,0.33150723490413153,-0.929,0.671,1.6,-0.655,0.27249999999999996,0.5983705511267213,141.42869000000002,0.26634683544303794,0.3157428912518246,-0.19,0.959,1.149,0.243,0.5920000000000001,0.4130789393403908,67.400513,-1.2720481012658236,35.290862394349716,-101.282,73.71,174.992,8.427,15.281999999999998,35.31378024098894,492589.914589,0.6176632911392413,61.12737033395805,-147.939,114.733,262.672,10.427,43.022499999999994,61.130490852651235,1476090.0801950002,1.1675012658227848,20.497099976582017,-39.466,55.496,94.962,-5.679,15.137500000000001,20.530323101590394,166490.195829,0.9052511130273265,0.1371991607283323,0.4514930785737474,1.282126748804501,0.8306336702307535,0.8926735125453202,0.10506619714785126,0.9155889838468854,331.1297589999999,54.72470767749444,49.09888515092186,2.8178392431080947,177.9523647805783,175.1345255374702,32.036435085695786,72.91586840697906,73.52206575886339,2135170.1906129997,2.905711563480826,4.717503769677081,34.60418405162754,364.42965063708124,530.7130191832698,2393.433645657254,0.7609394558492313,1468.4768520768903,2.917852040920277,921.4765200136557,397.01476749137464,55.529488166427335,0.060261424962843126,0.2536464852830771,188064774.55548462,2.184769091341401,148611547.16078365,32078813.43137973,6217658.750403107,0.04183832864397938,395,100.19036168681545,3.9438903333333797,0.9989030264645484,-0.004326333333359855,0.17977917586467487,1.0103583369878504,0.0018622233905876973,0.8643333333333333,0.9949864906094891,-0.0043333333333333,0.17977917586467487,1.0103583369878504,0.0018622233905876973,0.8643333333333333,0.9949864906094891,-0.0043333333333333,0.1371242380071305,1.0005463127221519,7.492272120179777e-05,0.8205560128438618,1.01228148609764,0.010077657386891703,0.9122540744628997,1.003655669446467,0.003334909383985618,3.8019154286415753,1.2408229077716273,0.9155883410355057,1462.36282372813,1.0041809243503137,6.114028348760257,30.11267671789045,1.844056862437465,25.416811448536883,0.03134957924116165,1.922239698238871,0.028911845721681477,45.8096214762937,1.0718028998692406,3.2892636746281596,166.0951246237511,1.0544230357372106,9.039400913719106,68.31387041008908,1.076239207451533,5.208195348774311,490.2798665677833,1.0824695349774713,40.433152615486506,163804604.3710964,1.1481043239140412,24260170.18438822,4205173.645590329,1.4785736034760695,2012485.1048127785,0.03413359079332238,1.2257226800450625,0.007704737850656999
3.69980899999996,0,0,2,1991.659518,1995.359327,3,0.5381778975741239,0.21185394105768118,-0.05,0.935,0.9850000000000001,0.5381778975741239,0.21185394105768118,-0.05,0.935,0.9850000000000001,-0.5227385444743935,0.30796587499027933,-0.919,0.584,1.5030000000000001,-0.636,0.15500000000000003,0.6067112707357066,136.564568,0.25405929919137465,0.2736319398975993,-0.214,0.827,1.041,0.191,0.5005,0.37339063464117017,51.72503,-2.088490566037737,43.23871243350793,-125.542,70.809,196.351,12.305,17.603,43.289121563644855,695234.724974,-0.6683018867924542,60.41209707717457,-150.336,118.031,268.367,4.809,36.6875,60.415793470530986,1354175.26535,2.6694123989218332,19.70397459240858,-39.42,64.229,103.649,-2.397,16.145,19.88397287500163,146683.151976,0.9034219841459341,0.16082721292203997,0.39831394652961877,1.3104823539445314,0.9121684074149126,0.8928174505463029,0.09891830872000851,0.9176255629909443,312.39560600000004,56.358606005746076,52.374574488092584,1.6644728895359036,201.79104715769728,200.12657426816136,27.55291291315675,77.38170439076767,76.93756250180842,2196093.1423,2.2868884548926762,3.488526818590847,17.340349591424754,306.6565221784852,455.6261071451402,2197.0000822537318,0.7851112548379654,1780.0692387839906,2.3314041003959662,1228.0108701724987,479.1984882581132,15.144354018976694,0.012332426680169406,0.26170375161265513,188781241.9023252,1.9129609620636518,147681928.87548134,37733433.73591551,2463447.6599398386,0.016680765742279172,371,97.09209184829506,3.9438903333333797,0.9381115289511012,-0.24408133333341953,0.17977917586467487,1.1784119504087083,0.03207476519300631,0.8643333333333333,1.1396066200585429,0.12066666666666681,0.17977917586467487,1.1784119504087083,0.03207476519300631,0.8643333333333333,1.1396066200585429,0.12066666666666681,0.1371242380071305,1.1728575744946066,0.02370297491490947,0.8205560128438618,1.1116467151792304,0.09161239457105075,0.9122540744628997,1.0058881386441882,0.005371488528044588,3.8019154286415753,0.9175708599761224,-0.3133886100507284,1462.36282372813,1.217255533229251,317.7064150558606,30.11267671789045,0.5029228771599021,-14.968322698913758,0.03134957924116165,0.3933839957295859,-0.01901715256099224,45.8096214762937,1.1433094792927536,6.564953011798885,166.0951246237511,1.2048913218220672,34.03144964441026,68.31387041008908,1.1262363269521818,8.623692091719334,490.2798665677833,0.9293184122070303,-34.65375942264308,163804604.3710964,1.1524782384910541,24976637.53122881,4205173.645590329,0.5858135400717822,-1741725.98565049,0.03413359079332238,0.4886904796033843,-0.017452825051043206
4.09750999999983,0,0,3,1995.369237,1999.466747,4,0.5465012165450123,0.1977841037638845,-0.057,1.007,1.0639999999999998,0.5465012165450123,0.1977841037638845,-0.057,1.007,1.0639999999999998,-0.5281897810218978,0.26111294270744945,-0.835,0.478,1.313,-0.645,0.1885,0.5892065967258888,142.684574,0.25317518248175186,0.2795809315594205,-0.15,0.933,1.083,0.19,0.49850000000000005,0.3771779027412684,58.47016300000001,-2.261082725060827,45.06980124960934,-145.038,77.481,222.519,10.916,15.183000000000002,45.12648313096043,836960.186185,3.5248296836982966,42.565208835239346,-110.412,90.947,201.359,6.015,36.306,42.71090525248345,749755.006697,1.68952798053528,19.50782632728825,-24.702,75.695,100.39699999999999,-2.702,7.404000000000001,19.580852709028076,157581.424846,0.8983474072826159,0.14206213836581974,0.35382764165621655,1.2823295208330814,0.9285018791768649,0.8886652913217664,0.07208485291067313,0.9095107010522016,339.983193,46.61874419867499,45.50520178404479,3.209683785047991,196.37051874454068,193.1608349594927,26.03591018190069,50.144207531874365,65.14622552433968,1744296.6177280003,2.5046678367095527,3.780823925808869,24.366833527453476,299.62098921783183,446.81899199724205,2320.317927621236,0.7161061584442764,1704.5523475516532,2.7315249292076365,1404.2995196793374,185.57445123749304,19.759740139290045,0.014070887201942037,0.23870205281475879,174894332.83097902,2.392572804731168,135825451.74170324,35989464.606498495,1938767.5305769895,0.014273963426706712,411,98.10654370686586,3.9438903333333797,1.0389513001866606,0.15361966666645044,0.17977917586467487,1.1001501804150036,0.018004927899209627,0.8643333333333333,1.2310065418703444,0.19966666666666655,0.17977917586467487,1.1001501804150036,0.018004927899209627,0.8643333333333333,1.2310065418703444,0.19966666666666655,0.1371242380071305,1.0360103368328588,0.00493790035868924,0.8205560128438618,1.1315520858147956,0.10794586633300307,0.9122540744628997,0.9969927419811845,-0.002743373410698191,3.8019154286415753,0.9944523982258158,-0.021091502832706333,1462.36282372813,1.1656152084025442,242.18952382352313,30.11267671789045,0.6561934137521728,-10.352936578600406,0.03134957924116165,0.4488380084887085,-0.017278692039219612,45.8096214762937,0.9933546776338243,-0.3044196922489064,166.0951246237511,1.162953069124834,27.065710335741585,68.31387041008908,0.9536310140785423,-3.1676448857493966,490.2798665677833,0.9113549677576936,-43.46087457054125,163804604.3710964,1.067700956895931,11089728.459882617,4205173.645590329,0.46104339415568124,-2266406.115013339,0.03413359079332238,0.41817924552217633,-0.019859627366615666
3.82132999999999,0,0,4,1999.480065,2003.301395,5,0.5271958224543081,0.19088424385406647,-0.051,0.926,0.9770000000000001,0.5271958224543081,0.19088424385406647,-0.051,0.926,0.9770000000000001,-0.5074830287206268,0.32537498607877274,-0.971,0.536,1.5070000000000001,-0.652,0.20250000000000012,0.6028332323331403,139.185228,0.2500548302872063,0.31189648082049404,-0.235,0.888,1.123,0.21,0.5635,0.3997584682007028,61.206017,-1.2903133159268918,37.79792042742729,-116.076,61.405,177.481,9.649,14.542,37.81993782505973,547823.1679860001,2.2711096605744125,66.42229127717718,-156.427,123.237,279.664,11.863,32.901,66.46110680390842,1691741.148841,0.5028720626631861,15.787733112686507,-29.008,45.221,74.229,-2.656,10.8695,15.795739841768256,95560.567108,0.903566101153732,0.14544851155735875,0.4210130639303251,1.2867886384329013,0.8657755745025761,0.8910948322148434,0.0913706349743203,0.9151977757121175,320.79580899999996,56.47407156143873,53.92226861987752,3.722367660508564,193.61664033341762,189.89427267290907,28.623824587221044,71.0298561780085,78.08285222659795,2335124.8839350003,2.3624307108808935,3.6883427341664916,27.79017854631516,308.643944596379,467.862614356389,1928.4687418964352,0.7840346501533109,1551.6226648879906,2.4746052336503945,1021.0963972992087,456.09947488274366,17.832862430703777,0.017464425961835634,0.26134488338443695,213257278.8851365,2.1142980972745535,166125619.82158685,43547244.554542445,2560930.354058003,0.015415625577850986,383,100.09509033623935,3.9438903333333797,0.9689239982190272,-0.12256033333338978,0.17977917586467487,1.0617705433250249,0.011105067989391593,0.8643333333333333,1.1303509317738034,0.1126666666666668,0.17977917586467487,1.0617705433250249,0.011105067989391593,0.8643333333333333,1.1303509317738034,0.1126666666666668,0.1371242380071305,1.0607059923478697,0.008324273550228245,0.8205560128438618,1.0551084269688176,0.045219561658714325,0.9122540744628997,1.0032268326328742,0.002943701249217723,3.8019154286415753,0.970127503804855,-0.11357269447508367,1462.36282372813,1.0610380951299707,89.25984115986057,30.11267671789045,0.5922044922093201,-12.279814287186674,0.03134957924116165,0.5570862771913146,-0.013885153279326014,45.8096214762937,1.1770948300895945,8.112647143583821,166.0951246237511,1.1432862529326877,23.799148049157964,68.31387041008908,1.1430014394797943,9.76898181650887,490.2798665677833,0.9542766208658136,-22.417252211394327,163804604.3710964,1.3019003934834819,49452674.51404008,4205173.645590329,0.6089951497587894,-1644243.2915323256,0.03413359079332238,0.45162611677543185,-0.018717965215471394
3.6726730000000303,0,0,5,2003.307245,2006.979918,6,0.5195000000000001,0.18609778577287053,-0.024,0.891,0.915,0.5195000000000001,0.18609778577287053,-0.024,0.891,0.915,-0.5127527173913043,0.3271937520053087,-1.063,0.794,1.857,-0.6555,0.24424999999999997,0.6082524973590148,136.149365,0.23450000000000001,0.3282302263986958,-0.226,0.849,1.075,0.1515,0.6402500000000001,0.40339227994811594,59.882922,-1.3324076086956522,38.85954113118484,-111.313,56.076,167.389,9.160499999999999,26.33975,38.88237707447882,556356.8428819999,0.10954347826087052,65.0304727874143,-174.794,106.458,281.252,9.847,40.67925,65.03056505004596,1556262.5757879997,-0.8906005434782608,14.746934099039459,-23.74,44.687,68.42699999999999,-4.702500000000001,8.8125,14.773802308459949,80321.606351,0.9043087495861085,0.13940858422920638,0.3838345997952764,1.2995403033380688,0.9157057035427925,0.8984550626029015,0.09292747711791549,0.9149912939120146,308.092937,55.94824459275356,53.187148817445504,1.9358941086743355,211.75015025732569,209.81425614865134,35.448841485662506,70.92624407986294,77.19507025930913,2192941.025021,2.608571974579239,4.190613131932167,30.232611934023055,333.9643572386308,550.5956400184106,4451.231753139184,0.8033281349020149,1315.9685821294443,2.7005436685771276,936.39229472734,254.85696857321753,27.841051380684995,0.02973225168250073,0.2677760449673383,191548635.5817061,2.323887401322881,146214996.77904555,39987037.02279194,3995082.074266098,0.02732334002854243,368,98.5415845479805,3.9438903333333797,0.9312310131056747,-0.2712173333333494,0.17977917586467487,1.0351464485602457,0.00631860990819566,0.8643333333333333,1.0586193475670727,0.05066666666666675,0.17977917586467487,1.0351464485602457,0.00631860990819566,0.8643333333333333,1.0586193475670727,0.05066666666666675,0.1371242380071305,1.016658878756127,0.002284346222075878,0.8205560128438618,1.1159575678564435,0.09514969069893064,0.9122540744628997,1.003000490209618,0.0027372194491148694,3.8019154286415753,1.102237332619232,0.38869770329059206,1462.36282372813,0.8998919835540753,-146.39424159868577,30.11267671789045,0.9245624901521468,-2.2716253372054567,0.03134957924116165,0.9484096092545489,-0.0016173275586609179,45.8096214762937,1.161047550531697,7.377527341151804,166.0951246237511,1.2632174280329018,43.719131524900234,68.31387041008908,1.1300058067945213,8.881199849220053,490.2798665677833,1.1230231497402476,60.31577345062726,163804604.3710964,1.1693727188996232,27744031.210609704,4205173.645590329,0.9500397393709178,-210091.57132423064,0.03413359079332238,0.8004822050267766,-0.006810250764779948
3.6522419999998896,0,0,6,2006.989575,2010.641817,7,0.5449262295081968,0.2059535400961419,-0.125,0.924,1.049,0.5449262295081968,0.2059535400961419,-0.125,0.924,1.049,-0.5191830601092896,0.3138465599784517,-0.902,0.532,1.4340000000000002,-0.6505000000000001,0.16600000000000004,0.6066718331311864,134.70656100000002,0.2220710382513661,0.29102880518149765,-0.207,0.823,1.03,0.1345,0.51025,0.3660782859927776,49.04887200000001,-3.101576502732241,43.77562490706112,-127.405,76.183,203.58800000000002,7.282500000000001,22.75975,43.88536330949091,704888.591287,0.6979508196721319,62.22713896736017,-138.534,135.878,274.412,7.58,38.64125,62.23105301543464,1417409.6491440001,-0.8524535519125672,14.257790736471097,-24.015,36.55,60.565,-6.5344999999999995,16.049500000000002,14.283251511584098,74668.12619,0.9047857445410382,0.1509577336529525,0.42355991311737706,1.294151459451327,0.87059154633395,0.8929764816622112,0.0889795978246316,0.9172924729192521,307.961726,56.642993223122545,52.8603032973167,3.7239595862468753,186.0615867286958,182.33762714244892,31.580538674874415,86.4383393900947,77.47670840942467,2196966.3666209998,2.2344604390628264,3.1505498919210146,16.204168118167708,304.1887044619853,498.99070935890853,2410.1056779407877,0.8139743109673875,1526.3389671473192,2.310941130492775,1081.709660581468,382.85203985626333,14.745238378017495,0.013631419700878838,0.2713247703224625,187150839.75151473,1.8191759162876127,154682151.10971805,27181452.68815747,4519617.747717835,0.029218741239976753,366,99.30486593802128,3.9438903333333797,0.9260505952386626,-0.29164833333349005,0.17977917586467487,1.1455916829613926,0.026174364231467018,0.8643333333333333,1.2136521263364581,0.18466666666666665,0.17977917586467487,1.1455916829613926,0.026174364231467018,0.8643333333333333,1.2136521263364581,0.18466666666666665,0.1371242380071305,1.100882855124957,0.013833495645822008,0.8205560128438618,1.060977583610533,0.05003553349008816,0.9122540744628997,1.0055230100277586,0.005038398456352344,3.8019154286415753,0.8286743728962858,-0.6513655367205606,1462.36282372813,1.043748474982188,63.97614341918916,30.11267671789045,0.4896688033169901,-15.367438339872956,0.03134957924116165,0.43481972270886854,-0.01771815954028281,45.8096214762937,1.153912684328391,7.050681821022998,166.0951246237511,1.097790362868949,16.24250251869782,68.31387041008908,1.134128514941251,9.162837999335594,490.2798665677833,1.0177670823848592,8.71084279112523,163804604.3710964,1.1425249031921463,23346235.38041833,4205173.645590329,1.0747755333378994,314444.1021275064,0.03413359079332238,0.8560111022829116,-0.004914849553345625
3.58841900000016,0,0,7,2010.650438,2014.238857,8,0.5212416666666666,0.1817547032480254,-0.003,0.854,0.857,0.5212416666666666,0.1817547032480254,-0.003,0.854,0.857,-0.5370944444444444,0.30060913524269023,-0.856,0.328,1.184,-0.679,0.1775,0.6154967867052146,136.38106599999998,0.21206388888888889,0.31243918310678015,-0.204,0.785,0.989,0.127,0.61525,0.3776100317935305,51.332161,-2.201125000000002,39.57450647945857,-98.29,68.809,167.099,6.023,26.954,39.63567224557108,565555.145169,2.6766027777777786,55.17269857794496,-120.412,124.947,245.359,7.7940000000000005,46.3555,55.23758567137758,1098428.713489,0.5060222222222219,16.41085481724945,-22.473,49.206,71.679,-3.9085,20.006999999999998,16.41865446138088,97045.997156,0.8988861188980505,0.1347479982418205,0.5100254895591003,1.2001870687522007,0.6901615791931004,0.8932289448066151,0.10289033784288226,0.908929743037259,297.41518,52.70849280823485,45.97351830529819,4.267726092429082,155.71746276509901,151.44973667266993,30.281092178792306,75.63704193628863,69.94104374030555,1761029.855814,2.163799561972488,3.0288798694003405,12.525407531331288,252.30396688808648,367.1536196030616,1691.7308846759117,0.8287750704299646,1176.5763247276325,2.1791673873248274,981.7436730365062,142.91019235096536,14.06312593802118,0.014324641272585004,0.27625835680998817,136958976.31161305,1.9426821645404981,108334618.54957132,27349805.39955119,826686.8137316168,0.0076308646746500956,360,99.45300845159575,3.9438903333333797,0.9098678430717283,-0.3554713333332198,0.17977917586467487,1.010988576757921,0.0019755273833505227,0.8643333333333333,0.9915156075027118,-0.007333333333333303,0.17977917586467487,1.010988576757921,0.0019755273833505227,0.8643333333333333,0.9915156075027118,-0.007333333333333303,0.1371242380071305,0.9826708273711996,-0.002376239765310012,0.8205560128438618,0.8410901388562797,-0.13039443365076142,0.9122540744628997,0.9963559040378559,-0.003324331425640703,3.8019154286415753,0.7966720770840079,-0.7730355592412348,1462.36282372813,0.8045720977233526,-285.78649900049754,30.11267671789045,0.4670168004359397,-16.04955077986927,0.03134957924116165,0.45693234327220195,-0.017024937968576646,45.8096214762937,1.0035777815595688,0.16389682900449287,166.0951246237511,0.9118252989461607,-14.645387951081176,68.31387041008908,1.0238190767147335,1.6271733302164648,490.2798665677833,0.748865382064006,-123.1262469647217,163804604.3710964,0.8361118836521526,-26845628.05948335,4205173.645590329,0.19658803260086619,-3378486.831858712,0.03413359079332238,0.2235587367665862,-0.026502726118672285
3.6270869999998494,0,0,8,2014.245329,2017.872416,9,0.5519449035812672,0.19215629326545522,0.009,0.858,0.849,0.5519449035812672,0.19215629326545522,0.009,0.858,0.849,-0.5143526170798899,0.28594312012653206,-0.791,0.431,1.222,-0.644,0.1845000000000001,0.5884913615717975,125.71491599999999,0.1961900826446281,0.3246641658974694,-0.284,0.789,1.073,0.086,0.603,0.37933806709320056,52.234745000000004,-0.04797520661157015,43.60835246311874,-109.328,69.618,178.946,16.458,34.977000000000004,43.60837885278521,690313.726339,1.2778760330578542,50.64853646153436,-101.878,109.008,210.886,4.351,48.916,50.664654472829874,931787.318265,0.9893002754820936,17.940488374447654,-22.366,53.298,75.664,-1.344,18.481,17.96774438121715,117190.861248,0.9019556466267874,0.13513948697379885,0.513479308249125,1.1731227557250776,0.6596434474759526,0.9036426284765455,0.09407063207494071,0.9120233930231657,301.93856100000005,54.544717431613755,42.61820687773541,1.4698384264945585,145.73454270007505,144.2647042735805,39.88487383708265,70.35573827967086,69.22021205665325,1739291.9058520002,1.9355694076691459,2.66523127060653,10.709915638108546,227.05157248501231,343.97216838531006,1755.3299590799672,0.5478687290078998,1203.2276023612253,2.3357039652973506,936.2529774637371,222.73401863610147,15.62754221542658,0.01669158079218493,0.2739343645039499,119666778.80835977,1.869961420510806,101114411.98624408,17462433.506211326,484363.5581104668,0.004790252433810929,363,99.43817431493382,3.9438903333333797,0.9196723753060112,-0.3168033333335303,0.17977917586467487,1.0688461644836738,0.012377117400780346,0.8643333333333333,0.9822599192179724,-0.01533333333333331,0.17977917586467487,1.0688461644836738,0.012377117400780346,0.8643333333333333,0.9822599192179724,-0.01533333333333331,0.1371242380071305,0.985525820107116,-0.00198475103333165,0.8205560128438618,0.8038981240912441,-0.1609125653679092,0.9122540744628997,0.9997471193128503,-0.00023068143973403732,3.8019154286415753,0.7010232903967,-1.1366841580350453,1462.36282372813,0.8227969029501883,-259.1352213669047,30.11267671789045,0.5189688833258819,-14.485134502463872,0.03134957924116165,0.5324337956641894,-0.014657998448976719,45.8096214762937,0.9303330936817898,-3.191414598558289,166.0951246237511,0.8685667601122676,-21.830420350170613,68.31387041008908,1.0132673149828977,0.9063416465641723,490.2798665677833,0.7015833034023611,-146.30769818247325,163804604.3710964,0.7305458797559611,-44137825.56273663,4205173.645590329,0.11518277220689419,-3720810.087479862,0.03413359079332238,0.14033832711689928,-0.02934333835951145
3.20367299999998,0,0,9,2017.88581,2021.089483,10,0.5972360248447205,0.21275650256911158,0.0,0.974,0.974,0.5972360248447205,0.21275650256911158,0.0,0.974,0.974,-0.5014037267080745,0.27298421857059085,-0.905,0.496,1.401,-0.609,0.14375000000000004,0.5708993613110297,104.948198,0.20727950310559007,0.28750525161134177,-0.293,0.755,1.048,0.1535,0.52525,0.3544348488958179,40.450948000000004,-5.918611801242235,47.90693636062635,-123.023,74.427,197.45,11.084,32.0385,48.27115616095089,750293.654511,1.241310559006209,56.314021860697856,-118.565,117.588,236.153,10.0915,45.732749999999996,56.3277010895266,1021644.79103,-0.8000869565217397,16.356289103610443,-23.466,55.237,78.703,-4.2059999999999995,11.42775,16.37584600498191,86350.203026,0.9077006009691146,0.17200569936840682,0.3985887605038556,1.2885631532835324,0.8899743927796768,0.9060730140610977,0.12213881745620603,0.9238540694367844,274.829042,57.23697843902452,49.950085672554025,3.639697102782043,170.28668441484203,166.64698731206,33.78679274713086,82.06936860776008,75.967642845654,1858288.648567,2.4741349113390383,3.7307371969909413,24.047962067351456,322.5366508541415,476.97006490802147,2457.2934613350194,0.6292351458047811,1533.8060380187758,2.2926777502213236,1277.8823468549838,183.62673467316662,22.409961137005162,0.01753679530199576,0.31461757290239056,129346589.29387763,1.938781186511838,106491812.90381436,20826167.95407181,1131076.917482219,0.010621257039767283,322,101.30685847456976,3.9438903333333797,0.8123128994738308,-0.7402173333333999,0.17977917586467487,1.1834323397662938,0.032977326704436705,0.8643333333333333,1.126880048667026,0.10966666666666669,0.17977917586467487,1.1834323397662938,0.032977326704436705,0.8643333333333333,1.126880048667026,0.10966666666666669,0.1371242380071305,1.2543784331963117,0.03488146136127632,0.8205560128438618,1.0845991839718958,0.06941837993581501,0.9122540744628997,1.0127157391470758,0.011599994973884642,3.8019154286415753,0.9812783206782564,-0.07117823165063397,1462.36282372813,1.0488546434037627,71.44321429064576,30.11267671789045,0.7442035571766022,-7.70271558088529,0.03134957924116165,0.5593947393406402,-0.01381278393916589,45.8096214762937,1.0903841606178553,4.140464196260325,166.0951246237511,1.0033225700003283,0.5518626883088871,68.31387041008908,1.112038336848708,7.6537724355649175,490.2798665677833,0.9728526448318876,-13.309801659761831,163804604.3710964,0.7896395207600224,-34458015.07721877,4205173.645590329,0.26897270191643513,-3074096.72810811,0.03413359079332238,0.311167201611063,-0.023512333753555097
3.645172,0,0,10,2021.102655,2024.747827,11,0.5559590163934426,0.17393096100079747,0.093,0.891,0.798,0.5559590163934426,0.17393096100079747,0.093,0.891,0.798,-0.5417568306010929,0.2597805050691807,-0.812,0.251,1.0630000000000002,-0.65,0.05975000000000008,0.6008214163267983,132.121013,0.1788169398907104,0.29622447889874404,-0.198,0.729,0.927,0.08399999999999999,0.58775,0.3460121961589076,43.81914499999999,-2.6223224043715847,38.22841984737537,-96.87,78.122,174.99200000000002,7.756,35.7025,38.318254903109455,537393.6491279999,1.9398743169398924,53.49242788787395,-106.137,126.046,232.183,7.015499999999999,30.74475,53.527590583781354,1048664.281056,-1.0214972677595626,8.836608314665936,-16.046,27.893,43.939,-2.122,6.771249999999999,8.895454073562709,28961.251761999996,0.8958899809312113,0.13203924938649597,0.49513331538081745,1.1356073264997897,0.6404740111189722,0.8949334769028597,0.09727318206645041,0.9055678998901603,300.13947899999994,49.09509970608271,44.746976440305446,3.464117347896863,143.5516434458345,140.08752609793763,23.36334541001394,78.32144483468485,66.4275599107739,1615019.181946,1.7031336915427446,2.388342233812323,9.6264619208276,230.54213323522637,339.8254482956589,1445.2285589488665,0.5449766504734307,1167.71879316547,2.277575988721856,981.7421275479157,150.96835101359395,9.486176777775619,0.00966259520855287,0.27248832523671535,134109552.48292013,1.798772674876313,103780485.34457582,29227737.649737913,551544.5820026,0.005314530763383319,366,99.73072703663783,3.9438903333333797,0.9242579490481212,-0.2987183333333796,0.17977917586467487,0.9674699557918817,-0.0058482148638774045,0.8643333333333333,0.9232549064027585,-0.06633333333333324,0.17977917586467487,0.9674699557918817,-0.0058482148638774045,0.8643333333333333,0.9232549064027585,-0.06633333333333324,0.1371242380071305,0.9629168531858049,-0.0050849886206345285,0.8205560128438618,0.7805366035815982,-0.18008200172488964,0.9122540744628997,0.9926706992200796,-0.006686174572739456,3.8019154286415753,0.628194464700056,-1.4135731948292523,1462.36282372813,0.7985150977652159,-294.64403056265996,30.11267671789045,0.31502270168461954,-20.626499940114833,0.03134957924116165,0.30822079148220527,-0.021686984032608776,45.8096214762937,0.9768030162330374,-1.062645035988254,166.0951246237511,0.8434174477236362,-26.007598525813478,68.31387041008908,0.9723875913088292,-1.8863104993151865,490.2798665677833,0.693125440103597,-150.45441827212443,163804604.3710964,0.8187166227580351,-29695051.888176277,4205173.645590329,0.1311585747668149,-3653629.063587729,0.03413359079332238,0.15569792344975836,-0.02881906002993906
3.6864560000001294,0,0,11,2024.759582,2028.446038,12,0.5813621621621622,0.23373199870139022,-0.056,1.036,1.092,0.5813621621621622,0.23373199870139022,-0.056,1.036,1.092,-0.48471081081081085,0.31715456227147804,-0.912,0.52,1.432,-0.621,0.12575000000000003,0.5792508838892578,124.146687,0.17440540540540542,0.32159737791887405,-0.211,0.806,1.0170000000000001,0.086,0.5992500000000001,0.36584439167345306,49.521584000000004,-2.107262162162162,48.93563861494905,-147.496,77.359,224.85500000000002,9.8095,28.51925,48.98098896993581,887680.793775,1.8409162162162154,60.61164739883819,-145.115,124.443,269.558,1.7025000000000001,45.652249999999995,60.6395974006772,1360549.485979,1.2940297297297296,16.026183500309816,-19.481,57.13,76.611,-2.26,16.961750000000002,16.07834165973055,95649.836095,0.9140742035117068,0.16264890620798786,0.5077144866950322,1.3311716643618885,0.8234571776668563,0.9022585549298112,0.08340777254408338,0.9284321818077055,318.934937,57.28605338072023,55.25503788775724,4.911629261253337,200.2583694131159,195.34674015186258,29.66942809811938,83.40546367001502,79.59152670929372,2343880.115849,1.9637490995649352,2.9520290140868464,14.622547543427759,265.4851001810225,448.8971539063399,2920.3648469238356,0.8054145334419501,1810.851496824685,2.347440940356078,1307.5972467244887,440.38929096439455,27.325649883345655,0.020897604328540015,0.2684715111473167,208986034.1904285,1.8846553046655095,161640871.9779894,45354474.65279411,929465.6794834895,0.0057501897144557265,370,99.33445912450718,3.9438903333333797,0.9347257857287009,-0.2574343333332503,0.17977917586467487,1.300106002690029,0.05395282283671535,0.8643333333333333,1.2634014508669327,0.2276666666666668,0.17977917586467487,1.300106002690029,0.05395282283671535,0.8643333333333333,1.2634014508669327,0.2276666666666668,0.1371242380071305,1.18614255736542,0.02552466820085736,0.8205560128438618,1.003535596281336,0.0029011648229945175,0.9122540744628997,1.017734201052474,0.016178107344805737,3.8019154286415753,0.7764583567754486,-0.8498864145547289,1462.36282372813,1.238305205404319,348.488673096555,30.11267671789045,0.9074467251872217,-2.787026834544797,0.03134957924116165,0.666598983730916,-0.010451974912621634,45.8096214762937,1.2061884838819203,9.44541641146354,166.0951246237511,1.176113631165351,29.251615528111472,68.31387041008908,1.1650858928041095,11.277656299204637,490.2798665677833,0.915593693536102,-41.382712661443406,163804604.3710964,1.2758251515138999,45181429.81933209,4205173.645590329,0.22102908412787017,-3275707.966106839,0.03413359079332238,0.16846126927167457,-0.028383401078866652
3.76056999999992,1,0,12,2028.459309,2032.219879,13,0.5639045092838196,0.21768539196180703,-0.04,0.998,1.038,0.5639045092838196,0.21768539196180703,-0.04,0.998,1.038,-0.5276180371352786,0.27443535954977355,-0.87,0.323,1.193,-0.643,0.09500000000000008,0.5947230949624351,133.34322600000002,0.1576816976127321,0.31243207772710224,-0.227,0.76,0.987,0.059,0.5980000000000001,0.3499675998644834,46.17395,-2.541827586206896,49.446575538368684,-143.557,74.137,217.694,8.672,22.793000000000003,49.511864436209656,924187.1194210001,1.7927533156498685,52.585402300179965,-119.634,122.229,241.863,7.664,24.656999999999996,52.615952899501366,1043701.3143199999,-0.707923076923078,16.718173619739662,-24.947,54.855,79.80199999999999,-2.046,13.451,16.733155239302583,105559.428567,0.9030964928577823,0.16113606265752406,0.4412448299980409,1.2526172599800787,0.8113724299820377,0.8953937681266271,0.08416984732698318,0.9173593113392352,317.263636,51.869875825431,53.00356295183482,0.8029171812833501,190.32794236527647,189.5250251839931,24.538209510883224,72.97200248028592,74.16105247186523,2073447.8623079997,1.8188459762211693,2.726042578472242,15.073721729798157,222.37229321059777,336.5136564247472,1462.341546611687,0.7906169579388758,1845.177710482062,2.2695942632399264,1356.4578596668543,433.705680941993,23.233287143704636,0.0171279092660051,0.2635389859796253,199647020.5375478,1.9607293073929095,140911053.62680793,57771640.69702666,575287.5614091678,0.004082629052883052,377,99.35419771431873,3.9438903333333797,0.9535178903634229,-0.18332033333345965,0.17977917586467487,1.2108486914923804,0.037906216097132156,0.8643333333333333,1.2009255549449416,0.17366666666666675,0.17977917586467487,1.2108486914923804,0.037906216097132156,0.8643333333333333,1.2009255549449416,0.17366666666666675,0.1371242380071305,1.1751099094388102,0.02401182465039356,0.8205560128438618,0.9888080854857467,-0.00918358286182408,0.9122540744628997,1.0055962773565887,0.005105236876335462,3.8019154286415753,0.7170182037100377,-1.075872850169333,1462.36282372813,1.261778322403855,382.8148867539319,30.11267671789045,0.7715450656761408,-6.879389574185815,0.03134957924116165,0.5463519516713907,-0.014221669975156549,45.8096214762937,1.157039967415875,7.1939414755411235,166.0951246237511,1.1410631443993688,23.429900560242004,68.31387041008908,1.0855928966668045,5.847182061776152,490.2798665677833,0.686370539287399,-153.76621014303612,163804604.3710964,1.2188120187711637,35842416.166451395,4205173.645590329,0.13680471007717607,-3629886.0841811607,0.03413359079332238,0.11960733582147431,-0.030050961740439325
3.38934300000005,1,0,13,2032.229551,2035.618894,14,0.5753705882352942,0.21340168769580686,0.009,1.016,1.0070000000000001,0.5753705882352942,0.21340168769580686,0.009,1.016,1.0070000000000001,-0.5192264705882352,0.2920373644595575,-0.906,0.356,1.262,-0.634,0.06450000000000011,0.5957196907942527,120.65986300000002,0.1824205882352941,0.289921494728377,-0.214,0.72,0.9339999999999999,0.095,0.57675,0.34253721566808926,39.892793000000005,-3.4272911764705882,47.82877942214577,-142.443,65.008,207.45100000000002,9.6415,28.259500000000003,47.95141776653312,781775.078379,0.7101029411764718,59.337104898284274,-128.656,122.229,250.885,4.4275,29.55675,59.34135374169567,1197274.729725,1.4261264705882355,15.548857733869802,-23.206,52.412,75.618,-2.0155000000000003,13.118500000000001,15.614122246807064,82892.27660299999,0.9060554877047212,0.16693933459629542,0.5124558517570075,1.2652940369732246,0.7528381852162171,0.8992182715244826,0.10324132814537179,0.9213062944728502,288.593798,55.71650646227942,54.40777932331604,1.4119950424842151,185.7408606526846,184.32886561020038,28.489335552228205,82.83820666917504,77.87512788596807,2061942.0847069998,1.761361312882481,2.4071794429411284,8.580716161900169,251.76749127811573,385.80181725925564,1673.8175171277833,0.8833245982429302,1610.8558687618145,2.0099936329801205,1392.0918292148767,183.62955177984057,17.426637194888308,0.012518310092080306,0.2944415327476434,171099939.15285987,1.870120804654515,132545975.33565924,37532785.6872753,492203.9171877202,0.0037134580355326794,340,100.11012113419876,3.9438903333333797,0.8593907804077976,-0.5545473333333297,0.17977917586467487,1.1870211040806506,0.03362251183113199,0.8643333333333333,1.1650597628415764,0.14266666666666683,0.17977917586467487,1.1870211040806506,0.03362251183113199,0.8643333333333333,1.1650597628415764,0.14266666666666683,0.1371242380071305,1.217431176633432,0.029815096589164924,0.8205560128438618,0.9174732306601687,-0.06771782762764467,0.9122540744628997,1.0099229043356708,0.009052220009950429,3.8019154286415753,0.6331491275358859,-1.3947359857004469,1462.36282372813,1.1015432303209833,148.49304503368444,30.11267671789045,0.5787143186360348,-12.686039523002144,0.03134957924116165,0.3993133688540936,-0.018831269149081342,45.8096214762937,1.187693273990376,8.598157847022343,166.0951246237511,1.1097789054113159,18.233740986449277,68.31387041008908,1.1399607050088516,9.561257475878989,490.2798665677833,0.7869012039025833,-104.47804930852766,163804604.3710964,1.0445368114637121,7295334.781763464,4205173.645590329,0.11704722769388104,-3712969.7284026085,0.03413359079332238,0.10879186341978753,-0.030420132757789698
2.86296100000004,1,0,14,2035.62925,2038.492211,15,0.5802195121951219,0.21248369620367416,0.076,0.96,0.884,0.5802195121951219,0.21248369620367416,0.076,0.96,0.884,-0.5100801393728222,0.2724439600132764,-0.855,0.384,1.2389999999999999,-0.63,0.19199999999999995,0.5782797419331872,95.974941,0.2341289198606272,0.26928401797056833,-0.17,0.699,0.869,0.204,0.549,0.3568336215233612,36.543777000000006,-3.7095644599303137,48.16007875196708,-125.847,81.221,207.06799999999998,7.924,36.015,48.30273339965399,669615.213463,0.5852508710801317,59.47448055905841,-112.55,125.252,237.802,6.061,50.076499999999996,59.47736003179627,1015278.6742730001,-1.094700348432056,14.387817641865455,-31.618,37.557,69.175,-0.779,21.267,14.429402806368392,59755.599955,0.9024823356493663,0.1704914388025863,0.45100332593008663,1.224227919956084,0.7732245940259973,0.9051718068963482,0.1382436158226148,0.9184452606792152,242.09646700000002,59.168309667999644,50.77429671211702,4.041136102632526,168.3559950966998,164.31485899406727,37.82539075806091,88.96973117430248,77.96741675583716,1744649.487691,2.188292846486678,3.0761653771541857,11.900143596750755,286.7602477659192,424.907672521859,2448.9447419891303,0.7010000115646542,1197.1234814190852,1.7087455111438026,842.6562195728603,323.24769874108387,7.607299638436215,0.00902776181038817,0.3505000057823271,106174843.85963354,1.7448269407930566,66434476.41552105,38889163.19812144,439006.12470815534,0.006608106940774964,287,100.59350165952787,3.9438903333333797,0.7259230736066213,-1.0809293333333398,0.17977917586467487,1.1819148873196976,0.03270452033899929,0.8643333333333333,1.0227535554637075,0.01966666666666672,0.17977917586467487,1.1819148873196976,0.03270452033899929,0.8643333333333333,1.0227535554637075,0.01966666666666672,0.1371242380071305,1.2433354514638484,0.0333672007954558,0.8205560128438618,0.9423178582568628,-0.04733141881786451,0.9122540744628997,1.0067866796342826,0.006191186216315425,3.8019154286415753,0.8091093625831142,-0.7257500514873896,1462.36282372813,0.8186227535236208,-265.2393423090448,30.11267671789045,0.2526278121064645,-22.505377079454234,0.03134957924116165,0.28797065699779,-0.02232181743077348,45.8096214762937,1.1083762551347156,4.9646752358233215,166.0951246237511,0.9892816502374201,-1.7802656296838393,68.31387041008908,1.1413116586190273,9.653546345748083,490.2798665677833,0.8666635150404387,-65.37219404592429,163804604.3710964,0.6481798498111587,-57629760.51146287,4205173.645590329,0.1043966698422809,-3766167.5208821734,0.03413359079332238,0.19359536606720146,-0.027525483852547415
4.12932499999988,0,1,0,2127.149155,2131.27848,1,0.705925120772947,0.2245639181398014,0.042,1.116,1.074,0.705925120772947,0.2245639181398014,0.042,1.116,1.074,-0.41551449275362323,0.2440858396813614,-0.922,0.372,1.294,-0.459,0.38175000000000003,0.4819026777485845,96.143299,0.1978937198067633,0.2055536022319017,-0.125,0.735,0.86,0.118,0.309,0.28533175030036284,33.705482,0.8286787439613534,35.77986610536109,-111.557,77.466,189.023,7.9695,22.2905,35.789461116064054,530286.608169,2.4252415458937193,47.98747919406262,-128.824,107.481,236.305,4.7405,28.29025,48.04872481093043,955793.501766,-8.228821256038646,17.02253432050258,-35.664,44.183,79.84700000000001,-8.641,20.02625,18.907146108192048,147996.792018,0.9149896650131574,0.15873733315900818,0.3887749991961932,1.318276905661326,0.9295019064651328,0.9183093149950193,0.08885833241317631,0.928656894670644,357.035102,46.61791622068757,42.11668961507136,2.7077981830262017,168.40018837578538,165.69239019275918,28.32036404218936,41.47228309497418,62.82551756166681,1634076.901953,2.966752316765858,4.33522361335711,17.17763291455401,360.60434472251313,570.6735217073962,2805.6534592628263,0.753731725769921,2159.3866019901966,2.7391905810127373,1207.8527775837742,825.3379367677313,26.97665615549231,0.022334390958833494,0.25124390858997364,152012445.32164955,2.3632084053193103,95405519.10676576,50717510.28666506,3482159.8279168895,0.03649851560495255,414,104.01497815624907,3.39474933333319,1.216385830697425,0.7345756666666898,0.22541844815801307,0.9962090947423097,-0.0008545300182116744,1.0013333333333332,1.0725698960795287,0.07266666666666688,0.22541844815801307,0.9962090947423097,-0.0008545300182116744,1.0013333333333332,1.0725698960795287,0.07266666666666688,0.16536638874902992,0.9599128623458602,-0.0066290555900217485,0.8613867227516376,1.0790761816076573,0.06811518371349512,0.9293923931360643,0.9992086136459278,-0.0007354984654202035,4.637746895030744,0.9347693399686225,-0.3025232816736336,1597.5618660463776,1.3516763562469714,561.824735943819,18.751302674250393,1.4386550422521076,8.225353481241918,0.017824527849861303,1.2530137469458869,0.004509863108972192,46.66582038038547,0.9025168584360436,-4.549130765314111,173.3396453709146,0.9558828266242811,-7.647255178155433,72.43754428497061,0.8673060106211915,-9.612026723303806,561.8570856891793,1.015691598864942,8.816436018216905,124432924.90926212,1.2216416630284848,27579520.41238743,2189225.2763840463,1.5905899979687672,1292934.5515328432,0.02525045902913269,1.445458916539033,0.01124805657581986
2.94889199999989,0,1,1,2131.289315,2134.238207,2,0.6194662162162162,0.22928126287881573,-0.004,0.963,0.967,0.6194662162162162,0.22928126287881573,-0.004,0.963,0.967,-0.43645945945945946,0.32479999830203987,-0.863,0.685,1.548,-0.57,0.28775000000000006,0.5440513750085085,87.61360200000001,0.2601756756756757,0.2704781605865309,-0.131,0.807,0.9380000000000001,0.2135,0.51025,0.3752996370469435,41.691546,0.1764155405405407,46.080598739111764,-110.443,76.229,186.672,11.221,55.957750000000004,46.0809364336053,628541.999969,0.7962027027027009,61.42866760893413,-129.053,123.099,252.152,2.8395,59.556999999999995,61.433827350676296,1117138.082314,2.515101351351352,24.191145285123316,-26.855,65.985,92.84,-8.504000000000001,21.97325,24.32153870571337,175095.024524,0.9192755354813421,0.1675783298110119,0.4525549690369116,1.2537743018581933,0.8012193328212817,0.9210525827023194,0.16135059852465028,0.9344249604739574,258.452402,63.591661102318845,49.44902151521319,6.455705538513975,177.72114679463442,171.26544125612045,43.25358615467634,82.35732246370799,80.55498178613281,1920775.106807,3.7084444028996586,5.293550165950472,22.89873023257997,406.6494886601917,552.299143590343,2147.12774162072,0.6748658366896512,1230.243981146995,2.3247207937687526,797.9165890993814,325.309951849076,17.25449278618781,0.02162443170337758,0.3374329183448256,107119580.1310481,1.8354781279482986,66242152.38970471,38621968.122202784,1266791.7266725013,0.01912364983583149,296,99.88014383006838,3.39474933333319,0.8686626615868117,-0.4458573333332998,0.22541844815801307,1.0171361509273342,0.0038628147208026598,1.0013333333333332,0.9657123738444172,-0.034333333333333216,0.22541844815801307,1.0171361509273342,0.0038628147208026598,1.0013333333333332,0.9657123738444172,-0.034333333333333216,0.16536638874902992,1.0133759402074114,0.00221194106198197,0.8613867227516376,0.9301505379144213,-0.060167389930355974,0.9293923931360643,1.0054148896858977,0.005032567337893146,4.637746895030744,1.1414055735142323,0.6558032709197281,1597.5618660463776,0.7700759559214342,-367.31788489938253,18.751302674250393,0.9201756846835082,-1.4968098880625824,0.017824527849861303,1.2131833030131463,0.003799903853516279,46.66582038038547,1.0596411056645891,2.7832011348277206,173.3396453709146,0.988033873495956,-2.0742041147941563,72.43754428497061,1.1120611910600868,8.1174375011622,561.8570856891793,0.982988659657211,-9.557942098836293,124432924.90926212,0.8608620283511047,-17313344.778214023,2189225.2763840463,0.578648410621707,-922433.549711545,0.02525045902913269,0.7573582024859661,-0.006126809193301198
3.1060309999998,0,1,2,2134.250642,2137.356673,3,0.6135352564102564,0.2224101634554221,0.048,1.011,0.9629999999999999,0.6135352564102564,0.2224101634554221,0.048,1.011,0.9629999999999999,-0.48003525641025646,0.26621201192930244,-0.91,0.29,1.2,-0.588,0.22375,0.5489104505220389,94.006437,0.23439743589743586,0.2714124659261104,-0.14,0.77,0.91,0.1855,0.51425,0.3586180204833335,40.125348,-2.371807692307692,50.47073994311284,-142.122,81.45,223.572,10.595,36.25525,50.526439238626494,796511.371386,2.0698717948717955,50.284494747096176,-106.458,107.756,214.214,6.588,40.236,50.32707801192067,790238.2117399999,1.1598044871794877,19.464824045246743,-23.679,70.962,94.641,-4.008,9.23275,19.49934669574592,118630.050727,0.9093816146092487,0.1697835032770697,0.43396543641170315,1.2874043653802019,0.8534389289684987,0.9058592078562363,0.12827664324609145,0.9250953242635912,267.010024,55.85987787131186,48.43175001087186,6.1644841633343495,189.22558882719852,183.06110466386417,31.846196468495478,76.62557334375106,73.9321335071122,1705379.633853,3.202372230826187,4.2844669057846465,15.151222187828125,409.07604239975717,562.5985917697986,2008.770559702548,0.63942707333964,1403.0550150019412,2.1038439946041745,1263.5902492233372,64.18076471158062,12.022759081071056,0.00951476088737284,0.31971353666982,114166749.27508874,2.0807088301067416,90352484.06604524,20806100.732065264,1818724.2745627477,0.02012921164661404,312,99.75062344098384,3.39474933333319,0.9149514988785866,-0.28871833333339003,0.22541844815801307,0.986654621244538,-0.0030082847025909576,1.0013333333333332,0.9617177001160018,-0.03833333333333333,0.22541844815801307,0.986654621244538,-0.0030082847025909576,1.0013333333333332,0.9617177001160018,-0.03833333333333333,0.16536638874902992,1.0267110160313973,0.004417114528039778,0.8613867227516376,0.9907732456503593,-0.007947793783138923,0.9293923931360643,0.9953764643890208,-0.004297068872473053,4.637746895030744,0.9238250800484863,-0.35327998924609716,1597.5618660463776,0.878247687812816,-194.50685104443642,18.751302674250393,0.6411692714644951,-6.728543593179337,0.017824527849861303,0.5338012669678769,-0.008309766962488462,46.66582038038547,1.0378420352564983,1.76592963048639,173.3396453709146,1.056083299706692,9.721459292949561,72.43754428497061,1.0206327979045717,1.4945892221415846,561.8570856891793,1.0013197414244526,0.7415060806193878,124432924.90926212,0.9174963086204105,-10266175.634173378,2189225.2763840463,0.8307615914095122,-370501.0018212986,0.02525045902913269,0.7971816928782588,-0.005121247382518648
3.64286700000002,0,1,3,2137.367907,2141.010774,4,0.6192602739726029,0.21973987282583465,0.013,1.041,1.028,0.6192602739726029,0.21973987282583465,0.013,1.041,1.028,-0.4803369863013698,0.25489786055780267,-0.857,0.343,1.2,-0.586,0.15599999999999997,0.5437798632958262,107.929237,0.17115890410958903,0.3090572176645934,-0.219,0.753,0.972,0.064,0.606,0.35328704228513014,45.556283,-2.1261232876712324,49.02037391454482,-141.084,78.687,219.77100000000002,10.626,23.145000000000003,49.06645961302042,878743.872519,3.3047753424657547,45.64712867891015,-100.046,102.733,202.779,1.023,34.259,45.7666024158791,764522.392293,-0.30305205479452063,17.306667038243752,-28.153,62.718,90.87100000000001,-4.214,9.129,17.309320163442237,109358.58605,0.9111084866669087,0.1488573079370821,0.460255363901389,1.3088731794944841,0.8486178155930951,0.9058399417115587,0.08735077291793969,0.9231885899439722,311.081168,50.792911733189904,47.13588906379345,5.451736420627835,175.22313925677742,169.77140283614958,28.572411378810852,68.5145207598873,69.29438592100995,1752624.850862,3.019999260401215,4.0902778243022055,21.491542003619575,307.2110878204624,442.0278245562918,2190.200845159513,0.8093725339296705,1476.0329564365122,2.4978722141445173,1161.8934816672795,215.66293667964393,28.161114951814987,0.02423726046828521,0.2697908446432235,147999122.1202335,2.043104696720141,108185076.900871,37929783.57078801,817617.3413773126,0.007557579703219954,365,98.47365829477658,3.39474933333319,1.073088652967589,0.24811766666682988,0.22541844815801307,0.9748086941123613,-0.005678575332178415,1.0013333333333332,1.0266311482027517,0.02666666666666684,0.22541844815801307,0.9748086941123613,-0.005678575332178415,1.0013333333333332,1.0266311482027517,0.02666666666666684,0.16536638874902992,0.900166594079351,-0.016509080811947824,0.8613867227516376,0.9851763247876443,-0.012768907158542508,0.9293923931360643,0.9933248720657083,-0.006203803192092017,4.637746895030744,0.8819536529398193,-0.5474690707285381,1597.5618660463776,0.9239285111882004,-121.52890960986542,18.751302674250393,1.5018217894518917,9.409812277564594,0.017824527849861303,1.3597693624619729,0.006412732618423907,46.66582038038547,1.0100730828146938,0.47006868340798036,173.3396453709146,0.9794147349446585,-3.5682425347650337,72.43754428497061,0.9566087116211242,-3.1431583639606657,561.8570856891793,0.7867264395290646,-119.82926113288744,124432924.90926212,1.1893887588687326,23566197.210971385,2189225.2763840463,0.37347336987072033,-1371607.9350067338,0.02525045902913269,0.2993045275515638,-0.017692879325912736
3.55468299999984,0,1,4,2141.019832,2144.574515,5,0.6030870786516854,0.25360888615427013,-0.142,1.089,1.2309999999999999,0.6030870786516854,0.25360888615427013,-0.142,1.089,1.2309999999999999,-0.4873174157303371,0.26586342871933366,-0.843,0.347,1.19,-0.598,0.14900000000000002,0.5551230732049375,109.70553899999999,0.17479494382022473,0.3050322787805096,-0.231,0.789,1.02,0.08499999999999999,0.58475,0.3515650202781074,44.00087499999999,-3.116792134831462,56.843112095175236,-154.519,92.122,246.64100000000002,10.8855,21.8855,56.92849713347793,1153743.9477720002,1.5370533707865175,48.520607146964615,-109.847,114.107,223.954,1.542,33.901250000000005,48.54494670894922,838953.8189470001,-1.0995814606741587,18.73095560474584,-29.511,71.084,100.595,-4.8165,14.274249999999999,18.76320274515036,125332.568703,0.9117765298735152,0.16868503499861742,0.46588195929870474,1.365036995835644,0.8991550365369394,0.9003638112930579,0.11955768641880093,0.9272492013804456,306.08562500000005,55.48564533227813,53.58046823393189,2.334528003687255,184.03683523414543,181.70230723045816,26.944715659230354,78.37963464434262,77.13315379333805,2118030.335422,2.910236970578434,3.845271605930888,13.46402376835436,319.49707873964536,469.0606552842723,1969.826145374004,0.8226245892315458,1803.1210565978372,2.305367867749044,1475.2909585883158,245.1634211451494,19.48024368533201,0.013204340182387022,0.27420819641051525,181921074.31799352,2.069700568629561,136142168.44627115,43465577.72615702,1296251.1898996483,0.00952130559321315,356,97.61811792214343,3.39474933333319,1.0471120664566111,0.15993366666665,0.22541844815801307,1.1250582060875256,0.02819043799625706,1.0013333333333332,1.229360839919832,0.22966666666666669,0.22541844815801307,1.1250582060875256,0.02819043799625706,1.0013333333333332,1.229360839919832,0.22966666666666669,0.16536638874902992,1.0200683831461075,0.003318646249587498,0.8613867227516376,1.0438459316231323,0.037768313785301766,0.9293923931360643,0.9976939753882356,-0.002143191755618612,4.637746895030744,0.8291249360243814,-0.7924752890998557,1597.5618660463776,1.12867056663595,205.55919055145955,18.751302674250393,1.0388741525512182,0.7289410110816164,0.017824527849861303,0.740795654485357,-0.00462018766747428,46.66582038038547,1.1481737122738132,6.91464785354642,173.3396453709146,1.0482443692045553,8.36266185954355,72.43754428497061,1.0648228697434385,4.69560950836744,561.8570856891793,0.8348397968507768,-92.79643040490697,124432924.90926212,1.4620011098401198,57488149.4087314,2189225.2763840463,0.5921049806444162,-892974.086484398,0.02525045902913269,0.37707440532007375,-0.01572915343591954
3.00266800000009,1,1,5,2144.579991,2147.582659,6,0.6301661129568107,0.2538391575810079,0.034,1.056,1.022,0.6301661129568107,0.2538391575810079,0.034,1.056,1.022,-0.4615215946843854,0.29084429228986064,-0.882,0.308,1.19,-0.585,0.258,0.5455204714010354,89.575368,0.20187707641196012,0.27766426374589925,-0.167,0.699,0.866,0.131,0.553,0.34329549566254536,35.473391,-3.901152823920267,56.51630487414944,-140.427,94.076,234.503,9.893,36.229,56.65078737302235,966002.8247049999,2.906441860465116,50.00131775387221,-95.527,112.244,207.77100000000002,1.252,46.58,50.08571833778527,755082.333605,2.341308970099666,26.55910255672852,-28.046,85.924,113.97,-3.939,16.122999999999998,26.662101498424544,213971.16455,0.917244073161597,0.18881562475138336,0.4646052087525494,1.3491612209072716,0.8845560121547222,0.9121101907116268,0.1359811189842559,0.9364763904660556,263.973397,60.0993710828497,53.07376134356382,4.227333083635592,181.0143550633485,176.7870219797129,34.68967169057672,87.86003771471127,80.17953945806649,1935056.3228599997,2.7649106646466697,3.7259871085366933,18.137829857556156,319.97718997853866,476.5802103881783,2257.9254776696166,0.6573849391612449,1615.023534476636,1.9468013344945823,1475.0399948463496,89.3191116201054,11.567241677855622,0.007841985111042447,0.3286924695806224,127603542.09692822,1.8939016224200094,108237260.83425896,18280564.58207858,316875.6471838564,0.002927602239205593,301,98.93643334376735,3.39474933333319,0.8845035955001825,-0.3920813333330999,0.22541844815801307,1.1260797347973721,0.028420709422994822,1.0013333333333332,1.0206391376101287,0.020666666666666833,0.22541844815801307,1.1260797347973721,0.028420709422994822,1.0013333333333332,1.0206391376101287,0.020666666666666833,0.16536638874902992,1.1418016367275519,0.023449236002353435,0.8613867227516376,1.0268976506395355,0.023169289403084603,0.9293923931360643,1.0076221704697474,0.007083997329991321,4.637746895030744,0.80340458089573,-0.9117597864940503,1597.5618660463776,1.0109301985677481,17.46166843025844,18.751302674250393,0.6168766977225101,-7.184060996394772,0.017824527849861303,0.439954470466311,-0.009982542738818856,46.66582038038547,1.1373155105722426,6.407940963178348,173.3396453709146,1.019887986912761,3.4473766087982938,72.43754428497061,1.106878211270801,7.741995173095873,561.8570856891793,0.8482231914813679,-85.27687530100098,124432924.90926212,1.025480532503581,3170617.1876661032,2189225.2763840463,0.14474328000964798,-1872349.6292001898,0.02525045902913269,0.11594248945743844,-0.022322856789927095
3.22933599999988,1,1,6,2147.588198,2150.817534,7,0.6227037037037038,0.2517804473941261,-0.064,1.03,1.094,0.6227037037037038,0.2517804473941261,-0.064,1.03,1.094,-0.4767283950617283,0.26436535989934107,-0.812,0.253,1.065,-0.59,0.17874999999999996,0.5451229275794951,96.279518,0.18776234567901232,0.27960054564568004,-0.19,0.733,0.923,0.08499999999999999,0.546,0.3367954328375712,36.751697,-3.2423456790123444,56.77832333743341,-145.588,97.13,242.718,5.923500000000001,26.996499999999997,56.87082561834623,1047910.2213100002,1.9695154320987642,42.92961681028794,-89.527,87.176,176.703,1.7325,31.41625,42.97477155861834,598373.240927,1.3525154320987658,24.848108272067293,-25.969,90.382,116.351,-4.984500000000001,10.8285,24.884890650642703,200639.52159300004,0.9128788354352506,0.16851023073915522,0.5287844551421685,1.272307352804345,0.7435228976621764,0.9082094597933366,0.151157768433835,0.9283013875080565,279.20488300000005,53.45154934217466,53.322710477274974,2.9183234913216873,188.63049327720057,185.71216978587887,26.842288713205065,82.26145801903245,75.50085813897894,1846922.9838299998,2.711556755449832,3.572762659865533,13.10341816054517,288.8620778313227,397.38928528478414,1584.4473777682656,0.6156217718171377,1490.4394232360232,2.0309228579438043,1336.4683243482536,102.74786608412143,14.325486790517417,0.01071891232244224,0.30781088590856887,149239752.16471866,1.942488485881966,116170677.4525482,31916348.66972635,761568.9696376025,0.006555604101978983,324,99.73072703437632,3.39474933333319,0.9512737682214569,-0.16541333333330988,0.22541844815801307,1.1169468971242535,0.026361999236113015,1.0013333333333332,1.0925432647216056,0.0926666666666669,0.22541844815801307,1.1169468971242535,0.026361999236113015,1.0013333333333332,1.0925432647216056,0.0926666666666669,0.16536638874902992,1.019011310725201,0.0031438419901252956,0.8613867227516376,0.8631696651364088,-0.11786382508946125,0.9293923931360643,0.9988260979707534,-0.0010910056280077907,4.637746895030744,0.7703660275186683,-1.0649842351652108,1597.5618660463776,0.9329462945401991,-107.12244281035441,18.751302674250393,0.7639728840039305,-4.425815883732977,0.017824527849861303,0.6013570961967828,-0.0071056155274190624,46.66582038038547,1.1426502316085076,6.656890096889505,173.3396453709146,1.0713773492369594,12.37252441496426,72.43754428497061,1.042289034972449,3.063313854008328,561.8570856891793,0.707278230353311,-164.46780040439512,124432924.90926212,1.1993590303655237,24806827.255456537,2189225.2763840463,0.3478714492532656,-1427656.3067464437,0.02525045902913269,0.25962306262174634,-0.018694854927153705
6.3639589999998,1,1,7,2150.829892,2157.193851,8,0.8643799058084771,0.1599501397134108,0.481,1.008,0.527,0.8643799058084771,0.1599501397134108,0.481,1.008,0.527,-0.1458037676609105,0.275133147361443,-0.748,0.171,0.919,-0.038,0.532,0.31137916988959025,61.761601,0.08990737833594976,0.19265868313501577,-0.134,0.566,0.7,0.002,0.28800000000000003,0.21260457395494103,28.792848999999993,-1.7687880690737834,21.82212837382189,-86.351,55.405,141.756,-2.0,9.695,21.893695393808244,305335.69302400004,-0.6756718995290428,13.688946411819373,-54.198,26.626,80.824,1.939,8.046,13.705611492431691,119656.491925,7.218153846153846,11.45633729930386,-11.695,41.069,52.764,3.71,10.411999999999999,13.540657637728177,116793.57370000001,0.953168087229025,0.07978069036844553,0.6487171957024108,1.1581230504570748,0.5094058547546639,0.9853836816184851,0.07185870738561773,0.9565011035370027,582.7877080000001,20.12433044726816,21.10778097502573,2.009550447239382,104.19312493154239,102.18357448430301,10.972579915407316,22.81414737070034,29.163797654635143,541785.758649,1.5978293939540587,2.4078908172511673,12.04202913484928,142.7917931043268,213.99850385519665,949.6306631832431,0.1696227674432853,1291.351434086973,3.571115896270983,720.0590027282412,475.7666545452112,30.041212788703195,0.041720487730119944,0.1696227674432853,90392839.10375746,3.085187376774604,71167710.40098402,17635032.23906164,1042511.5589100429,0.014648659526014877,637,108.04970286137274,3.39474933333319,1.8746476856966539,2.9692096666666097,0.22541844815801307,0.7095698418861932,-0.06546830844460227,1.0013333333333332,0.5262982637187259,-0.47433333333333316,0.22541844815801307,0.7095698418861932,-0.06546830844460227,1.0013333333333332,0.5262982637187259,-0.47433333333333316,0.16536638874902992,0.4824480122441654,-0.0855856983805844,0.8613867227516376,0.5913788027909412,-0.3519808679969737,0.9293923931360643,1.0291681966728639,0.02710871040093843,4.637746895030744,0.5191940971680095,-2.2298560777795764,1597.5618660463776,0.8083264013272345,-306.21043195940456,18.751302674250393,1.6020867080309802,11.289910114452802,0.017824527849861303,2.3406210069252693,0.02389595988025864,46.66582038038547,0.4523177948752949,-25.55803940535974,173.3396453709146,0.5894991550245425,-71.1560708866116,72.43754428497061,0.40260610624620535,-43.27374663033547,561.8570856891793,0.3808771114613519,-347.8585818339826,124432924.90926212,0.7264382732277082,-34040085.805504665,2189225.2763840463,0.4762011338695849,-1146713.7174740033,0.02525045902913269,0.5801341554928745,-0.010601799503117812
3.04777299999978,0,2,0,2258.681527,2261.7293,1,0.5999313725490196,0.2304509755957177,0.04,0.995,0.955,0.5999313725490196,0.2304509755957177,0.04,0.995,0.955,-0.4411111111111112,0.309632399707199,-0.859,0.586,1.4449999999999998,-0.553,0.24425000000000002,0.5389352793185075,88.87807800000002,0.2671699346405229,0.28700269386473826,-0.125,0.848,0.973,0.2095,0.5427500000000001,0.3921100869162102,47.047598,1.0521764705882364,41.764281719948656,-98.366,64.443,162.809,9.832,50.79774999999999,41.777533470856035,534080.86469,-2.1200947712418263,70.6589558219194,-167.206,135.099,302.30499999999995,7.252,51.46575,70.69075498028725,1529137.9489430003,-6.967372549019607,12.941439480289334,-30.931,32.244,63.175,-9.251999999999999,14.66075,14.697793577909016,66103.69163399999,0.9129423234158361,0.15415308492929675,0.4130060532244049,1.3133582907950139,0.900352237570609,0.9149909813092676,0.13160011951096673,0.9258654651066343,262.311419,64.6044640570044,52.77152170022722,1.9800861092386868,193.36771031896717,191.38762420972847,47.5007176582326,85.31249782542695,83.41804528188327,2129322.505267,3.1184343938399097,4.416085913347636,16.520107295331655,411.60946294987815,614.1996914143821,2609.6868730323035,0.6438722995222171,1112.547743478135,2.321149927087136,980.1914738584242,41.08873837301251,19.558925079937858,0.0199541881370857,0.32193614976110857,130380337.19595382,1.847597748887074,111960184.97619152,13269495.245498369,4127013.279522943,0.036861436772371865,306,98.51246182689923,3.04823366666657,0.9998488709476847,-0.0004606666667901216,0.23086652610643754,0.9981999967698729,-0.00041555051071984206,0.9809999999999999,0.9734964222885176,-0.025999999999999912,0.23086652610643754,0.9981999967698729,-0.00041555051071984206,0.9809999999999999,0.9734964222885176,-0.025999999999999912,0.1714620870368326,0.8990505049998448,-0.01730900210753586,0.9242562969507887,0.9741369691497788,-0.0239040593801797,0.9281683318987598,0.9975189018110502,-0.0023028667921255463,4.375465955445967,1.0092835707607952,0.04061995790166861,1378.9863196970746,0.8067866428975622,-266.4385762189395,14.206832813235144,1.3767266302978813,5.352092266702714,0.013753700196102288,1.4508222037963683,0.006200487940983414,52.638826835153445,1.0025208550993,0.13269486507377337,188.4170420026678,1.015765995290707,2.9705822070606587,82.79985115142846,1.0074661259867432,0.6181941304548104,603.2867405260366,1.0180891608336178,10.91295088834545,129636946.55914955,1.005734404091854,743390.6368042678,3381363.1175589184,1.220517624413646,745650.1619640244,0.03335465382497296,1.1051359104022311,0.0035067829473989023
3.19850700000006,0,2,1,2261.740872,2264.939379,2,0.5817352024922119,0.2201754645237067,-0.028,0.939,0.967,0.5817352024922119,0.2201754645237067,-0.028,0.939,0.967,-0.4945264797507788,0.2997786308127536,-0.966,0.451,1.417,-0.618,0.18100000000000005,0.5782937546495437,107.349997,0.22992834890965738,0.28403138868281264,-0.165,0.82,0.985,0.195,0.526,0.36543244983089296,42.866621,1.7600716510903405,48.80065529880717,-135.038,78.336,213.37400000000002,13.802,30.672,48.83238484663604,765457.1809490001,-0.04845482866043641,59.68105506137282,-132.382,138.58,270.962,1.832,46.733000000000004,59.68107473151798,1143347.648636,1.3083146417445493,19.772847020907623,-26.748,46.992,73.74,-3.221,27.191000000000003,19.81608353116273,126049.370451,0.9084423621360869,0.17201772504473575,0.41057277065095293,1.3414562982072877,0.9308835275563347,0.9049364618579583,0.1254360127695796,0.9245851086043727,274.40929700000004,60.67694694273007,51.55014808070042,4.507275673841129,190.19014299116554,185.68286731732442,38.186590958083706,81.90023845836346,79.61852584312913,2034854.2000360002,3.0753656038280015,4.1667808830651465,16.280452892789523,361.02226662423243,544.5781996658208,2181.7687418418673,0.6172813786230564,1524.496630076121,2.1533418592139144,1298.5203627641995,157.8033073925265,11.667791427467202,0.008985451258184176,0.3086406893115282,136911492.07204673,2.0480908049397466,105944655.34729464,26883866.61546158,3191572.3259790493,0.030124901681135605,321,99.07366126900057,3.04823366666657,1.0492984919377386,0.15027333333349002,0.23086652610643754,0.9536915493989052,-0.010691061582730838,0.9809999999999999,0.985728838065965,-0.013999999999999901,0.23086652610643754,0.9536915493989052,-0.010691061582730838,0.9809999999999999,0.985728838065965,-0.013999999999999901,0.1714620870368326,1.003240529641859,0.0005556380079031475,0.9242562969507887,1.007170327706402,0.006627230605546042,0.9281683318987598,0.9961394575395053,-0.0035832232943870945,4.375465955445967,0.9523056323534789,-0.20868507238082046,1378.9863196970746,1.1055197635317773,145.51031037904636,14.206832813235144,0.8212802651119141,-2.5390413857679413,0.013753700196102288,0.6533110797063758,-0.004768248937918112,52.638826835153445,0.9793179516014753,-1.0886787544530279,188.4170420026678,0.9854887081012578,-2.7341746853433904,82.79985115142846,0.9615781275729961,-3.1813253082993214,603.2867405260366,0.9026855110091567,-58.70854086021586,129636946.55914955,1.0561147551371708,7274545.5128971785,3381363.1175589184,0.9438715142439679,-189790.7915798691,0.03335465382497296,0.9031690992064743,-0.0032297521438373576
2.89842099999987,0,2,2,2264.949623,2267.848044,3,0.6090618556701032,0.2419731381998882,-0.021,1.0,1.021,0.6090618556701032,0.2419731381998882,-0.021,1.0,1.021,-0.47565635738831613,0.2968178635275649,-0.938,0.448,1.386,-0.598,0.22450000000000003,0.5606690774717201,91.475796,0.23928865979381442,0.2670981887784328,-0.151,0.75,0.901,0.237,0.503,0.35860912586636606,37.422747,-3.130415807560136,57.64289647036979,-161.496,95.786,257.28200000000004,12.565,46.4195,57.727835717459506,969758.3778370001,2.3483024054982824,57.051969929618835,-134.107,112.992,247.099,6.107,52.466,57.10027843222658,948788.5629379998,3.709257731958765,26.079404624451776,-31.771,68.412,100.183,-2.794,28.9005,26.341866647752443,201923.1361,0.9148948612729975,0.18821545113646534,0.3838098487532596,1.325342974478682,0.9415331257254225,0.9160354796622237,0.14707916816877376,0.934054421985272,253.88518000000002,66.44121473565397,53.5948107245327,11.357488322688253,199.53812280363871,188.18063448095046,44.81781632342209,94.01166645281604,85.36298232927295,2120470.0768750003,3.129858552250358,4.543531069925117,22.18809227593671,419.8135542868814,651.0823304979068,2627.1443063428933,0.6711769759555233,1499.9145855369677,2.029738709095659,924.7102883070331,499.64278219298905,11.393781932300367,0.012321461193036986,0.33558848797776164,121619010.4094481,1.8476786851446825,85420398.71927285,31873437.50525524,2825503.747174762,0.033077623021411415,291,97.65625000152863,3.04823366666657,0.9508526272728114,-0.14981266666670034,0.23086652610643754,1.048108323886014,0.011106612093450652,0.9809999999999999,1.0407747090644779,0.040000000000000036,0.23086652610643754,1.048108323886014,0.011106612093450652,0.9809999999999999,1.0407747090644779,0.040000000000000036,0.1714620870368326,1.0977087903925138,0.01675336409963274,0.9242562969507887,1.0186926706852903,0.017276828774633768,0.9281683318987598,1.006341608327721,0.005886090086512197,4.375465955445967,1.038410790029313,0.16806511447915007,1378.9863196970746,1.0876935935489056,120.92826583989313,14.206832813235144,0.8019931024785442,-2.8130508809347763,0.013753700196102288,0.8958645352676406,-0.0014322390030653016,52.638826835153445,1.0181611927293033,0.9559838893792545,188.4170420026678,0.9987452964488135,-0.23640752171735357,82.79985115142846,1.0309557460779413,2.5631311778444967,603.2867405260366,1.0792253281074975,47.795589971870186,129636946.55914955,0.9381508407709749,-8017936.149701446,3381363.1175589184,0.8356108613423773,-555859.3703841562,0.03335465382497296,0.9916940909668492,-0.0002770308035615482
3.38757399999986,0,2,3,2267.860612,2271.248186,4,0.5878794117647059,0.23281273752223083,-0.006,1.004,1.01,0.5878794117647059,0.23281273752223083,-0.006,1.004,1.01,-0.5137558823529411,0.2802246826379068,-0.942,0.425,1.367,-0.618,0.12374999999999992,0.5852102010489605,116.440133,0.20725882352941177,0.2750509109212618,-0.157,0.778,0.935,0.17,0.50925,0.3443968982575362,40.327135999999996,-0.8303970588235322,54.01543865511145,-154.809,81.145,235.954,14.8015,28.606749999999998,54.021821261221945,992241.438609,-0.3640117647058827,54.34754518050397,-137.939,124.87,262.80899999999997,-0.20600000000000002,35.3475,54.34876421512972,1004287.978382,0.39042352941176445,19.430978100249806,-36.672,50.672,87.344,-5.191000000000001,16.88125,19.434900063152007,128423.21575799998,0.9080805269531926,0.19045716851565442,0.3483259967329455,1.3337488519207805,0.985422855187835,0.8999055002126921,0.1277534605573386,0.9278384430872587,292.70062,58.6297632755767,53.03217460000787,3.066023809431362,197.88028945551906,194.8142656460877,28.835361578844882,80.74931181618945,79.05606039106604,2124952.6327489996,3.20864477682961,4.483645371039105,18.013782843815278,403.1134428018462,587.1750208352647,2381.3292356989155,0.8759584444987782,2096.638378362285,2.258750547443904,1677.313639202549,312.43504237619453,12.812006934257772,0.007638408604530662,0.2919861481662594,162557390.94152063,2.027061706176326,120125287.12762679,38936836.20566824,1754042.7638665747,0.014601777908784488,340,99.2752903765282,3.04823366666657,1.1113235923908495,0.33934033333328983,0.23086652610643754,1.0084299849108318,0.001946211415793292,0.9809999999999999,1.0295616612684846,0.029000000000000137,0.23086652610643754,1.0084299849108318,0.001946211415793292,0.9809999999999999,1.0295616612684846,0.029000000000000137,0.1714620870368326,1.1107829182489317,0.018995081478821813,0.9242562969507887,1.0661792056781745,0.06116655823704631,0.9281683318987598,0.9996445700670783,-0.00032988881150108895,4.375465955445967,1.0247240880051303,0.10817941559313837,1378.9863196970746,1.5204199986607951,717.6520586652105,14.206832813235144,0.9018200674047386,-1.3948258789773718,0.013753700196102288,0.5553707687323045,-0.006115291591571626,52.638826835153445,1.0074725782930445,0.39334776485442546,188.4170420026678,1.0339524682326229,6.397223643419892,82.79985115142846,0.9547850543467351,-3.7437907603624154,603.2867405260366,0.9732934297769312,-16.111719690771906,129636946.55914955,1.2539433800020152,32920444.382371083,3381363.1175589184,0.5187383616855833,-1627320.3536923437,0.03335465382497296,0.4377731997362238,-0.018752875916188474
3.10190900000043,0,2,4,2271.254948,2274.356857,5,0.5809935691318329,0.24710588476727585,-0.057,1.052,1.109,0.5809935691318329,0.24710588476727585,-0.057,1.052,1.109,-0.5059421221864953,0.2955906124270219,-0.986,0.435,1.421,-0.624,0.1645000000000001,0.5859618086168724,106.782236,0.19986495176848876,0.28163710845990025,-0.178,0.753,0.931,0.135,0.5429999999999999,0.3453483166414366,37.091558,4.843247588424437,58.56730578449976,-141.832,99.969,241.801,14.29,54.5115,58.76722176569076,1074065.356112,-2.175279742765274,58.00208475182939,-136.611,132.198,268.80899999999997,-4.641,41.916,58.04286069378115,1047750.8137080001,-0.4457556270096437,24.77392714796273,-38.443,60.489,98.93199999999999,-1.328,35.0535,24.777937049148694,190937.257132,0.9087654535221916,0.18808747196025527,0.3234934311543281,1.3267384821433348,1.0032450509890067,0.90116369212258,0.13668197111515834,0.9280256174394078,267.843011,67.45193115637649,53.72842059155085,2.3444745680002588,205.80481579885344,203.46034123085317,50.17395342206951,85.79985345215796,86.23517957299758,2312753.4269520002,3.161731968152115,4.4644518854992015,20.644313349270757,377.9780997362508,533.3438733519921,2236.016509957916,0.6344894841991817,1710.844432610769,2.200699807770732,1480.0932145141555,133.26949980923914,16.38066208762259,0.011067317873549547,0.31724474209959086,139604343.52072832,2.0533488657873065,102133682.2405859,34526345.5006376,2071363.8824522723,0.020280908677834327,311,98.66311479297275,3.04823366666657,1.0176086642388116,0.053675333333859765,0.23086652610643754,1.0703408511892405,0.01623935866083831,0.9809999999999999,1.1304790914324252,0.1280000000000001,0.23086652610643754,1.0703408511892405,0.01623935866083831,0.9809999999999999,1.1304790914324252,0.1280000000000001,0.1714620870368326,1.0969623911683017,0.016625384923422665,0.9242562969507887,1.0854619475617207,0.07898875403821803,0.9281683318987598,0.9998462299855433,-0.00014271445935198912,4.375465955445967,1.020337472798549,0.08898593005323452,1378.9863196970746,1.2406536657841452,331.8581129136944,14.206832813235144,1.1530129404234395,2.1738292743874457,0.013753700196102288,0.8046787169243942,-0.0026863823225527408,52.638826835153445,1.0206994306617554,1.0895937563974059,188.4170420026678,1.0798404383037388,15.043299228185361,82.79985115142846,1.04148954814993,3.4353284215691247,603.2867405260366,0.8840636425692061,-69.94286717404452,129636946.55914955,1.0768870081110011,9967396.961578771,3381363.1175589184,0.6125825031023673,-1309999.235106646,0.03335465382497296,0.608038167743421,-0.013073745147138636
3.00962400000026,0,2,5,2274.372125,2277.381749,6,0.5607119205298012,0.2704026794674916,-0.151,1.019,1.17,0.5607119205298012,0.2704026794674916,-0.151,1.019,1.17,-0.5068278145695364,0.3300278487464414,-1.005,0.707,1.7119999999999997,-0.629,0.18650000000000005,0.6048080807740058,110.46942999999999,0.2101092715231788,0.2829849959402157,-0.195,0.824,1.019,0.129,0.50425,0.35245767676032363,37.516377,-1.5685099337748376,62.347986307717946,-171.511,107.221,278.73199999999997,13.771,42.2905,62.36771296143329,1174698.9492519998,-0.22087748344370836,69.66041522191038,-160.611,133.756,294.36699999999996,4.771,49.920249999999996,69.66076539740038,1465491.915197,0.08873178807947028,22.106162424910824,-30.733,59.817,90.55,-8.038,17.2365,22.106340504180128,147584.467727,0.9168034996353459,0.19236953610335605,0.3954048558123686,1.3436729512794399,0.9482680954670712,0.9079972391805251,0.13978779939385655,0.9367682185921118,265.01547800000003,70.66521202990477,65.09586741911308,3.3188410627808014,241.67975591472282,238.36091485194203,39.54627292886706,99.77771553569895,96.07832297806902,2787775.332176,3.7158373470474135,5.646867377902887,26.584935429968112,455.6037874290833,819.6149336009024,5097.694305230888,0.6452179029897899,1687.612793559274,2.3579425360725867,1455.3688675540643,97.24431545569256,26.024312570076706,0.017881592186065595,0.32260895149489494,193237201.0136094,1.9050315999913527,153103531.1298765,34365405.30509938,2757770.1689836197,0.018012453067749467,302,97.42790335145827,3.04823366666657,0.987333754310945,-0.03860966666631027,0.23086652610643754,1.1712510787740433,0.03953615336105404,0.9809999999999999,1.1926605383011157,0.18900000000000006,0.23086652610643754,1.1712510787740433,0.03953615336105404,0.9809999999999999,1.1926605383011157,0.18900000000000006,0.1714620870368326,1.121936214637759,0.020907449066523448,0.9242562969507887,1.025979577673102,0.024011798516282545,0.9281683318987598,1.0092654277302318,0.008599886693351988,4.375465955445967,1.2905750890299368,1.2714014224569201,1378.9863196970746,1.2238067698291295,308.6264738621994,14.206832813235144,1.8318166261176934,11.817479756841562,0.013753700196102288,1.3001286148324633,0.004127891989963307,52.638826835153445,1.2366511816573011,12.457040583959632,188.4170420026678,1.2650708890542732,49.943872849274214,82.79985115142846,1.1603683053820057,13.278471826640569,603.2867405260366,1.358582707905452,216.3281930748658,129636946.55914955,1.4906028423420241,63600254.45445986,3381363.1175589184,0.8155794196319582,-623592.9485752988,0.03335465382497296,0.5400280201374228,-0.015342200757223496
2.99166400000013,0,2,6,2277.391659,2280.383323,7,0.5659066666666668,0.2689643432790963,-0.084,0.988,1.072,0.5659066666666668,0.2689643432790963,-0.084,0.988,1.072,-0.48613333333333336,0.33505256635671693,-0.95,0.507,1.4569999999999999,-0.6145,0.13024999999999998,0.5904115852521866,104.57575200000001,0.22960666666666663,0.2803510631729836,-0.139,0.784,0.923,0.1635,0.55675,0.3623754130732382,39.394782,-2.0907999999999993,59.81958646574994,-158.977,90.916,249.893,10.992,45.65225,59.85611388633022,1074826.3108720002,0.8323066666666666,67.93570976552725,-175.634,143.588,319.222,2.3739999999999997,54.05350000000001,67.94080802973522,1384786.01872,1.5923733333333332,18.060202454585667,-26.641,45.756,72.39699999999999,-1.6415000000000002,23.9005,18.130266559908417,98611.96966,0.9147685058712004,0.1889246781114236,0.3922065782212226,1.3408333229749325,0.9486267447537099,0.9071267244675614,0.16297766935215885,0.934073847901403,261.74818600000003,69.02213142804611,61.346228115260104,4.347193807503871,207.1397281208991,202.7925343133952,43.01664601995249,102.90437667314431,92.34399997206098,2558224.2992519997,2.8721007370322713,3.992630692710839,17.960559751783954,382.9084723700153,575.765486936085,2618.081687753898,0.6628882039070032,1606.1763373677084,2.0480056686691865,1447.9862220188884,91.11914675339301,20.024453575905504,0.013829174111786543,0.3314441019535016,169351198.63177556,1.7315008967732168,138032346.7021119,29103560.413325634,886611.1457066882,0.006423212869227579,300,99.43323058605047,3.04823366666657,0.9814418175681655,-0.05656966666643992,0.23086652610643754,1.165020915612882,0.038097817172658754,0.9809999999999999,1.0927624761186294,0.09100000000000019,0.23086652610643754,1.165020915612882,0.038097817172658754,0.9809999999999999,1.0927624761186294,0.09100000000000019,0.1714620870368326,1.1018451388171218,0.017462591074591,0.9242562969507887,1.0263676186136306,0.02437044780292119,0.9281683318987598,1.0063625376303638,0.0059055160026432185,4.375465955445967,0.9125041136741862,-0.3828352627351279,1378.9863196970746,1.1647514659238198,227.19001767063378,14.206832813235144,1.4094945597695565,5.81762076267036,0.013753700196102288,1.0054868042592349,7.547391568425536e-05,52.638826835153445,1.1654178444310896,8.707401280106659,188.4170420026678,1.076296136204924,14.375492310727395,82.79985115142846,1.115267704914409,9.544148820632529,603.2867405260366,0.954381139596242,-27.521253589951584,129636946.55914955,1.306349795538462,39714252.07262601,3381363.1175589184,0.262205245305553,-2494751.9718522304,0.03335465382497296,0.19257315567421357,-0.026931440955745383
3.10816199999999,0,2,7,2280.391413,2283.499575,8,0.5833814102564102,0.2797621334653568,-0.149,1.079,1.228,0.5833814102564102,0.2797621334653568,-0.149,1.079,1.228,-0.4772532051282051,0.3201902829528396,-0.994,0.611,1.605,-0.601,0.15725,0.5747107438551712,103.051241,0.22785576923076925,0.28246908447592045,-0.166,0.799,0.9650000000000001,0.14450000000000002,0.51775,0.36291463907702903,41.092595,-1.2226506410256428,59.95824037368072,-173.206,101.084,274.28999999999996,12.374,36.912,59.970705042529524,1122103.464549,-0.38841025641025706,70.00704539882193,-164.214,137.771,301.985,3.664,42.5235,70.00812287156398,1529154.8276159998,0.9484230769230766,20.10895274690893,-31.832,55.023,86.855,-5.503500000000001,18.408749999999998,20.131306140195086,126444.079916,0.9176143164949115,0.19642851543601586,0.35671977797705584,1.3756896452325285,1.0189698672554726,0.9042461872029453,0.14509139839011298,0.9384030027194182,274.747261,68.75370891638217,64.62058285445687,4.478831320780009,230.19015048867752,225.7113191678975,31.496125210092217,99.84098106497237,94.35513880127745,2777702.372081,2.8635526024525797,4.28911152936397,26.008384196949432,462.53940926974224,866.4384443569095,5555.644778084398,0.9460236732722971,1877.9877543612815,2.1984188542268153,1600.3034500385816,190.9886682396193,30.277143566192787,0.018919626502882092,0.315341224424099,203245523.95820904,2.067342060558035,159372748.27695036,35378822.920923136,5248950.548287079,0.03293505699710783,312,98.3864620203189,3.04823366666657,1.0196600161569487,0.05992833333341974,0.23086652610643754,1.2117916185842397,0.048895607358919235,0.9809999999999999,1.2517838812254447,0.2470000000000001,0.23086652610643754,1.2117916185842397,0.048895607358919235,0.9809999999999999,1.2517838812254447,0.2470000000000001,0.1714620870368326,1.1456089644921355,0.024966428399183255,0.9242562969507887,1.1024754276410111,0.09471357030468386,0.9281683318987598,1.0110267290518886,0.010234670820658431,4.375465955445967,0.9802639451971613,-0.08635442608199728,1378.9863196970746,1.3618610478747937,499.00143466420695,14.206832813235144,2.1311677235108166,16.070310752957646,0.013753700196102288,1.3756016546170786,0.005165926306779804,52.638826835153445,1.2276220183354372,11.981756019303425,188.4170420026678,1.1979347343364104,37.29427716522969,82.79985115142846,1.1395568648706935,11.555287649848992,603.2867405260366,1.4361967305746774,263.15170383087286,129636946.55914955,1.5678055473597106,73608577.39905949,3381363.1175589184,1.552317916117923,1867587.4307281603,0.03335465382497296,0.9874198453905276,-0.00041959682786513186
3.23058800000035,1,2,8,2283.508931,2286.739519,9,0.5929197530864198,0.25055113271275137,-0.042,0.993,1.035,0.5929197530864198,0.25055113271275137,-0.042,0.993,1.035,-0.4898333333333333,0.2722516253961842,-0.92,0.38,1.3,-0.6,0.203,0.5604084599426642,101.754676,0.2203364197530864,0.2807690075260833,-0.155,0.793,0.9480000000000001,0.1595,0.5267499999999999,0.3569024705109088,41.270917,-0.029324074074076105,54.285710174796584,-142.229,94.55,236.779,15.312999999999999,43.06825,54.28571809494034,954808.2972629999,0.6705555555555562,51.22796543682265,-116.931,93.038,209.969,2.588,42.79325,51.23235391380512,850420.324366,-1.3417716049382706,12.281535150693184,-22.55,34.763,57.313,-2.8935,15.6485,12.354612770035768,49454.21197,0.9078835083932653,0.1775225459577966,0.33336016558671194,1.270391278307593,0.937031112720881,0.9084409721488935,0.12677067039212486,0.9250766017664713,277.268417,58.34937574943013,48.163057242891696,5.583791364297201,176.4052367079844,170.82144534368717,35.56318663397241,79.08806608109094,75.65930037563292,1854682.8335990002,2.8463383449104236,3.852773305815101,15.600270557796112,310.6759803556059,450.6349815056044,1796.8081921353048,0.5956614403406485,1654.1356846425151,2.134925613455753,1451.5554895960545,120.26119682191174,24.515237975942362,0.01688894303489265,0.29783072017032425,121755403.86968037,1.9598096109484135,96696492.33200234,23430971.107162982,784224.5151475859,0.00811016507667095,324,96.49715333518506,3.04823366666657,1.0598229475416057,0.18235433333377982,0.23086652610643754,1.0852639665249646,0.019684606606313826,0.9809999999999999,1.0550458608048332,0.05400000000000005,0.23086652610643754,1.0852639665249646,0.019684606606313826,0.9809999999999999,1.0550458608048332,0.05400000000000005,0.1714620870368326,1.0353457062855245,0.00606045892096399,0.9242562969507887,1.0138217133862333,0.012774815770092318,0.9281683318987598,0.9966689877334496,-0.0030917301322884727,4.375465955445967,0.8805401153251592,-0.5226926496308661,1378.9863196970746,1.1995301628473647,275.14936494544054,14.206832813235144,1.7255948796587453,10.308405162707219,0.013753700196102288,1.2279554239610828,0.0031352428387903634,52.638826835153445,0.914972086755884,-4.475769592261749,188.4170420026678,0.9066135606364224,-17.59559665898064,82.79985115142846,0.9137613089198174,-7.140550775795532,603.2867405260366,0.7469664940840619,-152.65175902043222,129636946.55914955,0.9392029595060458,-7881542.689469174,3381363.1175589184,0.23192555424622152,-2597138.6024113325,0.03335465382497296,0.2431493574400468,-0.025244488748302013
2.46416099999988,1,2,9,2286.746964,2289.211125,10,0.5921417004048584,0.26613405681404045,0.017,0.994,0.977,0.5921417004048584,0.26613405681404045,0.017,0.994,0.977,-0.46739271255060727,0.29149202186902107,-0.854,0.233,1.087,-0.608,0.373,0.5508389479318837,74.945616,0.25980566801619426,0.27860697922836786,-0.176,0.703,0.879,0.22,0.5365000000000001,0.38094728507773506,35.844846,-3.778259109311739,62.74711661654221,-128.763,77.817,206.57999999999998,8.794,92.25200000000001,62.86076586860078,976014.5437400001,0.014097165991902716,57.29056962833182,-103.695,114.473,218.168,-4.809,75.2135,57.2905713627367,810705.7630660001,2.0127489878542506,19.956326684300272,-32.702,53.115,85.81700000000001,-0.504,20.305,20.05757047148591,99369.614905,0.9136114236980343,0.18792997794367017,0.4860236619754228,1.250650230879921,0.7646265689044982,0.9286926294528239,0.26718710022560876,0.9327397869295903,214.890867,72.37809024774627,48.963288675941584,1.8401796107989026,158.10939168183526,156.26921207103635,65.433447914656,90.23712199346394,87.38416095537276,1886089.9217109997,2.7357769232755356,3.5537139403795246,12.331691145504317,301.05713131292435,417.64751210323004,1564.4719051271516,0.815096234342637,1077.348066146949,1.5573526781758933,983.5894450576793,62.82597452098973,6.972393198115032,0.007088723077579662,0.4075481171713185,73131599.27426033,1.8929181558316293,53626263.91979435,18823633.243286427,409275.39992441,0.007631995406887548,247,100.66438494131567,3.04823366666657,0.8083897959865697,-0.5840726666666902,0.23086652610643754,1.1527615101884812,0.03526753070760291,0.9809999999999999,0.9959225178805045,-0.0039999999999998925,0.23086652610643754,1.1527615101884812,0.03526753070760291,0.9809999999999999,0.9959225178805045,-0.0039999999999998925,0.1714620870368326,1.0960438557059058,0.016467890906837562,0.9242562969507887,0.8272884514329963,-0.1596297280462905,0.9281683318987598,1.004925232659281,0.004571455030830451,4.375465955445967,0.8121909685606055,-0.8217520150664424,1378.9863196970746,0.7812608803659489,-301.6382535501257,14.206832813235144,0.4907774508834754,-7.234439615120111,0.013753700196102288,0.5154044237160501,-0.006664977118522626,52.638826835153445,0.9301743904737064,-3.675538159211861,188.4170420026678,0.8293793937202874,-32.14782993163146,82.79985115142846,1.055366159837735,4.584309803944308,603.2867405260366,0.6922869077681683,-185.63922842280658,129636946.55914955,0.5641262095053474,-56505347.28488922,3381363.1175589184,0.12103858287183124,-2972087.7176345084,0.03335465382497296,0.22881344111084692,-0.025722658418085416
6.86532399999987,1,2,10,2289.219426,2296.08475,11,0.834981077147016,0.1702529189485002,0.41,1.07,0.6600000000000001,0.834981077147016,0.1702529189485002,0.41,1.07,0.6600000000000001,-0.1495764192139738,0.3263633585915202,-0.721,0.315,1.036,-0.241,0.631,0.35900716847440756,88.544783,0.15009170305676856,0.18339546607341323,-0.08,0.591,0.6709999999999999,0.084,0.2735,0.23698400009866835,38.582893,-2.074362445414848,25.202147087396657,-100.931,57.45,158.381,-0.626,12.366499999999998,25.28737229072494,439302.972593,-0.5696768558951968,13.241926070905969,-36.824,47.725,84.549,-0.382,14.8095,13.254174353292694,120687.44566,6.9094133915574965,14.74306199833499,-13.679,50.458,64.137,0.718,16.0005,16.28182638717731,182122.237035,0.9509765628755201,0.08288905708424434,0.6036828637620916,1.1227528668411406,0.519070003079049,0.9717499678415225,0.10054096991882444,0.9545821174329912,626.012962,23.884136796526825,22.578091485867045,1.453876542213953,107.26455248123678,105.81067593902283,16.143917925955893,26.825203805120726,32.866734027879744,742112.6552879999,1.8405350060839687,2.6367381072197325,14.893599629780212,188.29122793740936,275.5440251110037,2214.78094003536,0.164076433038503,1621.3541108637105,3.528807811808089,958.2502885115422,481.93101086437656,96.28392033433961,0.10047888478373787,0.656305732154012,120297869.33569218,3.354028492457517,94181053.08204624,23087903.731997855,2178687.3542795125,0.023132968712736086,687,112.72050949745157,3.04823366666657,2.2522302186187777,3.8170903333332995,0.23086652610643754,0.7374516975037372,-0.060613607157937344,0.9809999999999999,0.6727828677596039,-0.32099999999999973,0.23086652610643754,0.7374516975037372,-0.060613607157937344,0.9809999999999999,0.6727828677596039,-0.32099999999999973,0.1714620870368326,0.48342495814943015,-0.08857302995258827,0.9242562969507887,0.5616082889296274,-0.40518629387173966,0.9281683318987598,1.0284579578314388,0.02641378553423135,4.375465955445967,0.602618813183017,-1.7387278482262345,1378.9863196970746,1.1757579373290086,242.36779116663593,14.206832813235144,6.777296638337867,82.07708752110447,0.013753700196102288,7.305583973422163,0.08672518458763559,52.638826835153445,0.42892467099019044,-30.0607353492864,188.4170420026678,0.5615769932950592,-82.60636606364498,82.79985115142846,0.39694194575062725,-49.93311712354871,603.2867405260366,0.45673807593744786,-327.74271541503293,129636946.55914955,0.9279597562937335,-9339077.223457366,3381363.1175589184,0.6443222092788276,-1202675.763279406,0.03335465382497296,0.6935452515463881,-0.010221685112236877
3.13707599999998,0,3,0,2365.979034,2369.11611,1,0.6199809523809524,0.2250056781344501,0.037,1.091,1.054,0.6199809523809524,0.2250056781344501,0.037,1.091,1.054,-0.503831746031746,0.273151054683538,-0.884,0.596,1.48,-0.603,0.134,0.5731124906893297,103.464247,0.13840952380952382,0.2757457315729939,-0.232,0.711,0.943,0.038,0.48950000000000005,0.3085334742972062,29.985765,2.930819047619049,45.09229412451423,-118.229,82.26,200.489,10.153,31.435499999999998,45.18743951256352,643199.9772559999,-4.379257142857143,64.01102440262584,-145.817,121.405,267.222,0.076,45.1525,64.16065101132334,1296725.578532,-2.031784126984127,17.120693731431047,-32.305,48.824,81.12899999999999,-1.924,16.2675,17.240832363436716,93632.58468399999,0.9087644463121746,0.18111308448838112,0.3899564078201563,1.3209110492383656,0.9309546414182093,0.907666238217551,0.12379011573762266,0.9266362653457765,270.476252,60.167547301666445,53.250412018915604,1.1828960224804206,187.15290790420545,185.97001188172504,32.37894533489317,84.31160573349919,80.3476205527117,2033558.140472,3.078905668723197,4.63174801738446,23.130635670297337,371.8277658372632,591.5777515205898,3740.074022253135,0.6349523825366498,1627.386713262778,2.2975612600930195,1402.7344707695818,126.94923135385226,12.953908887764209,0.009234754800432732,0.3174761912683249,140681521.53689218,1.8248001099722164,116537801.65984575,20759374.60522644,1973154.3434079504,0.016931453273567456,315,100.00500024952234,3.3317096666666366,0.9415814414954106,-0.1946336666666566,0.22367039758373444,1.0059698131958552,0.0013352805507156618,1.0363333333333333,1.0170472722703705,0.01766666666666672,0.22367039758373444,1.0059698131958552,0.0013352805507156618,1.0363333333333333,1.0170472722703705,0.01766666666666672,0.17449070731043936,1.0379525471613473,0.006622377177941757,0.8966824570756683,1.038221082268188,0.03427218434254098,0.9248531171957554,1.0019280230531606,0.0017831481500211188,4.274046361473195,1.0836915687903432,0.35770165591126535,1695.041922958054,0.9600864091981806,-67.6552096952762,17.637645323387876,0.7344466136442032,-4.683736435623667,0.012438432213226276,0.7424366043694008,-0.0032036774127935444,52.698496569540715,1.0104730775107,0.5519154493748886,189.79680446741858,0.9798374234685872,-3.826792585693539,77.57413886144379,1.0357526583165062,2.773481691267918,526.3098300463661,1.1240104549391254,65.26792147422373,156489273.18636093,0.8989850784811076,-15807751.64946875,1322379.6631861145,1.4921239325882083,650774.6802218358,0.011173807545169246,1.5152791966687695,0.00575764572839821
3.28802799999994,0,3,1,2369.132476,2372.420504,2,0.5964424242424242,0.22603846150372628,0.0,1.031,1.031,0.5964424242424242,0.22603846150372628,0.0,1.031,1.031,-0.5180909090909092,0.2701107924914991,-0.942,0.469,1.411,-0.6134999999999999,0.14725,0.5842756458239812,112.65475,0.16377272727272726,0.28667532027748455,-0.226,0.798,1.024,0.08,0.52725,0.33015790987729715,35.971401,1.8034878787878756,50.05602921873471,-136.702,84.672,221.374,15.6715,23.225499999999997,50.08850796016745,827923.347793,-2.3050212121212112,55.08020317613028,-138.58,101.206,239.786,0.1755,40.99575,55.12841286226297,1002916.828555,-0.4128787878787879,16.015626969170164,-28.076,40.733,68.809,-4.183,14.316749999999999,16.020948040271865,84701.35611599998,0.9087456594243115,0.17720201395638968,0.35316568349713706,1.2881253820960132,0.9349596985988762,0.9061811214919262,0.10517336321089554,0.9258613434379509,282.882345,57.43312946525385,50.061032253883454,6.097786565631828,188.45274887090397,182.35496230527215,33.28445524274217,72.10410705873525,76.18839354191012,1915541.5324640002,3.025686235074308,4.305436991277606,23.509023483691447,371.6514030299878,575.6082483434343,3216.517546767028,0.6014295981601744,1709.7775217013939,2.282253729394068,1426.3010024362895,189.5519119480723,23.001538055465986,0.01612670678630625,0.3007147990800872,136457526.26720193,1.9973666505253518,103679381.08948813,30142762.947016433,902251.5451963742,0.008702323795872387,330,99.23588369642879,3.3317096666666366,0.9868891107251578,-0.04368166666669637,0.22367039758373444,1.0105872473054145,0.0023680639199918363,1.0363333333333333,0.994853641091795,-0.005333333333333412,0.22367039758373444,1.0105872473054145,0.0023680639199918363,1.0363333333333333,0.994853641091795,-0.005333333333333412,0.17449070731043936,1.0155383431722995,0.0027113066459503177,0.8966824570756683,1.0426876100834674,0.03827724152320788,0.9248531171957554,1.0010901365985023,0.0010082262421955424,4.274046361473195,1.0073444733809922,0.03139062980441132,1695.041922958054,1.0086933535587943,14.735598743339779,17.637645323387876,1.30411614593045,5.36389273207811,0.012438432213226276,1.2965214220441608,0.003688274573079974,52.698496569540715,0.9499518108324705,-2.6374643156572617,189.79680446741858,0.9607904769912402,-7.441842162146429,77.57413886144379,0.9821365038697997,-1.3857453195336689,526.3098300463661,1.0936680553387887,49.298418297068224,156489273.18636093,0.8719928432710946,-20031746.919158995,1322379.6631861145,0.6822938754385416,-420128.11798974033,0.011173807545169246,0.7788138441221143,-0.002471483749296859
3.57002499999999,0,3,2,2372.430646,2376.000671,3,0.6045502793296089,0.219967053113027,0.021,1.045,1.024,0.6045502793296089,0.219967053113027,0.021,1.045,1.024,-0.5014832402234637,0.2676128874705756,-0.938,0.252,1.19,-0.598,0.11499999999999999,0.5684207049055858,115.670551,0.17891340782122905,0.28498983768828223,-0.192,0.758,0.95,0.065,0.54575,0.3364954904360516,40.53605900000001,-0.6823379888268145,51.89026784814513,-154.29,84.87,239.16,10.603000000000002,18.942999999999998,51.89475390136502,964117.442729,-0.4584357541899451,52.32715276580106,-134.229,108.809,243.038,1.8704999999999998,23.622,52.329160894440115,980326.1066099999,2.510393854748604,19.14834939671358,-18.55,59.359,77.909,-3.8395,8.92375,19.3122075880667,133520.167569,0.9071499408228849,0.1651570234865472,0.4805642516875345,1.3046972828974541,0.8241330312099195,0.9055135545541073,0.09995266728175678,0.9220617428035387,304.37083299999995,52.94408644985474,54.7840454358231,2.9068732342501624,203.9723124495087,201.06543921525855,23.929879161675682,77.70132621740393,76.18640248970955,2077963.7169079997,2.7124472436002027,3.884954075757518,17.24914050203538,295.1392817106198,411.7434902750743,2095.45636565127,0.8260116577621289,1747.961533909991,2.2750356815882466,1418.5814804800652,257.3736233246391,16.95748902693344,0.011953835052939845,0.275337219254043,192328771.75498873,2.099549712203407,138410517.03065607,52252614.601847276,1091733.1009540197,0.007887645566067898,358,98.57072449294739,3.3317096666666366,1.0715294387750458,0.23831533333335342,0.22367039758373444,0.9834428053728071,-0.0037033444707074425,1.0363333333333333,0.98809905768962,-0.012333333333333307,0.22367039758373444,0.9834428053728071,-0.0037033444707074425,1.0363333333333333,0.98809905768962,-0.012333333333333307,0.17449070731043936,0.946508937737436,-0.009333683823892158,0.8966824570756683,0.9190912741916849,-0.07254942586574875,0.9248531171957554,0.996981807910754,-0.002791374392216661,4.274046361473195,0.908963950809555,-0.38909228571567667,1695.041922958054,1.031220237225327,52.919610951936875,17.637645323387876,0.9614372387244398,-0.6801562964544345,0.012438432213226276,0.9610395617088505,-0.0004845971602864315,52.698496569540715,1.0395751110875535,2.0855488662823873,189.79680446741858,1.0593720993821087,11.268634747839968,77.57413886144379,0.9821108374269679,-1.3877363717342348,526.3098300463661,0.7823214896650855,-114.56633977129178,156489273.18636093,1.229022078247798,35839498.568627805,1322379.6631861145,0.825582191973228,-230646.56223209482,0.011173807545169246,0.7059042743612677,-0.003286161979101348
3.07777099999976,0,3,3,2376.009156,2379.086927,4,0.5916957928802589,0.2271885250285107,0.004,1.046,1.042,0.5916957928802589,0.2271885250285107,0.004,1.046,1.042,-0.5147993527508091,0.27903296693022717,-0.945,0.313,1.258,-0.616,0.15100000000000002,0.5855576574740845,105.94923100000001,0.19089320388349515,0.28004400645705363,-0.209,0.792,1.0010000000000001,0.119,0.507,0.33891718876655397,35.493242,-1.9253042071197422,51.89300433236497,-149.008,74.214,223.222,14.55,33.069,51.92870781108271,833246.524733,2.551229773462782,54.597647089512556,-121.786,109.191,230.977,3.344,36.611000000000004,54.65722130759998,923110.2588899999,0.5759741100323621,16.910475397062896,-20.153,54.687,74.84,-3.908,10.733,16.920281449494187,88465.440618,0.9090802745081625,0.18175319195258596,0.41633279957264957,1.302264566054072,0.8859317664814224,0.908421157833744,0.1316146346499334,0.9270712854386062,265.573501,57.878837051987404,51.18924380996804,0.751843733763872,190.85268476497785,190.10084103121397,41.79113452635619,73.6401117508575,77.26770645183446,1844822.224241,2.944815073418583,3.9530706931094404,14.993093746034878,335.5971436256419,477.30579324310725,1589.7456325782493,0.6438688793347838,1577.0703128650755,2.1118060279231683,1400.2162117039056,115.02024238154807,16.64114488511424,0.01188469662463413,0.3219344396673919,125096278.84020832,2.1335682569303187,96310601.62228605,26648911.495510798,1450178.7601943826,0.015057311819956634,309,99.47774185722409,3.3317096666666366,0.9237812710857384,-0.2539386666668766,0.22367039758373444,1.0157290250542383,0.0035181274447762534,1.0363333333333333,1.0054679864380704,0.005666666666666709,0.22367039758373444,1.0157290250542383,0.0035181274447762534,1.0363333333333333,1.0054679864380704,0.005666666666666709,0.17449070731043936,1.0416209799242548,0.007262484642146599,0.8966824570756683,0.9880105823532972,-0.010750690594245937,0.9248531171957554,1.0023983897308932,0.0022181682428508154,4.274046361473195,0.9249012176128732,-0.32097566836375435,1695.041922958054,0.9304019514181645,-117.97161009297861,17.637645323387876,0.9435015032087491,-0.9965004382736353,0.012438432213226276,0.9554811141862019,-0.0005537355885921469,52.698496569540715,0.9713606105006302,-1.509252759572675,189.79680446741858,1.0016019055464738,0.30403656379539257,77.57413886144379,0.9960498121659186,-0.3064324096093287,526.3098300463661,0.9068912757946955,-49.00403680325883,156489273.18636093,0.7993920368665326,-31392994.346152604,1322379.6631861145,1.0966432716458605,127799.09700826812,0.011173807545169246,1.3475530416608898,0.0038835042747873885
3.67354599999999,0,3,4,2379.099508,2382.773054,5,0.6106820652173913,0.22230719419620015,-0.026,0.993,1.019,0.6106820652173913,0.22230719419620015,-0.026,0.993,1.019,-0.5052092391304348,0.2703137010583368,-0.927,0.316,1.243,-0.586,0.10224999999999995,0.572979818390324,120.816561,0.15731793478260866,0.2863160679481682,-0.199,0.851,1.05,0.072,0.513,0.3266891846534948,39.275103,-1.2995760869565234,47.5635251333811,-133.099,96.305,229.404,8.511500000000002,21.221,47.58127595094067,833143.838172,-0.09307336956521794,54.804047258882775,-146.519,127.267,273.786,4.8015,26.4805,54.80412629178553,1105285.151167,1.5062038043478267,14.34071008449322,-25.588,39.145,64.733,-2.0839999999999996,12.905000000000001,14.419591382134147,76516.25855099999,0.909705252484589,0.17268793421571002,0.35938976056643573,1.2986989643485514,0.9393092037821156,0.9077695157652609,0.10452237984360446,0.9259507379022597,315.51759500000003,51.028571677701045,53.58618821941889,1.2404390351806895,185.5338425867367,184.29340355155603,23.18185026297145,70.9194914703434,73.99590999071003,2014945.2478900002,2.894878094619853,3.834360681351072,14.615152052710311,337.0351987265612,461.0774633829526,1625.8167893227815,0.8206335728723774,2019.248059284337,2.376276005697812,1385.2927877099792,536.5510805791323,26.842571201171694,0.019376821592604444,0.27354452429079246,194433627.1570613,2.1530499098543605,140833787.96927086,51276354.77752418,1362774.7408376988,0.009676475798087947,368,100.66438493901163,3.3317096666666366,1.1026008735777242,0.3418363333333536,0.22367039758373444,0.993905258177598,-0.0013632033875342897,1.0363333333333333,0.9832743552594948,-0.017333333333333423,0.22367039758373444,0.993905258177598,-0.0013632033875342897,1.0363333333333333,0.9832743552594948,-0.017333333333333423,0.17449070731043936,0.9896683151830823,-0.001802773094729343,0.8966824570756683,1.04753827388358,0.04262674670644728,0.9248531171957554,1.0011867946101154,0.0010976207065043209,4.274046361473195,0.8971265980975845,-0.4396856801221225,1695.041922958054,1.1912673261488371,324.20613632628283,17.637645323387876,1.5218908586600837,9.204925877783818,0.012438432213226276,1.5578173906697352,0.0069383893793781674,52.698496569540715,1.0168447241856005,0.8876916498781711,189.79680446741858,0.97100372189608,-5.5034009158625565,77.57413886144379,0.9538734308522122,-3.578228870733753,526.3098300463661,0.8760570999283306,-65.23236666341347,156489273.18636093,1.2424725554544112,37944353.97070038,1322379.6631861145,1.030547261710186,40395.07765158429,0.011173807545169246,0.8659955077100179,-0.001497331747081299
3.31460199999992,0,3,5,2382.781264,2386.095866,6,0.6061891891891892,0.223614929913285,0.011,1.087,1.076,0.6061891891891892,0.223614929913285,0.011,1.087,1.076,-0.4988288288288289,0.2719996977301538,-0.865,0.372,1.237,-0.596,0.124,0.5681672606161288,107.497074,0.18541741741741743,0.2818097721595572,-0.186,0.743,0.929,0.07,0.527,0.33733717015230674,37.894189999999995,-2.012336336336337,50.770242067145475,-143.817,79.511,223.328,13.664,38.611,50.810107036760776,859695.10337,0.8802732732732729,55.61134349437753,-132.626,115.679,248.305,2.763,29.923000000000002,55.618309991272525,1030101.0032929999,0.26674774774774773,14.12127735258043,-19.359,38.748,58.107,-3.817,11.556999999999999,14.123796530304077,66427.38226700001,0.9093892059277003,0.1645923586153351,0.45152630045214426,1.258315143356385,0.8067888429042408,0.9051811973301258,0.122443770190931,0.9241641479587771,284.408431,56.438813193263755,51.85754889249664,1.2957935792401505,177.2979675377019,176.00217395846175,32.07242767549722,81.3865407368275,76.64558051056696,1956223.48893,2.9276451156757943,3.9809298572965948,14.048089639455773,312.03003916484454,453.59592085780514,2041.7565822178185,0.5982077695290697,1502.0272397874712,2.233076258256083,1303.0356240067993,129.3925085749026,11.614808754756885,0.00891365404036501,0.29910388476453487,149101647.53271008,1.9113754048921971,119751776.2859579,27822183.01913266,612032.1278080461,0.00511083966175634,333,99.6015936265901,3.3317096666666366,0.994865195852289,-0.017107666666716703,0.22367039758373444,0.9997519668737195,-5.5467670449449447e-05,1.0363333333333333,1.038275962962921,0.03966666666666674,0.22367039758373444,0.9997519668737195,-5.5467670449449447e-05,1.0363333333333333,1.038275962962921,0.03966666666666674,0.17449070731043936,0.943272863750718,-0.009898348695104253,0.8966824570756683,0.8997486540975919,-0.0898936141714275,0.9248531171957554,0.9992550392957341,-0.0006889692369782541,4.274046361473195,0.93141943519074,-0.29311650417659996,1695.041922958054,0.8861298469582334,-193.01468317058288,17.637645323387876,0.6585237731688693,-6.022836568630991,0.012438432213226276,0.7166214134826929,-0.003524778172861266,52.698496569540715,0.9840422831460706,-0.8409476770440776,189.79680446741858,0.9273189527245277,-13.794630508956828,77.57413886144379,0.9880300526130799,-0.9285583508768269,526.3098300463661,0.8618420081745889,-72.71390918856093,156489273.18636093,0.9527914884948502,-7387625.65365085,1322379.6631861145,0.46282633108060944,-710347.5353780685,0.011173807545169246,0.45739422906237615,-0.006062967883412906
3.19668799999999,1,3,6,2386.112537,2389.309225,7,0.6173707165109035,0.23554759481440496,0.062,1.024,0.962,0.6173707165109035,0.23554759481440496,0.062,1.024,0.962,-0.4876604361370717,0.2560140912419696,-0.94,0.174,1.1139999999999999,-0.592,0.203,0.5507775557226806,97.377249,0.18662616822429906,0.28606001777608264,-0.19,0.71,0.8999999999999999,0.104,0.586,0.34155476930667655,37.447751,-1.9658380062305285,52.697021060933785,-132.061,90.977,223.038,10.87,41.373999999999995,52.7336756519327,892649.815832,1.4707352024922125,45.8416010016454,-106.489,91.084,197.573,2.015,35.817,45.86518771824559,675260.557662,-0.1648006230529597,15.242606722762256,-26.397,40.718,67.11500000000001,-2.473,22.427,15.243497595701447,74588.914283,0.9086034696221765,0.1763082027092537,0.4620973923319629,1.3324976547821763,0.8704002624502134,0.9046800539417236,0.1381495432278279,0.9255511046679297,274.98299599999996,54.03656537861692,46.87077781758866,1.1013060428418615,171.54441998211425,170.4431139392724,34.84016235610851,73.86153445176102,71.53195237894253,1642499.2877769999,2.999703955462749,4.036911098710005,14.339506708312639,309.9410286624337,442.88089920655375,1755.5763698534845,0.6092533706671001,1601.4932245802386,2.1301289650859743,1436.0958002362722,90.6327755199275,10.258964392634793,0.007143649045471418,0.30462668533355003,113183831.21229783,1.9783618663580456,92995210.29331687,18712671.8320329,556605.6847712169,0.005985315620187564,321,97.78516599206957,3.3317096666666366,0.9594737567885161,-0.1350216666666464,0.22367039758373444,1.0531012902376196,0.011877197230670516,1.0363333333333333,0.9282727475560687,-0.07433333333333336,0.22367039758373444,1.0531012902376196,0.011877197230670516,1.0363333333333333,0.9282727475560687,-0.07433333333333336,0.17449070731043936,1.0104159431907247,0.001817495398814345,0.8966824570756683,0.9706895076122448,-0.02628219462545489,0.9248531171957554,1.0007546900709419,0.0006979874721743107,4.274046361473195,0.9445173841945349,-0.2371352627631893,1695.041922958054,0.944810392521732,-93.54869837781553,17.637645323387876,0.5816515866329777,-7.378680930753083,0.012438432213226276,0.5743202342392442,-0.005294783167754859,52.698496569540715,0.8894139465030855,-5.827718751952055,189.79680446741858,0.8980294184012522,-19.35369052814619,77.57413886144379,0.9221108145007657,-6.042186482501251,526.3098300463661,0.8414832365170201,-83.42893083981232,156489273.18636093,0.7232689430253073,-43305441.9740631,1322379.6631861145,0.4209121633269362,-765773.9784148976,0.011173807545169246,0.5356553922589495,-0.0051884919249816815
2.63529500000004,1,3,7,2389.321642,2391.956937,8,0.6135962264150944,0.26092297566723227,0.085,1.012,0.927,0.6135962264150944,0.26092297566723227,0.085,1.012,0.927,-0.47732452830188676,0.2981219713065793,-0.874,0.26,1.134,-0.601,0.28400000000000003,0.5627747463189332,83.929585,0.20124150943396227,0.2767194652132558,-0.198,0.732,0.9299999999999999,0.136,0.547,0.34215757707110594,31.024029000000002,-2.0725547169811316,61.83538172207665,-122.397,108.885,231.282,6.305,62.870000000000005,61.87010518634837,1014396.1276789999,-0.30594339622641786,56.90157926826998,-112.595,118.534,231.12900000000002,-0.198,48.717,56.90240174706957,858039.081015,1.0662679245283024,21.88251349658481,-40.656,51.511,92.167,-0.687,27.603,21.90847608153279,127195.05091700002,0.9152761858362366,0.20158832948478708,0.4659034234688558,1.2945910551212687,0.8286876316524129,0.9046911075057608,0.27166016339036125,0.9372130765964569,232.767613,67.78831012624886,54.31868531911758,3.619957596436732,166.7069472457582,163.08698964932145,48.253141141277005,104.78083232968962,86.86641793334068,1999630.259611,2.7335370414926072,3.6304599497508554,16.67955542835536,285.0732150875517,370.63658449652155,1025.0086416384331,0.7378930202628957,1426.8966690971001,1.7396810995086662,1204.220950234249,181.7531072319077,14.0185667715903,0.011641191567666178,0.36894651013144786,103600118.57007091,1.7883744713884417,66762119.79950184,36421700.7886139,229896.3320962125,0.0034435145676415136,265,97.77082518483368,3.3317096666666366,0.7909737809558014,-0.6964146666665965,0.22367039758373444,1.1665511700270488,0.03725257808349783,1.0363333333333333,0.8944998305451931,-0.10933333333333328,0.22367039758373444,1.1665511700270488,0.03725257808349783,1.0363333333333333,0.8944998305451931,-0.10933333333333328,0.17449070731043936,1.155295436869217,0.02709762217434772,0.8966824570756683,0.9241706647337429,-0.06799482542325541,0.9248531171957554,1.0133642294514136,0.012359959400701559,4.274046361473195,0.8494198785446249,-0.6435864117223393,1695.041922958054,0.8418061227645474,-268.14525386095397,17.637645323387876,0.7948094264631402,-3.6190785517975748,0.012438432213226276,0.9359043012064364,-0.0007972406455600978,52.698496569540715,1.0307444964228045,1.6201887495768617,189.79680446741858,0.859271525136373,-26.70981481809713,77.57413886144379,1.1197857842456507,9.2922790718969,526.3098300463661,0.7042174843225474,-155.67324554984452,156489273.18636093,0.6620269649197933,-52889154.61629002,1322379.6631861145,0.17385047463774758,-1092483.331089902,0.011173807545169246,0.3081770893180766,-0.007730292977527732
5.59282799999983,1,3,8,2391.969368,2397.562196,9,0.8179803220035777,0.1714170488070571,0.364,1.122,0.7580000000000001,0.8179803220035777,0.1714170488070571,0.364,1.122,0.7580000000000001,-0.21657781753130587,0.29081882539447745,-0.758,0.349,1.107,-0.284,0.552,0.36260383375034416,73.498181,0.17101252236135958,0.18603344243349254,-0.149,0.618,0.767,0.14,0.293,0.25269294510937595,35.694232,-1.4469570661896247,26.41994071734446,-102.611,37.817,140.428,5.069,14.878,26.459534241165166,391359.786313,-1.4721288014311271,17.386241599819957,-46.534,42.901,89.435,-1.634,19.809,17.448454377832814,170186.745138,8.882788908765653,15.00556138174113,-16.443,45.908,62.351,5.267,22.9995,17.43762630574732,169975.58344900003,0.9413667892331647,0.0874039169267444,0.5997674549356609,1.178373455233951,0.5786060002982902,0.9514126339291487,0.08277587154427435,0.945415716267344,499.64027999999996,28.9110669745369,21.74342498336997,1.1961024203637411,114.52475653324917,113.32865411288543,22.77057001921559,21.109530541535243,36.174940547478386,731522.1149,1.938746888873773,2.6850561838974176,14.137545732343932,210.38845984866055,306.06545012137667,1327.8979629493626,0.19220078062863757,1193.590658734349,3.7357970083399583,656.6870100335033,404.3996871640227,60.61441981001407,0.09230336352473086,0.5766023418859128,73866841.436627,3.227407892420163,56322405.902578406,15179962.596876262,1210375.308842929,0.02149012083994655,559,107.4402363714084,3.3317096666666366,1.6786660732082257,2.2611183333331937,0.22367039758373444,0.7663823330893001,-0.05225334877667734,1.0363333333333333,0.7314248884069648,-0.2783333333333332,0.22367039758373444,0.7663823330893001,-0.05225334877667734,1.0363333333333333,0.7314248884069648,-0.2783333333333332,0.17449070731043936,0.5009086917285269,-0.08708679038369496,0.8966824570756683,0.6452741316391362,-0.31807645677737806,0.9248531171957554,1.022233356266996,0.02056259907158864,4.274046361473195,0.6282234563056278,-1.588990177575777,1695.041922958054,0.7041658631335482,-501.45126422370504,17.637645323387876,3.43665033876555,42.9767744866262,0.012438432213226276,7.4208137918252435,0.07986493131150457,52.698496569540715,0.41260047998810423,-30.955071586170746,189.79680446741858,0.5971051747942833,-76.46815035453315,77.57413886144379,0.4663273234322029,-41.3991983139654,526.3098300463661,0.5815309398431682,-220.2443799249894,156489273.18636093,0.4720249505450766,-82622431.74973392,1322379.6631861145,0.9153009098209106,-112004.35434318543,0.011173807545169246,1.923256823648184,0.010316313294777306
3.20898799999986,0,4,0,2462.639727,2465.848715,1,0.6087204968944099,0.2358750119383059,0.001,1.058,1.0570000000000002,0.6087204968944099,0.2358750119383059,0.001,1.058,1.0570000000000002,-0.4797701863354037,0.27580024161090955,-0.886,0.579,1.4649999999999999,-0.572,0.22500000000000003,0.5533942581640544,98.61095599999999,0.15031366459627327,0.3244905003915133,-0.321,0.788,1.109,0.0445,0.6065,0.35761471251711063,41.180027,2.1697329192546597,47.0603111793274,-117.176,86.214,203.39,9.694500000000001,39.045249999999996,47.11030279287137,714640.5626139999,-1.0224130434782541,61.606576392118775,-153.924,110.656,264.58000000000004,11.4355,49.57225,61.615059710994686,1222445.817787,-7.4953913043478275,15.32090794634238,-33.664,36.55,70.214,-6.71,18.43925,17.05611653060538,93673.37777600001,0.9128640327322024,0.16428758296905327,0.3526953359487477,1.2881463426179496,0.9354510066692019,0.9192069916851122,0.09887081400006825,0.9275295963870441,277.020191,60.71208473142649,51.193262165007084,1.330755048835059,191.60253591484638,190.2717808660113,47.78265522312235,73.45501146233443,79.41478025865875,2030759.758177,3.238728967880641,5.232405098756444,42.71849862941401,400.87309798670327,671.9780164547162,4552.135454800534,0.6085216149762809,1399.2391727987044,2.5245096274105023,1167.412051550999,109.55442117008708,26.646068165142406,0.022824904136900727,0.30426080748814044,135865271.8185284,2.1302357486240484,108299844.9888498,23716023.186406184,1612220.8461150178,0.014886640385136346,322,97.97198001118123,3.1386423333334896,1.0224127660852422,0.07034566666637021,0.22649103334096085,1.0414319633082283,0.00938397859734505,1.037,1.0192863932566407,0.02000000000000024,0.22649103334096085,1.0414319633082283,0.00938397859734505,1.037,1.0192863932566407,0.02000000000000024,0.17172892764825512,0.9566680212367956,-0.00744134467920185,0.9668375190794607,0.9675369216996134,-0.031386512410258804,0.9257986224595421,1.00186969808208,0.0017309739275019886,5.0358020177952945,1.0390410643381116,0.19660308096114942,1462.7004976507533,0.9566135890679327,-63.46132485204885,21.37811750859713,1.246417891657795,5.267950656545278,0.017476319165422614,1.3060468202933835,0.005348584971478113,53.664838839067976,0.953944207472379,-2.4715766740608913,194.7391530580021,0.9770597122786561,-4.4673721919907905,82.82729982260149,0.9587995795970699,-3.4125195639427375,567.7120005889266,1.1836600525368335,104.26601586578965,142860174.58660144,0.9510367197274232,-6994902.768073022,998505.9527196778,1.6146331844329216,613714.89339534,0.008946347516079528,1.66398898751589,0.005940292869056818
3.09155900000042,0,4,1,2465.859373,2468.950932,2,0.5287935483870967,0.22168330205495765,-0.007,1.02,1.027,0.5287935483870967,0.22168330205495765,-0.007,1.02,1.027,-0.548741935483871,0.3054659336628423,-0.968,0.398,1.366,-0.6755,0.1832499999999999,0.628034352871797,122.27241599999999,0.16939032258064518,0.3185911920444177,-0.309,0.842,1.151,0.0925,0.59475,0.3608232656471282,40.359963,-1.2487548387096818,53.76649933373395,-139.893,78.229,218.122,20.6565,44.45825000000001,53.78099886810966,896642.710168,-0.32669677419354787,61.82364920365379,-148.534,113.496,262.03,7.343500000000001,49.84349999999999,61.82451238496516,1184903.8028080002,-0.2992709677419337,22.020635273661128,-35.603,47.634,83.237,-5.832000000000001,28.98475,22.022668797576326,150349.3617,0.9057218417666225,0.18180931217085272,0.2793009129952854,1.3138104886169848,1.0345095756216993,0.9110852526654543,0.1262273946273863,0.9237893053316656,264.549871,65.6528586921883,53.752825575978974,2.601123795592974,198.64006875250521,196.03894495691225,40.177064400109074,76.84529519429564,84.85083447944436,2231895.874676,3.4939219740837992,5.0484601805990605,30.69514975452862,357.49670223525106,478.4181656724388,1915.02354396656,0.6286896222336288,1588.3273689658647,2.4332360428874806,1317.484156845443,175.29485735916512,23.487504222090053,0.01782754206179585,0.3143448111168144,138834052.0041286,2.057264689310336,109508936.53275375,27942945.53073111,595124.5893359703,0.005434484236434627,310,97.44689144621246,3.1386423333334896,0.9849988185391447,-0.0470833333330698,0.22649103334096085,0.9787729297587914,-0.004807731286003203,1.037,0.9903567889068777,-0.010000000000000009,0.22649103334096085,0.9787729297587914,-0.004807731286003203,1.037,0.9903567889068777,-0.010000000000000009,0.17172892764825512,1.0586993354797594,0.010080384522597602,0.9668375190794607,1.0699931937961387,0.06767205654223862,0.9257986224595421,0.9978296283258288,-0.002009317127876553,5.0358020177952945,1.0025136319366605,0.012658162803766082,1462.7004976507533,1.0858869409739194,125.62687131511143,21.37811750859713,1.0986703671012163,2.109386713492924,0.017476319165422614,1.0200964912624855,0.0003512228963732378,53.664838839067976,1.0016395600694612,0.08798673691099879,194.7391530580021,1.0066745277897775,1.2997918989101436,82.82729982260149,1.0244307692141668,2.0235346568428696,567.7120005889266,0.8427127930494964,-89.29383491648775,142860174.58660144,0.971817740009605,-4026122.582472831,998505.9527196778,0.5960150640213966,-403381.3633837075,0.008946347516079528,0.6074521643771873,-0.0035118632796449015
3.11538000000019,0,4,2,2468.965456,2472.080836,3,0.5637284345047924,0.221914786029619,-0.073,0.954,1.027,0.5637284345047924,0.221914786029619,-0.073,0.954,1.027,-0.51344089456869,0.3086554742396666,-1.068,0.347,1.415,-0.629,0.18600000000000005,0.5990740805556607,112.332493,0.19416293929712458,0.3065837980193571,-0.231,0.773,1.004,0.101,0.579,0.3628951256278773,41.219869,-1.4230670926517588,53.802027020485674,-145.786,81.206,226.99200000000002,14.244,41.558,53.82084383826826,906661.851448,0.5269456869009606,61.140806372024,-143.695,127.618,271.313,4.672,42.275000000000006,61.14307708627588,1170142.949056,2.946115015974441,21.178855326604356,-31.221,63.527,94.748,-3.405,19.115000000000002,21.38278528706183,143110.957576,0.9105092839548748,0.16908988780485942,0.409327497243955,1.3398794721914358,0.9305519749474808,0.9114784693013873,0.10408994986532549,0.9260769656599168,268.43460500000003,62.85663246938507,56.048428776217875,6.398220455720481,204.30495380680324,197.90673335108275,36.783434559594895,81.40362023398949,84.21628472970131,2219915.75808,3.6254662374833084,4.826540774030379,19.751105442421814,389.6162816490133,552.7398196396248,1853.2672452434288,0.6442605724789717,1400.5349511876907,2.3755152620292166,1188.873324592201,116.08543255006605,14.000780138558923,0.011776511297571261,0.32213028623948586,153881199.93714732,2.041110241723596,120923956.32711053,31027210.186671857,788172.4227080455,0.006517917926667614,313,100.82677959295908,3.1386423333334896,0.9925884058173404,-0.023262333333299523,0.22649103334096085,0.9797949744774114,-0.004576247311341847,1.037,0.9903567889068777,-0.010000000000000009,0.22649103334096085,0.9797949744774114,-0.004576247311341847,1.037,0.9903567889068777,-0.010000000000000009,0.17172892764825512,0.984632468589533,-0.0026390398433956963,0.9668375190794607,0.9624698534752494,-0.03628554413197993,0.9257986224595421,1.0003006411876363,0.0002783432003746755,5.0358020177952945,0.9584452977678848,-0.2092612437649155,1462.7004976507533,0.9574994699376381,-62.16554646306258,21.37811750859713,0.6549117398376842,-7.377337370038205,0.017476319165422614,0.6738549718365,-0.005699807867851353,53.664838839067976,1.0444162318991348,2.3835899371498996,194.7391530580021,1.016265759777514,3.167580293080647,82.82729982260149,1.0167696508265638,1.3889849070998253,567.7120005889266,0.9736271543608266,-14.972180949301787,142860174.58660144,1.0771455402629722,11021025.350545883,998505.9527196778,0.7893517515456518,-210333.53001163236,0.008946347516079528,0.7285554947868766,-0.0024284295894119144
3.02774600000021,0,4,3,2472.090229,2475.117975,4,0.6140098684210527,0.25820273915641834,-0.081,1.029,1.1099999999999999,0.6140098684210527,0.25820273915641834,-0.081,1.029,1.1099999999999999,-0.4929539473684211,0.30082288106773386,-1.02,0.429,1.449,-0.581,0.10749999999999993,0.5774928570986831,101.38339200000001,0.11721052631578945,0.3062581069083583,-0.287,0.707,0.994,0.0305,0.5955,0.32792123372284965,32.68983,-3.825434210526318,56.699811637365926,-147.374,94.977,242.351,12.458,36.27825,56.82871269536062,981768.7863299999,3.9611546052631574,66.75255695634175,-152.702,142.061,294.76300000000003,1.5265,52.863,66.86998284743646,1359364.760229,2.45760197368421,15.617147844137673,-25.527,43.084,68.611,0.0,14.01475,15.809336300006732,75980.27473100001,0.9196569214163639,0.19732778680056073,0.42847753733422245,1.3275710903752007,0.8990935530409783,0.924574988976864,0.13702769904843337,0.940588703181487,268.950961,67.1535977925258,58.66367368648741,1.2884773959988587,197.4355411900299,196.14706379403106,36.7427362493208,100.61787699921038,89.1685612022253,2417113.82129,3.5466854118672235,4.992387615211993,26.51904998513605,376.8704930965408,518.2503999226691,1869.0808594122477,0.6524144554162047,1799.3587005384284,2.42512008072314,1516.7905715932502,189.63296797322496,12.503422200488384,0.008243341193288303,0.32620722770810234,159021448.6714385,1.9133124210537626,125370084.55029447,30998286.26706172,1849831.080892548,0.014754963973486471,304,99.16699722326311,3.1386423333334896,0.9646674162894588,-0.11089633333327953,0.22649103334096085,1.1400130236837602,0.031711705815457486,1.037,1.0703953609412211,0.07299999999999995,0.22649103334096085,1.1400130236837602,0.031711705815457486,1.037,1.0703953609412211,0.07299999999999995,0.17172892764825512,1.149065437094467,0.025598859152305614,0.9668375190794607,0.9299324095300868,-0.06774396603848243,0.9257986224595421,1.0159754726388528,0.014790080721944876,5.0358020177952945,0.9913788484250029,-0.043414402583301204,1462.7004976507533,1.2301620895159886,336.6582028876751,21.37811750859713,0.5848701219652047,-8.874695308108745,0.017476319165422614,0.47168607979746535,-0.00923297797213431,53.664838839067976,1.093149163299989,4.998834847419431,194.7391530580021,1.00722972604044,1.4079107360289527,82.82729982260149,1.0765600397748067,6.341261379623816,567.7120005889266,0.9128755414293227,-49.46160066625748,142860174.58660144,1.1131265178108831,16161274.08483705,998505.9527196778,1.8525989513172727,851325.1281728701,0.008946347516079528,1.6492705491555617,0.005808616457406943
3.11251399999992,0,4,4,2475.129098,2478.241612,5,0.6396410256410255,0.2480474765535604,0.014,1.09,1.076,0.6396410256410255,0.2480474765535604,0.014,1.09,1.076,-0.4752852564102565,0.2841694466300189,-0.836,0.321,1.157,-0.5734999999999999,0.14975000000000005,0.5537583853622212,95.674285,0.12274038461538463,0.2998956334013308,-0.295,0.674,0.9690000000000001,0.031,0.57475,0.3240410359024269,32.760808999999995,-1.1413012820512813,53.958496451204184,-143.817,96.351,240.168,10.312999999999999,27.58,53.9705651989214,908800.435262,-1.0775096153846182,62.42131296264664,-149.511,118.168,267.679,3.8855,45.347,62.43061219427471,1216045.3777529998,-1.719804487179487,15.73593279085524,-25.649,35.221,60.87,-5.2059999999999995,14.82075,15.829633864130779,78180.120181,0.9199091596818556,0.18996387169355824,0.41484695973334557,1.3278663336345267,0.9130193739011812,0.9214722698317628,0.14317837166214775,0.9393184415390685,275.28357,62.0125767677741,56.70468126827192,6.331592374750605,186.79024223176117,180.45864985701056,31.304838236032808,91.6985155066842,84.02964093172946,2203025.933196,3.6760763946855177,4.956323912950815,22.002421885005997,372.85340005704643,511.5560036707408,1927.3725032329935,0.6437939550479005,1756.4459568567413,2.175801602195079,1564.9890968056288,95.14766857864794,17.14349445699358,0.010954385875196454,0.32189697752395025,156501037.61087418,1.925285839943849,123031694.40346026,31932542.523220256,692137.6675973799,0.005625685892999564,312,100.43185698747247,3.1386423333334896,0.9916752721478233,-0.026128333333569564,0.22649103334096085,1.0951756541654867,0.021556443212599558,1.037,1.0376084760114903,0.039000000000000146,0.22649103334096085,1.0951756541654867,0.021556443212599558,1.037,1.0376084760114903,0.039000000000000146,0.17172892764825512,1.1061843990594815,0.018234944045303125,0.9668375190794607,0.9443358852344916,-0.05381814517827954,0.9257986224595421,1.0146034014368854,0.013519819079526374,5.0358020177952945,0.9842173869413855,-0.0794781048444797,1462.7004976507533,1.2008240645749182,293.745459205988,21.37811750859713,0.8019178696197272,-4.234623051603549,0.017476319165422614,0.6268127460582511,-0.00652193329022616,53.664838839067976,1.056644955699084,3.0398424292039437,194.7391530580021,0.9266685564458378,-14.280503200991546,82.82729982260149,1.0145162416444575,1.2023411091279712,567.7120005889266,0.9010836535621192,-56.15599691818579,142860174.58660144,1.0954840147980058,13640863.02427274,998505.9527196778,0.6931733012829466,-306368.28512229794,0.008946347516079528,0.6288241759719939,-0.0033206616230799643
3.5093310000002,1,4,5,2478.246511,2481.755842,6,0.6084273504273504,0.21986146828141603,0.038,1.043,1.005,0.6084273504273504,0.21986146828141603,0.038,1.043,1.005,-0.5012820512820513,0.26157287271527524,-0.874,0.251,1.125,-0.605,0.13350000000000006,0.5654237903361183,112.216126,0.13060683760683758,0.31233189549692186,-0.253,0.76,1.013,0.004,0.613,0.3385400404300191,40.227885,-2.4717863247863265,52.80851125652929,-148.031,102.962,250.993,9.985,25.496000000000002,52.86632755134767,980991.8546570002,1.6740541310541333,49.72740800705014,-116.321,100.321,216.642,1.221,41.007000000000005,49.755578223284004,868941.765081,-0.3420341880341883,17.052064878480664,-24.29,51.939,76.229,-4.153,9.900500000000001,17.05549483321132,102102.35630599999,0.9094562935495776,0.16039195041644758,0.4795935779386542,1.3339299082035756,0.8543363302649214,0.9080754373949337,0.11143173060703693,0.9234913792967034,299.345551,54.77472098395657,50.607173387130814,1.2851649699552194,184.70181457419417,183.41664960423896,28.135189780770986,76.37577325503663,74.57450004596352,1952035.9760440001,3.2948488190423437,4.286348069650514,15.928745193228483,315.8694271594245,425.7149937283135,1579.936977333037,0.560275879842329,1584.7084527058369,2.4039379465128468,1315.3874585493595,167.10377900387013,23.928221560073297,0.018191006311007403,0.2801379399211645,157764178.03428257,1.9471822028603556,120306250.05718616,36000519.121789984,674585.2347596126,0.005607233493180582,351,98.32841691232872,3.1386423333334896,1.1181047778362059,0.3706886666667102,0.22649103334096085,0.9707291954606584,-0.0066295650595448175,1.037,0.9691417457170517,-0.03200000000000003,0.22649103334096085,0.9707291954606584,-0.0066295650595448175,1.037,0.9691417457170517,-0.03200000000000003,0.17172892764825512,0.9339832448330369,-0.011336977231807543,0.9668375190794607,0.8836400166203175,-0.1125011888145393,0.9257986224595421,0.99750782396739,-0.0023072431628387013,5.0358020177952945,0.8511748567540698,-0.7494539481447804,1462.7004976507533,1.0834128075024292,122.00795505508358,21.37811750859713,1.1192857153702984,2.5501040514761684,0.017476319165422614,1.0408940080505462,0.0007146871455847893,53.664838839067976,0.9430229266030813,-3.0576654519371615,194.7391530580021,0.9418581046215735,-11.322503453763147,82.82729982260149,0.9003613566623888,-8.252799776637971,567.7120005889266,0.7498784476621797,-141.99700686061306,142860174.58660144,1.104325810120345,14904003.447681129,998505.9527196778,0.675594605041869,-323920.71796006523,0.008946347516079528,0.6267616158981519,-0.0033391140228989464
2.7676919999999,1,4,6,2481.760887,2484.528579,7,0.5804028776978417,0.21519971381544917,0.092,1.002,0.91,0.5804028776978417,0.21519971381544917,0.092,1.002,0.91,-0.5031258992805755,0.2602113874598105,-0.878,0.102,0.98,-0.618,0.2795,0.5664323760967831,89.195087,0.2226294964028777,0.3041242696007309,-0.233,0.829,1.062,0.1555,0.60675,0.37690245956848967,39.491419,-5.199258992805756,51.96415439170692,-109.71,86.779,196.48899999999998,9.5115,73.4235,52.223611860148324,758190.96673,1.4533057553956843,52.75683732376794,-97.878,122.901,220.779,-3.0149999999999997,60.77825,52.776850815723925,774340.0830029999,-0.3024568345323736,15.065746226803334,-33.771,31.145,64.916,-1.099,21.859,15.068781951677257,63124.956683,0.9060257709286405,0.158735063545438,0.4216586296994288,1.274471655236004,0.8528130255365752,0.9196776397479082,0.18126858923407208,0.9198258085015942,235.210106,62.244283439743405,43.19049648157201,7.719016193790502,141.6445331207668,133.9255169269763,46.04220224596355,81.40051402201559,75.76126851664905,1595656.0064160002,3.792408988805787,4.805908683336422,17.296652411896254,345.9791728427479,470.34319117382717,1740.4232376645941,0.714707391659263,973.6558191506527,2.424911198516584,751.742934535802,128.74989583082387,33.210651775005594,0.04417820274569158,0.3573536958296315,72083524.56541637,2.074383588513215,45852430.7175237,25072241.627495006,471678.3268939384,0.010286877260656852,278,99.34432744063756,3.1386423333334896,0.8818118464113975,-0.37095033333358973,0.22649103334096085,0.9501466841295192,-0.011291319525511684,1.037,0.8775313319428031,-0.1269999999999999,0.22649103334096085,0.9501466841295192,-0.011291319525511684,1.037,0.8775313319428031,-0.1269999999999999,0.17172892764825512,0.9243349764998146,-0.01299386410281711,0.9668375190794607,0.8820644626285351,-0.11402449354288546,0.9257986224595421,0.9935484631878532,-0.005972813957947909,5.0358020177952945,0.9543482163933436,-0.22989333445887272,1462.7004976507533,0.6656563122168805,-489.04467850010053,21.37811750859713,1.5534881285087507,11.832534266408466,0.017476319165422614,2.527887997961227,0.026701883580268964,53.664838839067976,0.8048192710136522,-10.474342357495964,194.7391530580021,0.687717466246811,-60.81363613102582,82.82729982260149,0.9146895850736018,-7.066031305952436,567.7120005889266,0.8284890766403089,-97.3688094150994,142860174.58660144,0.5045739638356632,-70776650.02118507,998505.9527196778,0.47238409106045004,-526827.6258257395,0.008946347516079528,1.1498397243982226,0.0013405297445773234
6.93954899999972,1,4,7,2484.539098,2491.478647,8,0.7632028776978417,0.11999235223977986,0.418,0.994,0.5760000000000001,0.7632028776978417,0.11999235223977986,0.418,0.994,0.5760000000000001,-0.4408402877697842,0.11554378952483303,-0.799,-0.2,0.599,-0.405,0.16400000000000003,0.4557307611064948,144.344916,0.03657553956834532,0.17678202561783082,-0.202,0.557,0.7590000000000001,-0.047,0.2,0.18052604985502504,22.64981,-7.031677697841726,23.15680827182036,-88.305,62.351,150.656,-6.504,12.2975,24.200873136814153,407049.1711060001,6.954420143884892,14.321454087246845,-53.008,44.595,97.60300000000001,6.962,14.199000000000002,15.920678588263485,176160.26466400002,4.586812949640287,10.590731892677018,-18.809,44.87,63.679,2.458,9.4275,11.541336796816648,92575.706265,0.9124380542053129,0.06792477939079831,0.6189256821299307,1.111029252540184,0.4921035704102532,0.9235031131512227,0.04647309828604773,0.9149628289811921,581.8241,23.247323695235174,20.782556708968105,1.420563268566381,111.15980486668731,109.73924159812093,17.847192272175473,14.413589893909167,31.182570810510768,675785.142035,2.204536297120699,3.1961180098035413,13.128245205966845,208.81684184573345,316.0730646358423,1789.7725296891276,1.0695489482654899,1114.2844929478929,4.615953773838802,289.7603431736437,617.730255383082,46.5425854336577,0.16062441437736713,0.15279270689507,104312790.1350883,3.449562948494671,79168291.16209123,20700848.18794462,2478048.5998995914,0.03130102422983931,695,106.19093129207364,3.1386423333334896,2.2110034342522007,3.80090666666623,0.22649103334096085,0.5297885093811092,-0.10649868110118099,1.037,0.5554484035154447,-0.46099999999999985,0.22649103334096085,0.5297885093811092,-0.10649868110118099,1.037,0.5554484035154447,-0.46099999999999985,0.17172892764825512,0.3955348488204456,-0.1038041482574568,0.9668375190794607,0.5089826942059146,-0.4747339486692075,0.9257986224595421,0.9882957231751759,-0.010835793478350064,5.0358020177952945,0.6346790426157444,-1.8396840079917531,1462.7004976507533,0.7617994898681787,-348.4160047028604,21.37811750859713,2.1771133680582326,25.16446792506057,0.017476319165422614,9.190969845954083,0.14314809521194452,53.664838839067976,0.3872657992585968,-32.88228213009987,194.7391530580021,0.5635191478921573,-84.99991145988118,82.82729982260149,0.3764769692303438,-51.64472901209072,567.7120005889266,0.556748957750392,-251.63893595308429,142860174.58660144,0.730174035114693,-38547384.45151314,998505.9527196778,2.48175646139113,1479542.6471799137,0.008946347516079528,3.498745067317189,0.022354676713759784
3.72536200000013,0,5,0,2634.929947,2638.655309,1,0.384597855227882,0.18241500042885433,-0.184,0.847,1.031,0.384597855227882,0.18241500042885433,-0.184,0.847,1.031,0.9551126005361931,0.2347039391739018,0.092,1.452,1.3599999999999999,1.009,0.24,0.9835273350379012,360.81260499999996,-0.20783646112600535,0.3814162511391626,-0.61,0.631,1.241,-0.364,0.682,0.4343666092213285,70.375533,2.6737345844504006,32.76450541820413,-86.947,81.221,168.168,1.878,23.176,32.87341892665888,403086.803629,4.015176943699732,73.36106884778054,-134.305,186.275,320.58000000000004,-1.267,29.237,73.47086543915225,2013442.089505,5.8007050938337805,17.291505422731245,-37.16,60.031,97.191,3.313,14.58,18.23853994622303,124076.33858499999,1.137850309312998,0.20612565632849117,0.43778990394937156,1.6187121424144566,1.180922238465085,1.1530364261375265,0.0948769198338788,1.1563697992426714,498.77228499999995,58.54035730713026,58.17474233745367,1.43820374078223,197.45862888969933,196.0204251489171,26.834375621579124,79.23288724634476,82.53044335077574,2540605.2317190003,2.850575548550416,4.116031342247811,20.698031343363713,335.18556460077696,518.3297856305368,2470.2392385121016,0.8007263121610841,2955.6416028908584,2.3918168216587654,2193.4758736444587,658.2350119949294,16.51456276840246,0.007528946621550132,0.2669087707203614,235427182.29069307,1.998091507820433,192063106.7667214,39339670.15249869,2808092.650014866,0.014620677012298657,373,99.5569714786948,3.4999133333334,1.0644154967711308,0.22544866666673036,0.1815322327148853,1.0048628150061225,0.0008827677139690293,0.9286666666666666,1.110193814319521,0.10233333333333328,0.1815322327148853,1.0048628150061225,0.0008827677139690293,0.9286666666666666,1.110193814319521,0.10233333333333328,0.22657949245647033,0.909727729533219,-0.020453836127979158,1.1428083767033852,1.0333510431014996,0.03811386176169984,1.1624906481690085,0.9947347026977595,-0.00612084892633713,5.351789625960987,0.769094381922342,-1.2357582837131762,3069.560949428582,0.9628874134040052,-113.91934653772341,23.359390936080995,0.7069774552993261,-6.844828167678536,0.009796627855732064,0.7685235212757106,-0.002267681234181932,57.1352473073346,1.0181935857273114,1.0394950301190704,195.98344297090316,1.0001887004710777,0.03698217801394321,89.377360205392,0.923393163010009,-6.8469168546162535,669.1364222467681,0.7746249768954256,-150.80663661623134,200968016.5275475,1.1714659195953308,34459165.763145566,4417943.251184601,0.6356108465770615,-1609850.6011697352,0.02865412079590012,0.5102467464966903,-0.014033443783601461
2.95956399999977,0,5,1,2638.658264,2641.617828,2,0.32097643097643097,0.19819055921259074,-0.143,0.698,0.841,0.32097643097643097,0.19819055921259074,-0.143,0.698,0.841,0.9506902356902357,0.3487030781424292,-0.229,1.479,1.7080000000000002,1.021,0.31400000000000006,1.0126232077840014,304.5455109999999,-0.09877777777777781,0.4213674601530947,-0.833,0.667,1.5,-0.204,0.784,0.4327904641493223,55.630353,-3.699020202020202,46.119887511064704,-117.664,75.878,193.542,1.969,27.771,46.26798865833931,635795.852023,-3.8632222222222237,93.62920393592228,-169.954,180.305,350.259,-27.267,117.542,93.70886999432227,2608061.637737,-0.9985151515151518,17.635553433800627,-55.191,30.198,85.38900000000001,3.847,20.87,17.66379849931046,92666.903895,1.1328068806987652,0.26789416724939535,0.4243500913161207,1.6078718854436131,1.1835217941274925,1.165609711695986,0.21661493725293468,1.1640527109219383,402.440558,87.89319187141018,59.23576360764439,12.985806906003186,201.87113165086282,188.88532474485964,64.40867378699859,104.79998536978769,105.99098484081206,3336524.3936550003,4.313294093593564,6.694286260043218,58.044675040092926,541.9817515198654,878.4040383930898,6330.41405754368,0.6591950207071753,3165.2602145013016,2.056028602269842,2944.5704095437486,65.01003208759224,20.538462670943655,0.0069750285489204086,0.32959751035358764,154757207.87757584,1.8897155675854984,133702064.09743108,13271891.240351541,5261579.6949691335,0.03935301770012261,297,97.89046057501554,3.4999133333334,0.8456106508000027,-0.54034933333363,0.1815322327148853,1.091765056436112,0.016658326497705433,0.9286666666666666,0.9055994159483193,-0.08766666666666667,0.1815322327148853,1.091765056436112,0.016658326497705433,0.9286666666666666,0.9055994159483193,-0.08766666666666667,0.22657949245647033,1.1823406987172738,0.04131467479292503,1.1428083767033852,1.035625751348878,0.04071341742410728,1.1624906481690085,1.0013437120908912,0.0015620627529298048,5.351789625960987,1.2508500362311359,1.3424966340822309,3069.560949428582,1.0311768577458034,95.69926507271975,23.359390936080995,0.8792379355416966,-2.82092826513734,0.009796627855732064,0.7119818708863759,-0.0028215993068116552,57.1352473073346,1.0367639310046795,2.100516300309785,195.98344297090316,0.9637820515443483,-7.0981182260435105,89.377360205392,1.1858818003282108,16.613624635420067,669.1364222467681,1.312742826687768,209.26761614632164,200968016.5275475,0.7700588907208658,-46210808.649971664,4417943.251184601,1.1909568312264565,843636.4437845321,0.02865412079590012,1.3733802634052785,0.010698896904222491
3.8148140000003,0,5,2,2641.628097,2645.442911,3,0.28159947643979055,0.16399113850321084,-0.171,0.743,0.914,0.28159947643979055,0.16399113850321084,-0.171,0.743,0.914,0.9716361256544503,0.23782478713448976,0.218,1.416,1.198,0.989,0.28075000000000017,1.0003186442590961,382.24348299999997,-0.2954083769633508,0.40976764675573435,-0.833,0.569,1.402,-0.443,0.64625,0.5051491200703545,97.477092,-0.7531178010471223,36.142226810059555,-114.046,48.809,162.85500000000002,9.4275,16.46175,36.150072547811604,499208.198671,4.991023560209421,68.18128017433735,-123.74,171.389,295.129,-1.6105,51.625249999999994,68.36371319925544,1785314.161873,0.2742329842931936,18.903855377589455,-30.336,57.878,88.214,-5.412,12.3585,18.90584438385369,136538.623613,1.1487750944728718,0.20571865379152443,0.4922560309432481,1.5562371284608267,1.0639810975175785,1.1666976893000383,0.08639037254409687,1.1670494343424158,520.285674,58.501029659885894,53.995235976905754,5.517130594792913,208.56170961372558,203.04457901893267,31.67114426803044,76.36314575473938,79.61065242458818,2421060.984157,3.2366430150854435,5.245051275591935,41.66743493104986,378.82192621179604,610.6754427166778,3393.3960764997014,0.7701680044438104,3087.781030893586,2.54629419882256,2218.551027494723,700.2707385409556,33.025147368896874,0.014885908396725652,0.2567226681479368,212719659.4143736,2.0783963414323683,162062310.9782134,43742807.81208645,5184157.408569804,0.0319886676752791,382,98.06805923251187,3.4999133333334,1.0899738438572257,0.3149006666669001,0.1815322327148853,0.903371963297867,-0.017541094211674463,0.9286666666666666,0.984206737427781,-0.014666666666666606,0.1815322327148853,0.903371963297867,-0.017541094211674463,0.9286666666666666,0.984206737427781,-0.014666666666666606,0.22657949245647033,0.9079314393456503,-0.020860838664945897,1.1428083767033852,0.9310231792985029,-0.07882727918580668,1.1624906481690085,1.0039215594046904,0.004558786173407325,5.351789625960987,0.9800555762409212,-0.10673835036905199,3069.560949428582,1.0059357288404183,18.220081465004114,23.359390936080995,1.4137846078746972,9.66575643281588,0.009796627855732064,1.519491545562831,0.005089280540993588,57.1352473073346,0.9450424827429392,-3.140011330428848,195.98344297090316,1.0360292478314994,7.0611360480295104,89.377360205392,0.8907250363261249,-9.766707780803813,669.1364222467681,0.9126321963719723,-58.4609795300903,200968016.5275475,1.0584751896838036,11751642.886826098,4417943.251184601,1.1734323221964753,766214.157385203,0.02865412079590012,1.1163719431285661,0.0033345468793789836
3.30927800000018,1,5,3,2645.450812,2648.76009,4,0.2802530120481928,0.15803286934094563,-0.163,0.692,0.855,0.2802530120481928,0.15803286934094563,-0.163,0.692,0.855,1.0029216867469881,0.25269577859085185,0.059,1.42,1.361,1.0125,0.21299999999999986,1.0342664387212128,355.142746,-0.18893674698795176,0.39196497442983264,-0.766,0.632,1.3980000000000001,-0.3385,0.7065,0.4351248505224319,62.858767,-1.5771415662650599,46.33760426934835,-141.588,67.237,208.825,13.8855,27.55725,46.364436208615444,713687.4337209999,1.1259246987951774,76.50756697202748,-150.641,178.061,328.702,-8.962,53.225,76.51585136693329,1943752.269455,-3.1661716867469876,9.065506745452732,-30.092,21.924,52.016,-3.42,9.0495,9.602502574944056,30613.074493,1.1463690064503587,0.21998850290745478,0.43365539314068263,1.5400116882673325,1.10635629512665,1.1701040551090596,0.11788743202257179,1.1672861004747062,452.36887099999996,66.82248313631197,60.260270979713546,2.737247522603683,219.48648021233564,216.74923268973194,34.95405770279785,88.19647346037762,89.98080079134218,2688052.7776689995,3.4154090753991944,4.577708339308465,17.912891138677725,352.3825245380178,510.96448321249113,2258.173024764572,0.5881757845510589,2667.1428998513115,2.2628044004711785,2256.913448364293,309.2437305704192,23.856560387752225,0.010570436542410015,0.29408789227552945,200128224.85925525,1.83722407494378,159105074.53754875,38091796.66889564,2303607.0966705955,0.014478526868902254,332,97.63718023547578,3.4999133333334,0.9455314104572502,-0.19063533333322003,0.1815322327148853,0.8705498647375397,-0.02349936337393968,0.9286666666666666,0.9206747926704077,-0.07366666666666666,0.1815322327148853,0.8705498647375397,-0.02349936337393968,0.9286666666666666,0.9206747926704077,-0.07366666666666666,0.22657949245647033,0.9709108746485937,-0.006590989549015547,1.1428083767033852,0.9681030590947209,-0.036452081576735296,1.1624906481690085,1.0041251448104116,0.004795452305697667,5.351789625960987,0.8553602907985891,-0.774081286652522,3069.560949428582,0.8689004531215215,-402.41804957727027,23.359390936080995,1.0212834933418775,0.4971694516712297,0.009796627855732064,1.0789861479084069,0.0007738086866779514,57.1352473073346,1.0546951979576156,3.125023672378944,195.98344297090316,1.1059568573394856,20.765789718828785,89.377360205392,1.0067516043715763,0.6034405859501817,669.1364222467681,0.7636178008203213,-158.171939034277,200968016.5275475,0.995821267071235,-839791.6682922542,4417943.251184601,0.5214207077134625,-2114336.154514006,0.02865412079590012,0.5052858511755612,-0.014175593926997864
3.35119700000041,1,5,4,2648.767775,2652.118972,5,0.2701875,0.18317092254929418,-0.197,0.685,0.8820000000000001,0.2701875,0.18317092254929418,-0.197,0.685,0.8820000000000001,1.0015535714285715,0.2329550017586825,0.291,1.442,1.151,1.008,0.23899999999999988,1.0282886702116845,355.27887,-0.2106577380952381,0.38681710809980124,-0.68,0.55,1.23,-0.3745,0.7032499999999999,0.4404590307146571,65.185397,-4.695175595238094,44.68363766894192,-138.275,50.427,188.702,7.939,40.34325,44.92963553379222,678273.8421309999,0.778440476190475,66.64448053028262,-127.267,152.489,279.756,-6.321,48.057,66.649026660006,1492543.1655879999,-2.519327380952381,18.840396948697457,-36.672,54.901,91.57300000000001,-6.221,13.084,19.008092161942628,121399.342726,1.1459557377616438,0.211471194584004,0.550276294237722,1.5257814391320927,0.9755051448943708,1.168479514380061,0.15552634365618556,1.1653045177324335,456.266032,62.07268314052395,54.489030816290125,3.3396245297937313,200.71041482942533,197.3707902996316,37.47468549509169,78.08098127296702,82.59583810073302,2292216.350445,3.417104677433128,5.538006729702206,46.91376967714593,323.405230650657,469.8367784437656,1693.974117674321,0.6016152165452799,2524.4214288395633,2.158121178229213,2260.2712880268814,153.1314516080124,14.031628498128041,0.00620793998153866,0.30080760827263997,167597196.89657313,2.00986217504809,137228407.18903923,27470477.672986675,2343236.7990695336,0.017075449952877495,336,101.07135637960704,3.4999133333334,0.9575085641430914,-0.14871633333298995,0.1815322327148853,1.00902693543528,0.001638689834408874,0.9286666666666666,0.9497487334915787,-0.04666666666666652,0.1815322327148853,1.00902693543528,0.001638689834408874,0.9286666666666666,0.9497487334915787,-0.04666666666666652,0.22657949245647033,0.9333200589255912,-0.015108297872466314,1.1428083767033852,0.8536034178996292,-0.1673032318090144,1.1624906481690085,1.002420543807085,0.0028138695634249977,5.351789625960987,1.0347952939872573,0.18621710374121925,3069.560949428582,0.8224047251126505,-545.1395205890185,23.359390936080995,0.6006846895330602,-9.327762437952954,0.009796627855732064,0.6336806640153961,-0.0035886878741934036,57.1352473073346,0.9536850433787897,-2.646216491044477,195.98344297090316,1.0070789006337828,1.3873473287284526,89.377360205392,0.9241248331980709,-6.7815221046589755,669.1364222467681,0.7021539447205204,-199.29964380300254,200968016.5275475,0.8339495995055506,-33370819.630974382,4417943.251184601,0.5303908778007111,-2074706.4521150677,0.02865412079590012,0.5959158236033696,-0.011578670843022623
11.5319410000002,1,5,5,2652.130209,2663.66215,6,0.5177183708838822,0.2739486211467311,-0.132,1.203,1.335,0.5177183708838822,0.2739486211467311,-0.132,1.203,1.335,0.8629722703639514,0.2521259195330606,0.267,1.397,1.13,0.903,0.37875000000000003,0.8990487298903793,932.7650659999999,-0.23162998266897747,0.2771930500643655,-1.057,0.517,1.5739999999999998,-0.261,0.26375000000000004,0.3612318312043066,150.583655,-0.7595155979202779,30.893674970291798,-121.298,91.969,213.267,-1.3285,26.46125,30.903009839067753,1102065.403749,-0.6933180242634311,46.172541240287345,-113.313,236.198,349.511,-0.14500000000000002,41.59975,46.17774631214481,2460771.429657,-2.528542461005199,20.956440138189695,-62.061,106.427,168.488,-4.5575,13.324,21.108432207121265,514183.06042,1.1260756131253018,0.1175198991492618,0.6424601154935612,1.524202742419787,0.8817426269262258,1.1255567507645776,0.09692924269643655,1.1321913324043675,1479.263224,44.07493742531753,39.87914333055941,1.0929826165131813,240.51974311685933,239.42676050034615,34.23969763344057,51.64145003032523,59.43859168776593,4077019.8938260004,2.4405035412102154,3.516215708872768,20.20956523611032,244.69416100785668,434.37389251729616,6085.601680503501,0.8033539491770926,9196.346122390487,4.9380586336039585,5744.953348451301,1924.3882321671485,653.9184529749124,0.11382484997028819,0.08926154990856584,1058949638.1105846,4.043786131126322,386794965.72295547,281367994.3808741,46198567.54066874,0.11943942303985099,1154,103.00782859448499,3.4999133333334,3.294921864841633,8.032027666666801,0.1815322327148853,1.509090710552147,0.09241638843184577,0.9286666666666666,1.4375448517134437,0.4063333333333333,0.1815322327148853,1.509090710552147,0.09241638843184577,0.9286666666666666,1.4375448517134437,0.4063333333333333,0.22657949245647033,0.5186695966544428,-0.10905959330720853,1.1428083767033852,0.7715577144736875,-0.26106574977715935,1.1624906481690085,0.9739358544073257,-0.030299315764640955,5.351789625960987,0.6570168014911862,-1.8355739170882193,3069.560949428582,2.9959809477223396,6126.785172961905,23.359390936080995,27.99381432864885,630.5590620388314,0.009796627855732064,11.618766728596452,0.10402822211455612,57.1352473073346,0.6979779593683536,-17.256103976775194,195.98344297090316,1.2216683045193575,43.44331752944299,89.377360205392,0.6650296176181963,-29.938768517626066,669.1364222467681,0.6491559539567457,-234.76252972947196,200968016.5275475,5.26924461119628,857981621.5830371,4417943.251184601,10.457030548837679,41780624.28948414,0.02865412079590012,4.168314296134245,0.09078530224395087
3.49191699999983,0,6,0,2751.687155,2755.179072,1,0.2614142857142857,0.2000943272457227,-0.163,0.825,0.988,0.2614142857142857,0.2000943272457227,-0.163,0.825,0.988,0.9902314285714287,0.2815839699895966,0.127,1.451,1.324,1.0715,0.22975,1.029489103529374,370.946735,-0.04138857142857143,0.4024677277365078,-0.54,0.782,1.322,-0.1345,0.7685,0.40459026893177463,57.29265,1.9563257142857153,30.62680022999784,-94.336,39.298,133.63400000000001,13.755500000000001,28.412,30.689218019176888,329639.83592,4.32781428571428,81.77890648629439,-137.939,215.924,353.863,-10.9695,37.3965,81.89334235812893,2347281.832905,-0.9836171428571431,20.472622843250736,-33.069,68.672,101.741,-6.1525,8.73625,20.496238405271203,147033.526068,1.1328696489526722,0.22027852154324568,0.42958235531734773,1.601626673104566,1.1720443177872184,1.16176002131153,0.08059714586310984,1.1540867682160767,466.17069399999997,65.92044680872637,61.01588405094102,3.4592220223628316,229.22732463866518,225.76810261630234,34.84059222948325,83.66716534641347,89.82451454909177,2823955.1948929997,2.6217613198347847,3.7361819955660174,19.07726961584478,307.9907694947068,482.0331468767215,1974.0840686267504,0.8490766291962828,2972.027641938054,2.330486685720237,2386.7642138220135,493.8046658257086,36.26866733568446,0.015195747919085041,0.2830255430654276,228030157.86514097,2.1808443267635584,180105886.53870046,43211488.64259172,3860068.576095656,0.021432217737459788,350,99.05894007289966,3.4095420000000267,1.0241601334602128,0.08237499999980313,0.1755098712137805,1.1400744269321055,0.024584456031942203,0.8636666666666667,1.1439598478121205,0.1243333333333333,0.1755098712137805,1.1400744269321055,0.024584456031942203,0.8636666666666667,1.1439598478121205,0.1243333333333333,0.2269737583966321,0.970502111760833,-0.006695236853386438,1.1064111772258747,1.0593207401724734,0.06563314056134373,1.1575191481916527,0.9970347013686252,-0.0034323799755759943,3.9720935665738266,0.9406077484178262,-0.23591157100780924,2999.0799573909876,0.9909797951881292,-27.052315452933726,28.189535129235736,1.2866004053115352,8.079132206448726,0.011208302715280984,1.3557569551363196,0.003987445203804058,59.51014631367115,1.0253022017301097,1.5057377372698681,214.31215492534076,1.0534544934440042,11.45594769096158,90.28905415470126,0.9948549730650397,-0.46453960560948815,428.0944946987679,1.1259970703539366,53.9386521779536,206740324.99605694,1.10297861759427,21289832.86908403,1802846.6577163076,2.1410964485383577,2057221.9183793485,0.0105513632417565,2.0312254382816186,0.010880854495703288
3.47266800000034,0,6,1,2755.187818,2758.660486,2,0.278919540229885,0.1546098700504919,-0.089,0.665,0.754,0.278919540229885,0.1546098700504919,-0.089,0.665,0.754,0.9912040229885059,0.28176902435729845,0.206,1.457,1.2510000000000001,1.06,0.15249999999999986,1.0304752293363786,369.533961,-0.04208620689655174,0.4076106415405597,-0.548,0.789,1.3370000000000002,-0.1575,0.77825,0.4097776029848947,58.435354,1.065781609195403,41.17622590856276,-124.611,46.336,170.947,15.9845,29.458249999999996,41.19001663645566,590422.879738,1.4647385057471272,73.98159309148483,-144.519,187.405,331.924,-10.160499999999999,56.6495,73.99609162141101,1905446.7081849999,-3.471597701149426,11.476213777951163,-41.618,17.71,59.328,-1.389,11.20975,11.989807057491044,50026.90469999999,1.1332296972943716,0.21745725371459887,0.47733635939450497,1.5172587122834391,1.039922352888934,1.1727164972264643,0.08463880577509353,1.1539051971557233,463.36102700000004,66.1091579418946,54.27129771108521,10.262177790313322,199.35659128807353,189.0944134977602,39.29073220341601,78.2100738867393,85.53241794215576,2545896.4926229995,2.9772130809512776,4.0871598794116615,17.260061664658796,259.00333229302004,357.8916384516167,1345.7852143115401,0.5754607426487812,2863.3651467064947,2.1938453898171044,2489.7585070736623,288.9918166029104,24.68284070862502,0.009913748919182069,0.2877303713243906,178348344.35756835,1.9860629827577512,137772142.6464901,39454268.96793504,785759.9584264469,0.005703329739471574,348,100.13016922088792,3.4095420000000267,1.01851450717286,0.0631260000003131,0.1755098712137805,0.880918321984212,-0.020900001163288606,0.8636666666666667,0.8730219891197762,-0.10966666666666669,0.1755098712137805,0.880918321984212,-0.020900001163288606,0.8636666666666667,0.8730219891197762,-0.10966666666666669,0.2269737583966321,0.9580721827493153,-0.009516504682033244,1.1064111772258747,0.9399058549799653,-0.06648882433694059,1.1575191481916527,0.99687783911795,-0.0036139510359294302,3.9720935665738266,1.0289686787633756,0.11506631283783486,2999.0799573909876,0.9547478518004889,-135.71481068449293,28.189535129235736,0.8756029706311151,-3.5066944206107173,0.011208302715280984,0.8844996718967382,-0.0012945537960989146,59.51014631367115,0.9119671360898318,-5.238848602585939,214.31215492534076,0.8823317256774871,-25.217741427580563,90.28905415470126,0.9473176868829676,-4.7566362125455015,428.0944946987679,0.8360108407726426,-70.2028562471512,206740324.99605694,0.8626683950553425,-28391980.63848859,1802846.6577163076,0.4358440331368927,-1017086.6992898607,0.0105513632417565,0.5405296172161695,-0.004848033502284925
3.26404099999991,0,6,2,2758.666884,2761.930925,3,0.2602905198776759,0.17182541634512694,-0.182,0.667,0.849,0.2602905198776759,0.17182541634512694,-0.182,0.667,0.849,1.0003792048929663,0.29342407016096433,0.238,1.51,1.272,1.042,0.19700000000000006,1.042523975039476,355.40198999999996,-0.10474617737003061,0.4013846368579283,-0.602,0.711,1.313,-0.227,0.7875,0.41482693786590674,56.270613999999995,-0.6570458715596325,47.84915005231318,-124.107,63.328,187.435,16.321,38.649,47.85366098854002,748821.1284920002,1.554795107033638,81.89943968281243,-162.534,200.351,362.885,-7.267,50.351,81.91419662173027,2194148.943876,-2.991571865443425,10.646410148598203,-34.336,22.489,56.825,-2.58,10.679,11.05873190190844,39990.645268,1.138891376723206,0.2431854999320518,0.47071222631242543,1.5779790873138972,1.1072668610014718,1.171404712300578,0.119287883166457,1.1645654792031583,443.481571,71.5716036627682,63.243257178987214,5.134532695387185,233.20848135734687,228.0739486619597,36.42821022229887,95.5209184842088,95.51022997285627,2982960.7176360004,2.9426609655169864,4.0929388247438,17.707055346608126,323.8504763976369,444.35869876796545,1251.5246710368622,0.6061052374401332,3161.8470835284124,2.1288123330417834,2773.453505681086,305.3859467792528,23.617097343397727,0.00851541130757584,0.3030526187200666,213842472.7654616,1.9775165575133498,168795907.33213443,43784030.88688401,762711.4386268193,0.004518542248338141,327,99.09820632146179,3.4095420000000267,0.9573253505680913,-0.14550100000011668,0.1755098712137805,0.9790070801531358,-0.0036844548686535694,0.8636666666666667,0.98301812833248,-0.014666666666666717,0.1755098712137805,0.9790070801531358,-0.0036844548686535694,0.8636666666666667,0.98301812833248,-0.014666666666666717,0.2269737583966321,1.0714255733159879,0.016211741535419683,1.1064111772258747,1.0007733777328685,0.0008556837755970825,1.1575191481916527,1.0060874335959276,0.0070463310115056466,3.9720935665738266,1.0304235652661058,0.12084525816997305,2999.0799573909876,1.0542723530013782,162.76712613742484,28.189535129235736,0.8377966229931249,-4.572437785838009,0.011208302715280984,0.7597406963820929,-0.0026928914077051433,59.51014631367115,1.0627306616759427,3.733110865316064,214.31215492534076,1.0642137807385257,13.761793736618927,90.28905415470126,1.057827339719727,5.221175818155004,428.0944946987679,1.0379920888033425,16.264204069197547,206740324.99605694,1.034352987350388,7102147.76940465,1802846.6577163076,0.42305951832473254,-1040135.2190894883,0.0105513632417565,0.42824210127040624,-0.006032820993418358
3.40330999999969,0,6,3,2761.939127,2765.342437,4,0.31037536656891496,0.1604114756014389,-0.085,0.652,0.737,0.31037536656891496,0.1604114756014389,-0.085,0.652,0.737,0.9840058651026394,0.25684179315381794,0.29,1.46,1.17,1.04,0.16200000000000003,1.0169735735341712,352.67422,-0.07575953079178885,0.4174588405142877,-0.61,0.787,1.397,-0.205,0.798,0.4242774917778758,61.383883999999995,-1.4686451612903226,48.071904387155435,-146.244,60.824,207.06799999999998,19.542,52.290000000000006,48.094333450185125,788755.134316,3.0080733137829956,70.5113803312659,-125.527,174.763,300.29,-10.183,50.977000000000004,70.57551460160616,1698488.012097,-3.7178005865102643,7.535819115612148,-19.328,19.679,39.007,-3.878,9.023,8.403012016192857,24078.218332,1.1361548262887837,0.21322185552684533,0.4665833258915282,1.5693390328415335,1.1027557069500054,1.1718724333305224,0.09032506773362514,1.1559893377421813,455.68217,66.21656861584248,54.588870871147584,8.065213760341383,211.29798017491794,203.23276641457656,38.127550380269646,74.62230514755271,85.8171240618293,2511321.364745,2.9534256273903705,4.004950861147651,15.214055405603627,280.1029570043521,385.4017672280653,1157.3126012238172,0.57070182341601,2643.274091244273,2.311248167518965,2216.055707309012,340.02267175691605,27.024722747021126,0.01219496543239686,0.285350911708005,173255481.98086554,2.1497600649668356,138117743.9116845,33793127.8015463,930532.8741757786,0.006737243512830484,341,97.3046608924297,3.4095420000000267,0.9981721855949982,-0.006232000000336857,0.1755098712137805,0.9139740423278452,-0.015098395612341609,0.8636666666666667,0.8533384694711871,-0.1266666666666667,0.1755098712137805,0.9139740423278452,-0.015098395612341609,0.8636666666666667,0.8533384694711871,-0.1266666666666667,0.2269737583966321,0.9394118846114605,-0.01375190286978678,1.1064111772258747,0.996696092449106,-0.0036554702758693214,1.1575191481916527,0.998678362739273,-0.0015298104494714249,3.9720935665738266,1.0082720318493015,0.03285729457382436,2999.0799573909876,0.8813616605056916,-355.8058661467144,28.189535129235736,0.9586792621282584,-1.1648123822146097,0.011208302715280984,1.0880286571386175,0.0009866627171158764,59.51014631367115,0.9173035901179418,-4.921275442523566,214.31215492534076,0.9483025658339027,-11.079388510764204,90.28905415470126,0.9504709608020209,-4.471930092871958,428.0944946987679,0.9002726547330481,-42.69272747070261,206740324.99605694,0.8380342924592479,-33484843.015191406,1802846.6577163076,0.5161464344141687,-872313.783540529,0.0105513632417565,0.638518168058751,-0.0038141197289260154
3.26974199999995,0,6,4,2765.348989,2768.618731,5,0.3061585365853659,0.17723967302897903,-0.165,0.673,0.8380000000000001,0.3061585365853659,0.17723967302897903,-0.165,0.673,0.8380000000000001,0.980076219512195,0.2979806892095618,-0.08,1.458,1.538,1.0425,0.1755,1.024373900094649,344.18413899999996,-0.09177743902439023,0.40371274936914925,-0.609,0.752,1.361,-0.236,0.7202500000000001,0.4140133842245601,56.221523000000005,-0.2783262195121956,45.113263457038784,-134.565,71.603,206.168,16.252000000000002,34.106750000000005,45.11412201549154,667573.153715,3.484652439024391,82.47794081395152,-158.0,206.321,364.321,-10.1905,56.00375,82.55152041925388,2235239.155718,-0.4141432926829268,10.686911493747804,-26.565,32.26,58.825,-0.672,6.6377500000000005,10.694933003159635,37517.162157,1.1364144925576685,0.23336242593143555,0.45289954736122223,1.544700294555549,1.0918007471943267,1.1680252042165047,0.12207726966468524,1.1601275450275745,441.45386199999996,70.71885026123768,62.954454476469444,1.3536136819639493,222.69541096529133,221.3417972833274,41.11162470336883,92.8032453200432,94.68061639375412,2940329.47159,3.2196223860567956,4.700953417279819,33.74906862847503,356.9816035092398,591.6188990774563,3464.6844231908713,0.6041974807390225,2929.406533219173,2.226031115304303,2574.9215747177896,238.212168626379,45.07136928243525,0.01750397748995521,0.30209874036951123,213192006.13253236,1.8405359484766264,174827665.62724075,35337625.25359805,1360115.2778722488,0.007779748548334575,328,99.08838684119968,3.4095420000000267,0.958997422647954,-0.13980000000007653,0.1755098712137805,1.0098558087056737,0.0017298018151985228,0.8636666666666667,0.9702817332657461,-0.025666666666666615,0.1755098712137805,1.0098558087056737,0.0017298018151985228,0.8636666666666667,0.9702817332657461,-0.025666666666666615,0.2269737583966321,1.0281471184090287,0.006388667534803438,1.1064111772258747,0.9867947466545589,-0.014610430031547939,1.1575191481916527,1.0022534286516664,0.0026083968359218446,3.9720935665738266,1.1834951333988155,0.7288598507059922,2999.0799573909876,0.9767684005856937,-69.67342417181453,28.189535129235736,1.5988688376667288,16.881834153199513,0.011208302715280984,1.5616960317399922,0.006295674774674225,59.51014631367115,1.0578776623076167,3.4443081627982934,214.31215492534076,1.0328009503245745,7.029642357986631,90.28905415470126,1.048638921624342,4.39156223905286,428.0944946987679,1.3819820305793322,163.52440437868836,206740324.99605694,1.031206689534799,6451681.136475414,1802846.6577163076,0.7544264910445125,-442731.37984405877,0.0105513632417565,0.7373209505608836,-0.0027716146934219244
3.43316800000002,0,6,5,2768.63313,2772.066298,6,0.355808695652174,0.18319212512276375,-0.173,0.651,0.8240000000000001,0.355808695652174,0.18319212512276375,-0.173,0.651,0.8240000000000001,0.9705855072463767,0.27394161933604183,-0.028,1.436,1.464,1.004,0.17000000000000015,1.0085039601712824,350.89268200000004,-0.09988405797101445,0.3910010688384473,-0.594,0.682,1.276,-0.243,0.741,0.40355750627335035,56.186238,-0.8553971014492756,45.25420409457684,-131.13,71.908,203.038,14.733,42.809,45.262287750784125,706792.7688900001,2.030846376811594,70.32539667270638,-135.954,186.595,322.549,-9.481,46.84,70.35471380213063,1707676.0851920003,-4.550840579710145,10.030955781505927,-33.466,18.901,52.367000000000004,-2.687,11.71,11.014999948818147,41858.927236,1.1351863497647805,0.22682599601265624,0.4181339498294775,1.5515833848040523,1.1334494349745747,1.1615515485762997,0.11507120699207651,1.1576260541122165,462.333838,63.49456996265813,55.57184769057142,5.141313839866227,201.94813794140316,196.80682410153693,32.67438963469708,79.367365911464,84.37885203347433,2456327.7813179996,3.429974016943574,5.390449591672314,48.08580712721365,302.52357543953866,495.79979835779193,3781.165420862461,0.5686499042948169,3061.920057200284,2.3479780482531334,2586.808141192875,328.3253145550197,30.709588920441956,0.01187161445462356,0.28432495214740844,183788303.09496883,1.8837479774740136,147230669.8456188,34696932.52522622,701128.7280701625,0.004762110563005267,345,98.0921084908559,3.4095420000000267,1.0069293734849725,0.023625999999993486,0.1755098712137805,1.0437710051186568,0.00768225390898325,0.8636666666666667,0.9540717759080845,-0.03966666666666663,0.1755098712137805,1.0437710051186568,0.00768225390898325,0.8636666666666667,0.9540717759080845,-0.03966666666666663,0.2269737583966321,0.9993489451004857,-0.0001477623839758746,1.1064111772258747,1.0244377931648483,0.027038257748700056,1.1575191481916527,1.0000923491588087,0.00010690592056383785,3.9720935665738266,1.3570802116706189,1.4183560250984875,2999.0799573909876,1.0209531258558888,62.84009980929659,28.189535129235736,1.0893967839043457,2.5200537912062195,0.011208302715280984,1.0591794462014124,0.0006633117393425765,59.51014631367115,0.9338213922096641,-3.938298623099733,214.31215492534076,0.9183185347602645,-17.50533082380383,90.28905415470126,0.9345413219143286,-5.910202121226931,428.0944946987679,1.1581550440051416,67.70530365902403,206740324.99605694,0.8889813977920086,-22952021.90108812,1802846.6577163076,0.3889009223659036,-1101717.929646145,0.0105513632417565,0.45132614057850473,-0.005789252678751232
3.16851600000018,0,6,6,2772.079167,2775.247683,7,0.3288176100628932,0.20180709873215738,-0.155,0.793,0.9480000000000001,0.3288176100628932,0.20180709873215738,-0.155,0.793,0.9480000000000001,0.9812641509433961,0.2819461890054898,0.062,1.442,1.38,1.0425,0.18875000000000008,1.0209666926111662,331.47461,-0.06641823899371072,0.393975454069765,-0.608,0.69,1.298,-0.188,0.775,0.3995347805642247,50.761717000000004,-1.4948773584905635,49.73705311205241,-141.634,84.168,225.802,11.046,43.805499999999995,49.759512764777455,787370.897167,3.3902232704402526,75.23538463882562,-131.557,195.802,327.359,-16.8855,55.766999999999996,75.31173026544717,1803650.4355529998,-0.6197358490566035,10.716946332972334,-28.702,25.771,54.473,-0.46599999999999997,9.48825,10.734850312250055,36645.36957,1.1359726826668723,0.2457930396139804,0.4268653183382318,1.5913183213926747,1.1644530030544429,1.1698367016081366,0.11349863945083971,1.1622599339597188,429.569713,68.50083540302556,59.75565568611508,6.177723528938471,223.81208146791363,217.63435793897517,31.75959784734166,91.59767549239311,90.90161075245003,2627666.70229,3.019626001717649,4.200754591984982,22.417054602971394,307.2546561386975,431.4564666066337,1849.2078286635672,0.6408506395044768,3054.7134477163763,2.0494296085008528,2791.3640302641534,187.6113963773455,21.515364905564727,0.007707831967531515,0.3204253197522384,180543948.25395468,1.8861658018267442,147979608.36086327,31536898.338282038,628915.8316678302,0.004250016868095469,318,101.89525168121182,3.4095420000000267,0.9293083911877523,-0.24102599999984653,0.1755098712137805,1.1498332591675875,0.026297227518376876,0.8636666666666667,1.0976456839330875,0.08433333333333337,0.1755098712137805,1.1498332591675875,0.026297227518376876,0.8636666666666667,1.0976456839330875,0.08433333333333337,0.2269737583966321,1.0829138598274581,0.0188192812173483,1.1064111772258747,1.0524595344829237,0.058041825828568205,1.1575191481916527,1.004095634819101,0.004740785768066136,3.9720935665738266,1.0575668752518135,0.22866102541115518,2999.0799573909876,1.0185501857588355,55.63349032538872,28.189535129235736,0.7632394361700015,-6.674170223671009,0.011208302715280984,0.6876888755095986,-0.0035004707477494686,59.51014631367115,1.0041255042645774,0.24550937244392657,214.31215492534076,1.0155017012667187,3.3222030136344074,90.28905415470126,1.0067843947798076,0.6125565977487639,428.0944946987679,1.0078533406512338,3.3619719078657795,206740324.99605694,0.8732884997515512,-26196376.742102265,1802846.6577163076,0.34884599251745774,-1173930.8260484773,0.0105513632417565,0.40279277120785123,-0.00630134637366103
3.34024700000009,1,6,7,2775.262378,2778.602625,8,0.3034537313432836,0.19782213504292878,-0.139,0.799,0.9380000000000001,0.3034537313432836,0.19782213504292878,-0.139,0.799,0.9380000000000001,0.9875432835820895,0.2834034681129923,0.134,1.481,1.347,1.037,0.1755,1.0274041379547618,353.612353,-0.10031940298507458,0.3959487560085499,-0.593,0.682,1.275,-0.232,0.7655,0.40845978994265764,55.891199,-2.235644776119405,49.4093852758713,-134.916,71.206,206.122,14.718,47.519000000000005,49.4599379387447,819505.629403,1.3379761194029844,72.58551245448383,-141.695,179.405,321.1,-9.878,49.64149999999999,72.5978429319778,1765599.677456,-1.4120626865671644,10.819724383567674,-28.046,28.702,56.748000000000005,-2.489,8.259,10.911478211826488,39885.219517,1.1386091183000218,0.2391353227562144,0.4350229878983409,1.6313359555897737,1.1963129676914328,1.171742292485852,0.11464460915799402,1.1634502253494439,453.461503,66.64521676468173,58.25982920019888,5.679744448476534,214.57558456171103,208.8958401132345,39.59931335263278,83.57032998456557,88.52001251721421,2624990.5263759997,3.100860536399904,4.1798837900314645,17.19103374466571,295.04226386701777,415.61165637649674,1814.6773140023545,0.6059219784551536,3208.8327365655987,2.0951296001754125,2848.277365862403,278.6309390319219,16.964683583833256,0.005956120631754948,0.3029609892275768,190457479.4785094,1.9702210261599433,153984441.57474107,35048548.468575545,928672.2999694255,0.006030948909332934,335,101.49193139123824,3.4095420000000267,0.9796761530443978,-0.06929499999993682,0.1755098712137805,1.1271281917282523,0.022312263829148277,0.8636666666666667,1.086067142963329,0.07433333333333336,0.1755098712137805,1.1271281917282523,0.022312263829148277,0.8636666666666667,1.086067142963329,0.07433333333333336,0.2269737583966321,1.0535813210728837,0.012161564359582294,1.1064111772258747,1.0812553068005128,0.08990179046555813,1.1575191481916527,1.0051239472935005,0.005931077157791176,3.9720935665738266,1.052312517178125,0.20779022345763787,2999.0799573909876,1.069939042020868,209.75277917461108,28.189535129235736,0.6018078517449861,-11.22485154540248,0.011208302715280984,0.5314020747863861,-0.005252182083526035,59.51014631367115,0.9789898496187206,-1.2503171134722706,214.31215492534076,0.9747269825934959,-5.416314812106265,90.28905415470126,0.9804069090782584,-1.7690416374870495,428.0944946987679,0.9708409276770466,-12.482838322271164,206740324.99605694,0.9212401087312884,-16282845.517547548,1802846.6577163076,0.5151144141930425,-874174.357746882,0.0105513632417565,0.5715795253518067,-0.004520414332423566
3.33236300000044,1,6,8,2778.608246,2781.940609,9,0.27454191616766466,0.19877894406178015,-0.195,0.722,0.917,0.27454191616766466,0.19877894406178015,-0.195,0.722,0.917,0.9942035928143712,0.2825115553552586,0.178,1.428,1.25,1.041,0.2177499999999999,1.0335635262886609,356.79669,-0.10942514970059879,0.39498683988060895,-0.626,0.717,1.343,-0.2565,0.71625,0.4098639616578509,56.108148,-1.3707335329341312,53.408089402566986,-141.695,78.962,220.65699999999998,15.8165,53.72200000000001,53.42567663634124,953337.1766329999,2.3863233532934136,69.8594110774851,-144.809,162.534,307.34299999999996,-4.4885,53.09925,69.9001563320106,1631934.63965,-1.7784760479041914,13.156514444231897,-32.58,39.664,72.244,-1.2215,8.66025,13.276176007203713,58869.787691000005,1.139139430654097,0.23127844647633924,0.4379235093027092,1.5379057188267427,1.0999822095240335,1.168208670604431,0.14698316007902523,1.162380472253147,451.27687299999997,68.2370630431497,57.09899172410915,3.449841880434522,210.0420633254206,206.59222144498608,43.08611707731038,90.65860676425204,88.9752304220937,2644141.6039739996,2.9528715554961904,4.186896827063259,22.43499723615895,294.3178611970439,427.27664932631905,1754.1859792497426,0.5863139089477297,2983.54978964738,2.069988008916872,2754.640266847746,124.69957786219729,36.29257021682457,0.013175067050850885,0.29315695447386486,181852786.01090577,1.9673969388811439,150753308.73791867,29483090.03257037,1099238.2476362428,0.007291635963673901,334,97.91442279427086,3.4095420000000267,0.9773638190193216,-0.07717899999958666,0.1755098712137805,1.1325797880271862,0.023269072847999644,0.8636666666666667,1.0617522069268366,0.053333333333333344,0.1755098712137805,1.1325797880271862,0.023269072847999644,0.8636666666666667,1.0617522069268366,0.053333333333333344,0.2269737583966321,1.0189655311717996,0.004304688079707131,1.1064111772258747,0.9941893413804314,-0.006428967701841204,1.1575191481916527,1.0041997698501068,0.00486132406149431,3.9720935665738266,1.0540780941708612,0.2148032604894321,2999.0799573909876,0.9948216893266606,-15.530167743607763,28.189535129235736,1.2874483398738488,8.103035087588836,0.011208302715280984,1.175472828563081,0.001966764335569901,59.51014631367115,0.9594833024531999,-2.4111545895620026,214.31215492534076,0.9639780884444756,-7.719933480354683,90.28905415470126,0.9854486930363571,-1.3138237326075597,428.0944946987679,0.9980895680917241,-0.8178453724488577,206740324.99605694,0.8796193292932772,-24887538.98515117,1802846.6577163076,0.6097236517212495,-703608.4100800648,0.0105513632417565,0.691060376370503,-0.003259727278082598
6.35732300000018,1,6,9,2781.947523,2788.304846,10,0.6682248427672955,0.27927383612927104,0.148,0.976,0.828,0.6682248427672955,0.27927383612927104,0.148,0.976,0.828,0.7478301886792453,0.26552407434580594,0.373,1.368,0.9950000000000001,0.747,0.52125,0.7935697985415225,400.522924,-0.05604559748427673,0.23213979901268395,-0.514,0.474,0.988,-0.1035,0.2625,0.23880953767180002,36.271077000000005,-7.731284591194968,29.653224959720237,-114.046,57.038,171.084,-5.2059999999999995,15.6025,30.644518464838438,597259.021595,-1.133600628930818,26.098082016281445,-47.786,94.687,142.473,-4.3285,14.32075,26.122690047437025,434003.17886,-8.700036163522013,13.096058998760148,-45.374,14.916,60.290000000000006,-5.1835,15.0155,15.722512221194089,157217.540387,1.096851485771598,0.09065403818156835,0.8028418275102512,1.4848976395698124,0.6820558120595611,1.0808658561856106,0.08478064411585495,1.1005913576246122,770.3876499999999,31.44375549047838,29.66427276130156,2.083114495173033,143.94535848369685,141.86224398852383,21.051933491531862,30.429985394641946,43.22821807340533,1188479.740842,1.827913236741608,2.8065397488318973,12.74038349549001,159.4008134416329,224.74425311124853,1127.6191166886028,0.9952486828063881,1662.131748517988,4.02378281916964,1109.7874476634859,410.33510584069035,45.48022498977584,0.0409810230644785,0.49762434140319406,177972017.90643486,2.892302214976211,147886537.89372873,28170580.420618743,1496010.5741893915,0.010115934793635,636,105.49636037747715,3.4095420000000267,1.864568021556693,2.9477810000001536,0.1755098712137805,1.5912143190906753,0.10376396491549053,0.8636666666666667,0.9587031922959875,-0.035666666666666735,0.1755098712137805,1.5912143190906753,0.10376396491549053,0.8636666666666667,0.9587031922959875,-0.035666666666666735,0.2269737583966321,0.399403150513641,-0.13631972021506378,1.1064111772258747,0.616457805139961,-0.42435536516631356,1.1575191481916527,0.9508191288548723,-0.05692779056704045,3.9720935665738266,0.7065643582477503,-1.1655538177419293,2999.0799573909876,0.554213882966427,-1336.9482088729997,28.189535129235736,1.6133726492876421,17.290689860540105,0.011208302715280984,3.656306181447502,0.029772720349197514,59.51014631367115,0.4984742030369047,-29.84587355236959,214.31215492534076,0.6619421284402861,-72.44991093681693,90.28905415470126,0.47877584357623626,-47.06083608129593,428.0944946987679,0.5249874873166536,-203.35024158751938,206740324.99605694,0.8608481093847039,-28768307.08962208,1802846.6577163076,0.8298046690695269,-306836.0835269161,0.0105513632417565,0.9587315851553545,-0.00043542844812149983
3.58670099999972,0,7,0,2879.630152,2883.216853,1,0.3625805555555556,0.20841779397195384,-0.147,0.821,0.968,0.3625805555555556,0.20841779397195384,-0.147,0.821,0.968,0.9388805555555556,0.25508403769852056,0.114,1.87,1.756,0.956,0.2084999999999999,0.9729154967873052,340.763243,-0.10879722222222223,0.42691886490820025,-0.781,0.719,1.5,-0.3,0.68225,0.44056390317158056,69.87475900000001,2.2801944444444455,32.24871402536804,-88.504,53.847,142.351,9.8625,25.011750000000003,32.32922583351548,376264.383478,-3.074105555555555,74.01168243996628,-127.908,256.977,384.885,-17.1755,45.40075,74.07549704565682,1975384.534522,2.547077777777778,17.106034497430546,-36.55,55.038,91.588,-0.5954999999999999,14.3665,17.29462406163642,107677.447716,1.1286305282473552,0.20434501091505428,0.5051227573570607,1.96905053261718,1.4639277752601194,1.1456890938977087,0.11687007960390283,1.1469802756707623,473.60295099999996,62.10083440518526,54.54308840878602,1.7039052203687857,267.94684766012824,266.2429424397595,41.782129658796414,70.78409448782682,82.65265952762131,2459326.365716,4.064899951100136,6.2419006378730675,50.28974820677156,423.31404866127644,647.9120301587185,5449.717054458754,0.5675884302864815,2705.8507122731025,2.9406968597475616,2098.7400919416195,327.05476961009884,108.94272359242119,0.05190863033026414,0.28379421514324077,192776687.38917482,2.4772353292660645,145762200.11208546,38576934.38247584,6791381.799412443,0.04659220150484923,360,102.16591745156667,3.4084606666665436,1.0522934955809713,0.17824033333317635,0.1773453197264511,1.1752088103669318,0.031072474245502746,0.8450000000000001,1.1455621166205665,0.12299999999999989,0.1773453197264511,1.1752088103669318,0.031072474245502746,0.8450000000000001,1.1455621166205665,0.12299999999999989,0.22573739720578093,0.9052332683558049,-0.02139238629072665,1.279129275348384,1.1444720967837145,0.18479849991173536,1.1598965785900823,0.9888642547565206,-0.01291630291932,5.122414032391937,1.2185466825243945,1.1194866054811303,2968.9192597789333,0.9113924884792816,-263.0685475058308,50.51083589657588,2.1568188614799424,58.43188769584531,0.022490278240864175,2.3080464676280905,0.029418352089399965,58.655618769512785,0.9298868470523545,-4.112530360726765,239.76358194459746,1.1104394598599892,26.479360495162013,89.2716786679889,0.9258553300622587,-6.619019140367584,514.755541601662,1.2586790773153276,133.1564885570565,200641427.26470184,0.960802013907371,-7864739.875527024,2920540.158875734,2.325385521158789,3870841.640536709,0.01973439203635696,2.3609634291939416,0.026857809468492273
3.26696200000015,0,7,1,2883.233197,2886.500159,2,0.23672560975609758,0.16403330366115915,-0.112,0.646,0.758,0.23672560975609758,0.16403330366115915,-0.112,0.646,0.758,0.9928414634146341,0.28058832875229284,0.26,1.549,1.289,1.0554999999999999,0.31325000000000003,1.0317286376307082,349.144186,-0.14608536585365858,0.4368780164408097,-0.782,0.694,1.476,-0.2655,0.8182499999999999,0.46065533250560947,69.602694,1.8964329268292675,39.77168107263084,-120.031,49.924,169.955,16.893,41.21425,39.81686920375615,520005.64800600003,7.321881097560974,83.13296282367524,-137.344,214.183,351.527,-6.2675,65.16024999999999,83.45477488226416,2284421.4198129997,-0.6894207317073171,14.659156208241283,-22.504,50.947,73.45100000000001,-4.061,9.86225,14.675358996730772,70640.10103199999,1.1418889009565343,0.23601481726755938,0.45824011173182994,1.6022387462547523,1.1439986345229223,1.1705876704403178,0.12324262677969977,1.1660245520989516,445.95314799999994,71.84306475282041,60.033513410789105,8.192036010663038,235.21423119573356,227.02219518507053,37.575117400290694,82.39403244043639,93.62397495044387,2875067.1688510003,3.2707795606629144,4.467192689855677,24.551473116514742,325.86359186938233,455.0262963343134,1382.6856017673058,0.62635449158217,2996.4015639970844,2.1021404836028728,2688.1557132372395,219.63652074336235,17.959511731440333,0.006680978948851737,0.313177245791085,193867608.78943896,2.0350016294448436,155453959.82139242,36608515.89859263,1261885.325199358,0.008117421561015178,328,102.72213661947588,3.4084606666665436,0.9584860469023282,-0.14149866666639355,0.1773453197264511,0.9249372617490109,-0.013312016065291948,0.8450000000000001,0.8970414095024684,-0.08700000000000008,0.1773453197264511,0.9249372617490109,-0.013312016065291948,0.8450000000000001,0.8970414095024684,-0.08700000000000008,0.22573739720578093,1.0455281656194875,0.010277420061778453,1.279129275348384,0.8943573160482698,-0.13513064082546178,1.1598965785900823,1.005283198148137,0.006127973508869289,5.122414032391937,0.8720873894390816,-0.6552213425362599,2968.9192597789333,1.0092566694488367,27.482304218151057,50.51083589657588,0.35555760282126375,-32.55132416513554,0.022490278240864175,0.297060619112591,-0.015809299292012437,58.655618769512785,1.023491264092803,1.3778946412763204,239.76358194459746,0.9468585401266666,-12.741386759526932,89.2716786679889,1.0487533822249955,4.352296282454972,514.755541601662,0.8839658042527513,-59.72924526734863,200641427.26470184,0.9662391831656664,-6773818.47526288,2920540.158875734,0.4320725812875376,-1658654.8336763761,0.01973439203635696,0.4113335456559738,-0.01161697047534178
3.37171899999976,0,7,2,2886.507089,2889.878808,3,0.26760355029585803,0.15958486154624027,-0.114,0.695,0.8089999999999999,0.26760355029585803,0.15958486154624027,-0.114,0.695,0.8089999999999999,1.004707100591716,0.2912500298547796,0.173,1.565,1.392,1.055,0.1845,1.0460702356294354,369.86087299999997,-0.09962426035502955,0.39985841903031544,-0.592,0.671,1.263,-0.2365,0.7270000000000001,0.41208221087631297,57.396371,-1.498582840236683,48.911451875431624,-140.198,61.496,201.69400000000002,18.572499999999998,44.355000000000004,48.934403798265656,809366.645781,1.1175147928994063,76.67702581153651,-146.198,195.344,341.54200000000003,-10.7785,41.17175,76.68516888300752,1987647.9127960003,-5.936789940828403,8.297136699400454,-34.992,13.74,48.732,-4.504,5.37375,10.202350327746013,35181.727847,1.1423898776212944,0.23685236343472912,0.4293553306994103,1.6588167469615203,1.22946141626211,1.1698638800685357,0.11892235398430406,1.1666849080005333,460.06994199999997,67.90077766636766,61.390254488963215,9.5746187391457,235.60022694810803,226.02560820896232,34.00521363834587,76.3782179036574,91.53840152590148,2832196.2864240003,3.3514693442664316,4.658148769447068,22.419739993797762,314.66915278387825,441.32829831195437,1887.3924280015435,0.5792618466150106,3204.5055030666135,2.2535873539297198,2773.2966044532177,330.3435361709712,24.630272365866098,0.008881225443476639,0.2896309233075053,215279985.61549172,2.089936983069936,157637696.7634372,56457153.37574869,708353.3520154019,0.00449355304320647,338,97.89525207793679,3.4084606666665436,0.9892204487150731,-0.03674166666678369,0.1773453197264511,0.8998537587225685,-0.017760458180210825,0.8450000000000001,0.9573964383740065,-0.03600000000000014,0.1773453197264511,0.8998537587225685,-0.017760458180210825,0.8450000000000001,0.9573964383740065,-0.03600000000000014,0.22573739720578093,1.049238433126929,0.011114966228948198,1.279129275348384,0.9611705637145612,-0.049667859086274024,1.1598965785900823,1.0058525212309681,0.006788329410450933,5.122414032391937,0.9093659221799106,-0.4642652629448696,2968.9192597789333,1.0793508420617772,235.5862432876802,50.51083589657588,0.48762353510486145,-25.88056353070978,0.022490278240864175,0.39489157935022456,-0.013609052797387536,58.655618769512785,1.046621888343382,2.7346357194504307,239.76358194459746,0.9427019998882207,-13.737973735635137,89.2716786679889,1.0253912873766928,2.2667228579125833,514.755541601662,0.8573551183736414,-73.42724328970763,200641427.26470184,1.0729588029269626,14638558.350789875,2920540.158875734,0.2425418975536639,-2212186.8068603324,0.01973439203635696,0.22770150496214353,-0.015240838993150489
3.111175,0,7,3,2889.891106,2893.002281,4,0.32248076923076924,0.20859016900260782,-0.212,0.745,0.957,0.32248076923076924,0.20859016900260782,-0.212,0.745,0.957,0.9774134615384614,0.31235802756274655,0.157,1.587,1.43,1.0295,0.21324999999999983,1.026111403396087,328.50623899999994,-0.08815705128205127,0.3955773016958204,-0.612,0.788,1.4,-0.20350000000000001,0.77775,0.40528146677055477,51.246956999999995,-3.2940641025641013,56.00193989493481,-156.198,70.87,227.068,18.572499999999998,64.6035,56.098735549989826,981885.2566560002,2.413339743589742,79.84993862965841,-149.16,194.458,343.618,-6.878,61.7935,79.88640001826471,1991133.1152579999,-5.0271634615384615,9.759198631958666,-27.099,18.153,45.251999999999995,-4.1985,12.702,10.977901912799698,37600.471087,1.1363758258159748,0.2707607193010938,0.40702211242142605,1.6418605300085631,1.2348384175871372,1.1699399521327407,0.16357457882568172,1.1681872215597056,425.77435199999996,75.58272990620972,62.74289050177636,3.230066717577208,225.81568689973687,222.58562018215966,41.1385383717878,92.39220179931274,98.2314581414373,3010618.8430009997,3.683296028695543,4.887573006604101,20.5606554270983,331.9798990718244,446.6831642789224,1568.6882680298222,0.6470431422412363,3568.2468515299797,2.0051543713766167,3257.4623441340095,217.58842115539346,19.148592296006285,0.005878377176156773,0.32352157112061813,191605950.14795664,1.9182818437666456,159555110.38004854,30900223.814658463,790339.9794892004,0.004953398093026721,312,100.93873018963286,3.4084606666665436,0.9127800773229728,-0.29728566666654377,0.1773453197264511,1.1761807842605767,0.031244849276156728,0.8450000000000001,1.1325443652953326,0.11199999999999988,0.1773453197264511,1.1761807842605767,0.031244849276156728,0.8450000000000001,1.1325443652953326,0.11199999999999988,0.22573739720578093,1.1994499389915907,0.04502332209531287,1.279129275348384,0.965374205509505,-0.04429085776124686,1.1598965785900823,1.0071477345921855,0.00829064296962323,5.122414032391937,0.9541542261433096,-0.23484102578783617,2968.9192597789333,1.2018672585200765,599.3275917510464,50.51083589657588,0.37909870134446494,-31.36224360056959,0.022490278240864175,0.26137402567726714,-0.0166119010647074,58.655618769512785,1.0696825267094645,4.087271732263574,239.76358194459746,0.9283545831589608,-17.177961762437803,89.2716786679889,1.1003653072971458,8.959779473448407,514.755541601662,0.8677578543018498,-68.07237732273961,200641427.26470184,0.9549670412540233,-9035477.116745204,2920540.158875734,0.27061431670004504,-2130200.179386534,0.01973439203635696,0.25100320161213946,-0.014780993943330238
3.31680199999983,0,7,4,2893.012658,2896.32946,5,0.25587087087087085,0.19941583943950317,-0.233,0.779,1.012,0.25587087087087085,0.19941583943950317,-0.233,0.779,1.012,0.992972972972973,0.29436953934802124,0.014,1.503,1.4889999999999999,1.023,0.237,1.035687573909599,357.19203400000004,-0.152027027027027,0.40519931979092627,-0.706,0.73,1.436,-0.286,0.78,0.4327802048450295,62.370469,-0.30143543543543455,45.742314065815265,-133.786,60.015,193.801,20.947,48.336,45.7433072636579,696785.9030859999,1.3732732732732738,79.29789604607257,-153.328,197.252,350.58000000000004,-10.183,57.191,79.3097862613235,2094584.05154,-4.221537537537538,16.252463442823142,-36.397,45.695,82.092,-7.099,10.809,16.791782131183727,93893.99439800001,1.142298854818912,0.24563664693086631,0.42099406171583936,1.6004480622625652,1.1794540005467258,1.1696178863201434,0.1354781513600578,1.1684109020528848,454.60628399999996,72.827375452562,57.97093830590416,5.4135003463563205,234.61750576416927,229.20400541781294,40.969925957951155,77.36838651401087,93.08306131286925,2885263.949024,3.2202029818093565,4.483993578104912,25.315237553948133,368.8178192887468,574.0637819906117,2636.5394073285693,0.597850488348093,3345.3748848983632,2.1586989222812174,2910.7632006933163,323.41937818288784,34.27495456213803,0.011775246627364365,0.2989252441740465,186328432.74002784,2.056228300908061,149858211.89268366,33088081.758264627,1764037.4756425037,0.011771376779176872,333,99.54210630995748,3.4084606666665436,0.9731084834587691,-0.09165866666671363,0.1773453197264511,1.1244493426869209,0.022070519713052072,0.8450000000000001,1.1976331219215013,0.16699999999999993,0.1773453197264511,1.1244493426869209,0.022070519713052072,0.8450000000000001,1.1976331219215013,0.16699999999999993,0.22573739720578093,1.0881521586138596,0.01989924972508539,1.279129275348384,0.9220756760529405,-0.09967527480165828,1.1598965785900823,1.0073405797952661,0.008514323462802453,5.122414032391937,0.8753672664873238,-0.6384204542870249,2968.9192597789333,1.1267988760112637,376.4556251194299,50.51083589657588,0.6785663699078847,-16.23588133443785,0.022490278240864175,0.5235702851495294,-0.01071503161349981,58.655618769512785,0.988327111914336,-0.6846804636086219,239.76358194459746,0.9559583801230325,-10.559576526784525,89.2716786679889,1.042694196987472,3.8113826448803536,514.755541601662,1.11521632228234,59.308240388949685,200641427.26470184,0.928663812255526,-14312994.524673998,2920540.158875734,0.6040106896943223,-1156502.6832332304,0.01973439203635696,0.5964901676519159,-0.007963015257180087
3.23758499999985,1,7,5,2896.341738,2899.579323,6,0.27806461538461535,0.20090496523386697,-0.186,0.787,0.9730000000000001,0.27806461538461535,0.20090496523386697,-0.186,0.787,0.9730000000000001,1.0038523076923078,0.2906887889705004,0.055,1.491,1.4360000000000002,1.042,0.23599999999999988,1.045093023463609,354.971314,-0.16246153846153846,0.37959414265251074,-0.675,0.696,1.371,-0.302,0.6739999999999999,0.41289885518778646,55.407776000000005,-4.670735384615386,51.23419805857571,-151.573,67.588,219.161,18.427,56.076,51.44665994735189,860196.6164149999,1.9953999999999976,78.81756979100535,-158.595,193.603,352.198,-8.672,37.741,78.84282420689914,2020262.051899,-0.9829199999999999,13.313597540042112,-23.008,35.359,58.367000000000004,-4.168,9.754999999999999,13.349831878515001,57920.85363499999,1.1453786884365211,0.261716044154237,0.363744415764696,1.6493253166067632,1.285580900842067,1.1682829280615206,0.13716961256602267,1.1748989861653247,448.62597900000003,71.285401037673,62.925029668179,4.439299381659228,225.2850263932337,220.84572701157447,35.55449105246762,91.69340986750049,95.08505539696066,2938379.521949,3.5651496868026586,4.937135393264035,19.748342352830218,298.58293512997295,425.0036848183243,2056.7780699377004,0.5986814042156828,3617.4073852339025,2.1414677694485174,3128.59803471791,365.8259148743294,37.53620298427024,0.011997771067939289,0.2993407021078414,209114228.63352,1.85154186556043,167846191.76153076,40140770.64359572,724122.3058020838,0.004314201580640496,325,97.28572818504846,3.4084606666665436,0.9498672002184256,-0.17087566666669352,0.1773453197264511,1.1328461005641128,0.023559645507415877,0.8450000000000001,1.1514792763138546,0.128,0.1773453197264511,1.1328461005641128,0.023559645507415877,0.8450000000000001,1.1514792763138546,0.128,0.22573739720578093,1.1593826977717439,0.03597864694845607,1.279129275348384,1.0050437555981107,0.006451625493683055,1.1598965785900823,1.012934254417869,0.015002407575242405,5.122414032391937,0.963829817817424,-0.185278639127902,2968.9192597789333,1.218425652131433,648.4881254549691,50.51083589657588,0.7431316926470325,-12.974632912305637,0.022490278240864175,0.5334645309765172,-0.010492507172924886,58.655618769512785,1.0727877563565562,4.269410898666216,239.76358194459746,0.9210978798831703,-18.917854933022994,89.2716786679889,1.0651200560475753,5.813376728971761,514.755541601662,0.825641786172265,-89.7518567833377,200641427.26470184,1.0422285740503638,8472801.368818164,2920540.158875734,0.2479412253933304,-2196417.85307365,0.01973439203635696,0.21861324060857698,-0.015420190455716463
3.49593000000004,1,7,6,2899.587944,2903.083874,7,0.2797371428571428,0.17696880933529224,-0.154,0.765,0.919,0.2797371428571428,0.17696880933529224,-0.154,0.765,0.919,0.9933285714285714,0.2876986976200012,0.086,1.491,1.405,1.016,0.20200000000000007,1.0341528859064173,374.315267,-0.13855428571428569,0.40114317525424914,-0.635,0.61,1.245,-0.304,0.752,0.42439738116870745,63.039598,-4.041402857142857,48.59433505015042,-151.435,43.939,195.374,19.0,41.194,48.76209938076908,832209.817607,0.7891628571428555,73.23290209636878,-146.443,175.282,321.725,-5.3205,50.06925,73.23715400991104,1877288.254615,-6.038171428571429,11.679551976206021,-33.252,34.076,67.328,-6.5725,8.839749999999999,13.148058737536667,60505.006998,1.1412860125228625,0.23795460651670866,0.3984306715101135,1.6259797046703872,1.2275490331602736,1.1618967205198776,0.1287640284552134,1.1658285281905127,475.704655,66.7188238513442,58.84635125435092,5.107126197775027,220.3684283625946,215.2613021648196,35.949897749580146,83.91248810728473,88.96232074343128,2770003.07922,3.6441912662805485,5.024253752670375,33.24171346922824,324.7010896968049,497.97884010032107,2815.9158113452513,0.5549466557629833,3468.1463256895277,2.1973437527392505,2989.1154654914353,354.72637780082266,20.15001755833464,0.006741130542093127,0.27747332788149165,212102255.88479015,1.9809991747590743,165359170.81173712,44811040.45066462,801984.4804901171,0.004849954656601318,350,97.11566475852209,3.4084606666665436,1.0256624123412335,0.08746933333349638,0.1773453197264511,0.9978769083361845,-0.0003765103911588519,0.8450000000000001,1.0875739516263436,0.07399999999999995,0.1773453197264511,0.9978769083361845,-0.0003765103911588519,0.8450000000000001,1.0875739516263436,0.07399999999999995,0.22573739720578093,1.0541212883684388,0.012217209310927735,1.279129275348384,0.9596754974036406,-0.051580242188110415,1.1598965785900823,1.005114196954093,0.0059319496004304195,5.122414032391937,0.9808371035786623,-0.09816027972156238,2968.9192597789333,1.168151108944635,499.2270659105943,50.51083589657588,0.39892465045725684,-30.360818338241238,0.022490278240864175,0.29973517768637115,-0.015749147698771046,58.655618769512785,1.0032517340845912,0.19073248483813643,239.76358194459746,0.8978064992605186,-24.502279779777865,89.2716786679889,0.9965346463835021,-0.30935792455761657,514.755541601662,0.9674084100992593,-16.776701501340938,200641427.26470184,1.0571209484318924,11460828.620088309,2920540.158875734,0.2746014219502599,-2118555.678385617,0.01973439203635696,0.24576141945756347,-0.01488443737975564
2.71059700000023,1,7,7,2903.089176,2905.799773,8,0.31270955882352935,0.20440473164874048,-0.154,0.704,0.858,0.31270955882352935,0.20440473164874048,-0.154,0.704,0.858,0.9796102941176469,0.2894442868466206,0.301,1.457,1.1560000000000001,1.02,0.28325,1.0214765408610282,283.80869600000005,-0.09316544117647058,0.40747334609306163,-0.592,0.61,1.202,-0.2465,0.802,0.41798842951196913,47.522297,0.2841985294117669,49.41308041240638,-121.893,73.45,195.34300000000002,16.206,51.286249999999995,49.41389768726061,664151.4534240001,3.9689779411764734,81.18808359328963,-129.023,192.901,321.924,-11.359,84.70975,81.28503985019955,1797174.095338,0.5031360294117649,16.60801256104473,-33.313,47.038,80.351,0.87,15.49625,16.615632010005267,75093.54976899999,1.1376581059346278,0.25185560791161515,0.5431841308433081,1.5658930359382792,1.0227089050949711,1.171706860171748,0.2581154357965041,1.1652026489994323,369.293642,76.34294667500508,59.133955627581955,2.075749744068393,219.9989537475122,217.9232040034438,56.73881331739517,100.15207882016855,96.56640313891523,2536419.098531,3.7455488090769706,5.0416565131572595,16.318082004966993,324.7237867521938,439.3343005899264,1486.9246280489842,0.7328756280728592,2346.4644543736563,1.751961982595859,2014.0646612193477,259.9764444105847,15.760528010891688,0.007825234370217168,0.3664378140364296,129354754.38372995,1.8926232684482356,80051022.40578535,48475918.00883257,523620.9058573671,0.006541089546652992,272,99.67108541790886,3.4084606666665436,0.7952554707631773,-0.6978636666663136,0.1773453197264511,1.152580290465092,0.02705941192228939,0.8450000000000001,1.0153846033682294,0.0129999999999999,0.1773453197264511,1.152580290465092,0.02705941192228939,0.8450000000000001,1.0153846033682294,0.0129999999999999,0.22573739720578093,1.1157016952977803,0.026118210705834227,1.279129275348384,0.7995352125930146,-0.2564203702534129,1.1598965785900823,1.004574597823242,0.005306070409349939,5.122414032391937,0.984234478398984,-0.08075751923467767,2968.9192597789333,0.7903429662618954,-622.454805405277,50.51083589657588,0.31202271211749766,-34.75030788568419,0.022490278240864175,0.34793837617425255,-0.014665043870647007,58.655618769512785,1.0081550047211545,0.47833685806917003,239.76358194459746,0.9089086934174622,-21.840377941153662,89.2716786679889,1.0817137592678086,7.29472447092634,514.755541601662,0.8534814393923819,-75.42124101173562,200641427.26470184,0.6447061115303723,-71286672.8809719,2920540.158875734,0.17928906208190404,-2396919.253018367,0.01973439203635696,0.3314561816771672,-0.013193302489703967
3.24176499999976,0,8,0,2968.163152,2971.404917,1,0.2649079754601227,0.2154623594535714,-0.214,0.84,1.054,0.2649079754601227,0.2154623594535714,-0.214,0.84,1.054,0.9838650306748467,0.28897600077263347,0.024,1.923,1.899,1.045,0.22824999999999984,1.0254255348914234,342.788194,-0.09446012269938651,0.42555991619844974,-0.612,0.807,1.419,-0.264,0.809,0.43591737411488285,61.94781,-0.1974294478527582,40.24375022102667,-130.397,54.748,185.14499999999998,16.5345,31.259749999999997,40.244234496872515,527989.081738,0.3513067484662572,87.02783924680226,-168.794,291.603,460.39700000000005,-5.87,60.83925000000001,87.02854830685604,2469113.6398500004,0.4645368098159515,14.24858215969324,-44.947,43.45,88.397,-1.4125,15.33175,14.256152636991597,66255.551491,1.1378163683074345,0.2519834527859682,0.2921592031752551,2.071741537933726,1.7795823347584707,1.1711908469211103,0.09186991434598424,1.1653848070342505,442.74769,72.54011945409057,64.30190967796763,3.4922356736050904,300.426813700109,296.9345780265039,47.89091716131348,86.51399368657557,96.93711631076737,3063358.2730790004,3.582037698091048,5.811795244707798,46.78967099324897,468.89109495587934,809.9756684791084,5942.889171669808,0.9411386774022394,3374.082803695023,2.8336725870155095,2420.174829305869,707.0998886217375,141.3133900451925,0.05838974454797497,0.31371289246741313,219711605.67334107,2.542831640185757,164854507.56166974,40523094.19332164,12554956.011909608,0.07615779633573548,326,102.27040294437668,3.4331189999998064,0.9442623429474246,-0.1913540000000462,0.1804049108197522,1.1943263990500907,0.03505744863381918,0.8943333333333333,1.1785314814178367,0.15966666666666673,0.1804049108197522,1.1943263990500907,0.03505744863381918,0.8943333333333333,1.1785314814178367,0.15966666666666673,0.23660036892235872,1.0650171142314928,0.015383083863609454,1.420173115568578,1.2530742222332931,0.35940921918989277,1.1614724005448103,1.003368479917319,0.0039124064894402455,4.892723446260616,1.1878446220521945,0.9190717984471819,3288.9797225883162,1.0258752221888054,85.10308110670667,67.3750038229132,2.097415688400449,73.9383862222793,0.027918171154694128,2.091459476691496,0.030471573393280844,60.157481380341544,1.0688929820837128,4.144428297626085,248.86285269609007,1.1931655319292955,48.07172533041384,91.86020987115654,1.0552677425424897,5.076906439610823,618.7495427565385,1.3090525527624055,191.22612572256992,213407119.83148038,1.0295420595472125,6304485.841860682,6283045.1586981295,1.9982278807162068,6271910.853211478,0.037074245287119174,2.0541962541374423,0.039083551048616307
3.8355179999998703,0,8,1,2971.423225,2975.258743,2,0.22713766233766233,0.14239013266462539,-0.165,0.55,0.7150000000000001,0.22713766233766233,0.14239013266462539,-0.165,0.55,0.7150000000000001,0.9947818181818181,0.2860117047497131,0.053,1.53,1.477,1.067,0.12400000000000011,1.035081427250514,412.486521,-0.005581818181818166,0.4303996320929946,-0.602,0.908,1.51,-0.116,0.827,0.4304358256465184,71.33087499999999,1.4735116883116863,42.263456612318066,-139.481,78.107,217.588,16.458,40.611000000000004,42.28913573858992,688522.835584,4.896727272727272,73.3645821848621,-130.672,203.573,334.245,-11.237,48.32000000000001,73.5278168936278,2081440.845,-2.1304025974025973,10.199113410742527,-30.885,35.191,66.07600000000001,-1.649,9.725,10.419238436287356,41795.803893,1.132648040065214,0.21364326787394508,0.3731782415950855,1.572530126897415,1.1993518853023295,1.1639304102909245,0.07227249099800348,1.1526209388048738,511.485986,64.88999265645771,55.610792489379364,8.705791290859205,230.0870350584752,221.381243767616,36.79141326451051,69.3263343961531,85.45917966053703,2811759.484477,2.8608621443632156,4.1110437288716275,21.46887355925214,329.4822374376419,516.2488367661074,2992.427059213739,0.7767739413081274,3382.7498848461446,2.703761377819072,2298.5714113707077,964.8981871531338,31.36249984307072,0.01364434434700981,0.2589246471027091,229197370.88311,2.2226653769393168,185469194.0925371,37317579.94896278,5362668.827622498,0.02891406766423363,385,99.68598913454301,3.4331189999998064,1.1172109061258808,0.4023990000000639,0.1804049108197522,0.7892807580725112,-0.03801477815512683,0.8943333333333333,0.7994781871098228,-0.17933333333333323,0.1804049108197522,0.7892807580725112,-0.03801477815512683,0.8943333333333333,0.7994781871098228,-0.17933333333333323,0.23660036892235872,0.9029709455539499,-0.022957101048413642,1.420173115568578,0.8445110414423306,-0.22082123026624845,1.1614724005448103,0.9923790942775951,-0.00885146173993645,4.892723446260616,0.8402362744641189,-0.7816797173889887,3288.9797225883162,1.0285104105700442,93.77016225782836,67.3750038229132,0.46549162239527625,-36.01250397984248,0.027918171154694128,0.4887261197786041,-0.014273826807684317,60.157481380341544,0.9244202251177995,-4.54668889096218,248.86285269609007,0.8895712693170396,-27.48160892847406,91.86020987115654,0.930317705251264,-6.40103021061951,618.7495427565385,0.834342170917602,-102.50070599043113,213407119.83148038,1.0739912101531504,15790251.051629603,6283045.1586981295,0.853514289993366,-920376.3310756311,0.037074245287119174,0.779896114980881,-0.008160177622885543
3.22207399999979,0,8,2,2975.26589,2978.487964,3,0.28480495356037155,0.1833622403410598,-0.21,0.704,0.9139999999999999,0.28480495356037155,0.1833622403410598,-0.21,0.704,0.9139999999999999,1.0101547987616097,0.29243120045079957,-0.037,1.558,1.595,1.075,0.11350000000000016,1.0516314584768773,357.214978,-0.009981424148606801,0.3738338643954954,-0.538,0.77,1.308,-0.124,0.698,0.3739670934680002,45.171998,-2.0450712074303405,54.573148895492025,-161.008,68.122,229.13,20.031,53.657,54.611453895799215,963318.719606,2.2895572755417946,74.81993451723363,-147.13,194.534,341.664,-10.366,49.611000000000004,74.85495757584206,1809854.489599,-5.066424148606811,8.483855985733221,-27.832,12.931,40.763,-3.176,10.0075,9.881521443596005,31539.162530999998,1.1405676452449967,0.2441743861071629,0.39818211913645746,1.6797672457813908,1.2815851266449334,1.172627818192968,0.07599288242890201,1.1664114557953065,439.44656599999996,70.82257894496608,60.55974197367764,1.567492264733705,229.84022855888392,228.2727362941502,35.83131504703672,72.4932333662369,93.18433364216521,2804712.371736,3.226455265739092,4.755331365202423,24.173366331120786,336.7980486843544,530.0241230243995,3330.123886150939,0.9261992118525861,3110.1064792237808,2.3735283272932604,2512.6326616192327,495.59528755356575,29.449121580476383,0.011720424569097611,0.3087330706175287,191312382.93799004,2.024984713327814,151443674.58047086,37793112.02541218,931510.6365622808,0.006150871861388406,323,99.72078180946177,3.4331189999998064,0.9385267421882855,-0.21104500000001636,0.1804049108197522,1.0163926765848164,0.002957329521307589,0.8943333333333333,1.0219902979278013,0.01966666666666661,0.1804049108197522,1.0163926765848164,0.002957329521307589,0.8943333333333333,1.0219902979278013,0.01966666666666661,0.23660036892235872,1.03201181341848,0.007574017184804188,1.420173115568578,0.9024147152001911,-0.13858798892364455,1.1614724005448103,1.0042523999758026,0.004939055250496205,4.892723446260616,0.9719190973521323,-0.13739208105819323,3288.9797225883162,0.945614367232029,-178.87324336453548,67.3750038229132,0.4370926887590063,-37.92588224243681,0.027918171154694128,0.41981332896133006,-0.016197746585596515,60.157481380341544,1.0066867922997966,0.402260593336095,248.86285269609007,0.917263198633116,-20.590116401939866,91.86020987115654,1.0144145518796632,1.3241237710086722,618.7495427565385,0.8566052762715072,-88.72541973213902,213407119.83148038,0.896466730299637,-22094736.893490344,6283045.1586981295,0.14825782929042194,-5351534.522135848,0.037074245287119174,0.16590682169482235,-0.030923373425730767
3.15055000000029,0,8,3,2978.498992,2981.649542,4,0.23678164556962028,0.16636171827882912,-0.137,0.687,0.8240000000000001,0.23678164556962028,0.16636171827882912,-0.137,0.687,0.8240000000000001,0.9866645569620254,0.3324120443437688,-0.019,1.544,1.563,1.07,0.15999999999999992,1.0411554711904814,342.54549,0.033341772151898735,0.41383468802721335,-0.543,0.872,1.415,-0.02,0.81175,0.4151756529287455,54.46918,-2.776167721518985,48.67939734254381,-136.947,52.534,189.481,20.3205,66.29375,48.75849498140058,751255.503181,1.542050632911391,87.06666692604789,-145.634,222.015,367.649,-14.190999999999999,63.5185,87.08032159888836,2396222.441486,-7.712886075949367,10.442157074415618,-40.489,9.237,49.726,-7.58,10.396749999999999,12.981804804700374,53254.61289199999,1.1294940644898996,0.2536936444692923,0.3874906450483676,1.625879146800278,1.2383885017519103,1.1702619349842225,0.09854397306981899,1.157634358060448,423.47706900000003,78.89947168493237,62.48018779135499,2.1308413831160684,259.13747251410786,257.00663113099176,47.75611907755328,79.49544423528192,100.64243885461256,3200732.557559,3.2190254959449183,4.61446980911663,15.899505961227664,338.1367997047531,482.1823220581724,1839.966466310425,0.6385304604580062,3213.6158612050367,2.170629993082248,2823.715720620904,302.247905854353,25.73875271927524,0.00911520679338231,0.3192652302290031,194907679.1383839,2.0765878154391544,156910015.16322088,35657275.57830329,1905770.9996833769,0.012145630077856767,316,100.88781275236498,3.4331189999998064,0.9176932086605607,-0.28256899999951646,0.1804049108197522,0.9221573198939842,-0.014043192540923094,0.8943333333333333,0.9213566799699217,-0.07033333333333325,0.1804049108197522,0.9221573198939842,-0.014043192540923094,0.8943333333333333,0.9213566799699217,-0.07033333333333325,0.23660036892235872,1.0722453008096948,0.0170932755469336,1.420173115568578,0.8719982651806,-0.18178461381666766,1.1614724005448103,0.9966955284951091,-0.0038380424843622585,4.892723446260616,0.9431290875865999,-0.2782536371439859,3288.9797225883162,0.9770859452627633,-75.36386138327953,67.3750038229132,0.38202228207817435,-41.63625110363796,0.027918171154694128,0.3264971576362771,-0.01880296436131182,60.157481380341544,1.0386104329392083,2.322706411013449,248.86285269609007,1.0327239615569286,8.14377843490169,91.86020987115654,1.0956042772471124,8.782228983456022,618.7495427565385,0.7792851367651119,-136.5672206983661,213407119.83148038,0.9133138542532939,-18499440.69309649,6283045.1586981295,0.3033196406435278,-4377274.159014752,0.037074245287119174,0.3276028064163587,-0.024928615209262407
3.25565000000006,0,8,4,2981.659517,2984.915167,5,0.25854128440366975,0.18825557805464013,-0.197,0.758,0.9550000000000001,0.25854128440366975,0.18825557805464013,-0.197,0.758,0.9550000000000001,1.0109418960244647,0.3210075017749484,0.007,1.656,1.649,1.092,0.14549999999999996,1.0606834274812318,367.89113199999997,-0.01964525993883792,0.3720409239358439,-0.539,0.852,1.391,-0.126,0.6845,0.3725592373315966,45.387726,0.3247217125382269,50.76229894766004,-150.122,80.534,230.656,18.641,36.434999999999995,50.763337544355785,842651.675436,4.194948012232412,84.07017056367769,-151.786,217.221,369.007,-11.298,53.7025,84.1747656214806,2316922.91175,-1.407058103975535,10.88032625656158,-33.74,27.374,61.114000000000004,-0.214,9.1835,10.97093031411587,39358.14901,1.13871117193925,0.2635722746514883,0.33989557219828564,1.739156692193087,1.3992611199948013,1.1707903313574126,0.08407022496022099,1.1688171272976027,446.725647,74.26498495740681,65.32519366451753,7.993591683342351,237.2761958393635,229.28260415602116,38.604685907283326,99.50586794156584,98.90737544809578,3198932.7361959997,3.2135844053749416,4.4542689444906305,16.73629549217001,336.89520678736216,543.3785655049337,2597.049147182565,0.9058364856333485,3714.1972049145825,2.2871014949144914,2996.7419515077913,620.4532617012993,31.116922433661617,0.010383584218154487,0.3019454952111162,228153387.58799028,1.8779585256288458,185484803.3030537,38024853.09176563,3990594.124086181,0.021514399309393355,327,98.736176934035,3.4331189999998064,0.9483067701752185,-0.1774689999997463,0.1804049108197522,1.0435168686043312,0.00785066723488792,0.8943333333333333,1.0678345016641688,0.06066666666666676,0.1804049108197522,1.0435168686043312,0.00785066723488792,0.8943333333333333,1.0678345016641688,0.06066666666666676,0.23660036892235872,1.1139976861067518,0.02697190572912958,1.420173115568578,0.9852750307710517,-0.020911995573776654,1.1614724005448103,1.0063236256721304,0.007344726752792408,4.892723446260616,0.9103864104134173,-0.4384545017699857,3288.9797225883162,1.1292855286989552,425.21748232626624,67.3750038229132,0.4618466888822761,-36.258081389251586,0.027918171154694128,0.3719291081542611,-0.017534586936539642,60.157481380341544,1.0859030689906122,5.167712284175984,248.86285269609007,0.9213211279338929,-19.580248540068908,91.86020987115654,1.0767161927460918,7.047165576939236,618.7495427565385,0.8781882295627923,-75.37097725160481,213407119.83148038,1.0690992304668863,14746267.7565099,6283045.1586981295,0.635136947656929,-2292451.0346119483,0.037074245287119174,0.5803056364255055,-0.01555984597772582
3.49098299999969,0,8,5,2984.932169,2988.423152,6,0.28662,0.19502271266994226,-0.233,0.739,0.972,0.28662,0.19502271266994226,-0.233,0.739,0.972,1.01244,0.29635607077587306,0.003,1.596,1.5930000000000002,1.059,0.13675000000000015,1.0549225916083673,389.501586,-0.09230857142857143,0.35864303253189445,-0.556,0.686,1.242,-0.21,0.687,0.37033187432741616,48.000994000000006,1.931140000000001,50.871700827140764,-141.038,90.443,231.481,17.901,33.58775,50.90834162242682,907080.736361,2.045725714285714,75.8587750537173,-147.573,192.183,339.756,-6.878,29.515,75.88635415111581,2015558.561222,-3.9501742857142856,9.989925159789532,-45.863,17.954,63.817,-1.6185,9.4275,10.742554704804359,40390.868555,1.1423080051835899,0.2555869237249862,0.3635024071447121,1.702592435082454,1.3390900279377418,1.1703120941597582,0.09594886481819587,1.1705521151515272,479.56728899999996,66.97761042502549,63.085657454238486,9.934742120457884,228.6446761308909,218.70993401043302,28.398365165741893,85.6151918906009,92.00978466815363,2963030.166138,2.9548369089258233,4.086188007285834,18.849416994238627,287.8313297477063,450.2096864888836,2412.7489154200525,0.8381995473452111,4001.160862508491,2.2885392546555194,3048.667125942943,845.0667804907964,40.328541975655725,0.01322825363003511,0.2793998491150704,243762764.78291237,2.0575906326848146,185428591.40920419,55145551.08427108,2645216.1596437264,0.014265416889277113,350,97.78994719027463,3.4331189999998064,1.0168546414590758,0.057863999999883564,0.1804049108197522,1.0810276780908605,0.014617801850190043,0.8943333333333333,1.0868430739451016,0.07766666666666666,0.1804049108197522,1.0810276780908605,0.014617801850190043,0.8943333333333333,1.0868430739451016,0.07766666666666666,0.23660036892235872,1.080247313588868,0.01898655480262748,1.420173115568578,0.9429061878646846,-0.08108308763083616,1.1614724005448103,1.0078174087686318,0.009079714606716971,4.892723446260616,0.8351561341684338,-0.8065354389747821,3288.9797225883162,1.2165355824533777,712.1811399201747,67.3750038229132,0.5985683069594859,-27.046461847257476,0.027918171154694128,0.4738221862211438,-0.014689917524659018,60.157481380341544,1.04867517715539,2.9281760738969425,248.86285269609007,0.878837205441553,-30.152918685657056,91.86020987115654,1.0016282870155708,0.14957479699708642,618.7495427565385,0.7276121522060712,-168.5398562676549,213407119.83148038,1.1422428875634643,30355644.95143199,6283045.1586981295,0.42100861808731943,-3637828.999054403,0.037074245287119174,0.3847795937854857,-0.02280882839784206
3.32153799999969,0,8,6,2988.429594,2991.751132,7,0.2910450450450451,0.1837847866957267,-0.133,0.814,0.947,0.2910450450450451,0.1837847866957267,-0.133,0.814,0.947,1.001087087087087,0.29636246411034745,0.1,1.568,1.468,1.037,0.19700000000000006,1.0440335560057763,362.97202000000004,-0.11427627627627628,0.39188058403024717,-0.611,0.651,1.262,-0.272,0.775,0.40820271858411167,55.48761,-4.134570570570573,52.93782131079734,-162.641,58.504,221.14499999999998,16.962,49.726,53.0990357627795,938896.0304459999,-0.011822822822821152,74.27068751772798,-140.519,202.656,343.175,-5.939,55.512,74.27068845873946,1836873.009657,-5.273606606606607,9.647188255114857,-30.702,23.847,54.54900000000001,-4.702,10.137,10.99450625862166,40252.762901,1.1432138729216659,0.26111612809444856,0.4490089085975912,1.7090023405484265,1.2599934319508352,1.1713321475994756,0.12269580748397546,1.1726549328730902,457.91482399999995,70.71613080736665,58.78563408332304,5.40052895557463,235.33193620076304,229.9314072451884,46.67619291458976,84.00325961110926,91.95934933949317,2816021.8030040003,2.910004650345834,4.126041024311473,17.234037855606978,308.8600109050788,482.41154295636045,2319.842087894302,0.8952607581093326,3780.2965148870408,2.2361436309540172,3051.7070138573226,635.6913648334973,26.009121668486486,0.008522810856447856,0.29842025270311084,191602373.82110938,1.997144099542014,156317149.62782726,33084864.03804876,1354720.5609176885,0.008666487101019426,333,99.37394415013591,3.4331189999998064,0.9674986478257499,-0.1115810000001165,0.1804049108197522,1.018734887388972,0.003379875875974492,0.8943333333333333,1.058889291179024,0.05266666666666664,0.1804049108197522,1.018734887388972,0.003379875875974492,0.8943333333333333,1.058889291179024,0.05266666666666664,0.23660036892235872,1.103616694460725,0.02451575917208984,1.420173115568578,0.8872111500112964,-0.1601796836177427,1.1614724005448103,1.0096278845943785,0.011182532328279926,4.892723446260616,0.8433014988884945,-0.7666824219491435,3288.9797225883162,1.1493827368143763,491.3167922987245,67.3750038229132,0.38603517905524537,-41.365882154426714,0.027918171154694128,0.30527815580904494,-0.019395360298246272,60.157481380341544,0.9771957323459562,-1.3718472970185047,248.86285269609007,0.9239281987848145,-18.931445450901663,91.86020987115654,1.0010792426717172,0.0991394683366309,618.7495427565385,0.7796555950561405,-136.33799980017807,213407119.83148038,0.897825592568845,-21804746.010371,6283045.1586981295,0.2156152831469366,-4928324.597780441,0.037074245287119174,0.2337602477488051,-0.02840775818609975
3.28928399999995,0,8,7,2991.757001,2995.046285,8,0.30356969696969693,0.20186116513786712,-0.229,0.744,0.973,0.30356969696969693,0.20186116513786712,-0.229,0.744,0.973,0.993478787878788,0.2879477664728667,0.021,1.546,1.5250000000000001,1.044,0.16875000000000007,1.034366481563386,353.07162600000004,-0.07312424242424245,0.39337068610285664,-0.603,0.756,1.359,-0.186,0.75,0.4001095493926026,52.828925,-1.6128363636363632,53.614092907221064,-141.527,83.679,225.206,20.1605,57.61525,53.63834635221336,949433.825802,3.6382878787878767,71.33971168285504,-142.122,178.443,320.56500000000005,-9.649000000000001,64.46175,71.43242682201003,1683855.228555,-3.8616666666666664,11.833031097036564,-36.183,31.511,67.694,-2.42,7.0,12.447212313923098,51127.921148,1.1398948710097727,0.2520790424681795,0.34248941589485654,1.6433824874325513,1.3008930715376947,1.172975831057272,0.1042778484497704,1.1674348635388874,449.75837299999995,69.66447252167099,57.28401316027922,5.151387968305241,225.72568016289154,220.5742921945863,47.89523663097809,74.47744178358961,90.19200017445947,2684416.975505,3.6671217071056312,5.486388179420699,31.959543831393653,346.47697260107674,545.7300294702984,2527.562783296917,0.6000600060026318,3460.0096226168394,2.408708675529522,2816.755363152077,476.3145506430084,39.799737194544406,0.0141296392704354,0.3000300030013159,178675539.22496504,2.0772970803907853,143348013.71799526,33426449.455640268,627355.5950387002,0.004376451258493753,330,99.00990099043425,3.4331189999998064,0.9581036924205362,-0.14383499999985627,0.1804049108197522,1.1189338085713996,0.021456254318114903,0.8943333333333333,1.0879612252557447,0.07866666666666666,0.1804049108197522,1.1189338085713996,0.021456254318114903,0.8943333333333333,1.0879612252557447,0.07866666666666666,0.23660036892235872,1.0654211274568592,0.015478673545820804,1.420173115568578,0.9160102019370854,-0.11928004403088321,1.1614724005448103,1.0051335295956625,0.0059624629940771,4.892723446260616,1.1213362513674143,0.5936647331600824,3288.9797225883162,1.0520008982856874,171.02990002852312,67.3750038229132,0.5907196279089774,-27.575266628368794,0.027918171154694128,0.5061088755081617,-0.013788531884258728,60.157481380341544,0.9522342331551855,-2.873468220062321,248.86285269609007,0.8863287139727803,-28.28856050150378,91.86020987115654,0.9818396919748463,-1.668209696697076,618.7495427565385,0.8819885781737196,-73.01951328624011,213407119.83148038,0.8372520062407404,-34731580.60651535,6283045.1586981295,0.0998489711903789,-5655689.56365943,0.037074245287119174,0.11804556085080088,-0.032697794028625424
3.38229600000022,0,8,8,2995.059164,2998.44146,9,0.3345368731563422,0.19972117946108295,-0.192,0.773,0.9650000000000001,0.3345368731563422,0.19972117946108295,-0.192,0.773,0.9650000000000001,0.983905604719764,0.28058394113292456,0.043,1.492,1.449,1.046,0.1675000000000001,1.023131265781986,354.864382,-0.0636814159292035,0.38195646631783436,-0.594,0.636,1.23,-0.16,0.737,0.3872286984415736,50.831716,-1.3644631268436629,51.671439422518056,-142.519,84.901,227.42000000000002,21.038,51.649,51.68945164750221,905740.0005389999,2.8235014749262546,66.50414204960788,-124.809,156.55,281.35900000000004,-7.786,43.175,66.56405238815718,1502032.070843,-1.8189174041297937,10.36085891498889,-40.779,32.443,73.22200000000001,-0.137,7.1755,10.519308816616757,37512.335855000005,1.1360294443132832,0.24079913329828603,0.3983428171813821,1.6726102355300831,1.274267418348701,1.1650158797201007,0.12365746379759401,1.1612696159565843,457.157474,65.50543311540342,54.05799267726801,2.915134302223484,190.7578198606809,187.84268555845742,36.295603604293454,75.88673992450113,84.93072671261064,2445284.407237,3.2195642423078414,4.629926452402801,21.804638308739598,270.0620134022211,426.55903598411817,2449.050827115853,0.5749919608959734,3331.8024225467407,2.2502510844130046,2834.040338902171,368.0044946054865,35.775522874402355,0.012623505171466463,0.2874959804479867,167914898.37738913,2.039314014917858,138174150.36800843,28306798.182602037,775491.5641633925,0.005612421441333087,339,97.46113737186748,3.4331189999998064,0.9851962574406679,-0.050822999999586393,0.1804049108197522,1.1070716838185926,0.019316268641330736,0.8943333333333333,1.0790160147706,0.07066666666666677,0.1804049108197522,1.1070716838185926,0.019316268641330736,0.8943333333333333,1.0790160147706,0.07066666666666677,0.23660036892235872,1.0177461861855477,0.004198764375927311,1.420173115568578,0.8972620277112607,-0.1459056972198769,1.1614724005448103,0.999825398703934,-0.00020278458822597933,4.892723446260616,0.9462881958878043,-0.2627969938578154,3288.9797225883162,1.0130200559322982,42.82269995842444,67.3750038229132,0.5309910328632256,-31.599480948510845,0.027918171154694128,0.45216073001030593,-0.015294665983227665,60.157481380341544,0.8986079773936011,-6.099488703073533,248.86285269609007,0.7548040357003454,-61.020167137632654,91.86020987115654,0.9245649103402782,-6.9294831585459065,618.7495427565385,0.6893888504174037,-192.19050677242035,213407119.83148038,0.786828942305136,-45492221.45409125,6283045.1586981295,0.12342606882107401,-5507553.594534737,0.037074245287119174,0.15138325498025654,-0.03146182384578609
3.55175899999995,1,8,9,2998.447185,3001.998944,10,0.3056966292134832,0.182610819331584,-0.122,0.799,0.921,0.3056966292134832,0.182610819331584,-0.122,0.799,0.921,1.002561797752809,0.28729605194282887,0.188,1.582,1.3940000000000001,1.0455,0.17374999999999985,1.0429137930698207,387.21022800000003,-0.10194101123595505,0.37365118385264484,-0.548,0.717,1.2650000000000001,-0.2585,0.7357499999999999,0.38730759993355685,53.40255499999999,-2.189188202247189,52.33293754437609,-145.71,71.405,217.115,16.893,43.744,52.378706522865066,976696.287335,1.221668539325842,71.08317324861336,-144.382,181.603,325.985,-5.2975,35.59925,71.09367055591066,1799334.3575479998,-3.5801179775280896,6.149225467589381,-21.908,6.351,28.259,-1.7635,6.293749999999999,7.115491450649747,18024.357815999996,1.139924258634384,0.25504152949639625,0.3973763958767556,1.675199689589274,1.2778232937125185,1.1625497799239808,0.12049420233548958,1.1681068004215245,485.752565,64.16573299278794,61.08377704598252,4.16789647184284,227.81347007804433,223.64557360620148,34.84679163945508,80.97990033452062,88.59158599271748,2794055.0026990003,3.0136301188978027,3.927074721561257,14.592261257592687,270.182047762571,388.71290370036076,1288.859803736678,0.8286917388164914,4121.849675376852,2.254889506829225,3126.5237924121034,906.1028759590337,18.140660226085394,0.005802182049614889,0.27623057960549713,236440451.55566347,2.090145122697725,175733642.60776505,59126093.66460454,1218851.471799622,0.006935789036821373,356,98.33808633955698,3.4331189999998064,1.034557494119655,0.11864000000014352,0.1804049108197522,1.0122274852692945,0.002205908511831778,0.8943333333333333,1.029817357102303,0.026666666666666727,0.1804049108197522,1.0122274852692945,0.002205908511831778,0.8943333333333333,1.029817357102303,0.026666666666666727,0.23660036892235872,1.0779421852916349,0.018441160574037524,1.420173115568578,0.8997658600256441,-0.1423498218560595,1.1614724005448103,1.005712051200254,0.006634399876714214,4.892723446260616,0.8026357419682616,-0.965648724699359,3288.9797225883162,1.2532304918318449,832.869952788536,67.3750038229132,0.2692491160530895,-49.234343596827806,0.027918171154694128,0.20782808226170268,-0.02211598910507924,60.157481380341544,1.015397846356475,0.9262956656409784,248.86285269609007,0.8986699749453145,-25.217279089888592,91.86020987115654,0.9644174132340019,-3.268623878439058,618.7495427565385,0.6282233389011598,-230.03663905617776,213407119.83148038,1.1079314117653227,23033331.724183083,6283045.1586981295,0.19399056365403725,-5064193.686898507,0.037074245287119174,0.18707831035600317,-0.0301384562502978
3.36944799999992,1,8,10,3002.009609,3005.379057,11,0.3213195266272189,0.20936012327170608,-0.267,0.766,1.033,0.3213195266272189,0.20936012327170608,-0.267,0.766,1.033,0.996207100591716,0.30708050475288357,-0.108,1.648,1.756,1.0425,0.14175000000000004,1.042462001067012,367.313734,-0.08297337278106508,0.3596029893394642,-0.537,0.741,1.278,-0.188,0.6962499999999999,0.36905133861367356,46.035225,-1.9090236686390532,52.72501518372186,-149.954,78.595,228.549,17.847,46.928,52.75956403810711,940847.1999520002,2.864292899408285,74.17022824604906,-140.198,204.321,344.519,-4.931,48.16425,74.22551402236711,1862186.302977,-3.111455621301775,13.408012681400573,-27.969,47.939,75.908,-4.137,8.858500000000001,13.764300205529121,64036.114530000006,1.139952042249217,0.265543132054487,0.37049831308657805,1.7628547869861542,1.3923564738995762,1.166992713134737,0.1059494353769399,1.1704716201640548,463.061289,68.72778103403857,61.31024876528325,5.7517069640238105,232.53945162703036,226.78774466300655,39.57431399807069,86.7880318103818,92.10024152804198,2867069.617459,3.31586631349906,5.2699215297383875,36.158588637910896,326.62677214420495,582.0236585381692,3635.1911880000057,0.8497596596148376,4027.8524389064974,2.3372077266916813,3181.231361311913,679.2909596247521,52.152635782050766,0.016393851895254646,0.2832532198716125,214718697.51142678,1.9079325156584601,172302145.53734294,40048482.31227822,615697.9452516733,0.003573362034068424,338,95.73958831660502,3.4331189999998064,0.9814538879035568,-0.06367099999988657,0.1804049108197522,1.160501178794806,0.02895521245195387,0.8943333333333333,1.1550503038943312,0.1386666666666666,0.1804049108197522,1.160501178794806,0.02895521245195387,0.8943333333333333,1.1550503038943312,0.1386666666666666,0.23660036892235872,1.1223275857120496,0.028942763132128263,1.420173115568578,0.9804131966953923,-0.027816641669001774,1.1614724005448103,1.007748104507298,0.008999219619244547,4.892723446260616,1.077093683477066,0.3771980834777713,3288.9797225883162,1.2246510403306672,738.8727163181811,67.3750038229132,0.7740650510593933,-15.222368040862435,0.027918171154694128,0.5872105995880109,-0.011524319259439482,60.157481380341544,1.0191624939791244,1.1527673849417042,248.86285269609007,0.9112960901836382,-22.075108033083524,91.86020987115654,1.0026130099985182,0.24003165688543504,618.7495427565385,0.9406449917293492,-36.72588421836929,213407119.83148038,1.006145894668285,1311577.6799463928,6283045.1586981295,0.09799355721633031,-5667347.213446456,0.037074245287119174,0.09638391941779416,-0.03350088325305075
3.39093700000012,1,8,11,3005.388746,3008.779683,12,0.32544705882352937,0.20929066508411093,-0.185,0.801,0.986,0.32544705882352937,0.20929066508411093,-0.185,0.801,0.986,0.994735294117647,0.27648921996042675,0.117,1.548,1.431,1.047,0.16525000000000012,1.0324459279389149,362.421162,-0.07911176470588237,0.3675596860412852,-0.536,0.707,1.2429999999999999,-0.227,0.73975,0.37597711914110815,48.061989999999994,-1.229735294117646,55.860407501466824,-149.008,59.191,208.199,14.4885,59.39725,55.87394182553733,1061445.107542,3.254741176470586,65.70523966498418,-122.427,174.626,297.053,-0.6415,33.9465,65.7858028723434,1471442.43225,-3.7572558823529416,10.236035382662198,-26.519,29.863,56.382,-4.366,12.992249999999999,10.903824655623742,40423.753321,1.1394270954672987,0.24233789001822323,0.4301720585998119,1.7092975165254294,1.2791254579256175,1.1684750744046202,0.13578227760235384,1.1649127687614766,461.3873980000001,66.58592268411128,55.98997702364679,5.22201436229354,221.36769176191905,216.1456773996255,40.88199841233948,84.36699710622767,86.99748632462286,2573311.293113,3.2414085648681072,4.466956985933485,21.528572553620375,308.5599511847503,488.628985467801,2127.756216261565,0.594297124802898,3394.458430469844,2.2301407368701094,2852.9003397890765,425.77559326349217,20.13164494681986,0.007056553874657146,0.297148562401449,181195926.3545666,2.0727710595897997,146570865.06496164,32136186.26894318,1364232.0418805864,0.009307661800835695,340,101.03051121649266,3.4331189999998064,0.9877132106761167,-0.042181999999686415,0.1804049108197522,1.1601161660840689,0.028885754264358715,0.8943333333333333,1.1024971922941051,0.09166666666666667,0.1804049108197522,1.1601161660840689,0.028885754264358715,0.8943333333333333,1.1024971922941051,0.09166666666666667,0.23660036892235872,1.0242497967331967,0.005737521095864506,1.420173115568578,0.9006827652885694,-0.14104765764296046,1.1614724005448103,1.002962066240603,0.0034403682166663785,4.892723446260616,0.912979657621497,-0.4257664603271314,3288.9797225883162,1.0320703430145197,105.47870788152795,67.3750038229132,0.29879990800067907,-47.24335887609334,0.027918171154694128,0.25275836687056763,-0.020861617280036982,60.157481380341544,0.9307234234150656,-4.1675043566947565,248.86285269609007,0.8685333108147565,-32.717175296464575,91.86020987115654,0.9470638749593018,-4.862723546533687,618.7495427565385,0.7897039944192192,-130.12055728873753,213407119.83148038,0.8490622360568394,-32211193.47691378,6283045.1586981295,0.21712911612484068,-4918813.116817543,0.037074245287119174,0.25105458568899386,-0.02776658348628348
3.06076500000017,0,9,0,3064.551017,3067.611782,1,0.2727654723127036,0.21843058150847827,-0.195,0.822,1.017,0.2727654723127036,0.21843058150847827,-0.195,0.822,1.017,0.9849315960912053,0.313378394472574,-0.201,1.559,1.76,1.031,0.29400000000000004,1.0335841848156238,327.966954,-0.15088273615635178,0.3984096470161211,-0.662,0.633,1.295,-0.295,0.782,0.4260232938532088,55.71922500000001,3.7441400651465813,33.545341184758875,-89.756,61.42,151.176,11.542,33.4735,33.75364424812995,349767.70950900007,2.166794788273622,90.18322211235862,-156.595,247.786,404.381,-6.076,75.03049999999999,90.20924869558274,2498276.5249179997,4.344429967426711,21.619935978267346,-28.397,71.145,99.542,-2.275,14.993,22.052113355555154,149292.780958,1.1407138456022776,0.2658513838254037,0.2886901453115433,1.6728006456239786,1.3841105003124352,1.1742687086012298,0.11709273828248978,1.1712834993419052,421.174846,75.23086585871222,64.05957833021942,2.6655509749393276,257.56968664421674,254.90413566927742,49.88593495164745,82.0791314948902,98.80947704394082,2997337.015385,3.4566553331258643,5.422227886122547,38.15747907149101,389.2873269563304,637.3616271507412,4758.391818067344,0.9889173678885452,3330.6163205545536,2.26117207398209,2782.321805577807,433.6852760688992,21.130843434555253,0.007594679879271207,0.32963912262951506,193381491.94693208,2.0663346403932468,157156774.5322077,33165786.951667495,1715371.751925679,0.010915035365364608,307,101.19921064726113,3.2093086666667037,0.9537147430702066,-0.14854366666653362,0.1893550118102347,1.1535505075084944,0.02907556969824357,0.8976666666666665,1.1329372320875912,0.1193333333333334,0.1893550118102347,1.1535505075084944,0.02907556969824357,0.8976666666666665,1.1329372320875912,0.1193333333333334,0.2536371674075257,1.0481562148842758,0.01221421641787801,1.308339248453013,1.0579140627095565,0.07577125185942224,1.167927620499304,1.0028733534124596,0.0033558788426011343,4.81379517637398,1.1263935577215267,0.6084327097485671,3329.8221295060753,1.0002385085471799,0.7941910484782966,24.190821630140917,0.8735066443337293,-3.059978195585664,0.008896396493720798,0.8536795035873904,-0.0013017166144495907,61.86105602277937,1.0355396826118695,2.198522307440051,230.21571357822475,1.1072403864021707,24.688422091052672,96.1312404182715,1.0278602107258534,2.6782366256693138,507.96210233201435,1.2547424782520513,129.3995248187269,198048134.03861627,0.9764368287823693,-4666642.091684192,1221558.869017768,1.4042481254341532,493812.882907911,0.007801260902723953,1.3991355384868676,0.0031137744626406555
3.32113699999991,0,9,1,3067.622052,3070.943189,2,0.2272102102102102,0.15267816634455036,-0.188,0.605,0.7929999999999999,0.2272102102102102,0.15267816634455036,-0.188,0.605,0.7929999999999999,1.0116456456456457,0.2988337400005583,-0.012,1.577,1.589,1.052,0.21299999999999997,1.0548594771421056,370.538596,-0.10826126126126126,0.4149762259200998,-0.683,0.816,1.499,-0.225,0.7869999999999999,0.4288656768368958,61.247281,-1.0222702702702708,45.2522415456509,-128.55,54.29,182.84,14.595,50.657,45.26378686556629,682253.86367,2.8416546546546564,81.50587594395417,-138.794,213.969,352.76300000000003,-9.924,55.588,81.5553972129838,2214877.177251,-6.011477477477477,8.282285968384898,-18.672,21.725,40.397000000000006,-7.13,9.435,10.233969040617835,34876.462734,1.1438674171544414,0.25131000648564383,0.3727693656941246,1.7032266437559036,1.330457278061779,1.1714597731036263,0.10510100402006173,1.17114874690937,456.739266,73.17218348564091,58.74230930298026,8.121092106361065,238.2417531122536,230.12066100589254,45.53997863416275,66.29951383892248,93.83404146845271,2932007.503655,3.2052125455504727,4.437541977332272,16.43323832834357,336.91389607303336,479.6001727227546,2826.011039728794,0.8963742111316442,3501.692726545226,2.3956922685532143,2721.3182060503423,659.96990048325,33.90432813402971,0.012458788560090176,0.2987914037105481,191320057.50563398,2.232958197726799,147788117.03645396,41749055.1083356,1013135.837267961,0.006855326785292604,333,99.49753743561251,3.2093086666667037,1.0348449883136062,0.11182833333320641,0.1893550118102347,0.8063064020428217,-0.03667684546568434,0.8976666666666665,0.883401401224641,-0.10466666666666657,0.1893550118102347,0.8063064020428217,-0.03667684546568434,0.8976666666666665,0.883401401224641,-0.10466666666666657,0.2536371674075257,0.9908248035809722,-0.0023271609218818434,1.308339248453013,1.016905416134129,0.022118029608765966,1.167927620499304,1.0027579760303205,0.0032211264100658887,4.81379517637398,0.9218385505667676,-0.37625319904170773,3329.8221295060753,1.0516155489224672,171.87059703915065,24.190821630140917,1.4015368571760596,9.713506503888794,0.008896396493720798,1.4004293271540318,0.003562392066369378,61.86105602277937,0.9495846509935665,-3.1187467197991126,230.21571357822475,0.9995871151414876,-0.09505257233220732,96.1312404182715,0.9761035127645852,-2.2971989498187924,507.96210233201435,0.944165264517778,-28.361929609259732,198048134.03861627,0.9660280741061139,-6728076.53298229,1221558.869017768,0.8293794617385863,-208423.03174980695,0.007801260902723953,0.8787448700055966,-0.0009459341174313492
3.24602400000003,0,9,2,3070.950956,3074.19698,3,0.29988957055214727,0.19695628757767547,-0.171,0.712,0.883,0.29988957055214727,0.19695628757767547,-0.171,0.712,0.883,0.9888650306748467,0.2872239462165607,0.193,1.473,1.28,1.057,0.15150000000000008,1.029733773444272,345.674636,-0.05419018404907976,0.39588066077084233,-0.627,0.748,1.375,-0.124,0.7682499999999999,0.3995723634332483,52.048531999999994,-0.6102975460122709,56.15924376566793,-145.115,75.542,220.657,19.267,47.164,56.162559801226834,1028279.998237,4.066438650306748,76.83004997890848,-145.786,169.069,314.855,-10.168,46.141,76.93758836263508,1929721.955997,-0.8330061349693249,9.684100345884733,-24.58,23.771,48.351,-0.0765,9.064499999999999,9.719861044791811,30799.077786,1.1354827759490056,0.2437501119115295,0.41399516905393957,1.6244451360387646,1.210449966984825,1.1688842857054274,0.09855744882495032,1.161350615246637,439.687692,72.29531210347754,62.78128043513845,8.14160880907453,213.76395286857885,205.62234405950431,39.16803502288519,96.12780765436429,95.750202742421,2988801.03202,3.415888428729188,4.581615665667121,16.548540483111754,301.21881655734524,406.92450712254697,1312.3030699166168,0.6152812481379871,3157.157341418446,2.2627829335981033,2642.8617495065173,428.8484088854373,17.537293321837787,0.006635721041801011,0.30764062406899356,209442852.6632827,1.9570707526607047,166181276.2427031,42071329.202914566,936169.0178596639,0.005633420557514646,326,100.2908434464919,3.2093086666667037,1.0114402592683793,0.03671533333332633,0.1893550118102347,1.0401429320161284,0.007601275767440768,0.8976666666666665,0.9836613332677907,-0.014666666666666495,0.1893550118102347,1.0401429320161284,0.007601275767440768,0.8976666666666665,0.9836613332677907,-0.014666666666666495,0.2536371674075257,0.9610188632555615,-0.009887055495996167,1.308339248453013,0.9251804982264824,-0.09788928146818798,1.167927620499304,0.994368644870697,-0.006577005252667023,4.81379517637398,0.9517678854796168,-0.23217951070685938,3329.8221295060753,0.9481459425213434,-172.6647880876294,24.190821630140917,0.7249564972500714,-6.65352830830313,0.008896396493720798,0.7458877971105066,-0.0022606754519197865,61.86105602277937,1.0148756659096065,0.9202244123590759,230.21571357822475,0.8931724983260293,-24.593369518720436,96.1312404182715,0.9960362761974885,-0.3810376758505072,507.96210233201435,0.8010922571711105,-101.03759520946738,198048134.03861627,1.0575350971115165,11394718.624666423,1221558.869017768,0.7663724128272359,-285389.851158104,0.007801260902723953,0.7221157459802654,-0.002167840345209307
3.64168800000016,0,9,3,3074.208077,3077.849765,4,0.2702931506849315,0.17615111533152134,-0.195,0.689,0.8839999999999999,0.2702931506849315,0.17615111533152134,-0.195,0.689,0.8839999999999999,1.0030739726027398,0.3123756563697588,-0.148,1.786,1.934,1.037,0.16199999999999992,1.0505883804828033,402.86361999999997,-0.12633698630136983,0.38521867673567717,-0.629,0.707,1.3359999999999999,-0.267,0.665,0.4054065404180089,59.98937900000001,-0.35418904109589167,45.7289979467169,-135.115,55.817,190.93200000000002,17.924,25.603,45.73036959272986,763312.346627,1.8274739726027378,81.33462976591773,-150.015,238.595,388.61,-11.084,28.855,81.3551575518077,2415811.506002,-3.384008219178082,13.456982658296246,-40.809,39.664,80.473,-4.489,8.213,13.875946594490435,70277.791271,1.1429833009343748,0.25645113519745677,0.362535515501585,1.8709243704650385,1.5083888549634534,1.1657602669502851,0.09033698476662777,1.171400021751282,500.844974,67.97289354431135,65.43818457501698,3.4152647042359687,256.0239820036397,252.6087172994037,29.111352785468423,84.72516503666253,94.35290274951944,3249401.6439,3.3763502742686438,4.909215043946512,26.576155885598276,369.9476410145445,629.9339389850815,3542.054319635746,0.8198681378711,4380.916593763977,2.5308067562625136,2974.190044794831,1247.2704514809782,42.168430822897335,0.014178122509876287,0.2732893792903667,285245116.5815738,2.1055506715428036,223741025.11757982,57735348.88661403,1591324.5775440284,0.007112350435990716,365,99.75062344098384,3.2093086666667037,1.1347266239851195,0.43237933333345646,0.1893550118102347,0.9302690451381539,-0.013203896478713367,0.8976666666666665,0.9847753325127144,-0.013666666666666605,0.1893550118102347,0.9302690451381539,-0.013203896478713367,0.8976666666666665,0.9847753325127144,-0.013666666666666605,0.2536371674075257,1.0110944216407591,0.0028139677899310933,1.308339248453013,1.152903457736933,0.20004960651044046,1.167927620499304,1.0029731219309312,0.003472401251978008,4.81379517637398,1.0198221681393154,0.09541986757253174,3329.8221295060753,1.3156608441426445,1051.094464257902,24.190821630140917,1.743158270942123,17.977609192756418,0.008896396493720798,1.5936909492482605,0.005281726016155489,61.86105602277937,1.0578252097788652,3.5771285522376033,230.21571357822475,1.0972696579314833,22.393003721178957,96.1312404182715,0.9815009390201413,-1.7783376687520587,507.96210233201435,1.2401199539900767,121.9718366530671,198048134.03861627,1.4402817676936834,87196982.54295751,1221558.869017768,1.3026998680985133,369765.70852626045,0.007801260902723953,0.9116912519352856,-0.0006889104667332372
3.20291899999984,0,9,4,3077.858091,3081.06101,5,0.3066323987538941,0.19731868228100458,-0.099,0.841,0.94,0.3066323987538941,0.19731868228100458,-0.099,0.841,0.94,0.9807227414330218,0.31412644201030676,0.129,1.707,1.578,1.021,0.20999999999999985,1.0298021737857987,340.418098,-0.11319626168224299,0.4067950130780276,-0.623,0.749,1.3719999999999999,-0.269,0.7629999999999999,0.4222506084353077,57.23288,-1.1653987538940833,49.07079521993716,-123.252,60.351,183.603,22.458,52.03,49.0846319918219,773385.652385,2.580348909657325,85.45735874037635,-154.718,222.855,377.573,-8.809,50.046,85.4963061387856,2346387.494644,-6.694881619937694,15.654309242947662,-58.824,28.672,87.496,-6.733,11.985,17.025828548966896,93051.106927,1.1390751634758869,0.2724957903399694,0.31393470658721373,1.7857936610930167,1.471858954505803,1.1711656586495354,0.11163980671852514,1.1712156862852474,440.33052499999997,75.84971117742396,65.23511027989237,11.55639069952206,249.24424923957622,237.68785854005415,48.28187677586695,86.47009708877184,100.04398182263813,3212824.2539560003,3.1219334034434683,4.308452453752431,15.836893868598247,311.6921938242864,462.02702691611114,2045.1529461589116,0.6027697571730477,3825.6009273726722,2.3408084812635637,3061.1188691315074,647.4614399313296,38.85846549114936,0.012694203378664365,0.30138487858652385,219251650.28340167,2.040642775689658,173617303.98294136,43929436.775251426,1114228.1939366043,0.006417725470763456,321,96.74454602627416,3.2093086666667037,0.9980090177322862,-0.006389666666863469,0.1893550118102347,1.0420567693142608,0.007963670470769874,0.8976666666666665,1.047159290228452,0.042333333333333445,0.1893550118102347,1.0420567693142608,0.007963670470769874,0.8976666666666665,1.047159290228452,0.042333333333333445,0.2536371674075257,1.0743527156594361,0.018858622932443725,1.308339248453013,1.124982641158484,0.16351970605278998,1.167927620499304,1.0028152906910317,0.003288065785943317,4.81379517637398,0.8950219705956786,-0.505342722621549,3329.8221295060753,1.1488904747980184,495.77879786659696,24.190821630140917,1.6063309493659266,14.667643861008443,0.008896396493720798,1.426891114701661,0.003797806884943567,61.86105602277937,1.0545424611782432,3.374054257112995,230.21571357822475,1.0324571456716218,7.4721449618294,96.1312404182715,1.0407020795418336,3.9127414043666278,507.96210233201435,0.9095698769374436,-45.93507541590321,198048134.03861627,1.1070624388748396,21203516.2447854,1221558.869017768,0.9121363056637006,-107330.67508116364,0.007801260902723953,0.822651277053152,-0.0013835354319604969
3.65062200000011,0,9,5,3081.06934,3084.719962,6,0.3004699453551913,0.18513959560759996,-0.153,0.772,0.925,0.3004699453551913,0.18513959560759996,-0.153,0.772,0.925,0.9965737704918032,0.29778924731216394,-0.046,1.664,1.71,1.045,0.1585000000000002,1.0401142801860739,395.952604,-0.1348224043715847,0.3807396219421133,-0.655,0.751,1.4060000000000001,-0.2575,0.66625,0.40390560832595335,59.70914499999999,-0.7740081967213122,46.885710567310085,-134.061,73.191,207.252,14.434999999999999,32.50025,46.892098951637514,804786.033537,3.550926229508196,76.45700185691372,-147.756,217.847,365.603,-7.351,31.81325,76.53941605496817,2144131.288873,-0.895188524590164,9.192370009006995,-33.221,19.71,52.931,-0.374,8.79825,9.235855611531028,31220.176569,1.1424453656118514,0.25368267737402467,0.3960075756851124,1.7645979712104398,1.3685903955253274,1.167680823016732,0.08470496342199896,1.1702718975552862,501.25029099999995,63.588082682506695,64.0234950917663,3.807779142755,247.15935084273062,243.3515716999756,32.46262655998724,75.99262224244546,90.23553725114476,2980137.4989790004,3.23104121603001,4.75366721688032,25.051897576667447,358.0065824371536,576.0299358601252,3429.1485877047307,0.8302158727337092,4310.364792809216,2.502829879987299,2930.5027639568734,1222.3532933686727,46.748454597474954,0.01595236666291143,0.27673862424456974,274543369.4259685,2.1680510426378317,209478586.01692128,60965863.488977395,2649230.1174455276,0.012646782508029378,366,101.28633647351252,3.2093086666667037,1.1375104010848123,0.4413133333334063,0.1893550118102347,0.9777379751414288,-0.004215416202634742,0.8976666666666665,1.030449301554594,0.027333333333333543,0.1893550118102347,0.9777379751414288,-0.004215416202634742,0.8976666666666665,1.030449301554594,0.027333333333333543,0.2536371674075257,1.000179389973363,4.5509966498991083e-05,1.308339248453013,1.0460516159574358,0.06025114707231438,1.167927620499304,1.0020072023255242,0.002344277055982058,4.81379517637398,0.9875092381030545,-0.06012795949366012,3329.8221295060753,1.2944729853890555,980.5426633031407,24.190821630140917,1.9324872587172957,22.557632967334037,0.008896396493720798,1.7931247492086633,0.007055970169190632,61.86105602277937,1.0349563877125065,2.1624390689869344,230.21571357822475,1.0570589118657916,13.135858121750857,96.1312404182715,0.9386702683658199,-5.89570316712674,507.96210233201435,1.1340017950242285,68.06783352811084,198048134.03861627,1.386245675874113,76495235.38735226,1221558.869017768,2.1687289778966616,1427671.2484277596,0.007801260902723953,1.621118233903854,0.004845521605305425
3.56118900000001,0,9,6,3084.728724,3088.289913,7,0.3302885154061625,0.18493923055900488,-0.177,0.777,0.954,0.3302885154061625,0.18493923055900488,-0.177,0.777,0.954,0.9791820728291316,0.292750585353531,0.004,1.594,1.59,1.029,0.15900000000000003,1.0220080415411563,372.886656,-0.06480112044817932,0.39683875776265876,-0.597,0.755,1.3519999999999999,-0.205,0.732,0.4020947461406945,57.719826,-3.030487394957983,48.96496348365557,-138.718,70.412,209.13,14.595,39.022999999999996,49.05865369949243,859210.286502,1.7806918767506998,70.56791890639124,-123.466,184.565,308.031,-11.084,42.656,70.59038208098137,1778931.729115,-4.685260504201681,7.189156465903438,-28.198,12.244,40.442,-2.901,9.068,8.581120945626708,26287.922296,1.1366956998570166,0.23957572953926368,0.43944851803140716,1.7197017183221048,1.2802532002906977,1.16498326168233,0.09414887668453886,1.1616684743323729,481.76209099999994,63.646700721574746,58.41649312554998,1.685942466396763,224.5558029755633,222.86986050916653,33.79308924913495,74.47772412917004,86.39090913880425,2664429.9379129997,3.201833627620832,4.550434511610851,19.91371544626606,292.5897726519277,447.4240262128477,1852.9364751112603,0.8312752344128633,3657.56518772754,2.386134567122575,2887.3503651397186,654.782946193003,26.462834702694014,0.009165093028577372,0.2770917448042878,217459006.7442618,1.9965621451750581,166713588.2327523,49125552.32981074,652226.8698026718,0.003912259802674779,357,98.92175289513075,3.2093086666667037,1.109643651884175,0.35188033333330626,0.1893550118102347,0.9766798302521115,-0.004415781251229822,0.8976666666666665,1.0627552796573865,0.05633333333333346,0.1893550118102347,0.9766798302521115,-0.004415781251229822,0.8976666666666665,1.0627552796573865,0.05633333333333346,0.2536371674075257,0.9445607776746818,-0.014061437868262,1.308339248453013,0.9785330463938502,-0.028086048162315302,1.167927620499304,0.994640801361763,-0.00625914616693124,4.81379517637398,0.9452904279125537,-0.26336066476312947,3329.8221295060753,1.098426596215545,327.7430582214647,24.190821630140917,1.0939204586082782,2.272013072553097,0.008896396493720798,1.0302016926773994,0.0002686965348565745,61.86105602277937,0.9443177480610068,-3.444562897229396,230.21571357822475,0.9680914349217822,-7.345853069058222,96.1312404182715,0.898676733535598,-9.740331279467256,507.96210233201435,0.880821667895992,-60.53807611916665,198048134.03861627,1.0980108840705398,19410872.70564553,1221558.869017768,0.5339299532302603,-569331.9992150961,0.007801260902723953,0.501490058665793,-0.0038890011000491742
3.14559499999996,0,9,7,3088.302041,3091.447636,8,0.33700949367088606,0.19610360355585446,-0.137,0.812,0.9490000000000001,0.33700949367088606,0.19610360355585446,-0.137,0.812,0.9490000000000001,0.9961012658227849,0.27963277659321906,0.199,1.518,1.319,1.0375,0.18200000000000016,1.0346072788836291,338.250262,-0.07258860759493671,0.36412112204015673,-0.588,0.752,1.3399999999999999,-0.1725,0.70275,0.3712860049454523,43.561642,-1.9992594936708907,49.28326969533417,-125.511,66.183,191.69400000000002,17.6565,54.40075,49.32380470306479,768776.7164820001,3.845436708860758,74.25211480583162,-136.931,176.626,313.557,-8.717500000000001,57.24825,74.35162363136567,1746899.8039720003,-2.679386075949367,8.54270285484256,-19.466,24.779,44.245000000000005,-3.5575,7.4239999999999995,8.953037574484236,25329.574652,1.1385403309718218,0.2530285673393719,0.36163379266877144,1.6087777969626507,1.2471440042938793,1.1706279455132118,0.11665439943075295,1.1663179417033935,429.854023,68.7302728742968,57.59607729213124,10.640125704144666,204.12564809450086,193.4855223903562,38.939428498000304,92.56549300927723,89.67250709563359,2541006.095106,3.4602641718325455,4.81193681674723,22.413732554450114,300.5676892370096,418.812016286038,1749.2325998937263,0.6241114213513185,3196.564053310111,2.180716224553749,2741.1299086786894,355.57434456690055,14.55998789600123,0.005311673791836624,0.31205571067565924,165626717.56043226,1.897293577088164,134582561.4663497,29572165.57393953,973259.5707167856,0.007231691536500695,316,98.60960457350832,3.2093086666667037,0.9801472269931608,-0.0637136666667435,0.1893550118102347,1.0356398350627478,0.006748591745619759,0.8976666666666665,1.0571852834327673,0.051333333333333564,0.1893550118102347,1.0356398350627478,0.006748591745619759,0.8976666666666665,1.0571852834327673,0.051333333333333564,0.2536371674075257,0.9976004697955777,-0.0006086000681537751,1.308339248453013,0.9532267691550499,-0.06119524415913369,1.167927620499304,0.9986217563880886,-0.001609678795910563,4.81379517637398,0.9996139491700831,-0.0018583596267500724,3329.8221295060753,0.9599804220697726,-133.25807619596435,24.190821630140917,0.601880668320963,-9.630833734139687,0.008896396493720798,0.5970583510977915,-0.0035847227018841734,61.86105602277937,0.9310555135303837,-4.2649787306481315,230.21571357822475,0.8404531531519782,-36.73019118786854,96.1312404182715,0.93281337779619,-6.4587333226379116,507.96210233201435,0.8244946116158268,-89.15008604597637,198048134.03861627,0.8362952691497596,-32421416.478184015,1221558.869017768,0.7967357082834304,-248299.29830098234,0.007801260902723953,0.926988900484871,-0.0005695693662232581
3.24882499999967,1,9,8,3091.460965,3094.70979,9,0.3197208588957055,0.2076950601992357,-0.177,0.831,1.008,0.3197208588957055,0.2076950601992357,-0.177,0.831,1.008,0.9996932515337422,0.2847224853000546,0.165,1.582,1.417,1.039,0.18949999999999978,1.0394486475038323,352.227838,-0.11598773006134969,0.35993538935762526,-0.578,0.636,1.214,-0.2495,0.6575,0.37816218483186526,46.620164,-1.2503926380368118,51.53281340262138,-139.649,72.092,211.74099999999999,17.427500000000002,46.019,51.54798093949607,866245.354494,1.7662239263803687,73.61361990899712,-153.344,192.29,345.634,-8.5955,37.2905,73.63480551386291,1767599.574079,-1.9575889570552147,10.76125874295773,-35.313,31.084,66.397,-2.229,8.23975,10.937862874331014,39001.611227999994,1.1417597761578553,0.25534958003978,0.417943776123057,1.7024620406928312,1.2845182645697744,1.1705741981911597,0.12550923910846068,1.1699652962710165,446.234927,67.34686866135641,60.5253256725707,5.157122938228252,223.4845010353067,218.32737809707845,35.27889519621523,85.86423467734167,90.54786450414353,2672846.539801,3.085690589922774,4.108374394962811,14.295162657161919,351.229350606693,515.5882272599775,2891.2206658510195,0.6009373420642908,3464.7787005953337,2.216023039724563,2910.176928869061,456.71753493287275,25.096686427891328,0.008623766541080389,0.3004686710321454,194661249.17422545,2.090582141179041,144914248.6015771,47125308.921834,1476836.406763557,0.010191105574607276,326,97.95278675647941,3.2093086666667037,1.0123130329034007,0.03951633333296645,0.1893550118102347,1.0968553049909644,0.018340048389000996,0.8976666666666665,1.1229112388832763,0.1103333333333335,0.1893550118102347,1.0968553049909644,0.018340048389000996,0.8976666666666665,1.1229112388832763,0.1103333333333335,0.2536371674075257,1.006751386566264,0.001712412632254301,1.308339248453013,0.9817929533725033,-0.02382098388323861,1.167927620499304,1.0017446849603526,0.0020376757717124327,4.81379517637398,0.8534584949920706,-0.7054207814111688,3329.8221295060753,1.0405296636967427,134.95657108925843,24.190821630140917,1.037446631669892,0.9058647977504108,0.008896396493720798,0.9693539236507637,-0.0002726299526404092,61.86105602277937,0.9784075726172394,-1.3357303502086708,230.21571357822475,0.9483600171949584,-11.8883354811463,96.1312404182715,0.9419192356277353,-5.58337591412797,507.96210233201435,1.01501317693348,7.62612492796319,198048134.03861627,0.9828986782388446,-3386884.8643908203,1221558.869017768,1.2089768608131353,255277.53774578916,0.007801260902723953,1.3063391467470857,0.0023898446718833228
3.18081900000016,1,9,9,3094.719228,3097.900047,10,0.2864608150470219,0.1852137057647124,-0.142,0.668,0.81,0.2864608150470219,0.1852137057647124,-0.142,0.668,0.81,0.996206896551724,0.3116736112545263,0.175,1.65,1.4749999999999999,1.027,0.2320000000000002,1.0438240372254584,347.57239,-0.14341692789968655,0.3767645695984016,-0.603,0.679,1.282,-0.284,0.697,0.4031376391666408,51.843866000000006,-1.2895862068965507,49.37920890502225,-123.542,76.977,200.519,11.908,64.64150000000001,49.396045435549254,778350.20819,1.422849529780562,79.0076880333322,-162.779,182.092,344.871,-6.351,44.641,79.02049904396162,1991912.3268610002,-3.946191222570533,10.938073158375719,-28.763,31.313,60.076,-3.557,15.1605,11.628149877907152,43133.224397000005,1.1389681246682672,0.2668409697791174,0.4259295716430124,1.6716877698900592,1.2457581982470467,1.1625803198059048,0.17564261745735354,1.1698087417022534,436.536345,71.70906717254049,60.64018575709294,5.964286378100903,201.0765891321016,195.1123027540007,43.47550931271536,111.36400568108732,93.9117801099024,2813395.759448,3.2955931627172372,4.367203909208712,18.995181341236286,305.4626860854452,436.7707078869202,1890.7785475206813,0.6142443888122013,3622.90037045891,2.015117456811149,3305.2951237072243,204.64516891913289,29.310474092362394,0.008867732833308706,0.30712219440610067,187099409.32201734,1.7808228599936988,153203011.36603552,32906265.501765333,356366.43824164825,0.002326105962696848,319,97.97198001554612,3.2093086666667037,0.9911227994758878,-0.028489666666543734,0.1893550118102347,0.9781293571940618,-0.004141306045522292,0.8976666666666665,0.9023393883883472,-0.08766666666666645,0.1893550118102347,0.9781293571940618,-0.004141306045522292,0.8976666666666665,0.9023393883883472,-0.08766666666666645,0.2536371674075257,1.052057795732275,0.013203802371591744,1.308339248453013,0.9521675591390857,-0.06258105020596627,1.167927620499304,1.0016106402090557,0.0018811212029492541,4.81379517637398,0.9072267805598797,-0.4465912671652683,3329.8221295060753,1.0880161851123946,293.0782409528347,24.190821630140917,1.2116361539256777,5.119652462221477,0.008896396493720798,0.9967769390447334,-2.8663660412091285e-05,61.86105602277937,0.9802643156457026,-1.220870265686436,230.21571357822475,0.847519483848041,-35.103410824224056,96.1312404182715,0.9769121847540795,-2.219460308369108,507.96210233201435,0.8598490042330746,-71.19139444509415,198048134.03861627,0.9447168499226349,-10948724.716598928,1221558.869017768,0.2917308754249337,-865192.4307761197,0.007801260902723953,0.2981701304443417,-0.005475154940027104
3.29984999999988,1,9,10,3097.909208,3101.209058,11,0.30671299093655596,0.19131773712383338,-0.077,0.761,0.838,0.30671299093655596,0.19131773712383338,-0.077,0.761,0.838,0.9794138972809667,0.2749283691168195,0.246,1.419,1.173,1.02,0.22150000000000003,1.017269477735534,342.53110999999996,-0.1342114803625378,0.4101957870028016,-0.633,0.745,1.3780000000000001,-0.325,0.7799999999999999,0.43159391230177435,61.656464,-2.607138972809667,51.91378598117378,-118.214,81.939,200.153,6.0,61.435500000000005,51.979210733933414,894308.493361,1.384154078549848,69.59497015390181,-142.382,150.336,292.718,-1.679,63.1445,69.60873331152959,1603819.374321,-1.7185045317220544,9.27206985576038,-24.153,24.58,48.733,-2.198,10.8475,9.429980765391281,29434.021825,1.1380635165974835,0.2379017927748329,0.4786930122740461,1.5747066393458815,1.0960136270718355,1.1651652243351585,0.1584547956159157,1.1626632491034152,447.4411100000001,67.2874338874407,55.75428126912995,2.649847920164476,181.22537993614472,178.57553201598023,44.869649653189846,98.77989823568157,87.385002368793,2527561.889507,3.157224475554188,3.98847503183793,13.790525405082064,285.06836733713664,374.25876087208974,1288.4027375783494,0.5896936585543464,3100.426366071671,2.150076816860726,2786.7295345051402,219.2671736951235,27.84304326281269,0.009991297295974247,0.2948468292771732,170287368.88742465,1.8935599494868338,144480870.2112949,24801069.47782697,585322.4670778995,0.0040512108365757995,331,97.59430049074433,3.2093086666667037,1.0282120956427336,0.09054133333317615,0.1893550118102347,1.0103652667610032,0.0019627253135986733,0.8976666666666665,0.9335313672462158,-0.059666666666666535,0.1893550118102347,1.0103652667610032,0.0019627253135986733,0.8976666666666665,0.9335313672462158,-0.059666666666666535,0.2536371674075257,0.9379610481652289,-0.015735374632692783,1.308339248453013,0.8377136281668774,-0.2123256213811775,1.167927620499304,0.9954925448645836,-0.005264371395888867,4.81379517637398,0.8285510449484397,-0.8253201445360503,3329.8221295060753,0.9311087035517593,-229.39576343440422,24.190821630140917,1.1509755095135534,3.652221632671772,0.008896396493720798,1.1230711302396352,0.0010949008022534488,61.86105602277937,0.901282403578537,-6.106774753649425,230.21571357822475,0.7756878504626721,-51.64018156224452,96.1312404182715,0.9090177342920638,-8.746238049478507,507.96210233201435,0.7367848096275866,-133.70334145992462,198048134.03861627,0.8598281913336345,-27760765.151191622,1221558.869017768,0.479160261468644,-636236.4019398685,0.007801260902723953,0.5193013916695608,-0.0037500500661481534
