duration,max_ay,min_ay,range_ay,mean_ay,std_ay,gyro_var,label,set_id,rep_id,start_time,end_time,ax_mean,ax_std,ax_min,ax_max,ax_range,ax_median,ax_iqr,ax_rms,ax_energy,az_mean,az_std,az_min,az_max,az_range,az_median,az_iqr,az_rms,az_energy,gx_mean,gx_std,gx_min,gx_max,gx_range,gx_median,gx_iqr,gx_rms,gx_energy,gy_mean,gy_std,gy_min,gy_max,gy_range,gy_median,gy_iqr,gy_rms,gy_energy,gz_mean,gz_std,gz_min,gz_max,gz_range,gz_median,gz_iqr,gz_rms,gz_energy,accel_mag_mean,accel_mag_std,accel_mag_min,accel_mag_max,accel_mag_range,accel_mag_median,accel_mag_iqr,accel_mag_rms,accel_mag_energy,gyro_mag_mean,gyro_mag_std,gyro_mag_min,gyro_mag_max,gyro_mag_range,gyro_mag_median,gyro_mag_iqr,gyro_mag_rms,gyro_mag_energy,accel_mag_jerk_mean,accel_mag_jerk_std,accel_mag_jerk_max,gyro_mag_jerk_mean,gyro_mag_jerk_std,gyro_mag_jerk_max,accel_mag_dominant_freq,accel_mag_spectral_energy,accel_mag_spectral_entropy,accel_mag_low_freq_energy,accel_mag_mid_freq_energy,accel_mag_high_freq_energy,accel_mag_high_low_energy_ratio,gyro_mag_dominant_freq,gyro_mag_spectral_energy,gyro_mag_spectral_entropy,gyro_mag_low_freq_energy,gyro_mag_mid_freq_energy,gyro_mag_high_freq_energy,gyro_mag_high_low_energy_ratio,segment_num_samples,segment_sampling_rate,baseline_duration,duration_ratio_to_baseline,duration_diff_from_baseline,baseline_std_ay,std_ay_ratio_to_baseline,std_ay_diff_from_baseline,baseline_gyro_var,gyro_var_ratio_to_baseline,gyro_var_diff_from_baseline,baseline_range_ay,range_ay_ratio_to_baseline,range_ay_diff_from_baseline,baseline_accel_mag_std,accel_mag_std_ratio_to_baseline,accel_mag_std_diff_from_baseline,baseline_accel_mag_range,accel_mag_range_ratio_to_baseline,accel_mag_range_diff_from_baseline,baseline_accel_mag_rms,accel_mag_rms_ratio_to_baseline,accel_mag_rms_diff_from_baseline,baseline_accel_mag_jerk_std,accel_mag_jerk_std_ratio_to_baseline,accel_mag_jerk_std_diff_from_baseline,baseline_accel_mag_spectral_energy,accel_mag_spectral_energy_ratio_to_baseline,accel_mag_spectral_energy_diff_from_baseline,baseline_accel_mag_high_freq_energy,accel_mag_high_freq_energy_ratio_to_baseline,accel_mag_high_freq_energy_diff_from_baseline,baseline_accel_mag_high_low_energy_ratio,accel_mag_high_low_energy_ratio_ratio_to_baseline,accel_mag_high_low_energy_ratio_diff_from_baseline,baseline_gyro_mag_std,gyro_mag_std_ratio_to_baseline,gyro_mag_std_diff_from_baseline,baseline_gyro_mag_range,gyro_mag_range_ratio_to_baseline,gyro_mag_range_diff_from_baseline,baseline_gyro_mag_rms,gyro_mag_rms_ratio_to_baseline,gyro_mag_rms_diff_from_baseline,baseline_gyro_mag_jerk_std,gyro_mag_jerk_std_ratio_to_baseline,gyro_mag_jerk_std_diff_from_baseline,baseline_gyro_mag_spectral_energy,gyro_mag_spectral_energy_ratio_to_baseline,gyro_mag_spectral_energy_diff_from_baseline,baseline_gyro_mag_high_freq_energy,gyro_mag_high_freq_energy_ratio_to_baseline,gyro_mag_high_freq_energy_diff_from_baseline,baseline_gyro_mag_high_low_energy_ratio,gyro_mag_high_low_energy_ratio_ratio_to_baseline,gyro_mag_high_low_energy_ratio_diff_from_baseline
6.840364000000001,0.659,-1.079,1.738,-0.6814569343065693,0.5143616609141264,683.0350943178518,0,0,0,39.465368,46.305732,0.4852817518248174,0.35423906856274506,0.13,1.165,1.0350000000000001,0.283,0.706,0.60081918773485,247.27383199999997,-0.11283503649635036,0.21173344473455122,-0.576,0.104,0.6799999999999999,0.013,0.365,0.23992248139824657,39.430516,-6.210589781021897,26.13494010549578,-64.29,45.695,109.98500000000001,-3.221,29.939,26.862734777866258,494300.466026,3.846299270072993,10.683777742405706,-27.374,38.443,65.817,1.45,12.932,11.355048433366,88321.930573,0.06286277372262712,48.79675352556954,-83.206,119.756,202.962,-0.992,54.58,48.79679401726617,1631072.067859,1.0693946402619132,0.06239445762723363,0.9633036904320466,1.3348217109412028,0.3715180205091563,1.0471026692736487,0.10449799423375516,1.0712133144073144,786.036106,42.222367677704774,38.064976273764934,1.8861466008770367,123.30592378714009,121.41977718626305,33.838061572731974,70.12219087842642,56.8477858059008,2213694.464458,1.8879428132466853,2.933333909215309,21.491575994138625,111.29114176957142,174.1044216760958,995.7705548196585,0.14613153299281845,913.3624965274573,3.1132068232457417,741.3300633135506,50.56972633651821,15.90663274339428,0.02145688341854267,0.14613153299281845,339940003.2124827,1.486390501517772,328357822.6955108,10489671.568577405,739773.5251820409,0.0022529492950988396,685,100.10010010008064,4.701097333333337,1.4550568729874047,2.139266666666664,0.5888071581009925,0.8735655555502727,-0.0744454971868661,1351.3450499584844,0.5054483267125456,-668.3099556406327,1.8476666666666668,0.9406458545517994,-0.1096666666666668,0.06786710801993537,0.9193621218585679,-0.005472650392701742,0.4139997556055594,0.8973870310427232,-0.04248173509640313,1.0991249016710334,0.9746056185540513,-0.027911587263719007,3.688959483137546,0.7951656597672316,-0.7556255739222371,516.1966640987957,1.7694079796202504,397.1658324286616,13.03029384003743,1.2207424426847124,2.8763389033568494,0.03922449431994555,0.547027522477369,-0.01776761090140288,31.18041624906411,1.2207975659304897,6.884560024700825,118.61163949467914,1.023675059996731,2.8081376915839087,78.02972804239373,0.7285400990726236,-21.18194223649293,238.08368511618733,0.7312740542629718,-63.97926344009153,152804952.2258865,2.224666139811756,187135050.9865962,888813.3904117136,0.8323159092364222,-149039.86522967275,0.02619199873297695,0.08601666707075704,-0.023939049437878113
2.6204190000000054,0.734,-1.105,1.839,-0.2909011406844106,0.6097493015651229,2327.600635550405,0,0,1,46.313548,48.933967,0.8160608365019012,0.21659523170600814,0.298,1.153,0.855,0.85,0.3394999999999998,0.8443155709034165,187.48449000000002,-0.27013688212927756,0.11164094183793592,-0.464,0.026,0.49000000000000005,-0.298,0.16599999999999998,0.2922971689582173,22.470098000000004,-4.508969581749055,48.24521360249538,-67.389,64.214,131.603,-30.092,93.95400000000001,48.45545833277758,617505.9693090001,6.0835133079847905,12.119049362212337,-19.649,38.382,58.031,3.832,20.786,13.560254113111867,48360.569294,-1.1263726235741545,92.18591174561685,-116.489,129.74,246.229,-53.893,186.901,92.19279277502008,2235371.40343,1.1173644370668279,0.07887215883902207,0.8698425144817883,1.3621119630926086,0.49226944861082034,1.1379833039197016,0.09406009733512266,1.12014467934352,329.992439,101.82516815995926,25.747972788270566,17.70096045416745,140.84070808541117,123.13974763124372,104.64850627218718,34.53882459014355,105.03010508187405,2901237.9420330003,3.6786604903908935,4.867463763593282,19.692653732484054,225.83544235644612,299.1743386803831,1186.5564389416609,0.3969392805952417,215.14386075118742,3.3079989903569484,144.89095178037292,25.673760644412447,5.611809702124991,0.0387312639801284,0.7938785611904834,22928074.503019106,2.218738661747809,14456108.596588308,7389218.686240462,921244.3883077902,0.06372699694060173,263,104.39503079654855,4.701097333333337,0.5574058158391556,-2.0806783333333314,0.5888071581009925,1.035567049109936,0.02094214346413037,1351.3450499584844,1.7224325020502267,976.2555855919206,1.8476666666666668,0.9953093938554425,-0.008666666666666822,0.06786710801993537,1.1621557116342274,0.011005050819086704,0.4139997556055594,1.1890573123653234,0.07826969300526093,1.0991249016710334,1.0191240935850772,0.021019777672486528,3.688959483137546,1.3194679346975942,1.1785042804557357,516.1966640987957,0.41678661585818155,-301.05280334760835,13.03029384003743,0.43067407126116886,-7.418484137912439,0.03922449431994555,0.987425198906431,-0.0004932303398171509,31.18041624906411,0.825773863130697,-5.432443460793543,118.61163949467914,1.0381759171821072,4.528108136564583,78.02972804239373,1.3460267990598493,27.000377039480327,238.08368511618733,1.2565931954632545,61.09065356419575,152804952.2258865,0.15004798057281085,-129876877.72286738,888813.3904117136,1.036487971767666,32430.99789607653,0.02619199873297695,2.4330702387238627,0.03753499820762478
4.642509000000004,0.866,-1.1,1.966,-0.3956924731182795,0.6423105118237284,1043.399420007196,0,0,2,48.944038,53.586547,0.6979720430107528,0.3083298981612506,0.19,1.168,0.978,0.724,0.5860000000000001,0.7630414791639647,270.738019,-0.21475913978494626,0.16057350859894717,-0.474,0.112,0.586,-0.254,0.284,0.26815171038974606,33.435983,-2.2398559139784955,32.30169376375171,-50.641,52.916,103.55699999999999,-13.328,61.97,32.37925839982412,487513.61415299994,3.7508344086021506,10.855093606452114,-22.595,28.55,51.144999999999996,4.809,15.221,11.484851586572262,61334.344424,-1.3641311827957008,63.50032934509457,-107.191,97.695,204.886,-6.443,129.496,63.51497997180944,1875880.9965809998,1.1042587331873923,0.062334707593550386,0.894129744500204,1.2723415421969055,0.37821179769670155,1.1137975579071808,0.0962671549371088,1.1060167112622656,568.821929,65.80804714574829,29.728299685156834,2.5231888553970747,113.79858252192774,111.27539366653066,71.05113564891134,43.90891282089643,72.2112932394063,2424728.955158,2.416481025260673,3.266080776604047,13.978252404151604,174.84894392120202,240.97229499208308,1047.2006793995831,0.44586899588619333,420.08363501774227,3.3085349496669445,305.68559620428294,32.796869165643514,17.572439074593024,0.057485335561165585,0.22293449794309667,95546778.96215774,2.461995639586105,79820440.5889374,14399314.376270734,1005422.2577453097,0.012596049963230278,465,103.66454154353994,4.701097333333337,0.9875373047919509,-0.0585883333333328,0.5888071581009925,1.0908673443893246,0.05350335372273596,1351.3450499584844,0.7721191712150276,-307.9456299512883,1.8476666666666668,1.0640447353560631,0.11833333333333318,0.06786710801993537,0.9184817244669226,-0.005532400426384983,0.4139997556055594,0.9135555841281441,-0.03578795790885786,1.0991249016710334,1.0062702605664304,0.006891809591232256,3.688959483137546,0.8853663974027997,-0.4228787065334991,516.1966640987957,0.8138054044634502,-96.11302908105347,13.03029384003743,1.3485834837517916,4.542145234555594,0.03922449431994555,1.4655465137881794,0.018260841241220037,31.18041624906411,0.9534285699766709,-1.4521165639072748,118.61163949467914,0.9381490225682357,-7.336245828148478,78.02972804239373,0.925433101483058,-5.818434802987426,238.08368511618733,1.0121327501477673,2.888609875895753,152804952.2258865,0.6252858796154336,-57258173.26372875,888813.3904117136,1.131196118995878,116608.8673335961,0.02619199873297695,0.4809119488178571,-0.013595948769746673
6.113916000000003,0.792,-1.078,1.87,-0.5341454248366014,0.5596422264823075,677.1465504217261,0,0,3,53.591373,59.705289,0.6297075163398692,0.3733117217252782,0.086,1.169,1.083,0.7084999999999999,0.75625,0.7320472646710856,327.96663700000005,-0.1426781045751634,0.19757584622313135,-0.435,0.16,0.595,-0.2165,0.39350000000000007,0.24370731736233878,36.348673,-4.366893790849673,26.02203970525228,-50.351,54.061,104.412,-13.863,37.2065,26.38591123691368,426084.3828230001,3.7529526143790846,12.841915112407905,-25.359,44.443,69.80199999999999,2.183,14.34,13.379067122937434,109547.655493,1.3549820261437906,52.32576505554763,-74.29,107.359,181.649,-9.382,81.4695,52.34330582738869,1676770.858943,1.090632171594314,0.06571664224368821,0.9780966209940611,1.2956720264017434,0.31757540540768225,1.088462211390661,0.11544061554724983,1.0926102739697783,730.603893,51.02543885824833,31.803175991480117,2.103258662171631,122.3653217419053,120.26206307973368,47.029342244537716,46.970922313238916,60.12518119575105,2212402.8972589998,2.1910387252699772,3.180306233729685,15.593063397689198,141.98536184001745,210.91977590064312,884.9926041434765,0.166038708271956,808.856522779522,3.436087115868813,655.039108786133,27.485208568305076,10.873611141261533,0.01659994188934101,0.166038708271956,189414786.41472274,1.994199760722704,180075025.3477671,7449066.991288526,1352492.2316968588,0.007510715209312779,612,101.61568946243708,4.701097333333337,1.3005295473556182,1.4128186666666664,0.5888071581009925,0.9504677537932374,-0.02916493161868494,1351.3450499584844,0.501090783910089,-674.1984995367583,1.8476666666666668,1.012087311859531,0.022333333333333316,0.06786710801993537,0.968313436035173,-0.002150465776247154,0.4139997556055594,0.767090785530188,-0.09642435019787715,1.0991249016710334,0.9940728868647417,-0.006514627701255105,3.688959483137546,0.8621147073167671,-0.5086532494078613,516.1966640987957,1.5669541843630437,292.6598586807263,13.03029384003743,0.8344870243452182,-2.1566826987758976,0.03922449431994555,0.4232033566043048,-0.022624552430604537,31.18041624906411,1.0199727844311564,0.6227597424160081,118.61163949467914,1.0139145161633942,1.65042358505454,78.02972804239373,0.7705419805561732,-17.90454684664268,238.08368511618733,0.8859060451322105,-27.16390921554421,152804952.2258865,1.23958539075826,36609834.18883625,888813.3904117136,1.5216830060023576,463678.84128514514,0.02619199873297695,0.28675598293675125,-0.01868128352366417
6.071134000000001,0.906,-1.097,2.003,-0.3143980263157894,0.6509981123113543,526.8875460681024,1,0,4,59.712766,65.7839,0.7072828947368421,0.3435766963668481,0.078,1.217,1.139,0.807,0.5539999999999999,0.7863167551780161,375.922776,-0.18205756578947369,0.20464929478801658,-0.512,0.187,0.6990000000000001,-0.2315,0.36224999999999996,0.27390927534207576,45.615985,-4.090468749999998,22.95403115071735,-54.55,35.771,90.321,-5.832,40.5955,23.3156488364109,330520.644243,3.30833552631579,11.151998209811218,-23.389,42.504,65.893,1.4655,13.7525,11.632374995086593,82269.78600000001,-1.6660180921052636,50.90452458209337,-94.931,95.053,189.98399999999998,-2.7859999999999996,83.511,50.93178024781945,1577180.113441,1.1010023354267826,0.061309454092221154,0.9493187030707865,1.2779726131650866,0.3286539100943001,1.111832269252582,0.08939254482509895,1.102708026531192,739.306715,51.06384569231432,25.79654106683351,4.1945145130277,102.58765366748574,98.39313915445804,51.84525321191798,35.09010080527555,57.209945533109156,1989970.5436840001,2.181027589313893,3.078421902481547,12.599766714577743,145.7109119019362,198.5779501455379,854.3838734816583,0.3312662320454667,694.78894534485,3.6676393797084406,523.4062608736114,41.2471441274349,21.86043070702199,0.04176570350938741,0.3312662320454667,122998593.05517668,2.403327310616114,113515128.53563006,7989268.321811024,977426.2885049224,0.008610537653561554,608,100.70493454182188,4.701097333333337,1.2914291189076363,1.370036666666664,0.5888071581009925,1.1056219210288125,0.062190954210361804,1351.3450499584844,0.3898986021966709,-824.457503890382,1.8476666666666668,1.084069992328685,0.15533333333333332,0.06786710801993537,0.9033749462326077,-0.006557653927714215,0.4139997556055594,0.7938504738368064,-0.08534584551125929,1.0991249016710334,1.0032599705657759,0.0035831248601585486,3.688959483137546,0.8344959895082169,-0.6105375806559992,516.1966640987957,1.3459772091793554,178.5922812460543,13.03029384003743,1.677662143203255,8.83013686698456,0.03922449431994555,1.0647860115379373,0.0025412091894418606,31.18041624906411,0.8273315164397296,-5.3838751822306,118.61163949467914,0.8295403348722493,-20.218500340221098,78.02972804239373,0.7331814035632042,-20.819782509284572,238.08368511618733,0.8340678616440648,-39.50573497064943,152804952.2258865,0.8049385262943045,-29806359.17070982,888813.3904117136,1.0996979782810774,88612.89809320879,0.02619199873297695,0.32874674643493407,-0.017581461079415397
9.183795000000003,0.866,-1.087,1.953,-0.4785875952121872,0.6299906045369026,485.8552012247239,1,0,5,65.791206,74.975001,0.5245963003264418,0.41554854503821137,-0.051,1.164,1.2149999999999999,0.611,0.891,0.6692397713820994,411.60344000000003,-0.09430794341675737,0.26201693590863967,-0.569,0.266,0.835,-0.133,0.5325,0.27847237366469674,71.265567,-1.5954842219804124,22.042123337480984,-39.924,53.817,93.741,-3.71,22.496000000000002,22.09979120098903,448840.30866599997,0.7916169749727964,12.75421708531674,-39.603,32.229,71.832,3.527,15.122,12.778760146995893,150069.677312,-1.2380772578890114,39.143906900565874,-63.496,92.718,156.214,-3.557,51.87,39.16348149407392,1409542.2418350002,1.0706023319202074,0.07192794642407947,0.9460369971623732,1.2324228170559,0.28638581989352674,1.0712520711765274,0.1423229200291677,1.073015835199915,1058.1025809999999,39.58816693015656,24.864689900911515,3.689860972990717,102.69429708606025,99.00443611306953,39.936168782195416,34.56792334963815,46.74907234115382,2008452.2278129999,1.6555060233308023,2.2847363656096817,10.76282173716027,131.53559131573496,183.8216697764764,906.5157910423685,0.11088752489839426,2184.722842271612,2.5977716611755577,1887.7236041409908,82.91726345040713,88.6755051807458,0.046974835185486744,0.22177504979678853,261076103.1439883,2.718722251476059,249711959.8330035,7915270.222768719,2343331.6444209972,0.009384138613096928,919,101.90563538162434,4.701097333333337,1.9535428282555383,4.482697666666667,0.5888071581009925,1.0699438435315485,0.0411834464359101,1351.3450499584844,0.35953452542417264,-865.4898487337605,1.8476666666666668,1.0570088342575745,0.10533333333333328,0.06786710801993537,1.0598349911211977,0.004060838404144104,0.4139997556055594,0.6917535797988409,-0.12761393571203267,1.0991249016710334,0.9762455784653049,-0.026109066471118325,3.688959483137546,0.6193443896198655,-1.4042231175278643,516.1966640987957,4.232345914213717,1668.5261781728163,13.03029384003743,6.805334261935395,75.64521134070837,0.03922449431994555,1.197589007175807,0.007750340865541196,31.18041624906411,0.7974457330627643,-6.3157263481525945,118.61163949467914,0.83469410360156,-19.607203381609608,78.02972804239373,0.5991187398444315,-31.28065570123991,238.08368511618733,0.7720884767011591,-54.26201533971093,152804952.2258865,1.7085578663579448,108271150.91810182,888813.3904117136,2.636472030799963,1454518.2540092836,0.02619199873297695,0.35828250932437505,-0.016807860119880023
18.881508,0.852,-1.206,2.058,-0.6873080995235573,0.5088842863361684,270.60196289638293,1,0,6,74.983356,93.864864,0.46930280571731076,0.3738102756459083,-0.824,1.153,1.9769999999999999,0.512,0.63,0.5999827044445614,680.000795,-0.09840762308099524,0.20841106778768792,-0.574,0.332,0.9059999999999999,-0.12,0.361,0.23047610170439684,100.342232,-2.8173456855479087,16.449983674653993,-40.84,61.969,102.809,-6.061,12.152,16.68949968118452,526160.92586,5.306757543673902,14.315059857826942,-47.359,60.458,107.81700000000001,2.015,14.672,15.267043405994109,440293.05852699996,-0.6952604552673374,33.50954906100686,-56.534,116.809,173.343,-9.038,22.732000000000003,33.51676096183347,2122052.098289,1.0674626135299259,0.07055273457408374,0.8006909516161651,1.4650624560065688,0.6643715043904037,1.0694737023414833,0.09771058671015664,1.0697916244016967,2161.8738319999998,30.939429162114443,26.033574523371794,1.7852915728250105,132.02888728229138,130.24359570946638,21.227644334687728,25.185541065424392,40.435074865040754,3088506.082676,1.9730582093612452,2.955884016548141,32.890471203528755,151.52623145121754,220.57518739948748,3073.9299436266183,0.10640816576267965,8880.994945873023,4.765064024206679,5333.138401508761,773.4934734535254,576.421847032005,0.10808304672308011,0.10640816576267965,1209209430.7895873,3.716952349379462,1025830288.4934309,73488768.54052691,17332165.029560212,0.016895743110699937,1889,100.50251256285094,4.701097333333337,4.016404388387323,14.180410666666663,0.5888071581009925,0.8642630625191103,-0.07992287176482404,1351.3450499584844,0.20024638629689273,-1080.7430870621015,1.8476666666666668,1.1138372662069063,0.21033333333333304,0.06786710801993537,1.0395716899804042,0.0026856265541483765,0.4139997556055594,1.6047629964684265,0.2503717487848443,1.0991249016710334,0.9733121440903925,-0.029333277269336655,3.688959483137546,0.8012785236722924,-0.7330754665894053,516.1966640987957,17.20467326383424,8364.798281774227,13.03029384003743,44.23705663632053,563.3915531919675,0.03922449431994555,2.755498089701039,0.06885855240313457,31.18041624906411,0.8349335142632633,-5.146841725692315,118.61163949467914,1.0980675779658906,11.631956214787238,78.02972804239373,0.5182008943807965,-37.594653177352974,238.08368511618733,0.9264607412413827,-17.50849771669985,152804952.2258865,7.9134178125461085,1056404478.5637008,888813.3904117136,19.500341935140582,16443351.639148498,0.02619199873297695,0.6450724449181866,-0.009296255622277014
4.840873999999985,0.624,-1.092,1.7160000000000002,-0.5299670103092783,0.5730864915060656,368.0809598597768,0,1,0,292.484455,297.325329,0.6323134020618557,0.408671421370674,-0.023,1.252,1.275,0.765,0.8119999999999998,0.7528828388747913,274.913796,-0.04827422680412371,0.09597248883973411,-0.281,0.169,0.45000000000000007,-0.056,0.157,0.10742960293898915,5.597443,-5.010995876288659,19.18543613942036,-46.0,43.115,89.11500000000001,-7.557,26.519,19.829045350998587,190697.654173,6.181694845360825,11.228408718062873,-28.366,42.168,70.53399999999999,6.824,13.862,12.817586102735214,79680.89904799999,-1.0518020618556696,64.57898205956394,-97.282,124.947,222.22899999999998,-5.481,105.786,64.58754687574691,2023202.337542,1.0877834888314049,0.06628671698354834,0.9572000835770962,1.3108810014642824,0.35368091788718625,1.0861095708997321,0.09855302181597514,1.0898012880441463,576.018421,61.649794260071964,30.46860075800317,4.510583997665934,128.88176482730208,124.37118082963615,60.44717029770707,42.592194485163716,68.76796321296563,2293580.890763,3.1386562789288734,4.2361666035092576,19.505726996803848,176.61397105089472,250.4955519616233,1655.0509496137636,0.4161161796377428,516.780956689153,4.20831981243703,323.5123201869926,61.69460859837171,18.23704179102708,0.056372016311224904,0.2080580898188714,109183874.53631139,2.2397478411583815,102372029.29887813,4978712.543365762,1473557.8750902251,0.014394145404582434,485,100.90817356215261,3.800648666666651,1.2736967848987455,1.0402253333333342,0.5726247034405659,1.0008064235696799,0.00046178806549967977,742.0556048804043,0.49602881163351553,-373.9746450206275,1.7713333333333336,0.9687617559159103,-0.055333333333333456,0.0697893400798154,0.9498113524160745,-0.00350262309626706,0.40678962661280266,0.8694442681287694,-0.053108708725616405,1.0985255627511477,0.9920581869704206,-0.008724274707001323,4.454937850530061,0.9508924111020545,-0.2187712470208032,356.07814429143303,1.4513133281543928,160.70281239771992,15.350754112340342,1.1880225326836713,2.88628767868674,0.08904553459644045,0.6330694765999371,-0.032673518285215544,30.575757727725573,0.996495361434978,-0.10715696972240352,127.43735258637241,0.9759397719407462,-3.066171756736267,84.12485165640707,0.817451226965149,-15.356888443441449,297.0018770400352,0.8434140364689443,-46.50632507841189,76025274.20537205,1.4361523279924755,33158600.330939338,1587837.869464834,0.9280279198699707,-114279.99437460885,0.05955974654099953,0.24167569245642978,-0.04516560113641709
3.8081300000000056,0.631,-1.163,1.794,-0.5295575916230366,0.5648755833753802,671.8246289815521,0,1,1,297.335481,301.143611,0.6391073298429318,0.40564812918423687,-0.011,1.245,1.256,0.791,0.83275,0.7569733045290524,218.889279,-0.09698691099476439,0.10304120223228062,-0.292,0.092,0.384,-0.11,0.17074999999999999,0.14150600786461368,7.649149000000001,-3.222052356020943,25.919580030964084,-58.504,49.969,108.473,-0.8395,40.061499999999995,26.11907828324905,260602.78764,1.9914947643979057,10.911293460342879,-22.809,32.565,55.373999999999995,1.1680000000000001,12.198250000000002,11.091545265396771,46994.547775,0.9999267015706752,75.72470778691374,-108.076,113.771,221.84699999999998,-0.7555000000000001,153.34024999999997,75.73130939592943,2190858.327118,1.0899313955928223,0.06780674355669625,0.9307394909425516,1.3288363330372932,0.3980968420947416,1.0950023942173124,0.10395592033144774,1.0920385531521681,455.553413,72.41391603007337,36.00950728283172,1.1608135078469755,119.2286495142841,118.06783600643712,80.5410529387774,58.29802436440734,80.87310955789216,2498455.662533,3.007941330520756,4.0834277742413585,20.66554152826633,187.50551108930227,265.354332566331,1187.1175942063833,0.5247671739215333,335.5791594417483,3.6359729504539926,206.8264224141086,41.28857168164774,12.352872615176576,0.05972579552648429,0.5247671739215333,94609329.24198224,1.7852338654607556,85777674.93403317,7514533.38983228,1074633.133271789,0.012528121496627522,382,100.23053021901286,3.800648666666651,1.0019684332780572,0.007481333333354545,0.5726247034405659,0.9864673495863884,-0.007749120065185688,742.0556048804043,0.9053561816041741,-70.2309758988522,1.7713333333333336,1.0127963811848153,0.02266666666666639,0.0697893400798154,0.9715915605912404,-0.0019825965231191484,0.40678962661280266,0.9786307375221184,-0.008692784518061047,1.0985255627511477,0.9940947941860531,-0.006487009598979521,4.454937850530061,0.9166071227210116,-0.37151007628870225,356.07814429143303,0.9424312185745058,-20.498984849684746,15.350754112340342,0.8047078675567558,-2.9978814971637657,0.08904553459644045,0.6707331152520325,-0.029319739069956156,30.575757727725573,1.1777143052910106,5.4337495551061465,127.43735258637241,0.9264774699172306,-9.369516579935294,84.12485165640707,0.9613462366458663,-3.25174209851491,297.0018770400352,0.8934432846080207,-31.647544473704215,76025274.20537205,1.2444457482179918,18584055.036610186,1587837.869464834,0.6767902151332222,-513204.73619304504,0.05955974654099953,0.21034541146929403,-0.04703162504437201
2.752941999999962,0.684,-1.12,1.8040000000000005,-0.4104239130434783,0.579912035440252,1186.2612257998844,0,1,2,301.150233,303.903175,0.7933369565217392,0.28908556267523805,0.118,1.215,1.097,0.876,0.4774999999999998,0.8443660279348257,196.775301,-0.12103985507246379,0.0897740029183226,-0.308,0.321,0.629,-0.134,0.10275,0.1506984343513297,6.267965,-1.5221376811594225,34.44214316502219,-61.756,64.046,125.802,-11.1145,61.33200000000001,34.47576146976728,328047.56358200003,7.260217391304348,14.515453742771465,-37.237,34.427,71.664,6.9235,18.904500000000002,16.229884593783662,72700.926484,-0.5665652173912955,95.40366914122363,-133.206,137.023,270.229,-46.565,184.7255,95.40535143142455,2512201.9785639998,1.1111901300654379,0.07527455969920163,0.8591641286739107,1.3277552485303907,0.46859111985648005,1.1179622076489253,0.088130873979956,1.1137368470571285,342.35309499999994,99.58236803880595,25.249165142341838,3.242451079044987,143.11549200208898,139.873040923044,103.16123882410648,32.14094834812272,102.7334821983634,2912950.46863,3.623862637895072,5.045219173839568,25.223600564754854,232.38366291650334,375.1557465921514,1590.1035139219857,0.7139990946482602,215.87431674339786,4.260499602365999,102.37335541097686,36.977409073391335,15.462347930817371,0.15103879195161218,0.7139990946482602,24282618.83782252,2.852279392571923,14597830.73093959,7296540.882608963,2215322.6000324883,0.15175697272178862,276,98.5318750614599,3.800648666666651,0.7243347739298078,-1.0477066666666892,0.5726247034405659,1.0127261744535978,0.00728733199968612,742.0556048804043,1.5986150067218827,444.2056209194801,1.7713333333333336,1.0184418459628801,0.032666666666666844,0.0697893400798154,1.0785966571276708,0.005485219619386236,0.40678962661280266,1.1519249206009206,0.0618014932436774,1.0985255627511477,1.013846991534194,0.015211284305980843,4.454937850530061,1.1325004594428336,0.5902813233095072,356.07814429143303,0.60625545318685,-140.20382754803518,15.350754112340342,1.0072695978052715,0.11159381847702932,0.08904553459644045,1.6961970712417866,0.061993257355171735,30.575757727725573,0.825790332292842,-5.326592585383736,127.43735258637241,1.0975827579066137,12.435688336671575,84.12485165640707,1.2212025360323717,18.60863054195633,297.0018770400352,1.2631426788220257,78.15386955211619,76025274.20537205,0.31940192378953197,-51742655.36754953,1587837.869464834,1.3951818649967886,627484.7305676544,0.05955974654099953,2.5479783923784627,0.0921972261807891
5.6023009999999545,0.746,-1.137,1.883,-0.6830926916221034,0.5191223623182564,705.3466002014928,0,1,3,303.91581,309.518111,0.414536541889483,0.44781834293889017,-0.245,1.261,1.5059999999999998,0.259,0.873,0.6102309504066674,208.906197,-0.06639215686274509,0.14126072104811804,-0.375,0.209,0.584,-0.044,0.265,0.1560849441936075,13.667368,-3.716256684491979,26.558362152088613,-63.74,61.618,125.358,-4.168,43.619,26.817105808541758,403447.168974,1.0389197860962567,16.385434683498154,-36.916,39.053,75.969,1.053,21.603,16.418338042844855,151224.18331400002,-0.4411105169340459,66.17361455667816,-132.427,119.908,252.33499999999998,-0.015,105.374,66.17508475237457,2456698.573353,1.061524153998741,0.07755285630987523,0.838433658675509,1.3101828116717147,0.4717491529962057,1.0559417597576108,0.12631321113496286,1.0643533130706944,635.5277140000001,60.77372987388378,40.919611279138685,2.5480315932107276,140.73262337851875,138.18459178530802,62.337940341336264,79.71256664188803,73.26568657986908,3011369.9256410003,2.982116888924754,4.180952777883235,16.9891837199736,211.6405309189507,300.1145963469747,1573.2172713572756,0.18002637926564832,946.43615453638,3.940110939727133,670.3118232438981,85.79724847906442,32.6703357040004,0.04873901156242273,0.18002637926564832,263486716.65472132,1.688701570148746,241555048.3701255,19347770.03343304,1832632.9368117175,0.007586812816280472,561,100.99479876802872,3.800648666666651,1.4740381120712893,1.8016523333333034,0.5726247034405659,0.9065664651446051,-0.05350234112230956,742.0556048804043,0.9505306550520117,-36.70900467891147,1.7713333333333336,1.0630410177095915,0.11166666666666636,0.0697893400798154,1.1112419906644926,0.00776351623005983,0.40678962661280266,1.1596882283538454,0.06495952638340302,1.0985255627511477,0.9688926134010042,-0.03417224968045329,4.454937850530061,0.9384985624436462,-0.27398507264682603,356.07814429143303,2.657945087848996,590.3580102449469,15.350754112340342,2.1282560741725667,17.31958159166006,0.08904553459644045,0.5473492445165083,-0.040306523034017716,30.575757727725573,1.338302443070788,10.343853551413112,127.43735258637241,1.0843335095242832,10.747239198935603,84.12485165640707,0.870916086371249,-10.859165076537991,297.0018770400352,1.0104804701164063,3.112719306939482,76025274.20537205,3.4657779193659644,187461442.44934928,1587837.869464834,1.1541688053008698,244795.06734688347,0.05955974654099953,0.12738152834889258,-0.051972933724719055
2.9132189999999696,0.803,-1.12,1.923,-0.3977191780821917,0.5890478007343797,1332.3183429100677,0,1,4,309.524538,312.437757,0.7683904109589041,0.2983373876911033,0.047,1.276,1.229,0.801,0.4475,0.8242748452718579,198.39327400000002,-0.19019520547945204,0.12227414002755581,-0.452,0.069,0.521,-0.1915,0.19799999999999998,0.22610878246288735,14.928553,-6.176321917808222,36.500936192241255,-63.389,64.229,127.618,-12.725,62.5265,37.01979599271808,400175.86624,9.656955479452053,13.545680189743608,-22.519,38.427,60.946,10.9695,14.797999999999998,16.635571554200702,80808.734353,1.9654486301369865,92.62003433379809,-130.061,126.153,256.214,-56.061,173.828,92.6408859430416,2506041.454507,1.108652067691399,0.08125669832551607,0.8413138534459065,1.3598716851232693,0.5185578316773628,1.1128364107903355,0.09341304444548126,1.1116258625181308,360.827921,98.13093835219689,24.492044069582565,19.553577319764276,142.46742075997585,122.91384344021158,93.47374827704574,34.694386478465304,101.1411947951429,2987026.0551,3.8463033084512572,5.1630241304054545,20.373150085680262,265.27672991727593,384.3780405802708,2186.360823339797,0.6690090904945225,281.67309192820824,4.002266935249925,132.66406882812493,59.37511266751422,8.501145598681662,0.06408024171981831,1.338018180989045,25573469.716140255,2.960933900534725,7451990.401269207,17026589.178849407,832404.2338928841,0.11170226866517564,292,97.67532721220029,3.800648666666651,0.7665057330568635,-0.8874296666666814,0.5726247034405659,1.0286803676270573,0.01642309729381375,742.0556048804043,1.7954427324982478,590.2627380296634,1.7713333333333336,1.0856228768218503,0.1516666666666664,0.0697893400798154,1.1643137274180935,0.011467358245700679,0.40678962661280266,1.2747567415807723,0.11176820506456014,1.0985255627511477,1.011925338919671,0.013100299766983126,4.454937850530061,1.1589441406464744,0.7080862798753937,356.07814429143303,0.7910429113272444,-74.4050523632248,15.350754112340342,0.5537933531428093,-6.84960851365868,0.08904553459644045,0.7196344523494541,-0.024965292876622136,30.575757727725573,0.801028196248537,-6.083713658143008,127.43735258637241,0.9645040558046747,-4.523509146160833,84.12485165640707,1.2022748663642617,17.01634313873582,297.0018770400352,1.2941939774862619,87.37616354023561,76025274.20537205,0.3363811572327508,-50451804.489231795,1587837.869464834,0.5242375496267973,-755433.6355719499,0.05955974654099953,1.8754655014125594,0.05214252212417612
4.052683999999999,0.761,-1.164,1.925,-0.5525837438423645,0.5634448597529689,1167.5611095396637,0,1,5,312.443553,316.496237,0.5818004926108374,0.4280181871967427,-0.092,1.207,1.2990000000000002,0.721,0.871,0.7222820652441808,211.806701,-0.13842118226600986,0.14078013618202617,-0.38,0.097,0.477,-0.1615,0.2585,0.19743219201373863,15.825665,-4.457724137931035,34.16959334758995,-66.611,78.458,145.06900000000002,-12.533999999999999,50.710499999999996,34.459141225944045,482097.56009600003,4.496273399014778,11.099593001309152,-20.382,34.29,54.672,4.4045,15.019,11.975702036765904,58227.480345,-0.17798522167488062,75.37676487695033,-95.588,129.221,224.809,-5.71,157.809,75.37697501262694,2306765.4749939996,1.0853553653671504,0.07411806140459547,0.9199293451129821,1.271319786678395,0.3513904415654129,1.0910529086709397,0.12264824889005821,1.0878831537245328,480.496841,74.99485071026719,37.26004002013258,3.974684389986203,134.5330813517627,130.55839696177648,81.4658891772992,52.61178136648423,83.7408992987127,2847090.515435,3.213862149054038,4.382126062878735,18.800530014493145,228.0224474382326,326.82905767972517,1718.1090886852928,0.5088429268034278,453.15688308036476,3.623172588040192,318.0626399645396,26.932641271863982,11.890476138204887,0.037384070443346316,0.2544214634017139,114422187.1570104,2.1727875913738677,96788284.94511445,14966059.58259672,2251542.700144878,0.023262553948772375,406,103.29511414109585,3.800648666666651,1.066313765037182,0.25203533333334827,0.5726247034405659,0.983968813304545,-0.009179843687597056,742.0556048804043,1.5734145822025065,425.5055046592594,1.7713333333333336,1.0867519697774632,0.1536666666666664,0.0697893400798154,1.0620253852461656,0.0043287213247800715,0.40678962661280266,0.8638136519192579,-0.055399185047389776,1.0985255627511477,0.9903120880472888,-0.01064240902661484,4.454937850530061,0.9836559341721856,-0.07281178765132612,356.07814429143303,1.2726332416986286,97.07873878893173,15.350754112340342,0.7745857984201815,-3.4602779741354546,0.08904553459644045,0.4198308923009353,-0.05166146415309413,30.575757727725573,1.2186137900405873,6.684282292407005,127.43735258637241,1.0244908129509662,3.121044375404068,84.12485165640707,0.9954359222026696,-0.3839523576943691,297.0018770400352,1.1004275829026664,29.82718063968997,76025274.20537205,1.505054580242805,38396912.951638356,1587837.869464834,1.4179928212089599,663704.8306800441,0.05955974654099953,0.39057503421389883,-0.03629719259222715
4.604408999999976,0.707,-1.122,1.829,-0.529175704989154,0.5325390512864858,908.8204435483648,0,1,6,316.505625,321.110034,0.5921691973969632,0.48434250175657273,-0.182,1.316,1.498,0.782,0.949,0.7650176581972334,269.80118,-0.10250976138828632,0.14067806978712782,-0.324,0.167,0.491,-0.155,0.23399999999999999,0.17406484567228214,13.967641,-4.26425596529284,30.146648960512422,-59.191,72.901,132.09199999999998,-10.885,51.358000000000004,30.446745679725776,427348.992666,3.462088937093276,14.933636014681362,-24.901,49.878,74.779,1.374,17.771,15.329694857606654,108334.78998100001,-1.8375900216919718,68.39643739712864,-86.427,131.557,217.98399999999998,-23.221,110.32,68.42111798054135,2158148.166811,1.0828282485480931,0.0815986513040625,0.8872598266573326,1.328621842361475,0.44136201570414246,1.0858904180441042,0.12655423403847244,1.0858984094971191,543.599839,67.31380657453714,36.225746328629185,6.759082260188879,136.9017307450859,130.14264848489702,67.40939588069307,45.87106009453869,76.44248329705407,2693831.9494580003,3.1822775158436407,4.467334175952713,17.24784616982342,199.94759694003795,272.924061293596,867.2195520205128,0.21333569993691368,707.5185263746042,3.895323728286205,497.4301940796878,55.727184493910904,18.73264572468411,0.037658843285469264,0.42667139987382735,139446153.26260197,2.1091413750657586,125531249.40205684,12375360.894328944,1015878.1782203714,0.008092631779411939,461,98.3477576709172,3.800648666666651,1.2114797740364314,0.8037603333333254,0.5726247034405659,0.9299966256900982,-0.04008565215408011,742.0556048804043,1.2247336150538075,166.76483866796048,1.7713333333333336,1.0325555079080417,0.05766666666666631,0.0697893400798154,1.1692135148234117,0.01180931122424711,0.40678962661280266,1.084988347734746,0.034572389091339806,1.0985255627511477,0.9885053533870813,-0.012627153254028523,4.454937850530061,1.002782601196861,0.012396325422652232,356.07814429143303,1.9869754369862818,351.4403820831712,15.350754112340342,1.220307847770294,3.38189161234377,0.08904553459644045,0.4229166485099431,-0.051386691310971185,30.575757727725573,1.1847865436195693,5.649988600903612,127.43735258637241,1.02122843760803,2.7052958985246107,84.12485165640707,0.9086789668311446,-7.682368359353006,297.0018770400352,0.9189304256404317,-24.07781574643917,76025274.20537205,1.8342078304894622,63420879.05722992,1587837.869464834,0.6397870952421341,-571959.6912444626,0.05955974654099953,0.13587415814638468,-0.051467114761587586
5.210356999999988,0.744,-1.159,1.903,-0.5392509578544061,0.5000483235738764,1040.691447066606,1,1,7,321.118172,326.328529,0.6413524904214559,0.43795314822671444,-0.176,1.254,1.43,0.835,0.78575,0.7766182955683534,314.83698,-0.17985057471264365,0.16596012506833238,-0.528,0.163,0.6910000000000001,-0.221,0.24875,0.24472227593164614,31.262054,-3.8619789272030642,32.25974964358226,-60.015,91.847,151.862,-12.618,32.94675,32.49009584936256,551026.5033730001,2.988536398467433,10.8891863319907,-25.878,31.802,57.68,4.5645,14.5655,11.291843462330576,66557.990422,0.7500498084291167,62.732812053251926,-71.71,134.168,205.878,-25.8245,75.244,62.73729578826102,2054575.443634,1.0948032722009189,0.07259949023759303,0.9368463054311523,1.3042150896228735,0.36736878419172114,1.097441309195669,0.10326359838908461,1.0972077701167622,628.417473,60.8138394955963,37.692933896237776,6.640969055792987,141.24000337015005,134.59903431435706,51.42253087187993,45.75321628088146,71.54774867109585,2672159.9374289997,3.0366074789345356,4.060348688189698,14.866973507797542,212.03895983168883,296.41840750602444,1774.5920631693382,0.19057986592268114,718.1667665445257,3.76181672136116,523.4016312788141,38.9175487612078,23.4925690923753,0.04488440174427361,0.19057986592268114,193568808.87599313,2.3943460171738606,172297939.44401443,19462284.01162583,1221936.6772541415,0.007091998204953525,522,99.48269001163955,3.800648666666651,1.3709125581609185,1.4097083333333367,0.5726247034405659,0.8732566231194937,-0.07257637986668952,742.0556048804043,1.4024440219952357,298.6358421862018,1.7713333333333336,1.074331947265721,0.13166666666666638,0.0697893400798154,1.0402660313438052,0.0028101501577776355,0.40678962661280266,0.9030927809535036,-0.039420842421081514,1.0985255627511477,0.998800389661312,-0.001317792634385473,4.454937850530061,0.9114265597649855,-0.39458916234036234,356.07814429143303,2.0168796598102117,362.08862225309264,15.350754112340342,1.5303853416677404,8.14181498003496,0.08904553459644045,0.5040611739497166,-0.044161132852166836,30.575757727725573,1.2327718651999504,7.117176168512202,127.43735258637241,1.0561976655358463,7.161681727984643,84.12485165640707,0.8504947973616037,-12.577102985311228,297.0018770400352,0.9980354684966773,-0.5834695340107601,76025274.20537205,2.5461112886366317,117543534.67062108,1587837.869464834,0.7695601048147165,-365901.19221069245,0.05955974654099953,0.11907366008240079,-0.052467748336046005
6.0877720000000295,0.836,-1.2,2.036,-0.5047131147540983,0.5382997135716142,1194.6163713784897,1,1,8,326.335875,332.423647,0.5838704918032785,0.47704108282519736,-0.237,1.269,1.5059999999999998,0.8015000000000001,0.9222499999999999,0.7539714489963392,346.76849699999997,-0.18709508196721314,0.2044590803793841,-0.533,0.225,0.758,-0.246,0.33325000000000005,0.27714271638616383,46.852931999999996,-4.165177049180327,34.56322281527707,-60.687,92.58,153.267,-13.748000000000001,25.797250000000002,34.813288716085246,739298.69345,2.1812147540983604,12.677026203544589,-31.939,30.412,62.351,2.8705,18.942500000000003,12.863307940372588,100933.46161299999,-1.7873377049180341,60.82499331695209,-71.679,154.107,225.786,-20.985,37.00424999999999,60.85124804043618,2258753.376728,1.0873284450000968,0.086601349165461,0.9263023264571886,1.310108392462242,0.3838060660050535,1.0912082522107331,0.1389211021422605,1.0907717180893564,725.7675939999999,56.126743299316125,43.93282186577277,1.60438804533068,174.2826805996511,172.6782925543204,40.93426148606774,41.218799076140314,71.27625235993436,3098985.5317909997,3.0336833045768503,4.259205442915092,22.95872987666276,215.95611361963378,297.9381937606093,1714.8644255754914,0.16200654830417785,1396.0840580400666,3.69080445122577,1080.0628945620838,76.5129494682023,38.06661073147771,0.03524480928174052,0.16200654830417785,359093863.4247216,2.489305836910954,345456270.69471925,11388834.999151126,1531029.5458829198,0.004431905499367517,610,98.82399446554848,3.800648666666651,1.6017718336805848,2.2871233333333785,0.5726247034405659,0.9400567263981449,-0.034324989868951716,742.0556048804043,1.609874466961172,452.5607664980854,1.7713333333333336,1.149416628813982,0.2646666666666664,0.0697893400798154,1.2408963411526024,0.016812009085645604,0.40678962661280266,0.943500107822005,-0.022983560607749143,1.0985255627511477,0.9929415801924643,-0.007753844661791298,4.454937850530061,0.9560639398926026,-0.1957324076149689,356.07814429143303,3.9207238084745546,1040.0059137486335,15.350754112340342,2.479787665680763,22.71585661913737,0.08904553459644045,0.3958065441844624,-0.053800725314699926,30.575757727725573,1.436851450833113,13.3570641380472,127.43735258637241,1.3550053342777604,45.24093996794798,84.12485165640707,0.847267495253089,-12.848599296472713,297.0018770400352,1.0031525615927888,0.9363167205740979,76025274.20537205,4.723348480857534,283068589.21934956,1587837.869464834,0.9642228437333652,-56808.323581914185,0.05955974654099953,0.07441107480546362,-0.05512784104163201
8.76335899999998,1.191,-1.312,2.503,-0.4972143671607754,0.5465792697993846,892.5492710734766,1,1,9,332.432004,341.195363,0.6452405929304447,0.4182185440088689,-0.253,1.194,1.447,0.775,0.637,0.7689227355971014,518.519386,-0.20381984036488027,0.17521969768546874,-0.598,0.297,0.895,-0.265,0.23,0.26878331381124154,63.3584,-2.216042189281642,29.875563108893473,-92.733,120.015,212.748,-6.58,17.923,29.957638659583186,787072.5200290001,2.889404789053592,12.946181306424455,-34.092,69.542,103.634,1.908,13.848,13.264700164489954,154310.14118799998,0.696218928164197,60.146277116965,-104.046,189.389,293.435,-13.069,41.313,60.15030649819403,3173038.069092001,1.0965241534297392,0.08421667965548763,0.8731025140268467,1.3545024916920603,0.4813999776652136,1.1051434296054063,0.12520660549998208,1.0997534579109087,1060.6943749999998,48.49543392901002,48.37008005343468,1.360002205880564,220.65409493141067,219.2940927255301,31.124102862572602,39.99453054055198,68.4943191537711,4114420.730309,2.8684211661823853,4.276573325552153,30.394702152225967,233.5308624183727,352.2244550147313,3306.242323502698,0.11379181230331455,2727.504154298012,4.62266880987287,1876.9443153112622,312.7957335256398,144.6108276649766,0.07704588062870937,0.11379181230331455,899751964.1320108,2.8399288549421384,818380190.786965,69445014.05915296,9190330.67800504,0.011229903633380346,877,99.79541939000686,3.800648666666651,2.3057535030272414,4.9627103333333284,0.5726247034405659,0.9545156836059527,-0.02604543364118128,742.0556048804043,1.2028064543832924,150.49366619307227,1.7713333333333336,1.4130598339496057,0.7316666666666665,0.0697893400798154,1.2067268080183045,0.01442733957567223,0.40678962661280266,1.1834125905312278,0.07461035105241093,1.0985255627511477,1.001117757465296,0.001227895159761072,4.454937850530061,0.9599625088919456,-0.17836452497790756,356.07814429143303,7.659847137343765,2371.426010006579,15.350754112340342,9.42043801317362,129.26007355263624,0.08904553459644045,0.8652412759996669,-0.011999653967731075,30.575757727725573,1.5819748595716328,17.794322325709103,127.43735258637241,1.7207991868764894,91.8567401391577,84.12485165640707,0.814198394374375,-15.630532502635972,297.0018770400352,1.1859334308361724,55.222577974696094,76025274.20537205,11.834905872242588,823726689.9266387,1587837.869464834,5.787952822351124,7602492.8085402055,0.05955974654099953,0.18854851472822837,-0.04832984290761918
4.134031999999991,0.519,-1.169,1.6880000000000002,-0.626828502415459,0.4914959881193037,1242.0449749197414,0,2,0,506.924031,511.058063,0.5290845410628019,0.4841276432702563,-0.281,1.229,1.5100000000000002,0.6465000000000001,0.9652499999999999,0.7171541163306868,212.924351,-0.058613526570048306,0.12509237325279832,-0.339,0.213,0.552,-0.062,0.22075,0.1381435751057398,7.9006300000000005,-4.858178743961351,35.24265845420492,-74.947,95.084,170.031,-11.145,34.95425,35.57593112805369,523977.80650999997,6.788357487922705,10.559208988441055,-18.046,43.084,61.13,5.8245000000000005,11.552999999999999,12.553035164668767,65237.57842399999,-2.5076425120773007,73.95219607834105,-118.275,128.336,246.61100000000002,-19.4195,128.85525,73.99469964651372,2266739.248372,1.0780393897991432,0.07554485907268854,0.882558779912137,1.2724004872680614,0.3898417073559244,1.0765957809580504,0.10508739643885634,1.0806830949407977,483.50064399999997,76.18036147224856,33.09068855748932,3.4990761637895225,134.5790032248716,131.0799270610821,75.38568941624304,45.0573819225485,83.05685488417683,2855954.6333060004,3.6084097288374988,5.009687024106168,20.78286533685551,261.60253528024737,373.27220431470647,2171.9485348747967,0.23960509247046596,489.0913063105011,4.689308711308905,261.6890504345435,72.43055004459535,33.91343627142641,0.12959440302838832,0.23960509247046596,93839965.92457694,2.5983983631518424,75447656.05914496,15908309.390478699,1936599.3903133299,0.025668118686088665,414,99.19650828277291,3.764793999999957,1.0980765452291075,0.3692380000000335,0.5125045348538088,0.9590080576934243,-0.021008546734505085,1387.781990380381,0.8949856559028815,-145.73701546063967,1.7249999999999999,0.9785507189649236,-0.0369999999999997,0.07611442412584478,0.9925168588626105,-0.0005695650531562374,0.4856434811291504,0.8027322809362046,-0.09580177377322602,1.085184079058163,0.9958523220504719,-0.004500984117365325,5.34731934560821,0.9368595161334554,-0.33763232150204203,417.1786230223244,1.1723786390478705,71.91268328817671,24.240634035391533,1.3990325586336636,9.67280223603488,0.120583326380021,1.074728954421768,0.009011076648367311,30.85877522710319,1.0723266981024762,2.2319133303861314,134.30006909117756,0.9760227819565043,-3.2201420300954737,93.01394780826358,0.8929505394874591,-9.957092924086751,424.50562734368697,0.8793103795623087,-51.233423028980496,80262927.81976937,1.1691570252121233,13577038.10480757,1644750.3442328402,1.1774427633371949,291849.04608048964,0.06566319307146952,0.3909056744939906,-0.03999507438538086
2.112938999999983,0.516,-1.192,1.708,-0.4273396226415094,0.5363652899648735,2214.547315140976,0,2,1,511.061428,513.174367,0.7887358490566038,0.291769529811058,-0.001,1.218,1.2189999999999999,0.8835,0.4355,0.8409718771238474,149.93354399999998,-0.1766745283018868,0.09589820031101057,-0.357,0.128,0.485,-0.187,0.1425,0.2010232667468741,8.566994999999999,-4.397830188679242,47.05897698782854,-97.16,64.794,161.954,-26.206,84.77824999999999,47.264026759359325,473584.303808,7.394537735849057,16.921828205445586,-33.45,41.802,75.25200000000001,8.519,29.740000000000002,18.466928768517775,72297.821126,-7.962028301886779,106.27725711863087,-154.366,134.534,288.9,-34.5345,217.83974999999998,106.57508749862522,2407948.846372,1.1003943031744448,0.08416238344124492,0.6817103490486264,1.3532516395704088,0.6715412905217825,1.1196611094425872,0.08733835387217348,1.1036081411648262,258.205597,114.75540299546776,27.647105496567903,11.869819964936283,171.38117496679735,159.51135500186106,120.442607723994,32.77045713702752,118.03882818374032,2953830.9713060004,4.7904923311707766,6.823339265209471,33.11259653850502,360.45990670433866,562.3646735357348,2522.6459689205394,0.4781047164079801,159.2340574920057,4.485027068958227,51.30789038831594,42.080692582567345,7.53592670105619,0.14687656503810453,0.9562094328159602,17177179.218008354,2.630336618927867,9767885.695444016,5575496.586496244,1539480.1350939497,0.157606280734018,212,101.35819987849177,3.764793999999957,0.5612362839474468,-1.651854999999974,0.5125045348538088,1.046557138567173,0.02386075511106478,1387.781990380381,1.595745823533873,826.7653247605949,1.7249999999999999,0.9901449217962615,-0.016999999999999904,0.07611442412584478,1.105734863667172,0.008047959315400144,0.4856434811291504,1.3827865559577632,0.18589780939263206,1.085184079058163,1.0169778126056506,0.01842406210666314,5.34731934560821,1.276029878045946,1.4760199196012609,417.1786230223244,0.3816927538966149,-257.94456553031876,24.240634035391533,0.31087993354236826,-16.704707334335342,0.120583326380021,1.2180502667070006,0.02629323865808353,30.85877522710319,0.895923616026286,-3.211669730535288,134.30006909117756,1.1877235512193973,25.2112859106835,93.01394780826358,1.2690443847665933,25.02488037547674,424.50562734368697,1.3247519874858744,137.85904619204786,80262927.81976937,0.21401137093553024,-63085748.60176101,1644750.3442328402,0.9359962382692183,-105270.2091388905,0.06566319307146952,2.400222245668937,0.09194308766254848
5.047410999999897,0.583,-1.196,1.779,-0.6671264822134388,0.5096523264772491,706.7536810804262,0,2,2,513.185992,518.233403,0.42169762845849806,0.49592640331429944,-0.247,1.229,1.476,0.314,1.0225,0.650977639671117,214.428575,-0.0695494071146245,0.11911292068932976,-0.321,0.163,0.484,-0.075,0.21200000000000002,0.13793117089743834,9.626654,-4.02782608695652,26.584839308907366,-51.038,50.26,101.298,-9.9695,49.530249999999995,26.888232817855354,365826.394418,1.9818537549407118,13.949780911987341,-30.427,38.214,68.64099999999999,2.542,19.73675,14.089859183058536,100453.21069,2.971944664031621,71.73053926625512,-110.336,103.634,213.97,-1.786,145.24875,71.79207977565376,2607975.975568,1.0690599739096165,0.06863602986360084,0.9006014656883476,1.2961489111980922,0.3955474455097445,1.0708823414171502,0.10777144831703622,1.0712610010688652,580.685667,71.1471139133549,31.838531627252348,4.309578865736187,116.61850407632572,112.30892521058954,78.16466437220785,49.6972167338823,77.94616035687356,3074255.580676,3.0348680670040817,4.208931747508992,18.150073062775427,205.81848904801797,337.8800041806196,3795.8095684117025,0.20049554478827786,603.2105052644664,4.304127299639177,366.7085105602408,80.80680838745522,31.272539133691993,0.08527901107357018,0.20049554478827786,129771638.3167228,2.4433683586394026,106318074.51019008,21381224.554342285,1458171.5072912404,0.013715179794301873,506,101.4507456628686,3.764793999999957,1.3406871628548822,1.2826169999999402,0.5125045348538088,0.9944347452033362,-0.0028522083765596395,1387.781990380381,0.5092685205416287,-681.0283092999549,1.7249999999999999,1.0313043418475112,0.05400000000000005,0.07611442412584478,0.9017478833268416,-0.007478394262243934,0.4856434811291504,0.8144811013323228,-0.09009603561940588,1.085184079058163,0.9871698376987985,-0.013923077989297816,5.34731934560821,0.7871106002103111,-1.138387598099218,417.1786230223244,1.4459286069836028,186.031882242142,24.240634035391533,1.2900875065863764,7.031905098300459,0.120583326380021,0.7072205300806368,-0.035304315306450826,30.85877522710319,1.0317496848990668,0.9797564001491565,134.30006909117756,0.836253666600718,-21.991143880588027,93.01394780826358,0.8380050754234151,-15.067787451390018,424.50562734368697,0.7959376328811463,-86.62562316306736,80262927.81976937,1.6168316038523458,49508710.49695343,1644750.3442328402,0.8865609983935681,-186578.83694159985,0.06566319307146952,0.20887162296018244,-0.051948013277167644
2.4705340000000438,0.5,-1.167,1.667,-0.4164233870967742,0.5103657075282249,1837.52361099322,0,2,3,518.243443,520.713977,0.810108870967742,0.29224230487733227,-0.063,1.217,1.28,0.918,0.4224999999999999,0.8612095840041756,183.93712299999999,-0.22051209677419353,0.08998100076588027,-0.409,0.029,0.438,-0.237,0.12599999999999997,0.2381641562506429,14.067097,-0.3700524193548393,42.86634590203859,-70.214,65.405,135.619,-27.450499999999998,83.59125,42.867943148538046,455739.81634699996,6.656056451612904,18.137797556440695,-30.382,42.137,72.519,1.2974999999999999,31.75975,19.320527624407255,92574.131346,-6.138907258064511,87.06262512176052,-107.435,119.893,227.328,-56.16,179.99925000000002,87.27878823296828,1889161.545103,1.1084156069435573,0.06083212908575902,0.934096890049421,1.2603535218342512,0.3262566317848302,1.1037791831232968,0.07694384188526815,1.1100836480397147,305.606855,96.87224399810752,21.078390727430307,8.13600325712816,127.16161755419753,119.02561429706938,100.0346338398167,24.473933004909725,99.1389439770623,2437475.492796,3.9862423418943593,5.236005972217791,19.467737803526436,255.16212882227407,377.80904861120615,2652.5704616912903,0.7901740279336747,114.05706216419875,5.14582780712562,25.696161508763826,26.309388780045268,6.571637120764672,0.2557439217513455,0.7901740279336747,13663718.581280328,2.7829575561912443,7518392.938925443,4978901.272994973,959917.2019393147,0.12767584904607399,248,97.98157946377567,3.764793999999957,0.6562202323521206,-1.2942599999999134,0.5125045348538088,0.9958266958858013,-0.002138827325583903,1387.781990380381,1.324072241690013,449.7416206128389,1.7249999999999999,0.9663768059920187,-0.05799999999999983,0.07611442412584478,0.7992193568066398,-0.015282295040085762,0.4856434811291504,0.6718027477857551,-0.15938684934432018,1.085184079058163,1.0229450092685768,0.024899568981551656,5.34731934560821,0.97918332981671,-0.11131337339041902,417.1786230223244,0.27340102264866345,-303.1215608581257,24.240634035391533,0.2711000507849351,-17.66899691462686,0.120583326380021,2.120889414979886,0.13516059537132452,30.85877522710319,0.6830598611083762,-9.780384499672884,134.30006909117756,0.8862662178334333,-15.27445479410818,93.01394780826358,1.0658502977506785,6.124996168798717,424.50562734368697,0.8899977391734917,-46.696578732480816,80262927.81976937,0.17023698178519284,-66599209.23848904,1644750.3442328402,0.5836248676312285,-684833.1422935255,0.06566319307146952,1.9444048275730368,0.062012655974604466
3.833384000000024,0.393,-1.153,1.546,-0.6547506493506494,0.4464782947628961,1253.0371698674312,0,2,4,520.732159,524.565543,0.5155142857142857,0.4802263864714754,-0.269,1.266,1.5350000000000001,0.58,0.949,0.7045369834429992,191.10335899999998,-0.13636623376623377,0.16317950725233296,-0.413,0.175,0.588,-0.168,0.29000000000000004,0.21265770923881716,17.410971,-3.5609480519480505,35.39826506860797,-66.809,67.786,134.595,-10.153,63.084,35.57692399429866,487301.24554499995,6.575402597402597,13.569536049892932,-19.328,42.0,61.328,3.313,20.855,15.078734294604196,87536.76775199999,3.0414467532467517,69.25599393436481,-82.84,113.603,196.44299999999998,-13.267,142.54899999999998,69.32274586446796,1850172.591263,1.0791718273050555,0.0708880103276311,0.8486300725286607,1.2830483233300296,0.43441825080136887,1.09017934304407,0.09810814360720621,1.0814975463944163,450.31022299999995,74.39127898330047,27.652603028318016,5.677375273839136,116.81584324910726,111.13846797526813,82.97135372524664,35.63179559858797,79.36453139162977,2425010.60456,3.4903686977583877,4.931334389658246,23.557887698568074,221.193115448344,303.84481862574603,1391.1837346054585,0.2625628099477733,372.4234654834884,4.4030344702332735,206.39665999612205,23.602253342093487,24.725098949607865,0.11979408459843525,0.5251256198955466,56671342.58999117,1.8090229884651463,49071315.5464393,6485000.166281253,785595.9340431168,0.016009269881906006,385,101.08668182989274,3.764793999999957,1.01821878961183,0.06859000000006699,0.5125045348538088,0.8711694349759442,-0.06602624009091268,1387.781990380381,0.9029063487954284,-134.7448205129499,1.7249999999999999,0.8962318788624241,-0.17899999999999983,0.07611442412584478,0.9313346560578445,-0.005226413798213675,0.4856434811291504,0.8945208959587212,-0.051225230327781535,1.085184079058163,0.9966028412129169,-0.0036865326637467444,5.34731934560821,0.9222068220941987,-0.41598495594996443,417.1786230223244,0.8927194370039229,-44.75515753883599,24.240634035391533,1.0199856531520237,0.484464914216332,0.120583326380021,0.9934547193229221,-0.0007892417815857505,30.85877522710319,0.8961017673530277,-3.2061721987851755,134.30006909117756,0.8275384273372175,-23.161601115909434,93.01394780826358,0.8532540898779731,-13.649416416633812,424.50562734368697,0.7157615801700327,-120.66080871794094,80262927.81976937,0.7060712103257287,-23591585.2297782,1644750.3442328402,0.47763840682431163,-859154.4101897235,0.06566319307146952,0.24380884777248996,-0.04965392318956351
5.795058999999924,0.67,-1.229,1.899,-0.6490034423407918,0.4676154362310716,975.368565906802,0,2,5,524.577926,530.372985,0.4335697074010327,0.5365550059413993,-0.266,1.241,1.5070000000000001,0.383,1.14,0.6898361874942428,276.482774,-0.07339070567986232,0.16480811514895508,-0.399,0.214,0.613,-0.082,0.313,0.18041039465379874,18.910336,-4.412691910499138,31.23089121217648,-61.191,78.901,140.09199999999998,-12.534,40.351,31.54109091017282,578002.281582,2.6826592082616174,10.913292604154597,-23.115,31.771,54.885999999999996,1.466,13.831999999999999,11.23817671562279,73378.333833,0.3119345955249576,62.36250975196322,-91.71,125.359,217.069,-16.504,97.069,62.36328988880873,2259613.536864,1.0682673107488916,0.08424068632694896,0.9194454850615125,1.301956604499551,0.3825111194380385,1.0665556713083475,0.13146307735156193,1.0715836600319661,667.157385,61.59081296409064,34.88393205866207,2.00620088724933,138.31531392438075,136.30911303713143,58.63876044051409,56.22130532111133,70.78359243109202,2910994.1522790003,2.888107653720512,4.021713387216789,16.669959467146146,217.33214078515283,327.0991159000448,2067.48662975046,0.172297952437658,1197.7496760845763,3.5769233814772594,867.0182775370407,102.18143868038976,64.58869082561354,0.0744951894305472,0.344595904875316,205387085.90946212,2.7178331214320637,181280334.36926728,20864114.457994364,2393074.340294731,0.013200959434574125,581,100.10511036627929,3.764793999999957,1.5392765140953861,2.0302649999999667,0.5125045348538088,0.9124122720988909,-0.044889098622737156,1387.781990380381,0.7028254961230851,-412.4134244735791,1.7249999999999999,1.1008695588355388,0.17400000000000015,0.07611442412584478,1.1067636157902527,0.008126262201104184,0.4856434811291504,0.7876376939566864,-0.1031323616911119,1.085184079058163,0.9874671687842376,-0.013600419026196908,5.34731934560821,0.7520989714217948,-1.3256059583914208,417.1786230223244,2.8710715505472355,780.5710530622518,24.240634035391533,2.664480256773346,40.348056790222,0.120583326380021,0.6177900833310334,-0.04608813694947381,30.85877522710319,1.1304379966680989,4.025156831558878,134.30006909117756,1.014959366360715,2.009043945953863,93.01394780826358,0.7609997649964648,-22.230355377171563,424.50562734368697,0.7705412951511109,-97.40651144364216,80262927.81976937,2.558928405535609,125124158.08969276,1644750.3442328402,1.4549772545637716,748323.9960618906,0.06566319307146952,0.20104044300436977,-0.052462233636895395
3.296934999999962,0.632,-1.166,1.798,-0.439987915407855,0.4562192652451788,1411.806812732359,0,2,6,530.385662,533.682597,0.8482688821752267,0.2894115765357175,0.068,1.248,1.18,0.952,0.33499999999999996,0.8962807356513348,265.898641,-0.19524471299093657,0.0928250340336411,-0.458,0.086,0.544,-0.198,0.1,0.2161873837536775,15.469942,-1.3966767371601227,37.57401778799226,-71.664,82.107,153.77100000000002,-9.466,60.4425,37.59996700318344,467953.73867,6.72843504531722,13.269270328674766,-17.985,40.931,58.916,5.13,19.4045,14.877680370760139,73265.318534,-3.275456193353473,76.01697093806445,-100.702,122.473,223.175,-24.595,172.351,76.08750543862712,1916261.1081619998,1.116276837498568,0.07554831397161603,0.9378832549949913,1.3102385279024578,0.3723552729074665,1.1133561873901812,0.09558060615442354,1.1188304275804077,414.339685,76.94334990814413,38.78314428512722,4.729979809682066,137.46423015097417,132.7342503412921,89.2279380127099,71.73274249467747,86.16502408592535,2457480.1653659996,4.31604444792626,5.671331584746773,23.01047162058845,270.02768961713093,361.4531533055154,1268.3738690931611,0.6090717274829601,312.6623191876651,4.75981983195538,149.67421494109342,35.08270384147236,20.205386468467506,0.13499577382162775,0.30453586374148006,82397118.39965405,1.788771506348736,69979119.34576124,11350606.50253153,737658.1739441691,0.01054111827700287,331,100.8013708984299,3.764793999999957,0.8757278595436354,-0.4678589999999949,0.5125045348538088,0.8901760380979933,-0.05628526960862995,1387.781990380381,1.0173116689136599,24.024822351977946,1.7249999999999999,1.0423188345372822,0.07300000000000018,0.07611442412584478,0.9925622497134677,-0.0005661101542287494,0.4856434811291504,0.7667255501390908,-0.1132882082216839,1.085184079058163,1.031005189683021,0.033646348522244685,5.34731934560821,1.0605933941085346,0.3240122391385629,417.1786230223244,0.7494686974012064,-104.51630383465931,24.240634035391533,0.8335337446467832,-4.035247566924028,0.120583326380021,1.1195226295297191,0.014412447441606746,30.85877522710319,1.25679467143907,7.9243690580240305,134.30006909117756,0.9883408938627884,-1.5658187498854659,93.01394780826358,0.9263667020593506,-6.8489237223382275,424.50562734368697,0.8514684612281055,-63.05247403817157,80262927.81976937,1.026589991641932,2134190.579884678,1644750.3442328402,0.44849248795155594,-907092.1702886712,0.06566319307146952,0.1605331111479537,-0.05512207479446665
5.254995000000008,0.551,-1.16,1.711,-0.6215190114068441,0.4447025863686617,1370.284071109966,1,2,7,533.693656,538.948651,0.49030038022813693,0.5213665185393551,-0.366,1.223,1.589,0.667,1.11375,0.715693726048862,269.42641000000003,-0.13781368821292775,0.20976492247839407,-0.574,0.25,0.824,-0.2065,0.398,0.2509859266198341,33.13481,-3.871819391634982,37.017348245248016,-96.26,97.221,193.481,-9.4885,38.2785,37.21928339599524,728654.679725,3.227153992395437,14.631320532532804,-27.435,68.046,95.48100000000001,0.771,14.774999999999999,14.982992472011386,118081.77335700001,-0.3033041825095066,60.50439585405449,-88.0,129.328,217.328,-4.939,66.3475,60.50515607029912,1925619.677234,1.0729437489149438,0.08971860673452375,0.8777653444970358,1.2852525043741405,0.4074871598771047,1.0763835270781992,0.14603380200772076,1.0766883099254112,609.7695590000001,59.90393655947403,41.01411239680218,2.37411393997845,141.50702323559773,139.13290929561927,63.035980719432786,71.09675571585808,72.59916687551593,2772356.1303159995,3.394972413866754,4.6324706578667,19.748222348474393,249.27780407089833,353.95418459247105,2338.2714517816316,0.18899897449239805,1113.5563953837377,3.475733374157934,840.4343022571533,43.14747224396721,28.65935581146286,0.03410064978803395,0.3779979489847961,232706332.19250283,2.063126900053015,220637864.24111557,10072484.927398084,990406.2362380053,0.004488831686458305,526,99.41346058300138,3.764793999999957,1.3958253721297404,1.490201000000051,0.5125045348538088,0.8677046688347174,-0.06780194848514703,1387.781990380381,0.9873914495204733,-17.497919270415196,1.7249999999999999,0.9918840522209622,-0.01399999999999979,0.07611442412584478,1.1787331504847864,0.013604182608678975,0.4856434811291504,0.8390664496082765,-0.07815632125204569,1.085184079058163,0.9921711171234318,-0.008495769132751851,5.34731934560821,0.8663164381622758,-0.7148486877415099,417.1786230223244,2.669255647112713,696.3777723614132,24.240634035391533,1.1822857338548611,4.418721776071326,0.120583326380021,0.2827973649739215,-0.08648267659198705,30.85877522710319,1.32909073939813,10.155337169698992,134.30006909117756,1.0359853887402009,4.832840204441709,93.01394780826358,0.7805191434016401,-20.414780932747647,424.50562734368697,0.8338032802980152,-70.55144275121592,80262927.81976937,2.89930031851125,152443404.37273347,1644750.3442328402,0.6021620483076742,-654344.1079948349,0.06566319307146952,0.06836144867274514,-0.061174361385011214
5.469291999999996,0.593,-1.169,1.762,-0.5509197080291971,0.4743869083445219,1349.0954610383712,1,2,8,538.95629,544.425582,0.6343357664233578,0.44746520930490363,-0.364,1.279,1.6429999999999998,0.8354999999999999,0.70875,0.7762776424077855,330.22862399999997,-0.21222992700729926,0.18887871706814544,-0.556,0.203,0.7590000000000001,-0.2465,0.26149999999999995,0.28410686665202606,44.232758000000004,-3.3841478102189773,36.73003486301601,-74.122,114.992,189.114,-14.084,46.80125,36.885605829913935,745580.258757,3.6536861313868614,13.68299597748003,-29.16,50.809,79.969,2.5495,14.1185,14.16240803205526,109914.44309399999,0.47897810218978354,58.36635305109376,-88.336,131.679,220.015,-23.3355,81.72125,58.368318362852456,1866959.602502,1.0980168277198772,0.07898227224288396,0.816931453672828,1.3074042986008574,0.49047284492802934,1.1008593892872398,0.11419139190607952,1.1008538292092513,664.109776,60.91892060426977,35.452326011478846,6.095705127382721,148.67020179242377,142.57449666504104,51.88159373902213,48.544014373995445,70.48391523754553,2722454.304353,3.4538492078266745,4.703525804515567,25.73291470801294,272.3517572636886,397.20761949034375,2971.6035179041387,0.17989131686256504,936.6809394106936,4.3970859551097,585.9348422258686,69.46533558263343,35.88157579161812,0.06123816712229917,0.17989131686256504,188722144.54466057,2.5511166155643217,164607932.11065632,20811831.711751267,2022448.798094472,0.012286460149046144,548,98.58044164068563,3.764793999999957,1.4527466802891715,1.7044980000000387,0.5125045348538088,0.9256247834442914,-0.03811762650928685,1387.781990380381,0.9721234822040548,-38.68652934200986,1.7249999999999999,1.0214492694408739,0.037000000000000144,0.07611442412584478,1.0376779798730107,0.002867848117039176,0.4856434811291504,1.0099442366408544,0.004829363798878938,1.085184079058163,1.0144397068747002,0.01566975015108829,5.34731934560821,0.8796044320005987,-0.6437935410926432,417.1786230223244,2.2452754951878644,519.5023163883691,24.240634035391533,1.48022430949737,11.640941756226585,0.120583326380021,0.507849334416372,-0.05934515925772184,30.85877522710319,1.1488571966671113,4.593550784375655,134.30006909117756,1.06161149148501,8.274427573863477,93.01394780826358,0.7577779127842351,-22.53003257071805,424.50562734368697,0.9356945912978457,-27.298007853343222,80262927.81976937,2.351299032704571,108459216.7248912,1644750.3442328402,1.229638774775748,377698.4538616317,0.06566319307146952,0.18711332335818656,-0.05337673292242338
7.626248000000032,0.773,-1.164,1.937,-0.5390131061598952,0.4773748988599193,1050.630242753204,1,2,9,544.437131,552.063379,0.6429121887287025,0.43626658544241537,-0.307,1.272,1.579,0.812,0.5589999999999999,0.7769585677431681,460.596102,-0.22019790301441677,0.19663483168963355,-0.624,0.282,0.9059999999999999,-0.253,0.207,0.29521580839371897,66.497261,-3.3902057667103547,32.41342688999736,-72.427,106.122,178.549,-8.733,26.9765,32.590239917709106,810400.4120130001,1.8211310615989518,13.596711173675747,-49.053,43.511,92.564,1.863,14.862499999999999,13.71812935803856,143586.736763,-2.260990825688071,52.48540144382478,-69.176,173.313,242.48899999999998,-19.954,36.1905,52.534078884408835,2105749.8659500005,1.096304311940247,0.0857657729513968,0.8651583670057177,1.325837848305742,0.46067948130002434,1.1006548051046705,0.12632265494005934,1.0996539965774366,922.6492900000001,48.27213511503225,40.987086096075195,2.126524159279645,193.8961876494739,191.76966349019423,37.57323359786858,34.96133475558072,63.32566821764306,3059737.014726,3.3007894664273696,4.4927561989866955,20.20204990178584,243.78922398237268,330.25047386826327,2104.6018867734465,0.13050694443694372,2141.1499950755497,4.361852084592461,1473.5341223804153,227.68700990522677,80.04464082160123,0.054321538677197516,0.13050694443694372,489004851.98795205,2.8242506035048978,454994982.1417304,24721025.842559345,7189447.34927476,0.015801157444490795,763,99.57679860538806,3.764793999999957,2.025674706170742,3.861454000000075,0.5125045348538088,0.9314549571381651,-0.03512963599388946,1387.781990380381,0.7570571242660838,-337.1517476271772,1.7249999999999999,1.122898544215081,0.2120000000000002,0.07611442412584478,1.126800375466168,0.00965134882555202,0.4856434811291504,0.9485960168619099,-0.02496399982912606,1.085184079058163,1.0133340579401897,0.014469917519273512,5.34731934560821,0.8401884944976667,-0.8545631466215147,417.1786230223244,5.132453766476059,1723.9713720532252,24.240634035391533,3.302085278450824,55.8040067862097,0.120583326380021,0.45048959755104145,-0.06626178770282348,30.85877522710319,1.328214933390946,10.128310868972004,134.30006909117756,1.4279193210669223,57.46959439901667,93.01394780826358,0.6808190567437551,-29.688279590620517,424.50562734368697,0.7779648904232481,-94.2551534754237,80262927.81976937,6.092536931695461,408741924.1681827,1644750.3442328402,4.371148104321015,5544697.00504192,0.06566319307146952,0.24063945566731507,-0.049862035626978725
4.562619999999924,0.515,-1.121,1.636,-0.6841663019693655,0.4677270411630282,1066.461624551451,0,3,0,794.854134,799.416754,0.43670897155361044,0.47926411107964695,-0.204,1.151,1.355,0.394,1.008,0.6483893999784206,192.126828,-0.09872428884026258,0.1649858508646865,-0.401,0.214,0.615,-0.119,0.316,0.19226756406778597,16.893835000000003,-5.099739606126913,32.65672403275397,-68.137,59.771,127.908,-14.061,52.122,33.052518339783894,499258.31865100004,2.290789934354486,10.195966364648585,-24.718,36.443,61.161,2.107,11.052999999999999,10.450141081936891,49906.890025,-4.437085339168485,68.18163621916284,-114.992,107.634,222.626,-7.405,134.947,68.32586072512605,2133469.4224300003,1.067132125524076,0.07386995774306496,0.9321829219632808,1.2535748880701145,0.32139196610683374,1.069954204627469,0.11723246151733546,1.0696858155470206,522.912079,68.2712812462173,34.77254402633426,5.801112393325956,126.70719693450724,120.90608454118129,76.94103244693302,54.228093960830805,76.61656257666131,2682634.6311060004,2.6190415756541707,3.692226123005192,14.561103957502606,205.9660354773048,281.3410126223646,1384.0733191736354,0.21562709966976903,569.8205474679494,3.9272596986433697,383.74133405438005,67.21885130287933,31.968452922360214,0.0833072960469692,0.21562709966976903,126262776.68635668,2.3210258569952393,110220682.30858716,12522301.562909069,2833824.2117041154,0.025710457895462828,457,98.54158454908445,4.320818333333325,1.05596200475303,0.24180166666659897,0.4874738515702259,0.959491529774355,-0.019746810407197668,1598.667646892488,0.6670940183331932,-532.2060223410369,1.9183333333333332,0.8528236271790254,-0.2823333333333333,0.09159779744287588,0.8064598903105107,-0.017727839699810927,0.8379351000890848,0.38355233267724637,-0.516543133982251,1.0768705150826123,0.9933281584292221,-0.007184699535591754,6.484133469460303,0.5694247557828667,-2.7919073464551105,1001.2834370449747,0.5690901560740227,-431.4628895770253,119.31106367056033,0.26794206619389077,-87.34261074820012,0.19767276546051407,0.4214404125853444,-0.11436546941354488,36.09057572062931,0.9634798925311555,-1.3180316942950512,146.01432038103965,0.8280426482647988,-25.108235839858366,90.67839918315731,0.8449262807723108,-14.061836606496001,499.8558725155563,0.5628442678904014,-218.51485989319173,187495377.78179815,0.6734180766487894,-61232601.095441476,3322006.233365765,0.853046024791156,-488182.02166164946,0.4923303696791525,0.052221961017758264,-0.46661991178368967
6.422220000000039,0.589,-1.666,2.255,-0.7837807153965785,0.4375839294405364,818.5580706989784,0,3,1,799.426971,805.849191,0.3043141524105754,0.4190748912184874,-1.271,1.246,2.517,0.079,0.6955,0.5179100962591422,172.47244799999999,-0.03291601866251945,0.16950555423357297,-1.706,0.324,2.03,0.032,0.2525,0.17267193518525842,19.171429,-4.478356143079314,28.610453870901427,-73.985,69.145,143.13,-6.977,23.717,28.9588284369937,539228.637677,3.522707620528771,15.295561424863147,-48.137,72.092,120.229,2.733,21.686999999999998,15.695976181222148,158411.838705,-0.3625536547433933,61.3842910672112,-144.992,125.252,270.24399999999997,-2.0,30.871,61.38536173206665,2422928.5742900004,1.0454464025962724,0.1043081465585562,0.7384801960784053,2.4459611607709553,1.70748096469255,1.023043987324103,0.11898550613184256,1.0506371258146026,709.768072,53.106421701409666,45.08711591767036,1.8302111899996678,161.13318116390553,159.30296997390587,28.855386238967586,85.08272347758343,69.66448196679137,3120569.0506720003,4.205739979441113,9.879426678487766,169.00873771864755,334.81023953952086,783.020572654285,11461.668890196752,0.15439391971989044,2249.2017215753144,6.546935023983716,760.235501421042,284.433005233563,319.5997361742956,0.4203957005068714,0.15439391971989044,420239490.87710434,2.1972292664439594,372137808.6336442,37814958.95076189,4625607.384643047,0.0124298237839004,643,99.27529037988955,4.320818333333325,1.4863434399895583,2.101401666666714,0.4874738515702259,0.8976561902847744,-0.04988992212968946,1598.667646892488,0.512025168136093,-780.1095761935095,1.9183333333333332,1.175499559467422,0.33666666666666667,0.09159779744287588,1.13876248209988,0.012710349115680322,0.8379351000890848,2.0377245733395988,0.8695458646034652,1.0768705150826123,0.9756392262050285,-0.026233389268009777,6.484133469460303,1.523630984738776,3.3952932090274635,1001.2834370449747,2.246318712901893,1247.9182845303399,119.31106367056033,2.6787099730330275,200.28867250373526,0.19767276546051407,2.1267253395288477,0.22272293504635735,36.09057572062931,1.2492767157329074,8.99654019704105,146.01432038103965,1.0910092212002083,13.288649592866221,90.67839918315731,0.7682588420908993,-21.01391721636594,499.8558725155563,1.5664926945801787,283.16470013872873,187495377.78179815,2.2413325376274993,232744113.0953062,3322006.233365765,1.392413818548587,1303601.1512772823,0.4923303696791525,0.025246916089153002,-0.4799005458952521
1.9776150000000143,0.606,-1.258,1.864,-0.3865829145728643,0.5571105841071129,2910.9832454270345,0,3,2,805.854463,807.832078,0.79043216080402,0.2415534610465603,0.202,1.167,0.9650000000000001,0.827,0.3464999999999999,0.8265174380355713,135.943084,-0.27306532663316585,0.12339563675275123,-0.48,0.049,0.529,-0.316,0.1735,0.29965172413803076,17.868440000000003,-1.1289899497487477,53.95352857253207,-107.511,74.565,182.076,21.985,104.382,53.965339466491535,579539.3148830001,9.933452261306533,15.228887996981442,-20.168,41.084,61.252,9.038,24.785999999999998,18.182202931775382,65787.90818700001,-2.0477085427135893,112.10291486308228,-148.626,146.153,294.779,10.122,230.725,112.12161536062249,2501680.069584,1.1060769729268647,0.0966152880270065,0.8139275152002174,1.2988598846680883,0.4849323694678709,1.1219737073568168,0.11349926851229597,1.1102886038862139,245.315416,122.50249562628424,28.4120672178833,22.76449492081913,180.59840154885092,157.8339066280318,129.57826411092256,29.134236574218306,125.75415300601928,3147007.2926539998,4.441513135711227,5.880747606887949,18.48853733075312,314.2543624649605,435.2060322700193,1751.2542173509116,0.5012094183273162,184.8280420916605,3.572571724073093,71.26440740176484,67.8021020014994,6.3650019150252595,0.08931529982770164,1.0024188366546325,15983865.781933475,2.713101981750819,1742075.728831819,11622132.993035974,2506587.103750132,1.4388508273580942,199,99.74067424713593,4.320818333333325,0.45769454831428286,-2.343203333333311,0.4874738515702259,1.1428522183991092,0.06963673253688701,1598.667646892488,1.8208808135119485,1312.3155985345466,1.9183333333333332,0.9716767977149777,-0.05433333333333312,0.09159779744287588,1.054777300070853,0.005017490584130618,0.8379351000890848,0.5787230581808601,-0.3530027306212139,1.0768705150826123,1.0310325875072475,0.03341808880360153,6.484133469460303,0.9069442548516791,-0.6033858625723534,1001.2834370449747,0.18459113099412297,-816.4553949533142,119.31106367056033,0.05334796052163875,-112.94606175553507,0.19767276546051407,0.45183409611984093,-0.10835746563281243,36.09057572062931,0.7872433909046948,-7.678508502746009,146.01432038103965,1.0809481303295334,11.819586246992145,90.67839918315731,1.386814876805951,35.07575382286197,499.8558725155563,0.8706630374694024,-64.649840245537,187495377.78179815,0.08524938572371127,-171511511.99986467,3322006.233365765,0.754540156660248,-815419.1296156328,0.4923303696791525,2.922531061958397,0.9465204576789417
3.86926399999993,0.63,-1.261,1.891,-0.6496520618556701,0.5128266673981744,1517.8549434296615,0,3,3,807.846483,811.715747,0.4392087628865979,0.47445838380668215,-0.187,1.151,1.338,0.437,1.0185,0.6465408690568792,162.189857,-0.1018659793814433,0.1615391579903987,-0.45,0.126,0.5760000000000001,-0.093,0.3135,0.1909753317043529,14.150972,-5.640760309278348,38.959657896722625,-92.626,84.55,177.176,-5.4125,64.87025,39.3658877747777,601273.1706750001,2.7393453608247422,14.637087409709924,-28.702,35.954,64.656,4.099,22.6105,14.8912169027706,86038.356248,0.19005412371134134,78.9869282477494,-119.985,138.718,258.703,-3.481,143.4845,78.98715689645407,2420720.7303790003,1.0645106838824023,0.0796408742334844,0.926070191724148,1.2754093460532583,0.34933915432911034,1.058633908035476,0.1346757541211221,1.0674856743528007,442.13595799999996,76.80734712325658,45.945879506375505,0.8630202778614185,146.83613264111798,145.97311236325658,84.84780979216893,89.87324297425863,89.50079561504917,3108032.2573019997,3.2350972313828352,4.632267679214067,19.630452373458926,247.74280805214386,350.23235930125645,1359.4847737650266,0.5054063315255386,477.4279150570197,3.7215731267633725,330.84963294270034,29.015305022705576,15.53686620782242,0.046960506104123854,0.2527031657627693,158901050.8625602,1.8813802374222748,142636860.32618213,13946851.168327924,1898071.7218606526,0.013307021183164998,388,98.04882831595448,4.320818333333325,0.8954933284732723,-0.45155433333339534,0.4874738515702259,1.0520085441017972,0.025352815827948516,1598.667646892488,0.949449966270722,-80.81270346282645,1.9183333333333332,0.9857515152784457,-0.02733333333333321,0.09159779744287588,0.8694626700879461,-0.011956923209391485,0.8379351000890848,0.41690478191320857,-0.48859594575997445,1.0768705150826123,0.9912850704785595,-0.009384840729811605,6.484133469460303,0.7144004197149296,-1.8518657902462357,1001.2834370449747,0.47681595179608155,-523.855521987955,119.31106367056033,0.13022150443164546,-103.7741974627379,0.19767276546051407,0.23756688797797754,-0.1507122593563902,36.09057572062931,1.2730713926345654,9.855303785746194,146.01432038103965,0.9997177809157847,-0.041208017783077366,90.67839918315731,0.9870134057439669,-1.1776035681081396,499.8558725155563,0.7006666892432077,-149.62351321429986,187495377.78179815,0.8474931635247285,-28594326.91923794,3322006.233365765,0.5713630825844578,-1423934.5115051123,0.4923303696791525,0.027028641197882345,-0.4790233484959875
3.7858420000000015,0.649,-1.19,1.839,-0.6374947368421053,0.5173638467967192,1965.556987383345,0,3,4,811.729177,815.515019,0.4442815789473684,0.46890694529392013,-0.219,1.1,1.3190000000000002,0.4395,0.9882500000000001,0.6459565347117731,158.558741,-0.11663421052631578,0.20562230420733696,-0.58,0.229,0.8089999999999999,-0.14150000000000001,0.40800000000000003,0.23639811981619394,21.235947,-6.56288157894737,44.33460259642963,-78.275,78.26,156.53500000000003,-10.9085,74.05324999999999,44.8177241948164,763278.792761,2.9382552631578944,14.299912669427801,-37.008,35.771,72.779,3.5575,19.694499999999998,14.598659059815626,80985.921611,2.1151710526315703,79.75566529868917,-119.893,127.42,247.313,-2.191,163.48049999999998,79.78370821050136,2418867.236411,1.068150190131232,0.07914528783048708,0.9275963561808552,1.2716674093488438,0.3440710531679886,1.070686440445543,0.13332428882445557,1.0710783375940145,435.93934599999994,81.74875427484282,43.638635618877395,6.168450291604853,141.18206671882942,135.01361642722458,96.18678665292764,82.44413851199224,92.66708878650387,3263131.9507830003,3.184959956797815,4.570576506055383,18.806392559771695,225.06637954156162,312.38666628729004,1281.302274043569,0.5350368907964652,452.2602299860956,3.4308263135137835,320.2194454117214,28.10063229950585,12.448931343948496,0.03887625040244995,0.2675184453982326,137492784.46567553,1.8550556702329102,121993041.73215799,14018650.680142716,1100214.3696683343,0.009018664950447841,380,101.65700925132839,4.320818333333325,0.8761863376740313,-0.534976333333324,0.4874738515702259,1.0613160778102302,0.029889995226493327,1598.667646892488,1.22949694465371,366.88934049085697,1.9183333333333332,0.9586446518228776,-0.07933333333333326,0.09159779744287588,0.8640522086715372,-0.012452509612388807,0.8379351000890848,0.4106177781850062,-0.4938640469210962,1.0768705150826123,0.9946212777175293,-0.005792177488597838,6.484133469460303,0.7048862458697888,-1.9135569634049192,1001.2834370449747,0.45168052646142454,-549.023207058879,119.31106367056033,0.10434012538249489,-106.86213232661183,0.19767276546051407,0.1966697250639638,-0.15879651505806414,36.09057572062931,1.2091421301944543,7.548059898248084,146.01432038103965,0.9246601022806927,-11.000703953815076,90.67839918315731,1.021931238432103,1.9886896033465575,499.8558725155563,0.6249534785075843,-187.46920622826627,187495377.78179815,0.733312927989541,-50002593.31612262,3322006.233365765,0.33118973667717183,-2221791.8636974306,0.4923303696791525,0.018318319004253257,-0.48331170472870466
3.790597000000048,0.739,-1.152,1.891,-0.6103763157894737,0.5449048231399346,1884.956100855367,0,3,5,815.525316,819.315913,0.4678868421052632,0.45522174508176877,-0.162,1.142,1.3039999999999998,0.529,0.94525,0.6527977743608862,161.93507500000004,-0.14875526315789475,0.19339745167505293,-0.561,0.156,0.7170000000000001,-0.1665,0.3845,0.24398914449536266,22.621667000000002,-5.4871447368421045,43.416081131941965,-80.84,75.908,156.748,-6.481,85.03775,43.761454023128856,727724.646123,2.6500131578947372,12.631186252260735,-22.947,36.901,59.848,1.0379999999999998,17.10725,12.906178205662426,63296.385633,-0.7657131578947393,77.53697922067715,-124.87,120.122,244.99200000000002,-3.664,153.30875,77.54076001244697,2284776.3960570004,1.0717086382304875,0.08122034684827334,0.9139764767213651,1.2759000744572437,0.3619235977358787,1.0781137297667271,0.13955208395081964,1.0747819081097336,438.959337,77.49286770323333,45.70622728394686,4.237242145547031,141.38841766212678,137.15117551657974,92.35547886381364,89.59173482166065,89.96779288947035,3075797.427813,2.9667374215875557,4.190987691755754,16.193885276054804,230.82593952920996,348.1912892081299,1856.9249366815766,0.5249509170931654,476.29833981116,3.283627772855917,341.53097492720104,42.658110430395155,18.313353086612658,0.053621353348638504,0.2624754585465827,150830699.37511382,1.8335600593690358,136359465.6366726,13079230.672165241,920578.2151863285,0.006751113396404713,380,99.74067424770142,4.320818333333325,0.8772868236519672,-0.5302213333332775,0.4874738515702259,1.1178134174922016,0.05743097156970872,1598.667646892488,1.1790794068470578,286.288453962879,1.9183333333333332,0.9857515152784457,-0.02733333333333321,0.09159779744287588,0.886706233650032,-0.010377450594602544,0.8379351000890848,0.4319231804207379,-0.4760115023532061,1.0768705150826123,0.9980604753085628,-0.002088606972878715,6.484133469460303,0.6463450675454918,-2.2931457777045487,1001.2834370449747,0.4756878244306854,-524.9850972338147,119.31106367056033,0.15349249702143508,-100.99771058394768,0.19767276546051407,0.27126321884092525,-0.14405141211187555,36.09057572062931,1.266431093399182,9.615651563317549,146.01432038103965,0.9392994820595432,-8.863144864459912,90.67839918315731,0.9921634445467739,-0.7106062936869648,499.8558725155563,0.6965833720205573,-151.66458330742643,187495377.78179815,0.8044502278378635,-36664678.40668434,3322006.233365765,0.27711513781646985,-2401428.018179436,0.4923303696791525,0.013712567160296622,-0.4855792562827478
4.3355320000000575,0.729,-1.151,1.88,-0.5659333333333333,0.5298915418557539,1410.230713866477,0,3,6,819.329839,823.665371,0.5592482758620689,0.46420419898908316,-0.255,1.25,1.505,0.698,0.913,0.726804081175796,229.786215,-0.15204827586206898,0.1781618016144275,-0.51,0.163,0.673,-0.204,0.3075,0.23422276948906237,23.864233000000002,0.21398620689655237,37.55303867686977,-61.786,84.901,146.687,-12.107,61.6105,37.55364834424504,613470.2792239999,4.179480459770115,11.764540789293541,-29.603,35.389,64.992,1.939,14.633999999999999,12.484889943309541,67804.52745,-0.6385034482758658,69.00417850850698,-94.885,115.985,210.87,-14.198,132.87,69.00713251749674,2071463.187155,1.085268346590685,0.07976639616584441,0.9165964215509463,1.28490038524393,0.3683039636929837,1.087763761117275,0.12501108960103968,1.0881957829678286,515.1139770000001,71.35416402899038,35.166981600232106,4.657984757381673,132.05708135878214,127.39909660140047,68.93077536920646,49.76221238949759,79.5495651725836,2752737.993829,3.1642311239899272,4.409349104207379,18.64012096125097,228.7150735943746,302.6993307541515,1302.7295047114571,0.23109832367162833,601.9888682337631,4.228310274350596,395.986725913678,49.854162217192226,37.03670998796519,0.09353018059272926,0.46219664734325666,117008848.8322385,2.2876916436162,101194901.32586218,13737480.317660993,1743512.2342527069,0.01722924980813357,435,100.52777079715833,4.320818333333325,1.0034052939738682,0.014713666666732017,0.4874738515702259,1.087015291751017,0.042417690285528054,1598.667646892488,0.8821287630351946,-188.43693302601105,1.9183333333333332,0.9800173710859217,-0.03833333333333333,0.09159779744287588,0.8708330296616541,-0.011831401277031472,0.8379351000890848,0.4395375718936369,-0.4696311363961011,1.0768705150826123,1.0105168240948441,0.011325267885216261,6.484133469460303,0.6800213348745537,-2.074784365252923,1001.2834370449747,0.601217243745051,-399.29456881121155,119.31106367056033,0.3104214214963845,-82.27435368259515,0.19767276546051407,0.47315661134839626,-0.10414258486778481,36.09057572062931,0.9744089942679033,-0.9235941203972047,146.01432038103965,0.8725109719390131,-18.61522377963918,90.67839918315731,0.8772713885600497,-11.128834010573712,499.8558725155563,0.605573220986166,-197.1565417614048,187495377.78179815,0.624062578056778,-70486528.94955966,3322006.233365765,0.524837135084549,-1578493.999113058,0.4923303696791525,0.03499530095900587,-0.47510111987101894
3.752458000000047,0.713,-1.143,1.856,-0.5888776595744681,0.5387475536113199,2004.6703001380715,0,3,7,823.674809,827.427267,0.5293484042553191,0.41662796991633017,-0.099,1.225,1.324,0.6025,0.82425,0.6736383290789318,170.62451299999998,-0.21341489361702132,0.2088125704200162,-0.606,0.157,0.763,-0.249,0.41425,0.29857763878592575,33.519876000000004,-4.435425531914894,44.77354464567298,-65.099,97.45,162.549,-13.618,81.16,44.992702739302445,761153.08072,-0.1813962765957454,17.617873308360867,-53.924,32.992,86.916,1.71,24.78625,17.618807125302695,116718.809059,-1.4299654255319159,70.7805583257558,-95.573,132.427,228.0,-4.9695,142.20974999999999,70.79500150451257,1884486.521497,1.083401111759634,0.07877220508090686,0.9111190921059662,1.3071610459312197,0.39604195382525353,1.0859425340710696,0.12318740823165375,1.0862610318221486,443.666099,76.20427081749365,39.23782628413395,4.939385893003299,152.8082931879026,147.8689072948993,86.99029315329898,59.04028231685255,85.71288060921641,2762358.411276,3.208755522091642,4.357751593213477,15.337988650828654,236.2133948442565,326.86055684150074,1096.833999903591,0.5356645454321564,438.634914238589,3.99237092498177,269.5145484615168,42.66700494165969,30.615862690175916,0.11359632666884215,0.5356645454321564,108831821.97824124,2.0138116336779825,92806219.41090775,14750206.672113802,944426.2506656175,0.010176324999126261,376,100.70493454124541,4.320818333333325,0.8684600235022116,-0.5683603333332785,0.4874738515702259,1.1051824437846447,0.051273702041093994,1598.667646892488,1.2539631386312455,406.0026532455836,1.9183333333333332,0.9675065110295057,-0.06233333333333313,0.09159779744287588,0.8599791553966225,-0.012825592361969021,0.8379351000890848,0.47264036207188936,-0.44189314626383125,1.0768705150826123,1.0087201817867715,0.009390516739536281,6.484133469460303,0.6720638319703727,-2.1263818762468256,1001.2834370449747,0.43807267553403667,-562.6485228063857,119.31106367056033,0.2566053955578324,-88.69520098038441,0.19767276546051407,0.5746685470682505,-0.08407643879167193,36.09057572062931,1.0872042213179114,3.1472505635046417,146.01432038103965,1.0127014042108533,1.8545869138596345,90.67839918315731,0.9452403369697379,-4.965518573940898,499.8558725155563,0.6539096063631606,-172.99531567405558,187495377.78179815,0.5804506930559997,-78663555.80355692,3322006.233365765,0.2842939429733544,-2377579.982700147,0.4923303696791525,0.020669707617389132,-0.48215404468002626
4.909742000000051,0.698,-1.186,1.884,-0.5748252032520325,0.5057290418346964,1719.8151695705928,0,3,8,827.436739,832.346481,0.5278963414634147,0.47839497006656445,-0.205,1.224,1.429,0.6755,0.9512499999999999,0.7124158158796358,249.707857,-0.20025406504065038,0.21512001396965535,-0.528,0.173,0.7010000000000001,-0.254,0.39375,0.29390187303862114,42.498129000000006,-0.9627560975609755,41.470654318090915,-91.344,94.031,185.375,-6.214,64.3745,41.481828176612275,846605.0978860001,5.1536585365853655,11.753051254803447,-26.336,37.481,63.817,4.733,15.503499999999999,12.833331995618133,81029.64977399999,0.2931849593495941,62.08858993622448,-86.534,118.58,205.114,-12.84,101.27875,62.08928214828244,1896698.847183,1.0829070507690222,0.0860976372183101,0.9012274962516402,1.3242552624022303,0.4230277661505901,1.0815553018555344,0.12118270266662279,1.0863242995256237,580.609438,65.17365384314441,38.63819718111539,4.20397371542687,134.1466901939813,129.94271647855442,66.3174846431643,63.62272631555868,75.76618927115686,2824333.594843,2.901044292327303,3.844517683240282,14.732908370151627,215.02540201183626,288.1635687359617,1120.9387484690428,0.20036675130220657,897.2240139041421,3.8229216456601707,654.8098688958522,71.36669770955078,49.997744573948545,0.07635459840807189,0.40073350260441315,180690284.19397143,2.226175677581571,152425068.35218516,25927555.436091594,1904013.541672828,0.012491472447783435,492,98.58044164068563,4.320818333333325,1.1362991012050732,0.5889236666667257,0.4874738515702259,1.0374485315082695,0.018255190264470478,1598.667646892488,1.075780305495539,121.1475226781049,1.9183333333333332,0.9821025144286577,-0.03433333333333333,0.09159779744287588,0.9399530362340178,-0.005500160224565787,0.8379351000890848,0.5048454958590004,-0.41490733393849466,1.0768705150826123,1.008778933235531,0.00945378444301137,6.484133469460303,0.5929115579465638,-2.6396157862200207,1001.2834370449747,0.896073959380675,-104.05942314083256,119.31106367056033,0.4190537158214508,-69.31331909661179,0.19767276546051407,0.3862676498075681,-0.12131816705244218,36.09057572062931,1.070589659458493,2.547621460486077,146.01432038103965,0.8899313172198178,-16.071603902485236,90.67839918315731,0.8355483769598159,-14.91220991200045,499.8558725155563,0.576493314522835,-211.69230377959462,187495377.78179815,0.9637052728001311,-6805093.587826729,3322006.233365765,0.573151706504695,-1417992.691692937,0.4923303696791525,0.02537213416715016,-0.4798388972313691
4.926084999999944,0.759,-1.212,1.971,-0.561742914979757,0.5194937280684283,1817.4538901293784,0,3,9,832.357556,837.283641,0.4924372469635627,0.504570570522058,-0.246,1.275,1.521,0.63,1.051,0.7050431921762015,245.560436,-0.16761336032388668,0.23387008553152322,-0.577,0.201,0.778,-0.223,0.47975,0.2877315684202675,40.897991000000005,-2.758135627530363,42.63160670358764,-96.809,97.649,194.458,-6.9079999999999995,54.038,42.72073503896241,901580.233921,1.830121457489879,12.712130167767011,-31.069,46.794,77.863,2.5645,16.179000000000002,12.843192669714842,81484.11338800001,-1.4151437246963603,62.263847688862384,-89.542,117.664,207.20600000000002,-4.0305,90.47675,62.27992743078142,1916121.9442269998,1.0752659305275023,0.09543255722660077,0.7109753863531423,1.325628152990121,0.6146527666369788,1.0864320041220132,0.15344545059346215,1.0794925633518666,575.6602720000001,65.26704729290662,40.11247559886499,3.1641981606719893,130.73567611788297,127.57147795721099,63.77122168875321,72.152797781651,76.60808156457155,2899186.2915359996,3.2235824581066486,4.523885600243005,22.147987951391915,225.20250579124126,319.335568032506,1609.0358701011858,0.2012018187044679,1111.2749033352736,4.017484451637183,772.3928568155264,87.48456708803815,65.35044317573173,0.08460777776262313,0.4024036374089358,196328416.31136575,2.3074941897936743,168617901.36741474,24942933.710781414,1957355.220789198,0.0116082290487305,494,99.39369844000714,4.320818333333325,1.1400814865546236,0.6052666666666182,0.4874738515702259,1.0656852993000725,0.032019876498202426,1598.667646892488,1.1368553643096497,218.7862432368904,1.9183333333333332,1.0274543821331659,0.05266666666666686,0.09159779744287588,1.0418650826998932,0.0038347597837248837,0.8379351000890848,0.7335326557346811,-0.22328233345210602,1.0768705150826123,1.0024348686385052,0.0026220482692542735,6.484133469460303,0.697685452431424,-1.960247869217298,1001.2834370449747,1.109850480103627,109.99146629029894,119.31106367056033,0.5477316282310494,-53.9606204948286,0.19767276546051407,0.4280193747748732,-0.11306498769789095,36.09057572062931,1.1114390609408422,4.021899878235679,146.01432038103965,0.8736915503600122,-18.442842423828665,90.67839918315731,0.8448327523006437,-14.070317618585761,499.8558725155563,0.6388552892637651,-180.52030448305032,187495377.78179815,1.047110700189352,8833038.5295676,3322006.233365765,0.5892087742430435,-1364651.0125765668,0.4923303696791525,0.02357812868727598,-0.480722140630422
4.803271999999993,0.604,-1.157,1.761,-0.5558794178794179,0.4954738822544885,1692.611635742826,0,3,10,837.296023,842.099295,0.5527692307692308,0.4764545065895717,-0.204,1.183,1.387,0.797,0.958,0.7297689492810169,256.162668,-0.23045114345114348,0.21261242642619432,-0.638,0.138,0.776,-0.298,0.41100000000000003,0.31354708320884345,47.287963,-3.729773388773386,41.14136161751123,-96.336,96.534,192.87,-9.893,41.099000000000004,41.310081642069264,820837.488577,5.55197713097713,12.905439712624759,-33.267,38.351,71.618,4.977,16.122,14.049015062953174,94937.29045899998,-2.882432432432432,58.45205895699451,-79.786,137.023,216.809,-19.191,62.58,58.523086154435674,1647401.725872,1.085236021417873,0.08737027960865233,0.908565902948157,1.3079181931604134,0.3993522902122564,1.0865215138228972,0.14443978981049455,1.0887473480756626,570.163349,60.37428253279865,41.0340747574844,4.460084528346968,156.10436034909466,151.64427582074768,50.521150828143256,65.14897179793013,72.99896768142008,2563176.504908,3.1491401349570074,4.332146758918982,17.443207464458155,210.07616026577588,286.7229537468969,1144.7525746899237,0.2102019189126557,883.0547037717479,3.7558146695303805,641.0455907464826,62.451649127392834,27.121001662751656,0.04230744591932503,0.4204038378253114,194782281.1839876,1.9270675264624535,174863695.2249883,18890701.03822903,573771.8940326442,0.003281252253616171,481,101.10712299698739,4.320818333333325,1.1116579356804144,0.4824536666666672,0.4874738515702259,1.0164111787624743,0.008000030684262638,1598.667646892488,1.0587639269627807,93.94398885033797,1.9183333333333332,0.9179843566395255,-0.15733333333333333,0.09159779744287588,0.9538468446762767,-0.004227517834223551,0.8379351000890848,0.4765909500674812,-0.4385828098768284,1.0768705150826123,1.0110290166890206,0.011876832993050312,6.484133469460303,0.6681149875525946,-2.151986710541321,1001.2834370449747,0.8819228113560261,-118.2287332732268,119.31106367056033,0.22731338424208983,-92.19006200780868,0.19767276546051407,0.21402768196461183,-0.15536531954118904,36.09057572062931,1.1369747898662543,4.943499036855087,146.01432038103965,1.0385575566467076,5.629955439708027,90.67839918315731,0.805031499573811,-17.679431501737227,499.8558725155563,0.5736112537764323,-213.1329187686594,187495377.78179815,1.038864442891332,7286903.402189434,3322006.233365765,0.17271848808402526,-2748234.3393331207,0.4923303696791525,0.00666473650428506,-0.4890491174255363
5.782269000000042,0.82,-1.217,2.037,-0.5112590673575129,0.5524763175160143,1600.8991088485482,0,3,11,842.10393,847.886199,0.5705250431778929,0.43726435328964713,-0.206,1.195,1.401,0.766,0.8245,0.7188177373652864,299.168686,-0.25098272884283246,0.22734310510588515,-0.647,0.176,0.823,-0.302,0.399,0.33864024807541754,66.398109,-1.2849654576856664,40.011237282150475,-72.0,101.954,173.954,-6.015,57.893,40.03186537092661,927876.5918990001,4.078208981001728,13.461161969576777,-33.939,52.794,86.733,3.344,16.2065,14.06537130913732,114546.27396699999,0.551727115716755,56.13620555634348,-80.183,128.107,208.29000000000002,-9.679,83.19149999999999,56.138916778597235,1824763.648726,1.0911647507905948,0.08574123378491358,0.9234424724908423,1.340469693801393,0.4170272213105506,1.0888278100783428,0.13129930027095127,1.0945282420014846,693.63741,59.56075203066495,37.476388696828884,0.46970096870242883,154.41819092969584,153.9484899609934,60.90149664006625,56.4806946439772,70.37018468225135,2867186.514592,2.926697497439549,4.0895611296373655,18.752898367386372,226.10833277461037,306.84203971443316,1331.8777367142932,0.17015918391733764,1232.2720240157676,4.231343897599883,844.7864694345759,83.62410640318973,101.63515742798417,0.12030869468684378,0.5104775517520129,235419591.1891227,2.4623862845944924,213816999.7673787,18400498.186061583,2352063.1695880196,0.01100035624925491,579,98.52216748813849,4.320818333333325,1.3382346908709128,1.4614506666667166,0.4874738515702259,1.1333455207965528,0.06500246594578846,1598.667646892488,1.001395826049513,2.2314619560602296,1.9183333333333332,1.0618592472883097,0.1186666666666667,0.09159779744287588,0.9360620759223446,-0.005856563657962305,0.8379351000890848,0.49768438664208076,-0.4209078787785342,1.0768705150826123,1.0163972515800055,0.01765772691887224,6.484133469460303,0.6307027982369287,-2.394572339822937,1001.2834370449747,1.2306925076481723,230.98858697079288,119.31106367056033,0.8518502332700589,-17.67590624257616,0.19767276546051407,0.6086255145988777,-0.07736407077367029,36.09057572062931,1.0383981950452363,1.385812976199574,146.01432038103965,1.0543382974266176,7.93416957995376,90.67839918315731,0.776041320848125,-20.30821450090596,499.8558725155563,0.6138610279080899,-193.01383280112316,187495377.78179815,1.2556021058988314,47924213.40732455,3322006.233365765,0.7080249115622421,-969943.0637777452,0.4923303696791525,0.022343443962210392,-0.4813300134298976
5.769555000000082,0.803,-1.144,1.947,-0.5318858131487888,0.5234809006996809,1494.131122387163,1,3,12,847.896041,853.665596,0.6098131487889273,0.42697392978134213,-0.249,1.246,1.495,0.7935000000000001,0.74725,0.7444318727383916,320.315354,-0.24257266435986158,0.19297856276993292,-0.565,0.161,0.726,-0.288,0.32350000000000007,0.3099713263890565,55.535525,-0.7861262975778552,38.65399232145579,-67.527,106.718,174.245,-11.274999999999999,38.908500000000004,38.66198542422397,863964.9895930002,2.5840155709342563,14.358729931549044,-48.763,40.229,88.99199999999999,2.6795,17.855,14.589388668412157,123027.451273,-2.2516730103806237,56.00789801841809,-84.321,139.466,223.787,-16.71,57.683499999999995,56.0531414979321,1816049.8002930002,1.0954280610204639,0.08504805163802537,0.8685194298344742,1.3265571981637279,0.4580377683292537,1.101938470255432,0.13492466544054582,1.0987246279020406,697.759177,57.404037407330314,39.42499891928873,4.488541968167391,167.72750385372103,163.23896188555364,46.85879209153477,49.594332649692966,69.63873958112752,2803042.241159,3.0766919254652367,4.036401627493189,13.611048757555485,228.04015293296413,306.8381066049726,1235.3937906576339,0.17325293473100595,1208.2566914849554,4.239855754938068,823.2941663151961,148.3286511662398,66.79394360522414,0.08113010675559791,0.17325293473100595,259640219.2954378,2.5164852423810564,222633557.6773584,34460242.383665554,1670230.5416089725,0.007502150884322114,578,100.14019627452144,4.320818333333325,1.335292192716697,1.4487366666667567,0.4874738515702259,1.0738645535033837,0.036007049129455015,1598.667646892488,0.9346102207560962,-104.5365245053249,1.9183333333333332,1.0149435220767498,0.02866666666666684,0.09159779744287588,0.9284944040943862,-0.006549745804850515,0.8379351000890848,0.5466267767208818,-0.3798973317598311,1.0768705150826123,1.0202940857887737,0.021854112819428284,6.484133469460303,0.6225044009780553,-2.447731841967114,1001.2834370449747,1.206707957777411,206.97325443998068,119.31106367056033,0.559830258357734,-52.51712006533619,0.19767276546051407,0.4104263046167628,-0.11654265870491616,36.09057572062931,1.0923904127644484,3.3344231986594224,146.01432038103965,1.1179654259142857,17.224641504513983,90.67839918315731,0.7679749554553511,-21.039659602029786,499.8558725155563,0.6138531594210385,-193.0177659105837,187495377.78179815,1.384781973652704,72144841.51363966,3322006.233365765,0.5027776663491496,-1651775.6917567924,0.4923303696791525,0.015238041758079609,-0.4848282187948304
6.422903000000019,0.765,-1.19,1.955,-0.527407465007776,0.5393132221132168,1441.697053363365,1,3,13,853.674368,860.097271,0.5820171073094867,0.4059643105991946,-0.188,1.391,1.579,0.749,0.6990000000000001,0.7096132289361451,323.78325099999995,-0.30058475894245723,0.20684859013041104,-0.678,0.201,0.879,-0.35,0.3235,0.36488016738024265,85.607436,-1.6656936236391908,37.96968597925673,-73.481,97.389,170.87,-10.412,37.0835,38.00620460676385,928795.231477,2.0819548989113534,17.604724733667357,-40.443,66.977,107.42,0.702,23.6105,17.727404467357882,202069.738863,-1.24558164852255,48.94752170480863,-70.443,116.626,187.06900000000002,-19.008,49.901,48.96336747698066,1541535.501063,1.0951424110297407,0.07980574217843474,0.9270172598177446,1.4084044163520648,0.4813871565343202,1.0948684852529091,0.1267212547190557,1.098046381953278,775.2688659999999,54.057875694903615,35.12676882095326,4.734717203804257,138.76080044810925,134.026083244305,47.26244608566087,40.25289387518153,64.46816123053569,2672400.471403,3.27485049376768,4.613746385068684,28.32723742015212,230.13355699147385,310.50298493727746,1251.1891980886892,0.15652274087715604,1316.6193448111928,4.429230246167942,808.7649109442755,103.63927258712195,95.75073923082604,0.11839131239985191,0.15652274087715604,255075270.11065447,2.3957191630510866,237829174.6561273,12745448.702685384,3060645.2066989765,0.012869090645099808,643,100.64412238401134,4.320818333333325,1.4865015118976341,2.102084666666694,0.4874738515702259,1.1063428516474885,0.05183937054299087,1598.667646892488,0.9018116155391882,-156.97059352912288,1.9183333333333332,1.0191138087622218,0.03666666666666685,0.09159779744287588,0.8712625815656652,-0.011792055264441145,0.8379351000890848,0.5744921662050199,-0.3565479435547646,1.0768705150826123,1.0196642552446509,0.02117586687066564,6.484133469460303,0.7115440173592329,-1.8703870843916182,1001.2834370449747,1.3149317127263185,315.33590776621816,119.31106367056033,0.8025302622997817,-23.560324439734288,0.19767276546051407,0.5989257353423515,-0.07928145306066216,36.09057572062931,0.9732947759861285,-0.9638068996760509,146.01432038103965,0.9178968397440123,-11.988237136734654,90.67839918315731,0.7109538964534403,-26.210237952621625,499.8558725155563,0.6211850295334926,-189.35288757827885,187495377.78179815,1.3604349778025135,67579892.32885632,3322006.233365765,0.9213243418866215,-261361.02666678838,0.4923303696791525,0.02613913578415877,-0.47946127903405267
7.672057999999993,0.62,-1.189,1.809,-0.5640520833333333,0.4712902694949894,1404.954618070631,1,3,14,860.103972,867.77603,0.62132421875,0.4357094733220966,-0.48,1.349,1.829,0.767,0.7557499999999999,0.7588718797978462,442.2808550000001,-0.26790625,0.17675876352184305,-0.602,0.184,0.786,-0.3235,0.28450000000000003,0.3209632677906201,79.117378,-1.1043567708333324,37.48272426159325,-77.756,137.13,214.886,-9.0155,28.01925,37.49898961236045,1079941.802456,2.4091171875,23.29252794932575,-82.046,84.855,166.901,1.7405,24.21,23.416782526496444,421129.50058999995,-1.0586848958333317,49.34806097109022,-80.595,166.214,246.809,-8.5495,36.489,49.35941587291228,1871118.2863220004,1.099731745448998,0.09880945351424295,0.8020723159416487,1.429823065977046,0.6277507500353972,1.1000786156221902,0.14134069886201983,1.104161772591355,936.3250330000001,49.931535519307374,43.56275498450936,1.6457308406905424,217.76323203194795,216.11750119125742,37.96905439238518,41.46471259661269,66.26365414883374,3372189.5893680006,3.5810150573404536,4.866290840556384,20.88995544432607,298.1449806504503,430.21810431379487,2972.722186911317,0.1304039392418208,2879.5499816825104,4.969441371528356,1627.6548627965853,463.09916615337346,318.07964187696416,0.19542204502034022,0.1304039392418208,559659269.2449187,3.0611702290792793,509718694.11351556,36221169.484969735,10078074.934847718,0.019771836998003663,768,100.15022533771838,4.320818333333325,1.7756029970196179,3.3512396666666673,0.4874738515702259,0.9668011080161166,-0.016183582075236458,1598.667646892488,0.8788284549279601,-193.71302882185682,1.9183333333333332,0.9430060767523576,-0.10933333333333328,0.09159779744287588,1.0787316451418834,0.007211656071367062,0.8379351000890848,0.7491639179180092,-0.21018435005368763,1.0768705150826123,1.025343109383228,0.027291257508742728,6.484133469460303,0.7504920828621533,-1.6178426289039187,1001.2834370449747,2.8758589976800057,1878.2665446375358,119.31106367056033,2.6659693750495808,198.76857820640384,0.19767276546051407,0.988613857244983,-0.0022507204401738534,36.09057572062931,1.2070396246834758,7.472179263880051,146.01432038103965,1.480111680912359,70.10318081021776,90.67839918315731,0.7307545649067222,-24.414745034323573,499.8558725155563,0.8606843051379754,-69.63776820176145,187495377.78179815,2.9849230197889702,372163891.4631206,3322006.233365765,3.0337314944279505,6756068.701481953,0.4923303696791525,0.04015969319400684,-0.47255853268114884
4.440590999999813,0.416,-1.162,1.5779999999999998,-0.6869955056179774,0.4591150843241352,1606.1589102026714,0,4,0,1089.365457,1093.806048,0.3758359550561798,0.48779861156916693,-0.256,1.13,1.386,0.292,1.0250000000000001,0.6157922949841105,168.744067,-0.2254561797752809,0.18156176647653557,-0.559,0.116,0.675,-0.234,0.322,0.2894739436373226,37.288848,-4.457642696629213,40.076912433503054,-101.939,70.061,172.0,-9.832,70.306,40.32405595439877,723583.122433,6.7952247191011255,16.56033735404682,-33.313,43.679,76.992,5.313,27.496000000000002,17.900275200759385,142586.834257,-4.430995505617977,63.21009263070259,-100.0,115.008,215.00799999999998,-6.183,111.66400000000002,63.36520757918188,1786741.541541,1.0678665889616081,0.073523793288292,0.8724018569443786,1.2436977124687494,0.37129585552437083,1.0652858771240703,0.12417642237917881,1.0703946935593431,509.856436,68.26520143010607,36.07576951551077,3.2700902128228817,137.4828644195341,134.21277420671123,68.08570048108486,59.63439649729247,77.2113908204561,2652911.4982310003,3.151533699754316,4.557806418456098,30.07524221920683,209.41180906875937,307.8121785969478,1891.6321623606866,0.22230706942035824,535.2366416226936,4.438520458188948,301.9223277020734,90.76448928847708,29.842489268836474,0.0988416110029981,0.22230706942035824,128860921.73181602,2.792899343566651,104246891.80481455,20537834.505622786,2882658.3837632947,0.027652223810764605,445,98.92664589205943,3.274403333333263,1.3561527198660257,1.1661876666665498,0.4845182415209526,0.9475702574318424,-0.02540315719681735,2293.958275549038,0.7001691910944852,-687.7993653463664,1.6749999999999998,0.9420895466143908,-0.09699999999999998,0.08241328897179137,0.8921350583654941,-0.008889495683499365,0.4719888961337791,0.7866622513774336,-0.10069304060940826,1.0860335289708634,0.9856000345750466,-0.015638835411520224,5.702435786063254,0.7992736054306188,-1.1446293676071564,390.5587900455028,1.3704380883262937,144.67785157719078,16.423053240206094,1.817109694171026,13.419436028630379,0.1233688724773823,0.8011875362583358,-0.024527261474384207,36.66991545822455,0.9837974550765293,-0.5941459427137801,145.34984136932152,0.9233775072134703,-11.137067162610293,95.72388117949775,0.8066053095737543,-18.51249035904165,381.9338377830765,0.805930630225316,-74.12165918612874,87504421.80783804,1.4726218294979185,41356499.923977986,2014097.5397867484,1.4312407054866343,868560.8439765463,0.04234504256640408,0.653021359872002,-0.014692818755639478
2.015194000000065,0.444,-1.234,1.678,-0.4081773399014779,0.4974310438919214,2459.4862934248345,0,4,1,1093.819749,1095.834943,0.8103546798029557,0.2514706151051265,0.139,1.155,1.016,0.899,0.4065,0.8484763858469495,146.14217200000002,-0.2916600985221675,0.09666935028601029,-0.488,0.093,0.581,-0.302,0.11399999999999999,0.3072630409839098,19.165347,-4.13941379310345,49.59320813805893,-88.321,71.695,160.016,-5.954,96.16799999999999,49.76566125327151,502754.071115,7.773817733990147,23.818388080224448,-43.786,48.489,92.275,10.092,39.6715,25.05489678488973,127432.814139,-6.023389162561575,95.05027602155957,-125.267,140.626,265.89300000000003,4.137,194.4885,95.24093756771993,1841379.746322,1.1054542612415792,0.07962420633116896,0.8654397726011903,1.3529320012476607,0.48749222864647035,1.1068830109817387,0.09166415554501128,1.1083181573587226,249.358935,106.53005216186703,28.74983596553312,8.440137795083679,150.31914610587702,141.87900831079335,113.1518216291722,31.145156264920928,110.34131176334262,2471566.631576,5.025396115617489,6.603674260373341,22.9346943888616,314.2048031798364,422.5817441870834,1314.1438297170344,1.45549072961549,130.63282328174486,4.5206418777446595,25.844429108942865,38.14754630782335,5.562760425821745,0.21524021289928508,0.4851635765384967,17030712.690534465,2.318619424929374,12755518.895300372,3141892.1608959786,996890.0667863155,0.07815362706675992,203,98.48820603731482,3.274403333333263,0.6154385360322306,-1.2592093333331982,0.4845182415209526,1.0266507862819083,0.012912802370968812,2293.958275549038,1.0721582513637733,165.52801787579665,1.6749999999999998,1.0017910387952775,0.0030000000000001137,0.08241328897179137,0.9661572504023038,-0.0027890826406224145,0.4719888961337791,1.0328467943021886,0.015503332512691259,1.0860335289708634,1.0205192727371721,0.022284628387859273,5.702435786063254,1.1580444737198565,0.9012384743100874,390.5587900455028,0.33447672055513195,-259.92596676375797,16.423053240206094,0.33871657974146413,-10.86029281438435,0.1233688724773823,1.744688032970923,0.09187134042190277,36.66991545822455,0.7840169686359274,-7.920079492691432,145.34984136932152,0.9761208334622788,-3.4708330585281715,95.72388117949775,1.1527041151299307,14.617430583844865,381.9338377830765,1.1064265649487413,40.6479064040069,87504421.80783804,0.1946268810041891,-70473709.11730358,2014097.5397867484,0.49495620102483256,-1017207.4730004328,0.04234504256640408,1.8456377387701204,0.03580858450035584
3.367424999999912,0.532,-1.237,1.769,-0.6669082840236685,0.4970085963468011,2816.229623019607,0,4,2,1095.847972,1099.215397,0.4387130177514793,0.45030858966403553,-0.226,1.231,1.457,0.426,0.9035,0.6286866770258636,133.593465,-0.21364201183431952,0.18001064797098745,-0.578,0.092,0.6699999999999999,-0.191,0.3185,0.27936847102626006,26.379799000000002,-4.741816568047341,53.06816016237615,-111.008,95.176,206.184,5.893000000000001,93.52725000000001,53.27958753016595,959485.4832159999,6.627698224852071,26.53659986275174,-41.298,71.221,112.519,2.0995,39.66425,27.351736983882816,252863.72042,4.334230769230773,79.48783477459834,-129.405,124.504,253.909,24.466,161.99975,79.60591330745973,2141940.2845280003,1.0752788499380768,0.09409186729591315,0.8242141711958125,1.3813927754263087,0.5571786042304961,1.0658646722743566,0.1489498144326884,1.079387735994524,393.796325,88.7824690388791,45.18414089362975,6.187243085575352,166.14498467603528,159.95774159045993,104.79924393544913,86.57647803823525,99.61894095469451,3354289.4881639997,4.273928100432769,5.945826679360324,22.61757924163738,282.35452825197814,415.4075905651982,2707.179445719832,0.582168414334437,505.80690523207005,4.104265881075503,247.46026092911396,63.487037843359865,13.863910025960065,0.05602479352986374,0.2910842071672185,116621631.00116362,1.9912929593104507,101875546.06670287,12271608.309770495,2162744.168810635,0.021229276821687716,338,98.38646202251985,3.274403333333263,1.0284087349397693,0.0930216666666488,0.4845182415209526,1.025778894369077,0.012490354825848538,2293.958275549038,1.2276725575286638,522.2713474705693,1.6749999999999998,1.0561193966798843,0.09400000000000008,0.08241328897179137,1.1417073272132834,0.01167857832412178,0.4719888961337791,1.180490890759562,0.08518970809671705,1.0860335289708634,0.9938806650643249,-0.006645792976339271,5.702435786063254,1.0426819155886153,0.24339089329706987,390.5587900455028,1.2950851910417613,115.24811518656725,16.423053240206094,0.844173724260809,-2.5591432142460295,0.1233688724773823,0.45412418759758955,-0.06734407894751857,36.66991545822455,1.2321855754694335,8.514225435405201,145.34984136932152,1.1005016591178518,14.607900221138408,95.72388117949775,1.0406905749829136,3.8950597751967564,381.9338377830765,1.0876428047473945,33.473752782121664,87504421.80783804,1.332751289497892,29117209.19332558,2014097.5397867484,1.073803093488518,148646.62902388652,0.04234504256640408,0.501340192892586,-0.021115765744716367
4.551082999999835,0.504,-1.169,1.673,-0.7473552631578947,0.4454119531384569,1968.40877864554,0,4,3,1099.224672,1103.775755,0.292484649122807,0.46760972512075544,-0.276,1.116,1.3920000000000001,0.1175,0.9560000000000001,0.5515488418988839,138.71799299999998,-0.1611951754385965,0.21484532190658623,-0.618,0.149,0.767,-0.112,0.39524999999999993,0.2685933672483827,32.896933000000004,-5.267879385964913,44.36675307756406,-84.718,72.351,157.06900000000002,-6.0685,77.3325,44.67839894032254,910248.655333,4.408434210526315,24.323209223314063,-45.45,77.053,122.503,-0.305,23.08775,24.71948217721498,278640.076394,1.0439210526315714,71.71154154363118,-139.649,101.969,241.618,4.5344999999999995,133.889,71.71913943800546,2345497.542548,1.061406416929457,0.08183298478741381,0.90144994314715,1.2811662655565046,0.3797163224093546,1.0545309368828968,0.12968897195348972,1.064556348578245,516.77578,77.62306786186556,41.53921554893094,4.987387392212479,170.2291133208418,165.24172592862934,81.45959771248951,65.31846049054627,88.03889534011847,3534386.2742750007,3.0936760754759036,4.190241174632822,16.223551542376757,230.78597666897252,312.00488541984345,1213.7065287136154,0.658619217973158,696.2753817525967,3.7640254127695876,468.5348509277883,62.527729783839575,30.604098911300532,0.0653187246371223,0.658619217973158,179397744.2847029,1.8501146271673001,159855782.26787898,16225864.075725475,3016299.8842048636,0.018868881947293508,456,100.11012113192001,3.274403333333263,1.3898968828216938,1.2766796666665718,0.4845182415209526,0.9192882863344425,-0.03910628838249569,2293.958275549038,0.8580839501825022,-325.5494969034978,1.6749999999999998,0.9988059641862332,-0.0019999999999997797,0.08241328897179137,0.9929584885981062,-0.0005803041843775586,0.4719888961337791,0.8045026429111217,-0.09227257372442449,1.0860335289708634,0.9802241923274576,-0.021477180392618367,5.702435786063254,0.73481601976573,-1.5121946114304317,390.5587900455028,1.782767151786926,305.71659170709387,16.423053240206094,1.863484118637713,14.181045671094438,0.1233688724773823,0.5294586716313769,-0.05805014784026001,36.66991545822455,1.1327873276644382,4.869300090706389,145.34984136932152,1.136855220208983,19.89188455930781,95.72388117949775,0.9197171515207804,-7.68498583937928,381.9338377830765,0.816908203846764,-69.92895236323307,87504421.80783804,2.050156330141406,91893322.47686486,2014097.5397867484,1.4975937483763635,1002202.3444181152,0.04234504256640408,0.44559826481981485,-0.023476160619110575
1.942698000000064,0.52,-1.211,1.731,-0.4353076923076923,0.5273377039842614,2736.793273455989,0,4,4,1103.783853,1105.726551,0.7642102564102565,0.2757512849958406,0.052,1.167,1.115,0.858,0.42099999999999993,0.8124383590029998,128.710937,-0.2729179487179487,0.129265155579817,-0.528,0.035,0.5630000000000001,-0.278,0.1935,0.30198292531116255,17.782769,-0.007020512820511216,52.314369665092876,-93.099,64.626,157.72500000000002,31.191,101.771,52.314370136164214,533674.6979350001,9.230625641025641,32.33635463983516,-38.748,74.183,112.93100000000001,-4.26,59.878,33.628028207403844,220514.634818,5.649394871794879,105.68348857638475,-148.916,132.29,281.206,62.214,221.4505,105.834377307623,2184178.506918,1.1005683627192568,0.0870453580960511,0.8727032714502678,1.2801956881664616,0.40749241671619374,1.1170335715635409,0.12993014897988964,1.104005260578325,237.671385,117.68685353390647,34.90497857387522,11.587023647166687,180.14949108448795,168.56246743732126,121.33965358859403,36.974865055572835,122.75403465448231,2938367.839671,4.556524201289632,6.182479179123758,24.704406315363013,321.95379256177625,436.47853146917925,1854.9400731322642,0.511261166259106,144.05570413490145,4.0611459253871995,45.18763075979929,37.019417997291974,5.530047935222766,0.12237968313485288,0.511261166259106,23164022.524726607,1.9004470862373686,11054504.751544341,10967430.442207959,979488.9681115772,0.08860541382233694,195,99.69592742052566,3.274403333333263,0.5932983192053685,-1.3317053333331992,0.4845182415209526,1.0883753136830123,0.04281946246330881,2293.958275549038,1.1930440508073463,442.83499790695123,1.6749999999999998,1.0334328296511475,0.05600000000000027,0.08241328897179137,1.0562052384997378,0.00463206912425973,0.4719888961337791,0.8633516835260008,-0.06449647941758535,1.0860335289708634,1.01654803554639,0.017971731607461683,5.702435786063254,1.0841821635926017,0.48004339306050436,390.5587900455028,0.3688451208957031,-246.50308591060136,16.423053240206094,0.3367247156160422,-10.89300530498333,0.1233688724773823,0.9919817759335644,-0.000989189342529423,36.66991545822455,0.9518696219553956,-1.764936884349332,145.34984136932152,1.1597017639491014,23.212626067999736,95.72388117949775,1.2823762798697527,27.03015347498456,381.9338377830765,1.1428118911675322,54.54469368610273,87504421.80783804,0.26471830847126093,-64340399.28311143,2014097.5397867484,0.48631655059530043,-1034608.5716751711,0.04234504256640408,2.0924620103703715,0.04626037125593286
3.092873999999938,0.591,-1.269,1.86,-0.6148709677419354,0.5154908742307592,3536.82411708205,0,4,5,1105.735105,1108.827979,0.44175483870967736,0.46580675547304895,-0.264,1.132,1.396,0.5225,0.90575,0.6419682787862201,127.75821400000001,-0.25356774193548387,0.210008218559758,-0.625,0.106,0.731,-0.2755,0.40825,0.329241631044592,33.604016,-7.677661290322579,59.47120409981666,-122.26,104.0,226.26,-15.9085,108.5575,59.96474464192246,1114688.885991,5.89591935483871,27.07435850829031,-46.641,67.466,114.107,-3.2744999999999997,35.59525,27.708893043104293,238012.653639,-1.1205709677419295,80.63093591920072,-126.595,125.389,251.98399999999998,-6.4655,153.328,80.63872212839189,2015807.0870150002,1.0755221682814529,0.08702032235578167,0.8506009640248475,1.2766416881803602,0.42604072415551264,1.0792010499503593,0.1510844124017967,1.0790368255846239,360.939346,94.50018371927459,43.99854698928717,15.161995548080075,166.11769078878987,150.9556952407098,110.00894955966534,77.01457295364044,104.24085983982077,3368508.6266449997,3.33275213779898,4.670356642509065,16.751670274364724,251.22460190557734,364.8723014586804,1400.9942611995266,0.6264310033212817,364.205071887124,3.5401474309386787,214.36038532897044,48.162047969215514,30.590687915178197,0.14270681528587853,0.3132155016606408,93019125.94125696,2.0696085840565854,79214877.65691239,12157984.323881928,1453681.1749329253,0.01835111304758892,310,97.09680551479865,3.274403333333263,0.9445610927245961,-0.18152933333332522,0.4845182415209526,1.0639245737649312,0.030972632709806658,2293.958275549038,1.5417996721061225,1242.8658415330124,1.6749999999999998,1.1104477545644913,0.18500000000000028,0.08241328897179137,1.0559014557294595,0.004607033383990294,0.4719888961337791,0.9026498687127128,-0.04594817197826645,1.0860335289708634,0.9935575531185993,-0.006996703386239478,5.702435786063254,0.8190108244152967,-1.0320791435541894,390.5587900455028,0.9325230443164942,-26.353718158378797,16.423053240206094,1.862667522848975,14.167634674972103,0.1233688724773823,1.1567488690840781,0.019337942808496225,36.66991545822455,1.1998540609512196,7.328631531062619,145.34984136932152,1.0385680081119495,5.605853871388263,95.72388117949775,1.088974439235937,8.51697866032302,381.9338377830765,0.955328555246682,-17.061536324396116,87504421.80783804,1.0630220052825368,5514704.133418918,2014097.5397867484,0.7217531158331255,-560416.3648538231,0.04234504256640408,0.4333708883419456,-0.02399392951881516
3.6210909999999785,0.679,-1.216,1.895,-0.6003526170798898,0.531615581364862,2162.707555609286,0,4,6,1108.833724,1112.454815,0.42566666666666664,0.5007917111182069,-0.312,1.234,1.546,0.49,0.9990000000000001,0.6572552388804616,156.810355,-0.20686776859504133,0.19548840899666053,-0.519,0.104,0.623,-0.238,0.3825,0.2846225425638967,29.406627,-2.230873278236915,46.50491969253668,-82.229,90.672,172.901,-2.672,91.0385,46.558397214603914,786869.419483,5.007801652892562,21.856592819929542,-31.725,47.221,78.946,0.641,40.725,22.422950900604253,182512.30793399998,0.7904517906336144,80.8517013641756,-115.237,131.42,246.65699999999998,0.29,165.199,80.8555652229032,2373156.941188,1.0716617555976178,0.0870282341849729,0.7941120827691769,1.3001553753301949,0.506043292561018,1.0842536603581285,0.13738796245323182,1.075189672548952,419.63991799999997,85.91144321810258,42.747156981273406,2.480203822269452,148.2775258560784,145.79732203380894,100.58987649361143,73.7069536026015,95.95882192794416,3342538.668605,3.505429848239504,5.036614279744962,25.94022415902222,259.30845550778105,373.1025569123282,1961.742534486847,0.5476236828588651,499.0035069789076,3.9355404363820456,277.2375892413965,74.97315126267468,25.060243889142242,0.0903926626862198,0.5476236828588651,120392026.98462477,1.8880179374441244,106952036.93732512,10657163.278507404,2487780.1073895246,0.02326070805783144,363,99.39369843888402,3.274403333333263,1.1058781158932594,0.34668766666671536,0.4845182415209526,1.097204449359887,0.0470973398439094,2293.958275549038,0.9427841729519836,-131.2507199397519,1.6749999999999998,1.1313432768278016,0.2200000000000002,0.08241328897179137,1.0559974575797668,0.004614945213181523,0.4719888961337791,1.072150819616058,0.0340543964272389,1.0860335289708634,0.9900151643270731,-0.010843856421911324,5.702435786063254,0.8832391034059602,-0.6658215063182924,390.5587900455028,1.2776655389269143,108.44471693340478,16.423053240206094,1.5259186892563816,8.637190648936148,0.1233688724773823,0.7327022898403237,-0.0329762097911625,36.66991545822455,1.165728266221801,6.077241523048855,145.34984136932152,1.003078645633466,0.44748066448741497,95.72388117949775,1.002454358677552,0.23494074844640522,381.9338377830765,0.9768774588505225,-8.831280870748287,87504421.80783804,1.375839351855941,32887605.176786736,2014097.5397867484,1.2351835292211901,473682.5676027762,0.04234504256640408,0.5493134769724227,-0.019084334508572644
3.4480000000000928,0.61,-1.304,1.914,-0.6118872832369942,0.5166736333163281,2451.28832714501,0,4,7,1112.467125,1115.915125,0.39804913294797684,0.5045440514941111,-0.31,1.161,1.471,0.4135,1.0605,0.6426568385528378,142.900703,-0.2176300578034682,0.2146752665753263,-0.599,0.149,0.748,-0.2485,0.39175000000000004,0.3056931666536371,32.333116000000004,-6.650213872832371,49.51048704209049,-84.046,76.962,161.008,-17.2975,101.50375,49.955116571772926,863447.7304080001,6.824578034682081,28.937149282379757,-41.176,68.473,109.649,-0.9844999999999999,47.8475,29.731018716858603,305840.981984,1.7439942196531766,80.71055226537993,-112.458,128.076,240.534,-4.458,169.836,80.72939218661818,2254963.227936,1.067994191092154,0.08486591083772935,0.855706725461475,1.3061102556828807,0.4504035302214058,1.0693656787737136,0.13959998377669935,1.0713607305799955,397.14358,89.66331879113659,43.094908885173865,6.758543260200381,145.03450829371607,138.2759650335157,102.6253099564251,75.20386751627873,99.4820682759583,3424251.940328,4.039486112937035,5.558787302892531,30.746192481324012,283.4757088976434,374.75848952702864,1337.5762597470334,0.5693240245090294,431.2511554655334,3.9933795638436096,239.68892200467224,51.31906941900411,29.9426479567686,0.12492295307221457,0.5693240245090294,111166675.54764882,1.6755004085861087,101209137.52862027,8325407.0678304555,1255691.95076554,0.012406902987494096,346,98.49305624006209,3.274403333333263,1.053016271504937,0.1735966666668296,0.4845182415209526,1.0663656770295784,0.03215539179537552,2293.958275549038,1.0685845306177728,157.33005159597224,1.6749999999999998,1.1426865603421699,0.2390000000000001,0.08241328897179137,1.0297599040025986,0.002452621865937976,0.4719888961337791,0.9542671964703865,-0.02158536591237331,1.0860335289708634,0.986489543955731,-0.01467279839086788,5.702435786063254,0.9748092747892239,-0.14364848317072276,390.5587900455028,1.1041901154093798,40.69236542003057,16.423053240206094,1.8232083584331582,13.519594716562505,0.1233688724773823,1.0125969414946852,0.0015540805948322661,36.66991545822455,1.1752115687999538,6.424993426949314,145.34984136932152,0.9513320669725049,-7.073876335805835,95.72388117949775,1.0392607052676932,3.7581870964605457,381.9338377830765,0.9812131119161657,-7.175348256047869,87504421.80783804,1.2704120917657586,23662253.73981078,2014097.5397867484,0.6234514098549993,-758405.5890212085,0.04234504256640408,0.2929953379568489,-0.029938139578909985
3.8619360000000142,0.838,-1.217,2.055,-0.5183229974160207,0.5757556109840755,2253.8886067106278,0,4,8,1115.924669,1119.786605,0.5248268733850129,0.46641265346131955,-0.229,1.257,1.486,0.689,0.9045,0.702128200783815,190.78481199999996,-0.24299224806201553,0.19943167945927948,-0.572,0.108,0.6799999999999999,-0.272,0.3795,0.31435366609947607,38.242654,-4.7190878552971585,47.47513672134739,-101.557,84.168,185.72500000000002,-20.26,84.5495,47.70910182445946,880873.299599,4.713447028423771,20.676760652712776,-33.969,58.214,92.18299999999999,-0.015,30.686999999999998,21.207192505829905,174051.32041,1.8920620155038832,76.49066681845618,-95.191,136.611,231.802,-16.183,149.31300000000002,76.51406412550952,2265653.5774839995,1.0883833127482132,0.08589095113745865,0.85124966960346,1.3152999657872724,0.4640502961838123,1.0872980272216077,0.12322412783114056,1.0917671413612302,461.286775,83.95282017799497,39.143701971578935,11.409219824335054,152.6305795736883,141.22135974935324,85.71589186376117,61.32207623559899,92.62993803235837,3320578.197493,3.7445549920209196,4.96359999468603,15.762219007124472,242.08615508347617,340.9211522749997,1870.2604179157343,0.5213051552237393,552.4420885385152,4.338970905512068,312.8818736024881,69.61944590083496,26.448814424394374,0.0845329073206455,0.5213051552237393,114740232.8068178,2.1568678712561296,98179301.49866286,15043064.912211375,1085255.0604278808,0.011053807104572455,387,100.87254753579357,3.274403333333263,1.1794319743360198,0.5875326666667511,0.4845182415209526,1.1883053098138603,0.09123736946312289,2293.958275549038,0.982532520632423,-40.06966883841005,1.6749999999999998,1.2268656643172202,0.38000000000000034,0.08241328897179137,1.0421977060626784,0.003477662165667278,0.4719888961337791,0.9831805157985712,-0.007938599949966763,1.0860335289708634,1.0052793971683418,0.005733612390366849,5.702435786063254,0.8704350513008339,-0.7388357913772241,390.5587900455028,1.414491499371982,161.88329849301243,16.423053240206094,1.6104687734640613,10.02576118418828,0.1233688724773823,0.6852044504508116,-0.038835965156736804,36.66991545822455,1.0674609273505957,2.4737865133543835,145.34984136932152,0.9715962426185651,-4.128481619968284,95.72388117949775,0.9676784610204582,-3.0939431471393846,381.9338377830765,0.892618350458132,-41.0126855080768,87504421.80783804,1.3112506823802605,27235810.998979762,2014097.5397867484,0.538829445441248,-928842.4793588675,0.04234504256640408,0.2610412889968255,-0.03129123546183163
4.141947000000073,0.582,-1.207,1.789,-0.5446192771084338,0.4915384205792072,1566.7287968576225,0,4,9,1119.796173,1123.93812,0.5725518072289156,0.47619712592339086,-0.295,1.236,1.531,0.778,0.8815,0.7447007954197412,230.15039900000005,-0.26911566265060244,0.19354490433913582,-0.61,0.115,0.725,-0.321,0.3145,0.3314858517033843,45.601391,-5.073214457831329,39.58192512824032,-75.511,79.725,155.236,-13.603,74.06099999999999,39.905717657909264,660873.5152440001,5.1541710843373485,18.632253778324475,-36.58,48.214,84.794,2.489,29.252,19.332003528514733,155096.439577,0.049556626506030196,66.63883498176054,-93.924,124.824,218.748,-26.519,119.09200000000001,66.6388534083949,1842905.7651880002,1.093469580185607,0.08370542211016227,0.8602796057096785,1.3236139920686847,0.46333438635900615,1.0974465818435082,0.1201740570384815,1.0966687378064206,499.113163,72.13890294170099,34.68296596562448,2.722302885426234,135.5174494373326,132.79514655190636,72.513073435071,59.67649731641768,80.04329731966831,2658875.720009,3.892046101189551,5.308002709085949,23.863941247728405,256.9504267503542,347.1432745203663,1467.7334728613528,0.7183301696955797,603.3556436352751,4.453245482783737,355.30126079671646,32.21100086927056,32.029352922101225,0.09014702860715476,0.4788867797970532,103585426.18726866,2.283127802339123,92165459.73228881,9540576.711669058,1281461.6009026174,0.013903924578956731,415,99.36900680788854,3.274403333333263,1.2649470959138684,0.8675436666668097,0.4845182415209526,1.0144889672085986,0.007020179058254639,2293.958275549038,0.6829805116990677,-727.2294786914154,1.6749999999999998,1.0680596951160617,0.1140000000000001,0.08241328897179137,1.0156785755999547,0.001292133138370899,0.4719888961337791,0.9816637220445179,-0.008654509774772945,1.0860335289708634,1.0097926983411907,0.010635208835557242,5.702435786063254,0.9308307710803853,-0.3944330769773048,390.5587900455028,1.5448522962433682,212.7968535897723,16.423053240206094,1.950267860313933,15.60629968189513,0.1233688724773823,0.7307112360662079,-0.033221843870227544,36.66991545822455,0.9458152690774045,-1.9869494926000684,145.34984136932152,0.9136242963303206,-12.554694817415168,95.72388117949775,0.8361894265571232,-15.68058385982944,381.9338377830765,0.9089094501976046,-34.790563262710236,87504421.80783804,1.183773620203387,16081004.379430622,2014097.5397867484,0.6362460484601414,-732635.9388841309,0.04234504256640408,0.32834826588426275,-0.02844111798744735
4.379325000000108,0.73,-1.363,2.093,-0.5833986332574033,0.4955027433366726,2073.7878272099565,0,4,10,1123.943959,1128.323284,0.47124601366742597,0.5048623968024019,-0.388,1.209,1.597,0.598,1.0214999999999999,0.6906220711087256,209.384933,-0.238378132118451,0.23336216063959234,-0.615,0.183,0.798,-0.317,0.431,0.33358961598146397,48.852812,-3.0549066059225476,45.53886062705079,-122.824,84.122,206.946,-17.496,76.626,45.64121253407786,914489.8036140001,2.93481776765376,17.266848773535898,-34.901,53.649,88.55000000000001,1.13,21.466,17.514486058617145,134666.420413,0.9073302961275652,65.72887090464035,-97.099,119.298,216.397,-20.244,113.7785,65.73513306189581,1896966.288494,1.0795293181773642,0.09345727435280675,0.9068969070407066,1.48050633230662,0.5736094252659135,1.0896816048736437,0.14926725691011722,1.083567169553388,515.437719,73.68576288158461,35.796558084575636,4.2924402150758025,139.31062083344543,135.01818061836963,73.79771141437924,60.17914227820654,81.92060316027653,2946122.5125209996,3.5589293845845344,5.155518183231675,38.870530815695794,233.03680018136677,325.1735923504184,1427.6546556975486,0.2264881260790742,841.6378659254245,4.26687713434628,536.6668962414869,91.42329734226408,28.046873863142004,0.0522612332883655,0.4529762521581484,123475725.16966835,2.4519303037959426,111243910.60746025,10442342.577791706,1212511.4107357576,0.01089957557330283,439,99.42828734871358,3.274403333333263,1.337442135501261,1.1049216666668449,0.4845182415209526,1.0226709556992715,0.010984501815720027,2293.958275549038,0.9040215985203891,-220.1704483390813,1.6749999999999998,1.249552231345957,0.41800000000000015,0.08241328897179137,1.1340071993088827,0.011043985381015378,0.4719888961337791,1.2153027704920916,0.10162052913213443,1.0860335289708634,0.9977290117395339,-0.0024663594174754166,5.702435786063254,0.9040905268571108,-0.546917602831579,390.5587900455028,2.1549581967053366,451.07907587992173,16.423053240206094,1.7077746406740806,11.62382062293591,0.1233688724773823,0.42361762738628,-0.0711076391890168,36.66991545822455,0.976183272513794,-0.8733573736489149,145.34984136932152,0.9289186650435398,-10.331660750951897,95.72388117949775,0.8558011035731423,-13.803278019221224,381.9338377830765,0.8513872303888151,-56.76024543265811,87504421.80783804,1.4110798359518812,35971303.36183031,2014097.5397867484,0.6020122594778263,-801586.1290509908,0.04234504256640408,0.25739903277273024,-0.03144546699310125
4.7509959999999865,0.711,-1.23,1.941,-0.5272436974789916,0.5042411965607508,1683.0707481091729,0,4,11,1128.335127,1133.086123,0.5718025210084035,0.4664087349748838,-0.314,1.252,1.566,0.7725,0.8714999999999999,0.7378992011734645,259.17973,-0.28532142857142856,0.21597395103115932,-0.613,0.136,0.749,-0.358,0.38975000000000004,0.3578450294835048,60.953259,-4.266420168067227,41.02524525349206,-73.924,83.954,157.878,-12.71,63.71,41.24649184063614,809805.99044,3.0037773109243706,18.436757602908184,-43.466,66.122,109.588,3.4275,20.00025,18.679847671809767,166093.873504,-1.357665966386556,62.127235540824955,-85.389,123.863,209.252,-19.366,90.6675,62.14206830176663,1838139.046743,1.0938717095820711,0.09076386965538952,0.7933101537229937,1.3340097450918418,0.540699591368848,1.0930972785644644,0.12894811748922108,1.097630810909945,573.4816569999999,66.39518205062537,38.77533044975147,2.4317339492633647,141.22214411699036,138.790410167727,66.73996256332872,66.6371015850566,76.88853263668847,2814038.9106869996,3.728557538645202,5.215205937033833,31.7143828909533,261.52178400718606,348.9767159985744,2306.8912880234348,0.20893489170975774,933.3247575933757,4.655681357355268,520.4357897559937,125.44080593279607,55.76225449694404,0.10714531089803934,0.6268046751292732,170331563.3111007,2.076711950499896,158334200.99531278,10332277.91896056,771040.5972584357,0.0048697034021175315,476,99.45300845384467,3.274403333333263,1.4509501432293272,1.4765926666667233,0.4845182415209526,1.0407062994590728,0.019722955039798262,2293.958275549038,0.7336971932059263,-610.8875274398649,1.6749999999999998,1.1588059632310095,0.26600000000000024,0.08241328897179137,1.101325523765969,0.008350580683598147,0.4719888961337791,1.145576907300431,0.06871069523506895,1.0860335289708634,1.0106785578188233,0.011597281939081716,5.702435786063254,0.914557589694252,-0.4872298490294211,390.5587900455028,2.38971643029911,542.7659675478728,16.423053240206094,3.395364652808653,39.339201256737944,0.1233688724773823,0.868495432125542,-0.01622356157934296,36.66991545822455,1.0574153213784012,2.1054149915269207,145.34984136932152,0.954871425043552,-6.559431201594521,95.72388117949775,0.8032325024982817,-18.835348542809285,381.9338377830765,0.9137098666487948,-32.957121784502135,87504421.80783804,1.9465480691381878,82827141.50326265,2014097.5397867484,0.3828218753199357,-1243056.9425283126,0.04234504256640408,0.11500052797150333,-0.03747533916428655
5.347259000000122,0.731,-1.162,1.893,-0.5792462686567165,0.4913312131277024,2020.0112216985651,0,4,12,1133.096171,1138.44343,0.48050186567164177,0.4870318111490728,-0.266,1.239,1.5050000000000001,0.689,0.98575,0.6841652051844457,250.891967,-0.2825055970149254,0.2392885209058933,-0.701,0.1,0.8009999999999999,-0.364,0.46149999999999997,0.3702275092184393,73.468667,-3.112554104477613,44.94453494807311,-113.969,119.725,233.694,-6.771000000000001,40.6905,45.05218324068065,1087918.7791070002,2.5872425373134327,20.592001110889566,-80.427,47.954,128.381,4.092,19.69475,20.75389924081162,230868.24286199998,-0.017013059701491105,58.29496293418467,-95.115,148.046,243.161,-11.267,72.236,58.294965416767894,1821490.4042170001,1.08289308778353,0.09708551768458915,0.9065765273819967,1.3743965948735466,0.4678200674915499,1.0889410829207367,0.16347091839161743,1.0872364219954338,633.5965080000001,61.738169578676725,45.24516502861214,3.467858849492003,182.68936530077497,179.22150645128298,58.62499484714452,73.5857982758327,76.54231863088413,3140277.426186,3.270466743367625,4.522193223880444,17.560418591888748,248.41170733830785,351.8404271573844,1770.1342397007668,0.18597205360501157,1353.9778569652658,3.957678877419375,980.9132467260318,97.87098567793132,76.40390474973152,0.0778905830907717,0.37194410721002313,294065852.0044916,2.4957310542506015,262691864.9422362,28458723.450971752,1811109.3071161984,0.006894424795051976,536,99.6810207322862,3.274403333333263,1.6330483570044068,2.0728556666668587,0.4845182415209526,1.0140613105602592,0.006812971606749818,2293.958275549038,0.880578885510151,-273.9470538504727,1.6749999999999998,1.1301492469841838,0.2180000000000002,0.08241328897179137,1.1780321731547214,0.014672228712797775,0.4719888961337791,0.9911675071425353,-0.004168828642229172,1.0860335289708634,1.0011075928886233,0.0012028930245704395,5.702435786063254,0.7930283453611867,-1.1802425621828103,390.5587900455028,3.4667709226896424,963.419066919763,16.423053240206094,4.652235098170477,59.98085150952543,0.1233688724773823,0.6313632864839452,-0.04547828938661061,36.66991545822455,1.2338497226103036,8.57524957038759,145.34984136932152,1.2330354457255037,33.87166508196145,95.72388117949775,0.7996157038321373,-19.181562548613627,381.9338377830765,0.9212077913557476,-30.093410625692115,87504421.80783804,3.360582767465943,206561430.1966536,2014097.5397867484,0.8992162848815896,-202988.23267055,0.04234504256640408,0.16281535568388708,-0.035450617771352104
6.192564999999831,0.825,-1.178,2.003,-0.5166790322580646,0.5167618237288623,1439.253666581998,1,4,13,1138.454615,1144.64718,0.5435193548387096,0.458549551914375,-0.306,1.247,1.5530000000000002,0.745,0.81525,0.7111124950703378,313.522208,-0.3132274193548387,0.2372460915544372,-0.714,0.115,0.829,-0.388,0.4295,0.3929339947033705,95.72621699999999,-2.424483870967744,37.93749684127826,-68.55,90.519,159.06900000000002,-10.603000000000002,37.718,38.01488903867248,895981.7089460001,4.95308064516129,17.326092706683557,-54.107,71.359,125.466,5.4885,16.569,18.02016915453527,201330.42774199997,0.7427241935483894,57.389361315460825,-79.405,145.221,224.626,-16.557,56.935249999999996,57.39416722476417,2042336.067483,1.0892512013568656,0.08723491285055666,0.8608896561116296,1.3562230642486508,0.4953334081370212,1.0889372817167944,0.1296319338096168,1.0927388112799048,740.328428,58.06490649261643,41.13897604958768,2.8927683972278184,156.21611136179266,153.32334296456483,47.64039051881787,50.323147843737786,71.16142716672312,3139648.204171,2.997809260834739,4.089952612955186,20.197153078457152,219.81698855943495,302.7848916306104,1485.3798473714041,0.1614679373132238,1462.657746851488,4.043330995961141,1042.2059924287537,143.38688953324746,58.726412943376396,0.05634818199994904,0.1614679373132238,325282419.9075291,2.4543973996188604,297985523.97273135,23321421.685682274,2732391.986702343,0.009169546058057452,620,100.11012113419876,3.274403333333263,1.8912040914592856,2.918161666666568,0.4845182415209526,1.0665476937281388,0.03224358220790968,2293.958275549038,0.6274105688479673,-854.7046089670398,1.6749999999999998,1.1958208883831591,0.3280000000000003,0.08241328897179137,1.0585052890603937,0.004821623878765294,0.4719888961337791,1.0494598531869421,0.023344512003242113,1.0860335289708634,1.0061740932194374,0.006705282309041438,5.702435786063254,0.7172290507468291,-1.6124831731080675,390.5587900455028,3.74503860646339,1072.0989568059852,16.423053240206094,3.5758523125192587,42.3033597031703,0.1233688724773823,0.4567455007163542,-0.06702069047743327,36.66991545822455,1.121872672033719,4.469060591363132,145.34984136932152,1.0548573119143263,7.973501595243306,95.72388117949775,0.7434030701894536,-24.562454012774637,381.9338377830765,0.7927679133647558,-79.14894615246612,87504421.80783804,3.717325515524891,237777998.0996911,2014097.5397867484,1.3566333967081028,718294.4469155946,0.04234504256640408,0.2165435039590063,-0.03317549650834663
5.4478039999999055,0.804,-1.259,2.063,-0.4833608058608059,0.5435854848530637,2351.341536331418,1,4,14,1144.658678,1150.106482,0.542915750915751,0.4703197613154021,-0.312,1.276,1.588,0.7645,0.8895000000000001,0.7183022974181485,281.713172,-0.29826373626373626,0.24855828254249057,-0.682,0.268,0.9500000000000001,-0.375,0.47475000000000006,0.38825568404142674,82.305392,-3.4680091575091563,48.490633490720846,-71.115,129.115,200.23000000000002,-17.412,43.8935,48.614489854856906,1290399.2686209998,4.116844322344323,18.348445952188428,-43.893,54.794,98.687,5.343500000000001,22.71325,18.804623794024664,193073.176315,-0.6801373626373651,61.509229778754644,-78.214,161.16,239.374,-16.389499999999998,54.77525,61.51298996803595,2065980.972405,1.089350594888514,0.09559705051964273,0.894069907781265,1.3636792144782437,0.46960930669697865,1.0838783909082197,0.14805248406323868,1.0935371574171655,652.919639,65.20598899594538,47.42372226798659,7.368442304856569,199.38811159645402,192.01966929159747,57.77877096230317,51.80281390678232,80.627727455823,3549453.417341,3.2893155626641057,4.362683947694587,21.69769979127599,294.42513745045375,364.46152459032265,1206.0620380185744,0.18688794198919884,1362.2429687133936,4.085392649584011,940.4185290956609,143.24174042406688,50.7343292088289,0.05394867034051031,0.5606638259675965,335233557.94257367,2.4105748958673563,312410863.63562655,19387547.577218633,1828898.2804586922,0.005854144312317471,546,102.04081632610257,3.274403333333263,1.6637547146083027,2.1734006666666423,0.4845182415209526,1.1219092018653436,0.05906724333211111,2293.958275549038,1.025014954013667,57.38326078238015,1.6749999999999998,1.231641783691691,0.38800000000000034,0.08241328897179137,1.1599711662114622,0.013183761547851364,0.4719888961337791,0.9949583572709525,-0.0023795894368004444,1.0860335289708634,1.0069091958738334,0.007503628446302146,5.702435786063254,0.7650562152241012,-1.3397518383686666,390.5587900455028,3.487933195716331,971.6841786678908,16.423053240206094,3.089214193967996,34.31127596862281,0.1233688724773823,0.4372956069404368,-0.069420202136872,36.66991545822455,1.29325965610912,10.75380680976204,145.34984136932152,1.321086197751541,46.66982792227594,95.72388117949775,0.8422948009829443,-15.096153723674746,381.9338377830765,0.9542530368513198,-17.47231319275386,87504421.80783804,3.8310470604417586,247729136.13473564,2014097.5397867484,0.908048515193721,-185199.25932805613,0.04234504256640408,0.1382486018440336,-0.036490898254086614
7.110359000000017,0.889,-1.263,2.152,-0.5311404494382022,0.5286455609861487,1465.2995379826232,1,4,15,1150.115771,1157.22613,0.5045898876404494,0.44495092244076334,-0.301,1.218,1.519,0.666,0.77725,0.6727497886212137,322.24570200000005,-0.33053230337078654,0.25785087161031683,-0.738,0.124,0.862,-0.397,0.4774999999999999,0.4192119697262922,125.125937,-2.6880688202247196,38.2792311571513,-84.885,117.969,202.85399999999998,-11.4505,31.079749999999997,38.373496738828585,1048437.9793990002,3.8694494382022473,16.813463599142526,-62.489,56.733,119.222,4.4425,18.313499999999998,17.25297647232194,211937.62037400002,0.19527106741572892,53.20684571839908,-78.565,145.771,224.33599999999998,-16.084,34.92,53.207204043167806,2015676.6722090002,1.086954094975232,0.09185888769212563,0.8391692320384488,1.3535298297414802,0.5143605977030313,1.0934441751066672,0.1407558940173872,1.0908287032488009,847.213969,53.06564029629678,42.252039372729904,1.150925279937842,179.78585375384793,178.6349284739101,36.056038138411,47.02794045351912,67.832123740973,3276052.2719819997,2.9479411064044507,4.097224961473628,20.919141009984763,246.91833102914296,345.17596819839395,2397.6540616406983,0.1398063290901832,2139.0404803093643,4.0144896724980486,1563.497846802342,220.5092813949648,89.51731765047425,0.05725451930297319,0.1398063290901832,452507114.28525966,2.675447230594329,425738344.53413403,19031919.816477653,5671641.268116843,0.013321894400475156,712,99.54210631221044,3.274403333333263,2.1714975995479664,3.8359556666667536,0.4845182415209526,1.091074607255095,0.0441273194651961,2293.958275549038,0.6387646861735223,-828.6587375664146,1.6749999999999998,1.2847761117326801,0.4770000000000003,0.08241328897179137,1.1146124331652751,0.009445598720334264,0.4719888961337791,1.0897726429977626,0.04237170156925224,1.0860335289708634,1.0044153003621614,0.0047951742779375195,5.702435786063254,0.7185043563843712,-1.6052108245896264,390.5587900455028,5.476871945464043,1748.4816902638615,16.423053240206094,5.450711039334351,73.09426441026815,0.1233688724773823,0.4640920640054423,-0.06611435317440911,36.66991545822455,1.1522262550439313,5.5821239145053525,145.34984136932152,1.2289998171220842,33.28508710458857,95.72388117949775,0.7086227898207614,-27.89175743852475,381.9338377830765,0.9037585415131582,-36.75786958468257,87504421.80783804,5.171248548775933,365002692.47742164,2014097.5397867484,2.815971498936107,3657543.7283300944,0.04234504256640408,0.31460332655353795,-0.02902314816592893
3.0019509999999627,0.518,-1.195,1.713,-0.4534252491694352,0.5163235727600751,1540.5953947596165,0,5,0,1338.507724,1341.509675,0.6703056478405317,0.4535435082639456,-0.39,1.195,1.585,0.856,0.6609999999999999,0.809327730536451,197.15842399999997,-0.24427242524916948,0.1293144158370891,-0.51,0.091,0.601,-0.23,0.19,0.276389645031066,22.993761999999997,-6.894687707641197,39.25041903928691,-76.366,54.595,130.961,-24.947,73.771,39.85137530055287,478027.766117,11.053325581395349,25.244597220216058,-52.977,51.16,104.137,11.878,38.977,27.55840516465474,228599.17426099998,-9.034717607973425,81.61722226012388,-98.87,145.221,244.091,-56.504,132.412,82.11575422362195,2029642.124606,1.0947602398033716,0.07132402830349797,0.8609419260321801,1.2631813013182234,0.40223937528604325,1.094578000875223,0.09323842606444521,1.097081172779742,362.279717,91.03593542567408,28.338196157334526,12.199231328243595,156.52597268504675,144.32674135680315,88.983200082937,26.01998645032438,95.34461128075918,2736269.0649840003,4.03789964026221,5.477189363177144,20.877200903328,262.4886196254625,389.45969556774753,2383.261865589193,1.2909497323482744,230.44894426725628,5.126582483596536,36.8054477348002,90.29542479571586,20.678478318194028,0.5618320000227532,0.6454748661741372,36378718.80043682,3.240919448254804,23752219.470416054,8661007.317047963,2985252.1381195085,0.12568308161002423,301,97.14396735920764,3.2247509999999693,0.9309093913579366,-0.22280000000000655,0.4984823994854872,1.0357909585876919,0.017841173274587896,2195.1550780010184,0.7018161997718704,-654.5596832414019,1.7329999999999999,0.9884593133960803,-0.019999999999999796,0.08481152366801202,0.8409708587830778,-0.013487495364514046,0.45304617078918136,0.8878551289967053,-0.0508067955031381,1.084759977821624,1.0113584434312157,0.01232119495811812,5.755689834479479,0.9516130144556946,-0.27850047130233424,437.5644621995043,0.5266628443808998,-207.11551793224803,23.864975722144262,0.8664780785987446,-3.1864974039502343,0.26519171808503944,2.1185879517425588,0.2966402819377138,31.631506040744977,0.8958851378076294,-3.2933098834104513,144.20668859924595,1.0008325047105304,0.1200527575572039,105.69851154052564,0.9020430835034312,-10.353900259766462,410.50271349477435,0.9487384193946818,-21.043017927026824,76718603.1837854,0.4741838001571634,-40339884.38334858,2668368.4167280276,1.1187556108837606,316883.7213914809,0.2206003546258201,0.5697319758433151,-0.09491727301579586
4.781087000000071,0.541,-1.197,1.738,-0.7245386221294364,0.4436476884565505,1383.1465118753229,0,5,1,1341.517062,1346.298149,0.25541753653444677,0.5210466592065826,-0.419,1.181,1.6,0.069,1.0755,0.5802824648735011,161.29258700000003,-0.15678705636743212,0.1857335863365124,-0.577,0.107,0.6839999999999999,-0.127,0.3225,0.24306202117522815,28.298911000000004,-6.44121294363257,37.19067775498751,-69.023,91.237,160.26,-8.962,66.0535,37.74434707423806,682400.5175729999,4.604939457202505,27.66374787265238,-48.962,61.664,110.626,2.794,47.603500000000004,28.044400756054312,376727.95019400003,4.376402922755738,74.52318167599412,-120.855,112.885,233.74,-6.0,154.45049999999998,74.65157406013306,2669398.7471249998,1.0533390076116678,0.089795916673213,0.8183190087001524,1.271095197064327,0.45277618836417455,1.0488498462601785,0.14469093365519603,1.057159577172489,535.323872,78.79336443305925,39.69366927863143,3.125287026818497,143.02091807144853,139.89563104463005,90.48750593313974,72.47512504847805,88.22687606099545,3728527.2148919995,3.47877071998796,4.995696996283953,26.36509395321311,266.0268575864056,384.69100617660234,2307.203025086489,0.6186642975901441,925.0265706769947,4.382882208608996,517.4947849891114,162.5232412726624,41.740844652291635,0.08065944983844293,0.20622143253004802,180752172.1192234,2.3437209465997766,150644037.59656402,26095848.368637763,3292857.053566732,0.021858528927545404,479,98.780066181893,3.2247509999999693,1.4826220645171972,1.556336000000102,0.4984823994854872,0.8899966779458982,-0.05483471102893672,2195.1550780010184,0.6300905688761459,-812.0085661256956,1.7329999999999999,1.0028851644380545,0.0050000000000001155,0.08481152366801202,1.0587701081401495,0.004984393005200982,0.45304617078918136,0.9994040509854062,-0.00026998242500680947,1.084759977821624,0.974556205096981,-0.027600400649134826,5.755689834479479,0.8679579913562461,-0.7599928381955259,437.5644621995043,2.114034960714189,487.46210847749035,23.864975722144262,1.7490419902698653,17.875868930147373,0.26519171808503944,0.3041552254321362,-0.18453226824659652,31.631506040744977,1.2548776278610538,8.062163237886455,144.20668859924595,0.9701050096483562,-4.3110575546159,105.69851154052564,0.8347031076101913,-17.471635479530192,410.50271349477435,0.9371217132578789,-25.81170731817201,76718603.1837854,2.35604096813673,104033568.93543799,2668368.4167280276,1.2340338886203894,624488.6368387043,0.2206003546258201,0.09908654940177275,-0.1987418256982747
1.8912149999998744,0.536,-1.212,1.748,-0.4482894736842105,0.5354759372398361,3661.723327368116,0,5,2,1346.305513,1348.196728,0.7278736842105262,0.29578026132872653,0.029,1.162,1.133,0.854,0.52525,0.7856755457298481,117.284352,-0.28415789473684216,0.1560656957343335,-0.56,0.202,0.762,-0.2895,0.21825000000000003,0.32419471082409074,19.969420000000003,-4.294836842105265,60.512175034187266,-91.405,95.939,187.344,1.4505,119.378,60.66439607272474,699232.100665,13.017457894736841,36.36360080985866,-51.298,83.802,135.10000000000002,10.733,60.40075,38.62338247616332,283435.47804099997,-0.3314684210526378,112.50167423599365,-136.916,138.611,275.527,-14.076,234.76299999999998,112.50216254461863,2404779.9496710002,1.0960741698592018,0.09331462602732507,0.8623154875102268,1.366438436227553,0.5041229487173262,1.1059663191750881,0.12296563809036543,1.100039183512641,229.916379,130.79399486460034,26.862652686268966,15.277548265346766,163.67524166165146,148.3976933963047,137.17201108135623,14.861350315840241,133.52404727982227,3387447.5283770002,5.250708137118937,6.794183143977338,23.458437256862144,331.910575246368,457.35743873997325,1503.3619600605891,0.5128284024934737,157.2178716542618,3.883388642218357,59.938477650143525,23.77183225024705,9.17560419594711,0.15308370439392202,1.0256568049869474,13024918.631695943,2.702736864250744,3358219.372112173,7786598.040901514,1726996.0584978422,0.5142594533398906,190,97.43739647376,3.2247509999999693,0.5864685348218226,-1.3335360000000949,0.4984823994854872,1.074212303283745,0.03699353775434888,2195.1550780010184,1.6680932313383174,1466.5682493670975,1.7329999999999999,1.0086555048548442,0.015000000000000124,0.08481152366801202,1.1002586793512983,0.00850310235931305,0.45304617078918136,1.1127407537994736,0.051076777928144856,1.084759977821624,1.0140853238159164,0.01527920569101715,5.755689834479479,1.1804289889758257,1.0384933094978592,437.5644621995043,0.3593021948363495,-280.3465905452425,23.864975722144262,0.38447992987431734,-14.689371526197151,0.26519171808503944,0.5772567096996043,-0.11210801369111742,31.631506040744977,0.8492372333828949,-4.768853354476011,144.20668859924595,1.0290624854330788,4.191004797058753,105.69851154052564,1.2632538086025513,27.825535739296626,410.50271349477435,1.1141398672743583,46.85472524519889,76718603.1837854,0.16977523170610564,-63693684.55208945,2668368.4167280276,0.6472105004958388,-941372.3582301855,0.2206003546258201,2.33118133876239,0.2936590987140706
3.244324000000006,0.495,-1.264,1.759,-0.6264246153846155,0.4935378074616804,2210.3064167968378,0,5,3,1348.205926,1351.45025,0.3699692307692308,0.5355591749027228,-0.451,1.163,1.614,0.42,1.1280000000000001,0.6509230841954075,137.70278,-0.19512000000000002,0.20269140105475236,-0.58,0.193,0.7729999999999999,-0.219,0.353,0.281346083074811,25.725575999999997,-6.160529230769226,47.01389599678841,-77.374,78.901,156.27499999999998,-10.763,96.488,47.41580471952364,730684.02459,7.572461538461539,32.56747965916397,-39.511,84.183,123.69400000000002,1.206,65.60300000000001,33.43625136138228,363344.444158,2.6318338461538446,89.45892272657929,-142.656,144.015,286.671,-11.954,182.50400000000002,89.49762792830795,2603193.256558,1.0628391927050782,0.0960036280765661,0.7903980010096179,1.3131070024944655,0.5227090014848477,1.0714238190370793,0.16340671687998398,1.0671662692166792,370.12424999999996,96.66623769373703,45.07444217329062,11.373370872349147,173.33181845235455,161.9584475800054,104.28379389914811,70.31292578977293,106.65864637756934,3697221.7253059996,3.716633054080871,5.05873208193197,18.621149245482737,274.97448405560897,385.31590126999646,1546.9288615329829,0.6216948177874615,486.75678939154795,3.787460864670657,265.0108712202814,111.13977566876076,24.926678588004584,0.09405907943430943,0.6216948177874615,107299438.12263474,1.7772760333268283,93776664.11748892,12391836.37096409,852207.2971067363,0.009087626491373598,325,101.02540789046249,3.2247509999999693,1.006069612797807,0.0195730000000367,0.4984823994854872,0.9900806890479638,-0.004944592023806815,2195.1550780010184,1.0069021723966527,15.151338795819356,1.7329999999999999,1.015002879313313,0.026000000000000023,0.08481152366801202,1.1319642968887302,0.011192104408554074,0.45304617078918136,1.1537653856265107,0.06966283069566631,1.084759977821624,0.983781003353308,-0.01759370860494469,5.755689834479479,0.8789097777365488,-0.696957752547509,437.5644621995043,1.1124230403302051,49.19232719204365,23.864975722144262,1.044487908463711,1.0617028658603225,0.26519171808503944,0.35468330823707805,-0.17113263865073003,31.631506040744977,1.4249856488331525,13.442936132545643,144.20668859924595,1.1230994147494853,17.751758980759462,105.69851154052564,1.0090837118986746,0.9601348370436966,410.50271349477435,0.9386439811329409,-25.186812224777896,76718603.1837854,1.3986104239357766,30580834.938849345,2668368.4167280276,0.3193739259407499,-1816161.1196212913,0.2206003546258201,0.04119497493482357,-0.2115127281344465
3.169503000000077,0.665,-1.385,2.05,-0.6681415094339622,0.4569803631471751,2195.197903370832,0,5,4,1351.459286,1354.628789,0.3630849056603773,0.5296315282194882,-0.427,1.129,1.556,0.40900000000000003,1.08175,0.6421372161793115,131.124185,-0.18365408805031447,0.20162319259317352,-0.543,0.141,0.684,-0.2,0.365,0.2727283187515675,23.653074,-4.128886792452828,46.85293911133891,-81.069,75.74,156.809,-8.069,91.40025,47.034515087494235,703494.103826,7.086540880503144,26.258950328990768,-44.015,56.641,100.656,1.5875,41.271,27.198373738726485,235240.98782199997,3.385754716981132,90.7461225981596,-123.649,148.489,272.13800000000003,-9.7865,191.3895,90.80926220162661,2622330.4283099994,1.0643218900693732,0.09583310232663267,0.7458780061109189,1.3911110667376634,0.6452330606267445,1.0806860985297633,0.14912596958661117,1.068627656942487,363.14489199999997,97.55965534343842,40.993083494907395,11.39492386986416,164.74812718510643,153.35320331524227,114.13388804608493,54.34495040022519,105.82211132438694,3561065.5199579997,3.971057400534215,5.672661960731739,24.61332308291424,376.430680643682,599.0858125541195,4412.5653735445,0.624248950486704,464.41764468621386,4.074536141851923,230.3780030396197,92.73916897123965,27.825130219742977,0.12078032560144161,0.624248950486704,84967203.02717127,2.1841400297623963,70558169.81831935,11910427.87444718,1823774.0975800331,0.02584780901029717,318,99.25558312738595,3.2247509999999693,0.9828675113741905,-0.05524799999989227,0.4984823994854872,0.9167432078874181,-0.04150203633831212,2195.1550780010184,1.0000195090361692,0.042825369813726866,1.7329999999999999,1.182919785441894,0.31699999999999995,0.08481152366801202,1.1299536534943904,0.011021578658620648,0.45304617078918136,1.4242103520280962,0.1921868898375631,1.084759977821624,0.9851282024961733,-0.016132320879136852,5.755689834479479,0.9855746424857527,-0.08302787374773946,437.5644621995043,1.0613696604635419,26.853182486709557,23.864975722144262,1.1659400173730199,3.9601544975987153,0.26519171808503944,0.45544529791182176,-0.14441139248359783,31.631506040744977,1.2959573732956018,9.361577454162418,144.20668859924595,1.0634264249058547,9.146514715996318,105.69851154052564,1.0011693615363941,0.12359978386129455,410.50271349477435,1.4593954993360885,188.5830990593451,76718603.1837854,1.1075175967897342,8248599.843385875,2668368.4167280276,0.6834791201045436,-844594.3191479945,0.2206003546258201,0.11717029141878318,-0.1947525456155229
3.3780859999999397,0.615,-1.256,1.871,-0.5971356932153393,0.5220386341734223,1809.8975415637344,0,5,5,1354.638962,1358.017048,0.42789675516224185,0.5269162118926051,-0.346,1.159,1.505,0.541,1.0375,0.6787756090444237,156.189615,-0.16759587020648967,0.17347077856340296,-0.494,0.104,0.598,-0.183,0.3325,0.24120631568361497,19.723185,-6.138734513274336,42.54289061128468,-92.076,81.053,173.129,-14.977,67.756,42.983503847269134,626330.163413,4.1574395280236,23.000631094042163,-32.092,59.313,91.405,-0.214,35.8475,23.373346661387462,185200.220278,-1.4909351032448368,87.08318828254404,-120.733,152.427,273.15999999999997,-11.573,164.5425,87.09595035898685,2571553.848869,1.06781600592143,0.08821090260683634,0.8659549641869373,1.3148901094768337,0.4489351452898964,1.068286010392348,0.14331593678585752,1.0714533054877882,389.17613099999994,89.27325741982702,44.8317411632651,5.317851257792004,164.36641000824957,159.04855875045757,97.89336630231897,67.40660111256253,99.89794545473244,3383084.2325600004,3.647804227032718,5.182449027698316,17.8974591617045,275.65086425843447,391.8025559213054,1736.7546236783405,0.5788848564659225,447.1095360241049,3.9634020923812634,245.65528628799848,77.71580257941055,16.50410210392953,0.06718398920961466,0.5788848564659225,115488997.94635357,1.8990999266081936,104287566.05284376,9692912.431135638,1094179.146717656,0.010491942502169645,339,98.12098317097387,3.2247509999999693,1.0475494044422275,0.15333499999997047,0.4984823994854872,1.047255879524914,0.023556234687935107,2195.1550780010184,0.824496437492536,-385.257536437284,1.7329999999999999,1.0796306919813579,0.13800000000000012,0.08481152366801202,1.0400814463765138,0.0033993789388243184,0.45304617078918136,0.9909257915117533,-0.004111025499284937,1.084759977821624,0.987733063089322,-0.013306672333835756,5.755689834479479,0.9004044984579942,-0.573240806781163,437.5644621995043,1.0218140974392715,9.545073824600593,23.864975722144262,0.6915616545840351,-7.3608736182147325,0.26519171808503944,0.2533411946698076,-0.19800772887542478,31.631506040744977,1.417312887073527,13.200235122520123,144.20668859924595,1.1029208165331938,14.841870151211623,105.69851154052564,0.9451215914897682,-5.800566085793207,410.50271349477435,0.9544457150506717,-18.70015757346897,76718603.1837854,1.5053584548416588,38770394.762568176,2668368.4167280276,0.4100555005291744,-1574189.2700103717,0.2206003546258201,0.04756085748074788,-0.21010841212365045
3.674825999999939,0.91,-1.246,2.156,-0.494516304347826,0.5924463695737571,1923.986307390706,0,5,6,1358.026466,1361.701292,0.5169239130434783,0.5147600271146964,-0.376,1.33,1.706,0.658,0.965,0.7295123147632975,195.84526400000001,-0.15774184782608697,0.16404261505202627,-0.512,0.315,0.827,-0.17,0.26749999999999996,0.2275795907121191,19.059629,-1.0903505434782603,43.86326831633395,-68.305,89.344,157.649,-17.633499999999998,82.1185,43.87681815832102,708464.4631849999,5.877828804347827,21.272685293549788,-36.55,75.115,111.66499999999999,3.855,30.354499999999998,22.069798618284455,179243.972067,-0.7596413043478255,91.80789552905894,-118.489,163.725,282.214,-48.954,167.1415,91.81103820557674,3101970.1589900004,1.0819334713750182,0.09455013011815022,0.6991859552365165,1.3399944029733855,0.640808447736869,1.079000668439762,0.1279818002858959,1.0860569798988249,434.063273,96.61295424193113,38.82595770592641,3.583249642433527,181.16839659830296,177.58514695586945,96.63909992549655,43.51354435307037,104.12261002844612,3989678.594242,4.608693838591465,5.975967501098284,19.04945810630606,311.3770850755366,433.2802780739658,2220.09945605436,0.5470890485941069,605.38714272488,4.873860488408484,279.42564881736706,61.35935015128776,86.92152910149723,0.3110721204952754,0.5470890485941069,102073963.5638897,2.0764743396964853,94287301.05028103,5458006.338889811,1600914.397146784,0.016979109374369052,368,100.66438494131567,3.2247509999999693,1.1395689120196522,0.4500749999999698,0.4984823994854872,1.1885000519582136,0.09396397008826984,2195.1550780010184,0.8764694242622657,-271.1687706103123,1.7329999999999999,1.2440853938598653,0.42300000000000026,0.08481152366801202,1.1148263217153833,0.009738606450138201,0.45304617078918136,1.4144439902806731,0.1877622769476876,1.084759977821624,1.0011956488917015,0.0012970020772009594,5.755689834479479,1.038271286773745,0.22027766661880488,437.5644621995043,1.383538186963234,167.82268052537574,23.864975722144262,3.642221558365999,63.05655337935296,0.26519171808503944,1.173008384317038,0.04588040241023594,31.631506040744977,1.2274457511962822,7.194451665181436,144.20668859924595,1.2314626226323555,33.3784583566235,105.69851154052564,0.9850905987325449,-1.5759015120795254,410.50271349477435,1.055487001230082,22.77756457919145,76718603.1837854,1.3304982015817408,25355360.380104303,2668368.4167280276,0.5999600306729124,-1067454.0195812436,0.2206003546258201,0.07696773032614353,-0.20362124525145103
4.548841000000039,0.73,-1.278,2.008,-0.5372258771929824,0.5248346350565407,1147.3615667205245,0,5,7,1361.707035,1366.255876,0.5401688596491229,0.5121123052154533,-0.378,1.31,1.6880000000000002,0.7705,0.9302499999999999,0.7443395798207423,252.64288299999998,-0.19024561403508772,0.1791041087719903,-0.509,0.135,0.644,-0.227,0.31575,0.2612884908268952,31.131884,-3.656848684210525,33.87272600072992,-64.382,67.679,132.061,-12.649000000000001,53.10325,34.06954811880746,529294.7537130001,5.452414473684209,20.689791249840667,-35.74,54.183,89.923,4.2364999999999995,34.16075000000001,21.396174554224046,208755.10621300002,0.43521271929824734,74.18994044946754,-106.611,146.687,253.298,-20.084,124.2675,74.1912169600053,2509977.5233469997,1.0850060700408968,0.09559262932583396,0.844988757321658,1.346545580364809,0.501556823043151,1.0893371750637595,0.14814204920441654,1.0892089435948538,540.9875119999999,73.51750422132916,41.449290001735704,3.9586570955312608,159.19132193370342,155.23266483817216,68.82224657509957,63.85372365522805,84.39707973965179,3248027.3832730004,3.5932759487175585,4.7590699303629975,19.832930796974345,295.4982920500003,400.5529954580021,2483.190368025189,0.21612126304807502,950.404482207852,4.368038633137318,496.23164030754947,267.67418400468273,35.39810980637161,0.07133384276689729,0.6483637891442251,178621831.4651461,2.365354972510765,155732893.03445953,20829520.396648012,1202682.4716004692,0.007722726061053445,456,98.5512959499222,3.2247509999999693,1.4106022405742522,1.3240900000000702,0.4984823994854872,1.0528649057009918,0.026352235571053484,2195.1550780010184,0.5226790481518616,-1047.793511280494,1.7329999999999999,1.1586843556913773,0.27500000000000013,0.08481152366801202,1.12711827261636,0.010781105657821935,0.45304617078918136,1.1070765946408967,0.04851065225396961,1.084759977821624,1.0041013273195707,0.0044489657732298404,5.755689834479479,0.8268461398988723,-0.9966199041164812,437.5644621995043,2.172033070073231,512.8400200083477,23.864975722144262,1.4832661136417211,11.533134084227346,0.26519171808503944,0.2689896976877897,-0.19385787531814214,31.631506040744977,1.3103799084128496,9.817783960990727,144.20668859924595,1.07645953412607,11.025976238926205,105.69851154052564,0.7984698980298184,-21.301431800873857,410.50271349477435,0.9757621138193608,-9.949718036772254,76718603.1837854,2.3282727272450927,101903228.2813607,2668368.4167280276,0.4507182981408552,-1465685.9451275584,0.2206003546258201,0.03500776652909277,-0.21287762856476664
4.5831490000000485,0.844,-1.242,2.086,-0.4899803921568627,0.5690345124014761,1289.30117580732,1,5,8,1366.262856,1370.846005,0.5027363834422658,0.5307761593909152,-0.374,1.354,1.7280000000000002,0.732,1.012,0.7310726383981137,245.320446,-0.18481917211328974,0.20496887478939352,-0.585,0.221,0.8059999999999999,-0.187,0.3715,0.2759897933132164,34.962198,-4.313681917211332,35.90684023702615,-87.634,72.137,159.77100000000002,-13.16,54.405,36.16502492035912,600330.2436180001,7.6959586056644875,19.962342456352452,-36.489,73.405,109.894,5.695,25.511499999999998,21.394459451100722,210094.808899,1.4262897603485887,80.51285227784358,-108.031,162.931,270.962,-24.916,132.81650000000002,80.52548468897493,2976318.3411370004,1.0794503577079126,0.09646530399003062,0.805531501556581,1.3736418747257235,0.5681103731691425,1.0774845706551903,0.12984303413922227,1.083752107093513,539.1040509999999,78.71132385602368,45.32673718592021,5.8814714145356515,172.65607432696947,166.77460291243383,78.01805023839034,67.89853409894266,90.82943139252455,3786743.393654,3.7281083115362312,5.167129079093046,24.403413949974496,305.53663788829635,441.41624118283056,3071.339016756096,0.21556911269692008,980.2518031929058,4.135372927767967,643.8165739021484,99.01990233850279,44.602084418690204,0.06927762692977263,0.6467073380907602,216423437.62364075,2.1573986976148314,203506689.30279908,8446765.188201778,3423832.943025087,0.016824178874684268,459,98.94622272788631,3.2247509999999693,1.4212412015029006,1.3583980000000793,0.4984823994854872,1.1415337864957156,0.07055211291598884,2195.1550780010184,0.5873394498285412,-905.8539021936983,1.7329999999999999,1.203693010942337,0.353,0.08481152366801202,1.1374078479424314,0.011653780322018595,0.45304617078918136,1.253978947972866,0.11506420237996112,1.084759977821624,0.9990708721381447,-0.0010078707281109267,5.755689834479479,0.8977427934288458,-0.5885607553864327,437.5644621995043,2.240245467474835,542.6873409934014,23.864975722144262,1.86893483233736,20.737108696545942,0.26519171808503944,0.2612360024576531,-0.1959140911552668,31.631506040744977,1.4329617158665982,13.695231145175232,144.20668859924595,1.1564970010811337,22.567914313187885,105.69851154052564,0.8593255482988196,-14.869080148001089,410.50271349477435,1.0753065123836183,30.913527688056206,76718603.1837854,2.821003363489055,139704834.43985534,2668368.4167280276,1.2831185234996159,755464.5262970594,0.2206003546258201,0.07626541734516738,-0.20377617575113582
4.712019000000055,0.972,-1.236,2.208,-0.5080889830508474,0.5676907807869449,1680.2708459528872,1,5,9,1370.856227,1375.568246,0.4882436440677965,0.5163111969328635,-0.564,1.272,1.8359999999999999,0.6795,0.97825,0.7106047481201118,238.34069900000003,-0.1991906779661017,0.2146273812784744,-0.557,0.23,0.787,-0.2735,0.419,0.29281707426830633,40.470147999999995,-2.842338983050847,40.99110691299867,-75.771,100.061,175.832,-9.16,60.89675,41.089533178748304,796901.075792,5.504881355932204,22.032370460309767,-36.458,74.275,110.733,7.1145,34.4925,22.70966901659336,243424.11955,-1.1759872881355908,78.28991693116568,-117.191,155.405,272.596,-17.0535,136.63,78.29874864383643,2893687.5864979997,1.0780401875879972,0.09464427223699017,0.8793554457669549,1.334541494296824,0.455186048529869,1.0745768929352584,0.1418941746802782,1.0821867603708861,552.7725029999999,79.43745695688997,44.99403599482501,6.267820115478746,182.71540196436646,176.44758184888772,80.74911684504393,65.74473850651447,91.29497709557386,3934012.78184,3.4232788513908736,4.533644094333536,14.001650888795192,294.7371932869984,421.35331843962683,2541.9673644499194,0.2135729907011507,997.7981034631832,3.91391688495026,675.5059441863051,115.20560848147332,39.98061946137642,0.0591861845256507,0.6407189721034521,225509416.96870863,2.4116037838743343,200020593.47441596,20672295.012096997,3537536.7750762245,0.01768586280856476,472,100.80645161094313,3.2247509999999693,1.4612039767994676,1.4872680000000855,0.4984823994854872,1.1388381414960895,0.06920838130145768,2195.1550780010184,0.7654451673069693,-514.8842320481313,1.7329999999999999,1.274091164027172,0.4750000000000003,0.08481152366801202,1.1159363372376643,0.009832748568978145,0.45304617078918136,1.0047232883344477,0.0021398777406876346,1.084759977821624,0.9976278370518578,-0.002573217450737797,5.755689834479479,0.7876804026683166,-1.2220457401459424,437.5644621995043,2.280345388253768,560.2336412636789,23.864975722144262,1.6752843124632069,16.11564373923216,0.26519171808503944,0.22318261943174703,-0.20600553355938875,31.631506040744977,1.4224436839220724,13.362529954080035,144.20668859924595,1.223574187512233,32.24089324964177,105.69851154052564,0.863730016216296,-14.403534444951788,410.50271349477435,1.0264324804145937,10.850604944852478,76718603.1837854,2.9394359074614953,148790813.78492326,2668368.4167280276,1.3257302675670117,869168.3583481968,0.2206003546258201,0.08017150306420992,-0.20291449181725532
6.098651999999902,0.711,-1.253,1.964,-0.5959803600654665,0.464622701698294,1132.2675160342385,1,5,10,1375.576718,1381.67537,0.3916121112929623,0.575277988833197,-0.499,1.247,1.746,0.58,1.209,0.695920117648067,295.910239,-0.18613584288052373,0.22045382341212133,-0.525,0.192,0.7170000000000001,-0.266,0.467,0.2885245921266778,50.863575,-3.955373158756138,33.64918299207633,-61.374,85.115,146.489,-8.443,30.717000000000002,33.8808573217864,701374.5331369999,3.247392798690671,17.850849714092146,-42.198,56.443,98.64099999999999,2.656,21.2365,18.143825272088893,201140.219653,0.12469885433715337,61.2665682723727,-81.115,141.466,222.58100000000002,-9.557,54.855000000000004,61.26669517509148,2293454.449921,1.0620865901931378,0.10290855094822857,0.8295546998239477,1.3185124193575124,0.4889577195335647,1.0612544463982236,0.18498814241849715,1.0670604926274565,695.695656,57.4242580365302,43.967867983277436,2.2991411439926868,159.28436998651185,156.98522884251915,54.65901146197212,63.71236357569004,72.32370860264922,3195969.2027109996,3.516139278122429,4.824491287012468,25.450877926119816,259.0069278564474,378.5079750492689,2413.0159440019765,0.161909404078657,1976.766400828517,3.5668945499783344,1475.0572159456663,74.96085670984992,105.75690906808784,0.07169681821431557,0.323818808157314,360847116.22965807,2.409016398794604,341659618.579604,15759998.377350751,1852438.7146276273,0.005421883693275925,611,98.92664589205943,3.2247509999999693,1.891200896158479,2.8739009999999325,0.4984823994854872,0.9320744179877043,-0.03385969778719322,2195.1550780010184,0.5158029732733785,-1062.88756196678,1.7329999999999999,1.1332948578575024,0.2310000000000001,0.08481152366801202,1.2133792008885946,0.018097027280216546,0.45304617078918136,1.079266839159371,0.03591154874438335,1.084759977821624,0.9836834918388622,-0.01769948519416742,5.755689834479479,0.8382125196756107,-0.9311985474670106,437.5644621995043,4.517657560320902,1539.2019386290126,23.864975722144262,4.431469373993183,81.89193334594357,0.26519171808503944,0.2703584260792797,-0.19349489987072388,31.631506040744977,1.390002357546359,12.33636194253246,144.20668859924595,1.088612673631935,12.778540243273198,105.69851154052564,0.6842452891881764,-33.374802937876424,410.50271349477435,0.9220596176275133,-31.994738445505448,76718603.1837854,4.703515200416522,284128513.0458727,2668368.4167280276,0.69422149618271,-815929.7021004003,0.2206003546258201,0.024577854630804735,-0.21517847093254416
4.022863000000143,0.784,-0.675,1.459,-0.1075086848635236,0.4670562017382291,2460.1043172818995,0,6,0,1559.1861,1563.208963,-0.33015880893300253,0.4257823971439966,-0.858,0.664,1.522,-0.547,0.62,0.538790765356782,116.98908200000001,-0.5714516129032259,0.33315621194039063,-1.134,0.034,1.168,-0.643,0.621,0.6614756287605529,176.33265300000002,0.3313126550868492,49.59943867910099,-68.824,101.832,170.656,0.321,92.374,49.60054521229903,991466.2763990001,2.675012406947888,54.556986307440205,-90.611,75.649,166.26,28.641,112.6035,54.62252691269,1202399.03987,-0.34804218362282985,34.41033591195969,-88.168,46.779,134.947,0.0,51.1145,34.41209599741759,477229.517427,0.976558678900308,0.0622756440803812,0.8414428085140427,1.1977399550820704,0.3562971465680277,0.9751922887307919,0.09043519144306389,0.9785423389823975,385.890679,75.82518736982625,29.640645116985723,7.971800800321091,141.51976779588074,133.54796699555965,76.3017926722564,31.344298401921,81.41269484926995,2671094.833696,3.5798423278375284,4.800317146388953,21.4025761402084,196.13494565872176,274.6823878728549,1900.7323414886137,0.25267446445505065,314.9318268161623,4.653537127352612,144.66736684799582,37.451884785333135,14.068126447313249,0.09724464302389906,0.25267446445505065,71343662.40292175,2.091403682961299,62208647.01562344,7925349.941037755,811460.6809323,0.013044178259149487,403,101.82780917538543,4.236310333333374,0.9496148001363663,-0.21344733333323074,0.4719934669465911,0.989539526604685,-0.004937265208362018,2491.8756037564913,0.9872500511516028,-31.77128647459176,1.4480000000000002,1.0075966781243324,0.010999999999999899,0.061583313924765126,1.0112420069508081,0.0006923301556160735,0.3437477270444879,1.03650761349424,0.012549419523539773,0.9766134929403533,1.0019750249574033,0.001928846042044241,4.560403349976737,1.0526080189567792,0.23991379641221577,369.2938920419695,0.8527945725456054,-54.362065225807214,21.005049272322115,0.669749747226397,-6.936922825008866,0.14774532416078456,0.658190957949793,-0.05050068113688551,31.622702301585914,0.9373217008758291,-1.9820571846001904,127.0575794671807,1.0510822537709732,6.490387528378946,79.56896476976443,1.0231714723775622,1.8437300795055194,281.6831991397732,0.9751465075018695,-7.0008112669182765,104419102.85212582,0.6832433956452949,-33075440.449204072,936628.588461663,0.8663633492813306,-125167.90752936294,0.017092444668117084,0.763154181914027,-0.004048266408967598
5.102386999999908,0.735,-0.717,1.452,-0.1745909980430528,0.4731386137126121,2099.7358203979534,0,6,1,1563.215239,1568.317626,-0.38340900195694716,0.4369450778013813,-0.77,0.747,1.517,-0.628,0.504,0.5813118472872177,172.67889000000002,-0.44125048923679056,0.37280871297806784,-1.168,0.088,1.256,-0.46,0.7475,0.5776576241374041,170.514737,-3.5196281800391365,45.82287442313013,-90.29,86.687,176.977,-9.42,85.85499999999999,45.95784593433073,1079295.161094,1.5255068493150679,48.63245104146853,-92.626,91.496,184.122,2.718,79.5035,48.65637127291903,1209763.0998439998,-1.2020136986301375,28.93500399586143,-59.282,68.87,128.152,0.336,43.382,28.95996017214477,428565.11881099996,0.9598796295739394,0.06771303887071106,0.845613386838217,1.1909109958347013,0.3452976089964843,0.9455738998089995,0.10299326357661465,0.962265014901877,473.162473,61.73803199456189,38.81572834538191,3.73307942588957,136.87742471642284,133.14434529053327,68.96761751720875,70.88626795412051,72.92630089031002,2717623.3797489996,2.7239009349137184,4.133126039859987,22.837648787428137,184.0909615176832,259.2763213412612,1340.2988375712962,0.19553828561696368,598.6271559861916,3.868873104618964,342.3813616435199,96.35310279229114,32.83811138831862,0.09591092000372921,0.19553828561696368,196710383.0676167,2.080368897962603,179025257.3671849,16572670.074711256,781020.8250656996,0.0043626292543951384,511,99.92006395026844,4.236310333333374,1.2044412676303253,0.866076666666534,0.4719934669465911,1.0024261707458948,0.0011451467660210102,2491.8756037564913,0.8426326808706601,-392.1397833585379,1.4480000000000002,1.0027624240140716,0.0039999999999997815,0.061583313924765126,1.099535305262744,0.006129724945945936,0.3437477270444879,1.0045087480875425,0.0015498819519964013,0.9766134929403533,0.9853079155722542,-0.014348478038476276,4.560403349976737,0.9063071210177054,-0.4272773101167502,369.2938920419695,1.6210047576469224,229.3332639442221,21.005049272322115,1.5633436964109022,11.833062115996508,0.14774532416078456,0.6491637827246287,-0.051834404157055355,31.622702301585914,1.2274639897286899,7.193026043795999,127.0575794671807,1.0479055703595057,6.0867658233525646,79.56896476976443,0.9165168994237847,-6.6426638794544175,281.6831991397732,0.9204536235169707,-22.40687779851197,104419102.85212582,1.8838543685458597,92291280.21549088,936628.588461663,0.8338639613258603,-155607.76339596335,0.017092444668117084,0.255237140545579,-0.012729815413721946
3.5836810000000696,0.754,-0.679,1.433,-0.0220416666666666,0.4757855853889322,2915.786673589622,0,6,2,1568.329818,1571.913499,-0.2715722222222222,0.4297109756123625,-0.778,0.616,1.3940000000000001,-0.4405,0.728,0.5083335464480427,93.02507800000001,-0.641225,0.28593053145728325,-1.093,0.033,1.126,-0.696,0.42024999999999996,0.7020867250165356,177.45327699999999,-5.204680555555561,53.9980247193323,-69.008,85.389,154.397,-28.527,108.48825,54.248275302307995,1059435.134379,2.9992166666666686,55.21989625556424,-107.176,87.603,194.779,15.977,106.828,55.30128608892282,1100963.607512,1.3978444444444436,33.38982964339129,-76.366,47.954,124.32,12.5495,53.504,33.419076778175004,402060.489374,0.9875159374685153,0.05476125882320313,0.862853985330079,1.1925024108990305,0.3296484255689516,0.9867899878326722,0.07267766035847101,0.9890331249367851,352.147148,80.12716546613625,26.4117334423901,14.129853714741705,128.61027983019088,114.48042611544918,82.16503485476966,24.38972633909499,84.36789856971338,2562459.231265,3.418583313711175,4.74776686368127,24.513063796554665,206.4725374519291,311.0908882052033,2994.9232480282485,0.2767813648607532,194.32269332355463,5.454139152537428,64.41492164043352,29.785976197863107,16.10890998133447,0.2500804094547254,0.5535627297215064,45203263.085839055,2.5292417545988357,35942879.71040029,7554657.61358,1217404.2593869893,0.03387052649080662,360,99.64129134987115,4.236310333333374,0.8459439251516739,-0.6526293333333042,0.4719934669465911,1.0080342390892199,0.0037921184423410637,2491.8756037564913,1.1701172679656984,423.91106983313057,1.4480000000000002,0.989640877143364,-0.015000000000000124,0.061583313924765126,0.8892222006415835,-0.006822055101561995,0.3437477270444879,0.9589835511449153,-0.014099301475536341,0.9766134929403533,1.0127170287519467,0.012419631996431812,4.560403349976737,1.0410848534471495,0.18736351370453264,369.2938920419695,0.5262006697262359,-174.97119871841488,21.005049272322115,0.7669065549344726,-4.896139290987644,0.14774532416078456,1.692645056273481,0.10233508529394086,31.622702301585914,0.8352143084467952,-5.2109688591958125,127.0575794671807,0.9010121756334076,-12.577153351731525,79.56896476976443,1.0603116278216225,4.798933799948941,281.6831991397732,1.1043998688746566,29.407689065430134,104419102.85212582,0.43290223580884535,-59215839.76628677,936628.588461663,1.299772689392777,280775.6709253263,0.017092444668117084,1.9816069223799684,0.01677808182268954
4.291621999999961,0.695,-0.666,1.361,-0.1105697674418605,0.4715255089574903,1855.0150750769928,0,6,3,1571.923955,1576.215577,-0.3553116279069768,0.4349608970445677,-0.81,0.681,1.491,-0.6154999999999999,0.58175,0.5616380817605952,135.638054,-0.5259209302325581,0.34407272524802046,-1.082,0.047,1.129,-0.609,0.6487499999999999,0.6284734402632135,169.840912,-4.89053023255814,43.069885942233384,-66.794,80.489,147.28300000000002,-10.748,73.74449999999999,43.34665340060935,807940.915244,1.2313767441860428,54.17414050987468,-90.137,84.55,174.687,3.0075000000000003,111.94675000000001,54.18813328275637,1262632.1291280002,-0.8465976744186084,37.17219600051798,-88.489,53.16,141.649,4.259499999999999,42.59075,37.18183539207359,594470.219743,0.9698504722766387,0.06609266596641877,0.8100981422025358,1.2234251100905196,0.41332696788798373,0.9666167527912946,0.10142350329202166,0.9720998812209408,406.34061699999995,69.96071887636973,36.10087044833057,5.697622398860774,139.28493306169193,133.58731066283116,75.57227559051772,52.554179261082595,78.72594891664109,2665043.264115,3.052715807785274,4.385884177130083,28.447503236790336,188.995182696074,267.1706220278027,1178.383518460918,0.23436273257939524,403.9150398690793,4.364496146910646,205.15528331168477,57.01558375885505,10.412618165163318,0.05075481360543987,0.23436273257939524,120487591.00418921,2.0450104419761606,112275486.97487448,5659891.975180213,2281024.0490691494,0.020316314010551628,430,100.77597500913996,4.236310333333374,1.0130565638925937,0.05531166666658738,0.4719934669465911,0.9990085286938112,-0.0004679579891008201,2491.8756037564913,0.744425232252012,-636.8605286794984,1.4480000000000002,0.9399171205806828,-0.08700000000000019,0.061583313924765126,1.0732234272895467,0.004509352041653647,0.3437477270444879,1.202413640426354,0.06957924084349582,0.9766134929403533,0.9953782927372773,-0.004513611719412447,4.560403349976737,0.9617316344474528,-0.1745191728466544,369.2938920419695,1.0937495814640705,34.62114782710978,21.005049272322115,0.4957197683857183,-10.592431107158797,0.14774532416078456,0.3435290453924298,-0.09699051055534469,31.622702301585914,1.1416124432573855,4.478168146744654,127.0575794671807,1.051391906035981,6.529731195650456,79.56896476976443,0.9894052176566995,-0.8430158531233474,281.6831991397732,0.9484790815860692,-14.512577111970472,104419102.85212582,1.1538845643485265,16068488.152063385,936628.588461663,2.435355996143064,1344395.4606074863,0.017092444668117084,1.1886130111228597,0.0032238693424345433
4.314328999999816,0.744,-0.706,1.45,-0.0417546296296296,0.4655890633428715,2078.051984949583,0,6,4,1576.226857,1580.541186,-0.27891666666666665,0.47683536496130163,-0.769,0.743,1.512,-0.4995,0.7455,0.5524187471676013,131.831916,-0.6162500000000001,0.27652283326122423,-1.105,0.0,1.105,-0.6365000000000001,0.5030000000000001,0.675447214676924,197.09090199999997,0.6037245370370375,45.585655473510336,-62.061,100.29,162.351,-16.3965,84.576,45.5896530834158,897875.914291,0.6579189814814825,53.01833365795384,-104.687,83.817,188.504,15.587499999999999,98.1985,53.022415648971666,1214514.6744610001,-0.8218958333333327,32.026390148663765,-85.649,41.389,127.03800000000001,9.649000000000001,52.2255,32.03693460235042,443389.757205,0.9879758831800624,0.06177128209461908,0.8340581514498855,1.1769940526612697,0.3429359012113842,0.9847573296965477,0.09011409155368288,0.9899050646587465,423.322,69.55817378467906,32.830148765641965,10.061503118321834,138.6366895269791,128.57518640865726,68.05874923890389,51.39670754569151,76.91656653955502,2555780.345957,3.1791159803460807,4.494841298277254,19.80666955628024,195.36676396094717,273.39606473664844,2239.870839907666,0.23108863080768327,356.4344978455761,4.497188936893652,183.27310724357764,42.25280531305348,22.82254710855786,0.12452752861869942,0.23108863080768327,100573872.80077805,2.1281520816004873,93839609.60567918,5731299.166463141,614227.3745023187,0.006545502236031739,432,99.83028850891917,4.236310333333374,1.0184166527811682,0.0780186666664422,0.4719934669465911,0.9864311395887272,-0.006404403603719633,2491.8756037564913,0.8339308679007049,-413.82361880690814,1.4480000000000002,1.001381208553997,0.0019999999999997797,0.061583313924765126,1.0030520952406463,0.00018796816985395398,0.3437477270444879,0.9976382802107039,-0.0008118258331037409,0.9766134929403533,1.0136098483979337,0.013291571718393236,4.560403349976737,0.9856236265688967,-0.0655620516994837,369.2938920419695,0.9651784270383119,-12.859394196393396,21.005049272322115,1.0865267108782912,1.817497836235745,0.14774532416078456,0.842852529496341,-0.02321779554208514,31.622702301585914,1.0381828991766358,1.2074464640560514,127.0575794671807,1.0119442455752836,1.5176069414765578,79.56896476976443,0.9666654172572074,-2.652398230209414,281.6831991397732,0.9705799478345231,-8.287134403124753,104419102.85212582,0.9631750326681771,-3845230.0513477772,936628.588461663,0.6557854223851218,-322401.2139593443,0.017092444668117084,0.3829468828863535,-0.010546942432085345
6.425208000000112,0.717,-0.654,1.371,-0.1212422360248447,0.4846126329911628,1330.396077032857,0,6,5,1580.551741,1586.976949,-0.3614953416149068,0.44031644638789713,-0.819,0.779,1.5979999999999999,-0.619,0.52875,0.5696994426616057,209.015001,-0.4541304347826087,0.386180478363103,-1.018,0.108,1.1260000000000001,-0.508,0.8235,0.5961290243433851,228.85816,-2.7808431677018626,36.47459495365037,-63.008,70.244,133.252,-15.0155,60.6105,36.58044786161333,861755.182747,0.4106242236024859,41.081463463953654,-80.214,80.855,161.06900000000002,-0.099,64.48125,41.083515582203624,1086978.78267,0.06350621118012444,26.01290277498875,-67.221,47.74,114.96100000000001,3.771,34.19025,26.012980294842723,435778.79261999996,0.9617374677892819,0.06736019250812653,0.8505298348676548,1.1702551003947814,0.31972526552712666,0.9504333221826997,0.11418618056179031,0.9640935392815739,598.5827709999999,52.64691039924588,30.51167624997076,2.6476891811540115,117.23368147848979,114.58599229733578,51.233454438963065,45.202562342400874,60.84948284224981,2384512.758037,2.2470941082516465,3.095838831988249,12.503973906836595,146.9419682838736,199.65554100346938,1109.8491811095205,0.1538792023625183,941.4250883674815,2.434567789044474,747.6041849044308,62.929729242909815,16.820871944801592,0.022499702762802047,0.1538792023625183,193051894.50753728,2.1572033437236513,180215307.5293879,11241932.522401314,1060695.4903010267,0.0058857125115637475,644,99.09820632146179,4.236310333333374,1.5166990799225506,2.1888976666667386,0.4719934669465911,1.0267358695849087,0.012619166044571695,2491.8756037564913,0.533893455605068,-1161.4795267236343,1.4480000000000002,0.9468231978810552,-0.07700000000000018,0.061583313924765126,1.0938057288109173,0.0057768785833614,0.3437477270444879,0.9301159864384728,-0.02402246151736126,0.9766134929403533,0.9871802267518474,-0.012519953658779337,4.560403349976737,0.6788519759366287,-1.4645645179884883,369.2938920419695,2.5492571326768596,572.1311963255121,21.005049272322115,0.8008013558415246,-4.184177327520523,0.14774532416078456,0.15228706131806938,-0.1252456213979825,31.622702301585914,0.9648661885164665,-1.1110260516151556,127.0575794671807,0.9018430287184497,-12.471587169844923,79.56896476976443,0.7647389030468414,-18.71948192751462,281.6831991397732,0.7087946374015404,-82.02765813630381,104419102.85212582,1.8488177855821042,88632791.65541145,936628.588461663,1.1324611520166412,124066.90183936374,0.017092444668117084,0.34434565577889115,-0.011206732156553337
9.526233000000047,0.665,-0.68,1.3450000000000002,-0.2333700209643606,0.4299134479498074,778.0509299689447,0,6,6,1586.989185,1596.515418,-0.42087840670859533,0.4260447264135527,-0.79,0.806,1.596,-0.643,0.36575,0.5988762327379212,342.154716,-0.3593280922431866,0.41794445116933515,-1.078,0.162,1.24,-0.255,0.8367500000000001,0.5511753279477999,289.819707,-3.2912662473794545,27.893564310947152,-60.565,69.16,129.725,-9.221499999999999,37.23675,28.08706754860827,752594.72876,0.46473060796645993,34.96368190269193,-99.069,58.473,157.542,4.305,35.172250000000005,34.966770321701254,1166431.975501,-0.16355870020964441,18.772013819676754,-60.901,42.382,103.283,1.725,19.2255,18.772726341545315,336204.152597,0.9468197576778519,0.07257044963744956,0.8320444699653979,1.170079057158105,0.33803458719270707,0.9168156828944245,0.11792653888913818,0.9495968216510244,860.254354,39.413382997606206,28.470315860370206,2.47798325256649,121.92155511229342,119.44357185972693,35.19990559328322,33.30628794809405,48.62071209376968,2255230.856858,1.8226776421719595,2.5765346829126727,12.997620292626847,138.80077112023594,190.5002121415334,1067.504360167503,0.10289761748940093,2396.550688498269,2.1417426149403607,2087.368278758705,76.49947122036667,56.61888255681858,0.027124529548861825,0.10289761748940093,368851378.9447014,2.368079893956204,352940915.7997716,13492901.558159232,1460067.4918142108,0.004136860948823875,954,98.1643270848885,4.236310333333374,2.2487098979873736,5.289922666666674,0.4719934669465911,0.9108461640847098,-0.04208001899678371,2491.8756037564913,0.3122350605274654,-1713.8246737875465,1.4480000000000002,0.9288673969000871,-0.10299999999999998,0.061583313924765126,1.1784107289516743,0.010987135712684434,0.3437477270444879,0.9833798182908723,-0.005713139851780846,0.9766134929403533,0.9723363631487912,-0.02701667128932883,4.560403349976737,0.5649795598181069,-1.9838686670640646,369.2938920419695,6.489548676751498,2027.2567964562998,21.005049272322115,2.6954891557654723,35.613833284496465,0.14774532416078456,0.18358975397045993,-0.12062079461192274,31.622702301585914,0.9003125532993828,-3.1523864412157074,127.0575794671807,0.940074353306713,-7.614007607453772,79.56896476976443,0.611051208575415,-30.948252675994752,281.6831991397732,0.6762924189889044,-91.18298699823978,104419102.85212582,3.5324128331867968,264432276.09257555,936628.588461663,1.5588542884562582,523438.9033525478,0.017092444668117084,0.2420284873734636,-0.012955583719293208
6.568895999999995,0.765,-0.72,1.485,-0.0878145896656534,0.4427670031951891,1242.0132730678138,1,6,7,1596.526552,1603.095448,-0.33728419452887537,0.441046275814411,-0.843,0.716,1.559,-0.564,0.60575,0.5552318842508541,202.849849,-0.5409635258358663,0.37797643725433916,-1.061,0.174,1.2349999999999999,-0.6455,0.66075,0.6599300897854676,286.564082,-4.145752279635256,35.2422086860034,-57.649,79.954,137.603,-16.0535,28.00375,35.48521572474817,828553.952051,1.3676231003039496,42.19727380479733,-91.145,54.84,145.985,20.008,63.72925,42.21943047343864,1172872.043652,-0.29144984802431523,22.069286734391987,-64.092,35.847,99.939,7.1605,19.74025,22.07121111264,320537.040866,0.9710043256419875,0.06851853438416539,0.8329879951115742,1.1356628020675856,0.30267480695601146,0.9663450897555828,0.11676059390897375,0.973418815294632,623.4840770000001,51.785390304316884,29.104854501297897,3.965383714093757,118.89869148144565,114.93330776735189,43.05762094128366,33.448803201940464,59.40386523208871,2321963.0365689998,2.258449123674721,3.01073993393108,13.648973179337403,188.82610331637724,267.8987337370596,1837.3946311505767,0.1488498373083604,1016.3573403758776,2.522174293825643,807.8368888053272,40.144862163666694,50.7614827467144,0.06283630204255077,0.1488498373083604,183381244.9635765,2.497697274973702,166754595.7436391,12760480.893951224,2839161.9988044356,0.017025989515570734,658,97.94319294890116,4.236310333333374,1.5506172748503615,2.3325856666666214,0.4719934669465911,0.938078649009149,-0.029226463751402032,2491.8756037564913,0.4984250703327647,-1249.8623306886775,1.4480000000000002,1.0255524791053006,0.03699999999999992,0.061583313924765126,1.1126150720262005,0.00693522045940026,0.3437477270444879,0.8805143258785707,-0.04107292008847646,0.9766134929403533,0.9967288106952209,-0.0031946776457212334,4.560403349976737,0.6601915875148461,-1.5496634160456573,369.2938920419695,2.7521639600604306,647.0634483339081,21.005049272322115,2.416632404163667,29.756433474392285,0.14774532416078456,0.42530143100267964,-0.0849090221182338,31.622702301585914,0.9203784741266235,-2.517847800288017,127.0575794671807,0.9045765568672249,-12.12427169982881,79.56896476976443,0.7465707942350407,-20.165099537675722,281.6831991397732,0.95106394185269,-13.784465402713579,104419102.85212582,1.75620398906581,78962142.11145067,936628.588461663,3.0312570359052353,1902533.4103427725,0.017092444668117084,0.9961114331535814,-6.645515254635054e-05
7.907247999999981,0.651,-0.665,1.316,-0.104260101010101,0.447200224657058,683.3702570106733,1,6,8,1603.110956,1611.018204,-0.3172739898989899,0.4788732481652354,-0.913,0.739,1.6520000000000001,-0.622,0.68675,0.5744409216575256,261.346039,-0.49434595959595956,0.40214496105993586,-1.088,0.128,1.2160000000000002,-0.5885,0.83075,0.637258579757658,321.63000999999997,-3.052816919191918,26.14135147636161,-50.916,76.198,127.11399999999999,-11.526499999999999,26.42775,26.319003555468772,548610.438937,1.4947904040404039,40.02688456975024,-95.618,60.427,156.045,16.779,36.59925,40.054786064990054,1270673.622276,0.1382613636363621,18.851244165290957,-55.374,27.511,82.885,3.8855,17.11825,18.85175118613894,281467.7100450001,0.9700277849169717,0.0773639194620313,0.8341780385505243,1.1633744023314248,0.32919636378090045,0.9572227960090395,0.1436448242831767,0.9731079485573297,749.9757510000001,43.27847560422833,27.91841519540826,1.0474659899013428,125.30768042701932,124.26021443711798,37.65309925608415,28.694257579760585,51.50208110017487,2100751.771258,1.9929393054195697,2.7410056499034074,13.785739819400057,165.4962399984732,229.4757805381286,1650.4364005935945,0.12693538379660826,1877.1427337344958,1.9018667140142647,1606.785513217687,113.37328213867059,36.60319999431306,0.022780389599595715,0.12693538379660826,244456997.28777,2.68606356683745,228371911.31518427,13115847.697037796,2203688.4881408233,0.009649560120812905,792,100.53282396691375,4.236310333333374,1.8665412491423141,3.6709376666666076,0.4719934669465911,0.9474711971658485,-0.024793242289533113,2491.8756037564913,0.2742393143452881,-1808.5053467458179,1.4480000000000002,0.9088397727290071,-0.13200000000000012,0.061583313924765126,1.2562478692534518,0.01578060553726618,0.3437477270444879,0.9576684536494732,-0.014551363263587469,0.9766134929403533,0.996410499780651,-0.003505544383023529,4.560403349976737,0.6010445641627168,-1.81939770007333,369.2938920419695,5.083059249380522,1507.8488416925263,21.005049272322115,1.7425905315593986,15.598150721990944,0.14774532416078456,0.15418686301663406,-0.12496493456118885,31.622702301585914,0.8828598808641196,-3.7042871061776523,127.0575794671807,0.9779834855065446,-2.7973650300627213,79.56896476976443,0.6472634304433306,-28.066883669589565,281.6831991397732,0.8146590965693857,-52.207418601644605,104419102.85212582,2.3411137484485023,140037894.43564418,936628.588461663,2.352787983719545,1267059.8996791602,0.017092444668117084,0.564550868098099,-0.00744288454730418
4.704960999999912,0.148,-0.766,0.914,-0.2570063694267516,0.2033832470543243,862.1592210224892,1,6,9,1611.024586,1615.729547,-0.6002186836518046,0.14623141706451492,-0.97,-0.167,0.8029999999999999,-0.632,0.1825,0.6177751172889705,179.755311,-0.49799787685774943,0.35831728991254297,-0.938,0.509,1.447,-0.608,0.5270000000000001,0.6135088961091726,177.281181,-16.341222929936308,29.36254793137832,-166.29,52.336,218.62599999999998,-14.992,18.832,33.60349368545427,531850.7450859998,-9.407530785562633,54.94299880397769,-174.672,47.389,222.061,15.023,39.458,55.74257576624174,1463507.5686889999,0.7039044585987256,20.361285246595003,-56.198,58.473,114.67099999999999,6.611,15.4195,20.373448858257714,195501.46405700003,0.927834611449241,0.06766989028817136,0.6873143385671507,1.0982435977505174,0.41092925918336665,0.9287033972157095,0.08218174805594869,0.9302990273319526,407.629908,49.22509067267987,47.205904371911515,3.291794191622557,222.6598935259783,219.36809933435575,33.11871825720313,32.306171358962146,68.20195715156281,2190859.7778319996,2.7571764557814014,3.799373279379416,21.008064198374264,271.6138128796542,465.5397358847187,4567.022834316309,0.20878574594619187,507.92871221195617,5.15877877159693,133.88569027220373,192.7854422700039,63.68275465861235,0.4756501947622788,0.20878574594619187,247174954.6463743,2.491205234122962,220360888.17609352,18704969.862209506,6225251.804134524,0.028250257364908774,471,98.33808634065637,4.236310333333374,1.1106270831654361,0.4686506666665382,0.4719934669465911,0.43090266494792756,-0.2686102198922668,2491.8756037564913,0.3459880660653077,-1629.716382734002,1.4480000000000002,0.6312154652540368,-0.5340000000000001,0.061583313924765126,1.0988346515826597,0.006086576363406232,0.3437477270444879,1.1954384419123727,0.06718153213887873,0.9766134929403533,0.9525764537670647,-0.04631446560840069,4.560403349976737,0.8331221998307616,-0.7610300705973212,369.2938920419695,1.3754051262252587,138.63482016998665,21.005049272322115,3.0317831585478765,42.67770538629024,0.14774532416078456,3.2193923243941516,0.32790487060149426,31.622702301585914,1.4927852751729012,15.583202070325601,127.0575794671807,1.7265250938748904,92.31051986717505,79.56896476976443,0.8571426980398215,-11.367007618201626,281.6831991397732,1.6527067900744323,183.85653674494552,104419102.85212582,2.3671430599860024,142755851.79424846,936628.588461663,6.6464465005909465,5288623.215672862,0.017092444668117084,1.6527911241212516,0.01115781269679169
4.538665000000037,0.827,-0.597,1.424,-0.1108505494505494,0.4584305280989745,1562.40794892441,0,7,0,1740.028177,1744.566842,-0.4697186813186813,0.4416069755560928,-0.951,0.647,1.5979999999999999,-0.687,0.4685000000000001,0.6447110674089289,189.121824,-0.3088967032967034,0.3883403575291075,-0.957,0.185,1.142,-0.342,0.812,0.49621105045475017,112.03256000000002,1.8908725274725244,39.52730637071555,-72.183,79.237,151.42000000000002,-1.893,52.320499999999996,39.572507474755255,712522.423267,6.148624175824182,63.71308305563591,-116.748,129.817,246.565,3.038,109.229,64.00908163463907,1864208.951928,-1.914213186813186,40.982036353556445,-86.656,62.305,148.961,-1.298,60.786,41.02671709762787,765852.139693,0.9384403491877069,0.060447261774334834,0.7888250756663355,1.1498304222797378,0.3610053466134022,0.9377600972530235,0.10474440457176515,0.9403851128338647,402.367493,69.46422432365512,50.2101477240524,1.6733466466933862,153.22908935642735,151.55574270973398,76.80006832028211,106.62186752735573,85.71077759160887,3342583.5148879997,2.3841584100066866,3.8474420618517344,25.001807151349507,197.35751028631333,307.9330730277109,2337.25919916111,0.21762572510239533,378.2213690907487,3.9165650821874634,250.03519238530097,39.55930187438206,16.25765166172556,0.06502145360410912,0.21762572510239533,260961112.95444626,1.784666381285968,241107557.59015194,17382002.431630254,2074022.2097796462,0.008602062210364988,455,99.01970492158988,3.7366776666666888,1.214625769929603,0.8019873333333485,0.4605357853705701,0.9954286565935627,-0.0021052572715956064,2386.1849687222325,0.6547723539447611,-823.7770197978225,1.3963333333333334,1.0198137907389797,0.027666666666666506,0.06410465890716273,0.9429463220826458,-0.0036573971328278942,0.390588403920853,0.9242602538808401,-0.029583057307450755,0.9507251346647555,0.9891240576848981,-0.010340021830890778,4.043793885493523,0.9514436594158256,-0.1963518236417885,288.5616598493959,1.310712480913231,89.6597092413528,19.729889062765782,0.824011305981789,-3.4722374010402213,0.14569945218309646,0.4462710611958091,-0.08067799857898734,51.37471469737585,0.977331903642547,-1.1645669733234527,158.8962900383552,0.9538029029098958,-7.340547328621227,100.51455928679256,0.8527200257479906,-14.803781695183687,397.25837500500324,0.7751455787837858,-89.32530197729233,187463373.62284973,1.392064529252865,73497739.33159652,1635675.0279223695,1.2679916085862433,438347.1818572767,0.009712041504443077,0.8857101104158797,-0.0011099792940780888
3.429887000000008,0.803,-0.587,1.39,0.0176075581395348,0.4857740108260603,3008.156120156842,0,7,1,1744.577919,1748.007806,-0.40259593023255813,0.5190778575442603,-1.157,0.712,1.869,-0.7035,0.82925,0.6569058572067675,148.444705,-0.38751744186046505,0.31935329772142473,-0.882,0.123,1.005,-0.4255,0.6222500000000001,0.5021516668414314,86.741766,-4.617511627906979,54.8466600638256,-100.076,86.55,186.62599999999998,0.28250000000000003,110.49275,55.04068980118888,1042140.271624,3.870805232558131,73.5561398955332,-132.412,113.863,246.275,4.2215,135.91224999999997,73.65791776502816,1866368.164221,-7.207799418604649,53.290100714761444,-116.733,75.893,192.626,4.5649999999999995,94.31275,53.77534013512379,994774.7990870001,0.9568385583341248,0.06654314936140283,0.8097814519980067,1.2451582228777192,0.4353767708797125,0.9541367713648066,0.11069212873783885,0.9591496324567197,316.468998,94.06403878165247,49.987100316005396,5.061499876518817,159.58079131587235,154.51929143935354,103.19798247186293,96.60285855765906,106.52114151622017,3903283.234932,2.954832391647861,4.604759153750219,25.192548892274992,281.3428034754765,498.02515334466756,5251.54698660778,0.28727905367892004,262.10378879454544,4.893356267342173,119.55098524458438,50.626706270453234,18.000611180662517,0.15056848876929063,0.5745581073578401,147844442.31722355,1.7263393678636045,137184346.01311743,9202467.086891213,768902.2457512397,0.005604883269099217,344,98.82399446554848,3.7366776666666888,0.9178974738489207,-0.30679066666668087,0.4605357853705701,1.0548018540777755,0.025238225455490204,2386.1849687222325,1.2606550454280414,621.9711514346095,1.3963333333333334,0.9954643041623468,-0.006333333333333524,0.06410465890716273,1.0380390460759037,0.0024384904542401054,0.390588403920853,1.114668933748596,0.044788366958859516,0.9507251346647555,1.0088611181046807,0.008424497791964192,4.043793885493523,1.138722514735938,0.5609652682566963,288.5616598493959,0.9083112043445333,-26.457871054850443,19.729889062765782,0.9123523763501398,-1.7292778821032648,0.14569945218309646,1.0334182879829399,0.00486903658619417,51.37471469737585,0.9729903241453672,-1.3876143813704545,158.8962900383552,0.9724537394317408,-4.376998599001666,100.51455928679256,1.0597583301508768,6.0065822294276074,397.25837500500324,1.253655516578747,100.76677833966431,187463373.62284973,0.7886577492980897,-39618931.305626184,1635675.0279223695,0.4700825241110961,-866772.7821711298,0.009712041504443077,0.5771060075757517,-0.00410715823534386
3.2414810000000216,0.785,-0.59,1.375,-0.047716923076923,0.4374028171866755,2587.990837085444,0,7,2,1748.016986,1751.258467,-0.4428830769230769,0.48380716933322193,-0.99,0.656,1.646,-0.7,0.6960000000000001,0.6559076131004098,139.819809,-0.38711384615384614,0.36586085958669423,-0.972,0.186,1.158,-0.405,0.73,0.5326455655138213,92.206172,-2.5348615384615356,50.87229930999231,-88.824,76.336,165.16,1.527,97.069,50.93541361473975,843185.3170340001,2.6405538461538414,84.69106716143376,-134.733,140.153,274.88599999999997,4.565,170.168,84.732221625288,2333353.549006,-2.8169415384615393,46.55276254190224,-84.473,76.977,161.45,-2.473,76.473,46.63791225938235,706905.829472,0.9503983672095343,0.06532356558575055,0.7713527079099418,1.146735802179386,0.3753830942694443,0.955346010616049,0.10942968573290957,0.9526406587036818,294.945373,95.08391285472348,53.92689605206975,2.2530712372226493,172.8669072032007,170.61383596597804,112.1261150758377,103.2805814412655,109.3117587525486,3883444.695512,2.5679879001641734,3.679180440878616,17.44241602734697,257.08831551467057,385.81689864263126,2312.4971268630534,0.6011376530039342,225.3598216628934,4.206619948385704,112.55285464640318,52.533956017876704,24.931404345909264,0.22150841417588965,0.3005688265019671,153584565.59687945,1.8305061508735214,138259486.5768614,12996676.838365309,2064100.6282362223,0.014929179033865026,325,97.6848686131393,3.7366776666666888,0.8674767481929541,-0.4951966666666672,0.4605357853705701,0.9497694241871457,-0.023132968183894598,2386.1849687222325,1.0845726006146246,201.80586836321163,1.3963333333333334,0.9847218836138323,-0.021333333333333426,0.06410465890716273,1.0190141638568175,0.0012189066785878166,0.390588403920853,0.9610707355633702,-0.015205309651408705,0.9507251346647555,1.0020147926555594,0.001915524038926253,4.043793885493523,0.9098338184294609,-0.36461344461490697,288.5616598493959,0.7809763146382714,-63.20183818650247,19.729889062765782,1.2636363161475352,5.2015152831434825,0.14569945218309646,1.5203104449179516,0.07580896199279319,51.37471469737585,1.0496777716281407,2.5521813546939,158.8962900383552,1.0737433574695605,11.717545927622837,100.51455928679256,1.0875216438026682,8.797199465756037,397.25837500500324,0.9711989045619495,-11.441476362371986,187463373.62284973,0.8192777214490456,-33878808.02597028,1635675.0279223695,1.2619258673026421,428425.6003138528,0.009712041504443077,1.537180793062641,0.005217137529421949
3.659392999999909,0.664,-0.61,1.274,-0.0930517711171662,0.4110516784217958,2343.9671502869573,0,7,3,1751.265675,1754.925068,-0.460959128065395,0.47944272937917526,-0.914,0.727,1.641,-0.713,0.5395000000000001,0.6650929623002805,162.341954,-0.36023160762942774,0.38725271203589967,-0.999,0.173,1.172,-0.39,0.772,0.528896468237822,102.661451,-3.367231607629426,48.41453449416773,-85.588,102.458,188.046,1.053,67.4425,48.53148873655512,864397.081428,3.1435040871934583,77.95591720696822,-121.053,145.313,266.366,4.137,164.1905,78.01927098817244,2233931.438908,0.2858555858310642,42.354249022369636,-76.84,84.885,161.72500000000002,-4.275,63.465500000000006,42.35521365386852,658384.833385,0.9463401454969966,0.06436276934644523,0.8379433155052911,1.1300185839179815,0.2920752684126904,0.9479973628655303,0.1164300036508481,0.9485263502176525,330.190721,86.56350348789546,52.37400149003534,3.094022947555496,168.27635301491412,165.18233006735863,89.02652182917177,98.7093922151206,101.17448378013654,3756713.353721,2.056814239452159,2.8885395967350598,11.939565929317789,231.7424498835712,333.6580342099545,1549.5997681135968,0.266314385999004,278.9790412360801,3.610840400736387,166.77589089238236,72.10908223159846,11.380383633286144,0.068237582612869,0.266314385999004,184728390.06229195,2.041707816258746,157702537.43181008,24071742.802809045,2571032.617742843,0.016303051679523842,367,97.73737966163446,3.7366776666666888,0.9793172750356886,-0.07728466666677969,0.4605357853705701,0.8925509863810762,-0.04948410694877431,2386.1849687222325,0.9823073990497454,-42.21781843527515,1.3963333333333334,0.9123895852538344,-0.1223333333333334,0.06410465890716273,1.0040262346515867,0.0002581104392825051,0.390588403920853,0.7477827247376446,-0.0985131355081626,0.9507251346647555,0.9976872448788778,-0.002198784447102975,4.043793885493523,0.714314248298881,-1.1552542887584631,288.5616598493959,0.9667917815970943,-9.582618613315788,19.729889062765782,0.5768093064950423,-8.349505429479638,0.14569945218309646,0.46834478034734767,-0.07746186957022747,51.37471469737585,1.0194509456325218,0.9992867926594897,158.8962900383552,1.039560646866522,6.286040029003431,100.51455928679256,1.006565461640193,0.6599244933439792,397.25837500500324,0.8399018250964583,-63.60034079504874,187463373.62284973,0.9854105711014238,-2734983.5605577826,1635675.0279223695,1.5718480589683799,935357.5898204735,0.009712041504443077,1.6786413943609657,0.0065910101750807654
2.6725799999999253,0.698,-0.529,1.227,0.1045522388059701,0.4064435773873974,3061.827159669233,0,7,4,1754.935416,1757.607996,-0.3334328358208955,0.5289666488902933,-0.951,0.675,1.626,-0.5694999999999999,0.9365000000000001,0.6252864716606229,104.78349,-0.5551343283582089,0.27759839699752176,-0.943,0.088,1.031,-0.629,0.46375,0.6206730157960094,103.242978,-6.6395783582089525,55.33377955344486,-92.214,71.221,163.435,3.527,111.87,55.73070213485588,832384.190999,-1.0589514925373167,90.30180324248605,-118.611,126.244,244.85500000000002,-23.145,184.65675,90.30801208701368,2185683.9286249997,-2.81751119402985,46.164270931591645,-74.992,72.916,147.90800000000002,-7.7935,94.30924999999999,46.25017059399761,573272.9790330001,0.9749767772138839,0.04202380648559546,0.8533943988567068,1.0946136304651062,0.24121923160839942,0.975665926147,0.05637717799188302,0.9758820197226253,255.228652,111.54399834951744,30.959052306699732,9.973113505821539,146.47467089568764,136.5015573898661,122.80115999685441,50.053116599303166,115.76064308531686,3591341.098657,2.4174330005528817,3.2731978357999862,16.48727021009571,229.5859749476427,300.27072397953697,1222.894853432154,1.0907171247062688,63.44164346038429,4.938054956663174,8.763534623193769,26.792375884998023,7.626828380761356,0.8702913493230353,0.7271447498041792,34420441.705326855,1.7731602379980225,24763188.981021702,8615056.731544498,945901.898529078,0.0381979033174608,268,97.43739647376,3.7366776666666888,0.7152289363057951,-1.0640976666667634,0.4605357853705701,0.8825450300998918,-0.05409220798317271,2386.1849687222325,1.2831474507594296,675.6421909470005,1.3963333333333334,0.878730000868489,-0.16933333333333334,0.06410465890716273,0.6555498562273977,-0.022080852421567272,0.390588403920853,0.6175790755976673,-0.14936917231245356,0.9507251346647555,1.0264607233741994,0.025156885057869838,4.043793885493523,0.8094373552142945,-0.7705960496935367,288.5616598493959,0.21985472183413685,-225.1200163890116,19.729889062765782,0.38656215210500466,-12.103060682004426,0.14569945218309646,5.97319534528799,0.7245918971399389,51.37471469737585,0.602612637034361,-20.41566239067612,158.8962900383552,0.8590606951762437,-22.39473264848911,100.51455928679256,1.1516803525298926,15.246083798524296,397.25837500500324,0.7558575044974108,-96.98765102546628,187463373.62284973,0.18361155590091963,-153042931.91752288,1635675.0279223695,0.5782945159531808,-689773.1293932915,0.009712041504443077,3.9330416750761663,0.028485861813017724
3.68366200000014,0.666,-0.563,1.229,-0.0517642276422764,0.4209246129382897,1896.274226612525,0,7,5,1757.613502,1761.297164,-0.45406504065040654,0.5117771429130029,-0.969,0.764,1.733,-0.717,0.5850000000000001,0.6841716927417061,172.725544,-0.3388319783197832,0.3711472420640496,-0.963,0.176,1.139,-0.353,0.733,0.5025508778460627,93.19367499999998,-2.1709485094850995,43.54623091167048,-96.809,77.191,174.0,2.443,78.50399999999999,43.6003124305705,701464.293052,2.9903414634146332,80.60459067132973,-144.275,140.0,284.275,5.45,149.191,80.66004078452002,2400729.564184,-2.481040650406504,50.41354683944889,-93.084,82.733,175.817,-0.641,73.46600000000001,50.47456059880339,940094.3877599998,0.9467257957500338,0.06492782666172796,0.7857900482953446,1.096279617615871,0.3104895693205263,0.9472243662406494,0.11723036801208497,0.9489496061506902,332.286476,89.74448978935173,53.85756440366582,1.571015595084912,166.25049950902402,164.67948391393912,103.52292178063753,101.14062837863081,104.66475381448174,4042288.244996,2.326993180077178,3.131137297603946,12.095506684770081,270.859189063468,369.57157825613757,1583.1543146333554,0.2704482910336643,287.00169952638544,3.998119889982892,156.68952837668436,63.690628758989476,23.539193388382625,0.15022824837593302,0.2704482910336643,197476833.85576215,2.046864895143559,169017805.4932746,25717469.240613148,2113447.281939008,0.012504287792466363,369,99.79541939142213,3.7366776666666888,0.9858120819471264,-0.05301566666654889,0.4605357853705701,0.9139889171906664,-0.039611172432280406,2386.1849687222325,0.794688698261311,-489.9107421097076,1.3963333333333334,0.8801623236082908,-0.16733333333333333,0.06410465890716273,1.0128408393428776,0.0008231677545652294,0.390588403920853,0.79492775068193,-0.08009883460032668,0.9507251346647555,0.9981324376198218,-0.001775528514065261,4.043793885493523,0.774306846126194,-0.9126565878895767,288.5616598493959,0.9945940138625119,-1.5599603230104435,19.729889062765782,1.1930727690139438,3.809304325616843,0.14569945218309646,1.031083067329002,0.004528796192836554,51.37471469737585,1.0483282429972016,2.4828497062899686,158.8962900383552,1.0363960282762044,5.783193875583919,100.51455928679256,1.0412894862866062,4.15019452768918,397.25837500500324,0.9303053163880559,-27.686796748865675,187463373.62284973,1.0534155554730287,10013460.232912421,1635675.0279223695,1.2920948512758617,477772.25401663827,0.009712041504443077,1.2875022117362014,0.0027922462880232857
3.7217010000001673,0.71,-0.507,1.217,-0.0203270777479892,0.4196144026455076,2116.6619357267,0,7,6,1761.305111,1765.026812,-0.41561394101876675,0.5194328119523504,-0.92,0.769,1.689,-0.728,0.7040000000000001,0.6652408542038566,165.069432,-0.41543163538874,0.35500124044152276,-0.981,0.148,1.129,-0.469,0.713,0.5464515755277707,111.38127800000001,-3.3615924932975867,46.007194390950424,-77.176,78.794,155.97,-12.0,80.962,46.12984109898596,793729.915452,4.199753351206434,79.81567353377167,-142.947,139.13,282.077,14.0,145.313,79.9260887937136,2382791.0168580003,-0.5821581769437009,41.382289406709525,-80.901,72.519,153.42000000000002,2.809,56.153,41.38638404939052,638886.628687,0.9561189441190157,0.05899762870418737,0.8296077386331447,1.0879361194481962,0.2583283808150515,0.961404701465517,0.09213210020240026,0.957937448634293,342.28127000000006,89.72102685292717,46.68096008886549,6.206592221179027,160.96002581075837,154.75343358957934,105.98382788425789,74.08109742266342,101.13839376993255,3815407.560997,2.0284409305604596,2.855225919229946,13.745082912002953,216.7984191982748,302.45231865931447,1065.5265970957387,0.2632785178658022,242.13455984627237,3.8071219774910854,146.33206419735407,39.643564258821414,20.316556610581614,0.13883872082739732,0.2632785178658022,151588839.14611435,1.9882372665631538,124365344.83366054,25086832.147685368,1901421.2026172252,0.015288995541003712,373,98.20288716394423,3.7366776666666888,0.9959919805874503,-0.014976666666521421,0.4605357853705701,0.9111439476878553,-0.040921382725062516,2386.1849687222325,0.8870485580383449,-269.5230329955325,1.3963333333333334,0.8715683871694793,-0.17933333333333334,0.06410465890716273,0.9203327887026226,-0.005107030202975357,0.390588403920853,0.6613826002206966,-0.13226002310580148,0.9507251346647555,1.0075861083616133,0.007212313969537476,4.043793885493523,0.706076024896289,-1.188567966263577,288.5616598493959,0.8391085633630416,-46.42710000312351,19.729889062765782,1.0297349638232705,0.5866675478158321,0.14569945218309646,0.9529116905930823,-0.006860731355699146,51.37471469737585,0.9086368723360233,-4.6937546085103605,158.8962900383552,0.9739272927170602,-4.142856448775859,100.51455928679256,1.0062064090764997,0.6238344831399871,397.25837500500324,0.761349131148945,-94.80605634568877,187463373.62284973,0.8086317674570929,-35874534.47673538,1635675.0279223695,1.1624688096096902,265746.1746948557,0.009712041504443077,1.5742292484764202,0.005576954036560635
3.271467999999913,0.697,-0.495,1.192,0.0694908536585366,0.3986377564806853,1938.4653071888383,0,7,7,1765.035472,1768.30694,-0.3113506097560976,0.574301380151163,-0.959,0.814,1.773,-0.621,0.9685,0.6532696820142692,139.977699,-0.5033567073170732,0.3350415030044781,-1.005,0.126,1.1309999999999998,-0.552,0.5964999999999999,0.6046658445262022,119.92361700000001,-6.802420731707318,44.028005941546326,-69.527,59.679,129.20600000000002,-10.2595,90.45025000000001,44.550401064412426,650994.14108,-0.20259756097560766,88.04855941247666,-176.443,122.305,298.74800000000005,11.603,162.84325,88.04879249816064,2542849.4742060006,-5.95244512195122,42.129331280659144,-97.802,44.55,142.352,5.7940000000000005,72.44675000000001,42.547763244210216,593782.387524,0.976092056990977,0.05802927613609596,0.8469533635330814,1.1212943413751806,0.2743409778420992,0.9810899534256736,0.07972084706631088,0.9778154737013299,313.608377,98.97641242258914,41.84865632756989,10.5518027843587,192.14728870062152,181.59548591626282,106.95464011815213,47.792726249679845,107.45994720112937,3787626.0028099995,2.080942843955607,2.679307681181215,11.088836048124461,229.22795512436784,301.7537737798938,1211.3838684535854,0.2998112388468164,181.33776161241568,3.870105958597014,110.43350695821456,32.10896563337649,15.9410178365646,0.14434946669902288,0.5996224776936327,94206490.43988408,2.108174488084213,77066398.96045016,15992452.201409765,947107.3152762734,0.01228949747298198,328,98.33808634175577,3.7366776666666888,0.8755017914518741,-0.46520966666677577,0.4605357853705701,0.8655955964506981,-0.061898028889884826,2386.1849687222325,0.8123700939322968,-447.7196615333942,1.3963333333333334,0.853664352921955,-0.20433333333333348,0.06410465890716273,0.905226984638744,-0.00607538277106677,0.390588403920853,0.7023786883184159,-0.11624742607875377,0.9507251346647555,1.0284943857734266,0.02709033903657443,4.043793885493523,0.6625727597460108,-1.3644862043123078,288.5616598493959,0.6284194570435103,-107.2238982369802,19.729889062765782,0.807962871852576,-3.7888712262011826,0.14569945218309646,0.9907343825169576,-0.0013499854840735848,51.37471469737585,0.8145769093986169,-9.526058369805959,158.8962900383552,1.1428554175871557,22.699195877907613,100.51455928679256,1.069098327176951,6.945387914336806,397.25837500500324,0.7595907166677038,-95.50460122510947,187463373.62284973,0.502532780773563,-93256883.18296565,1635675.0279223695,0.579031469643014,-688567.7126460961,0.009712041504443077,1.2653863570801462,0.002577455968538903
3.6193600000001434,0.776,-0.508,1.284,0.0744628099173553,0.4177010749457525,1997.8527565424945,0,7,8,1768.319022,1771.938382,-0.33076308539944904,0.5480410332944992,-0.893,0.795,1.6880000000000002,-0.591,0.906,0.640119670715926,148.740409,-0.4922920110192837,0.3391892336398193,-0.996,0.133,1.129,-0.527,0.587,0.5978300430143825,129.73647599999998,-3.03122314049587,44.697346191272864,-67.084,84.84,151.924,-15.511,86.886,44.80001194497578,728555.908508,2.0816887052341655,78.41215234701171,-158.885,116.183,275.068,23.542,140.3895,78.43977985407962,2233466.060071,-1.7360909090909091,38.769256836763475,-73.496,51.832,125.328,11.45,73.588,38.808108525404315,546703.151297,0.9710989310085135,0.06434063594488108,0.721670284825418,1.1465173352374574,0.4248470504120394,0.9655024598622212,0.09269683009465246,0.9732280571580688,343.823745,90.40326098024501,38.6414262842835,5.911803954800937,171.61587548067925,165.7040715258783,92.94068995332454,45.349649475613035,98.3153569954664,3508725.119876,2.4293690043608795,3.781399140522473,31.644111791479485,221.3473486887671,278.6740489657908,1211.7898583963415,0.2778437656695518,272.7432132666508,4.310684725689461,146.72223510797832,52.277932987881634,26.267345036698554,0.17902770507535662,0.5556875313391036,98376088.50890498,2.215589792214811,75760667.0283378,21582476.57293777,854607.1250757221,0.0112803537587131,363,100.85728693804731,3.7366776666666888,0.9686037472808736,-0.11731766666654542,0.4605357853705701,0.906989378772717,-0.042834710424817624,2386.1849687222325,0.8372581265583712,-388.332212179738,1.3963333333333334,0.9195511989528441,-0.1123333333333334,0.06410465890716273,1.0036809649241007,0.00023597703771835454,0.390588403920853,1.0877103243982256,0.03425864649118643,0.9507251346647555,1.023669209360449,0.022502922493313315,4.043793885493523,0.9351117386908697,-0.26239474497104975,288.5616598493959,0.9451817452101823,-15.818446582745082,19.729889062765782,1.3313478316995087,6.537455973932772,0.14569945218309646,1.2287465059437042,0.03332825289226016,51.37471469737585,0.7521487273336772,-12.733288413092353,158.8962900383552,1.0428441814182783,6.807781487523101,100.51455928679256,0.9781205596809861,-2.1992022913261593,397.25837500500324,0.7014932006285988,-118.58432603921244,187463373.62284973,0.5247749819483352,-89087285.11394475,1635675.0279223695,0.5224797777595448,-781067.9028466474,0.009712041504443077,1.1614800182590213,0.0015683122542700222
3.99675000000002,0.741,-0.504,1.245,0.0632793017456359,0.4206353901740129,1920.084713882339,0,7,9,1771.948652,1775.945402,-0.29464837905236907,0.5955573960782933,-0.896,0.997,1.893,-0.624,0.994,0.6644593887528008,177.044018,-0.4746533665835412,0.3334679667266494,-0.946,0.096,1.042,-0.51,0.665,0.5800833588734426,134.935178,-5.41234663341646,43.81877125025688,-79.924,76.214,156.138,-23.664,83.039,44.15176338451946,781700.662195,4.059653366583538,73.52329415890655,-143.13,98.718,241.848,21.496,139.389,73.63528752869723,2174284.383343,-1.7258877805486288,41.98138307717118,-82.321,58.885,141.206,13.389,74.44200000000001,42.01684440439622,707931.5006949999,0.9768731776912184,0.06826550188317299,0.8475293505242164,1.1443675108984874,0.296838160374271,0.9780199384470646,0.1053352696313431,0.9792555254068778,384.53549499999997,88.26931136059886,36.68075333230497,15.79956866499842,156.68930477221474,140.88973610721632,93.7492944933454,45.22356190552074,95.5873892995292,3663916.546233,2.3535367180276614,3.443259717998313,26.079010697120232,193.0585482426016,252.20818294956638,981.3596400938695,0.24466672416568025,374.6807013772378,3.5458742941218135,242.8325987356026,39.767287681857084,40.17114395127878,0.1654273114844974,0.4893334483313605,108177077.00687478,1.9081620299488984,97205938.21481152,9686142.815318322,909073.2725356537,0.009352034343074071,401,98.11135639043778,3.7366776666666888,1.0695998814554777,0.26007233333333124,0.4605357853705701,0.9133609035439877,-0.03990039519655719,2386.1849687222325,0.8046671733509704,-466.1002548398935,1.3963333333333334,0.8916209055267064,-0.15133333333333332,0.06410465890716273,1.064906863212039,0.004160842976010257,0.390588403920853,0.7599768702673831,-0.09375024354658196,0.9507251346647555,1.030009073497454,0.02853039074212227,4.043793885493523,0.8514923873433669,-0.6005341674952098,288.5616598493959,1.2984424249562612,86.11904152784194,19.729889062765782,2.0360552359480395,20.441254888512997,0.14569945218309646,1.135400975444985,0.019727859301400946,51.37471469737585,0.7139845649992237,-14.693961365070884,158.8962900383552,0.8866773167853124,-18.006553931138882,100.51455928679256,0.9509805342456435,-4.927169987263355,397.25837500500324,0.6348719090945313,-145.05019205543687,187463373.62284973,0.5770571334350999,-79286296.61597495,1635675.0279223695,0.5557786583624442,-726601.7553867159,0.009712041504443077,0.9629308842519725,-0.0003600071613690057
3.61569099999997,0.727,-0.5,1.227,0.1078922651933701,0.4068720759443522,2242.2715711161213,0,7,10,1775.951945,1779.567636,-0.24192265193370163,0.5784657642645038,-0.978,0.906,1.884,-0.429,1.03475,0.6270161161762522,142.32001400000001,-0.5667624309392265,0.2958625818143407,-1.021,-0.001,1.02,-0.639,0.54775,0.6393389714713071,147.969064,-1.8171740331491713,47.35263003378082,-64.031,76.092,140.123,-26.046,98.43125,47.38748455639815,812897.6767150001,0.4559640883977931,73.56336073780307,-122.977,94.901,217.878,29.939,147.985,73.56477381389857,1959062.8925570003,1.6964668508287295,37.52871430574556,-65.618,46.061,111.679,20.107,74.542,37.56703870706649,510884.22779299994,0.9879019380678218,0.05602604948061957,0.8425977688078695,1.1380782046942117,0.2954804358863422,0.9904341612647899,0.07986445195699254,0.9894893417609729,354.43027499999994,88.67280493468742,34.72413715423373,7.645694605462606,144.4391535457059,136.79345894024328,88.29365296577235,36.23351516536279,95.2293654084241,3282844.797065,2.3404015111115273,3.1728001639898045,13.698603913973619,190.11498294093514,253.68100071062304,1231.2283775632457,0.2677293021128522,205.80050581936936,3.6446117853433257,125.86258365989833,22.18382468929057,24.503475534438984,0.19468435193341188,0.5354586042257043,79004287.03475814,2.3244273574825534,66136895.00634559,12007202.010724114,633263.5874677845,0.009575042605296562,362,96.91800736485249,3.7366776666666888,0.9676218590053383,-0.12098666666671898,0.4605357853705701,0.8834754649569913,-0.0536637094262179,2386.1849687222325,0.9396889178743878,-143.91339760611118,1.3963333333333334,0.878730000868489,-0.16933333333333334,0.06410465890716273,0.87397767488289,-0.008078609426543155,0.390588403920853,0.7565007700054743,-0.09510796803451077,0.9507251346647555,1.0407732953248927,0.03876420709621742,4.043793885493523,0.7846097615226212,-0.8709937215037185,288.5616598493959,0.7131942127018794,-82.76115403002652,19.729889062765782,1.241946948817996,4.773586471673202,0.14569945218309646,1.3362050141870632,0.04898489975031542,51.37471469737585,0.675899367072269,-16.65057754314212,158.8962900383552,0.8608977522295479,-22.10283109811192,100.51455928679256,0.947418623477593,-5.28519387836846,397.25837500500324,0.638579364628983,-143.5773742943802,187463373.62284973,0.42143852160531253,-108459086.5880916,1635675.0279223695,0.3871573366698338,-1002411.440454585,0.009712041504443077,0.9858928982116871,-0.0001369988991465152
3.511164000000008,0.713,-0.639,1.352,0.1351647727272727,0.3880687850637531,2424.568691209711,0,7,11,1779.575985,1783.087149,-0.15952272727272726,0.5861010079576093,-0.927,0.92,1.847,-0.293,1.11825,0.6074223341674675,129.87458600000002,-0.6289545454545454,0.2784756970419056,-1.024,-0.009,1.0150000000000001,-0.675,0.48124999999999996,0.6878463012119125,166.542652,-4.461272727272728,49.23990953697733,-68.29,79.725,148.015,-27.2745,100.04150000000001,49.44159833133248,860454.019236,0.8486221590909095,74.96213042287562,-130.122,84.656,214.77800000000002,49.786500000000004,139.95425,74.96693375819177,1978254.487301,-2.065068181818182,36.27968108174434,-74.504,42.183,116.68700000000001,16.389,70.611,36.338406211453965,464808.877628,1.0038776422841993,0.05648896516624793,0.860134873144904,1.1278514973169118,0.2677166241720078,1.0039048460655309,0.08384833071381059,1.0054657248577081,355.858386,92.2251020972912,29.656754910050118,29.723567719908726,159.66016544210393,129.93659772219522,88.44966174122506,26.362931396667477,96.87617131498627,3303517.3841649997,2.1197731392708383,2.7283081036065577,16.97593503514,178.2100216778383,254.54132796825,1575.8446959709372,0.27967209006655036,197.69065766144774,3.9757269676640914,100.55546498492188,43.29148387033508,27.68391153890532,0.2753098654588627,0.27967209006655036,54488333.966945656,2.413501825882019,46087972.588771716,7429977.368476694,696905.4150056693,0.015121199216635847,352,98.44457570342574,3.7366776666666888,0.9396486140415914,-0.22551366666668082,0.4605357853705701,0.8426463023389823,-0.07246700030681702,2386.1849687222325,1.0160858118630558,38.38372248747828,1.3963333333333334,0.9682501721061101,-0.044333333333333336,0.06410465890716273,0.8811989224693764,-0.0076156937409148015,0.390588403920853,0.6854187544494258,-0.12287177974884517,0.9507251346647555,1.057577713706368,0.05474059019295263,4.043793885493523,0.6746901978973344,-1.3154857818869652,288.5616598493959,0.6850898271023745,-90.87100218794814,19.729889062765782,1.403145827977254,7.954022476139539,0.14569945218309646,1.8895736561668874,0.12961041327576625,51.37471469737585,0.5772636418318117,-21.717959787325732,158.8962900383552,0.8177446917272455,-28.959692316159988,100.51455928679256,0.9638023784090511,-3.6383879718062957,397.25837500500324,0.6407450263537848,-142.71704703675326,187463373.62284973,0.2906612257846624,-132975039.65590408,1635675.0279223695,0.4260659379821141,-938769.6129167002,0.009712041504443077,1.556952123834824,0.0054091577121927695
5.557562000000189,0.828,-0.546,1.374,-0.0546229802513464,0.4248615083802566,1627.8480139818469,0,7,12,1783.099552,1788.657114,-0.32884560143626573,0.5704378089983795,-0.894,1.098,1.992,-0.7,0.853,0.6584365751679132,241.481069,-0.41425314183123874,0.38741939407655623,-1.051,0.102,1.153,-0.403,0.81,0.5671855537861471,179.186595,-1.5816660682226218,40.34659854289884,-70.947,85.786,156.733,-11.908,70.458,40.37758885239699,908104.7726139999,1.7247576301615775,61.629413397911726,-129.527,112.779,242.30599999999998,7.908,101.542,61.65354316382393,2117245.777252,-1.5082495511669647,28.606185168157037,-66.595,56.244,122.839,-0.473,46.611000000000004,28.64591849781541,457067.876147,0.9653155355381121,0.08303652248259565,0.8260913993015542,1.2549474092566588,0.42885600995510464,0.957839234944988,0.1375768126101744,0.9688803575350443,522.8721350000001,68.25624012703972,39.91470150821737,3.742109966315795,146.5592116313403,142.8171016650245,72.71796145382514,67.05364399835422,79.07020749163492,3482418.4260130003,2.1424853960602435,3.14666003686574,23.084507798138734,201.20818404183456,276.09740808799353,1615.9633628088966,0.1796949390915046,1069.593365706622,2.6174349763688904,798.6382230787503,135.8949292153356,50.54224983842286,0.06328553827908416,0.1796949390915046,247141777.78882694,1.9135771734935876,231910712.79552108,10380228.076592837,3913349.3581510843,0.01687437941515681,557,100.09008107396807,3.7366776666666888,1.4873003456262313,1.8208843333335003,0.4605357853705701,0.9225374284715302,-0.0356742769903135,2386.1849687222325,0.682196910680698,-758.3369547403856,1.3963333333333334,0.9840057222439313,-0.022333333333333316,0.06410465890716273,1.2953272187217797,0.018931863575432917,0.390588403920853,1.0979742221488578,0.03826760603425167,0.9507251346647555,1.0190961740858244,0.018155222870288812,4.043793885493523,0.7781455035016585,-0.8971338486277829,288.5616598493959,3.7066371403179152,781.0317058572261,19.729889062765782,2.5617097821492076,30.81236077565708,0.14569945218309646,0.4343567047595206,-0.0824139139040123,51.37471469737585,0.7769328109278402,-11.46001318915848,158.8962900383552,0.8988070245161954,-16.07918837333071,100.51455928679256,0.7866542722249996,-21.444351795157644,397.25837500500324,0.6950071425871541,-121.16096691700972,187463373.62284973,1.3183470083390363,59678404.16597721,1635675.0279223695,2.3924980765413943,2277674.3302287147,0.009712041504443077,1.7374680732940004,0.007162337910713733
4.41802000000007,0.752,-0.537,1.289,0.1425349887133183,0.4172635086887411,2258.4978788056906,0,7,13,1788.664393,1793.082413,-0.12467268623024833,0.6133856926843416,-0.929,1.147,2.076,-0.238,1.1545,0.6259275410794093,173.56088200000002,-0.5769164785553048,0.3124235271115018,-1.031,0.083,1.1139999999999999,-0.622,0.5860000000000001,0.6560800892585026,190.68540000000002,-6.110126410835212,47.52365599157635,-84.855,85.771,170.626,-28.641,86.9695,47.914836152929475,1017053.3649380001,0.26858239277653184,67.51420223558388,-155.634,87.573,243.207,30.977,121.2365,67.51473646552307,2019300.1605240002,-0.4646275395033879,34.27016360286184,-67.573,76.809,144.382,10.58,57.656499999999994,34.27331311848012,520374.37650799996,1.0058775714855883,0.06972617927407324,0.8684025564218475,1.231232715614721,0.3628301591928734,1.0166454642597882,0.0949870943268234,1.008291341276868,450.376583,82.78197503757757,34.29104496171519,14.596201766213017,169.6347561910589,155.03855442484587,71.56391656414564,44.50017807158156,89.60318719603944,3556727.90197,2.1416924222798244,2.8163599704044566,12.688217464368556,223.50930308965687,338.4232449317552,2092.992924425401,0.2280483248091704,477.05581410318155,3.201052478199189,337.90473508461463,72.16478479523343,20.625642512881665,0.06103981498544673,0.2280483248091704,115382221.46019296,2.7229868626035887,99366464.40970567,10129024.58518116,5022321.568465189,0.05054342627868151,443,101.02540789046249,3.7366776666666888,1.182339067559387,0.6813423333333808,0.4605357853705701,0.90603925445793,-0.04327227668182898,2386.1849687222325,0.9464890226031466,-127.68708991654194,1.3963333333333334,0.9231320058023489,-0.1073333333333335,0.06410465890716273,1.0876926823388116,0.005621520366910507,0.390588403920853,0.9289322116615463,-0.027758244727979553,0.9507251346647555,1.060549778172125,0.057566206612112425,4.043793885493523,0.69646476630351,-1.2274339150890663,288.5616598493959,1.6532196769856087,188.49415425378567,19.729889062765782,1.0454008350889483,0.8957534501158833,0.14569945218309646,0.41894331022814413,-0.08465963719764974,51.37471469737585,0.667469301913068,-17.083669735660663,158.8962900383552,0.9757216759287749,-3.857735613509334,100.51455928679256,0.8914448595597504,-10.911372090753119,397.25837500500324,0.8518970680453848,-58.835130073248024,187463373.62284973,0.6154920784276824,-72081152.16265677,1635675.0279223695,3.0704886256315223,3386646.5405428195,0.009712041504443077,5.204196688573868,0.040831384774238436
6.459863000000041,0.687,-0.567,1.254,0.0113384853168469,0.418293554197685,1283.3671479981751,0,7,14,1793.095715,1799.555578,-0.26317310664605875,0.5672969621770371,-0.894,1.086,1.98,-0.512,0.892,0.6253686331732928,253.03259500000001,-0.484950540958269,0.4013273464090762,-1.107,0.132,1.2389999999999999,-0.522,0.8069999999999999,0.6294765016674319,256.367711,-2.7467635239567234,35.82411405740797,-71.176,70.183,141.359,-10.122,55.3815,35.929261860699484,835219.9720320001,0.9403910355486849,54.551597749132,-131.176,106.55,237.726,12.916,66.321,54.55970264107791,1925964.465527,-1.5429397217928904,26.25360465155947,-66.214,52.702,118.916,2.26,28.046,26.298905303937488,447486.17585999996,0.9771768827837177,0.08689068991675396,0.8259073797950954,1.2137565653787419,0.38784918558364645,0.9731243497107653,0.12918006179989427,0.9810324419921661,622.6887499999999,59.70820831732113,37.33946022451868,4.321915084774341,148.50175579433395,144.1798407095596,56.70149968034355,46.77924315620013,70.422336160646,3208670.613419,1.8329036607767961,2.508741716293063,12.066608993584808,169.90397922554746,231.14671990997135,1277.8256227034726,0.15552375267742588,1580.2472993520187,2.2444388086334106,1288.4296049067777,163.26139727800197,70.370969428264,0.054617628436758416,0.15552375267742588,291819720.22617,2.4437787660949963,270738449.80447245,16465703.704377243,3656905.015339381,0.01350715060228941,647,100.62386798229456,3.7366776666666888,1.7287718018436569,2.7231853333333524,0.4605357853705701,0.908275878666728,-0.042242231172885114,2386.1849687222325,0.5378322153625925,-1102.8178207240574,1.3963333333333334,0.898066357855815,-0.14233333333333342,0.06410465890716273,1.3554502565576036,0.02278603100959123,0.390588403920853,0.9929869186090051,-0.002739218337206528,0.9507251346647555,1.0318780853725054,0.030307307327410604,4.043793885493523,0.6203930717361363,-1.5350521692004597,288.5616598493959,5.476289885919035,1291.6856395026227,19.729889062765782,3.5667189596823836,50.641080365498226,0.14569945218309646,0.37486499688050984,-0.09108182374633805,51.37471469737585,0.7268061815466952,-14.035254472857169,158.8962900383552,0.9073833043281432,-14.71644932879559,100.51455928679256,0.7006182651879088,-30.092223126146564,397.25837500500324,0.5818548693938589,-166.1116550950319,187463373.62284973,1.5566759233367407,104356346.60332027,1635675.0279223695,2.235716112866472,2021229.9874170115,0.009712041504443077,1.3907618381255646,0.003795109097846333
4.992964999999913,0.664,-0.559,1.223,0.094612,0.390365943002204,1533.8389982487838,0,7,15,1799.56616,1804.559125,-0.15808199999999997,0.5965802337288757,-0.898,0.962,1.8599999999999999,-0.3255,1.1325,0.6171692587937284,190.44894700000003,-0.6005119999999999,0.3221768859741493,-1.073,0.112,1.185,-0.676,0.5735,0.6814782520374367,232.20630400000005,-1.5945960000000015,39.16425664108517,-72.122,78.58,150.702,-18.6565,71.91575,39.196705660705724,768190.8673260001,2.656335999999999,59.59706060123355,-127.679,84.641,212.32,35.266999999999996,83.5495,59.6562297941464,1779432.8766260003,-0.6907800000000025,28.041050037963984,-77.084,38.901,115.98500000000001,9.84,54.336,28.04955729133706,393388.83212000004,1.0007985559325094,0.07106161019427608,0.864625352392584,1.177805162155439,0.3131798097628551,1.0048218548508068,0.11458973988011267,1.0033182456229928,503.32375099999996,70.1827690164304,30.92578350390458,6.802066524226296,145.26237966176927,138.46031313754298,60.27431370188865,33.69282862455526,76.69436193191778,2941012.576072,1.9100842023690594,2.544075907855121,10.946407933965268,172.5989982967965,235.1680954950238,1713.7410682729903,0.20102522866607675,631.2191470252782,2.139093285098076,502.0751507197593,57.867603958958725,26.91369856553561,0.05360492055107074,0.20102522866607675,119550543.30085973,2.37065467688029,104850459.20708226,13608734.507187407,729125.4093439187,0.006953955327023201,500,100.51261433303839,3.7366776666666888,1.3362043590695514,1.256287333333224,0.4605357853705701,0.8476343140452222,-0.0701698423683661,2386.1849687222325,0.6427997067904189,-852.3459704734487,1.3963333333333334,0.8758653553888851,-0.17333333333333334,0.06410465890716273,1.1085247206750026,0.00695695128711335,0.390588403920853,0.8018154113150842,-0.07740859415799789,0.9507251346647555,1.0553189333987611,0.052593110958237266,4.043793885493523,0.6291309531601711,-1.4997179776384018,288.5616598493959,2.1874671338279836,342.6574871758823,19.729889062765782,1.3641079514575691,7.183809502769829,0.14569945218309646,0.3679143337104905,-0.09209453163202572,51.37471469737585,0.6019650655006864,-20.44893119347127,158.8962900383552,0.8713879543405755,-20.43597690081222,100.51455928679256,0.7630174421345258,-23.82019735487478,397.25837500500324,0.5919776908067507,-162.09027950997944,187463373.62284973,0.6377274717213764,-67912830.32199,1635675.0279223695,0.4457642238813461,-906549.6185784509,0.009712041504443077,0.7160130198899687,-0.0027580861774198755
6.859735000000001,0.715,-0.531,1.246,0.002608442503639,0.4394852415514467,1159.2019924649926,0,7,16,1804.56591,1811.425645,-0.27995924308588066,0.5647537558472115,-0.903,0.939,1.842,-0.593,0.8769999999999999,0.6303364042578781,272.961576,-0.449136826783115,0.40020424395864057,-1.06,0.139,1.199,-0.457,0.855,0.6015707157561053,248.616593,-5.036117903930131,34.047055562338905,-55.252,73.389,128.641,-13.649,44.4815,34.417502466147624,813795.795017,-0.05214119359534459,51.227978576566926,-131.557,67.74,199.29699999999997,7.389,60.320499999999996,51.22800511190407,1802899.9448209999,-0.7588122270742366,23.502785886922986,-64.015,32.382,96.39699999999999,2.809,28.343,23.515032222867646,379881.28068400006,0.9723396865505205,0.0831920913352212,0.8311618374299917,1.178846045927966,0.3476842084979742,0.9639076719271404,0.15994316081135307,0.9758920996205944,654.2750229999999,55.957617623992235,35.079548942968536,5.864992412612312,143.44707728287807,137.58208487026576,53.59728629324436,40.865897062859176,66.04414981052486,2996577.0205219993,1.6890071263027144,2.3605083126038746,11.390473061654484,153.11985984470044,213.06970370905208,1394.9059240872245,0.14231561162433834,1633.2308040088162,1.729686125871284,1412.500805642603,79.90369932932214,64.34920763909045,0.04555693517594835,0.2846312232486767,290396568.0452539,2.292358997204185,280975307.1720229,6745641.860136699,2115865.1282518865,0.007530430875039421,687,97.77082518592043,3.7366776666666888,1.8357845106188666,3.123057333333312,0.4605357853705701,0.9542911668740427,-0.021050543819123413,2386.1849687222325,0.48579720669385934,-1226.98297625724,1.3963333333333334,0.8923370668966073,-0.15033333333333343,0.06410465890716273,1.2977540131390608,0.019087432428058465,0.390588403920853,0.8901549459898401,-0.042904195422878766,0.9507251346647555,1.026471325700251,0.025166964955838922,4.043793885493523,0.5837360591583235,-1.6832855728896483,288.5616598493959,5.659902305817834,1344.6691441594203,19.729889062765782,3.261508840813256,44.61931857632467,0.14569945218309646,0.31267744227290434,-0.1001425170071481,51.37471469737585,0.6828173965106648,-16.295165754407314,158.8962900383552,0.8658609010216467,-21.314205168089444,100.51455928679256,0.6570605320520203,-34.470409476267704,397.25837500500324,0.5363504386811356,-184.18867129595117,187463373.62284973,1.5490842954181088,102933194.42240414,1635675.0279223695,1.2935730460710404,480190.1003295169,0.009712041504443077,0.7753697425919122,-0.0021816106294036556
6.3308609999999135,0.745,-0.583,1.3279999999999998,0.0598059936908517,0.3982651399100174,1174.4832213262175,0,7,17,1811.435473,1817.766334,-0.20460883280757095,0.5704297469448661,-0.88,0.973,1.853,-0.387,0.96375,0.6060155696535037,232.839588,-0.570167192429022,0.3678523746328578,-1.032,0.14,1.1720000000000002,-0.6545000000000001,0.6500000000000001,0.678532237145315,291.897402,-4.0985946372239725,34.27073418131303,-84.443,75.313,159.756,-16.488500000000002,37.11475,34.51494892545111,755272.5973730001,0.5167712933753941,53.22462716373866,-131.221,83.786,215.007,23.9615,63.3775,53.22713583585579,1796203.145209,-0.573774447949527,24.864573592080827,-54.229,67.023,121.252,6.9079999999999995,20.85475,24.871192915361398,392177.334279,0.991749131333972,0.07928686243693912,0.8375828317247197,1.1650133046450586,0.3274304729203389,0.9965723717167574,0.1284382531336301,0.9949134364640887,627.566641,58.86396471824409,34.322289890063864,8.445139252848351,147.27308648222186,138.8279472293735,44.4289977169184,40.99219789059043,68.1394593877018,2943653.0768609997,1.855452071159851,2.4995667728831563,18.774912349570112,160.84381491359017,218.00453145921603,1068.3484169863707,0.15513790363528748,1263.473596500322,1.951889910726008,1081.2770238529417,57.69280881335645,60.26656630821061,0.05573647176271615,0.15513790363528748,236756323.9248974,2.3437896641040106,227381227.8674763,7660130.5244767945,1245121.6495731084,0.005475921039087702,634,98.35743090477226,3.7366776666666888,1.6942486207821306,2.5941833333332247,0.4605357853705701,0.8647865028375338,-0.06227064546055272,2386.1849687222325,0.4922012487364776,-1211.701747396015,1.3963333333333334,0.9510622992284866,-0.06833333333333358,0.06410465890716273,1.2368344426170186,0.015182203529776395,0.390588403920853,0.8383005262073336,-0.06315793100051409,0.9507251346647555,1.0464785138452553,0.044188301799333196,4.043793885493523,0.6181241768203664,-1.5442271126103666,288.5616598493959,4.378522070866795,974.911936650926,19.729889062765782,3.0545821157909985,40.53667724544482,0.14569945218309646,0.3825441146287395,-0.08996298042038031,51.37471469737585,0.6680774790781704,-17.052424807311986,158.8962900383552,0.8737016275655365,-20.068342808981697,100.51455928679256,0.6779063636592609,-32.375099899090756,397.25837500500324,0.5487726506734633,-179.25384354578722,187463373.62284973,1.2629470992089273,49292950.30204767,1635675.0279223695,0.761228011871436,-390553.3783492611,0.009712041504443077,0.5638274299289469,-0.004236120465355375
8.006446000000096,0.793,-0.592,1.385,-0.0375505617977528,0.4374722794174913,895.6926419463155,1,7,18,1817.773352,1825.779798,-0.29413358302122344,0.5422811400369012,-0.844,0.964,1.8079999999999998,-0.601,0.7939999999999999,0.6169144182952967,304.847303,-0.4402796504369538,0.4239776472777058,-1.095,0.149,1.244,-0.47,0.907,0.6112309023438073,299.256176,-3.48700124843945,29.92812459788143,-70.031,70.183,140.214,-9.863,40.199,30.130579477549613,727189.3075420001,1.4998601747815241,45.140343337690936,-102.641,93.679,196.32,6.336,67.771,45.165254091929064,1633960.0419280003,-0.542368289637953,18.643046838330182,-49.008,33.557,82.565,0.992,21.878,18.650934528269023,278633.74438099994,0.9693307805158374,0.08588651451345031,0.8132213720752794,1.2279112345768322,0.4146898625015527,0.9639491687843297,0.15505693963543343,0.9731282831316289,758.5299030000001,48.359225712354565,30.935330030901085,1.694676665325867,125.5062618676853,123.81158520235942,48.79644590541405,52.63693765317868,57.40739809135427,2639783.093851,1.6646641457115146,2.3218285662950953,16.34130491612159,145.72573298599676,211.6182727529343,1540.6279460127544,0.1239330372438123,2366.382763033018,1.5840102171700627,2085.4600729516237,137.91837087252563,51.52678907147019,0.024707636333835666,0.1239330372438123,307004360.33126533,2.1627997665498575,296460796.73701555,6207501.884312501,3435950.733516286,0.011589899141248848,801,99.27036283229366,3.7366776666666888,2.142664337894475,4.269768333333408,0.4605357853705701,0.9499202533550715,-0.023063505953078822,2386.1849687222325,0.3753659727486224,-1490.492326775917,1.3963333333333334,0.991883497312842,-0.011333333333333417,0.06410465890716273,1.3397856346131725,0.02178185560628758,0.390588403920853,1.061705487724947,0.02410145858069973,0.9507251346647555,1.0235642641751872,0.022403148466873413,4.043793885493523,0.5741708470559251,-1.7219653191984277,288.5616598493959,8.20061391449598,2077.821103183622,19.729889062765782,2.6116106827278296,31.79690000870441,0.14569945218309646,0.16957946147245395,-0.1209918158492608,51.37471469737585,0.602150887009397,-20.439384666474766,158.8962900383552,0.7791974574402031,-35.08470483599578,100.51455928679256,0.571135151892231,-43.107161195438294,397.25837500500324,0.5326968191543907,-185.64010225206894,187463373.62284973,1.637676493270176,119540986.7084156,1635675.0279223695,2.1006316504572435,1800275.7055939166,0.009712041504443077,1.1933523144874894,0.0018778576368057714
6.990422999999964,0.708,-0.552,1.26,0.0746871428571428,0.3914284909775725,1015.010285285641,1,7,19,1825.783704,1832.774127,-0.1294157142857143,0.6045939345983065,-0.872,1.018,1.8900000000000001,-0.3345,1.14025,0.6182897806507421,267.597577,-0.5882557142857143,0.35413091854192413,-1.067,0.138,1.205,-0.663,0.57475,0.6866247103455736,330.017445,-1.7508485714285722,31.859226062251434,-58.779,96.901,155.68,-11.855,32.49225,31.907299415740503,712653.029204,1.358354285714283,51.00117012733471,-154.382,63.099,217.481,23.16,51.12975,51.01925597970689,1822075.136506,-0.4084499999999999,22.115724041803702,-72.916,35.618,108.53399999999999,5.962,26.0225,22.11949550273953,342490.456907,1.0023184950808215,0.08881336042705498,0.834571147356533,1.2238508896103315,0.38927974225379847,1.004753861257118,0.15338122991642544,1.0062455856158716,708.771125,53.56241566059811,35.2332222004403,3.2264855493245275,163.21727604944277,159.99079050011824,42.659339443936794,27.708178793518854,64.11171747835402,2877218.622617,1.804104485190695,2.341954148160477,8.713880096980068,160.4565592065081,214.91501009594893,962.4393990230496,0.14066280312762344,1933.3295509797877,2.172244001062102,1655.22091272249,80.9554165145201,134.5567838101864,0.08129234156911169,0.14066280312762344,304138124.7385658,2.368792427388575,291158687.7629937,9652426.677175183,2809926.535083753,0.009650842146160047,700,98.4639621893364,3.7366776666666888,1.8707588946327813,3.2537453333332755,0.4605357853705701,0.8499415135855174,-0.06910729439299762,2386.1849687222325,0.42536949087601983,-1371.1746834365915,1.3963333333333334,0.9023633260752209,-0.13633333333333342,0.06410465890716273,1.3854429317102586,0.024708701519892254,0.390588403920853,0.9966494867220519,-0.0013086616670545115,0.9507251346647555,1.0583979936395747,0.05552045095111613,4.043793885493523,0.5791477529975979,-1.7018397373330458,288.5616598493959,6.699883664107764,1644.7678911303917,19.729889062765782,6.819946291331273,114.82689474742062,0.14569945218309646,0.5579453784596258,-0.06440711061398477,51.37471469737585,0.6858086200794392,-16.141492496935548,158.8962900383552,1.0068881435270134,1.0945004617630332,100.51455928679256,0.6378351347992215,-36.40284180843854,397.25837500500324,0.5409955424799596,-182.34336490905432,187463373.62284973,1.6223869167662024,116674751.11571607,1635675.0279223695,1.7179002473693676,1174251.5071613835,0.009712041504443077,0.9936975871416016,-6.119935828302961e-05
7.761829000000034,0.758,-0.546,1.304,0.0039021879021879,0.4467657613520183,1060.5836680028458,1,7,20,1832.784533,1840.546362,-0.29380566280566284,0.5546284501382979,-0.931,1.012,1.943,-0.609,0.818,0.627642004011431,306.087095,-0.4275559845559845,0.4096945872783011,-1.005,0.16,1.1649999999999998,-0.453,0.921,0.5921602610567301,272.457983,-4.116159588159588,32.566603568730436,-62.901,95.389,158.29,-10.443,28.671999999999997,32.82569782591139,837238.042138,2.306926640926641,45.70866295009884,-146.0,56.901,202.901,12.031,31.114,45.766841481714195,1627507.136448,-1.4149845559845562,28.479927358531864,-78.0,50.947,128.947,5.344,18.672,28.515056437624786,631785.260709,0.9677352525386946,0.08770184464993384,0.8179223679543188,1.1690834016442113,0.3511610336898925,0.9622567225018488,0.16074172509685314,0.9717011539362976,733.6458339999999,49.78151798452672,38.82060184705498,1.9381269308278033,165.11304956907554,163.17492263824775,45.09428954978667,44.57485485179808,63.128746705532855,3096530.439295,1.7049160958763394,2.3684702596524527,11.015459945002952,154.58376103689702,216.0049399395393,1163.425762235786,0.1288354058753411,2321.825079973638,1.9011499599466317,2027.7690036575523,115.13430956321585,86.65663035750113,0.04273496152706172,0.2576708117506822,454921612.78399307,2.405911612915093,436088716.0479311,12383501.72213551,5385323.015396316,0.012349145522959157,777,100.10511036514004,3.7366776666666888,2.0772005700325726,4.025151333333346,0.4605357853705701,0.970099970171761,-0.013770024018551819,2386.1849687222325,0.4444683383310089,-1325.6013007193867,1.3963333333333334,0.9338744263508635,-0.09233333333333338,0.06410465890716273,1.3681038549149187,0.023597185742771115,0.390588403920853,0.8990564521994504,-0.03942737023096049,0.9507251346647555,1.0220631687183772,0.020976019271542135,4.043793885493523,0.5857049891419834,-1.6753236258410702,288.5616598493959,8.046200874728012,2033.263420124242,19.729889062765782,4.3921499020041574,66.92674129473535,0.14569945218309646,0.2933089860919177,-0.10296449065603475,51.37471469737585,0.7556363488959973,-12.55411285032087,158.8962900383552,1.0269272025708749,4.278632599892546,100.51455928679256,0.6280557478159018,-37.38581258125971,397.25837500500324,0.5437391720977096,-181.25343506546395,187463373.62284973,2.4267226391606083,267458239.16114333,1635675.0279223695,3.29241623394881,3749647.987473946,0.009712041504443077,1.2715280100511885,0.0026371040185160805
4.224204999999984,0.727,-0.551,1.278,-0.018562647754137,0.4303386705500299,1425.2299769636113,0,8,0,1971.293729,1975.517934,-0.43024822695035464,0.46650192364700904,-0.914,0.666,1.58,-0.706,0.6275,0.6346160899002512,170.357997,-0.44396690307328607,0.3518739483115198,-1.014,0.132,1.146,-0.498,0.6765000000000001,0.5664996791921622,135.749958,1.6128770685579181,37.752218172759214,-61.908,73.145,135.053,-5.771,78.0915,37.78665570544569,603972.6607969999,3.9058463356974014,61.12146572943847,-106.519,83.756,190.275,17.313,117.19900000000001,61.24613627416021,1586710.7352010002,-1.1393451536643031,35.34378888979707,-65.038,46.947,111.985,1.832,69.22149999999999,35.362148131380835,528953.683157,0.9518197432431303,0.05687343597936456,0.8077536753243529,1.1334729815924154,0.32571930626806245,0.9506155900257475,0.0904570363367665,0.9535173891164846,384.589659,71.97771283622554,35.335689228405734,4.049747646458974,134.06576953495625,130.01602188849728,79.11755907508774,57.74052664520026,80.18355241806523,2719637.079155,2.7151959967947925,3.7012034292631437,14.845001157387259,206.08682389867172,277.18428276701195,1265.7167130756898,0.23400803700828599,289.38077308478626,3.777345484798674,185.33346206604318,16.902333647513608,32.623094157064,0.17602376706090234,0.23400803700828599,111706352.83742878,2.2035060614612614,97354508.05959797,12866967.330015596,1086238.7646632744,0.011157559997101586,423,98.98539965450497,4.048819333333313,1.0433177284028383,0.17538566666667066,0.4201708896556579,1.024199131597892,0.01016778089437198,1853.8588147425387,0.7687910026491729,-428.6288377789274,1.283,0.9961028761020821,-0.004999999999999893,0.06009681229082514,0.9463634483723329,-0.0032233763114605796,0.2872343751608422,1.1339843803368803,0.03848493110722023,0.9536002373206598,0.9999131101272174,-8.284820417514549e-05,3.089197778863035,1.1981115105696598,0.6120056504001088,295.6885491017039,0.9786674998207835,-6.307776016917671,24.285646372658007,1.343307632954733,8.337447784405995,0.1428580868917884,1.232158140775431,0.03316568016911395,41.96847797347605,0.8419578437492587,-6.6327887450703145,140.1829802380415,0.9274736609140805,-10.166958349544217,87.88404334614042,0.9123789638709523,-7.700490928075183,276.7976729865729,1.0013967233403869,0.38660978043907335,146384580.0842816,0.763101911233501,-34678227.246852815,973609.8726572063,1.1156817480688304,112628.89200606814,0.007839366541846913,1.4232713453094228,0.003318193455254673
4.279575999999906,0.667,-0.576,1.243,-0.1253403263403263,0.4072082916674103,1803.520304369352,0,8,1,1975.52644,1979.806016,-0.4640419580419581,0.4560282605971903,-0.897,0.677,1.574,-0.705,0.521,0.6506125677288391,181.59429,-0.35839860139860136,0.4008560561020148,-0.991,0.183,1.174,-0.41,0.834,0.5377128743094545,124.038973,-5.249876456876457,42.46787379148328,-77.969,67.603,145.572,-11.496,83.847,42.79113818516421,785533.966581,0.8038601398601436,68.29584631346732,-129.588,121.42,251.00799999999998,2.718,118.42699999999999,68.30057697265231,2001271.6215479998,-1.8333286713286747,33.04240658056802,-69.771,57.725,127.49600000000001,2.931,39.863,33.093227806496614,469824.380734,0.9436268353154211,0.05940567622072683,0.8362744764728862,1.0896412253581451,0.2533667488852589,0.9464190403832754,0.10070077202085914,0.9454949173288235,383.509114,73.89490947076155,46.16009535236747,4.681774877116584,151.33045796864556,146.64868309152897,77.47780307933363,83.90844446151743,87.12756193439422,3256629.968863,1.7820048734198357,2.4806751135130978,10.37955056754744,178.27786009473922,241.82529865905596,963.2523813277239,0.2348735282381731,324.7435069907767,2.915383441638968,242.7328020255959,42.51454532493178,10.849209445045254,0.04469609939020214,0.2348735282381731,196073085.53570876,1.7750087984985377,179259996.15941656,15413719.312563742,1229862.2706824068,0.006860773719913984,429,100.76074361417625,4.048819333333313,1.056993567037401,0.23075666666659345,0.4201708896556579,0.9691492009587745,-0.012962597988247615,1853.8588147425387,0.9728466321261331,-50.33851037318664,1.283,0.9688230633762819,-0.039999999999999813,0.06009681229082514,0.9884994573131727,-0.000691136070098311,0.2872343751608422,0.8820905921252482,-0.03386762627558332,0.9536002373206598,0.9915002853505859,-0.00810531999183628,3.089197778863035,0.8030159552930727,-0.6085226653499372,295.6885491017039,1.098262032690676,29.054957889072796,24.285646372658007,0.44673340268976747,-13.436436927612753,0.1428580868917884,0.3128706063056291,-0.09816198750158625,41.96847797347605,1.0998753724293209,4.191617378891422,140.1829802380415,1.0461233084932777,6.465702853487471,87.88404334614042,0.9913922779055507,-0.7564814117461935,276.7976729865729,0.8736536548197429,-34.97237432751692,146384580.0842816,1.3394381117384002,49688505.45142716,973609.8726572063,1.2631982329080291,256252.3980252006,0.007839366541846913,0.87516828453014,-0.0009785928219329292
3.642677000000049,0.688,-0.64,1.3279999999999998,-0.0463095890410958,0.4229657067495336,2332.826162894652,0,8,2,1979.816392,1983.459069,-0.3906602739726028,0.5057054421056465,-0.902,0.748,1.65,-0.686,0.776,0.6390253859085854,149.04900700000002,-0.43375342465753425,0.3840532419147872,-1.017,0.177,1.194,-0.489,0.738,0.5793435302369374,122.508208,-3.228328767123288,48.29933915587927,-81.603,84.0,165.603,-7.939,101.053,48.407109700159616,855285.618376,2.2365150684931545,74.52803706182077,-127.023,115.893,242.916,1.664,155.20600000000002,74.56158734857867,2029192.0623980002,-3.4794630136986324,36.970340315934735,-79.71,53.42,133.13,0.046,70.962,37.1337141414608,503303.144968,0.9596559213072089,0.06401132467238405,0.837132008705915,1.1197490790351203,0.28261707032920536,0.9595801165092991,0.1007938687703791,0.9617884055166714,337.63848199999995,85.49487908016259,44.409649339654955,7.066209945932827,150.95044568003104,143.8842357340982,106.87167971918473,70.70723697826165,96.3410156859618,3387780.8257420002,2.2529778961485762,3.085714793812864,16.090373408234193,223.27066682297192,311.3834375336506,1890.7041254442763,0.268903766736037,272.9413672295488,4.027719026985312,141.37124992451305,70.56637650761041,29.384635515864765,0.2078543942242607,0.537807533472074,131374301.87970723,1.9674244874381959,109955331.31483822,20554174.570724502,604728.5826259376,0.005499765908525173,365,98.1498748586535,4.048819333333313,0.8996886971501932,-0.4061423333332641,0.4201708896556579,1.006651596043815,0.00279481709387569,1853.8588147425387,1.2583623652085114,478.96734815211335,1.283,1.0350740371389398,0.04499999999999993,0.06009681229082514,1.065136595120047,0.0039145123815589045,0.2872343751608422,0.983924923093552,-0.004617304831636859,0.9536002373206598,1.0085865730624735,0.008188168196011647,3.089197778863035,0.9988725244260088,-0.0034829850501707504,295.6885491017039,0.9230704673870823,-22.747181872155124,24.285646372658007,1.209958963120202,5.098989143206758,0.1428580868917884,1.4549710429203426,0.0649963073324723,41.96847797347605,1.0581667831065984,2.4411713661789065,140.1829802380415,1.0264030303786356,3.701255496056717,87.88404334614042,1.0962287578821386,8.456972339821391,276.7976729865729,1.1249496217314874,34.5857645470777,146384580.0842816,0.8974599770280987,-15010278.204574361,973609.8726572063,0.6211200190231098,-368881.2900312686,0.007839366541846913,0.7015565433255052,-0.0023396006333217404
3.389024000000063,0.759,-0.531,1.29,0.0468264705882352,0.4152584693394362,2220.8186700191263,0,8,3,1983.466447,1986.855471,-0.3213823529411764,0.5616646903575688,-0.904,0.841,1.745,-0.6295,0.968,0.6471119232223052,142.376306,-0.49196764705882357,0.3473218487229763,-1.037,0.152,1.1889999999999998,-0.546,0.61025,0.6022164331475364,123.305975,-6.993038235294117,47.12556280851324,-79.267,80.718,159.985,-1.9689999999999999,83.58375000000001,47.64159163776344,771705.226285,1.0814882352941233,81.17479617646747,-130.473,114.809,245.282,12.084,154.7135,81.1820001668727,2240775.8313720003,-2.6990794117647057,43.09148140604154,-84.26,68.076,152.336,3.0380000000000003,76.87,43.17592847221974,633814.671809,0.9755656832389119,0.06574485471798651,0.8327076317651952,1.135860466782782,0.30315283501758683,0.9735299165697453,0.08668988144113432,0.9777784965089457,325.057268,96.38720958479543,37.86693851856109,3.7714737172622588,161.62109485150756,157.8496211342453,101.52524676810464,46.87398963764943,103.55867517649965,3646295.7294659996,2.566705419631734,3.4372731293647885,15.14705151345908,251.10652160241395,331.2828142002324,1135.6814571543757,0.2934134547627662,249.83575794303337,4.274268064959915,102.00830131176073,82.91947405441492,30.1022739330539,0.29509631611356313,0.5868269095255324,82879751.71566573,2.150716735883026,66362564.365881175,15386112.676473077,863743.1398872092,0.013015517832087924,340,99.76057461934052,4.048819333333313,0.8370400634398142,-0.6597953333332498,0.4201708896556579,0.9883084946619398,-0.004912420316221688,1853.8588147425387,1.1979437982797903,366.95985527658763,1.283,1.005455954750928,0.007000000000000117,0.06009681229082514,1.0939822142313778,0.005648042427161368,0.2872343751608422,1.05541972228649,0.015918459856744616,0.9536002373206598,1.0253547010460826,0.024178259188285867,3.089197778863035,1.1126749934098137,0.34807535050175353,295.6885491017039,0.8449287559277499,-45.852791158670556,24.285646372658007,1.2395088629203401,5.816627560395894,0.1428580868917884,2.0656604178137106,0.15223822922177474,41.96847797347605,0.9022709504373776,-4.101539454914956,140.1829802380415,1.126025576392685,17.666640896203802,87.88404334614042,1.1783558336846145,15.674631830359232,276.7976729865729,1.196841037765278,54.48514121365952,146384580.0842816,0.5661781566606765,-63504828.368615866,973609.8726572063,0.8871552807181852,-109866.73276999709,0.007839366541846913,1.6602746101823986,0.00517615129024101
4.870781999999963,0.681,-0.559,1.2400000000000002,-0.0149487704918032,0.4194394378783052,1086.18308085138,0,8,4,1986.86226,1991.733042,-0.41879098360655725,0.4651351924932727,-0.956,0.699,1.6549999999999998,-0.6915,0.6635,0.625888676400126,191.167478,-0.41264139344262296,0.4104225837122138,-1.015,0.185,1.2,-0.506,0.86075,0.5819962343548957,165.29517299999998,-2.6895963114754093,32.95729177058364,-57.664,64.794,122.458,-8.351,63.67175,33.066856656931904,533587.500475,2.847961065573773,58.72461984918132,-110.885,83.206,194.091,13.5345,100.95825,58.79363790974229,1686865.627027,-3.851956967213115,32.34922886658185,-74.809,36.58,111.389,4.939,56.55775,32.577755919334805,517919.36820100003,0.9498111438889358,0.0668427316950538,0.8268911657527852,1.1379108049403521,0.3110196391875669,0.9399302434372345,0.11040980202582085,0.952160259534111,442.42527,65.45250704503079,36.43334146207176,3.5414162421268696,134.6484923977985,131.10707615567162,66.1601183821299,47.70868399357387,74.90940560818595,2738372.4957029996,2.058739720611907,2.9322551136972366,13.863124120797124,155.44174363759032,206.14044409729084,836.723385839597,0.20044804146234868,532.0445629777397,2.8068831731665584,404.0816981245464,43.14319539071928,18.93514255916583,0.04685968863865996,0.40089608292469736,158054984.64863586,1.9244555523721716,147805934.1953553,9365355.494685736,635055.262737605,0.004296547809090342,488,97.81864423362615,4.048819333333313,1.2030129247480685,0.82196266666665,0.4201708896556579,0.9982591327054011,-0.0007314517773527318,1853.8588147425387,0.5859038844855986,-767.6757338911586,1.283,0.9664847937140705,-0.042999999999999705,0.06009681229082514,1.1122506839310626,0.0067459194042286535,0.2872343751608422,1.0828078226546787,0.023785264026724706,0.9536002373206598,0.9984899460852754,-0.0014399777865488073,3.089197778863035,0.949196300822305,-0.15694266516579836,295.6885491017039,1.799341112721772,236.35601387603577,24.285646372658007,0.7796845206758471,-5.350503813492178,0.1428580868917884,0.32801562990269334,-0.09599839825312842,41.96847797347605,0.8681120501061869,-5.535136511404289,140.1829802380415,0.9352567331903568,-9.075904082369874,87.88404334614042,0.8523663994910183,-12.974637737954467,276.7976729865729,0.7447332987508285,-70.65722888928204,146384580.0842816,1.0797242753139367,11670404.56435427,973609.8726572063,0.6522687172474803,-338554.60991960124,0.007839366541846913,0.5480726415111193,-0.0035428187327565712
5.412581999999929,0.781,-0.603,1.384,0.048929889298893,0.4382808147469662,1107.768729195902,0,8,5,1991.744441,1997.157023,-0.3551512915129152,0.500466726067324,-0.865,0.915,1.78,-0.5645,0.75775,0.6136769376176994,204.11686600000002,-0.45799999999999996,0.38764415721112866,-1.005,0.203,1.208,-0.5425,0.7585,0.6000266599243121,195.13734,-4.992186346863468,33.2831598439196,-56.183,76.0,132.183,-15.786,54.988749999999996,33.655469892986375,613918.334315,1.2679630996309978,53.72489492549144,-106.794,86.107,192.901,15.5725,99.355,53.739855462934784,1565280.859326,-1.9680479704797027,32.66905665506759,-84.504,35.893,120.397,13.649000000000001,45.11425,32.72828250223536,580558.137746,0.9621954061096707,0.07277075983715091,0.8444607746959003,1.1870825582073052,0.34262178351140493,0.9512823710249931,0.11578743697179217,0.9649433056018527,504.66464600000006,62.75277381500093,33.96899428838443,2.5496076168697015,135.33406834939976,132.78446073253005,62.44662151814201,49.19590243236479,71.35687208980617,2759757.331387,1.8689688054330067,2.6079043724890583,13.023098473273324,178.39395199183673,243.62788722520227,1441.1099285267978,0.177320370032292,777.8779669604309,2.67963231519791,561.3906102300582,107.67869240820427,53.9084240708215,0.09602658663594237,0.177320370032292,169486386.5177036,2.43391965988869,150120046.22926617,18129509.184317626,771994.2727378312,0.005142512889709793,542,96.10764055750228,4.048819333333313,1.3368297128179243,1.3637626666666165,0.4201708896556579,1.0431013073636224,0.018109925091308265,1853.8588147425387,0.5975475156902776,-746.0900855466366,1.283,1.0787217375002203,0.10099999999999998,0.06009681229082514,1.210891975036435,0.012673947546325767,0.2872343751608422,1.192829971660766,0.05538740835056272,0.9536002373206598,1.0118949825286472,0.011343068281192914,3.089197778863035,0.8442011650697463,-0.48129340637397666,295.6885491017039,2.6307341603092227,482.1894178587269,24.285646372658007,2.2197648446910043,29.622777698163496,0.1428580868917884,0.6721816174597386,-0.04683150025584602,41.96847797347605,0.8093930473666164,-7.999483685091619,140.1829802380415,0.9472224124325191,-7.3985195055114445,87.88404334614042,0.8119434355180987,-16.527171256334242,276.7976729865729,0.8801659514970659,-33.169785761370605,146384580.0842816,1.157815846587947,23101806.433422,973609.8726572063,0.7929195198389604,-201615.59991937503,0.007839366541846913,0.6559849322530751,-0.0026968536521371203
5.588756999999987,0.755,-0.556,1.311,-0.0042625,0.3948025374712655,1012.1233486734566,0,8,6,1997.168719,2002.757476,-0.38185714285714284,0.4615238938471514,-0.931,0.788,1.719,-0.577,0.624,0.5990151768885803,200.938742,-0.49707499999999993,0.4094496891517058,-1.05,0.213,1.2630000000000001,-0.6245,0.77125,0.6439973630158966,232.250258,-1.3503607142857164,31.81388609826622,-60.427,69.756,130.183,-11.1225,49.045500000000004,31.842531663360923,567810.2207300001,2.9264696428571417,54.495039544103136,-128.275,95.13,223.405,23.0995,69.90899999999999,54.57356099324955,1667833.1933110002,-2.8177821428571437,26.37302808523665,-66.779,36.412,103.191,6.107,31.15325,26.523131538136397,393946.84369,0.9613629883767195,0.07225097088392157,0.8324235700651441,1.1674120951917537,0.3349885251266096,0.9584367474435409,0.1086213768587454,0.9640741663452483,520.4858389999999,58.53248666109329,35.632076757807624,4.6426478436340615,148.22184744834345,143.5791996047094,50.111225538561754,49.529750065898156,68.52515515345702,2629590.257731,2.391928236539422,3.168614013831161,13.053457852672567,202.23783259806353,286.03620799788223,1466.6896547585325,0.17768301350228174,818.9888180390784,2.818296953861171,623.998627592213,33.872434674417796,63.559656983555215,0.1018586486765052,0.17768301350228174,199080454.90735996,2.3711662308907884,181780500.80469358,14306179.64892092,2280557.160213508,0.012545664414599434,560,99.50248756127777,4.048819333333313,1.3803423976429814,1.539937666666674,0.4201708896556579,0.9396237050086464,-0.02536835218439243,1853.8588147425387,0.5459549241933828,-841.7354660690821,1.283,1.021823842386408,0.028000000000000025,0.06009681229082514,1.2022427830589635,0.012154158593096431,0.2872343751608422,1.1662549556489434,0.04775414996576738,0.9536002373206598,1.0109835531754707,0.010473929024588546,3.089197778863035,1.0257077177947078,0.079416234968126,295.6885491017039,2.769768462456368,523.3002689373745,24.285646372658007,2.6171696640095257,39.27401061089721,0.1428580868917884,0.7130057791100263,-0.04099943821528319,41.96847797347605,0.8490199899990842,-6.336401215668424,140.1829802380415,1.0242270448998771,3.396219366667907,87.88404334614042,0.7797223766294682,-19.358888192683395,276.7976729865729,1.0333764908544723,9.238535011309352,146384580.0842816,1.359982416131115,52695874.823078364,973609.8726572063,2.342372673347403,1306947.2875563018,0.007839366541846913,1.6003395611411397,0.004706297872752521
6.163925000000063,0.694,-0.534,1.228,-0.0048622366288492,0.3754493003475492,890.7508257884782,0,8,7,2002.766969,2008.930894,-0.3706191247974068,0.4666950657888392,-0.959,0.778,1.737,-0.548,0.652,0.5959553843176892,219.13546,-0.5255737439222042,0.40350476911027344,-1.108,0.233,1.3410000000000002,-0.663,0.717,0.6626038477062579,270.890061,-4.41830794165316,29.84544899626203,-65.695,90.824,156.519,-12.137,39.802,30.170718765978275,561637.991118,1.775687196110211,48.65171287402309,-122.809,76.092,198.901,14.382,77.145,48.68410655023684,1462377.756277,-1.3877423014586712,21.9064098734364,-64.29,36.763,101.053,5.16,30.168,21.950321688719043,297280.855921,0.964216835811148,0.07401615436659366,0.8208050925767943,1.1487358268984216,0.3279307343216272,0.9563289183121046,0.12417612375015297,0.9670535132912148,577.013771,53.00018400959889,30.87412539064832,0.8087527434265679,128.73254303788144,127.92379029445488,49.089125211191124,44.67208990482778,61.33702897670229,2321296.6033159997,2.201885346536339,2.9912746358766578,14.511120862697576,188.50718162725903,265.2297871139212,2212.34042541056,0.16093193753782914,1042.7816161081273,2.506788426064873,829.2628474159704,64.95416047613865,61.85583060192817,0.07459134434145759,0.16093193753782914,181438588.94374093,2.51764248265416,171313597.8614724,8048130.609013342,1391722.074584229,0.008123827249892931,617,99.29500546084057,4.048819333333313,1.522400600597167,2.11510566666675,0.4201708896556579,0.8935633111556289,-0.04472158930810871,1853.8588147425387,0.4804847158263126,-963.1079889540605,1.283,0.9571317150652244,-0.05499999999999994,0.06009681229082514,1.2316151095046093,0.013919342075768518,0.2872343751608422,1.141683416969721,0.04069635916078501,0.9536002373206598,1.0141078675350124,0.013453275970555012,3.089197778863035,0.968301429795333,-0.09792314298637717,295.6885491017039,3.5266215727352694,747.0930670064233,24.285646372658007,2.5470119109573477,37.57018422927016,0.1428580868917884,0.5221359234398787,-0.0682667425503308,41.96847797347605,0.7356503469771806,-11.094352582827728,140.1829802380415,0.9125486565352294,-12.25918994358662,87.88404334614042,0.6979313494730862,-26.547014369438124,276.7976729865729,0.9582081534233313,-11.567885872651686,146384580.0842816,1.2394651734443398,35054008.85945934,973609.8726572063,1.42944531857086,418112.20192702266,0.007839366541846913,1.0362848635382684,0.0002844607080460179
6.584859000000051,0.749,-0.549,1.298,0.049410606060606,0.4232738380867917,851.582597615978,0,8,8,2008.940108,2015.524967,-0.31759696969696966,0.5084269721911135,-0.897,0.855,1.752,-0.542,0.82675,0.599471284726901,237.181442,-0.4990348484848484,0.3949232687238402,-1.011,0.192,1.2029999999999998,-0.615,0.73275,0.6363962352039948,267.300111,-3.936090909090909,29.18188817770327,-50.229,71.832,122.06099999999999,-13.465499999999999,39.542,29.446144217207895,572269.7701119999,2.012793939393936,47.44310634899856,-126.29,72.0,198.29000000000002,18.686999999999998,68.88925,47.48578397252012,1488233.78846,-2.9599106060606064,27.56353825122706,-77.985,36.687,114.672,4.962,27.255249999999997,27.72200771449873,507216.40973699995,0.9694150594718146,0.0787564718813497,0.8208465142765728,1.1552930364197649,0.33444652214319204,0.9637860019081755,0.12693348756779177,0.9726089344612969,624.338972,52.39606237423822,33.83987955272773,2.503781539991059,152.213884386412,149.71010284642094,46.7564006897837,42.2873908098919,62.37375089304941,2567719.968309,1.9801028075472156,2.67979063198603,11.276287495999892,161.47232542843827,220.3010216137572,978.3885773248621,0.14946744748481766,1350.9666106713896,2.308431458452951,1083.5167122915225,127.66151645607155,53.3737029913594,0.04925969519933579,0.14946744748481766,249410937.2872173,2.3320558167095253,234229237.49903372,13185478.89416776,1427111.322672321,0.00609279754274147,660,98.64851533997965,4.048819333333313,1.6263652293705126,2.5360396666667384,0.4201708896556579,1.0073849436828604,0.0031029484311337896,1853.8588147425387,0.4593567702347663,-1002.2762171265607,1.283,1.0116913405168253,0.015000000000000124,0.06009681229082514,1.3104931155964512,0.018659659590524555,0.2872343751608422,1.1643679845500132,0.04721214698234982,0.9536002373206598,1.0199336013114992,0.019008697140637132,3.089197778863035,0.8674713680189168,-0.4094071468770051,295.6885491017039,4.56888376208653,1055.2780615696856,24.285646372658007,2.1977468563271474,29.088056618701394,0.1428580868917884,0.3448155636333924,-0.0935983916924526,41.96847797347605,0.8063165780291405,-8.128598420748318,140.1829802380415,1.0679620491840167,9.527122608379443,87.88404334614042,0.7097278244275431,-25.510292453091004,276.7976729865729,0.7958918845986281,-56.49665137281568,146384580.0842816,1.7038060780965987,103026357.2029357,973609.8726572063,1.4657938079216368,453501.45001511474,0.007839366541846913,0.7772043491236665,-0.001746568999105443
7.0265609999999015,0.722,-0.545,1.267,0.0513025568181818,0.3932695419265253,557.4850602150193,1,8,9,2015.538929,2022.56549,-0.3558991477272727,0.4405566272540404,-0.91,0.662,1.572,-0.521,0.707,0.5663517857043046,225.811059,-0.5418196022727273,0.4083681634815529,-1.037,0.226,1.263,-0.705,0.7545,0.678478473020532,324.074459,-2.338470170454546,23.61112153657719,-39.954,62.901,102.855,-10.1145,33.47325,23.726641206734783,396319.266079,1.9766136363636364,44.46237806064931,-105.756,76.763,182.519,17.29,51.21325,44.50629241214739,1394490.28525,-0.3581661931818187,21.801117728707382,-55.527,37.435,92.962,4.55,28.22925,21.804059650507693,334693.58013899997,0.9657316575531104,0.0757801693428511,0.8017798949836545,1.2041316373220994,0.40235174233844484,0.9599268043154114,0.12673635432271269,0.9687002985784143,660.6197090000001,48.362785086389906,26.081058321303853,3.7003102572622204,120.75015866656241,117.0498484093002,39.940419814684596,32.63252814978657,54.947070754241224,2125503.1314680004,2.016599318557601,2.598684456283457,9.449972872373994,174.34728170718276,242.67494722291624,1014.8762870673787,0.141380964014784,1423.0801952652046,2.2765658158821496,1192.2282599210134,65.1001385633128,76.8099327189231,0.06442552596712277,0.141380964014784,168564476.37443912,3.0780193182696287,150758355.8603332,14622429.923200523,2407961.271841174,0.01597232377667993,704,99.53219866640794,4.048819333333313,1.7354592547009204,2.9777416666665886,0.4201708896556579,0.9359752002073941,-0.026901347729132608,1853.8588147425387,0.300716028523151,-1296.3737545275194,1.283,0.9875292206739734,-0.016000000000000014,0.06009681229082514,1.2609679922197867,0.015683357052025962,0.2872343751608422,1.4007784691694922,0.11511736717760263,0.9536002373206598,1.0158347811886388,0.015100061257754538,3.089197778863035,0.8412165985784583,-0.49051332257957814,295.6885491017039,4.812767351121194,1127.3916461635006,24.285646372658007,3.1627707786180994,52.524286346265086,0.1428580868917884,0.4509756700449648,-0.07843256092466562,41.96847797347605,0.6214439878323098,-15.887419652172195,140.1829802380415,0.8349790267134479,-23.1331318287413,87.88404334614042,0.6252223800351819,-32.93697259189919,276.7976729865729,0.8767232202343005,-34.12272576365663,146384580.0842816,1.1515179828188689,22179896.290157527,973609.8726572063,2.4732301299177117,1434351.3991839676,0.007839366541846913,2.0374482194367127,0.008132957234833016
7.793387000000166,0.759,-0.674,1.433,-0.0130691421254801,0.3624499934890135,732.1243582099544,1,8,10,2022.581356,2030.374743,-0.3782151088348272,0.41604956346517086,-0.926,0.694,1.62,-0.516,0.566,0.5622667585857263,246.908392,-0.5810909090909091,0.39667497757016074,-1.035,0.213,1.248,-0.742,0.614,0.7035749302372752,386.60881,-3.32322919334187,27.05779662518651,-43.099,102.656,145.755,-10.702,16.153,27.261111688290228,580414.372386,2.1191306017925737,49.14755600808742,-174.87,58.183,233.053,14.153,30.474000000000004,49.19322083453719,1889998.8943150002,-2.2727234314980804,22.880492263510526,-114.794,38.763,153.557,2.931,13.541999999999998,22.993090223296328,412900.7966509999,0.9678352567055596,0.07744227787618041,0.7889917616806909,1.3092425290984095,0.5202507674177187,0.9615336707572959,0.129577582984158,0.970928622775623,736.250567,44.29960384497888,41.58567642532169,4.397629588767112,196.02224860969227,191.62461902092517,33.19044856581483,31.975036116077227,60.76037676457926,2883314.063352,2.2169757483771915,3.0369480844386323,15.83679859355454,195.58563595617701,290.09334782482216,1902.5493967322268,0.12766436324017838,1829.061505333869,3.586937348987704,1278.6016588136165,267.01413671227056,115.3073993448558,0.09018242589403874,0.12766436324017838,527423664.8587915,2.7423665455610338,496334465.91401553,26619529.66276219,2929827.7312987205,0.005902930246650009,781,99.70586769057932,4.048819333333313,1.9248542202389363,3.7445676666668533,0.4201708896556579,0.8626251693919109,-0.057720896166644386,1853.8588147425387,0.39491915586229887,-1121.7344565325843,1.283,1.116913475316341,0.15000000000000013,0.06009681229082514,1.2886251705858225,0.01734546558535527,0.2872343751608422,1.8112412520750072,0.23301639225687648,0.9536002373206598,1.0181715299504701,0.01732838545496318,3.089197778863035,0.983086319492792,-0.05224969442440264,295.6885491017039,6.185770503554043,1533.372956232165,24.285646372658007,4.747965013078464,91.02175297219779,0.1428580868917884,0.631272765465648,-0.052675660997749646,41.96847797347605,0.9908788315291043,-0.3828015481543616,140.1829802380415,1.3669606587180712,51.44163878288367,87.88404334614042,0.6913698373930581,-27.123666581561153,276.7976729865729,1.0480339111391803,13.295674838249283,146384580.0842816,3.603000155857433,381039084.7745099,973609.8726572063,3.0092420111789884,1956217.858641514,0.007839366541846913,0.7529846557490798,-0.001936436295196904
9.691868000000111,0.789,-0.539,1.328,0.0803628865979381,0.3590842566374407,579.0731967154524,1,8,11,2030.387785,2040.079653,-0.30870309278350516,0.46706577661091414,-0.944,0.897,1.841,-0.447,0.6487499999999999,0.5598643042517157,304.04459799999995,-0.5991731958762886,0.3864813473621444,-1.069,0.19,1.259,-0.7675000000000001,0.5615000000000001,0.7130051546205426,493.12505999999996,-2.2747618556701044,24.06393975880617,-45.695,73.74,119.435,-7.458,13.16025,24.171217143856534,566720.306069,2.5015051546391742,38.191065482885065,-121.115,82.137,203.252,11.176,26.4885,38.27290178124336,1420870.560434,0.046794845360823414,17.7080898209659,-55.252,31.206,86.458,2.962,13.557,17.70815165015673,304171.27581900003,0.9750062092393614,0.08116020294841839,0.8260187649200228,1.2304263488726175,0.4044075839525947,0.9746986684483041,0.12924840493224887,0.9783782942185186,928.507364,36.510117383903406,32.088202075696096,1.2774572399888773,133.10959061990988,131.832133379921,29.399781194178267,30.108627740057013,48.60700961627977,2291762.142322,1.8339759116619831,2.5283336778041217,12.63644649716846,144.86700369520395,209.41058210362138,1880.484644166972,0.10292809854565069,3098.8971878989455,2.8886217085845116,2398.7255890968604,395.3542231036397,143.24528795230177,0.059717246775875525,0.10292809854565069,484402738.9964512,3.157316320531794,440248539.9388759,33092752.085787106,7729270.821765893,0.017556607508202128,970,99.84025558928117,4.048819333333313,2.3937516540367514,5.6430486666667985,0.4201708896556579,0.8546147696847177,-0.06108663301821721,1853.8588147425387,0.312361001877454,-1274.7856180270865,1.283,1.03507403713894,0.04500000000000015,0.06009681229082514,1.3504907556619503,0.021063390657593245,0.2872343751608422,1.407935835140835,0.11717320879175247,0.9536002373206598,1.025983683380408,0.024778056897858836,3.089197778863035,0.8184434440938348,-0.5608641010589133,295.6885491017039,10.48027459030298,2803.2086387972417,24.285646372658007,5.898351878111465,118.95964157964376,0.1428580868917884,0.4180179358059762,-0.08314084011591286,41.96847797347605,0.764578646105059,-9.880275897779953,140.1829802380415,0.9404289532627683,-8.35084685812049,87.88404334614042,0.5530811710529204,-39.27703372986065,276.7976729865729,0.7565474804631546,-67.3870908829515,146384580.0842816,3.3091104180341544,338018158.9121696,973609.8726572063,7.938776134912075,6755660.949108687,0.007839366541846913,2.2395412970003723,0.009717240966355215
4.583114999999907,0.726,-0.472,1.198,0.0506318082788671,0.4141292589084885,969.888260422696,0,9,0,2164.196311,2168.779426,-0.382437908496732,0.5506527775638319,-0.929,0.879,1.808,-0.726,0.802,0.670430634215142,206.310051,-0.41196078431372557,0.35219704233860993,-0.969,0.216,1.185,-0.476,0.6409999999999999,0.5419911848401636,134.83329,0.1041546840958621,31.14302908232749,-65.237,68.977,134.214,2.84,50.366,31.143203249198933,445183.690857,2.0389455337690596,60.87258831444109,-115.466,91.267,206.733,5.237,115.359,60.90672628691438,1702719.851908,0.21691938997821505,39.327791463029236,-79.939,65.344,145.283,-1.42,71.5725,39.328389687111056,709945.5060399999,0.955265349783443,0.06903922316596779,0.8156243007659839,1.1205752986747477,0.3049509979087638,0.9531154179846216,0.110525461976124,0.9577569121819189,421.039921,69.89136434753073,36.62578109244901,4.092321712671182,142.69135801792623,138.59903630525505,73.82679988324023,56.75696780697781,78.90659447087604,2857849.0488050003,2.3614088570676466,3.2177417013823275,14.069757477881696,178.55613372011317,236.85292292560734,935.0349384302344,0.2156011120691094,502.096469294022,2.744569756986455,363.18183031353095,57.091833966183074,24.482222533540586,0.06741037268227665,0.2156011120691094,141308786.2560947,2.159945363742541,131927516.15052348,8110903.500953776,1064886.3733583393,0.008071753372081611,459,98.96091043972122,4.145308000000114,1.1056150686375128,0.43780699999979333,0.40225074186696147,1.0295301052549821,0.011878517041527037,1190.3370088998006,0.8148013992365003,-220.44874847710457,1.1833333333333333,1.0123943576417378,0.014666666666666606,0.0708813791686031,0.9740105826897184,-0.0018421560026353062,0.3409425171006511,0.8944352014459549,-0.03599151919188731,0.9589215892607413,0.998785419913661,-0.001164677078822396,3.2537353420294455,0.9889377448523379,-0.035993640647117964,431.5353300908664,1.1635118477475823,70.56113920315556,40.93587305651415,0.5980627918637755,-16.45365052297356,0.2170178816728563,0.310621267963908,-0.14960750899057965,37.37396075008096,0.979981258276723,-0.748179657631951,145.47223466477024,0.952752507137314,-6.873198359515186,85.75377333712585,0.9201530310679992,-6.847178866249806,276.3527472087805,0.8570673724408381,-39.499824283173155,120526584.86079508,1.1724283602601242,20782201.395299613,1188792.9196059678,0.8957711269943406,-123906.54624762852,0.012144470109616385,0.6646437969534934,-0.004072716737534773
3.610446000000138,0.659,-0.463,1.122,0.0788922651933701,0.3859294828608948,1537.469585814444,0,9,1,2168.785825,2172.396271,-0.3712845303867403,0.5560503069905973,-0.99,0.949,1.939,-0.69,0.9265000000000001,0.6686136002272461,161.82998099999998,-0.44172928176795584,0.36291858465409216,-0.989,0.19,1.179,-0.4795,0.667,0.5716945490894272,118.314146,-4.82167955801105,39.21058002394818,-89.115,53.435,142.55,5.3205,79.55324999999999,39.50592587922204,564979.9810060001,4.227704419889498,74.81874541251838,-116.443,125.099,241.542,4.4885,147.4425,74.93809545061306,2032889.970215,-7.994439226519335,45.831161509831155,-100.977,65.725,166.702,-0.9849999999999999,80.27125000000001,46.52318157528288,783515.1254469999,0.9609099177089891,0.07547508969538098,0.7864254573702456,1.1830359250673665,0.39661046769712094,0.9518140570167106,0.1139827924168395,0.9638694720324025,336.31405800000005,88.52241605870582,38.78949095252351,1.9219755461503667,159.57088119390707,157.6489056477567,97.03232505156527,60.9591862329449,96.64803543386962,3381385.0766680003,2.4652444350169187,3.2252618783274953,11.60145743446238,241.89086593458327,342.2369642550118,1592.5299755682606,0.27391481797289574,373.30842761653065,3.9773748378338416,146.95726810208228,114.88378538229802,71.47867083813706,0.4863908519558302,0.5478296359457915,98586142.61750327,2.3628410507952413,68934699.7788731,28103124.841385238,1146792.1057208108,0.01663591934685231,362,99.15716410618825,4.145308000000114,0.8709717085655209,-0.5348619999999755,0.40225074186696147,0.9594251373544612,-0.01632125900606668,1190.3370088998006,1.2916254592660052,347.1325769146433,1.1833333333333333,0.9481690060718113,-0.06133333333333324,0.0708813791686031,1.0648082745084329,0.004593710526777886,0.3409425171006511,1.1632766116619881,0.05566795059646984,0.9589215892607413,1.0051598303505476,0.0049478827716611384,3.2537353420294455,0.9912489890475602,-0.02847346370195014,431.5353300908664,0.8650703698565633,-58.22690247433576,40.93587305651415,1.746113261637191,30.542797781622916,0.2170178816728563,2.2412477063828464,0.2693729702829739,37.37396075008096,1.0378747706599636,1.4155302024425467,145.47223466477024,1.0837044333594628,12.176670982986451,85.75377333712585,1.127041197856618,10.894262096743773,276.3527472087805,1.2384062315257993,65.8842170462313,120526584.86079508,0.8179618026294163,-21940442.24329181,1188792.9196059678,0.9646693606662058,-42000.813885157,0.012144470109616385,1.3698338007634812,0.004491449237235925
4.242363000000296,0.723,-0.507,1.23,0.0220282352941176,0.4066934838315011,1063.6531804622616,0,9,2,2172.405383,2176.647746,-0.4071011764705883,0.5039962946862203,-0.916,0.771,1.687,-0.698,0.776,0.6478762481687197,178.391044,-0.4158211764705882,0.39211428828973943,-0.977,0.219,1.196,-0.531,0.754,0.5715425319977097,138.830868,-1.9656517647058824,32.613696209756135,-55.252,75.206,130.458,-5.069,55.878,32.672878160981675,453694.71111200005,2.9026564705882327,62.19632919419421,-114.748,86.656,201.404,7.099,116.0,62.264024764054746,1647643.7314229999,-2.41716705882353,41.54292676797987,-95.344,68.916,164.26,-0.366,68.825,41.61318854690181,735954.420942,0.9527054417597398,0.06812982464446053,0.8393122184264923,1.160578304122561,0.32126608569606874,0.9435602789435341,0.11083615847322881,0.9551383835679026,387.722966,72.99731485074994,36.706610205270366,3.6167728709444833,143.78553491224352,140.16876204129903,80.09750933705742,46.415205723254076,81.70669010663188,2837292.863477,2.2813966302419386,3.3182024463785145,20.92153336350326,192.9782048609554,249.9683544457224,836.1539465629289,0.23185112839014332,419.2010933620465,3.31467006309984,276.05200664276475,63.896332956624754,26.846725797864785,0.09725242038046206,0.46370225678028665,121684825.70878728,1.9775142389498839,115532201.45342708,4556996.788866695,1354700.2797387533,0.011725737609915233,425,98.53672956581092,4.145308000000114,1.0234132155598685,0.09705500000018219,0.40225074186696147,1.0110446828102113,0.004442741964539643,1190.3370088998006,0.8935731414722916,-126.68382843753898,1.1833333333333333,1.0394366109343385,0.046666666666666634,0.0708813791686031,0.9611807195595798,-0.002751554524142566,0.3409425171006511,0.9422880989006878,-0.019676431404582362,0.9589215892607413,0.9960547184506477,-0.0037832056928387425,3.2537353420294455,1.01981325687993,0.064467104349069,431.5353300908664,0.9714177823263348,-12.334236728819917,40.93587305651415,0.6558239457661795,-14.089147258649362,0.2170178816728563,0.4481308874157955,-0.11976546129239424,37.37396075008096,0.9821439702606155,-0.6673505448105956,145.47223466477024,0.9635430592969985,-5.303472623471208,85.75377333712585,0.9528057707255444,-4.047083230493968,276.3527472087805,0.9045263959248058,-26.384392763058088,120526584.86079508,1.0096098371104592,1158240.8479921967,1188792.9196059678,1.1395595123394284,165907.3601327855,0.012144470109616385,0.9655199320249552,-0.00041873249970115177
3.7611879999999474,0.706,-0.505,1.211,0.0352015915119363,0.3929278748046874,1441.4960587341363,0,9,3,2176.655222,2180.41641,-0.4199575596816976,0.5027178897885058,-1.024,0.782,1.806,-0.718,0.78,0.6550493329873827,161.76679000000001,-0.41940848806366043,0.3882590506761324,-0.952,0.234,1.186,-0.479,0.779,0.5715317753999135,123.146511,-8.228923076923076,37.96703910939246,-64.718,76.55,141.268,-10.412,63.175,38.84856797541002,568972.63512,1.0099204244031872,74.38078389112957,-141.374,103.435,244.809,5.756,139.511,74.38763977652837,2086137.398724,-2.5653660477453584,38.51461843987198,-86.076,48.977,135.053,4.916,68.122,38.599960317697885,561713.765071,0.9525373025186499,0.06357950214485496,0.8414273587185052,1.142212327021557,0.3007849683030518,0.9497915560795431,0.09207071618768448,0.954656831422943,343.586364,82.75647651046928,41.0372357422207,2.072700894967723,153.4574226617924,151.3847217668247,90.21640088697842,52.63815460379639,92.37255610726842,3216823.798915,2.3588808456685597,3.3255305478996227,15.104640044647365,207.59252680032466,292.05970822963155,1713.7712800611703,0.2644586135515095,287.26780137661854,3.8383296056721274,173.90628239792179,47.744689027183774,22.600011826192787,0.12995512015593125,0.528917227103019,119676506.46201423,1.6383243018236355,109820610.73730904,8775752.427943643,777742.5135572061,0.007081935789062096,377,99.70089730891908,4.145308000000114,0.9073361957486591,-0.38412000000016633,0.40225074186696147,0.976823220294794,-0.009322867062274087,1190.3370088998006,1.2109982701910327,251.15904983433575,1.1833333333333333,1.0233802730418569,0.027666666666666728,0.0708813791686031,0.8969844255396944,-0.007301877023748141,0.3409425171006511,0.8822160463844271,-0.04015754879759931,0.9589215892607413,0.9955525375160115,-0.004264757837798339,3.2537353420294455,1.022065468792782,0.07179520587017718,431.5353300908664,0.6656877927224939,-144.26752871424787,40.93587305651415,0.5520832984182709,-18.33586123032136,0.2170178816728563,0.5988221485066869,-0.08706276151692505,37.37396075008096,1.0980167717747613,3.6632749921397405,145.47223466477024,1.0406434059755314,5.912487102054456,85.75377333712585,1.0771835745740326,6.618782770142573,276.3527472087805,1.0568366378439376,15.706961020851054,120526584.86079508,0.9929469635287295,-850078.3987808526,1188792.9196059678,0.6542287565230341,-411050.4060487617,0.012144470109616385,0.583140301201893,-0.0050625343205542885
4.403531999999814,0.735,-0.494,1.229,0.0456553287981859,0.3923790788500617,974.548294627866,0,9,4,2180.425901,2184.829433,-0.34338321995464854,0.5467502180962266,-0.926,0.851,1.7770000000000001,-0.643,0.867,0.6456375428479155,183.82989600000002,-0.4606530612244898,0.3917962180252419,-1.04,0.206,1.246,-0.541,0.7699999999999999,0.6047359087026142,161.276134,-2.655730158730158,31.21775607931912,-64.504,66.916,131.42000000000002,-5.893,45.495999999999995,31.330515433102196,432886.128011,0.9533038548752859,68.21554776735425,-122.076,93.679,215.755,9.756,127.588,68.22220859397554,2052532.9577390002,-0.3043174603174597,31.296918666711235,-61.908,57.252,119.16,-0.611,55.771,31.298398156253818,431999.069672,0.9655702105297176,0.0792040094538176,0.8199499984755168,1.2095056841536547,0.3895556856781379,0.9573573000713997,0.11970388568021595,0.9688132464907588,413.922206,73.44849966119713,34.93964177564334,5.815123988360008,140.09541528900937,134.28029130064937,78.93500269208837,50.098185945706646,81.33548223187195,2917418.155422,2.5354664664952877,3.503515205738449,15.971055149990415,203.8566960664092,284.22156128425246,1375.1964880862292,0.2262595984992766,610.0164086801727,3.4839120597487168,372.64469944103183,99.93081659189188,68.62626839260682,0.184160055124103,0.4525191969985532,118709118.28425944,2.0767049361981957,108758676.86116078,8707177.191652823,839453.346901822,0.007718495398518425,441,99.78048293818098,4.145308000000114,1.0622930767452654,0.2582239999997,0.40225074186696147,0.9754589072336534,-0.00987166301689979,1190.3370088998006,0.8187162856680648,-215.78871427193462,1.1833333333333333,1.0385915405189448,0.045666666666666744,0.0708813791686031,1.1174161565233687,0.008322630285214502,0.3409425171006511,1.142584613867004,0.04861316857748682,0.9589215892607413,1.0103153868237436,0.009891657230017503,3.2537353420294455,1.0767671081648387,0.24977986370900362,431.5353300908664,1.413595518442461,178.48107858930632,40.93587305651415,1.6764334861284202,27.69039533609267,0.2170178816728563,0.8485938818432314,-0.0328578265487533,37.37396075008096,0.9348659083776394,-2.4343189744376232,145.47223466477024,0.9230647456599363,-11.191943364120874,85.75377333712585,0.948477006401002,-4.4182911052539,276.3527472087805,1.0284738043846637,7.86881407547196,120526584.86079508,0.9849206166537052,-1817466.5765356421,1188792.9196059678,0.706139255254024,-349339.5727041458,0.012144470109616385,0.6355558516174501,-0.004425974711097959
5.322979000000032,0.664,-0.526,1.19,0.0594465290806754,0.3751698195248709,891.3217243442865,0,9,5,2184.834848,2190.157827,-0.3287429643527205,0.5110862723994014,-1.045,0.902,1.947,-0.532,0.804,0.60768504543598,196.826834,-0.5350750469043152,0.3858117705862977,-1.056,0.198,1.254,-0.646,0.646,0.6596635719384459,231.93816300000003,-1.2664427767354598,29.85501171234549,-64.351,66.656,131.007,-9.756,52.138,29.881860746128776,475929.34568,2.3517898686679173,57.19099987848009,-122.626,85.313,207.93900000000002,27.939,110.611,57.23933422644501,1746289.9569720002,-0.3970731707317062,27.06353894087074,-98.412,38.84,137.252,10.137,47.038,27.06645169036647,390471.96618800005,0.9709626879630961,0.07716789795414392,0.8064025049564268,1.195157311821335,0.38875480686490815,0.964759555537026,0.12684402583324583,0.9740243456357659,505.669586,63.059451232823925,30.41981922463962,3.008732124998834,152.92528325950553,149.9165511345067,59.84075820041053,44.330900472157545,70.01328296433937,2612691.26884,2.5326498669385806,3.5770689358325773,18.32246755375129,213.858734685987,350.4999571186491,4270.275368115636,0.1850451334294666,845.8585877610084,3.0075550170039382,586.0174965022812,90.42576570321316,78.84953287049576,0.1345514994684861,0.1850451334294666,131443065.79605897,2.7069920743796647,113488832.12981585,14545186.87306244,2470126.3413162697,0.021765369287532886,533,98.6290561179057,4.145308000000114,1.2840973426242182,1.1776709999999184,0.40225074186696147,0.9326764904319006,-0.027080922342090585,1190.3370088998006,0.7487977922828977,-299.0152845555141,1.1833333333333333,1.0056337943185876,0.006666666666666599,0.0708813791686031,1.0886905414704462,0.006286518785540818,0.3409425171006511,1.1402355997383167,0.047812289764257054,0.9589215892607413,1.0157497196712095,0.015102756375024562,3.2537353420294455,1.09937304323213,0.32333359380313187,431.5353300908664,1.960114337714362,414.32325767014197,40.93587305651415,1.9261720091416659,37.91365981398162,0.2170178816728563,0.62000187372254,-0.08246638220437019,37.37396075008096,0.8139308386370159,-6.95414152544134,145.47223466477024,1.030550960254873,4.444316469736464,85.75377333712585,0.8164455070790884,-15.740490372786482,276.3527472087805,1.2683063969730266,74.1472099098686,120526584.86079508,1.0905732204050427,10916480.935263887,1188792.9196059678,2.077844089225385,1281333.421710302,0.012144470109616385,1.792202637830365,0.009620899177916501
6.160350000000108,0.738,-0.523,1.261,-0.0186726094003241,0.4241099859394731,910.0493930550764,0,9,6,2190.167236,2196.327586,-0.4074635332252836,0.4756420133306296,-0.943,0.917,1.8599999999999999,-0.685,0.593,0.6263081156696333,242.025565,-0.3784554294975689,0.4378622908824662,-1.02,0.263,1.283,-0.467,0.944,0.5787502897563256,206.665321,-5.796849270664507,30.167024928803908,-83.649,68.931,152.57999999999998,-9.435,39.786,30.718933160542537,582233.81124,1.8094213938411676,53.078820320231486,-133.069,86.901,219.96999999999997,9.328,51.039,53.1096523465171,1740331.9013510002,-3.74681847649919,28.86570052412116,-76.107,42.046,118.15299999999999,0.809,29.313,29.107856593093288,522763.93362900004,0.9494925703555237,0.07678254360032244,0.8123533713846456,1.1794409692731551,0.36708759788850953,0.9337756689912198,0.12368472938369945,0.9525920953703503,559.885359,55.83351669587764,38.65454379119,2.639955492049061,151.3261538961458,148.68619840409673,50.129940055818935,64.0501981654648,67.9084335140627,2845329.64622,2.193899547590096,2.965291441599069,11.806178763374605,208.09646217688194,275.40360990018553,1459.8457983195344,0.1597738114129505,1122.1872304058272,2.658145895804808,874.1684292522555,81.90953675879254,68.24425317157137,0.07806762505615232,0.319547622825901,284407756.44279534,2.2088119422151675,268668894.4450579,12592843.602508366,2148835.8784757378,0.007998082111121237,617,98.58044164179046,4.145308000000114,1.4861018735251807,2.015041999999994,0.40225074186696147,1.0543423075558134,0.021859244072511608,1190.3370088998006,0.7645308733940547,-280.2876158447242,1.1833333333333333,1.0656337938115454,0.07766666666666655,0.0708813791686031,1.0832539330977624,0.005901164431719341,0.3409425171006511,1.076684686449045,0.026145080787858432,0.9589215892607413,0.9933993520478935,-0.006329493890391058,3.2537353420294455,0.9113499165657508,-0.2884439004303765,431.5353300908664,2.6004527373078097,690.6519003149608,40.93587305651415,1.6671014457340518,27.308380115057226,0.2170178816728563,0.35972898111937884,-0.13895025661670396,37.37396075008096,1.0342640438708017,1.2805830411090398,145.47223466477024,1.0220933137963535,3.2139637393264877,85.75377333712585,0.7919002378959309,-17.845339823063156,276.3527472087805,0.9965654862195251,-0.9491373085949704,120526584.86079508,2.359709741807407,163881171.58200026,1188792.9196059678,1.8075779583108247,960042.9588697699,0.012144470109616385,0.6585775627223517,-0.004146387998495147
5.920720000000074,0.691,-0.535,1.226,0.0722715008431703,0.3639537368641002,778.6091914574363,0,9,7,2196.336378,2202.257098,-0.28488870151770657,0.47832505802759256,-0.908,0.805,1.713,-0.348,0.854,0.5567373109371643,183.804165,-0.616327150084317,0.3770967654919514,-1.06,0.19,1.25,-0.783,0.528,0.7225379758016517,309.58224800000005,-3.2738718381112974,27.903569511039915,-53.679,91.71,145.389,-9.557,38.183,28.094971583360156,468071.16496400005,2.462030354131535,52.32743192456827,-119.588,87.206,206.79399999999998,17.985,76.993,52.38531974976378,1627323.4830939998,-2.9169190556492413,24.665408476217777,-75.359,31.313,106.672,5.908,30.428,24.837286326728318,365816.23970100004,0.9819680855607565,0.07376809077576986,0.8330750266332558,1.1655397891106078,0.332464762477352,0.9794789431121018,0.11454435223127735,0.9847350162742055,575.0339099999999,55.782695868292414,32.22934667808646,2.3160626070985213,134.35384875767423,132.0377861505757,50.42153431818591,39.78531740448965,64.42390818345851,2461210.887759,2.349209335500383,3.0434154740058563,12.292323387781899,198.5425462544669,261.85764751204243,1128.0821221091958,0.16807940205761832,956.7896703110591,2.718289122849182,731.7274134278597,69.77405560493423,58.66185518800535,0.08016900024613752,0.16807940205761832,182634321.31097513,2.4008430759421753,155542037.57603884,25104432.994409475,1314157.9875357132,0.008448892711034914,593,99.67108542016766,4.145308000000114,1.4282943476617342,1.7754119999999602,0.40225074186696147,0.9047931798135521,-0.03829700500286126,1190.3370088998006,0.6541081942588215,-411.7278174423643,1.1833333333333333,1.0360563292727634,0.04266666666666663,0.0708813791686031,1.0407258046297636,0.0028867116071667615,0.3409425171006511,0.9751343292507587,-0.008477754623299083,0.9589215892607413,1.0269192153283067,0.02581342701346412,3.2537353420294455,0.9353604840994807,-0.21031986802358915,431.5353300908664,2.217175752649083,525.2543402201927,40.93587305651415,1.433018298954791,17.7259821314912,0.2170178816728563,0.36941193939432565,-0.13684888142671878,37.37396075008096,0.8623476351618196,-5.1446140719945035,145.47223466477024,0.907649397465917,-13.434448514194543,85.75377333712585,0.7512661620460083,-21.329865153667342,276.3527472087805,0.9475485593951316,-14.495099696738066,120526584.86079508,1.5153032131617499,62107736.45018005,1188792.9196059678,1.1054557659809139,125365.06792974542,0.012144470109616385,0.6956981801423359,-0.00369557739858147
6.849331999999777,0.662,-0.569,1.231,0.0230597667638484,0.4010722191817361,668.0546541296164,1,9,8,2202.267517,2209.116849,-0.2909110787172012,0.5373005434737654,-0.923,0.96,1.883,-0.4795,0.82675,0.6110001061682472,256.098295,-0.4906268221574344,0.4223332911851185,-1.019,0.185,1.204,-0.5565,0.86975,0.6473639528607975,287.48894,-2.368470845481049,25.846753260895582,-44.824,60.046,104.87,-10.4735,40.53075,25.955043985235513,462133.715477,2.4612201166180796,50.465225764483556,-113.13,117.924,231.054,13.6485,52.0835,50.52520772765552,1751218.4785230001,-1.9033469387755106,21.829425603794224,-60.137,33.908,94.045,3.626,31.278,21.912246616012084,329380.534508,0.9728448147890028,0.08581877056846579,0.8368673730048268,1.2672146621626503,0.4303472891578235,0.9735460940580714,0.14532563919615415,0.9766226984069803,654.30124,51.062184345340036,33.1551022595572,1.5336042514286403,126.36249952418636,124.82889527275772,45.220387174439196,41.224777436051184,60.881914194275986,2542732.728508,1.991874618091543,2.754819112066162,11.323978646785806,171.54438730099486,249.7571918974064,2007.8479882230765,0.14478803611253094,1733.141681758535,2.1605107534199526,1385.5211879032338,174.59986659478506,56.48231811252552,0.040766116465959554,0.2895760722250619,258653876.76728237,2.6239678492999006,238235025.27090526,17551329.59707126,1802340.8727855654,0.00756538997880795,686,99.32459277319622,4.145308000000114,1.6523095469568228,2.704023999999663,0.40225074186696147,0.9970701541768275,-0.0011785226852253916,1190.3370088998006,0.5612315244583304,-522.2823547701842,1.1833333333333333,1.0402816813497324,0.047666666666666746,0.0708813791686031,1.210737706682521,0.014937391399862693,0.3409425171006511,1.262228249486691,0.0894047720571724,0.9589215892607413,1.0184593809961995,0.017701109146239014,3.2537353420294455,0.8466635463600027,-0.49891622996328344,431.5353300908664,4.016221988946845,1301.6063516676686,40.93587305651415,1.3797755826717295,15.546445056011372,0.2170178816728563,0.1878467998731296,-0.17625176520689673,37.37396075008096,0.8871177040184106,-4.218858490523765,145.47223466477024,0.8580942992443577,-20.64333939201252,85.75377333712585,0.7099619272475609,-24.871859142849864,276.3527472087805,0.9037622908075555,-26.595555311374113,120526584.86079508,2.1460317411799275,138127291.9064873,1188792.9196059678,1.5161100331779789,613547.9531795976,0.012144470109616385,0.6229488549960599,-0.0045790801308084345
7.14926000000014,0.716,-0.531,1.247,0.1192597765363128,0.3940808513901078,538.3883078263086,1,9,9,2209.12369,2216.27295,-0.25991899441340777,0.4966721507007116,-0.956,0.868,1.8239999999999998,-0.359,0.89975,0.5605721264373992,224.996634,-0.590409217877095,0.3718857146696629,-1.016,0.215,1.231,-0.737,0.52625,0.6977693238668556,348.607533,-2.5252374301675973,23.20319606921229,-36.458,58.214,94.672,-9.771,32.37025,23.34020419587258,390051.83444400004,1.7595740223463694,44.56494180718786,-109.206,85.282,194.488,18.9465,50.644999999999996,44.599665234373184,1424217.179537,-1.4110432960893864,20.018380591195072,-73.008,35.405,108.413,4.779,26.721249999999998,20.068049349086582,288352.24894900003,0.9820519709251632,0.07886492504277447,0.8259993946729016,1.2785311885128183,0.4525317938399167,0.9844404427835234,0.12065218250628695,0.9852135555299673,694.9823569999999,46.703309035835744,27.48495589779584,7.339462241881213,122.46266321618194,115.12320097430073,39.081363041507856,24.877240186237195,54.19060689455838,2102621.2629299997,2.1872579054940315,2.8890448794736883,12.453777920303985,184.19103667722115,260.3490682263668,1617.2682600663738,0.13683237431729223,1594.309109126687,2.5020683388589573,1248.4332882727133,91.21994747386145,108.83534701607465,0.08717754327568716,0.4104971229518767,193636099.4587419,2.626644484687617,181786287.33612326,9202117.408762692,1401729.7715994432,0.007710866381288934,716,97.97198001118123,4.145308000000114,1.7246631571775397,3.0039520000000266,0.40225074186696147,0.9796895333596399,-0.00816989047685368,1190.3370088998006,0.4522990579948487,-651.948701073492,1.1833333333333333,1.0538028079960327,0.06366666666666676,0.0708813791686031,1.1126323280033523,0.007983545874171369,0.3409425171006511,1.3272964147013637,0.11158927673926561,0.9589215892607413,1.0274182543072292,0.02629196626922592,3.2537353420294455,0.8879163690039236,-0.3646904625557572,431.5353300908664,3.694504245467076,1162.7737790358206,40.93587305651415,2.6586790231451736,67.89947395956051,0.2170178816728563,0.4017067100029844,-0.12984033839716913,37.37396075008096,0.7354038838493258,-9.889004852285122,145.47223466477024,0.7913757648095506,-30.34903369046951,85.75377333712585,0.6319326226637075,-31.56316644256747,276.3527472087805,0.9420896692597593,-16.003678982413703,120526584.86079508,1.6065841381168005,73109514.59794682,1188792.9196059678,1.1791202222705386,212936.85199347534,0.012144470109616385,0.634927663571471,-0.004433603728327451
7.041754999999739,0.731,-0.674,1.405,0.0136496453900709,0.3791526357857459,779.3581108198462,1,9,10,2216.284395,2223.32615,-0.2872510638297872,0.5441861495258288,-1.029,0.916,1.9449999999999998,-0.535,0.903,0.6153468444764238,266.949476,-0.5081418439716312,0.424017244757709,-1.033,0.243,1.2759999999999998,-0.631,0.799,0.6618147455646546,308.78912399999996,-1.2814808510638305,27.916986062607943,-44.809,70.443,115.252,-10.321,25.893,27.94638266379907,550605.214314,2.874289361702126,52.328936729239246,-157.115,80.656,237.77100000000002,18.931,40.016,52.40781581546322,1936338.3067759997,-0.7625744680851048,20.833160960092815,-100.153,32.718,132.871,4.198,18.214,20.847112879449533,306394.491363,0.9764110795849045,0.08494076854076177,0.8289499381747971,1.1784544963637755,0.3495045581889784,0.9768792146422197,0.15062715991910924,0.980098735075428,677.218439,51.96053475707704,35.52864204703168,2.802030335310451,193.20979150653832,190.40776117122786,43.20575968548638,31.68490401935912,62.94586227821109,2793338.012453,2.2606976172714512,3.192788423460786,18.609515757318025,213.72879710418667,364.46646743125245,4516.643864207322,0.1408369871715964,1793.0013255103763,2.0561350697912855,1512.883816153452,74.30931827595916,66.7958756213438,0.04415135842402797,0.1408369871715964,313693453.37303907,2.915302124069534,279329338.9782731,27553789.157269716,4775612.043614014,0.01709670763938432,705,99.29007595597547,4.145308000000114,1.6987290167611806,2.8964469999996254,0.40225074186696147,0.9425778175080828,-0.023098106081215597,1190.3370088998006,0.6547373600806048,-410.97889807995443,1.1833333333333333,1.1873239336282486,0.22166666666666668,0.0708813791686031,1.1983507876618518,0.01405938937215867,0.3409425171006511,1.0251128281389188,0.00856204108832731,0.9589215892607413,1.0220843245485478,0.02117714581468666,3.2537353420294455,0.981268627600384,-0.0609469185686593,431.5353300908664,4.154935182459528,1361.46599541951,40.93587305651415,1.6317198246342846,25.86000256482965,0.2170178816728563,0.20344570709673998,-0.17286652324882834,37.37396075008096,0.9506255511719737,-1.84531870304928,145.47223466477024,1.308894178995182,44.93552650645762,85.75377333712585,0.734030233554974,-22.807911058914762,276.3527472087805,1.3188451032213364,88.11372022247195,120526584.86079508,2.6026909642826634,193166868.512244,1188792.9196059678,4.017194218482457,3586819.1240080465,0.012144470109616385,1.407776000707235,0.004952237529767934
4.727170999999999,0.755,-1.201,1.956,-0.353126582278481,0.5042113163024758,4219.485706363599,0,10,0,2436.60865,2441.335821,-0.3975105485232068,0.2028918069606721,-0.804,0.259,1.0630000000000002,-0.465,0.10400000000000004,0.4462955539986785,94.411188,-0.4703649789029536,0.37195931183342984,-1.119,0.202,1.321,-0.531,0.667,0.5996640251323859,170.44895100000002,-8.725059071729957,64.95756850716934,-153.252,107.252,260.504,5.0915,69.30125000000001,65.54092127952411,2036120.2596680005,-14.557620253164556,37.372598788441024,-93.374,97.084,190.458,-26.061,25.38225,40.10779784078317,762493.20218,2.688835443037975,37.28604951898786,-67.817,111.115,178.932,-4.3740000000000006,17.622,37.382874752647794,662405.1999420001,0.9639971138736892,0.09172602465666752,0.5751365055358597,1.3917194401171524,0.8165829345812927,0.9471595737774394,0.09226592856201155,0.9683512271671463,444.47174299999995,69.61150162372999,49.557703500742385,20.74354583960997,175.20827260434936,154.4647267647394,45.12468936095404,73.488860462452,85.45014414603442,3461018.66179,3.8465526531419365,6.228223205349367,43.70551407604226,192.88480499825073,360.51782032268443,2617.6900474237577,0.6252211719882683,945.2402418818236,4.603226852931844,532.2226445594969,210.14926590748246,34.398096340460974,0.06463102743079419,0.20840705732942277,275898332.02717197,1.953824873910592,247663281.21557522,24713443.14844354,2739816.3531737723,0.011062666777756754,474,98.7849451741464,4.587926999999884,1.0303500883289158,0.13924400000011516,0.5165470278986449,0.9761188803901542,-0.012335711596169086,1501.1918532251711,2.8107571309225525,2718.293853138428,1.8183333333333334,1.075710351554297,0.1376666666666666,0.0852450447427181,1.0760275177663963,0.006480979913949414,0.694191026541334,1.176308669512288,0.1223919080399587,0.9166568638763146,1.0563944424179454,0.05169436329083166,5.760386984632795,1.0812161077289555,0.4678362207165714,772.4442534336986,1.2237002704955973,172.79598844812506,33.11649339942692,1.0386998380290235,1.281602941034052,0.06855143148680277,0.9428106255539014,-0.003920404056008589,49.821412655291084,0.9947069111363753,-0.2637091545486996,161.4774804759816,0.9565713206563747,-7.012753711242198,80.74562662891229,1.0582634342310617,4.704517517122127,348.01348108498786,1.0359306173667553,12.50433923769657,261609208.53445387,1.0546201090273786,14289123.4927181,2552058.167269658,1.0735712799622348,187758.1859041145,0.010823827812031379,1.0220650909476767,0.00023883896572537457
4.682612999999947,0.78,-0.908,1.6880000000000002,-0.2667846481876332,0.5202668071658256,246.32558689972316,0,10,1,2441.34427,2446.026883,-0.6066375266524521,0.22804157580912143,-1.01,0.131,1.141,-0.651,0.38100000000000006,0.6480833658106894,196.98565100000002,0.14056716417910445,0.10625002831383903,-0.199,0.375,0.5740000000000001,0.188,0.07900000000000001,0.1762049833632605,14.561603999999999,-14.25255223880597,15.694763040572582,-66.275,0.748,67.02300000000001,-8.29,12.642,21.200491320241053,210797.130311,-1.9315522388059705,9.760424661971726,-41.435,22.855,64.29,-0.87,5.9239999999999995,9.94971274124345,46429.491524,-2.1720021321961616,69.27341738501349,-136.015,153.145,289.15999999999997,-23.511,28.259,69.30745955133946,2252852.7322970005,0.8870543709483971,0.07775851934690892,0.5445273179556743,1.1636245098828057,0.6190971919271314,0.8941901363804009,0.08346071324306614,0.8904559755258425,371.87565499999994,56.93030095168306,45.944775533941055,5.410356457757659,157.98335472131234,152.57299826355467,33.476848268616926,68.69545928799717,73.15723863920394,2510079.3541320004,3.558123251536268,5.780715881334179,51.88408904831024,162.85038336488807,331.20069524725017,3629.501099529819,0.21160086955805393,664.984701859642,4.7002565316912825,417.65902143394527,75.13599680088213,24.07655107668419,0.05764642888221569,0.21160086955805393,232160300.88828737,1.978375715712945,209534882.03461352,19915422.394452073,2332521.1479402636,0.011131899019825012,469,99.24080782272729,4.587926999999884,1.0206380768032457,0.09468600000006244,0.5165470278986449,1.0072012207877776,0.0037197792671807006,1501.1918532251711,0.1640866797730581,-1254.866266325448,1.8183333333333334,0.9283226346746694,-0.1303333333333332,0.0852450447427181,0.9121763084274551,-0.007486525395809185,0.694191026541334,0.8918253900419941,-0.0750938346142026,0.9166568638763146,0.9714168964449315,-0.026200888350472074,5.760386984632795,1.00352908350087,0.020328896701383492,772.4442534336986,0.8608837451958739,-107.4595515740566,33.11649339942692,0.7270259800462622,-9.039942322742732,0.06855143148680277,0.8409221984531651,-0.010905002604587086,49.821412655291084,0.922189337396072,-3.8766371213500292,161.4774804759816,0.9448561979315749,-8.904482212426927,80.74562662891229,0.9060210649718159,-7.588387989708352,348.01348108498786,0.9516892684879964,-16.812785837737692,261609208.53445387,0.887431685562062,-29448907.646166503,2552058.167269658,0.9139764829246518,-219537.0193293942,0.010823827812031379,1.0284613658430102,0.00030807120779363303
4.353996999999708,0.825,-0.986,1.811,-0.2374770642201834,0.5251629602276334,37.76426641219174,0,10,2,2446.033283,2450.38728,-0.6123922018348623,0.24671912276011135,-1.118,0.194,1.312,-0.68,0.3515,0.6602230944185986,190.05001700000003,0.14312385321100918,0.07484466041403498,-0.057,0.298,0.355,0.176,0.07625,0.16151210651359457,11.373566,-7.8193899082568805,6.145263738212685,-25.237,17.481,42.718,-7.0,6.741,9.945206129062448,43123.506478,0.7704678899082569,12.181070576749727,-36.794,33.893,70.687,-0.1295,5.156000000000001,12.205412781431754,64951.83610800001,-0.26388532110091345,82.13369542320721,-152.031,182.977,335.00800000000004,-26.6485,24.70975,82.13411933742799,2941261.9118699995,0.8869797187454336,0.08625059022457786,0.5695173395077625,1.2164102926233402,0.6468929531155777,0.8936170879824186,0.08093095839058329,0.8911633889359551,346.259073,63.890698528828885,53.96175893118981,7.080705190869057,184.47542159051974,177.3947163996507,31.880483338533445,73.76119117243873,83.62949710149847,3049337.254456,3.4963709778451055,5.27222186721484,28.9361270744965,196.73565489393678,352.321927685029,3049.9506799312394,0.6797129255101817,707.1078165596298,4.287949677776137,490.2420586883004,63.508755540530615,40.8748327811356,0.08337683814739845,0.22657097517006056,276768992.6879023,1.9910999963653995,251421398.08653364,22462071.80931198,2583837.000694938,0.010276917638512371,436,98.7849451741464,4.587926999999884,0.9490118283289382,-0.23393000000017583,0.5165470278986449,1.0166798407441047,0.008615932328988496,1501.1918532251711,0.025156189284405696,-1463.4275868129794,1.8183333333333334,0.9959669972724088,-0.007333333333333414,0.0852450447427181,1.0117958218795755,0.001005545481859757,0.694191026541334,0.9318658972299477,-0.047298073425756315,0.9166568638763146,0.9721886284095008,-0.025493474940359473,5.760386984632795,0.9152548035621912,-0.4881651174179549,772.4442534336986,0.9154159842696907,-65.3364368740688,33.11649339942692,1.2342741810188211,7.75833938170868,0.06855143148680277,1.216266738365375,0.014825406660595675,49.821412655291084,1.0831037508654018,4.140346275898729,161.4774804759816,1.0985724812262656,15.917235923669097,80.74562662891229,1.035715500425585,2.8838704725861817,348.01348108498786,1.0123801140590447,4.308446600041123,261609208.53445387,1.0579482054105593,15159784.153448403,2552058.167269658,1.012452237113102,31778.833425280172,0.010823827812031379,0.9494707715491568,-0.0005469101735190076
4.221906000000217,0.886,-0.984,1.87,-0.18925768321513,0.5828820197653989,71.910186754791,0,10,3,2450.397611,2454.619517,-0.5842765957446808,0.25977936009194846,-1.007,0.185,1.192,-0.631,0.3875,0.6394250982443334,172.949665,0.10922222222222223,0.09492090910899598,-0.14,0.304,0.444,0.126,0.153,0.14470477812857035,8.857397,-8.589269503546099,8.479987426570336,-31.038,8.443,39.481,-7.878,9.3665,12.07003468757808,61625.066903,0.9475106382978731,14.251178041779283,-33.863,41.313,75.176,-1.084,8.472999999999999,14.282641632001402,86289.399391,-0.04322222222222091,80.98152851999801,-133.405,167.527,300.932,-36.977,82.5495,80.98154005448244,2774038.157919,0.8941881729033248,0.07616666028898177,0.6342972489298688,1.182198375908206,0.5479011269783371,0.9011642469605639,0.08582097737646233,0.8974262357986664,340.673138,67.90737223272166,47.91949723640519,6.234332201607483,170.2925546170472,164.0582224154397,48.68817611083824,60.15555913202094,83.1125106042602,2921952.624213,3.5268177019817717,5.6359780609166865,42.64456768720806,214.40809671359574,399.5658961912135,3756.654495909282,0.7073806684234143,519.0157842072001,4.3965486506916465,353.0259939168466,18.0215513842527,29.414772679488294,0.08332183234525097,0.23579355614113812,205435382.40074483,2.040122174613549,187724171.20142162,15899222.815585116,1398407.0807189057,0.007449264906960024,423,99.74067424770142,4.587926999999884,0.9202208297555989,-0.36602099999966686,0.5165470278986449,1.1284200217982276,0.06633499186675396,1501.1918532251711,0.04790206301734161,-1429.28166647038,1.8183333333333334,1.0284142931526254,0.05166666666666675,0.0852450447427181,0.8935023916503282,-0.009078384453736335,0.694191026541334,0.7892656317029723,-0.14628989956299687,0.9166568638763146,0.9790208979764405,-0.019230628077648193,5.760386984632795,0.9784026778353562,-0.12440892371610879,772.4442534336986,0.6719135806802009,-253.42846922649846,33.11649339942692,0.8882212351358161,-3.7017207199386277,0.06855143148680277,1.2154643365346551,0.01477040085844819,49.821412655291084,0.961825341210951,-1.901915418885892,161.4774804759816,1.015982054721755,2.5807419394581075,80.74562662891229,1.029312844099067,2.3668839753479034,348.01348108498786,1.1481333853332962,51.552415106225624,261609208.53445387,0.7852758071919668,-56173826.13370904,2552058.167269658,0.5479526676364899,-1153651.0865507522,0.010823827812031379,0.6882276911688103,-0.003374562905071355
3.9911689999999,0.87,-0.974,1.844,-0.172905,0.570409599301239,35.35692661369375,0,10,4,2454.625715,2458.616884,-0.5868325,0.2610766160416325,-1.132,0.156,1.2879999999999998,-0.637,0.38350000000000006,0.6422876166484919,165.013353,0.1479175,0.0833069066389456,-0.09,0.308,0.398,0.159,0.10724999999999998,0.1697634457119671,11.527851,-7.486882499999999,5.946169070392613,-24.382,17.237,41.619,-6.71,8.6985,9.56087528328343,36564.134473,0.9046074999999996,11.715769936006925,-22.947,48.198,71.145,-1.2974999999999999,10.6675,11.7506416813083,55231.031968999996,-1.2356399999999985,82.20452721182939,-131.038,182.702,313.74,-28.817,92.74025,82.2138133182618,2703644.440132,0.8891917596808193,0.07716394569828555,0.5657190115242726,1.2688104665394275,0.7030914550151549,0.8942698046645391,0.08170433894757512,0.8925336184144551,318.64650400000005,69.0534437846881,47.119220259994975,5.387261456435914,185.73720621351018,180.34994475707427,48.60073724706385,71.05169760522685,83.59784097950735,2795439.606574,3.355740712960039,5.7772353672967665,47.236412444743245,213.0293972154516,393.0912231918009,4762.9343250122265,0.2459177650987087,476.4896447821849,4.776106270566052,287.7469878996823,39.291672054476706,29.388503092452638,0.10213313892855436,0.2459177650987087,177619464.54383844,2.085912234186828,164068948.28286904,12258262.846682828,945213.8901710648,0.005761077279177985,400,98.36710603948349,4.587926999999884,0.8699286172819913,-0.5967579999999844,0.5165470278986449,1.1042742624596422,0.053862571402594095,1501.1918532251711,0.023552570271079716,-1465.8349266114774,1.8183333333333334,1.0141154847986318,0.025666666666666726,0.0852450447427181,0.9052014328711208,-0.00808109904443255,0.694191026541334,1.0128212811824326,0.008900428473820887,0.9166568638763146,0.9736834401733679,-0.02412324546185951,5.760386984632795,1.0029248681867502,0.01684838266397115,772.4442534336986,0.616859589100322,-295.9546086515137,33.11649339942692,0.887427987290675,-3.7279903069742844,0.06855143148680277,1.4898758758882786,0.03358170744175158,49.821412655291084,0.9457624290292628,-2.702192395296109,161.4774804759816,1.116873660737672,18.872464281092675,80.74562662891229,1.0353234529140498,2.8522143505950623,348.01348108498786,1.1295287238729392,45.07774210681305,261609208.53445387,0.678949588735314,-83989743.99061543,2552058.167269658,0.37037317655745544,-1606844.277098593,0.010823827812031379,0.5322582783690812,-0.005062750532853394
4.479717000000164,0.871,-0.968,1.839,-0.2516013363028953,0.5844122504565914,50.986619402592254,0,10,5,2458.62849,2463.108207,-0.5604432071269488,0.24570201592086346,-1.014,0.108,1.122,-0.587,0.42200000000000004,0.6119363276046914,168.135265,0.1472628062360802,0.06556546888542114,-0.066,0.31,0.376,0.176,0.096,0.16119914643288413,11.667339,-6.043126948775057,7.140491537883947,-31.008,6.519,37.527,-3.832,9.221,9.354464320398233,39290.195222,2.352158129175947,8.402898061662022,-22.885,32.092,54.977000000000004,1.328,8.611,8.725900738567443,34187.463321,-0.7477995545657029,78.09256949028227,-136.748,188.305,325.053,-25.695,60.07599999999999,78.09614980118018,2738454.867582,0.893706710469388,0.08112003715564085,0.4286747018427843,1.269475876100054,0.8408011742572696,0.9027807042687609,0.07192434496053579,0.8973807133910039,361.57617300000004,61.70830378012254,49.54534493541673,3.6661550703700465,189.49594187211505,185.829786801745,46.98817355462968,65.04859776116531,79.13694434453045,2811932.526125,2.824743401212779,5.132205151158978,48.202566377955435,171.89245667918334,282.0544094132569,2162.152752405927,0.21846794763623187,663.3137013859752,5.048390366017593,363.9269159086135,75.02650692446159,63.00789885564362,0.17313338502759804,0.21846794763623187,247439140.81136024,2.254681365420435,222035102.4048461,24100670.07500305,1118345.6268914365,0.005036796500997888,449,98.0921084886681,4.587926999999884,0.9764141823172285,-0.10820999999971992,0.5165470278986449,1.1313824445379217,0.06786522255794647,1501.1918532251711,0.03396409279247859,-1450.205233822579,1.8183333333333334,1.0113657139613252,0.02066666666666661,0.0852450447427181,0.9516098898695398,-0.004125007587077248,0.694191026541334,1.2111956651678921,0.1466101477159356,0.9166568638763146,0.9789712366375471,-0.019276150485310728,5.760386984632795,0.8909479790057296,-0.6281818334738176,772.4442534336986,0.8587204816772221,-109.13055204772343,33.11649339942692,1.902613844909915,29.891405456216695,0.06855143148680277,2.5255980220478507,0.10458195354079526,49.821412655291084,0.9944588538320054,-0.2760677198743551,161.4774804759816,1.1508093032073132,24.352306325763408,80.74562662891229,0.9800771588339301,-1.6086822843818425,348.01348108498786,0.8104697798654303,-65.95907167173095,261609208.53445387,0.9458349811060743,-14170067.723093629,2552058.167269658,0.4382132199157139,-1433712.5403782213,0.010823827812031379,0.4653429392113739,-0.005787031311033491
4.356610999999703,0.877,-0.918,1.795,-0.2555263157894736,0.5932413791836098,31.24630542211564,1,10,6,2463.119427,2467.476038,-0.5521853546910755,0.2426142420574903,-1.042,0.098,1.1400000000000001,-0.552,0.389,0.6031337632602236,158.96763700000002,0.12804576659038905,0.08551988119339414,-0.112,0.263,0.375,0.166,0.139,0.15397846739415427,10.360994,-6.82683752860412,5.589839480889915,-34.626,7.038,41.664,-5.282,5.571999999999999,8.823378948230276,34021.33102,1.604709382151031,13.45597825371725,-37.267,46.947,84.214,-0.656,9.923,13.551326243791603,80249.999576,-0.5693867276887895,77.61216613480443,-143.374,186.26,329.634,-14.977,96.321,77.61425470480376,2632475.997088,0.894415858267164,0.06876779276898187,0.48487214809679474,1.1048117486703335,0.6199396005735387,0.9078039435913461,0.07499947572896315,0.8970555929495705,351.65771800000005,62.97006415901397,48.16880746106927,2.453018548645729,189.86739241112465,187.41437386247893,46.9016192257794,86.53607522824808,79.28091190451772,2746747.327684,3.313315389769808,5.5004624203037995,42.60964282803917,191.6337678193235,367.01050648849775,3485.300411462614,0.22277351240295967,451.5470906368382,5.170467348999594,212.14039741286769,76.01056480845055,38.38371010237414,0.18093541149478662,0.22277351240295967,221546384.5399697,1.883802812924038,208475427.7373848,11671419.074646335,932137.1005749204,0.004471208480978045,437,97.35202492009338,4.587926999999884,0.9495815845596491,-0.23131600000018082,0.5165470278986449,1.1484750383952709,0.07669435128496482,1501.1918532251711,0.02081433186223181,-1469.9455478030554,1.8183333333333334,0.9871677305930281,-0.023333333333333428,0.0852450447427181,0.8067071219149664,-0.01647725197373623,0.694191026541334,0.8930389013120393,-0.07425142596779533,0.9166568638763146,0.9786165560032782,-0.01960127092674413,5.760386984632795,0.9548772374892209,-0.2599245643289958,772.4442534336986,0.5845691629185643,-320.89716279686036,33.11649339942692,1.1590511600315707,5.267216702947216,0.06855143148680277,2.639410748636402,0.11238398000798384,49.821412655291084,0.966829419002542,-1.6526051942218132,161.4774804759816,1.1606223561232056,25.93689338649733,80.74562662891229,0.9818601353984824,-1.4647147243945682,348.01348108498786,1.0545870387944103,18.997025403509895,261609208.53445387,0.8468600389912961,-40062823.99448416,2552058.167269658,0.36524915949395154,-1619921.0666947374,0.010823827812031379,0.413089013215628,-0.006352619331053334
4.26845800000001,0.97,-0.964,1.934,-0.0745443925233644,0.6214822539337206,36.25101071138855,1,10,7,2467.488694,2471.757152,-0.5711915887850468,0.24354203944284533,-1.01,0.151,1.161,-0.5974999999999999,0.385,0.6209448897243348,165.025054,0.12297897196261684,0.09126072860688231,-0.096,0.312,0.40800000000000003,0.132,0.16,0.15314159503819047,10.037605000000001,-3.9350350467289723,6.020881223823349,-22.397,13.221,35.617999999999995,-3.3739999999999997,5.61825,7.192740196223816,22142.798935,1.2858808411214955,9.974804991526337,-23.115,29.252,52.367,-0.1835,12.54175,10.057346775195835,43292.295939,-0.4715257009345797,72.69221067102028,-144.275,131.557,275.832,-18.0685,105.90475,72.69373995556037,2261714.566695,0.8927230437787215,0.062189466336973205,0.6942146642069728,1.1498404237110469,0.45562575950407413,0.8996132480046297,0.06435331967309077,0.8948865641056538,342.7518,63.182572661497424,38.016155464330545,3.3475162434258627,144.3363364957002,140.98882025227434,53.57979481082273,59.16160040803397,73.73781637947758,2327149.661569,3.104931235086713,5.29520250254436,43.1821386116978,184.19153529013224,317.69166728641164,2845.49453611276,0.9371096352940557,354.4040795887183,5.244108041986133,170.3188416126844,61.91781670323164,22.607122968605744,0.13273412825745023,0.46855481764702783,132372138.32289562,2.4030766303411357,110989532.9731843,20099584.758670047,1035924.6616590407,0.009333534738895836,428,100.27073097646395,4.587926999999884,0.9303674602269049,-0.31946899999987455,0.5165470278986449,1.2031474548028782,0.10493522603507566,1501.1918532251711,0.02414815310465824,-1464.9408425137826,1.8183333333333334,1.0636113598701484,0.11566666666666658,0.0852450447427181,0.7295375259558459,-0.023055578405744896,0.694191026541334,0.656340597213898,-0.2385652670372599,0.9166568638763146,0.9762503174403748,-0.021770299770660806,5.760386984632795,0.9192442291599734,-0.46518448208843566,772.4442534336986,0.4588086169438373,-418.0401738449803,33.11649339942692,0.6826544914978955,-10.509370430821178,0.06855143148680277,1.9362704179313814,0.06418269677064746,49.821412655291084,0.763048525334472,-11.805257190960539,161.4774804759816,0.8731175382967041,-20.488660223707257,80.74562662891229,0.9132112716051725,-7.007810249434712,348.01348108498786,0.9128717263676918,-30.321813798576216,261609208.53445387,0.5059918917397827,-129237070.21155825,2552058.167269658,0.4059173395594388,-1516133.505610617,0.010823827812031379,0.8623128783878323,-0.001490293073135543
16.067814999999882,0.521,-1.322,1.843,-0.618455223880597,0.3953025454923242,95.99934637310184,1,10,8,2471.767633,2487.835448,-0.45605970149253733,0.1585270788988099,-0.974,-0.002,0.972,-0.412,0.10300000000000004,0.4828263518798987,374.859028,0.21939614427860696,0.07420642621499215,-0.034,0.46,0.494,0.228,0.09500000000000003,0.23160583286247435,86.255149,-1.73885447761194,9.797925615817965,-28.947,70.443,99.39,-3.16,4.461749999999999,9.951028151272256,159228.921718,4.2112475124378115,14.864497984602776,-21.725,139.557,161.28199999999998,1.4125,6.526999999999999,15.44952769327508,383810.15275999997,-1.3548955223880588,28.24440629920035,-107.573,102.748,210.321,-0.992,6.76675,28.276885066621034,1285728.2243460002,0.9063976376901461,0.06290339174643167,0.5433617579476863,1.3902985290936618,0.8469367711459755,0.9105698765025638,0.032128643462084994,0.9085777425754401,1327.425731,19.89881485027937,27.22738077446825,0.9901772568585889,159.03635536882751,158.0461781119689,7.944399832611618,13.307259992266875,33.7237764238168,1828767.2988240002,1.8096045050421612,3.23448474311766,35.91078476059021,125.87057975932859,247.77847808804648,1787.5240455617438,0.07027011833717282,5115.525133810529,6.5515253985966195,1610.4092702134863,1338.9760757227807,931.5856183911675,0.5784775557469846,0.4216207100230369,958415507.641567,4.088285512607252,772156769.8517368,97383278.5317595,31923588.885883212,0.041343403480115726,1608,112.9943502861739,4.587926999999884,3.502194992417782,11.479887999999999,0.5165470278986449,0.7652788932842338,-0.12124448240632074,1501.1918532251711,0.06394875256364914,-1405.1925068520693,1.8183333333333334,1.0135655306311704,0.024666666666666615,0.0852450447427181,0.7379125033854832,-0.022341652996286432,0.694191026541334,1.2200341499159455,0.15274574460464152,0.9166568638763146,0.9911863080601687,-0.008079121300874514,5.760386984632795,0.5615047645464395,-2.5259022415151353,772.4442534336986,6.622516914333399,4343.0808803768305,33.11649339942692,28.130563428734966,898.4691249917406,0.06855143148680277,8.438590687525522,0.5099261242601818,49.821412655291084,0.5464995735345067,-22.594031880822833,161.4774804759816,0.9787505826590441,-3.43130236401268,80.74562662891229,0.4176545260417226,-47.02185020509549,348.01348108498786,0.7119795397248334,-100.23500299694138,261609208.53445387,3.6635388830945677,696806299.1071131,2552058.167269658,12.508958179443388,29371530.718613554,0.010823827812031379,3.819662138152137,0.030519575668084345
4.340319999999792,0.769,-0.915,1.6840000000000002,-0.3407103448275862,0.5391870967440555,96.74464257922578,0,11,0,2602.067591,2606.407911,-0.5537517241379311,0.24056492509649557,-1.021,0.105,1.126,-0.524,0.4115,0.6037486688783784,158.562918,0.16093563218390802,0.10057629571167902,-0.119,0.292,0.411,0.203,0.1005,0.18977847339863715,15.666902999999998,-10.218457471264369,9.835885449679951,-40.092,5.115,45.207,-6.885,10.046000000000001,14.183141953434168,87505.259317,1.567450574712644,14.852528934992806,-32.061,49.359,81.42,-0.489,9.7175,14.935009778000332,97028.71492500001,-1.2192367816091962,80.11947142532001,-152.244,185.969,338.21299999999997,-22.305,48.145,80.1287478986306,2792968.064314,0.8945649814497242,0.0841907504990999,0.6200951539884827,1.149351991341208,0.5292568373527253,0.9131976784902598,0.06164866794879076,0.8985179956493622,351.19054600000004,62.163771785313536,54.59393510240844,3.000376143086063,191.12512513795772,188.12474899487165,44.2970556696492,72.45125494568805,82.73350151264317,2977502.0385560007,2.804476568265965,4.383847556809616,22.26622745818774,193.71806863660143,309.72352506257045,1345.9926419719775,0.6829621434103622,670.6212026551896,4.019856462742958,479.76427958586544,69.94455364971746,39.242153245100354,0.08179465398748818,0.22765404780345408,281992343.3686567,2.03239265586932,251740871.34620008,28289008.397788808,1813368.067607902,0.007203312111818802,435,99.02951079450253,3.88112000000001,1.1183163594056915,0.45919999999978245,0.5324424166615312,1.0126674166910665,0.006744680082524268,63.977264865860576,1.5121722187865638,32.76737771336521,1.7016666666666669,0.9896180157319215,-0.01766666666666672,0.09189248195685357,0.9161874785007477,-0.007701731457753672,0.6378138432738045,0.8297982783474017,-0.1085570059210792,0.8954912474189705,1.0033799751871564,0.0030267482303917292,5.004196375405564,0.8760342758719146,-0.6203488185959483,638.3725367547503,1.0505170007060052,32.24866590043928,26.370664957116514,1.4880987375189145,12.87148828798384,0.05993061245849058,1.3648223667982284,0.021864041528997603,54.89767475988859,0.9944671669837872,-0.3037396574801505,189.55273210724613,0.9924665653381813,-1.427983112374477,87.75947452202284,0.9427301377295084,-5.025973009379669,356.4581018175938,0.8688918093727963,-46.73457675502334,230834474.99656987,1.2216214383611763,51157868.37208682,1723295.8870906497,1.052267391335394,90072.1805172523,0.008692981587734884,0.8286344279893356,-0.0014896694759160816
3.670148000000154,0.732,-0.895,1.627,-0.2692364130434783,0.5192891421266307,57.15239362804229,0,11,1,2606.41682,2610.086968,-0.6093288043478261,0.25468829635604445,-1.155,0.145,1.3,-0.648,0.37375,0.6604148091227934,160.50236099999998,0.14516847826086957,0.06930716041391995,-0.055,0.301,0.356,0.1555,0.10950000000000001,0.1608644446893638,9.522872,-6.151298913043478,7.559920213073831,-34.489,4.702,39.190999999999995,-3.679,4.481,9.7463260742524,34956.640876000005,2.662081521739131,14.29726189861898,-22.122,52.855,74.977,-1.8704999999999998,12.16075,14.542983731892399,77831.402304,-0.1358586956521717,92.48561565276111,-148.733,210.687,359.42,-25.374000000000002,44.458,92.48571543895541,3147727.582174,0.8904942292161624,0.10580442639963795,0.579843944523007,1.3753526820419553,0.7955087375189482,0.8988054385029369,0.07095356011462306,0.8967577983564143,295.936234,72.27111283196658,60.30740467020886,9.957876480455058,213.788032768441,203.83015628798594,45.73368425358579,83.27971060210089,94.1280872430072,3260515.6253540004,3.3056817974387616,5.005210878612797,29.795158127905907,244.47266570563968,397.71281215797325,1799.3898050234916,0.8077857622923887,758.1388196720907,3.4662037042177305,483.11234485497806,176.56380486124715,25.338240988528227,0.05244792698396032,0.2692619207641296,246267445.96675405,2.0538600080930958,202488118.75964707,41163180.04131761,2412910.507956862,0.011916306609678079,368,99.08838684119968,3.88112000000001,0.9456414618830982,-0.21097199999985605,0.5324424166615312,0.9752963252433262,-0.01315327453490056,63.977264865860576,0.8933234913830554,-6.824871237818286,1.7016666666666669,0.9561214439405203,-0.07466666666666688,0.09189248195685357,1.1513935920827623,0.013911944442784388,0.6378138432738045,1.2472428020114632,0.1576948942451437,0.8954912474189705,1.0014143532133348,0.0012665509374438777,5.004196375405564,1.0002027284960662,0.001014503207232842,638.3725367547503,1.1876118974577317,119.76628291734039,26.370664957116514,0.9608495280693266,-1.0324239685882866,0.05993061245849058,0.8751440387639398,-0.007482685474530258,54.89767475988859,1.098542058894041,5.409729910320273,189.55273210724613,1.075321648025145,14.277424180739814,87.75947452202284,1.0725689476258258,6.368612720984359,356.4581018175938,1.1157350895346823,41.25471034037946,230834474.99656987,1.0668573053068156,15432970.970184177,1723295.8870906497,1.4001719182597474,689614.6208662123,0.008692981587734884,1.370794678611105,0.0032233250219431946
3.632892000000084,0.832,-0.962,1.794,-0.1688956043956044,0.5388510111139079,38.03475839031367,0,11,2,2610.094096,2613.726988,-0.6323626373626374,0.23783433455232114,-1.082,0.014,1.096,-0.677,0.35124999999999995,0.6756091146692559,166.146954,0.1078324175824176,0.08527684034103808,-0.072,0.254,0.326,0.1185,0.15325,0.13747716094035323,6.879589,-4.718656593406593,6.167232636305661,-23.542,9.252,32.794000000000004,-3.3285,4.5417499999999995,7.765338269310178,21949.374151,1.843637362637362,14.488991370689774,-22.183,41.557,63.74,-2.2365000000000004,19.30875,14.60581629573764,77652.072558,-0.3394670329670349,84.81818055513205,-122.702,184.672,307.374,-32.831999999999994,87.16749999999999,84.81885987532166,2618702.9925599997,0.8870695191194843,0.08568226897182286,0.6220040192796185,1.2106799742293584,0.5886759549497399,0.8883874910135954,0.08686511910810668,0.8911979482511352,289.10109700000004,70.63042894250076,49.79168450704847,10.09577020340697,186.79906124228785,176.70329103888088,46.08413186226722,71.34463138508906,86.41683481041815,2718304.439269,3.8538719802973995,5.623530690794278,25.47464727645738,236.99715248403382,361.93796823223755,1451.7910506669746,0.5453062221606888,486.3575879369704,4.070205558116218,319.03046908976387,65.7605498949641,14.53160063772096,0.04554925640402324,0.2726531110803444,164243635.65429893,2.111444365275918,135589147.5772314,27518039.45563086,943609.0857071847,0.006959326041707772,364,99.24573243324535,3.88112000000001,0.9360421709814829,-0.24822799999992595,0.5324424166615312,1.0120362017214877,0.006408594452376626,63.977264865860576,0.5945042893614644,-25.942506475546907,1.7016666666666669,1.0542605226977833,0.09233333333333316,0.09189248195685357,0.9324186029480341,-0.0062102129850307025,0.6378138432738045,0.9229588726054677,-0.04913788832406463,0.8954912474189705,0.9952056380983443,-0.004293299167835274,5.004196375405564,1.1237629896370505,0.6193343153887145,638.3725367547503,0.7618711017892681,-152.0149488177799,26.370664957116514,0.5510517332741309,-11.839064319395554,0.05993061245849058,0.7600330938590163,-0.014381356054467338,54.89767475988859,0.9069907735757006,-5.105990252840115,189.55273210724613,0.9322117864784066,-12.849441068365252,87.75947452202284,0.9847009143028225,-1.34263971160469,356.4581018175938,1.0153731010083598,5.479866414643766,230834474.99656987,0.7115212563320082,-66590839.34227094,1723295.8870906497,0.5475606904048411,-779686.801383465,0.008692981587734884,0.800567442343649,-0.0017336555460271122
4.30864900000006,0.745,-0.872,1.617,-0.2317754629629629,0.5016520328705137,52.07676484451625,0,11,3,2613.740187,2618.048836,-0.6381805555555554,0.22731010550865977,-1.038,-0.007,1.0310000000000001,-0.6895,0.36399999999999993,0.6774542830003775,198.26394,0.12898842592592594,0.07354711487734614,-0.081,0.271,0.35200000000000004,0.125,0.11475,0.14848296915683507,9.524387,-5.145710648148149,7.216423272266965,-33.634,8.122,41.756,-3.664,4.736750000000001,8.863131665443174,33935.804461,2.1276342592592594,12.679321296407391,-19.481,43.847,63.328,-1.1225,9.56125,12.856594264372806,71406.15094600001,-1.3353703703703705,76.6356562046872,-126.687,183.802,310.489,-26.916,31.469500000000004,76.64728968430047,2537916.63089,0.8827549789789484,0.08431946446625732,0.6443803224804433,1.1598883566964537,0.5155080342160104,0.8872194953574137,0.07550184856574682,0.8867728711457067,339.710166,59.42467223403872,50.866122958446795,6.4979142807519406,186.84791045125445,180.34999617050252,33.57515392654766,54.34238624360715,78.22182646133213,2643258.5862970003,3.2380121443926453,4.719081782771922,32.19489542694089,206.75112843794926,346.9034880033471,2458.8808379839825,0.7076780235075859,663.435668530785,3.777051587540107,488.77825635266856,72.85635298523117,17.979796836980942,0.03678518142517394,0.23589267450252865,241432222.40467867,2.3282527784381206,209042154.5204625,30077592.93994887,2081003.8736107417,0.009954948457092364,432,101.90563538509237,3.88112000000001,1.1101560861036217,0.42752900000005045,0.5324424166615312,0.942171411876254,-0.030790383791017506,63.977264865860576,0.8139886090092211,-11.900500021344328,1.7016666666666669,0.9502448523981692,-0.08466666666666689,0.09189248195685357,0.9175881801730655,-0.0075730174905962455,0.6378138432738045,0.8082421408220967,-0.12230580905779409,0.8954912474189705,0.9902641302178735,-0.008718376273263773,5.004196375405564,0.9430248973711022,-0.2851145926336418,638.3725367547503,1.039260980575784,25.063131776034766,26.370664957116514,0.6818105216308064,-8.390868120135572,0.05993061245849058,0.6137960848087679,-0.023145431033316642,54.89767475988859,0.9265624304063766,-4.031551801441793,189.55273210724613,0.9514502595454475,-9.202735936743608,87.75947452202284,0.8913205882151165,-9.537648060690714,356.4581018175938,0.9731956889876838,-9.554613814246693,230834474.99656987,1.0459105920303555,10597747.4081088,1723295.8870906497,1.2075720073376253,357707.986520092,0.008692981587734884,1.1451694570989808,0.0012619668693574799
4.399081000000024,0.794,-0.864,1.658,-0.2436689342403628,0.5378801585842681,40.40516584089962,0,11,4,2618.057157,2622.456238,-0.6025170068027211,0.23802861030825923,-1.014,0.065,1.079,-0.648,0.40800000000000003,0.6478305046937751,185.080804,0.15014739229024945,0.07531161898085388,-0.078,0.278,0.35600000000000004,0.162,0.128,0.1679764250276787,12.443291,-5.0988639455782305,6.356505788631017,-27.695,13.313,41.008,-4.611,4.244,8.14883914287288,29283.978505,1.789469387755102,10.466468646014143,-16.427,38.046,54.473,-0.626,7.191,10.61834104781485,49722.382474,-1.1276235827664383,76.67405787142451,-118.779,189.664,308.443,-31.786,39.939,76.68234924293182,2593160.564268,0.888192100778729,0.08777726814848098,0.6473214039408862,1.1794295231170024,0.5321081191761162,0.900436005499558,0.07591308468537539,0.8925189391208135,351.29621499999996,59.157498423769695,50.5937329285039,6.559641529839874,191.26111716969552,184.70147563985566,40.734999398551615,50.8337649595546,77.84173322453125,2672166.9252469996,2.9087184962723427,4.564131452598898,40.03574718444276,193.09770908353465,353.23732862729594,2736.855942054435,0.9129637427823621,749.2233500874705,3.6176436224834636,531.724890239219,128.42241007310756,8.756506046922851,0.01646811388276122,0.22824093569559054,248909017.7868552,2.2974230199470993,219730313.421952,26841157.161229946,2093537.7090188114,0.009527760081962627,441,100.65425264175543,3.88112000000001,1.1334565766236155,0.5179610000000139,0.5324424166615312,1.0102128073392496,0.005437741922736827,63.977264865860576,0.6315550675587727,-23.572099024960956,1.7016666666666669,0.9743388777218086,-0.043666666666666965,0.09189248195685357,0.9552169745238294,-0.004115213808372584,0.6378138432738045,0.834268676424765,-0.1057057240976883,0.8954912474189705,0.9966807958497284,-0.002972308298156978,5.004196375405564,0.9120608187779983,-0.4400649228066662,638.3725367547503,1.1736459620968476,110.85081333272024,26.370664957116514,0.3320548062721198,-17.614158910193662,0.05993061245849058,0.274786298009293,-0.043462498575729355,54.89767475988859,0.9216006532257464,-4.303941831384691,189.55273210724613,0.9744068237729764,-4.851256467390471,87.75947452202284,0.886989508991731,-9.917741297491588,356.4581018175938,0.990964511161944,-3.220773190297848,230834474.99656987,1.078300881142446,18074542.79028532,1723295.8870906497,1.2148451839882293,370241.82192816166,0.008692981587734884,1.096027758200702,0.0008347784942277434
4.112016999999923,0.756,-0.912,1.668,-0.2367160194174757,0.5144505028090318,65.59730733025616,0,11,5,2622.464947,2626.576964,-0.6318665048543688,0.23935927650084352,-1.026,0.12,1.146,-0.6755,0.37549999999999994,0.6756834637638274,188.097835,0.1052718446601942,0.0922447613872644,-0.072,0.313,0.385,0.1,0.1705,0.13996877252285025,8.071598000000002,-3.1266771844660193,8.09921646397083,-33.16,16.901,50.06099999999999,-1.9925000000000002,5.202500000000001,8.681786541151338,31053.848029,2.6588300970873795,16.64399515817948,-22.855,58.366,81.221,-2.9314999999999998,9.4505,16.855027508452178,117045.88435200001,-0.8294247572815577,81.14192658567826,-134.885,184.855,319.74,-28.7405,37.11825,81.14616562391345,2712896.480531,0.888757821135811,0.08332304329945465,0.6520490779074839,1.1989804001734141,0.5469313222659302,0.895925757246636,0.07234606817828448,0.8926551373149416,328.295276,63.801606172656285,53.60522936346467,5.993357740031876,192.2039869123427,186.21062917231083,34.31120462794678,69.52199702692891,83.33166004178956,2860996.212912,2.7701793000382238,4.241849740194362,24.053465959133444,216.72545562963316,388.8059874243053,2720.4077341406714,0.7122020147012497,589.2575995689931,3.4912068696211573,475.4645199145097,39.29304372195769,10.802784604294098,0.02272048523412278,0.23740067156708322,243884401.80965993,2.1907491338205265,219771807.89862075,21039905.615895167,2791068.494281456,0.012699847723730593,412,97.80907668563829,3.88112000000001,1.0594923602993438,0.23089699999991353,0.5324424166615312,0.966208696092626,-0.01799191385249943,63.977264865860576,1.0253221587002674,1.6200424643955813,1.7016666666666669,0.9802154692641597,-0.033666666666666956,0.09189248195685357,0.9067448441661313,-0.008569438657398912,0.6378138432738045,0.8575093178967692,-0.0908825210078743,0.8954912474189705,0.9968328891203212,-0.002836110104028844,5.004196375405564,0.8476585276639942,-0.7623466352112018,638.3725367547503,0.9230622647949895,-49.114937185757185,26.370664957116514,0.40965158132208157,-15.567880352822415,0.05993061245849058,0.37911311950513354,-0.0372101272243678,54.89767475988859,0.9764571921881685,-1.2924453964239149,189.55273210724613,0.9823684791688042,-3.3421029349352978,87.75947452202284,0.9495460232203465,-4.42781448023328,356.4581018175938,1.0907480723003935,32.347885606711486,230834474.99656987,1.0565336993674102,13049926.813090056,1723295.8870906497,1.619610721054673,1067772.6071908062,0.008692981587734884,1.4609294850404622,0.004006866135995709
3.909965000000284,0.784,-0.906,1.69,-0.240579081632653,0.5301674782279513,65.1986349143521,0,11,6,2626.588931,2630.498896,-0.6060153061224489,0.26403743119460366,-1.086,0.194,1.28,-0.647,0.41974999999999996,0.6610373032791196,171.29236400000002,0.13601020408163267,0.08792732329367818,-0.039,0.326,0.365,0.136,0.123,0.1619567528567993,10.282156,-3.783288265306123,8.074567165758923,-27.695,13.466,41.161,-3.0380000000000003,9.778749999999999,8.916944825037055,31168.666765,2.2714897959183675,11.193063090223902,-14.305,35.145,49.45,-0.0075,10.75225,11.421222668116311,51134.176276,-1.5010688775510177,87.78628828859095,-132.458,194.29,326.748,-31.046,28.54975,87.7991208342245,3021804.762751,0.8909599541582353,0.09135926717416484,0.6368689033074233,1.2340324144851302,0.5971635111777069,0.893645052866478,0.07337202796289821,0.8956317075741819,314.44521299999997,69.63749260391282,55.400915834940776,11.654682063445575,197.01281667444886,185.3581346110033,38.92655394480532,77.02908964999372,88.98675098861743,3104107.605792,2.854517177943306,4.020849412133107,18.167619641931264,222.0968869239138,364.86913360954173,1636.1236990255677,0.7676859488764587,641.4746582154329,3.3431212275110402,427.84162806347723,148.04380199189578,18.298688024158302,0.042769769988383874,0.2558953162921529,235818284.60709107,2.110857496405183,194479820.5898618,37866560.39270171,3300850.585334195,0.016972715088499353,392,100.31096398652394,3.88112000000001,1.0074321303968836,0.028845000000274013,0.5324424166615312,0.9957273344127662,-0.002274938433579954,63.977264865860576,1.0190906885572777,1.2213700484915222,1.7016666666666669,0.9931439706573321,-0.011666666666666936,0.09189248195685357,0.9941972976101346,-0.0005332147826887235,0.6378138432738045,0.9362661348801921,-0.040650332096097586,0.8954912474189705,1.0001568414588615,0.0001404601552114082,5.004196375405564,0.8034955270459951,-0.9833469632724565,638.3725367547503,1.0048594218454385,3.1021214606826106,26.370664957116514,0.6939031703211223,-8.071976932958211,0.05993061245849058,0.7136546932748323,-0.017160842470106706,54.89767475988859,1.0091668921709633,0.5032410750521876,189.55273210724613,0.9778710786207592,-4.194597496242835,87.75947452202284,1.013984546547698,1.2272764665945886,356.4581018175938,1.0235961302010637,8.411031791947948,230834474.99656987,1.0215904041655617,4983809.610521197,1723295.8870906497,1.9154288071254142,1577554.6982435451,0.008692981587734884,1.9524596241927228,0.008279733500764469
3.7320840000002136,0.841,-0.919,1.76,-0.1864090909090908,0.5441349569373444,58.00835527427865,1,11,7,2630.506555,2634.238639,-0.6208021390374332,0.24858354537832483,-1.025,0.099,1.1239999999999999,-0.668,0.37349999999999994,0.6687219712752903,167.248714,0.11061229946524063,0.08305672282850994,-0.073,0.274,0.34700000000000003,0.111,0.14825,0.13832389526036346,7.155929,-7.12613101604278,7.616321636740314,-28.656,11.023,39.679,-5.87,8.306,10.430249207573402,40687.496851,1.9923770053475933,15.534128941554473,-25.679,46.046,71.725,-3.588,16.93475,15.661376954287197,91734.24431100002,0.19494385026737873,85.64258525990164,-129.023,179.74,308.76300000000003,-37.144999999999996,75.023,85.64280712998773,2743174.214501,0.888791162410289,0.08487664591886805,0.6339700308374205,1.2586798639844843,0.6247098331470637,0.897080800841515,0.08970722704875689,0.8928346853707407,298.135512,70.92263736211646,51.562959082488305,3.3774901924357974,185.03944317090884,181.66195297847304,45.8965493149636,65.55072548574987,87.68557030515706,2875595.955663,3.026995903710689,4.922204565513256,39.46532733509114,221.51697145884486,345.198074432272,1767.7265589329493,0.7945904283564496,503.83994001761243,3.6236721780533703,350.84681291755055,74.14213719020087,9.40584841632887,0.02680898919344371,0.2648634761188165,185947128.57271358,2.2208980395481905,152534957.9097227,31821871.379663635,1448593.3479038575,0.00949679580179386,374,99.05894006843738,3.88112000000001,0.9615997419260952,-0.14903599999979633,0.5324424166615312,1.0219601776461098,0.011692540275813124,63.977264865860576,0.9067026448666756,-5.968909591581927,1.7016666666666669,1.0342801114537896,0.058333333333333126,0.09189248195685357,0.9236515857978944,-0.007015836037985515,0.6378138432738045,0.9794547891058185,-0.013104010126740784,0.8954912474189705,0.9970333914192678,-0.002656562048229727,5.004196375405564,0.9836153872515011,-0.08199180989230825,638.3725367547503,0.7892569166133864,-134.53259673713785,26.370664957116514,0.356678469354402,-16.964816540787645,0.05993061245849058,0.44733373513702906,-0.03312162326504687,54.89767475988859,0.9392557935945699,-3.3347156774002826,189.55273210724613,0.9583715884723185,-7.89077912877309,87.75947452202284,0.9991578775139679,-0.07390421686578463,356.4581018175938,0.9684113579195126,-11.260027385321791,230834474.99656987,0.8055431433085405,-44887346.42385629,1723295.8870906497,0.8405946760248082,-274702.5391867922,0.008692981587734884,1.0924657761308638,0.0008038142140589753
4.137631000000056,0.948,-0.888,1.836,-0.1653156626506024,0.598455062475767,52.84779989687908,1,11,8,2634.247467,2638.385098,-0.5801855421686747,0.2397343746594984,-1.015,0.039,1.0539999999999998,-0.599,0.43000000000000005,0.6277641545476611,163.546451,0.10714939759036145,0.10280381054947585,-0.151,0.309,0.45999999999999996,0.118,0.19,0.14849113396923697,9.150591,-3.708578313253012,7.269649227911831,-25.74,14.275,40.015,-2.916,4.924,8.160965200416532,27639.561496000002,2.614534939759036,15.510615623807524,-27.206,39.008,66.214,-1.618,24.618000000000002,15.729430694742987,102677.22084199998,-1.472937349397591,75.3010515429605,-150.412,151.954,302.366,-20.489,101.28299999999999,75.31545596961385,2354053.431783,0.892453812606744,0.07170336872545308,0.5705067922470336,1.0769684303636757,0.5064616381166421,0.9025308858980949,0.07284572977272086,0.8953296491923473,332.6703,64.26171014481774,43.09137802574204,2.612946612543012,155.6770804100591,153.0641337975161,52.86811921186529,63.450020039251605,77.37205083810287,2484370.214121,3.0507726527524737,5.198511816273184,44.7543421337394,194.51813349191718,320.6662477783409,2094.4681403737304,1.1908270591658003,442.7364899179724,4.675811766086957,173.98278811863736,164.34223997380028,16.301318289756303,0.09369500549504715,0.23816541183316006,159899447.49530447,2.351797540766506,144923552.99483627,13836755.574675156,928652.7883303298,0.00640788035581365,415,98.83864591076141,3.88112000000001,1.0660920016230173,0.2565110000000459,0.5324424166615312,1.1239807958733523,0.06601264581423572,63.977264865860576,0.826040312905268,-11.129464968981495,1.7016666666666669,1.0789422071756578,0.1343333333333332,0.09189248195685357,0.7802962701144298,-0.02018911323140049,0.6378138432738045,0.7940586983444294,-0.1313522051571624,0.8954912474189705,0.9998195312067155,-0.00016159822662320522,5.004196375405564,1.0388304966276563,0.1943154408676202,638.3725367547503,0.6935393746130519,-195.6360468367779,26.370664957116514,0.6181610630632027,-10.069346667360211,0.05993061245849058,1.5633911621716028,0.033764393036556574,54.89767475988859,0.784939948847846,-11.80629673414655,189.55273210724613,0.8075015964572837,-36.48859830973004,87.75947452202284,0.8816375810211845,-10.387423683919977,356.4581018175938,0.8995902916338702,-35.79185403925288,230834474.99656987,0.6927017617177006,-70935027.5012654,1723295.8870906497,0.5388817992817939,-794643.0987603199,0.008692981587734884,0.7371317792202464,-0.0022851012319212343
8.71940799999993,0.103,-1.12,1.223,-0.6200130486358245,0.3380270838827475,74.53983991363951,1,11,9,2638.400062,2647.11947,-0.4930604982206405,0.21470825999332283,-0.943,-0.01,0.9329999999999999,-0.377,0.37649999999999995,0.5377808957325898,243.80259,0.18843060498220637,0.056350924384551374,0.006,0.323,0.317,0.201,0.05499999999999999,0.19667617947518132,32.608521,-5.176030842230131,8.633645806589445,-31.405,13.603,45.008,-3.16,10.6715,10.066336731570082,85422.146968,-1.122003558718862,15.769551214831315,-61.237,36.489,97.726,1.435,11.618,15.809416102530973,210697.428415,-0.7258232502965604,34.19606848398172,-78.076,136.092,214.168,-1.115,12.5955,34.20377053998344,986223.9458450001,0.906444019948706,0.07019643868525899,0.6171369378023001,1.3107879309789208,0.6936509931766207,0.9192698189323959,0.05475288213030849,0.9091580177861621,696.7970779999999,26.48900762264142,28.626895867624313,1.1011543942608593,137.81016285455874,136.7090084602979,13.116166131915227,29.41320266398798,39.002137016427206,1282343.5212279998,2.399596589320257,4.179356414085707,25.890836929272133,161.52728571820924,242.2440340265081,1632.9729264434613,0.24420784774343648,1750.8756881844579,5.295514011365758,997.6387406196376,299.5953845789502,115.89685014767646,0.11617116038871017,0.48841569548687297,291188131.7703078,3.3041519684548595,264508637.92345095,22552188.4289136,2626899.883187862,0.009931244226315548,843,102.93360782385848,3.88112000000001,2.246621587978133,4.83828799999992,0.5324424166615312,0.6348612863220011,-0.19441533277878376,63.977264865860576,1.1650988840844356,10.562575047778935,1.7016666666666669,0.7187071456295369,-0.4786666666666668,0.09189248195685357,0.7638974326457317,-0.02169604327159458,0.6378138432738045,1.0875445705925206,0.055837149902816186,0.8954912474189705,1.015261746280564,0.01366677036719166,5.004196375405564,0.8351703434890261,-0.8248399613198565,638.3725367547503,2.7427177507632687,1112.5031514297075,26.370664957116514,4.394915725189206,89.52618519055994,0.05993061245849058,1.938427395263134,0.05624054793021959,54.89767475988859,0.5214591690379969,-26.270778892264275,189.55273210724613,0.7212188763163686,-52.843723646948234,87.75947452202284,0.4444208129595807,-48.757337505595636,356.4581018175938,0.6795862761555999,-114.21406779108568,230834474.99656987,1.2614585918097145,60353656.77373791,1723295.8870906497,1.524346400908961,903603.9960972124,0.008692981587734884,1.1424426362413302,0.0012382626385806644
4.152422999999999,0.771,-0.896,1.667,-0.3139278846153846,0.5305379523067439,95.59432513673607,0,12,0,2751.334703,2755.487126,-0.5771057692307692,0.2434565064721809,-0.994,0.148,1.142,-0.5894999999999999,0.41025,0.6263562400288488,163.20601,0.15601682692307695,0.10233226052314948,-0.271,0.352,0.623,0.1995,0.16249999999999998,0.18658280153037438,14.482267,-7.696016826923077,9.777235045591166,-37.588,17.069,54.657,-5.687,7.786,12.442789081914842,64406.36805699999,2.314379807692307,13.712529605359528,-30.366,51.069,81.435,0.2595,11.39625,13.906466915507886,80450.165982,-1.3425504807692334,82.97516857961037,-160.931,186.534,347.46500000000003,-23.962,45.461499999999994,82.98602920135517,2864859.313725,0.8932728789652438,0.09602125041920707,0.5354782908764837,1.213209380115403,0.6777310892389192,0.907215504473927,0.05783819570642457,0.8984188983024138,335.777111,64.11219819378303,55.897405195396956,3.385658872361479,192.76669767882626,189.38103880646477,44.18816662916335,75.99553856577288,85.0581792940415,3009715.8477640003,3.16988313074358,4.947243595354341,25.877259964990944,220.68243483069986,438.54166438089595,5102.131942197747,0.7247777348525779,797.8990475360538,3.967055775820392,530.2808833771724,161.1365841827972,19.877206511609987,0.03748429772660144,0.24159257828419262,270359936.9996293,2.108817121626301,240583493.57628888,25349462.559746347,4087818.8819403714,0.016991269106515515,416,100.50251256622413,3.936734000000039,1.054788814649928,0.21568899999995983,0.5203024463096404,1.0196722038748405,0.010235505997103544,68.38356548317063,1.397913730401831,27.210759653565447,1.7036666666666669,0.9784777872521357,-0.03666666666666685,0.0933865497774391,1.0282127390498914,0.002634700641767976,0.6606874332274687,1.0257968365921895,0.017043656011450525,0.8944829675995374,1.0044002186754173,0.003935930702876456,5.461944855363176,0.9057659345350036,-0.5147012600088345,682.873516482054,1.168443391442225,115.02553105399977,17.531819565271146,1.1337788656944108,2.3453869463388415,0.042529830067219415,0.8813646528497784,-0.005045532340617977,54.41763891115365,1.0271927688076903,1.4797662842433041,190.27943598774016,0.9952785376592872,-0.898397181275385,86.27542985004783,0.9858911098098161,-1.2172505560063343,417.78346215055717,1.0496865101193529,20.75820223033878,231784900.3230814,1.1664260123190888,38575036.676547915,3285318.4098228035,1.24426870458527,802500.4721175679,0.016678837332435636,1.018731616631103,0.0003124317740798785
3.817915999999968,0.845,-0.991,1.836,-0.1898198433420365,0.5267925522737066,51.748008243617456,0,12,1,2755.499082,2759.316998,-0.6213002610966059,0.25320461220052554,-1.11,0.292,1.4020000000000001,-0.689,0.3639999999999999,0.670914741288585,172.398484,0.14515404699738907,0.10212944112604562,-0.137,0.336,0.47300000000000003,0.186,0.17250000000000001,0.17748273184859037,12.064545999999998,-5.910832898172324,7.193608846998664,-35.969,13.634,49.603,-5.542,5.374000000000001,9.31052918977937,33200.720303,3.750436031331592,17.887958113868276,-27.847,51.573,79.42,-2.305,12.565,18.276892950078146,127939.16449300002,-1.2331436031331613,84.87155670224817,-140.229,192.29,332.519,-35.405,41.580499999999994,84.88051472634268,2759400.78182,0.8871467835667141,0.09021785104646893,0.5431979381404167,1.2294685843892068,0.6862706462487901,0.8958292247967802,0.08807055177647816,0.8917223089281824,304.549603,69.40880250402071,52.98915629512396,9.456417397725208,197.68060403843364,188.22418664070844,42.36114760013,63.193159407593754,87.32372272132714,2920540.666616,3.740059315212256,6.41636453289549,48.05212933926942,237.44208594055235,395.0793045979946,1944.3887695101803,0.7667660097259703,596.9700025563723,4.354889629788212,323.17984586212475,134.88638318171505,16.436155227081805,0.05085761206033013,0.25558866990865675,205940404.5563798,2.2031136352140437,170501664.6961606,32213093.512533072,2963997.592376483,0.017383980371443418,383,97.89046057501554,3.936734000000039,0.9698181259647588,-0.11881800000007114,0.5203024463096404,1.012473698490871,0.006490105964066184,68.38356548317063,0.7567316484658213,-16.635557239553172,1.7036666666666669,1.0776755953178891,0.1323333333333332,0.0933865497774391,0.966068899651921,-0.003168698730970171,0.6606874332274687,1.0387220966336925,0.025583213021321383,0.8944829675995374,0.996913671092139,-0.0027606586713549985,5.461944855363176,1.1747398941327198,0.9544196775323144,682.873516482054,0.8742028913685638,-85.90351392568175,17.531819565271146,0.9375042423015355,-1.0956643381893407,0.042529830067219415,1.195810094276124,0.008327781993110718,54.41763891115365,0.9737496397427415,-1.4284826160296902,190.27943598774016,0.9891987836402031,-2.055249347031719,86.27542985004783,1.0121505376789175,1.0482928712793154,417.78346215055717,0.9456556814260944,-22.70415755256255,231784900.3230814,0.888497931786422,-25844495.76670161,3285318.4098228035,0.9021949237901541,-321320.8174463203,0.016678837332435636,1.0422770845582654,0.0007051430390077815
3.8398630000001504,0.736,-0.872,1.608,-0.2622753246753246,0.5035768343484707,57.80836306915837,0,12,2,2759.326866,2763.166729,-0.6204285714285714,0.24592923850673923,-1.124,0.147,1.2710000000000001,-0.664,0.37599999999999995,0.6673925401121911,171.483929,0.15487532467532467,0.07887646128202701,-0.045,0.291,0.33599999999999997,0.162,0.126,0.17380409183233386,11.630027000000002,-4.802031168831169,7.603181115109542,-30.214,11.695,41.909,-3.878,4.84,8.99265624916156,31134.128570000004,3.1322363636363626,13.911968393081773,-22.626,49.191,71.81700000000001,-1.908,8.687000000000001,14.260216309993064,78291.201145,-0.8878805194805167,84.77984529840855,-144.0,201.634,345.634,-25.679,48.688,84.78449445882755,2767538.042746,0.8883566680390647,0.09392054786664128,0.5886374096164803,1.206697973811177,0.6180605641946967,0.8991451495726371,0.07279511911964764,0.8933076955680159,307.22947600000003,67.20812118978469,54.366355242940024,11.306832757231355,204.53991527327864,193.2330825160473,39.38472299001226,80.67850440101203,86.44438753477485,2876963.372461,3.1559114495414593,5.022226437839699,29.479163381994777,229.60090800483798,419.7294174727809,2549.7534929683884,0.764466574347741,653.751499353736,3.5992354445331096,414.8560697163313,142.43450084847518,16.28209695712164,0.03924758041472667,0.254822191449247,219054359.4132351,2.0413882225608417,179049342.3941598,36876137.89940396,2804138.755151557,0.015661262519347973,385,98.10654370796009,3.936734000000039,0.9753930517647832,-0.09687099999988869,0.5203024463096404,0.9678540399755174,-0.01672561196116973,68.38356548317063,0.8453546206936463,-10.57520241401226,1.7036666666666669,0.9438465998208965,-0.09566666666666679,0.0933865497774391,1.005718040052817,0.0005339980892021812,0.6606874332274687,0.9354810213668674,-0.04262686903277202,0.8944829675995374,0.9986860766935157,-0.001175272031521457,5.461944855363176,0.919494165839728,-0.4397184175234772,682.873516482054,0.9573537171452792,-29.12201712831802,17.531819565271146,0.928716890292879,-1.2497226081495043,0.042529830067219415,0.92282454748701,-0.0032822496524927483,54.41763891115365,0.999057590898276,-0.051283668213628175,190.27943598774016,1.0155226785428468,2.9536465283071323,86.27542985004783,1.001958352163543,0.1689576847270189,417.78346215055717,1.004657808382745,1.9459553222237105,231784900.3230814,0.9450760558944893,-12730540.909846306,3285318.4098228035,0.8535363716245672,-481179.65467124665,0.016678837332435636,0.9389895001251825,-0.0010175748130876634
4.559353999999985,0.774,-0.861,1.635,-0.2366039387308534,0.5334271862662642,61.402249692198666,0,12,3,2763.178418,2767.737772,-0.5960415754923414,0.23643597405024672,-1.161,0.082,1.243,-0.642,0.38800000000000007,0.6412234630302305,187.903561,0.18942013129102844,0.06617911070118268,0.008,0.331,0.323,0.215,0.089,0.2006481019883065,18.398664999999998,-5.708579868708973,7.835958760241064,-28.382,20.29,48.672,-5.725,6.2139999999999995,9.694850891562389,42953.49115100001,3.4514792122538287,12.785344515874868,-16.504,50.534,67.038,1.435,9.801,13.243026207866235,80147.628616,0.10292341356673973,74.61959131286321,-127.282,206.718,334.0,-25.435,42.763,74.61966229438318,2544618.958424,0.8863107663452072,0.08004000689317796,0.6210426716418124,1.281423427287015,0.6603807556452027,0.8937175168922225,0.07354457234954015,0.8899175114823218,361.922602,57.554273121788704,50.24905494934408,2.8300337453818463,211.4792993959456,208.64926565056373,37.84012624186129,54.9088575984871,76.40328447049674,2667720.0781909996,3.062797190174503,5.980074160124369,63.792576859008626,208.8564156318701,450.911407093987,5252.747346047995,0.6341336381677033,668.985399107456,4.4651416030177895,436.00196591129315,65.54839273580745,17.750550305843536,0.04071208777312682,0.21137787938923444,263668471.13707078,2.349330328270173,230097201.21252927,31453535.46658282,1485421.7736834958,0.006455627299488472,457,96.59969088088015,3.936734000000039,1.1581564790555763,0.6226199999999458,0.5203024463096404,1.0252251931496033,0.013124739956623777,68.38356548317063,0.8979094501635898,-6.981315790971962,1.7036666666666669,0.9596947703402772,-0.06866666666666688,0.0933865497774391,0.8570827224381224,-0.01334654288426114,0.6606874332274687,0.9995358053412248,-0.0003066775822659906,0.8944829675995374,0.9948959720513992,-0.004565456117215594,5.461944855363176,1.094861685266525,0.5181293047611932,682.873516482054,0.9796622404454316,-13.888117374597982,17.531819565271146,1.012476213871201,0.21873074057238995,0.042529830067219415,0.9572593668064682,-0.0018177422940925947,54.41763891115365,0.9233964564715959,-4.168583961809574,190.27943598774016,1.0965413291063242,18.369829662823577,86.27542985004783,0.8855740805283122,-9.872145379551085,417.78346215055717,1.0792945339724782,33.12794494342984,231784900.3230814,1.1375567207766655,31883570.81398937,3285318.4098228035,0.45213936318690306,-1799896.6361393076,0.016678837332435636,0.3870547628872472,-0.010223210032947166
4.129863000000114,0.764,-0.86,1.624,-0.2327584541062801,0.4995127138696441,72.16659778585849,0,12,4,2767.749215,2771.879078,-0.6217584541062803,0.25031369616243354,-1.377,0.16,1.537,-0.6695,0.38875,0.6702540725270757,185.985576,0.16856763285024154,0.11016550577432367,-0.058,0.388,0.446,0.1705,0.17275000000000001,0.20137399411852164,16.788315,-2.0104806763285024,8.495092570764516,-24.397,22.87,47.266999999999996,-3.076,10.8015,8.729755456812567,31550.372959,2.0139202898550725,14.485007492370613,-15.511,51.969,67.48,-2.031,11.5455,14.624339882125371,88542.725233,-1.1829782608695645,80.72722983239652,-135.618,190.794,326.41200000000003,-26.1225,40.34425,80.73589705935187,2698570.0206270004,0.8863010887588474,0.08917307097224428,0.6204691773166495,1.513642295920671,0.8931731186040215,0.8912292067871774,0.063093461972631,0.8907757610766803,328.50132299999996,62.89878438045991,53.405130322491914,8.125910718190301,191.93145980010675,183.80554908191644,36.78293314274702,65.53705933054589,82.5128173152628,2818663.1188189997,3.432805814927822,6.261081927884137,59.091008923018634,214.2793600823639,362.84873700807935,2132.555356215075,0.7274748329933223,681.4847128265767,4.177966349429042,477.36141906993157,48.12615731992074,17.469879696671786,0.0365967566678164,0.2424916109977741,244420618.05893958,2.178379278003261,218055126.13475898,23714251.31634063,2448026.372432393,0.011226639867752995,414,100.39152695307848,3.936734000000039,1.0490581760183673,0.19312900000007494,0.5203024463096404,0.9600429669553125,-0.020789732439996322,68.38356548317063,1.0553207816147825,3.7830323026878574,1.7036666666666669,0.9532381082768258,-0.07966666666666677,0.0933865497774391,0.9548812075823706,-0.00421347880519482,0.6606874332274687,1.3518845072048842,0.2324856853765528,0.8944829675995374,0.9958554644239224,-0.003707206522857054,5.461944855363176,1.1463099833886414,0.7991370725209617,682.873516482054,0.9979662358666189,-1.388803655477318,17.531819565271146,0.9964670022792883,-0.06193986859936018,0.042529830067219415,0.8604959861117362,-0.005933073399403015,54.41763891115365,0.9813937425670236,-1.0125085886617384,190.27943598774016,0.9659769492069515,-6.4738869058237185,86.27542985004783,0.9563883651360697,-3.7626125347850348,417.78346215055717,0.8685090959120684,-54.93472514247782,231784900.3230814,1.0545148442294794,12635717.735858172,3285318.4098228035,0.7451412822309732,-837292.0373904104,0.016678837332435636,0.6731064589769556,-0.005452197464682642
3.820009999999911,0.77,-0.86,1.63,-0.2047624020887727,0.5210798172288116,62.51474013053466,0,12,5,2771.888304,2775.708314,-0.6228511749347259,0.2525196604137713,-1.263,0.145,1.408,-0.683,0.37299999999999994,0.6720935686443181,173.00484,0.16104177545691906,0.06771302005595678,-0.032,0.408,0.43999999999999995,0.172,0.09949999999999999,0.17469833006475805,11.688971,-7.860357702349869,7.906626343171572,-35.099,10.046,45.144999999999996,-6.046,8.3665,11.148989341614135,47606.885959,2.3535535248041777,11.713589659308761,-16.427,37.099,53.525999999999996,-1.496,10.9465,11.947694208540128,54672.253012999994,-1.1319268929503947,84.67910603642326,-128.87,194.687,323.557,-35.45,59.4275,84.68667107413539,2746811.754668,0.8873513321320213,0.09104230959489601,0.5981705442430277,1.449301555922714,0.8511310116796863,0.8908321951972773,0.07215648964343013,0.8920095788571141,304.745857,68.10607250037754,52.919207348866514,9.749422239291926,197.43755382145517,187.68813158216324,41.529654308698504,59.73596952135955,86.24893980715942,2849090.89364,2.982598350154777,5.20399964423871,49.097853967325726,207.97912308673315,392.412333554575,3799.32853507567,0.7689111781934528,607.9307138412016,3.686454097927899,370.6543686541971,143.47878629791737,13.956207041356423,0.03765288695140235,0.25630372606448426,205397055.41302574,2.167604158214121,168779927.3667022,34742426.86527436,1572943.9994729909,0.009319496838362248,383,98.16432708269747,3.936734000000039,0.9703500389653893,-0.11672400000012795,0.5203024463096404,1.001494055831842,0.0007773709191711831,68.38356548317063,0.9141778390712594,-5.868825352635966,1.7036666666666669,0.9567599239477992,-0.07366666666666699,0.0933865497774391,0.974897349381646,-0.002344240182543089,0.6606874332274687,1.2882506250185377,0.1904435784522176,0.8944829675995374,0.9972348286056141,-0.0024733887424233103,5.461944855363176,0.9527741074868367,-0.2579452111244658,682.873516482054,0.8902537573343944,-74.94280264085239,17.531819565271146,0.7960501179832942,-3.5756125239147227,0.042529830067219415,0.885328674923091,-0.004876943115817066,54.41763891115365,0.9724642303121929,-1.4984315622871378,190.27943598774016,0.9863815845259931,-2.5913044055769205,86.27542985004783,0.9996929594795253,-0.026490042888411836,417.78346215055717,0.9392720609983555,-25.371128595982157,231784900.3230814,0.8861537361869818,-26387844.910055667,3285318.4098228035,0.4787797720823731,-1712374.4103498126,0.016678837332435636,0.5587614451172812,-0.007359340494073389
4.7898589999999786,0.883,-0.864,1.747,-0.2622479166666666,0.550283815971958,51.75410694103732,1,12,6,2775.717254,2780.507113,-0.5806625000000001,0.24283317887063263,-0.98,0.112,1.092,-0.5945,0.4155,0.6293940670729798,190.145708,0.16558541666666665,0.06480837937586766,-0.004,0.323,0.327,0.1735,0.101,0.17781635540635737,15.176955,-4.417614583333333,7.194032731440505,-20.611,28.214,48.825,-4.3285,5.962,8.442122099799118,34209.324262999995,2.3105541666666674,12.80038435528009,-14.137,45.969,60.106,-0.7935,9.401,13.00724798718007,81210.480096,-0.5175958333333294,73.16434217521869,-141.74,168.763,310.50300000000004,-23.061,46.88225,73.1661729994071,2569578.6582620004,0.8914082328193345,0.06879795269660609,0.657651883598002,1.239501109317777,0.581849225719775,0.898331123605256,0.06554268488559334,0.8940591679711882,383.684062,56.058775795114194,49.50919564565963,3.9824479908719463,174.25816330089103,170.27571531001908,34.87592186576805,62.2900650077697,74.79135509620804,2684998.462621,2.470680475744945,3.715805741756721,22.874324138635917,185.86665165071497,343.8310373582786,3429.9702620574376,0.20912801980678292,545.2601960980642,4.182971918044585,356.86267740853606,107.70385014859667,13.298671884990513,0.03726551619572576,0.20912801980678292,282374130.1238641,2.3356737668510026,235771979.7752447,44948157.596032135,1335021.4752959234,0.005662341541045567,480,100.3814495072558,3.936734000000039,1.2167088220420386,0.8531249999999395,0.5203024463096404,1.0576229446906074,0.02998136966231757,68.38356548317063,0.756820832137013,-16.629458542133307,1.7036666666666669,1.0254353295317824,0.043333333333333224,0.0933865497774391,0.736700793567799,-0.02458859708083301,0.6606874332274687,0.8806724445638504,-0.07883820750769366,0.8944829675995374,0.9995261959825256,-0.00042379962834915297,5.461944855363176,0.680308174716379,-1.7461391136064548,682.873516482054,0.7984790490910901,-137.61332038398984,17.531819565271146,0.7585448748142753,-4.2331476802806325,0.042529830067219415,0.8762204639572294,-0.005264313871493655,54.41763891115365,0.9098005100403947,-4.9084432654940215,190.27943598774016,0.8948718731331605,-20.003720677721077,86.27542985004783,0.8668905529364648,-11.484074753839792,417.78346215055717,0.8229886256870117,-73.95242479227858,231784900.3230814,1.218259385017174,50589229.80078271,3285318.4098228035,0.4063598436316938,-1950296.93452688,0.016678837332435636,0.339492377871576,-0.01101649579139007
4.23195799999985,0.952,-0.852,1.804,-0.1351320754716981,0.5809147889234978,53.648047506491416,1,12,7,2780.515307,2784.747265,-0.5991650943396226,0.2332861048286485,-1.017,0.056,1.073,-0.6114999999999999,0.36400000000000005,0.6429783954233081,175.290596,0.12704716981132078,0.10325848058510619,-0.111,0.294,0.40499999999999997,0.161,0.1945,0.16371712546282788,11.364598,-4.1958042452830195,7.324482746685353,-26.885,20.122,47.007000000000005,-5.771,6.2515,8.441138594480392,30211.196007000002,1.3799811320754714,15.792285720949227,-29.924,41.206,71.13,-2.481,19.30175,15.852464673260783,106551.469756,-0.47595283018867945,72.8012419080627,-131.679,145.908,277.587,-20.0535,110.17150000000001,72.80279771034098,2247304.878288,0.889835452819216,0.06434322705837053,0.7116761904124655,1.220026229226241,0.5083500388137754,0.8950117316969444,0.060355392611998404,0.8921587212835305,337.48160600000006,62.6638446169287,41.18304735284233,9.824852059954898,152.08904924418457,142.26419718422966,55.33646983706797,64.40946386838839,74.98533730964367,2384067.544051,2.9510312191329313,4.88986251305952,30.35819924094619,166.47542287435445,258.01678335965585,1330.436374369016,0.2332598720231107,372.3381810614422,4.703989622739015,164.83734965030195,109.4761578501041,12.81893194173185,0.07776715634016927,0.2332598720231107,152453990.8097706,2.2916390181417214,137631458.244604,13449611.102605816,1243152.0421284472,0.009032470177850393,424,98.90218573779893,3.936734000000039,1.0749921100206126,0.2952239999998105,0.5203024463096404,1.1164944195031552,0.060612342613857395,68.38356548317063,0.7845166761866077,-14.735517976679212,1.7036666666666669,1.0588925784060306,0.10033333333333316,0.0933865497774391,0.6889987939561617,-0.029043322719068565,0.6606874332274687,0.7694259123958483,-0.15233739441369332,0.8944829675995374,0.9974015645079749,-0.002324246316006917,5.461944855363176,0.8952603209286302,-0.5720823423036556,682.873516482054,0.5452520445867588,-310.53533542061183,17.531819565271146,0.7311809185974693,-4.712887623539295,0.042529830067219415,1.8285315961042046,0.03523732627294986,54.41763891115365,0.7567959244338572,-13.234591558311323,190.27943598774016,0.7476593381636849,-48.0152388035105,86.27542985004783,0.8691389591600014,-11.29009254040416,417.78346215055717,0.6175849614183583,-159.76667879090132,231784900.3230814,0.657739096020782,-79330909.51331079,3285318.4098228035,0.37839621219408504,-2042166.3676943562,0.016678837332435636,0.5415524225277124,-0.007646367154585243
13.7627209999996,0.585,-1.85,2.435,-0.5691518895348837,0.5147266344182795,133.24352163896393,1,12,8,2784.757981,2798.520702,-0.41955959302325585,0.23930595976469987,-1.04,0.446,1.486,-0.386,0.24824999999999997,0.4830088968919146,321.01749,0.15826816860465115,0.08885076185442141,-0.418,0.476,0.8939999999999999,0.185,0.09800000000000002,0.18150281285859288,45.329941,-3.6211824127906973,11.543115768238831,-51.481,66.183,117.66400000000002,-3.313,6.1522499999999996,12.0977883807607,201386.521579,1.0607143895348836,16.987453422227567,-70.443,106.611,177.054,0.962,10.508000000000001,17.020537264978373,398625.395773,-2.896757994186047,35.19312846147416,-124.489,129.847,254.336,-0.9315,7.255750000000001,35.312143772117594,1715799.756949,0.9205991965946361,0.08726606627053715,0.5348448373126546,1.8516997596802782,1.3168549223676236,0.9207404627961895,0.03035892501036619,0.9247260389396544,1176.6427079999999,25.202788439579106,32.37008070961065,1.6300699371499372,132.8452100529033,131.21514011575337,10.19094875074743,26.104505974242265,41.024415538516685,2315811.674301,2.487593806002246,4.355538193462552,41.823291559729206,199.86049623400143,405.0047632782835,4332.280917550316,0.15317613785313008,7209.554847320024,6.272390512581728,2601.8137971878987,1366.3417379326893,1492.9941046190006,0.5738281910207892,0.07658806892656504,991962836.2992439,4.10289283155313,637307187.896202,90959119.47406735,48138086.313751824,0.07553356878440239,1376,105.38518284295348,3.936734000000039,3.495974319077621,9.82598699999956,0.5203024463096404,0.9892834988116168,-0.005575811891360916,68.38356548317063,1.9484728630049393,64.8599561557933,1.7036666666666669,1.429270193136743,0.7313333333333332,0.0933865497774391,0.9344606598477507,-0.006120483506901947,0.6606874332274687,1.9931586953352196,0.6561674891401549,0.8944829675995374,1.0338106616866856,0.030243071340117056,5.461944855363176,0.7974335700609353,-1.1064066619006239,682.873516482054,10.55767235542501,6526.681330837971,17.531819565271146,85.1591073139315,1475.4622850537294,0.042529830067219415,13.492366538737041,0.5312983609535697,54.41763891115365,0.594845372775398,-22.047558201543005,190.27943598774016,0.6895918070584975,-59.064295871986786,86.27542985004783,0.4755052000907405,-45.251014311531144,417.78346215055717,0.9694131050181141,-12.778698872273651,231784900.3230814,4.2796697926248095,760177935.9761626,3285318.4098228035,14.652487311373893,44852767.90392902,0.016678837332435636,4.528704369007022,0.05885473145196675
4.3679839999999786,0.739,-0.925,1.664,-0.2696050228310502,0.5216882251565668,169.846850969079,0,13,0,2909.660438,2914.028422,-0.5987785388127853,0.2090918912618857,-1.167,0.032,1.199,-0.616,0.3460000000000001,0.6342358847733599,176.18775900000003,0.18870319634703198,0.09780723068027747,-0.116,0.354,0.47,0.233,0.12725,0.2125444675472206,19.786716,-7.0603926940639266,13.032530489858024,-42.382,40.641,83.023,-7.4885,7.1485,14.822145457506155,96226.846232,3.8798607305936073,17.251989430677856,-31.466,71.359,102.82499999999999,-0.321,10.95825,17.68288603721188,136955.792869,-0.5604063926940631,70.57977543497346,-126.87,157.74,284.61,-21.557,47.336,70.5820002251017,2182036.61503,0.886215122886011,0.08305743067330086,0.5327222540874372,1.180563848336887,0.6478415942494498,0.8971674819998157,0.06321872882509694,0.8900987477925794,347.016792,57.648023401737774,46.80709997657878,4.760209554210823,173.42837917999464,168.6681696257838,40.47566105091674,63.319648078166054,74.25765422059028,2415219.254131,3.1173188366203473,5.381094448114509,43.43752744881085,195.85516093581293,354.5275503515049,2309.75779662985,0.22495861886808044,661.8093312003431,4.394618967950954,430.8882700272397,96.96013297797495,14.684626487171412,0.03407989381076047,0.22495861886808044,210155984.8822783,2.0794046533720065,190867586.5961556,15908036.312514018,2989948.427286925,0.015665040254389362,438,98.53187506421924,4.252068666666673,1.0272609245399524,0.11591533333330517,0.4972037791576465,1.0492442667027968,0.024484445998920246,99.51656441717539,1.70671939839091,70.3302865519036,1.6003333333333334,1.0397833719655278,0.06366666666666654,0.08528747379267572,0.9738525159823467,-0.0022300431193748582,0.6636113152690476,0.9762364950399176,-0.015769721019597838,0.8855198479142118,1.0051708494591558,0.0045788998783675705,5.6621515504525775,0.950362135429027,-0.28105710233806835,659.4626597279204,1.0035584599488245,2.346671472422713,16.525028096554085,0.8886294408992418,-1.8404016093826723,0.03854795688085181,0.884090564778637,-0.004468063070091337,48.10523481106478,0.9730146864615749,-1.2981348344859995,171.67101081313066,0.9825081638248135,-3.00284118734686,75.66057243456916,0.9814577371192019,-1.4029182139788787,330.8434201916668,1.0715871276369993,23.684130159838105,210439881.71740365,0.9986509361590186,-283896.8351253569,2919769.6188784656,1.024035734858905,70178.80840845918,0.01561857431093726,1.0029744016824604,4.646594345210191e-05
3.995687000000089,0.77,-0.813,1.583,-0.1592069825436409,0.4861891810311525,90.21243692525545,0,13,1,2914.038406,2918.034093,-0.6577730673316708,0.21511134012689798,-1.309,0.123,1.432,-0.718,0.267,0.6920536805466067,192.05425699999998,0.1709725685785536,0.09060239929902002,-0.069,0.286,0.355,0.21,0.14500000000000002,0.1934952556655777,15.013606000000001,-7.164259351620946,9.498022790310383,-38.733,11.115,49.848,-5.084,8.657,11.897018491308806,56757.158642,3.21509476309227,14.244405593047729,-14.779,48.733,63.512,1.282,10.855,14.602736902201336,85509.209939,-0.8918877805486237,76.47394742403024,-125.924,186.214,312.13800000000003,-27.359,23.801000000000002,76.47914812827372,2345473.099469,0.8773999206753658,0.09096632874007739,0.5942432162002357,1.3314165388787986,0.737173322678563,0.8829864098614428,0.0652540818834978,0.8821028816218582,312.020303,61.28984796556887,49.471139150027106,10.415410649609548,190.84861936100035,180.4332087113908,39.22008661387682,54.45656793166401,78.76445310191578,2487739.46805,3.834812550482504,6.631173305057432,61.60800640653441,201.72006748959262,334.30850653999255,1644.016427357664,0.7469718694122414,665.3039237780878,4.389019733679145,424.95702939768876,97.40977456361581,16.205174675113334,0.038133678357316125,0.24899062313741377,196771669.84443247,2.2048741489808337,176100056.79136777,16864078.293715104,3621524.119430702,0.020565150207312286,401,99.84523987810293,4.252068666666673,0.9397042484112533,-0.25638166666658435,0.4972037791576465,0.9778468942379648,-0.011014598126494024,99.51656441717539,0.9065067453295321,-9.304127491919942,1.6003333333333334,0.9891689169599942,-0.017333333333333423,0.08528747379267572,1.0665847401619482,0.005678854947401668,0.6636113152690476,1.1108510277151933,0.07356200740951535,0.8855198479142118,0.9961412764922042,-0.0034169662923535515,5.6621515504525775,1.171140198961294,0.9690217546048547,659.4626597279204,1.008857611502202,5.8412640501674105,16.525028096554085,0.9806443033332032,-0.3198534214407509,0.03854795688085181,0.9892526491781989,-0.0004142785235356841,48.10523481106478,1.0283940892096883,1.3659043389623235,171.67101081313066,1.0510406378237478,8.762197898260126,75.66057243456916,1.041023753284719,3.1038806673466155,330.8434201916668,1.0104734932803368,3.4650863483257694,210439881.71740365,0.935049327335557,-13668211.872971177,2919769.6188784656,1.2403458464718804,701754.5005522366,0.01561857431093726,1.3167102598992333,0.004946575896375026
4.392534999999953,0.751,-0.803,1.554,-0.2110725623582766,0.4837339312852204,38.490405357191705,0,13,2,2918.051814,2922.444349,-0.642312925170068,0.20504210516288923,-1.009,0.089,1.0979999999999999,-0.679,0.28800000000000003,0.6742463635275749,200.48219799999998,0.20569387755102045,0.08136736314791619,-0.151,0.313,0.46399999999999997,0.244,0.10300000000000001,0.22120266510062453,21.578403,-6.267648526077099,6.204063616468782,-24.809,10.031,34.84,-6.214,5.526000000000001,8.818946842091073,34298.256121,3.517990929705215,12.653062077474594,-26.275,36.626,62.900999999999996,1.344,11.526,13.133020982162247,76062.021892,-0.5714671201814056,72.2457422301165,-122.443,172.504,294.947,-24.061,29.542,72.24800236027212,2301920.265667,0.8805630891893872,0.0818386619646489,0.6199749994959475,1.2257940283750774,0.60581902887913,0.8845484723857704,0.06654323951522556,0.8843579143281981,344.901214,56.23544998921711,48.037465306588466,9.720918372252696,175.63257247447012,165.91165410221743,32.05221085978314,49.20492174344612,73.95960998120142,2412280.54368,3.362197793905231,4.974186898185794,31.12668437654263,188.75465249989222,303.6942036835029,2108.3924433175575,0.6776631058815408,651.2747242053304,4.280624929979646,430.236120479884,90.409912836567,18.685283127377502,0.04343029847447884,0.22588770196051358,224391990.4255001,2.0571333249876984,202139169.56703526,19952954.142242495,2147836.309917771,0.010625532471110135,441,99.61647656458648,4.252068666666673,1.033034819993405,0.14046633333327918,0.4972037791576465,0.9729087787218065,-0.01346984787242611,99.51656441717539,0.38677385597810066,-61.026159059983684,1.6003333333333334,0.9710476923283835,-0.04633333333333334,0.08528747379267572,0.9595623921042093,-0.0034488118280268237,0.6636113152690476,0.9129124320377038,-0.057792286389917624,0.8855198479142118,0.9986878401702356,-0.001161933586013686,5.6621515504525775,0.8784976603113402,-0.6879646522667837,659.4626597279204,0.9875839285034819,-8.18793552259001,16.525028096554085,1.1307262539521266,2.160255030823418,0.03854795688085181,1.1266560077920027,0.004882341593627028,48.10523481106478,0.9985912237051041,-0.06776950447631691,171.67101081313066,0.9664511981766858,-5.759356710913238,75.66057243456916,0.9775185091995716,-1.7009624533677368,330.8434201916668,0.9179393789919866,-27.149216508163875,210439881.71740365,1.0662997365054239,13952108.708096445,2919769.6188784656,0.7356184186692047,-771933.3089606948,0.01561857431093726,0.6803134176296228,-0.004993041839827125
3.676792000000205,0.729,-0.84,1.569,-0.1851924119241193,0.5060831935067684,121.06513778735466,0,13,3,2922.456741,2926.133533,-0.6285203252032521,0.24254496466632552,-1.343,0.106,1.449,-0.686,0.349,0.6736956724505441,167.47650199999998,0.16227642276422766,0.13769781341073536,-0.178,0.348,0.526,0.211,0.25999999999999995,0.21282463485990533,16.713606,-5.14268563685637,11.0029604101512,-43.298,16.137,59.435,-5.374,11.145,12.145466370085732,54432.058385000004,3.7241653116531173,21.299484400856276,-31.771,50.183,81.95400000000001,-1.542,27.450000000000003,21.62261415765541,172521.316471,-2.621747967479673,81.70233578642755,-135.527,187.817,323.344,-34.015,62.916,81.74438962621926,2465711.5918489997,0.8838500442223142,0.09157353217135443,0.6442747860967399,1.3825118444338913,0.7382370583371514,0.8933588304819067,0.0746119030084067,0.8885812357157474,291.35377,69.35472122199272,49.871010376174866,12.180414032371806,194.40594608704748,182.22553205467568,49.650966808311,69.11011171326012,85.42362104079216,2692664.9667050005,4.102499958414748,7.389686506980205,64.83723346170702,227.56088831142023,382.57038919118264,3066.8561423724946,0.789826715951059,570.903451814434,4.316876026263683,323.9603455933744,93.18016364117177,9.40397598084474,0.02902816998583541,0.26327557198368634,169324214.93687,2.0862483365106366,141787058.84845844,25009994.52953673,2296387.837983094,0.016196032674868206,369,97.14868606198026,4.252068666666673,0.8647066356610578,-0.5752766666664684,0.4972037791576465,1.0178586819786013,0.008879414349121928,99.51656441717539,1.2165325288731021,21.54857337017927,1.6003333333333334,0.9804207395516304,-0.031333333333333435,0.08528747379267572,1.0737042306695246,0.0062860583786787105,0.6636113152690476,1.1124539775415199,0.07462574306810377,0.8855198479142118,1.0034571531899312,0.003061387801535642,5.6621515504525775,1.3051022086009907,1.7275349565276272,659.4626597279204,0.8657100495141286,-88.55920791348638,16.525028096554085,0.569074734409376,-7.121052115709345,0.03854795688085181,0.7530402336278536,-0.0095197868950164,48.10523481106478,1.0367065156563142,1.7657755651100828,171.67101081313066,1.0614810921246285,10.554521241545018,75.66057243456916,1.1290374666855139,9.763048606222995,330.8434201916668,1.156348791697249,51.72696899951586,210439881.71740365,0.8046203673705385,-41115666.78053364,2919769.6188784656,0.7864962437910321,-623381.7808953715,0.01561857431093726,1.0369718760954907,0.0005774583639309456
3.949825000000146,0.782,-0.885,1.667,-0.223290404040404,0.5048224750563894,46.84734005848255,0,13,4,2926.147685,2930.09751,-0.6220075757575757,0.2512588657527841,-1.709,0.161,1.87,-0.663,0.35824999999999985,0.6708386109335032,178.20967900000002,0.2040050505050505,0.07616167661359227,-0.03,0.451,0.481,0.2275,0.10125,0.21775826417420216,18.77779,-5.987568181818182,6.8445116742162515,-32.046,15.802,47.848,-6.808999999999999,6.866249999999999,9.093861269582028,32748.531865,3.1043888888888893,13.812025200405776,-19.221,46.901,66.122,-2.0915,15.848,14.156598126319084,79362.071122,0.43033838383838324,84.86980546596028,-131.817,226.794,358.611,-25.5345,35.57675,84.87089648963622,2852415.3520980002,0.8886730762121887,0.11138942054569055,0.5476029583557781,1.8532690036797141,1.3056660453239362,0.8919887888262317,0.07086101450796622,0.8956268415997477,317.650386,65.43865205925084,56.60352878507979,7.328510694540876,227.68529286056227,220.3567821660214,38.893090057857734,67.77905965399185,86.52269444634193,2964525.9550849996,4.090717045169517,8.306061697962045,88.86962291395743,252.52581348535736,510.49173685064187,5533.744563468483,0.7511161586285441,972.8945355434344,4.25791678115235,475.3967335733555,270.1641683931933,24.114660630722778,0.05072533933701196,0.25037205287618136,251216336.4825336,2.202345413633312,202613690.8745196,46242254.525537536,1789553.8099837739,0.008832343965798737,396,99.14733293896782,4.252068666666673,0.928918439552706,-0.3022436666665276,0.4972037791576465,1.0153230648375595,0.007618695898742922,99.51656441717539,0.47074916952910567,-52.66922435869284,1.6003333333333334,1.0416579814101772,0.06666666666666665,0.08528747379267572,1.306046509901332,0.026101946753014832,0.6636113152690476,1.9675162186157396,0.6420547300548886,0.8855198479142118,1.0114136160755811,0.010106993685535914,5.6621515504525775,1.4669444308018733,2.6439101475094677,659.4626597279204,1.4752837346849572,313.431875815514,16.525028096554085,1.4592810659824853,7.589632534168693,0.03854795688085181,1.3159018086167626,0.012177382456160152,48.10523481106478,1.1766604818711681,8.498293974015006,171.67101081313066,1.2835992583107159,48.685771352890725,75.66057243456916,1.1435638358370952,10.862122011772769,330.8434201916668,1.543001026103133,179.6483166589751,210439881.71740365,1.1937677137639149,40776454.76512995,2919769.6188784656,0.6129092509261627,-1130215.8088946918,0.01561857431093726,0.5655022113376622,-0.006786230345138523
4.009129999999914,0.879,-0.832,1.711,-0.1622014925373134,0.5317754423554173,51.268783188064646,1,13,5,2930.107716,2934.116846,-0.624363184079602,0.21162060635166818,-1.201,-0.024,1.177,-0.64,0.3245,0.659251595877224,174.714292,0.17628606965174132,0.0949156748294688,-0.144,0.301,0.44499999999999995,0.222,0.1545,0.20021429439875676,16.114477,-6.234213930348258,7.1602222862188185,-30.137,15.847,45.984,-6.504,6.801499999999999,9.493903650101624,36233.95102,3.256798507462686,15.24380782666902,-31.359,44.397,75.756,-1.168,19.82475,15.58782902057329,97678.126257,-0.6237736318407973,74.08707215576099,-134.809,188.763,323.572,-21.046,79.14125000000001,74.08969802986591,2206691.908371,0.8814527012089688,0.08266807820013099,0.6367338533484772,1.335087263065602,0.6983534097171249,0.8849242791827305,0.0718210206625074,0.8853207755508117,315.084736,61.09129245261605,45.71927340539975,10.775961674022415,194.2744450564716,183.49848338244917,42.87669123205456,65.73121003733445,76.30463927081207,2340603.9856479997,4.486019866347256,8.26492607413365,65.6687391135292,235.25469257127492,472.0441029108695,5102.596815287904,0.47976127079321595,552.2017731189022,5.396602895341514,231.91373276484333,96.21506680806903,14.356357452061186,0.061903869513407615,0.23988063539660798,168896687.56560504,2.254087357055477,155106456.37844828,12698710.634812066,520818.30962078884,0.003357811929827284,402,96.4320154294364,4.252068666666673,0.942865768372959,-0.24293866666675967,0.4972037791576465,1.069532159552407,0.034571663197770774,99.51656441717539,0.5151783874691767,-48.24778122911074,1.6003333333333334,1.0691522532650348,0.11066666666666669,0.08528747379267572,0.9692873388208731,-0.002619395592544732,0.6636113152690476,1.0523530613857317,0.0347420944480773,0.8855198479142118,0.9997751802383414,-0.00019907236340011014,5.6621515504525775,1.459679414422639,2.602774523681072,659.4626597279204,0.8373510841968745,-107.26088660901814,16.525028096554085,0.8687644801261929,-2.1686706444928987,0.03854795688085181,1.6058919450861502,0.023355912632555806,48.10523481106478,0.950401210501518,-2.385961405665036,171.67101081313066,1.0688961549338352,11.827472569318502,75.66057243456916,1.0085125819886545,0.6440668362429136,330.8434201916668,1.4267900586420408,141.20068271920275,210439881.71740365,0.8025887782640636,-41543194.151798606,2919769.6188784656,0.1783765082879527,-2398951.309257677,0.01561857431093726,0.21498823856115445,-0.012260762381109977
4.130269999999655,0.918,-0.833,1.751,-0.0596739130434782,0.6015998175923927,49.986783387360255,1,13,6,2934.127382,2938.257652,-0.58737922705314,0.22207681060847073,-1.152,0.029,1.1809999999999998,-0.606,0.35000000000000003,0.6279589685509515,163.253641,0.1508695652173913,0.10160179632148732,-0.077,0.319,0.396,0.176,0.1835,0.18189159058251617,13.697004,-5.486714975845412,7.070133194456824,-20.672,15.832,36.504000000000005,-6.397,9.44675,8.949347720003205,33157.60139,2.4130096618357486,15.503548433312332,-29.344,33.908,63.252,-0.9465,25.86625,15.690208081863474,101919.608676,-1.4904516908212528,69.76453118847822,-128.198,167.863,296.06100000000004,-17.0075,113.14850000000001,69.78045040117483,2015894.8608910001,0.888161702053556,0.06378968834116976,0.6597613204788532,1.313502569468366,0.6537412489895128,0.8945722441476134,0.06857509298918474,0.8904495119507524,328.26073799999995,63.268377359758574,34.53544756796573,6.313259934455416,168.502210279272,162.1889503448166,60.63940376715017,52.539285598820065,72.08040449703735,2150972.0709570004,3.648934681962711,5.998245286663555,41.96999710940486,209.78804774325005,486.4565117500865,6157.291206429326,0.23821094055525352,349.2143451342203,5.498345761311148,141.17578065776078,66.31088761200621,20.02149031390371,0.1418195827868077,0.47642188111050704,102213910.79328032,2.4812670378932142,84809384.9704717,15965350.068598336,768179.4512000629,0.009057717509300673,414,98.61932938987496,4.252068666666673,0.9713554305142361,-0.12179866666701855,0.4972037791576465,1.2099662768290884,0.10439603843474615,99.51656441717539,0.5022961119597309,-49.52978102981513,1.6003333333333334,1.09414704586036,0.1506666666666665,0.08528747379267572,0.7479372764265776,-0.021497785451505963,0.6636113152690476,0.9851267211638782,-0.009870066279534795,0.8855198479142118,1.005566960461115,0.004929664036540604,5.6621515504525775,1.0593579530011934,0.3360937362109775,659.4626597279204,0.5295437732183396,-310.24831459370006,16.525028096554085,1.2115858553948766,3.496462217349624,0.03854795688085181,3.67904183442823,0.1032716259059559,48.10523481106478,0.7179145408275405,-13.56978724309905,171.67101081313066,0.9447660939791211,-9.482060468314074,75.66057243456916,0.9526811940240774,-3.5801679375318116,330.8434201916668,1.4703526866381844,155.61309155841974,210439881.71740365,0.4857154925155382,-108225970.92412333,2919769.6188784656,0.2630959121682797,-2151590.1676784027,0.01561857431093726,0.5799320430698578,-0.006560856801636587
6.967191000000184,0.415,-1.163,1.578,-0.3445738880918221,0.4905542358535538,107.33613342995706,1,13,7,2938.267629,2945.23482,-0.6005107604017217,0.1935501602126955,-1.002,-0.203,0.7989999999999999,-0.614,0.381,0.6309317220402015,277.458162,0.17553084648493544,0.07995927574291956,-0.07,0.445,0.515,0.212,0.132,0.19288484607415435,25.931581,-3.3401621233859395,10.360315315180182,-39.328,24.901,64.229,-3.45,8.733,10.885440571720517,82589.493059,3.8912080344332853,16.555762665833186,-67.13,47.13,114.25999999999999,3.802,11.008,17.006903816233987,201596.63985799998,-0.67725681492109,42.2253333946051,-98.336,136.977,235.313,0.198,15.71,42.2307643440053,1243055.907584,0.8878001794272758,0.08040438917833134,0.5441001746002293,1.2934055821744392,0.7493054075742099,0.9077868692595195,0.08204620719241096,0.8914336904056543,553.873855,31.37066030753489,34.742577952755,2.0535535055118483,142.18534404783077,140.13179054231892,12.07616304957829,40.24464498340913,46.80988197949235,1527242.040501,4.086835107240617,6.557752670508467,45.798373816079334,206.947042921589,386.85312786441494,4981.489415074806,0.14617628421511786,1570.3449945073398,5.682779408593522,745.8368645945163,288.89603225933746,76.51953176887045,0.10259553449325048,0.2923525684302357,293197080.6791638,2.6602485913415217,238171677.97601435,47152909.174643606,5812571.921292687,0.024404966915831428,697,101.88487009793714,4.252068666666673,1.6385415029236965,2.715122333333511,0.4972037791576465,0.9866261009085263,-0.006649543304092731,99.51656441717539,1.0785755521986886,7.81956901278167,1.6003333333333334,0.9860445678855787,-0.022333333333333316,0.08528747379267572,0.9427454721701648,-0.004883084614344377,0.6636113152690476,1.1291329412897215,0.08569409230516234,0.8855198479142118,1.0066783736565459,0.005913842491442556,5.6621515504525775,1.1581732845710517,0.8956011200558898,659.4626597279204,2.3812492964065877,910.8823347794195,16.525028096554085,4.630523547401508,59.99450367231637,0.03854795688085181,2.6615031296037936,0.06404757761239868,48.10523481106478,0.7222203172271302,-13.362656858309784,171.67101081313066,0.8162810358627992,-31.53922027081174,75.66057243456916,0.6186826304253309,-28.85069045507681,330.8434201916668,1.169293702829596,56.00970767274816,210439881.71740365,1.3932581518597007,82757198.96176016,2919769.6188784656,1.990763888941819,2892802.302414221,0.01561857431093726,1.5625594759405506,0.008786392604894168
3.8278299999997216,0.795,-0.898,1.693,-0.259875,0.5025944977481017,40.93851102213542,0,14,0,2999.758984,3003.586814,-0.6212395833333333,0.22275195214219723,-1.063,0.046,1.109,-0.644,0.35524999999999995,0.6599674628974775,167.25390800000002,0.16448958333333333,0.0995489823729658,-0.052,0.294,0.346,0.2045,0.18,0.19226758155411086,14.195260000000001,-5.1125625,6.3983209533545145,-24.626,9.893,34.519000000000005,-4.4275,7.4885,8.190043121897567,25757.493634,1.282411458333333,14.328105224721865,-29.786,46.366,76.152,-3.145,12.645249999999999,14.385380720688858,79464.644536,-1.610145833333334,79.62527111632666,-137.786,191.817,329.603,-28.443,50.6905,79.64154926891568,2435626.126062,0.8854922982874353,0.09253923203324417,0.5874606369791937,1.3060371357660547,0.718576498786861,0.895648926638851,0.060723499707812434,0.8903146184308481,304.381486,63.514965228198975,50.81969644568442,1.7853585074152476,197.47725699178628,195.69189848437102,41.655587908680964,62.83745637442815,81.34366819102046,2540848.264232,2.7544528035832947,4.480121636169518,25.381839843511194,191.55243693911387,311.00031798127645,2060.700350227746,0.788822697899368,631.4334247711198,3.7710558542463564,372.45735293335144,179.16242403976545,12.98931129143459,0.03487462709162889,0.2629408992997893,190413043.8010982,2.196101960482364,153712867.65016916,33861035.34277865,2751635.752764772,0.017901141230590684,384,100.96930533111909,3.6327596666666673,1.0536975579711472,0.19507033333305435,0.5097191947017397,0.9860222905318881,-0.007124696953637932,55.98866463780518,0.7311928455457503,-15.050153615669757,1.6126666666666667,1.049813966206197,0.08033333333333337,0.08873554936284633,1.042865258276497,0.003803682670397837,0.5779521978459259,1.2433147395786461,0.14062430094093514,0.8883736055036401,1.0021848948385388,0.0019410129272080523,4.228764154143675,1.0594399361773688,0.25135748202584374,526.4786058234557,1.1993524860739833,104.95481894766408,10.514624450224815,1.2353566540175664,2.474686841209774,0.030091467626445646,1.1589536254936053,0.004783159465183245,48.85383058956765,1.0402397482856578,1.9658658561167712,182.14662455140441,1.0743646716242072,13.545273932966609,83.48336168821875,0.9743698209598579,-2.1396934971982944,308.228012167697,1.0089943343695225,2.7723058135794645,159454073.56922925,1.1941560321344045,30958970.231868953,2370773.9012592994,1.1606487448268081,380861.8515054728,0.01792788767454113,0.9985075526179266,-2.6746443950446952e-05
3.511291000000256,0.703,-0.842,1.545,-0.2199772727272727,0.5211497991171394,78.26452999118673,0,14,1,3003.595579,3007.10687,-0.6266278409090908,0.22070609987115972,-1.055,-0.025,1.03,-0.6555,0.35650000000000004,0.6643595664417931,155.363519,0.13994602272727272,0.11490119241449241,-0.115,0.289,0.40399999999999997,0.173,0.2225,0.18107228748611573,11.541085,-6.629767045454545,8.846724252014795,-31.176,14.87,46.046,-4.862500000000001,7.17225,11.055240434661826,43020.856056,2.8801448863636363,21.52595655497913,-47.557,50.733,98.28999999999999,-1.42,30.66825,21.717781658661533,166025.03814099997,-1.5694772727272783,81.85905682044948,-116.107,174.0,290.10699999999997,-36.893,88.905,81.87410117029184,2359585.69174,0.8865746469059982,0.09018489850329729,0.6076248842830583,1.1654230991361034,0.5577982148530451,0.9037440447548617,0.07287058447243466,0.8911497744232142,279.540068,70.39348348812109,48.39427968357709,5.039600480196818,179.9069846226099,174.8673841424131,51.98162217975934,66.43262445083752,85.42393589436546,2568631.585937,2.8759354525020897,4.158766118530016,14.734133484020944,210.4153220644457,333.90609449607445,1286.0483690933168,0.8496388468260114,503.88527616078784,3.40848003542753,354.9613481394433,93.65868036456823,6.999520125300389,0.019719105085079576,0.28321294894200383,145092406.1079079,2.1679634225779005,124550828.63460803,17807600.52550757,2615697.268048246,0.021001042680509643,352,99.69095802758534,3.6327596666666673,0.9665629748517062,-0.1214686666664111,0.5097191947017397,1.022425277113285,0.011430604415399781,55.98866463780518,1.3978638441103595,22.275865353381555,1.6126666666666667,0.9580405066677934,-0.06766666666666676,0.08873554936284633,1.016333239468571,0.001449349140450959,0.5779521978459259,0.9651286166584667,-0.020153982992880737,0.8883736055036401,1.0031249902868853,0.002776168919574107,4.228764154143675,0.9834471625996118,-0.0699980356136587,526.4786058234557,0.9570859491300678,-22.593329662667884,10.514624450224815,0.6656937821962622,-3.515104324924426,0.030091467626445646,0.655305310356365,-0.01037236254136607,48.85383058956765,0.9905933493781217,-0.4595509059905609,182.14662455140441,0.9600363694000963,-7.279240408991313,83.48336168821875,1.0232450413671843,1.9405742061467066,308.228012167697,1.0833087237495265,25.678082328377457,159454073.56922925,0.9099322636302168,-14361667.461321354,2370773.9012592994,1.1033094580039193,244923.36678894656,0.01792788767454113,1.1714169202523166,0.0030731550059685114
3.559158000000025,0.756,-0.844,1.6,-0.1587815126050419,0.5054132872399779,48.762952900093374,0,14,2,3007.117967,3010.677125,-0.6506638655462185,0.2106310357761087,-1.079,-0.001,1.078,-0.701,0.33399999999999996,0.6839070837180032,166.979217,0.15096638655462183,0.09836039028561797,-0.081,0.312,0.393,0.177,0.15700000000000003,0.18018217516307933,11.590225,-5.548666666666667,6.983047536720151,-25.679,13.74,39.419,-3.969,7.327999999999999,8.919117371011055,28399.58372,2.1992745098039213,18.40166707533682,-43.115,43.954,87.069,-2.107,20.626,18.532624194134204,122614.56294900001,-0.7756890756302478,81.11194187729083,-102.366,181.756,284.122,-36.198,73.863,81.11565082428334,2348970.324687,0.8797041231762008,0.08348251755199756,0.6671109353023679,1.1245928152002393,0.4574818798978715,0.8809750280229286,0.0754875980103843,0.8836564236568577,278.762977,68.99978540270098,47.34751563944143,10.403156972765528,186.2837480001946,175.8805910274291,44.90119265676581,60.11144712836908,83.68248097927032,2499984.4713560003,2.7264867156928303,4.047404707731488,16.724227818717658,182.4272871850636,279.7776240257402,1107.651777601055,0.5513202673258537,444.1171165384594,3.3201690081040436,323.84598456360965,60.322536226727884,11.555041933939469,0.03568067070262848,0.27566013366292685,142856770.7986816,2.1207434661474753,117259088.95013243,23792976.506564144,1744988.68296488,0.014881479112523065,357,98.4106677176649,3.6327596666666673,0.9797394589189623,-0.07360166666664236,0.5097191947017397,0.9915523734988926,-0.004305907461761738,55.98866463780518,0.8709433098080673,-7.225711737711805,1.6126666666666667,0.9921455085232813,-0.012666666666666604,0.08873554936284633,0.9408011641717535,-0.005253031810848768,0.5779521978459259,0.7915565918554806,-0.1204703179480544,0.8883736055036401,0.9946900811049998,-0.004717181846782381,4.228764154143675,0.9571128941287479,-0.18135944641218682,526.4786058234557,0.8435615647389664,-82.36148928499631,10.514624450224815,1.0989495609330024,1.0404174837146538,0.030091467626445646,1.1857400671900145,0.005589203076182835,48.85383058956765,0.9691669017221436,-1.5063149501262174,182.14662455140441,0.9655989588109938,-6.266033523975324,83.48336168821875,1.0023851373136048,0.19911929105157355,308.228012167697,0.9076969417836208,-28.450388141956807,159454073.56922925,0.8959117042353785,-16597302.770547658,2370773.9012592994,0.7360417971692601,-625785.2182944193,0.01792788767454113,0.8300738537600985,-0.003046408562018066
4.002433999999994,0.756,-1.056,1.812,-0.2216957605985037,0.4878498524246019,49.689143692564095,0,14,3,3010.685662,3014.688096,-0.6504389027431422,0.2129617925124545,-1.032,0.064,1.096,-0.698,0.32699999999999996,0.6844147070832277,187.83782,0.13303990024937656,0.12080223695303775,-0.161,0.343,0.504,0.171,0.208,0.17970196301438096,12.949411,-4.339720698254364,7.049052680507083,-28.305,11.557,39.862,-3.588,4.672,8.277820934969629,27477.450092000003,2.682807980049874,22.248241732776012,-43.664,63.374,107.03800000000001,-3.374,11.023,22.40941139025868,201374.86926200002,-0.7673715710723156,77.5561934300266,-112.092,187.802,299.894,-25.618,23.542,77.55998967562972,2412236.351392,0.8831782183185249,0.08865105892663308,0.6260758739961156,1.3881545303027325,0.7620786563066169,0.8874423924965497,0.059808885139125856,0.8876163448028079,315.932973,61.87900847520558,52.509469116517494,8.278703521687438,196.94164385421382,188.66294033252638,31.221598629794727,66.31426298447215,81.15575171713381,2641088.670746,3.1097421048580993,5.043803410042366,28.381613066895365,193.95763596892192,297.81353921320454,1260.6795902474753,0.7434090284879442,631.8683535097194,3.744891042978958,472.19497023123614,62.53173968978831,13.232735832968267,0.028023881377236808,0.24780300949598139,221683824.11281317,2.1476993598018788,199936283.4146445,20026800.491610523,1641627.652153533,0.008210754066829326,401,99.36900680788854,3.6327596666666673,1.1017612934067058,0.36967433333332655,0.5097191947017397,0.9570952946732023,-0.02186934227713777,55.98866463780518,0.8874857795793486,-6.299520945241085,1.6126666666666667,1.1236047884026161,0.19933333333333336,0.08873554936284633,0.9990477274632629,-8.449043621325258e-05,0.5779521978459259,1.3185842115681934,0.18412645846069098,0.8883736055036401,0.9991475763264278,-0.0007572607008321519,4.228764154143675,1.1927369827831809,0.8150392558986912,526.4786058234557,1.200178595119594,105.38974768626372,10.514624450224815,1.2585076987795087,2.7181113827434515,0.030091467626445646,0.9312896403800474,-0.0020675862492088373,48.85383058956765,1.0748280835317383,3.6556385269498435,182.14662455140441,1.0357751113248064,6.5163157811219605,83.48336168821875,0.9721188757407861,-2.3276099710849394,308.228012167697,0.9662117894771731,-10.414472954492453,159454073.56922925,1.3902675494619208,62229750.54358393,2370773.9012592994,0.6924437844037056,-729146.2491057664,0.01792788767454113,0.4579875574864068,-0.009717133607711806
3.616563000000042,0.825,-0.82,1.645,-0.1504132231404959,0.5356472668985555,27.1788929137354,0,14,4,3014.698734,3018.315297,-0.6334710743801654,0.20846558962061462,-0.999,-0.12,0.879,-0.667,0.3509999999999999,0.6668909237140894,161.441892,0.13815977961432507,0.11213137627290147,-0.135,0.376,0.511,0.183,0.1875,0.17793698392389898,11.49315,-5.264752066115703,5.213337981920547,-21.893,7.069,28.962,-4.611,5.992000000000001,7.4092177206102505,19927.432125,3.0574049586776852,18.905516792569706,-40.214,50.595,90.809,-1.084,17.4435,19.15114331509955,133136.16337,-1.1968815426997266,77.4775524035221,-120.031,174.397,294.428,-36.962,96.519,77.4867966292824,2179525.925628,0.8830364800741387,0.07870058112774932,0.6389530499183801,1.1007542868415277,0.46180123692314756,0.8853214105622884,0.08085579478860017,0.8865366357977374,285.298836,66.36901211472832,44.9557635936673,3.7819584873448835,179.61596718833212,175.83400870098723,51.11404611259022,55.30165045929704,80.16150228990631,2332589.521123,3.2177274936533147,4.712308794800548,19.755744812082476,207.82479622638476,306.3699929367407,1436.737103443475,0.5423676599187283,408.0741952500326,4.198559551260574,217.38638195845326,109.82379201930067,15.434009951978748,0.07099805338412829,0.27118382995936413,133153937.01054688,2.2904913900256894,105996897.33218536,25986673.467632905,1081051.8488609947,0.010198900874174355,363,98.43973027524918,3.6327596666666673,0.9955414951419284,-0.016196666666625337,0.5097191947017397,1.0508673441331045,0.02592807219681581,55.98866463780518,0.4854356338859538,-28.80977172406978,1.6126666666666667,1.0200496009504987,0.032333333333333325,0.08873554936284633,0.8869114219017515,-0.010034968235097017,0.5779521978459259,0.7990301458390784,-0.11615096092277832,0.8883736055036401,0.9979321991627799,-0.0018369697059026358,4.228764154143675,1.1143465589206702,0.4835446406568735,526.4786058234557,0.7751011925812636,-118.40441057342315,10.514624450224815,1.4678612641243822,4.919385501753933,0.030091467626445646,2.359407346674536,0.04090658575768265,48.85383058956765,0.9202095934328873,-3.8980669959003507,182.14662455140441,0.9653432179947473,-6.312615850417188,83.48336168821875,0.9602093238611963,-3.3218593983124407,308.228012167697,0.993971932570862,-1.8580192309563017,159454073.56922925,0.8350613692709218,-26300136.558682367,2370773.9012592994,0.45599112099503075,-1289722.0523983047,0.01792788767454113,0.5688843755873008,-0.0077289868003667765
3.853010000000268,0.825,-0.826,1.6509999999999998,-0.1655362694300518,0.5137807741806705,44.34306345722704,0,14,5,3018.326357,3022.179367,-0.649240932642487,0.2137767623658558,-1.027,-0.048,0.9789999999999999,-0.699,0.3115,0.6835307547917021,180.344717,0.12529533678756477,0.10650109259706418,-0.153,0.288,0.44099999999999995,0.14150000000000001,0.19075,0.16444270778930187,10.437982,-5.607505181347151,6.659058751597484,-24.504,14.672,39.176,-5.4885,4.9315,8.705583140494506,29253.850637,2.259658031088082,18.463735857925496,-27.359,52.58,79.939,-4.0075,17.649250000000002,18.601494462776497,133562.020152,0.22723834196891649,76.80139951478904,-121.496,175.893,297.389,-25.686999999999998,67.4465,76.80173568803181,2276823.549412,0.8830364968035961,0.07664973984647266,0.6675814557040961,1.1126985216131098,0.4451170659090137,0.8882882413010653,0.06941264173942785,0.8863569468931236,303.252654,63.52956351023559,47.79439233799306,6.444421929079442,181.93508067165055,175.4906587425711,45.08175433302741,65.57634035757796,79.50037345043775,2439639.420201,2.82486117730037,4.232540751168602,18.556245526680577,182.45394244055586,280.0640943785793,1558.990812123896,0.7583199068632229,437.69156860715236,3.812911837002009,277.600409050656,87.75237931679243,10.878384445852696,0.03918720610918032,0.252773302287741,170176304.38578773,2.1570176540822703,137852268.7570665,30660151.007815868,1575598.2483443182,0.011429614198957832,386,97.57049468306802,3.6327596666666673,1.060628927574889,0.22025033333360078,0.5097191947017397,1.0079682488740196,0.004061579478930821,55.98866463780518,0.7920007332942408,-11.64560118057814,1.6126666666666667,1.0237701466074607,0.03833333333333311,0.08873554936284633,0.8637995905682654,-0.012085809516373669,0.5779521978459259,0.7701624111239241,-0.1328351319369122,0.8883736055036401,0.9977299318942816,-0.002016658610516475,4.228764154143675,1.0008930710908284,0.003776597024927497,526.4786058234557,0.8313567992269187,-88.78703721630336,10.514624450224815,1.0345956231726512,0.36375999562788053,0.030091467626445646,1.3022692536288403,0.009095738482734674,48.85383058956765,0.9783141209487067,-1.0594382515745906,182.14662455140441,0.9634581983890155,-6.655965808833315,83.48336168821875,0.9522900352027154,-3.982988237781001,308.228012167697,0.9086263522898727,-28.163917789117704,159454073.56922925,1.0672433797177547,10722230.81655848,2370773.9012592994,0.6645923710849824,-795175.6529149811,0.01792788767454113,0.6375323200995665,-0.006498273475583299
3.693714,0.812,-0.804,1.616,-0.2053351351351351,0.5152509082915352,55.49445273710008,0,14,6,3022.186161,3025.879875,-0.6350918918918919,0.2153438411802357,-1.078,-0.082,0.9960000000000001,-0.651,0.33975,0.6706076953637508,166.394432,0.14206486486486486,0.11157763559747212,-0.122,0.295,0.417,0.1725,0.18875,0.18064327995968904,12.073837999999999,-3.5790783783783784,7.4494598956635825,-24.779,18.87,43.649,-4.2675,4.718,8.264638817012857,25272.574267,2.717545945945945,20.37868919356417,-38.901,64.611,103.512,-1.603,18.744500000000002,20.559086293320924,156390.13081000003,-1.8585189189189166,80.08595925818517,-108.977,198.809,307.786,-28.748,55.0115,80.10752126283572,2374369.536264,0.8844341945043593,0.08814106581677406,0.633026065814039,1.1695148566820346,0.5364887908679956,0.892402375331738,0.07280814571473504,0.8888153305900455,292.29729599999996,64.229289776525,52.75219030211684,7.551731589509786,209.07397476252274,201.52224317301295,45.189773327270636,64.0587315684943,83.11555357974562,2556032.2413409995,2.899071869785885,4.418238782181907,18.952990029400333,194.04993044321253,293.26905416833534,1110.7144088074447,0.7859740314275101,531.7902588272115,3.7932102718509846,322.9796619174507,126.76261961696912,16.531527115854367,0.051184421388018424,0.26199134380917005,190482377.4273607,2.270200173439248,143502469.47668916,46061180.56042612,853726.0065174756,0.005949207770645067,370,96.93679720939292,3.6327596666666673,1.0167790684654545,0.060954333333332666,0.5097191947017397,1.0108524527598137,0.005531713589795539,55.98866463780518,0.991173000574064,-0.49421190070509624,1.6126666666666667,1.0020669636085142,0.0033333333333334103,0.08873554936284633,0.9933003910682374,-0.0005944835460722775,0.5779521978459259,0.9282580524565036,-0.04146340697793027,0.8883736055036401,1.0004972177006348,0.00044172508640538677,4.228764154143675,1.0448061444629182,0.18947462803823267,526.4786058234557,1.0100890196389785,5.311653003755737,10.514624450224815,1.5722413271525346,6.0169026656295514,0.030091467626445646,1.7009607179620656,0.021092953761572778,48.85383058956765,1.0797963978403708,3.898359712549187,182.14662455140441,1.1063737450982887,19.375618621608538,83.48336168821875,0.9955942344559303,-0.3678081084731275,308.228012167697,0.9514678828063893,-14.958957999361644,159454073.56922925,1.1945908509177101,31028303.85813147,2370773.9012592994,0.36010435498045296,-1517047.894741824,0.01792788767454113,0.331840792414459,-0.011978679903896065
3.982641000000058,0.835,-0.921,1.756,-0.1853358395989975,0.5180067276769007,23.212153236637963,0,14,7,3025.885609,3029.86825,-0.638095238095238,0.19758910544069247,-1.027,-0.11,0.9169999999999999,-0.681,0.34750000000000003,0.6679872659479907,178.036588,0.15980200501253133,0.09155938618725795,-0.116,0.339,0.455,0.195,0.14049999999999999,0.18417329340871474,13.534001,-4.459423558897243,4.817899255550905,-16.076,11.099,27.175,-4.412,5.298,6.564953291097029,17196.346074,2.6609523809523803,13.630917780144546,-25.878,33.969,59.847,-1.298,14.908,13.888217563919314,76960.152254,-1.1977869674185495,72.11348694346358,-120.336,176.412,296.748,-26.641,65.435,72.12343372832723,2075514.087413,0.8808965084096333,0.08263458297708641,0.611477718318501,1.2052725832773266,0.5937948649588256,0.8869661774836739,0.0758566887934049,0.8847638853570371,312.34004600000003,58.546577548007704,44.83379472001643,6.800620118783287,178.4636461831933,171.66302606441002,41.944391925500604,50.365828086467076,73.74124281283476,2169670.585741,3.0236312014900864,4.573512091506248,20.008145587680175,182.70616336067226,271.366791187333,1324.4862171331906,0.7434783933825233,543.5499688193914,4.1820065074857276,310.05737062077986,145.43450768609648,13.211193286724546,0.04260886706175612,0.2478261311275078,160002509.29470173,2.4018044634790208,144866613.15585506,14423207.486289278,621798.8741387354,0.004292216547299077,399,98.88262631987561,3.6327596666666673,1.0963128184836144,0.34988133333339055,0.5097191947017397,1.0162589969118594,0.00828753297516105,55.98866463780518,0.41458665575707576,-32.77651140116721,1.6126666666666667,1.0888796956043012,0.1433333333333333,0.08873554936284633,0.9312454169493363,-0.006100966385759923,0.5779521978459259,1.0274117079194949,0.015842667112899722,0.8883736055036401,0.9959366981598653,-0.0036097201466029905,4.228764154143675,1.0815245102306112,0.34474793736257325,526.4786058234557,1.0324255587915305,17.071362995935715,10.514624450224815,1.2564588813133963,2.696568836499731,0.030091467626445646,1.4159778921693653,0.012517399435310477,48.85383058956765,0.9177129852415954,-4.020035869551222,182.14662455140441,0.9424441791208696,-10.483598486994396,83.48336168821875,0.8833046646995307,-9.742118875383994,308.228012167697,0.8804092440205821,-36.86122098036401,159454073.56922925,1.0034394588560598,548435.7254724801,2370773.9012592994,0.26227675013987956,-1748975.0271205641,0.01792788767454113,0.23941549785808544,-0.013635671127242054
3.9752300000000105,0.841,-0.814,1.6549999999999998,-0.1821654135338346,0.5374403436794661,26.10853562976363,0,14,8,3029.877491,3033.852721,-0.6248546365914786,0.20811926386638618,-0.985,-0.009,0.976,-0.644,0.342,0.6586022660621169,173.06902100000002,0.14157142857142857,0.1034650027918672,-0.197,0.288,0.485,0.183,0.17350000000000002,0.17534958280667848,12.268243,-4.3528521303258145,5.1096512238863845,-27.328,10.626,37.954,-4.519,4.6415,6.712365998531785,17977.287062,2.5384060150375944,16.684367124239532,-42.0,38.519,80.519,-1.573,21.229,16.876362505989967,113639.83296200001,-0.48231829573934765,74.34255496115144,-113.756,160.092,273.848,-26.183,89.31349999999999,74.34411953268548,2205292.1955270004,0.884258154996548,0.06795805527667662,0.6687159337117667,1.0982249314234311,0.4295089977116644,0.8934881084827039,0.06185145516307822,0.8868657068321489,313.825782,62.106697326284355,44.717711536295774,6.811151297688226,162.14995371568875,155.33880241800054,48.08212214534629,67.1109990259636,76.53048789745206,2336909.315551,3.158616934343212,4.925177911841281,21.185122870710533,167.64204316752807,257.6904876442048,1270.385175486695,0.5033925511667336,367.61877239687016,4.365128804783762,216.68397376773726,64.05997563662913,9.42549289811293,0.0434988002748237,0.2516962755833668,159175028.350314,2.0490167200772964,135902143.14881396,21836095.92272316,1339908.4803795293,0.009859362401020554,399,100.42681395776337,3.6327596666666673,1.0942727716157612,0.3424703333333432,0.5097191947017397,1.0543851177707682,0.027721148977726484,55.98866463780518,0.46631824127255933,-29.88012900804155,1.6126666666666667,1.026250510378769,0.04233333333333311,0.08873554936284633,0.7658491788933347,-0.020777494086169718,0.5779521978459259,0.7431565999418511,-0.1484432001342615,0.8883736055036401,0.9983026188022971,-0.001507898671491148,4.228764154143675,1.1646849341002752,0.6964137576976066,526.4786058234557,0.6982596601715688,-158.85983342658557,10.514624450224815,0.8964174549236731,-1.0891315521118852,0.030091467626445646,1.4455521531649593,0.013407332648378057,48.85383058956765,0.9153368525556627,-4.136119053271877,182.14662455140441,0.8528228441896459,-26.807822133403874,83.48336168821875,0.9167154549202223,-6.952873790766688,308.228012167697,0.8360385087116717,-50.53752452349221,159454073.56922925,0.9982499962988145,-279045.2189152539,2370773.9012592994,0.5651776745423913,-1030865.4208797701,0.01792788767454113,0.5499452629641867,-0.008068525273520578
4.028502000000117,0.86,-0.801,1.661,-0.1862029702970297,0.542633761755678,32.17774929903931,0,14,9,3033.87203,3037.900532,-0.6178737623762376,0.20961755936174625,-1.015,-0.066,0.9489999999999998,-0.6315,0.329,0.652462648299305,171.985833,0.15949752475247525,0.08821818414405916,-0.127,0.279,0.406,0.2025,0.14600000000000002,0.1822687806944502,13.421650999999999,-5.518376237623762,5.672543459422705,-22.366,11.542,33.908,-4.916,7.106750000000001,7.9139260546842305,25302.611142,2.512460396039604,14.56986128306778,-26.504,45.252,71.756,0.023,14.542,14.784901590795421,88311.69928,-0.7078316831683167,74.88922213127276,-116.458,175.802,292.26,-22.481,67.57675,74.8925671687038,2265994.233316,0.8846533388730923,0.0737619916137612,0.6477761959195475,1.130447698922865,0.4826715030033174,0.8933442785223814,0.059687617607542265,0.8877231332944628,318.373154,60.18453310289516,47.622916048409344,4.767256968110697,179.1562669459263,174.3890099778156,46.64392612567863,58.28995768432119,76.7471182375425,2379608.543738,3.033614501029821,4.4381386188558185,17.017488421856296,177.6230211487848,274.27839367958796,1062.019387643186,0.7554163351254921,444.32205485393956,4.208298726577082,244.2363820646825,120.10416615477142,18.571127057285256,0.0760375129189663,0.2518054450418307,185082303.69064,2.2536851743940995,145445429.69615364,38000995.248121865,1543851.837343603,0.010614646610545444,404,101.72939979689961,3.6327596666666673,1.1089371052743497,0.39574233333344955,0.5097191947017397,1.0645739001990284,0.03291456705393836,55.98866463780518,0.5747189989518837,-23.810915338765867,1.6126666666666667,1.0299710560357314,0.04833333333333334,0.08873554936284633,0.831256287145753,-0.01497355774908514,0.5779521978459259,0.8351408584496505,-0.09528069484260848,0.8883736055036401,0.9992677830612872,-0.0006504722091772441,4.228764154143675,1.0495119724309672,0.20937446471214383,526.4786058234557,0.8439508271196394,-82.15655096951616,10.514624450224815,1.7662187677303105,8.056502607060441,0.030091467626445646,2.5268786685350855,0.04594604529252065,48.85383058956765,0.974804134372849,-1.230914541158306,182.14662455140441,0.9574100557599209,-7.757614573588825,83.48336168821875,0.9193103473117569,-6.736243450676255,308.228012167697,0.8898555058047849,-33.949618488109024,159454073.56922925,1.160724837865518,25628230.121410757,2370773.9012592994,0.6512016335777692,-826922.0639156965,0.01792788767454113,0.5920742522766059,-0.007313241063995687
4.100275999999667,0.81,-0.816,1.626,-0.233734793187348,0.5221444927136414,27.731062550600576,1,14,10,3037.905959,3042.006235,-0.6148296836982969,0.20737893943295665,-0.995,-0.05,0.945,-0.621,0.3420000000000001,0.6488617452715838,173.039863,0.1799148418491484,0.08241568750027431,-0.085,0.3,0.385,0.221,0.11299999999999999,0.1978931425384593,16.095457000000003,-4.018041362530414,5.266029106509057,-16.87,17.237,34.107,-4.931,4.282,6.623874918928183,18032.920485000002,1.7315060827250606,13.416703103128786,-30.947,34.351,65.298,-1.679,10.901,13.527972334094251,75215.48057900001,-0.807097323600979,74.94156928796811,-120.29,166.214,286.504,-21.634,58.694,74.94591525515644,2308541.877721,0.8843740491532486,0.07302483373783399,0.6654246764285197,1.1421221475831733,0.47669747115465366,0.8924270278291665,0.059286432722094884,0.8873838431919701,323.641985,59.19373598096231,48.37223985368924,5.09239884533802,169.711186022018,164.61878717668,41.15392760114155,73.09301252524638,76.44456794205011,2401790.278785,2.8575085950342216,4.413710449840713,21.23052559241262,178.5080497912777,285.3749570421247,1052.0393482225852,0.5012288251072664,450.3962871955098,3.99547090229534,289.28237476165447,65.72835722526005,21.42409854573438,0.0740594671992911,0.2506144125536332,197626893.21836585,2.1357491100795025,158141054.39713946,36623273.04201175,2741356.9089624784,0.01733488447647574,411,103.00252355954323,3.6327596666666673,1.1286945366454797,0.4675163333329997,0.5097191947017397,1.0243767311439096,0.012425298011901731,55.98866463780518,0.49529780224339864,-28.257602087204603,1.6126666666666667,1.0082678730367844,0.013333333333333197,0.08873554936284633,0.8229489312084007,-0.015710715625012348,0.5779521978459259,0.8248043085281104,-0.10125472669127222,0.8883736055036401,0.9988858603020206,-0.0009897623116700283,4.228764154143675,1.0437353038661332,0.18494629569703847,526.4786058234557,0.8554882994390591,-76.08231862794594,10.514624450224815,2.037552422987469,10.909474095509566,0.030091467626445646,2.4611442521587756,0.04396799957284546,48.85383058956765,0.9901422111640377,-0.48159073587841306,182.14662455140441,0.9037707263204566,-17.527837374724413,83.48336168821875,0.9156862683415536,-7.038793746168636,308.228012167697,0.9258566573034341,-22.85305512557227,159454073.56922925,1.2393969548389325,38172819.6491366,2370773.9012592994,1.156313095696862,370583.007703179,0.01792788767454113,0.9669223235857981,-0.0005930031980653921
4.721367999999984,0.9,-0.802,1.702,0.1194439746300211,0.5373576270762462,53.74691238283817,1,14,11,3042.017404,3046.738772,-0.6448202959830867,0.197724099985113,-1.051,-0.028,1.023,-0.699,0.243,0.6744538782056475,215.16204,0.11319027484143762,0.09451586749190251,-0.106,0.325,0.431,0.093,0.15900000000000003,0.1474628343903204,10.285521000000001,-2.5398224101479916,7.33122857254077,-20.916,18.55,39.466,-3.099,7.893,7.758711894246887,28473.469652,3.1359894291754755,15.186974579881001,-38.183,42.275,80.458,0.427,16.977,15.507373297559198,113746.390377,-0.9855729386892167,66.17530171760403,-133.847,142.779,276.626,2.656,82.85499999999999,66.18264055954101,2071807.1241080002,0.8796683131281764,0.07640067201095446,0.5637242233574853,1.088241701094017,0.5245174777365318,0.8919293694009633,0.07378171666111022,0.8829798433744095,368.77606,54.067843134297604,41.92238646697218,1.9854896121611916,148.28519206920157,146.29970245704038,44.098159077222256,61.80046703286979,68.41650494055645,2214026.984137,3.7670734350935215,5.22242136716903,22.62842271276674,182.85687435655157,247.71637633965648,918.5151069809453,0.4172213537717188,652.9600985836046,5.063717809917433,291.3232083598623,163.91860121031687,26.338814648642675,0.09041097273377226,0.4172213537717188,196600347.134651,2.409588537812004,152540179.47010267,42439177.82878802,1486998.445925354,0.009748241093533002,473,98.6728501670115,3.6327596666666673,1.2996642828661316,1.0886083333333167,0.5097191947017397,1.054222839005407,0.027638432374506583,55.98866463780518,0.9599606048997832,-2.241752254967011,1.6126666666666667,1.0553947846916405,0.08933333333333326,0.08873554936284633,0.8609927357142857,-0.01233487735189187,0.5779521978459259,0.9075447253527248,-0.053434720109394096,0.8883736055036401,0.9939284868043129,-0.005393762129230595,4.228764154143675,1.2349757906697005,0.9936572130253554,526.4786058234557,1.2402405175608588,126.48149276014885,10.514624450224815,2.5049696019366454,15.82419019841786,0.030091467626445646,3.004537492513007,0.060319505107326615,48.85383058956765,0.8581187176618896,-6.931444122595472,182.14662455140441,0.8031974394766811,-35.84692209436403,83.48336168821875,0.8195226395874309,-15.0668567476623,308.228012167697,0.8036789861813245,-60.51163582804051,159454073.56922925,1.2329590755127005,37146273.56542176,2370773.9012592994,0.6272206915790195,-883775.4553339453,0.01792788767454113,0.5437470288206846,-0.00817964658100813
6.355334000000312,0.375,-1.276,1.651,-0.4624253968253968,0.4915247284929626,3005.491103399909,1,14,12,3046.747876,3053.10321,-0.5087920634920635,0.2669456271856121,-0.99,0.532,1.522,-0.5175000000000001,0.48200000000000004,0.5745688224625765,207.981479,0.18874920634920633,0.13384681112591537,-0.151,1.062,1.213,0.194,0.161,0.23138978314962774,33.730976,-8.095057142857144,54.82235952054516,-399.237,116.901,516.138,-3.2135,11.78275,55.41679396668515,1934743.2637339998,1.2759873015873022,54.20335977939414,-379.466,174.656,554.1220000000001,1.9925000000000002,21.13025,54.21837654308965,1851968.3836299996,0.20912698412698558,51.31803363427555,-167.908,153.573,321.481,-1.4275,23.847499999999997,51.318459740956044,1659158.1154159997,0.9088590351001442,0.11436618450444362,0.4689594865230898,1.4302380920671913,0.9612786055441016,0.9084332581577645,0.1245267128815285,0.9160264023712799,528.635753,54.527636667419046,75.30587333113102,1.588912521191774,569.3615696286499,567.7726571074581,28.43321901868432,59.23639490397654,92.97439281166838,5445869.7627799995,3.4029091413506363,5.274739114396707,28.277700113576554,419.7366246057001,1028.716704433865,8451.736615382313,0.1592557025491996,2595.6516779712624,4.834283991415273,1282.8908460103744,520.0881194954331,439.545884431475,0.34262142082857633,0.3185114050983992,1125413458.8703907,4.419719181392161,606304255.506324,348878330.00090265,158532649.59164545,0.2614737537331896,630,100.33109260599574,3.6327596666666673,1.7494507112102204,2.7225743333336445,0.5097191947017397,0.9643049034822544,-0.01819446620877707,55.98866463780518,53.68034980483729,2949.5024387621042,1.6126666666666667,1.023770146607461,0.03833333333333333,0.08873554936284633,1.2888427742568427,0.02563063514159729,0.5779521978459259,1.6632493007109772,0.3833264076981757,0.8883736055036401,1.0311274292539212,0.027652796867639773,4.228764154143675,1.2473476669902783,1.045974960253032,526.4786058234557,4.930213021405017,2069.1730721478066,10.514624450224815,41.80328894238767,429.0312599812502,0.030091467626445646,11.385995233662648,0.3125299532021307,48.85383058956765,1.5414527869550003,26.452042741563375,182.14662455140441,3.1171187414239085,385.6260325560537,83.48336168821875,1.1136876968102751,9.49103112344963,308.228012167697,3.337518537545504,720.4886922661681,159454073.56922925,7.057916011043622,965959385.3011614,2370773.9012592994,66.86957769673269,156161875.69038615,0.01792788767454113,14.584741528534078,0.24354586605864847
4.307589999999891,0.472,-0.985,1.457,-0.5663657407407408,0.3742725976408394,1963.705928082685,0,15,0,3166.980619,3171.288209,0.13757870370370368,0.4175405539299116,-0.381,0.846,1.2269999999999999,0.0745,0.8122500000000001,0.4396225811862818,83.491782,0.5536412037037036,0.16594028786159234,0.277,0.945,0.6679999999999999,0.546,0.3204999999999999,0.5779747066905905,144.31165700000003,-1.147599537037038,44.31372166815472,-81.084,91.176,172.26,-15.206,46.6105,44.32857896188522,848889.8983210002,2.9786990740740755,33.297426084725785,-80.336,64.229,144.565,7.6715,47.8165,33.430393836173494,482799.412242,-2.775736111111111,47.6413463723592,-84.183,88.519,172.702,12.7255,73.82375,47.72213946513327,983837.9210960001,0.9911130513855011,0.07660172625935861,0.778116315212578,1.2528583319753275,0.4747420167627495,0.9719536741169115,0.1165562699867626,0.9940688633553476,426.89069500000005,61.501176810942724,39.719289908312184,2.772439539467002,134.53472988786203,131.76229034839503,49.46689123205555,61.43757783586738,73.21213519595908,2315527.2316590003,2.7154937823896494,4.164273148949467,25.142571098739015,159.6974697768953,229.74534894982196,930.4084365710319,0.6843839996522375,547.54489756738,4.500027712882297,307.8953537013594,109.63225339589827,28.643911609873644,0.09303132140385029,0.22812799988407917,147212308.80253187,2.2181565375577184,125022026.27514702,16983666.37313913,4009807.2369934157,0.03207280634028981,432,98.5512959499222,4.031876000000011,1.0683835488283975,0.2757139999998799,0.4076525568719978,0.9181166219869784,-0.033379959231158385,2173.440563656892,0.9035010944903153,-209.73463557420723,1.4876666666666667,0.9793860566028274,-0.03066666666666662,0.06855051145977749,1.1174492130494622,0.008051214799581125,0.4168906502972938,1.1387686556091248,0.057851366465455745,0.9985360581556876,0.9955262459286113,-0.004467194800339969,4.292602829628788,0.9701044574879844,-0.1283296806793217,394.52125344882955,1.3878717376236849,153.0236441185504,17.34104946852792,1.6517980440192608,11.302862141345724,0.07295575389607918,1.2751743856231492,0.020075567507771105,39.86540854139795,0.9963347009752233,-0.1461186330857629,141.93346365648074,0.9283384407359618,-10.171173308085713,75.38518052320977,0.9711741044873748,-2.1730453272506907,214.10311270900922,1.0730593592599549,15.642236240812736,130100938.04080759,1.1315238077403953,17111370.76172428,1654744.6626004076,2.4232181119061815,2355062.574393008,0.013548463041166739,2.3672635464407903,0.018524343299123072
3.838314000000082,0.524,-1.014,1.538,-0.4698025974025974,0.4312096576196112,2368.528668019592,0,15,1,3171.298494,3175.136808,0.21807012987012986,0.4072833249350052,-0.366,0.859,1.225,0.217,0.8160000000000001,0.46198948939525486,82.172201,0.5875662337662338,0.17874343915696497,0.289,0.988,0.6990000000000001,0.611,0.325,0.6141525023183543,145.21556900000002,-2.9895428571428564,48.667531969677604,-70.29,98.87,169.16000000000003,-20.611,59.831999999999994,48.7592661400301,915324.423288,3.6277116883116856,35.193844813339844,-63.389,63.893,127.28200000000001,14.458,53.617999999999995,35.3803194564289,481930.296863,-1.7517116883116886,49.78136628506479,-102.122,71.267,173.389,18.366,76.443,49.81217645362179,955282.3753729999,0.9962275050917805,0.06931516331107106,0.8154532482000424,1.2303186579094052,0.4148654097093628,0.9829638853996621,0.0895492230595426,0.9986359866168623,383.950426,66.56235663127443,40.98705456715616,6.380084168723795,153.04892026407765,146.66883609535387,56.621072420080495,62.1673723634135,78.169597430203,2352537.095524,3.124523319352971,4.86341299072326,26.521091263353664,150.90477112756682,217.25149710790447,800.1261625329369,0.7821931130614046,356.08031458298797,4.676431572850078,190.82526506688862,60.904494683912745,15.056593493249654,0.078902515802522,0.26073103768713485,124504452.61197191,2.019475369185243,108971590.31824833,14886558.019433364,593122.4964056781,0.0054429094287188175,385,100.38144950954691,4.031876000000011,0.9519920727919586,-0.19356199999992896,0.4076525568719978,1.0577871762917423,0.023557100747613413,2173.440563656892,1.089760036512597,195.0881043626996,1.4876666666666667,1.033833737168942,0.05033333333333334,0.06855051145977749,1.0111544279315545,0.0007646518512935685,0.4168906502972938,0.9951420101700367,-0.0020252405879309654,0.9985360581556876,1.0001000649494407,9.99284611746809e-05,4.292602829628788,1.1329753001663285,0.5708101610944718,394.52125344882955,0.9025630722329308,-38.44093886584159,17.34104946852792,0.8682631066760444,-2.2844559752782665,0.07295575389607918,1.0815117488854422,0.0059467619064428184,39.86540854139795,1.0281358214180116,1.12164602575821,141.93346365648074,1.0333633260722814,4.735372438873128,75.38518052320977,1.036935865607785,2.784416906993229,214.10311270900922,1.0147049912021933,3.148384398895246,130100938.04080759,0.9569835120859752,-5596485.428835675,1654744.6626004076,0.3584374736544495,-1061622.1661947295,0.013548463041166739,0.40173600465385706,-0.00810555361244792
3.94972400000006,0.468,-1.0,1.468,-0.4754141414141414,0.4174754153555428,2188.0870948684,0,15,2,3175.145412,3179.095136,0.2527525252525253,0.4082231383391212,-0.419,0.862,1.281,0.2815,0.8385,0.4801353660135543,91.28986800000001,0.587780303030303,0.1717413627308094,0.208,0.948,0.74,0.6125,0.32000000000000006,0.612356742677853,148.492389,-2.8216136363636384,46.77699322175807,-65.282,107.542,172.824,-24.832,62.82025,46.862016584663884,869635.2449589999,2.721025252525253,33.70916478360823,-71.664,52.397,124.061,9.870000000000001,42.591,33.818807915616034,452909.86045800004,-1.794108585858585,47.414589643712446,-98.855,58.366,157.221,18.771,59.71725,47.44852091161003,891539.4061329998,1.001122794911984,0.059734644808902795,0.8695113570276124,1.2305758814473815,0.3610645244197691,0.9896756683744835,0.0901035182160922,1.0029033244948529,398.302771,63.864697980591345,38.889881148725486,8.42558994967118,155.79485447536447,147.3692645256933,51.463926983811916,45.685038168038005,74.77380894346723,2214084.51155,2.672029195876029,3.8501223492136374,15.842846142580813,141.46343320933607,195.31249206930124,739.668356055464,0.24874433857176642,279.9385481961207,4.172710131746631,177.3287032402022,39.52797376806835,8.322643302460463,0.04693342448186528,0.24874433857176642,118586052.70791896,2.0664393364825497,115444716.90107831,2693721.866178702,361304.2544021288,0.003129673354491582,396,98.5027580744195,4.031876000000011,0.9796243709389391,-0.08215199999995093,0.4076525568719978,1.0240961281292,0.009822858483544972,2173.440563656892,1.0067388689832848,14.646531211507863,1.4876666666666667,0.9867801860624231,-0.01966666666666672,0.06855051145977749,0.8713959213855511,-0.008815866650874693,0.4168906502972938,0.8660892622595243,-0.05582612587752467,0.9985360581556876,1.0043736590779657,0.004367266339165288,4.292602829628788,0.8969202353569203,-0.442480480415151,394.52125344882955,0.7095651900673426,-114.58270525270888,17.34104946852792,0.4799388475746954,-9.018406166067457,0.07295575389607918,0.6433134542833235,-0.026022329414213903,39.86540854139795,0.9755294768542325,-0.9755273926724612,141.93346365648074,1.0382982329803896,5.435800869212557,75.38518052320977,0.9918900295068843,-0.6113715797425385,214.10311270900922,0.9122356493977322,-18.79062063970798,130100938.04080759,0.9114926801736289,-11514885.332888633,1654744.6626004076,0.21834441443935051,-1293440.4081982789,0.013548463041166739,0.2309982346336844,-0.010418789686675157
4.256869000000279,0.436,-0.995,1.431,-0.5220772833723654,0.3870865428884863,1838.0377288420823,0,15,3,3179.106891,3183.36376,0.21484543325526934,0.3852849299934811,-0.366,0.806,1.1720000000000002,0.219,0.767,0.4411383427800467,83.095497,0.5905761124121779,0.1714033841122189,0.257,0.944,0.6869999999999999,0.609,0.293,0.6149465542931372,161.474006,-2.3848594847775177,42.87234223648251,-74.702,95.649,170.351,-15.221,39.641,42.9386222834899,787270.6960989999,4.225213114754099,29.347524935739976,-68.0,55.832,123.832,15.557,33.313,29.650120500918195,375388.358722,-1.8182224824355975,45.07039182848816,-93.786,69.74,163.526,12.504,51.176,45.10705213787625,868793.907147,0.9956355192706983,0.06223259895846006,0.8567543405200816,1.2177606497173408,0.3610063091972592,0.9865388993851181,0.09596866873485932,0.9975785601177269,424.934594,57.547475836712984,38.02353359059633,7.617687509999344,137.5430534523645,129.92536594236515,39.12413348561218,62.60398403821358,68.97464086091549,2031452.961968,2.7287931434421817,4.120025330183613,21.709804104489866,132.02318713527956,205.37085133339556,972.929941785413,0.706319606324921,353.07066140771076,4.276931803879526,222.86668402582094,45.370968292387985,7.534257038195937,0.0338061162923076,0.23543986877497367,131804641.0191385,2.1185347332073325,121573836.43929054,9474212.164921604,657005.8072769995,0.005404171049624511,427,100.53282396691375,4.031876000000011,1.055803548879537,0.22499300000026778,0.4076525568719978,0.9495501177845663,-0.02056601398351149,2173.440563656892,0.8456811562130141,-335.4028348148099,1.4876666666666667,0.9619090233346919,-0.05666666666666664,0.06855051145977749,0.9078355296680783,-0.006317912501317427,0.4168906502972938,0.8659496207946173,-0.055884341100034596,0.9985360581556876,0.9990410881804909,-0.0009574980379606357,4.292602829628788,0.9597965346684392,-0.17257749944517542,394.52125344882955,0.8949344510904926,-41.450592041118796,17.34104946852792,0.43447526330658504,-9.806792430331983,0.07295575389607918,0.46337827865749237,-0.03914963760377158,39.86540854139795,0.9537976650000485,-1.8418749508016177,141.93346365648074,0.9153962891208477,-12.008097714115593,75.38518052320977,0.914962866349173,-6.410539662294283,214.10311270900922,0.9592146920485273,-8.73226137561366,130100938.04080759,1.0130952397729562,1703702.9783309102,1654744.6626004076,0.3970436177413138,-997738.8553234081,0.013548463041166739,0.3988767614774046,-0.008144291991542228
4.261775999999827,0.522,-0.946,1.468,-0.5085269320843092,0.3991863986793486,1951.805510207844,1,15,4,3183.376549,3187.638325,0.20043091334894614,0.39515015588434066,-0.375,0.853,1.228,0.184,0.7899999999999999,0.44307583630944203,83.827016,0.5891709601873537,0.170128099690293,0.228,0.951,0.723,0.611,0.30799999999999994,0.6132421957369849,160.580178,-2.4139274004683835,44.17924297911683,-74.794,101.298,176.09199999999998,-17.74,44.2295,44.24514160563368,835909.1012850001,2.8794941451990628,30.832445756267823,-70.336,46.427,116.763,13.481,33.4355,30.966614245755594,409463.62148000003,-1.6754707259953165,45.028105103212056,-99.023,66.473,165.49599999999998,15.038,48.1375,45.05926598758105,866954.0917219999,0.9931196659936685,0.06359982638279617,0.8650028901685821,1.2355383442046628,0.3705354540360807,0.9802494580462668,0.08792028630555015,0.9951540628964429,422.871597,58.036522394933854,39.732395764538644,5.722132294870506,146.31987646249567,140.59774416762517,41.511793613381734,61.09233523438456,70.33421077176872,2112326.814487,2.5324405603544835,3.914985552398286,20.250555094584755,135.857818693589,206.0283535913011,951.9466278046563,0.6919886855118714,368.75474263605423,4.326077000075722,241.01663508016594,41.66201008706912,12.813322187612163,0.05316364234700486,0.2306628951706238,143918047.96872318,2.107522451113822,136070710.26837417,7127426.266566775,649185.3871223611,0.004770941415988523,427,98.49305623785636,4.031876000000011,1.0570206001944527,0.22989999999981592,0.4076525568719978,0.9792319026527617,-0.008466158192649231,2173.440563656892,0.898025712244406,-221.6350534490482,1.4876666666666667,0.9867801860624231,-0.01966666666666672,0.06855051145977749,0.9277803440213628,-0.00495068507698132,0.4168906502972938,0.888807280479356,-0.046355196261213094,0.9985360581556876,0.9966130364569691,-0.0033819952592446523,4.292602829628788,0.9120306952825019,-0.3776172772305024,394.52125344882955,0.9346891692225038,-25.766510812775323,17.34104946852792,0.7389011953098864,-4.527727280915757,0.07295575389607918,0.7287106529750421,-0.019792111549074322,39.86540854139795,0.9966634535630605,-0.13301277685930302,141.93346365648074,0.9905891150377737,-1.335719488855574,75.38518052320977,0.9329978422056585,-5.050969751441045,214.10311270900922,0.9622856528092354,-8.074759117708112,130100938.04080759,1.1062030000397205,13817109.927915588,1654744.6626004076,0.39231755919500694,-1005559.2754780465,0.013548463041166739,0.3521386802403579,-0.008777521625178215
4.459665000000314,0.538,-0.939,1.477,-0.4735033557046979,0.4228673396013115,2032.526632215466,1,15,5,3187.64947,3192.109135,0.23349664429530204,0.3941366226092218,-0.375,0.874,1.249,0.242,0.7739999999999999,0.4581095504123123,93.809369,0.5966152125279642,0.1688647567650036,0.292,0.903,0.611,0.623,0.3175,0.6200524315709856,171.855863,-2.8576599552572723,45.08355168146656,-68.595,101.389,169.98399999999998,-19.038,42.122,45.17402851899913,912189.705128,3.8311498881431776,30.030745044993463,-68.656,48.031,116.68700000000001,11.313,26.320499999999996,30.274136774197522,409685.940768,-1.8040805369127506,42.10625957559817,-93.695,65.191,158.886,16.076,50.825,42.14489058036952,793957.7355079999,0.9969804397023162,0.05815148916528005,0.8849344608500678,1.2401169299707184,0.35518246912065066,0.9882783008849279,0.09129544309833959,0.9986749185000909,445.816162,56.9467202479665,38.60672305556801,5.616882587343268,144.8553194087121,139.23843682136882,43.473233523629226,53.61158530769579,68.79976752932734,2115833.381404,2.0884953662222143,3.010914581582548,16.820458965743907,116.9935609239027,181.15579943203184,812.2465918554443,0.22089720714736563,337.83662682536885,4.042699823120377,219.28351725987628,57.81580429605965,10.82108828175602,0.04934747680300251,0.22089720714736563,148905565.75821662,2.170652753977897,138274674.2398779,9659854.107292946,849839.5184700894,0.006146024376060318,447,98.74105159487245,4.031876000000011,1.106101722607363,0.4277890000003026,0.4076525568719978,1.0373228920059545,0.015214782729313703,2173.440563656892,0.9351655003559495,-140.91393144142626,1.4876666666666667,0.992829928347547,-0.010666666666666602,0.06855051145977749,0.8483011934402404,-0.010399022294497441,0.4168906502972938,0.851979914511307,-0.06170818117664312,0.9985360581556876,1.00013905390985,0.0001388603444033576,4.292602829628788,0.7014193239090628,-1.2816882480462404,394.52125344882955,0.8563204741531725,-56.6846266234607,17.34104946852792,0.6240157664710511,-6.5199611867719,0.07295575389607918,0.6764027153946992,-0.02360827709307667,39.86540854139795,0.968426624947111,-1.2586854858299361,141.93346365648074,0.9810120406034424,-2.6950268351119178,75.38518052320977,0.9126431354637226,-6.585412993882429,214.10311270900922,0.8461147394423092,-32.94731327697738,130100938.04080759,1.1445387558351865,18804627.71740903,1654744.6626004076,0.5135774344390835,-804905.1441303182,0.013548463041166739,0.45363225489586595,-0.00740243866510642
4.029808999999659,0.521,-0.933,1.4540000000000002,-0.4134381188118812,0.4480192862190019,2114.7038967497983,1,15,6,3192.117368,3196.147177,0.2687079207920792,0.38070272937698096,-0.339,0.823,1.162,0.28300000000000003,0.7595000000000001,0.4659812387333691,87.72395999999999,0.6256311881188119,0.16773173748570816,0.259,1.012,0.753,0.649,0.27525000000000005,0.6477254968788327,169.497521,-3.642071782178218,45.9859097632068,-81.298,78.733,160.031,-20.8705,78.74475,46.12990985918286,859699.3077809999,1.3659950495049507,29.558848265906878,-58.092,55.405,113.497,6.2059999999999995,47.775,29.590394611802292,353738.94712599996,-1.9644183168316809,42.218032116301096,-87.969,63.038,151.007,19.55,62.885999999999996,42.26370990692292,721633.3547390001,1.0028133713374192,0.05200514720858157,0.8651855292363598,1.2168590715444414,0.35167354230808157,1.0032962833561059,0.08022006145006855,1.0041609398245417,407.369034,61.93940908305414,30.875407923412446,3.6830891925121767,121.45814990769453,117.77506071518236,52.04936954483586,48.29231812173324,69.20824526019317,1935071.609646,2.4117242098082214,3.4204529688089615,16.163285560937975,137.85641932082942,202.89983779024405,883.2073135529215,0.9999989999651913,220.7117449098732,4.475366237134137,126.42680320791064,32.18193416868482,13.089906627727636,0.10353743268479018,0.7499992499738934,77796158.06372057,2.305464424265129,67635590.77047294,9354480.16198644,712624.6228938951,0.010536237131604963,404,100.99989899648432,4.031876000000011,0.9994873329449553,-0.0020670000003519817,0.4076525568719978,1.0990223602827924,0.04036672934700408,2173.440563656892,0.9729752596417925,-58.73666690709388,1.4876666666666667,0.9773694758411196,-0.03366666666666651,0.06855051145977749,0.7586397025308694,-0.016545364251195918,0.4168906502972938,0.8435630149576763,-0.06521710798921221,0.9985360581556876,1.0056331181699258,0.005624881668854109,4.292602829628788,0.7968249327032436,-0.8721498608198268,394.52125344882955,0.5594419640890289,-173.80950853895635,17.34104946852792,0.7548508897305122,-4.251142840800284,0.07295575389607918,1.4191809824960868,0.030581678788711,39.86540854139795,0.7744911953832152,-8.990000617985501,141.93346365648074,0.8297906474820731,-24.158402941298377,75.38518052320977,0.9180616769857646,-6.176935263016603,214.10311270900922,0.9476734607615516,-11.203274918765175,130100938.04080759,0.5979676952007751,-52304779.97708702,1654744.6626004076,0.4306553385547782,-942120.0397065125,0.013548463041166739,0.7776697122687434,-0.003012225909561775
5.400706999999784,0.411,-1.037,1.448,-0.6026894639556378,0.3404350099340649,1818.0265989000648,0,16,0,3270.918204,3276.318911,0.05956746765249539,0.3899538168480513,-0.386,0.858,1.244,-0.099,0.726,0.3944772014665672,84.186234,0.5434824399260628,0.1736809548882791,0.282,0.903,0.621,0.516,0.32999999999999996,0.5705595819884991,176.11618599999997,-1.7330443622920504,42.6383231248611,-80.84,119.145,199.985,-13.542,25.069000000000003,42.6735285822691,985177.252539,2.2747781885397407,29.53919730866537,-90.702,46.824,137.526,8.534,17.862,29.62665680510239,474856.68725499994,-2.452247689463956,41.24920011822488,-102.656,68.763,171.419,11.435,31.115000000000002,41.322028376204436,923762.925756,0.9771199603991659,0.07428100710988626,0.7923723872018762,1.227832643319113,0.4354602561172367,0.954499869041374,0.08986955947627695,0.9799393272176224,519.512067,48.53405551299966,45.28492375718402,2.8706056852169715,176.7042405631512,173.83363487793423,31.74676652826237,43.28618988556232,66.37980765438313,2383796.8655499998,1.9967313512241571,2.9902754933311932,13.803457141519655,146.61649881669754,231.84824858928727,958.8252800245161,0.7307486995470975,807.4582964796867,3.99895151897523,522.119665921075,174.06259718869308,38.957179054810176,0.07461350643695713,0.18268717488677438,300104022.3061754,2.6815572824494183,251706103.66565955,42244360.47228055,4886590.852923892,0.01941387507795495,541,98.83376161374495,4.738128999999844,1.1398395840639977,0.6625779999999395,0.34538758653424145,0.9856607861721938,-0.004952576600176561,1498.434902281514,1.213283670928786,319.5916966185507,1.3443333333333332,1.0771138030465128,0.1036666666666668,0.06393688676288656,1.1617862434794326,0.010344120346999705,0.36620674434180406,1.1891103890202799,0.06925351177543265,0.9897413990273783,0.9900963203920219,-0.009802071809755897,3.3951250458292392,0.8807556258338873,-0.404849552498046,494.0362277172344,1.6344111042105558,313.42206876245234,17.990565211020613,2.1654227410982987,20.966613843789563,0.04693850939556001,1.5896007670837384,0.02767499704139712,39.94175794677103,1.133773926680841,5.343165810412991,148.8662461601887,1.1677169227415192,24.967388717745536,64.89997179484482,1.022801794952827,1.479835859538312,202.42692540408544,1.1453429335796976,29.421323185201828,190674442.7728367,1.5739079550567223,109429579.53333873,2024012.3181686213,2.414308850326258,2862578.534755271,0.009778100002974277,1.9854424906295485,0.009635775074980672
4.3945269999999255,0.366,-0.948,1.314,-0.5271451247165533,0.3552351037535798,1461.5279344364849,0,16,1,3276.328278,3280.722805,0.20639909297052153,0.37141651921727525,-0.322,0.815,1.137,0.162,0.722,0.4249127161271249,79.62291,0.6177210884353741,0.14836248046490616,0.355,0.904,0.549,0.622,0.254,0.6352879415725463,177.983529,-3.1330340136054415,38.229935056660565,-78.824,82.87,161.69400000000002,-15.359,29.846999999999998,38.35810001247316,648862.631926,2.658900226757368,30.267144177794307,-71.053,70.504,141.55700000000002,12.198,27.618,30.383708909467227,407117.867289,-2.72908843537415,43.48067538744818,-109.221,60.733,169.954,12.641,30.778000000000002,43.566237568061055,837025.521624,0.9923230897645183,0.05924889877002246,0.8570210032432111,1.2071532628461061,0.35013225960289507,0.9785795828648788,0.08556338270781583,0.9940903110307738,435.80305599999997,52.558693965744645,39.11667608724012,5.575886117918838,150.91754665710678,145.34166053918796,34.09660868766863,52.384106805667,65.5174073014101,1893006.0208390001,2.4251105447861323,3.5973328547818206,12.846126296791507,117.87296367088905,181.26217931687842,971.1135110456768,0.22709801664140286,341.356163426969,4.133130054022557,225.87455663019048,42.19228053607297,6.291460143408759,0.027853779712917442,0.22709801664140286,148789084.26778564,2.1366930430434596,135364831.36479798,12937135.578961698,418598.76905380154,0.0030923746207440657,441,100.15022533885866,4.738128999999844,0.9274814997070057,-0.3436019999999189,0.34538758653424145,1.0285114674590292,0.009847517219338353,1498.434902281514,0.9753696554994893,-36.90696784502916,1.3443333333333332,0.9774361444772914,-0.0303333333333331,0.06393688676288656,0.9266777364836803,-0.004687987992864101,0.36620674434180406,0.9561054116333811,-0.01607448473890899,0.9897413990273783,1.0043939780267142,0.004348912003395489,3.3951250458292392,1.0595582771260228,0.2022078089525814,494.0362277172344,0.6909537079848269,-152.68006429026542,17.990565211020613,0.34970886495870984,-11.699105067611853,0.04693850939556001,0.5934098491302684,-0.01908472968264257,39.94175794677103,0.9793428754331772,-0.8250818595309042,148.8662461601887,0.9763238093142261,-3.524585621000739,64.89997179484482,1.0095136481479827,0.6174355065652861,202.42692540408544,0.8954450053820048,-21.16474608720702,190674442.7728367,0.7803305052531245,-41885358.50505105,2024012.3181686213,0.20681631494839836,-1605413.5491148196,0.009778100002974277,0.3162548406392888,-0.006685725382230211
4.419152999999824,0.363,-0.908,1.271,-0.5368758465011287,0.3404926459150797,1215.7501735079925,0,16,2,3280.736565,3285.155718,0.20184875846501124,0.3820932274489319,-0.352,0.828,1.18,0.165,0.7245,0.4321321045192172,82.72500299999999,0.6134808126410837,0.15213293600911246,0.334,0.871,0.5369999999999999,0.634,0.27,0.632062605837046,176.97989,-3.150142212189617,34.867609231319435,-56.672,73.13,129.802,-16.397,37.4195,35.009621098563905,542973.3912729999,1.850826185101581,31.349699256538837,-68.366,56.183,124.549,13.496,28.389499999999998,31.404286348250128,436899.53606199997,-1.7069774266365685,41.58560614803233,-98.092,64.214,162.30599999999998,13.389,42.397,41.62062482272835,767398.4499110001,0.9934865694098873,0.058280754408750954,0.871206634501827,1.1842343518071075,0.31302771730528045,0.9824581416019718,0.09167254488620868,0.9951945588337388,438.752609,51.858871003669115,35.423673995888954,6.00692283952441,133.43036590296828,127.42344306344387,38.34286340376785,53.706737762184204,62.80270042874121,1747271.3772459999,2.418783597161741,3.5977667893747043,20.59613183713077,126.03518570533926,194.17034830609066,801.3014846989738,0.22509212176247526,333.2942232450474,4.130757866359009,227.46952588041208,37.45357195122905,8.723056434842906,0.03834824203680545,0.22509212176247526,123130221.74454904,2.1334530899155837,112308389.31868283,9972653.559104472,766847.3325281695,0.006828050310223816,443,99.71580994077654,4.738128999999844,0.9326789098973836,-0.3189760000000206,0.34538758653424145,0.9858276595098386,-0.004894940619161736,1498.434902281514,0.811346673551704,-282.68472877352156,1.3443333333333332,0.9454500301603024,-0.07333333333333325,0.06393688676288656,0.9115355508242493,-0.005656132354135604,0.36620674434180406,0.8547841174254033,-0.05317902703652361,0.9897413990273783,1.0055096712703162,0.005453159806360408,3.3951250458292392,1.0596860882038912,0.20264174354546505,494.0362277172344,0.674635187743893,-160.74200447218698,17.990565211020613,0.48486839227545087,-9.267508776177706,0.04693850939556001,0.8169887446520708,-0.00859026735875456,39.94175794677103,0.8868831971348884,-4.5180839508820725,148.8662461601887,0.8559592677427311,-21.442803096744825,64.89997179484482,0.9676845564369407,-2.0972713661036053,202.42692540408544,0.959212060890096,-8.256577097994779,190674442.7728367,0.6457615396901533,-67544221.02828765,2024012.3181686213,0.3788748347253287,-1257164.9856404518,0.009778100002974277,0.6982996006535905,-0.002950049692750461
3.867330999999922,0.463,-0.939,1.402,-0.4842989690721649,0.3846833659788175,1889.7198498965552,0,16,3,3285.166996,3289.034327,0.21794072164948455,0.37283526266169525,-0.353,0.849,1.202,0.2165,0.72725,0.43186142596568333,72.363665,0.6304768041237113,0.1601755061203816,0.34,0.914,0.5740000000000001,0.6535,0.28575000000000006,0.6505053368720114,164.184991,-4.117445876288659,43.47090808686374,-67.115,93.939,161.05399999999997,-22.7025,50.88525,43.66546931433031,739789.2056510001,1.6162706185567017,32.77750281174075,-69.771,68.137,137.90800000000002,11.1835,41.47,32.81732806439431,417867.084259,-1.7476159793814452,45.58965144832594,-103.282,66.611,169.893,20.0075,58.92,45.623135367828866,807610.546547,0.9940637794488091,0.06344659509529865,0.818807669724704,1.1732970638333668,0.35448939410866287,0.9807386950549684,0.0954653863782291,0.9960864761862984,384.96904800000004,60.383815856226654,37.66849472914137,7.532216738782814,150.38553189718752,142.8533151584047,44.29919544668324,49.753171280998146,71.16966146131399,1965266.836457,2.7182719054905795,4.043644064662911,18.86314592294648,142.97125910843164,220.08897472293918,1183.898097287503,0.7695022654420596,303.0693721044525,4.392324789832509,178.6536498160912,49.03777093341929,10.614991947694921,0.05941659718694799,0.2565007551473532,106804654.87251009,2.160374190584573,88875722.3185206,17246606.25354169,577031.9465372916,0.00649257110360548,388,99.52229299717305,4.738128999999844,0.8162147952995583,-0.8707979999999225,0.34538758653424145,1.1137729606936835,0.03929577944457607,1498.434902281514,1.2611290934338624,391.2849476150411,1.3443333333333332,1.0428960993585712,0.057666666666666755,0.06393688676288656,0.9923314753700635,-0.0004902916675879054,0.36620674434180406,0.9680034294992697,-0.011717350233141188,0.9897413990273783,1.0064108332752848,0.006345077158920076,3.3951250458292392,1.1910147632765988,0.6485190188336718,494.0362277172344,0.6134557651747397,-190.9668556127819,17.990565211020613,0.5900310422316308,-7.375573263325691,0.04693850939556001,1.26583875997947,0.012478087791387982,39.94175794677103,0.9430855489613149,-2.2732632176296548,148.8662461601887,0.9596084998011584,-6.012931001783983,64.89997179484482,1.0966054295882013,6.269689666469176,202.42692540408544,1.0872514823446742,17.662049318853747,190674442.7728367,0.560141429125631,-83869787.9003266,2024012.3181686213,0.2850931001543519,-1446980.3716313296,0.009778100002974277,0.6639903929931846,-0.0032855288993687967
4.014091999999891,0.39,-0.936,1.326,-0.5320967741935483,0.3579554820242068,1731.864779058217,0,16,4,3289.048648,3293.06274,0.18496526054590573,0.3871746277089415,-0.369,0.825,1.194,0.127,0.7415,0.4290877998153434,74.198885,0.6014838709677419,0.16712633699991947,0.308,0.874,0.5660000000000001,0.625,0.3,0.624270822282565,157.054766,-3.891846153846151,41.615679485720484,-66.321,92.641,158.962,-19.374,38.1835,41.79726361310539,704045.531954,3.227272952853599,32.24212435738163,-72.656,56.275,128.931,12.229,35.8545,32.40323863117824,423137.85913700005,-1.2642928039702228,44.320146148158926,-99.206,73.252,172.458,15.786,45.5265,44.33817532204429,792247.1377280001,0.990421414332958,0.06445871355206652,0.8121828611833668,1.1711780394116003,0.35899517822823346,0.9754193969775258,0.08831246619292688,0.9925167523634473,396.99107000000004,57.29323298120578,38.475191549648166,9.205939875971383,140.15819889681802,130.95225902084664,45.205291172605,54.849598549349864,69.01344006945925,1919430.5288189999,2.601162238425722,3.7872880508267657,15.29729258394996,129.09704607447756,199.056847605291,933.2594431233314,0.7451247419571168,337.3986682922216,4.152365434494332,220.84675297676813,54.10967450111026,10.80716224480888,0.048935119482858704,0.2483749139857056,120210299.15194947,2.0744131389564258,109965433.29670115,9647066.087139303,519296.49643778463,0.004722361208150333,403,100.09509033623935,4.738128999999844,0.8471892579387624,-0.724036999999953,0.34538758653424145,1.036387773087617,0.012567895489965342,1498.434902281514,1.1557824610263185,233.42987677670294,1.3443333333333332,0.9863625019611023,-0.01833333333333309,0.06393688676288656,1.0081614344079781,0.0005218267891799605,0.36620674434180406,0.9803073645472973,-0.0072115661135706,0.9897413990273783,1.0028041095489741,0.002775353336068931,3.3951250458292392,1.1155076730750182,0.39216300499752643,494.0362277172344,0.682943171686804,-156.6375594250128,17.990565211020613,0.600712768722882,-7.183402966211732,0.04693850939556001,1.0425364948236426,0.001996610087298692,39.94175794677103,0.9632823770874049,-1.466566397122861,148.8662461601887,0.8796638753901121,-17.913987139342055,64.89997179484482,1.063381664894766,4.1134682746144335,202.42692540408544,0.9833516326847301,-3.3700777987944264,190674442.7728367,0.6304478849069673,-70464143.62088722,2024012.3181686213,0.25656785375083835,-1504715.8217308368,0.009778100002974277,0.482952350373835,-0.005055738794823943
4.185996000000159,0.41,-0.962,1.372,-0.5373976190476191,0.3609509351883974,1834.6862709580728,0,16,5,3293.077534,3297.26353,0.16286666666666666,0.3677723497897052,-0.385,0.796,1.181,0.1465,0.69975,0.40222139721918376,67.948462,0.6055452380952381,0.18161784931996627,0.245,0.982,0.737,0.623,0.30825,0.632194652438178,167.861433,-3.6992047619047623,42.833237922880315,-81.282,91.679,172.961,-19.962,40.67225,42.99267829326956,776315.5624680001,2.08555,31.014369498590792,-68.687,59.908,128.595,14.0535,30.615000000000002,31.08441143399082,405821.066363,-3.1951500000000004,44.03403407229323,-103.679,66.809,170.488,15.58,53.909000000000006,44.14980339936273,818666.1588849999,0.9881456298364051,0.06404782399913424,0.7754076347315648,1.2295657770123565,0.45415814228079165,0.9839119827977347,0.08250108156839597,0.9902191219744292,411.82424199999997,56.94846937899868,38.99599975148503,5.590324051430292,149.02622376950978,143.4358997180795,37.68306248037361,57.470240939729294,69.02040394860474,2000802.787716,2.334464935600671,3.423964907132541,16.660828669519503,132.6580425448087,205.53272608687064,1034.8535656858612,0.7069336047671201,362.19134089332664,4.026056786784944,232.2794620852781,76.03211825996007,8.830161878773948,0.038015250246928534,0.23564453492237336,134124682.9821052,2.093255749200077,124590548.88321026,8510236.986898102,953012.019926803,0.00764915178935559,420,98.9707046673968,4.738128999999844,0.8834702455685766,-0.5521329999996851,0.34538758653424145,1.0450605024914756,0.015563348654155928,1498.434902281514,1.2244017195223758,336.25136867655874,1.3443333333333332,1.020580205649044,0.02766666666666695,0.06393688676288656,1.0017349487051126,0.0001109372362476796,0.36620674434180406,1.2401686667332656,0.0879513979389876,0.9897413990273783,1.000482664403746,0.0004777229470508404,3.3951250458292392,1.008494488665089,0.028839861303301628,494.0362277172344,0.7331270877837293,-131.84488682390776,17.990565211020613,0.4908218152288274,-9.160403332246664,0.04693850939556001,0.8098945330287614,-0.008923259148631478,39.94175794677103,0.9763215678611444,-0.9457581952859968,148.8662461601887,0.9635219763256403,-5.430346442109197,64.89997179484482,1.0634889666231309,4.120432153759921,202.42692540408544,1.0153428239174802,3.105800682785201,190674442.7728367,0.7034224462997224,-56549759.79073149,2024012.3181686213,0.47085287543561405,-1071000.2982418183,0.009778100002974277,0.7822730350782404,-0.0021289482136186864
3.98136999999997,0.377,-0.943,1.3199999999999998,-0.5260200501253133,0.3771972547905822,2030.583109674864,1,16,6,3297.27743,3301.2588,0.1501604010025063,0.3733355567457596,-0.321,0.823,1.144,0.082,0.747,0.40240226634538195,64.609106,0.6009172932330827,0.17289422114679434,0.326,0.949,0.623,0.609,0.307,0.6252951343266084,156.006608,-3.4976541353383466,45.06199185205714,-77.359,95.053,172.41199999999998,-13.817,52.122,45.19752973476884,815083.860956,2.598453634085212,30.747093813353295,-68.977,57.282,126.259,11.344,28.397000000000002,30.856696829953123,379902.159963,-1.9511152882205482,41.4694317964515,-97.13,62.565,159.695,9.817,55.0075,41.51530590503304,687684.729131,0.9842404695932772,0.05627743013522334,0.8681370859489878,1.1638333213995895,0.29569623545060175,0.9733272830862186,0.07507020316782764,0.9858480872466201,387.786684,55.99028171965696,39.7939871176899,4.614054182603407,144.65592220852903,140.04186802592562,45.2225485571081,64.55194883690416,68.69114249864697,1882670.7500500004,2.0435376745806897,3.0232157579357697,17.090665375706823,125.32316919771377,190.43604285348357,759.5992333276175,0.24586900124715494,252.10665532751688,4.00387832131863,155.8456012928778,52.3771574172816,4.9575435357771305,0.03181060931031607,0.24586900124715494,126052280.07424583,2.172808051871755,117284252.410043,8178509.81365512,514616.09401879285,0.00438776803743114,399,98.10173149761482,4.738128999999844,0.840283156409897,-0.7567589999998745,0.34538758653424145,1.0920984383212706,0.03180966825634074,1498.434902281514,1.3551360199696036,532.14820739335,1.3443333333333332,0.9818993232191967,-0.024333333333333318,0.06393688676288656,0.8802027152479928,-0.007659456627663215,0.36620674434180406,0.8074570770330731,-0.0705105088912023,0.9897413990273783,0.9960663242486901,-0.0038933117807582462,3.3951250458292392,0.8904578500709651,-0.37190928789346955,494.0362277172344,0.5102999358717255,-241.92957238971752,17.990565211020613,0.27556352315071325,-13.033021675243482,0.04693850939556001,0.677707983122388,-0.015127900085243944,39.94175794677103,0.996300342132135,-0.14777082908112504,148.8662461601887,0.9407227738235922,-8.824378134263071,64.89997179484482,1.058415598472096,3.791170703802152,202.42692540408544,0.940764389242818,-11.990882550601867,190674442.7728367,0.6610863954348638,-64622162.69859086,2024012.3181686213,0.2542554160364144,-1509396.2241498283,0.009778100002974277,0.44873375694244405,-0.005390331965543137
3.991199000000052,0.454,-0.957,1.411,-0.4251525,0.4255637369933557,1915.2488223819748,1,16,7,3301.267312,3305.258511,0.25844,0.40115608109562545,-0.352,0.872,1.224,0.2305,0.81525,0.4771974800855512,91.086974,0.6227475,0.1625229483603777,0.322,0.94,0.6179999999999999,0.6295,0.28475,0.6436055915698682,165.691263,-3.025694999999997,43.76355586994703,-83.939,87.374,171.313,-14.694500000000001,69.75225,43.86802540136723,769761.461046,3.087349999999999,32.84266279768588,-61.511,67.527,129.038,13.435500000000001,46.8475,32.98745564097055,435268.891866,-1.9443975000000011,41.22157668787662,-86.092,70.351,156.44299999999998,11.396999999999998,61.317499999999995,41.267409250793776,681199.626509,1.0002640773499187,0.05724081204276982,0.8781013608917824,1.1600715495175289,0.2819701886257465,0.9941224436846803,0.0900167740606086,1.0019005614331196,401.52189400000003,59.46368323400986,34.34596518949255,5.101854074745768,131.46210138667342,126.36024731192765,51.76496330944062,50.224360065464786,68.67004404070599,1886229.979421,2.354024979468896,3.2264443485044696,11.409113433282657,137.65158979730515,203.42892998985985,796.3576746114202,0.24625689519707955,262.13044359380166,3.9686297557035153,150.9455849091215,63.81237720726732,6.038830420690735,0.040006671436772494,0.7387706855912386,94371865.37581088,2.363498023322837,79559756.43029937,14234425.451042617,520012.6977255873,0.006536127321872326,400,98.50275807883182,4.738128999999844,0.8423576039353523,-0.7469299999997925,0.34538758653424145,1.2321338150635228,0.08017615045911425,1498.434902281514,1.2781661848993502,416.8139201004608,1.3443333333333332,1.0495908674714294,0.06666666666666687,0.06393688676288656,0.8952704141248905,-0.00669607472011674,0.36620674434180406,0.7699753903571255,-0.08423655571605754,0.9897413990273783,1.0122851810531905,0.01215916240574122,3.3951250458292392,0.9503167911193273,-0.16868069732476965,494.0362277172344,0.5305895172904774,-231.90578412343274,17.990565211020613,0.3356665200065431,-11.951734790329878,0.04693850939556001,0.8523206942176533,-0.006931837958787518,39.94175794677103,0.8599011897940295,-5.595792757278474,148.8662461601887,0.8488173146212643,-22.505998848261044,64.89997179484482,1.058090506528999,3.770072245861172,202.42692540408544,1.0049499569967024,1.002004585774415,190674442.7728367,0.4949371504824191,-96302577.39702581,2024012.3181686213,0.2569217059884822,-1503999.620443034,0.009778100002974277,0.6684448548732,-0.003241972681101951
4.7330839999999625,0.558,-0.927,1.485,-0.2730295358649789,0.464365756801315,1729.4153116211075,1,16,8,3305.267322,3310.000406,0.3824240506329114,0.4029013599320176,-0.371,0.883,1.254,0.528,0.75,0.5554976690658142,146.265811,0.6440822784810127,0.1560534623251573,0.314,0.935,0.621,0.686,0.2470000000000001,0.6627176356163778,208.178271,-3.43712658227848,41.58623945034111,-92.779,76.595,169.374,-0.74,54.649249999999995,41.72803794529181,825342.617462,2.636708860759496,30.72624511077169,-62.55,73.206,135.756,-1.458,37.576750000000004,30.83916944769474,450799.77243400004,-1.6367658227848105,36.54315237173343,-79.389,65.771,145.16,0.41250000000000003,44.91974999999999,36.57978933266788,634250.388133,1.0169797553087845,0.060870236823126866,0.8833945890710447,1.1596628820480546,0.27626829297700983,1.018592390110527,0.10433297112127793,1.0187997882012043,491.989726,52.43419300591846,35.79133853920242,1.8408058018161504,132.8949148048939,131.05410900307774,43.182969348040274,51.730027634667735,63.4851518908926,1910392.778029,2.769992881884452,3.655643280474833,12.469806608782397,146.87513276897027,218.21444509420945,961.1375295561779,0.21252187381254511,416.2554324932922,3.817340133105743,256.0487281511608,88.78509100511513,7.103981465437159,0.027744646561828692,0.42504374762509023,143907345.1925203,2.0825739903326106,127121675.79697618,16013049.09585375,615251.8720459904,0.004839865964547214,474,100.73536818714639,4.738128999999844,0.9989352316095162,-0.0050449999998818384,0.34538758653424145,1.3444772234467839,0.11897817026707352,1498.434902281514,1.1541477771082094,230.9804093395935,1.3443333333333332,1.1046367386215965,0.14066666666666694,0.06393688676288656,0.9520361466535894,-0.0030666499397596914,0.36620674434180406,0.7544052361173849,-0.08993845136479423,0.9897413990273783,1.0293595669624267,0.02905838917382597,3.3951250458292392,1.0767330276091889,0.26051823464559387,494.0362277172344,0.8425605434002984,-77.78079522394222,17.990565211020613,0.3948726111804811,-10.886583745583454,0.04693850939556001,0.5910848258339632,-0.01919386283373132,39.94175794677103,0.8960882136920312,-4.150419407568606,148.8662461601887,0.8803480464822929,-17.812137157110953,64.89997179484482,0.9781999918550567,-1.414819903952214,202.42692540408544,1.0779912042226052,15.787519690124014,190674442.7728367,0.7547280228004485,-46767097.580316395,2024012.3181686213,0.3039763476354152,-1408760.446122631,0.009778100002974277,0.4949694739653203,-0.004938234038427062
4.410777000000053,0.495,-0.989,1.484,-0.5520226244343892,0.4122240686156662,2098.5867098743065,0,17,0,3392.637616,3397.048393,0.16206334841628958,0.42916276544557863,-0.536,0.92,1.456,0.0535,0.87975,0.4587430742199781,93.01678199999999,0.5310067873303167,0.1621716939696101,0.258,0.901,0.643,0.5285,0.2925000000000001,0.5552187555512125,136.25439699999998,-1.617488687782806,45.81033409476847,-95.878,105.725,201.603,-7.1605,47.1485,45.838880653102905,928731.7169519999,1.7671764705882345,41.08222134267445,-113.069,77.542,190.611,15.634,37.848,41.12021185653956,747365.345822,-1.542183257918551,43.883823588298,-105.863,83.267,189.13,6.7865,61.141,43.91091324408847,852250.3894529999,0.9943073063045207,0.06872929450798822,0.853717751953185,1.2168524972238828,0.3631347452706978,0.9803914741908011,0.0992375235863594,0.9966798559688651,439.06986500000005,60.342914673000394,45.59578657456154,3.5386117334344553,164.47654785409378,160.93793612065932,48.554858883086965,64.79103329788033,75.63228876998218,2528347.452227,2.5794165800980036,3.9205659095628196,27.3913383545354,186.4481275092811,304.7687804812017,1813.7701449998776,0.22653884439114916,461.5166778221838,4.44371896709568,260.4369594642704,102.30966216408586,25.547888134359827,0.09809624634664729,0.22653884439114916,203080298.27056855,2.443083774083485,178475765.49155283,18418602.41469909,5063355.585509684,0.028369989458032777,442,100.13016922088792,4.1899433333336065,1.0527056426712316,0.22083366666644633,0.3847525587322967,1.0714004326829683,0.027471509883369494,1753.4413727195222,1.1968388236485539,345.14533715478433,1.3873333333333333,1.0696780316938153,0.09666666666666668,0.062052338613264056,1.1076018240073016,0.006676955894724161,0.3536265709979562,1.0268875836366966,0.009508174272741587,1.001374295936385,0.9953119927886206,-0.004694439967519837,3.7924594118108903,1.0337792639296741,0.12810649775192928,346.0474945523246,1.333680159730394,115.46918326985917,13.9592742931406,1.8301730863338637,11.588613841219226,0.06284726563296962,1.560867123652789,0.03524898071367767,38.93902070175118,1.1709536023539864,6.656765872810354,139.6565437036871,1.152383782679039,21.28139241697221,68.8529817832336,1.0984606156507053,6.77930698674858,235.87609300538824,1.2920715134166605,68.89268747581346,138544109.40430868,1.465816909457522,64536188.86625987,2448095.565655024,2.068283467583868,2615260.01985466,0.017326106204703467,1.6374119348415348,0.01104388325332931
4.152404000000388,0.449,-0.955,1.404,-0.4719639423076924,0.3811945308296778,1557.3046854599668,0,17,1,3397.054507,3401.206911,0.30804567307692304,0.3688008965273195,-0.261,0.885,1.146,0.3215,0.7510000000000001,0.4805270418829405,96.05699500000001,0.6338341346153845,0.12557961345535854,0.31,0.843,0.5329999999999999,0.6505000000000001,0.23024999999999995,0.6461547411566604,173.68663500000002,-2.167394230769233,39.46269992613236,-63.359,78.321,141.68,-16.3055,46.737,39.52217457594582,649792.949816,1.22930048076923,33.383961807073675,-83.069,50.595,133.664,11.4195,38.588,33.40658745828692,464256.0356129999,-1.9435360576923064,42.19374494688674,-89.618,65.374,154.992,14.16,56.56025,42.23848298708751,742181.2091409999,1.0065246613617733,0.058219642249368674,0.8460118202483935,1.2086628975855922,0.3626510773371987,1.0029394216603813,0.0839420337277923,1.0082070326441277,422.856271,56.07778100273255,36.295651140043766,5.830761614060379,136.01631508756586,130.18555347350548,42.72683168697912,60.69174675115785,66.79889081317289,1856230.19457,2.6928748377271803,3.8558360075624236,18.97176034541014,128.57457397591784,203.74553332758978,926.4832041397112,0.2447908506917304,293.3555020971613,4.33993551720222,173.25017083954847,56.13238146930646,7.96888981006269,0.045996432621027095,0.2447908506917304,113989768.504966,2.4195709818463755,99008989.82906485,13132858.143936276,1675539.8759520822,0.016923108485854023,416,101.83299388775984,4.1899433333336065,0.9910406083669495,-0.03753933333321857,0.3847525587322967,0.9907523998752182,-0.0035580279026188877,1753.4413727195222,0.8881418618723271,-196.1366872595554,1.3873333333333333,1.0120134477750111,0.016666666666666607,0.062052338613264056,0.9382343062019716,-0.0038326963638953826,0.3536265709979562,1.0255198472744183,0.00902450633924251,1.001374295936385,1.0068233493382412,0.006832736707742759,3.7924594118108903,1.0167112099834337,0.06337659575153332,346.0474945523246,0.8477319058997745,-52.6919924551633,13.9592742931406,0.5708670549062729,-5.990384483077911,0.06284726563296962,0.7318763169568072,-0.016850833011942526,38.93902070175118,0.9321151502171782,-2.6433695617074164,139.6565437036871,0.9321836987488512,-9.470990230181627,68.8529817832336,0.970167000374375,-2.054090970060713,235.87609300538824,0.8637820421855881,-32.13055967779846,138544109.40430868,0.8227687845775777,-24554340.89934267,2448095.565655024,0.6844258449133542,-772555.6897029416,0.017326106204703467,0.9767398697960918,-0.00040299771884944394
4.00664900000038,0.35,-0.924,1.274,-0.4914477611940298,0.3608390767515461,1604.4327228242926,0,17,2,3401.217867,3405.224516,0.2375547263681592,0.35697257756636974,-0.321,0.807,1.1280000000000001,0.2205,0.69575,0.42879093875014296,73.91239099999999,0.6501417910447761,0.14212959993921642,0.38,0.908,0.528,0.673,0.2542500000000001,0.6654961845433759,178.039839,-2.8576940298507454,40.0553707113577,-73.298,89.649,162.947,-16.9005,40.672000000000004,40.15718040391453,648264.853473,2.5991990049751257,31.189247193268148,-72.412,48.0,120.412,13.5805,42.16,31.29736372204932,393769.040332,-1.8023557213930326,38.948655202968574,-85.008,58.672,143.68,16.0305,45.20975,38.99033506224548,611138.983763,0.9974803183326076,0.059208079082435285,0.8533475259236415,1.1884414163096135,0.33509389038597204,0.9847898190726584,0.08534647124441852,0.999235999196162,401.385978,53.78262826538242,34.92562439064824,6.425365203628505,134.27150672052503,127.84614151689652,40.25082416691781,51.259297985092616,64.12776576654574,1653172.877568,2.601852011334152,3.6009763183074273,14.376970769198882,134.96726244686826,199.11396520737324,1029.028877362867,0.7295616939268664,283.2703037376287,4.156181003961831,188.10373127065978,29.952528610232893,8.361044934999287,0.044449117931234475,0.24318723130895548,98562261.43739146,2.3034822323762274,90556657.0449584,7350777.6458518375,605391.2355033057,0.006685220670223601,402,97.7612669862001,4.1899433333336065,0.9562537418018178,-0.18329433333322687,0.3847525587322967,0.9378470894696245,-0.023913481980750606,1753.4413727195222,0.9150193144620097,-149.0086498952296,1.3873333333333333,0.9183084989069547,-0.11333333333333329,0.062052338613264056,0.9541633863279626,-0.0028442595308287716,0.3536265709979562,0.9475924842536335,-0.018532680611984154,1.001374295936385,0.9978646279143109,-0.0021382967402229225,3.7924594118108903,0.9495095181764581,-0.19148309350346304,346.0474945523246,0.8185879342831378,-62.77719081469593,13.9592742931406,0.5989598566107547,-5.598229358141314,0.06284726563296962,0.7072560820427435,-0.018398147701735146,38.93902070175118,0.8969312466583997,-4.0133963111029445,139.6565437036871,0.915432518357297,-11.810402186790583,68.8529817832336,0.931372383539209,-4.725216016687867,235.87609300538824,0.8441464442705658,-36.762127798015,138544109.40430868,0.7114143059649002,-39981847.96691722,2448095.565655024,0.24729068750276584,-1842704.330151718,0.017326106204703467,0.38584646387219684,-0.010640885534479866
4.518650999999863,0.238,-0.945,1.1829999999999998,-0.5383090507726269,0.3119059996396995,1156.3760198241696,0,17,3,3405.236609,3409.75526,0.3159536423841059,0.37122036685084875,-0.321,0.903,1.224,0.418,0.648,0.48747437358353746,107.646963,0.6201192052980132,0.13180559269969586,0.335,0.841,0.506,0.652,0.22499999999999998,0.6339720364861194,182.070006,-2.8346931567328917,34.00552925369887,-52.611,87.328,139.939,-16.382,18.29,34.12347439984677,527478.411818,0.42953863134657766,32.13361074396987,-73.374,60.977,134.351,11.237,25.16,32.13648149503605,467837.309625,0.2982935982339965,38.35074846617739,-88.809,55.695,144.504,16.183,36.352000000000004,38.351908518178796,666303.605805,1.0114189183161557,0.06037852577004645,0.846208603123367,1.2559307305739438,0.4097221274505768,1.0079672613731063,0.09593198381619261,1.0132195195030476,465.056049,49.70192584805933,34.608559663449725,7.4738512829731905,135.06571737121158,127.59186608823839,36.41945801353996,43.45978894700352,60.56429505066948,1661619.327248,2.716466384344217,4.2391492918265445,39.08855794364301,158.54232144803356,225.70656026773068,1100.5991457184973,0.2230028809712407,374.05151503792683,4.381442066542616,227.24920518082982,54.77828746343106,8.55107959153884,0.037628644660641045,0.2230028809712407,122894786.3288091,2.4546099167219033,109913228.14098057,11424478.196791014,1338734.2543118752,0.012179919350514781,453,101.02030507997205,4.1899433333336065,1.0784515755300716,0.32870766666625695,0.3847525587322967,0.8106664516039076,-0.07284655909259719,1753.4413727195222,0.6594894119693769,-597.0653528953526,1.3873333333333333,0.8527150346993149,-0.20433333333333348,0.062052338613264056,0.9730256327016796,-0.0016738128432176036,0.3536265709979562,1.1586293267160954,0.0560955564526206,1.001374295936385,1.01182895696089,0.011845223566662622,3.7924594118108903,1.1177836913551895,0.44668988001565424,346.0474945523246,1.0809253669384928,28.00402048560221,13.9592742931406,0.6125733620418213,-5.40819470160176,0.06284726563296962,0.5987315167071633,-0.025218620972328576,38.93902070175118,0.8887886503269304,-4.330461038301458,139.6565437036871,0.9136117985979749,-12.064677615448716,68.8529817832336,0.8796176065772263,-8.288686732564123,235.87609300538824,0.956886123482662,-10.169532737657562,138544109.40430868,0.8870444716647556,-15649323.07549958,2448095.565655024,0.5468472199751205,-1109361.3113431486,0.017326106204703467,0.7029803567407874,-0.005146186854188686
4.183762999999999,0.473,-0.939,1.412,-0.5080952380952382,0.3808419938281998,2107.3926528514967,0,17,4,3409.770755,3413.954518,0.17983571428571427,0.36250023206654547,-0.336,0.786,1.122,0.1625,0.72925,0.4046570182030115,68.773867,0.6185333333333333,0.17543989971696405,0.302,0.95,0.6479999999999999,0.637,0.29725,0.6429328447490786,173.61230999999998,-3.8568428571428566,45.906346542188444,-72.962,111.511,184.473,-20.9465,25.385749999999998,46.06807885810076,891352.513664,2.9175214285714284,30.39992323615023,-76.672,50.824,127.496,12.603000000000002,24.545749999999998,30.539601569928838,391720.250901,-1.810242857142858,42.58867742641812,-95.542,64.427,159.969,13.893,24.18325,42.627132487810314,763170.4181360002,0.9880180429205557,0.06427820267886317,0.8270151147349122,1.1877495527256579,0.36073443799074567,0.9708223257582542,0.08970905954739283,0.9901067318608587,411.730763,55.4617297062306,42.37928876057906,4.539651308195378,160.69613494418587,156.1564836359905,36.00101666049607,49.52988758424942,69.79976774932366,2046243.1827010002,2.3752003645998085,3.426117686735751,12.709751725795392,140.37507764596484,217.41356835114325,860.8747505717638,0.7122202754845746,364.4170368525219,3.8075974427313852,270.56048490275595,32.57265918955632,9.368409588753606,0.03462593435170148,0.23740675849485818,158407625.02920634,2.308856866219093,143145133.88044506,14442589.887265965,742531.9340692849,0.005187266335504274,420,99.71083856784043,4.1899433333336065,0.9985249577793359,-0.006180333333607457,0.3847525587322967,0.989836130485154,-0.003910564904096914,1753.4413727195222,1.201860915127713,353.9512801319745,1.3873333333333333,1.0177799061668915,0.024666666666666615,0.062052338613264056,1.0358705853258119,0.0022258640655991105,0.3536265709979562,1.0200998945631594,0.00710786699278948,1.001374295936385,0.9887478897663649,-0.011267564075526204,3.7924594118108903,0.9034025959596921,-0.3663417250751393,346.0474945523246,1.0530838759963594,18.36954230019728,13.9592742931406,0.6711243998297155,-4.590864704386995,0.06284726563296962,0.5509536253236846,-0.028221331281268143,38.93902070175118,1.0883501430170701,3.4402680588278756,139.6565437036871,1.1181465578593315,16.49993993230339,68.8529817832336,1.0137508344799544,0.9467859660900615,235.87609300538824,0.9217278681013233,-18.462524654244987,138544109.40430868,1.1433732239523127,19863515.62489766,2448095.565655024,0.30331002779730404,-1705563.6315857389,0.017326106204703467,0.2993900233738535,-0.012138839869199194
4.316565999999966,0.494,-0.95,1.444,-0.4581801385681293,0.3862333232920587,2187.378503492312,1,17,5,3413.967478,3418.284044,0.19625635103926098,0.3456989457229845,-0.347,0.801,1.1480000000000001,0.195,0.653,0.39752272437840414,68.424529,0.6629353348729793,0.16218745882448987,0.318,0.968,0.6499999999999999,0.691,0.256,0.6824866519010425,201.686217,-2.705080831408776,46.769418464337484,-81.771,113.802,195.573,-18.076,34.687,46.8475822833662,950303.35319,1.5371478060046184,31.5182609812996,-71.527,57.389,128.916,11.496,25.237,31.555722122347596,431165.638221,-0.6189907621247116,37.90930720766699,-86.183,62.061,148.244,13.954,40.626000000000005,37.914360373463616,622436.946855,0.9895685555457496,0.0605940565976579,0.8456305339804139,1.2022216933660779,0.356591159385664,0.978975995619913,0.08706199863395081,0.9914219917975703,425.60330600000003,55.388498684669784,39.49775310630702,4.9576134379356365,153.86272686391595,148.90511342598032,34.153558365125,56.47603003069519,68.02909882534424,2003905.938266,2.376965412368516,3.298996513500198,16.4560890936336,140.65028645135564,220.60424898825772,1014.1896953584288,0.6796553331752181,344.19602738419354,4.197285280050845,212.40866562673622,75.92033659659235,9.774745687986242,0.04601858242781453,0.2265517777250727,146248216.51813373,2.319802423457749,129963540.42106846,15459450.122511942,749072.0411029905,0.0057637091039231024,433,98.09691975495649,4.1899433333336065,1.0302206130944043,0.12662266666635968,0.3847525587322967,1.0038485891455926,0.0014807645597619823,1753.4413727195222,1.2474774107145055,433.93713077278994,1.3873333333333333,1.0408457397344133,0.05666666666666664,0.062052338613264056,0.9764990036929169,-0.0014582820156061535,0.3536265709979562,1.00838335845496,0.0029645883877078005,1.001374295936385,0.9900613446142816,-0.00995230413881465,3.7924594118108903,0.869883140878785,-0.4934628983106921,346.0474945523246,0.9946496732176235,-1.8514671681310801,13.9592742931406,0.7002330834481194,-4.184528605154359,0.06284726563296962,0.7322287555719158,-0.01682868320515509,38.93902070175118,1.0143489071975358,0.5587324045558404,139.6565437036871,1.0662236760724502,9.248569722293212,68.8529817832336,0.9880341715575442,-0.8238829578893672,235.87609300538824,0.935254803350782,-15.271844017130519,138544109.40430868,1.0556076122395244,7704107.113825053,2448095.565655024,0.30598153585665366,-1699023.5245520333,0.017326106204703467,0.3326601897289853,-0.011562397100780365
4.4081389999996645,0.527,-0.955,1.482,-0.4771221719457014,0.4208679068648105,2070.7161595602265,1,17,6,3418.297163,3422.705302,0.1696085972850679,0.39300782143475477,-0.411,0.829,1.24,0.1225,0.7994999999999999,0.42804465185527135,80.984223,0.6011832579185521,0.17818839587802868,0.293,0.954,0.661,0.6054999999999999,0.3242499999999999,0.6270346194805749,173.78220700000003,-3.6760995475113116,45.50512234419578,-90.031,100.534,190.565,-13.6105,49.67175,45.653366441517086,921229.6014099999,2.004429864253394,32.152892980552096,-73.664,68.168,141.832,11.267,25.411749999999998,32.21531105079614,458719.209616,-2.015678733031673,42.46269706263886,-102.107,77.71,179.817,10.221499999999999,58.15675,42.51051167168228,798757.472344,0.988527229384405,0.06311827600301088,0.8497729108414789,1.2192686332387952,0.3694957223973163,0.979015739698206,0.08854186729844593,0.9905402566276648,433.67714,56.65810653943756,41.4615327683018,3.4990983124227872,152.58281336375995,149.08371505133718,43.60485303592375,64.40709949382517,70.20825974293354,2178706.28337,2.22235834072671,3.3223184636344523,16.034061730804922,141.4846566533914,220.1756058858311,1006.9570132080169,0.22369422966963828,389.1610648067134,4.066711524803984,208.43622073339588,120.3846135046748,5.508408517248609,0.026427309503130766,0.22369422966963828,167921265.83062753,2.262119596112073,152228911.07571214,14962509.254257392,645712.0479720229,0.004241717577884226,442,98.87284951398011,4.1899433333336065,1.0520760398856508,0.21819566666605805,0.3847525587322967,1.0938663989989945,0.036115348132513825,1753.4413727195222,1.1809440519455827,317.27478684070434,1.3873333333333333,1.0682364170958452,0.09466666666666668,0.062052338613264056,1.0171778734176546,0.001065937389746828,0.3536265709979562,1.044875420152457,0.015869151399360126,1.001374295936385,0.989180819555192,-0.010834039308720178,3.7924594118108903,0.8760326991311758,-0.47014094817643803,346.0474945523246,1.1245885923807024,43.113570254388776,13.9592742931406,0.39460565052506413,-8.450865775891991,0.06284726563296962,0.4205004789303393,-0.03641995612983885,38.93902070175118,1.064781086181486,2.522512066550618,139.6565437036871,1.0675025393509445,9.427171347650074,68.8529817832336,1.0196836493409953,1.355277959699933,235.87609300538824,0.9334375649145041,-15.700487119557152,138544109.40430868,1.2120419016920343,29377156.426318854,2448095.565655024,0.2637609646579506,-1802383.5176830008,0.017326106204703467,0.24481641054287395,-0.013084388626819241
4.286174000000301,0.623,-0.941,1.564,-0.2517162790697674,0.5034687154227266,2212.111503904754,1,17,7,3422.717022,3427.003196,0.3747232558139535,0.393148637692708,-0.309,0.89,1.199,0.458,0.755,0.5431237149742606,126.842849,0.6309581395348838,0.15283014775120432,0.293,0.99,0.6970000000000001,0.6455,0.25150000000000006,0.6492035334985299,181.230048,-2.7885325581395337,47.033089457367716,-112.046,93.802,205.848,-3.6485,57.22525,47.115681229634774,954551.589625,3.045258139534884,32.53479138886686,-69.466,72.962,142.428,5.473000000000001,41.2675,32.676998758354294,459148.086577,-1.3653302325581387,38.294837841900545,-91.756,69.191,160.947,0.7484999999999999,49.56075,38.31916924962486,631394.2547520001,1.0145214372654994,0.06353490034070827,0.8560075934242639,1.2585507538434832,0.40254316041921934,1.0074519537106637,0.09881022202727952,1.016508942524638,444.314885,56.758711394552186,39.17245305565346,4.94233922348517,145.47324585297463,140.53090662948946,40.800744712161816,49.68528778308219,68.96399348622035,2045093.930954,2.9021646173763207,4.062875034374594,18.307229527904905,163.6302663066466,228.901686638831,999.7538364864521,0.23379726503933432,373.2327657452096,4.570340877315352,169.06372561057552,118.99095240119021,14.414393771483072,0.08526012140435642,0.46759453007866864,141863085.1388306,1.8971780146052728,118582942.74799061,22107030.417133223,954142.5273924957,0.00804620382393625,430,100.53282396691375,4.1899433333336065,1.0229670543922276,0.09623066666669455,0.3847525587322967,1.3085519274935116,0.11871615669042995,1753.4413727195222,1.2615828155470268,458.67013118523187,1.3873333333333333,1.1273426156126194,0.17666666666666675,0.062052338613264056,1.0238919518854006,0.0014825617274442163,0.3536265709979562,1.138328344218971,0.048916589421263146,1.001374295936385,1.0151138655131569,0.015134646588253142,3.7924594118108903,1.0713034953013632,0.27041562256370355,346.0474945523246,1.078559364278214,27.185271192884954,13.9592742931406,1.0326033759677662,0.45511947834247124,0.06284726563296962,1.356623983230055,0.022412855771386797,38.93902070175118,1.0059948180420426,0.23343235390228045,139.6565437036871,1.0062608087852647,0.8743629258023589,68.8529817832336,1.0016123004421236,0.1110117029867439,235.87609300538824,0.9704319064836204,-6.974406366557247,138544109.40430868,1.0239560941911738,3318975.7345219254,2448095.565655024,0.3897488892093953,-1493953.0382625281,0.017326106204703467,0.46439742922605887,-0.009279902380767216
4.110801999999694,0.54,-0.941,1.481,-0.5161601941747572,0.4122186225589866,2383.111072622885,0,18,0,3490.446417,3494.557219,0.18136893203883492,0.4255109091340237,-0.398,0.865,1.263,0.1095,0.8955000000000001,0.46255186012053917,88.14913999999999,0.5664975728155339,0.16597495861518585,0.27,0.917,0.647,0.5585,0.3202499999999999,0.590311093317078,143.56848100000002,-2.1532888349514567,48.817118643185864,-96.031,95.847,191.878,-16.9695,64.6185,48.8645855955989,983752.0628770001,0.5322038834951468,39.2812224389496,-98.962,69.74,168.702,11.237,46.263000000000005,39.28482757085545,635838.643036,-2.5573834951456327,44.957360109692196,-82.0,71.847,153.84699999999998,15.5805,80.96925,45.03003928905444,835414.2286100001,0.9971483473714697,0.06679911948127104,0.8481515194822208,1.2731162554927966,0.4249647360105758,0.9855518758449013,0.10547186099841144,0.9993832843454639,411.491983,65.22601656015397,41.283369590789974,4.787073740814946,149.3593875288728,144.57231378805784,54.03049187822754,65.47429738625874,77.19293906229534,2455004.934523,2.502396308874218,3.669116526827375,22.192786144376715,181.29697377592143,262.2208887923566,1329.971563928426,0.2415349254676123,379.28181410985786,4.399106820192423,191.74894571235444,110.54800020283616,16.419693039558183,0.08563120374770303,0.2415349254676123,144649974.10028034,2.507930905282442,119188513.27205367,21850290.095865157,2591632.370068803,0.021743977661280778,412,99.51238929265627,4.171131666666497,0.9855363768532435,-0.06032966666680295,0.4019419454679019,1.0255675401666433,0.010276677091084707,1883.7289628939288,1.2651029524699329,499.38210972895604,1.425,1.039298238320714,0.05600000000000005,0.06300978528397379,1.0601386527319991,0.0037893341972972533,0.35787846921422056,1.187455409287683,0.06708626679635527,1.0003420194624277,0.9990415826899935,-0.0009587351169638714,3.663801298168026,1.0014507387852882,0.0053152286593487474,346.4350338708388,1.0948136793818524,32.84678023901904,12.853145691885317,1.2774843933458033,3.5665473476728664,0.06660304192233607,1.2856948934945978,0.019028161825366957,38.12358527803034,1.0828826638126219,3.1597843127596335,140.8116428522512,1.026707102121417,3.760670935806644,71.17116740869442,1.084609707301488,6.021771653600922,223.26557275917875,1.1744797262740168,38.955316033177866,126797397.96127449,1.1407960764656877,17852576.139005855,1224345.078034077,2.116749939673992,1367287.292034726,0.010557734021726254,2.059528779683892,0.011186243639554524
4.35987299999988,0.445,-0.953,1.398,-0.4517185354691074,0.4036467528645362,1512.989919329598,0,18,1,3494.570456,3498.930329,0.28182151029748287,0.41874579017741975,-0.359,0.939,1.298,0.278,0.83,0.5047488488918681,111.335102,0.6070297482837529,0.14963660491843428,0.325,0.869,0.544,0.624,0.269,0.6252009507613947,170.81291199999998,-2.864082379862702,38.897171096746845,-56.702,90.672,147.374,-16.458,53.480000000000004,39.00247283452984,664761.29171,2.5892219679633874,32.61023847539491,-82.763,54.611,137.374,14.595,46.229,32.71286786299102,467647.56331,-1.5773249427917604,41.37690294005136,-99.405,58.26,157.665,13.664,63.679,41.406956551835385,749252.254237,1.0045803957312858,0.05870429445475413,0.898379652485518,1.171430322298343,0.2730506698128251,0.9996044217589276,0.09195517244913232,1.0062941745210778,442.51842100000005,55.87813938303306,34.40195054071299,9.210829278626328,152.28853471617617,143.07770543754984,48.13028254643847,40.637405018162525,65.61905715503181,1881661.109257,2.502658700038225,3.532331732893718,14.559698079566399,132.58700847865708,198.20247293850304,865.0033661833656,0.2276944795452581,329.0581288897054,4.01652759438706,188.3007473202373,77.92797508990502,7.05092457488117,0.03744501641576297,0.2276944795452581,113005352.03592516,2.3894270063360667,104578989.7809591,7852873.67176643,520509.3747016692,0.004977188781340086,437,99.50248756127777,4.171131666666497,1.0452494282041516,0.1887413333333834,0.4019419454679019,1.0042414019572796,0.0017048073966343114,1883.7289628939288,0.8031887543934108,-370.7390435643308,1.425,0.9810526246943675,-0.027000000000000135,0.06300978528397379,0.9316693410950545,-0.00430549082921966,0.35787846921422056,0.7629703535466886,-0.08482779940139545,1.0003420194624277,1.005950109945744,0.005952155058650099,3.663801298168026,0.9641166198119937,-0.1314695652743083,346.4350338708388,0.9498407975761757,-17.376904981133407,12.853145691885317,0.5485757913603151,-5.802221117004146,0.06660304192233607,0.5622117205593904,-0.0291580255065731,38.12358527803034,0.9023797284751748,-3.721634737317352,140.8116428522512,1.0160928636953366,2.2660625852986414,71.17116740869442,0.9219893326886157,-5.552110253662605,223.26557275917875,0.8877431055768414,-25.063099820675717,126797397.96127449,0.8912276896284449,-13792045.925349325,1224345.078034077,0.4251329008790916,-703835.7033324079,0.010557734021726254,0.4714254078426014,-0.005580545240386168
4.0427199999999175,0.464,-0.932,1.396,-0.4868617283950617,0.389960460980183,1755.0858967293034,0,18,2,3498.934322,3502.977042,0.21518024691358026,0.39514255543536236,-0.348,0.861,1.209,0.194,0.7989999999999999,0.44993352595442115,81.988272,0.6095580246913581,0.16617511131571272,0.285,0.924,0.639,0.617,0.289,0.6318030967686212,161.66593699999999,-4.535039506172836,41.89374531752089,-72.534,84.458,156.99200000000002,-18.046,48.748000000000005,42.13849166797326,719139.254421,3.1944345679012325,34.92278832713698,-78.504,61.435,139.93900000000002,16.198,42.885000000000005,35.06858361483419,498071.25048399996,-1.9823728395061748,44.601738901402626,-97.282,73.969,171.25099999999998,13.145,51.588,44.64577152546144,807264.190617,0.9933193289529805,0.06352594191589621,0.8182945679888142,1.1939145698080749,0.3756200018192607,0.9867892378821326,0.09883118031424087,0.9953485995207414,401.241128,59.17888150689482,38.68543570258807,8.581111932611066,143.36602126375692,134.78490933114585,42.83836637874978,61.69609446497164,70.70150600875608,2024474.695522,2.473774410077712,3.7899556347829852,18.404894150803113,134.4143506056117,209.37335654667658,936.3143459881684,0.24752000426026624,330.965158612953,4.324460380542156,196.64079369558922,66.79689864380057,15.088819461216598,0.07673290560354222,0.24752000426026624,122736867.74761796,2.1526288065726398,113265237.18382256,8730975.680322384,560893.4893317589,0.004952035622557899,405,100.24560172540782,4.171131666666497,0.9692141877503124,-0.12841166666657955,0.4019419454679019,0.970190983238435,-0.011981484487718908,1883.7289628939288,0.9317082931207306,-128.64306616462545,1.425,0.9796491159322869,-0.029000000000000137,0.06300978528397379,1.0081915300564974,0.0005161566319224209,0.35787846921422056,1.049574153338291,0.017741532605040133,1.0003420194624277,0.9950082773745199,-0.004993419941686339,3.663801298168026,1.034432633214501,0.12615433661495912,346.4350338708388,0.955345522955375,-15.469875257885803,12.853145691885317,1.1739398129598226,2.2356737693312816,0.06660304192233607,1.1520929355162026,0.01012986368120615,38.12358527803034,1.0147376069252894,0.5618504245577327,140.8116428522512,0.9572000339701953,-6.026733521105342,71.17116740869442,0.9934009595883774,-0.46966139993833167,223.26557275917875,0.9377771680147725,-13.892216212502177,126797397.96127449,0.9679762339058671,-4060530.21365653,1224345.078034077,0.4581171594468917,-663451.5887023181,0.010557734021726254,0.46904297095737046,-0.005605698399168355
3.8574929999999767,0.506,-0.941,1.447,-0.4583359173126616,0.4156019274437494,2310.5079196981887,0,18,3,3502.990486,3506.847979,0.2064418604651163,0.4006214534262686,-0.391,0.822,1.213,0.185,0.815,0.45068369251357915,78.60581099999999,0.6144883720930232,0.17219483509763242,0.3,0.884,0.5840000000000001,0.632,0.31650000000000006,0.638159087275136,157.604597,-2.703436692506461,48.06774302688019,-69.954,94.824,164.778,-21.634,66.901,48.14370664633726,896994.9814939998,1.8982997416020668,36.3730754861123,-68.427,58.626,127.053,14.458,62.3665,36.42257764392013,513395.81078199996,-1.833253229974159,44.688826192841695,-87.16,66.336,153.49599999999998,15.573,74.88499999999999,44.726412821723414,774174.925509,0.9947968072881532,0.05948864406426013,0.8932491253844026,1.1933976705189264,0.3001485451345238,0.9859847869008933,0.09790541236763306,0.9965739242842487,384.35276,65.04048353575558,37.61127699520849,7.313735844286421,138.65025928933562,131.3365234450492,52.36247558127862,60.94700464581861,75.13236756402125,2184565.717785,2.4993837726466,3.5007176328251495,15.030575761677063,152.66913592751388,219.94229516600527,813.3588253093425,0.5091835712367189,265.0086651370816,3.798663935794289,189.87110191689465,23.13273279480619,8.230044661760838,0.04334543054861303,0.25459178561835943,105932224.54861468,2.2227112167387446,90164856.16886376,14726517.40603948,952973.4317245149,0.010569233648415678,387,98.52702103430511,4.171131666666497,0.9248072942839399,-0.3136386666665203,0.4019419454679019,1.0339849368547405,0.013659981975847502,1883.7289628939288,1.2265607023084382,426.7789568042599,1.425,1.0154385893653433,0.02200000000000002,0.06300978528397379,0.9441173994639332,-0.0035211412197136555,0.35787846921422056,0.8386884447300322,-0.05772992407969674,1.0003420194624277,0.9962331831841517,-0.0037680951781789984,3.663801298168026,0.9554878494695386,-0.16308366534287666,346.4350338708388,0.7649591964426873,-81.42636873375722,12.853145691885317,0.6403136518209424,-4.623101030124479,0.06660304192233607,0.6508024677180996,-0.023257611373723043,38.12358527803034,0.9865619067841791,-0.5123082828218486,140.8116428522512,0.9327106819819507,-9.475119407201987,71.17116740869442,1.0556573720650584,3.9612001553268357,223.26557275917875,0.9851151363734469,-3.3232775931734864,126797397.96127449,0.8354447823997753,-20865173.41265981,1224345.078034077,0.7783536266219082,-271371.64630956214,0.010557734021726254,1.0010882653212447,1.1499626689424197e-05
4.249461999999767,0.476,-0.937,1.413,-0.4949272300469483,0.393096365946693,1773.408317720999,0,18,4,3506.860094,3511.109556,0.19878403755868543,0.39503385524212226,-0.336,0.909,1.245,0.1465,0.7889999999999999,0.4422293979097125,83.31147399999999,0.6056032863849764,0.1648240487048331,0.333,0.967,0.6339999999999999,0.6174999999999999,0.293,0.627632302794986,167.810903,-2.8198403755868533,42.11185483591288,-77.206,89.115,166.321,-15.0915,52.916250000000005,42.2061585253241,758859.2822399999,2.808913145539907,33.16088421894985,-69.206,68.58,137.786,10.893,33.30525,33.27963694576285,471809.58421299997,-2.2804953051643198,44.290862720031996,-92.244,75.786,168.03,12.0535,66.565,44.349534149995264,837891.382391,0.9924886371153633,0.0627149826329717,0.8570583410713649,1.220336429022751,0.36327808795138605,0.9834378470641413,0.08445286558340603,0.9944681311383313,421.299884,57.322795909383125,39.62161406554985,8.638801768763999,137.52763889851377,128.88883712974976,41.807274416681665,68.69837844419817,69.6833927993476,2068560.2488439998,2.5461218710295723,3.6825868357845466,15.055120866938097,132.20400114175527,205.40691093901083,792.9226618382186,0.22991359846135873,356.92345160711557,4.204050518535755,202.7170686176496,80.07582841230675,9.296570663888271,0.04585983176860256,0.22991359846135873,142447187.90922046,2.1355668504054037,129567843.32564123,12097471.534304176,731832.590403724,0.005648257867227274,426,97.94319294453882,4.171131666666497,1.0187791538136888,0.07833033333326966,0.4019419454679019,0.9779928683709773,-0.008845579521208902,1883.7289628939288,0.941434968960258,-110.32064517292974,1.425,0.9915789404099724,-0.01200000000000001,0.06300978528397379,0.9953211615801415,-0.00029480265100208236,0.35787846921422056,1.0150878274352266,0.00539961873716549,1.0003420194624277,0.9941281100352717,-0.00587388832409641,3.663801298168026,1.0051273325260954,0.018785537616520465,346.4350338708388,1.0302752802128101,10.488417736276745,12.853145691885317,0.7232914711707218,-3.556575027997045,0.06660304192233607,0.6885545098155323,-0.02074321015373351,38.12358527803034,1.0392940161897586,1.4980287875195089,140.8116428522512,0.9153279836088205,-11.922805722501437,71.17116740869442,0.9790958238665055,-1.4877746093468147,223.26557275917875,0.9200115736220964,-17.858661820167924,126797397.96127449,1.1234235891238524,15649789.947945967,1224345.078034077,0.5977339261075127,-492512.4876303531,0.010557734021726254,0.5349871957118876,-0.00490947615449898
4.184259000000111,0.525,-0.936,1.461,-0.4274653937947494,0.4465975807820792,2250.1460438273198,1,18,5,3511.113783,3515.298042,0.23209546539379472,0.38290511228663016,-0.312,0.838,1.15,0.213,0.8115,0.4477551005534153,84.00305999999999,0.6216133651551313,0.15957037610023736,0.352,0.938,0.586,0.624,0.279,0.6417677778357666,172.57180400000001,-2.2455513126491655,47.43570431465437,-87.405,97.542,184.947,-13.847,59.251999999999995,47.488825470052,944924.000156,2.717236276849644,32.9381770544411,-67.924,70.58,138.50400000000002,12.84,48.8545,33.05006627306423,457676.582994,-0.8697136038186186,40.31592485868994,-91.038,69.725,160.76299999999998,8.55,57.5955,40.325304697723,681348.5533660001,0.9956118516293102,0.05730282442968351,0.8638483663236275,1.1610055986083787,0.2971572322847512,0.9854268110823858,0.08437696393346905,0.9972595313118661,416.706634,58.645037750641734,39.171228872336954,6.599460280962376,142.62333360639136,136.02387332542898,48.074495972396846,63.916832884746235,70.52393653323104,2083949.1365160001,2.4494091427373745,3.444244324588062,15.768580801149913,137.74450603045418,206.48906265931117,773.4159663449049,0.23974232494936545,288.2372513060514,4.231095397098323,155.3418846174122,75.45559154580181,11.539341028794638,0.07428351378941854,0.23974232494936545,134689097.53535694,2.389318086939725,117138799.90584673,16738587.947624806,692390.9883061708,0.005910859500547192,419,100.45203415378413,4.171131666666497,1.0031471850689944,0.013127333333613933,0.4019419454679019,1.1110996866753895,0.04465563531417727,1883.7289628939288,1.1945168801559052,366.41708093339093,1.425,1.0252631506999077,0.03600000000000003,0.06300978528397379,0.9094272433584337,-0.0057069608542902744,0.35787846921422056,0.8303299850195168,-0.06072123692946935,1.0003420194624277,0.9969185557941436,-0.0030824881505616686,3.663801298168026,0.9400739927980027,-0.21955697357996407,346.4350338708388,0.8320095345934171,-58.19778256478742,12.853145691885317,0.8977834139935122,-1.3138046630906786,0.06660304192233607,1.1153169658957738,0.0076804718670824695,38.12358527803034,1.0274801956949087,1.0476435943066136,140.8116428522512,0.9659987665827757,-4.787769526822217,71.17116740869442,0.9909059959399603,-0.6472308754633787,223.26557275917875,0.9248584996702028,-16.77651009986758,126797397.96127449,1.0622386555321321,7891699.574082449,1224345.078034077,0.5655194770888717,-531954.0897279063,0.010557734021726254,0.5598600883279164,-0.004646874521179061
7.233372000000145,-0.14,-1.652,1.512,-0.6980828651685392,0.2625759604139275,753.6054391355239,1,18,6,3515.310627,3522.543999,-0.0017106741573033558,0.3239214046692751,-0.578,0.604,1.182,-0.1725,0.603,0.3239259217922961,74.708738,0.4904761235955057,0.2296444234630358,-0.08,0.897,0.977,0.363,0.43825,0.5415749154502485,208.83201300000002,-2.7382766853932585,27.451874965756417,-62.382,84.748,147.13,-2.87,15.324,27.588106102835187,541905.762019,3.115096910112358,29.730016096179487,-69.466,121.038,190.504,5.611000000000001,20.458499999999997,29.892769792016317,636227.312317,-5.524505617977528,21.723802095598565,-79.267,37.74,117.007,-2.29,11.5265,22.415256853576267,357739.942746,0.9731041287966473,0.08698027363755632,0.8017717879795971,1.739055203264117,0.93728341528452,0.9463566793879792,0.07845379796285767,0.9769837324557384,679.6020159999999,33.639619398492385,32.02344501636493,1.866130756404813,137.71455496424477,135.84842420783997,20.687189508119545,49.21821282212567,46.44486003845391,1535873.017082,2.7781741574259766,5.115565224401098,42.17356152720161,229.4635294121811,461.2027060715532,3097.5852942360452,0.1519522213521596,1917.848075237141,5.8209556071290445,842.8542218900433,178.28860681244208,362.4991194556944,0.4300851915275621,0.1519522213521596,259935798.00118285,3.591963227395481,200758741.712676,40123494.455367185,15487082.47518821,0.07714275524476626,712,108.18998160273763,4.171131666666497,1.734150959669761,3.062240333333648,0.4019419454679019,0.6532683558954725,-0.1393659850539744,1883.7289628939288,0.400060440740783,-1130.123523758405,1.425,1.061052624132964,0.08699999999999997,0.06300978528397379,1.3804246347024605,0.023970488353582536,0.35787846921422056,2.618999100874899,0.5794049460702995,1.0003420194624277,0.9766496894874629,-0.023358287006689293,3.663801298168026,1.3962452639002367,1.4517639262330717,346.4350338708388,5.5359530292101224,1571.4130413663022,12.853145691885317,28.2031440289767,349.64597376380914,0.06660304192233607,6.45743969854523,0.363482149605226,38.12358527803034,0.8399903832344785,-6.100140261665409,140.8116428522512,0.9647527821313292,-4.963218644411228,71.17116740869442,0.6525797134283667,-24.726307370240505,223.26557275917875,2.065713492462019,237.93713331237447,126797397.96127449,2.050008929052081,133138400.03990836,1224345.078034077,12.649278992533374,14262737.397154134,0.010557734021726254,7.306746127394075,0.06658502122304
1.5538440000000264,0.327,-1.155,1.482,-0.6482189349112426,0.3124849904031679,9700.393264293896,1,18,7,3522.548661,3524.102505,-0.05027218934911242,0.46329009583111824,-1.079,1.686,2.7649999999999997,-0.002,0.507,0.4660096629010602,36.700886,0.5027633136094675,0.22965225232360345,-0.194,1.254,1.448,0.522,0.198,0.5527305912547954,51.631377,9.75408875739645,98.49057449468907,-260.473,166.137,426.61,42.809,128.93099999999998,98.97239772674533,1655445.501491,13.543195266272187,221.70694430736668,-500.275,500.26,1000.535,34.275,135.939,222.12020910338208,8338018.452369999,-20.56889349112426,89.63520406342374,-164.748,184.87,349.618,-23.313,107.282,91.96493455084295,1429325.812593,0.9915974645478873,0.23925976998436396,0.2903945591776816,1.779137150418708,1.4887425912410264,0.9669172663677074,0.2508830778156885,1.0200542971973448,175.84632,207.81899795276695,156.21055047838453,47.44140599729312,593.2153357407409,545.7739297434478,146.99695837329423,204.19034576423758,259.98167625979346,11422789.766453998,8.479872865720068,14.172258229761768,85.47100911862299,3096.1100021909047,5099.6491598040475,21803.02713323698,2.8477547589507206,817.4906145895886,3.4820920057239446,3.950138818931484,385.08911745972966,147.61076083296413,37.36849949471092,0.9492515863169069,348468992.101292,3.0530322833323518,88222149.66679983,140608109.69278577,94897012.12480743,1.0756597122515992,169,160.42351808755728,4.171131666666497,0.37252336307009953,-2.6172876666664706,0.4019419454679019,0.7774381005819687,-0.089456955064734,1883.7289628939288,5.149569526891976,7816.664301399967,1.425,1.0399999927017545,0.05699999999999994,0.06300978528397379,3.797183737957937,0.17624998470039016,0.35787846921422056,4.159910913083678,1.1308641220268059,1.0003420194624277,1.019705527863815,0.019712277734917016,3.663801298168026,3.868184172041846,10.508456931593742,346.4350338708388,2.359722703076202,471.0555807187498,12.853145691885317,11.484407339388705,134.75761514107882,0.06660304192233607,561.0628704865547,37.30189645278858,38.12358527803034,4.097477960118036,118.0869652003542,140.8116428522512,3.8759147940440575,404.9622868911965,71.17116740869442,3.6529072894131636,188.81050885109903,223.26557275917875,22.841180109197925,4876.383587044868,126797397.96127449,2.748234567145603,221671594.1400175,1224345.078034077,77.50838699591309,93672667.04677336,0.010557734021726254,101.88348098211634,1.065101978229873
4.683806000000004,0.528,-0.914,1.4420000000000002,-0.4488358208955223,0.4112455322035428,1361.228769255177,0,19,0,3568.124949,3572.808755,0.23477398720682302,0.4414414797549968,-0.356,0.947,1.303,0.198,0.9239999999999999,0.4999894050050169,117.24503100000001,0.5990277185501066,0.15694946859494732,0.232,0.861,0.629,0.627,0.295,0.619247400707974,179.84618400000002,-3.5602132196162044,36.89483391011778,-60.0,77.206,137.20600000000002,-18.092,58.214,37.06620950979891,644360.923202,1.070565031982943,34.157916763826385,-94.489,50.244,144.733,14.87,46.275,34.17468927630793,547749.502565,-1.704784648187633,40.60265615654248,-84.519,62.656,147.175,19.557,73.95400000000001,40.63842981296292,774545.047524,1.0000202361325194,0.06318827108447947,0.8631112326925192,1.189115217293934,0.3260039846014149,0.9942690782680511,0.09956379482017941,1.002014585860498,470.89158499999996,55.963442803289354,32.578955198449464,3.2989624126382524,131.8501059119787,128.55114349934044,52.45411886591939,44.43678300775923,64.75565807108762,1966655.473291,2.2196524369918382,3.3173934192808567,19.355772350284187,133.45894277595983,202.46827229549723,1060.8199772683458,0.21358270680797006,439.1254775177715,4.249757269034931,214.7282577372878,137.18812101675857,22.520793878840962,0.10488043872337253,0.21358270680797006,116732018.32820795,2.4084779427441765,103950588.32166961,9730876.260805208,2402046.1660741335,0.023107576444311485,469,100.17028949293797,4.281790000000001,1.093889702451803,0.40201600000000326,0.379680442644055,1.083135908998401,0.031565089559487836,1554.3497756629788,0.875754473387956,-193.12100640780181,1.3673333333333335,1.0546075008195455,0.07466666666666666,0.06308069294992553,1.0017052462880658,0.0001075781345539345,0.34263674623189416,0.9514565459543917,-0.016632761630479276,0.9989434839763446,1.0030743399428217,0.003071101884153493,3.284705877401217,1.009951433400785,0.03268754187963996,367.54332930900455,1.1947583930618373,71.58214820876697,16.49692501339372,1.3651510112887704,6.023868865447241,0.08134677124118335,1.289300413896092,0.023533667482189186,36.77416699824068,0.885919596524073,-4.195211799791217,140.9485298792732,0.9120431663978905,-12.397386379932755,68.44448059685861,0.946104894024116,-3.6888225257709877,214.47704086290602,0.9440090718869769,-12.008768567408794,123383758.51988555,0.94608901308023,-6651740.1916776,1439852.1423911387,1.6682589103108034,962194.0236829948,0.013415642524397082,1.7224340301218388,0.009691933919914403
4.193999000000076,0.438,-0.902,1.34,-0.4644928571428571,0.3661386576362106,1610.9693883289967,0,19,1,3572.814513,3577.008512,0.23638571428571428,0.3822321518281219,-0.348,0.88,1.228,0.213,0.754,0.4494214322988211,84.831442,0.6534333333333333,0.14651348981719295,0.304,0.87,0.5660000000000001,0.6795,0.25725,0.6696576168532125,188.34535600000004,-2.2526071428571446,40.1368831416815,-50.656,90.015,140.671,-18.664,34.095,40.200045115261354,678738.3234530002,1.9461619047619079,35.84767953494973,-84.748,57.679,142.42700000000002,16.549500000000002,24.676000000000002,35.90046899693652,541314.343164,-3.0821190476190514,44.42317791434599,-103.756,56.885,160.641,15.863,42.022999999999996,44.52996961410746,832825.64141,0.998241393261812,0.06120620352664304,0.8203395638392678,1.1685088788708453,0.34816931503157755,0.9978000751432403,0.09327596512354674,1.0001160325539376,420.09747300000004,57.7102366637065,39.46307235278781,6.6146217578936435,155.79689413142998,149.18227237353634,38.35456863936158,46.04489657800529,69.91284213434884,2052878.308027,2.011053676263534,2.9110104842473903,13.089427391694858,140.59654408797743,228.4436623854484,1007.3294946736319,0.23660462892889503,330.4207602277931,3.8656085094973323,231.15705298432215,52.61871732274227,9.503620335735878,0.04111326136334379,0.23660462892889503,137356867.27220196,2.1863623563641954,126387700.18473163,9685124.236016875,1145097.3967603173,0.009060196483412645,420,99.37394415013591,4.281790000000001,0.9794966568199536,-0.08779099999992468,0.379680442644055,0.9643337050576591,-0.013541785007844365,1554.3497756629788,1.0364265582574577,56.61961266601793,1.3673333333333335,0.9800097441735026,-0.02733333333333343,0.06308069294992553,0.9702841069356742,-0.0018744894232824924,0.34263674623189416,1.0161470090381635,0.0055325687996833905,0.9989434839763446,1.0011737786818407,0.001172548577592969,3.284705877401217,0.8862317005040943,-0.3736953931538265,367.54332930900455,0.8989981149705716,-37.12256908121145,16.49692501339372,0.5760843504022186,-6.993304677657843,0.08134677124118335,0.5054073527684882,-0.04023350987783956,36.77416699824068,1.0731194086311888,2.6889053545471313,140.9485298792732,1.0584166609664636,8.23374249426314,68.44448059685861,1.0214533226707412,1.4683615374902246,214.47704086290602,1.0651194246978568,13.966621522542368,123383758.51988555,1.113249174120955,13973108.7523164,1439852.1423911387,0.7952881848400524,-294754.74563082145,0.013415642524397082,0.6753451959892516,-0.004355446040984437
3.9675649999999214,0.4,-0.92,1.32,-0.4756331658291458,0.3616571380924115,1690.851169404763,0,19,2,3577.020735,3580.9883,0.20325628140703522,0.3859402011224711,-0.402,0.885,1.287,0.2115,0.7184999999999999,0.4361914198764911,75.72465600000001,0.6439899497487437,0.16558669835727083,0.326,0.911,0.585,0.667,0.272,0.6649375986137731,175.97252,-3.758914572864321,41.1199607174516,-67.496,90.718,158.214,-19.5955,48.07225,41.291410828050594,678582.2820519999,1.3018693467336677,37.23975084972729,-86.321,67.802,154.123,16.9925,37.08825,37.262500012019174,552620.575044,-1.4694773869346731,43.564895157957864,-104.84,55.573,160.413,18.8245,56.684000000000005,43.589671413243906,756223.6626579999,0.9925837733000055,0.0648476042386541,0.8049260835629567,1.1586630226256467,0.35373693906269,0.9815013941037394,0.10187882163084805,0.9946998335145985,393.79224800000003,59.398142413494845,38.28047344348476,7.067501467987113,152.17967523292987,145.11217376494275,40.11598901000275,47.284724405479786,70.66494158513935,1987426.519754,2.515191597221029,3.625713728675403,20.508323242076816,141.49851626420278,212.51918790777245,880.1725950768304,0.7614595860649205,333.08375018144886,4.348566360623058,178.1434378684362,87.02630419340178,17.466360825604326,0.09804661363683373,0.25381986202164014,116062389.95924674,2.167101560266842,95605654.08564553,19636387.264872957,772412.8643389649,0.008079154645467112,398,101.02030508461279,4.281790000000001,0.9266136337218276,-0.31422500000007947,0.379680442644055,0.9525303069301277,-0.01802330455164347,1554.3497756629788,1.087818968335286,136.5013937417841,1.3673333333333335,0.9653827330664354,-0.04733333333333345,0.06308069294992553,1.0280101711950034,0.0017669112887285648,0.34263674623189416,1.032396357451164,0.01110019283079583,0.9989434839763446,0.995751851343609,-0.004243650461746129,3.284705877401217,1.1038168569618827,0.3410078512741861,367.54332930900455,0.9062434918859678,-34.459579127555685,16.49692501339372,1.0587646364904904,0.9694358122106053,0.08134677124118335,1.205291864543938,0.01669984239565038,36.77416699824068,1.040960994028948,1.5063064452440784,140.9485298792732,1.0295401724228017,4.163643885669558,68.44448059685861,1.032441782866831,2.2204609882807347,214.47704086290602,0.990871503275291,-1.9578529551335748,123383758.51988555,0.9406618127988146,-7321368.560638815,1439852.1423911387,0.5364529048491231,-667439.2780521738,0.013415642524397082,0.6022185376950348,-0.00533648787892997
3.649954999999864,0.424,-0.886,1.31,-0.4856885245901639,0.3657885504479422,2080.4107763345355,0,19,3,3580.998087,3584.648042,0.1957650273224044,0.36560834023452327,-0.372,0.833,1.205,0.172,0.725,0.41472087525416984,62.949586000000004,0.6469453551912567,0.15560717413525693,0.355,0.93,0.5750000000000001,0.6645000000000001,0.28925,0.665396036391788,162.04719,-3.906800546448089,45.611520215122574,-71.679,103.542,175.221,-19.71,32.29725,45.778530632210796,767016.6352649999,2.7628524590163925,38.71293586319217,-83.802,72.809,156.611,14.7175,29.099,38.8113998312084,551314.86101,-1.66067486338798,49.59030923775254,-119.924,66.137,186.061,16.061,35.8095,49.618107695656974,901076.119735,0.9895233036187128,0.07268787911592939,0.8026474942339258,1.2565735155572872,0.45392602132336146,0.97715580434906,0.09913254492728363,0.9921894457082596,360.305002,62.62642052744654,46.28052167942171,7.366468217538171,171.97671293521108,164.6102447176729,43.456320778574906,60.91715075751364,77.87140190724706,2219407.61601,2.59556626080829,4.07656862888437,25.660576368525827,157.60064161836337,257.5781677529683,1045.594766637897,0.8130861334745212,353.9216612132615,3.856771070218122,202.34926707221874,90.55114573162088,4.800592535301541,0.02372428921796371,0.27102871115817373,143459343.43681225,2.236350430129163,113534046.60355163,28267493.716291193,1512677.5105434912,0.013323558490129346,366,99.19650828389159,4.281790000000001,0.8524367125607506,-0.6318350000001369,0.379680442644055,0.9634115949362917,-0.01389189219611281,1554.3497756629788,1.3384444150826933,526.0610006715567,1.3673333333333335,0.9580692275129018,-0.05733333333333346,0.06308069294992553,1.1522997639013344,0.009607186166003853,0.34263674623189416,1.324802471034799,0.1112892750914673,0.9989434839763446,0.9932388084923601,-0.006754038268084961,3.284705877401217,1.2410756909836018,0.7918627514831535,367.54332930900455,0.9629386060931054,-13.621668095743075,16.49692501339372,0.2909992334022241,-11.696332478092181,0.08134677124118335,0.2916438592404052,-0.05762248202321964,36.77416699824068,1.258506322360769,9.50635468118103,140.9485298792732,1.1678748607522758,23.661714838399718,68.44448059685861,1.137730920255443,9.426921310388451,214.47704086290602,1.2009591642286923,43.10112689006226,123383758.51988555,1.1627084890082282,20075584.916926697,1439852.1423911387,1.0505783656587142,72825.36815235252,0.013415642524397082,0.9931353294891726,-9.208403426773544e-05
4.05054999999993,0.439,-0.915,1.354,-0.5055886699507389,0.3525511048720551,1548.6283828974738,0,19,4,3584.660324,3588.710874,0.2079384236453202,0.3786806479794885,-0.345,0.843,1.188,0.1895,0.7437499999999999,0.43201553349650057,75.774793,0.6333226600985222,0.1563113346142386,0.352,0.929,0.5770000000000001,0.652,0.27425,0.6523272377596636,172.765515,-3.5117487684729074,39.352615960028295,-64.611,89.466,154.077,-17.564999999999998,35.06125,39.50899596687247,633750.069498,0.9034729064039407,38.044882610611076,-87.832,70.031,157.863,14.718,31.7595,38.055608734426826,587981.118596,-0.984620689655172,44.513929331735085,-98.626,70.351,168.977,15.0535,41.9765,44.52481760157139,804878.509276,0.9940024584201079,0.063557404676907,0.840884058595476,1.2065243470398763,0.36564028844440033,0.9828069494757441,0.09037744869074571,0.9960323443716488,402.78465500000004,57.54542269921335,40.98992348468328,4.547817608479918,152.8340343313622,148.28621672288227,37.24585820387097,56.842150048429104,70.65160649915423,2026609.6973700004,2.4960366443291617,3.817215306914737,16.294150439013197,156.55444131804623,242.28706688613306,961.4400085694236,0.7541500879303473,332.93561933227585,4.002712364422618,209.98338570623974,52.55401269691487,10.040886297741796,0.047817527389097864,0.2513833626434491,138476786.4511677,2.210695388159703,106598436.61751933,31123925.376731366,644562.8098782336,0.006046644119096774,406,102.06164523324036,4.281790000000001,0.9459945467993488,-0.23124000000007072,0.379680442644055,0.928546893623114,-0.027129337771999884,1554.3497756629788,0.9963191085654914,-5.721392765505016,1.3673333333333335,0.9902486519484496,-0.01333333333333342,0.06308069294992553,1.007557013550719,0.0004767117269814658,0.34263674623189416,1.0671367907678229,0.023003542212506167,0.9989434839763446,0.9970857714953346,-0.0029111396046958005,3.284705877401217,1.1621178387861173,0.5325094295135204,367.54332930900455,0.9058404622637257,-34.6077099767287,16.49692501339372,0.6086519932352945,-6.456038715651925,0.08134677124118335,0.5878232261867214,-0.033529243852085486,36.77416699824068,1.1146390746389414,4.215756486442601,140.9485298792732,1.0520593356977432,7.337686843609077,68.44448059685861,1.0322469521680386,2.2071259022956156,214.47704086290602,1.1296643496200909,27.81002602322704,123383758.51988555,1.1223258888555385,15093027.931282148,1439852.1423911387,0.4476590275497415,-795289.3325129051,0.013415642524397082,0.4507156180514238,-0.007368998405300307
4.220583000000261,0.483,-0.936,1.419,-0.517385342789598,0.3674484000349429,1984.377900284336,0,19,5,3588.715327,3592.93591,0.14850354609929076,0.37343167316984816,-0.358,0.858,1.216,0.081,0.718,0.4018762467856199,68.316411,0.6147635933806147,0.17292134862900504,0.255,0.929,0.674,0.625,0.327,0.6386204417006393,172.514657,-3.8436784869976344,44.546356756578156,-75.084,108.168,183.252,-14.962,18.7785,44.71187498412189,845641.1964240002,1.6365011820330964,38.92849708357836,-103.557,73.099,176.656,13.847,17.924,38.96288004376684,642158.8470119999,-0.8689479905437343,44.98524275711888,-107.71,72.916,180.62599999999998,9.954,26.343,44.99363440007027,856332.6787510001,0.9834761669846036,0.06943439265549584,0.8014798812197348,1.1871954346273406,0.38571555340760577,0.9665697077810788,0.08971754271527899,0.9859241887235375,411.175672,56.88757072607894,48.015510195282346,5.695825576683331,176.51202273499672,170.8161971583134,36.41032062478989,63.09022669641371,74.4424940637261,2344132.722187,2.403087744231518,3.585931746148786,14.091655266700448,150.4711163655264,252.0777244088893,1223.4884374081817,0.7087237515399049,431.3204217793008,3.836985797703569,311.5053207673085,50.402863287552655,6.749958595185803,0.021668838844686282,0.2362412505133016,206259440.26125142,2.2219975357206465,180738392.95937294,23338404.344811715,2062690.949239174,0.011412577679070286,423,99.93004896712658,4.281790000000001,0.9857052751637065,-0.06120699999974022,0.379680442644055,0.9677832963906112,-0.012232042609112093,1554.3497756629788,1.2766611037886697,430.02812462135716,1.3673333333333335,1.037786438046418,0.05166666666666653,0.06308069294992553,1.1007231912208393,0.006353699705570301,0.34263674623189416,1.125727308562763,0.04307880717571161,0.9989434839763446,0.9869669252251865,-0.013019295252807095,3.284705877401217,1.0917055800651583,0.30122586874756907,367.54332930900455,1.173522649910323,63.777092470296225,16.49692501339372,0.4091646525406353,-9.746966418207919,0.08134677124118335,0.2663761062707669,-0.05967793239649707,36.77416699824068,1.3056858686839217,11.241343197041665,140.9485298792732,1.211904780365597,29.867667279040205,68.44448059685861,1.0876332671924236,5.998013466867491,214.47704086290602,1.1753133266989848,37.60068354598329,123383758.51988555,1.671690364562925,82875681.74136586,1439852.1423911387,1.432571365149815,622838.8068480352,0.013415642524397082,0.8506912100112837,-0.0020030648453267953
4.029743999999937,0.425,-0.904,1.329,-0.5148341584158417,0.3573214637230221,1802.993866374228,0,19,6,3592.947172,3596.976916,0.18203712871287125,0.34772634356286164,-0.336,0.802,1.1380000000000001,0.1485,0.663,0.39249347285989833,62.236655000000006,0.6403712871287128,0.15769917711484654,0.341,0.977,0.6359999999999999,0.648,0.26325,0.6595031583257082,175.71754399999998,-4.210237623762375,42.461675265752625,-77.847,90.382,168.22899999999998,-16.2675,31.408749999999998,42.669895327066044,735570.866758,1.186985148514852,34.59647484703266,-74.458,68.229,142.687,11.5725,26.2785,34.61683124701275,484123.302256,-1.7474752475247537,44.280979946324734,-97.817,70.748,168.565,13.465499999999999,36.63,44.31544713469023,793398.9773179999,0.988640774068879,0.06570997669004948,0.8084720155948504,1.211444179481663,0.4029721638868127,0.9778173781658233,0.09052003359060301,0.9908220734259602,396.618266,57.04504457966346,41.578440524611594,6.833627074987338,140.9410474950431,134.10742042005577,35.84125184430552,69.6194384405052,70.5896864106539,2013093.146332,2.699124730383382,4.169989963847175,22.90436934122297,140.7512805930611,226.8946757752281,1029.1073449689698,0.7491669263789479,352.3821982088091,4.061550433193127,250.71558472752383,30.318816687486972,8.746156185301558,0.03488477269754882,0.24972230879298263,141081209.81530038,2.044012246890734,127366619.05834332,12670616.37241655,985847.8682102136,0.007740237398926498,404,100.88781275236498,4.281790000000001,0.9411353640857171,-0.25204600000006394,0.379680442644055,0.9411110349102061,-0.02235897892103289,1554.3497756629788,1.1599666269412205,248.6440907112492,1.3673333333333335,0.9719648880646156,-0.03833333333333355,0.06308069294992553,1.0416811103422723,0.0026292837401239444,0.34263674623189416,1.1760914629196522,0.06033541765491851,0.9989434839763446,0.9918699900451259,-0.0081214105503844,3.284705877401217,1.2695169999364462,0.8852840864459579,367.54332930900455,0.9587500849538299,-15.161131100195462,16.49692501339372,0.5301688752842687,-7.750768828092163,0.08134677124118335,0.4288402339377104,-0.04646199854363453,36.77416699824068,1.130642619730702,4.804273526370913,140.9485298792732,0.9514637756449699,-6.841109459217421,68.44448059685861,1.031342276028322,2.145205813795286,214.47704086290602,1.0578972688721515,12.417634912322086,123383758.51988555,1.1434342048557593,17697451.29541482,1439852.1423911387,0.684686878038064,-454004.2741809251,0.013415642524397082,0.576955715337026,-0.005675405125470583
3.775521000000026,0.441,-0.901,1.342,-0.4938759894459102,0.379685229898979,2149.191430081049,1,19,7,3596.990138,3600.765659,0.19416622691292879,0.3583188558362078,-0.296,0.82,1.1159999999999999,0.143,0.671,0.40754499889137646,62.949219,0.6349261213720316,0.15915333317324565,0.319,0.927,0.6080000000000001,0.642,0.2905000000000001,0.6545692958432179,162.386705,-4.037509234828495,46.35937262389396,-86.382,97.084,183.466,-17.328,39.4655,46.534856945115614,820721.813232,1.8402796833773072,38.24472320338202,-73.45,88.198,161.648,13.45,35.908,38.288973376369846,555631.23776,-2.064804749340371,46.15223449126895,-101.557,68.412,169.969,12.55,41.847,46.198400050109676,808896.731365,0.9891863821881541,0.0643316192100476,0.8194943562953927,1.1684609535624202,0.3489665972670275,0.9741298681387406,0.09147600913120124,0.9912760745305393,372.416109,61.59650688178495,44.40383880106455,4.2132805508297215,151.94432799548656,147.73104744465684,43.403587248060504,73.45261708961674,75.93306631704469,2185249.782357,2.2326381893447635,3.2650632062042937,11.731504957901821,150.27834394316287,234.959922068165,930.1831647470569,0.779782019755455,297.23324955061406,3.7248875683313196,192.8752956662798,56.89802092944031,9.909517582961252,0.051377847786132746,0.259927339918485,141608544.50790796,2.0817723459858533,115412657.3967914,24966845.11196031,1103355.4745431426,0.009560090716478183,379,98.51246182910582,4.281790000000001,0.8817622982870253,-0.5062689999999748,0.379680442644055,1.0000125823041213,4.787254924032425e-06,1554.3497756629788,1.3826948501025291,594.8416544180702,1.3673333333333335,0.9814724452842093,-0.02533333333333343,0.06308069294992553,1.0198304109121146,0.0012509262601220622,0.34263674623189416,1.018473911277777,0.006329851035133338,0.9989434839763446,0.992324471311901,-0.00766740944580524,3.284705877401217,0.9940199573811876,-0.01964267119692309,367.54332930900455,0.8087026095707868,-70.31007975839049,16.49692501339372,0.6006887689014108,-6.587407430432469,0.08134677124118335,0.6315904206929056,-0.029968923455050603,36.77416699824068,1.207473680943314,7.6296718028238715,140.9485298792732,1.0481205271222898,6.7825175653836425,68.44448059685861,1.1094110970495943,7.48858572018608,214.47704086290602,1.0955015096809204,20.48288120525899,123383758.51988555,1.1477081441402608,18224785.988022402,1439852.1423911387,0.7662977621513349,-336496.6678479961,0.013415642524397082,0.7126072100550194,-0.003855551807918899
4.119560000000092,0.485,-0.871,1.356,-0.4321961259079903,0.4006492041414537,1626.8607424850004,1,19,8,3600.777597,3604.897157,0.2379491525423729,0.3868075768786837,-0.314,0.869,1.183,0.201,0.758,0.4541364340442112,85.17707899999999,0.6460532687651331,0.16225328321190913,0.334,0.978,0.6439999999999999,0.657,0.28400000000000003,0.6661163216699899,183.25262400000003,-3.7462542372881344,40.33436180832666,-93.481,62.031,155.512,-17.374,64.809,40.50796419588868,677689.702441,1.6650072639225184,35.310942060547426,-59.725,82.504,142.229,10.947,51.405,35.35017508290803,516099.204776,-2.178428571428573,38.81113108110269,-75.267,76.794,152.06099999999998,12.687,67.786,38.87221947400677,624063.421543,0.9967007775462409,0.06206199150304877,0.8477128051409865,1.2081369955431378,0.36042419040215135,0.9877125087797562,0.08549501292615092,0.9986311284706708,411.870086,57.93927772746772,32.32057525698398,2.9752677190464727,136.96119853812613,133.98593081907964,55.108569841722435,51.37735005927007,66.34440058153365,1817852.32876,2.855812632775732,4.240593057138453,18.570725096854982,144.90406608632063,215.33494950649103,964.2598101305736,0.238552463654339,328.48952312214516,4.6704781423656225,185.27852684785705,46.762118213416464,16.677406279437303,0.09001262349323384,0.238552463654339,89089858.99201715,2.517294293017764,62167172.74706675,26431874.829063408,417984.0907169332,0.006723549941985338,413,98.52216748924201,4.281790000000001,0.9621116379782696,-0.16222999999990861,0.379680442644055,1.0552273664640215,0.020968761497398736,1554.3497756629788,1.0466503537021628,72.5109668220216,1.3673333333333335,0.9917113530591564,-0.011333333333333417,0.06308069294992553,0.9838506643198724,-0.0010187014468767616,0.34263674623189416,1.0519133859597327,0.017787444170257183,0.9989434839763446,0.9996873041292552,-0.000312355505673767,3.284705877401217,1.2910114946375038,0.9558871797372359,367.54332930900455,0.893743667531065,-39.05380618685939,16.49692501339372,1.0109402968000185,0.18048126604358217,0.08134677124118335,1.1065296268620306,0.008665852252050493,36.77416699824068,0.8788934702379879,-4.453591741256702,140.9485298792732,0.9506018326288095,-6.962599060193554,68.44448059685861,0.9693170288282601,-2.100080015324963,214.47704086290602,1.004000002191812,0.8579086435850058,123383758.51988555,0.7220549937912507,-34293899.527868405,1439852.1423911387,0.29029653699218794,-1021868.0516742056,0.013415642524397082,0.5011720398808931,-0.006692092582411743
2.65042799999992,0.239,-1.039,1.278,-0.360593984962406,0.3150365663844564,1069.651330931723,1,19,9,3610.746803,3613.397231,0.4078984962406014,0.23409493173797652,-0.145,0.81,0.9550000000000001,0.449,0.3195,0.47029950063842496,58.834311,0.743951127819549,0.13152672567351928,0.405,0.949,0.5439999999999999,0.7475,0.19724999999999993,0.7554882925303184,151.82284099999998,21.58568045112782,32.70552447113061,-75.038,71.084,146.122,28.389499999999998,45.7905,39.18664225817166,408467.719771,-1.9161879699248126,49.015528350472216,-94.87,132.504,227.374,-12.877500000000001,51.637499999999996,49.0529692863952,640047.549686,5.6103759398496225,43.49132228043629,-65.176,100.824,166.0,-7.1295,70.5915,43.85169816423553,511510.400882,1.007151438885515,0.08286265595756047,0.7913362117330408,1.1885596324964094,0.3972234207633686,1.0009855057600898,0.11628132315242778,1.0105544223848133,271.644584,71.54711745587217,27.308755792324284,22.383903725668585,146.32932352402918,123.94541979836059,63.52953245038687,28.958646117434675,76.5817090379235,1560025.6703390002,3.06857582966307,4.071021547945916,18.99484740068291,462.3157836244857,696.4555322975252,2532.7268351538805,1.8437461973024694,242.9735944889633,3.702388909475821,47.34299568763731,75.56445241459677,88.04352880243145,1.8596949243502419,2.458328263069959,26384606.32148853,3.0852252251274512,4799296.452047646,12527104.198264884,7847521.175810918,1.6351399114890504,266,163.47882949415228,4.281790000000001,0.6189999962188523,-1.631362000000081,0.379680442644055,0.8297413369336627,-0.06464387625959861,1554.3497756629788,0.6881664266774199,-484.6984447312559,1.3673333333333335,0.9346660097415942,-0.08933333333333349,0.06308069294992553,1.3135975358952194,0.019781963007634934,0.34263674623189416,1.159313510703827,0.05458667453147442,0.9989434839763446,1.0116232083981556,0.011610938408468718,3.284705877401217,1.23938693067184,0.7863156705446994,367.54332930900455,0.6610746954356433,-124.56973482004125,16.49692501339372,5.3369660514053345,71.54660378903773,0.08134677124118335,22.86132156644861,1.7783481531090586,36.77416699824068,0.7426070531034652,-9.465411205916396,140.9485298792732,0.8793665311424675,-17.003110080912606,68.44448059685861,1.1188880149124762,8.137228441064892,214.47704086290602,3.2472265071496773,481.9784914346192,123383758.51988555,0.2138418106078051,-96999152.19839703,1439852.1423911387,5.450227106499015,6407669.0334197795,0.013415642524397082,121.8829951443257,1.6217242689646534
